// Created by Crowbar 0.74
version 1
nodes
  0 "static_prop" -1
end
skeleton
  time 0
    0 0.000000 0.000000 0.000000 0.000000 0.000000 0.000000
end
triangles
stair_02_old
  0 -35.463409 4.098615 379.617981 0.000000 -1.000000 0.000000 0.004256 0.972203 1 0 1.000000
  0 33.687134 4.098626 189.466064 0.000000 -1.000000 0.000000 0.986397 0.972669 1 0 1.000000
  0 -29.270599 4.098615 379.489014 0.000000 -1.000000 0.000000 0.015918 0.942142 1 0 1.000000
stair_02_old
  0 -29.270599 4.098615 379.489014 0.000000 -1.000000 0.000000 0.015918 0.942142 1 0 1.000000
  0 33.687134 4.098626 189.466064 0.000000 -1.000000 0.000000 0.986397 0.972669 1 0 1.000000
  0 39.928253 4.098626 189.466064 0.000000 -1.000000 0.000000 0.997514 0.942142 1 0 1.000000
stair_02_old
  0 -27.564638 37.342880 362.430054 -1.000000 0.000000 0.000000 0.274276 0.751184 1 0 1.000000
  0 -27.564636 6.302687 362.430054 -1.000000 0.000000 0.000000 0.020809 0.751184 1 0 1.000000
  0 -27.564638 37.342880 363.158447 -1.000000 0.000000 0.000000 0.274276 0.763583 1 0 1.000000
stair_02_old
  0 -27.564638 37.342880 363.158447 -1.000000 0.000000 0.000000 0.274276 0.763583 1 0 1.000000
  0 -27.564636 6.302687 362.430054 -1.000000 0.000000 0.000000 0.020809 0.751184 1 0 1.000000
  0 -27.564636 6.302687 363.158447 -1.000000 0.000000 0.000000 0.020809 0.763583 1 0 1.000000
stair_02_old
  0 -20.687027 6.302687 362.430054 1.000000 0.000000 0.000000 0.020809 0.837093 1 0 1.000000
  0 -20.687029 37.342880 362.430054 1.000000 0.000000 0.000000 0.274276 0.837093 1 0 1.000000
  0 -20.687027 6.302687 363.158447 1.000000 0.000000 0.000000 0.020809 0.823560 1 0 1.000000
stair_02_old
  0 -20.687027 6.302687 363.158447 1.000000 0.000000 0.000000 0.020809 0.823560 1 0 1.000000
  0 -20.687029 37.342880 362.430054 1.000000 0.000000 0.000000 0.274276 0.837093 1 0 1.000000
  0 -20.687029 37.342880 363.158447 1.000000 0.000000 0.000000 0.274276 0.823560 1 0 1.000000
stair_02_old
  0 -27.564638 37.342880 362.430054 0.000000 0.000000 -1.000000 0.274276 0.898139 1 0 1.000000
  0 -20.687029 37.342880 362.430054 0.000000 0.000000 -1.000000 0.274276 0.837093 1 0 1.000000
  0 -27.564636 6.302687 362.430054 0.000000 0.000000 -1.000000 0.020809 0.898139 1 0 1.000000
stair_02_old
  0 -27.564636 6.302687 362.430054 0.000000 0.000000 -1.000000 0.020809 0.898139 1 0 1.000000
  0 -20.687029 37.342880 362.430054 0.000000 0.000000 -1.000000 0.274276 0.837093 1 0 1.000000
  0 -20.687027 6.302687 362.430054 0.000000 0.000000 -1.000000 0.020809 0.837093 1 0 1.000000
stair_02_old
  0 -27.564638 37.342880 363.158447 0.000000 1.000000 0.000000 0.274276 0.763583 1 0 1.000000
  0 -20.687029 37.342880 363.158447 0.000000 1.000000 0.000000 0.274276 0.823560 1 0 1.000000
  0 -27.564638 37.342880 362.430054 0.000000 1.000000 0.000000 0.281043 0.763583 1 0 1.000000
stair_02_old
  0 -27.564638 37.342880 362.430054 0.000000 1.000000 0.000000 0.281043 0.763583 1 0 1.000000
  0 -20.687029 37.342880 363.158447 0.000000 1.000000 0.000000 0.274276 0.823560 1 0 1.000000
  0 -20.687029 37.342880 362.430054 0.000000 1.000000 0.000000 0.281043 0.823560 1 0 1.000000
stair_02_old
  0 -27.564636 6.302687 363.158447 0.000000 0.000000 1.000000 0.020809 0.763583 1 0 1.000000
  0 -20.687027 6.302687 363.158447 0.000000 0.000000 1.000000 0.020809 0.823560 1 0 1.000000
  0 -27.564638 37.342880 363.158447 0.000000 0.000000 1.000000 0.274276 0.763583 1 0 1.000000
stair_02_old
  0 -27.564638 37.342880 363.158447 0.000000 0.000000 1.000000 0.274276 0.763583 1 0 1.000000
  0 -20.687027 6.302687 363.158447 0.000000 0.000000 1.000000 0.020809 0.823560 1 0 1.000000
  0 -20.687029 37.342880 363.158447 0.000000 0.000000 1.000000 0.274276 0.823560 1 0 1.000000
stair_02_old
  0 -27.564636 6.302687 362.430054 0.000000 -1.000000 0.000000 0.014042 0.763583 1 0 1.000000
  0 -20.687027 6.302687 362.430054 0.000000 -1.000000 0.000000 0.014042 0.823560 1 0 1.000000
  0 -27.564636 6.302687 363.158447 0.000000 -1.000000 0.000000 0.020809 0.763583 1 0 1.000000
stair_02_old
  0 -27.564636 6.302687 363.158447 0.000000 -1.000000 0.000000 0.020809 0.763583 1 0 1.000000
  0 -20.687027 6.302687 362.430054 0.000000 -1.000000 0.000000 0.014042 0.823560 1 0 1.000000
  0 -20.687027 6.302687 363.158447 0.000000 -1.000000 0.000000 0.020809 0.823560 1 0 1.000000
stair_02_old
  0 -35.463409 37.366955 379.617981 -0.939786 0.000000 -0.341762 0.004251 0.984138 1 0 1.000000
  0 -35.463409 39.659893 379.617981 -0.939786 0.000000 -0.341762 0.004256 0.972203 1 0 1.000000
  0 33.687134 37.366966 189.466064 -0.939786 0.000000 -0.341762 0.986392 0.984604 1 0 1.000000
stair_02_old
  0 33.687134 37.366966 189.466064 -0.939786 0.000000 -0.341762 0.986392 0.984604 1 0 1.000000
  0 -35.463409 39.659893 379.617981 -0.939786 0.000000 -0.341762 0.004256 0.972203 1 0 1.000000
  0 33.687134 39.659904 189.466064 -0.939786 0.000000 -0.341762 0.986397 0.972669 1 0 1.000000
stair_02_old
  0 -35.463409 37.366955 379.617981 0.000000 -1.000000 0.000000 0.004256 0.900146 1 0 1.000000
  0 33.687134 37.366966 189.466064 0.000000 -1.000000 0.000000 0.986397 0.899680 1 0 1.000000
  0 -29.270601 37.366955 379.489014 0.000000 -1.000000 0.000000 0.015918 0.930207 1 0 1.000000
stair_02_old
  0 -29.270601 37.366955 379.489014 0.000000 -1.000000 0.000000 0.015918 0.930207 1 0 1.000000
  0 33.687134 37.366966 189.466064 0.000000 -1.000000 0.000000 0.986397 0.899680 1 0 1.000000
  0 39.928253 37.366966 189.466064 0.000000 -1.000000 0.000000 0.997514 0.930207 1 0 1.000000
stair_02_old
  0 -29.270601 39.659893 379.489014 0.939635 0.000000 0.342178 0.015918 0.942142 1 0 1.000000
  0 -29.270601 37.366955 379.489014 0.939635 0.000000 0.342178 0.015918 0.930207 1 0 1.000000
  0 39.928253 39.659904 189.466064 0.939635 0.000000 0.342178 0.997514 0.942142 1 0 1.000000
stair_02_old
  0 39.928253 39.659904 189.466064 0.939635 0.000000 0.342178 0.997514 0.942142 1 0 1.000000
  0 -29.270601 37.366955 379.489014 0.939635 0.000000 0.342178 0.015918 0.930207 1 0 1.000000
  0 39.928253 37.366966 189.466064 0.939635 0.000000 0.342178 0.997514 0.930207 1 0 1.000000
stair_02_old
  0 -35.463409 39.659893 379.617981 0.000000 1.000000 0.000000 0.004256 0.972203 1 0 1.000000
  0 -29.270601 39.659893 379.489014 0.000000 1.000000 0.000000 0.015918 0.942142 1 0 1.000000
  0 33.687134 39.659904 189.466064 0.000000 1.000000 0.000000 0.986397 0.972669 1 0 1.000000
stair_02_old
  0 33.687134 39.659904 189.466064 0.000000 1.000000 0.000000 0.986397 0.972669 1 0 1.000000
  0 -29.270601 39.659893 379.489014 0.000000 1.000000 0.000000 0.015918 0.942142 1 0 1.000000
  0 39.928253 39.659904 189.466064 0.000000 1.000000 0.000000 0.997514 0.942142 1 0 1.000000
stair_02_old
  0 -35.463409 6.391584 379.617981 -0.939786 0.000000 -0.341762 0.004251 0.984138 1 0 1.000000
  0 33.687134 6.391595 189.466064 -0.939786 0.000000 -0.341762 0.986392 0.984604 1 0 1.000000
  0 -35.463409 4.098615 379.617981 -0.939786 0.000000 -0.341762 0.004256 0.972203 1 0 1.000000
stair_02_old
  0 -35.463409 4.098615 379.617981 -0.939786 0.000000 -0.341762 0.004256 0.972203 1 0 1.000000
  0 33.687134 6.391595 189.466064 -0.939786 0.000000 -0.341762 0.986392 0.984604 1 0 1.000000
  0 33.687134 4.098626 189.466064 -0.939786 0.000000 -0.341762 0.986397 0.972669 1 0 1.000000
stair_02_old
  0 39.928253 6.391595 189.466064 0.000000 1.000000 0.000000 0.997514 0.930207 1 0 1.000000
  0 33.687134 6.391595 189.466064 0.000000 1.000000 0.000000 0.986397 0.899680 1 0 1.000000
  0 -29.270599 6.391584 379.489014 0.000000 1.000000 0.000000 0.015918 0.930207 1 0 1.000000
stair_02_old
  0 -29.270599 6.391584 379.489014 0.000000 1.000000 0.000000 0.015918 0.930207 1 0 1.000000
  0 33.687134 6.391595 189.466064 0.000000 1.000000 0.000000 0.986397 0.899680 1 0 1.000000
  0 -35.463409 6.391584 379.617981 0.000000 1.000000 0.000000 0.004256 0.900146 1 0 1.000000
stair_02_old
  0 -29.270599 4.098615 379.489014 0.939635 0.000000 0.342178 0.015918 0.942142 1 0 1.000000
  0 39.928253 4.098626 189.466064 0.939635 0.000000 0.342178 0.997514 0.942142 1 0 1.000000
  0 -29.270599 6.391584 379.489014 0.939635 0.000000 0.342178 0.015918 0.930207 1 0 1.000000
stair_02_old
  0 -29.270599 6.391584 379.489014 0.939635 0.000000 0.342178 0.015918 0.930207 1 0 1.000000
  0 39.928253 4.098626 189.466064 0.939635 0.000000 0.342178 0.997514 0.942142 1 0 1.000000
  0 39.928253 6.391595 189.466064 0.939635 0.000000 0.342178 0.997514 0.930207 1 0 1.000000
stair_02_old
  0 -40.501114 37.366962 189.517670 0.020821 0.000000 0.999783 0.312810 0.255557 1 0 1.000000
  0 -34.308304 37.366962 189.388702 0.020821 0.000000 0.999783 0.259331 0.255557 1 0 1.000000
  0 -40.501114 39.659901 189.517670 0.020821 0.000000 0.999783 0.312810 0.235756 1 0 1.000000
stair_02_old
  0 -40.501114 39.659901 189.517670 0.020821 0.000000 0.999783 0.312810 0.235756 1 0 1.000000
  0 -34.308304 37.366962 189.388702 0.020821 0.000000 0.999783 0.259331 0.255557 1 0 1.000000
  0 -34.308304 39.659901 189.388702 0.020821 0.000000 0.999783 0.259331 0.235756 1 0 1.000000
stair_02_old
  0 -40.501114 6.391592 189.517670 0.020821 0.000000 0.999783 0.312810 0.235717 1 0 1.000000
  0 -40.501114 4.098623 189.517670 0.020821 0.000000 0.999783 0.312810 0.255519 1 0 1.000000
  0 -34.308304 6.391592 189.388702 0.020821 0.000000 0.999783 0.259331 0.235717 1 0 1.000000
stair_02_old
  0 -34.308304 6.391592 189.388702 0.020821 0.000000 0.999783 0.259331 0.235717 1 0 1.000000
  0 -40.501114 4.098623 189.517670 0.020821 0.000000 0.999783 0.312810 0.255519 1 0 1.000000
  0 -34.308304 4.098623 189.388702 0.020821 0.000000 0.999783 0.259331 0.255519 1 0 1.000000
stair_02_old
  0 -31.759689 1.520702 408.264221 0.000000 0.000000 1.000000 0.895684 0.409890 1 0 1.000000
  0 -33.224365 1.520702 408.264221 0.000000 0.000000 1.000000 0.905836 0.409908 1 0 1.000000
  0 -31.759687 -33.463642 408.264221 0.000000 0.000000 1.000000 0.895974 0.252494 1 0 1.000000
stair_02_old
  0 -31.759687 -33.463642 408.264221 0.000000 0.000000 1.000000 0.895974 0.252494 1 0 1.000000
  0 -33.224365 1.520702 408.264221 0.000000 0.000000 1.000000 0.905836 0.409908 1 0 1.000000
  0 -33.224365 -33.463642 408.264221 0.000000 0.000000 1.000000 0.906125 0.252512 1 0 1.000000
stair_02_old
  0 -31.759674 1.520702 406.901550 1.000000 0.000000 0.000010 0.885532 0.409871 1 0 1.000000
  0 -31.759689 1.520702 408.264221 1.000000 0.000000 0.000010 0.895684 0.409890 1 0 1.000000
  0 -31.759672 -33.463642 406.901550 1.000000 0.000000 0.000010 0.885822 0.252475 1 0 1.000000
stair_02_old
  0 -31.759672 -33.463642 406.901550 1.000000 0.000000 0.000010 0.885822 0.252475 1 0 1.000000
  0 -31.759689 1.520702 408.264221 1.000000 0.000000 0.000010 0.895684 0.409890 1 0 1.000000
  0 -31.759687 -33.463642 408.264221 1.000000 0.000000 0.000010 0.895974 0.252494 1 0 1.000000
stair_02_old
  0 -33.224365 1.520702 406.901550 0.000000 0.000000 -1.000000 0.916057 0.409926 1 0 1.000000
  0 -31.759674 1.520702 406.901550 0.000000 0.000000 -1.000000 0.926209 0.409943 1 0 1.000000
  0 -33.224365 -33.463642 406.901550 0.000000 0.000000 -1.000000 0.916316 0.252530 1 0 1.000000
stair_02_old
  0 -33.224365 -33.463642 406.901550 0.000000 0.000000 -1.000000 0.916316 0.252530 1 0 1.000000
  0 -31.759674 1.520702 406.901550 0.000000 0.000000 -1.000000 0.926209 0.409943 1 0 1.000000
  0 -31.759672 -33.463642 406.901550 0.000000 0.000000 -1.000000 0.926468 0.252547 1 0 1.000000
stair_02_old
  0 -33.224365 1.520702 408.264221 -1.000000 0.000000 0.000000 0.905836 0.409908 1 0 1.000000
  0 -33.224365 1.520702 406.901550 -1.000000 0.000000 0.000000 0.916057 0.409926 1 0 1.000000
  0 -33.224365 -33.463642 408.264221 -1.000000 0.000000 0.000000 0.906125 0.252512 1 0 1.000000
stair_02_old
  0 -33.224365 -33.463642 408.264221 -1.000000 0.000000 0.000000 0.906125 0.252512 1 0 1.000000
  0 -33.224365 1.520702 406.901550 -1.000000 0.000000 0.000000 0.916057 0.409926 1 0 1.000000
  0 -33.224365 -33.463642 406.901550 -1.000000 0.000000 0.000000 0.916316 0.252530 1 0 1.000000
stair_02_old
  0 -32.208271 74.347939 408.315247 -1.000000 0.000000 0.000000 0.895113 0.719320 1 0 1.000000
  0 -32.208271 74.347939 406.850525 -1.000000 0.000000 0.000000 0.905265 0.719339 1 0 1.000000
  0 -32.208267 42.518932 408.315247 -1.000000 0.000000 0.000000 0.895367 0.581904 1 0 1.000000
stair_02_old
  0 -32.208267 42.518932 408.315247 -1.000000 0.000000 0.000000 0.895367 0.581904 1 0 1.000000
  0 -32.208271 74.347939 406.850525 -1.000000 0.000000 0.000000 0.905265 0.719339 1 0 1.000000
  0 -32.208267 42.518932 406.850525 -1.000000 0.000000 0.000000 0.905519 0.581923 1 0 1.000000
stair_02_old
  0 -30.845585 74.347939 408.315247 0.000000 0.000000 1.000000 0.884961 0.719301 1 0 1.000000
  0 -32.208271 74.347939 408.315247 0.000000 0.000000 1.000000 0.895113 0.719320 1 0 1.000000
  0 -30.845583 42.518932 408.315247 0.000000 0.000000 1.000000 0.885215 0.581886 1 0 1.000000
stair_02_old
  0 -30.845583 42.518932 408.315247 0.000000 0.000000 1.000000 0.885215 0.581886 1 0 1.000000
  0 -32.208271 74.347939 408.315247 0.000000 0.000000 1.000000 0.895113 0.719320 1 0 1.000000
  0 -32.208267 42.518932 408.315247 0.000000 0.000000 1.000000 0.895367 0.581904 1 0 1.000000
stair_02_old
  0 -30.845585 74.347939 406.850525 1.000000 0.000000 0.000000 0.915546 0.719358 1 0 1.000000
  0 -30.845585 74.347939 408.315247 1.000000 0.000000 0.000000 0.925699 0.719374 1 0 1.000000
  0 -30.845583 42.518932 406.850525 1.000000 0.000000 0.000000 0.915774 0.581942 1 0 1.000000
stair_02_old
  0 -30.845583 42.518932 406.850525 1.000000 0.000000 0.000000 0.915774 0.581942 1 0 1.000000
  0 -30.845585 74.347939 408.315247 1.000000 0.000000 0.000000 0.925699 0.719374 1 0 1.000000
  0 -30.845583 42.518932 408.315247 1.000000 0.000000 0.000000 0.925926 0.581959 1 0 1.000000
stair_02_old
  0 -32.208271 74.347939 406.850525 0.000000 0.000000 -1.000000 0.905265 0.719339 1 0 1.000000
  0 -30.845585 74.347939 406.850525 0.000000 0.000000 -1.000000 0.915546 0.719358 1 0 1.000000
  0 -32.208267 42.518932 406.850525 0.000000 0.000000 -1.000000 0.905519 0.581923 1 0 1.000000
stair_02_old
  0 -32.208267 42.518932 406.850525 0.000000 0.000000 -1.000000 0.905519 0.581923 1 0 1.000000
  0 -30.845585 74.347939 406.850525 0.000000 0.000000 -1.000000 0.915546 0.719358 1 0 1.000000
  0 -30.845583 42.518932 406.850525 0.000000 0.000000 -1.000000 0.915774 0.581942 1 0 1.000000
stair_02_old
  0 -78.661133 75.586189 407.993866 0.000000 0.000000 1.000000 0.895275 0.632101 1 0 1.000000
  0 -78.661133 74.121468 407.993866 0.000000 0.000000 1.000000 0.905427 0.632120 1 0 1.000000
  0 -31.574162 75.586189 407.993866 0.000000 0.000000 1.000000 0.895657 0.424339 1 0 1.000000
stair_02_old
  0 -31.574162 75.586189 407.993866 0.000000 0.000000 1.000000 0.895657 0.424339 1 0 1.000000
  0 -78.661133 74.121468 407.993866 0.000000 0.000000 1.000000 0.905427 0.632120 1 0 1.000000
  0 -31.574162 74.121468 407.993866 0.000000 0.000000 1.000000 0.905809 0.424358 1 0 1.000000
stair_02_old
  0 -78.661133 75.586189 406.631165 0.000000 1.000000 0.000000 0.885122 0.632082 1 0 1.000000
  0 -78.661133 75.586189 407.993866 0.000000 1.000000 0.000000 0.895275 0.632101 1 0 1.000000
  0 -31.574162 75.586189 406.631165 0.000000 1.000000 0.000000 0.885505 0.424321 1 0 1.000000
stair_02_old
  0 -31.574162 75.586189 406.631165 0.000000 1.000000 0.000000 0.885505 0.424321 1 0 1.000000
  0 -78.661133 75.586189 407.993866 0.000000 1.000000 0.000000 0.895275 0.632101 1 0 1.000000
  0 -31.574162 75.586189 407.993866 0.000000 1.000000 0.000000 0.895657 0.424339 1 0 1.000000
stair_02_old
  0 -78.661133 74.121498 406.631165 0.000000 0.000000 -1.000000 0.915691 0.632138 1 0 1.000000
  0 -78.661133 75.586189 406.631165 0.000000 0.000000 -1.000000 0.925843 0.632155 1 0 1.000000
  0 -31.574162 74.121498 406.631165 0.000000 0.000000 -1.000000 0.916033 0.424376 1 0 1.000000
stair_02_old
  0 -31.574162 74.121498 406.631165 0.000000 0.000000 -1.000000 0.916033 0.424376 1 0 1.000000
  0 -78.661133 75.586189 406.631165 0.000000 0.000000 -1.000000 0.925843 0.632155 1 0 1.000000
  0 -31.574162 75.586189 406.631165 0.000000 0.000000 -1.000000 0.926185 0.424393 1 0 1.000000
stair_02_old
  0 -78.661133 74.121468 407.993866 0.000000 -1.000000 -0.000022 0.905427 0.632120 1 0 1.000000
  0 -78.661133 74.121498 406.631165 0.000000 -1.000000 -0.000022 0.915691 0.632138 1 0 1.000000
  0 -31.574162 74.121468 407.993866 0.000000 -1.000000 -0.000022 0.905809 0.424358 1 0 1.000000
stair_02_old
  0 -31.574162 74.121468 407.993866 0.000000 -1.000000 -0.000022 0.905809 0.424358 1 0 1.000000
  0 -78.661133 74.121498 406.631165 0.000000 -1.000000 -0.000022 0.915691 0.632138 1 0 1.000000
  0 -31.574162 74.121498 406.631165 0.000000 -1.000000 -0.000022 0.916033 0.424376 1 0 1.000000
stair_02_old
  0 -77.720322 74.347939 408.264221 0.000000 0.000000 1.000000 0.895113 0.719320 1 0 1.000000
  0 -79.185013 74.347939 408.264221 0.000000 0.000000 1.000000 0.905265 0.719339 1 0 1.000000
  0 -77.720322 -33.463646 408.264221 0.000000 0.000000 1.000000 0.895974 0.252494 1 0 1.000000
stair_02_old
  0 -77.720322 -33.463646 408.264221 0.000000 0.000000 1.000000 0.895974 0.252494 1 0 1.000000
  0 -79.185013 74.347939 408.264221 0.000000 0.000000 1.000000 0.905265 0.719339 1 0 1.000000
  0 -79.185013 -33.463646 408.264221 0.000000 0.000000 1.000000 0.906125 0.252512 1 0 1.000000
stair_02_old
  0 -77.720337 74.347939 406.901550 1.000000 0.000000 -0.000007 0.884961 0.719301 1 0 1.000000
  0 -77.720322 74.347939 408.264221 1.000000 0.000000 -0.000007 0.895113 0.719320 1 0 1.000000
  0 -77.720337 -33.463646 406.901550 1.000000 0.000000 -0.000007 0.885822 0.252475 1 0 1.000000
stair_02_old
  0 -77.720337 -33.463646 406.901550 1.000000 0.000000 -0.000007 0.885822 0.252475 1 0 1.000000
  0 -77.720322 74.347939 408.264221 1.000000 0.000000 -0.000007 0.895113 0.719320 1 0 1.000000
  0 -77.720322 -33.463646 408.264221 1.000000 0.000000 -0.000007 0.895974 0.252494 1 0 1.000000
stair_02_old
  0 -79.185013 74.347939 406.901550 0.000000 0.000000 -1.000000 0.915546 0.719358 1 0 1.000000
  0 -77.720337 74.347939 406.901550 0.000000 0.000000 -1.000000 0.925699 0.719374 1 0 1.000000
  0 -79.185013 -33.463646 406.901550 0.000000 0.000000 -1.000000 0.916316 0.252530 1 0 1.000000
stair_02_old
  0 -79.185013 -33.463646 406.901550 0.000000 0.000000 -1.000000 0.916316 0.252530 1 0 1.000000
  0 -77.720337 74.347939 406.901550 0.000000 0.000000 -1.000000 0.925699 0.719374 1 0 1.000000
  0 -77.720337 -33.463646 406.901550 0.000000 0.000000 -1.000000 0.926468 0.252547 1 0 1.000000
stair_02_old
  0 -79.185013 74.347939 408.264221 -1.000000 0.000000 0.000000 0.905265 0.719339 1 0 1.000000
  0 -79.185013 74.347939 406.901550 -1.000000 0.000000 0.000000 0.915546 0.719358 1 0 1.000000
  0 -79.185013 -33.463646 408.264221 -1.000000 0.000000 0.000000 0.906125 0.252512 1 0 1.000000
stair_02_old
  0 -79.185013 -33.463646 408.264221 -1.000000 0.000000 0.000000 0.906125 0.252512 1 0 1.000000
  0 -79.185013 74.347939 406.901550 -1.000000 0.000000 0.000000 0.915546 0.719358 1 0 1.000000
  0 -79.185013 -33.463646 406.901550 -1.000000 0.000000 0.000000 0.916316 0.252530 1 0 1.000000
stair_02_old
  0 -79.450790 7.182207 214.515503 0.000000 -1.000000 0.000000 0.915443 0.730289 1 0 1.000000
  0 -79.450775 7.182207 213.050781 0.000000 -1.000000 0.000000 0.915546 0.719358 1 0 1.000000
  0 -78.088104 7.182207 214.515503 0.000000 -1.000000 0.000000 0.905265 0.730364 1 0 1.000000
stair_02_old
  0 -78.088104 7.182207 214.515503 0.000000 -1.000000 0.000000 0.905265 0.730364 1 0 1.000000
  0 -79.450775 7.182207 213.050781 0.000000 -1.000000 0.000000 0.915546 0.719358 1 0 1.000000
  0 -78.088104 7.182207 213.050781 0.000000 -1.000000 0.000000 0.905265 0.719339 1 0 1.000000
stair_02_old
  0 -78.088104 7.182207 214.515503 1.000000 0.000000 0.000000 0.895113 0.719320 1 0 1.000000
  0 -78.088104 7.182207 213.050781 1.000000 0.000000 0.000000 0.905265 0.719339 1 0 1.000000
  0 -78.088104 74.166702 214.515503 1.000000 0.000000 0.000000 0.895657 0.424339 1 0 1.000000
stair_02_old
  0 -78.088104 74.166702 214.515503 1.000000 0.000000 0.000000 0.895657 0.424339 1 0 1.000000
  0 -78.088104 7.182207 213.050781 1.000000 0.000000 0.000000 0.905265 0.719339 1 0 1.000000
  0 -78.088104 74.166702 213.050781 1.000000 0.000000 0.000000 0.905809 0.424358 1 0 1.000000
stair_02_old
  0 -79.450790 7.182207 214.515503 0.000000 0.000000 1.000000 0.884961 0.719301 1 0 1.000000
  0 -78.088104 7.182207 214.515503 0.000000 0.000000 1.000000 0.895113 0.719320 1 0 1.000000
  0 -79.450790 74.166702 214.515503 0.000000 0.000000 1.000000 0.885505 0.424321 1 0 1.000000
stair_02_old
  0 -79.450790 74.166702 214.515503 0.000000 0.000000 1.000000 0.885505 0.424321 1 0 1.000000
  0 -78.088104 7.182207 214.515503 0.000000 0.000000 1.000000 0.895113 0.719320 1 0 1.000000
  0 -78.088104 74.166702 214.515503 0.000000 0.000000 1.000000 0.895657 0.424339 1 0 1.000000
stair_02_old
  0 -79.450775 7.182207 213.050781 -1.000000 0.000000 -0.000010 0.915546 0.719358 1 0 1.000000
  0 -79.450790 7.182207 214.515503 -1.000000 0.000000 -0.000010 0.925699 0.719374 1 0 1.000000
  0 -79.450775 74.166702 213.050781 -1.000000 0.000000 -0.000010 0.916033 0.424376 1 0 1.000000
stair_02_old
  0 -79.450775 74.166702 213.050781 -1.000000 0.000000 -0.000010 0.916033 0.424376 1 0 1.000000
  0 -79.450790 7.182207 214.515503 -1.000000 0.000000 -0.000010 0.925699 0.719374 1 0 1.000000
  0 -79.450790 74.166702 214.515503 -1.000000 0.000000 -0.000010 0.926185 0.424393 1 0 1.000000
stair_02_old
  0 -78.088104 7.182207 213.050781 0.000000 0.000000 -1.000000 0.905265 0.719339 1 0 1.000000
  0 -79.450775 7.182207 213.050781 0.000000 0.000000 -1.000000 0.915546 0.719358 1 0 1.000000
  0 -78.088104 74.166702 213.050781 0.000000 0.000000 -1.000000 0.905809 0.424358 1 0 1.000000
stair_02_old
  0 -78.088104 74.166702 213.050781 0.000000 0.000000 -1.000000 0.905809 0.424358 1 0 1.000000
  0 -79.450775 7.182207 213.050781 0.000000 0.000000 -1.000000 0.915546 0.719358 1 0 1.000000
  0 -79.450775 74.166702 213.050781 0.000000 0.000000 -1.000000 0.916033 0.424376 1 0 1.000000
stair_02_old
  0 77.583679 7.005579 214.515503 0.000000 -1.000000 0.000000 0.915443 0.730289 1 0 1.000000
  0 77.583679 7.005579 213.050781 0.000000 -1.000000 0.000000 0.915546 0.719358 1 0 1.000000
  0 78.946350 7.005579 214.515503 0.000000 -1.000000 0.000000 0.905265 0.730364 1 0 1.000000
stair_02_old
  0 78.946350 7.005579 214.515503 0.000000 -1.000000 0.000000 0.905265 0.730364 1 0 1.000000
  0 77.583679 7.005579 213.050781 0.000000 -1.000000 0.000000 0.915546 0.719358 1 0 1.000000
  0 78.946350 7.005579 213.050781 0.000000 -1.000000 0.000000 0.905265 0.719339 1 0 1.000000
stair_02_old
  0 78.946350 7.005579 214.515503 1.000000 0.000000 0.000000 0.895113 0.719320 1 0 1.000000
  0 78.946350 7.005579 213.050781 1.000000 0.000000 0.000000 0.905265 0.719339 1 0 1.000000
  0 78.946350 74.009392 214.515503 1.000000 0.000000 0.000000 0.895657 0.424339 1 0 1.000000
stair_02_old
  0 78.946350 74.009392 214.515503 1.000000 0.000000 0.000000 0.895657 0.424339 1 0 1.000000
  0 78.946350 7.005579 213.050781 1.000000 0.000000 0.000000 0.905265 0.719339 1 0 1.000000
  0 78.946350 74.009392 213.050781 1.000000 0.000000 0.000000 0.905809 0.424358 1 0 1.000000
stair_02_old
  0 77.583679 7.005579 214.515503 0.000000 0.000000 1.000000 0.884961 0.719301 1 0 1.000000
  0 78.946350 7.005579 214.515503 0.000000 0.000000 1.000000 0.895113 0.719320 1 0 1.000000
  0 77.583679 74.009392 214.515503 0.000000 0.000000 1.000000 0.885505 0.424321 1 0 1.000000
stair_02_old
  0 77.583679 74.009392 214.515503 0.000000 0.000000 1.000000 0.885505 0.424321 1 0 1.000000
  0 78.946350 7.005579 214.515503 0.000000 0.000000 1.000000 0.895113 0.719320 1 0 1.000000
  0 78.946350 74.009392 214.515503 0.000000 0.000000 1.000000 0.895657 0.424339 1 0 1.000000
stair_02_old
  0 77.583679 7.005579 213.050781 -1.000000 0.000000 0.000000 0.915546 0.719358 1 0 1.000000
  0 77.583679 7.005579 214.515503 -1.000000 0.000000 0.000000 0.925699 0.719374 1 0 1.000000
  0 77.583679 74.009392 213.050781 -1.000000 0.000000 0.000000 0.916033 0.424376 1 0 1.000000
stair_02_old
  0 77.583679 74.009392 213.050781 -1.000000 0.000000 0.000000 0.916033 0.424376 1 0 1.000000
  0 77.583679 7.005579 214.515503 -1.000000 0.000000 0.000000 0.925699 0.719374 1 0 1.000000
  0 77.583679 74.009392 214.515503 -1.000000 0.000000 0.000000 0.926185 0.424393 1 0 1.000000
stair_02_old
  0 78.946350 7.005579 213.050781 0.000000 0.000000 -1.000000 0.905265 0.719339 1 0 1.000000
  0 77.583679 7.005579 213.050781 0.000000 0.000000 -1.000000 0.915546 0.719358 1 0 1.000000
  0 78.946350 74.009392 213.050781 0.000000 0.000000 -1.000000 0.905809 0.424358 1 0 1.000000
stair_02_old
  0 78.946350 74.009392 213.050781 0.000000 0.000000 -1.000000 0.905809 0.424358 1 0 1.000000
  0 77.583679 7.005579 213.050781 0.000000 0.000000 -1.000000 0.915546 0.719358 1 0 1.000000
  0 77.583679 74.009392 213.050781 0.000000 0.000000 -1.000000 0.916033 0.424376 1 0 1.000000
stair_02_old
  0 77.577148 75.407372 214.515503 0.000000 1.000000 0.000000 0.895113 0.719320 1 0 1.000000
  0 77.577148 75.407372 213.050781 0.000000 1.000000 0.000000 0.905265 0.719339 1 0 1.000000
  0 -78.056976 75.407364 214.515503 0.000000 1.000000 0.000000 0.896355 0.035174 1 0 1.000000
stair_02_old
  0 -78.056976 75.407364 214.515503 0.000000 1.000000 0.000000 0.896355 0.035174 1 0 1.000000
  0 77.577148 75.407372 213.050781 0.000000 1.000000 0.000000 0.905265 0.719339 1 0 1.000000
  0 -78.056976 75.407364 213.050781 0.000000 1.000000 0.000000 0.906507 0.035192 1 0 1.000000
stair_02_old
  0 77.577148 74.044701 214.515503 0.000000 0.000000 1.000000 0.884961 0.719301 1 0 1.000000
  0 77.577148 75.407372 214.515503 0.000000 0.000000 1.000000 0.895113 0.719320 1 0 1.000000
  0 -78.056976 74.044693 214.515503 0.000000 0.000000 1.000000 0.886203 0.035156 1 0 1.000000
stair_02_old
  0 -78.056976 74.044693 214.515503 0.000000 0.000000 1.000000 0.886203 0.035156 1 0 1.000000
  0 77.577148 75.407372 214.515503 0.000000 0.000000 1.000000 0.895113 0.719320 1 0 1.000000
  0 -78.056976 75.407364 214.515503 0.000000 0.000000 1.000000 0.896355 0.035174 1 0 1.000000
stair_02_old
  0 77.577148 74.044701 213.050781 0.000000 -1.000000 0.000000 0.915546 0.719358 1 0 1.000000
  0 77.577148 74.044701 214.515503 0.000000 -1.000000 0.000000 0.925699 0.719374 1 0 1.000000
  0 -78.056976 74.044693 213.050781 0.000000 -1.000000 0.000000 0.916658 0.035209 1 0 1.000000
stair_02_old
  0 -78.056976 74.044693 213.050781 0.000000 -1.000000 0.000000 0.916658 0.035209 1 0 1.000000
  0 77.577148 74.044701 214.515503 0.000000 -1.000000 0.000000 0.925699 0.719374 1 0 1.000000
  0 -78.056976 74.044693 214.515503 0.000000 -1.000000 0.000000 0.926809 0.035226 1 0 1.000000
stair_02_old
  0 77.577148 75.407372 213.050781 0.000000 0.000000 -1.000000 0.905265 0.719339 1 0 1.000000
  0 77.577148 74.044701 213.050781 0.000000 0.000000 -1.000000 0.915546 0.719358 1 0 1.000000
  0 -78.056976 75.407364 213.050781 0.000000 0.000000 -1.000000 0.906507 0.035192 1 0 1.000000
stair_02_old
  0 -78.056976 75.407364 213.050781 0.000000 0.000000 -1.000000 0.906507 0.035192 1 0 1.000000
  0 77.577148 74.044701 213.050781 0.000000 0.000000 -1.000000 0.915546 0.719358 1 0 1.000000
  0 -78.056976 74.044693 213.050781 0.000000 0.000000 -1.000000 0.916658 0.035209 1 0 1.000000
stair_02_old
  0 -77.562683 -46.672813 421.598389 1.000000 0.000000 0.000000 0.097546 0.040138 1 0 1.000000
  0 -77.562683 -35.924156 429.652832 1.000000 0.000000 0.000001 0.170092 0.040138 1 0 1.000000
  0 -77.562683 -48.377251 423.302856 1.000000 0.000000 0.000000 0.097546 0.052583 1 0 1.000000
stair_02_old
  0 -77.562683 -48.377251 423.302856 1.000000 0.000000 0.000000 0.097546 0.052583 1 0 1.000000
  0 -77.562683 -35.924156 429.652832 1.000000 0.000000 0.000001 0.170092 0.040138 1 0 1.000000
  0 -77.562683 -36.563988 432.063293 1.000000 0.000000 0.000001 0.170092 0.052584 1 0 1.000000
stair_02_old
  0 -77.562683 -36.563988 432.063293 1.000000 0.000000 0.000001 0.170092 0.052584 1 0 1.000000
  0 -77.562683 -35.924156 429.652832 1.000000 0.000000 0.000001 0.170092 0.040138 1 0 1.000000
  0 -77.562683 3.347482 432.063293 1.000000 0.000000 0.000003 0.390977 0.052584 1 0 1.000000
stair_02_old
  0 -77.562683 3.347482 432.063293 1.000000 0.000000 0.000003 0.390977 0.052584 1 0 1.000000
  0 -77.562683 -35.924156 429.652832 1.000000 0.000000 0.000001 0.170092 0.040138 1 0 1.000000
  0 -77.562683 3.347482 429.652832 1.000000 0.000000 0.000003 0.390977 0.040138 1 0 1.000000
stair_02_old
  0 -21.064636 6.302688 344.430054 0.000000 -1.000000 0.000000 0.320915 0.613128 1 0 1.000000
  0 -14.187027 6.302688 344.430054 0.000000 -1.000000 0.000000 0.381389 0.613128 1 0 1.000000
  0 -21.064636 6.302688 345.158447 0.000000 -1.000000 0.000000 0.320915 0.619261 1 0 1.000000
stair_02_old
  0 -21.064636 6.302688 345.158447 0.000000 -1.000000 0.000000 0.320915 0.619261 1 0 1.000000
  0 -14.187027 6.302688 344.430054 0.000000 -1.000000 0.000000 0.381389 0.613128 1 0 1.000000
  0 -14.187027 6.302688 345.158447 0.000000 -1.000000 0.000000 0.381389 0.619261 1 0 1.000000
stair_02_old
  0 -21.064636 6.302688 345.158447 0.000000 0.000000 1.000000 0.320915 0.619261 1 0 1.000000
  0 -14.187027 6.302688 345.158447 0.000000 0.000000 1.000000 0.381389 0.619261 1 0 1.000000
  0 -21.064638 37.342880 345.158447 0.000000 0.000000 1.000000 0.320915 0.872138 1 0 1.000000
stair_02_old
  0 -21.064638 37.342880 345.158447 0.000000 0.000000 1.000000 0.320915 0.872138 1 0 1.000000
  0 -14.187027 6.302688 345.158447 0.000000 0.000000 1.000000 0.381389 0.619261 1 0 1.000000
  0 -14.187029 37.342880 345.158447 0.000000 0.000000 1.000000 0.381389 0.872138 1 0 1.000000
stair_02_old
  0 -21.064638 37.342880 345.158447 0.000000 1.000000 0.000000 0.320915 0.872138 1 0 1.000000
  0 -14.187029 37.342880 345.158447 0.000000 1.000000 0.000000 0.381389 0.872138 1 0 1.000000
  0 -21.064638 37.342880 344.430054 0.000000 1.000000 0.000000 0.320915 0.878271 1 0 1.000000
stair_02_old
  0 -21.064638 37.342880 344.430054 0.000000 1.000000 0.000000 0.320915 0.878271 1 0 1.000000
  0 -14.187029 37.342880 345.158447 0.000000 1.000000 0.000000 0.381389 0.872138 1 0 1.000000
  0 -14.187029 37.342880 344.430054 0.000000 1.000000 0.000000 0.381389 0.878271 1 0 1.000000
stair_02_old
  0 -21.064638 37.342880 344.430054 0.000000 0.000000 -1.000000 0.445431 0.872138 1 0 1.000000
  0 -14.187029 37.342880 344.430054 0.000000 0.000000 -1.000000 0.393540 0.872138 1 0 1.000000
  0 -21.064636 6.302688 344.430054 0.000000 0.000000 -1.000000 0.445431 0.619261 1 0 1.000000
stair_02_old
  0 -21.064636 6.302688 344.430054 0.000000 0.000000 -1.000000 0.445431 0.619261 1 0 1.000000
  0 -14.187029 37.342880 344.430054 0.000000 0.000000 -1.000000 0.393540 0.872138 1 0 1.000000
  0 -14.187027 6.302688 344.430054 0.000000 0.000000 -1.000000 0.393539 0.619261 1 0 1.000000
stair_02_old
  0 -14.187027 6.302688 344.430054 1.000000 0.000000 0.000000 0.393539 0.619261 1 0 1.000000
  0 -14.187029 37.342880 344.430054 1.000000 0.000000 0.000000 0.393540 0.872138 1 0 1.000000
  0 -14.187027 6.302688 345.158447 1.000000 0.000000 0.000000 0.381389 0.619261 1 0 1.000000
stair_02_old
  0 -14.187027 6.302688 345.158447 1.000000 0.000000 0.000000 0.381389 0.619261 1 0 1.000000
  0 -14.187029 37.342880 344.430054 1.000000 0.000000 0.000000 0.393540 0.872138 1 0 1.000000
  0 -14.187029 37.342880 345.158447 1.000000 0.000000 0.000000 0.381389 0.872138 1 0 1.000000
stair_02_old
  0 -21.064638 37.342880 344.430054 -1.000000 0.000000 0.000000 0.307442 0.872138 1 0 1.000000
  0 -21.064636 6.302688 344.430054 -1.000000 0.000000 0.000000 0.307442 0.619261 1 0 1.000000
  0 -21.064638 37.342880 345.158447 -1.000000 0.000000 0.000000 0.320915 0.872138 1 0 1.000000
stair_02_old
  0 -21.064638 37.342880 345.158447 -1.000000 0.000000 0.000000 0.320915 0.872138 1 0 1.000000
  0 -21.064636 6.302688 344.430054 -1.000000 0.000000 0.000000 0.307442 0.619261 1 0 1.000000
  0 -21.064636 6.302688 345.158447 -1.000000 0.000000 0.000000 0.320915 0.619261 1 0 1.000000
stair_02_old
  0 -14.564636 6.302689 326.430054 0.000000 -1.000000 0.000000 0.014042 0.763583 1 0 1.000000
  0 -7.687027 6.302689 326.430054 0.000000 -1.000000 0.000000 0.014042 0.823560 1 0 1.000000
  0 -14.564636 6.302689 327.158447 0.000000 -1.000000 0.000000 0.020809 0.763583 1 0 1.000000
stair_02_old
  0 -14.564636 6.302689 327.158447 0.000000 -1.000000 0.000000 0.020809 0.763583 1 0 1.000000
  0 -7.687027 6.302689 326.430054 0.000000 -1.000000 0.000000 0.014042 0.823560 1 0 1.000000
  0 -7.687027 6.302689 327.158447 0.000000 -1.000000 0.000000 0.020809 0.823560 1 0 1.000000
stair_02_old
  0 -14.564636 6.302689 327.158447 0.000000 0.000000 1.000000 0.020809 0.763583 1 0 1.000000
  0 -7.687027 6.302689 327.158447 0.000000 0.000000 1.000000 0.020809 0.823560 1 0 1.000000
  0 -14.564638 37.342880 327.158447 0.000000 0.000000 1.000000 0.274276 0.763583 1 0 1.000000
stair_02_old
  0 -14.564638 37.342880 327.158447 0.000000 0.000000 1.000000 0.274276 0.763583 1 0 1.000000
  0 -7.687027 6.302689 327.158447 0.000000 0.000000 1.000000 0.020809 0.823560 1 0 1.000000
  0 -7.687028 37.342880 327.158447 0.000000 0.000000 1.000000 0.274276 0.823560 1 0 1.000000
stair_02_old
  0 -14.564638 37.342880 327.158447 0.000000 1.000000 0.000000 0.274276 0.763583 1 0 1.000000
  0 -7.687028 37.342880 327.158447 0.000000 1.000000 0.000000 0.274276 0.823560 1 0 1.000000
  0 -14.564638 37.342880 326.430054 0.000000 1.000000 0.000000 0.281043 0.763583 1 0 1.000000
stair_02_old
  0 -14.564638 37.342880 326.430054 0.000000 1.000000 0.000000 0.281043 0.763583 1 0 1.000000
  0 -7.687028 37.342880 327.158447 0.000000 1.000000 0.000000 0.274276 0.823560 1 0 1.000000
  0 -7.687028 37.342880 326.430054 0.000000 1.000000 0.000000 0.281043 0.823560 1 0 1.000000
stair_02_old
  0 -14.564638 37.342880 326.430054 0.000000 0.000000 -1.000000 0.274276 0.898139 1 0 1.000000
  0 -7.687028 37.342880 326.430054 0.000000 0.000000 -1.000000 0.274276 0.837093 1 0 1.000000
  0 -14.564636 6.302689 326.430054 0.000000 0.000000 -1.000000 0.020809 0.898139 1 0 1.000000
stair_02_old
  0 -14.564636 6.302689 326.430054 0.000000 0.000000 -1.000000 0.020809 0.898139 1 0 1.000000
  0 -7.687028 37.342880 326.430054 0.000000 0.000000 -1.000000 0.274276 0.837093 1 0 1.000000
  0 -7.687027 6.302689 326.430054 0.000000 0.000000 -1.000000 0.020809 0.837093 1 0 1.000000
stair_02_old
  0 -7.687027 6.302689 326.430054 1.000000 0.000000 0.000000 0.020809 0.837093 1 0 1.000000
  0 -7.687028 37.342880 326.430054 1.000000 0.000000 0.000000 0.274276 0.837093 1 0 1.000000
  0 -7.687027 6.302689 327.158447 1.000000 0.000000 0.000000 0.020809 0.823560 1 0 1.000000
stair_02_old
  0 -7.687027 6.302689 327.158447 1.000000 0.000000 0.000000 0.020809 0.823560 1 0 1.000000
  0 -7.687028 37.342880 326.430054 1.000000 0.000000 0.000000 0.274276 0.837093 1 0 1.000000
  0 -7.687028 37.342880 327.158447 1.000000 0.000000 0.000000 0.274276 0.823560 1 0 1.000000
stair_02_old
  0 -14.564638 37.342880 326.430054 -1.000000 0.000000 0.000000 0.274276 0.751184 1 0 1.000000
  0 -14.564636 6.302689 326.430054 -1.000000 0.000000 0.000000 0.020809 0.751184 1 0 1.000000
  0 -14.564638 37.342880 327.158447 -1.000000 0.000000 0.000000 0.274276 0.763583 1 0 1.000000
stair_02_old
  0 -14.564638 37.342880 327.158447 -1.000000 0.000000 0.000000 0.274276 0.763583 1 0 1.000000
  0 -14.564636 6.302689 326.430054 -1.000000 0.000000 0.000000 0.020809 0.751184 1 0 1.000000
  0 -14.564636 6.302689 327.158447 -1.000000 0.000000 0.000000 0.020809 0.763583 1 0 1.000000
stair_02_old
  0 -8.064636 6.302690 308.430054 0.000000 -1.000000 0.000000 0.014042 0.763583 1 0 1.000000
  0 -1.187027 6.302691 308.430054 0.000000 -1.000000 0.000000 0.014042 0.823560 1 0 1.000000
  0 -8.064636 6.302690 309.158447 0.000000 -1.000000 0.000000 0.020809 0.763583 1 0 1.000000
stair_02_old
  0 -8.064636 6.302690 309.158447 0.000000 -1.000000 0.000000 0.020809 0.763583 1 0 1.000000
  0 -1.187027 6.302691 308.430054 0.000000 -1.000000 0.000000 0.014042 0.823560 1 0 1.000000
  0 -1.187027 6.302691 309.158447 0.000000 -1.000000 0.000000 0.020809 0.823560 1 0 1.000000
stair_02_old
  0 -8.064636 6.302690 309.158447 0.000000 0.000000 1.000000 0.020809 0.763583 1 0 1.000000
  0 -1.187027 6.302691 309.158447 0.000000 0.000000 1.000000 0.020809 0.823560 1 0 1.000000
  0 -8.064638 37.342880 309.158447 0.000000 0.000000 1.000000 0.274276 0.763583 1 0 1.000000
stair_02_old
  0 -8.064638 37.342880 309.158447 0.000000 0.000000 1.000000 0.274276 0.763583 1 0 1.000000
  0 -1.187027 6.302691 309.158447 0.000000 0.000000 1.000000 0.020809 0.823560 1 0 1.000000
  0 -1.187029 37.342880 309.158447 0.000000 0.000000 1.000000 0.274276 0.823560 1 0 1.000000
stair_02_old
  0 -8.064638 37.342880 309.158447 0.000000 1.000000 0.000000 0.274276 0.763583 1 0 1.000000
  0 -1.187029 37.342880 309.158447 0.000000 1.000000 0.000000 0.274276 0.823560 1 0 1.000000
  0 -8.064638 37.342880 308.430054 0.000000 1.000000 0.000000 0.281043 0.763583 1 0 1.000000
stair_02_old
  0 -8.064638 37.342880 308.430054 0.000000 1.000000 0.000000 0.281043 0.763583 1 0 1.000000
  0 -1.187029 37.342880 309.158447 0.000000 1.000000 0.000000 0.274276 0.823560 1 0 1.000000
  0 -1.187029 37.342880 308.430054 0.000000 1.000000 0.000000 0.281043 0.823560 1 0 1.000000
stair_02_old
  0 -8.064638 37.342880 308.430054 0.000000 0.000000 -1.000000 0.274276 0.898139 1 0 1.000000
  0 -1.187029 37.342880 308.430054 0.000000 0.000000 -1.000000 0.274276 0.837093 1 0 1.000000
  0 -8.064636 6.302690 308.430054 0.000000 0.000000 -1.000000 0.020809 0.898139 1 0 1.000000
stair_02_old
  0 -8.064636 6.302690 308.430054 0.000000 0.000000 -1.000000 0.020809 0.898139 1 0 1.000000
  0 -1.187029 37.342880 308.430054 0.000000 0.000000 -1.000000 0.274276 0.837093 1 0 1.000000
  0 -1.187027 6.302691 308.430054 0.000000 0.000000 -1.000000 0.020809 0.837093 1 0 1.000000
stair_02_old
  0 -1.187027 6.302691 308.430054 1.000000 0.000000 0.000000 0.020809 0.837093 1 0 1.000000
  0 -1.187029 37.342880 308.430054 1.000000 0.000000 0.000000 0.274276 0.837093 1 0 1.000000
  0 -1.187027 6.302691 309.158447 1.000000 0.000000 0.000000 0.020809 0.823560 1 0 1.000000
stair_02_old
  0 -1.187027 6.302691 309.158447 1.000000 0.000000 0.000000 0.020809 0.823560 1 0 1.000000
  0 -1.187029 37.342880 308.430054 1.000000 0.000000 0.000000 0.274276 0.837093 1 0 1.000000
  0 -1.187029 37.342880 309.158447 1.000000 0.000000 0.000000 0.274276 0.823560 1 0 1.000000
stair_02_old
  0 -8.064638 37.342880 308.430054 -1.000000 0.000000 0.000000 0.274276 0.751184 1 0 1.000000
  0 -8.064636 6.302690 308.430054 -1.000000 0.000000 0.000000 0.020809 0.751184 1 0 1.000000
  0 -8.064638 37.342880 309.158447 -1.000000 0.000000 0.000000 0.274276 0.763583 1 0 1.000000
stair_02_old
  0 -8.064638 37.342880 309.158447 -1.000000 0.000000 0.000000 0.274276 0.763583 1 0 1.000000
  0 -8.064636 6.302690 308.430054 -1.000000 0.000000 0.000000 0.020809 0.751184 1 0 1.000000
  0 -8.064636 6.302690 309.158447 -1.000000 0.000000 0.000000 0.020809 0.763583 1 0 1.000000
stair_02_old
  0 -1.564636 6.302691 290.430054 0.000000 -1.000000 0.000000 0.014042 0.763583 1 0 1.000000
  0 5.312973 6.302691 290.430054 0.000000 -1.000000 0.000000 0.014042 0.823560 1 0 1.000000
  0 -1.564636 6.302691 291.158447 0.000000 -1.000000 0.000000 0.020809 0.763583 1 0 1.000000
stair_02_old
  0 -1.564636 6.302691 291.158447 0.000000 -1.000000 0.000000 0.020809 0.763583 1 0 1.000000
  0 5.312973 6.302691 290.430054 0.000000 -1.000000 0.000000 0.014042 0.823560 1 0 1.000000
  0 5.312973 6.302691 291.158447 0.000000 -1.000000 0.000000 0.020809 0.823560 1 0 1.000000
stair_02_old
  0 -1.564636 6.302691 291.158447 0.000000 0.000000 1.000000 0.020809 0.763583 1 0 1.000000
  0 5.312973 6.302691 291.158447 0.000000 0.000000 1.000000 0.020809 0.823560 1 0 1.000000
  0 -1.564638 37.342884 291.158447 0.000000 0.000000 1.000000 0.274276 0.763583 1 0 1.000000
stair_02_old
  0 -1.564638 37.342884 291.158447 0.000000 0.000000 1.000000 0.274276 0.763583 1 0 1.000000
  0 5.312973 6.302691 291.158447 0.000000 0.000000 1.000000 0.020809 0.823560 1 0 1.000000
  0 5.312972 37.342884 291.158447 0.000000 0.000000 1.000000 0.274276 0.823560 1 0 1.000000
stair_02_old
  0 -1.564638 37.342884 291.158447 0.000000 1.000000 0.000000 0.274276 0.763583 1 0 1.000000
  0 5.312972 37.342884 291.158447 0.000000 1.000000 0.000000 0.274276 0.823560 1 0 1.000000
  0 -1.564638 37.342884 290.430054 0.000000 1.000000 0.000000 0.281043 0.763583 1 0 1.000000
stair_02_old
  0 -1.564638 37.342884 290.430054 0.000000 1.000000 0.000000 0.281043 0.763583 1 0 1.000000
  0 5.312972 37.342884 291.158447 0.000000 1.000000 0.000000 0.274276 0.823560 1 0 1.000000
  0 5.312972 37.342884 290.430054 0.000000 1.000000 0.000000 0.281043 0.823560 1 0 1.000000
stair_02_old
  0 -1.564638 37.342884 290.430054 0.000000 0.000000 -1.000000 0.274276 0.898139 1 0 1.000000
  0 5.312972 37.342884 290.430054 0.000000 0.000000 -1.000000 0.274276 0.837093 1 0 1.000000
  0 -1.564636 6.302691 290.430054 0.000000 0.000000 -1.000000 0.020809 0.898139 1 0 1.000000
stair_02_old
  0 -1.564636 6.302691 290.430054 0.000000 0.000000 -1.000000 0.020809 0.898139 1 0 1.000000
  0 5.312972 37.342884 290.430054 0.000000 0.000000 -1.000000 0.274276 0.837093 1 0 1.000000
  0 5.312973 6.302691 290.430054 0.000000 0.000000 -1.000000 0.020809 0.837093 1 0 1.000000
stair_02_old
  0 5.312973 6.302691 290.430054 1.000000 0.000000 0.000000 0.020809 0.837093 1 0 1.000000
  0 5.312972 37.342884 290.430054 1.000000 0.000000 0.000000 0.274276 0.837093 1 0 1.000000
  0 5.312973 6.302691 291.158447 1.000000 0.000000 0.000000 0.020809 0.823560 1 0 1.000000
stair_02_old
  0 5.312973 6.302691 291.158447 1.000000 0.000000 0.000000 0.020809 0.823560 1 0 1.000000
  0 5.312972 37.342884 290.430054 1.000000 0.000000 0.000000 0.274276 0.837093 1 0 1.000000
  0 5.312972 37.342884 291.158447 1.000000 0.000000 0.000000 0.274276 0.823560 1 0 1.000000
stair_02_old
  0 -1.564638 37.342884 290.430054 -1.000000 0.000000 0.000000 0.274276 0.751184 1 0 1.000000
  0 -1.564636 6.302691 290.430054 -1.000000 0.000000 0.000000 0.020809 0.751184 1 0 1.000000
  0 -1.564638 37.342884 291.158447 -1.000000 0.000000 0.000000 0.274276 0.763583 1 0 1.000000
stair_02_old
  0 -1.564638 37.342884 291.158447 -1.000000 0.000000 0.000000 0.274276 0.763583 1 0 1.000000
  0 -1.564636 6.302691 290.430054 -1.000000 0.000000 0.000000 0.020809 0.751184 1 0 1.000000
  0 -1.564636 6.302691 291.158447 -1.000000 0.000000 0.000000 0.020809 0.763583 1 0 1.000000
stair_02_old
  0 4.935363 6.302692 272.430054 0.000000 -1.000000 0.000000 0.320915 0.613128 1 0 1.000000
  0 11.812973 6.302692 272.430054 0.000000 -1.000000 0.000000 0.381389 0.613128 1 0 1.000000
  0 4.935363 6.302692 273.158447 0.000000 -1.000000 0.000000 0.320915 0.619261 1 0 1.000000
stair_02_old
  0 4.935363 6.302692 273.158447 0.000000 -1.000000 0.000000 0.320915 0.619261 1 0 1.000000
  0 11.812973 6.302692 272.430054 0.000000 -1.000000 0.000000 0.381389 0.613128 1 0 1.000000
  0 11.812973 6.302692 273.158447 0.000000 -1.000000 0.000000 0.381389 0.619261 1 0 1.000000
stair_02_old
  0 4.935363 6.302692 273.158447 0.000000 0.000000 1.000000 0.320915 0.619261 1 0 1.000000
  0 11.812973 6.302692 273.158447 0.000000 0.000000 1.000000 0.381389 0.619261 1 0 1.000000
  0 4.935362 37.342884 273.158447 0.000000 0.000000 1.000000 0.320915 0.872138 1 0 1.000000
stair_02_old
  0 4.935362 37.342884 273.158447 0.000000 0.000000 1.000000 0.320915 0.872138 1 0 1.000000
  0 11.812973 6.302692 273.158447 0.000000 0.000000 1.000000 0.381389 0.619261 1 0 1.000000
  0 11.812971 37.342884 273.158447 0.000000 0.000000 1.000000 0.381389 0.872138 1 0 1.000000
stair_02_old
  0 4.935362 37.342884 273.158447 0.000000 1.000000 0.000000 0.320915 0.872138 1 0 1.000000
  0 11.812971 37.342884 273.158447 0.000000 1.000000 0.000000 0.381389 0.872138 1 0 1.000000
  0 4.935362 37.342884 272.430054 0.000000 1.000000 0.000000 0.320915 0.878271 1 0 1.000000
stair_02_old
  0 4.935362 37.342884 272.430054 0.000000 1.000000 0.000000 0.320915 0.878271 1 0 1.000000
  0 11.812971 37.342884 273.158447 0.000000 1.000000 0.000000 0.381389 0.872138 1 0 1.000000
  0 11.812971 37.342884 272.430054 0.000000 1.000000 0.000000 0.381389 0.878271 1 0 1.000000
stair_02_old
  0 4.935362 37.342884 272.430054 0.000000 0.000000 -1.000000 0.445431 0.872138 1 0 1.000000
  0 11.812971 37.342884 272.430054 0.000000 0.000000 -1.000000 0.393540 0.872138 1 0 1.000000
  0 4.935363 6.302692 272.430054 0.000000 0.000000 -1.000000 0.445431 0.619261 1 0 1.000000
stair_02_old
  0 4.935363 6.302692 272.430054 0.000000 0.000000 -1.000000 0.445431 0.619261 1 0 1.000000
  0 11.812971 37.342884 272.430054 0.000000 0.000000 -1.000000 0.393540 0.872138 1 0 1.000000
  0 11.812973 6.302692 272.430054 0.000000 0.000000 -1.000000 0.393539 0.619261 1 0 1.000000
stair_02_old
  0 11.812973 6.302692 272.430054 1.000000 0.000000 0.000000 0.393539 0.619261 1 0 1.000000
  0 11.812971 37.342884 272.430054 1.000000 0.000000 0.000000 0.393540 0.872138 1 0 1.000000
  0 11.812973 6.302692 273.158447 1.000000 0.000000 0.000000 0.381389 0.619261 1 0 1.000000
stair_02_old
  0 11.812973 6.302692 273.158447 1.000000 0.000000 0.000000 0.381389 0.619261 1 0 1.000000
  0 11.812971 37.342884 272.430054 1.000000 0.000000 0.000000 0.393540 0.872138 1 0 1.000000
  0 11.812971 37.342884 273.158447 1.000000 0.000000 0.000000 0.381389 0.872138 1 0 1.000000
stair_02_old
  0 4.935362 37.342884 272.430054 -1.000000 0.000000 0.000000 0.307442 0.872138 1 0 1.000000
  0 4.935363 6.302692 272.430054 -1.000000 0.000000 0.000000 0.307442 0.619261 1 0 1.000000
  0 4.935362 37.342884 273.158447 -1.000000 0.000000 0.000000 0.320915 0.872138 1 0 1.000000
stair_02_old
  0 4.935362 37.342884 273.158447 -1.000000 0.000000 0.000000 0.320915 0.872138 1 0 1.000000
  0 4.935363 6.302692 272.430054 -1.000000 0.000000 0.000000 0.307442 0.619261 1 0 1.000000
  0 4.935363 6.302692 273.158447 -1.000000 0.000000 0.000000 0.320915 0.619261 1 0 1.000000
stair_02_old
  0 11.435364 6.302693 254.430054 0.000000 -1.000000 0.000000 0.280878 0.612014 1 0 1.000000
  0 18.312973 6.302693 254.430054 0.000000 -1.000000 0.000000 0.280878 0.672488 1 0 1.000000
  0 11.435364 6.302693 255.158417 0.000000 -1.000000 0.000000 0.274745 0.612014 1 0 1.000000
stair_02_old
  0 11.435364 6.302693 255.158417 0.000000 -1.000000 0.000000 0.274745 0.612014 1 0 1.000000
  0 18.312973 6.302693 254.430054 0.000000 -1.000000 0.000000 0.280878 0.672488 1 0 1.000000
  0 18.312973 6.302693 255.158417 0.000000 -1.000000 0.000000 0.274745 0.672488 1 0 1.000000
stair_02_old
  0 11.435364 6.302693 255.158417 0.000000 0.000000 1.000000 0.274745 0.612014 1 0 1.000000
  0 18.312973 6.302693 255.158417 0.000000 0.000000 1.000000 0.274745 0.672488 1 0 1.000000
  0 11.435362 37.342884 255.158417 0.000000 0.000000 1.000000 0.021867 0.612014 1 0 1.000000
stair_02_old
  0 11.435362 37.342884 255.158417 0.000000 0.000000 1.000000 0.021867 0.612014 1 0 1.000000
  0 18.312973 6.302693 255.158417 0.000000 0.000000 1.000000 0.274745 0.672488 1 0 1.000000
  0 18.312971 37.342884 255.158417 0.000000 0.000000 1.000000 0.021867 0.672488 1 0 1.000000
stair_02_old
  0 11.435362 37.342884 255.158417 0.000000 1.000000 0.000000 0.021867 0.612014 1 0 1.000000
  0 18.312971 37.342884 255.158417 0.000000 1.000000 0.000000 0.021867 0.672488 1 0 1.000000
  0 11.435362 37.342884 254.430054 0.000000 1.000000 0.000000 0.015734 0.612014 1 0 1.000000
stair_02_old
  0 11.435362 37.342884 254.430054 0.000000 1.000000 0.000000 0.015734 0.612014 1 0 1.000000
  0 18.312971 37.342884 255.158417 0.000000 1.000000 0.000000 0.021867 0.672488 1 0 1.000000
  0 18.312971 37.342884 254.430054 0.000000 1.000000 0.000000 0.015734 0.672488 1 0 1.000000
stair_02_old
  0 11.435362 37.342884 254.430054 0.000000 0.000000 -1.000000 0.021867 0.736530 1 0 1.000000
  0 18.312971 37.342884 254.430054 0.000000 0.000000 -1.000000 0.021867 0.684639 1 0 1.000000
  0 11.435364 6.302693 254.430054 0.000000 0.000000 -1.000000 0.274745 0.736530 1 0 1.000000
stair_02_old
  0 11.435364 6.302693 254.430054 0.000000 0.000000 -1.000000 0.274745 0.736530 1 0 1.000000
  0 18.312971 37.342884 254.430054 0.000000 0.000000 -1.000000 0.021867 0.684639 1 0 1.000000
  0 18.312973 6.302693 254.430054 0.000000 0.000000 -1.000000 0.274745 0.684638 1 0 1.000000
stair_02_old
  0 18.312973 6.302693 254.430054 1.000000 0.000000 0.000000 0.274745 0.684638 1 0 1.000000
  0 18.312971 37.342884 254.430054 1.000000 0.000000 0.000000 0.021867 0.684639 1 0 1.000000
  0 18.312973 6.302693 255.158417 1.000000 0.000000 0.000000 0.274745 0.672488 1 0 1.000000
stair_02_old
  0 18.312973 6.302693 255.158417 1.000000 0.000000 0.000000 0.274745 0.672488 1 0 1.000000
  0 18.312971 37.342884 254.430054 1.000000 0.000000 0.000000 0.021867 0.684639 1 0 1.000000
  0 18.312971 37.342884 255.158417 1.000000 0.000000 0.000000 0.021867 0.672488 1 0 1.000000
stair_02_old
  0 11.435362 37.342884 254.430054 -1.000000 0.000000 0.000000 0.021867 0.598541 1 0 1.000000
  0 11.435364 6.302693 254.430054 -1.000000 0.000000 0.000000 0.274745 0.598541 1 0 1.000000
  0 11.435362 37.342884 255.158417 -1.000000 0.000000 0.000000 0.021867 0.612014 1 0 1.000000
stair_02_old
  0 11.435362 37.342884 255.158417 -1.000000 0.000000 0.000000 0.021867 0.612014 1 0 1.000000
  0 11.435364 6.302693 254.430054 -1.000000 0.000000 0.000000 0.274745 0.598541 1 0 1.000000
  0 11.435364 6.302693 255.158417 -1.000000 0.000000 0.000000 0.274745 0.612014 1 0 1.000000
stair_02_old
  0 17.935364 6.302694 236.430054 0.000000 -1.000000 0.000000 0.043988 0.576468 1 0 1.000000
  0 24.812973 6.302695 236.430054 0.000000 -1.000000 0.000000 0.103967 0.576468 1 0 1.000000
  0 17.935364 6.302694 237.158417 0.000000 -1.000000 0.000000 0.043988 0.569701 1 0 1.000000
stair_02_old
  0 17.935364 6.302694 237.158417 0.000000 -1.000000 0.000000 0.043988 0.569701 1 0 1.000000
  0 24.812973 6.302695 236.430054 0.000000 -1.000000 0.000000 0.103967 0.576468 1 0 1.000000
  0 24.812973 6.302695 237.158417 0.000000 -1.000000 0.000000 0.103967 0.569701 1 0 1.000000
stair_02_old
  0 17.935364 6.302694 237.158417 0.000000 0.000000 1.000000 0.043988 0.569701 1 0 1.000000
  0 24.812973 6.302695 237.158417 0.000000 0.000000 1.000000 0.103967 0.569701 1 0 1.000000
  0 17.935362 37.342884 237.158417 0.000000 0.000000 1.000000 0.043988 0.316234 1 0 1.000000
stair_02_old
  0 17.935362 37.342884 237.158417 0.000000 0.000000 1.000000 0.043988 0.316234 1 0 1.000000
  0 24.812973 6.302695 237.158417 0.000000 0.000000 1.000000 0.103967 0.569701 1 0 1.000000
  0 24.812971 37.342888 237.158417 0.000000 0.000000 1.000000 0.103966 0.316234 1 0 1.000000
stair_02_old
  0 17.935362 37.342884 237.158417 0.000000 1.000000 0.000000 0.043988 0.316234 1 0 1.000000
  0 24.812971 37.342888 237.158417 0.000000 1.000000 0.000000 0.103966 0.316234 1 0 1.000000
  0 17.935362 37.342884 236.430054 0.000000 1.000000 0.000000 0.043988 0.309467 1 0 1.000000
stair_02_old
  0 17.935362 37.342884 236.430054 0.000000 1.000000 0.000000 0.043988 0.309467 1 0 1.000000
  0 24.812971 37.342888 237.158417 0.000000 1.000000 0.000000 0.103966 0.316234 1 0 1.000000
  0 24.812971 37.342888 236.430054 0.000000 1.000000 0.000000 0.103966 0.309467 1 0 1.000000
stair_02_old
  0 17.935362 37.342884 236.430054 0.000000 0.000000 -1.000000 0.178544 0.316234 1 0 1.000000
  0 24.812971 37.342888 236.430054 0.000000 0.000000 -1.000000 0.117499 0.316234 1 0 1.000000
  0 17.935364 6.302694 236.430054 0.000000 0.000000 -1.000000 0.178545 0.569701 1 0 1.000000
stair_02_old
  0 17.935364 6.302694 236.430054 0.000000 0.000000 -1.000000 0.178545 0.569701 1 0 1.000000
  0 24.812971 37.342888 236.430054 0.000000 0.000000 -1.000000 0.117499 0.316234 1 0 1.000000
  0 24.812973 6.302695 236.430054 0.000000 0.000000 -1.000000 0.117499 0.569701 1 0 1.000000
stair_02_old
  0 24.812973 6.302695 236.430054 1.000000 0.000000 0.000000 0.117499 0.569701 1 0 1.000000
  0 24.812971 37.342888 236.430054 1.000000 0.000000 0.000000 0.117499 0.316234 1 0 1.000000
  0 24.812973 6.302695 237.158417 1.000000 0.000000 0.000000 0.103967 0.569701 1 0 1.000000
stair_02_old
  0 24.812973 6.302695 237.158417 1.000000 0.000000 0.000000 0.103967 0.569701 1 0 1.000000
  0 24.812971 37.342888 236.430054 1.000000 0.000000 0.000000 0.117499 0.316234 1 0 1.000000
  0 24.812971 37.342888 237.158417 1.000000 0.000000 0.000000 0.103966 0.316234 1 0 1.000000
stair_02_old
  0 17.935362 37.342884 236.430054 -1.000000 0.000000 0.000000 0.031589 0.316234 1 0 1.000000
  0 17.935364 6.302694 236.430054 -1.000000 0.000000 0.000000 0.031589 0.569701 1 0 1.000000
  0 17.935362 37.342884 237.158417 -1.000000 0.000000 0.000000 0.043988 0.316234 1 0 1.000000
stair_02_old
  0 17.935362 37.342884 237.158417 -1.000000 0.000000 0.000000 0.043988 0.316234 1 0 1.000000
  0 17.935364 6.302694 236.430054 -1.000000 0.000000 0.000000 0.031589 0.569701 1 0 1.000000
  0 17.935364 6.302694 237.158417 -1.000000 0.000000 0.000000 0.043988 0.569701 1 0 1.000000
stair_02_old
  0 24.435364 6.302695 218.430054 0.000000 -1.000000 0.000000 0.014042 0.763583 1 0 1.000000
  0 31.312973 6.302696 218.430054 0.000000 -1.000000 0.000000 0.014042 0.823560 1 0 1.000000
  0 24.435364 6.302695 219.158417 0.000000 -1.000000 0.000000 0.020809 0.763583 1 0 1.000000
stair_02_old
  0 24.435364 6.302695 219.158417 0.000000 -1.000000 0.000000 0.020809 0.763583 1 0 1.000000
  0 31.312973 6.302696 218.430054 0.000000 -1.000000 0.000000 0.014042 0.823560 1 0 1.000000
  0 31.312973 6.302696 219.158417 0.000000 -1.000000 0.000000 0.020809 0.823560 1 0 1.000000
stair_02_old
  0 24.435364 6.302695 219.158417 0.000000 0.000000 1.000000 0.020809 0.763583 1 0 1.000000
  0 31.312973 6.302696 219.158417 0.000000 0.000000 1.000000 0.020809 0.823560 1 0 1.000000
  0 24.435362 37.342888 219.158417 0.000000 0.000000 1.000000 0.274276 0.763583 1 0 1.000000
stair_02_old
  0 24.435362 37.342888 219.158417 0.000000 0.000000 1.000000 0.274276 0.763583 1 0 1.000000
  0 31.312973 6.302696 219.158417 0.000000 0.000000 1.000000 0.020809 0.823560 1 0 1.000000
  0 31.312971 37.342888 219.158417 0.000000 0.000000 1.000000 0.274276 0.823560 1 0 1.000000
stair_02_old
  0 24.435362 37.342888 219.158417 0.000000 1.000000 0.000000 0.274276 0.763583 1 0 1.000000
  0 31.312971 37.342888 219.158417 0.000000 1.000000 0.000000 0.274276 0.823560 1 0 1.000000
  0 24.435362 37.342888 218.430054 0.000000 1.000000 0.000000 0.281043 0.763583 1 0 1.000000
stair_02_old
  0 24.435362 37.342888 218.430054 0.000000 1.000000 0.000000 0.281043 0.763583 1 0 1.000000
  0 31.312971 37.342888 219.158417 0.000000 1.000000 0.000000 0.274276 0.823560 1 0 1.000000
  0 31.312971 37.342888 218.430054 0.000000 1.000000 0.000000 0.281043 0.823560 1 0 1.000000
stair_02_old
  0 24.435362 37.342888 218.430054 0.000000 0.000000 -1.000000 0.274276 0.898139 1 0 1.000000
  0 31.312971 37.342888 218.430054 0.000000 0.000000 -1.000000 0.274276 0.837093 1 0 1.000000
  0 24.435364 6.302695 218.430054 0.000000 0.000000 -1.000000 0.020809 0.898139 1 0 1.000000
stair_02_old
  0 24.435364 6.302695 218.430054 0.000000 0.000000 -1.000000 0.020809 0.898139 1 0 1.000000
  0 31.312971 37.342888 218.430054 0.000000 0.000000 -1.000000 0.274276 0.837093 1 0 1.000000
  0 31.312973 6.302696 218.430054 0.000000 0.000000 -1.000000 0.020809 0.837093 1 0 1.000000
stair_02_old
  0 31.312973 6.302696 218.430054 1.000000 0.000000 0.000000 0.020809 0.837093 1 0 1.000000
  0 31.312971 37.342888 218.430054 1.000000 0.000000 0.000000 0.274276 0.837093 1 0 1.000000
  0 31.312973 6.302696 219.158417 1.000000 0.000000 0.000000 0.020809 0.823560 1 0 1.000000
stair_02_old
  0 31.312973 6.302696 219.158417 1.000000 0.000000 0.000000 0.020809 0.823560 1 0 1.000000
  0 31.312971 37.342888 218.430054 1.000000 0.000000 0.000000 0.274276 0.837093 1 0 1.000000
  0 31.312971 37.342888 219.158417 1.000000 0.000000 0.000000 0.274276 0.823560 1 0 1.000000
stair_02_old
  0 24.435362 37.342888 218.430054 -1.000000 0.000000 0.000000 0.274276 0.751184 1 0 1.000000
  0 24.435364 6.302695 218.430054 -1.000000 0.000000 0.000000 0.020809 0.751184 1 0 1.000000
  0 24.435362 37.342888 219.158417 -1.000000 0.000000 0.000000 0.274276 0.763583 1 0 1.000000
stair_02_old
  0 24.435362 37.342888 219.158417 -1.000000 0.000000 0.000000 0.274276 0.763583 1 0 1.000000
  0 24.435364 6.302695 218.430054 -1.000000 0.000000 0.000000 0.020809 0.751184 1 0 1.000000
  0 24.435364 6.302695 219.158417 -1.000000 0.000000 0.000000 0.020809 0.763583 1 0 1.000000
stair_02_old
  0 30.935364 6.302696 200.430054 0.000000 -1.000000 0.000000 0.014042 0.763583 1 0 1.000000
  0 37.812988 6.302697 200.430054 0.000000 -1.000000 0.000000 0.014042 0.823560 1 0 1.000000
  0 30.935364 6.302696 201.158417 0.000000 -1.000000 0.000000 0.020809 0.763583 1 0 1.000000
stair_02_old
  0 30.935364 6.302696 201.158417 0.000000 -1.000000 0.000000 0.020809 0.763583 1 0 1.000000
  0 37.812988 6.302697 200.430054 0.000000 -1.000000 0.000000 0.014042 0.823560 1 0 1.000000
  0 37.812988 6.302697 201.158417 0.000000 -1.000000 0.000000 0.020809 0.823560 1 0 1.000000
stair_02_old
  0 30.935364 6.302696 201.158417 0.000000 0.000000 1.000000 0.020809 0.763583 1 0 1.000000
  0 37.812988 6.302697 201.158417 0.000000 0.000000 1.000000 0.020809 0.823560 1 0 1.000000
  0 30.935362 37.342888 201.158417 0.000000 0.000000 1.000000 0.274276 0.763583 1 0 1.000000
stair_02_old
  0 30.935362 37.342888 201.158417 0.000000 0.000000 1.000000 0.274276 0.763583 1 0 1.000000
  0 37.812988 6.302697 201.158417 0.000000 0.000000 1.000000 0.020809 0.823560 1 0 1.000000
  0 37.812988 37.342888 201.158417 0.000000 0.000000 1.000000 0.274276 0.823560 1 0 1.000000
stair_02_old
  0 30.935362 37.342888 201.158417 0.000000 1.000000 0.000000 0.274276 0.763583 1 0 1.000000
  0 37.812988 37.342888 201.158417 0.000000 1.000000 0.000000 0.274276 0.823560 1 0 1.000000
  0 30.935362 37.342888 200.430054 0.000000 1.000000 0.000000 0.281043 0.763583 1 0 1.000000
stair_02_old
  0 30.935362 37.342888 200.430054 0.000000 1.000000 0.000000 0.281043 0.763583 1 0 1.000000
  0 37.812988 37.342888 201.158417 0.000000 1.000000 0.000000 0.274276 0.823560 1 0 1.000000
  0 37.812988 37.342888 200.430054 0.000000 1.000000 0.000000 0.281043 0.823560 1 0 1.000000
stair_02_old
  0 30.935362 37.342888 200.430054 0.000000 0.000000 -1.000000 0.274276 0.898139 1 0 1.000000
  0 37.812988 37.342888 200.430054 0.000000 0.000000 -1.000000 0.274276 0.837093 1 0 1.000000
  0 30.935364 6.302696 200.430054 0.000000 0.000000 -1.000000 0.020809 0.898139 1 0 1.000000
stair_02_old
  0 30.935364 6.302696 200.430054 0.000000 0.000000 -1.000000 0.020809 0.898139 1 0 1.000000
  0 37.812988 37.342888 200.430054 0.000000 0.000000 -1.000000 0.274276 0.837093 1 0 1.000000
  0 37.812988 6.302697 200.430054 0.000000 0.000000 -1.000000 0.020809 0.837093 1 0 1.000000
stair_02_old
  0 37.812988 6.302697 200.430054 1.000000 0.000000 0.000000 0.020809 0.837093 1 0 1.000000
  0 37.812988 37.342888 200.430054 1.000000 0.000000 0.000000 0.274276 0.837093 1 0 1.000000
  0 37.812988 6.302697 201.158417 1.000000 0.000000 0.000000 0.020809 0.823560 1 0 1.000000
stair_02_old
  0 37.812988 6.302697 201.158417 1.000000 0.000000 0.000000 0.020809 0.823560 1 0 1.000000
  0 37.812988 37.342888 200.430054 1.000000 0.000000 0.000000 0.274276 0.837093 1 0 1.000000
  0 37.812988 37.342888 201.158417 1.000000 0.000000 0.000000 0.274276 0.823560 1 0 1.000000
stair_02_old
  0 30.935362 37.342888 200.430054 -1.000000 0.000000 0.000000 0.274276 0.751184 1 0 1.000000
  0 30.935364 6.302696 200.430054 -1.000000 0.000000 0.000000 0.020809 0.751184 1 0 1.000000
  0 30.935362 37.342888 201.158417 -1.000000 0.000000 0.000000 0.274276 0.763583 1 0 1.000000
stair_02_old
  0 30.935362 37.342888 201.158417 -1.000000 0.000000 0.000000 0.274276 0.763583 1 0 1.000000
  0 30.935364 6.302696 200.430054 -1.000000 0.000000 0.000000 0.020809 0.751184 1 0 1.000000
  0 30.935364 6.302696 201.158417 -1.000000 0.000000 0.000000 0.020809 0.763583 1 0 1.000000
stair_02_old
  0 -80.916290 -0.067891 379.463715 0.000000 -1.000000 0.000000 0.214142 0.575217 1 0 1.000000
  0 -29.072845 -0.067889 379.463715 0.000000 -1.000000 0.000000 0.214142 0.323549 1 0 1.000000
  0 -80.916290 -0.067891 382.913818 0.000000 -1.000000 0.000000 0.230196 0.575217 1 0 1.000000
stair_02_old
  0 -80.916290 -0.067891 382.913818 0.000000 -1.000000 0.000000 0.230196 0.575217 1 0 1.000000
  0 -29.072845 -0.067889 379.463715 0.000000 -1.000000 0.000000 0.214142 0.323549 1 0 1.000000
  0 -29.072845 -0.067889 382.913818 0.000000 -1.000000 0.000000 0.230196 0.323549 1 0 1.000000
stair_02_old
  0 -80.916290 -0.067891 382.913818 0.000000 0.000000 1.000000 0.230196 0.575217 1 0 1.000000
  0 -29.072845 -0.067889 382.913818 0.000000 0.000000 1.000000 0.230196 0.323549 1 0 1.000000
  0 -80.916290 76.902626 382.913818 0.000000 0.000000 1.000000 0.611767 0.575217 1 0 1.000000
stair_02_old
  0 -80.916290 76.902626 382.913818 0.000000 0.000000 1.000000 0.611767 0.575217 1 0 1.000000
  0 -29.072845 -0.067889 382.913818 0.000000 0.000000 1.000000 0.230196 0.323549 1 0 1.000000
  0 -29.072849 76.902634 382.913818 0.000000 0.000000 1.000000 0.611767 0.323549 1 0 1.000000
stair_02_old
  0 -80.916290 76.902626 382.913818 0.000000 1.000000 0.000000 0.611767 0.575217 1 0 1.000000
  0 -29.072849 76.902634 382.913818 0.000000 1.000000 0.000000 0.611767 0.323549 1 0 1.000000
  0 -80.916290 76.902626 379.463715 0.000000 1.000000 0.000000 0.627822 0.575217 1 0 1.000000
stair_02_old
  0 -80.916290 76.902626 379.463715 0.000000 1.000000 0.000000 0.627822 0.575217 1 0 1.000000
  0 -29.072849 76.902634 382.913818 0.000000 1.000000 0.000000 0.611767 0.323549 1 0 1.000000
  0 -29.072849 76.902634 379.463715 0.000000 1.000000 0.000000 0.627822 0.323549 1 0 1.000000
stair_02_old
  0 -29.072845 -0.067889 379.463715 1.000000 0.000000 0.000000 0.230196 0.306801 1 0 1.000000
  0 -29.072849 76.902634 379.463715 1.000000 0.000000 0.000000 0.611767 0.306801 1 0 1.000000
  0 -29.072845 -0.067889 382.913818 1.000000 0.000000 0.000000 0.230196 0.323549 1 0 1.000000
stair_02_old
  0 -29.072845 -0.067889 382.913818 1.000000 0.000000 0.000000 0.230196 0.323549 1 0 1.000000
  0 -29.072849 76.902634 379.463715 1.000000 0.000000 0.000000 0.611767 0.306801 1 0 1.000000
  0 -29.072849 76.902634 382.913818 1.000000 0.000000 0.000000 0.611767 0.323549 1 0 1.000000
stair_02_old
  0 -80.916290 76.902626 379.463715 -1.000000 0.000000 0.000000 0.611767 0.591965 1 0 1.000000
  0 -80.916290 -0.067891 379.463715 -1.000000 0.000000 0.000000 0.230196 0.591965 1 0 1.000000
  0 -80.916290 76.902626 382.913818 -1.000000 0.000000 0.000000 0.611767 0.575217 1 0 1.000000
stair_02_old
  0 -80.916290 76.902626 382.913818 -1.000000 0.000000 0.000000 0.611767 0.575217 1 0 1.000000
  0 -80.916290 -0.067891 379.463715 -1.000000 0.000000 0.000000 0.230196 0.591965 1 0 1.000000
  0 -80.916290 -0.067891 382.913818 -1.000000 0.000000 0.000000 0.230196 0.575217 1 0 1.000000
stair_02_old
  0 -80.916290 -0.067883 186.287277 0.000000 -1.000000 0.000000 0.474755 0.849335 1 0 1.000000
  0 -32.394684 -0.067881 186.287277 0.000000 -1.000000 0.000000 0.474755 0.623713 1 0 1.000000
  0 -80.916290 -0.067883 189.737396 0.000000 -1.000000 0.000000 0.490798 0.849335 1 0 1.000000
stair_02_old
  0 -80.916290 -0.067883 189.737396 0.000000 -1.000000 0.000000 0.490798 0.849335 1 0 1.000000
  0 -32.394684 -0.067881 186.287277 0.000000 -1.000000 0.000000 0.474755 0.623713 1 0 1.000000
  0 -32.394684 -0.067881 189.737396 0.000000 -1.000000 0.000000 0.490798 0.623713 1 0 1.000000
stair_02_old
  0 -80.916290 -0.067883 189.737396 0.000000 0.000000 1.000000 0.490798 0.849335 1 0 1.000000
  0 -32.394684 -0.067881 189.737396 0.000000 0.000000 1.000000 0.490798 0.623713 1 0 1.000000
  0 -80.916290 76.902634 189.737396 0.000000 0.000000 1.000000 0.848706 0.849335 1 0 1.000000
stair_02_old
  0 -32.394684 -0.067881 189.737396 0.000000 0.000000 1.000000 0.490798 0.623713 1 0 1.000000
  0 -32.394684 38.417377 189.737396 0.000000 0.000000 1.000000 0.669752 0.623713 1 0 1.000000
  0 -80.916290 76.902634 189.737396 0.000000 0.000000 1.000000 0.848706 0.849335 1 0 1.000000
stair_02_old
  0 -80.916290 76.902634 189.737396 0.000000 0.000000 1.000000 0.848706 0.849335 1 0 1.000000
  0 -32.394684 38.417377 189.737396 0.000000 0.000000 1.000000 0.669752 0.623713 1 0 1.000000
  0 80.532776 76.902641 189.737396 0.000000 0.000000 1.000000 0.848706 0.053407 1 0 1.000000
stair_02_old
  0 -32.394684 38.417377 189.737396 0.000000 0.000000 1.000000 0.669752 0.623713 1 0 1.000000
  0 33.124695 38.417381 189.737396 0.000000 0.000000 1.000000 0.669752 0.276260 1 0 1.000000
  0 80.532776 76.902641 189.737396 0.000000 0.000000 1.000000 0.848706 0.053407 1 0 1.000000
stair_02_old
  0 80.532776 76.902641 189.737396 0.000000 0.000000 1.000000 0.848706 0.053407 1 0 1.000000
  0 33.124695 38.417381 189.737396 0.000000 0.000000 1.000000 0.669752 0.276260 1 0 1.000000
  0 80.532776 -0.067876 189.737396 0.000000 0.000000 1.000000 0.493181 0.053407 1 0 1.000000
stair_02_old
  0 33.124695 38.417381 189.737396 0.000000 0.000000 1.000000 0.669752 0.276260 1 0 1.000000
  0 33.124695 -0.067878 189.737396 0.000000 0.000000 1.000000 0.493181 0.276260 1 0 1.000000
  0 80.532776 -0.067876 189.737396 0.000000 0.000000 1.000000 0.493181 0.053407 1 0 1.000000
stair_02_old
  0 -79.973145 -48.377251 423.302856 0.000000 -0.595661 0.803236 0.097545 0.065029 1 0 1.000000
  0 -77.562683 -48.377251 423.302856 0.000000 -0.595661 0.803236 0.097546 0.052583 1 0 1.000000
  0 -79.973145 -36.563988 432.063293 0.000000 -0.313659 0.949536 0.170092 0.065029 1 0 1.000000
stair_02_old
  0 -79.973145 -36.563988 432.063293 0.000000 -0.313659 0.949536 0.170092 0.065029 1 0 1.000000
  0 -77.562683 -48.377251 423.302856 0.000000 -0.595661 0.803236 0.097546 0.052583 1 0 1.000000
  0 -77.562683 -36.563988 432.063293 0.000000 -0.313659 0.949536 0.170092 0.052584 1 0 1.000000
stair_02_old
  0 -79.973145 -36.563988 432.063293 0.000000 -0.313659 0.949536 0.170092 0.065029 1 0 1.000000
  0 -77.562683 -36.563988 432.063293 0.000000 -0.313659 0.949536 0.170092 0.052584 1 0 1.000000
  0 -79.973145 3.347481 432.063293 0.000000 0.000000 1.000000 0.390977 0.065029 1 0 1.000000
stair_02_old
  0 -79.973145 3.347481 432.063293 0.000000 0.000000 1.000000 0.390977 0.065029 1 0 1.000000
  0 -77.562683 -36.563988 432.063293 0.000000 -0.313659 0.949536 0.170092 0.052584 1 0 1.000000
  0 -77.562683 3.347482 432.063293 0.000000 0.000000 1.000000 0.390977 0.052584 1 0 1.000000
stair_02_old
  0 -80.916290 76.902634 186.287277 0.000000 1.000000 0.000000 0.864748 0.849335 1 0 1.000000
  0 -80.916290 76.902634 189.737396 0.000000 1.000000 0.000000 0.848706 0.849335 1 0 1.000000
  0 80.532776 76.902641 186.287277 0.000000 1.000000 0.000000 0.864748 0.053407 1 0 1.000000
stair_02_old
  0 80.532776 76.902641 186.287277 0.000000 1.000000 0.000000 0.864748 0.053407 1 0 1.000000
  0 -80.916290 76.902634 189.737396 0.000000 1.000000 0.000000 0.848706 0.849335 1 0 1.000000
  0 80.532776 76.902641 189.737396 0.000000 1.000000 0.000000 0.848706 0.053407 1 0 1.000000
stair_02_old
  0 80.532776 -0.067876 186.287277 1.000000 0.000000 0.000000 0.493181 0.037364 1 0 1.000000
  0 80.532776 76.902641 186.287277 1.000000 0.000000 0.000000 0.848706 0.037364 1 0 1.000000
  0 80.532776 -0.067876 189.737396 1.000000 0.000000 0.000000 0.493181 0.053407 1 0 1.000000
stair_02_old
  0 80.532776 -0.067876 189.737396 1.000000 0.000000 0.000000 0.493181 0.053407 1 0 1.000000
  0 80.532776 76.902641 186.287277 1.000000 0.000000 0.000000 0.848706 0.037364 1 0 1.000000
  0 80.532776 76.902641 189.737396 1.000000 0.000000 0.000000 0.848706 0.053407 1 0 1.000000
stair_02_old
  0 -80.916290 76.902634 186.287277 -1.000000 0.000000 0.000000 0.848706 0.865378 1 0 1.000000
  0 -80.916290 -0.067883 186.287277 -1.000000 0.000000 0.000000 0.490798 0.865378 1 0 1.000000
  0 -80.916290 76.902634 189.737396 -1.000000 0.000000 0.000000 0.848706 0.849335 1 0 1.000000
stair_02_old
  0 -80.916290 76.902634 189.737396 -1.000000 0.000000 0.000000 0.848706 0.849335 1 0 1.000000
  0 -80.916290 -0.067883 186.287277 -1.000000 0.000000 0.000000 0.490798 0.865378 1 0 1.000000
  0 -80.916290 -0.067883 189.737396 -1.000000 0.000000 0.000000 0.490798 0.849335 1 0 1.000000
stair_02_old
  0 33.124695 -0.067878 189.737396 0.000000 -1.000000 0.000000 0.493181 0.276260 1 0 1.000000
  0 33.124695 -0.067878 186.287277 0.000000 -1.000000 0.000000 0.477138 0.276260 1 0 1.000000
  0 80.532776 -0.067876 189.737396 0.000000 -1.000000 0.000000 0.493181 0.053407 1 0 1.000000
stair_02_old
  0 80.532776 -0.067876 189.737396 0.000000 -1.000000 0.000000 0.493181 0.053407 1 0 1.000000
  0 33.124695 -0.067878 186.287277 0.000000 -1.000000 0.000000 0.477138 0.276260 1 0 1.000000
  0 80.532776 -0.067876 186.287277 0.000000 -1.000000 0.000000 0.477138 0.053407 1 0 1.000000
stair_02_old
  0 33.124695 -0.067878 189.737396 -1.000000 0.000000 0.000000 0.493181 0.276260 1 0 1.000000
  0 33.124695 38.417381 189.737396 -1.000000 0.000000 0.000000 0.669752 0.276260 1 0 1.000000
  0 33.124695 -0.067878 186.287277 -1.000000 0.000000 0.000000 0.493181 0.292303 1 0 1.000000
stair_02_old
  0 33.124695 -0.067878 186.287277 -1.000000 0.000000 0.000000 0.493181 0.292303 1 0 1.000000
  0 33.124695 38.417381 189.737396 -1.000000 0.000000 0.000000 0.669752 0.276260 1 0 1.000000
  0 33.124695 38.417381 186.287277 -1.000000 0.000000 0.000000 0.669752 0.292303 1 0 1.000000
stair_02_old
  0 33.124695 38.417381 189.737396 0.000000 -1.000000 0.000000 0.669752 0.276260 1 0 1.000000
  0 -32.394684 38.417377 189.737396 0.000000 -1.000000 0.000000 0.669752 0.623713 1 0 1.000000
  0 33.124695 38.417381 186.287277 0.000000 -1.000000 0.000000 0.653709 0.276260 1 0 1.000000
stair_02_old
  0 33.124695 38.417381 186.287277 0.000000 -1.000000 0.000000 0.653709 0.276260 1 0 1.000000
  0 -32.394684 38.417377 189.737396 0.000000 -1.000000 0.000000 0.669752 0.623713 1 0 1.000000
  0 -32.394684 38.417377 186.287277 0.000000 -1.000000 0.000000 0.653709 0.623713 1 0 1.000000
stair_02_old
  0 -32.394684 38.417377 189.737396 1.000000 0.000000 0.000000 0.669752 0.623713 1 0 1.000000
  0 -32.394684 -0.067881 189.737396 1.000000 0.000000 0.000000 0.490798 0.623713 1 0 1.000000
  0 -32.394684 38.417377 186.287277 1.000000 0.000000 0.000000 0.669752 0.607670 1 0 1.000000
stair_02_old
  0 -32.394684 38.417377 186.287277 1.000000 0.000000 0.000000 0.669752 0.607670 1 0 1.000000
  0 -32.394684 -0.067881 189.737396 1.000000 0.000000 0.000000 0.490798 0.623713 1 0 1.000000
  0 -32.394684 -0.067881 186.287277 1.000000 0.000000 0.000000 0.490798 0.607670 1 0 1.000000
stair_02_old
  0 -40.501114 4.098623 189.517670 0.000000 -1.000000 0.000000 0.004256 0.972203 1 0 1.000000
  0 28.649429 4.098634 -0.634232 0.000000 -1.000000 0.000000 0.986397 0.972669 1 0 1.000000
  0 -34.308304 4.098623 189.388702 0.000000 -1.000000 0.000000 0.015918 0.942142 1 0 1.000000
stair_02_old
  0 -34.308304 4.098623 189.388702 0.000000 -1.000000 0.000000 0.015918 0.942142 1 0 1.000000
  0 28.649429 4.098634 -0.634232 0.000000 -1.000000 0.000000 0.986397 0.972669 1 0 1.000000
  0 34.890564 4.098634 -0.634232 0.000000 -1.000000 0.000000 0.997514 0.942142 1 0 1.000000
stair_02_old
  0 -34.308304 4.098623 189.388702 0.939635 0.000000 0.342178 0.015918 0.942142 1 0 1.000000
  0 34.890564 4.098634 -0.634232 0.939635 0.000000 0.342178 0.997514 0.942142 1 0 1.000000
  0 -34.308304 6.391592 189.388702 0.939635 0.000000 0.342178 0.015918 0.930207 1 0 1.000000
stair_02_old
  0 -34.308304 6.391592 189.388702 0.939635 0.000000 0.342178 0.015918 0.930207 1 0 1.000000
  0 34.890564 4.098634 -0.634232 0.939635 0.000000 0.342178 0.997514 0.942142 1 0 1.000000
  0 34.890564 6.391603 -0.634232 0.939635 0.000000 0.342178 0.997514 0.930207 1 0 1.000000
stair_02_old
  0 34.890564 6.391603 -0.634232 0.000000 1.000000 0.000000 0.997514 0.930207 1 0 1.000000
  0 28.649429 6.391603 -0.634232 0.000000 1.000000 0.000000 0.986397 0.899680 1 0 1.000000
  0 -34.308304 6.391592 189.388702 0.000000 1.000000 0.000000 0.015918 0.930207 1 0 1.000000
stair_02_old
  0 -34.308304 6.391592 189.388702 0.000000 1.000000 0.000000 0.015918 0.930207 1 0 1.000000
  0 28.649429 6.391603 -0.634232 0.000000 1.000000 0.000000 0.986397 0.899680 1 0 1.000000
  0 -40.501114 6.391592 189.517670 0.000000 1.000000 0.000000 0.004256 0.900146 1 0 1.000000
stair_02_old
  0 -40.501114 6.391592 189.517670 -0.939786 0.000000 -0.341762 0.004251 0.984138 1 0 1.000000
  0 28.649429 6.391603 -0.634232 -0.939786 0.000000 -0.341762 0.986392 0.984604 1 0 1.000000
  0 -40.501114 4.098623 189.517670 -0.939786 0.000000 -0.341762 0.004256 0.972203 1 0 1.000000
stair_02_old
  0 -40.501114 4.098623 189.517670 -0.939786 0.000000 -0.341762 0.004256 0.972203 1 0 1.000000
  0 28.649429 6.391603 -0.634232 -0.939786 0.000000 -0.341762 0.986392 0.984604 1 0 1.000000
  0 28.649429 4.098634 -0.634232 -0.939786 0.000000 -0.341762 0.986397 0.972669 1 0 1.000000
stair_02_old
  0 -40.501114 39.659901 189.517670 0.000000 1.000000 0.000000 0.004256 0.972203 1 0 1.000000
  0 -34.308304 39.659901 189.388702 0.000000 1.000000 0.000000 0.015918 0.942142 1 0 1.000000
  0 28.649427 39.659912 -0.634230 0.000000 1.000000 0.000000 0.986397 0.972669 1 0 1.000000
stair_02_old
  0 28.649427 39.659912 -0.634230 0.000000 1.000000 0.000000 0.986397 0.972669 1 0 1.000000
  0 -34.308304 39.659901 189.388702 0.000000 1.000000 0.000000 0.015918 0.942142 1 0 1.000000
  0 34.890564 39.659912 -0.634230 0.000000 1.000000 0.000000 0.997514 0.942142 1 0 1.000000
stair_02_old
  0 -34.308304 39.659901 189.388702 0.939635 0.000000 0.342178 0.015918 0.942142 1 0 1.000000
  0 -34.308304 37.366962 189.388702 0.939635 0.000000 0.342178 0.015918 0.930207 1 0 1.000000
  0 34.890564 39.659912 -0.634230 0.939635 0.000000 0.342178 0.997514 0.942142 1 0 1.000000
stair_02_old
  0 34.890564 39.659912 -0.634230 0.939635 0.000000 0.342178 0.997514 0.942142 1 0 1.000000
  0 -34.308304 37.366962 189.388702 0.939635 0.000000 0.342178 0.015918 0.930207 1 0 1.000000
  0 34.890564 37.366974 -0.634230 0.939635 0.000000 0.342178 0.997514 0.930207 1 0 1.000000
stair_02_old
  0 -40.501114 37.366962 189.517670 0.000000 -1.000000 0.000000 0.004256 0.900146 1 0 1.000000
  0 28.649427 37.366974 -0.634230 0.000000 -1.000000 0.000000 0.986397 0.899680 1 0 1.000000
  0 -34.308304 37.366962 189.388702 0.000000 -1.000000 0.000000 0.015918 0.930207 1 0 1.000000
stair_02_old
  0 -34.308304 37.366962 189.388702 0.000000 -1.000000 0.000000 0.015918 0.930207 1 0 1.000000
  0 28.649427 37.366974 -0.634230 0.000000 -1.000000 0.000000 0.986397 0.899680 1 0 1.000000
  0 34.890564 37.366974 -0.634230 0.000000 -1.000000 0.000000 0.997514 0.930207 1 0 1.000000
stair_02_old
  0 -40.501114 37.366962 189.517670 -0.939786 0.000000 -0.341762 0.004251 0.984138 1 0 1.000000
  0 -40.501114 39.659901 189.517670 -0.939786 0.000000 -0.341762 0.004256 0.972203 1 0 1.000000
  0 28.649427 37.366974 -0.634230 -0.939786 0.000000 -0.341762 0.986392 0.984604 1 0 1.000000
stair_02_old
  0 28.649427 37.366974 -0.634230 -0.939786 0.000000 -0.341762 0.986392 0.984604 1 0 1.000000
  0 -40.501114 39.659901 189.517670 -0.939786 0.000000 -0.341762 0.004256 0.972203 1 0 1.000000
  0 28.649427 39.659912 -0.634230 -0.939786 0.000000 -0.341762 0.986397 0.972669 1 0 1.000000
stair_02_old
  0 -32.602341 6.302695 172.329758 0.000000 -1.000000 0.000000 0.014042 0.763583 1 0 1.000000
  0 -25.724731 6.302695 172.329758 0.000000 -1.000000 0.000000 0.014042 0.823560 1 0 1.000000
  0 -32.602341 6.302695 173.058136 0.000000 -1.000000 0.000000 0.020809 0.763583 1 0 1.000000
stair_02_old
  0 -32.602341 6.302695 173.058136 0.000000 -1.000000 0.000000 0.020809 0.763583 1 0 1.000000
  0 -25.724731 6.302695 172.329758 0.000000 -1.000000 0.000000 0.014042 0.823560 1 0 1.000000
  0 -25.724731 6.302695 173.058136 0.000000 -1.000000 0.000000 0.020809 0.823560 1 0 1.000000
stair_02_old
  0 -32.602341 6.302695 173.058136 0.000000 0.000000 1.000000 0.020809 0.763583 1 0 1.000000
  0 -25.724731 6.302695 173.058136 0.000000 0.000000 1.000000 0.020809 0.823560 1 0 1.000000
  0 -32.602341 37.342888 173.058136 0.000000 0.000000 1.000000 0.274276 0.763583 1 0 1.000000
stair_02_old
  0 -32.602341 37.342888 173.058136 0.000000 0.000000 1.000000 0.274276 0.763583 1 0 1.000000
  0 -25.724731 6.302695 173.058136 0.000000 0.000000 1.000000 0.020809 0.823560 1 0 1.000000
  0 -25.724733 37.342888 173.058136 0.000000 0.000000 1.000000 0.274276 0.823560 1 0 1.000000
stair_02_old
  0 -32.602341 37.342888 173.058136 0.000000 1.000000 0.000000 0.274276 0.763583 1 0 1.000000
  0 -25.724733 37.342888 173.058136 0.000000 1.000000 0.000000 0.274276 0.823560 1 0 1.000000
  0 -32.602341 37.342888 172.329758 0.000000 1.000000 0.000000 0.281043 0.763583 1 0 1.000000
stair_02_old
  0 -32.602341 37.342888 172.329758 0.000000 1.000000 0.000000 0.281043 0.763583 1 0 1.000000
  0 -25.724733 37.342888 173.058136 0.000000 1.000000 0.000000 0.274276 0.823560 1 0 1.000000
  0 -25.724733 37.342888 172.329758 0.000000 1.000000 0.000000 0.281043 0.823560 1 0 1.000000
stair_02_old
  0 -32.602341 37.342888 172.329758 0.000000 0.000000 -1.000000 0.274276 0.898139 1 0 1.000000
  0 -25.724733 37.342888 172.329758 0.000000 0.000000 -1.000000 0.274276 0.837093 1 0 1.000000
  0 -32.602341 6.302695 172.329758 0.000000 0.000000 -1.000000 0.020809 0.898139 1 0 1.000000
stair_02_old
  0 -32.602341 6.302695 172.329758 0.000000 0.000000 -1.000000 0.020809 0.898139 1 0 1.000000
  0 -25.724733 37.342888 172.329758 0.000000 0.000000 -1.000000 0.274276 0.837093 1 0 1.000000
  0 -25.724731 6.302695 172.329758 0.000000 0.000000 -1.000000 0.020809 0.837093 1 0 1.000000
stair_02_old
  0 -25.724731 6.302695 172.329758 1.000000 0.000000 0.000000 0.020809 0.837093 1 0 1.000000
  0 -25.724733 37.342888 172.329758 1.000000 0.000000 0.000000 0.274276 0.837093 1 0 1.000000
  0 -25.724731 6.302695 173.058136 1.000000 0.000000 0.000000 0.020809 0.823560 1 0 1.000000
stair_02_old
  0 -25.724731 6.302695 173.058136 1.000000 0.000000 0.000000 0.020809 0.823560 1 0 1.000000
  0 -25.724733 37.342888 172.329758 1.000000 0.000000 0.000000 0.274276 0.837093 1 0 1.000000
  0 -25.724733 37.342888 173.058136 1.000000 0.000000 0.000000 0.274276 0.823560 1 0 1.000000
stair_02_old
  0 -32.602341 37.342888 172.329758 -1.000000 0.000000 0.000000 0.274276 0.751184 1 0 1.000000
  0 -32.602341 6.302695 172.329758 -1.000000 0.000000 0.000000 0.020809 0.751184 1 0 1.000000
  0 -32.602341 37.342888 173.058136 -1.000000 0.000000 0.000000 0.274276 0.763583 1 0 1.000000
stair_02_old
  0 -32.602341 37.342888 173.058136 -1.000000 0.000000 0.000000 0.274276 0.763583 1 0 1.000000
  0 -32.602341 6.302695 172.329758 -1.000000 0.000000 0.000000 0.020809 0.751184 1 0 1.000000
  0 -32.602341 6.302695 173.058136 -1.000000 0.000000 0.000000 0.020809 0.763583 1 0 1.000000
stair_02_old
  0 -26.102341 6.302696 154.329758 0.000000 -1.000000 0.000000 0.014042 0.763583 1 0 1.000000
  0 -19.224731 6.302696 154.329758 0.000000 -1.000000 0.000000 0.014042 0.823560 1 0 1.000000
  0 -26.102341 6.302696 155.058136 0.000000 -1.000000 0.000000 0.020809 0.763583 1 0 1.000000
stair_02_old
  0 -26.102341 6.302696 155.058136 0.000000 -1.000000 0.000000 0.020809 0.763583 1 0 1.000000
  0 -19.224731 6.302696 154.329758 0.000000 -1.000000 0.000000 0.014042 0.823560 1 0 1.000000
  0 -19.224731 6.302696 155.058136 0.000000 -1.000000 0.000000 0.020809 0.823560 1 0 1.000000
stair_02_old
  0 -26.102341 6.302696 155.058136 0.000000 0.000000 1.000000 0.020809 0.763583 1 0 1.000000
  0 -19.224731 6.302696 155.058136 0.000000 0.000000 1.000000 0.020809 0.823560 1 0 1.000000
  0 -26.102343 37.342888 155.058136 0.000000 0.000000 1.000000 0.274276 0.763583 1 0 1.000000
stair_02_old
  0 -26.102343 37.342888 155.058136 0.000000 0.000000 1.000000 0.274276 0.763583 1 0 1.000000
  0 -19.224731 6.302696 155.058136 0.000000 0.000000 1.000000 0.020809 0.823560 1 0 1.000000
  0 -19.224733 37.342888 155.058136 0.000000 0.000000 1.000000 0.274276 0.823560 1 0 1.000000
stair_02_old
  0 -26.102343 37.342888 155.058136 0.000000 1.000000 0.000000 0.274276 0.763583 1 0 1.000000
  0 -19.224733 37.342888 155.058136 0.000000 1.000000 0.000000 0.274276 0.823560 1 0 1.000000
  0 -26.102343 37.342888 154.329758 0.000000 1.000000 0.000000 0.281043 0.763583 1 0 1.000000
stair_02_old
  0 -26.102343 37.342888 154.329758 0.000000 1.000000 0.000000 0.281043 0.763583 1 0 1.000000
  0 -19.224733 37.342888 155.058136 0.000000 1.000000 0.000000 0.274276 0.823560 1 0 1.000000
  0 -19.224733 37.342888 154.329758 0.000000 1.000000 0.000000 0.281043 0.823560 1 0 1.000000
stair_02_old
  0 -26.102343 37.342888 154.329758 0.000000 0.000000 -1.000000 0.274276 0.898139 1 0 1.000000
  0 -19.224733 37.342888 154.329758 0.000000 0.000000 -1.000000 0.274276 0.837093 1 0 1.000000
  0 -26.102341 6.302696 154.329758 0.000000 0.000000 -1.000000 0.020809 0.898139 1 0 1.000000
stair_02_old
  0 -26.102341 6.302696 154.329758 0.000000 0.000000 -1.000000 0.020809 0.898139 1 0 1.000000
  0 -19.224733 37.342888 154.329758 0.000000 0.000000 -1.000000 0.274276 0.837093 1 0 1.000000
  0 -19.224731 6.302696 154.329758 0.000000 0.000000 -1.000000 0.020809 0.837093 1 0 1.000000
stair_02_old
  0 -19.224731 6.302696 154.329758 1.000000 0.000000 0.000000 0.020809 0.837093 1 0 1.000000
  0 -19.224733 37.342888 154.329758 1.000000 0.000000 0.000000 0.274276 0.837093 1 0 1.000000
  0 -19.224731 6.302696 155.058136 1.000000 0.000000 0.000000 0.020809 0.823560 1 0 1.000000
stair_02_old
  0 -19.224731 6.302696 155.058136 1.000000 0.000000 0.000000 0.020809 0.823560 1 0 1.000000
  0 -19.224733 37.342888 154.329758 1.000000 0.000000 0.000000 0.274276 0.837093 1 0 1.000000
  0 -19.224733 37.342888 155.058136 1.000000 0.000000 0.000000 0.274276 0.823560 1 0 1.000000
stair_02_old
  0 -26.102343 37.342888 154.329758 -1.000000 0.000000 0.000000 0.274276 0.751184 1 0 1.000000
  0 -26.102341 6.302696 154.329758 -1.000000 0.000000 0.000000 0.020809 0.751184 1 0 1.000000
  0 -26.102343 37.342888 155.058136 -1.000000 0.000000 0.000000 0.274276 0.763583 1 0 1.000000
stair_02_old
  0 -26.102343 37.342888 155.058136 -1.000000 0.000000 0.000000 0.274276 0.763583 1 0 1.000000
  0 -26.102341 6.302696 154.329758 -1.000000 0.000000 0.000000 0.020809 0.751184 1 0 1.000000
  0 -26.102341 6.302696 155.058136 -1.000000 0.000000 0.000000 0.020809 0.763583 1 0 1.000000
stair_02_old
  0 -19.602341 6.302697 136.329758 0.000000 -1.000000 0.000000 0.014042 0.763583 1 0 1.000000
  0 -12.724731 6.302697 136.329758 0.000000 -1.000000 0.000000 0.014042 0.823560 1 0 1.000000
  0 -19.602341 6.302697 137.058136 0.000000 -1.000000 0.000000 0.020809 0.763583 1 0 1.000000
stair_02_old
  0 -19.602341 6.302697 137.058136 0.000000 -1.000000 0.000000 0.020809 0.763583 1 0 1.000000
  0 -12.724731 6.302697 136.329758 0.000000 -1.000000 0.000000 0.014042 0.823560 1 0 1.000000
  0 -12.724731 6.302697 137.058136 0.000000 -1.000000 0.000000 0.020809 0.823560 1 0 1.000000
stair_02_old
  0 -19.602341 6.302697 137.058136 0.000000 0.000000 1.000000 0.020809 0.763583 1 0 1.000000
  0 -12.724731 6.302697 137.058136 0.000000 0.000000 1.000000 0.020809 0.823560 1 0 1.000000
  0 -19.602343 37.342888 137.058136 0.000000 0.000000 1.000000 0.274276 0.763583 1 0 1.000000
stair_02_old
  0 -19.602343 37.342888 137.058136 0.000000 0.000000 1.000000 0.274276 0.763583 1 0 1.000000
  0 -12.724731 6.302697 137.058136 0.000000 0.000000 1.000000 0.020809 0.823560 1 0 1.000000
  0 -12.724733 37.342888 137.058136 0.000000 0.000000 1.000000 0.274276 0.823560 1 0 1.000000
stair_02_old
  0 -19.602343 37.342888 137.058136 0.000000 1.000000 0.000000 0.274276 0.763583 1 0 1.000000
  0 -12.724733 37.342888 137.058136 0.000000 1.000000 0.000000 0.274276 0.823560 1 0 1.000000
  0 -19.602343 37.342888 136.329758 0.000000 1.000000 0.000000 0.281043 0.763583 1 0 1.000000
stair_02_old
  0 -19.602343 37.342888 136.329758 0.000000 1.000000 0.000000 0.281043 0.763583 1 0 1.000000
  0 -12.724733 37.342888 137.058136 0.000000 1.000000 0.000000 0.274276 0.823560 1 0 1.000000
  0 -12.724733 37.342888 136.329758 0.000000 1.000000 0.000000 0.281043 0.823560 1 0 1.000000
stair_02_old
  0 -19.602343 37.342888 136.329758 0.000000 0.000000 -1.000000 0.274276 0.898139 1 0 1.000000
  0 -12.724733 37.342888 136.329758 0.000000 0.000000 -1.000000 0.274276 0.837093 1 0 1.000000
  0 -19.602341 6.302697 136.329758 0.000000 0.000000 -1.000000 0.020809 0.898139 1 0 1.000000
stair_02_old
  0 -19.602341 6.302697 136.329758 0.000000 0.000000 -1.000000 0.020809 0.898139 1 0 1.000000
  0 -12.724733 37.342888 136.329758 0.000000 0.000000 -1.000000 0.274276 0.837093 1 0 1.000000
  0 -12.724731 6.302697 136.329758 0.000000 0.000000 -1.000000 0.020809 0.837093 1 0 1.000000
stair_02_old
  0 -12.724731 6.302697 136.329758 1.000000 0.000000 0.000000 0.020809 0.837093 1 0 1.000000
  0 -12.724733 37.342888 136.329758 1.000000 0.000000 0.000000 0.274276 0.837093 1 0 1.000000
  0 -12.724731 6.302697 137.058136 1.000000 0.000000 0.000000 0.020809 0.823560 1 0 1.000000
stair_02_old
  0 -12.724731 6.302697 137.058136 1.000000 0.000000 0.000000 0.020809 0.823560 1 0 1.000000
  0 -12.724733 37.342888 136.329758 1.000000 0.000000 0.000000 0.274276 0.837093 1 0 1.000000
  0 -12.724733 37.342888 137.058136 1.000000 0.000000 0.000000 0.274276 0.823560 1 0 1.000000
stair_02_old
  0 -19.602343 37.342888 136.329758 -1.000000 0.000000 0.000000 0.274276 0.751184 1 0 1.000000
  0 -19.602341 6.302697 136.329758 -1.000000 0.000000 0.000000 0.020809 0.751184 1 0 1.000000
  0 -19.602343 37.342888 137.058136 -1.000000 0.000000 0.000000 0.274276 0.763583 1 0 1.000000
stair_02_old
  0 -19.602343 37.342888 137.058136 -1.000000 0.000000 0.000000 0.274276 0.763583 1 0 1.000000
  0 -19.602341 6.302697 136.329758 -1.000000 0.000000 0.000000 0.020809 0.751184 1 0 1.000000
  0 -19.602341 6.302697 137.058136 -1.000000 0.000000 0.000000 0.020809 0.763583 1 0 1.000000
stair_02_old
  0 -13.102341 6.302698 118.329758 0.000000 -1.000000 0.000000 0.014042 0.763583 1 0 1.000000
  0 -6.224731 6.302699 118.329758 0.000000 -1.000000 0.000000 0.014042 0.823560 1 0 1.000000
  0 -13.102341 6.302698 119.058136 0.000000 -1.000000 0.000000 0.020809 0.763583 1 0 1.000000
stair_02_old
  0 -13.102341 6.302698 119.058136 0.000000 -1.000000 0.000000 0.020809 0.763583 1 0 1.000000
  0 -6.224731 6.302699 118.329758 0.000000 -1.000000 0.000000 0.014042 0.823560 1 0 1.000000
  0 -6.224731 6.302699 119.058136 0.000000 -1.000000 0.000000 0.020809 0.823560 1 0 1.000000
stair_02_old
  0 -13.102341 6.302698 119.058136 0.000000 0.000000 1.000000 0.020809 0.763583 1 0 1.000000
  0 -6.224731 6.302699 119.058136 0.000000 0.000000 1.000000 0.020809 0.823560 1 0 1.000000
  0 -13.102343 37.342888 119.058136 0.000000 0.000000 1.000000 0.274276 0.763583 1 0 1.000000
stair_02_old
  0 -13.102343 37.342888 119.058136 0.000000 0.000000 1.000000 0.274276 0.763583 1 0 1.000000
  0 -6.224731 6.302699 119.058136 0.000000 0.000000 1.000000 0.020809 0.823560 1 0 1.000000
  0 -6.224732 37.342892 119.058136 0.000000 0.000000 1.000000 0.274276 0.823560 1 0 1.000000
stair_02_old
  0 -13.102343 37.342888 119.058136 0.000000 1.000000 0.000000 0.274276 0.763583 1 0 1.000000
  0 -6.224732 37.342892 119.058136 0.000000 1.000000 0.000000 0.274276 0.823560 1 0 1.000000
  0 -13.102343 37.342888 118.329758 0.000000 1.000000 0.000000 0.281043 0.763583 1 0 1.000000
stair_02_old
  0 -13.102343 37.342888 118.329758 0.000000 1.000000 0.000000 0.281043 0.763583 1 0 1.000000
  0 -6.224732 37.342892 119.058136 0.000000 1.000000 0.000000 0.274276 0.823560 1 0 1.000000
  0 -6.224732 37.342892 118.329758 0.000000 1.000000 0.000000 0.281043 0.823560 1 0 1.000000
stair_02_old
  0 -13.102343 37.342888 118.329758 0.000000 0.000000 -1.000000 0.274276 0.898139 1 0 1.000000
  0 -6.224732 37.342892 118.329758 0.000000 0.000000 -1.000000 0.274276 0.837093 1 0 1.000000
  0 -13.102341 6.302698 118.329758 0.000000 0.000000 -1.000000 0.020809 0.898139 1 0 1.000000
stair_02_old
  0 -13.102341 6.302698 118.329758 0.000000 0.000000 -1.000000 0.020809 0.898139 1 0 1.000000
  0 -6.224732 37.342892 118.329758 0.000000 0.000000 -1.000000 0.274276 0.837093 1 0 1.000000
  0 -6.224731 6.302699 118.329758 0.000000 0.000000 -1.000000 0.020809 0.837093 1 0 1.000000
stair_02_old
  0 -6.224731 6.302699 118.329758 1.000000 0.000000 0.000000 0.020809 0.837093 1 0 1.000000
  0 -6.224732 37.342892 118.329758 1.000000 0.000000 0.000000 0.274276 0.837093 1 0 1.000000
  0 -6.224731 6.302699 119.058136 1.000000 0.000000 0.000000 0.020809 0.823560 1 0 1.000000
stair_02_old
  0 -6.224731 6.302699 119.058136 1.000000 0.000000 0.000000 0.020809 0.823560 1 0 1.000000
  0 -6.224732 37.342892 118.329758 1.000000 0.000000 0.000000 0.274276 0.837093 1 0 1.000000
  0 -6.224732 37.342892 119.058136 1.000000 0.000000 0.000000 0.274276 0.823560 1 0 1.000000
stair_02_old
  0 -13.102343 37.342888 118.329758 -1.000000 0.000000 0.000000 0.274276 0.751184 1 0 1.000000
  0 -13.102341 6.302698 118.329758 -1.000000 0.000000 0.000000 0.020809 0.751184 1 0 1.000000
  0 -13.102343 37.342888 119.058136 -1.000000 0.000000 0.000000 0.274276 0.763583 1 0 1.000000
stair_02_old
  0 -13.102343 37.342888 119.058136 -1.000000 0.000000 0.000000 0.274276 0.763583 1 0 1.000000
  0 -13.102341 6.302698 118.329758 -1.000000 0.000000 0.000000 0.020809 0.751184 1 0 1.000000
  0 -13.102341 6.302698 119.058136 -1.000000 0.000000 0.000000 0.020809 0.763583 1 0 1.000000
stair_02_old
  0 -6.602342 6.302699 100.329758 0.000000 -1.000000 0.000000 0.043988 0.576468 1 0 1.000000
  0 0.275269 6.302700 100.329758 0.000000 -1.000000 0.000000 0.103967 0.576468 1 0 1.000000
  0 -6.602342 6.302699 101.058136 0.000000 -1.000000 0.000000 0.043988 0.569701 1 0 1.000000
stair_02_old
  0 -6.602342 6.302699 101.058136 0.000000 -1.000000 0.000000 0.043988 0.569701 1 0 1.000000
  0 0.275269 6.302700 100.329758 0.000000 -1.000000 0.000000 0.103967 0.576468 1 0 1.000000
  0 0.275269 6.302700 101.058136 0.000000 -1.000000 0.000000 0.103967 0.569701 1 0 1.000000
stair_02_old
  0 -6.602342 6.302699 101.058136 0.000000 0.000000 1.000000 0.043988 0.569701 1 0 1.000000
  0 0.275269 6.302700 101.058136 0.000000 0.000000 1.000000 0.103967 0.569701 1 0 1.000000
  0 -6.602343 37.342892 101.058136 0.000000 0.000000 1.000000 0.043988 0.316234 1 0 1.000000
stair_02_old
  0 -6.602343 37.342892 101.058136 0.000000 0.000000 1.000000 0.043988 0.316234 1 0 1.000000
  0 0.275269 6.302700 101.058136 0.000000 0.000000 1.000000 0.103967 0.569701 1 0 1.000000
  0 0.275267 37.342892 101.058136 0.000000 0.000000 1.000000 0.103966 0.316234 1 0 1.000000
stair_02_old
  0 -6.602343 37.342892 101.058136 0.000000 1.000000 0.000000 0.043988 0.316234 1 0 1.000000
  0 0.275267 37.342892 101.058136 0.000000 1.000000 0.000000 0.103966 0.316234 1 0 1.000000
  0 -6.602343 37.342892 100.329758 0.000000 1.000000 0.000000 0.043988 0.309467 1 0 1.000000
stair_02_old
  0 -6.602343 37.342892 100.329758 0.000000 1.000000 0.000000 0.043988 0.309467 1 0 1.000000
  0 0.275267 37.342892 101.058136 0.000000 1.000000 0.000000 0.103966 0.316234 1 0 1.000000
  0 0.275267 37.342892 100.329758 0.000000 1.000000 0.000000 0.103966 0.309467 1 0 1.000000
stair_02_old
  0 -6.602343 37.342892 100.329758 0.000000 0.000000 -1.000000 0.178544 0.316234 1 0 1.000000
  0 0.275267 37.342892 100.329758 0.000000 0.000000 -1.000000 0.117499 0.316234 1 0 1.000000
  0 -6.602342 6.302699 100.329758 0.000000 0.000000 -1.000000 0.178545 0.569701 1 0 1.000000
stair_02_old
  0 -6.602342 6.302699 100.329758 0.000000 0.000000 -1.000000 0.178545 0.569701 1 0 1.000000
  0 0.275267 37.342892 100.329758 0.000000 0.000000 -1.000000 0.117499 0.316234 1 0 1.000000
  0 0.275269 6.302700 100.329758 0.000000 0.000000 -1.000000 0.117499 0.569701 1 0 1.000000
stair_02_old
  0 0.275269 6.302700 100.329758 1.000000 0.000000 0.000000 0.117499 0.569701 1 0 1.000000
  0 0.275267 37.342892 100.329758 1.000000 0.000000 0.000000 0.117499 0.316234 1 0 1.000000
  0 0.275269 6.302700 101.058136 1.000000 0.000000 0.000000 0.103967 0.569701 1 0 1.000000
stair_02_old
  0 0.275269 6.302700 101.058136 1.000000 0.000000 0.000000 0.103967 0.569701 1 0 1.000000
  0 0.275267 37.342892 100.329758 1.000000 0.000000 0.000000 0.117499 0.316234 1 0 1.000000
  0 0.275267 37.342892 101.058136 1.000000 0.000000 0.000000 0.103966 0.316234 1 0 1.000000
stair_02_old
  0 -6.602343 37.342892 100.329758 -1.000000 0.000000 0.000000 0.031589 0.316234 1 0 1.000000
  0 -6.602342 6.302699 100.329758 -1.000000 0.000000 0.000000 0.031589 0.569701 1 0 1.000000
  0 -6.602343 37.342892 101.058136 -1.000000 0.000000 0.000000 0.043988 0.316234 1 0 1.000000
stair_02_old
  0 -6.602343 37.342892 101.058136 -1.000000 0.000000 0.000000 0.043988 0.316234 1 0 1.000000
  0 -6.602342 6.302699 100.329758 -1.000000 0.000000 0.000000 0.031589 0.569701 1 0 1.000000
  0 -6.602342 6.302699 101.058136 -1.000000 0.000000 0.000000 0.043988 0.569701 1 0 1.000000
stair_02_old
  0 -0.102341 6.302700 82.329758 0.000000 -1.000000 0.000000 0.014042 0.763583 1 0 1.000000
  0 6.775269 6.302701 82.329758 0.000000 -1.000000 0.000000 0.014042 0.823560 1 0 1.000000
  0 -0.102341 6.302700 83.058136 0.000000 -1.000000 0.000000 0.020809 0.763583 1 0 1.000000
stair_02_old
  0 -0.102341 6.302700 83.058136 0.000000 -1.000000 0.000000 0.020809 0.763583 1 0 1.000000
  0 6.775269 6.302701 82.329758 0.000000 -1.000000 0.000000 0.014042 0.823560 1 0 1.000000
  0 6.775269 6.302701 83.058136 0.000000 -1.000000 0.000000 0.020809 0.823560 1 0 1.000000
stair_02_old
  0 -0.102341 6.302700 83.058136 0.000000 0.000000 1.000000 0.020809 0.763583 1 0 1.000000
  0 6.775269 6.302701 83.058136 0.000000 0.000000 1.000000 0.020809 0.823560 1 0 1.000000
  0 -0.102343 37.342892 83.058136 0.000000 0.000000 1.000000 0.274276 0.763583 1 0 1.000000
stair_02_old
  0 -0.102343 37.342892 83.058136 0.000000 0.000000 1.000000 0.274276 0.763583 1 0 1.000000
  0 6.775269 6.302701 83.058136 0.000000 0.000000 1.000000 0.020809 0.823560 1 0 1.000000
  0 6.775268 37.342892 83.058136 0.000000 0.000000 1.000000 0.274276 0.823560 1 0 1.000000
stair_02_old
  0 -0.102343 37.342892 83.058136 0.000000 1.000000 0.000000 0.274276 0.763583 1 0 1.000000
  0 6.775268 37.342892 83.058136 0.000000 1.000000 0.000000 0.274276 0.823560 1 0 1.000000
  0 -0.102343 37.342892 82.329758 0.000000 1.000000 0.000000 0.281043 0.763583 1 0 1.000000
stair_02_old
  0 -0.102343 37.342892 82.329758 0.000000 1.000000 0.000000 0.281043 0.763583 1 0 1.000000
  0 6.775268 37.342892 83.058136 0.000000 1.000000 0.000000 0.274276 0.823560 1 0 1.000000
  0 6.775268 37.342892 82.329758 0.000000 1.000000 0.000000 0.281043 0.823560 1 0 1.000000
stair_02_old
  0 -0.102343 37.342892 82.329758 0.000000 0.000000 -1.000000 0.274276 0.898139 1 0 1.000000
  0 6.775268 37.342892 82.329758 0.000000 0.000000 -1.000000 0.274276 0.837093 1 0 1.000000
  0 -0.102341 6.302700 82.329758 0.000000 0.000000 -1.000000 0.020809 0.898139 1 0 1.000000
stair_02_old
  0 -0.102341 6.302700 82.329758 0.000000 0.000000 -1.000000 0.020809 0.898139 1 0 1.000000
  0 6.775268 37.342892 82.329758 0.000000 0.000000 -1.000000 0.274276 0.837093 1 0 1.000000
  0 6.775269 6.302701 82.329758 0.000000 0.000000 -1.000000 0.020809 0.837093 1 0 1.000000
stair_02_old
  0 6.775269 6.302701 82.329758 1.000000 0.000000 0.000000 0.020809 0.837093 1 0 1.000000
  0 6.775268 37.342892 82.329758 1.000000 0.000000 0.000000 0.274276 0.837093 1 0 1.000000
  0 6.775269 6.302701 83.058136 1.000000 0.000000 0.000000 0.020809 0.823560 1 0 1.000000
stair_02_old
  0 6.775269 6.302701 83.058136 1.000000 0.000000 0.000000 0.020809 0.823560 1 0 1.000000
  0 6.775268 37.342892 82.329758 1.000000 0.000000 0.000000 0.274276 0.837093 1 0 1.000000
  0 6.775268 37.342892 83.058136 1.000000 0.000000 0.000000 0.274276 0.823560 1 0 1.000000
stair_02_old
  0 -0.102343 37.342892 82.329758 -1.000000 0.000000 0.000000 0.274276 0.751184 1 0 1.000000
  0 -0.102341 6.302700 82.329758 -1.000000 0.000000 0.000000 0.020809 0.751184 1 0 1.000000
  0 -0.102343 37.342892 83.058136 -1.000000 0.000000 0.000000 0.274276 0.763583 1 0 1.000000
stair_02_old
  0 -0.102343 37.342892 83.058136 -1.000000 0.000000 0.000000 0.274276 0.763583 1 0 1.000000
  0 -0.102341 6.302700 82.329758 -1.000000 0.000000 0.000000 0.020809 0.751184 1 0 1.000000
  0 -0.102341 6.302700 83.058136 -1.000000 0.000000 0.000000 0.020809 0.763583 1 0 1.000000
stair_02_old
  0 6.397658 6.302701 64.329750 0.000000 -1.000000 0.000000 0.014042 0.763583 1 0 1.000000
  0 13.275269 6.302701 64.329750 0.000000 -1.000000 0.000000 0.014042 0.823560 1 0 1.000000
  0 6.397658 6.302701 65.058128 0.000000 -1.000000 0.000000 0.020809 0.763583 1 0 1.000000
stair_02_old
  0 6.397658 6.302701 65.058128 0.000000 -1.000000 0.000000 0.020809 0.763583 1 0 1.000000
  0 13.275269 6.302701 64.329750 0.000000 -1.000000 0.000000 0.014042 0.823560 1 0 1.000000
  0 13.275269 6.302701 65.058128 0.000000 -1.000000 0.000000 0.020809 0.823560 1 0 1.000000
stair_02_old
  0 6.397658 6.302701 65.058128 0.000000 0.000000 1.000000 0.020809 0.763583 1 0 1.000000
  0 13.275269 6.302701 65.058128 0.000000 0.000000 1.000000 0.020809 0.823560 1 0 1.000000
  0 6.397657 37.342892 65.058128 0.000000 0.000000 1.000000 0.274276 0.763583 1 0 1.000000
stair_02_old
  0 6.397657 37.342892 65.058128 0.000000 0.000000 1.000000 0.274276 0.763583 1 0 1.000000
  0 13.275269 6.302701 65.058128 0.000000 0.000000 1.000000 0.020809 0.823560 1 0 1.000000
  0 13.275267 37.342892 65.058128 0.000000 0.000000 1.000000 0.274276 0.823560 1 0 1.000000
stair_02_old
  0 6.397657 37.342892 65.058128 0.000000 1.000000 0.000000 0.274276 0.763583 1 0 1.000000
  0 13.275267 37.342892 65.058128 0.000000 1.000000 0.000000 0.274276 0.823560 1 0 1.000000
  0 6.397657 37.342892 64.329750 0.000000 1.000000 0.000000 0.281043 0.763583 1 0 1.000000
stair_02_old
  0 6.397657 37.342892 64.329750 0.000000 1.000000 0.000000 0.281043 0.763583 1 0 1.000000
  0 13.275267 37.342892 65.058128 0.000000 1.000000 0.000000 0.274276 0.823560 1 0 1.000000
  0 13.275267 37.342892 64.329750 0.000000 1.000000 0.000000 0.281043 0.823560 1 0 1.000000
stair_02_old
  0 6.397657 37.342892 64.329750 0.000000 0.000000 -1.000000 0.274276 0.898139 1 0 1.000000
  0 13.275267 37.342892 64.329750 0.000000 0.000000 -1.000000 0.274276 0.837093 1 0 1.000000
  0 6.397658 6.302701 64.329750 0.000000 0.000000 -1.000000 0.020809 0.898139 1 0 1.000000
stair_02_old
  0 6.397658 6.302701 64.329750 0.000000 0.000000 -1.000000 0.020809 0.898139 1 0 1.000000
  0 13.275267 37.342892 64.329750 0.000000 0.000000 -1.000000 0.274276 0.837093 1 0 1.000000
  0 13.275269 6.302701 64.329750 0.000000 0.000000 -1.000000 0.020809 0.837093 1 0 1.000000
stair_02_old
  0 13.275269 6.302701 64.329750 1.000000 0.000000 0.000000 0.020809 0.837093 1 0 1.000000
  0 13.275267 37.342892 64.329750 1.000000 0.000000 0.000000 0.274276 0.837093 1 0 1.000000
  0 13.275269 6.302701 65.058128 1.000000 0.000000 0.000000 0.020809 0.823560 1 0 1.000000
stair_02_old
  0 13.275269 6.302701 65.058128 1.000000 0.000000 0.000000 0.020809 0.823560 1 0 1.000000
  0 13.275267 37.342892 64.329750 1.000000 0.000000 0.000000 0.274276 0.837093 1 0 1.000000
  0 13.275267 37.342892 65.058128 1.000000 0.000000 0.000000 0.274276 0.823560 1 0 1.000000
stair_02_old
  0 6.397657 37.342892 64.329750 -1.000000 0.000000 0.000000 0.274276 0.751184 1 0 1.000000
  0 6.397658 6.302701 64.329750 -1.000000 0.000000 0.000000 0.020809 0.751184 1 0 1.000000
  0 6.397657 37.342892 65.058128 -1.000000 0.000000 0.000000 0.274276 0.763583 1 0 1.000000
stair_02_old
  0 6.397657 37.342892 65.058128 -1.000000 0.000000 0.000000 0.274276 0.763583 1 0 1.000000
  0 6.397658 6.302701 64.329750 -1.000000 0.000000 0.000000 0.020809 0.751184 1 0 1.000000
  0 6.397658 6.302701 65.058128 -1.000000 0.000000 0.000000 0.020809 0.763583 1 0 1.000000
stair_02_old
  0 12.897659 6.302702 46.329750 0.000000 -1.000000 0.000000 0.014042 0.763583 1 0 1.000000
  0 19.775269 6.302703 46.329750 0.000000 -1.000000 0.000000 0.014042 0.823560 1 0 1.000000
  0 12.897659 6.302702 47.058128 0.000000 -1.000000 0.000000 0.020809 0.763583 1 0 1.000000
stair_02_old
  0 12.897659 6.302702 47.058128 0.000000 -1.000000 0.000000 0.020809 0.763583 1 0 1.000000
  0 19.775269 6.302703 46.329750 0.000000 -1.000000 0.000000 0.014042 0.823560 1 0 1.000000
  0 19.775269 6.302702 47.058128 0.000000 -1.000000 0.000000 0.020809 0.823560 1 0 1.000000
stair_02_old
  0 12.897659 6.302702 47.058128 0.000000 0.000000 1.000000 0.020809 0.763583 1 0 1.000000
  0 19.775269 6.302702 47.058128 0.000000 0.000000 1.000000 0.020809 0.823560 1 0 1.000000
  0 12.897657 37.342896 47.058128 0.000000 0.000000 1.000000 0.274276 0.763583 1 0 1.000000
stair_02_old
  0 12.897657 37.342896 47.058128 0.000000 0.000000 1.000000 0.274276 0.763583 1 0 1.000000
  0 19.775269 6.302702 47.058128 0.000000 0.000000 1.000000 0.020809 0.823560 1 0 1.000000
  0 19.775267 37.342896 47.058128 0.000000 0.000000 1.000000 0.274276 0.823560 1 0 1.000000
stair_02_old
  0 12.897657 37.342896 47.058128 0.000000 1.000000 0.000000 0.274276 0.763583 1 0 1.000000
  0 19.775267 37.342896 47.058128 0.000000 1.000000 0.000000 0.274276 0.823560 1 0 1.000000
  0 12.897657 37.342896 46.329750 0.000000 1.000000 0.000000 0.281043 0.763583 1 0 1.000000
stair_02_old
  0 12.897657 37.342896 46.329750 0.000000 1.000000 0.000000 0.281043 0.763583 1 0 1.000000
  0 19.775267 37.342896 47.058128 0.000000 1.000000 0.000000 0.274276 0.823560 1 0 1.000000
  0 19.775267 37.342896 46.329750 0.000000 1.000000 0.000000 0.281043 0.823560 1 0 1.000000
stair_02_old
  0 12.897657 37.342896 46.329750 0.000000 0.000000 -1.000000 0.274276 0.898139 1 0 1.000000
  0 19.775267 37.342896 46.329750 0.000000 0.000000 -1.000000 0.274276 0.837093 1 0 1.000000
  0 12.897659 6.302702 46.329750 0.000000 0.000000 -1.000000 0.020809 0.898139 1 0 1.000000
stair_02_old
  0 12.897659 6.302702 46.329750 0.000000 0.000000 -1.000000 0.020809 0.898139 1 0 1.000000
  0 19.775267 37.342896 46.329750 0.000000 0.000000 -1.000000 0.274276 0.837093 1 0 1.000000
  0 19.775269 6.302703 46.329750 0.000000 0.000000 -1.000000 0.020809 0.837093 1 0 1.000000
stair_02_old
  0 19.775269 6.302703 46.329750 1.000000 0.000000 0.000000 0.020809 0.837093 1 0 1.000000
  0 19.775267 37.342896 46.329750 1.000000 0.000000 0.000000 0.274276 0.837093 1 0 1.000000
  0 19.775269 6.302702 47.058128 1.000000 0.000000 0.000000 0.020809 0.823560 1 0 1.000000
stair_02_old
  0 19.775269 6.302702 47.058128 1.000000 0.000000 0.000000 0.020809 0.823560 1 0 1.000000
  0 19.775267 37.342896 46.329750 1.000000 0.000000 0.000000 0.274276 0.837093 1 0 1.000000
  0 19.775267 37.342896 47.058128 1.000000 0.000000 0.000000 0.274276 0.823560 1 0 1.000000
stair_02_old
  0 12.897657 37.342896 46.329750 -1.000000 0.000000 0.000000 0.274276 0.751184 1 0 1.000000
  0 12.897659 6.302702 46.329750 -1.000000 0.000000 0.000000 0.020809 0.751184 1 0 1.000000
  0 12.897657 37.342896 47.058128 -1.000000 0.000000 0.000000 0.274276 0.763583 1 0 1.000000
stair_02_old
  0 12.897657 37.342896 47.058128 -1.000000 0.000000 0.000000 0.274276 0.763583 1 0 1.000000
  0 12.897659 6.302702 46.329750 -1.000000 0.000000 0.000000 0.020809 0.751184 1 0 1.000000
  0 12.897659 6.302702 47.058128 -1.000000 0.000000 0.000000 0.020809 0.763583 1 0 1.000000
stair_02_old
  0 19.397659 6.302703 28.329750 0.000000 -1.000000 0.000000 0.014042 0.763583 1 0 1.000000
  0 26.275269 6.302704 28.329750 0.000000 -1.000000 0.000000 0.014042 0.823560 1 0 1.000000
  0 19.397659 6.302703 29.058128 0.000000 -1.000000 0.000000 0.020809 0.763583 1 0 1.000000
stair_02_old
  0 19.397659 6.302703 29.058128 0.000000 -1.000000 0.000000 0.020809 0.763583 1 0 1.000000
  0 26.275269 6.302704 28.329750 0.000000 -1.000000 0.000000 0.014042 0.823560 1 0 1.000000
  0 26.275269 6.302704 29.058128 0.000000 -1.000000 0.000000 0.020809 0.823560 1 0 1.000000
stair_02_old
  0 19.397659 6.302703 29.058128 0.000000 0.000000 1.000000 0.020809 0.763583 1 0 1.000000
  0 26.275269 6.302704 29.058128 0.000000 0.000000 1.000000 0.020809 0.823560 1 0 1.000000
  0 19.397657 37.342896 29.058130 0.000000 0.000000 1.000000 0.274276 0.763583 1 0 1.000000
stair_02_old
  0 19.397657 37.342896 29.058130 0.000000 0.000000 1.000000 0.274276 0.763583 1 0 1.000000
  0 26.275269 6.302704 29.058128 0.000000 0.000000 1.000000 0.020809 0.823560 1 0 1.000000
  0 26.275267 37.342896 29.058130 0.000000 0.000000 1.000000 0.274276 0.823560 1 0 1.000000
stair_02_old
  0 19.397657 37.342896 29.058130 0.000000 1.000000 0.000000 0.274276 0.763583 1 0 1.000000
  0 26.275267 37.342896 29.058130 0.000000 1.000000 0.000000 0.274276 0.823560 1 0 1.000000
  0 19.397657 37.342896 28.329752 0.000000 1.000000 0.000000 0.281043 0.763583 1 0 1.000000
stair_02_old
  0 19.397657 37.342896 28.329752 0.000000 1.000000 0.000000 0.281043 0.763583 1 0 1.000000
  0 26.275267 37.342896 29.058130 0.000000 1.000000 0.000000 0.274276 0.823560 1 0 1.000000
  0 26.275267 37.342896 28.329752 0.000000 1.000000 0.000000 0.281043 0.823560 1 0 1.000000
stair_02_old
  0 19.397657 37.342896 28.329752 0.000000 0.000000 -1.000000 0.274276 0.898139 1 0 1.000000
  0 26.275267 37.342896 28.329752 0.000000 0.000000 -1.000000 0.274276 0.837093 1 0 1.000000
  0 19.397659 6.302703 28.329750 0.000000 0.000000 -1.000000 0.020809 0.898139 1 0 1.000000
stair_02_old
  0 19.397659 6.302703 28.329750 0.000000 0.000000 -1.000000 0.020809 0.898139 1 0 1.000000
  0 26.275267 37.342896 28.329752 0.000000 0.000000 -1.000000 0.274276 0.837093 1 0 1.000000
  0 26.275269 6.302704 28.329750 0.000000 0.000000 -1.000000 0.020809 0.837093 1 0 1.000000
stair_02_old
  0 26.275269 6.302704 28.329750 1.000000 0.000000 0.000000 0.020809 0.837093 1 0 1.000000
  0 26.275267 37.342896 28.329752 1.000000 0.000000 0.000000 0.274276 0.837093 1 0 1.000000
  0 26.275269 6.302704 29.058128 1.000000 0.000000 0.000000 0.020809 0.823560 1 0 1.000000
stair_02_old
  0 26.275269 6.302704 29.058128 1.000000 0.000000 0.000000 0.020809 0.823560 1 0 1.000000
  0 26.275267 37.342896 28.329752 1.000000 0.000000 0.000000 0.274276 0.837093 1 0 1.000000
  0 26.275267 37.342896 29.058130 1.000000 0.000000 0.000000 0.274276 0.823560 1 0 1.000000
stair_02_old
  0 19.397657 37.342896 28.329752 -1.000000 0.000000 0.000000 0.274276 0.751184 1 0 1.000000
  0 19.397659 6.302703 28.329750 -1.000000 0.000000 0.000000 0.020809 0.751184 1 0 1.000000
  0 19.397657 37.342896 29.058130 -1.000000 0.000000 0.000000 0.274276 0.763583 1 0 1.000000
stair_02_old
  0 19.397657 37.342896 29.058130 -1.000000 0.000000 0.000000 0.274276 0.763583 1 0 1.000000
  0 19.397659 6.302703 28.329750 -1.000000 0.000000 0.000000 0.020809 0.751184 1 0 1.000000
  0 19.397659 6.302703 29.058128 -1.000000 0.000000 0.000000 0.020809 0.763583 1 0 1.000000
stair_02_old
  0 25.897659 6.302704 10.329750 0.000000 -1.000000 0.000000 0.014042 0.763583 1 0 1.000000
  0 32.775299 6.302705 10.329750 0.000000 -1.000000 0.000000 0.014042 0.823560 1 0 1.000000
  0 25.897659 6.302704 11.058128 0.000000 -1.000000 0.000000 0.020809 0.763583 1 0 1.000000
stair_02_old
  0 25.897659 6.302704 11.058128 0.000000 -1.000000 0.000000 0.020809 0.763583 1 0 1.000000
  0 32.775299 6.302705 10.329750 0.000000 -1.000000 0.000000 0.014042 0.823560 1 0 1.000000
  0 32.775299 6.302705 11.058128 0.000000 -1.000000 0.000000 0.020809 0.823560 1 0 1.000000
stair_02_old
  0 25.897659 6.302704 11.058128 0.000000 0.000000 1.000000 0.020809 0.763583 1 0 1.000000
  0 32.775299 6.302705 11.058128 0.000000 0.000000 1.000000 0.020809 0.823560 1 0 1.000000
  0 25.897657 37.342896 11.058130 0.000000 0.000000 1.000000 0.274276 0.763583 1 0 1.000000
stair_02_old
  0 25.897657 37.342896 11.058130 0.000000 0.000000 1.000000 0.274276 0.763583 1 0 1.000000
  0 32.775299 6.302705 11.058128 0.000000 0.000000 1.000000 0.020809 0.823560 1 0 1.000000
  0 32.775299 37.342896 11.058130 0.000000 0.000000 1.000000 0.274276 0.823560 1 0 1.000000
stair_02_old
  0 25.897657 37.342896 11.058130 0.000000 1.000000 0.000000 0.274276 0.763583 1 0 1.000000
  0 32.775299 37.342896 11.058130 0.000000 1.000000 0.000000 0.274276 0.823560 1 0 1.000000
  0 25.897657 37.342896 10.329752 0.000000 1.000000 0.000000 0.281043 0.763583 1 0 1.000000
stair_02_old
  0 25.897657 37.342896 10.329752 0.000000 1.000000 0.000000 0.281043 0.763583 1 0 1.000000
  0 32.775299 37.342896 11.058130 0.000000 1.000000 0.000000 0.274276 0.823560 1 0 1.000000
  0 32.775299 37.342896 10.329752 0.000000 1.000000 0.000000 0.281043 0.823560 1 0 1.000000
stair_02_old
  0 25.897657 37.342896 10.329752 0.000000 0.000000 -1.000000 0.274276 0.898139 1 0 1.000000
  0 32.775299 37.342896 10.329752 0.000000 0.000000 -1.000000 0.274276 0.837093 1 0 1.000000
  0 25.897659 6.302704 10.329750 0.000000 0.000000 -1.000000 0.020809 0.898139 1 0 1.000000
stair_02_old
  0 25.897659 6.302704 10.329750 0.000000 0.000000 -1.000000 0.020809 0.898139 1 0 1.000000
  0 32.775299 37.342896 10.329752 0.000000 0.000000 -1.000000 0.274276 0.837093 1 0 1.000000
  0 32.775299 6.302705 10.329750 0.000000 0.000000 -1.000000 0.020809 0.837093 1 0 1.000000
stair_02_old
  0 32.775299 6.302705 10.329750 1.000000 0.000000 0.000000 0.020809 0.837093 1 0 1.000000
  0 32.775299 37.342896 10.329752 1.000000 0.000000 0.000000 0.274276 0.837093 1 0 1.000000
  0 32.775299 6.302705 11.058128 1.000000 0.000000 0.000000 0.020809 0.823560 1 0 1.000000
stair_02_old
  0 32.775299 6.302705 11.058128 1.000000 0.000000 0.000000 0.020809 0.823560 1 0 1.000000
  0 32.775299 37.342896 10.329752 1.000000 0.000000 0.000000 0.274276 0.837093 1 0 1.000000
  0 32.775299 37.342896 11.058130 1.000000 0.000000 0.000000 0.274276 0.823560 1 0 1.000000
stair_02_old
  0 25.897657 37.342896 10.329752 -1.000000 0.000000 0.000000 0.274276 0.751184 1 0 1.000000
  0 25.897659 6.302704 10.329750 -1.000000 0.000000 0.000000 0.020809 0.751184 1 0 1.000000
  0 25.897657 37.342896 11.058130 -1.000000 0.000000 0.000000 0.274276 0.763583 1 0 1.000000
stair_02_old
  0 25.897657 37.342896 11.058130 -1.000000 0.000000 0.000000 0.274276 0.763583 1 0 1.000000
  0 25.897659 6.302704 10.329750 -1.000000 0.000000 0.000000 0.020809 0.751184 1 0 1.000000
  0 25.897659 6.302704 11.058128 -1.000000 0.000000 0.000000 0.020809 0.763583 1 0 1.000000
stair_02_old
  0 78.984131 7.287621 237.041718 1.000000 0.000000 0.000000 0.461261 0.081271 1 0 1.000000
  0 78.984131 5.540612 237.041718 1.000000 0.000000 0.000000 0.461261 0.099666 1 0 1.000000
  0 78.984131 7.287623 189.248444 1.000000 0.000000 0.000000 0.065458 0.081267 1 0 1.000000
stair_02_old
  0 78.984131 7.287623 189.248444 1.000000 0.000000 0.000000 0.065458 0.081267 1 0 1.000000
  0 78.984131 5.540612 237.041718 1.000000 0.000000 0.000000 0.461261 0.099666 1 0 1.000000
  0 78.984131 5.540614 189.248444 1.000000 0.000000 0.000000 0.065458 0.099662 1 0 1.000000
stair_02_old
  0 78.984131 5.540612 237.041718 0.000018 -1.000000 0.000000 0.461261 0.099666 1 0 1.000000
  0 77.237122 5.540581 237.041718 0.000018 -1.000000 0.000000 0.461261 0.118061 1 0 1.000000
  0 78.984131 5.540614 189.248444 0.000018 -1.000000 0.000000 0.065458 0.099662 1 0 1.000000
stair_02_old
  0 78.984131 5.540614 189.248444 0.000018 -1.000000 0.000000 0.065458 0.099662 1 0 1.000000
  0 77.237122 5.540581 237.041718 0.000018 -1.000000 0.000000 0.461261 0.118061 1 0 1.000000
  0 77.237122 5.540583 189.248444 0.000018 -1.000000 0.000000 0.065458 0.118058 1 0 1.000000
stair_02_old
  0 77.237122 5.540581 237.041718 -1.000000 0.000000 0.000000 0.461261 0.118061 1 0 1.000000
  0 77.237122 7.287621 237.041718 -1.000000 0.000000 0.000000 0.461261 0.136457 1 0 1.000000
  0 77.237122 5.540583 189.248444 -1.000000 0.000000 0.000000 0.065458 0.118058 1 0 1.000000
stair_02_old
  0 77.237122 5.540583 189.248444 -1.000000 0.000000 0.000000 0.065458 0.118058 1 0 1.000000
  0 77.237122 7.287621 237.041718 -1.000000 0.000000 0.000000 0.461261 0.136457 1 0 1.000000
  0 77.237122 7.287623 189.248444 -1.000000 0.000000 0.000000 0.065458 0.136454 1 0 1.000000
stair_02_old
  0 77.237122 7.287621 237.041718 0.000000 1.000000 0.000000 0.461261 0.136457 1 0 1.000000
  0 78.984131 7.287621 237.041718 0.000000 1.000000 0.000000 0.461261 0.154853 1 0 1.000000
  0 77.237122 7.287623 189.248444 0.000000 1.000000 0.000000 0.065458 0.136454 1 0 1.000000
stair_02_old
  0 77.237122 7.287623 189.248444 0.000000 1.000000 0.000000 0.065458 0.136454 1 0 1.000000
  0 78.984131 7.287621 237.041718 0.000000 1.000000 0.000000 0.461261 0.154853 1 0 1.000000
  0 78.984131 7.287623 189.248444 0.000000 1.000000 0.000000 0.065458 0.154849 1 0 1.000000
stair_02_old
  0 -77.742203 75.599564 237.041718 1.000000 0.000000 0.000000 0.461261 0.081271 1 0 1.000000
  0 -77.742203 73.852554 237.041718 1.000000 0.000000 0.000000 0.461261 0.099666 1 0 1.000000
  0 -77.742203 75.599564 189.248444 1.000000 0.000000 0.000000 0.065458 0.081267 1 0 1.000000
stair_02_old
  0 -77.742203 75.599564 189.248444 1.000000 0.000000 0.000000 0.065458 0.081267 1 0 1.000000
  0 -77.742203 73.852554 237.041718 1.000000 0.000000 0.000000 0.461261 0.099666 1 0 1.000000
  0 -77.742203 73.852554 189.248444 1.000000 0.000000 0.000000 0.065458 0.099662 1 0 1.000000
stair_02_old
  0 -77.742203 73.852554 237.041718 0.000018 -1.000000 0.000000 0.461261 0.099666 1 0 1.000000
  0 -79.489227 73.852524 237.041718 0.000018 -1.000000 0.000000 0.461261 0.118061 1 0 1.000000
  0 -77.742203 73.852554 189.248444 0.000018 -1.000000 0.000000 0.065458 0.099662 1 0 1.000000
stair_02_old
  0 -77.742203 73.852554 189.248444 0.000018 -1.000000 0.000000 0.065458 0.099662 1 0 1.000000
  0 -79.489227 73.852524 237.041718 0.000018 -1.000000 0.000000 0.461261 0.118061 1 0 1.000000
  0 -79.489227 73.852524 189.248444 0.000018 -1.000000 0.000000 0.065458 0.118058 1 0 1.000000
stair_02_old
  0 -79.489227 73.852524 237.041718 -1.000000 0.000000 0.000000 0.461261 0.118061 1 0 1.000000
  0 -79.489227 75.599564 237.041718 -1.000000 0.000000 0.000000 0.461261 0.136457 1 0 1.000000
  0 -79.489227 73.852524 189.248444 -1.000000 0.000000 0.000000 0.065458 0.118058 1 0 1.000000
stair_02_old
  0 -79.489227 73.852524 189.248444 -1.000000 0.000000 0.000000 0.065458 0.118058 1 0 1.000000
  0 -79.489227 75.599564 237.041718 -1.000000 0.000000 0.000000 0.461261 0.136457 1 0 1.000000
  0 -79.489227 75.599564 189.248444 -1.000000 0.000000 0.000000 0.065458 0.136454 1 0 1.000000
stair_02_old
  0 -79.489227 75.599564 237.041718 0.000000 1.000000 0.000000 0.461261 0.136457 1 0 1.000000
  0 -77.742203 75.599564 237.041718 0.000000 1.000000 0.000000 0.461261 0.154853 1 0 1.000000
  0 -79.489227 75.599564 189.248444 0.000000 1.000000 0.000000 0.065458 0.136454 1 0 1.000000
stair_02_old
  0 -79.489227 75.599564 189.248444 0.000000 1.000000 0.000000 0.065458 0.136454 1 0 1.000000
  0 -77.742203 75.599564 237.041718 0.000000 1.000000 0.000000 0.461261 0.154853 1 0 1.000000
  0 -77.742203 75.599564 189.248444 0.000000 1.000000 0.000000 0.065458 0.154849 1 0 1.000000
stair_02_old
  0 28.595715 75.599571 237.041718 1.000000 0.000000 0.000000 0.461261 0.081271 1 0 1.000000
  0 28.595715 73.852562 237.041718 1.000000 0.000000 0.000000 0.461261 0.099666 1 0 1.000000
  0 28.595715 75.599571 189.248444 1.000000 0.000000 0.000000 0.065458 0.081267 1 0 1.000000
stair_02_old
  0 28.595715 75.599571 189.248444 1.000000 0.000000 0.000000 0.065458 0.081267 1 0 1.000000
  0 28.595715 73.852562 237.041718 1.000000 0.000000 0.000000 0.461261 0.099666 1 0 1.000000
  0 28.595715 73.852562 189.248444 1.000000 0.000000 0.000000 0.065458 0.099662 1 0 1.000000
stair_02_old
  0 28.595715 73.852562 237.041718 0.000018 -1.000000 0.000000 0.461261 0.099666 1 0 1.000000
  0 26.848690 73.852531 237.041718 0.000018 -1.000000 0.000000 0.461261 0.118061 1 0 1.000000
  0 28.595715 73.852562 189.248444 0.000018 -1.000000 0.000000 0.065458 0.099662 1 0 1.000000
stair_02_old
  0 28.595715 73.852562 189.248444 0.000018 -1.000000 0.000000 0.065458 0.099662 1 0 1.000000
  0 26.848690 73.852531 237.041718 0.000018 -1.000000 0.000000 0.461261 0.118061 1 0 1.000000
  0 26.848690 73.852531 189.248444 0.000018 -1.000000 0.000000 0.065458 0.118058 1 0 1.000000
stair_02_old
  0 26.848690 73.852531 237.041718 -1.000000 0.000000 0.000000 0.461261 0.118061 1 0 1.000000
  0 26.848690 75.599571 237.041718 -1.000000 0.000000 0.000000 0.461261 0.136457 1 0 1.000000
  0 26.848690 73.852531 189.248444 -1.000000 0.000000 0.000000 0.065458 0.118058 1 0 1.000000
stair_02_old
  0 26.848690 73.852531 189.248444 -1.000000 0.000000 0.000000 0.065458 0.118058 1 0 1.000000
  0 26.848690 75.599571 237.041718 -1.000000 0.000000 0.000000 0.461261 0.136457 1 0 1.000000
  0 26.848690 75.599571 189.248444 -1.000000 0.000000 0.000000 0.065458 0.136454 1 0 1.000000
stair_02_old
  0 26.848690 75.599571 237.041718 0.000000 1.000000 0.000000 0.461261 0.136457 1 0 1.000000
  0 28.595715 75.599571 237.041718 0.000000 1.000000 0.000000 0.461261 0.154853 1 0 1.000000
  0 26.848690 75.599571 189.248444 0.000000 1.000000 0.000000 0.065458 0.136454 1 0 1.000000
stair_02_old
  0 26.848690 75.599571 189.248444 0.000000 1.000000 0.000000 0.065458 0.136454 1 0 1.000000
  0 28.595715 75.599571 237.041718 0.000000 1.000000 0.000000 0.461261 0.154853 1 0 1.000000
  0 28.595715 75.599571 189.248444 0.000000 1.000000 0.000000 0.065458 0.154849 1 0 1.000000
stair_02_old
  0 -24.047947 75.599571 237.041718 1.000000 0.000000 0.000000 0.461261 0.081271 1 0 1.000000
  0 -24.047947 73.852562 237.041718 1.000000 0.000000 0.000000 0.461261 0.099666 1 0 1.000000
  0 -24.047947 75.599571 189.248444 1.000000 0.000000 0.000000 0.065458 0.081267 1 0 1.000000
stair_02_old
  0 -24.047947 75.599571 189.248444 1.000000 0.000000 0.000000 0.065458 0.081267 1 0 1.000000
  0 -24.047947 73.852562 237.041718 1.000000 0.000000 0.000000 0.461261 0.099666 1 0 1.000000
  0 -24.047947 73.852562 189.248444 1.000000 0.000000 0.000000 0.065458 0.099662 1 0 1.000000
stair_02_old
  0 -24.047947 73.852562 237.041718 0.000018 -1.000000 0.000000 0.461261 0.099666 1 0 1.000000
  0 -25.794956 73.852524 237.041718 0.000018 -1.000000 0.000000 0.461261 0.118061 1 0 1.000000
  0 -24.047947 73.852562 189.248444 0.000018 -1.000000 0.000000 0.065458 0.099662 1 0 1.000000
stair_02_old
  0 -24.047947 73.852562 189.248444 0.000018 -1.000000 0.000000 0.065458 0.099662 1 0 1.000000
  0 -25.794956 73.852524 237.041718 0.000018 -1.000000 0.000000 0.461261 0.118061 1 0 1.000000
  0 -25.794956 73.852531 189.248444 0.000018 -1.000000 0.000000 0.065458 0.118058 1 0 1.000000
stair_02_old
  0 -25.794956 73.852524 237.041718 -1.000000 0.000000 0.000000 0.461261 0.118061 1 0 1.000000
  0 -25.794956 75.599564 237.041718 -1.000000 0.000000 0.000000 0.461261 0.136457 1 0 1.000000
  0 -25.794956 73.852531 189.248444 -1.000000 0.000000 0.000000 0.065458 0.118058 1 0 1.000000
stair_02_old
  0 -25.794956 73.852531 189.248444 -1.000000 0.000000 0.000000 0.065458 0.118058 1 0 1.000000
  0 -25.794956 75.599564 237.041718 -1.000000 0.000000 0.000000 0.461261 0.136457 1 0 1.000000
  0 -25.794956 75.599571 189.248444 -1.000000 0.000000 0.000000 0.065458 0.136454 1 0 1.000000
stair_02_old
  0 -25.794956 75.599564 237.041718 0.000000 1.000000 0.000000 0.461261 0.136457 1 0 1.000000
  0 -24.047947 75.599571 237.041718 0.000000 1.000000 0.000000 0.461261 0.154853 1 0 1.000000
  0 -25.794956 75.599571 189.248444 0.000000 1.000000 0.000000 0.065458 0.136454 1 0 1.000000
stair_02_old
  0 -25.794956 75.599571 189.248444 0.000000 1.000000 0.000000 0.065458 0.136454 1 0 1.000000
  0 -24.047947 75.599571 237.041718 0.000000 1.000000 0.000000 0.461261 0.154853 1 0 1.000000
  0 -24.047947 75.599571 189.248444 0.000000 1.000000 0.000000 0.065458 0.154849 1 0 1.000000
stair_02_old
  0 79.812042 75.931297 238.598099 0.000000 1.000000 0.000000 0.905265 0.719339 1 0 1.000000
  0 79.812042 75.931297 236.187637 0.000000 1.000000 0.000000 0.915546 0.719358 1 0 1.000000
  0 -80.395187 75.931290 238.598099 0.000000 1.000000 0.000000 0.906507 0.035192 1 0 1.000000
stair_02_old
  0 -80.395187 75.931290 238.598099 0.000000 1.000000 0.000000 0.906507 0.035192 1 0 1.000000
  0 79.812042 75.931297 236.187637 0.000000 1.000000 0.000000 0.915546 0.719358 1 0 1.000000
  0 -80.395187 75.931290 236.187637 0.000000 1.000000 0.000000 0.916658 0.035209 1 0 1.000000
stair_02_old
  0 79.812042 75.931297 236.187637 0.000000 0.000000 -1.000000 0.915546 0.719358 1 0 1.000000
  0 79.812042 73.520836 236.187653 0.000000 0.000000 -1.000000 0.925699 0.719374 1 0 1.000000
  0 -80.395187 75.931290 236.187637 0.000000 0.000000 -1.000000 0.916658 0.035209 1 0 1.000000
stair_02_old
  0 -80.395187 75.931290 236.187637 0.000000 0.000000 -1.000000 0.916658 0.035209 1 0 1.000000
  0 79.812042 73.520836 236.187653 0.000000 0.000000 -1.000000 0.925699 0.719374 1 0 1.000000
  0 -80.395187 73.520828 236.187653 0.000000 0.000000 -1.000000 0.926809 0.035226 1 0 1.000000
stair_02_old
  0 79.812042 73.520836 236.187653 0.000000 -1.000000 0.000000 0.884961 0.719301 1 0 1.000000
  0 79.812042 73.520836 238.598114 0.000000 -1.000000 0.000000 0.895113 0.719320 1 0 1.000000
  0 -80.395187 73.520828 236.187653 0.000000 -1.000000 0.000000 0.886203 0.035156 1 0 1.000000
stair_02_old
  0 -80.395187 73.520828 236.187653 0.000000 -1.000000 0.000000 0.886203 0.035156 1 0 1.000000
  0 79.812042 73.520836 238.598114 0.000000 -1.000000 0.000000 0.895113 0.719320 1 0 1.000000
  0 -80.395187 73.520828 238.598114 0.000000 -1.000000 0.000000 0.896355 0.035174 1 0 1.000000
stair_02_old
  0 79.812042 73.520836 238.598114 0.000000 0.000010 1.000000 0.895113 0.719320 1 0 1.000000
  0 79.812042 75.931297 238.598099 0.000000 0.000010 1.000000 0.905265 0.719339 1 0 1.000000
  0 -80.395187 73.520828 238.598114 0.000000 0.000010 1.000000 0.896355 0.035174 1 0 1.000000
stair_02_old
  0 -80.395187 73.520828 238.598114 0.000000 0.000010 1.000000 0.896355 0.035174 1 0 1.000000
  0 79.812042 75.931297 238.598099 0.000000 0.000010 1.000000 0.905265 0.719339 1 0 1.000000
  0 -80.395187 75.931290 238.598099 0.000000 0.000010 1.000000 0.906507 0.035192 1 0 1.000000
stair_02_old
  0 79.812042 73.520836 236.187653 1.000000 0.000000 0.000000 0.915443 0.730289 1 0 1.000000
  0 79.812042 75.931297 236.187637 1.000000 0.000000 0.000000 0.915546 0.719358 1 0 1.000000
  0 79.812042 73.520836 238.598114 1.000000 0.000000 0.000000 0.905265 0.730364 1 0 1.000000
stair_02_old
  0 79.812042 73.520836 238.598114 1.000000 0.000000 0.000000 0.905265 0.730364 1 0 1.000000
  0 79.812042 75.931297 236.187637 1.000000 0.000000 0.000000 0.915546 0.719358 1 0 1.000000
  0 79.812042 75.931297 238.598099 1.000000 0.000000 0.000000 0.905265 0.719339 1 0 1.000000
stair_02_old
  0 -80.395187 73.520828 238.598114 -1.000000 0.000000 0.000000 0.906533 0.025067 1 0 1.000000
  0 -80.395187 75.931290 238.598099 -1.000000 0.000000 0.000000 0.906507 0.035192 1 0 1.000000
  0 -80.395187 73.520828 236.187653 -1.000000 0.000000 0.000000 0.916666 0.025087 1 0 1.000000
stair_02_old
  0 -80.395187 73.520828 236.187653 -1.000000 0.000000 0.000000 0.916666 0.025087 1 0 1.000000
  0 -80.395187 75.931290 238.598099 -1.000000 0.000000 0.000000 0.906507 0.035192 1 0 1.000000
  0 -80.395187 75.931290 236.187637 -1.000000 0.000000 0.000000 0.916658 0.035209 1 0 1.000000
stair_02_old
  0 78.984131 75.599571 237.041718 1.000000 0.000000 0.000000 0.461261 0.081271 1 0 1.000000
  0 78.984131 73.852562 237.041718 1.000000 0.000000 0.000000 0.461261 0.099666 1 0 1.000000
  0 78.984131 75.599571 189.248444 1.000000 0.000000 0.000000 0.065458 0.081267 1 0 1.000000
stair_02_old
  0 78.984131 75.599571 189.248444 1.000000 0.000000 0.000000 0.065458 0.081267 1 0 1.000000
  0 78.984131 73.852562 237.041718 1.000000 0.000000 0.000000 0.461261 0.099666 1 0 1.000000
  0 78.984131 73.852562 189.248444 1.000000 0.000000 0.000000 0.065458 0.099662 1 0 1.000000
stair_02_old
  0 78.984131 73.852562 237.041718 0.000018 -1.000000 0.000000 0.461261 0.099666 1 0 1.000000
  0 77.237122 73.852531 237.041718 0.000018 -1.000000 0.000000 0.461261 0.118061 1 0 1.000000
  0 78.984131 73.852562 189.248444 0.000018 -1.000000 0.000000 0.065458 0.099662 1 0 1.000000
stair_02_old
  0 78.984131 73.852562 189.248444 0.000018 -1.000000 0.000000 0.065458 0.099662 1 0 1.000000
  0 77.237122 73.852531 237.041718 0.000018 -1.000000 0.000000 0.461261 0.118061 1 0 1.000000
  0 77.237122 73.852531 189.248444 0.000018 -1.000000 0.000000 0.065458 0.118058 1 0 1.000000
stair_02_old
  0 77.237122 73.852531 237.041718 -1.000000 0.000000 0.000000 0.461261 0.118061 1 0 1.000000
  0 77.237122 75.599571 237.041718 -1.000000 0.000000 0.000000 0.461261 0.136457 1 0 1.000000
  0 77.237122 73.852531 189.248444 -1.000000 0.000000 0.000000 0.065458 0.118058 1 0 1.000000
stair_02_old
  0 77.237122 73.852531 189.248444 -1.000000 0.000000 0.000000 0.065458 0.118058 1 0 1.000000
  0 77.237122 75.599571 237.041718 -1.000000 0.000000 0.000000 0.461261 0.136457 1 0 1.000000
  0 77.237122 75.599571 189.248444 -1.000000 0.000000 0.000000 0.065458 0.136454 1 0 1.000000
stair_02_old
  0 77.237122 75.599571 237.041718 0.000000 1.000000 0.000000 0.461261 0.136457 1 0 1.000000
  0 78.984131 75.599571 237.041718 0.000000 1.000000 0.000000 0.461261 0.154853 1 0 1.000000
  0 77.237122 75.599571 189.248444 0.000000 1.000000 0.000000 0.065458 0.136454 1 0 1.000000
stair_02_old
  0 77.237122 75.599571 189.248444 0.000000 1.000000 0.000000 0.065458 0.136454 1 0 1.000000
  0 78.984131 75.599571 237.041718 0.000000 1.000000 0.000000 0.461261 0.154853 1 0 1.000000
  0 78.984131 75.599571 189.248444 0.000000 1.000000 0.000000 0.065458 0.154849 1 0 1.000000
stair_02_old
  0 -77.742203 7.287614 237.041718 1.000000 0.000000 0.000000 0.461261 0.081271 1 0 1.000000
  0 -77.742203 5.540605 237.041718 1.000000 0.000000 0.000000 0.461261 0.099666 1 0 1.000000
  0 -77.742203 7.287617 189.248444 1.000000 0.000000 0.000000 0.065458 0.081267 1 0 1.000000
stair_02_old
  0 -77.742203 7.287617 189.248444 1.000000 0.000000 0.000000 0.065458 0.081267 1 0 1.000000
  0 -77.742203 5.540605 237.041718 1.000000 0.000000 0.000000 0.461261 0.099666 1 0 1.000000
  0 -77.742203 5.540607 189.248444 1.000000 0.000000 0.000000 0.065458 0.099662 1 0 1.000000
stair_02_old
  0 -77.742203 5.540605 237.041718 0.000018 -1.000000 0.000000 0.461261 0.099666 1 0 1.000000
  0 -79.489227 5.540574 237.041718 0.000018 -1.000000 0.000000 0.461261 0.118061 1 0 1.000000
  0 -77.742203 5.540607 189.248444 0.000018 -1.000000 0.000000 0.065458 0.099662 1 0 1.000000
stair_02_old
  0 -77.742203 5.540607 189.248444 0.000018 -1.000000 0.000000 0.065458 0.099662 1 0 1.000000
  0 -79.489227 5.540574 237.041718 0.000018 -1.000000 0.000000 0.461261 0.118061 1 0 1.000000
  0 -79.489227 5.540576 189.248444 0.000018 -1.000000 0.000000 0.065458 0.118058 1 0 1.000000
stair_02_old
  0 -79.489227 5.540574 237.041718 -1.000000 0.000000 0.000000 0.461261 0.118061 1 0 1.000000
  0 -79.489227 7.287614 237.041718 -1.000000 0.000000 0.000000 0.461261 0.136457 1 0 1.000000
  0 -79.489227 5.540576 189.248444 -1.000000 0.000000 0.000000 0.065458 0.118058 1 0 1.000000
stair_02_old
  0 -79.489227 5.540576 189.248444 -1.000000 0.000000 0.000000 0.065458 0.118058 1 0 1.000000
  0 -79.489227 7.287614 237.041718 -1.000000 0.000000 0.000000 0.461261 0.136457 1 0 1.000000
  0 -79.489227 7.287616 189.248444 -1.000000 0.000000 0.000000 0.065458 0.136454 1 0 1.000000
stair_02_old
  0 -79.489227 7.287614 237.041718 0.000000 1.000000 0.000000 0.461261 0.136457 1 0 1.000000
  0 -77.742203 7.287614 237.041718 0.000000 1.000000 0.000000 0.461261 0.154853 1 0 1.000000
  0 -79.489227 7.287616 189.248444 0.000000 1.000000 0.000000 0.065458 0.136454 1 0 1.000000
stair_02_old
  0 -79.489227 7.287616 189.248444 0.000000 1.000000 0.000000 0.065458 0.136454 1 0 1.000000
  0 -77.742203 7.287614 237.041718 0.000000 1.000000 0.000000 0.461261 0.154853 1 0 1.000000
  0 -77.742203 7.287617 189.248444 0.000000 1.000000 0.000000 0.065458 0.154849 1 0 1.000000
stair_02_old
  0 79.470245 3.349480 236.187653 0.000000 0.000000 -1.000000 0.905265 0.719339 1 0 1.000000
  0 77.059814 3.349480 236.187653 0.000000 0.000000 -1.000000 0.915546 0.719358 1 0 1.000000
  0 79.470245 73.525963 236.187653 0.000000 0.000000 -1.000000 0.905809 0.424358 1 0 1.000000
stair_02_old
  0 79.470245 73.525963 236.187653 0.000000 0.000000 -1.000000 0.905809 0.424358 1 0 1.000000
  0 77.059814 3.349480 236.187653 0.000000 0.000000 -1.000000 0.915546 0.719358 1 0 1.000000
  0 77.059814 73.525963 236.187653 0.000000 0.000000 -1.000000 0.916033 0.424376 1 0 1.000000
stair_02_old
  0 77.059814 3.349480 236.187653 -1.000000 0.000000 -0.000012 0.915546 0.719358 1 0 1.000000
  0 77.059784 3.349480 238.598099 -1.000000 0.000000 -0.000012 0.925699 0.719374 1 0 1.000000
  0 77.059814 73.525963 236.187653 -1.000000 0.000000 -0.000012 0.916033 0.424376 1 0 1.000000
stair_02_old
  0 77.059814 73.525963 236.187653 -1.000000 0.000000 -0.000012 0.916033 0.424376 1 0 1.000000
  0 77.059784 3.349480 238.598099 -1.000000 0.000000 -0.000012 0.925699 0.719374 1 0 1.000000
  0 77.059784 73.525963 238.598099 -1.000000 0.000000 -0.000012 0.926185 0.424393 1 0 1.000000
stair_02_old
  0 77.059784 3.349480 238.598099 0.000000 0.000000 1.000000 0.884961 0.719301 1 0 1.000000
  0 79.470245 3.349480 238.598099 0.000000 0.000000 1.000000 0.895113 0.719320 1 0 1.000000
  0 77.059784 73.525963 238.598099 0.000000 0.000000 1.000000 0.885505 0.424321 1 0 1.000000
stair_02_old
  0 77.059784 73.525963 238.598099 0.000000 0.000000 1.000000 0.885505 0.424321 1 0 1.000000
  0 79.470245 3.349480 238.598099 0.000000 0.000000 1.000000 0.895113 0.719320 1 0 1.000000
  0 79.470245 73.525963 238.598099 0.000000 0.000000 1.000000 0.895657 0.424339 1 0 1.000000
stair_02_old
  0 79.470245 3.349480 238.598099 1.000000 0.000000 0.000000 0.895113 0.719320 1 0 1.000000
  0 79.470245 3.349480 236.187653 1.000000 0.000000 0.000000 0.905265 0.719339 1 0 1.000000
  0 79.470245 73.525963 238.598099 1.000000 0.000000 0.000000 0.895657 0.424339 1 0 1.000000
stair_02_old
  0 79.470245 73.525963 238.598099 1.000000 0.000000 0.000000 0.895657 0.424339 1 0 1.000000
  0 79.470245 3.349480 236.187653 1.000000 0.000000 0.000000 0.905265 0.719339 1 0 1.000000
  0 79.470245 73.525963 236.187653 1.000000 0.000000 0.000000 0.905809 0.424358 1 0 1.000000
stair_02_old
  0 77.059784 3.349480 238.598099 0.000000 -1.000000 0.000000 0.915443 0.730289 1 0 1.000000
  0 77.059814 3.349480 236.187653 0.000000 -1.000000 0.000000 0.915546 0.719358 1 0 1.000000
  0 79.470245 3.349480 238.598099 0.000000 -1.000000 0.000000 0.905265 0.730364 1 0 1.000000
stair_02_old
  0 79.470245 3.349480 238.598099 0.000000 -1.000000 0.000000 0.905265 0.730364 1 0 1.000000
  0 77.059814 3.349480 236.187653 0.000000 -1.000000 0.000000 0.915546 0.719358 1 0 1.000000
  0 79.470245 3.349480 236.187653 0.000000 -1.000000 0.000000 0.905265 0.719339 1 0 1.000000
stair_02_old
  0 -77.564224 3.349473 238.598114 1.000000 0.000000 0.000000 0.905265 0.719339 1 0 1.000000
  0 -77.564224 3.349473 236.187683 1.000000 0.000000 0.000000 0.915546 0.719358 1 0 1.000000
  0 -77.564224 73.525955 238.598114 1.000000 0.000000 0.000000 0.905809 0.424358 1 0 1.000000
stair_02_old
  0 -77.564224 73.525955 238.598114 1.000000 0.000000 0.000000 0.905809 0.424358 1 0 1.000000
  0 -77.564224 3.349473 236.187683 1.000000 0.000000 0.000000 0.915546 0.719358 1 0 1.000000
  0 -77.564224 73.525955 236.187683 1.000000 0.000000 0.000000 0.916033 0.424376 1 0 1.000000
stair_02_old
  0 -77.564224 3.349473 236.187683 0.000025 0.000000 -1.000000 0.915546 0.719358 1 0 1.000000
  0 -79.974670 3.349473 236.187622 0.000025 0.000000 -1.000000 0.925699 0.719374 1 0 1.000000
  0 -77.564224 73.525955 236.187683 0.000025 0.000000 -1.000000 0.916033 0.424376 1 0 1.000000
stair_02_old
  0 -77.564224 73.525955 236.187683 0.000025 0.000000 -1.000000 0.916033 0.424376 1 0 1.000000
  0 -79.974670 3.349473 236.187622 0.000025 0.000000 -1.000000 0.925699 0.719374 1 0 1.000000
  0 -79.974670 73.525955 236.187622 0.000025 0.000000 -1.000000 0.926185 0.424393 1 0 1.000000
stair_02_old
  0 -79.974670 3.349473 236.187622 -1.000000 0.000000 0.000000 0.884961 0.719301 1 0 1.000000
  0 -79.974670 3.349473 238.598114 -1.000000 0.000000 0.000000 0.895113 0.719320 1 0 1.000000
  0 -79.974670 73.525955 236.187622 -1.000000 0.000000 0.000000 0.885505 0.424321 1 0 1.000000
stair_02_old
  0 -79.974670 73.525955 236.187622 -1.000000 0.000000 0.000000 0.885505 0.424321 1 0 1.000000
  0 -79.974670 3.349473 238.598114 -1.000000 0.000000 0.000000 0.895113 0.719320 1 0 1.000000
  0 -79.974670 73.525955 238.598114 -1.000000 0.000000 0.000000 0.895657 0.424339 1 0 1.000000
stair_02_old
  0 -79.974670 3.349473 238.598114 0.000000 0.000000 1.000000 0.895113 0.719320 1 0 1.000000
  0 -77.564224 3.349473 238.598114 0.000000 0.000000 1.000000 0.905265 0.719339 1 0 1.000000
  0 -79.974670 73.525955 238.598114 0.000000 0.000000 1.000000 0.895657 0.424339 1 0 1.000000
stair_02_old
  0 -79.974670 73.525955 238.598114 0.000000 0.000000 1.000000 0.895657 0.424339 1 0 1.000000
  0 -77.564224 3.349473 238.598114 0.000000 0.000000 1.000000 0.905265 0.719339 1 0 1.000000
  0 -77.564224 73.525955 238.598114 0.000000 0.000000 1.000000 0.905809 0.424358 1 0 1.000000
stair_02_old
  0 -79.974670 3.349473 236.187622 0.000000 -1.000000 0.000000 0.915443 0.730289 1 0 1.000000
  0 -77.564224 3.349473 236.187683 0.000000 -1.000000 0.000000 0.915546 0.719358 1 0 1.000000
  0 -79.974670 3.349473 238.598114 0.000000 -1.000000 0.000000 0.905265 0.730364 1 0 1.000000
stair_02_old
  0 -79.974670 3.349473 238.598114 0.000000 -1.000000 0.000000 0.905265 0.730364 1 0 1.000000
  0 -77.564224 3.349473 236.187683 0.000000 -1.000000 0.000000 0.915546 0.719358 1 0 1.000000
  0 -77.564224 3.349473 238.598114 0.000000 -1.000000 0.000000 0.905265 0.719339 1 0 1.000000
stair_02_old
  0 -77.564209 3.349496 429.652832 0.000000 -0.000001 -1.000000 0.905265 0.719339 1 0 1.000000
  0 -79.974670 3.349465 429.652832 0.000000 -0.000001 -1.000000 0.915546 0.719358 1 0 1.000000
  0 -77.564209 73.525978 429.652832 0.000000 -0.000001 -1.000000 0.905809 0.424358 1 0 1.000000
stair_02_old
  0 -77.564209 73.525978 429.652832 0.000000 -0.000001 -1.000000 0.905809 0.424358 1 0 1.000000
  0 -79.974670 3.349465 429.652832 0.000000 -0.000001 -1.000000 0.915546 0.719358 1 0 1.000000
  0 -79.974640 73.525978 429.652832 0.000000 -0.000001 -1.000000 0.916033 0.424376 1 0 1.000000
stair_02_old
  0 -79.974670 3.349465 429.652832 -1.000000 0.000000 -0.000009 0.915546 0.719358 1 0 1.000000
  0 -79.974670 3.349465 432.063293 -1.000000 0.000000 -0.000009 0.925699 0.719374 1 0 1.000000
  0 -79.974640 73.525978 429.652832 -1.000000 0.000000 -0.000009 0.916033 0.424376 1 0 1.000000
stair_02_old
  0 -79.974640 73.525978 429.652832 -1.000000 0.000000 -0.000009 0.916033 0.424376 1 0 1.000000
  0 -79.974670 3.349465 432.063293 -1.000000 0.000000 -0.000009 0.925699 0.719374 1 0 1.000000
  0 -79.974670 73.525978 432.063293 -1.000000 0.000000 -0.000009 0.926185 0.424393 1 0 1.000000
stair_02_old
  0 -79.974670 3.349465 432.063293 0.000000 0.000000 1.000000 0.884961 0.719301 1 0 1.000000
  0 -77.564209 3.349496 432.063293 0.000000 0.000000 1.000000 0.895113 0.719320 1 0 1.000000
  0 -79.974670 73.525978 432.063293 0.000000 0.000000 1.000000 0.885505 0.424321 1 0 1.000000
stair_02_old
  0 -79.974670 73.525978 432.063293 0.000000 0.000000 1.000000 0.885505 0.424321 1 0 1.000000
  0 -77.564209 3.349496 432.063293 0.000000 0.000000 1.000000 0.895113 0.719320 1 0 1.000000
  0 -77.564209 73.525978 432.063293 0.000000 0.000000 1.000000 0.895657 0.424339 1 0 1.000000
stair_02_old
  0 -77.564209 3.349496 432.063293 1.000000 0.000000 0.000000 0.895113 0.719320 1 0 1.000000
  0 -77.564209 3.349496 429.652832 1.000000 0.000000 0.000000 0.905265 0.719339 1 0 1.000000
  0 -77.564209 73.525978 432.063293 1.000000 0.000000 0.000000 0.895657 0.424339 1 0 1.000000
stair_02_old
  0 -77.564209 73.525978 432.063293 1.000000 0.000000 0.000000 0.895657 0.424339 1 0 1.000000
  0 -77.564209 3.349496 429.652832 1.000000 0.000000 0.000000 0.905265 0.719339 1 0 1.000000
  0 -77.564209 73.525978 429.652832 1.000000 0.000000 0.000000 0.905809 0.424358 1 0 1.000000
stair_02_old
  0 -79.932159 76.843117 430.506897 0.000000 1.000000 0.000001 0.461261 0.081271 1 0 1.000000
  0 -78.185150 76.843117 430.506897 0.000000 1.000000 0.000001 0.461261 0.099666 1 0 1.000000
  0 -79.932159 76.843147 382.713623 0.000000 1.000000 0.000001 0.065458 0.081267 1 0 1.000000
stair_02_old
  0 -79.932159 76.843147 382.713623 0.000000 1.000000 0.000001 0.065458 0.081267 1 0 1.000000
  0 -78.185150 76.843117 430.506897 0.000000 1.000000 0.000001 0.461261 0.099666 1 0 1.000000
  0 -78.185150 76.843147 382.713623 0.000000 1.000000 0.000001 0.065458 0.099662 1 0 1.000000
stair_02_old
  0 -78.185150 76.843117 430.506897 1.000000 0.000000 0.000000 0.461261 0.099666 1 0 1.000000
  0 -78.185150 75.096107 430.506897 1.000000 0.000000 0.000000 0.461261 0.118061 1 0 1.000000
  0 -78.185150 76.843147 382.713623 1.000000 0.000000 0.000000 0.065458 0.099662 1 0 1.000000
stair_02_old
  0 -78.185150 76.843147 382.713623 1.000000 0.000000 0.000000 0.065458 0.099662 1 0 1.000000
  0 -78.185150 75.096107 430.506897 1.000000 0.000000 0.000000 0.461261 0.118061 1 0 1.000000
  0 -78.185150 75.096138 382.713623 1.000000 0.000000 0.000000 0.065458 0.118058 1 0 1.000000
stair_02_old
  0 -78.185150 75.096107 430.506897 -0.000009 -1.000000 0.000000 0.461261 0.118061 1 0 1.000000
  0 -79.932159 75.096138 430.506897 -0.000009 -1.000000 0.000000 0.461261 0.136457 1 0 1.000000
  0 -78.185150 75.096138 382.713623 -0.000009 -1.000000 0.000000 0.065458 0.118058 1 0 1.000000
stair_02_old
  0 -78.185150 75.096138 382.713623 -0.000009 -1.000000 0.000000 0.065458 0.118058 1 0 1.000000
  0 -79.932159 75.096138 430.506897 -0.000009 -1.000000 0.000000 0.461261 0.136457 1 0 1.000000
  0 -79.932159 75.096138 382.713623 -0.000009 -1.000000 0.000000 0.065458 0.136454 1 0 1.000000
stair_02_old
  0 -79.932159 75.096138 430.506897 -1.000000 0.000000 0.000000 0.461261 0.136457 1 0 1.000000
  0 -79.932159 76.843117 430.506897 -1.000000 0.000000 0.000000 0.461261 0.154853 1 0 1.000000
  0 -79.932159 75.096138 382.713623 -1.000000 0.000000 0.000000 0.065458 0.136454 1 0 1.000000
stair_02_old
  0 -79.932159 75.096138 382.713623 -1.000000 0.000000 0.000000 0.065458 0.136454 1 0 1.000000
  0 -79.932159 76.843117 430.506897 -1.000000 0.000000 0.000000 0.461261 0.154853 1 0 1.000000
  0 -79.932159 76.843147 382.713623 -1.000000 0.000000 0.000000 0.065458 0.154849 1 0 1.000000
stair_02_old
  0 -30.494663 76.574928 430.506897 1.000000 0.000000 0.000001 0.461261 0.081271 1 0 1.000000
  0 -30.494663 74.827919 430.506897 1.000000 0.000000 0.000001 0.461261 0.099666 1 0 1.000000
  0 -30.494633 76.574936 382.713623 1.000000 0.000000 0.000001 0.065458 0.081267 1 0 1.000000
stair_02_old
  0 -30.494633 76.574936 382.713623 1.000000 0.000000 0.000001 0.065458 0.081267 1 0 1.000000
  0 -30.494663 74.827919 430.506897 1.000000 0.000000 0.000001 0.461261 0.099666 1 0 1.000000
  0 -30.494633 74.827927 382.713623 1.000000 0.000000 0.000001 0.065458 0.099662 1 0 1.000000
stair_02_old
  0 -30.494663 74.827919 430.506897 0.000000 -1.000000 0.000000 0.461261 0.099666 1 0 1.000000
  0 -32.241673 74.827919 430.506897 0.000000 -1.000000 0.000000 0.461261 0.118061 1 0 1.000000
  0 -30.494633 74.827927 382.713623 0.000000 -1.000000 0.000000 0.065458 0.099662 1 0 1.000000
stair_02_old
  0 -30.494633 74.827927 382.713623 0.000000 -1.000000 0.000000 0.065458 0.099662 1 0 1.000000
  0 -32.241673 74.827919 430.506897 0.000000 -1.000000 0.000000 0.461261 0.118061 1 0 1.000000
  0 -32.241642 74.827927 382.713623 0.000000 -1.000000 0.000000 0.065458 0.118058 1 0 1.000000
stair_02_old
  0 -32.241673 74.827919 430.506897 -1.000000 0.000000 -0.000001 0.461261 0.118061 1 0 1.000000
  0 -32.241673 76.574928 430.506897 -1.000000 0.000000 -0.000001 0.461261 0.136457 1 0 1.000000
  0 -32.241642 74.827927 382.713623 -1.000000 0.000000 -0.000001 0.065458 0.118058 1 0 1.000000
stair_02_old
  0 -32.241642 74.827927 382.713623 -1.000000 0.000000 -0.000001 0.065458 0.118058 1 0 1.000000
  0 -32.241673 76.574928 430.506897 -1.000000 0.000000 -0.000001 0.461261 0.136457 1 0 1.000000
  0 -32.241642 76.574936 382.713623 -1.000000 0.000000 -0.000001 0.065458 0.136454 1 0 1.000000
stair_02_old
  0 -32.241673 76.574928 430.506897 0.000000 1.000000 0.000000 0.461261 0.136457 1 0 1.000000
  0 -30.494663 76.574928 430.506897 0.000000 1.000000 0.000000 0.461261 0.154853 1 0 1.000000
  0 -32.241642 76.574936 382.713623 0.000000 1.000000 0.000000 0.065458 0.136454 1 0 1.000000
stair_02_old
  0 -32.241642 76.574936 382.713623 0.000000 1.000000 0.000000 0.065458 0.136454 1 0 1.000000
  0 -30.494663 76.574928 430.506897 0.000000 1.000000 0.000000 0.461261 0.154853 1 0 1.000000
  0 -30.494633 76.574936 382.713623 0.000000 1.000000 0.000000 0.065458 0.154849 1 0 1.000000
stair_02_old
  0 -29.579014 73.520790 432.063293 1.000000 0.000000 0.000001 0.226532 0.203966 1 0 1.000000
  0 -29.579014 73.520821 429.652832 1.000000 0.000000 0.000001 0.226532 0.181787 1 0 1.000000
  0 -29.579014 75.931252 432.063293 1.000000 0.000000 0.000001 0.248711 0.203966 1 0 1.000000
stair_02_old
  0 -29.579014 75.931252 432.063293 1.000000 0.000000 0.000001 0.248711 0.203966 1 0 1.000000
  0 -29.579014 73.520821 429.652832 1.000000 0.000000 0.000001 0.226532 0.181787 1 0 1.000000
  0 -29.579014 75.931252 429.652832 1.000000 0.000000 0.000001 0.248711 0.181787 1 0 1.000000
stair_02_old
  0 -80.395157 75.931252 432.063293 -1.000000 0.000000 0.000000 0.313940 0.118279 1 0 1.000000
  0 -80.395157 75.931252 429.652832 -1.000000 0.000000 0.000000 0.295818 0.118279 1 0 1.000000
  0 -80.395157 73.520790 432.063293 -1.000000 0.000000 0.000000 0.313940 0.136401 1 0 1.000000
stair_02_old
  0 -80.395157 73.520790 432.063293 -1.000000 0.000000 0.000000 0.313940 0.136401 1 0 1.000000
  0 -80.395157 75.931252 429.652832 -1.000000 0.000000 0.000000 0.295818 0.118279 1 0 1.000000
  0 -80.395157 73.520821 429.652832 -1.000000 0.000000 0.000000 0.295818 0.136401 1 0 1.000000
stair_02_old
  0 -29.579014 75.931252 429.652832 0.000000 0.000000 -1.000000 0.091261 0.118279 1 0 1.000000
  0 -29.579014 73.520821 429.652832 0.000000 0.000000 -1.000000 0.091261 0.136401 1 0 1.000000
  0 -80.395157 75.931252 429.652832 0.000000 0.000000 -1.000000 0.295818 0.118279 1 0 1.000000
stair_02_old
  0 -80.395157 75.931252 429.652832 0.000000 0.000000 -1.000000 0.295818 0.118279 1 0 1.000000
  0 -29.579014 73.520821 429.652832 0.000000 0.000000 -1.000000 0.091261 0.136401 1 0 1.000000
  0 -80.395157 73.520821 429.652832 0.000000 0.000000 -1.000000 0.295818 0.136401 1 0 1.000000
stair_02_old
  0 -29.579014 73.520821 429.652832 0.000000 -1.000000 -0.000013 0.091261 0.136401 1 0 1.000000
  0 -29.579014 73.520790 432.063293 0.000000 -1.000000 -0.000013 0.091261 0.154522 1 0 1.000000
  0 -80.395157 73.520821 429.652832 0.000000 -1.000000 -0.000013 0.295818 0.136401 1 0 1.000000
stair_02_old
  0 -80.395157 73.520821 429.652832 0.000000 -1.000000 -0.000013 0.295818 0.136401 1 0 1.000000
  0 -29.579014 73.520790 432.063293 0.000000 -1.000000 -0.000013 0.091261 0.154522 1 0 1.000000
  0 -80.395157 73.520790 432.063293 0.000000 -1.000000 -0.000013 0.295818 0.154522 1 0 1.000000
stair_02_old
  0 -29.579014 73.520790 432.063293 0.000000 0.000000 1.000000 0.091260 0.082036 1 0 1.000000
  0 -29.579014 75.931252 432.063293 0.000000 0.000000 1.000000 0.091261 0.100158 1 0 1.000000
  0 -80.395157 73.520790 432.063293 0.000000 0.000000 1.000000 0.295818 0.082036 1 0 1.000000
stair_02_old
  0 -80.395157 73.520790 432.063293 0.000000 0.000000 1.000000 0.295818 0.082036 1 0 1.000000
  0 -29.579014 75.931252 432.063293 0.000000 0.000000 1.000000 0.091261 0.100158 1 0 1.000000
  0 -80.395157 75.931252 432.063293 0.000000 0.000000 1.000000 0.295818 0.100157 1 0 1.000000
stair_02_old
  0 -29.579014 75.931252 432.063293 0.000000 1.000000 0.000000 0.091261 0.100158 1 0 1.000000
  0 -29.579014 75.931252 429.652832 0.000000 1.000000 0.000000 0.091261 0.118279 1 0 1.000000
  0 -80.395157 75.931252 432.063293 0.000000 1.000000 0.000000 0.295818 0.100157 1 0 1.000000
stair_02_old
  0 -80.395157 75.931252 432.063293 0.000000 1.000000 0.000000 0.295818 0.100157 1 0 1.000000
  0 -29.579014 75.931252 429.652832 0.000000 1.000000 0.000000 0.091261 0.118279 1 0 1.000000
  0 -80.395157 75.931252 429.652832 0.000000 1.000000 0.000000 0.295818 0.118279 1 0 1.000000
stair_02_old
  0 -30.494661 44.563824 430.506897 1.000000 0.000000 0.000001 0.461261 0.081271 1 0 1.000000
  0 -30.494661 42.816814 430.506897 1.000000 0.000000 0.000001 0.461261 0.099666 1 0 1.000000
  0 -30.494631 44.563824 382.713623 1.000000 0.000000 0.000001 0.065458 0.081267 1 0 1.000000
stair_02_old
  0 -30.494631 44.563824 382.713623 1.000000 0.000000 0.000001 0.065458 0.081267 1 0 1.000000
  0 -30.494661 42.816814 430.506897 1.000000 0.000000 0.000001 0.461261 0.099666 1 0 1.000000
  0 -30.494631 42.816814 382.713623 1.000000 0.000000 0.000001 0.065458 0.099662 1 0 1.000000
stair_02_old
  0 -30.494661 42.816814 430.506897 0.000000 -1.000000 0.000000 0.461261 0.099666 1 0 1.000000
  0 -32.241669 42.816814 430.506897 0.000000 -1.000000 0.000000 0.461261 0.118061 1 0 1.000000
  0 -30.494631 42.816814 382.713623 0.000000 -1.000000 0.000000 0.065458 0.099662 1 0 1.000000
stair_02_old
  0 -30.494631 42.816814 382.713623 0.000000 -1.000000 0.000000 0.065458 0.099662 1 0 1.000000
  0 -32.241669 42.816814 430.506897 0.000000 -1.000000 0.000000 0.461261 0.118061 1 0 1.000000
  0 -32.241638 42.816814 382.713623 0.000000 -1.000000 0.000000 0.065458 0.118058 1 0 1.000000
stair_02_old
  0 -32.241669 42.816814 430.506897 -1.000000 0.000000 -0.000001 0.461261 0.118061 1 0 1.000000
  0 -32.241673 44.563824 430.506897 -1.000000 0.000000 -0.000001 0.461261 0.136457 1 0 1.000000
  0 -32.241638 42.816814 382.713623 -1.000000 0.000000 -0.000001 0.065458 0.118058 1 0 1.000000
stair_02_old
  0 -32.241638 42.816814 382.713623 -1.000000 0.000000 -0.000001 0.065458 0.118058 1 0 1.000000
  0 -32.241673 44.563824 430.506897 -1.000000 0.000000 -0.000001 0.461261 0.136457 1 0 1.000000
  0 -32.241642 44.563824 382.713623 -1.000000 0.000000 -0.000001 0.065458 0.136454 1 0 1.000000
stair_02_old
  0 -32.241673 44.563824 430.506897 0.000000 1.000000 0.000000 0.461261 0.136457 1 0 1.000000
  0 -30.494661 44.563824 430.506897 0.000000 1.000000 0.000000 0.461261 0.154853 1 0 1.000000
  0 -32.241642 44.563824 382.713623 0.000000 1.000000 0.000000 0.065458 0.136454 1 0 1.000000
stair_02_old
  0 -32.241642 44.563824 382.713623 0.000000 1.000000 0.000000 0.065458 0.136454 1 0 1.000000
  0 -30.494661 44.563824 430.506897 0.000000 1.000000 0.000000 0.461261 0.154853 1 0 1.000000
  0 -30.494631 44.563824 382.713623 0.000000 1.000000 0.000000 0.065458 0.154849 1 0 1.000000
stair_02_old
  0 -32.597351 40.783550 432.063293 0.000000 -1.000000 0.000000 0.226532 0.203966 1 0 1.000000
  0 -32.597321 40.783550 429.652832 0.000000 -1.000000 0.000000 0.226532 0.181787 1 0 1.000000
  0 -30.186892 40.783550 432.063293 0.000000 -1.000000 0.000000 0.248711 0.203966 1 0 1.000000
stair_02_old
  0 -30.186892 40.783550 432.063293 0.000000 -1.000000 0.000000 0.248711 0.203966 1 0 1.000000
  0 -32.597321 40.783550 429.652832 0.000000 -1.000000 0.000000 0.226532 0.181787 1 0 1.000000
  0 -30.186892 40.783550 429.652832 0.000000 -1.000000 0.000000 0.248711 0.181787 1 0 1.000000
stair_02_old
  0 -30.186892 40.783550 429.652832 0.000000 0.000000 -1.000000 0.091261 0.118279 1 0 1.000000
  0 -32.597321 40.783550 429.652832 0.000000 0.000000 -1.000000 0.091261 0.136401 1 0 1.000000
  0 -30.186893 73.496651 429.652832 0.000000 0.000000 -1.000000 0.222946 0.118279 1 0 1.000000
stair_02_old
  0 -30.186893 73.496651 429.652832 0.000000 0.000000 -1.000000 0.222946 0.118279 1 0 1.000000
  0 -32.597321 40.783550 429.652832 0.000000 0.000000 -1.000000 0.091261 0.136401 1 0 1.000000
  0 -32.597324 73.496651 429.652832 0.000000 0.000000 -1.000000 0.222946 0.136401 1 0 1.000000
stair_02_old
  0 -32.597321 40.783550 429.652832 -1.000000 0.000000 -0.000014 0.091261 0.136401 1 0 1.000000
  0 -32.597351 40.783550 432.063293 -1.000000 0.000000 -0.000014 0.091261 0.154522 1 0 1.000000
  0 -32.597324 73.496651 429.652832 -1.000000 0.000000 -0.000014 0.222946 0.136401 1 0 1.000000
stair_02_old
  0 -32.597324 73.496651 429.652832 -1.000000 0.000000 -0.000014 0.222946 0.136401 1 0 1.000000
  0 -32.597351 40.783550 432.063293 -1.000000 0.000000 -0.000014 0.091261 0.154522 1 0 1.000000
  0 -32.597355 73.496651 432.063293 -1.000000 0.000000 -0.000014 0.222946 0.154522 1 0 1.000000
stair_02_old
  0 -32.597351 40.783550 432.063293 0.000000 0.000000 1.000000 0.091260 0.082036 1 0 1.000000
  0 -30.186892 40.783550 432.063293 0.000000 0.000000 1.000000 0.091261 0.100158 1 0 1.000000
  0 -32.597355 73.496651 432.063293 0.000000 0.000000 1.000000 0.222945 0.082036 1 0 1.000000
stair_02_old
  0 -32.597355 73.496651 432.063293 0.000000 0.000000 1.000000 0.222945 0.082036 1 0 1.000000
  0 -30.186892 40.783550 432.063293 0.000000 0.000000 1.000000 0.091261 0.100158 1 0 1.000000
  0 -30.186893 73.496651 432.063293 0.000000 0.000000 1.000000 0.222946 0.100157 1 0 1.000000
stair_02_old
  0 -30.186892 40.783550 432.063293 1.000000 0.000000 0.000000 0.091261 0.100158 1 0 1.000000
  0 -30.186892 40.783550 429.652832 1.000000 0.000000 0.000000 0.091261 0.118279 1 0 1.000000
  0 -30.186893 73.496651 432.063293 1.000000 0.000000 0.000000 0.222946 0.100157 1 0 1.000000
stair_02_old
  0 -30.186893 73.496651 432.063293 1.000000 0.000000 0.000000 0.222946 0.100157 1 0 1.000000
  0 -30.186892 40.783550 429.652832 1.000000 0.000000 0.000000 0.091261 0.118279 1 0 1.000000
  0 -30.186893 73.496651 429.652832 1.000000 0.000000 0.000000 0.222946 0.118279 1 0 1.000000
stair_02_old
  0 -80.150284 2.231240 430.506897 0.000000 1.000000 0.000001 0.461261 0.081271 1 0 1.000000
  0 -78.403259 2.231240 430.506897 0.000000 1.000000 0.000001 0.461261 0.099666 1 0 1.000000
  0 -80.150269 2.231273 382.713623 0.000000 1.000000 0.000001 0.065458 0.081267 1 0 1.000000
stair_02_old
  0 -80.150269 2.231273 382.713623 0.000000 1.000000 0.000001 0.065458 0.081267 1 0 1.000000
  0 -78.403259 2.231240 430.506897 0.000000 1.000000 0.000001 0.461261 0.099666 1 0 1.000000
  0 -78.403259 2.231273 382.713623 0.000000 1.000000 0.000001 0.065458 0.099662 1 0 1.000000
stair_02_old
  0 -78.403259 2.231240 430.506897 1.000000 -0.000004 0.000000 0.461261 0.099666 1 0 1.000000
  0 -78.403259 0.484231 430.506897 1.000000 -0.000004 0.000000 0.461261 0.118061 1 0 1.000000
  0 -78.403259 2.231273 382.713623 1.000000 -0.000004 0.000000 0.065458 0.099662 1 0 1.000000
stair_02_old
  0 -78.403259 2.231273 382.713623 1.000000 -0.000004 0.000000 0.065458 0.099662 1 0 1.000000
  0 -78.403259 0.484231 430.506897 1.000000 -0.000004 0.000000 0.461261 0.118061 1 0 1.000000
  0 -78.403275 0.484263 382.713623 1.000000 -0.000004 0.000000 0.065458 0.118058 1 0 1.000000
stair_02_old
  0 -78.403259 0.484231 430.506897 -0.000009 -1.000000 0.000000 0.461261 0.118061 1 0 1.000000
  0 -80.150269 0.484261 430.506897 -0.000009 -1.000000 0.000000 0.461261 0.136457 1 0 1.000000
  0 -78.403275 0.484263 382.713623 -0.000009 -1.000000 0.000000 0.065458 0.118058 1 0 1.000000
stair_02_old
  0 -78.403275 0.484263 382.713623 -0.000009 -1.000000 0.000000 0.065458 0.118058 1 0 1.000000
  0 -80.150269 0.484261 430.506897 -0.000009 -1.000000 0.000000 0.461261 0.136457 1 0 1.000000
  0 -80.150269 0.484263 382.713623 -0.000009 -1.000000 0.000000 0.065458 0.136454 1 0 1.000000
stair_02_old
  0 -80.150269 0.484261 430.506897 -1.000000 -0.000004 0.000000 0.461261 0.136457 1 0 1.000000
  0 -80.150284 2.231240 430.506897 -1.000000 -0.000004 0.000000 0.461261 0.154853 1 0 1.000000
  0 -80.150269 0.484263 382.713623 -1.000000 -0.000004 0.000000 0.065458 0.136454 1 0 1.000000
stair_02_old
  0 -80.150269 0.484263 382.713623 -1.000000 -0.000004 0.000000 0.065458 0.136454 1 0 1.000000
  0 -80.150284 2.231240 430.506897 -1.000000 -0.000004 0.000000 0.461261 0.154853 1 0 1.000000
  0 -80.150269 2.231273 382.713623 -1.000000 -0.000004 0.000000 0.065458 0.154849 1 0 1.000000
stair_02_old
  0 -31.499067 -33.474293 430.506897 1.000000 0.000000 0.000000 0.461261 0.081271 1 0 1.000000
  0 -31.499067 -35.221302 430.506897 1.000000 0.000000 0.000000 0.461261 0.099666 1 0 1.000000
  0 -31.499037 -33.474293 361.499969 1.000000 0.000000 0.000000 0.065458 0.081267 1 0 1.000000
stair_02_old
  0 -31.499037 -33.474293 361.499969 1.000000 0.000000 0.000000 0.065458 0.081267 1 0 1.000000
  0 -31.499067 -35.221302 430.506897 1.000000 0.000000 0.000000 0.461261 0.099666 1 0 1.000000
  0 -31.499037 -35.221302 361.499969 1.000000 0.000000 0.000000 0.065458 0.099662 1 0 1.000000
stair_02_old
  0 -31.499067 -35.221302 430.506897 0.000000 -1.000000 0.000000 0.461261 0.099666 1 0 1.000000
  0 -33.246078 -35.221302 430.506897 0.000000 -1.000000 0.000000 0.461261 0.118061 1 0 1.000000
  0 -31.499037 -35.221302 361.499969 0.000000 -1.000000 0.000000 0.065458 0.099662 1 0 1.000000
stair_02_old
  0 -31.499037 -35.221302 361.499969 0.000000 -1.000000 0.000000 0.065458 0.099662 1 0 1.000000
  0 -33.246078 -35.221302 430.506897 0.000000 -1.000000 0.000000 0.461261 0.118061 1 0 1.000000
  0 -33.246048 -35.221302 361.500000 0.000000 -1.000000 0.000000 0.065458 0.118058 1 0 1.000000
stair_02_old
  0 -33.246078 -35.221302 430.506897 -1.000000 0.000000 0.000000 0.461261 0.118061 1 0 1.000000
  0 -33.246078 -33.474293 430.506897 -1.000000 0.000000 0.000000 0.461261 0.136457 1 0 1.000000
  0 -33.246048 -35.221302 361.500000 -1.000000 0.000000 0.000000 0.065458 0.118058 1 0 1.000000
stair_02_old
  0 -33.246048 -35.221302 361.500000 -1.000000 0.000000 0.000000 0.065458 0.118058 1 0 1.000000
  0 -33.246078 -33.474293 430.506897 -1.000000 0.000000 0.000000 0.461261 0.136457 1 0 1.000000
  0 -33.246048 -33.474293 361.500000 -1.000000 0.000000 0.000000 0.065458 0.136454 1 0 1.000000
stair_02_old
  0 -33.246078 -33.474293 430.506897 0.000000 1.000000 0.000000 0.461261 0.136457 1 0 1.000000
  0 -31.499067 -33.474293 430.506897 0.000000 1.000000 0.000000 0.461261 0.154853 1 0 1.000000
  0 -33.246048 -33.474293 361.500000 0.000000 1.000000 0.000000 0.065458 0.136454 1 0 1.000000
stair_02_old
  0 -33.246048 -33.474293 361.500000 0.000000 1.000000 0.000000 0.065458 0.136454 1 0 1.000000
  0 -31.499067 -33.474293 430.506897 0.000000 1.000000 0.000000 0.461261 0.154853 1 0 1.000000
  0 -31.499037 -33.474293 361.499969 0.000000 1.000000 0.000000 0.065458 0.154849 1 0 1.000000
stair_02_old
  0 -33.601757 -48.377277 423.302856 0.000000 -0.707118 -0.707096 0.226532 0.203966 1 0 1.000000
  0 -33.601727 -46.672840 421.598389 0.000000 -0.707118 -0.707096 0.226532 0.181787 1 0 1.000000
  0 -31.191298 -48.377277 423.302856 0.000000 -0.707118 -0.707096 0.248711 0.203966 1 0 1.000000
stair_02_old
  0 -31.191298 -48.377277 423.302856 0.000000 -0.707118 -0.707096 0.248711 0.203966 1 0 1.000000
  0 -33.601727 -46.672840 421.598389 0.000000 -0.707118 -0.707096 0.226532 0.181787 1 0 1.000000
  0 -31.191298 -46.672840 421.598389 0.000000 -0.707118 -0.707096 0.248711 0.181787 1 0 1.000000
stair_02_old
  0 -31.191298 -46.672840 421.598389 0.000000 0.599664 -0.800252 0.097546 0.040138 1 0 1.000000
  0 -33.601727 -46.672840 421.598389 0.000000 0.599664 -0.800252 0.097546 0.027693 1 0 1.000000
  0 -31.191298 -35.924183 429.652832 0.000000 0.316028 -0.948750 0.170092 0.040138 1 0 1.000000
stair_02_old
  0 -31.191298 -35.924183 429.652832 0.000000 0.316028 -0.948750 0.170092 0.040138 1 0 1.000000
  0 -33.601727 -46.672840 421.598389 0.000000 0.599664 -0.800252 0.097546 0.027693 1 0 1.000000
  0 -33.601730 -35.924183 429.652832 0.000000 0.316028 -0.948750 0.170092 0.027693 1 0 1.000000
stair_02_old
  0 -31.191298 -35.924183 429.652832 0.000000 0.316028 -0.948750 0.170092 0.040138 1 0 1.000000
  0 -33.601730 -35.924183 429.652832 0.000000 0.316028 -0.948750 0.170092 0.027693 1 0 1.000000
  0 -31.191299 3.897685 429.652832 0.000000 0.000000 -1.000000 0.390977 0.040138 1 0 1.000000
stair_02_old
  0 -31.191299 3.897685 429.652832 0.000000 0.000000 -1.000000 0.390977 0.040138 1 0 1.000000
  0 -33.601730 -35.924183 429.652832 0.000000 0.316028 -0.948750 0.170092 0.027693 1 0 1.000000
  0 -33.601730 3.897685 429.652832 0.000000 0.000000 -1.000000 0.390977 0.027693 1 0 1.000000
stair_02_old
  0 -79.973114 -46.672813 421.598389 -1.000000 0.000008 -0.000009 0.097546 0.027693 1 0 1.000000
  0 -79.973145 -48.377251 423.302856 -1.000000 0.000008 -0.000009 0.097545 0.015248 1 0 1.000000
  0 -79.973114 -35.924156 429.652832 -1.000000 0.000004 -0.000011 0.170092 0.027693 1 0 1.000000
stair_02_old
  0 -79.973114 -35.924156 429.652832 -1.000000 0.000004 -0.000011 0.170092 0.027693 1 0 1.000000
  0 -79.973145 -48.377251 423.302856 -1.000000 0.000008 -0.000009 0.097545 0.015248 1 0 1.000000
  0 -79.973145 -36.563988 432.063293 -1.000000 0.000004 -0.000011 0.170092 0.015248 1 0 1.000000
stair_02_old
  0 -79.973145 -36.563988 432.063293 -1.000000 0.000004 -0.000011 0.170092 0.015248 1 0 1.000000
  0 -79.973145 3.347481 432.063293 -1.000000 0.000000 -0.000013 0.390977 0.015248 1 0 1.000000
  0 -79.973114 -35.924156 429.652832 -1.000000 0.000004 -0.000011 0.170092 0.027693 1 0 1.000000
stair_02_old
  0 -79.973114 -35.924156 429.652832 -1.000000 0.000004 -0.000011 0.170092 0.027693 1 0 1.000000
  0 -79.973145 3.347481 432.063293 -1.000000 0.000000 -0.000013 0.390977 0.015248 1 0 1.000000
  0 -79.973114 3.347482 429.652832 -1.000000 0.000000 -0.000013 0.390977 0.027693 1 0 1.000000
stair_02_old
  0 -77.562683 -46.672813 421.598389 0.000000 0.599664 -0.800252 0.097546 0.040138 1 0 1.000000
  0 -79.973114 -46.672813 421.598389 0.000000 0.599664 -0.800252 0.097546 0.027693 1 0 1.000000
  0 -77.562683 -35.924156 429.652832 0.000000 0.316029 -0.948749 0.170092 0.040138 1 0 1.000000
stair_02_old
  0 -77.562683 -35.924156 429.652832 0.000000 0.316029 -0.948749 0.170092 0.040138 1 0 1.000000
  0 -79.973114 -46.672813 421.598389 0.000000 0.599664 -0.800252 0.097546 0.027693 1 0 1.000000
  0 -79.973114 -35.924156 429.652832 0.000000 0.316029 -0.948749 0.170092 0.027693 1 0 1.000000
stair_02_old
  0 -77.562683 -35.924156 429.652832 0.000000 0.316029 -0.948749 0.170092 0.040138 1 0 1.000000
  0 -79.973114 -35.924156 429.652832 0.000000 0.316029 -0.948749 0.170092 0.027693 1 0 1.000000
  0 -77.562683 3.347482 429.652832 0.000000 0.000000 -1.000000 0.390977 0.040138 1 0 1.000000
stair_02_old
  0 -77.562683 3.347482 429.652832 0.000000 0.000000 -1.000000 0.390977 0.040138 1 0 1.000000
  0 -79.973114 -35.924156 429.652832 0.000000 0.316029 -0.948749 0.170092 0.027693 1 0 1.000000
  0 -79.973114 3.347482 429.652832 0.000000 0.000000 -1.000000 0.390977 0.027693 1 0 1.000000
stair_02_old
  0 -33.601727 -46.672840 421.598389 -1.000000 0.000008 -0.000010 0.097546 0.027693 1 0 1.000000
  0 -33.601757 -48.377277 423.302856 -1.000000 0.000008 -0.000010 0.097545 0.015248 1 0 1.000000
  0 -33.601730 -35.924183 429.652832 -1.000000 0.000004 -0.000011 0.170092 0.027693 1 0 1.000000
stair_02_old
  0 -33.601730 -35.924183 429.652832 -1.000000 0.000004 -0.000011 0.170092 0.027693 1 0 1.000000
  0 -33.601757 -48.377277 423.302856 -1.000000 0.000008 -0.000010 0.097545 0.015248 1 0 1.000000
  0 -33.601761 -36.564014 432.063293 -1.000000 0.000004 -0.000011 0.170092 0.015248 1 0 1.000000
stair_02_old
  0 -33.601761 -36.564014 432.063293 -1.000000 0.000004 -0.000011 0.170092 0.015248 1 0 1.000000
  0 -33.601761 3.897685 432.063293 -1.000000 0.000000 -0.000011 0.390977 0.015248 1 0 1.000000
  0 -33.601730 -35.924183 429.652832 -1.000000 0.000004 -0.000011 0.170092 0.027693 1 0 1.000000
stair_02_old
  0 -33.601730 -35.924183 429.652832 -1.000000 0.000004 -0.000011 0.170092 0.027693 1 0 1.000000
  0 -33.601761 3.897685 432.063293 -1.000000 0.000000 -0.000011 0.390977 0.015248 1 0 1.000000
  0 -33.601730 3.897685 429.652832 -1.000000 0.000000 -0.000011 0.390977 0.027693 1 0 1.000000
stair_02_old
  0 -33.601757 -48.377277 423.302856 0.000000 -0.595661 0.803236 0.097545 0.065029 1 0 1.000000
  0 -31.191298 -48.377277 423.302856 0.000000 -0.595661 0.803236 0.097546 0.052583 1 0 1.000000
  0 -33.601761 -36.564014 432.063293 0.000000 -0.313659 0.949536 0.170092 0.065029 1 0 1.000000
stair_02_old
  0 -33.601761 -36.564014 432.063293 0.000000 -0.313659 0.949536 0.170092 0.065029 1 0 1.000000
  0 -31.191298 -48.377277 423.302856 0.000000 -0.595661 0.803236 0.097546 0.052583 1 0 1.000000
  0 -31.191298 -36.564014 432.063293 0.000000 -0.313659 0.949536 0.170092 0.052584 1 0 1.000000
stair_02_old
  0 -33.601761 -36.564014 432.063293 0.000000 -0.313659 0.949536 0.170092 0.065029 1 0 1.000000
  0 -31.191298 -36.564014 432.063293 0.000000 -0.313659 0.949536 0.170092 0.052584 1 0 1.000000
  0 -33.601761 3.897685 432.063293 0.000000 0.000000 1.000000 0.390977 0.065029 1 0 1.000000
stair_02_old
  0 -33.601761 3.897685 432.063293 0.000000 0.000000 1.000000 0.390977 0.065029 1 0 1.000000
  0 -31.191298 -36.564014 432.063293 0.000000 -0.313659 0.949536 0.170092 0.052584 1 0 1.000000
  0 -31.191299 3.897685 432.063293 0.000000 0.000000 1.000000 0.390977 0.052584 1 0 1.000000
stair_02_old
  0 -79.973145 -48.377251 423.302856 0.000000 -0.707119 -0.707095 0.226532 0.203966 1 0 1.000000
  0 -79.973114 -46.672813 421.598389 0.000000 -0.707119 -0.707095 0.226532 0.181787 1 0 1.000000
  0 -77.562683 -48.377251 423.302856 0.000000 -0.707119 -0.707095 0.248711 0.203966 1 0 1.000000
stair_02_old
  0 -77.562683 -48.377251 423.302856 0.000000 -0.707119 -0.707095 0.248711 0.203966 1 0 1.000000
  0 -79.973114 -46.672813 421.598389 0.000000 -0.707119 -0.707095 0.226532 0.181787 1 0 1.000000
  0 -77.562683 -46.672813 421.598389 0.000000 -0.707119 -0.707095 0.248711 0.181787 1 0 1.000000
stair_02_old
  0 -79.617432 -33.474297 430.506897 0.000000 1.000000 0.000000 0.461261 0.136457 1 0 1.000000
  0 -77.870422 -33.474297 430.506897 0.000000 1.000000 0.000000 0.461261 0.154853 1 0 1.000000
  0 -79.617432 -33.474293 361.500000 0.000000 1.000000 0.000000 0.065458 0.136454 1 0 1.000000
stair_02_old
  0 -79.617432 -33.474293 361.500000 0.000000 1.000000 0.000000 0.065458 0.136454 1 0 1.000000
  0 -77.870422 -33.474297 430.506897 0.000000 1.000000 0.000000 0.461261 0.154853 1 0 1.000000
  0 -77.870422 -33.474293 361.499969 0.000000 1.000000 0.000000 0.065458 0.154849 1 0 1.000000
stair_02_old
  0 -79.617432 -35.221306 430.506897 -1.000000 0.000000 0.000000 0.461261 0.118061 1 0 1.000000
  0 -79.617432 -33.474297 430.506897 -1.000000 0.000000 0.000000 0.461261 0.136457 1 0 1.000000
  0 -79.617432 -35.221302 361.500000 -1.000000 0.000000 0.000000 0.065458 0.118058 1 0 1.000000
stair_02_old
  0 -79.617432 -35.221302 361.500000 -1.000000 0.000000 0.000000 0.065458 0.118058 1 0 1.000000
  0 -79.617432 -33.474297 430.506897 -1.000000 0.000000 0.000000 0.461261 0.136457 1 0 1.000000
  0 -79.617432 -33.474293 361.500000 -1.000000 0.000000 0.000000 0.065458 0.136454 1 0 1.000000
stair_02_old
  0 -77.870422 -35.221306 430.506897 0.000000 -1.000000 0.000000 0.461261 0.099666 1 0 1.000000
  0 -79.617432 -35.221306 430.506897 0.000000 -1.000000 0.000000 0.461261 0.118061 1 0 1.000000
  0 -77.870422 -35.221302 361.499969 0.000000 -1.000000 0.000000 0.065458 0.099662 1 0 1.000000
stair_02_old
  0 -77.870422 -35.221302 361.499969 0.000000 -1.000000 0.000000 0.065458 0.099662 1 0 1.000000
  0 -79.617432 -35.221306 430.506897 0.000000 -1.000000 0.000000 0.461261 0.118061 1 0 1.000000
  0 -79.617432 -35.221302 361.500000 0.000000 -1.000000 0.000000 0.065458 0.118058 1 0 1.000000
stair_02_old
  0 -77.870422 -33.474297 430.506897 1.000000 0.000000 0.000000 0.461261 0.081271 1 0 1.000000
  0 -77.870422 -35.221306 430.506897 1.000000 0.000000 0.000000 0.461261 0.099666 1 0 1.000000
  0 -77.870422 -33.474293 361.499969 1.000000 0.000000 0.000000 0.065458 0.081267 1 0 1.000000
stair_02_old
  0 -77.870422 -33.474293 361.499969 1.000000 0.000000 0.000000 0.065458 0.081267 1 0 1.000000
  0 -77.870422 -35.221306 430.506897 1.000000 0.000000 0.000000 0.461261 0.099666 1 0 1.000000
  0 -77.870422 -35.221302 361.499969 1.000000 0.000000 0.000000 0.065458 0.099662 1 0 1.000000
stair_02_old
  0 -33.466370 2.176677 430.506897 0.000000 1.000000 0.000000 0.461261 0.136457 1 0 1.000000
  0 -31.719360 2.176677 430.506897 0.000000 1.000000 0.000000 0.461261 0.154853 1 0 1.000000
  0 -33.466339 2.176679 382.713623 0.000000 1.000000 0.000000 0.065458 0.136454 1 0 1.000000
stair_02_old
  0 -33.466339 2.176679 382.713623 0.000000 1.000000 0.000000 0.065458 0.136454 1 0 1.000000
  0 -31.719360 2.176677 430.506897 0.000000 1.000000 0.000000 0.461261 0.154853 1 0 1.000000
  0 -31.719330 2.176679 382.713623 0.000000 1.000000 0.000000 0.065458 0.154849 1 0 1.000000
stair_02_old
  0 -33.466370 0.429668 430.506897 -1.000000 0.000000 -0.000001 0.461261 0.118061 1 0 1.000000
  0 -33.466370 2.176677 430.506897 -1.000000 0.000000 -0.000001 0.461261 0.136457 1 0 1.000000
  0 -33.466339 0.429670 382.713623 -1.000000 0.000000 -0.000001 0.065458 0.118058 1 0 1.000000
stair_02_old
  0 -33.466339 0.429670 382.713623 -1.000000 0.000000 -0.000001 0.065458 0.118058 1 0 1.000000
  0 -33.466370 2.176677 430.506897 -1.000000 0.000000 -0.000001 0.461261 0.136457 1 0 1.000000
  0 -33.466339 2.176679 382.713623 -1.000000 0.000000 -0.000001 0.065458 0.136454 1 0 1.000000
stair_02_old
  0 -31.719360 0.429668 430.506897 0.000000 -1.000000 0.000000 0.461261 0.099666 1 0 1.000000
  0 -33.466370 0.429668 430.506897 0.000000 -1.000000 0.000000 0.461261 0.118061 1 0 1.000000
  0 -31.719330 0.429670 382.713623 0.000000 -1.000000 0.000000 0.065458 0.099662 1 0 1.000000
stair_02_old
  0 -31.719330 0.429670 382.713623 0.000000 -1.000000 0.000000 0.065458 0.099662 1 0 1.000000
  0 -33.466370 0.429668 430.506897 0.000000 -1.000000 0.000000 0.461261 0.118061 1 0 1.000000
  0 -33.466339 0.429670 382.713623 0.000000 -1.000000 0.000000 0.065458 0.118058 1 0 1.000000
stair_02_old
  0 -31.719360 2.176677 430.506897 1.000000 0.000000 0.000001 0.461261 0.081271 1 0 1.000000
  0 -31.719360 0.429668 430.506897 1.000000 0.000000 0.000001 0.461261 0.099666 1 0 1.000000
  0 -31.719330 2.176679 382.713623 1.000000 0.000000 0.000001 0.065458 0.081267 1 0 1.000000
stair_02_old
  0 -31.719330 2.176679 382.713623 1.000000 0.000000 0.000001 0.065458 0.081267 1 0 1.000000
  0 -31.719360 0.429668 430.506897 1.000000 0.000000 0.000001 0.461261 0.099666 1 0 1.000000
  0 -31.719330 0.429670 382.713623 1.000000 0.000000 0.000001 0.065458 0.099662 1 0 1.000000
stair_02_old
  0 -31.191298 -46.672840 421.598389 1.000000 0.000000 0.000000 0.097546 0.040138 1 0 1.000000
  0 -31.191298 -35.924183 429.652832 1.000000 0.000000 0.000000 0.170092 0.040138 1 0 1.000000
  0 -31.191298 -48.377277 423.302856 1.000000 0.000000 0.000000 0.097546 0.052583 1 0 1.000000
stair_02_old
  0 -31.191298 -48.377277 423.302856 1.000000 0.000000 0.000000 0.097546 0.052583 1 0 1.000000
  0 -31.191298 -35.924183 429.652832 1.000000 0.000000 0.000000 0.170092 0.040138 1 0 1.000000
  0 -31.191298 -36.564014 432.063293 1.000000 0.000000 0.000000 0.170092 0.052584 1 0 1.000000
stair_02_old
  0 -31.191298 -36.564014 432.063293 1.000000 0.000000 0.000000 0.170092 0.052584 1 0 1.000000
  0 -31.191298 -35.924183 429.652832 1.000000 0.000000 0.000000 0.170092 0.040138 1 0 1.000000
  0 -31.191299 3.897685 432.063293 1.000000 0.000000 0.000000 0.390977 0.052584 1 0 1.000000
stair_02_old
  0 -31.191299 3.897685 432.063293 1.000000 0.000000 0.000000 0.390977 0.052584 1 0 1.000000
  0 -31.191298 -35.924183 429.652832 1.000000 0.000000 0.000000 0.170092 0.040138 1 0 1.000000
  0 -31.191299 3.897685 429.652832 1.000000 0.000000 0.000000 0.390977 0.040138 1 0 1.000000
end
