// Created by Crowbar 0.74
version 1
nodes
  0 "static_prop" -1
end
skeleton
  time 0
    0 0.000000 0.000000 0.000000 0.000000 0.000000 0.000000
end
triangles
awning_04_old
  0 -61.679955 371.975281 41.695889 -0.992463 0.000000 0.122544 0.721751 0.585225 1 0 1.000000
  0 -61.679958 396.086761 41.695892 -0.992463 0.000000 0.122544 0.721540 0.669722 1 0 1.000000
  0 -61.839561 371.968414 40.403271 -0.744083 0.362550 -0.561158 0.716680 0.589723 1 0 1.000000
awning_04_old
  0 -61.839561 371.968414 40.403271 -0.744083 0.362550 -0.561158 0.716680 0.589723 1 0 1.000000
  0 -61.679958 396.086761 41.695892 -0.992463 0.000000 0.122544 0.721540 0.669722 1 0 1.000000
  0 -61.839565 396.086761 40.403275 -0.936536 0.000000 -0.350572 0.716671 0.673351 1 0 1.000000
awning_04_old
  0 -77.821930 372.215729 46.745907 -0.640180 0.541811 0.544620 0.668530 0.585752 1 0 1.000000
  0 -75.232841 372.050751 46.160030 -0.115766 0.720920 -0.683280 0.676394 0.590781 1 0 1.000000
  0 -77.821930 372.301788 46.160030 0.071125 0.996902 0.033571 0.663886 0.586055 1 0 1.000000
awning_04_old
  0 -75.073235 372.062164 47.452648 0.079337 0.719771 0.689663 0.677647 0.585625 1 0 1.000000
  0 -75.232841 372.050751 46.160030 -0.115766 0.720920 -0.683280 0.676394 0.590781 1 0 1.000000
  0 -77.821930 372.215729 46.745907 -0.640180 0.541811 0.544620 0.668530 0.585752 1 0 1.000000
awning_04_old
  0 -75.073235 372.062164 47.452648 0.079337 0.719771 0.689663 0.677647 0.585625 1 0 1.000000
  0 -61.679955 371.975281 41.695889 0.003108 0.999967 -0.007455 0.721751 0.585225 1 0 1.000000
  0 -75.232841 372.050751 46.160030 -0.115766 0.720920 -0.683280 0.676394 0.590781 1 0 1.000000
awning_04_old
  0 -75.232841 372.050751 46.160030 -0.115766 0.720920 -0.683280 0.676394 0.590781 1 0 1.000000
  0 -61.679955 371.975281 41.695889 0.003108 0.999967 -0.007455 0.721751 0.585225 1 0 1.000000
  0 -61.839561 371.968414 40.403271 -0.744083 0.362550 -0.561158 0.716680 0.589723 1 0 1.000000
awning_04_old
  0 -61.679958 396.086761 41.695892 0.668046 0.000000 0.744120 0.721540 0.669722 1 0 1.000000
  0 -61.679955 371.975281 41.695889 0.538592 0.000000 0.842567 0.721751 0.585225 1 0 1.000000
  0 -42.871567 396.086761 24.810362 0.642673 0.000000 0.766141 0.791291 0.669722 1 0 1.000000
awning_04_old
  0 -42.871567 396.086761 24.810362 0.642673 0.000000 0.766141 0.791291 0.669722 1 0 1.000000
  0 -61.679955 371.975281 41.695889 0.538592 0.000000 0.842567 0.721751 0.585225 1 0 1.000000
  0 -42.871555 206.897675 24.810354 0.642673 0.000000 0.766141 0.791226 0.006761 1 0 1.000000
awning_04_old
  0 -61.679955 371.975281 41.695889 0.538592 0.000000 0.842567 0.721751 0.585225 1 0 1.000000
  0 -61.679947 206.897675 41.695881 0.538592 0.000000 0.842567 0.725317 0.006761 1 0 1.000000
  0 -42.871555 206.897675 24.810354 0.642673 0.000000 0.766141 0.791226 0.006761 1 0 1.000000
awning_04_old
  0 -61.679955 371.975281 41.695889 0.538592 0.000000 0.842567 0.721751 0.585225 1 0 1.000000
  0 -75.073227 206.897675 47.452641 0.077065 0.000000 0.997026 0.678384 0.006761 1 0 1.000000
  0 -61.679947 206.897675 41.695881 0.538592 0.000000 0.842567 0.725317 0.006761 1 0 1.000000
awning_04_old
  0 -75.073235 372.062164 47.452648 0.079337 0.719771 0.689663 0.677647 0.585625 1 0 1.000000
  0 -75.073227 206.897675 47.452641 0.077065 0.000000 0.997026 0.678384 0.006761 1 0 1.000000
  0 -61.679955 371.975281 41.695889 0.538592 0.000000 0.842567 0.721751 0.585225 1 0 1.000000
awning_04_old
  0 -75.073227 206.897675 47.452641 0.077065 0.000000 0.997026 0.678384 0.006761 1 0 1.000000
  0 -75.073235 372.062164 47.452648 0.079337 0.719771 0.689663 0.677647 0.585625 1 0 1.000000
  0 -77.821922 206.897675 46.745899 -0.790259 0.000000 0.612773 0.668752 0.006761 1 0 1.000000
awning_04_old
  0 -77.821922 206.897675 46.745899 -0.790259 0.000000 0.612773 0.668752 0.006761 1 0 1.000000
  0 -75.073235 372.062164 47.452648 0.079337 0.719771 0.689663 0.677647 0.585625 1 0 1.000000
  0 -77.821930 372.215729 46.745907 -0.640180 0.541811 0.544620 0.668530 0.585752 1 0 1.000000
awning_04_old
  0 -77.821930 372.215729 46.745907 -0.640180 0.541811 0.544620 0.668530 0.585752 1 0 1.000000
  0 -77.821922 206.897675 46.160023 -1.000000 0.000000 -0.000001 0.666699 0.006761 1 0 1.000000
  0 -77.821922 206.897675 46.745899 -0.790259 0.000000 0.612773 0.668752 0.006761 1 0 1.000000
awning_04_old
  0 -77.821930 372.301788 46.160030 -1.000000 0.000000 -0.000001 0.663886 0.586055 1 0 1.000000
  0 -77.821922 206.897675 46.160023 -1.000000 0.000000 -0.000001 0.666699 0.006761 1 0 1.000000
  0 -77.821930 372.215729 46.745907 -0.640180 0.541811 0.544620 0.668530 0.585752 1 0 1.000000
awning_04_old
  0 -42.871567 396.086761 24.810362 0.642673 0.000000 0.766141 0.791291 0.669722 1 0 1.000000
  0 -42.871555 206.897675 24.810354 0.642673 0.000000 0.766141 0.791226 0.006761 1 0 1.000000
  0 -19.342779 396.086761 6.383703 0.595876 0.000000 0.803077 0.875218 0.669722 1 0 1.000000
awning_04_old
  0 -19.342779 396.086761 6.383703 0.595876 0.000000 0.803077 0.875218 0.669722 1 0 1.000000
  0 -42.871555 206.897675 24.810354 0.642673 0.000000 0.766141 0.791226 0.006761 1 0 1.000000
  0 -19.342772 206.897675 6.383695 0.595876 0.000000 0.803077 0.873676 0.006761 1 0 1.000000
awning_04_old
  0 -19.342779 396.086761 6.383703 0.595876 0.000000 0.803077 0.875218 0.669722 1 0 1.000000
  0 -19.342772 206.897675 6.383695 0.595876 0.000000 0.803077 0.873676 0.006761 1 0 1.000000
  0 -2.597902 396.086761 -5.377703 0.637557 0.000000 0.770403 0.934159 0.669722 1 0 1.000000
awning_04_old
  0 -2.597902 396.086761 -5.377703 0.637557 0.000000 0.770403 0.934159 0.669722 1 0 1.000000
  0 -19.342772 206.897675 6.383695 0.595876 0.000000 0.803077 0.873676 0.006761 1 0 1.000000
  0 -2.597894 206.897675 -5.377711 0.637557 0.000000 0.770403 0.932354 0.006761 1 0 1.000000
awning_04_old
  0 -2.597902 396.086761 -5.377703 0.637557 0.000000 0.770403 0.934159 0.669722 1 0 1.000000
  0 -2.597894 206.897675 -5.377711 0.637557 0.000000 0.770403 0.932354 0.006761 1 0 1.000000
  0 -1.001871 396.086761 -6.926314 0.920968 0.000000 0.389638 0.938314 0.669722 1 0 1.000000
awning_04_old
  0 -1.001871 396.086761 -6.926314 0.920968 0.000000 0.389638 0.938314 0.669722 1 0 1.000000
  0 -2.597894 206.897675 -5.377711 0.637557 0.000000 0.770403 0.932354 0.006761 1 0 1.000000
  0 -1.001863 206.897675 -6.926322 0.920968 0.000000 0.389638 0.937947 0.006761 1 0 1.000000
awning_04_old
  0 -1.001871 396.086761 -6.926314 0.920968 0.000000 0.389638 0.938314 0.669722 1 0 1.000000
  0 -1.001863 206.897675 -6.926322 0.920968 0.000000 0.389638 0.937947 0.006761 1 0 1.000000
  0 -1.001871 396.086761 -16.040583 1.000000 0.000000 0.000000 0.969885 0.669722 1 0 1.000000
awning_04_old
  0 -1.001871 396.086761 -16.040583 1.000000 0.000000 0.000000 0.969885 0.669722 1 0 1.000000
  0 -1.001863 206.897675 -6.926322 0.920968 0.000000 0.389638 0.937947 0.006761 1 0 1.000000
  0 -1.001863 206.897675 -16.040590 1.000000 0.000000 0.000000 0.969885 0.006761 1 0 1.000000
awning_04_old
  0 -1.001839 -346.832886 -16.040615 -0.000024 -1.000000 0.000000 0.969885 0.669722 1 0 1.000000
  0 -2.134300 -346.832886 -7.451294 -0.000012 -1.000000 0.000000 0.938634 0.673748 1 0 1.000000
  0 -2.134300 -346.832886 -16.040848 -0.000024 -1.000000 0.000000 0.969887 0.673691 1 0 1.000000
awning_04_old
  0 -1.001839 -346.832886 -6.926346 -0.000012 -1.000000 0.000000 0.938314 0.669722 1 0 1.000000
  0 -2.134300 -346.832886 -7.451294 -0.000012 -1.000000 0.000000 0.938634 0.673748 1 0 1.000000
  0 -1.001839 -346.832886 -16.040615 -0.000024 -1.000000 0.000000 0.969885 0.669722 1 0 1.000000
awning_04_old
  0 -2.597870 -346.832886 -5.377739 0.000045 -1.000000 0.000056 0.934159 0.669722 1 0 1.000000
  0 -2.134300 -346.832886 -7.451294 -0.000012 -1.000000 0.000000 0.938634 0.673748 1 0 1.000000
  0 -1.001839 -346.832886 -6.926346 -0.000012 -1.000000 0.000000 0.938314 0.669722 1 0 1.000000
awning_04_old
  0 -3.316132 -346.832886 -6.398582 0.000045 -1.000000 0.000056 0.935402 0.674069 1 0 1.000000
  0 -2.134300 -346.832886 -7.451294 -0.000012 -1.000000 0.000000 0.938634 0.673748 1 0 1.000000
  0 -2.597870 -346.832886 -5.377739 0.000045 -1.000000 0.000056 0.934159 0.669722 1 0 1.000000
awning_04_old
  0 -2.597870 -346.832886 -5.377739 0.000045 -1.000000 0.000056 0.934159 0.669722 1 0 1.000000
  0 -19.502350 -346.833221 5.091053 0.000089 -1.000000 0.000114 0.878237 0.673692 1 0 1.000000
  0 -3.316132 -346.832886 -6.398582 0.000045 -1.000000 0.000056 0.935402 0.674069 1 0 1.000000
awning_04_old
  0 -19.342751 -346.832886 6.383667 0.000089 -1.000000 0.000114 0.875218 0.669722 1 0 1.000000
  0 -19.502350 -346.833221 5.091053 0.000089 -1.000000 0.000114 0.878237 0.673692 1 0 1.000000
  0 -2.597870 -346.832886 -5.377739 0.000045 -1.000000 0.000056 0.934159 0.669722 1 0 1.000000
awning_04_old
  0 -19.342751 -346.832886 6.383667 0.000089 -1.000000 0.000114 0.875218 0.669722 1 0 1.000000
  0 -43.031136 -346.833221 23.517712 0.000044 -1.000000 0.000060 0.793805 0.673550 1 0 1.000000
  0 -19.502350 -346.833221 5.091053 0.000089 -1.000000 0.000114 0.878237 0.673692 1 0 1.000000
awning_04_old
  0 -42.871532 -346.833221 24.810329 0.000044 -1.000000 0.000060 0.791291 0.669722 1 0 1.000000
  0 -43.031136 -346.833221 23.517712 0.000044 -1.000000 0.000060 0.793805 0.673550 1 0 1.000000
  0 -19.342751 -346.832886 6.383667 0.000089 -1.000000 0.000114 0.875218 0.669722 1 0 1.000000
awning_04_old
  0 -42.871532 -346.833221 24.810329 0.000044 -1.000000 0.000060 0.791291 0.669722 1 0 1.000000
  0 -61.839531 -346.832886 40.403248 0.000000 -1.000000 0.000002 0.716671 0.673351 1 0 1.000000
  0 -43.031136 -346.833221 23.517712 0.000044 -1.000000 0.000060 0.793805 0.673550 1 0 1.000000
awning_04_old
  0 -61.679924 -346.832886 41.695858 0.000000 -1.000000 0.000002 0.721540 0.669722 1 0 1.000000
  0 -61.839531 -346.832886 40.403248 0.000000 -1.000000 0.000002 0.716671 0.673351 1 0 1.000000
  0 -42.871532 -346.833221 24.810329 0.000044 -1.000000 0.000060 0.791291 0.669722 1 0 1.000000
awning_04_old
  0 -43.031147 -156.019669 23.517719 -0.642673 0.000000 -0.766141 0.544785 0.006761 1 0 1.000000
  0 -43.031136 -346.833221 23.517712 -0.642673 0.000000 -0.766141 0.544785 0.669722 1 0 1.000000
  0 -61.839539 -156.019669 40.403248 -0.538592 0.000000 -0.842567 0.610693 0.006761 1 0 1.000000
awning_04_old
  0 -43.031147 -156.019669 23.517719 -0.642673 0.000000 -0.766141 0.544785 0.006761 1 0 1.000000
  0 -19.502361 -156.019104 5.091061 -0.597871 0.000000 -0.801592 0.462334 0.006761 1 0 1.000000
  0 -43.031136 -346.833221 23.517712 -0.642673 0.000000 -0.766141 0.544785 0.669722 1 0 1.000000
awning_04_old
  0 -43.031136 -346.833221 23.517712 -0.642673 0.000000 -0.766141 0.544785 0.669722 1 0 1.000000
  0 -19.502361 -156.019104 5.091061 -0.597871 0.000000 -0.801592 0.462334 0.006761 1 0 1.000000
  0 -19.502350 -346.833221 5.091053 -0.597871 0.000000 -0.801592 0.462334 0.669722 1 0 1.000000
awning_04_old
  0 -19.502361 -156.019104 5.091061 -0.597871 0.000000 -0.801592 0.462334 0.006761 1 0 1.000000
  0 -3.316147 -156.019104 -6.398574 -0.622935 0.000000 -0.782274 0.405614 0.006761 1 0 1.000000
  0 -19.502350 -346.833221 5.091053 -0.597871 0.000000 -0.801592 0.462334 0.669722 1 0 1.000000
awning_04_old
  0 -19.502350 -346.833221 5.091053 -0.597871 0.000000 -0.801592 0.462334 0.669722 1 0 1.000000
  0 -3.316147 -156.019104 -6.398574 -0.622935 0.000000 -0.782274 0.405614 0.006761 1 0 1.000000
  0 -3.316132 -346.832886 -6.398582 -0.622935 0.000000 -0.782274 0.405614 0.669722 1 0 1.000000
awning_04_old
  0 -3.316147 -156.019104 -6.398574 -0.622935 0.000000 -0.782274 0.405614 0.006761 1 0 1.000000
  0 -2.134308 -156.019669 -7.451286 -0.912452 0.000000 -0.409184 0.401473 0.006761 1 0 1.000000
  0 -3.316132 -346.832886 -6.398582 -0.622935 0.000000 -0.782274 0.405614 0.669722 1 0 1.000000
awning_04_old
  0 -3.316132 -346.832886 -6.398582 -0.622935 0.000000 -0.782274 0.405614 0.669722 1 0 1.000000
  0 -2.134308 -156.019669 -7.451286 -0.912452 0.000000 -0.409184 0.401473 0.006761 1 0 1.000000
  0 -2.134300 -346.832886 -7.451294 -0.912452 0.000000 -0.409184 0.401473 0.669722 1 0 1.000000
awning_04_old
  0 -2.134308 -156.019669 -7.451286 -0.912452 0.000000 -0.409184 0.401473 0.006761 1 0 1.000000
  0 -2.134308 -156.019669 -16.040840 -1.000000 0.000000 0.000000 0.371373 0.006761 1 0 1.000000
  0 -2.134300 -346.832886 -7.451294 -0.912452 0.000000 -0.409184 0.401473 0.669722 1 0 1.000000
awning_04_old
  0 -2.134300 -346.832886 -7.451294 -0.912452 0.000000 -0.409184 0.401473 0.669722 1 0 1.000000
  0 -2.134308 -156.019669 -16.040840 -1.000000 0.000000 0.000000 0.371373 0.006761 1 0 1.000000
  0 -2.134300 -346.832886 -16.040848 -1.000000 0.000000 0.000000 0.371373 0.669722 1 0 1.000000
awning_04_old
  0 -77.821899 -322.842651 46.160000 0.000000 0.000000 -1.000000 0.663886 0.586055 1 0 1.000000
  0 -77.821907 -156.019669 46.160007 0.000000 0.000000 -1.000000 0.666699 0.006761 1 0 1.000000
  0 -75.232811 -322.590637 46.160000 -0.115668 -0.721011 -0.683201 0.657626 0.585495 1 0 1.000000
awning_04_old
  0 -75.232811 -322.590637 46.160000 -0.115668 -0.721011 -0.683201 0.657626 0.585495 1 0 1.000000
  0 -77.821907 -156.019669 46.160007 0.000000 0.000000 -1.000000 0.666699 0.006761 1 0 1.000000
  0 -75.232819 -156.019669 46.160007 -0.201584 0.000000 -0.979471 0.657626 0.006761 1 0 1.000000
awning_04_old
  0 -75.232819 -156.019669 46.160007 -0.201584 0.000000 -0.979471 0.657626 0.006761 1 0 1.000000
  0 -61.839539 -156.019669 40.403248 -0.538592 0.000000 -0.842567 0.610693 0.006761 1 0 1.000000
  0 -75.232811 -322.590637 46.160000 -0.115668 -0.721011 -0.683201 0.657626 0.585495 1 0 1.000000
awning_04_old
  0 -75.232811 -322.590637 46.160000 -0.115668 -0.721011 -0.683201 0.657626 0.585495 1 0 1.000000
  0 -61.839539 -156.019669 40.403248 -0.538592 0.000000 -0.842567 0.610693 0.006761 1 0 1.000000
  0 -61.839531 -322.506897 40.403248 -0.744072 -0.362569 -0.561160 0.610693 0.585206 1 0 1.000000
awning_04_old
  0 -61.839539 -156.019669 40.403248 -0.538592 0.000000 -0.842567 0.610693 0.006761 1 0 1.000000
  0 -43.031136 -346.833221 23.517712 -0.642673 0.000000 -0.766141 0.544785 0.669722 1 0 1.000000
  0 -61.839531 -322.506897 40.403248 -0.744072 -0.362569 -0.561160 0.610693 0.585206 1 0 1.000000
awning_04_old
  0 -61.839531 -346.832886 40.403248 -0.936536 0.000000 -0.350571 0.610693 0.669722 1 0 1.000000
  0 -61.839531 -322.506897 40.403248 -0.744072 -0.362569 -0.561160 0.610693 0.585206 1 0 1.000000
  0 -43.031136 -346.833221 23.517712 -0.642673 0.000000 -0.766141 0.544785 0.669722 1 0 1.000000
awning_04_old
  0 -61.679924 -346.832886 41.695858 0.668046 0.000000 0.744120 0.721540 0.669722 1 0 1.000000
  0 -42.871532 -346.833221 24.810329 0.642673 0.000000 0.766141 0.791291 0.669722 1 0 1.000000
  0 -61.679924 -322.513580 41.695858 0.538592 0.000000 0.842567 0.721751 0.585225 1 0 1.000000
awning_04_old
  0 -77.821907 -156.019104 46.745884 -0.790256 0.000000 0.612777 0.668752 0.006761 1 0 1.000000
  0 -75.073204 -322.601990 47.452618 0.079441 -0.719674 0.689753 0.677647 0.585625 1 0 1.000000
  0 -75.073212 -156.019104 47.452625 0.077065 0.000000 0.997026 0.678384 0.006761 1 0 1.000000
awning_04_old
  0 -75.073204 -322.601990 47.452618 0.079441 -0.719674 0.689753 0.677647 0.585625 1 0 1.000000
  0 -61.679924 -322.513580 41.695858 0.538592 0.000000 0.842567 0.721751 0.585225 1 0 1.000000
  0 -75.073212 -156.019104 47.452625 0.077065 0.000000 0.997026 0.678384 0.006761 1 0 1.000000
awning_04_old
  0 -75.073212 -156.019104 47.452625 0.077065 0.000000 0.997026 0.678384 0.006761 1 0 1.000000
  0 -61.679924 -322.513580 41.695858 0.538592 0.000000 0.842567 0.721751 0.585225 1 0 1.000000
  0 -61.679932 -156.019104 41.695866 0.538592 0.000000 0.842567 0.725317 0.006761 1 0 1.000000
awning_04_old
  0 -42.871544 -156.019104 24.810337 0.642673 0.000000 0.766141 0.791226 0.006761 1 0 1.000000
  0 -61.679932 -156.019104 41.695866 0.538592 0.000000 0.842567 0.725317 0.006761 1 0 1.000000
  0 -61.679924 -322.513580 41.695858 0.538592 0.000000 0.842567 0.721751 0.585225 1 0 1.000000
awning_04_old
  0 -42.871532 -346.833221 24.810329 0.642673 0.000000 0.766141 0.791291 0.669722 1 0 1.000000
  0 -42.871544 -156.019104 24.810337 0.642673 0.000000 0.766141 0.791226 0.006761 1 0 1.000000
  0 -61.679924 -322.513580 41.695858 0.538592 0.000000 0.842567 0.721751 0.585225 1 0 1.000000
awning_04_old
  0 -42.871532 -346.833221 24.810329 0.642673 0.000000 0.766141 0.791291 0.669722 1 0 1.000000
  0 -19.342751 -346.832886 6.383667 0.595876 0.000000 0.803077 0.875218 0.669722 1 0 1.000000
  0 -42.871544 -156.019104 24.810337 0.642673 0.000000 0.766141 0.791226 0.006761 1 0 1.000000
awning_04_old
  0 -42.871544 -156.019104 24.810337 0.642673 0.000000 0.766141 0.791226 0.006761 1 0 1.000000
  0 -19.342751 -346.832886 6.383667 0.595876 0.000000 0.803077 0.875218 0.669722 1 0 1.000000
  0 -19.342758 -156.019104 6.383671 0.595876 0.000000 0.803077 0.873676 0.006761 1 0 1.000000
awning_04_old
  0 -19.342751 -346.832886 6.383667 0.595876 0.000000 0.803077 0.875218 0.669722 1 0 1.000000
  0 -2.597870 -346.832886 -5.377739 0.637556 0.000000 0.770404 0.934159 0.669722 1 0 1.000000
  0 -19.342758 -156.019104 6.383671 0.595876 0.000000 0.803077 0.873676 0.006761 1 0 1.000000
awning_04_old
  0 -19.342758 -156.019104 6.383671 0.595876 0.000000 0.803077 0.873676 0.006761 1 0 1.000000
  0 -2.597870 -346.832886 -5.377739 0.637556 0.000000 0.770404 0.934159 0.669722 1 0 1.000000
  0 -2.597886 -156.019669 -5.377731 0.637556 0.000000 0.770404 0.932354 0.006761 1 0 1.000000
awning_04_old
  0 -2.597870 -346.832886 -5.377739 0.637556 0.000000 0.770404 0.934159 0.669722 1 0 1.000000
  0 -1.001839 -346.832886 -6.926346 0.920968 0.000000 0.389639 0.938314 0.669722 1 0 1.000000
  0 -2.597886 -156.019669 -5.377731 0.637556 0.000000 0.770404 0.932354 0.006761 1 0 1.000000
awning_04_old
  0 -2.597886 -156.019669 -5.377731 0.637556 0.000000 0.770404 0.932354 0.006761 1 0 1.000000
  0 -1.001839 -346.832886 -6.926346 0.920968 0.000000 0.389639 0.938314 0.669722 1 0 1.000000
  0 -1.001847 -156.019104 -6.926338 0.920968 0.000000 0.389639 0.937947 0.006761 1 0 1.000000
awning_04_old
  0 -1.001839 -346.832886 -6.926346 0.920968 0.000000 0.389639 0.938314 0.669722 1 0 1.000000
  0 -1.001839 -346.832886 -16.040615 1.000000 0.000000 0.000000 0.969885 0.669722 1 0 1.000000
  0 -1.001847 -156.019104 -6.926338 0.920968 0.000000 0.389639 0.937947 0.006761 1 0 1.000000
awning_04_old
  0 -1.001847 -156.019104 -6.926338 0.920968 0.000000 0.389639 0.937947 0.006761 1 0 1.000000
  0 -1.001839 -346.832886 -16.040615 1.000000 0.000000 0.000000 0.969885 0.669722 1 0 1.000000
  0 -1.001847 -156.019669 -16.040607 1.000000 0.000000 0.000000 0.969885 0.006761 1 0 1.000000
awning_04_old
  0 -61.679924 -322.513580 41.695858 0.003247 -0.999967 -0.007378 0.721751 0.585225 1 0 1.000000
  0 -75.232811 -322.590637 46.160000 -0.115668 -0.721011 -0.683201 0.676394 0.590781 1 0 1.000000
  0 -61.839531 -322.506897 40.403248 -0.744072 -0.362569 -0.561160 0.716680 0.589723 1 0 1.000000
awning_04_old
  0 -75.073204 -322.601990 47.452618 0.079441 -0.719674 0.689753 0.677647 0.585625 1 0 1.000000
  0 -75.232811 -322.590637 46.160000 -0.115668 -0.721011 -0.683201 0.676394 0.590781 1 0 1.000000
  0 -61.679924 -322.513580 41.695858 0.003247 -0.999967 -0.007378 0.721751 0.585225 1 0 1.000000
awning_04_old
  0 -77.821899 -322.755859 46.745876 -0.640049 -0.541768 0.544816 0.668530 0.585752 1 0 1.000000
  0 -75.232811 -322.590637 46.160000 -0.115668 -0.721011 -0.683201 0.676394 0.590781 1 0 1.000000
  0 -75.073204 -322.601990 47.452618 0.079441 -0.719674 0.689753 0.677647 0.585625 1 0 1.000000
awning_04_old
  0 -77.821899 -322.755859 46.745876 -0.640049 -0.541768 0.544816 0.668530 0.585752 1 0 1.000000
  0 -75.073204 -322.601990 47.452618 0.079441 -0.719674 0.689753 0.677647 0.585625 1 0 1.000000
  0 -77.821907 -156.019104 46.745884 -0.790256 0.000000 0.612777 0.668752 0.006761 1 0 1.000000
awning_04_old
  0 -77.821907 -156.019669 46.160007 -1.000000 0.000000 0.000010 0.666699 0.006761 1 0 1.000000
  0 -77.821899 -322.755859 46.745876 -0.640049 -0.541768 0.544816 0.668530 0.585752 1 0 1.000000
  0 -77.821907 -156.019104 46.745884 -0.790256 0.000000 0.612777 0.668752 0.006761 1 0 1.000000
awning_04_old
  0 -77.821899 -322.842651 46.160000 -1.000000 0.000000 0.000010 0.663886 0.586055 1 0 1.000000
  0 -77.821899 -322.755859 46.745876 -0.640049 -0.541768 0.544816 0.668530 0.585752 1 0 1.000000
  0 -77.821907 -156.019669 46.160007 -1.000000 0.000000 0.000010 0.666699 0.006761 1 0 1.000000
awning_04_old
  0 -77.821899 -322.842651 46.160000 0.071301 -0.996876 0.033976 0.663886 0.586055 1 0 1.000000
  0 -75.232811 -322.590637 46.160000 -0.115668 -0.721011 -0.683201 0.676394 0.590781 1 0 1.000000
  0 -77.821899 -322.755859 46.745876 -0.640049 -0.541768 0.544816 0.668530 0.585752 1 0 1.000000
awning_04_old
  0 -61.679924 -322.513580 41.695858 -0.992463 0.000000 0.122546 0.721751 0.585225 1 0 1.000000
  0 -61.839531 -322.506897 40.403248 -0.744072 -0.362569 -0.561160 0.716680 0.589723 1 0 1.000000
  0 -61.679924 -346.832886 41.695858 -0.992463 0.000000 0.122546 0.721540 0.669722 1 0 1.000000
awning_04_old
  0 -61.679924 -346.832886 41.695858 -0.992463 0.000000 0.122546 0.721540 0.669722 1 0 1.000000
  0 -61.839531 -322.506897 40.403248 -0.744072 -0.362569 -0.561160 0.716680 0.589723 1 0 1.000000
  0 -61.839531 -346.832886 40.403248 -0.936536 0.000000 -0.350571 0.716671 0.673351 1 0 1.000000
awning_04_old
  0 -61.929890 393.550507 -27.552109 0.000000 1.000000 0.000000 0.737454 0.929549 1 0 1.000000
  0 -54.774815 393.550507 -22.675707 0.000004 1.000000 0.000000 0.714448 0.945228 1 0 1.000000
  0 -55.191219 393.550507 -27.552109 0.000000 1.000000 0.000000 0.715787 0.929549 1 0 1.000000
awning_04_old
  0 -61.904663 393.550507 -12.786644 0.000002 1.000000 0.000000 0.737372 0.976044 1 0 1.000000
  0 -54.774815 393.550507 -22.675707 0.000004 1.000000 0.000000 0.714448 0.945228 1 0 1.000000
  0 -61.929890 393.550507 -27.552109 0.000000 1.000000 0.000000 0.737454 0.929549 1 0 1.000000
awning_04_old
  0 -52.415188 393.550507 -18.025862 0.000003 1.000000 0.000000 0.706861 0.960179 1 0 1.000000
  0 -54.774815 393.550507 -22.675707 0.000004 1.000000 0.000000 0.714448 0.945228 1 0 1.000000
  0 -61.904663 393.550507 -12.786644 0.000002 1.000000 0.000000 0.737372 0.976044 1 0 1.000000
awning_04_old
  0 -48.459354 393.550507 -14.694628 0.000000 1.000000 0.000000 0.694141 0.970890 1 0 1.000000
  0 -52.415188 393.550507 -18.025862 0.000003 1.000000 0.000000 0.706861 0.960179 1 0 1.000000
  0 -61.904663 393.550507 -12.786644 0.000002 1.000000 0.000000 0.737372 0.976044 1 0 1.000000
awning_04_old
  0 -43.254303 393.550507 -13.306614 0.000002 1.000000 0.000000 0.677406 0.975353 1 0 1.000000
  0 -48.459354 393.550507 -14.694628 0.000000 1.000000 0.000000 0.694141 0.970890 1 0 1.000000
  0 -61.904663 393.550507 -12.786644 0.000002 1.000000 0.000000 0.737372 0.976044 1 0 1.000000
awning_04_old
  0 -61.810036 -162.245529 34.592884 0.000006 -1.000000 0.000006 0.172105 0.986515 1 0 1.000000
  0 -43.102951 -162.245499 23.574200 0.000002 -1.000000 0.000003 0.222147 0.995917 1 0 1.000000
  0 -61.980091 -162.245499 40.445713 0.000006 -1.000000 0.000006 0.171969 0.995764 1 0 1.000000
awning_04_old
  0 -45.339886 -162.245529 20.312046 0.000002 -1.000000 0.000003 0.218143 0.985534 1 0 1.000000
  0 -43.102951 -162.245499 23.574200 0.000002 -1.000000 0.000003 0.222147 0.995917 1 0 1.000000
  0 -61.810036 -162.245529 34.592884 0.000006 -1.000000 0.000006 0.172105 0.986515 1 0 1.000000
awning_04_old
  0 -45.339886 -162.245529 20.312046 0.000002 -1.000000 0.000003 0.218143 0.985534 1 0 1.000000
  0 -19.473560 -162.245560 5.052453 -0.000002 -1.000000 -0.000002 0.281758 0.995905 1 0 1.000000
  0 -43.102951 -162.245499 23.574200 0.000002 -1.000000 0.000003 0.222147 0.995917 1 0 1.000000
awning_04_old
  0 -21.967560 -162.245529 1.888646 -0.000002 -1.000000 -0.000002 0.282098 0.985577 1 0 1.000000
  0 -19.473560 -162.245560 5.052453 -0.000002 -1.000000 -0.000002 0.281758 0.995905 1 0 1.000000
  0 -45.339886 -162.245529 20.312046 0.000002 -1.000000 0.000003 0.218143 0.985534 1 0 1.000000
awning_04_old
  0 -21.967560 -162.245529 1.888646 -0.000002 -1.000000 -0.000002 0.282098 0.985577 1 0 1.000000
  0 -6.587647 -162.245544 -9.030002 -0.000002 -1.000000 -0.000004 0.323285 0.986543 1 0 1.000000
  0 -19.473560 -162.245560 5.052453 -0.000002 -1.000000 -0.000002 0.281758 0.995905 1 0 1.000000
awning_04_old
  0 -19.473560 -162.245560 5.052453 -0.000002 -1.000000 -0.000002 0.281758 0.995905 1 0 1.000000
  0 -6.587647 -162.245544 -9.030002 -0.000002 -1.000000 -0.000004 0.323285 0.986543 1 0 1.000000
  0 -3.328713 -162.245560 -6.444541 -0.000002 -1.000000 -0.000004 0.321062 0.995807 1 0 1.000000
awning_04_old
  0 -62.037472 394.326447 -12.847685 -0.030966 0.000000 -0.999520 0.582371 0.913076 1 0 1.000000
  0 -6.625940 394.326447 -14.564411 -0.030966 0.000000 -0.999520 0.446496 0.913766 1 0 1.000000
  0 -62.037468 387.659729 -12.847685 -0.030966 0.000000 -0.999520 0.582304 0.897737 1 0 1.000000
awning_04_old
  0 -62.037468 387.659729 -12.847685 -0.030966 0.000000 -0.999520 0.582304 0.897737 1 0 1.000000
  0 -6.625940 394.326447 -14.564411 -0.030966 0.000000 -0.999520 0.446496 0.913766 1 0 1.000000
  0 -6.625940 387.659729 -14.564411 -0.030966 0.000000 -0.999520 0.446396 0.898428 1 0 1.000000
awning_04_old
  0 -62.037472 394.326447 -8.563047 -0.000001 1.000000 0.000000 0.582493 0.870888 1 0 1.000000
  0 -6.625940 394.326447 -10.279772 -0.000001 1.000000 0.000000 0.446585 0.871578 1 0 1.000000
  0 -62.037472 394.326447 -12.847685 -0.000001 1.000000 0.000000 0.582131 0.861215 1 0 1.000000
awning_04_old
  0 -62.037472 394.326447 -12.847685 -0.000001 1.000000 0.000000 0.582131 0.861215 1 0 1.000000
  0 -6.625940 394.326447 -10.279772 -0.000001 1.000000 0.000000 0.446585 0.871578 1 0 1.000000
  0 -6.625940 394.326447 -14.564411 -0.000001 1.000000 0.000000 0.446190 0.861905 1 0 1.000000
awning_04_old
  0 -62.037468 387.659729 -8.563047 0.030966 0.000000 0.999520 0.582576 0.887235 1 0 1.000000
  0 -6.625940 387.659729 -10.279772 0.030966 0.000000 0.999520 0.446669 0.887925 1 0 1.000000
  0 -62.037472 394.326447 -8.563047 0.030966 0.000000 0.999520 0.582493 0.870888 1 0 1.000000
awning_04_old
  0 -62.037472 394.326447 -8.563047 0.030966 0.000000 0.999520 0.582493 0.870888 1 0 1.000000
  0 -6.625940 387.659729 -10.279772 0.030966 0.000000 0.999520 0.446669 0.887925 1 0 1.000000
  0 -6.625940 394.326447 -10.279772 0.030966 0.000000 0.999520 0.446585 0.871578 1 0 1.000000
awning_04_old
  0 -6.625940 387.659729 -14.564411 0.000000 -1.000000 0.000000 0.446396 0.898428 1 0 1.000000
  0 -6.625940 387.659729 -10.279772 0.000000 -1.000000 0.000000 0.446669 0.887925 1 0 1.000000
  0 -62.037468 387.659729 -12.847685 0.000000 -1.000000 0.000000 0.582304 0.897737 1 0 1.000000
awning_04_old
  0 -62.037468 387.659729 -12.847685 0.000000 -1.000000 0.000000 0.582304 0.897737 1 0 1.000000
  0 -6.625940 387.659729 -10.279772 0.000000 -1.000000 0.000000 0.446669 0.887925 1 0 1.000000
  0 -62.037468 387.659729 -8.563047 0.000000 -1.000000 0.000000 0.582576 0.887235 1 0 1.000000
awning_04_old
  0 -60.072781 388.636688 -8.766615 1.000000 0.000000 0.000000 0.309929 0.868568 1 0 1.000000
  0 -60.072784 393.503418 -8.766615 1.000000 0.000000 0.000000 0.309929 0.883389 1 0 1.000000
  0 -60.072781 388.636688 33.155544 1.000000 0.000000 0.000000 0.437586 0.868569 1 0 1.000000
awning_04_old
  0 -60.072781 388.636688 33.155544 1.000000 0.000000 0.000000 0.437586 0.868569 1 0 1.000000
  0 -60.072784 393.503418 -8.766615 1.000000 0.000000 0.000000 0.309929 0.883389 1 0 1.000000
  0 -60.072784 393.503418 33.155548 1.000000 0.000000 0.000000 0.437586 0.883389 1 0 1.000000
awning_04_old
  0 -62.093479 393.503418 34.964081 0.000000 1.000000 0.000000 0.443093 0.889542 1 0 1.000000
  0 -60.072784 393.503418 33.155548 0.000000 1.000000 0.000000 0.437586 0.883389 1 0 1.000000
  0 -62.093479 393.503418 -8.766615 0.000000 1.000000 0.000000 0.309929 0.889542 1 0 1.000000
awning_04_old
  0 -62.093479 393.503418 -8.766615 0.000000 1.000000 0.000000 0.309929 0.889542 1 0 1.000000
  0 -60.072784 393.503418 33.155548 0.000000 1.000000 0.000000 0.437586 0.883389 1 0 1.000000
  0 -60.072784 393.503418 -8.766615 0.000000 1.000000 0.000000 0.309929 0.883389 1 0 1.000000
awning_04_old
  0 -60.072781 388.636688 -8.766615 0.000000 -1.000000 0.000000 0.309929 0.868568 1 0 1.000000
  0 -60.072781 388.636688 33.155544 0.000000 -1.000000 0.000000 0.437586 0.868569 1 0 1.000000
  0 -62.093475 388.636688 -8.766615 0.000000 -1.000000 0.000000 0.309928 0.862415 1 0 1.000000
awning_04_old
  0 -62.093475 388.636688 -8.766615 0.000000 -1.000000 0.000000 0.309928 0.862415 1 0 1.000000
  0 -60.072781 388.636688 33.155544 0.000000 -1.000000 0.000000 0.437586 0.868569 1 0 1.000000
  0 -62.037674 388.636688 34.824574 0.000000 -1.000000 0.000000 0.442669 0.862585 1 0 1.000000
awning_04_old
  0 -61.929890 393.550507 -27.552109 0.000000 0.000000 -1.000000 0.677486 0.897943 1 0 1.000000
  0 -55.191219 393.550507 -27.552109 0.676357 0.000000 -0.736574 0.677486 0.918463 1 0 1.000000
  0 -61.929886 388.673920 -27.552109 0.000000 0.000000 -1.000000 0.662637 0.897943 1 0 1.000000
awning_04_old
  0 -61.929886 388.673920 -27.552109 0.000000 0.000000 -1.000000 0.662637 0.897943 1 0 1.000000
  0 -55.191219 393.550507 -27.552109 0.676357 0.000000 -0.736574 0.677486 0.918463 1 0 1.000000
  0 -55.191216 388.673920 -27.552109 0.676357 0.000000 -0.736574 0.662637 0.918463 1 0 1.000000
awning_04_old
  0 -55.191216 388.673920 -27.552109 0.676357 0.000000 -0.736574 0.662637 0.918463 1 0 1.000000
  0 -55.191219 393.550507 -27.552109 0.676357 0.000000 -0.736574 0.677486 0.918463 1 0 1.000000
  0 -54.774811 388.673920 -22.675707 0.961772 0.000000 -0.273850 0.662637 0.933312 1 0 1.000000
awning_04_old
  0 -54.774811 388.673920 -22.675707 0.961772 0.000000 -0.273850 0.662637 0.933312 1 0 1.000000
  0 -55.191219 393.550507 -27.552109 0.676357 0.000000 -0.736574 0.677486 0.918463 1 0 1.000000
  0 -54.774815 393.550507 -22.675707 0.961772 0.000000 -0.273850 0.677486 0.933312 1 0 1.000000
awning_04_old
  0 -54.774811 388.673920 -22.675707 0.961772 0.000000 -0.273850 0.662637 0.933312 1 0 1.000000
  0 -54.774815 393.550507 -22.675707 0.961772 0.000000 -0.273850 0.677486 0.933312 1 0 1.000000
  0 -52.415184 388.673920 -18.025862 0.783665 0.000000 -0.621184 0.662637 0.947472 1 0 1.000000
awning_04_old
  0 -52.415184 388.673920 -18.025862 0.783665 0.000000 -0.621184 0.662637 0.947472 1 0 1.000000
  0 -54.774815 393.550507 -22.675707 0.961772 0.000000 -0.273850 0.677486 0.933312 1 0 1.000000
  0 -52.415188 393.550507 -18.025862 0.783665 0.000000 -0.621184 0.677486 0.947472 1 0 1.000000
awning_04_old
  0 -52.415184 388.673920 -18.025862 0.783665 0.000000 -0.621184 0.662637 0.947472 1 0 1.000000
  0 -52.415188 393.550507 -18.025862 0.783665 0.000000 -0.621184 0.677486 0.947472 1 0 1.000000
  0 -48.459351 388.673920 -14.694628 0.461998 0.000000 -0.886881 0.662637 0.959518 1 0 1.000000
awning_04_old
  0 -48.459351 388.673920 -14.694628 0.461998 0.000000 -0.886881 0.662637 0.959518 1 0 1.000000
  0 -52.415188 393.550507 -18.025862 0.783665 0.000000 -0.621184 0.677486 0.947472 1 0 1.000000
  0 -48.459354 393.550507 -14.694628 0.461998 0.000000 -0.886881 0.677486 0.959518 1 0 1.000000
awning_04_old
  0 -48.459351 388.673920 -14.694628 0.461998 0.000000 -0.886881 0.662637 0.959518 1 0 1.000000
  0 -48.459354 393.550507 -14.694628 0.461998 0.000000 -0.886881 0.677486 0.959518 1 0 1.000000
  0 -43.254299 388.673920 -13.306614 0.257661 0.000000 -0.966235 0.662637 0.975368 1 0 1.000000
awning_04_old
  0 -43.254299 388.673920 -13.306614 0.257661 0.000000 -0.966235 0.662637 0.975368 1 0 1.000000
  0 -48.459354 393.550507 -14.694628 0.461998 0.000000 -0.886881 0.677486 0.959518 1 0 1.000000
  0 -43.254303 393.550507 -13.306614 0.257661 0.000000 -0.966235 0.677486 0.975368 1 0 1.000000
awning_04_old
  0 -61.929863 -156.355057 -27.552137 0.000000 1.000000 -0.000002 0.172550 0.928888 1 0 1.000000
  0 -54.774788 -156.355057 -22.675734 0.000001 1.000000 -0.000001 0.195555 0.913209 1 0 1.000000
  0 -55.191193 -156.355057 -27.552137 0.000000 1.000000 -0.000002 0.194217 0.928888 1 0 1.000000
awning_04_old
  0 -61.904636 -156.355026 -12.786666 0.000000 1.000000 -0.000004 0.172631 0.881412 1 0 1.000000
  0 -54.774788 -156.355057 -22.675734 0.000001 1.000000 -0.000001 0.195555 0.913209 1 0 1.000000
  0 -61.929863 -156.355057 -27.552137 0.000000 1.000000 -0.000002 0.172550 0.928888 1 0 1.000000
awning_04_old
  0 -52.415161 -156.355057 -18.025885 0.000001 1.000000 -0.000003 0.203142 0.898258 1 0 1.000000
  0 -54.774788 -156.355057 -22.675734 0.000001 1.000000 -0.000001 0.195555 0.913209 1 0 1.000000
  0 -61.904636 -156.355026 -12.786666 0.000000 1.000000 -0.000004 0.172631 0.881412 1 0 1.000000
awning_04_old
  0 -48.459328 -156.355042 -14.694652 0.322686 0.715649 -0.619451 0.215862 0.887547 1 0 1.000000
  0 -52.415161 -156.355057 -18.025885 0.000001 1.000000 -0.000003 0.203142 0.898258 1 0 1.000000
  0 -61.904636 -156.355026 -12.786666 0.000000 1.000000 -0.000004 0.172631 0.881412 1 0 1.000000
awning_04_old
  0 -43.254272 -156.355026 -13.306636 0.182193 0.707103 -0.683235 0.232597 0.883084 1 0 1.000000
  0 -48.459328 -156.355042 -14.694652 0.322686 0.715649 -0.619451 0.215862 0.887547 1 0 1.000000
  0 -61.904636 -156.355026 -12.786666 0.000000 1.000000 -0.000004 0.172631 0.881412 1 0 1.000000
awning_04_old
  0 -61.810043 18.686380 34.592899 0.000005 -1.000000 0.000006 0.172105 0.986515 1 0 1.000000
  0 -43.102959 18.686411 23.574215 0.000002 -1.000000 0.000003 0.222147 0.995917 1 0 1.000000
  0 -61.980095 18.686411 40.445728 0.000005 -1.000000 0.000006 0.171969 0.995764 1 0 1.000000
awning_04_old
  0 -45.339893 18.686380 20.312054 0.000002 -1.000000 0.000003 0.218143 0.985534 1 0 1.000000
  0 -43.102959 18.686411 23.574215 0.000002 -1.000000 0.000003 0.222147 0.995917 1 0 1.000000
  0 -61.810043 18.686380 34.592899 0.000005 -1.000000 0.000006 0.172105 0.986515 1 0 1.000000
awning_04_old
  0 -45.339893 18.686380 20.312054 0.000002 -1.000000 0.000003 0.218143 0.985534 1 0 1.000000
  0 -19.473568 18.686367 5.052461 -0.000002 -1.000000 -0.000002 0.281758 0.995905 1 0 1.000000
  0 -43.102959 18.686411 23.574215 0.000002 -1.000000 0.000003 0.222147 0.995917 1 0 1.000000
awning_04_old
  0 -21.967567 18.686398 1.888654 -0.000002 -1.000000 -0.000002 0.282098 0.985577 1 0 1.000000
  0 -19.473568 18.686367 5.052461 -0.000002 -1.000000 -0.000002 0.281758 0.995905 1 0 1.000000
  0 -45.339893 18.686380 20.312054 0.000002 -1.000000 0.000003 0.218143 0.985534 1 0 1.000000
awning_04_old
  0 -21.967567 18.686398 1.888654 -0.000002 -1.000000 -0.000002 0.282098 0.985577 1 0 1.000000
  0 -6.587655 18.686384 -9.029994 -0.000004 -1.000000 -0.000004 0.323285 0.986543 1 0 1.000000
  0 -19.473568 18.686367 5.052461 -0.000002 -1.000000 -0.000002 0.281758 0.995905 1 0 1.000000
awning_04_old
  0 -19.473568 18.686367 5.052461 -0.000002 -1.000000 -0.000002 0.281758 0.995905 1 0 1.000000
  0 -6.587655 18.686384 -9.029994 -0.000004 -1.000000 -0.000004 0.323285 0.986543 1 0 1.000000
  0 -3.328721 18.686369 -6.444533 -0.000004 -1.000000 -0.000004 0.321062 0.995807 1 0 1.000000
awning_04_old
  0 -55.191216 388.673920 -27.552109 0.000000 -1.000000 0.000000 0.624303 0.929492 1 0 1.000000
  0 -54.774811 388.673920 -22.675707 0.000000 -1.000000 0.000000 0.625642 0.945171 1 0 1.000000
  0 -61.929886 388.673920 -27.552109 0.000000 -1.000000 0.000000 0.602636 0.929492 1 0 1.000000
awning_04_old
  0 -61.929886 388.673920 -27.552109 0.000000 -1.000000 0.000000 0.602636 0.929492 1 0 1.000000
  0 -54.774811 388.673920 -22.675707 0.000000 -1.000000 0.000000 0.625642 0.945171 1 0 1.000000
  0 -61.904659 388.673920 -12.786644 0.000001 -1.000000 0.000000 0.602717 0.975719 1 0 1.000000
awning_04_old
  0 -54.774811 388.673920 -22.675707 0.000000 -1.000000 0.000000 0.625642 0.945171 1 0 1.000000
  0 -52.415184 388.673920 -18.025862 0.000002 -1.000000 0.000000 0.633229 0.960121 1 0 1.000000
  0 -61.904659 388.673920 -12.786644 0.000001 -1.000000 0.000000 0.602717 0.975719 1 0 1.000000
awning_04_old
  0 -52.415184 388.673920 -18.025862 0.000002 -1.000000 0.000000 0.633229 0.960121 1 0 1.000000
  0 -48.459351 388.673920 -14.694628 0.000002 -1.000000 0.000000 0.645948 0.970832 1 0 1.000000
  0 -61.904659 388.673920 -12.786644 0.000001 -1.000000 0.000000 0.602717 0.975719 1 0 1.000000
awning_04_old
  0 -48.459351 388.673920 -14.694628 0.000002 -1.000000 0.000000 0.645948 0.970832 1 0 1.000000
  0 -43.254299 388.673920 -13.306614 0.000000 -1.000000 0.000000 0.662684 0.975296 1 0 1.000000
  0 -61.904659 388.673920 -12.786644 0.000001 -1.000000 0.000000 0.602717 0.975719 1 0 1.000000
awning_04_old
  0 -60.157265 -160.506638 33.373722 0.000002 -1.000000 0.000000 0.171601 0.869324 1 0 1.000000
  0 -60.157272 -160.506638 -8.766643 0.000001 -1.000000 0.000001 0.167270 0.997573 1 0 1.000000
  0 -45.316544 -160.506607 20.361759 0.000001 -1.000000 0.000000 0.125097 0.907399 1 0 1.000000
awning_04_old
  0 -45.316544 -160.506607 20.361759 0.000001 -1.000000 0.000000 0.125097 0.907399 1 0 1.000000
  0 -60.157272 -160.506638 -8.766643 0.000001 -1.000000 0.000001 0.167270 0.997573 1 0 1.000000
  0 -21.944305 -160.506622 1.948891 0.000000 -1.000000 0.000002 0.052074 0.961034 1 0 1.000000
awning_04_old
  0 -21.944305 -160.506622 1.948891 0.000000 -1.000000 0.000002 0.052074 0.961034 1 0 1.000000
  0 -60.157272 -160.506638 -8.766643 0.000001 -1.000000 0.000001 0.167270 0.997573 1 0 1.000000
  0 -6.397706 -160.506653 -8.984839 0.000000 -1.000000 0.000002 0.003636 0.992711 1 0 1.000000
awning_04_old
  0 -6.285447 -160.506653 -10.463824 0.000000 -1.000000 0.000002 0.003143 0.997201 1 0 1.000000
  0 -6.397706 -160.506653 -8.984839 0.000000 -1.000000 0.000002 0.003636 0.992711 1 0 1.000000
  0 -60.157272 -160.506638 -8.766643 0.000001 -1.000000 0.000001 0.167270 0.997573 1 0 1.000000
awning_04_old
  0 -6.587631 -338.333191 -9.030010 -0.000038 1.000000 0.000035 0.586718 0.871893 1 0 1.000000
  0 -19.473557 -338.334137 5.052445 0.000026 1.000000 0.000059 0.628245 0.862532 1 0 1.000000
  0 -3.328705 -338.333191 -6.444553 -0.000038 1.000000 0.000035 0.588941 0.862630 1 0 1.000000
awning_04_old
  0 -21.967556 -338.334137 1.888630 0.000026 1.000000 0.000059 0.627904 0.872860 1 0 1.000000
  0 -19.473557 -338.334137 5.052445 0.000026 1.000000 0.000059 0.628245 0.862532 1 0 1.000000
  0 -6.587631 -338.333191 -9.030010 -0.000038 1.000000 0.000035 0.586718 0.871893 1 0 1.000000
awning_04_old
  0 -45.339882 -338.333191 20.312031 0.000096 1.000000 0.000083 0.691860 0.872903 1 0 1.000000
  0 -19.473557 -338.334137 5.052445 0.000026 1.000000 0.000059 0.628245 0.862532 1 0 1.000000
  0 -21.967556 -338.334137 1.888630 0.000026 1.000000 0.000059 0.627904 0.872860 1 0 1.000000
awning_04_old
  0 -43.102947 -338.334137 23.574192 0.000096 1.000000 0.000083 0.687856 0.862520 1 0 1.000000
  0 -19.473557 -338.334137 5.052445 0.000026 1.000000 0.000059 0.628245 0.862532 1 0 1.000000
  0 -45.339882 -338.333191 20.312031 0.000096 1.000000 0.000083 0.691860 0.872903 1 0 1.000000
awning_04_old
  0 -61.810028 -338.333191 34.592869 0.000101 1.000000 0.000081 0.737898 0.871922 1 0 1.000000
  0 -43.102947 -338.334137 23.574192 0.000096 1.000000 0.000083 0.687856 0.862520 1 0 1.000000
  0 -45.339882 -338.333191 20.312031 0.000096 1.000000 0.000083 0.691860 0.872903 1 0 1.000000
awning_04_old
  0 -61.980087 -338.333191 40.445690 0.000101 1.000000 0.000081 0.738034 0.862672 1 0 1.000000
  0 -43.102947 -338.334137 23.574192 0.000096 1.000000 0.000083 0.687856 0.862520 1 0 1.000000
  0 -61.810028 -338.333191 34.592869 0.000101 1.000000 0.000081 0.737898 0.871922 1 0 1.000000
awning_04_old
  0 -60.157272 -157.449661 33.373730 0.000000 1.000000 -0.000001 0.003496 0.990164 1 0 1.000000
  0 -45.316544 -157.449677 20.361759 0.000001 1.000000 -0.000001 0.049999 0.952089 1 0 1.000000
  0 -60.157272 -157.449692 -8.766643 0.000001 1.000000 0.000000 0.007827 0.861915 1 0 1.000000
awning_04_old
  0 -45.316544 -157.449677 20.361759 0.000001 1.000000 -0.000001 0.049999 0.952089 1 0 1.000000
  0 -21.944305 -157.449722 1.948891 0.000001 1.000000 0.000000 0.123022 0.898455 1 0 1.000000
  0 -60.157272 -157.449692 -8.766643 0.000001 1.000000 0.000000 0.007827 0.861915 1 0 1.000000
awning_04_old
  0 -21.944305 -157.449722 1.948891 0.000001 1.000000 0.000000 0.123022 0.898455 1 0 1.000000
  0 -6.397707 -157.449722 -8.984843 0.000001 1.000000 0.000001 0.171460 0.866777 1 0 1.000000
  0 -60.157272 -157.449692 -8.766643 0.000001 1.000000 0.000000 0.007827 0.861915 1 0 1.000000
awning_04_old
  0 -6.285447 -157.449722 -10.463828 0.000001 1.000000 0.000001 0.171953 0.862287 1 0 1.000000
  0 -60.157272 -157.449692 -8.766643 0.000001 1.000000 0.000000 0.007827 0.861915 1 0 1.000000
  0 -6.397707 -157.449722 -8.984843 0.000001 1.000000 0.000001 0.171460 0.866777 1 0 1.000000
awning_04_old
  0 -3.328721 -155.578995 -6.444541 0.000002 1.000000 0.000003 0.321695 0.961904 1 0 1.000000
  0 -6.587647 -155.578964 -9.030005 0.000002 1.000000 0.000003 0.323289 0.972008 1 0 1.000000
  0 -19.473568 -155.578964 5.052457 0.000000 1.000000 0.000000 0.281539 0.961894 1 0 1.000000
awning_04_old
  0 -19.473568 -155.578964 5.052457 0.000000 1.000000 0.000000 0.281539 0.961894 1 0 1.000000
  0 -6.587647 -155.578964 -9.030005 0.000002 1.000000 0.000003 0.323289 0.972008 1 0 1.000000
  0 -21.967564 -155.578964 1.888646 0.000000 1.000000 0.000000 0.282102 0.972959 1 0 1.000000
awning_04_old
  0 -45.339886 -155.578995 20.312038 -0.000005 1.000000 -0.000003 0.218146 0.972977 1 0 1.000000
  0 -19.473568 -155.578964 5.052457 0.000000 1.000000 0.000000 0.281539 0.961894 1 0 1.000000
  0 -21.967564 -155.578964 1.888646 0.000000 1.000000 0.000000 0.282102 0.972959 1 0 1.000000
awning_04_old
  0 -43.102959 -155.578964 23.574200 -0.000005 1.000000 -0.000003 0.221723 0.961894 1 0 1.000000
  0 -19.473568 -155.578964 5.052457 0.000000 1.000000 0.000000 0.281539 0.961894 1 0 1.000000
  0 -45.339886 -155.578995 20.312038 -0.000005 1.000000 -0.000003 0.218146 0.972977 1 0 1.000000
awning_04_old
  0 -61.810036 -155.579010 34.592884 -0.000008 1.000000 -0.000004 0.172109 0.971979 1 0 1.000000
  0 -43.102959 -155.578964 23.574200 -0.000005 1.000000 -0.000003 0.221723 0.961894 1 0 1.000000
  0 -45.339886 -155.578995 20.312038 -0.000005 1.000000 -0.000003 0.218146 0.972977 1 0 1.000000
awning_04_old
  0 -61.980087 -155.578995 40.445705 -0.000008 1.000000 -0.000004 0.172661 0.961913 1 0 1.000000
  0 -43.102959 -155.578964 23.574200 -0.000005 1.000000 -0.000003 0.221723 0.961894 1 0 1.000000
  0 -61.810036 -155.579010 34.592884 -0.000008 1.000000 -0.000004 0.172109 0.971979 1 0 1.000000
awning_04_old
  0 -6.587647 -155.578964 -9.030005 -0.578884 0.000000 -0.815410 0.323289 0.972008 1 0 1.000000
  0 -6.587647 -162.245544 -9.030002 -0.578884 0.000000 -0.815410 0.323285 0.986543 1 0 1.000000
  0 -21.967564 -155.578964 1.888646 -0.599158 -0.000001 -0.800631 0.282102 0.972959 1 0 1.000000
awning_04_old
  0 -21.967564 -155.578964 1.888646 -0.599158 -0.000001 -0.800631 0.282102 0.972959 1 0 1.000000
  0 -6.587647 -162.245544 -9.030002 -0.578884 0.000000 -0.815410 0.323285 0.986543 1 0 1.000000
  0 -21.967560 -162.245529 1.888646 -0.599158 -0.000001 -0.800631 0.282098 0.985577 1 0 1.000000
awning_04_old
  0 -21.967564 -155.578964 1.888646 -0.599158 -0.000001 -0.800631 0.282102 0.972959 1 0 1.000000
  0 -21.967560 -162.245529 1.888646 -0.599158 -0.000001 -0.800631 0.282098 0.985577 1 0 1.000000
  0 -45.339886 -155.578995 20.312038 -0.637255 -0.000001 -0.770653 0.218146 0.972977 1 0 1.000000
awning_04_old
  0 -45.339886 -155.578995 20.312038 -0.637255 -0.000001 -0.770653 0.218146 0.972977 1 0 1.000000
  0 -21.967560 -162.245529 1.888646 -0.599158 -0.000001 -0.800631 0.282098 0.985577 1 0 1.000000
  0 -45.339886 -162.245529 20.312046 -0.637255 -0.000001 -0.770653 0.218143 0.985534 1 0 1.000000
awning_04_old
  0 -45.339886 -155.578995 20.312038 -0.637255 -0.000001 -0.770653 0.218146 0.972977 1 0 1.000000
  0 -45.339886 -162.245529 20.312046 -0.637255 -0.000001 -0.770653 0.218143 0.985534 1 0 1.000000
  0 -61.810036 -155.579010 34.592884 -0.655106 0.000000 -0.755537 0.172109 0.971979 1 0 1.000000
awning_04_old
  0 -61.810036 -155.579010 34.592884 -0.655106 0.000000 -0.755537 0.172109 0.971979 1 0 1.000000
  0 -45.339886 -162.245529 20.312046 -0.637255 -0.000001 -0.770653 0.218143 0.985534 1 0 1.000000
  0 -61.810036 -162.245529 34.592884 -0.655106 0.000000 -0.755537 0.172105 0.986515 1 0 1.000000
awning_04_old
  0 -61.980083 -345.057098 40.445690 0.000000 -1.000000 0.000000 0.737342 0.896524 1 0 1.000000
  0 -61.810024 -345.057098 34.592869 0.000000 -1.000000 0.000000 0.737895 0.886458 1 0 1.000000
  0 -43.102947 -345.057098 23.574184 0.000002 -1.000000 -0.000002 0.688280 0.896542 1 0 1.000000
awning_04_old
  0 -43.102947 -345.057098 23.574184 0.000002 -1.000000 -0.000002 0.688280 0.896542 1 0 1.000000
  0 -61.810024 -345.057098 34.592869 0.000000 -1.000000 0.000000 0.737895 0.886458 1 0 1.000000
  0 -45.339882 -345.057098 20.312023 0.000002 -1.000000 -0.000002 0.691857 0.885459 1 0 1.000000
awning_04_old
  0 -43.102947 -345.057098 23.574184 0.000002 -1.000000 -0.000002 0.688280 0.896542 1 0 1.000000
  0 -45.339882 -345.057098 20.312023 0.000002 -1.000000 -0.000002 0.691857 0.885459 1 0 1.000000
  0 -19.473553 -345.056946 5.052445 -0.000003 -1.000000 -0.000008 0.628464 0.896543 1 0 1.000000
awning_04_old
  0 -19.473553 -345.056946 5.052445 -0.000003 -1.000000 -0.000008 0.628464 0.896543 1 0 1.000000
  0 -45.339882 -345.057098 20.312023 0.000002 -1.000000 -0.000002 0.691857 0.885459 1 0 1.000000
  0 -21.967556 -345.056946 1.888630 -0.000003 -1.000000 -0.000008 0.627901 0.885478 1 0 1.000000
awning_04_old
  0 -21.967556 -345.056946 1.888630 -0.000003 -1.000000 -0.000008 0.627901 0.885478 1 0 1.000000
  0 -6.587631 -345.056946 -9.030010 -0.000009 -1.000000 -0.000013 0.586714 0.886428 1 0 1.000000
  0 -19.473553 -345.056946 5.052445 -0.000003 -1.000000 -0.000008 0.628464 0.896543 1 0 1.000000
awning_04_old
  0 -19.473553 -345.056946 5.052445 -0.000003 -1.000000 -0.000008 0.628464 0.896543 1 0 1.000000
  0 -6.587631 -345.056946 -9.030010 -0.000009 -1.000000 -0.000013 0.586714 0.886428 1 0 1.000000
  0 -3.328697 -345.057098 -6.444549 -0.000009 -1.000000 -0.000013 0.588307 0.896533 1 0 1.000000
awning_04_old
  0 -62.037441 -155.578964 -12.847705 -0.030967 0.000000 -0.999520 0.327632 0.944353 1 0 1.000000
  0 -6.625916 -155.578934 -14.564435 -0.030967 0.000000 -0.999520 0.463507 0.943662 1 0 1.000000
  0 -62.037445 -162.245529 -12.847705 -0.030967 0.000000 -0.999520 0.327698 0.960699 1 0 1.000000
awning_04_old
  0 -62.037445 -162.245529 -12.847705 -0.030967 0.000000 -0.999520 0.327698 0.960699 1 0 1.000000
  0 -6.625916 -155.578934 -14.564435 -0.030967 0.000000 -0.999520 0.463507 0.943662 1 0 1.000000
  0 -6.625909 -162.245499 -14.564433 -0.030967 0.000000 -0.999520 0.463606 0.960009 1 0 1.000000
awning_04_old
  0 -62.037437 -155.578964 -8.563067 0.000000 1.000000 0.000004 0.327509 0.987549 1 0 1.000000
  0 -6.625916 -155.578964 -10.279796 0.000000 1.000000 0.000004 0.463417 0.986859 1 0 1.000000
  0 -62.037441 -155.578964 -12.847705 0.000000 1.000000 0.000004 0.327872 0.998049 1 0 1.000000
awning_04_old
  0 -62.037441 -155.578964 -12.847705 0.000000 1.000000 0.000004 0.327872 0.998049 1 0 1.000000
  0 -6.625916 -155.578964 -10.279796 0.000000 1.000000 0.000004 0.463417 0.986859 1 0 1.000000
  0 -6.625916 -155.578934 -14.564435 0.000000 1.000000 0.000004 0.463812 0.997358 1 0 1.000000
awning_04_old
  0 -62.037445 -162.245529 -8.563071 0.030967 0.000000 0.999520 0.327426 0.971202 1 0 1.000000
  0 -6.625916 -162.245529 -10.279792 0.030967 0.000000 0.999520 0.463334 0.970511 1 0 1.000000
  0 -62.037437 -155.578964 -8.563067 0.030967 0.000000 0.999520 0.327509 0.987549 1 0 1.000000
awning_04_old
  0 -62.037437 -155.578964 -8.563067 0.030967 0.000000 0.999520 0.327509 0.987549 1 0 1.000000
  0 -6.625916 -162.245529 -10.279792 0.030967 0.000000 0.999520 0.463334 0.970511 1 0 1.000000
  0 -6.625916 -155.578964 -10.279796 0.030967 0.000000 0.999520 0.463417 0.986859 1 0 1.000000
awning_04_old
  0 -6.625909 -162.245499 -14.564433 0.000000 -1.000000 -0.000004 0.463606 0.960009 1 0 1.000000
  0 -6.625916 -162.245529 -10.279792 0.000000 -1.000000 -0.000004 0.463334 0.970511 1 0 1.000000
  0 -62.037445 -162.245529 -12.847705 0.000000 -1.000000 -0.000004 0.327698 0.960699 1 0 1.000000
awning_04_old
  0 -62.037445 -162.245529 -12.847705 0.000000 -1.000000 -0.000004 0.327698 0.960699 1 0 1.000000
  0 -6.625916 -162.245529 -10.279792 0.000000 -1.000000 -0.000004 0.463334 0.970511 1 0 1.000000
  0 -62.037445 -162.245529 -8.563071 0.000000 -1.000000 -0.000004 0.327426 0.971202 1 0 1.000000
awning_04_old
  0 -60.072758 -161.268890 -8.766639 1.000000 0.000000 0.000000 0.600074 0.975047 1 0 1.000000
  0 -60.072758 -156.401962 -8.766639 1.000000 0.000000 0.000000 0.600074 0.989868 1 0 1.000000
  0 -60.072758 -161.268890 33.155521 1.000000 0.000000 0.000000 0.472417 0.975048 1 0 1.000000
awning_04_old
  0 -60.072758 -161.268890 33.155521 1.000000 0.000000 0.000000 0.472417 0.975048 1 0 1.000000
  0 -60.072758 -156.401962 -8.766639 1.000000 0.000000 0.000000 0.600074 0.989868 1 0 1.000000
  0 -60.072758 -156.401962 33.155521 1.000000 0.000000 0.000000 0.472417 0.989868 1 0 1.000000
awning_04_old
  0 -62.093449 -156.401962 34.964046 0.000000 1.000000 0.000000 0.466909 0.996021 1 0 1.000000
  0 -60.072758 -156.401962 33.155521 0.000000 1.000000 0.000000 0.472417 0.989868 1 0 1.000000
  0 -62.093449 -156.401962 -8.766643 0.000000 1.000000 0.000000 0.600074 0.996021 1 0 1.000000
awning_04_old
  0 -62.093449 -156.401962 -8.766643 0.000000 1.000000 0.000000 0.600074 0.996021 1 0 1.000000
  0 -60.072758 -156.401962 33.155521 0.000000 1.000000 0.000000 0.472417 0.989868 1 0 1.000000
  0 -60.072758 -156.401962 -8.766639 0.000000 1.000000 0.000000 0.600074 0.989868 1 0 1.000000
awning_04_old
  0 -60.072758 -161.268890 -8.766639 -0.000006 -1.000000 0.000000 0.600074 0.975047 1 0 1.000000
  0 -60.072758 -161.268890 33.155521 -0.000006 -1.000000 0.000000 0.472417 0.975048 1 0 1.000000
  0 -62.093452 -161.268875 -8.766639 -0.000006 -1.000000 0.000000 0.600074 0.968894 1 0 1.000000
awning_04_old
  0 -62.093452 -161.268875 -8.766639 -0.000006 -1.000000 0.000000 0.600074 0.968894 1 0 1.000000
  0 -60.072758 -161.268890 33.155521 -0.000006 -1.000000 0.000000 0.472417 0.975048 1 0 1.000000
  0 -62.037651 -161.268875 34.824543 -0.000006 -1.000000 0.000000 0.467334 0.969064 1 0 1.000000
awning_04_old
  0 -61.929863 -156.355057 -27.552137 0.000000 0.000000 -1.000000 0.232517 0.960493 1 0 1.000000
  0 -55.191193 -156.355057 -27.552137 0.676357 0.000000 -0.736574 0.232517 0.939974 1 0 1.000000
  0 -61.929863 -161.231461 -27.552134 0.000000 0.000000 -1.000000 0.247366 0.960493 1 0 1.000000
awning_04_old
  0 -61.929863 -161.231461 -27.552134 0.000000 0.000000 -1.000000 0.247366 0.960493 1 0 1.000000
  0 -55.191193 -156.355057 -27.552137 0.676357 0.000000 -0.736574 0.232517 0.939974 1 0 1.000000
  0 -55.191193 -161.231461 -27.552135 0.676357 0.000000 -0.736574 0.247366 0.939974 1 0 1.000000
awning_04_old
  0 -55.191193 -161.231461 -27.552135 0.676357 0.000000 -0.736574 0.247366 0.939974 1 0 1.000000
  0 -55.191193 -156.355057 -27.552137 0.676357 0.000000 -0.736574 0.232517 0.939974 1 0 1.000000
  0 -54.774788 -161.231476 -22.675732 0.961773 0.000000 -0.273848 0.247366 0.925124 1 0 1.000000
awning_04_old
  0 -54.774788 -161.231476 -22.675732 0.961773 0.000000 -0.273848 0.247366 0.925124 1 0 1.000000
  0 -55.191193 -156.355057 -27.552137 0.676357 0.000000 -0.736574 0.232517 0.939974 1 0 1.000000
  0 -54.774788 -156.355057 -22.675734 0.961773 0.000000 -0.273848 0.232517 0.925124 1 0 1.000000
awning_04_old
  0 -54.774788 -161.231476 -22.675732 0.961773 0.000000 -0.273848 0.247366 0.925124 1 0 1.000000
  0 -54.774788 -156.355057 -22.675734 0.961773 0.000000 -0.273848 0.232517 0.925124 1 0 1.000000
  0 -52.415161 -161.231461 -18.025885 0.783666 0.000000 -0.621182 0.247366 0.910965 1 0 1.000000
awning_04_old
  0 -52.415161 -161.231461 -18.025885 0.783666 0.000000 -0.621182 0.247366 0.910965 1 0 1.000000
  0 -54.774788 -156.355057 -22.675734 0.961773 0.000000 -0.273848 0.232517 0.925124 1 0 1.000000
  0 -52.415161 -156.355057 -18.025885 0.783666 0.000000 -0.621182 0.232517 0.910965 1 0 1.000000
awning_04_old
  0 -52.415161 -161.231461 -18.025885 0.783666 0.000000 -0.621182 0.247366 0.910965 1 0 1.000000
  0 -52.415161 -156.355057 -18.025885 0.783666 0.000000 -0.621182 0.232517 0.910965 1 0 1.000000
  0 -48.459328 -161.231461 -14.694652 0.462000 0.000000 -0.886880 0.247366 0.898919 1 0 1.000000
awning_04_old
  0 -48.459328 -161.231461 -14.694652 0.462000 0.000000 -0.886880 0.247366 0.898919 1 0 1.000000
  0 -52.415161 -156.355057 -18.025885 0.783666 0.000000 -0.621182 0.232517 0.910965 1 0 1.000000
  0 -48.459328 -156.355042 -14.694652 0.322686 0.715649 -0.619451 0.232517 0.898919 1 0 1.000000
awning_04_old
  0 -48.459328 -161.231461 -14.694652 0.462000 0.000000 -0.886880 0.247366 0.898919 1 0 1.000000
  0 -48.459328 -156.355042 -14.694652 0.322686 0.715649 -0.619451 0.232517 0.898919 1 0 1.000000
  0 -43.254276 -161.231461 -13.306636 0.257663 0.000000 -0.966235 0.247366 0.883069 1 0 1.000000
awning_04_old
  0 -43.254276 -161.231461 -13.306636 0.257663 0.000000 -0.966235 0.247366 0.883069 1 0 1.000000
  0 -48.459328 -156.355042 -14.694652 0.322686 0.715649 -0.619451 0.232517 0.898919 1 0 1.000000
  0 -43.254272 -156.355026 -13.306636 0.182193 0.707103 -0.683235 0.232517 0.883069 1 0 1.000000
awning_04_old
  0 -61.929855 -339.355225 -27.552141 0.000000 1.000000 0.000000 0.602636 0.929492 1 0 1.000000
  0 -54.774780 -339.355225 -22.675739 -0.000002 1.000000 0.000000 0.625642 0.945171 1 0 1.000000
  0 -55.191185 -339.355225 -27.552141 0.000000 1.000000 0.000000 0.624303 0.929492 1 0 1.000000
awning_04_old
  0 -61.904625 -339.355225 -12.786676 -0.000001 1.000000 0.000000 0.602717 0.975719 1 0 1.000000
  0 -54.774780 -339.355225 -22.675739 -0.000002 1.000000 0.000000 0.625642 0.945171 1 0 1.000000
  0 -61.929855 -339.355225 -27.552141 0.000000 1.000000 0.000000 0.602636 0.929492 1 0 1.000000
awning_04_old
  0 -54.774780 -339.355225 -22.675739 -0.000002 1.000000 0.000000 0.625642 0.945171 1 0 1.000000
  0 -61.904625 -339.355225 -12.786676 -0.000001 1.000000 0.000000 0.602717 0.975719 1 0 1.000000
  0 -52.415154 -339.355225 -18.025894 -0.000002 1.000000 0.000000 0.633229 0.960121 1 0 1.000000
awning_04_old
  0 -52.415154 -339.355225 -18.025894 -0.000002 1.000000 0.000000 0.633229 0.960121 1 0 1.000000
  0 -61.904625 -339.355225 -12.786676 -0.000001 1.000000 0.000000 0.602717 0.975719 1 0 1.000000
  0 -48.459320 -339.355225 -14.694660 0.000001 1.000000 0.000000 0.645948 0.970832 1 0 1.000000
awning_04_old
  0 -48.459320 -339.355225 -14.694660 0.000001 1.000000 0.000000 0.645948 0.970832 1 0 1.000000
  0 -61.904625 -339.355225 -12.786676 -0.000001 1.000000 0.000000 0.602717 0.975719 1 0 1.000000
  0 -43.254269 -339.355225 -13.306646 0.000002 1.000000 0.000000 0.662684 0.975296 1 0 1.000000
awning_04_old
  0 -77.821915 22.647942 46.160007 -1.000000 0.000000 -0.000001 0.009050 0.670263 1 0 1.000000
  0 -77.821907 -156.017456 46.160000 -1.000000 0.000000 -0.000001 0.009050 0.077914 1 0 1.000000
  0 -77.821915 22.648430 46.745884 -0.790260 0.000000 0.612772 0.011158 0.670264 1 0 1.000000
awning_04_old
  0 -77.821915 22.648430 46.745884 -0.790260 0.000000 0.612772 0.011158 0.670264 1 0 1.000000
  0 -77.821907 -156.017456 46.160000 -1.000000 0.000000 -0.000001 0.009050 0.077914 1 0 1.000000
  0 -77.821907 -156.017456 46.745884 -0.790260 0.000000 0.612772 0.011158 0.077914 1 0 1.000000
awning_04_old
  0 -77.821907 -156.017456 46.745884 -0.790260 0.000000 0.612772 0.011158 0.077914 1 0 1.000000
  0 -75.073212 -156.017441 47.452625 0.077064 0.000000 0.997026 0.021047 0.077914 1 0 1.000000
  0 -77.821915 22.648430 46.745884 -0.790260 0.000000 0.612772 0.011158 0.670264 1 0 1.000000
awning_04_old
  0 -77.821915 22.648430 46.745884 -0.790260 0.000000 0.612772 0.011158 0.670264 1 0 1.000000
  0 -75.073212 -156.017441 47.452625 0.077064 0.000000 0.997026 0.021047 0.077914 1 0 1.000000
  0 -75.073219 22.649361 47.452633 0.077064 0.000000 0.997026 0.021047 0.670268 1 0 1.000000
awning_04_old
  0 -75.073219 22.649361 47.452633 0.077064 0.000000 0.997026 0.021047 0.670268 1 0 1.000000
  0 -75.073212 -156.017441 47.452625 0.077064 0.000000 0.997026 0.021047 0.077914 1 0 1.000000
  0 -61.679939 22.649866 41.695866 0.538592 0.000000 0.842567 0.069232 0.670270 1 0 1.000000
awning_04_old
  0 -61.679939 22.649866 41.695866 0.538592 0.000000 0.842567 0.069232 0.670270 1 0 1.000000
  0 -75.073212 -156.017441 47.452625 0.077064 0.000000 0.997026 0.021047 0.077914 1 0 1.000000
  0 -61.679932 -156.017441 41.695866 0.538592 0.000000 0.842567 0.069232 0.077914 1 0 1.000000
awning_04_old
  0 -42.871540 -156.017456 24.810337 0.642673 0.000000 0.766141 0.136899 0.077914 1 0 1.000000
  0 -61.679939 22.649866 41.695866 0.538592 0.000000 0.842567 0.069232 0.670270 1 0 1.000000
  0 -61.679932 -156.017441 41.695866 0.538592 0.000000 0.842567 0.069232 0.077914 1 0 1.000000
awning_04_old
  0 -42.871548 22.649836 24.810339 0.642673 0.000000 0.766141 0.136899 0.670270 1 0 1.000000
  0 -61.679939 22.649866 41.695866 0.538592 0.000000 0.842567 0.069232 0.670270 1 0 1.000000
  0 -42.871540 -156.017456 24.810337 0.642673 0.000000 0.766141 0.136899 0.077914 1 0 1.000000
awning_04_old
  0 -19.342751 -156.017471 6.383683 0.595876 0.000000 0.803077 0.221548 0.077914 1 0 1.000000
  0 -42.871548 22.649836 24.810339 0.642673 0.000000 0.766141 0.136899 0.670270 1 0 1.000000
  0 -42.871540 -156.017456 24.810337 0.642673 0.000000 0.766141 0.136899 0.077914 1 0 1.000000
awning_04_old
  0 -19.342764 22.651257 6.383691 0.595876 0.000000 0.803077 0.221548 0.670275 1 0 1.000000
  0 -42.871548 22.649836 24.810339 0.642673 0.000000 0.766141 0.136899 0.670270 1 0 1.000000
  0 -19.342751 -156.017471 6.383683 0.595876 0.000000 0.803077 0.221548 0.077914 1 0 1.000000
awning_04_old
  0 -2.597878 -156.017456 -5.377723 0.637556 0.000000 0.770404 0.281792 0.077914 1 0 1.000000
  0 -19.342764 22.651257 6.383691 0.595876 0.000000 0.803077 0.221548 0.670275 1 0 1.000000
  0 -19.342751 -156.017471 6.383683 0.595876 0.000000 0.803077 0.221548 0.077914 1 0 1.000000
awning_04_old
  0 -2.597886 22.644178 -5.377719 0.637556 0.000000 0.770404 0.281792 0.670249 1 0 1.000000
  0 -19.342764 22.651257 6.383691 0.595876 0.000000 0.803077 0.221548 0.670275 1 0 1.000000
  0 -2.597878 -156.017456 -5.377723 0.637556 0.000000 0.770404 0.281792 0.077914 1 0 1.000000
awning_04_old
  0 -1.001839 -156.017456 -6.926334 0.920968 0.000000 0.389639 0.287534 0.077914 1 0 1.000000
  0 -2.597886 22.644178 -5.377719 0.637556 0.000000 0.770404 0.281792 0.670249 1 0 1.000000
  0 -2.597878 -156.017456 -5.377723 0.637556 0.000000 0.770404 0.281792 0.077914 1 0 1.000000
awning_04_old
  0 -1.001847 22.643431 -6.926326 0.920968 0.000000 0.389639 0.287534 0.670246 1 0 1.000000
  0 -2.597886 22.644178 -5.377719 0.637556 0.000000 0.770404 0.281792 0.670249 1 0 1.000000
  0 -1.001839 -156.017456 -6.926334 0.920968 0.000000 0.389639 0.287534 0.077914 1 0 1.000000
awning_04_old
  0 -1.001847 -156.017456 -16.040604 1.000000 0.000000 0.000000 0.320324 0.077914 1 0 1.000000
  0 -1.001847 22.643431 -6.926326 0.920968 0.000000 0.389639 0.287534 0.670246 1 0 1.000000
  0 -1.001839 -156.017456 -6.926334 0.920968 0.000000 0.389639 0.287534 0.077914 1 0 1.000000
awning_04_old
  0 -1.001847 22.645369 -16.040592 1.000000 0.000000 0.000000 0.320324 0.670253 1 0 1.000000
  0 -1.001847 22.643431 -6.926326 0.920968 0.000000 0.389639 0.287534 0.670246 1 0 1.000000
  0 -1.001847 -156.017456 -16.040604 1.000000 0.000000 0.000000 0.320324 0.077914 1 0 1.000000
awning_04_old
  0 -55.191193 -161.231461 -27.552135 -0.000004 -1.000000 -0.000001 0.285700 0.928945 1 0 1.000000
  0 -54.774788 -161.231476 -22.675732 -0.000002 -1.000000 0.000001 0.284361 0.913266 1 0 1.000000
  0 -61.929863 -161.231461 -27.552134 -0.000004 -1.000000 -0.000001 0.307367 0.928945 1 0 1.000000
awning_04_old
  0 -61.929863 -161.231461 -27.552134 -0.000004 -1.000000 -0.000001 0.307367 0.928945 1 0 1.000000
  0 -54.774788 -161.231476 -22.675732 -0.000002 -1.000000 0.000001 0.284361 0.913266 1 0 1.000000
  0 -61.904633 -161.231461 -12.786666 -0.000001 -1.000000 0.000000 0.307285 0.881470 1 0 1.000000
awning_04_old
  0 -54.774788 -161.231476 -22.675732 -0.000002 -1.000000 0.000001 0.284361 0.913266 1 0 1.000000
  0 -52.415161 -161.231461 -18.025885 0.000000 -1.000000 0.000001 0.276774 0.898315 1 0 1.000000
  0 -61.904633 -161.231461 -12.786666 -0.000001 -1.000000 0.000000 0.307285 0.881470 1 0 1.000000
awning_04_old
  0 -52.415161 -161.231461 -18.025885 0.000000 -1.000000 0.000001 0.276774 0.898315 1 0 1.000000
  0 -48.459328 -161.231461 -14.694652 0.000000 -1.000000 0.000000 0.264055 0.887604 1 0 1.000000
  0 -61.904633 -161.231461 -12.786666 -0.000001 -1.000000 0.000000 0.307285 0.881470 1 0 1.000000
awning_04_old
  0 -48.459328 -161.231461 -14.694652 0.000000 -1.000000 0.000000 0.264055 0.887604 1 0 1.000000
  0 -43.254276 -161.231461 -13.306636 0.000000 -1.000000 0.000000 0.247319 0.883141 1 0 1.000000
  0 -61.904633 -161.231461 -12.786666 -0.000001 -1.000000 0.000000 0.307285 0.881470 1 0 1.000000
awning_04_old
  0 -60.157272 20.425303 33.373730 0.000002 -1.000000 0.000000 0.171601 0.869324 1 0 1.000000
  0 -60.157280 20.425289 -8.766639 0.000001 -1.000000 0.000001 0.167270 0.997573 1 0 1.000000
  0 -45.316551 20.425333 20.361767 0.000001 -1.000000 0.000001 0.125097 0.907399 1 0 1.000000
awning_04_old
  0 -45.316551 20.425333 20.361767 0.000001 -1.000000 0.000001 0.125097 0.907399 1 0 1.000000
  0 -60.157280 20.425289 -8.766639 0.000001 -1.000000 0.000001 0.167270 0.997573 1 0 1.000000
  0 -21.944313 20.425304 1.948899 0.000000 -1.000000 0.000001 0.052074 0.961034 1 0 1.000000
awning_04_old
  0 -21.944313 20.425304 1.948899 0.000000 -1.000000 0.000001 0.052074 0.961034 1 0 1.000000
  0 -60.157280 20.425289 -8.766639 0.000001 -1.000000 0.000001 0.167270 0.997573 1 0 1.000000
  0 -6.397714 20.425291 -8.984832 0.000000 -1.000000 0.000001 0.003636 0.992711 1 0 1.000000
awning_04_old
  0 -6.285455 20.425291 -10.463817 0.000000 -1.000000 0.000001 0.003143 0.997201 1 0 1.000000
  0 -6.397714 20.425291 -8.984832 0.000000 -1.000000 0.000001 0.003636 0.992711 1 0 1.000000
  0 -60.157280 20.425289 -8.766639 0.000001 -1.000000 0.000001 0.167270 0.997573 1 0 1.000000
awning_04_old
  0 -61.810051 202.753754 34.592899 0.000008 -1.000000 0.000006 0.172105 0.986515 1 0 1.000000
  0 -43.102970 202.753784 23.574224 0.000004 -1.000000 0.000003 0.222147 0.995917 1 0 1.000000
  0 -61.980106 202.753784 40.445728 0.000008 -1.000000 0.000006 0.171969 0.995764 1 0 1.000000
awning_04_old
  0 -45.339901 202.753754 20.312063 0.000004 -1.000000 0.000003 0.218143 0.985534 1 0 1.000000
  0 -43.102970 202.753784 23.574224 0.000004 -1.000000 0.000003 0.222147 0.995917 1 0 1.000000
  0 -61.810051 202.753754 34.592899 0.000008 -1.000000 0.000006 0.172105 0.986515 1 0 1.000000
awning_04_old
  0 -45.339901 202.753754 20.312063 0.000004 -1.000000 0.000003 0.218143 0.985534 1 0 1.000000
  0 -19.473577 202.753754 5.052469 -0.000001 -1.000000 -0.000003 0.281758 0.995905 1 0 1.000000
  0 -43.102970 202.753784 23.574224 0.000004 -1.000000 0.000003 0.222147 0.995917 1 0 1.000000
awning_04_old
  0 -21.967577 202.753784 1.888658 -0.000001 -1.000000 -0.000003 0.282098 0.985577 1 0 1.000000
  0 -19.473577 202.753754 5.052469 -0.000001 -1.000000 -0.000003 0.281758 0.995905 1 0 1.000000
  0 -45.339901 202.753754 20.312063 0.000004 -1.000000 0.000003 0.218143 0.985534 1 0 1.000000
awning_04_old
  0 -21.967577 202.753784 1.888658 -0.000001 -1.000000 -0.000003 0.282098 0.985577 1 0 1.000000
  0 -6.587655 202.753784 -9.029986 -0.000002 -1.000000 -0.000006 0.323285 0.986543 1 0 1.000000
  0 -19.473577 202.753754 5.052469 -0.000001 -1.000000 -0.000003 0.281758 0.995905 1 0 1.000000
awning_04_old
  0 -19.473577 202.753754 5.052469 -0.000001 -1.000000 -0.000003 0.281758 0.995905 1 0 1.000000
  0 -6.587655 202.753784 -9.029986 -0.000002 -1.000000 -0.000006 0.323285 0.986543 1 0 1.000000
  0 -3.328721 202.753754 -6.444529 -0.000002 -1.000000 -0.000006 0.321062 0.995807 1 0 1.000000
awning_04_old
  0 -60.157276 23.482248 33.373737 0.000001 1.000000 -0.000001 0.003496 0.990164 1 0 1.000000
  0 -45.316551 23.482233 20.361769 0.000001 1.000000 -0.000001 0.049999 0.952089 1 0 1.000000
  0 -60.157276 23.482220 -8.766635 0.000001 1.000000 -0.000001 0.007827 0.861915 1 0 1.000000
awning_04_old
  0 -45.316551 23.482233 20.361769 0.000001 1.000000 -0.000001 0.049999 0.952089 1 0 1.000000
  0 -21.944311 23.482204 1.948903 0.000001 1.000000 -0.000001 0.123022 0.898455 1 0 1.000000
  0 -60.157276 23.482220 -8.766635 0.000001 1.000000 -0.000001 0.007827 0.861915 1 0 1.000000
awning_04_old
  0 -21.944311 23.482204 1.948903 0.000001 1.000000 -0.000001 0.123022 0.898455 1 0 1.000000
  0 -6.397714 23.482191 -8.984832 0.000001 1.000000 -0.000001 0.171460 0.866777 1 0 1.000000
  0 -60.157276 23.482220 -8.766635 0.000001 1.000000 -0.000001 0.007827 0.861915 1 0 1.000000
awning_04_old
  0 -6.285455 23.482191 -10.463817 0.000001 1.000000 -0.000001 0.171953 0.862287 1 0 1.000000
  0 -60.157276 23.482220 -8.766635 0.000001 1.000000 -0.000001 0.007827 0.861915 1 0 1.000000
  0 -6.397714 23.482191 -8.984832 0.000001 1.000000 -0.000001 0.171460 0.866777 1 0 1.000000
awning_04_old
  0 -3.328729 25.352934 -6.444533 0.000003 1.000000 0.000003 0.321695 0.961904 1 0 1.000000
  0 -6.587655 25.352964 -9.029994 0.000003 1.000000 0.000003 0.323289 0.972008 1 0 1.000000
  0 -19.473577 25.352962 5.052465 0.000000 1.000000 0.000000 0.281539 0.961894 1 0 1.000000
awning_04_old
  0 -19.473577 25.352962 5.052465 0.000000 1.000000 0.000000 0.281539 0.961894 1 0 1.000000
  0 -6.587655 25.352964 -9.029994 0.000003 1.000000 0.000003 0.323289 0.972008 1 0 1.000000
  0 -21.967573 25.352962 1.888654 0.000000 1.000000 0.000000 0.282102 0.972959 1 0 1.000000
awning_04_old
  0 -45.339893 25.352930 20.312048 -0.000005 1.000000 -0.000004 0.218146 0.972977 1 0 1.000000
  0 -19.473577 25.352962 5.052465 0.000000 1.000000 0.000000 0.281539 0.961894 1 0 1.000000
  0 -21.967573 25.352962 1.888654 0.000000 1.000000 0.000000 0.282102 0.972959 1 0 1.000000
awning_04_old
  0 -43.102966 25.352961 23.574209 -0.000005 1.000000 -0.000004 0.221723 0.961894 1 0 1.000000
  0 -19.473577 25.352962 5.052465 0.000000 1.000000 0.000000 0.281539 0.961894 1 0 1.000000
  0 -45.339893 25.352930 20.312048 -0.000005 1.000000 -0.000004 0.218146 0.972977 1 0 1.000000
awning_04_old
  0 -61.810043 25.352900 34.592892 -0.000006 1.000000 -0.000005 0.172109 0.971979 1 0 1.000000
  0 -43.102966 25.352961 23.574209 -0.000005 1.000000 -0.000004 0.221723 0.961894 1 0 1.000000
  0 -45.339893 25.352930 20.312048 -0.000005 1.000000 -0.000004 0.218146 0.972977 1 0 1.000000
awning_04_old
  0 -61.980099 25.352930 40.445713 -0.000006 1.000000 -0.000005 0.172661 0.961913 1 0 1.000000
  0 -43.102966 25.352961 23.574209 -0.000005 1.000000 -0.000004 0.221723 0.961894 1 0 1.000000
  0 -61.810043 25.352900 34.592892 -0.000006 1.000000 -0.000005 0.172109 0.971979 1 0 1.000000
awning_04_old
  0 -6.587655 25.352964 -9.029994 -0.578883 0.000000 -0.815410 0.323289 0.972008 1 0 1.000000
  0 -6.587655 18.686384 -9.029994 -0.578883 0.000000 -0.815410 0.323285 0.986543 1 0 1.000000
  0 -21.967573 25.352962 1.888654 -0.599158 0.000000 -0.800631 0.282102 0.972959 1 0 1.000000
awning_04_old
  0 -21.967573 25.352962 1.888654 -0.599158 0.000000 -0.800631 0.282102 0.972959 1 0 1.000000
  0 -6.587655 18.686384 -9.029994 -0.578883 0.000000 -0.815410 0.323285 0.986543 1 0 1.000000
  0 -21.967567 18.686398 1.888654 -0.599158 0.000000 -0.800631 0.282098 0.985577 1 0 1.000000
awning_04_old
  0 -21.967573 25.352962 1.888654 -0.599158 0.000000 -0.800631 0.282102 0.972959 1 0 1.000000
  0 -21.967567 18.686398 1.888654 -0.599158 0.000000 -0.800631 0.282098 0.985577 1 0 1.000000
  0 -45.339893 25.352930 20.312048 -0.637255 -0.000001 -0.770653 0.218146 0.972977 1 0 1.000000
awning_04_old
  0 -45.339893 25.352930 20.312048 -0.637255 -0.000001 -0.770653 0.218146 0.972977 1 0 1.000000
  0 -21.967567 18.686398 1.888654 -0.599158 0.000000 -0.800631 0.282098 0.985577 1 0 1.000000
  0 -45.339893 18.686380 20.312054 -0.637255 -0.000001 -0.770653 0.218143 0.985534 1 0 1.000000
awning_04_old
  0 -45.339893 25.352930 20.312048 -0.637255 -0.000001 -0.770653 0.218146 0.972977 1 0 1.000000
  0 -45.339893 18.686380 20.312054 -0.637255 -0.000001 -0.770653 0.218143 0.985534 1 0 1.000000
  0 -61.810043 25.352900 34.592892 -0.655106 -0.000001 -0.755536 0.172109 0.971979 1 0 1.000000
awning_04_old
  0 -61.810043 25.352900 34.592892 -0.655106 -0.000001 -0.755536 0.172109 0.971979 1 0 1.000000
  0 -45.339893 18.686380 20.312054 -0.637255 -0.000001 -0.770653 0.218143 0.985534 1 0 1.000000
  0 -61.810043 18.686380 34.592899 -0.655106 -0.000001 -0.755536 0.172105 0.986515 1 0 1.000000
awning_04_old
  0 -77.821922 206.894821 46.160015 -1.000000 0.000000 -0.000001 0.009050 0.670263 1 0 1.000000
  0 -77.821915 22.669548 46.160007 -1.000000 0.000000 -0.000001 0.009050 0.007475 1 0 1.000000
  0 -77.821922 206.895309 46.745892 -0.790260 0.000000 0.612772 0.011158 0.670264 1 0 1.000000
awning_04_old
  0 -77.821922 206.895309 46.745892 -0.790260 0.000000 0.612772 0.011158 0.670264 1 0 1.000000
  0 -77.821915 22.669548 46.160007 -1.000000 0.000000 -0.000001 0.009050 0.007475 1 0 1.000000
  0 -77.821915 22.669548 46.745892 -0.790260 0.000000 0.612772 0.011158 0.007475 1 0 1.000000
awning_04_old
  0 -77.821915 22.669548 46.745892 -0.790260 0.000000 0.612772 0.011158 0.007475 1 0 1.000000
  0 -75.073219 22.669563 47.452633 0.077064 0.000000 0.997026 0.021047 0.007475 1 0 1.000000
  0 -77.821922 206.895309 46.745892 -0.790260 0.000000 0.612772 0.011158 0.670264 1 0 1.000000
awning_04_old
  0 -77.821922 206.895309 46.745892 -0.790260 0.000000 0.612772 0.011158 0.670264 1 0 1.000000
  0 -75.073219 22.669563 47.452633 0.077064 0.000000 0.997026 0.021047 0.007475 1 0 1.000000
  0 -75.073227 206.896240 47.452641 0.077064 0.000000 0.997026 0.021047 0.670268 1 0 1.000000
awning_04_old
  0 -75.073227 206.896240 47.452641 0.077064 0.000000 0.997026 0.021047 0.670268 1 0 1.000000
  0 -75.073219 22.669563 47.452633 0.077064 0.000000 0.997026 0.021047 0.007475 1 0 1.000000
  0 -61.679947 206.896744 41.695881 0.538592 0.000000 0.842567 0.069232 0.670270 1 0 1.000000
awning_04_old
  0 -61.679947 206.896744 41.695881 0.538592 0.000000 0.842567 0.069232 0.670270 1 0 1.000000
  0 -75.073219 22.669563 47.452633 0.077064 0.000000 0.997026 0.021047 0.007475 1 0 1.000000
  0 -61.679939 22.669565 41.695873 0.538592 0.000000 0.842567 0.069232 0.007475 1 0 1.000000
awning_04_old
  0 -42.871548 22.669550 24.810347 0.642673 0.000000 0.766141 0.136899 0.007475 1 0 1.000000
  0 -61.679947 206.896744 41.695881 0.538592 0.000000 0.842567 0.069232 0.670270 1 0 1.000000
  0 -61.679939 22.669565 41.695873 0.538592 0.000000 0.842567 0.069232 0.007475 1 0 1.000000
awning_04_old
  0 -42.871555 206.896729 24.810354 0.642673 0.000000 0.766141 0.136899 0.670270 1 0 1.000000
  0 -61.679947 206.896744 41.695881 0.538592 0.000000 0.842567 0.069232 0.670270 1 0 1.000000
  0 -42.871548 22.669550 24.810347 0.642673 0.000000 0.766141 0.136899 0.007475 1 0 1.000000
awning_04_old
  0 -19.342764 22.669537 6.383687 0.595876 0.000000 0.803077 0.221548 0.007475 1 0 1.000000
  0 -42.871555 206.896729 24.810354 0.642673 0.000000 0.766141 0.136899 0.670270 1 0 1.000000
  0 -42.871548 22.669550 24.810347 0.642673 0.000000 0.766141 0.136899 0.007475 1 0 1.000000
awning_04_old
  0 -19.342775 206.898132 6.383695 0.595876 0.000000 0.803077 0.221548 0.670275 1 0 1.000000
  0 -42.871555 206.896729 24.810354 0.642673 0.000000 0.766141 0.136899 0.670270 1 0 1.000000
  0 -19.342764 22.669537 6.383687 0.595876 0.000000 0.803077 0.221548 0.007475 1 0 1.000000
awning_04_old
  0 -2.597886 22.669538 -5.377715 0.637556 0.000000 0.770404 0.281792 0.007475 1 0 1.000000
  0 -19.342775 206.898132 6.383695 0.595876 0.000000 0.803077 0.221548 0.670275 1 0 1.000000
  0 -19.342764 22.669537 6.383687 0.595876 0.000000 0.803077 0.221548 0.007475 1 0 1.000000
awning_04_old
  0 -2.597887 206.891052 -5.377711 0.637556 0.000000 0.770404 0.281792 0.670249 1 0 1.000000
  0 -19.342775 206.898132 6.383695 0.595876 0.000000 0.803077 0.221548 0.670275 1 0 1.000000
  0 -2.597886 22.669538 -5.377715 0.637556 0.000000 0.770404 0.281792 0.007475 1 0 1.000000
awning_04_old
  0 -1.001847 22.669554 -6.926326 0.920968 0.000000 0.389638 0.287534 0.007475 1 0 1.000000
  0 -2.597887 206.891052 -5.377711 0.637556 0.000000 0.770404 0.281792 0.670249 1 0 1.000000
  0 -2.597886 22.669538 -5.377715 0.637556 0.000000 0.770404 0.281792 0.007475 1 0 1.000000
awning_04_old
  0 -1.001855 206.890305 -6.926318 0.920968 0.000000 0.389638 0.287534 0.670246 1 0 1.000000
  0 -2.597887 206.891052 -5.377711 0.637556 0.000000 0.770404 0.281792 0.670249 1 0 1.000000
  0 -1.001847 22.669554 -6.926326 0.920968 0.000000 0.389638 0.287534 0.007475 1 0 1.000000
awning_04_old
  0 -1.001855 22.669554 -16.040594 1.000000 0.000000 -0.000001 0.320324 0.007475 1 0 1.000000
  0 -1.001855 206.890305 -6.926318 0.920968 0.000000 0.389638 0.287534 0.670246 1 0 1.000000
  0 -1.001847 22.669554 -6.926326 0.920968 0.000000 0.389638 0.287534 0.007475 1 0 1.000000
awning_04_old
  0 -1.001863 206.892242 -16.040583 1.000000 0.000000 -0.000001 0.320324 0.670253 1 0 1.000000
  0 -1.001855 206.890305 -6.926318 0.920968 0.000000 0.389638 0.287534 0.670246 1 0 1.000000
  0 -1.001855 22.669554 -16.040594 1.000000 0.000000 -0.000001 0.320324 0.007475 1 0 1.000000
awning_04_old
  0 -62.037449 25.352962 -12.847699 -0.030967 0.000000 -0.999520 0.327632 0.944353 1 0 1.000000
  0 -6.625917 25.352995 -14.564427 -0.030967 0.000000 -0.999520 0.463507 0.943662 1 0 1.000000
  0 -62.037453 18.686398 -12.847699 -0.030967 0.000000 -0.999520 0.327698 0.960699 1 0 1.000000
awning_04_old
  0 -62.037453 18.686398 -12.847699 -0.030967 0.000000 -0.999520 0.327698 0.960699 1 0 1.000000
  0 -6.625917 25.352995 -14.564427 -0.030967 0.000000 -0.999520 0.463507 0.943662 1 0 1.000000
  0 -6.625917 18.686430 -14.564425 -0.030967 0.000000 -0.999520 0.463606 0.960009 1 0 1.000000
awning_04_old
  0 -62.037449 25.352962 -8.563060 0.000000 1.000000 0.000004 0.327509 0.987549 1 0 1.000000
  0 -6.625924 25.352964 -10.279788 0.000000 1.000000 0.000004 0.463417 0.986859 1 0 1.000000
  0 -62.037449 25.352962 -12.847699 0.000000 1.000000 0.000004 0.327872 0.998049 1 0 1.000000
awning_04_old
  0 -62.037449 25.352962 -12.847699 0.000000 1.000000 0.000004 0.327872 0.998049 1 0 1.000000
  0 -6.625924 25.352964 -10.279788 0.000000 1.000000 0.000004 0.463417 0.986859 1 0 1.000000
  0 -6.625917 25.352995 -14.564427 0.000000 1.000000 0.000004 0.463812 0.997358 1 0 1.000000
awning_04_old
  0 -62.037453 18.686398 -8.563064 0.030967 0.000000 0.999520 0.327426 0.971202 1 0 1.000000
  0 -6.625924 18.686399 -10.279784 0.030967 0.000000 0.999520 0.463334 0.970511 1 0 1.000000
  0 -62.037449 25.352962 -8.563060 0.030967 0.000000 0.999520 0.327509 0.987549 1 0 1.000000
awning_04_old
  0 -62.037449 25.352962 -8.563060 0.030967 0.000000 0.999520 0.327509 0.987549 1 0 1.000000
  0 -6.625924 18.686399 -10.279784 0.030967 0.000000 0.999520 0.463334 0.970511 1 0 1.000000
  0 -6.625924 25.352964 -10.279788 0.030967 0.000000 0.999520 0.463417 0.986859 1 0 1.000000
awning_04_old
  0 -6.625917 18.686430 -14.564425 0.000000 -1.000000 -0.000004 0.463606 0.960009 1 0 1.000000
  0 -6.625924 18.686399 -10.279784 0.000000 -1.000000 -0.000004 0.463334 0.970511 1 0 1.000000
  0 -62.037453 18.686398 -12.847699 0.000000 -1.000000 -0.000004 0.327698 0.960699 1 0 1.000000
awning_04_old
  0 -62.037453 18.686398 -12.847699 0.000000 -1.000000 -0.000004 0.327698 0.960699 1 0 1.000000
  0 -6.625924 18.686399 -10.279784 0.000000 -1.000000 -0.000004 0.463334 0.970511 1 0 1.000000
  0 -62.037453 18.686398 -8.563064 0.000000 -1.000000 -0.000004 0.327426 0.971202 1 0 1.000000
awning_04_old
  0 -60.072765 19.663036 -8.766627 1.000000 0.000000 0.000000 0.600074 0.975047 1 0 1.000000
  0 -60.072765 24.529964 -8.766631 1.000000 0.000000 0.000000 0.600074 0.989868 1 0 1.000000
  0 -60.072765 19.663034 33.155529 1.000000 0.000000 0.000000 0.472417 0.975048 1 0 1.000000
awning_04_old
  0 -60.072765 19.663034 33.155529 1.000000 0.000000 0.000000 0.472417 0.975048 1 0 1.000000
  0 -60.072765 24.529964 -8.766631 1.000000 0.000000 0.000000 0.600074 0.989868 1 0 1.000000
  0 -60.072765 24.529963 33.155529 1.000000 0.000000 0.000000 0.472417 0.989868 1 0 1.000000
awning_04_old
  0 -62.093460 24.529963 34.964054 0.000000 1.000000 0.000000 0.466909 0.996021 1 0 1.000000
  0 -60.072765 24.529963 33.155529 0.000000 1.000000 0.000000 0.472417 0.989868 1 0 1.000000
  0 -62.093460 24.529964 -8.766635 0.000000 1.000000 0.000000 0.600074 0.996021 1 0 1.000000
awning_04_old
  0 -62.093460 24.529964 -8.766635 0.000000 1.000000 0.000000 0.600074 0.996021 1 0 1.000000
  0 -60.072765 24.529963 33.155529 0.000000 1.000000 0.000000 0.472417 0.989868 1 0 1.000000
  0 -60.072765 24.529964 -8.766631 0.000000 1.000000 0.000000 0.600074 0.989868 1 0 1.000000
awning_04_old
  0 -60.072765 19.663036 -8.766627 0.000000 -1.000000 0.000000 0.600074 0.975047 1 0 1.000000
  0 -60.072765 19.663034 33.155529 0.000000 -1.000000 0.000000 0.472417 0.975048 1 0 1.000000
  0 -62.093456 19.663036 -8.766627 0.000000 -1.000000 0.000000 0.600074 0.968894 1 0 1.000000
awning_04_old
  0 -62.093456 19.663036 -8.766627 0.000000 -1.000000 0.000000 0.600074 0.968894 1 0 1.000000
  0 -60.072765 19.663034 33.155529 0.000000 -1.000000 0.000000 0.472417 0.975048 1 0 1.000000
  0 -62.037659 19.663034 34.824551 0.000000 -1.000000 0.000000 0.467334 0.969064 1 0 1.000000
awning_04_old
  0 -55.191200 19.700466 -27.552126 -0.000002 -1.000000 -0.000001 0.285700 0.928945 1 0 1.000000
  0 -54.774796 19.700451 -22.675724 0.000000 -1.000000 0.000001 0.284361 0.913266 1 0 1.000000
  0 -61.929871 19.700466 -27.552126 -0.000002 -1.000000 -0.000001 0.307367 0.928945 1 0 1.000000
awning_04_old
  0 -61.929871 19.700466 -27.552126 -0.000002 -1.000000 -0.000001 0.307367 0.928945 1 0 1.000000
  0 -54.774796 19.700451 -22.675724 0.000000 -1.000000 0.000001 0.284361 0.913266 1 0 1.000000
  0 -61.904644 19.700466 -12.786660 0.000000 -1.000000 0.000000 0.307285 0.881470 1 0 1.000000
awning_04_old
  0 -54.774796 19.700451 -22.675724 0.000000 -1.000000 0.000001 0.284361 0.913266 1 0 1.000000
  0 -52.415169 19.700466 -18.025877 0.000001 -1.000000 0.000001 0.276774 0.898315 1 0 1.000000
  0 -61.904644 19.700466 -12.786660 0.000000 -1.000000 0.000000 0.307285 0.881470 1 0 1.000000
awning_04_old
  0 -52.415169 19.700466 -18.025877 0.000001 -1.000000 0.000001 0.276774 0.898315 1 0 1.000000
  0 -48.459335 19.700466 -14.694644 0.000000 -1.000000 0.000000 0.264055 0.887604 1 0 1.000000
  0 -61.904644 19.700466 -12.786660 0.000000 -1.000000 0.000000 0.307285 0.881470 1 0 1.000000
awning_04_old
  0 -48.459335 19.700466 -14.694644 0.000000 -1.000000 0.000000 0.264055 0.887604 1 0 1.000000
  0 -43.254284 19.700466 -13.306630 0.000000 -1.000000 0.000000 0.247319 0.883141 1 0 1.000000
  0 -61.904644 19.700466 -12.786660 0.000000 -1.000000 0.000000 0.307285 0.881470 1 0 1.000000
awning_04_old
  0 -2.132218 -156.816864 -16.033382 0.000000 -0.000002 -1.000000 0.970295 0.519902 1 0 1.000000
  0 -2.132226 -155.967651 -16.033384 0.000000 -0.000002 -1.000000 0.970295 0.526865 1 0 1.000000
  0 -0.994828 -156.816864 -16.033382 0.000000 -0.000002 -1.000000 0.976832 0.519902 1 0 1.000000
awning_04_old
  0 -0.994828 -156.816864 -16.033382 0.000000 -0.000002 -1.000000 0.976832 0.519902 1 0 1.000000
  0 -2.132226 -155.967651 -16.033384 0.000000 -0.000002 -1.000000 0.970295 0.526865 1 0 1.000000
  0 -0.994836 -155.967651 -16.033384 0.000000 -0.000002 -1.000000 0.976832 0.526865 1 0 1.000000
awning_04_old
  0 -0.994820 -332.284424 -16.033384 0.000001 0.000000 -1.000000 0.976670 0.551255 1 0 1.000000
  0 -0.994820 -346.865631 -16.033386 0.000001 0.000000 -1.000000 0.976670 0.486100 1 0 1.000000
  0 -2.132210 -332.284424 -16.033386 0.000001 0.000000 -1.000000 0.970123 0.551255 1 0 1.000000
awning_04_old
  0 -2.132210 -332.284424 -16.033386 0.000001 0.000000 -1.000000 0.970123 0.551255 1 0 1.000000
  0 -0.994820 -346.865631 -16.033386 0.000001 0.000000 -1.000000 0.976670 0.486100 1 0 1.000000
  0 -2.132210 -346.865631 -16.033386 0.000001 0.000000 -1.000000 0.970123 0.486100 1 0 1.000000
awning_04_old
  0 -1.700418 -326.574524 -23.716276 -0.998424 0.000000 -0.056113 0.393670 0.333671 1 0 1.000000
  0 -2.132210 -332.284424 -16.033386 -0.998424 0.000000 -0.056113 0.371697 0.357063 1 0 1.000000
  0 -1.700418 -318.625092 -23.716278 -0.998424 0.000000 -0.056113 0.393670 0.301111 1 0 1.000000
awning_04_old
  0 -1.700418 -318.625092 -23.716278 -0.998424 0.000000 -0.056113 0.393670 0.301111 1 0 1.000000
  0 -2.132210 -332.284424 -16.033386 -0.998424 0.000000 -0.056113 0.371697 0.357063 1 0 1.000000
  0 -2.132211 -312.919189 -16.033388 -0.998424 0.000000 -0.056113 0.371697 0.277720 1 0 1.000000
awning_04_old
  0 -1.426614 -318.625092 -23.716276 0.998424 0.000000 -0.056113 0.991767 0.574181 1 0 1.000000
  0 -0.994821 -312.919189 -16.033386 0.998424 0.000000 -0.056113 0.969882 0.552020 1 0 1.000000
  0 -1.426614 -326.574524 -23.716274 0.998424 0.000000 -0.056113 0.991767 0.598451 1 0 1.000000
awning_04_old
  0 -1.426614 -326.574524 -23.716274 0.998424 0.000000 -0.056113 0.991767 0.598451 1 0 1.000000
  0 -0.994821 -312.919189 -16.033386 0.998424 0.000000 -0.056113 0.969882 0.552020 1 0 1.000000
  0 -0.994820 -332.284424 -16.033384 0.998424 0.000000 -0.056113 0.969882 0.618803 1 0 1.000000
awning_04_old
  0 -1.700418 -326.574524 -23.716276 0.000007 0.000000 -1.000000 0.993078 0.598358 1 0 1.000000
  0 -1.700418 -318.625092 -23.716278 0.000007 0.000000 -1.000000 0.993078 0.574274 1 0 1.000000
  0 -1.426614 -326.574524 -23.716274 0.000007 0.000000 -1.000000 0.991767 0.598451 1 0 1.000000
awning_04_old
  0 -1.426614 -326.574524 -23.716274 0.000007 0.000000 -1.000000 0.991767 0.598451 1 0 1.000000
  0 -1.700418 -318.625092 -23.716278 0.000007 0.000000 -1.000000 0.993078 0.574274 1 0 1.000000
  0 -1.426614 -318.625092 -23.716276 0.000007 0.000000 -1.000000 0.991767 0.574181 1 0 1.000000
awning_04_old
  0 -2.132210 -332.284424 -16.033386 -0.000015 -0.802613 -0.596500 0.975387 0.618775 1 0 1.000000
  0 -1.700418 -326.574524 -23.716276 -0.000015 -0.802613 -0.596500 0.993078 0.598358 1 0 1.000000
  0 -0.994820 -332.284424 -16.033384 -0.000015 -0.802613 -0.596500 0.969940 0.618776 1 0 1.000000
awning_04_old
  0 -0.994820 -332.284424 -16.033384 -0.000015 -0.802613 -0.596500 0.969940 0.618776 1 0 1.000000
  0 -1.700418 -326.574524 -23.716276 -0.000015 -0.802613 -0.596500 0.993078 0.598358 1 0 1.000000
  0 -1.426614 -326.574524 -23.716274 -0.000015 -0.802613 -0.596500 0.991767 0.598451 1 0 1.000000
awning_04_old
  0 -1.700418 -318.625092 -23.716278 0.000018 0.802813 -0.596231 0.993078 0.574274 1 0 1.000000
  0 -2.132211 -312.919189 -16.033388 0.000018 0.802813 -0.596231 0.975252 0.551962 1 0 1.000000
  0 -1.426614 -318.625092 -23.716276 0.000018 0.802813 -0.596231 0.991767 0.574181 1 0 1.000000
awning_04_old
  0 -1.426614 -318.625092 -23.716276 0.000018 0.802813 -0.596231 0.991767 0.574181 1 0 1.000000
  0 -2.132211 -312.919189 -16.033388 0.000018 0.802813 -0.596231 0.975252 0.551962 1 0 1.000000
  0 -0.994821 -312.919189 -16.033386 0.000018 0.802813 -0.596231 0.969806 0.551962 1 0 1.000000
awning_04_old
  0 -0.994822 -293.129700 -16.033384 0.000001 0.000000 -1.000000 0.974942 0.551255 1 0 1.000000
  0 -0.994821 -312.919189 -16.033386 0.000001 0.000000 -1.000000 0.974942 0.486100 1 0 1.000000
  0 -2.132212 -293.129700 -16.033384 0.000001 0.000000 -1.000000 0.970120 0.551255 1 0 1.000000
awning_04_old
  0 -2.132212 -293.129700 -16.033384 0.000001 0.000000 -1.000000 0.970120 0.551255 1 0 1.000000
  0 -0.994821 -312.919189 -16.033386 0.000001 0.000000 -1.000000 0.974942 0.486100 1 0 1.000000
  0 -2.132211 -312.919189 -16.033388 0.000001 0.000000 -1.000000 0.970120 0.486100 1 0 1.000000
awning_04_old
  0 -1.700419 -287.418793 -23.716274 -0.998424 0.000000 -0.056114 0.393670 0.333671 1 0 1.000000
  0 -2.132212 -293.129700 -16.033384 -0.998424 0.000000 -0.056114 0.371697 0.357063 1 0 1.000000
  0 -1.700420 -279.470032 -23.716274 -0.998424 0.000000 -0.056114 0.393670 0.301111 1 0 1.000000
awning_04_old
  0 -1.700420 -279.470032 -23.716274 -0.998424 0.000000 -0.056114 0.393670 0.301111 1 0 1.000000
  0 -2.132212 -293.129700 -16.033384 -0.998424 0.000000 -0.056114 0.371697 0.357063 1 0 1.000000
  0 -2.132221 -273.762085 -16.033384 -0.998424 0.000000 -0.056114 0.371697 0.277720 1 0 1.000000
awning_04_old
  0 -1.426616 -279.470032 -23.716274 0.998424 0.000000 -0.056113 0.991767 0.438540 1 0 1.000000
  0 -0.994831 -273.762085 -16.033384 0.998424 0.000000 -0.056113 0.969882 0.416380 1 0 1.000000
  0 -1.426615 -287.418793 -23.716274 0.998424 0.000000 -0.056113 0.991767 0.462810 1 0 1.000000
awning_04_old
  0 -1.426615 -287.418793 -23.716274 0.998424 0.000000 -0.056113 0.991767 0.462810 1 0 1.000000
  0 -0.994831 -273.762085 -16.033384 0.998424 0.000000 -0.056113 0.969882 0.416380 1 0 1.000000
  0 -0.994822 -293.129700 -16.033384 0.998424 0.000000 -0.056113 0.969882 0.483162 1 0 1.000000
awning_04_old
  0 -1.700419 -287.418793 -23.716274 0.000000 0.000000 -1.000000 0.993078 0.462717 1 0 1.000000
  0 -1.700420 -279.470032 -23.716274 0.000000 0.000000 -1.000000 0.993078 0.438633 1 0 1.000000
  0 -1.426615 -287.418793 -23.716274 0.000000 0.000000 -1.000000 0.991767 0.462810 1 0 1.000000
awning_04_old
  0 -1.426615 -287.418793 -23.716274 0.000000 0.000000 -1.000000 0.991767 0.462810 1 0 1.000000
  0 -1.700420 -279.470032 -23.716274 0.000000 0.000000 -1.000000 0.993078 0.438633 1 0 1.000000
  0 -1.426616 -279.470032 -23.716274 0.000000 0.000000 -1.000000 0.991767 0.438540 1 0 1.000000
awning_04_old
  0 -2.132212 -293.129700 -16.033384 0.000000 -0.802563 -0.596567 0.975387 0.483135 1 0 1.000000
  0 -1.700419 -287.418793 -23.716274 0.000000 -0.802563 -0.596567 0.993078 0.462717 1 0 1.000000
  0 -0.994822 -293.129700 -16.033384 0.000000 -0.802563 -0.596567 0.969940 0.483135 1 0 1.000000
awning_04_old
  0 -0.994822 -293.129700 -16.033384 0.000000 -0.802563 -0.596567 0.969940 0.483135 1 0 1.000000
  0 -1.700419 -287.418793 -23.716274 0.000000 -0.802563 -0.596567 0.993078 0.462717 1 0 1.000000
  0 -1.426615 -287.418793 -23.716274 0.000000 -0.802563 -0.596567 0.991767 0.462810 1 0 1.000000
awning_04_old
  0 -1.700420 -279.470032 -23.716274 0.000000 0.802711 -0.596368 0.993078 0.438633 1 0 1.000000
  0 -2.132221 -273.762085 -16.033384 0.000000 0.802711 -0.596368 0.975252 0.416321 1 0 1.000000
  0 -1.426616 -279.470032 -23.716274 0.000000 0.802711 -0.596368 0.991767 0.438540 1 0 1.000000
awning_04_old
  0 -1.426616 -279.470032 -23.716274 0.000000 0.802711 -0.596368 0.991767 0.438540 1 0 1.000000
  0 -2.132221 -273.762085 -16.033384 0.000000 0.802711 -0.596368 0.975252 0.416321 1 0 1.000000
  0 -0.994831 -273.762085 -16.033384 0.000000 0.802711 -0.596368 0.969806 0.416321 1 0 1.000000
awning_04_old
  0 -0.994824 -254.194504 -16.033381 0.000000 0.000000 -1.000000 0.974998 0.551255 1 0 1.000000
  0 -0.994831 -273.762085 -16.033384 0.000000 0.000000 -1.000000 0.974998 0.486100 1 0 1.000000
  0 -2.132214 -254.194504 -16.033381 0.000000 0.000000 -1.000000 0.970120 0.551255 1 0 1.000000
awning_04_old
  0 -2.132214 -254.194504 -16.033381 0.000000 0.000000 -1.000000 0.970120 0.551255 1 0 1.000000
  0 -0.994831 -273.762085 -16.033384 0.000000 0.000000 -1.000000 0.974998 0.486100 1 0 1.000000
  0 -2.132221 -273.762085 -16.033384 0.000000 0.000000 -1.000000 0.970120 0.486100 1 0 1.000000
awning_04_old
  0 -1.700421 -248.484238 -23.716270 -0.998424 0.000000 -0.056113 0.393670 0.333671 1 0 1.000000
  0 -2.132214 -254.194504 -16.033381 -0.998424 0.000000 -0.056113 0.371697 0.357063 1 0 1.000000
  0 -1.700421 -240.535599 -23.716276 -0.998424 0.000000 -0.056113 0.393670 0.301111 1 0 1.000000
awning_04_old
  0 -1.700421 -240.535599 -23.716276 -0.998424 0.000000 -0.056113 0.393670 0.301111 1 0 1.000000
  0 -2.132214 -254.194504 -16.033381 -0.998424 0.000000 -0.056113 0.371697 0.357063 1 0 1.000000
  0 -2.132215 -234.822708 -16.033384 -0.998424 0.000000 -0.056113 0.371697 0.277720 1 0 1.000000
awning_04_old
  0 -1.426618 -240.535599 -23.716276 0.998424 0.000000 -0.056113 0.991767 0.302988 1 0 1.000000
  0 -0.994825 -234.822708 -16.033384 0.998424 0.000000 -0.056113 0.969882 0.280827 1 0 1.000000
  0 -1.426617 -248.484238 -23.716272 0.998424 0.000000 -0.056113 0.991767 0.327258 1 0 1.000000
awning_04_old
  0 -1.426617 -248.484238 -23.716272 0.998424 0.000000 -0.056113 0.991767 0.327258 1 0 1.000000
  0 -0.994825 -234.822708 -16.033384 0.998424 0.000000 -0.056113 0.969882 0.280827 1 0 1.000000
  0 -0.994824 -254.194504 -16.033381 0.998424 0.000000 -0.056113 0.969882 0.347610 1 0 1.000000
awning_04_old
  0 -1.700421 -248.484238 -23.716270 -0.000003 -0.000001 -1.000000 0.993078 0.327165 1 0 1.000000
  0 -1.700421 -240.535599 -23.716276 -0.000003 -0.000001 -1.000000 0.993078 0.303081 1 0 1.000000
  0 -1.426617 -248.484238 -23.716272 -0.000003 -0.000001 -1.000000 0.991767 0.327258 1 0 1.000000
awning_04_old
  0 -1.426617 -248.484238 -23.716272 -0.000003 -0.000001 -1.000000 0.991767 0.327258 1 0 1.000000
  0 -1.700421 -240.535599 -23.716276 -0.000003 -0.000001 -1.000000 0.993078 0.303081 1 0 1.000000
  0 -1.426618 -240.535599 -23.716276 -0.000003 -0.000001 -1.000000 0.991767 0.302988 1 0 1.000000
awning_04_old
  0 -2.132214 -254.194504 -16.033381 0.000000 -0.802595 -0.596524 0.975387 0.347583 1 0 1.000000
  0 -1.700421 -248.484238 -23.716270 0.000000 -0.802595 -0.596524 0.993078 0.327165 1 0 1.000000
  0 -0.994824 -254.194504 -16.033381 0.000000 -0.802595 -0.596524 0.969940 0.347583 1 0 1.000000
awning_04_old
  0 -0.994824 -254.194504 -16.033381 0.000000 -0.802595 -0.596524 0.969940 0.347583 1 0 1.000000
  0 -1.700421 -248.484238 -23.716270 0.000000 -0.802595 -0.596524 0.993078 0.327165 1 0 1.000000
  0 -1.426617 -248.484238 -23.716272 0.000000 -0.802595 -0.596524 0.991767 0.327258 1 0 1.000000
awning_04_old
  0 -1.700421 -240.535599 -23.716276 0.000000 0.802464 -0.596701 0.993078 0.303081 1 0 1.000000
  0 -2.132215 -234.822708 -16.033384 0.000000 0.802464 -0.596701 0.975252 0.280769 1 0 1.000000
  0 -1.426618 -240.535599 -23.716276 0.000000 0.802464 -0.596701 0.991767 0.302988 1 0 1.000000
awning_04_old
  0 -1.426618 -240.535599 -23.716276 0.000000 0.802464 -0.596701 0.991767 0.302988 1 0 1.000000
  0 -2.132215 -234.822708 -16.033384 0.000000 0.802464 -0.596701 0.975252 0.280769 1 0 1.000000
  0 -0.994825 -234.822708 -16.033384 0.000000 0.802464 -0.596701 0.969806 0.280769 1 0 1.000000
awning_04_old
  0 -0.994827 -176.186554 -16.033381 0.000000 0.000000 -1.000000 0.975140 0.551255 1 0 1.000000
  0 -0.994826 -195.185669 -16.033381 0.000000 0.000000 -1.000000 0.975140 0.486100 1 0 1.000000
  0 -2.132217 -176.186600 -16.033381 0.000000 0.000000 -1.000000 0.970120 0.551255 1 0 1.000000
awning_04_old
  0 -2.132217 -176.186600 -16.033381 0.000000 0.000000 -1.000000 0.970120 0.551255 1 0 1.000000
  0 -0.994826 -195.185669 -16.033381 0.000000 0.000000 -1.000000 0.975140 0.486100 1 0 1.000000
  0 -2.132216 -195.185669 -16.033381 0.000000 0.000000 -1.000000 0.970120 0.486100 1 0 1.000000
awning_04_old
  0 -1.700424 -170.476334 -23.716270 -0.998424 0.000000 -0.056114 0.393670 0.333671 1 0 1.000000
  0 -2.132217 -176.186600 -16.033381 -0.998424 0.000000 -0.056114 0.371697 0.357063 1 0 1.000000
  0 -1.700417 -162.527191 -23.716270 -0.998424 0.000000 -0.056114 0.393670 0.301111 1 0 1.000000
awning_04_old
  0 -1.700417 -162.527191 -23.716270 -0.998424 0.000000 -0.056114 0.393670 0.301111 1 0 1.000000
  0 -2.132217 -176.186600 -16.033381 -0.998424 0.000000 -0.056114 0.371697 0.357063 1 0 1.000000
  0 -2.132218 -156.816864 -16.033382 -0.998424 0.000000 -0.056114 0.371697 0.277720 1 0 1.000000
awning_04_old
  0 -1.426621 -162.527191 -23.716270 0.998424 0.000000 -0.056113 0.991767 0.031707 1 0 1.000000
  0 -0.994828 -156.816864 -16.033382 0.998424 0.000000 -0.056113 0.969882 0.009546 1 0 1.000000
  0 -1.426620 -170.475555 -23.716270 0.998424 0.000000 -0.056113 0.991767 0.055977 1 0 1.000000
awning_04_old
  0 -1.426620 -170.475555 -23.716270 0.998424 0.000000 -0.056113 0.991767 0.055977 1 0 1.000000
  0 -0.994828 -156.816864 -16.033382 0.998424 0.000000 -0.056113 0.969882 0.009546 1 0 1.000000
  0 -0.994827 -176.186554 -16.033381 0.998424 0.000000 -0.056113 0.969882 0.076329 1 0 1.000000
awning_04_old
  0 -1.700424 -170.476334 -23.716270 0.000000 0.000000 -1.000000 0.993078 0.055884 1 0 1.000000
  0 -1.700417 -162.527191 -23.716270 0.000000 0.000000 -1.000000 0.993078 0.031800 1 0 1.000000
  0 -1.426620 -170.475555 -23.716270 0.000000 0.000000 -1.000000 0.991767 0.055977 1 0 1.000000
awning_04_old
  0 -1.426620 -170.475555 -23.716270 0.000000 0.000000 -1.000000 0.991767 0.055977 1 0 1.000000
  0 -1.700417 -162.527191 -23.716270 0.000000 0.000000 -1.000000 0.993078 0.031800 1 0 1.000000
  0 -1.426621 -162.527191 -23.716270 0.000000 0.000000 -1.000000 0.991767 0.031707 1 0 1.000000
awning_04_old
  0 -2.132217 -176.186600 -16.033381 0.000452 -0.802577 -0.596549 0.975387 0.076302 1 0 1.000000
  0 -1.700424 -170.476334 -23.716270 0.000452 -0.802577 -0.596549 0.993078 0.055884 1 0 1.000000
  0 -0.994827 -176.186554 -16.033381 0.000452 -0.802577 -0.596549 0.969940 0.076302 1 0 1.000000
awning_04_old
  0 -0.994827 -176.186554 -16.033381 0.000452 -0.802577 -0.596549 0.969940 0.076302 1 0 1.000000
  0 -1.700424 -170.476334 -23.716270 0.000452 -0.802577 -0.596549 0.993078 0.055884 1 0 1.000000
  0 -1.426620 -170.475555 -23.716270 0.000452 -0.802577 -0.596549 0.991767 0.055977 1 0 1.000000
awning_04_old
  0 -1.700417 -162.527191 -23.716270 0.000000 0.802592 -0.596529 0.993078 0.031800 1 0 1.000000
  0 -2.132218 -156.816864 -16.033382 0.000000 0.802592 -0.596529 0.975252 0.009488 1 0 1.000000
  0 -1.426621 -162.527191 -23.716270 0.000000 0.802592 -0.596529 0.991767 0.031707 1 0 1.000000
awning_04_old
  0 -1.426621 -162.527191 -23.716270 0.000000 0.802592 -0.596529 0.991767 0.031707 1 0 1.000000
  0 -2.132218 -156.816864 -16.033382 0.000000 0.802592 -0.596529 0.975252 0.009488 1 0 1.000000
  0 -0.994828 -156.816864 -16.033382 0.000000 0.802592 -0.596529 0.969806 0.009488 1 0 1.000000
awning_04_old
  0 -0.994826 -214.539581 -16.033386 0.000001 0.000000 -1.000000 0.974826 0.551255 1 0 1.000000
  0 -0.994825 -234.822708 -16.033384 0.000001 0.000000 -1.000000 0.974826 0.486100 1 0 1.000000
  0 -2.132216 -214.539169 -16.033388 0.000001 0.000000 -1.000000 0.970120 0.551255 1 0 1.000000
awning_04_old
  0 -2.132216 -214.539169 -16.033388 0.000001 0.000000 -1.000000 0.970120 0.551255 1 0 1.000000
  0 -0.994825 -234.822708 -16.033384 0.000001 0.000000 -1.000000 0.974826 0.486100 1 0 1.000000
  0 -2.132215 -234.822708 -16.033384 0.000001 0.000000 -1.000000 0.970120 0.486100 1 0 1.000000
awning_04_old
  0 -2.132216 -214.539169 -16.033388 -0.998424 0.000000 -0.056113 0.371697 0.357063 1 0 1.000000
  0 -2.132216 -195.185669 -16.033381 -0.998424 0.000000 -0.056113 0.371697 0.277720 1 0 1.000000
  0 -1.700423 -208.828720 -23.716278 -0.998424 0.000000 -0.056113 0.393670 0.333671 1 0 1.000000
awning_04_old
  0 -1.700423 -208.828720 -23.716278 -0.998424 0.000000 -0.056113 0.393670 0.333671 1 0 1.000000
  0 -2.132216 -195.185669 -16.033381 -0.998424 0.000000 -0.056113 0.371697 0.277720 1 0 1.000000
  0 -1.700423 -200.880417 -23.716274 -0.998424 0.000000 -0.056113 0.393670 0.301111 1 0 1.000000
awning_04_old
  0 -1.426619 -200.880417 -23.716272 0.998424 0.000000 -0.056113 0.991767 0.165099 1 0 1.000000
  0 -0.994826 -195.185669 -16.033381 0.998424 0.000000 -0.056113 0.969882 0.142938 1 0 1.000000
  0 -1.426619 -208.828720 -23.716276 0.998424 0.000000 -0.056113 0.991767 0.189369 1 0 1.000000
awning_04_old
  0 -1.426619 -208.828720 -23.716276 0.998424 0.000000 -0.056113 0.991767 0.189369 1 0 1.000000
  0 -0.994826 -195.185669 -16.033381 0.998424 0.000000 -0.056113 0.969882 0.142938 1 0 1.000000
  0 -0.994826 -214.539581 -16.033386 0.998424 0.000000 -0.056113 0.969882 0.209721 1 0 1.000000
awning_04_old
  0 -1.700423 -208.828720 -23.716278 0.000007 0.000000 -1.000000 0.993078 0.189276 1 0 1.000000
  0 -1.700423 -200.880417 -23.716274 0.000007 0.000000 -1.000000 0.993078 0.165192 1 0 1.000000
  0 -1.426619 -208.828720 -23.716276 0.000007 0.000000 -1.000000 0.991767 0.189369 1 0 1.000000
awning_04_old
  0 -1.426619 -208.828720 -23.716276 0.000007 0.000000 -1.000000 0.991767 0.189369 1 0 1.000000
  0 -1.700423 -200.880417 -23.716274 0.000007 0.000000 -1.000000 0.993078 0.165192 1 0 1.000000
  0 -1.426619 -200.880417 -23.716272 0.000007 0.000000 -1.000000 0.991767 0.165099 1 0 1.000000
awning_04_old
  0 -2.132216 -214.539169 -16.033388 -0.000211 -0.802576 -0.596550 0.975387 0.209694 1 0 1.000000
  0 -1.700423 -208.828720 -23.716278 -0.000211 -0.802576 -0.596550 0.993078 0.189276 1 0 1.000000
  0 -0.994826 -214.539581 -16.033386 -0.000211 -0.802576 -0.596550 0.969940 0.209694 1 0 1.000000
awning_04_old
  0 -0.994826 -214.539581 -16.033386 -0.000211 -0.802576 -0.596550 0.969940 0.209694 1 0 1.000000
  0 -1.700423 -208.828720 -23.716278 -0.000211 -0.802576 -0.596550 0.993078 0.189276 1 0 1.000000
  0 -1.426619 -208.828720 -23.716276 -0.000211 -0.802576 -0.596550 0.991767 0.189369 1 0 1.000000
awning_04_old
  0 -1.700423 -200.880417 -23.716274 0.000003 0.803371 -0.595479 0.993078 0.165192 1 0 1.000000
  0 -2.132216 -195.185669 -16.033381 0.000003 0.803371 -0.595479 0.975252 0.142880 1 0 1.000000
  0 -1.426619 -200.880417 -23.716272 0.000003 0.803371 -0.595479 0.991767 0.165099 1 0 1.000000
awning_04_old
  0 -1.426619 -200.880417 -23.716272 0.000003 0.803371 -0.595479 0.991767 0.165099 1 0 1.000000
  0 -2.132216 -195.185669 -16.033381 0.000003 0.803371 -0.595479 0.975252 0.142880 1 0 1.000000
  0 -0.994826 -195.185669 -16.033381 0.000003 0.803371 -0.595479 0.969806 0.142880 1 0 1.000000
awning_04_old
  0 -60.157261 -340.087982 33.373714 -0.000034 1.000000 0.000017 0.738402 0.989113 1 0 1.000000
  0 -45.316536 -340.087280 20.361752 -0.000006 1.000000 0.000003 0.784906 0.951038 1 0 1.000000
  0 -60.157261 -340.087280 -8.766651 0.000000 1.000000 0.000007 0.742734 0.860864 1 0 1.000000
awning_04_old
  0 -45.316536 -340.087280 20.361752 -0.000006 1.000000 0.000003 0.784906 0.951038 1 0 1.000000
  0 -21.944294 -340.087982 1.948891 0.000018 1.000000 0.000003 0.857929 0.897403 1 0 1.000000
  0 -60.157261 -340.087280 -8.766651 0.000000 1.000000 0.000007 0.742734 0.860864 1 0 1.000000
awning_04_old
  0 -21.944294 -340.087982 1.948891 0.000018 1.000000 0.000003 0.857929 0.897403 1 0 1.000000
  0 -6.397698 -340.087982 -8.984848 0.000013 1.000000 0.000017 0.906367 0.865726 1 0 1.000000
  0 -60.157261 -340.087280 -8.766651 0.000000 1.000000 0.000007 0.742734 0.860864 1 0 1.000000
awning_04_old
  0 -6.285439 -340.087982 -10.463833 0.000013 1.000000 0.000017 0.906860 0.861236 1 0 1.000000
  0 -60.157261 -340.087280 -8.766651 0.000000 1.000000 0.000007 0.742734 0.860864 1 0 1.000000
  0 -6.397698 -340.087982 -8.984848 0.000013 1.000000 0.000017 0.906367 0.865726 1 0 1.000000
awning_04_old
  0 -60.157261 -343.170593 33.373722 -0.000002 -1.000000 0.000000 0.906507 0.868273 1 0 1.000000
  0 -60.157261 -343.170593 -8.766651 0.000000 -1.000000 0.000000 0.902176 0.996522 1 0 1.000000
  0 -45.316536 -343.170593 20.361752 -0.000001 -1.000000 0.000000 0.860004 0.906347 1 0 1.000000
awning_04_old
  0 -45.316536 -343.170593 20.361752 -0.000001 -1.000000 0.000000 0.860004 0.906347 1 0 1.000000
  0 -60.157261 -343.170593 -8.766651 0.000000 -1.000000 0.000000 0.902176 0.996522 1 0 1.000000
  0 -21.944294 -343.170593 1.948887 0.000000 -1.000000 0.000000 0.786981 0.959982 1 0 1.000000
awning_04_old
  0 -21.944294 -343.170593 1.948887 0.000000 -1.000000 0.000000 0.786981 0.959982 1 0 1.000000
  0 -60.157261 -343.170593 -8.766651 0.000000 -1.000000 0.000000 0.902176 0.996522 1 0 1.000000
  0 -6.397698 -343.170593 -8.984848 0.000001 -1.000000 0.000000 0.738543 0.991660 1 0 1.000000
awning_04_old
  0 -6.285439 -343.170593 -10.463833 0.000001 -1.000000 0.000000 0.738050 0.996150 1 0 1.000000
  0 -6.397698 -343.170593 -8.984848 0.000001 -1.000000 0.000000 0.738543 0.991660 1 0 1.000000
  0 -60.157261 -343.170593 -8.766651 0.000000 -1.000000 0.000000 0.902176 0.996522 1 0 1.000000
awning_04_old
  0 -2.134324 206.897675 -16.040823 -1.000000 0.000000 0.000000 0.371373 0.006761 1 0 1.000000
  0 -2.134332 396.086761 -7.451262 -0.912452 0.000000 -0.409183 0.401473 0.669722 1 0 1.000000
  0 -2.134332 396.086761 -16.040815 -1.000000 0.000000 0.000000 0.371373 0.669722 1 0 1.000000
awning_04_old
  0 -2.134324 206.897675 -7.451270 -0.912452 0.000000 -0.409183 0.401473 0.006761 1 0 1.000000
  0 -2.134332 396.086761 -7.451262 -0.912452 0.000000 -0.409183 0.401473 0.669722 1 0 1.000000
  0 -2.134324 206.897675 -16.040823 -1.000000 0.000000 0.000000 0.371373 0.006761 1 0 1.000000
awning_04_old
  0 -2.134324 206.897675 -7.451270 -0.912452 0.000000 -0.409183 0.401473 0.006761 1 0 1.000000
  0 -3.316164 396.086761 -6.398550 -0.622935 0.000000 -0.782273 0.405614 0.669722 1 0 1.000000
  0 -2.134332 396.086761 -7.451262 -0.912452 0.000000 -0.409183 0.401473 0.669722 1 0 1.000000
awning_04_old
  0 -3.316156 206.897675 -6.398558 -0.622935 0.000000 -0.782273 0.405614 0.006761 1 0 1.000000
  0 -3.316164 396.086761 -6.398550 -0.622935 0.000000 -0.782273 0.405614 0.669722 1 0 1.000000
  0 -2.134324 206.897675 -7.451270 -0.912452 0.000000 -0.409183 0.401473 0.006761 1 0 1.000000
awning_04_old
  0 -3.316156 206.897675 -6.398558 -0.622935 0.000000 -0.782273 0.405614 0.006761 1 0 1.000000
  0 -19.502386 396.086761 5.091085 -0.597871 0.000000 -0.801592 0.462334 0.669722 1 0 1.000000
  0 -3.316164 396.086761 -6.398550 -0.622935 0.000000 -0.782273 0.405614 0.669722 1 0 1.000000
awning_04_old
  0 -19.502378 206.897675 5.091077 -0.597871 0.000000 -0.801592 0.462334 0.006761 1 0 1.000000
  0 -19.502386 396.086761 5.091085 -0.597871 0.000000 -0.801592 0.462334 0.669722 1 0 1.000000
  0 -3.316156 206.897675 -6.398558 -0.622935 0.000000 -0.782273 0.405614 0.006761 1 0 1.000000
awning_04_old
  0 -19.502378 206.897675 5.091077 -0.597871 0.000000 -0.801592 0.462334 0.006761 1 0 1.000000
  0 -43.031174 396.086761 23.517744 -0.642673 0.000000 -0.766141 0.544785 0.669722 1 0 1.000000
  0 -19.502386 396.086761 5.091085 -0.597871 0.000000 -0.801592 0.462334 0.669722 1 0 1.000000
awning_04_old
  0 -43.031162 206.897675 23.517736 -0.642673 0.000000 -0.766141 0.544785 0.006761 1 0 1.000000
  0 -43.031174 396.086761 23.517744 -0.642673 0.000000 -0.766141 0.544785 0.669722 1 0 1.000000
  0 -19.502378 206.897675 5.091077 -0.597871 0.000000 -0.801592 0.462334 0.006761 1 0 1.000000
awning_04_old
  0 -43.031162 206.897675 23.517736 -0.642673 0.000000 -0.766141 0.544785 0.006761 1 0 1.000000
  0 -61.839554 206.897675 40.403263 -0.538592 0.000000 -0.842567 0.610693 0.006761 1 0 1.000000
  0 -43.031174 396.086761 23.517744 -0.642673 0.000000 -0.766141 0.544785 0.669722 1 0 1.000000
awning_04_old
  0 -77.821930 372.301788 46.160030 0.000000 0.000000 -1.000000 0.663886 0.586055 1 0 1.000000
  0 -75.232841 372.050751 46.160030 -0.115766 0.720920 -0.683280 0.657626 0.585495 1 0 1.000000
  0 -77.821922 206.897675 46.160023 0.000000 0.000000 -1.000000 0.666699 0.006761 1 0 1.000000
awning_04_old
  0 -77.821922 206.897675 46.160023 0.000000 0.000000 -1.000000 0.666699 0.006761 1 0 1.000000
  0 -75.232841 372.050751 46.160030 -0.115766 0.720920 -0.683280 0.657626 0.585495 1 0 1.000000
  0 -75.232834 206.897675 46.160023 -0.201584 0.000000 -0.979471 0.657626 0.006761 1 0 1.000000
awning_04_old
  0 -75.232834 206.897675 46.160023 -0.201584 0.000000 -0.979471 0.657626 0.006761 1 0 1.000000
  0 -75.232841 372.050751 46.160030 -0.115766 0.720920 -0.683280 0.657626 0.585495 1 0 1.000000
  0 -61.839554 206.897675 40.403263 -0.538592 0.000000 -0.842567 0.610693 0.006761 1 0 1.000000
awning_04_old
  0 -61.839554 206.897675 40.403263 -0.538592 0.000000 -0.842567 0.610693 0.006761 1 0 1.000000
  0 -75.232841 372.050751 46.160030 -0.115766 0.720920 -0.683280 0.657626 0.585495 1 0 1.000000
  0 -61.839561 371.968414 40.403271 -0.744083 0.362550 -0.561158 0.610693 0.585206 1 0 1.000000
awning_04_old
  0 -61.839554 206.897675 40.403263 -0.538592 0.000000 -0.842567 0.610693 0.006761 1 0 1.000000
  0 -61.839561 371.968414 40.403271 -0.744083 0.362550 -0.561158 0.610693 0.585206 1 0 1.000000
  0 -43.031174 396.086761 23.517744 -0.642673 0.000000 -0.766141 0.544785 0.669722 1 0 1.000000
awning_04_old
  0 -61.839565 396.086761 40.403275 -0.936536 0.000000 -0.350572 0.610693 0.669722 1 0 1.000000
  0 -43.031174 396.086761 23.517744 -0.642673 0.000000 -0.766141 0.544785 0.669722 1 0 1.000000
  0 -61.839561 371.968414 40.403271 -0.744083 0.362550 -0.561158 0.610693 0.585206 1 0 1.000000
awning_04_old
  0 -6.587631 -345.056946 -9.030010 -0.578882 0.000000 -0.815411 0.586714 0.886428 1 0 1.000000
  0 -21.967556 -345.056946 1.888630 -0.599157 0.000000 -0.800632 0.627901 0.885478 1 0 1.000000
  0 -6.587631 -338.333191 -9.030010 -0.578882 0.000000 -0.815411 0.586718 0.871893 1 0 1.000000
awning_04_old
  0 -6.587631 -338.333191 -9.030010 -0.578882 0.000000 -0.815411 0.586718 0.871893 1 0 1.000000
  0 -21.967556 -345.056946 1.888630 -0.599157 0.000000 -0.800632 0.627901 0.885478 1 0 1.000000
  0 -21.967556 -338.334137 1.888630 -0.599157 0.000000 -0.800632 0.627904 0.872860 1 0 1.000000
awning_04_old
  0 -21.967556 -345.056946 1.888630 -0.599157 0.000000 -0.800632 0.627901 0.885478 1 0 1.000000
  0 -45.339882 -345.057098 20.312023 -0.637254 0.000000 -0.770654 0.691857 0.885459 1 0 1.000000
  0 -21.967556 -338.334137 1.888630 -0.599157 0.000000 -0.800632 0.627904 0.872860 1 0 1.000000
awning_04_old
  0 -21.967556 -338.334137 1.888630 -0.599157 0.000000 -0.800632 0.627904 0.872860 1 0 1.000000
  0 -45.339882 -345.057098 20.312023 -0.637254 0.000000 -0.770654 0.691857 0.885459 1 0 1.000000
  0 -45.339882 -338.333191 20.312031 -0.637254 0.000000 -0.770654 0.691860 0.872903 1 0 1.000000
awning_04_old
  0 -45.339882 -345.057098 20.312023 -0.637254 0.000000 -0.770654 0.691857 0.885459 1 0 1.000000
  0 -61.810024 -345.057098 34.592869 -0.655105 0.000000 -0.755538 0.737895 0.886458 1 0 1.000000
  0 -45.339882 -338.333191 20.312031 -0.637254 0.000000 -0.770654 0.691860 0.872903 1 0 1.000000
awning_04_old
  0 -45.339882 -338.333191 20.312031 -0.637254 0.000000 -0.770654 0.691860 0.872903 1 0 1.000000
  0 -61.810024 -345.057098 34.592869 -0.655105 0.000000 -0.755538 0.737895 0.886458 1 0 1.000000
  0 -61.810028 -338.333191 34.592869 -0.655105 0.000000 -0.755538 0.737898 0.871922 1 0 1.000000
awning_04_old
  0 -62.037437 -345.057098 -12.847719 -0.030966 0.000000 -0.999520 0.582371 0.913076 1 0 1.000000
  0 -62.037437 -338.334137 -12.847719 -0.030966 0.000000 -0.999520 0.582304 0.897737 1 0 1.000000
  0 -6.625908 -345.056946 -14.564442 -0.030966 0.000000 -0.999520 0.446496 0.913766 1 0 1.000000
awning_04_old
  0 -6.625908 -345.056946 -14.564442 -0.030966 0.000000 -0.999520 0.446496 0.913766 1 0 1.000000
  0 -62.037437 -338.334137 -12.847719 -0.030966 0.000000 -0.999520 0.582304 0.897737 1 0 1.000000
  0 -6.625908 -338.334137 -14.564445 -0.030966 0.000000 -0.999520 0.446396 0.898428 1 0 1.000000
awning_04_old
  0 -62.037434 -345.056946 -8.563080 0.000002 -1.000000 0.000018 0.582493 0.870888 1 0 1.000000
  0 -62.037437 -345.057098 -12.847719 0.000002 -1.000000 0.000018 0.582131 0.861215 1 0 1.000000
  0 -6.625908 -345.056946 -10.279800 0.000002 -1.000000 0.000018 0.446585 0.871578 1 0 1.000000
awning_04_old
  0 -6.625908 -345.056946 -10.279800 0.000002 -1.000000 0.000018 0.446585 0.871578 1 0 1.000000
  0 -62.037437 -345.057098 -12.847719 0.000002 -1.000000 0.000018 0.582131 0.861215 1 0 1.000000
  0 -6.625908 -345.056946 -14.564442 0.000002 -1.000000 0.000018 0.446190 0.861905 1 0 1.000000
awning_04_old
  0 -62.037434 -338.334137 -8.563084 0.030966 0.000000 0.999520 0.582576 0.887235 1 0 1.000000
  0 -62.037434 -345.056946 -8.563080 0.030966 0.000000 0.999520 0.582493 0.870888 1 0 1.000000
  0 -6.625908 -338.334137 -10.279804 0.030966 0.000000 0.999520 0.446669 0.887925 1 0 1.000000
awning_04_old
  0 -6.625908 -338.334137 -10.279804 0.030966 0.000000 0.999520 0.446669 0.887925 1 0 1.000000
  0 -62.037434 -345.056946 -8.563080 0.030966 0.000000 0.999520 0.582493 0.870888 1 0 1.000000
  0 -6.625908 -345.056946 -10.279800 0.030966 0.000000 0.999520 0.446585 0.871578 1 0 1.000000
awning_04_old
  0 -62.037434 -338.334137 -8.563084 0.000000 1.000000 0.000000 0.582576 0.887235 1 0 1.000000
  0 -6.625908 -338.334137 -10.279804 0.000000 1.000000 0.000000 0.446669 0.887925 1 0 1.000000
  0 -62.037437 -338.334137 -12.847719 0.000000 1.000000 0.000000 0.582304 0.897737 1 0 1.000000
awning_04_old
  0 -62.037437 -338.334137 -12.847719 0.000000 1.000000 0.000000 0.582304 0.897737 1 0 1.000000
  0 -6.625908 -338.334137 -10.279804 0.000000 1.000000 0.000000 0.446669 0.887925 1 0 1.000000
  0 -6.625908 -338.334137 -14.564445 0.000000 1.000000 0.000000 0.446396 0.898428 1 0 1.000000
awning_04_old
  0 -60.072750 -339.318848 -8.766647 1.000000 0.000000 0.000000 0.309929 0.868568 1 0 1.000000
  0 -60.072750 -339.318848 33.155514 1.000000 0.000000 0.000000 0.437586 0.868569 1 0 1.000000
  0 -60.072750 -344.226837 -8.766647 1.000000 0.000000 0.000000 0.309929 0.883389 1 0 1.000000
awning_04_old
  0 -60.072750 -344.226837 -8.766647 1.000000 0.000000 0.000000 0.309929 0.883389 1 0 1.000000
  0 -60.072750 -339.318848 33.155514 1.000000 0.000000 0.000000 0.437586 0.868569 1 0 1.000000
  0 -60.072750 -344.226837 33.155514 1.000000 0.000000 0.000000 0.437586 0.883389 1 0 1.000000
awning_04_old
  0 -62.093445 -344.226624 34.964046 -0.000050 -1.000000 0.000002 0.443093 0.889542 1 0 1.000000
  0 -62.093445 -344.226837 -8.766651 -0.000050 -1.000000 0.000002 0.309929 0.889542 1 0 1.000000
  0 -60.072750 -344.226837 33.155514 -0.000050 -1.000000 0.000002 0.437586 0.883389 1 0 1.000000
awning_04_old
  0 -60.072750 -344.226837 33.155514 -0.000050 -1.000000 0.000002 0.437586 0.883389 1 0 1.000000
  0 -62.093445 -344.226837 -8.766651 -0.000050 -1.000000 0.000002 0.309929 0.889542 1 0 1.000000
  0 -60.072750 -344.226837 -8.766647 -0.000050 -1.000000 0.000002 0.309929 0.883389 1 0 1.000000
awning_04_old
  0 -62.037643 -339.317841 34.824543 0.000508 1.000000 0.000000 0.442669 0.862585 1 0 1.000000
  0 -60.072750 -339.318848 33.155514 0.000508 1.000000 0.000000 0.437586 0.868569 1 0 1.000000
  0 -62.093445 -339.317841 -8.766651 0.000508 1.000000 0.000000 0.309928 0.862415 1 0 1.000000
awning_04_old
  0 -62.093445 -339.317841 -8.766651 0.000508 1.000000 0.000000 0.309928 0.862415 1 0 1.000000
  0 -60.072750 -339.318848 33.155514 0.000508 1.000000 0.000000 0.437586 0.868569 1 0 1.000000
  0 -60.072750 -339.318848 -8.766647 0.000508 1.000000 0.000000 0.309929 0.868568 1 0 1.000000
awning_04_old
  0 -61.929855 -344.274048 -27.552141 0.000000 0.000000 -1.000000 0.677486 0.897943 1 0 1.000000
  0 -61.929855 -339.355225 -27.552141 0.000000 0.000000 -1.000000 0.662637 0.897943 1 0 1.000000
  0 -55.191185 -344.274048 -27.552141 0.676357 0.000000 -0.736574 0.677486 0.918463 1 0 1.000000
awning_04_old
  0 -55.191185 -344.274048 -27.552141 0.676357 0.000000 -0.736574 0.677486 0.918463 1 0 1.000000
  0 -61.929855 -339.355225 -27.552141 0.000000 0.000000 -1.000000 0.662637 0.897943 1 0 1.000000
  0 -55.191185 -339.355225 -27.552141 0.676357 0.000000 -0.736574 0.662637 0.918463 1 0 1.000000
awning_04_old
  0 -55.191185 -339.355225 -27.552141 0.676357 0.000000 -0.736574 0.662637 0.918463 1 0 1.000000
  0 -54.774780 -339.355225 -22.675739 0.961772 0.000000 -0.273850 0.662637 0.933312 1 0 1.000000
  0 -55.191185 -344.274048 -27.552141 0.676357 0.000000 -0.736574 0.677486 0.918463 1 0 1.000000
awning_04_old
  0 -55.191185 -344.274048 -27.552141 0.676357 0.000000 -0.736574 0.677486 0.918463 1 0 1.000000
  0 -54.774780 -339.355225 -22.675739 0.961772 0.000000 -0.273850 0.662637 0.933312 1 0 1.000000
  0 -54.774780 -344.274048 -22.675739 0.961772 0.000000 -0.273850 0.677486 0.933312 1 0 1.000000
awning_04_old
  0 -54.774780 -339.355225 -22.675739 0.961772 0.000000 -0.273850 0.662637 0.933312 1 0 1.000000
  0 -52.415154 -339.355225 -18.025894 0.783665 0.000000 -0.621184 0.662637 0.947472 1 0 1.000000
  0 -54.774780 -344.274048 -22.675739 0.961772 0.000000 -0.273850 0.677486 0.933312 1 0 1.000000
awning_04_old
  0 -54.774780 -344.274048 -22.675739 0.961772 0.000000 -0.273850 0.677486 0.933312 1 0 1.000000
  0 -52.415154 -339.355225 -18.025894 0.783665 0.000000 -0.621184 0.662637 0.947472 1 0 1.000000
  0 -52.415154 -344.274048 -18.025896 0.783665 0.000000 -0.621184 0.677486 0.947472 1 0 1.000000
awning_04_old
  0 -52.415154 -339.355225 -18.025894 0.783665 0.000000 -0.621184 0.662637 0.947472 1 0 1.000000
  0 -48.459320 -339.355225 -14.694660 0.461999 0.000000 -0.886880 0.662637 0.959518 1 0 1.000000
  0 -52.415154 -344.274048 -18.025896 0.783665 0.000000 -0.621184 0.677486 0.947472 1 0 1.000000
awning_04_old
  0 -52.415154 -344.274048 -18.025896 0.783665 0.000000 -0.621184 0.677486 0.947472 1 0 1.000000
  0 -48.459320 -339.355225 -14.694660 0.461999 0.000000 -0.886880 0.662637 0.959518 1 0 1.000000
  0 -48.459320 -344.274628 -14.694662 0.461999 0.000000 -0.886880 0.677486 0.959518 1 0 1.000000
awning_04_old
  0 -48.459320 -339.355225 -14.694660 0.461999 0.000000 -0.886880 0.662637 0.959518 1 0 1.000000
  0 -43.254269 -339.355225 -13.306646 0.257663 0.000001 -0.966235 0.662637 0.975368 1 0 1.000000
  0 -48.459320 -344.274628 -14.694662 0.461999 0.000000 -0.886880 0.677486 0.959518 1 0 1.000000
awning_04_old
  0 -48.459320 -344.274628 -14.694662 0.461999 0.000000 -0.886880 0.677486 0.959518 1 0 1.000000
  0 -43.254269 -339.355225 -13.306646 0.257663 0.000001 -0.966235 0.662637 0.975368 1 0 1.000000
  0 -43.254269 -344.274048 -13.306650 0.257663 0.000001 -0.966235 0.677486 0.975368 1 0 1.000000
awning_04_old
  0 -43.254269 -344.274048 -13.306650 0.000011 -1.000000 0.000378 0.677406 0.975353 1 0 1.000000
  0 -61.904629 -344.274048 -12.786678 -0.000011 -1.000000 0.000068 0.737372 0.976044 1 0 1.000000
  0 -48.459320 -344.274628 -14.694662 -0.000025 -1.000000 0.000137 0.694141 0.970890 1 0 1.000000
awning_04_old
  0 -48.459320 -344.274628 -14.694662 -0.000025 -1.000000 0.000137 0.694141 0.970890 1 0 1.000000
  0 -61.904629 -344.274048 -12.786678 -0.000011 -1.000000 0.000068 0.737372 0.976044 1 0 1.000000
  0 -52.415154 -344.274048 -18.025896 -0.000028 -1.000000 -0.000053 0.706861 0.960179 1 0 1.000000
awning_04_old
  0 -52.415154 -344.274048 -18.025896 -0.000028 -1.000000 -0.000053 0.706861 0.960179 1 0 1.000000
  0 -61.904629 -344.274048 -12.786678 -0.000011 -1.000000 0.000068 0.737372 0.976044 1 0 1.000000
  0 -54.774780 -344.274048 -22.675739 0.000002 -1.000000 0.000000 0.714448 0.945228 1 0 1.000000
awning_04_old
  0 -61.904629 -344.274048 -12.786678 -0.000011 -1.000000 0.000068 0.737372 0.976044 1 0 1.000000
  0 -61.929855 -344.274048 -27.552141 0.000000 -1.000000 0.000000 0.737454 0.929549 1 0 1.000000
  0 -54.774780 -344.274048 -22.675739 0.000002 -1.000000 0.000000 0.714448 0.945228 1 0 1.000000
awning_04_old
  0 -54.774780 -344.274048 -22.675739 0.000002 -1.000000 0.000000 0.714448 0.945228 1 0 1.000000
  0 -61.929855 -344.274048 -27.552141 0.000000 -1.000000 0.000000 0.737454 0.929549 1 0 1.000000
  0 -55.191185 -344.274048 -27.552141 0.000000 -1.000000 0.000000 0.715787 0.929549 1 0 1.000000
awning_04_old
  0 -0.994835 6.575397 -16.033373 -0.000001 0.000000 -1.000000 0.976670 0.551255 1 0 1.000000
  0 -2.132217 6.575411 -16.033371 -0.000001 0.000000 -1.000000 0.970123 0.551255 1 0 1.000000
  0 -0.994828 22.653471 -16.033369 -0.000001 0.000000 -1.000000 0.976670 0.486100 1 0 1.000000
awning_04_old
  0 -0.994828 22.653471 -16.033369 -0.000001 0.000000 -1.000000 0.976670 0.486100 1 0 1.000000
  0 -2.132217 6.575411 -16.033371 -0.000001 0.000000 -1.000000 0.970123 0.551255 1 0 1.000000
  0 -2.132218 22.653471 -16.033369 -0.000001 0.000000 -1.000000 0.970123 0.486100 1 0 1.000000
awning_04_old
  0 -1.700424 0.627528 -23.716263 -0.998424 0.000000 -0.056113 0.393670 0.333671 1 0 1.000000
  0 -1.700432 -7.651906 -23.716265 -0.998424 0.000000 -0.056113 0.393670 0.301111 1 0 1.000000
  0 -2.132217 6.575411 -16.033371 -0.998424 0.000000 -0.056113 0.371697 0.357063 1 0 1.000000
awning_04_old
  0 -2.132217 6.575411 -16.033371 -0.998424 0.000000 -0.056113 0.371697 0.357063 1 0 1.000000
  0 -1.700432 -7.651906 -23.716265 -0.998424 0.000000 -0.056113 0.393670 0.301111 1 0 1.000000
  0 -2.132216 -13.594804 -16.033373 -0.998424 0.000000 -0.056113 0.371697 0.277720 1 0 1.000000
awning_04_old
  0 -1.426628 -7.651921 -23.716265 0.998424 0.000000 -0.056113 0.991767 0.574181 1 0 1.000000
  0 -1.426628 0.627528 -23.716263 0.998424 0.000000 -0.056113 0.991767 0.598451 1 0 1.000000
  0 -0.994834 -13.594819 -16.033375 0.998424 0.000000 -0.056113 0.969882 0.552020 1 0 1.000000
awning_04_old
  0 -0.994834 -13.594819 -16.033375 0.998424 0.000000 -0.056113 0.969882 0.552020 1 0 1.000000
  0 -1.426628 0.627528 -23.716263 0.998424 0.000000 -0.056113 0.991767 0.598451 1 0 1.000000
  0 -0.994835 6.575397 -16.033373 0.998424 0.000000 -0.056113 0.969882 0.618803 1 0 1.000000
awning_04_old
  0 -1.700424 0.627528 -23.716263 0.000000 0.000000 -1.000000 0.993078 0.598358 1 0 1.000000
  0 -1.426628 0.627528 -23.716263 0.000000 0.000000 -1.000000 0.991767 0.598451 1 0 1.000000
  0 -1.700432 -7.651906 -23.716265 0.000000 0.000000 -1.000000 0.993078 0.574274 1 0 1.000000
awning_04_old
  0 -1.700432 -7.651906 -23.716265 0.000000 0.000000 -1.000000 0.993078 0.574274 1 0 1.000000
  0 -1.426628 0.627528 -23.716263 0.000000 0.000000 -1.000000 0.991767 0.598451 1 0 1.000000
  0 -1.426628 -7.651921 -23.716265 0.000000 0.000000 -1.000000 0.991767 0.574181 1 0 1.000000
awning_04_old
  0 -2.132217 6.575411 -16.033371 0.000008 0.790732 -0.612162 0.975387 0.618775 1 0 1.000000
  0 -0.994835 6.575397 -16.033373 0.000008 0.790732 -0.612162 0.969940 0.618776 1 0 1.000000
  0 -1.700424 0.627528 -23.716263 0.000008 0.790732 -0.612162 0.993078 0.598358 1 0 1.000000
awning_04_old
  0 -1.700424 0.627528 -23.716263 0.000008 0.790732 -0.612162 0.993078 0.598358 1 0 1.000000
  0 -0.994835 6.575397 -16.033373 0.000008 0.790732 -0.612162 0.969940 0.618776 1 0 1.000000
  0 -1.426628 0.627528 -23.716263 0.000008 0.790732 -0.612162 0.991767 0.598451 1 0 1.000000
awning_04_old
  0 -1.700432 -7.651906 -23.716265 -0.000018 -0.790980 -0.611842 0.993078 0.574274 1 0 1.000000
  0 -1.426628 -7.651921 -23.716265 -0.000018 -0.790980 -0.611842 0.991767 0.574181 1 0 1.000000
  0 -2.132216 -13.594804 -16.033373 -0.000018 -0.790980 -0.611842 0.975252 0.551962 1 0 1.000000
awning_04_old
  0 -2.132216 -13.594804 -16.033373 -0.000018 -0.790980 -0.611842 0.975252 0.551962 1 0 1.000000
  0 -1.426628 -7.651921 -23.716265 -0.000018 -0.790980 -0.611842 0.991767 0.574181 1 0 1.000000
  0 -0.994834 -13.594819 -16.033375 -0.000018 -0.790980 -0.611842 0.969806 0.551962 1 0 1.000000
awning_04_old
  0 -0.994834 -34.208206 -16.033375 -0.000001 0.000000 -1.000000 0.974942 0.551255 1 0 1.000000
  0 -2.132224 -34.208206 -16.033375 -0.000001 0.000000 -1.000000 0.970120 0.551255 1 0 1.000000
  0 -0.994834 -13.594819 -16.033375 -0.000001 0.000000 -1.000000 0.974942 0.486100 1 0 1.000000
awning_04_old
  0 -0.994834 -13.594819 -16.033375 -0.000001 0.000000 -1.000000 0.974942 0.486100 1 0 1.000000
  0 -2.132224 -34.208206 -16.033375 -0.000001 0.000000 -1.000000 0.970120 0.551255 1 0 1.000000
  0 -2.132216 -13.594804 -16.033373 -0.000001 0.000000 -1.000000 0.970120 0.486100 1 0 1.000000
awning_04_old
  0 -1.700430 -40.156075 -23.716265 -0.998424 0.000000 -0.056113 0.393670 0.333671 1 0 1.000000
  0 -1.700430 -48.435509 -23.716269 -0.998424 0.000000 -0.056113 0.393670 0.301111 1 0 1.000000
  0 -2.132224 -34.208206 -16.033375 -0.998424 0.000000 -0.056113 0.371697 0.357063 1 0 1.000000
awning_04_old
  0 -2.132224 -34.208206 -16.033375 -0.998424 0.000000 -0.056113 0.371697 0.357063 1 0 1.000000
  0 -1.700430 -48.435509 -23.716269 -0.998424 0.000000 -0.056113 0.393670 0.301111 1 0 1.000000
  0 -2.132223 -54.380547 -16.033377 -0.998424 0.000000 -0.056113 0.371697 0.277720 1 0 1.000000
awning_04_old
  0 -1.426626 -48.435509 -23.716267 0.998424 0.000000 -0.056113 0.991767 0.438540 1 0 1.000000
  0 -1.426626 -40.156075 -23.716265 0.998424 0.000000 -0.056113 0.991767 0.462810 1 0 1.000000
  0 -0.994833 -54.380547 -16.033377 0.998424 0.000000 -0.056113 0.969882 0.416380 1 0 1.000000
awning_04_old
  0 -0.994833 -54.380547 -16.033377 0.998424 0.000000 -0.056113 0.969882 0.416380 1 0 1.000000
  0 -1.426626 -40.156075 -23.716265 0.998424 0.000000 -0.056113 0.991767 0.462810 1 0 1.000000
  0 -0.994834 -34.208206 -16.033375 0.998424 0.000000 -0.056113 0.969882 0.483162 1 0 1.000000
awning_04_old
  0 -1.700430 -40.156075 -23.716265 0.000003 0.000000 -1.000000 0.993078 0.462717 1 0 1.000000
  0 -1.426626 -40.156075 -23.716265 0.000003 0.000000 -1.000000 0.991767 0.462810 1 0 1.000000
  0 -1.700430 -48.435509 -23.716269 0.000003 0.000000 -1.000000 0.993078 0.438633 1 0 1.000000
awning_04_old
  0 -1.700430 -48.435509 -23.716269 0.000003 0.000000 -1.000000 0.993078 0.438633 1 0 1.000000
  0 -1.426626 -40.156075 -23.716265 0.000003 0.000000 -1.000000 0.991767 0.462810 1 0 1.000000
  0 -1.426626 -48.435509 -23.716267 0.000003 0.000000 -1.000000 0.991767 0.438540 1 0 1.000000
awning_04_old
  0 -2.132224 -34.208206 -16.033375 0.000000 0.790732 -0.612162 0.975387 0.483135 1 0 1.000000
  0 -0.994834 -34.208206 -16.033375 0.000000 0.790732 -0.612162 0.969940 0.483135 1 0 1.000000
  0 -1.700430 -40.156075 -23.716265 0.000000 0.790732 -0.612162 0.993078 0.462717 1 0 1.000000
awning_04_old
  0 -1.700430 -40.156075 -23.716265 0.000000 0.790732 -0.612162 0.993078 0.462717 1 0 1.000000
  0 -0.994834 -34.208206 -16.033375 0.000000 0.790732 -0.612162 0.969940 0.483135 1 0 1.000000
  0 -1.426626 -40.156075 -23.716265 0.000000 0.790732 -0.612162 0.991767 0.462810 1 0 1.000000
awning_04_old
  0 -1.700430 -48.435509 -23.716269 0.000000 -0.790873 -0.611980 0.993078 0.438633 1 0 1.000000
  0 -1.426626 -48.435509 -23.716267 0.000000 -0.790873 -0.611980 0.991767 0.438540 1 0 1.000000
  0 -2.132223 -54.380547 -16.033377 0.000000 -0.790873 -0.611980 0.975252 0.416321 1 0 1.000000
awning_04_old
  0 -2.132223 -54.380547 -16.033377 0.000000 -0.790873 -0.611980 0.975252 0.416321 1 0 1.000000
  0 -1.426626 -48.435509 -23.716267 0.000000 -0.790873 -0.611980 0.991767 0.438540 1 0 1.000000
  0 -0.994833 -54.380547 -16.033377 0.000000 -0.790873 -0.611980 0.969806 0.416321 1 0 1.000000
awning_04_old
  0 -0.994824 -74.761177 -16.033377 0.000000 0.000000 -1.000000 0.974998 0.551255 1 0 1.000000
  0 -2.132222 -74.761177 -16.033377 0.000000 0.000000 -1.000000 0.970120 0.551255 1 0 1.000000
  0 -0.994833 -54.380547 -16.033377 0.000000 0.000000 -1.000000 0.974998 0.486100 1 0 1.000000
awning_04_old
  0 -0.994833 -54.380547 -16.033377 0.000000 0.000000 -1.000000 0.974998 0.486100 1 0 1.000000
  0 -2.132222 -74.761177 -16.033377 0.000000 0.000000 -1.000000 0.970120 0.551255 1 0 1.000000
  0 -2.132223 -54.380547 -16.033377 0.000000 0.000000 -1.000000 0.970120 0.486100 1 0 1.000000
awning_04_old
  0 -1.700428 -80.709045 -23.716269 -0.998424 0.000000 -0.056113 0.393670 0.333671 1 0 1.000000
  0 -1.700428 -88.988472 -23.716267 -0.998424 0.000000 -0.056113 0.393670 0.301111 1 0 1.000000
  0 -2.132222 -74.761177 -16.033377 -0.998424 0.000000 -0.056113 0.371697 0.357063 1 0 1.000000
awning_04_old
  0 -2.132222 -74.761177 -16.033377 -0.998424 0.000000 -0.056113 0.371697 0.357063 1 0 1.000000
  0 -1.700428 -88.988472 -23.716267 -0.998424 0.000000 -0.056113 0.393670 0.301111 1 0 1.000000
  0 -2.132221 -94.937943 -16.033377 -0.998424 0.000000 -0.056113 0.371697 0.277720 1 0 1.000000
awning_04_old
  0 -1.426616 -88.988472 -23.716267 0.998424 0.000000 -0.056113 0.991767 0.302988 1 0 1.000000
  0 -1.426616 -80.709045 -23.716269 0.998424 0.000000 -0.056113 0.991767 0.327258 1 0 1.000000
  0 -0.994823 -94.937943 -16.033377 0.998424 0.000000 -0.056113 0.969882 0.280827 1 0 1.000000
awning_04_old
  0 -0.994823 -94.937943 -16.033377 0.998424 0.000000 -0.056113 0.969882 0.280827 1 0 1.000000
  0 -1.426616 -80.709045 -23.716269 0.998424 0.000000 -0.056113 0.991767 0.327258 1 0 1.000000
  0 -0.994824 -74.761177 -16.033377 0.998424 0.000000 -0.056113 0.969882 0.347610 1 0 1.000000
awning_04_old
  0 -1.700428 -80.709045 -23.716269 0.000000 0.000000 -1.000000 0.993078 0.327165 1 0 1.000000
  0 -1.426616 -80.709045 -23.716269 0.000000 0.000000 -1.000000 0.991767 0.327258 1 0 1.000000
  0 -1.700428 -88.988472 -23.716267 0.000000 0.000000 -1.000000 0.993078 0.303081 1 0 1.000000
awning_04_old
  0 -1.700428 -88.988472 -23.716267 0.000000 0.000000 -1.000000 0.993078 0.303081 1 0 1.000000
  0 -1.426616 -80.709045 -23.716269 0.000000 0.000000 -1.000000 0.991767 0.327258 1 0 1.000000
  0 -1.426616 -88.988472 -23.716267 0.000000 0.000000 -1.000000 0.991767 0.302988 1 0 1.000000
awning_04_old
  0 -2.132222 -74.761177 -16.033377 0.000000 0.790733 -0.612162 0.975387 0.347583 1 0 1.000000
  0 -0.994824 -74.761177 -16.033377 0.000000 0.790733 -0.612162 0.969940 0.347583 1 0 1.000000
  0 -1.700428 -80.709045 -23.716269 0.000000 0.790733 -0.612162 0.993078 0.327165 1 0 1.000000
awning_04_old
  0 -1.700428 -80.709045 -23.716269 0.000000 0.790733 -0.612162 0.993078 0.327165 1 0 1.000000
  0 -0.994824 -74.761177 -16.033377 0.000000 0.790733 -0.612162 0.969940 0.347583 1 0 1.000000
  0 -1.426616 -80.709045 -23.716269 0.000000 0.790733 -0.612162 0.991767 0.327258 1 0 1.000000
awning_04_old
  0 -1.700428 -88.988472 -23.716267 0.000000 -0.790653 -0.612265 0.993078 0.303081 1 0 1.000000
  0 -1.426616 -88.988472 -23.716267 0.000000 -0.790653 -0.612265 0.991767 0.302988 1 0 1.000000
  0 -2.132221 -94.937943 -16.033377 0.000000 -0.790653 -0.612265 0.975252 0.280769 1 0 1.000000
awning_04_old
  0 -2.132221 -94.937943 -16.033377 0.000000 -0.790653 -0.612265 0.975252 0.280769 1 0 1.000000
  0 -1.426616 -88.988472 -23.716267 0.000000 -0.790653 -0.612265 0.991767 0.302988 1 0 1.000000
  0 -0.994823 -94.937943 -16.033377 0.000000 -0.790653 -0.612265 0.969806 0.280769 1 0 1.000000
awning_04_old
  0 -0.994828 -156.012100 -16.033381 -0.000001 0.000000 -1.000000 0.975140 0.551255 1 0 1.000000
  0 -2.132218 -156.012100 -16.033381 -0.000001 0.000000 -1.000000 0.970120 0.551255 1 0 1.000000
  0 -0.994829 -136.223145 -16.033381 -0.000001 0.000000 -1.000000 0.975140 0.486100 1 0 1.000000
awning_04_old
  0 -0.994829 -136.223145 -16.033381 -0.000001 0.000000 -1.000000 0.975140 0.486100 1 0 1.000000
  0 -2.132218 -156.012100 -16.033381 -0.000001 0.000000 -1.000000 0.970120 0.551255 1 0 1.000000
  0 -2.132219 -136.223145 -16.033379 -0.000001 0.000000 -1.000000 0.970120 0.486100 1 0 1.000000
awning_04_old
  0 -0.994830 -116.064941 -16.033379 0.000000 0.000000 -1.000000 0.974826 0.551255 1 0 1.000000
  0 -2.132220 -116.064941 -16.033379 0.000000 0.000000 -1.000000 0.970120 0.551255 1 0 1.000000
  0 -0.994823 -94.937943 -16.033377 0.000000 0.000000 -1.000000 0.974826 0.486100 1 0 1.000000
awning_04_old
  0 -0.994823 -94.937943 -16.033377 0.000000 0.000000 -1.000000 0.974826 0.486100 1 0 1.000000
  0 -2.132220 -116.064941 -16.033379 0.000000 0.000000 -1.000000 0.970120 0.551255 1 0 1.000000
  0 -2.132221 -94.937943 -16.033377 0.000000 0.000000 -1.000000 0.970120 0.486100 1 0 1.000000
awning_04_old
  0 -1.700426 -130.292252 -23.716269 -0.998424 0.000000 -0.056113 0.393670 0.301111 1 0 1.000000
  0 -2.132219 -136.223145 -16.033379 -0.998424 0.000000 -0.056113 0.371697 0.277720 1 0 1.000000
  0 -1.700427 -122.012833 -23.716269 -0.998424 0.000000 -0.056113 0.393670 0.333671 1 0 1.000000
awning_04_old
  0 -1.700427 -122.012833 -23.716269 -0.998424 0.000000 -0.056113 0.393670 0.333671 1 0 1.000000
  0 -2.132219 -136.223145 -16.033379 -0.998424 0.000000 -0.056113 0.371697 0.277720 1 0 1.000000
  0 -2.132220 -116.064941 -16.033379 -0.998424 0.000000 -0.056113 0.371697 0.357063 1 0 1.000000
awning_04_old
  0 -1.426622 -130.292252 -23.716269 0.998424 0.000000 -0.056113 0.991767 0.165099 1 0 1.000000
  0 -1.426623 -122.012833 -23.716269 0.998424 0.000000 -0.056113 0.991767 0.189369 1 0 1.000000
  0 -0.994829 -136.223145 -16.033381 0.998424 0.000000 -0.056113 0.969882 0.142938 1 0 1.000000
awning_04_old
  0 -0.994829 -136.223145 -16.033381 0.998424 0.000000 -0.056113 0.969882 0.142938 1 0 1.000000
  0 -1.426623 -122.012833 -23.716269 0.998424 0.000000 -0.056113 0.991767 0.189369 1 0 1.000000
  0 -0.994830 -116.064941 -16.033379 0.998424 0.000000 -0.056113 0.969882 0.209721 1 0 1.000000
awning_04_old
  0 -1.700427 -122.012833 -23.716269 0.000000 0.000000 -1.000000 0.993078 0.189276 1 0 1.000000
  0 -1.426623 -122.012833 -23.716269 0.000000 0.000000 -1.000000 0.991767 0.189369 1 0 1.000000
  0 -1.700426 -130.292252 -23.716269 0.000000 0.000000 -1.000000 0.993078 0.165192 1 0 1.000000
awning_04_old
  0 -1.700426 -130.292252 -23.716269 0.000000 0.000000 -1.000000 0.993078 0.165192 1 0 1.000000
  0 -1.426623 -122.012833 -23.716269 0.000000 0.000000 -1.000000 0.991767 0.189369 1 0 1.000000
  0 -1.426622 -130.292252 -23.716269 0.000000 0.000000 -1.000000 0.991767 0.165099 1 0 1.000000
awning_04_old
  0 -2.132220 -116.064941 -16.033379 0.000000 0.790731 -0.612163 0.975387 0.209694 1 0 1.000000
  0 -0.994830 -116.064941 -16.033379 0.000000 0.790731 -0.612163 0.969940 0.209694 1 0 1.000000
  0 -1.700427 -122.012833 -23.716269 0.000000 0.790731 -0.612163 0.993078 0.189276 1 0 1.000000
awning_04_old
  0 -1.700427 -122.012833 -23.716269 0.000000 0.790731 -0.612163 0.993078 0.189276 1 0 1.000000
  0 -0.994830 -116.064941 -16.033379 0.000000 0.790731 -0.612163 0.969940 0.209694 1 0 1.000000
  0 -1.426623 -122.012833 -23.716269 0.000000 0.790731 -0.612163 0.991767 0.189369 1 0 1.000000
awning_04_old
  0 -1.700426 -130.292252 -23.716269 0.000009 -0.791578 -0.611068 0.993078 0.165192 1 0 1.000000
  0 -1.426622 -130.292252 -23.716269 0.000009 -0.791578 -0.611068 0.991767 0.165099 1 0 1.000000
  0 -2.132219 -136.223145 -16.033379 0.000009 -0.791578 -0.611068 0.975252 0.142880 1 0 1.000000
awning_04_old
  0 -2.132219 -136.223145 -16.033379 0.000009 -0.791578 -0.611068 0.975252 0.142880 1 0 1.000000
  0 -1.426622 -130.292252 -23.716269 0.000009 -0.791578 -0.611068 0.991767 0.165099 1 0 1.000000
  0 -0.994829 -136.223145 -16.033381 0.000009 -0.791578 -0.611068 0.969806 0.142880 1 0 1.000000
awning_04_old
  0 -77.821915 22.647942 46.160007 0.000000 0.000000 -1.000000 0.611448 0.670263 1 0 1.000000
  0 -75.232826 22.649422 46.160007 -0.201584 0.000000 -0.979471 0.604068 0.670268 1 0 1.000000
  0 -77.821907 -156.017456 46.160000 0.000000 0.000000 -1.000000 0.611448 0.077914 1 0 1.000000
awning_04_old
  0 -77.821907 -156.017456 46.160000 0.000000 0.000000 -1.000000 0.611448 0.077914 1 0 1.000000
  0 -75.232826 22.649422 46.160007 -0.201584 0.000000 -0.979471 0.604068 0.670268 1 0 1.000000
  0 -75.232819 -156.017456 46.160000 -0.201584 0.000000 -0.979471 0.604068 0.077914 1 0 1.000000
awning_04_old
  0 -75.232819 -156.017456 46.160000 -0.201584 0.000000 -0.979471 0.604068 0.077914 1 0 1.000000
  0 -75.232826 22.649422 46.160007 -0.201584 0.000000 -0.979471 0.604068 0.670268 1 0 1.000000
  0 -61.839539 -156.017456 40.403248 -0.538592 0.000000 -0.842567 0.565889 0.077914 1 0 1.000000
awning_04_old
  0 -61.839539 -156.017456 40.403248 -0.538592 0.000000 -0.842567 0.565889 0.077914 1 0 1.000000
  0 -75.232826 22.649422 46.160007 -0.201584 0.000000 -0.979471 0.604068 0.670268 1 0 1.000000
  0 -61.839546 22.649897 40.403248 -0.538592 0.000000 -0.842567 0.565889 0.670270 1 0 1.000000
awning_04_old
  0 -61.839539 -156.017456 40.403248 -0.538592 0.000000 -0.842567 0.565889 0.077914 1 0 1.000000
  0 -61.839546 22.649897 40.403248 -0.538592 0.000000 -0.842567 0.565889 0.670270 1 0 1.000000
  0 -43.031151 -156.017456 23.517712 -0.642673 0.000000 -0.766141 0.512275 0.077914 1 0 1.000000
awning_04_old
  0 -43.031151 -156.017456 23.517712 -0.642673 0.000000 -0.766141 0.512275 0.077914 1 0 1.000000
  0 -61.839546 22.649897 40.403248 -0.538592 0.000000 -0.842567 0.565889 0.670270 1 0 1.000000
  0 -43.031162 22.650690 23.517721 -0.642673 0.000000 -0.766141 0.512275 0.670272 1 0 1.000000
awning_04_old
  0 -43.031151 -156.017456 23.517712 -0.642673 0.000000 -0.766141 0.512275 0.077914 1 0 1.000000
  0 -43.031162 22.650690 23.517721 -0.642673 0.000000 -0.766141 0.512275 0.670272 1 0 1.000000
  0 -19.502369 -156.017471 5.091061 -0.597871 0.000000 -0.801592 0.445204 0.077914 1 0 1.000000
awning_04_old
  0 -19.502369 -156.017471 5.091061 -0.597871 0.000000 -0.801592 0.445204 0.077914 1 0 1.000000
  0 -43.031162 22.650690 23.517721 -0.642673 0.000000 -0.766141 0.512275 0.670272 1 0 1.000000
  0 -19.502378 22.651241 5.091065 -0.597871 0.000000 -0.801592 0.445204 0.670274 1 0 1.000000
awning_04_old
  0 -19.502369 -156.017471 5.091061 -0.597871 0.000000 -0.801592 0.445204 0.077914 1 0 1.000000
  0 -19.502378 22.651241 5.091065 -0.597871 0.000000 -0.801592 0.445204 0.670274 1 0 1.000000
  0 -3.316140 -156.017471 -6.398574 -0.622935 0.000000 -0.782274 0.399064 0.077914 1 0 1.000000
awning_04_old
  0 -3.316140 -156.017471 -6.398574 -0.622935 0.000000 -0.782274 0.399064 0.077914 1 0 1.000000
  0 -19.502378 22.651241 5.091065 -0.597871 0.000000 -0.801592 0.445204 0.670274 1 0 1.000000
  0 -3.316155 22.644438 -6.398570 -0.622935 0.000000 -0.782274 0.399064 0.670250 1 0 1.000000
awning_04_old
  0 -3.316140 -156.017471 -6.398574 -0.622935 0.000000 -0.782274 0.399064 0.077914 1 0 1.000000
  0 -3.316155 22.644438 -6.398570 -0.622935 0.000000 -0.782274 0.399064 0.670250 1 0 1.000000
  0 -2.134308 -156.017456 -7.451286 -0.912452 0.000000 -0.409183 0.395695 0.077914 1 0 1.000000
awning_04_old
  0 -2.134308 -156.017456 -7.451286 -0.912452 0.000000 -0.409183 0.395695 0.077914 1 0 1.000000
  0 -3.316155 22.644438 -6.398570 -0.622935 0.000000 -0.782274 0.399064 0.670250 1 0 1.000000
  0 -2.134324 22.644224 -7.451278 -0.912452 0.000000 -0.409183 0.395695 0.670249 1 0 1.000000
awning_04_old
  0 -2.134308 -156.017456 -7.451286 -0.912452 0.000000 -0.409183 0.395695 0.077914 1 0 1.000000
  0 -2.134324 22.644224 -7.451278 -0.912452 0.000000 -0.409183 0.395695 0.670249 1 0 1.000000
  0 -2.134316 -156.017456 -16.040840 -1.000000 0.000000 0.000001 0.371210 0.077914 1 0 1.000000
awning_04_old
  0 -2.134316 -156.017456 -16.040840 -1.000000 0.000000 0.000001 0.371210 0.077914 1 0 1.000000
  0 -2.134324 22.644224 -7.451278 -0.912452 0.000000 -0.409183 0.395695 0.670249 1 0 1.000000
  0 -2.134332 22.645430 -16.040827 -1.000000 0.000000 0.000001 0.371210 0.670254 1 0 1.000000
awning_04_old
  0 -77.841629 388.069153 46.149250 -1.000000 0.000000 0.000000 -0.429709 0.854557 1 0 1.000000
  0 -77.841599 -323.257813 40.927219 -0.707607 -0.000007 -0.706606 1.595794 0.840091 1 0 1.000000
  0 -77.841599 -323.257813 46.149220 -1.000000 0.000000 0.000000 1.595793 0.854684 1 0 1.000000
awning_04_old
  0 -77.841629 388.069153 40.927250 -0.707607 -0.000007 -0.706606 -0.429708 0.839965 1 0 1.000000
  0 -77.841599 -323.257813 40.927219 -0.707607 -0.000007 -0.706606 1.595794 0.840091 1 0 1.000000
  0 -77.841629 388.069153 46.149250 -1.000000 0.000000 0.000000 -0.429709 0.854557 1 0 1.000000
awning_04_old
  0 -77.841629 388.069153 40.927250 -0.707607 -0.000007 -0.706606 -0.429708 0.839965 1 0 1.000000
  0 -75.224289 388.069153 40.916645 -0.001415 -0.000010 -0.999999 -0.429708 0.832651 1 0 1.000000
  0 -77.841599 -323.257813 40.927219 -0.707607 -0.000007 -0.706606 1.595794 0.840091 1 0 1.000000
awning_04_old
  0 -77.841599 -323.257813 40.927219 -0.707607 -0.000007 -0.706606 1.595794 0.840091 1 0 1.000000
  0 -75.224289 388.069153 40.916645 -0.001415 -0.000010 -0.999999 -0.429708 0.832651 1 0 1.000000
  0 -75.165459 -323.258789 40.930332 -0.001415 -0.000010 -0.999999 1.595797 0.832612 1 0 1.000000
awning_04_old
  0 -2.132234 207.688644 -16.033363 0.000000 0.000000 -1.000000 0.970295 0.519902 1 0 1.000000
  0 -0.994844 207.688644 -16.033363 0.000000 0.000000 -1.000000 0.976832 0.519902 1 0 1.000000
  0 -2.132234 206.846542 -16.033363 0.000000 0.000000 -1.000000 0.970295 0.526865 1 0 1.000000
awning_04_old
  0 -2.132234 206.846542 -16.033363 0.000000 0.000000 -1.000000 0.970295 0.526865 1 0 1.000000
  0 -0.994844 207.688644 -16.033363 0.000000 0.000000 -1.000000 0.976832 0.519902 1 0 1.000000
  0 -0.994844 206.846542 -16.033363 0.000000 0.000000 -1.000000 0.976832 0.526865 1 0 1.000000
awning_04_old
  0 -0.994852 381.663055 -16.033356 0.000000 0.000000 -1.000000 0.976670 0.551255 1 0 1.000000
  0 -2.132242 381.663055 -16.033356 0.000000 0.000000 -1.000000 0.970123 0.551255 1 0 1.000000
  0 -0.994852 396.119324 -16.033356 0.000000 0.000000 -1.000000 0.976670 0.486100 1 0 1.000000
awning_04_old
  0 -0.994852 396.119324 -16.033356 0.000000 0.000000 -1.000000 0.976670 0.486100 1 0 1.000000
  0 -2.132242 381.663055 -16.033356 0.000000 0.000000 -1.000000 0.970123 0.551255 1 0 1.000000
  0 -2.132242 396.119324 -16.033356 0.000000 0.000000 -1.000000 0.970123 0.486100 1 0 1.000000
awning_04_old
  0 -1.700448 376.001190 -23.716246 -0.998424 0.000000 -0.056114 0.393670 0.333671 1 0 1.000000
  0 -1.700448 368.119263 -23.716248 -0.998424 0.000000 -0.056114 0.393670 0.301111 1 0 1.000000
  0 -2.132242 381.663055 -16.033356 -0.998424 0.000000 -0.056114 0.371697 0.357063 1 0 1.000000
awning_04_old
  0 -2.132242 381.663055 -16.033356 -0.998424 0.000000 -0.056114 0.371697 0.357063 1 0 1.000000
  0 -1.700448 368.119263 -23.716248 -0.998424 0.000000 -0.056114 0.393670 0.301111 1 0 1.000000
  0 -2.132241 362.462616 -16.033358 -0.998424 0.000000 -0.056114 0.371697 0.277720 1 0 1.000000
awning_04_old
  0 -1.426644 368.119263 -23.716248 0.998424 0.000000 -0.056114 0.991767 0.574181 1 0 1.000000
  0 -1.426644 376.001190 -23.716246 0.998424 0.000000 -0.056114 0.991767 0.598451 1 0 1.000000
  0 -0.994851 362.462616 -16.033358 0.998424 0.000000 -0.056114 0.969882 0.552020 1 0 1.000000
awning_04_old
  0 -0.994851 362.462616 -16.033358 0.998424 0.000000 -0.056114 0.969882 0.552020 1 0 1.000000
  0 -1.426644 376.001190 -23.716246 0.998424 0.000000 -0.056114 0.991767 0.598451 1 0 1.000000
  0 -0.994852 381.663055 -16.033356 0.998424 0.000000 -0.056114 0.969882 0.618803 1 0 1.000000
awning_04_old
  0 -1.700448 376.001190 -23.716246 0.000000 0.000000 -1.000000 0.993078 0.598358 1 0 1.000000
  0 -1.426644 376.001190 -23.716246 0.000000 0.000000 -1.000000 0.991767 0.598451 1 0 1.000000
  0 -1.700448 368.119263 -23.716248 0.000000 0.000000 -1.000000 0.993078 0.574274 1 0 1.000000
awning_04_old
  0 -1.700448 368.119263 -23.716248 0.000000 0.000000 -1.000000 0.993078 0.574274 1 0 1.000000
  0 -1.426644 376.001190 -23.716246 0.000000 0.000000 -1.000000 0.991767 0.598451 1 0 1.000000
  0 -1.426644 368.119263 -23.716248 0.000000 0.000000 -1.000000 0.991767 0.574181 1 0 1.000000
awning_04_old
  0 -2.132242 381.663055 -16.033356 0.000000 0.805016 -0.593253 0.975387 0.618775 1 0 1.000000
  0 -0.994852 381.663055 -16.033356 0.000000 0.805016 -0.593253 0.969940 0.618776 1 0 1.000000
  0 -1.700448 376.001190 -23.716246 0.000000 0.805016 -0.593253 0.993078 0.598358 1 0 1.000000
awning_04_old
  0 -1.700448 376.001190 -23.716246 0.000000 0.805016 -0.593253 0.993078 0.598358 1 0 1.000000
  0 -0.994852 381.663055 -16.033356 0.000000 0.805016 -0.593253 0.969940 0.618776 1 0 1.000000
  0 -1.426644 376.001190 -23.716246 0.000000 0.805016 -0.593253 0.991767 0.598451 1 0 1.000000
awning_04_old
  0 -1.700448 368.119263 -23.716248 0.000000 -0.805278 -0.592898 0.993078 0.574274 1 0 1.000000
  0 -1.426644 368.119263 -23.716248 0.000000 -0.805278 -0.592898 0.991767 0.574181 1 0 1.000000
  0 -2.132241 362.462616 -16.033358 0.000000 -0.805278 -0.592898 0.975252 0.551962 1 0 1.000000
awning_04_old
  0 -2.132241 362.462616 -16.033358 0.000000 -0.805278 -0.592898 0.975252 0.551962 1 0 1.000000
  0 -1.426644 368.119263 -23.716248 0.000000 -0.805278 -0.592898 0.991767 0.574181 1 0 1.000000
  0 -0.994851 362.462616 -16.033358 0.000000 -0.805278 -0.592898 0.969806 0.551962 1 0 1.000000
awning_04_old
  0 -0.994850 342.840698 -16.033358 0.000000 0.000000 -1.000000 0.974942 0.551255 1 0 1.000000
  0 -2.132240 342.840698 -16.033358 0.000000 0.000000 -1.000000 0.970120 0.551255 1 0 1.000000
  0 -0.994851 362.462616 -16.033358 0.000000 0.000000 -1.000000 0.974942 0.486100 1 0 1.000000
awning_04_old
  0 -0.994851 362.462616 -16.033358 0.000000 0.000000 -1.000000 0.974942 0.486100 1 0 1.000000
  0 -2.132240 342.840698 -16.033358 0.000000 0.000000 -1.000000 0.970120 0.551255 1 0 1.000000
  0 -2.132241 362.462616 -16.033358 0.000000 0.000000 -1.000000 0.970120 0.486100 1 0 1.000000
awning_04_old
  0 -1.700447 337.178528 -23.716248 -0.998424 0.000000 -0.056113 0.393670 0.333671 1 0 1.000000
  0 -1.700446 329.297272 -23.716248 -0.998424 0.000000 -0.056113 0.393670 0.301111 1 0 1.000000
  0 -2.132240 342.840698 -16.033358 -0.998424 0.000000 -0.056113 0.371697 0.357063 1 0 1.000000
awning_04_old
  0 -2.132240 342.840698 -16.033358 -0.998424 0.000000 -0.056113 0.371697 0.357063 1 0 1.000000
  0 -1.700446 329.297272 -23.716248 -0.998424 0.000000 -0.056113 0.393670 0.301111 1 0 1.000000
  0 -2.132239 323.637909 -16.033360 -0.998424 0.000000 -0.056113 0.371697 0.277720 1 0 1.000000
awning_04_old
  0 -1.426642 329.297272 -23.716248 0.998424 0.000000 -0.056113 0.991767 0.438540 1 0 1.000000
  0 -1.426643 337.178528 -23.716248 0.998424 0.000000 -0.056113 0.991767 0.462810 1 0 1.000000
  0 -0.994849 323.637909 -16.033360 0.998424 0.000000 -0.056113 0.969882 0.416380 1 0 1.000000
awning_04_old
  0 -0.994849 323.637909 -16.033360 0.998424 0.000000 -0.056113 0.969882 0.416380 1 0 1.000000
  0 -1.426643 337.178528 -23.716248 0.998424 0.000000 -0.056113 0.991767 0.462810 1 0 1.000000
  0 -0.994850 342.840698 -16.033358 0.998424 0.000000 -0.056113 0.969882 0.483162 1 0 1.000000
awning_04_old
  0 -1.700447 337.178528 -23.716248 0.000000 0.000000 -1.000000 0.993078 0.462717 1 0 1.000000
  0 -1.426643 337.178528 -23.716248 0.000000 0.000000 -1.000000 0.991767 0.462810 1 0 1.000000
  0 -1.700446 329.297272 -23.716248 0.000000 0.000000 -1.000000 0.993078 0.438633 1 0 1.000000
awning_04_old
  0 -1.700446 329.297272 -23.716248 0.000000 0.000000 -1.000000 0.993078 0.438633 1 0 1.000000
  0 -1.426643 337.178528 -23.716248 0.000000 0.000000 -1.000000 0.991767 0.462810 1 0 1.000000
  0 -1.426642 329.297272 -23.716248 0.000000 0.000000 -1.000000 0.991767 0.438540 1 0 1.000000
awning_04_old
  0 -2.132240 342.840698 -16.033358 0.000000 0.805001 -0.593273 0.975387 0.483135 1 0 1.000000
  0 -0.994850 342.840698 -16.033358 0.000000 0.805001 -0.593273 0.969940 0.483135 1 0 1.000000
  0 -1.700447 337.178528 -23.716248 0.000000 0.805001 -0.593273 0.993078 0.462717 1 0 1.000000
awning_04_old
  0 -1.700447 337.178528 -23.716248 0.000000 0.805001 -0.593273 0.993078 0.462717 1 0 1.000000
  0 -0.994850 342.840698 -16.033358 0.000000 0.805001 -0.593273 0.969940 0.483135 1 0 1.000000
  0 -1.426643 337.178528 -23.716248 0.000000 0.805001 -0.593273 0.991767 0.462810 1 0 1.000000
awning_04_old
  0 -1.700446 329.297272 -23.716248 0.000000 -0.805141 -0.593083 0.993078 0.438633 1 0 1.000000
  0 -1.426642 329.297272 -23.716248 0.000000 -0.805141 -0.593083 0.991767 0.438540 1 0 1.000000
  0 -2.132239 323.637909 -16.033360 0.000000 -0.805141 -0.593083 0.975252 0.416321 1 0 1.000000
awning_04_old
  0 -2.132239 323.637909 -16.033360 0.000000 -0.805141 -0.593083 0.975252 0.416321 1 0 1.000000
  0 -1.426642 329.297272 -23.716248 0.000000 -0.805141 -0.593083 0.991767 0.438540 1 0 1.000000
  0 -0.994849 323.637909 -16.033360 0.000000 -0.805141 -0.593083 0.969806 0.416321 1 0 1.000000
awning_04_old
  0 -0.994848 304.237823 -16.033360 0.000000 0.000000 -1.000000 0.974998 0.551255 1 0 1.000000
  0 -2.132238 304.237823 -16.033360 0.000000 0.000000 -1.000000 0.970120 0.551255 1 0 1.000000
  0 -0.994849 323.637909 -16.033360 0.000000 0.000000 -1.000000 0.974998 0.486100 1 0 1.000000
awning_04_old
  0 -0.994849 323.637909 -16.033360 0.000000 0.000000 -1.000000 0.974998 0.486100 1 0 1.000000
  0 -2.132238 304.237823 -16.033360 0.000000 0.000000 -1.000000 0.970120 0.551255 1 0 1.000000
  0 -2.132239 323.637909 -16.033360 0.000000 0.000000 -1.000000 0.970120 0.486100 1 0 1.000000
awning_04_old
  0 -1.700445 298.575348 -23.716249 -0.998424 0.000000 -0.056113 0.393670 0.333671 1 0 1.000000
  0 -1.700445 290.694397 -23.716249 -0.998424 0.000000 -0.056113 0.393670 0.301111 1 0 1.000000
  0 -2.132238 304.237823 -16.033360 -0.998424 0.000000 -0.056113 0.371697 0.357063 1 0 1.000000
awning_04_old
  0 -2.132238 304.237823 -16.033360 -0.998424 0.000000 -0.056113 0.371697 0.357063 1 0 1.000000
  0 -1.700445 290.694397 -23.716249 -0.998424 0.000000 -0.056113 0.393670 0.301111 1 0 1.000000
  0 -2.132237 285.030823 -16.033360 -0.998424 0.000000 -0.056113 0.371697 0.277720 1 0 1.000000
awning_04_old
  0 -1.426641 290.694397 -23.716249 0.998424 0.000000 -0.056113 0.991767 0.302988 1 0 1.000000
  0 -1.426641 298.575348 -23.716249 0.998424 0.000000 -0.056113 0.991767 0.327258 1 0 1.000000
  0 -0.994847 285.030823 -16.033360 0.998424 0.000000 -0.056113 0.969882 0.280827 1 0 1.000000
awning_04_old
  0 -0.994847 285.030823 -16.033360 0.998424 0.000000 -0.056113 0.969882 0.280827 1 0 1.000000
  0 -1.426641 298.575348 -23.716249 0.998424 0.000000 -0.056113 0.991767 0.327258 1 0 1.000000
  0 -0.994848 304.237823 -16.033360 0.998424 0.000000 -0.056113 0.969882 0.347610 1 0 1.000000
awning_04_old
  0 -1.700445 298.575348 -23.716249 0.000000 0.000000 -1.000000 0.993078 0.327165 1 0 1.000000
  0 -1.426641 298.575348 -23.716249 0.000000 0.000000 -1.000000 0.991767 0.327258 1 0 1.000000
  0 -1.700445 290.694397 -23.716249 0.000000 0.000000 -1.000000 0.993078 0.303081 1 0 1.000000
awning_04_old
  0 -1.700445 290.694397 -23.716249 0.000000 0.000000 -1.000000 0.993078 0.303081 1 0 1.000000
  0 -1.426641 298.575348 -23.716249 0.000000 0.000000 -1.000000 0.991767 0.327258 1 0 1.000000
  0 -1.426641 290.694397 -23.716249 0.000000 0.000000 -1.000000 0.991767 0.302988 1 0 1.000000
awning_04_old
  0 -2.132238 304.237823 -16.033360 0.000000 0.804986 -0.593294 0.975387 0.347583 1 0 1.000000
  0 -0.994848 304.237823 -16.033360 0.000000 0.804986 -0.593294 0.969940 0.347583 1 0 1.000000
  0 -1.700445 298.575348 -23.716249 0.000000 0.804986 -0.593294 0.993078 0.327165 1 0 1.000000
awning_04_old
  0 -1.700445 298.575348 -23.716249 0.000000 0.804986 -0.593294 0.993078 0.327165 1 0 1.000000
  0 -0.994848 304.237823 -16.033360 0.000000 0.804986 -0.593294 0.969940 0.347583 1 0 1.000000
  0 -1.426641 298.575348 -23.716249 0.000000 0.804986 -0.593294 0.991767 0.327258 1 0 1.000000
awning_04_old
  0 -1.700445 290.694397 -23.716249 0.000000 -0.804931 -0.593369 0.993078 0.303081 1 0 1.000000
  0 -1.426641 290.694397 -23.716249 0.000000 -0.804931 -0.593369 0.991767 0.302988 1 0 1.000000
  0 -2.132237 285.030823 -16.033360 0.000000 -0.804931 -0.593369 0.975252 0.280769 1 0 1.000000
awning_04_old
  0 -2.132237 285.030823 -16.033360 0.000000 -0.804931 -0.593369 0.975252 0.280769 1 0 1.000000
  0 -1.426641 290.694397 -23.716249 0.000000 -0.804931 -0.593369 0.991767 0.302988 1 0 1.000000
  0 -0.994847 285.030823 -16.033360 0.000000 -0.804931 -0.593369 0.969806 0.280769 1 0 1.000000
awning_04_old
  0 -0.994845 226.893356 -16.033363 0.000000 0.000000 -1.000000 0.975140 0.551255 1 0 1.000000
  0 -2.132235 226.893356 -16.033363 0.000000 0.000000 -1.000000 0.970120 0.551255 1 0 1.000000
  0 -0.994846 245.731064 -16.033361 0.000000 0.000000 -1.000000 0.975140 0.486100 1 0 1.000000
awning_04_old
  0 -0.994846 245.731064 -16.033361 0.000000 0.000000 -1.000000 0.975140 0.486100 1 0 1.000000
  0 -2.132235 226.893356 -16.033363 0.000000 0.000000 -1.000000 0.970120 0.551255 1 0 1.000000
  0 -2.132236 245.731064 -16.033361 0.000000 0.000000 -1.000000 0.970120 0.486100 1 0 1.000000
awning_04_old
  0 -1.700442 221.231674 -23.716253 -0.998424 0.000000 -0.056113 0.393670 0.333671 1 0 1.000000
  0 -1.700441 213.350418 -23.716253 -0.998424 0.000000 -0.056113 0.393670 0.301111 1 0 1.000000
  0 -2.132235 226.893356 -16.033363 -0.998424 0.000000 -0.056113 0.371697 0.357063 1 0 1.000000
awning_04_old
  0 -2.132235 226.893356 -16.033363 -0.998424 0.000000 -0.056113 0.371697 0.357063 1 0 1.000000
  0 -1.700441 213.350418 -23.716253 -0.998424 0.000000 -0.056113 0.393670 0.301111 1 0 1.000000
  0 -2.132234 207.688644 -16.033363 -0.998424 0.000000 -0.056113 0.371697 0.277720 1 0 1.000000
awning_04_old
  0 -1.426637 213.350418 -23.716253 0.998424 0.000000 -0.056113 0.991767 0.031707 1 0 1.000000
  0 -1.426638 221.231674 -23.716253 0.998424 0.000000 -0.056113 0.991767 0.055977 1 0 1.000000
  0 -0.994844 207.688644 -16.033363 0.998424 0.000000 -0.056113 0.969882 0.009546 1 0 1.000000
awning_04_old
  0 -0.994844 207.688644 -16.033363 0.998424 0.000000 -0.056113 0.969882 0.009546 1 0 1.000000
  0 -1.426638 221.231674 -23.716253 0.998424 0.000000 -0.056113 0.991767 0.055977 1 0 1.000000
  0 -0.994845 226.893356 -16.033363 0.998424 0.000000 -0.056113 0.969882 0.076329 1 0 1.000000
awning_04_old
  0 -1.700442 221.231674 -23.716253 0.000000 0.000000 -1.000000 0.993078 0.055884 1 0 1.000000
  0 -1.426638 221.231674 -23.716253 0.000000 0.000000 -1.000000 0.991767 0.055977 1 0 1.000000
  0 -1.700441 213.350418 -23.716253 0.000000 0.000000 -1.000000 0.993078 0.031800 1 0 1.000000
awning_04_old
  0 -1.700441 213.350418 -23.716253 0.000000 0.000000 -1.000000 0.993078 0.031800 1 0 1.000000
  0 -1.426638 221.231674 -23.716253 0.000000 0.000000 -1.000000 0.991767 0.055977 1 0 1.000000
  0 -1.426637 213.350418 -23.716253 0.000000 0.000000 -1.000000 0.991767 0.031707 1 0 1.000000
awning_04_old
  0 -2.132235 226.893356 -16.033363 0.000000 0.805025 -0.593240 0.975387 0.076302 1 0 1.000000
  0 -0.994845 226.893356 -16.033363 0.000000 0.805025 -0.593240 0.969940 0.076302 1 0 1.000000
  0 -1.700442 221.231674 -23.716253 0.000000 0.805025 -0.593240 0.993078 0.055884 1 0 1.000000
awning_04_old
  0 -1.700442 221.231674 -23.716253 0.000000 0.805025 -0.593240 0.993078 0.055884 1 0 1.000000
  0 -0.994845 226.893356 -16.033363 0.000000 0.805025 -0.593240 0.969940 0.076302 1 0 1.000000
  0 -1.426638 221.231674 -23.716253 0.000000 0.805025 -0.593240 0.991767 0.055977 1 0 1.000000
awning_04_old
  0 -1.700441 213.350418 -23.716253 0.000000 -0.805021 -0.593246 0.993078 0.031800 1 0 1.000000
  0 -1.426637 213.350418 -23.716253 0.000000 -0.805021 -0.593246 0.991767 0.031707 1 0 1.000000
  0 -2.132234 207.688644 -16.033363 0.000000 -0.805021 -0.593246 0.975252 0.009488 1 0 1.000000
awning_04_old
  0 -2.132234 207.688644 -16.033363 0.000000 -0.805021 -0.593246 0.975252 0.009488 1 0 1.000000
  0 -1.426637 213.350418 -23.716253 0.000000 -0.805021 -0.593246 0.991767 0.031707 1 0 1.000000
  0 -0.994844 207.688644 -16.033363 0.000000 -0.805021 -0.593246 0.969806 0.009488 1 0 1.000000
awning_04_old
  0 -0.994847 264.919952 -16.033361 0.000000 0.000000 -1.000000 0.974826 0.551255 1 0 1.000000
  0 -2.132237 264.919952 -16.033361 0.000000 0.000000 -1.000000 0.970120 0.551255 1 0 1.000000
  0 -0.994847 285.030823 -16.033360 0.000000 0.000000 -1.000000 0.974826 0.486100 1 0 1.000000
awning_04_old
  0 -0.994847 285.030823 -16.033360 0.000000 0.000000 -1.000000 0.974826 0.486100 1 0 1.000000
  0 -2.132237 264.919952 -16.033361 0.000000 0.000000 -1.000000 0.970120 0.551255 1 0 1.000000
  0 -2.132237 285.030823 -16.033360 0.000000 0.000000 -1.000000 0.970120 0.486100 1 0 1.000000
awning_04_old
  0 -1.700443 251.376953 -23.716251 -0.998424 0.000000 -0.056113 0.393670 0.301111 1 0 1.000000
  0 -2.132236 245.731064 -16.033361 -0.998424 0.000000 -0.056113 0.371697 0.277720 1 0 1.000000
  0 -1.700443 259.257904 -23.716251 -0.998424 0.000000 -0.056113 0.393670 0.333671 1 0 1.000000
awning_04_old
  0 -1.700443 259.257904 -23.716251 -0.998424 0.000000 -0.056113 0.393670 0.333671 1 0 1.000000
  0 -2.132236 245.731064 -16.033361 -0.998424 0.000000 -0.056113 0.371697 0.277720 1 0 1.000000
  0 -2.132237 264.919952 -16.033361 -0.998424 0.000000 -0.056113 0.371697 0.357063 1 0 1.000000
awning_04_old
  0 -1.426639 251.376953 -23.716251 0.998424 0.000000 -0.056113 0.991767 0.165099 1 0 1.000000
  0 -1.426639 259.257904 -23.716251 0.998424 0.000000 -0.056113 0.991767 0.189369 1 0 1.000000
  0 -0.994846 245.731064 -16.033361 0.998424 0.000000 -0.056113 0.969882 0.142938 1 0 1.000000
awning_04_old
  0 -0.994846 245.731064 -16.033361 0.998424 0.000000 -0.056113 0.969882 0.142938 1 0 1.000000
  0 -1.426639 259.257904 -23.716251 0.998424 0.000000 -0.056113 0.991767 0.189369 1 0 1.000000
  0 -0.994847 264.919952 -16.033361 0.998424 0.000000 -0.056113 0.969882 0.209721 1 0 1.000000
awning_04_old
  0 -1.700443 259.257904 -23.716251 0.000000 0.000000 -1.000000 0.993078 0.189276 1 0 1.000000
  0 -1.426639 259.257904 -23.716251 0.000000 0.000000 -1.000000 0.991767 0.189369 1 0 1.000000
  0 -1.700443 251.376953 -23.716251 0.000000 0.000000 -1.000000 0.993078 0.165192 1 0 1.000000
awning_04_old
  0 -1.700443 251.376953 -23.716251 0.000000 0.000000 -1.000000 0.993078 0.165192 1 0 1.000000
  0 -1.426639 259.257904 -23.716251 0.000000 0.000000 -1.000000 0.991767 0.189369 1 0 1.000000
  0 -1.426639 251.376953 -23.716251 0.000000 0.000000 -1.000000 0.991767 0.165099 1 0 1.000000
awning_04_old
  0 -2.132237 264.919952 -16.033361 0.000000 0.805007 -0.593265 0.975387 0.209694 1 0 1.000000
  0 -0.994847 264.919952 -16.033361 0.000000 0.805007 -0.593265 0.969940 0.209694 1 0 1.000000
  0 -1.700443 259.257904 -23.716251 0.000000 0.805007 -0.593265 0.993078 0.189276 1 0 1.000000
awning_04_old
  0 -1.700443 259.257904 -23.716251 0.000000 0.805007 -0.593265 0.993078 0.189276 1 0 1.000000
  0 -0.994847 264.919952 -16.033361 0.000000 0.805007 -0.593265 0.969940 0.209694 1 0 1.000000
  0 -1.426639 259.257904 -23.716251 0.000000 0.805007 -0.593265 0.991767 0.189369 1 0 1.000000
awning_04_old
  0 -1.700443 251.376953 -23.716251 0.000000 -0.805816 -0.592166 0.993078 0.165192 1 0 1.000000
  0 -1.426639 251.376953 -23.716251 0.000000 -0.805816 -0.592166 0.991767 0.165099 1 0 1.000000
  0 -2.132236 245.731064 -16.033361 0.000000 -0.805816 -0.592166 0.975252 0.142880 1 0 1.000000
awning_04_old
  0 -2.132236 245.731064 -16.033361 0.000000 -0.805816 -0.592166 0.975252 0.142880 1 0 1.000000
  0 -1.426639 251.376953 -23.716251 0.000000 -0.805816 -0.592166 0.991767 0.165099 1 0 1.000000
  0 -0.994846 245.731064 -16.033361 0.000000 -0.805816 -0.592166 0.969806 0.142880 1 0 1.000000
awning_04_old
  0 -0.994843 192.971954 -16.033365 0.000000 0.000000 -1.000000 0.976670 0.551255 1 0 1.000000
  0 -2.132233 192.971954 -16.033365 0.000000 0.000000 -1.000000 0.970123 0.551255 1 0 1.000000
  0 -0.994844 206.900330 -16.033363 0.000000 0.000000 -1.000000 0.976670 0.486100 1 0 1.000000
awning_04_old
  0 -0.994844 206.900330 -16.033363 0.000000 0.000000 -1.000000 0.976670 0.486100 1 0 1.000000
  0 -2.132233 192.971954 -16.033365 0.000000 0.000000 -1.000000 0.970123 0.551255 1 0 1.000000
  0 -2.132234 206.900330 -16.033363 0.000000 0.000000 -1.000000 0.970123 0.486100 1 0 1.000000
awning_04_old
  0 -1.700440 187.436752 -23.716255 -0.998424 0.000000 -0.056113 0.393670 0.333671 1 0 1.000000
  0 -1.700440 179.731750 -23.716255 -0.998424 0.000000 -0.056113 0.393670 0.301111 1 0 1.000000
  0 -2.132233 192.971954 -16.033365 -0.998424 0.000000 -0.056113 0.371697 0.357063 1 0 1.000000
awning_04_old
  0 -2.132233 192.971954 -16.033365 -0.998424 0.000000 -0.056113 0.371697 0.357063 1 0 1.000000
  0 -1.700440 179.731750 -23.716255 -0.998424 0.000000 -0.056113 0.393670 0.301111 1 0 1.000000
  0 -2.132233 174.201172 -16.033365 -0.998424 0.000000 -0.056113 0.371697 0.277720 1 0 1.000000
awning_04_old
  0 -1.426636 179.731750 -23.716255 0.998424 0.000000 -0.056113 0.991767 0.574181 1 0 1.000000
  0 -1.426636 187.436752 -23.716255 0.998424 0.000000 -0.056113 0.991767 0.598451 1 0 1.000000
  0 -0.994843 174.201172 -16.033365 0.998424 0.000000 -0.056113 0.969882 0.552020 1 0 1.000000
awning_04_old
  0 -0.994843 174.201172 -16.033365 0.998424 0.000000 -0.056113 0.969882 0.552020 1 0 1.000000
  0 -1.426636 187.436752 -23.716255 0.998424 0.000000 -0.056113 0.991767 0.598451 1 0 1.000000
  0 -0.994843 192.971954 -16.033365 0.998424 0.000000 -0.056113 0.969882 0.618803 1 0 1.000000
awning_04_old
  0 -1.700440 187.436752 -23.716255 0.000000 0.000000 -1.000000 0.993078 0.598358 1 0 1.000000
  0 -1.426636 187.436752 -23.716255 0.000000 0.000000 -1.000000 0.991767 0.598451 1 0 1.000000
  0 -1.700440 179.731750 -23.716255 0.000000 0.000000 -1.000000 0.993078 0.574274 1 0 1.000000
awning_04_old
  0 -1.700440 179.731750 -23.716255 0.000000 0.000000 -1.000000 0.993078 0.574274 1 0 1.000000
  0 -1.426636 187.436752 -23.716255 0.000000 0.000000 -1.000000 0.991767 0.598451 1 0 1.000000
  0 -1.426636 179.731750 -23.716255 0.000000 0.000000 -1.000000 0.991767 0.574181 1 0 1.000000
awning_04_old
  0 -2.132233 192.971954 -16.033365 0.000000 0.811358 -0.584550 0.975387 0.618775 1 0 1.000000
  0 -0.994843 192.971954 -16.033365 0.000000 0.811358 -0.584550 0.969940 0.618776 1 0 1.000000
  0 -1.700440 187.436752 -23.716255 0.000000 0.811358 -0.584550 0.993078 0.598358 1 0 1.000000
awning_04_old
  0 -1.700440 187.436752 -23.716255 0.000000 0.811358 -0.584550 0.993078 0.598358 1 0 1.000000
  0 -0.994843 192.971954 -16.033365 0.000000 0.811358 -0.584550 0.969940 0.618776 1 0 1.000000
  0 -1.426636 187.436752 -23.716255 0.000000 0.811358 -0.584550 0.991767 0.598451 1 0 1.000000
awning_04_old
  0 -1.700440 179.731750 -23.716255 0.000000 -0.811590 -0.584228 0.993078 0.574274 1 0 1.000000
  0 -1.426636 179.731750 -23.716255 0.000000 -0.811590 -0.584228 0.991767 0.574181 1 0 1.000000
  0 -2.132233 174.201172 -16.033365 0.000000 -0.811590 -0.584228 0.975252 0.551962 1 0 1.000000
awning_04_old
  0 -2.132233 174.201172 -16.033365 0.000000 -0.811590 -0.584228 0.975252 0.551962 1 0 1.000000
  0 -1.426636 179.731750 -23.716255 0.000000 -0.811590 -0.584228 0.991767 0.574181 1 0 1.000000
  0 -0.994843 174.201172 -16.033365 0.000000 -0.811590 -0.584228 0.969806 0.551962 1 0 1.000000
awning_04_old
  0 -0.994842 155.017929 -16.033365 0.000000 0.000000 -1.000000 0.974942 0.551255 1 0 1.000000
  0 -2.132232 155.017929 -16.033365 0.000000 0.000000 -1.000000 0.970120 0.551255 1 0 1.000000
  0 -0.994843 174.201172 -16.033365 0.000000 0.000000 -1.000000 0.974942 0.486100 1 0 1.000000
awning_04_old
  0 -0.994843 174.201172 -16.033365 0.000000 0.000000 -1.000000 0.974942 0.486100 1 0 1.000000
  0 -2.132232 155.017929 -16.033365 0.000000 0.000000 -1.000000 0.970120 0.551255 1 0 1.000000
  0 -2.132233 174.201172 -16.033365 0.000000 0.000000 -1.000000 0.970120 0.486100 1 0 1.000000
awning_04_old
  0 -1.700438 149.482727 -23.716257 -0.998424 0.000000 -0.056113 0.393670 0.333671 1 0 1.000000
  0 -1.700438 141.777725 -23.716257 -0.998424 0.000000 -0.056113 0.393670 0.301111 1 0 1.000000
  0 -2.132232 155.017929 -16.033365 -0.998424 0.000000 -0.056113 0.371697 0.357063 1 0 1.000000
awning_04_old
  0 -2.132232 155.017929 -16.033365 -0.998424 0.000000 -0.056113 0.371697 0.357063 1 0 1.000000
  0 -1.700438 141.777725 -23.716257 -0.998424 0.000000 -0.056113 0.393670 0.301111 1 0 1.000000
  0 -2.132231 136.245163 -16.033367 -0.998424 0.000000 -0.056113 0.371697 0.277720 1 0 1.000000
awning_04_old
  0 -1.426634 141.777725 -23.716257 0.998424 0.000000 -0.056113 0.991767 0.438540 1 0 1.000000
  0 -1.426635 149.482727 -23.716257 0.998424 0.000000 -0.056113 0.991767 0.462810 1 0 1.000000
  0 -0.994841 136.245163 -16.033367 0.998424 0.000000 -0.056113 0.969882 0.416380 1 0 1.000000
awning_04_old
  0 -0.994841 136.245163 -16.033367 0.998424 0.000000 -0.056113 0.969882 0.416380 1 0 1.000000
  0 -1.426635 149.482727 -23.716257 0.998424 0.000000 -0.056113 0.991767 0.462810 1 0 1.000000
  0 -0.994842 155.017929 -16.033365 0.998424 0.000000 -0.056113 0.969882 0.483162 1 0 1.000000
awning_04_old
  0 -1.700438 149.482727 -23.716257 0.000000 0.000000 -1.000000 0.993078 0.462717 1 0 1.000000
  0 -1.426635 149.482727 -23.716257 0.000000 0.000000 -1.000000 0.991767 0.462810 1 0 1.000000
  0 -1.700438 141.777725 -23.716257 0.000000 0.000000 -1.000000 0.993078 0.438633 1 0 1.000000
awning_04_old
  0 -1.700438 141.777725 -23.716257 0.000000 0.000000 -1.000000 0.993078 0.438633 1 0 1.000000
  0 -1.426635 149.482727 -23.716257 0.000000 0.000000 -1.000000 0.991767 0.462810 1 0 1.000000
  0 -1.426634 141.777725 -23.716257 0.000000 0.000000 -1.000000 0.991767 0.438540 1 0 1.000000
awning_04_old
  0 -2.132232 155.017929 -16.033365 0.000000 0.811358 -0.584550 0.975387 0.483135 1 0 1.000000
  0 -0.994842 155.017929 -16.033365 0.000000 0.811358 -0.584550 0.969940 0.483135 1 0 1.000000
  0 -1.700438 149.482727 -23.716257 0.000000 0.811358 -0.584550 0.993078 0.462717 1 0 1.000000
awning_04_old
  0 -1.700438 149.482727 -23.716257 0.000000 0.811358 -0.584550 0.993078 0.462717 1 0 1.000000
  0 -0.994842 155.017929 -16.033365 0.000000 0.811358 -0.584550 0.969940 0.483135 1 0 1.000000
  0 -1.426635 149.482727 -23.716257 0.000000 0.811358 -0.584550 0.991767 0.462810 1 0 1.000000
awning_04_old
  0 -1.700438 141.777725 -23.716257 0.000000 -0.811490 -0.584366 0.993078 0.438633 1 0 1.000000
  0 -1.426634 141.777725 -23.716257 0.000000 -0.811490 -0.584366 0.991767 0.438540 1 0 1.000000
  0 -2.132231 136.245163 -16.033367 0.000000 -0.811490 -0.584366 0.975252 0.416321 1 0 1.000000
awning_04_old
  0 -2.132231 136.245163 -16.033367 0.000000 -0.811490 -0.584366 0.975252 0.416321 1 0 1.000000
  0 -1.426634 141.777725 -23.716257 0.000000 -0.811490 -0.584366 0.991767 0.438540 1 0 1.000000
  0 -0.994841 136.245163 -16.033367 0.000000 -0.811490 -0.584366 0.969806 0.416321 1 0 1.000000
awning_04_old
  0 -0.994840 117.278549 -16.033367 0.000000 0.000000 -1.000000 0.974998 0.551255 1 0 1.000000
  0 -2.132230 117.278549 -16.033367 0.000000 0.000000 -1.000000 0.970120 0.551255 1 0 1.000000
  0 -0.994841 136.245163 -16.033367 0.000000 0.000000 -1.000000 0.974998 0.486100 1 0 1.000000
awning_04_old
  0 -0.994841 136.245163 -16.033367 0.000000 0.000000 -1.000000 0.974998 0.486100 1 0 1.000000
  0 -2.132230 117.278549 -16.033367 0.000000 0.000000 -1.000000 0.970120 0.551255 1 0 1.000000
  0 -2.132231 136.245163 -16.033367 0.000000 0.000000 -1.000000 0.970120 0.486100 1 0 1.000000
awning_04_old
  0 -1.700437 111.743347 -23.716257 -0.998424 0.000000 -0.056113 0.393670 0.333671 1 0 1.000000
  0 -1.700436 104.038353 -23.716259 -0.998424 0.000000 -0.056113 0.393670 0.301111 1 0 1.000000
  0 -2.132230 117.278549 -16.033367 -0.998424 0.000000 -0.056113 0.371697 0.357063 1 0 1.000000
awning_04_old
  0 -2.132230 117.278549 -16.033367 -0.998424 0.000000 -0.056113 0.371697 0.357063 1 0 1.000000
  0 -1.700436 104.038353 -23.716259 -0.998424 0.000000 -0.056113 0.393670 0.301111 1 0 1.000000
  0 -2.132229 98.501656 -16.033369 -0.998424 0.000000 -0.056113 0.371697 0.277720 1 0 1.000000
awning_04_old
  0 -1.426633 104.038353 -23.716259 0.998424 0.000000 -0.056113 0.991767 0.302988 1 0 1.000000
  0 -1.426633 111.743347 -23.716257 0.998424 0.000000 -0.056113 0.991767 0.327258 1 0 1.000000
  0 -0.994839 98.501656 -16.033369 0.998424 0.000000 -0.056113 0.969882 0.280827 1 0 1.000000
awning_04_old
  0 -0.994839 98.501656 -16.033369 0.998424 0.000000 -0.056113 0.969882 0.280827 1 0 1.000000
  0 -1.426633 111.743347 -23.716257 0.998424 0.000000 -0.056113 0.991767 0.327258 1 0 1.000000
  0 -0.994840 117.278549 -16.033367 0.998424 0.000000 -0.056113 0.969882 0.347610 1 0 1.000000
awning_04_old
  0 -1.700437 111.743347 -23.716257 0.000000 0.000000 -1.000000 0.993078 0.327165 1 0 1.000000
  0 -1.426633 111.743347 -23.716257 0.000000 0.000000 -1.000000 0.991767 0.327258 1 0 1.000000
  0 -1.700436 104.038353 -23.716259 0.000000 0.000000 -1.000000 0.993078 0.303081 1 0 1.000000
awning_04_old
  0 -1.700436 104.038353 -23.716259 0.000000 0.000000 -1.000000 0.993078 0.303081 1 0 1.000000
  0 -1.426633 111.743347 -23.716257 0.000000 0.000000 -1.000000 0.991767 0.327258 1 0 1.000000
  0 -1.426633 104.038353 -23.716259 0.000000 0.000000 -1.000000 0.991767 0.302988 1 0 1.000000
awning_04_old
  0 -2.132230 117.278549 -16.033367 0.000000 0.811358 -0.584550 0.975387 0.347583 1 0 1.000000
  0 -0.994840 117.278549 -16.033367 0.000000 0.811358 -0.584550 0.969940 0.347583 1 0 1.000000
  0 -1.700437 111.743347 -23.716257 0.000000 0.811358 -0.584550 0.993078 0.327165 1 0 1.000000
awning_04_old
  0 -1.700437 111.743347 -23.716257 0.000000 0.811358 -0.584550 0.993078 0.327165 1 0 1.000000
  0 -0.994840 117.278549 -16.033367 0.000000 0.811358 -0.584550 0.969940 0.347583 1 0 1.000000
  0 -1.426633 111.743347 -23.716257 0.000000 0.811358 -0.584550 0.991767 0.327258 1 0 1.000000
awning_04_old
  0 -1.700436 104.038353 -23.716259 0.000000 -0.811283 -0.584654 0.993078 0.303081 1 0 1.000000
  0 -1.426633 104.038353 -23.716259 0.000000 -0.811283 -0.584654 0.991767 0.302988 1 0 1.000000
  0 -2.132229 98.501656 -16.033369 0.000000 -0.811283 -0.584654 0.975252 0.280769 1 0 1.000000
awning_04_old
  0 -2.132229 98.501656 -16.033369 0.000000 -0.811283 -0.584654 0.975252 0.280769 1 0 1.000000
  0 -1.426633 104.038353 -23.716259 0.000000 -0.811283 -0.584654 0.991767 0.302988 1 0 1.000000
  0 -0.994839 98.501656 -16.033369 0.000000 -0.811283 -0.584654 0.969806 0.280769 1 0 1.000000
awning_04_old
  0 -0.994837 41.664864 -16.033371 0.000000 0.000000 -1.000000 0.975140 0.551255 1 0 1.000000
  0 -2.132227 41.664864 -16.033371 0.000000 0.000000 -1.000000 0.970120 0.551255 1 0 1.000000
  0 -0.994838 60.080841 -16.033371 0.000000 0.000000 -1.000000 0.975140 0.486100 1 0 1.000000
awning_04_old
  0 -0.994838 60.080841 -16.033371 0.000000 0.000000 -1.000000 0.975140 0.486100 1 0 1.000000
  0 -2.132227 41.664864 -16.033371 0.000000 0.000000 -1.000000 0.970120 0.551255 1 0 1.000000
  0 -2.132228 60.080841 -16.033371 0.000000 0.000000 -1.000000 0.970120 0.486100 1 0 1.000000
awning_04_old
  0 -1.700433 36.129662 -23.716261 -0.998424 0.000000 -0.056113 0.393670 0.333671 1 0 1.000000
  0 -1.700433 28.299238 -23.716261 -0.998424 0.000000 -0.056113 0.393670 0.301111 1 0 1.000000
  0 -2.132227 41.664864 -16.033371 -0.998424 0.000000 -0.056113 0.371697 0.357063 1 0 1.000000
awning_04_old
  0 -2.132227 41.664864 -16.033371 -0.998424 0.000000 -0.056113 0.371697 0.357063 1 0 1.000000
  0 -1.700433 28.299238 -23.716261 -0.998424 0.000000 -0.056113 0.393670 0.301111 1 0 1.000000
  0 -2.132226 22.764065 -16.033371 -0.998424 0.000000 -0.056113 0.371697 0.277720 1 0 1.000000
awning_04_old
  0 -1.426629 28.299238 -23.716261 0.998424 0.000000 -0.056113 0.991767 0.031707 1 0 1.000000
  0 -1.426630 36.129662 -23.716261 0.998424 0.000000 -0.056113 0.991767 0.055977 1 0 1.000000
  0 -0.994836 22.764065 -16.033371 0.998424 0.000000 -0.056113 0.969882 0.009546 1 0 1.000000
awning_04_old
  0 -0.994836 22.764065 -16.033371 0.998424 0.000000 -0.056113 0.969882 0.009546 1 0 1.000000
  0 -1.426630 36.129662 -23.716261 0.998424 0.000000 -0.056113 0.991767 0.055977 1 0 1.000000
  0 -0.994837 41.664864 -16.033371 0.998424 0.000000 -0.056113 0.969882 0.076329 1 0 1.000000
awning_04_old
  0 -1.700433 36.129662 -23.716261 0.000000 0.000000 -1.000000 0.993078 0.055884 1 0 1.000000
  0 -1.426630 36.129662 -23.716261 0.000000 0.000000 -1.000000 0.991767 0.055977 1 0 1.000000
  0 -1.700433 28.299238 -23.716261 0.000000 0.000000 -1.000000 0.993078 0.031800 1 0 1.000000
awning_04_old
  0 -1.700433 28.299238 -23.716261 0.000000 0.000000 -1.000000 0.993078 0.031800 1 0 1.000000
  0 -1.426630 36.129662 -23.716261 0.000000 0.000000 -1.000000 0.991767 0.055977 1 0 1.000000
  0 -1.426629 28.299238 -23.716261 0.000000 0.000000 -1.000000 0.991767 0.031707 1 0 1.000000
awning_04_old
  0 -2.132227 41.664864 -16.033371 0.000000 0.811358 -0.584550 0.975387 0.076302 1 0 1.000000
  0 -0.994837 41.664864 -16.033371 0.000000 0.811358 -0.584550 0.969940 0.076302 1 0 1.000000
  0 -1.700433 36.129662 -23.716261 0.000000 0.811358 -0.584550 0.993078 0.055884 1 0 1.000000
awning_04_old
  0 -1.700433 36.129662 -23.716261 0.000000 0.811358 -0.584550 0.993078 0.055884 1 0 1.000000
  0 -0.994837 41.664864 -16.033371 0.000000 0.811358 -0.584550 0.969940 0.076302 1 0 1.000000
  0 -1.426630 36.129662 -23.716261 0.000000 0.811358 -0.584550 0.991767 0.055977 1 0 1.000000
awning_04_old
  0 -1.700433 28.299238 -23.716261 0.000000 -0.811359 -0.584548 0.993078 0.031800 1 0 1.000000
  0 -1.426629 28.299238 -23.716261 0.000000 -0.811359 -0.584548 0.991767 0.031707 1 0 1.000000
  0 -2.132226 22.764065 -16.033371 0.000000 -0.811359 -0.584548 0.975252 0.009488 1 0 1.000000
awning_04_old
  0 -2.132226 22.764065 -16.033371 0.000000 -0.811359 -0.584548 0.975252 0.009488 1 0 1.000000
  0 -1.426629 28.299238 -23.716261 0.000000 -0.811359 -0.584548 0.991767 0.031707 1 0 1.000000
  0 -0.994836 22.764065 -16.033371 0.000000 -0.811359 -0.584548 0.969806 0.009488 1 0 1.000000
awning_04_old
  0 -0.994838 78.840446 -16.033369 0.000000 0.000000 -1.000000 0.974826 0.551255 1 0 1.000000
  0 -2.132228 78.840446 -16.033369 0.000000 0.000000 -1.000000 0.970120 0.551255 1 0 1.000000
  0 -0.994839 98.501656 -16.033369 0.000000 0.000000 -1.000000 0.974826 0.486100 1 0 1.000000
awning_04_old
  0 -0.994839 98.501656 -16.033369 0.000000 0.000000 -1.000000 0.974826 0.486100 1 0 1.000000
  0 -2.132228 78.840446 -16.033369 0.000000 0.000000 -1.000000 0.970120 0.551255 1 0 1.000000
  0 -2.132229 98.501656 -16.033369 0.000000 0.000000 -1.000000 0.970120 0.486100 1 0 1.000000
awning_04_old
  0 -1.700435 65.600243 -23.716259 -0.998424 0.000000 -0.056113 0.393670 0.301111 1 0 1.000000
  0 -2.132228 60.080841 -16.033371 -0.998424 0.000000 -0.056113 0.371697 0.277720 1 0 1.000000
  0 -1.700435 73.305244 -23.716259 -0.998424 0.000000 -0.056113 0.393670 0.333671 1 0 1.000000
awning_04_old
  0 -1.700435 73.305244 -23.716259 -0.998424 0.000000 -0.056113 0.393670 0.333671 1 0 1.000000
  0 -2.132228 60.080841 -16.033371 -0.998424 0.000000 -0.056113 0.371697 0.277720 1 0 1.000000
  0 -2.132228 78.840446 -16.033369 -0.998424 0.000000 -0.056113 0.371697 0.357063 1 0 1.000000
awning_04_old
  0 -1.426631 65.600243 -23.716259 0.998424 0.000000 -0.056113 0.991767 0.165099 1 0 1.000000
  0 -1.426631 73.305244 -23.716259 0.998424 0.000000 -0.056113 0.991767 0.189369 1 0 1.000000
  0 -0.994838 60.080841 -16.033371 0.998424 0.000000 -0.056113 0.969882 0.142938 1 0 1.000000
awning_04_old
  0 -0.994838 60.080841 -16.033371 0.998424 0.000000 -0.056113 0.969882 0.142938 1 0 1.000000
  0 -1.426631 73.305244 -23.716259 0.998424 0.000000 -0.056113 0.991767 0.189369 1 0 1.000000
  0 -0.994838 78.840446 -16.033369 0.998424 0.000000 -0.056113 0.969882 0.209721 1 0 1.000000
awning_04_old
  0 -1.700435 73.305244 -23.716259 0.000000 0.000000 -1.000000 0.993078 0.189276 1 0 1.000000
  0 -1.426631 73.305244 -23.716259 0.000000 0.000000 -1.000000 0.991767 0.189369 1 0 1.000000
  0 -1.700435 65.600243 -23.716259 0.000000 0.000000 -1.000000 0.993078 0.165192 1 0 1.000000
awning_04_old
  0 -1.700435 65.600243 -23.716259 0.000000 0.000000 -1.000000 0.993078 0.165192 1 0 1.000000
  0 -1.426631 73.305244 -23.716259 0.000000 0.000000 -1.000000 0.991767 0.189369 1 0 1.000000
  0 -1.426631 65.600243 -23.716259 0.000000 0.000000 -1.000000 0.991767 0.165099 1 0 1.000000
awning_04_old
  0 -2.132228 78.840446 -16.033369 0.000000 0.811358 -0.584550 0.975387 0.209694 1 0 1.000000
  0 -0.994838 78.840446 -16.033369 0.000000 0.811358 -0.584550 0.969940 0.209694 1 0 1.000000
  0 -1.700435 73.305244 -23.716259 0.000000 0.811358 -0.584550 0.993078 0.189276 1 0 1.000000
awning_04_old
  0 -1.700435 73.305244 -23.716259 0.000000 0.811358 -0.584550 0.993078 0.189276 1 0 1.000000
  0 -0.994838 78.840446 -16.033369 0.000000 0.811358 -0.584550 0.969940 0.209694 1 0 1.000000
  0 -1.426631 73.305244 -23.716259 0.000000 0.811358 -0.584550 0.991767 0.189369 1 0 1.000000
awning_04_old
  0 -1.700435 65.600243 -23.716259 0.000000 -0.812149 -0.583450 0.993078 0.165192 1 0 1.000000
  0 -1.426631 65.600243 -23.716259 0.000000 -0.812149 -0.583450 0.991767 0.165099 1 0 1.000000
  0 -2.132228 60.080841 -16.033371 0.000000 -0.812149 -0.583450 0.975252 0.142880 1 0 1.000000
awning_04_old
  0 -2.132228 60.080841 -16.033371 0.000000 -0.812149 -0.583450 0.975252 0.142880 1 0 1.000000
  0 -1.426631 65.600243 -23.716259 0.000000 -0.812149 -0.583450 0.991767 0.165099 1 0 1.000000
  0 -0.994838 60.080841 -16.033371 0.000000 -0.812149 -0.583450 0.969806 0.142880 1 0 1.000000
awning_04_old
  0 -60.157284 204.492676 33.373737 0.000004 -1.000000 0.000000 0.171601 0.869324 1 0 1.000000
  0 -60.157284 204.492676 -8.766631 0.000001 -1.000000 0.000000 0.167270 0.997573 1 0 1.000000
  0 -45.316559 204.492706 20.361776 0.000002 -1.000000 0.000001 0.125097 0.907399 1 0 1.000000
awning_04_old
  0 -45.316559 204.492706 20.361776 0.000002 -1.000000 0.000001 0.125097 0.907399 1 0 1.000000
  0 -60.157284 204.492676 -8.766631 0.000001 -1.000000 0.000000 0.167270 0.997573 1 0 1.000000
  0 -21.944319 204.492676 1.948907 0.000000 -1.000000 0.000001 0.052074 0.961034 1 0 1.000000
awning_04_old
  0 -21.944319 204.492676 1.948907 0.000000 -1.000000 0.000001 0.052074 0.961034 1 0 1.000000
  0 -60.157284 204.492676 -8.766631 0.000001 -1.000000 0.000000 0.167270 0.997573 1 0 1.000000
  0 -6.397722 204.492676 -8.984824 0.000000 -1.000000 0.000000 0.003636 0.992711 1 0 1.000000
awning_04_old
  0 -6.285463 204.492676 -10.463809 0.000000 -1.000000 0.000000 0.003143 0.997201 1 0 1.000000
  0 -6.397722 204.492676 -8.984824 0.000000 -1.000000 0.000000 0.003636 0.992711 1 0 1.000000
  0 -60.157284 204.492676 -8.766631 0.000001 -1.000000 0.000000 0.167270 0.997573 1 0 1.000000
awning_04_old
  0 -61.968491 388.069153 40.409725 -1.000000 0.000000 0.000000 -0.430952 0.800369 1 0 1.000000
  0 -61.968460 -342.991333 34.895611 -0.897785 0.000000 -0.440434 1.597604 0.785199 1 0 1.000000
  0 -61.968460 -342.991333 40.117611 -1.000000 0.000000 0.000000 1.597604 0.799566 1 0 1.000000
awning_04_old
  0 -61.968491 388.069153 34.895641 -0.897785 0.000000 -0.440434 -0.430952 0.785198 1 0 1.000000
  0 -61.968460 -342.991333 34.895611 -0.897785 0.000000 -0.440434 1.597604 0.785199 1 0 1.000000
  0 -61.968491 388.069153 40.409725 -1.000000 0.000000 0.000000 -0.430952 0.800369 1 0 1.000000
awning_04_old
  0 -61.968491 388.069153 34.895641 -0.897785 0.000000 -0.440434 -0.430952 0.785198 1 0 1.000000
  0 -59.351151 388.069153 32.870045 -0.612035 0.000000 -0.790831 -0.430952 0.777997 1 0 1.000000
  0 -61.968460 -342.991333 34.895611 -0.897785 0.000000 -0.440434 1.597604 0.785199 1 0 1.000000
awning_04_old
  0 -61.968460 -342.991333 34.895611 -0.897785 0.000000 -0.440434 1.597604 0.785199 1 0 1.000000
  0 -59.351151 388.069153 32.870045 -0.612035 0.000000 -0.790831 -0.430952 0.777997 1 0 1.000000
  0 -59.351120 -342.991333 32.870014 -0.612035 0.000000 -0.790831 1.597604 0.777998 1 0 1.000000
awning_04_old
  0 -60.157284 207.549622 33.373745 0.000000 1.000000 -0.000001 0.003496 0.990164 1 0 1.000000
  0 -45.316559 207.549622 20.361776 0.000000 1.000000 -0.000001 0.049999 0.952089 1 0 1.000000
  0 -60.157284 207.549591 -8.766626 0.000000 1.000000 -0.000001 0.007827 0.861915 1 0 1.000000
awning_04_old
  0 -45.316559 207.549622 20.361776 0.000000 1.000000 -0.000001 0.049999 0.952089 1 0 1.000000
  0 -21.944319 207.549591 1.948911 0.000000 1.000000 -0.000001 0.123022 0.898455 1 0 1.000000
  0 -60.157284 207.549591 -8.766626 0.000000 1.000000 -0.000001 0.007827 0.861915 1 0 1.000000
awning_04_old
  0 -21.944319 207.549591 1.948911 0.000000 1.000000 -0.000001 0.123022 0.898455 1 0 1.000000
  0 -6.397722 207.549561 -8.984823 0.000001 1.000000 -0.000002 0.171460 0.866777 1 0 1.000000
  0 -60.157284 207.549591 -8.766626 0.000000 1.000000 -0.000001 0.007827 0.861915 1 0 1.000000
awning_04_old
  0 -6.285463 207.549561 -10.463808 0.000001 1.000000 -0.000002 0.171953 0.862287 1 0 1.000000
  0 -60.157284 207.549591 -8.766626 0.000000 1.000000 -0.000001 0.007827 0.861915 1 0 1.000000
  0 -6.397722 207.549561 -8.984823 0.000001 1.000000 -0.000002 0.171460 0.866777 1 0 1.000000
awning_04_old
  0 -3.328729 209.420319 -6.444525 0.000002 1.000000 0.000003 0.321695 0.961904 1 0 1.000000
  0 -6.587655 209.420349 -9.029985 0.000002 1.000000 0.000003 0.323289 0.972008 1 0 1.000000
  0 -19.473581 209.420349 5.052469 0.000000 1.000000 0.000000 0.281539 0.961894 1 0 1.000000
awning_04_old
  0 -19.473581 209.420349 5.052469 0.000000 1.000000 0.000000 0.281539 0.961894 1 0 1.000000
  0 -6.587655 209.420349 -9.029985 0.000002 1.000000 0.000003 0.323289 0.972008 1 0 1.000000
  0 -21.967581 209.420349 1.888658 0.000000 1.000000 0.000000 0.282102 0.972959 1 0 1.000000
awning_04_old
  0 -45.339901 209.420319 20.312056 -0.000005 1.000000 -0.000004 0.218146 0.972977 1 0 1.000000
  0 -19.473581 209.420349 5.052469 0.000000 1.000000 0.000000 0.281539 0.961894 1 0 1.000000
  0 -21.967581 209.420349 1.888658 0.000000 1.000000 0.000000 0.282102 0.972959 1 0 1.000000
awning_04_old
  0 -43.102970 209.420349 23.574217 -0.000005 1.000000 -0.000004 0.221723 0.961894 1 0 1.000000
  0 -19.473581 209.420349 5.052469 0.000000 1.000000 0.000000 0.281539 0.961894 1 0 1.000000
  0 -45.339901 209.420319 20.312056 -0.000005 1.000000 -0.000004 0.218146 0.972977 1 0 1.000000
awning_04_old
  0 -61.810051 209.420288 34.592899 -0.000009 1.000000 -0.000005 0.172109 0.971979 1 0 1.000000
  0 -43.102970 209.420349 23.574217 -0.000005 1.000000 -0.000004 0.221723 0.961894 1 0 1.000000
  0 -45.339901 209.420319 20.312056 -0.000005 1.000000 -0.000004 0.218146 0.972977 1 0 1.000000
awning_04_old
  0 -61.980103 209.420319 40.445721 -0.000009 1.000000 -0.000005 0.172661 0.961913 1 0 1.000000
  0 -43.102970 209.420349 23.574217 -0.000005 1.000000 -0.000004 0.221723 0.961894 1 0 1.000000
  0 -61.810051 209.420288 34.592899 -0.000009 1.000000 -0.000005 0.172109 0.971979 1 0 1.000000
awning_04_old
  0 -6.587655 209.420349 -9.029985 -0.578883 0.000000 -0.815411 0.323289 0.972008 1 0 1.000000
  0 -6.587655 202.753784 -9.029986 -0.578883 0.000000 -0.815411 0.323285 0.986543 1 0 1.000000
  0 -21.967581 209.420349 1.888658 -0.599157 0.000000 -0.800631 0.282102 0.972959 1 0 1.000000
awning_04_old
  0 -21.967581 209.420349 1.888658 -0.599157 0.000000 -0.800631 0.282102 0.972959 1 0 1.000000
  0 -6.587655 202.753784 -9.029986 -0.578883 0.000000 -0.815411 0.323285 0.986543 1 0 1.000000
  0 -21.967577 202.753784 1.888658 -0.599157 0.000000 -0.800631 0.282098 0.985577 1 0 1.000000
awning_04_old
  0 -21.967581 209.420349 1.888658 -0.599157 0.000000 -0.800631 0.282102 0.972959 1 0 1.000000
  0 -21.967577 202.753784 1.888658 -0.599157 0.000000 -0.800631 0.282098 0.985577 1 0 1.000000
  0 -45.339901 209.420319 20.312056 -0.637255 -0.000001 -0.770653 0.218146 0.972977 1 0 1.000000
awning_04_old
  0 -45.339901 209.420319 20.312056 -0.637255 -0.000001 -0.770653 0.218146 0.972977 1 0 1.000000
  0 -21.967577 202.753784 1.888658 -0.599157 0.000000 -0.800631 0.282098 0.985577 1 0 1.000000
  0 -45.339901 202.753754 20.312063 -0.637255 -0.000001 -0.770653 0.218143 0.985534 1 0 1.000000
awning_04_old
  0 -45.339901 209.420319 20.312056 -0.637255 -0.000001 -0.770653 0.218146 0.972977 1 0 1.000000
  0 -45.339901 202.753754 20.312063 -0.637255 -0.000001 -0.770653 0.218143 0.985534 1 0 1.000000
  0 -61.810051 209.420288 34.592899 -0.655107 0.000000 -0.755536 0.172109 0.971979 1 0 1.000000
awning_04_old
  0 -61.810051 209.420288 34.592899 -0.655107 0.000000 -0.755536 0.172109 0.971979 1 0 1.000000
  0 -45.339901 202.753754 20.312063 -0.637255 -0.000001 -0.770653 0.218143 0.985534 1 0 1.000000
  0 -61.810051 202.753754 34.592899 -0.655107 0.000000 -0.755536 0.172105 0.986515 1 0 1.000000
awning_04_old
  0 -61.929871 24.576870 -27.552126 0.000000 1.000000 -0.000001 0.172550 0.928888 1 0 1.000000
  0 -54.774796 24.576870 -22.675724 0.000001 1.000000 -0.000001 0.195555 0.913209 1 0 1.000000
  0 -55.191200 24.576870 -27.552126 0.000000 1.000000 -0.000001 0.194217 0.928888 1 0 1.000000
awning_04_old
  0 -61.904640 24.576885 -12.786658 0.000000 1.000000 -0.000003 0.172631 0.881412 1 0 1.000000
  0 -54.774796 24.576870 -22.675724 0.000001 1.000000 -0.000001 0.195555 0.913209 1 0 1.000000
  0 -61.929871 24.576870 -27.552126 0.000000 1.000000 -0.000001 0.172550 0.928888 1 0 1.000000
awning_04_old
  0 -52.415169 24.576870 -18.025875 0.000001 1.000000 -0.000002 0.203142 0.898258 1 0 1.000000
  0 -54.774796 24.576870 -22.675724 0.000001 1.000000 -0.000001 0.195555 0.913209 1 0 1.000000
  0 -61.904640 24.576885 -12.786658 0.000000 1.000000 -0.000003 0.172631 0.881412 1 0 1.000000
awning_04_old
  0 -48.459335 24.576885 -14.694644 0.322685 0.715650 -0.619451 0.215862 0.887547 1 0 1.000000
  0 -52.415169 24.576870 -18.025875 0.000001 1.000000 -0.000002 0.203142 0.898258 1 0 1.000000
  0 -61.904640 24.576885 -12.786658 0.000000 1.000000 -0.000003 0.172631 0.881412 1 0 1.000000
awning_04_old
  0 -43.254280 24.576900 -13.306628 0.182194 0.707104 -0.683234 0.232597 0.883084 1 0 1.000000
  0 -48.459335 24.576885 -14.694644 0.322685 0.715650 -0.619451 0.215862 0.887547 1 0 1.000000
  0 -61.904640 24.576885 -12.786658 0.000000 1.000000 -0.000003 0.172631 0.881412 1 0 1.000000
awning_04_old
  0 -61.929878 208.644257 -27.552116 -0.000004 1.000000 0.000000 0.172550 0.928888 1 0 1.000000
  0 -54.774803 208.644257 -22.675714 0.000000 1.000000 0.000000 0.195555 0.913209 1 0 1.000000
  0 -55.191208 208.644257 -27.552116 -0.000004 1.000000 0.000000 0.194217 0.928888 1 0 1.000000
awning_04_old
  0 -61.904648 208.644257 -12.786650 0.000000 1.000000 -0.000004 0.172631 0.881412 1 0 1.000000
  0 -54.774803 208.644257 -22.675714 0.000000 1.000000 0.000000 0.195555 0.913209 1 0 1.000000
  0 -61.929878 208.644257 -27.552116 -0.000004 1.000000 0.000000 0.172550 0.928888 1 0 1.000000
awning_04_old
  0 -52.415176 208.644257 -18.025867 0.000003 1.000000 0.000000 0.203142 0.898258 1 0 1.000000
  0 -54.774803 208.644257 -22.675714 0.000000 1.000000 0.000000 0.195555 0.913209 1 0 1.000000
  0 -61.904648 208.644257 -12.786650 0.000000 1.000000 -0.000004 0.172631 0.881412 1 0 1.000000
awning_04_old
  0 -48.459343 208.644257 -14.694635 0.322684 0.715649 -0.619452 0.215862 0.887547 1 0 1.000000
  0 -52.415176 208.644257 -18.025867 0.000003 1.000000 0.000000 0.203142 0.898258 1 0 1.000000
  0 -61.904648 208.644257 -12.786650 0.000000 1.000000 -0.000004 0.172631 0.881412 1 0 1.000000
awning_04_old
  0 -43.254288 208.644287 -13.306622 0.182191 0.707102 -0.683237 0.232597 0.883084 1 0 1.000000
  0 -48.459343 208.644257 -14.694635 0.322684 0.715649 -0.619452 0.215862 0.887547 1 0 1.000000
  0 -61.904648 208.644257 -12.786650 0.000000 1.000000 -0.000004 0.172631 0.881412 1 0 1.000000
awning_04_old
  0 -5.338822 -347.111145 -6.299652 0.000000 -1.000000 0.000000 0.727823 0.927452 1 0 1.000000
  0 -2.136200 -347.111145 -7.416980 0.000000 -1.000000 0.000000 0.737576 0.924049 1 0 1.000000
  0 -3.329102 -347.111145 -6.299774 0.000000 -1.000000 0.000000 0.733943 0.927451 1 0 1.000000
awning_04_old
  0 -6.656410 -347.111145 -7.414783 0.000000 -1.000000 0.000000 0.723811 0.924056 1 0 1.000000
  0 -2.136200 -347.111145 -7.416980 0.000000 -1.000000 0.000000 0.737576 0.924049 1 0 1.000000
  0 -5.338822 -347.111145 -6.299652 0.000000 -1.000000 0.000000 0.727823 0.927452 1 0 1.000000
awning_04_old
  0 -6.656410 -347.111145 -7.414783 0.000000 -1.000000 0.000000 0.723811 0.924056 1 0 1.000000
  0 -2.136200 -347.111145 -14.543380 0.000001 -1.000000 0.000000 0.737576 0.902348 1 0 1.000000
  0 -2.136200 -347.111145 -7.416980 0.000000 -1.000000 0.000000 0.737576 0.924049 1 0 1.000000
awning_04_old
  0 -6.656410 -347.111145 -14.555346 0.000001 -1.000000 0.000000 0.723811 0.902312 1 0 1.000000
  0 -2.136200 -347.111145 -14.543380 0.000001 -1.000000 0.000000 0.737576 0.902348 1 0 1.000000
  0 -6.656410 -347.111145 -7.414783 0.000000 -1.000000 0.000000 0.723811 0.924056 1 0 1.000000
awning_04_old
  0 -6.656410 -347.111145 -14.555346 0.000001 -1.000000 0.000000 0.723811 0.902312 1 0 1.000000
  0 -5.338822 -347.111145 -15.638962 0.000002 -1.000000 0.000000 0.727823 0.899013 1 0 1.000000
  0 -2.136200 -347.111145 -14.543380 0.000001 -1.000000 0.000000 0.737576 0.902348 1 0 1.000000
awning_04_old
  0 -2.136200 -347.111145 -14.543380 0.000001 -1.000000 0.000000 0.737576 0.902348 1 0 1.000000
  0 -5.338822 -347.111145 -15.638962 0.000002 -1.000000 0.000000 0.727823 0.899013 1 0 1.000000
  0 -3.329102 -347.111145 -15.638962 0.000002 -1.000000 0.000000 0.733943 0.899013 1 0 1.000000
awning_04_old
  0 -62.037457 209.420349 -12.847692 -0.030967 0.000000 -0.999520 0.327632 0.944353 1 0 1.000000
  0 -6.625925 209.420380 -14.564419 -0.030967 0.000000 -0.999520 0.463507 0.943662 1 0 1.000000
  0 -62.037457 202.753784 -12.847693 -0.030967 0.000000 -0.999520 0.327698 0.960699 1 0 1.000000
awning_04_old
  0 -62.037457 202.753784 -12.847693 -0.030967 0.000000 -0.999520 0.327698 0.960699 1 0 1.000000
  0 -6.625925 209.420380 -14.564419 -0.030967 0.000000 -0.999520 0.463507 0.943662 1 0 1.000000
  0 -6.625925 202.753815 -14.564420 -0.030967 0.000000 -0.999520 0.463606 0.960009 1 0 1.000000
awning_04_old
  0 -62.037457 209.420349 -8.563055 0.000000 1.000000 0.000004 0.327509 0.987549 1 0 1.000000
  0 -6.625932 209.420349 -10.279779 0.000000 1.000000 0.000004 0.463417 0.986859 1 0 1.000000
  0 -62.037457 209.420349 -12.847692 0.000000 1.000000 0.000004 0.327872 0.998049 1 0 1.000000
awning_04_old
  0 -62.037457 209.420349 -12.847692 0.000000 1.000000 0.000004 0.327872 0.998049 1 0 1.000000
  0 -6.625932 209.420349 -10.279779 0.000000 1.000000 0.000004 0.463417 0.986859 1 0 1.000000
  0 -6.625925 209.420380 -14.564419 0.000000 1.000000 0.000004 0.463812 0.997358 1 0 1.000000
awning_04_old
  0 -62.037460 202.753784 -8.563056 0.030967 0.000000 0.999520 0.327426 0.971202 1 0 1.000000
  0 -6.625932 202.753784 -10.279780 0.030967 0.000000 0.999520 0.463334 0.970511 1 0 1.000000
  0 -62.037457 209.420349 -8.563055 0.030967 0.000000 0.999520 0.327509 0.987549 1 0 1.000000
awning_04_old
  0 -62.037457 209.420349 -8.563055 0.030967 0.000000 0.999520 0.327509 0.987549 1 0 1.000000
  0 -6.625932 202.753784 -10.279780 0.030967 0.000000 0.999520 0.463334 0.970511 1 0 1.000000
  0 -6.625932 209.420349 -10.279779 0.030967 0.000000 0.999520 0.463417 0.986859 1 0 1.000000
awning_04_old
  0 -6.625925 202.753815 -14.564420 0.000001 -1.000000 -0.000004 0.463606 0.960009 1 0 1.000000
  0 -6.625932 202.753784 -10.279780 0.000001 -1.000000 -0.000004 0.463334 0.970511 1 0 1.000000
  0 -62.037457 202.753784 -12.847693 0.000001 -1.000000 -0.000004 0.327698 0.960699 1 0 1.000000
awning_04_old
  0 -62.037457 202.753784 -12.847693 0.000001 -1.000000 -0.000004 0.327698 0.960699 1 0 1.000000
  0 -6.625932 202.753784 -10.279780 0.000001 -1.000000 -0.000004 0.463334 0.970511 1 0 1.000000
  0 -62.037460 202.753784 -8.563056 0.000001 -1.000000 -0.000004 0.327426 0.971202 1 0 1.000000
awning_04_old
  0 -60.072773 203.730438 -8.766620 1.000000 0.000000 0.000000 0.600074 0.975047 1 0 1.000000
  0 -60.072773 208.597351 -8.766623 1.000000 0.000000 0.000000 0.600074 0.989868 1 0 1.000000
  0 -60.072773 203.730438 33.155537 1.000000 0.000000 0.000000 0.472417 0.975048 1 0 1.000000
awning_04_old
  0 -60.072773 203.730438 33.155537 1.000000 0.000000 0.000000 0.472417 0.975048 1 0 1.000000
  0 -60.072773 208.597351 -8.766623 1.000000 0.000000 0.000000 0.600074 0.989868 1 0 1.000000
  0 -60.072773 208.597351 33.155537 1.000000 0.000000 0.000000 0.472417 0.989868 1 0 1.000000
awning_04_old
  0 -62.093464 208.597351 34.964062 0.000000 1.000000 0.000000 0.466909 0.996021 1 0 1.000000
  0 -60.072773 208.597351 33.155537 0.000000 1.000000 0.000000 0.472417 0.989868 1 0 1.000000
  0 -62.093464 208.597351 -8.766626 0.000000 1.000000 0.000000 0.600074 0.996021 1 0 1.000000
awning_04_old
  0 -62.093464 208.597351 -8.766626 0.000000 1.000000 0.000000 0.600074 0.996021 1 0 1.000000
  0 -60.072773 208.597351 33.155537 0.000000 1.000000 0.000000 0.472417 0.989868 1 0 1.000000
  0 -60.072773 208.597351 -8.766623 0.000000 1.000000 0.000000 0.600074 0.989868 1 0 1.000000
awning_04_old
  0 -60.072773 203.730438 -8.766620 0.000000 -1.000000 0.000000 0.600074 0.975047 1 0 1.000000
  0 -60.072773 203.730438 33.155537 0.000000 -1.000000 0.000000 0.472417 0.975048 1 0 1.000000
  0 -62.093464 203.730438 -8.766620 0.000000 -1.000000 0.000000 0.600074 0.968894 1 0 1.000000
awning_04_old
  0 -62.093464 203.730438 -8.766620 0.000000 -1.000000 0.000000 0.600074 0.968894 1 0 1.000000
  0 -60.072773 203.730438 33.155537 0.000000 -1.000000 0.000000 0.472417 0.975048 1 0 1.000000
  0 -62.037666 203.730438 34.824566 0.000000 -1.000000 0.000000 0.467334 0.969064 1 0 1.000000
awning_04_old
  0 -77.821922 206.894821 46.160015 0.000003 0.000000 -1.000000 0.611448 0.670263 1 0 1.000000
  0 -75.232834 206.896301 46.160023 -0.201583 0.000000 -0.979471 0.604068 0.670268 1 0 1.000000
  0 -77.821915 22.669548 46.160007 0.000003 0.000000 -1.000000 0.611448 0.007475 1 0 1.000000
awning_04_old
  0 -77.821915 22.669548 46.160007 0.000003 0.000000 -1.000000 0.611448 0.007475 1 0 1.000000
  0 -75.232834 206.896301 46.160023 -0.201583 0.000000 -0.979471 0.604068 0.670268 1 0 1.000000
  0 -75.232826 22.669548 46.160015 -0.201583 0.000000 -0.979471 0.604068 0.007475 1 0 1.000000
awning_04_old
  0 -75.232826 22.669548 46.160015 -0.201583 0.000000 -0.979471 0.604068 0.007475 1 0 1.000000
  0 -75.232834 206.896301 46.160023 -0.201583 0.000000 -0.979471 0.604068 0.670268 1 0 1.000000
  0 -61.839546 22.669550 40.403255 -0.538592 0.000000 -0.842567 0.565889 0.007475 1 0 1.000000
awning_04_old
  0 -61.839546 22.669550 40.403255 -0.538592 0.000000 -0.842567 0.565889 0.007475 1 0 1.000000
  0 -75.232834 206.896301 46.160023 -0.201583 0.000000 -0.979471 0.604068 0.670268 1 0 1.000000
  0 -61.839558 206.896774 40.403263 -0.538592 0.000000 -0.842567 0.565889 0.670270 1 0 1.000000
awning_04_old
  0 -61.839546 22.669550 40.403255 -0.538592 0.000000 -0.842567 0.565889 0.007475 1 0 1.000000
  0 -61.839558 206.896774 40.403263 -0.538592 0.000000 -0.842567 0.565889 0.670270 1 0 1.000000
  0 -43.031158 22.669550 23.517721 -0.642673 0.000000 -0.766141 0.512275 0.007475 1 0 1.000000
awning_04_old
  0 -43.031158 22.669550 23.517721 -0.642673 0.000000 -0.766141 0.512275 0.007475 1 0 1.000000
  0 -61.839558 206.896774 40.403263 -0.538592 0.000000 -0.842567 0.565889 0.670270 1 0 1.000000
  0 -43.031170 206.897568 23.517736 -0.642673 0.000000 -0.766141 0.512275 0.670272 1 0 1.000000
awning_04_old
  0 -43.031158 22.669550 23.517721 -0.642673 0.000000 -0.766141 0.512275 0.007475 1 0 1.000000
  0 -43.031170 206.897568 23.517736 -0.642673 0.000000 -0.766141 0.512275 0.670272 1 0 1.000000
  0 -19.502375 22.669537 5.091069 -0.597871 0.000000 -0.801592 0.445204 0.007475 1 0 1.000000
awning_04_old
  0 -19.502375 22.669537 5.091069 -0.597871 0.000000 -0.801592 0.445204 0.007475 1 0 1.000000
  0 -43.031170 206.897568 23.517736 -0.642673 0.000000 -0.766141 0.512275 0.670272 1 0 1.000000
  0 -19.502382 206.898117 5.091077 -0.597871 0.000000 -0.801592 0.445204 0.670274 1 0 1.000000
awning_04_old
  0 -19.502375 22.669537 5.091069 -0.597871 0.000000 -0.801592 0.445204 0.007475 1 0 1.000000
  0 -19.502382 206.898117 5.091077 -0.597871 0.000000 -0.801592 0.445204 0.670274 1 0 1.000000
  0 -3.316155 22.669523 -6.398566 -0.622935 0.000000 -0.782273 0.399064 0.007475 1 0 1.000000
awning_04_old
  0 -3.316155 22.669523 -6.398566 -0.622935 0.000000 -0.782273 0.399064 0.007475 1 0 1.000000
  0 -19.502382 206.898117 5.091077 -0.597871 0.000000 -0.801592 0.445204 0.670274 1 0 1.000000
  0 -3.316163 206.891296 -6.398558 -0.622935 0.000000 -0.782273 0.399064 0.670250 1 0 1.000000
awning_04_old
  0 -3.316155 22.669523 -6.398566 -0.622935 0.000000 -0.782273 0.399064 0.007475 1 0 1.000000
  0 -3.316163 206.891296 -6.398558 -0.622935 0.000000 -0.782273 0.399064 0.670250 1 0 1.000000
  0 -2.134324 22.669538 -7.451278 -0.912452 0.000000 -0.409183 0.395695 0.007475 1 0 1.000000
awning_04_old
  0 -2.134324 22.669538 -7.451278 -0.912452 0.000000 -0.409183 0.395695 0.007475 1 0 1.000000
  0 -3.316163 206.891296 -6.398558 -0.622935 0.000000 -0.782273 0.399064 0.670250 1 0 1.000000
  0 -2.134332 206.891098 -7.451270 -0.912452 0.000000 -0.409183 0.395695 0.670249 1 0 1.000000
awning_04_old
  0 -2.134324 22.669538 -7.451278 -0.912452 0.000000 -0.409183 0.395695 0.007475 1 0 1.000000
  0 -2.134332 206.891098 -7.451270 -0.912452 0.000000 -0.409183 0.395695 0.670249 1 0 1.000000
  0 -2.134324 22.669554 -16.040831 -1.000000 0.000000 0.000000 0.371210 0.007475 1 0 1.000000
awning_04_old
  0 -2.134324 22.669554 -16.040831 -1.000000 0.000000 0.000000 0.371210 0.007475 1 0 1.000000
  0 -2.134332 206.891098 -7.451270 -0.912452 0.000000 -0.409183 0.395695 0.670249 1 0 1.000000
  0 -2.134332 206.892303 -16.040819 -1.000000 0.000000 0.000000 0.371210 0.670254 1 0 1.000000
awning_04_old
  0 -61.810055 387.659729 34.592907 -0.000003 -1.000000 0.000000 0.737898 0.871922 1 0 1.000000
  0 -43.102978 387.659729 23.574224 -0.000002 -1.000000 0.000000 0.687856 0.862520 1 0 1.000000
  0 -61.980114 387.659729 40.445728 -0.000003 -1.000000 0.000000 0.738034 0.862672 1 0 1.000000
awning_04_old
  0 -45.339909 387.659729 20.312063 -0.000002 -1.000000 0.000000 0.691860 0.872903 1 0 1.000000
  0 -43.102978 387.659729 23.574224 -0.000002 -1.000000 0.000000 0.687856 0.862520 1 0 1.000000
  0 -61.810055 387.659729 34.592907 -0.000003 -1.000000 0.000000 0.737898 0.871922 1 0 1.000000
awning_04_old
  0 -45.339909 387.659729 20.312063 -0.000002 -1.000000 0.000000 0.691860 0.872903 1 0 1.000000
  0 -19.473585 387.659729 5.052477 -0.000003 -1.000000 0.000000 0.628245 0.862532 1 0 1.000000
  0 -43.102978 387.659729 23.574224 -0.000002 -1.000000 0.000000 0.687856 0.862520 1 0 1.000000
awning_04_old
  0 -21.967588 387.659729 1.888662 -0.000003 -1.000000 0.000000 0.627904 0.872860 1 0 1.000000
  0 -19.473585 387.659729 5.052477 -0.000003 -1.000000 0.000000 0.628245 0.862532 1 0 1.000000
  0 -45.339909 387.659729 20.312063 -0.000002 -1.000000 0.000000 0.691860 0.872903 1 0 1.000000
awning_04_old
  0 -21.967588 387.659729 1.888662 -0.000003 -1.000000 0.000000 0.627904 0.872860 1 0 1.000000
  0 -6.587663 387.659729 -9.029982 -0.000005 -1.000000 0.000000 0.586718 0.871893 1 0 1.000000
  0 -19.473585 387.659729 5.052477 -0.000003 -1.000000 0.000000 0.628245 0.862532 1 0 1.000000
awning_04_old
  0 -19.473585 387.659729 5.052477 -0.000003 -1.000000 0.000000 0.628245 0.862532 1 0 1.000000
  0 -6.587663 387.659729 -9.029982 -0.000005 -1.000000 0.000000 0.586718 0.871893 1 0 1.000000
  0 -3.328729 387.659729 -6.444517 -0.000005 -1.000000 0.000000 0.588941 0.862630 1 0 1.000000
awning_04_old
  0 -61.679958 396.086761 41.695892 0.000001 1.000000 0.000000 0.721540 0.669722 1 0 1.000000
  0 -42.871567 396.086761 24.810362 0.000001 1.000000 0.000000 0.791291 0.669722 1 0 1.000000
  0 -61.839565 396.086761 40.403275 0.000001 1.000000 0.000000 0.716671 0.673351 1 0 1.000000
awning_04_old
  0 -61.839565 396.086761 40.403275 0.000001 1.000000 0.000000 0.716671 0.673351 1 0 1.000000
  0 -42.871567 396.086761 24.810362 0.000001 1.000000 0.000000 0.791291 0.669722 1 0 1.000000
  0 -43.031174 396.086761 23.517744 0.000001 1.000000 0.000000 0.793805 0.673550 1 0 1.000000
awning_04_old
  0 -42.871567 396.086761 24.810362 0.000001 1.000000 0.000000 0.791291 0.669722 1 0 1.000000
  0 -19.342779 396.086761 6.383703 0.000001 1.000000 0.000000 0.875218 0.669722 1 0 1.000000
  0 -43.031174 396.086761 23.517744 0.000001 1.000000 0.000000 0.793805 0.673550 1 0 1.000000
awning_04_old
  0 -43.031174 396.086761 23.517744 0.000001 1.000000 0.000000 0.793805 0.673550 1 0 1.000000
  0 -19.342779 396.086761 6.383703 0.000001 1.000000 0.000000 0.875218 0.669722 1 0 1.000000
  0 -19.502386 396.086761 5.091085 0.000001 1.000000 0.000000 0.878237 0.673692 1 0 1.000000
awning_04_old
  0 -19.342779 396.086761 6.383703 0.000001 1.000000 0.000000 0.875218 0.669722 1 0 1.000000
  0 -2.597902 396.086761 -5.377703 0.000001 1.000000 0.000000 0.934159 0.669722 1 0 1.000000
  0 -19.502386 396.086761 5.091085 0.000001 1.000000 0.000000 0.878237 0.673692 1 0 1.000000
awning_04_old
  0 -19.502386 396.086761 5.091085 0.000001 1.000000 0.000000 0.878237 0.673692 1 0 1.000000
  0 -2.597902 396.086761 -5.377703 0.000001 1.000000 0.000000 0.934159 0.669722 1 0 1.000000
  0 -3.316164 396.086761 -6.398550 0.000001 1.000000 0.000000 0.935402 0.674069 1 0 1.000000
awning_04_old
  0 -2.597902 396.086761 -5.377703 0.000001 1.000000 0.000000 0.934159 0.669722 1 0 1.000000
  0 -2.134332 396.086761 -7.451262 -0.000014 1.000000 0.000000 0.938634 0.673748 1 0 1.000000
  0 -3.316164 396.086761 -6.398550 0.000001 1.000000 0.000000 0.935402 0.674069 1 0 1.000000
awning_04_old
  0 -1.001871 396.086761 -6.926314 -0.000014 1.000000 0.000000 0.938314 0.669722 1 0 1.000000
  0 -2.134332 396.086761 -7.451262 -0.000014 1.000000 0.000000 0.938634 0.673748 1 0 1.000000
  0 -2.597902 396.086761 -5.377703 0.000001 1.000000 0.000000 0.934159 0.669722 1 0 1.000000
awning_04_old
  0 -1.001871 396.086761 -6.926314 -0.000014 1.000000 0.000000 0.938314 0.669722 1 0 1.000000
  0 -1.001871 396.086761 -16.040583 -0.000029 1.000000 0.000000 0.969885 0.669722 1 0 1.000000
  0 -2.134332 396.086761 -7.451262 -0.000014 1.000000 0.000000 0.938634 0.673748 1 0 1.000000
awning_04_old
  0 -2.134332 396.086761 -7.451262 -0.000014 1.000000 0.000000 0.938634 0.673748 1 0 1.000000
  0 -1.001871 396.086761 -16.040583 -0.000029 1.000000 0.000000 0.969885 0.669722 1 0 1.000000
  0 -2.134332 396.086761 -16.040815 -0.000029 1.000000 0.000000 0.969887 0.673691 1 0 1.000000
awning_04_old
  0 -77.841599 -323.257813 46.149220 0.001415 0.000010 0.999999 1.595794 0.810541 1 0 1.000000
  0 -75.165459 -323.258789 46.152332 0.707607 0.000065 0.706606 1.595797 0.818020 1 0 1.000000
  0 -77.841629 388.069153 46.149250 0.001415 0.000010 0.999999 -0.429709 0.810744 1 0 1.000000
awning_04_old
  0 -77.841629 388.069153 46.149250 0.001415 0.000010 0.999999 -0.429709 0.810744 1 0 1.000000
  0 -75.165459 -323.258789 46.152332 0.707607 0.000065 0.706606 1.595797 0.818020 1 0 1.000000
  0 -75.224289 388.069153 46.138645 0.707607 0.000065 0.706606 -0.429708 0.818058 1 0 1.000000
awning_04_old
  0 -75.165459 -323.258789 46.152332 0.707607 0.000065 0.706606 1.595797 0.818020 1 0 1.000000
  0 -75.224289 388.069153 40.916645 1.000000 0.000083 0.000000 -0.429708 0.832651 1 0 1.000000
  0 -75.224289 388.069153 46.138645 0.707607 0.000065 0.706606 -0.429708 0.818058 1 0 1.000000
awning_04_old
  0 -75.165459 -323.258789 40.930332 1.000000 0.000083 0.000000 1.595797 0.832612 1 0 1.000000
  0 -75.224289 388.069153 40.916645 1.000000 0.000083 0.000000 -0.429708 0.832651 1 0 1.000000
  0 -75.165459 -323.258789 46.152332 0.707607 0.000065 0.706606 1.595797 0.818020 1 0 1.000000
awning_04_old
  0 -61.810059 394.326447 34.592911 -0.655105 0.000000 -0.755538 0.737895 0.886458 1 0 1.000000
  0 -45.339909 387.659729 20.312063 -0.637254 0.000000 -0.770654 0.691860 0.872903 1 0 1.000000
  0 -61.810055 387.659729 34.592907 -0.655105 0.000000 -0.755538 0.737898 0.871922 1 0 1.000000
awning_04_old
  0 -45.339912 394.326447 20.312063 -0.637254 0.000000 -0.770654 0.691857 0.885459 1 0 1.000000
  0 -45.339909 387.659729 20.312063 -0.637254 0.000000 -0.770654 0.691860 0.872903 1 0 1.000000
  0 -61.810059 394.326447 34.592911 -0.655105 0.000000 -0.755538 0.737895 0.886458 1 0 1.000000
awning_04_old
  0 -45.339912 394.326447 20.312063 -0.637254 0.000000 -0.770654 0.691857 0.885459 1 0 1.000000
  0 -21.967588 387.659729 1.888662 -0.599157 0.000000 -0.800631 0.627904 0.872860 1 0 1.000000
  0 -45.339909 387.659729 20.312063 -0.637254 0.000000 -0.770654 0.691860 0.872903 1 0 1.000000
awning_04_old
  0 -21.967588 394.326447 1.888662 -0.599157 0.000000 -0.800631 0.627901 0.885478 1 0 1.000000
  0 -21.967588 387.659729 1.888662 -0.599157 0.000000 -0.800631 0.627904 0.872860 1 0 1.000000
  0 -45.339912 394.326447 20.312063 -0.637254 0.000000 -0.770654 0.691857 0.885459 1 0 1.000000
awning_04_old
  0 -21.967588 394.326447 1.888662 -0.599157 0.000000 -0.800631 0.627901 0.885478 1 0 1.000000
  0 -6.587663 387.659729 -9.029982 -0.578883 0.000000 -0.815411 0.586718 0.871893 1 0 1.000000
  0 -21.967588 387.659729 1.888662 -0.599157 0.000000 -0.800631 0.627904 0.872860 1 0 1.000000
awning_04_old
  0 -6.587663 394.326447 -9.029982 -0.578883 0.000000 -0.815411 0.586714 0.886428 1 0 1.000000
  0 -6.587663 387.659729 -9.029982 -0.578883 0.000000 -0.815411 0.586718 0.871893 1 0 1.000000
  0 -21.967588 394.326447 1.888662 -0.599157 0.000000 -0.800631 0.627901 0.885478 1 0 1.000000
awning_04_old
  0 -6.656410 -347.111145 -7.414783 -0.907201 0.000000 0.420698 -0.429602 0.741999 1 0 1.000000
  0 -5.338822 -347.111145 -6.299652 -0.343981 0.000000 0.938977 -0.429602 0.738385 1 0 1.000000
  0 -6.656442 397.114624 -7.414751 -0.907201 0.000000 0.420698 1.599752 0.741999 1 0 1.000000
awning_04_old
  0 -6.656442 397.114624 -7.414751 -0.907201 0.000000 0.420698 1.599752 0.741999 1 0 1.000000
  0 -5.338822 -347.111145 -6.299652 -0.343981 0.000000 0.938977 -0.429602 0.738385 1 0 1.000000
  0 -5.338854 397.114624 -6.299620 -0.343981 0.000000 0.938977 1.599751 0.738385 1 0 1.000000
awning_04_old
  0 -5.338822 -347.111145 -6.299652 -0.343981 0.000000 0.938977 -0.429602 0.738385 1 0 1.000000
  0 -3.329102 -347.111145 -6.299774 0.367530 0.000000 0.930012 -0.429602 0.732872 1 0 1.000000
  0 -5.338854 397.114624 -6.299620 -0.343981 0.000000 0.938977 1.599751 0.738385 1 0 1.000000
awning_04_old
  0 -5.338854 397.114624 -6.299620 -0.343981 0.000000 0.938977 1.599751 0.738385 1 0 1.000000
  0 -3.329102 -347.111145 -6.299774 0.367530 0.000000 0.930012 -0.429602 0.732872 1 0 1.000000
  0 -3.329134 397.114624 -6.299742 0.367530 0.000000 0.930012 1.599751 0.732872 1 0 1.000000
awning_04_old
  0 -3.329102 -347.111145 -6.299774 0.367530 0.000000 0.930012 -0.429602 0.732872 1 0 1.000000
  0 -2.136200 -347.111145 -7.416980 0.917488 0.000000 0.397762 -0.429602 0.729600 1 0 1.000000
  0 -3.329134 397.114624 -6.299742 0.367530 0.000000 0.930012 1.599751 0.732872 1 0 1.000000
awning_04_old
  0 -3.329134 397.114624 -6.299742 0.367530 0.000000 0.930012 1.599751 0.732872 1 0 1.000000
  0 -2.136200 -347.111145 -7.416980 0.917488 0.000000 0.397762 -0.429602 0.729600 1 0 1.000000
  0 -2.136232 397.114624 -7.416948 0.917488 0.000000 0.397762 1.599751 0.729600 1 0 1.000000
awning_04_old
  0 -2.136200 -347.111145 -7.416980 0.917488 0.000000 0.397762 -0.429602 0.729600 1 0 1.000000
  0 -2.136232 397.114624 -14.543347 0.915539 0.000000 -0.402228 1.599751 0.710052 1 0 1.000000
  0 -2.136232 397.114624 -7.416948 0.917488 0.000000 0.397762 1.599751 0.729600 1 0 1.000000
awning_04_old
  0 -2.136200 -347.111145 -14.543380 0.915539 0.000000 -0.402228 -0.429602 0.710051 1 0 1.000000
  0 -2.136232 397.114624 -14.543347 0.915539 0.000000 -0.402228 1.599751 0.710052 1 0 1.000000
  0 -2.136200 -347.111145 -7.416980 0.917488 0.000000 0.397762 -0.429602 0.729600 1 0 1.000000
awning_04_old
  0 -2.136200 -347.111145 -14.543380 0.915539 0.000000 -0.402228 -0.429602 0.710051 1 0 1.000000
  0 -3.329134 397.114624 -15.638929 0.362966 0.000000 -0.931802 1.599751 0.706779 1 0 1.000000
  0 -2.136232 397.114624 -14.543347 0.915539 0.000000 -0.402228 1.599751 0.710052 1 0 1.000000
awning_04_old
  0 -3.329102 -347.111145 -15.638962 0.362966 0.000000 -0.931802 -0.429602 0.706779 1 0 1.000000
  0 -3.329134 397.114624 -15.638929 0.362966 0.000000 -0.931802 1.599751 0.706779 1 0 1.000000
  0 -2.136200 -347.111145 -14.543380 0.915539 0.000000 -0.402228 -0.429602 0.710051 1 0 1.000000
awning_04_old
  0 -3.329102 -347.111145 -15.638962 0.362966 0.000000 -0.931802 -0.429602 0.706779 1 0 1.000000
  0 -5.338854 397.114624 -15.638929 -0.337380 0.000000 -0.941368 1.599751 0.701266 1 0 1.000000
  0 -3.329134 397.114624 -15.638929 0.362966 0.000000 -0.931802 1.599751 0.706779 1 0 1.000000
awning_04_old
  0 -5.338822 -347.111145 -15.638962 -0.337380 0.000000 -0.941368 -0.429602 0.701266 1 0 1.000000
  0 -5.338854 397.114624 -15.638929 -0.337380 0.000000 -0.941368 1.599751 0.701266 1 0 1.000000
  0 -3.329102 -347.111145 -15.638962 0.362966 0.000000 -0.931802 -0.429602 0.706779 1 0 1.000000
awning_04_old
  0 -5.338822 -347.111145 -15.638962 -0.337380 0.000000 -0.941368 -0.429602 0.701266 1 0 1.000000
  0 -6.656442 397.114624 -14.555313 -0.904212 0.000000 -0.427084 1.599751 0.697652 1 0 1.000000
  0 -5.338854 397.114624 -15.638929 -0.337380 0.000000 -0.941368 1.599751 0.701266 1 0 1.000000
awning_04_old
  0 -6.656410 -347.111145 -14.555346 -0.904212 0.000000 -0.427084 -0.429602 0.697651 1 0 1.000000
  0 -6.656442 397.114624 -14.555313 -0.904212 0.000000 -0.427084 1.599751 0.697652 1 0 1.000000
  0 -5.338822 -347.111145 -15.638962 -0.337380 0.000000 -0.941368 -0.429602 0.701266 1 0 1.000000
awning_04_old
  0 -6.656442 397.114624 -14.555313 -0.904212 0.000000 -0.427084 1.599751 0.697652 1 0 1.000000
  0 -6.656410 -347.111145 -14.555346 -0.904212 0.000000 -0.427084 -0.429602 0.697651 1 0 1.000000
  0 -6.656442 397.114624 -7.414751 -0.907201 0.000000 0.420698 1.599751 0.678065 1 0 1.000000
awning_04_old
  0 -6.656442 397.114624 -7.414751 -0.907201 0.000000 0.420698 1.599751 0.678065 1 0 1.000000
  0 -6.656410 -347.111145 -14.555346 -0.904212 0.000000 -0.427084 -0.429602 0.697651 1 0 1.000000
  0 -6.656410 -347.111145 -7.414783 -0.907201 0.000000 0.420698 -0.429602 0.678064 1 0 1.000000
awning_04_old
  0 -61.968460 -342.991333 40.117611 0.638540 -0.000154 0.769589 1.597604 0.756431 1 0 1.000000
  0 -59.351120 -342.991333 38.092007 0.905135 -0.000085 0.425124 1.597604 0.763632 1 0 1.000000
  0 -61.968491 388.069153 40.409725 0.638540 -0.000154 0.769589 -0.430952 0.756430 1 0 1.000000
awning_04_old
  0 -61.968491 388.069153 40.409725 0.638540 -0.000154 0.769589 -0.430952 0.756430 1 0 1.000000
  0 -59.351120 -342.991333 38.092007 0.905135 -0.000085 0.425124 1.597604 0.763632 1 0 1.000000
  0 -59.351151 388.069153 38.092037 0.905135 -0.000085 0.425124 -0.430952 0.763631 1 0 1.000000
awning_04_old
  0 -59.351120 -342.991333 38.092007 0.905135 -0.000085 0.425124 1.597604 0.763632 1 0 1.000000
  0 -59.351151 388.069153 32.870045 1.000000 0.000000 0.000000 -0.430952 0.777997 1 0 1.000000
  0 -59.351151 388.069153 38.092037 0.905135 -0.000085 0.425124 -0.430952 0.763631 1 0 1.000000
awning_04_old
  0 -59.351120 -342.991333 32.870014 1.000000 0.000000 0.000000 1.597604 0.777998 1 0 1.000000
  0 -59.351151 388.069153 32.870045 1.000000 0.000000 0.000000 -0.430952 0.777997 1 0 1.000000
  0 -59.351120 -342.991333 38.092007 0.905135 -0.000085 0.425124 1.597604 0.763632 1 0 1.000000
awning_04_old
  0 -3.328729 394.326447 -6.444517 0.000002 1.000000 0.000000 0.588307 0.896533 1 0 1.000000
  0 -6.587663 394.326447 -9.029982 0.000002 1.000000 0.000000 0.586714 0.886428 1 0 1.000000
  0 -19.473585 394.326447 5.052477 0.000001 1.000000 0.000000 0.628464 0.896543 1 0 1.000000
awning_04_old
  0 -19.473585 394.326447 5.052477 0.000001 1.000000 0.000000 0.628464 0.896543 1 0 1.000000
  0 -6.587663 394.326447 -9.029982 0.000002 1.000000 0.000000 0.586714 0.886428 1 0 1.000000
  0 -21.967588 394.326447 1.888662 0.000001 1.000000 0.000000 0.627901 0.885478 1 0 1.000000
awning_04_old
  0 -45.339912 394.326447 20.312063 0.000000 1.000000 0.000000 0.691857 0.885459 1 0 1.000000
  0 -19.473585 394.326447 5.052477 0.000001 1.000000 0.000000 0.628464 0.896543 1 0 1.000000
  0 -21.967588 394.326447 1.888662 0.000001 1.000000 0.000000 0.627901 0.885478 1 0 1.000000
awning_04_old
  0 -43.102982 394.326447 23.574224 0.000000 1.000000 0.000000 0.688280 0.896542 1 0 1.000000
  0 -19.473585 394.326447 5.052477 0.000001 1.000000 0.000000 0.628464 0.896543 1 0 1.000000
  0 -45.339912 394.326447 20.312063 0.000000 1.000000 0.000000 0.691857 0.885459 1 0 1.000000
awning_04_old
  0 -61.810059 394.326447 34.592911 0.000000 1.000000 0.000000 0.737895 0.886458 1 0 1.000000
  0 -43.102982 394.326447 23.574224 0.000000 1.000000 0.000000 0.688280 0.896542 1 0 1.000000
  0 -45.339912 394.326447 20.312063 0.000000 1.000000 0.000000 0.691857 0.885459 1 0 1.000000
awning_04_old
  0 -61.980118 394.326447 40.445732 0.000000 1.000000 0.000000 0.737342 0.896524 1 0 1.000000
  0 -43.102982 394.326447 23.574224 0.000000 1.000000 0.000000 0.688280 0.896542 1 0 1.000000
  0 -61.810059 394.326447 34.592911 0.000000 1.000000 0.000000 0.737895 0.886458 1 0 1.000000
awning_04_old
  0 -3.329134 397.114624 -15.638929 -0.000002 1.000000 0.000000 0.733975 0.927488 1 0 1.000000
  0 -5.338854 397.114624 -15.638929 -0.000002 1.000000 0.000000 0.727855 0.927488 1 0 1.000000
  0 -2.136232 397.114624 -14.543347 -0.000001 1.000000 0.000000 0.737607 0.924151 1 0 1.000000
awning_04_old
  0 -2.136232 397.114624 -14.543347 -0.000001 1.000000 0.000000 0.737607 0.924151 1 0 1.000000
  0 -5.338854 397.114624 -15.638929 -0.000002 1.000000 0.000000 0.727855 0.927488 1 0 1.000000
  0 -6.656442 397.114624 -14.555313 -0.000001 1.000000 0.000000 0.723843 0.924188 1 0 1.000000
awning_04_old
  0 -6.656442 397.114624 -7.414751 0.000004 1.000000 0.000000 0.723843 0.902443 1 0 1.000000
  0 -2.136232 397.114624 -14.543347 -0.000001 1.000000 0.000000 0.737607 0.924151 1 0 1.000000
  0 -6.656442 397.114624 -14.555313 -0.000001 1.000000 0.000000 0.723843 0.924188 1 0 1.000000
awning_04_old
  0 -2.136232 397.114624 -7.416948 0.000004 1.000000 0.000000 0.737607 0.902451 1 0 1.000000
  0 -2.136232 397.114624 -14.543347 -0.000001 1.000000 0.000000 0.737607 0.924151 1 0 1.000000
  0 -6.656442 397.114624 -7.414751 0.000004 1.000000 0.000000 0.723843 0.902443 1 0 1.000000
awning_04_old
  0 -6.656442 397.114624 -7.414751 0.000004 1.000000 0.000000 0.723843 0.902443 1 0 1.000000
  0 -5.338854 397.114624 -6.299620 0.000008 1.000000 0.000000 0.727855 0.899048 1 0 1.000000
  0 -2.136232 397.114624 -7.416948 0.000004 1.000000 0.000000 0.737607 0.902451 1 0 1.000000
awning_04_old
  0 -2.136232 397.114624 -7.416948 0.000004 1.000000 0.000000 0.737607 0.902451 1 0 1.000000
  0 -5.338854 397.114624 -6.299620 0.000008 1.000000 0.000000 0.727855 0.899048 1 0 1.000000
  0 -3.329134 397.114624 -6.299742 0.000008 1.000000 0.000000 0.733975 0.899049 1 0 1.000000
awning_04_old
  0 -48.459343 203.767853 -14.694636 0.000000 -1.000000 0.000000 0.264055 0.887604 1 0 1.000000
  0 -43.254292 203.767853 -13.306624 0.000000 -1.000000 0.000000 0.247319 0.883141 1 0 1.000000
  0 -61.904652 203.767853 -12.786653 -0.000001 -1.000000 0.000000 0.307285 0.881470 1 0 1.000000
awning_04_old
  0 -52.415176 203.767853 -18.025867 -0.000002 -1.000000 0.000000 0.276774 0.898315 1 0 1.000000
  0 -48.459343 203.767853 -14.694636 0.000000 -1.000000 0.000000 0.264055 0.887604 1 0 1.000000
  0 -61.904652 203.767853 -12.786653 -0.000001 -1.000000 0.000000 0.307285 0.881470 1 0 1.000000
awning_04_old
  0 -54.774803 203.767853 -22.675714 -0.000002 -1.000000 0.000000 0.284361 0.913266 1 0 1.000000
  0 -52.415176 203.767853 -18.025867 -0.000002 -1.000000 0.000000 0.276774 0.898315 1 0 1.000000
  0 -61.904652 203.767853 -12.786653 -0.000001 -1.000000 0.000000 0.307285 0.881470 1 0 1.000000
awning_04_old
  0 -61.929878 203.767853 -27.552116 0.000000 -1.000000 0.000000 0.307367 0.928945 1 0 1.000000
  0 -54.774803 203.767853 -22.675714 -0.000002 -1.000000 0.000000 0.284361 0.913266 1 0 1.000000
  0 -61.904652 203.767853 -12.786653 -0.000001 -1.000000 0.000000 0.307285 0.881470 1 0 1.000000
awning_04_old
  0 -55.191208 203.767853 -27.552116 0.000000 -1.000000 0.000000 0.285700 0.928945 1 0 1.000000
  0 -54.774803 203.767853 -22.675714 -0.000002 -1.000000 0.000000 0.284361 0.913266 1 0 1.000000
  0 -61.929878 203.767853 -27.552116 0.000000 -1.000000 0.000000 0.307367 0.928945 1 0 1.000000
awning_04_old
  0 -61.929878 208.644257 -27.552116 0.000000 0.000000 -1.000000 0.232517 0.960493 1 0 1.000000
  0 -55.191208 208.644257 -27.552116 0.676357 0.000000 -0.736574 0.232517 0.939974 1 0 1.000000
  0 -61.929878 203.767853 -27.552116 0.000000 0.000000 -1.000000 0.247366 0.960493 1 0 1.000000
awning_04_old
  0 -61.929878 203.767853 -27.552116 0.000000 0.000000 -1.000000 0.247366 0.960493 1 0 1.000000
  0 -55.191208 208.644257 -27.552116 0.676357 0.000000 -0.736574 0.232517 0.939974 1 0 1.000000
  0 -55.191208 203.767853 -27.552116 0.676357 0.000000 -0.736574 0.247366 0.939974 1 0 1.000000
awning_04_old
  0 -55.191208 203.767853 -27.552116 0.676357 0.000000 -0.736574 0.247366 0.939974 1 0 1.000000
  0 -55.191208 208.644257 -27.552116 0.676357 0.000000 -0.736574 0.232517 0.939974 1 0 1.000000
  0 -54.774803 203.767853 -22.675714 0.961773 0.000000 -0.273849 0.247366 0.925124 1 0 1.000000
awning_04_old
  0 -54.774803 203.767853 -22.675714 0.961773 0.000000 -0.273849 0.247366 0.925124 1 0 1.000000
  0 -55.191208 208.644257 -27.552116 0.676357 0.000000 -0.736574 0.232517 0.939974 1 0 1.000000
  0 -54.774803 208.644257 -22.675714 0.961773 0.000000 -0.273849 0.232517 0.925124 1 0 1.000000
awning_04_old
  0 -54.774803 203.767853 -22.675714 0.961773 0.000000 -0.273849 0.247366 0.925124 1 0 1.000000
  0 -54.774803 208.644257 -22.675714 0.961773 0.000000 -0.273849 0.232517 0.925124 1 0 1.000000
  0 -52.415176 203.767853 -18.025867 0.783665 0.000000 -0.621184 0.247366 0.910965 1 0 1.000000
awning_04_old
  0 -52.415176 203.767853 -18.025867 0.783665 0.000000 -0.621184 0.247366 0.910965 1 0 1.000000
  0 -54.774803 208.644257 -22.675714 0.961773 0.000000 -0.273849 0.232517 0.925124 1 0 1.000000
  0 -52.415176 208.644257 -18.025867 0.783665 0.000000 -0.621184 0.232517 0.910965 1 0 1.000000
awning_04_old
  0 -52.415176 203.767853 -18.025867 0.783665 0.000000 -0.621184 0.247366 0.910965 1 0 1.000000
  0 -52.415176 208.644257 -18.025867 0.783665 0.000000 -0.621184 0.232517 0.910965 1 0 1.000000
  0 -48.459343 203.767853 -14.694636 0.461998 0.000000 -0.886881 0.247366 0.898919 1 0 1.000000
awning_04_old
  0 -48.459343 203.767853 -14.694636 0.461998 0.000000 -0.886881 0.247366 0.898919 1 0 1.000000
  0 -52.415176 208.644257 -18.025867 0.783665 0.000000 -0.621184 0.232517 0.910965 1 0 1.000000
  0 -48.459343 208.644257 -14.694635 0.322684 0.715649 -0.619452 0.232517 0.898919 1 0 1.000000
awning_04_old
  0 -48.459343 203.767853 -14.694636 0.461998 0.000000 -0.886881 0.247366 0.898919 1 0 1.000000
  0 -48.459343 208.644257 -14.694635 0.322684 0.715649 -0.619452 0.232517 0.898919 1 0 1.000000
  0 -43.254292 203.767853 -13.306624 0.257662 0.000000 -0.966235 0.247366 0.883069 1 0 1.000000
awning_04_old
  0 -43.254292 203.767853 -13.306624 0.257662 0.000000 -0.966235 0.247366 0.883069 1 0 1.000000
  0 -48.459343 208.644257 -14.694635 0.322684 0.715649 -0.619452 0.232517 0.898919 1 0 1.000000
  0 -43.254288 208.644287 -13.306622 0.182191 0.707102 -0.683237 0.232517 0.883069 1 0 1.000000
awning_04_old
  0 -60.157291 389.398987 33.373753 0.000002 -1.000000 0.000000 0.738402 0.989113 1 0 1.000000
  0 -60.157291 389.398987 -8.766619 0.000000 -1.000000 0.000000 0.742734 0.860864 1 0 1.000000
  0 -45.316566 389.398956 20.361784 0.000000 -1.000000 0.000000 0.784906 0.951038 1 0 1.000000
awning_04_old
  0 -45.316566 389.398956 20.361784 0.000000 -1.000000 0.000000 0.784906 0.951038 1 0 1.000000
  0 -60.157291 389.398987 -8.766619 0.000000 -1.000000 0.000000 0.742734 0.860864 1 0 1.000000
  0 -21.944326 389.398956 1.948919 -0.000001 -1.000000 -0.000001 0.857929 0.897403 1 0 1.000000
awning_04_old
  0 -21.944326 389.398956 1.948919 -0.000001 -1.000000 -0.000001 0.857929 0.897403 1 0 1.000000
  0 -60.157291 389.398987 -8.766619 0.000000 -1.000000 0.000000 0.742734 0.860864 1 0 1.000000
  0 -6.397730 389.398956 -8.984816 -0.000001 -1.000000 -0.000001 0.906367 0.865726 1 0 1.000000
awning_04_old
  0 -6.285471 389.398956 -10.463800 -0.000001 -1.000000 -0.000001 0.906860 0.861236 1 0 1.000000
  0 -6.397730 389.398956 -8.984816 -0.000001 -1.000000 -0.000001 0.906367 0.865726 1 0 1.000000
  0 -60.157291 389.398987 -8.766619 0.000000 -1.000000 0.000000 0.742734 0.860864 1 0 1.000000
awning_04_old
  0 -61.929871 24.576870 -27.552126 0.000000 0.000000 -1.000000 0.232517 0.960493 1 0 1.000000
  0 -55.191200 24.576870 -27.552126 0.676357 0.000000 -0.736574 0.232517 0.939974 1 0 1.000000
  0 -61.929871 19.700466 -27.552126 0.000000 0.000000 -1.000000 0.247366 0.960493 1 0 1.000000
awning_04_old
  0 -61.929871 19.700466 -27.552126 0.000000 0.000000 -1.000000 0.247366 0.960493 1 0 1.000000
  0 -55.191200 24.576870 -27.552126 0.676357 0.000000 -0.736574 0.232517 0.939974 1 0 1.000000
  0 -55.191200 19.700466 -27.552126 0.676357 0.000000 -0.736574 0.247366 0.939974 1 0 1.000000
awning_04_old
  0 -55.191200 19.700466 -27.552126 0.676357 0.000000 -0.736574 0.247366 0.939974 1 0 1.000000
  0 -55.191200 24.576870 -27.552126 0.676357 0.000000 -0.736574 0.232517 0.939974 1 0 1.000000
  0 -54.774796 19.700451 -22.675724 0.961773 0.000000 -0.273849 0.247366 0.925124 1 0 1.000000
awning_04_old
  0 -54.774796 19.700451 -22.675724 0.961773 0.000000 -0.273849 0.247366 0.925124 1 0 1.000000
  0 -55.191200 24.576870 -27.552126 0.676357 0.000000 -0.736574 0.232517 0.939974 1 0 1.000000
  0 -54.774796 24.576870 -22.675724 0.961773 0.000000 -0.273849 0.232517 0.925124 1 0 1.000000
awning_04_old
  0 -54.774796 19.700451 -22.675724 0.961773 0.000000 -0.273849 0.247366 0.925124 1 0 1.000000
  0 -54.774796 24.576870 -22.675724 0.961773 0.000000 -0.273849 0.232517 0.925124 1 0 1.000000
  0 -52.415169 19.700466 -18.025877 0.783665 0.000000 -0.621183 0.247366 0.910965 1 0 1.000000
awning_04_old
  0 -52.415169 19.700466 -18.025877 0.783665 0.000000 -0.621183 0.247366 0.910965 1 0 1.000000
  0 -54.774796 24.576870 -22.675724 0.961773 0.000000 -0.273849 0.232517 0.925124 1 0 1.000000
  0 -52.415169 24.576870 -18.025875 0.783665 0.000000 -0.621183 0.232517 0.910965 1 0 1.000000
awning_04_old
  0 -52.415169 19.700466 -18.025877 0.783665 0.000000 -0.621183 0.247366 0.910965 1 0 1.000000
  0 -52.415169 24.576870 -18.025875 0.783665 0.000000 -0.621183 0.232517 0.910965 1 0 1.000000
  0 -48.459335 19.700466 -14.694644 0.461999 0.000000 -0.886880 0.247366 0.898919 1 0 1.000000
awning_04_old
  0 -48.459335 19.700466 -14.694644 0.461999 0.000000 -0.886880 0.247366 0.898919 1 0 1.000000
  0 -52.415169 24.576870 -18.025875 0.783665 0.000000 -0.621183 0.232517 0.910965 1 0 1.000000
  0 -48.459335 24.576885 -14.694644 0.322685 0.715650 -0.619451 0.232517 0.898919 1 0 1.000000
awning_04_old
  0 -48.459335 19.700466 -14.694644 0.461999 0.000000 -0.886880 0.247366 0.898919 1 0 1.000000
  0 -48.459335 24.576885 -14.694644 0.322685 0.715650 -0.619451 0.232517 0.898919 1 0 1.000000
  0 -43.254284 19.700466 -13.306630 0.257663 0.000000 -0.966235 0.247366 0.883069 1 0 1.000000
awning_04_old
  0 -43.254284 19.700466 -13.306630 0.257663 0.000000 -0.966235 0.247366 0.883069 1 0 1.000000
  0 -48.459335 24.576885 -14.694644 0.322685 0.715650 -0.619451 0.232517 0.898919 1 0 1.000000
  0 -43.254280 24.576900 -13.306628 0.182194 0.707104 -0.683234 0.232517 0.883069 1 0 1.000000
awning_04_old
  0 -60.157291 392.455658 33.373753 0.000000 1.000000 0.000000 0.906507 0.868273 1 0 1.000000
  0 -45.316566 392.455658 20.361784 0.000000 1.000000 0.000000 0.860004 0.906347 1 0 1.000000
  0 -60.157291 392.455658 -8.766619 0.000000 1.000000 0.000000 0.902176 0.996522 1 0 1.000000
awning_04_old
  0 -45.316566 392.455658 20.361784 0.000000 1.000000 0.000000 0.860004 0.906347 1 0 1.000000
  0 -21.944326 392.455658 1.948919 -0.000001 1.000000 0.000000 0.786981 0.959982 1 0 1.000000
  0 -60.157291 392.455658 -8.766619 0.000000 1.000000 0.000000 0.902176 0.996522 1 0 1.000000
awning_04_old
  0 -21.944326 392.455658 1.948919 -0.000001 1.000000 0.000000 0.786981 0.959982 1 0 1.000000
  0 -6.397730 392.455658 -8.984816 -0.000001 1.000000 0.000000 0.738543 0.991660 1 0 1.000000
  0 -60.157291 392.455658 -8.766619 0.000000 1.000000 0.000000 0.902176 0.996522 1 0 1.000000
awning_04_old
  0 -6.285471 392.455658 -10.463800 -0.000001 1.000000 0.000000 0.738050 0.996150 1 0 1.000000
  0 -60.157291 392.455658 -8.766619 0.000000 1.000000 0.000000 0.902176 0.996522 1 0 1.000000
  0 -6.397730 392.455658 -8.984816 -0.000001 1.000000 0.000000 0.738543 0.991660 1 0 1.000000
end
