version 1
nodes
0 "blender_implicit" -1
1 "root" -1
2 "remote" 1
3 "back_l" 1
4 "back_r" 1
5 "frontrot_l" 1
6 "front_l" 5
7 "frontrot_r" 1
8 "front_r" 7
end
skeleton
time 0
0  0 0 0  0 0 0
1  0.000000 0.000000 0.000000  1.570796 -0.000000 0.000000
2  15.600002 30.900002 20.400002  0.000000 -0.000000 0.000000
3  15.600151 7.200000 -8.400000  0.000000 -0.000000 0.000000
4  -15.600151 7.200000 -8.400000  0.000000 -0.000000 0.000000
5  15.599999 7.800001 10.500002  0.000000 -0.000000 0.000000
6  -0.000006 -4.200001 -1.560001  0.000000 -0.000000 0.000000
7  -15.599999 7.800001 10.500002  0.000000 -0.000000 0.000000
8  0.000006 -4.200001 -1.560001  0.000000 -0.000000 0.000000
end
triangles
wheelchair.001
0  -9.000000 -7.200000 16.800001  -0.695918 -0.674116 0.247520  0.818642 0.195811 1 1 1.000000
0  -7.800000 10.800000 4.800000  -0.549510 0.549499 -0.629357  0.533319 0.004646 1 1 1.000000
0  -7.800000 -6.000000 4.800000  -0.549493 -0.549493 -0.629377  0.799621 0.004646 1 1 1.000000
wheelchair.001
0  -9.000000 12.000000 16.800001  -0.695916 0.674117 0.247520  0.826076 0.462838 1 1 1.000000
0  7.800000 10.800000 4.800000  0.549487 0.549504 -0.629372  0.559774 0.271673 1 1 1.000000
0  -7.800000 10.800000 4.800000  -0.549510 0.549499 -0.629357  0.807054 0.271673 1 1 1.000000
wheelchair.001
0  9.000000 12.000000 16.800001  0.695921 0.674113 0.247521  0.818642 0.195646 1 1 1.000000
0  7.800000 -6.000000 4.800000  0.549504 -0.549510 -0.629352  0.533319 0.004481 1 1 1.000000
0  7.800000 10.800000 4.800000  0.549487 0.549504 -0.629372  0.799621 0.004481 1 1 1.000000
wheelchair.001
0  7.800000 -6.000000 4.800000  0.549504 -0.549510 -0.629352  0.807054 0.271673 1 1 1.000000
0  -9.000000 -7.200000 16.800001  -0.695918 -0.674116 0.247520  0.540752 0.462838 1 1 1.000000
0  -7.800000 -6.000000 4.800000  -0.549493 -0.549493 -0.629377  0.559774 0.271673 1 1 1.000000
wheelchair.001
0  7.800000 10.800000 4.800000  0.549487 0.549504 -0.629372  0.499971 0.048810 1 1 1.000000
0  -7.800000 -6.000000 4.800000  -0.549493 -0.549493 -0.629377  0.317913 0.255725 1 1 1.000000
0  -7.800000 10.800000 4.800000  -0.549510 0.549499 -0.629357  0.317913 0.048810 1 1 1.000000
wheelchair.001
0  -9.000000 12.000000 16.800001  -0.695916 0.674117 0.247520  0.826076 0.462838 1 1 1.000000
0  7.200000 10.800000 19.200001  0.349707 0.433126 0.830727  0.569285 0.505371 1 1 1.000000
0  9.000000 12.000000 16.800001  0.695921 0.674113 0.247521  0.540752 0.462838 1 1 1.000000
wheelchair.001
0  -7.200000 10.800000 19.200001  -0.349702 0.433119 0.830733  0.317629 0.255403 1 1 1.000000
0  7.200000 -6.000000 19.200001  0.349693 -0.433124 0.830733  0.500419 0.048737 1 1 1.000000
0  7.200000 10.800000 19.200001  0.349707 0.433126 0.830727  0.500419 0.255403 1 1 1.000000
wheelchair.001
0  9.000000 12.000000 16.800001  0.695921 0.674113 0.247521  0.818642 0.195646 1 1 1.000000
0  7.200000 -6.000000 19.200001  0.349693 -0.433124 0.830733  0.533319 0.243200 1 1 1.000000
0  9.000000 -7.200000 16.800001  0.695920 -0.674113 0.247523  0.514297 0.195646 1 1 1.000000
wheelchair.001
0  -9.000000 12.000000 16.800001  -0.695916 0.674117 0.247520  0.514297 0.195811 1 1 1.000000
0  -7.200000 -6.000000 19.200001  -0.349697 -0.433132 0.830728  0.799621 0.243365 1 1 1.000000
0  -7.200000 10.800000 19.200001  -0.349702 0.433119 0.830733  0.533319 0.243365 1 1 1.000000
wheelchair.001
0  9.000000 -7.200000 16.800001  0.695920 -0.674113 0.247523  0.826076 0.462838 1 1 1.000000
0  -7.200000 -6.000000 19.200001  -0.349697 -0.433132 0.830728  0.569285 0.505371 1 1 1.000000
0  -9.000000 -7.200000 16.800001  -0.695918 -0.674116 0.247520  0.540752 0.462838 1 1 1.000000
wheelchair.001
0  -9.000000 -7.200000 16.800001  -0.695918 -0.674116 0.247520  0.818642 0.195811 1 1 1.000000
0  -9.000000 12.000000 16.800001  -0.695916 0.674117 0.247520  0.514297 0.195811 1 1 1.000000
0  -7.800000 10.800000 4.800000  -0.549510 0.549499 -0.629357  0.533319 0.004646 1 1 1.000000
wheelchair.001
0  -9.000000 12.000000 16.800001  -0.695916 0.674117 0.247520  0.826076 0.462838 1 1 1.000000
0  9.000000 12.000000 16.800001  0.695921 0.674113 0.247521  0.540752 0.462838 1 1 1.000000
0  7.800000 10.800000 4.800000  0.549487 0.549504 -0.629372  0.559774 0.271673 1 1 1.000000
wheelchair.001
0  9.000000 12.000000 16.800001  0.695921 0.674113 0.247521  0.818642 0.195646 1 1 1.000000
0  9.000000 -7.200000 16.800001  0.695920 -0.674113 0.247523  0.514297 0.195646 1 1 1.000000
0  7.800000 -6.000000 4.800000  0.549504 -0.549510 -0.629352  0.533319 0.004481 1 1 1.000000
wheelchair.001
0  7.800000 -6.000000 4.800000  0.549504 -0.549510 -0.629352  0.807054 0.271673 1 1 1.000000
0  9.000000 -7.200000 16.800001  0.695920 -0.674113 0.247523  0.826076 0.462838 1 1 1.000000
0  -9.000000 -7.200000 16.800001  -0.695918 -0.674116 0.247520  0.540752 0.462838 1 1 1.000000
wheelchair.001
0  7.800000 10.800000 4.800000  0.549487 0.549504 -0.629372  0.499971 0.048810 1 1 1.000000
0  7.800000 -6.000000 4.800000  0.549504 -0.549510 -0.629352  0.499971 0.255725 1 1 1.000000
0  -7.800000 -6.000000 4.800000  -0.549493 -0.549493 -0.629377  0.317913 0.255725 1 1 1.000000
wheelchair.001
0  -9.000000 12.000000 16.800001  -0.695916 0.674117 0.247520  0.826076 0.462838 1 1 1.000000
0  -7.200000 10.800000 19.200001  -0.349702 0.433119 0.830733  0.797544 0.505371 1 1 1.000000
0  7.200000 10.800000 19.200001  0.349707 0.433126 0.830727  0.569285 0.505371 1 1 1.000000
wheelchair.001
0  -7.200000 10.800000 19.200001  -0.349702 0.433119 0.830733  0.317629 0.255403 1 1 1.000000
0  -7.200000 -6.000000 19.200001  -0.349697 -0.433132 0.830728  0.317629 0.048737 1 1 1.000000
0  7.200000 -6.000000 19.200001  0.349693 -0.433124 0.830733  0.500419 0.048737 1 1 1.000000
wheelchair.001
0  9.000000 12.000000 16.800001  0.695921 0.674113 0.247521  0.818642 0.195646 1 1 1.000000
0  7.200000 10.800000 19.200001  0.349707 0.433126 0.830727  0.799621 0.243200 1 1 1.000000
0  7.200000 -6.000000 19.200001  0.349693 -0.433124 0.830733  0.533319 0.243200 1 1 1.000000
wheelchair.001
0  -9.000000 12.000000 16.800001  -0.695916 0.674117 0.247520  0.514297 0.195811 1 1 1.000000
0  -9.000000 -7.200000 16.800001  -0.695918 -0.674116 0.247520  0.818642 0.195811 1 1 1.000000
0  -7.200000 -6.000000 19.200001  -0.349697 -0.433132 0.830728  0.799621 0.243365 1 1 1.000000
wheelchair.001
0  9.000000 -7.200000 16.800001  0.695920 -0.674113 0.247523  0.826076 0.462838 1 1 1.000000
0  7.200000 -6.000000 19.200001  0.349693 -0.433124 0.830733  0.797544 0.505371 1 1 1.000000
0  -7.200000 -6.000000 19.200001  -0.349697 -0.433132 0.830728  0.569285 0.505371 1 1 1.000000
wheelchair.001
0  12.300001 -5.400000 9.798078  0.404408 -0.640375 0.652974  0.047938 0.607471 1 1 1.000000
0  13.732054 6.600000 8.146406  0.750298 0.616177 0.239539  0.087733 0.871471 1 1 1.000000
0  11.446412 6.600000 10.212437  0.172524 0.620996 0.764591  0.030884 0.871471 1 1 1.000000
wheelchair.001
0  13.812438 -5.400000 7.846406  0.773395 -0.619181 0.135923  0.093418 0.607471 1 1 1.000000
0  13.085640 6.599999 5.133973  0.585586 0.614040 -0.529192  0.144582 0.871471 1 1 1.000000
0  13.732054 6.600000 8.146406  0.750298 0.616177 0.239539  0.087733 0.871471 1 1 1.000000
wheelchair.001
0  12.866024 -5.400000 4.914359  0.529191 -0.614040 -0.585587  0.150267 0.607471 1 1 1.000000
0  10.153589 6.599999 4.187565  -0.171143 0.613081 -0.771260  0.190061 0.871471 1 1 1.000000
0  13.085640 6.599999 5.133973  0.585586 0.614040 -0.529192  0.144582 0.871471 1 1 1.000000
wheelchair.001
0  9.853590 -5.400000 4.267950  -0.279585 -0.610612 -0.740936  0.036569 0.607471 1 1 1.000000
0  7.784456 6.599999 6.391989  -0.758754 0.614163 -0.217018  0.090575 0.871471 1 1 1.000000
0  10.153589 6.599999 4.187565  -0.171143 0.613081 -0.771260  0.030884 0.871471 1 1 1.000000
wheelchair.001
0  7.784456 6.599999 6.391989  -0.758754 0.614163 -0.217018  0.090575 0.871471 1 1 1.000000
0  7.584290 -5.400000 7.431967  -0.795969 -0.603453 0.047724  0.108418 0.607471 1 1 1.000000
0  8.645300 6.600000 9.354701  -0.554494 0.624967 0.549502  0.147424 0.871471 1 1 1.000000
wheelchair.001
0  10.153589 -5.400000 10.212437  -0.238302 -0.623202 0.744870  0.178691 0.607471 1 1 1.000000
0  11.446412 6.600000 10.212437  0.172524 0.620996 0.764591  0.190061 0.871471 1 1 1.000000
0  8.645300 6.600000 9.354701  -0.554494 0.624967 0.549502  0.147424 0.871471 1 1 1.000000
wheelchair.001
0  9.853590 -5.400000 4.267950  -0.279585 -0.610612 -0.740936  0.183886 0.580726 1 1 1.000000
0  10.153589 -5.400000 10.212437  -0.238302 -0.623202 0.744870  0.023780 0.589306 1 1 1.000000
0  7.584290 -5.400000 7.431967  -0.795969 -0.603453 0.047724  0.099504 0.528819 1 1 1.000000
wheelchair.001
0  12.300001 -5.400000 9.798078  0.404408 -0.640375 0.652974  0.030677 0.563566 1 1 1.000000
0  9.853590 -5.400000 4.267950  -0.279585 -0.610612 -0.740936  0.183886 0.580726 1 1 1.000000
0  13.812438 -5.400000 7.846406  0.773395 -0.619181 0.135923  0.087823 0.525264 1 1 1.000000
wheelchair.001
0  10.153589 -5.400000 10.212437  -0.238302 -0.623202 0.744870  0.023780 0.589306 1 1 1.000000
0  9.853590 -5.400000 4.267950  -0.279585 -0.610612 -0.740936  0.183886 0.580726 1 1 1.000000
0  12.300001 -5.400000 9.798078  0.404408 -0.640375 0.652974  0.030677 0.563566 1 1 1.000000
wheelchair.001
0  13.812438 -5.400000 7.846406  0.773395 -0.619181 0.135923  0.087823 0.525264 1 1 1.000000
0  9.853590 -5.400000 4.267950  -0.279585 -0.610612 -0.740936  0.183886 0.580726 1 1 1.000000
0  12.866024 -5.400000 4.914359  0.529191 -0.614040 -0.585587  0.166726 0.551004 1 1 1.000000
wheelchair.001
0  10.153589 6.599999 4.187565  -0.171143 0.613081 -0.771260  0.186185 0.589306 1 1 1.000000
0  7.784456 6.599999 6.391989  -0.758754 0.614163 -0.217018  0.126432 0.526413 1 1 1.000000
0  8.645300 6.600000 9.354701  -0.554494 0.624967 0.549502  0.046380 0.547863 1 1 1.000000
wheelchair.001
0  11.446412 6.600000 10.212437  0.172524 0.620996 0.764591  0.023780 0.589306 1 1 1.000000
0  13.732054 6.600000 8.146406  0.750298 0.616177 0.239539  0.079243 0.527563 1 1 1.000000
0  10.153589 6.599999 4.187565  -0.171143 0.613081 -0.771260  0.186185 0.589306 1 1 1.000000
wheelchair.001
0  10.153589 6.599999 4.187565  -0.171143 0.613081 -0.771260  0.186185 0.589306 1 1 1.000000
0  8.645300 6.600000 9.354701  -0.554494 0.624967 0.549502  0.046380 0.547863 1 1 1.000000
0  11.446412 6.600000 10.212437  0.172524 0.620996 0.764591  0.023780 0.589306 1 1 1.000000
wheelchair.001
0  13.732054 6.600000 8.146406  0.750298 0.616177 0.239539  0.079243 0.527563 1 1 1.000000
0  13.085640 6.599999 5.133973  0.585586 0.614040 -0.529192  0.160445 0.544723 1 1 1.000000
0  10.153589 6.599999 4.187565  -0.171143 0.613081 -0.771260  0.186185 0.589306 1 1 1.000000
wheelchair.001
0  10.153589 -5.400000 10.212437  -0.238302 -0.623202 0.744870  0.023780 0.589306 1 1 1.000000
0  12.300001 -5.400000 9.798078  0.404408 -0.640375 0.652974  0.047938 0.607471 1 1 1.000000
0  11.446412 6.600000 10.212437  0.172524 0.620996 0.764591  0.030884 0.871471 1 1 1.000000
wheelchair.001
0  12.300001 -5.400000 9.798078  0.404408 -0.640375 0.652974  0.047938 0.607471 1 1 1.000000
0  13.812438 -5.400000 7.846406  0.773395 -0.619181 0.135923  0.093418 0.607471 1 1 1.000000
0  13.732054 6.600000 8.146406  0.750298 0.616177 0.239539  0.087733 0.871471 1 1 1.000000
wheelchair.001
0  13.812438 -5.400000 7.846406  0.773395 -0.619181 0.135923  0.093418 0.607471 1 1 1.000000
0  12.866024 -5.400000 4.914359  0.529191 -0.614040 -0.585587  0.150267 0.607471 1 1 1.000000
0  13.085640 6.599999 5.133973  0.585586 0.614040 -0.529192  0.144582 0.871471 1 1 1.000000
wheelchair.001
0  12.866024 -5.400000 4.914359  0.529191 -0.614040 -0.585587  0.150267 0.607471 1 1 1.000000
0  9.853590 -5.400000 4.267950  -0.279585 -0.610612 -0.740936  0.183886 0.580726 1 1 1.000000
0  10.153589 6.599999 4.187565  -0.171143 0.613081 -0.771260  0.190061 0.871471 1 1 1.000000
wheelchair.001
0  9.853590 -5.400000 4.267950  -0.279585 -0.610612 -0.740936  0.036569 0.607471 1 1 1.000000
0  7.584290 -5.400000 7.431967  -0.795969 -0.603453 0.047724  0.108418 0.607471 1 1 1.000000
0  7.784456 6.599999 6.391989  -0.758754 0.614163 -0.217018  0.090575 0.871471 1 1 1.000000
wheelchair.001
0  7.584290 -5.400000 7.431967  -0.795969 -0.603453 0.047724  0.108418 0.607471 1 1 1.000000
0  10.153589 -5.400000 10.212437  -0.238302 -0.623202 0.744870  0.178691 0.607471 1 1 1.000000
0  8.645300 6.600000 9.354701  -0.554494 0.624967 0.549502  0.147424 0.871471 1 1 1.000000
wheelchair.001
0  -12.300001 -5.400000 9.798078  -0.404408 -0.640375 0.652974  0.047938 0.607471 1 1 1.000000
0  -11.446412 6.600000 10.212437  -0.172524 0.620996 0.764591  0.030884 0.871471 1 1 1.000000
0  -13.732054 6.600000 8.146406  -0.750298 0.616177 0.239539  0.087733 0.871471 1 1 1.000000
wheelchair.001
0  -13.812438 -5.400000 7.846406  -0.773395 -0.619181 0.135923  0.093418 0.607471 1 1 1.000000
0  -13.732054 6.600000 8.146406  -0.750298 0.616177 0.239539  0.087733 0.871471 1 1 1.000000
0  -13.085640 6.599999 5.133973  -0.585586 0.614040 -0.529192  0.144582 0.871471 1 1 1.000000
wheelchair.001
0  -12.866024 -5.400000 4.914359  -0.529191 -0.614040 -0.585587  0.150267 0.607471 1 1 1.000000
0  -13.085640 6.599999 5.133973  -0.585586 0.614040 -0.529192  0.144582 0.871471 1 1 1.000000
0  -10.153589 6.599999 4.187565  0.171143 0.613081 -0.771260  0.190061 0.871471 1 1 1.000000
wheelchair.001
0  -9.853590 -5.400000 4.267950  0.279585 -0.610612 -0.740936  0.036569 0.607471 1 1 1.000000
0  -10.153589 6.599999 4.187565  0.171143 0.613081 -0.771260  0.030884 0.871471 1 1 1.000000
0  -7.784456 6.599999 6.391989  0.758754 0.614163 -0.217018  0.090575 0.871471 1 1 1.000000
wheelchair.001
0  -7.784456 6.599999 6.391989  0.758754 0.614163 -0.217018  0.090575 0.871471 1 1 1.000000
0  -8.645300 6.600000 9.354701  0.554494 0.624967 0.549502  0.147424 0.871471 1 1 1.000000
0  -7.584290 -5.400000 7.431967  0.795969 -0.603453 0.047724  0.108418 0.607471 1 1 1.000000
wheelchair.001
0  -10.153589 -5.400000 10.212437  0.238302 -0.623202 0.744870  0.178691 0.607471 1 1 1.000000
0  -8.645300 6.600000 9.354701  0.554494 0.624967 0.549502  0.147424 0.871471 1 1 1.000000
0  -11.446412 6.600000 10.212437  -0.172524 0.620996 0.764591  0.190061 0.871471 1 1 1.000000
wheelchair.001
0  -9.853590 -5.400000 4.267950  0.279585 -0.610612 -0.740936  0.183886 0.580726 1 1 1.000000
0  -7.584290 -5.400000 7.431967  0.795969 -0.603453 0.047724  0.099504 0.528819 1 1 1.000000
0  -10.153589 -5.400000 10.212437  0.238302 -0.623202 0.744870  0.023780 0.589306 1 1 1.000000
wheelchair.001
0  -12.300001 -5.400000 9.798078  -0.404408 -0.640375 0.652974  0.030677 0.563566 1 1 1.000000
0  -13.812438 -5.400000 7.846406  -0.773395 -0.619181 0.135923  0.087823 0.525264 1 1 1.000000
0  -9.853590 -5.400000 4.267950  0.279585 -0.610612 -0.740936  0.183886 0.580726 1 1 1.000000
wheelchair.001
0  -10.153589 -5.400000 10.212437  0.238302 -0.623202 0.744870  0.023780 0.589306 1 1 1.000000
0  -12.300001 -5.400000 9.798078  -0.404408 -0.640375 0.652974  0.030677 0.563566 1 1 1.000000
0  -9.853590 -5.400000 4.267950  0.279585 -0.610612 -0.740936  0.183886 0.580726 1 1 1.000000
wheelchair.001
0  -13.812438 -5.400000 7.846406  -0.773395 -0.619181 0.135923  0.087823 0.525264 1 1 1.000000
0  -12.866024 -5.400000 4.914359  -0.529191 -0.614040 -0.585587  0.166726 0.551004 1 1 1.000000
0  -9.853590 -5.400000 4.267950  0.279585 -0.610612 -0.740936  0.183886 0.580726 1 1 1.000000
wheelchair.001
0  -10.153589 6.599999 4.187565  0.171143 0.613081 -0.771260  0.186185 0.589306 1 1 1.000000
0  -8.645300 6.600000 9.354701  0.554494 0.624967 0.549502  0.046380 0.547863 1 1 1.000000
0  -7.784456 6.599999 6.391989  0.758754 0.614163 -0.217018  0.126432 0.526413 1 1 1.000000
wheelchair.001
0  -11.446412 6.600000 10.212437  -0.172524 0.620996 0.764591  0.023780 0.589306 1 1 1.000000
0  -10.153589 6.599999 4.187565  0.171143 0.613081 -0.771260  0.186185 0.589306 1 1 1.000000
0  -13.732054 6.600000 8.146406  -0.750298 0.616177 0.239539  0.079243 0.527563 1 1 1.000000
wheelchair.001
0  -10.153589 6.599999 4.187565  0.171143 0.613081 -0.771260  0.186185 0.589306 1 1 1.000000
0  -11.446412 6.600000 10.212437  -0.172524 0.620996 0.764591  0.023780 0.589306 1 1 1.000000
0  -8.645300 6.600000 9.354701  0.554494 0.624967 0.549502  0.046380 0.547863 1 1 1.000000
wheelchair.001
0  -13.732054 6.600000 8.146406  -0.750298 0.616177 0.239539  0.079243 0.527563 1 1 1.000000
0  -10.153589 6.599999 4.187565  0.171143 0.613081 -0.771260  0.186185 0.589306 1 1 1.000000
0  -13.085640 6.599999 5.133973  -0.585586 0.614040 -0.529192  0.160445 0.544723 1 1 1.000000
wheelchair.001
0  -10.153589 -5.400000 10.212437  0.238302 -0.623202 0.744870  0.023780 0.589306 1 1 1.000000
0  -11.446412 6.600000 10.212437  -0.172524 0.620996 0.764591  0.030884 0.871471 1 1 1.000000
0  -12.300001 -5.400000 9.798078  -0.404408 -0.640375 0.652974  0.047938 0.607471 1 1 1.000000
wheelchair.001
0  -12.300001 -5.400000 9.798078  -0.404408 -0.640375 0.652974  0.047938 0.607471 1 1 1.000000
0  -13.732054 6.600000 8.146406  -0.750298 0.616177 0.239539  0.087733 0.871471 1 1 1.000000
0  -13.812438 -5.400000 7.846406  -0.773395 -0.619181 0.135923  0.093418 0.607471 1 1 1.000000
wheelchair.001
0  -13.812438 -5.400000 7.846406  -0.773395 -0.619181 0.135923  0.093418 0.607471 1 1 1.000000
0  -13.085640 6.599999 5.133973  -0.585586 0.614040 -0.529192  0.144582 0.871471 1 1 1.000000
0  -12.866024 -5.400000 4.914359  -0.529191 -0.614040 -0.585587  0.150267 0.607471 1 1 1.000000
wheelchair.001
0  -12.866024 -5.400000 4.914359  -0.529191 -0.614040 -0.585587  0.150267 0.607471 1 1 1.000000
0  -10.153589 6.599999 4.187565  0.171143 0.613081 -0.771260  0.190061 0.871471 1 1 1.000000
0  -9.853590 -5.400000 4.267950  0.279585 -0.610612 -0.740936  0.183886 0.580726 1 1 1.000000
wheelchair.001
0  -9.853590 -5.400000 4.267950  0.279585 -0.610612 -0.740936  0.036569 0.607471 1 1 1.000000
0  -7.784456 6.599999 6.391989  0.758754 0.614163 -0.217018  0.090575 0.871471 1 1 1.000000
0  -7.584290 -5.400000 7.431967  0.795969 -0.603453 0.047724  0.108418 0.607471 1 1 1.000000
wheelchair.001
0  -7.584290 -5.400000 7.431967  0.795969 -0.603453 0.047724  0.108418 0.607471 1 1 1.000000
0  -8.645300 6.600000 9.354701  0.554494 0.624967 0.549502  0.147424 0.871471 1 1 1.000000
0  -10.153589 -5.400000 10.212437  0.238302 -0.623202 0.744870  0.178691 0.607471 1 1 1.000000
wheelchair.001
0  16.896152 9.821558 6.379262  0.612898 0.679526 -0.403238  0.499488 0.035045 1 3 1.000000
0  14.304152 9.544387 6.055616  -0.025427 0.695906 -0.717683  0.489812 0.002847 1 3 1.000000
0  14.304152 9.919975 7.690623  -0.041400 0.956088 0.290141  0.519812 0.002847 1 3 1.000000
wheelchair.001
0  14.304152 9.544387 6.055616  -0.025427 0.695906 -0.717683  0.489812 0.002847 1 3 1.000000
0  16.896152 7.981127 5.636743  0.609728 -0.182473 -0.771321  0.449812 0.035045 1 3 1.000000
0  14.304152 7.991152 5.674154  -0.014941 -0.251811 -0.967661  0.449812 0.002847 1 3 1.000000
wheelchair.001
0  16.896152 7.981127 5.636743  0.609728 -0.182473 -0.771321  0.449812 0.035045 1 3 1.000000
0  14.304152 6.880026 6.709381  -0.014826 -0.954085 -0.299170  0.411812 0.002847 1 3 1.000000
0  14.304152 7.991152 5.674154  -0.014941 -0.251811 -0.967661  0.449812 0.002847 1 3 1.000000
wheelchair.001
0  16.896152 6.838354 6.864901  0.615509 -0.775711 -0.139358  0.519812 0.035045 1 3 1.000000
0  14.304152 7.255614 8.344383  -0.036541 -0.728989 0.683549  0.489812 0.002847 1 3 1.000000
0  14.304152 6.880026 6.709381  -0.014826 -0.954085 -0.299170  0.519812 0.002847 1 3 1.000000
wheelchair.001
0  14.304152 7.255614 8.344383  -0.036541 -0.728989 0.683549  0.489812 0.002847 1 3 1.000000
0  16.896152 7.670630 8.703813  0.611199 -0.354305 0.707746  0.477257 0.035045 1 3 1.000000
0  14.304152 8.808848 8.725847  -0.046235 0.256600 0.965411  0.449812 0.002847 1 3 1.000000
wheelchair.001
0  16.896152 9.821558 6.379262  0.612898 0.679526 -0.403238  0.045010 0.429487 1 3 1.000000
0  16.896152 9.584878 8.271029  0.624838 0.578682 0.524122  0.054196 0.432769 1 3 1.000000
0  16.896152 6.838354 6.864901  0.615509 -0.775711 -0.139358  0.031875 0.516070 1 3 1.000000
wheelchair.001
0  16.896152 9.584878 8.271029  0.624838 0.578682 0.524122  0.427812 0.035045 1 3 1.000000
0  14.304152 9.919975 7.690623  -0.041400 0.956088 0.290141  0.411812 0.002847 1 3 1.000000
0  14.304152 8.808848 8.725847  -0.046235 0.256600 0.965411  0.449812 0.002847 1 3 1.000000
wheelchair.001
0  16.896152 9.584878 8.271029  0.624838 0.578682 0.524122  0.054196 0.432769 1 3 1.000000
0  16.896152 7.670630 8.703813  0.611199 -0.354305 0.707746  0.062658 0.488609 1 3 1.000000
0  16.896152 6.838354 6.864901  0.615509 -0.775711 -0.139358  0.031875 0.516070 1 3 1.000000
wheelchair.001
0  16.896152 7.981127 5.636743  0.609728 -0.182473 -0.771321  0.068526 0.481250 1 3 1.000000
0  16.896152 9.821558 6.379262  0.612898 0.679526 -0.403238  0.045010 0.429487 1 3 1.000000
0  16.896152 6.838354 6.864901  0.615509 -0.775711 -0.139358  0.031875 0.516070 1 3 1.000000
wheelchair.001
0  14.304152 9.544387 6.055616  -0.025427 0.695906 -0.717683  0.489812 0.002847 1 3 1.000000
0  16.896152 9.821558 6.379262  0.612898 0.679526 -0.403238  0.499488 0.035045 1 3 1.000000
0  16.896152 7.981127 5.636743  0.609728 -0.182473 -0.771321  0.449812 0.035045 1 3 1.000000
wheelchair.001
0  16.896152 7.981127 5.636743  0.609728 -0.182473 -0.771321  0.449812 0.035045 1 3 1.000000
0  16.896152 6.838354 6.864901  0.615509 -0.775711 -0.139358  0.407812 0.035045 1 3 1.000000
0  14.304152 6.880026 6.709381  -0.014826 -0.954085 -0.299170  0.411812 0.002847 1 3 1.000000
wheelchair.001
0  16.896152 6.838354 6.864901  0.615509 -0.775711 -0.139358  0.519812 0.035045 1 3 1.000000
0  16.896152 7.670630 8.703813  0.611199 -0.354305 0.707746  0.477257 0.035045 1 3 1.000000
0  14.304152 7.255614 8.344383  -0.036541 -0.728989 0.683549  0.489812 0.002847 1 3 1.000000
wheelchair.001
0  16.896152 7.670630 8.703813  0.611199 -0.354305 0.707746  0.477257 0.035045 1 3 1.000000
0  16.896152 9.584878 8.271029  0.624838 0.578682 0.524122  0.427812 0.035045 1 3 1.000000
0  14.304152 8.808848 8.725847  -0.046235 0.256600 0.965411  0.449812 0.002847 1 3 1.000000
wheelchair.001
0  16.896152 9.584878 8.271029  0.624838 0.578682 0.524122  0.427812 0.035045 1 3 1.000000
0  16.896152 9.821558 6.379262  0.612898 0.679526 -0.403238  0.399812 0.035045 1 3 1.000000
0  14.304152 9.919975 7.690623  -0.041400 0.956088 0.290141  0.411812 0.002847 1 3 1.000000
wheelchair.001
0  -16.896152 9.821558 6.379262  -0.612898 0.679526 -0.403238  0.499488 0.035045 2 3 0.500000 4 0.500000
0  -14.304152 9.919975 7.690623  0.041400 0.956088 0.290141  0.519812 0.002847 2 3 0.500000 4 0.500000
0  -14.304152 9.544387 6.055616  0.025427 0.695906 -0.717683  0.489812 0.002847 2 3 0.500000 4 0.500000
wheelchair.001
0  -14.304152 9.544387 6.055616  0.025427 0.695906 -0.717683  0.489812 0.002847 2 3 0.500000 4 0.500000
0  -14.304152 7.991152 5.674154  0.014941 -0.251811 -0.967661  0.449812 0.002847 2 3 0.500000 4 0.500000
0  -16.896152 7.981127 5.636743  -0.609727 -0.182473 -0.771321  0.449812 0.035045 2 3 0.500000 4 0.500000
wheelchair.001
0  -16.896152 7.981127 5.636743  -0.609727 -0.182473 -0.771321  0.449812 0.035045 2 3 0.500000 4 0.500000
0  -14.304152 7.991152 5.674154  0.014941 -0.251811 -0.967661  0.449812 0.002847 2 3 0.500000 4 0.500000
0  -14.304152 6.880026 6.709381  0.014826 -0.954085 -0.299170  0.411812 0.002847 2 3 0.500000 4 0.500000
wheelchair.001
0  -16.896152 6.838354 6.864901  -0.615509 -0.775711 -0.139358  0.519812 0.035045 2 3 0.500000 4 0.500000
0  -14.304152 6.880026 6.709381  0.014826 -0.954085 -0.299170  0.519812 0.002847 2 3 0.500000 4 0.500000
0  -14.304152 7.255614 8.344383  0.036541 -0.728989 0.683549  0.489812 0.002847 2 3 0.500000 4 0.500000
wheelchair.001
0  -14.304152 7.255614 8.344383  0.036541 -0.728989 0.683549  0.489812 0.002847 2 3 0.500000 4 0.500000
0  -14.304152 8.808848 8.725847  0.046235 0.256600 0.965411  0.449812 0.002847 2 3 0.500000 4 0.500000
0  -16.896152 7.670630 8.703813  -0.611199 -0.354305 0.707746  0.477257 0.035045 2 3 0.500000 4 0.500000
wheelchair.001
0  -16.896152 9.821558 6.379262  -0.612898 0.679526 -0.403238  0.045010 0.429487 2 3 0.500000 4 0.500000
0  -16.896152 6.838354 6.864901  -0.615509 -0.775711 -0.139358  0.031875 0.516070 2 3 0.500000 4 0.500000
0  -16.896152 9.584878 8.271029  -0.624838 0.578682 0.524122  0.054196 0.432769 2 3 0.500000 4 0.500000
wheelchair.001
0  -16.896152 9.584878 8.271029  -0.624838 0.578682 0.524122  0.427812 0.035045 2 3 0.500000 4 0.500000
0  -14.304152 8.808848 8.725847  0.046235 0.256600 0.965411  0.449812 0.002847 2 3 0.500000 4 0.500000
0  -14.304152 9.919975 7.690623  0.041400 0.956088 0.290141  0.411812 0.002847 2 3 0.500000 4 0.500000
wheelchair.001
0  -16.896152 9.584878 8.271029  -0.624838 0.578682 0.524122  0.054196 0.432769 2 3 0.500000 4 0.500000
0  -16.896152 6.838354 6.864901  -0.615509 -0.775711 -0.139358  0.031875 0.516070 2 3 0.500000 4 0.500000
0  -16.896152 7.670630 8.703813  -0.611199 -0.354305 0.707746  0.062658 0.488609 2 3 0.500000 4 0.500000
wheelchair.001
0  -16.896152 7.981127 5.636743  -0.609727 -0.182473 -0.771321  0.068526 0.481250 2 3 0.500000 4 0.500000
0  -16.896152 6.838354 6.864901  -0.615509 -0.775711 -0.139358  0.031875 0.516070 2 3 0.500000 4 0.500000
0  -16.896152 9.821558 6.379262  -0.612898 0.679526 -0.403238  0.045010 0.429487 2 3 0.500000 4 0.500000
wheelchair.001
0  -14.304152 9.544387 6.055616  0.025427 0.695906 -0.717683  0.489812 0.002847 2 3 0.500000 4 0.500000
0  -16.896152 7.981127 5.636743  -0.609727 -0.182473 -0.771321  0.449812 0.035045 2 3 0.500000 4 0.500000
0  -16.896152 9.821558 6.379262  -0.612898 0.679526 -0.403238  0.499488 0.035045 2 3 0.500000 4 0.500000
wheelchair.001
0  -16.896152 7.981127 5.636743  -0.609727 -0.182473 -0.771321  0.449812 0.035045 2 3 0.500000 4 0.500000
0  -14.304152 6.880026 6.709381  0.014826 -0.954085 -0.299170  0.411812 0.002847 2 3 0.500000 4 0.500000
0  -16.896152 6.838354 6.864901  -0.615509 -0.775711 -0.139358  0.407812 0.035045 2 3 0.500000 4 0.500000
wheelchair.001
0  -16.896152 6.838354 6.864901  -0.615509 -0.775711 -0.139358  0.519812 0.035045 2 3 0.500000 4 0.500000
0  -14.304152 7.255614 8.344383  0.036541 -0.728989 0.683549  0.489812 0.002847 2 3 0.500000 4 0.500000
0  -16.896152 7.670630 8.703813  -0.611199 -0.354305 0.707746  0.477257 0.035045 2 3 0.500000 4 0.500000
wheelchair.001
0  -16.896152 7.670630 8.703813  -0.611199 -0.354305 0.707746  0.477257 0.035045 2 3 0.500000 4 0.500000
0  -14.304152 8.808848 8.725847  0.046235 0.256600 0.965411  0.449812 0.002847 2 3 0.500000 4 0.500000
0  -16.896152 9.584878 8.271029  -0.624838 0.578682 0.524122  0.427812 0.035045 2 3 0.500000 4 0.500000
wheelchair.001
0  -16.896152 9.584878 8.271029  -0.624838 0.578682 0.524122  0.427812 0.035045 2 3 0.500000 4 0.500000
0  -14.304152 9.919975 7.690623  0.041400 0.956088 0.290141  0.411812 0.002847 2 3 0.500000 4 0.500000
0  -16.896152 9.821558 6.379262  -0.612898 0.679526 -0.403238  0.399812 0.035045 2 3 0.500000 4 0.500000
wheelchair.001
0  9.600000 10.200001 9.000000  -0.584177 0.635189 0.505244  0.195365 0.981445 1 1 1.000000
0  14.400001 10.002440 5.165855  0.612944 0.642353 -0.460089  0.090185 0.899353 1 1 1.000000
0  9.600000 9.938711 5.187099  -0.623716 0.672324 -0.398696  0.195365 0.899167 1 1 1.000000
wheelchair.001
0  14.400001 6.600000 9.000000  0.587591 -0.645992 0.487269  0.090185 0.981445 1 1 1.000000
0  9.600000 6.797562 5.165854  -0.616949 -0.695924 -0.367510  0.195365 0.899353 1 1 1.000000
0  14.400001 7.322409 4.482944  0.608870 -0.441359 -0.659150  0.090185 0.889541 1 1 1.000000
wheelchair.001
0  14.400001 7.322409 4.482944  0.608870 -0.441359 -0.659150  0.090185 0.889541 1 1 1.000000
0  9.600000 6.797562 5.165854  -0.616949 -0.695924 -0.367510  0.195365 0.899353 1 1 1.000000
0  9.600000 8.400001 4.200000  -0.608109 0.025572 -0.793442  0.195365 0.876264 1 1 1.000000
wheelchair.001
0  9.600000 7.015386 9.369230  -0.594344 -0.513425 0.618991  0.195365 0.984984 1 1 1.000000
0  14.400001 6.600000 9.000000  0.587591 -0.645992 0.487269  0.090185 0.981445 1 1 1.000000
0  14.400001 9.784616 9.369230  0.594364 0.513415 0.618980  0.090185 0.984984 1 1 1.000000
wheelchair.001
0  14.400001 10.002440 5.165855  0.612944 0.642353 -0.460089  0.090185 0.899353 1 1 1.000000
0  9.600000 8.400001 4.200000  -0.608109 0.025572 -0.793442  0.195365 0.876264 1 1 1.000000
0  9.600000 9.938711 5.187099  -0.623716 0.672324 -0.398696  0.195365 0.899167 1 1 1.000000
wheelchair.001
0  9.600000 10.200001 9.000000  -0.584177 0.635189 0.505244  0.080060 0.984167 1 1 1.000000
0  9.600000 9.938711 5.187099  -0.623716 0.672324 -0.398696  0.071673 0.900726 1 1 1.000000
0  9.600000 8.400001 4.200000  -0.608109 0.025572 -0.793442  0.040060 0.877500 1 1 1.000000
wheelchair.001
0  9.600000 10.200001 9.000000  -0.584177 0.635189 0.505244  0.195365 0.981445 1 1 1.000000
0  14.400001 9.784616 9.369230  0.594364 0.513415 0.618980  0.090185 0.984984 1 1 1.000000
0  14.400001 10.002440 5.165855  0.612944 0.642353 -0.460089  0.090185 0.899353 1 1 1.000000
wheelchair.001
0  14.400001 9.784616 9.369230  0.594364 0.513415 0.618980  0.069291 0.987756 1 1 1.000000
0  14.400001 7.322409 4.482944  0.608870 -0.441359 -0.659150  0.058387 0.890964 1 1 1.000000
0  14.400001 10.002440 5.165855  0.612944 0.642353 -0.460089  0.071767 0.900915 1 1 1.000000
wheelchair.001
0  14.400001 6.600000 9.000000  0.587591 -0.645992 0.487269  0.090185 0.981445 1 1 1.000000
0  9.600000 7.015386 9.369230  -0.594344 -0.513425 0.618991  0.195365 0.984984 1 1 1.000000
0  9.600000 6.797562 5.165854  -0.616949 -0.695924 -0.367510  0.195365 0.899353 1 1 1.000000
wheelchair.001
0  9.600000 10.200001 9.000000  -0.584177 0.635189 0.505244  0.195365 0.981445 1 1 1.000000
0  9.600000 7.015386 9.369230  -0.594344 -0.513425 0.618991  0.195365 0.984984 1 1 1.000000
0  14.400001 9.784616 9.369230  0.594364 0.513415 0.618980  0.090185 0.984984 1 1 1.000000
wheelchair.001
0  14.400001 10.002440 5.165855  0.612944 0.642353 -0.460089  0.090185 0.899353 1 1 1.000000
0  14.400001 7.322409 4.482944  0.608870 -0.441359 -0.659150  0.090185 0.889541 1 1 1.000000
0  9.600000 8.400001 4.200000  -0.608109 0.025572 -0.793442  0.195365 0.876264 1 1 1.000000
wheelchair.001
0  9.600000 8.400001 4.200000  -0.608109 0.025572 -0.793442  0.040060 0.877500 1 1 1.000000
0  9.600000 7.015386 9.369230  -0.594344 -0.513425 0.618991  0.069291 0.987756 1 1 1.000000
0  9.600000 10.200001 9.000000  -0.584177 0.635189 0.505244  0.080060 0.984167 1 1 1.000000
wheelchair.001
0  9.600000 7.015386 9.369230  -0.594344 -0.513425 0.618991  0.069291 0.987756 1 1 1.000000
0  9.600000 8.400001 4.200000  -0.608109 0.025572 -0.793442  0.040060 0.877500 1 1 1.000000
0  9.600000 6.797562 5.165854  -0.616949 -0.695924 -0.367510  0.071767 0.900915 1 1 1.000000
wheelchair.001
0  14.400001 6.600000 9.000000  0.587591 -0.645992 0.487269  0.080060 0.984167 1 1 1.000000
0  14.400001 7.322409 4.482944  0.608870 -0.441359 -0.659150  0.058387 0.890964 1 1 1.000000
0  14.400001 9.784616 9.369230  0.594364 0.513415 0.618980  0.069291 0.987756 1 1 1.000000
wheelchair.001
0  -9.600000 10.200001 9.000000  0.584177 0.635189 0.505244  0.195365 0.981445 1 1 1.000000
0  -9.600000 9.938711 5.187099  0.623716 0.672324 -0.398696  0.195365 0.899167 1 1 1.000000
0  -14.400001 10.002440 5.165855  -0.612944 0.642353 -0.460089  0.090185 0.899353 1 1 1.000000
wheelchair.001
0  -14.400001 6.600000 9.000000  -0.587591 -0.645992 0.487269  0.090185 0.981445 1 1 1.000000
0  -14.400001 7.322409 4.482944  -0.608870 -0.441359 -0.659150  0.090185 0.889541 1 1 1.000000
0  -9.600000 6.797562 5.165854  0.616949 -0.695924 -0.367510  0.195365 0.899353 1 1 1.000000
wheelchair.001
0  -14.400001 7.322409 4.482944  -0.608870 -0.441359 -0.659150  0.090185 0.889541 1 1 1.000000
0  -9.600000 8.400001 4.200000  0.608109 0.025572 -0.793442  0.195365 0.876264 1 1 1.000000
0  -9.600000 6.797562 5.165854  0.616949 -0.695924 -0.367510  0.195365 0.899353 1 1 1.000000
wheelchair.001
0  -9.600000 7.015386 9.369230  0.594344 -0.513425 0.618991  0.195365 0.984984 1 1 1.000000
0  -14.400001 9.784616 9.369230  -0.594364 0.513415 0.618980  0.090185 0.984984 1 1 1.000000
0  -14.400001 6.600000 9.000000  -0.587591 -0.645992 0.487269  0.090185 0.981445 1 1 1.000000
wheelchair.001
0  -14.400001 10.002440 5.165855  -0.612944 0.642353 -0.460089  0.090185 0.899353 1 1 1.000000
0  -9.600000 9.938711 5.187099  0.623716 0.672324 -0.398696  0.195365 0.899167 1 1 1.000000
0  -9.600000 8.400001 4.200000  0.608109 0.025572 -0.793442  0.195365 0.876264 1 1 1.000000
wheelchair.001
0  -9.600000 10.200001 9.000000  0.584177 0.635189 0.505244  0.080060 0.984167 1 1 1.000000
0  -9.600000 8.400001 4.200000  0.608109 0.025572 -0.793442  0.040060 0.877500 1 1 1.000000
0  -9.600000 9.938711 5.187099  0.623716 0.672324 -0.398696  0.071673 0.900726 1 1 1.000000
wheelchair.001
0  -9.600000 10.200001 9.000000  0.584177 0.635189 0.505244  0.195365 0.981445 1 1 1.000000
0  -14.400001 10.002440 5.165855  -0.612944 0.642353 -0.460089  0.090185 0.899353 1 1 1.000000
0  -14.400001 9.784616 9.369230  -0.594364 0.513415 0.618980  0.090185 0.984984 1 1 1.000000
wheelchair.001
0  -14.400001 9.784616 9.369230  -0.594364 0.513415 0.618980  0.069291 0.987756 1 1 1.000000
0  -14.400001 10.002440 5.165855  -0.612944 0.642353 -0.460089  0.071767 0.900915 1 1 1.000000
0  -14.400001 7.322409 4.482944  -0.608870 -0.441359 -0.659150  0.058387 0.890964 1 1 1.000000
wheelchair.001
0  -14.400001 6.600000 9.000000  -0.587591 -0.645992 0.487269  0.090185 0.981445 1 1 1.000000
0  -9.600000 6.797562 5.165854  0.616949 -0.695924 -0.367510  0.195365 0.899353 1 1 1.000000
0  -9.600000 7.015386 9.369230  0.594344 -0.513425 0.618991  0.195365 0.984984 1 1 1.000000
wheelchair.001
0  -9.600000 10.200001 9.000000  0.584177 0.635189 0.505244  0.195365 0.981445 1 1 1.000000
0  -14.400001 9.784616 9.369230  -0.594364 0.513415 0.618980  0.090185 0.984984 1 1 1.000000
0  -9.600000 7.015386 9.369230  0.594344 -0.513425 0.618991  0.195365 0.984984 1 1 1.000000
wheelchair.001
0  -14.400001 10.002440 5.165855  -0.612944 0.642353 -0.460089  0.090185 0.899353 1 1 1.000000
0  -9.600000 8.400001 4.200000  0.608109 0.025572 -0.793442  0.195365 0.876264 1 1 1.000000
0  -14.400001 7.322409 4.482944  -0.608870 -0.441359 -0.659150  0.090185 0.889541 1 1 1.000000
wheelchair.001
0  -9.600000 8.400001 4.200000  0.608109 0.025572 -0.793442  0.040060 0.877500 1 1 1.000000
0  -9.600000 10.200001 9.000000  0.584177 0.635189 0.505244  0.080060 0.984167 1 1 1.000000
0  -9.600000 7.015386 9.369230  0.594344 -0.513425 0.618991  0.069291 0.987756 1 1 1.000000
wheelchair.001
0  -9.600000 7.015386 9.369230  0.594344 -0.513425 0.618991  0.069291 0.987756 1 1 1.000000
0  -9.600000 6.797562 5.165854  0.616949 -0.695924 -0.367510  0.071767 0.900915 1 1 1.000000
0  -9.600000 8.400001 4.200000  0.608109 0.025572 -0.793442  0.040060 0.877500 1 1 1.000000
wheelchair.001
0  -14.400001 6.600000 9.000000  -0.587591 -0.645992 0.487269  0.080060 0.984167 1 1 1.000000
0  -14.400001 9.784616 9.369230  -0.594364 0.513415 0.618980  0.069291 0.987756 1 1 1.000000
0  -14.400001 7.322409 4.482944  -0.608870 -0.441359 -0.659150  0.058387 0.890964 1 1 1.000000
wheelchair.001
0  -12.000000 -10.200001 22.200001  -0.671638 -0.718345 0.181334  0.223501 0.981826 1 1 1.000000
0  -11.400001 10.800000 19.800001  -0.513366 0.419088 -0.748879  0.254221 0.762497 1 1 1.000000
0  -11.400001 -9.000000 19.800001  -0.513370 -0.419068 -0.748889  0.254221 0.945156 1 1 1.000000
wheelchair.001
0  -12.000000 12.000000 22.200001  -0.753095 0.639523 -0.154463  0.483750 0.744264 1 1 1.000000
0  11.400001 10.800000 19.800001  0.513369 0.419068 -0.748889  0.210750 0.719375 1 1 1.000000
0  -11.400001 10.800000 19.800001  -0.513366 0.419088 -0.748879  0.476750 0.719375 1 1 1.000000
wheelchair.001
0  12.000000 12.000000 22.200001  0.753074 0.639546 -0.154470  0.479501 0.725826 1 1 1.000000
0  11.400001 -9.000000 19.800001  0.513366 -0.419088 -0.748880  0.448781 0.945156 1 1 1.000000
0  11.400001 10.800000 19.800001  0.513369 0.419068 -0.748889  0.448781 0.762497 1 1 1.000000
wheelchair.001
0  12.000000 -10.200001 22.200001  0.671647 -0.718334 0.181348  0.479501 0.981826 1 1 1.000000
0  -11.400001 -9.000000 19.800001  -0.513370 -0.419068 -0.748889  0.254221 0.945156 1 1 1.000000
0  11.400001 -9.000000 19.800001  0.513366 -0.419088 -0.748880  0.448781 0.945156 1 1 1.000000
wheelchair.001
0  11.400001 10.800000 19.800001  0.513369 0.419068 -0.748889  0.448781 0.762497 1 1 1.000000
0  -11.400001 -9.000000 19.800001  -0.513370 -0.419068 -0.748889  0.254221 0.945156 1 1 1.000000
0  -11.400001 10.800000 19.800001  -0.513366 0.419088 -0.748879  0.254221 0.762497 1 1 1.000000
wheelchair.001
0  -10.800000 9.600000 23.400002  -0.628648 -0.428398 0.649059  0.737500 0.767750 1 1 1.000000
0  10.800000 -9.000000 23.400002  0.300189 -0.300189 0.905413  0.512500 0.986486 1 1 1.000000
0  10.800000 9.600000 23.400002  0.628649 -0.428414 0.649047  0.512500 0.767750 1 1 1.000000
wheelchair.001
0  12.000000 -10.200001 22.200001  0.671647 -0.718334 0.181348  0.496924 0.995931 1 1 1.000000
0  10.800000 9.600000 23.400002  0.628649 -0.428414 0.649047  0.512500 0.767750 1 1 1.000000
0  10.800000 -9.000000 23.400002  0.300189 -0.300189 0.905413  0.512500 0.986486 1 1 1.000000
wheelchair.001
0  -12.000000 -10.200001 22.200001  -0.671638 -0.718345 0.181334  0.752461 0.995931 1 1 1.000000
0  -10.800000 9.600000 23.400002  -0.628648 -0.428398 0.649059  0.737500 0.767750 1 1 1.000000
0  -12.000000 12.000000 22.200001  -0.753095 0.639523 -0.154463  0.752461 0.750000 1 1 1.000000
wheelchair.001
0  12.000000 -10.200001 22.200001  0.671647 -0.718334 0.181348  0.496924 0.995931 1 1 1.000000
0  -10.800000 -9.000000 23.400002  -0.300193 -0.300194 0.905410  0.737500 0.986487 1 1 1.000000
0  -12.000000 -10.200001 22.200001  -0.671638 -0.718345 0.181334  0.752461 0.995931 1 1 1.000000
wheelchair.001
0  -12.000000 14.400001 46.800003  -0.656076 0.388021 0.647306  0.500000 0.995349 1 1 1.000000
0  10.800000 12.000000 45.600002  0.418829 -0.778714 0.467104  0.737500 0.987805 1 1 1.000000
0  12.000000 14.400001 46.800003  0.656089 0.387967 0.647325  0.750000 0.995349 1 1 1.000000
wheelchair.001
0  -10.800000 9.600000 23.400002  -0.628648 -0.428398 0.649059  0.500000 0.750369 1 1 1.000000
0  -10.800000 12.000000 45.600002  -0.418820 -0.778720 0.467103  0.512500 0.987805 1 1 1.000000
0  -12.000000 14.400001 46.800003  -0.656076 0.388021 0.647306  0.500000 0.995349 1 1 1.000000
wheelchair.001
0  10.800000 9.600000 23.400002  0.628649 -0.428414 0.649047  0.750000 0.750369 1 1 1.000000
0  10.800000 12.000000 45.600002  0.418829 -0.778714 0.467104  0.737500 0.987805 1 1 1.000000
0  -10.800000 12.000000 45.600002  -0.418820 -0.778720 0.467103  0.512500 0.987805 1 1 1.000000
wheelchair.001
0  -10.800000 12.000000 45.600002  -0.418820 -0.778720 0.467103  0.512500 0.987805 1 1 1.000000
0  -10.800000 9.600000 23.400002  -0.628648 -0.428398 0.649059  0.500000 0.750369 1 1 1.000000
0  10.800000 9.600000 23.400002  0.628649 -0.428414 0.649047  0.750000 0.750369 1 1 1.000000
wheelchair.001
0  -12.000000 14.400001 46.800003  -0.656076 0.388021 0.647306  0.476750 0.980708 1 1 1.000000
0  12.000000 12.000000 22.200001  0.753074 0.639546 -0.154470  0.210750 0.744322 1 1 1.000000
0  -12.000000 12.000000 22.200001  -0.753095 0.639523 -0.154463  0.476750 0.744322 1 1 1.000000
wheelchair.001
0  -10.800000 9.600000 23.400002  -0.628648 -0.428398 0.649059  0.741547 0.869323 1 1 1.000000
0  -12.000000 14.400001 46.800003  -0.656076 0.388021 0.647306  0.735561 0.981324 1 1 1.000000
0  -12.000000 12.000000 22.200001  -0.753095 0.639523 -0.154463  0.735561 0.744937 1 1 1.000000
wheelchair.001
0  -12.000000 -10.200001 22.200001  -0.671638 -0.718345 0.181334  0.223501 0.981826 1 1 1.000000
0  -12.000000 12.000000 22.200001  -0.753095 0.639523 -0.154463  0.223501 0.725826 1 1 1.000000
0  -11.400001 10.800000 19.800001  -0.513366 0.419088 -0.748879  0.254221 0.762497 1 1 1.000000
wheelchair.001
0  -12.000000 12.000000 22.200001  -0.753095 0.639523 -0.154463  0.483750 0.744264 1 1 1.000000
0  12.000000 12.000000 22.200001  0.753074 0.639546 -0.154470  0.203750 0.744264 1 1 1.000000
0  11.400001 10.800000 19.800001  0.513369 0.419068 -0.748889  0.210750 0.719375 1 1 1.000000
wheelchair.001
0  12.000000 12.000000 22.200001  0.753074 0.639546 -0.154470  0.479501 0.725826 1 1 1.000000
0  12.000000 -10.200001 22.200001  0.671647 -0.718334 0.181348  0.479501 0.981826 1 1 1.000000
0  11.400001 -9.000000 19.800001  0.513366 -0.419088 -0.748880  0.448781 0.945156 1 1 1.000000
wheelchair.001
0  12.000000 -10.200001 22.200001  0.671647 -0.718334 0.181348  0.479501 0.981826 1 1 1.000000
0  -12.000000 -10.200001 22.200001  -0.671638 -0.718345 0.181334  0.223501 0.981826 1 1 1.000000
0  -11.400001 -9.000000 19.800001  -0.513370 -0.419068 -0.748889  0.254221 0.945156 1 1 1.000000
wheelchair.001
0  11.400001 10.800000 19.800001  0.513369 0.419068 -0.748889  0.448781 0.762497 1 1 1.000000
0  11.400001 -9.000000 19.800001  0.513366 -0.419088 -0.748880  0.448781 0.945156 1 1 1.000000
0  -11.400001 -9.000000 19.800001  -0.513370 -0.419068 -0.748889  0.254221 0.945156 1 1 1.000000
wheelchair.001
0  -10.800000 9.600000 23.400002  -0.628648 -0.428398 0.649059  0.737500 0.767750 1 1 1.000000
0  -10.800000 -9.000000 23.400002  -0.300193 -0.300194 0.905410  0.737500 0.986487 1 1 1.000000
0  10.800000 -9.000000 23.400002  0.300189 -0.300189 0.905413  0.512500 0.986486 1 1 1.000000
wheelchair.001
0  12.000000 -10.200001 22.200001  0.671647 -0.718334 0.181348  0.496924 0.995931 1 1 1.000000
0  12.000000 12.000000 22.200001  0.753074 0.639546 -0.154470  0.496924 0.750000 1 1 1.000000
0  10.800000 9.600000 23.400002  0.628649 -0.428414 0.649047  0.512500 0.767750 1 1 1.000000
wheelchair.001
0  -12.000000 -10.200001 22.200001  -0.671638 -0.718345 0.181334  0.752461 0.995931 1 1 1.000000
0  -10.800000 -9.000000 23.400002  -0.300193 -0.300194 0.905410  0.737500 0.986487 1 1 1.000000
0  -10.800000 9.600000 23.400002  -0.628648 -0.428398 0.649059  0.737500 0.767750 1 1 1.000000
wheelchair.001
0  12.000000 -10.200001 22.200001  0.671647 -0.718334 0.181348  0.496924 0.995931 1 1 1.000000
0  10.800000 -9.000000 23.400002  0.300189 -0.300189 0.905413  0.512500 0.986486 1 1 1.000000
0  -10.800000 -9.000000 23.400002  -0.300193 -0.300194 0.905410  0.737500 0.986487 1 1 1.000000
wheelchair.001
0  -12.000000 14.400001 46.800003  -0.656076 0.388021 0.647306  0.500000 0.995349 1 1 1.000000
0  -10.800000 12.000000 45.600002  -0.418820 -0.778720 0.467103  0.512500 0.987805 1 1 1.000000
0  10.800000 12.000000 45.600002  0.418829 -0.778714 0.467104  0.737500 0.987805 1 1 1.000000
wheelchair.001
0  10.800000 9.600000 23.400002  0.628649 -0.428414 0.649047  0.750000 0.750369 1 1 1.000000
0  12.000000 14.400001 46.800003  0.656089 0.387967 0.647325  0.750000 0.995349 1 1 1.000000
0  10.800000 12.000000 45.600002  0.418829 -0.778714 0.467104  0.737500 0.987805 1 1 1.000000
wheelchair.001
0  10.800000 9.600000 23.400002  0.628649 -0.428414 0.649047  0.502090 0.869323 1 1 1.000000
0  12.000000 12.000000 22.200001  0.753074 0.639546 -0.154470  0.508076 0.744937 1 1 1.000000
0  12.000000 14.400001 46.800003  0.656089 0.387967 0.647325  0.508076 0.981324 1 1 1.000000
wheelchair.001
0  -12.000000 14.400001 46.800003  -0.656076 0.388021 0.647306  0.476750 0.980708 1 1 1.000000
0  12.000000 14.400001 46.800003  0.656089 0.387967 0.647325  0.210750 0.980708 1 1 1.000000
0  12.000000 12.000000 22.200001  0.753074 0.639546 -0.154470  0.210750 0.744322 1 1 1.000000
wheelchair.001
0  12.599999 -14.400001 30.000004  -0.666449 -0.737261 0.110871  0.291038 0.967426 1 1 1.000000
0  13.199999 8.400001 27.600002  -0.513367 0.419088 -0.748879  0.316190 0.779639 1 1 1.000000
0  13.199999 -13.200001 27.600002  -0.513378 -0.419084 -0.748873  0.320123 0.941129 1 1 1.000000
wheelchair.001
0  12.599999 9.600000 30.000004  -0.666447 0.737263 0.110869  0.291038 0.747375 1 1 1.000000
0  18.000002 8.400001 27.600002  0.513379 0.419084 -0.748873  0.366788 0.777621 1 1 1.000000
0  13.199999 8.400001 27.600002  -0.513367 0.419088 -0.748879  0.316190 0.779639 1 1 1.000000
wheelchair.001
0  18.600000 9.600000 30.000004  0.666449 0.737261 0.110871  0.395873 0.751324 1 1 1.000000
0  18.000002 -13.200001 27.600002  0.513367 -0.419088 -0.748879  0.370721 0.939111 1 1 1.000000
0  18.000002 8.400001 27.600002  0.513379 0.419084 -0.748873  0.366788 0.777621 1 1 1.000000
wheelchair.001
0  18.600000 -14.400001 30.000004  0.666447 -0.737263 0.110869  0.395873 0.971375 1 1 1.000000
0  13.199999 -13.200001 27.600002  -0.513378 -0.419084 -0.748873  0.320123 0.941129 1 1 1.000000
0  18.000002 -13.200001 27.600002  0.513367 -0.419088 -0.748879  0.370721 0.939111 1 1 1.000000
wheelchair.001
0  18.000002 8.400001 27.600002  0.513379 0.419084 -0.748873  0.366788 0.777621 1 1 1.000000
0  13.199999 -13.200001 27.600002  -0.513378 -0.419084 -0.748873  0.320123 0.941129 1 1 1.000000
0  13.199999 8.400001 27.600002  -0.513367 0.419088 -0.748879  0.316190 0.779639 1 1 1.000000
wheelchair.001
0  13.145082 8.400001 31.200001  -0.450203 0.243329 0.859132  0.548591 0.961564 1 1 1.000000
0  15.599999 -13.808736 30.943237  -0.000001 -0.513269 0.858228  0.625000 0.771784 1 1 1.000000
0  15.599999 9.008736 30.943237  0.000001 0.513269 0.858228  0.625000 0.967905 1 1 1.000000
wheelchair.001
0  18.600000 9.600000 30.000004  0.666449 0.737261 0.110871  0.753076 1.000000 1 1 1.000000
0  18.054916 -13.200001 31.200001  0.450203 -0.243329 0.859132  0.727288 0.778125 1 1 1.000000
0  18.600000 -14.400001 30.000004  0.666447 -0.737263 0.110869  0.753076 0.745349 1 1 1.000000
wheelchair.001
0  12.599999 -14.400001 30.000004  -0.666449 -0.737261 0.110871  0.496001 0.745349 1 1 1.000000
0  13.145082 8.400001 31.200001  -0.450203 0.243329 0.859132  0.548591 0.961564 1 1 1.000000
0  12.599999 9.600000 30.000004  -0.666447 0.737263 0.110869  0.496001 1.000000 1 1 1.000000
wheelchair.001
0  18.600000 -14.400001 30.000004  0.666447 -0.737263 0.110869  0.753076 0.745349 1 1 1.000000
0  18.054916 -13.200001 31.200001  0.450203 -0.243329 0.859132  0.727288 0.778125 1 1 1.000000
0  15.599999 -13.808736 30.943237  -0.000001 -0.513269 0.858228  0.625000 0.771784 1 1 1.000000
wheelchair.001
0  12.599999 9.600000 30.000004  -0.666447 0.737263 0.110869  0.496001 1.000000 1 1 1.000000
0  13.145082 8.400001 31.200001  -0.450203 0.243329 0.859132  0.548591 0.961564 1 1 1.000000
0  15.599999 9.008736 30.943237  0.000001 0.513269 0.858228  0.625000 0.967905 1 1 1.000000
wheelchair.001
0  15.599999 9.008736 30.943237  0.000001 0.513269 0.858228  0.625000 0.967905 1 1 1.000000
0  18.054916 -13.200001 31.200001  0.450203 -0.243329 0.859132  0.727288 0.778125 1 1 1.000000
0  18.054916 8.400001 31.200001  0.450195 0.243326 0.859137  0.727288 0.961564 1 1 1.000000
wheelchair.001
0  12.599999 -14.400001 30.000004  -0.666449 -0.737261 0.110871  0.291038 0.967426 1 1 1.000000
0  12.599999 9.600000 30.000004  -0.666447 0.737263 0.110869  0.291038 0.747375 1 1 1.000000
0  13.199999 8.400001 27.600002  -0.513367 0.419088 -0.748879  0.316190 0.779639 1 1 1.000000
wheelchair.001
0  12.599999 9.600000 30.000004  -0.666447 0.737263 0.110869  0.291038 0.747375 1 1 1.000000
0  18.600000 9.600000 30.000004  0.666449 0.737261 0.110871  0.395873 0.751324 1 1 1.000000
0  18.000002 8.400001 27.600002  0.513379 0.419084 -0.748873  0.366788 0.777621 1 1 1.000000
wheelchair.001
0  18.600000 9.600000 30.000004  0.666449 0.737261 0.110871  0.395873 0.751324 1 1 1.000000
0  18.600000 -14.400001 30.000004  0.666447 -0.737263 0.110869  0.395873 0.971375 1 1 1.000000
0  18.000002 -13.200001 27.600002  0.513367 -0.419088 -0.748879  0.370721 0.939111 1 1 1.000000
wheelchair.001
0  18.600000 -14.400001 30.000004  0.666447 -0.737263 0.110869  0.395873 0.971375 1 1 1.000000
0  12.599999 -14.400001 30.000004  -0.666449 -0.737261 0.110871  0.291038 0.967426 1 1 1.000000
0  13.199999 -13.200001 27.600002  -0.513378 -0.419084 -0.748873  0.320123 0.941129 1 1 1.000000
wheelchair.001
0  18.000002 8.400001 27.600002  0.513379 0.419084 -0.748873  0.366788 0.777621 1 1 1.000000
0  18.000002 -13.200001 27.600002  0.513367 -0.419088 -0.748879  0.370721 0.939111 1 1 1.000000
0  13.199999 -13.200001 27.600002  -0.513378 -0.419084 -0.748873  0.320123 0.941129 1 1 1.000000
wheelchair.001
0  13.145082 8.400001 31.200001  -0.450203 0.243329 0.859132  0.548591 0.961564 1 1 1.000000
0  13.145082 -13.200001 31.200001  -0.450196 -0.243326 0.859137  0.548591 0.778125 1 1 1.000000
0  15.599999 -13.808736 30.943237  -0.000001 -0.513269 0.858228  0.625000 0.771784 1 1 1.000000
wheelchair.001
0  18.600000 9.600000 30.000004  0.666449 0.737261 0.110871  0.753076 1.000000 1 1 1.000000
0  18.054916 8.400001 31.200001  0.450195 0.243326 0.859137  0.727288 0.961564 1 1 1.000000
0  18.054916 -13.200001 31.200001  0.450203 -0.243329 0.859132  0.727288 0.778125 1 1 1.000000
wheelchair.001
0  12.599999 -14.400001 30.000004  -0.666449 -0.737261 0.110871  0.496001 0.745349 1 1 1.000000
0  13.145082 -13.200001 31.200001  -0.450196 -0.243326 0.859137  0.548591 0.778125 1 1 1.000000
0  13.145082 8.400001 31.200001  -0.450203 0.243329 0.859132  0.548591 0.961564 1 1 1.000000
wheelchair.001
0  13.145082 -13.200001 31.200001  -0.450196 -0.243326 0.859137  0.548591 0.778125 1 1 1.000000
0  12.599999 -14.400001 30.000004  -0.666449 -0.737261 0.110871  0.496001 0.745349 1 1 1.000000
0  15.599999 -13.808736 30.943237  -0.000001 -0.513269 0.858228  0.625000 0.771784 1 1 1.000000
wheelchair.001
0  12.599999 -14.400001 30.000004  -0.666449 -0.737261 0.110871  0.496001 0.745349 1 1 1.000000
0  18.600000 -14.400001 30.000004  0.666447 -0.737263 0.110869  0.753076 0.745349 1 1 1.000000
0  15.599999 -13.808736 30.943237  -0.000001 -0.513269 0.858228  0.625000 0.771784 1 1 1.000000
wheelchair.001
0  18.054916 8.400001 31.200001  0.450195 0.243326 0.859137  0.727288 0.961564 1 1 1.000000
0  18.600000 9.600000 30.000004  0.666449 0.737261 0.110871  0.753076 1.000000 1 1 1.000000
0  15.599999 9.008736 30.943237  0.000001 0.513269 0.858228  0.625000 0.967905 1 1 1.000000
wheelchair.001
0  18.600000 9.600000 30.000004  0.666449 0.737261 0.110871  0.753076 1.000000 1 1 1.000000
0  12.599999 9.600000 30.000004  -0.666447 0.737263 0.110869  0.496001 1.000000 1 1 1.000000
0  15.599999 9.008736 30.943237  0.000001 0.513269 0.858228  0.625000 0.967905 1 1 1.000000
wheelchair.001
0  15.599999 9.008736 30.943237  0.000001 0.513269 0.858228  0.625000 0.967905 1 1 1.000000
0  15.599999 -13.808736 30.943237  -0.000001 -0.513269 0.858228  0.625000 0.771784 1 1 1.000000
0  18.054916 -13.200001 31.200001  0.450203 -0.243329 0.859132  0.727288 0.778125 1 1 1.000000
wheelchair.001
0  -12.599999 -14.400001 30.000004  0.666449 -0.737261 0.110871  0.291038 0.967426 1 1 1.000000
0  -13.199999 -13.200001 27.600002  0.513378 -0.419084 -0.748873  0.320123 0.941129 1 1 1.000000
0  -13.199999 8.400001 27.600002  0.513367 0.419088 -0.748879  0.316190 0.779639 1 1 1.000000
wheelchair.001
0  -12.599999 9.600000 30.000004  0.666447 0.737263 0.110869  0.291038 0.747375 1 1 1.000000
0  -13.199999 8.400001 27.600002  0.513367 0.419088 -0.748879  0.316190 0.779639 1 1 1.000000
0  -18.000002 8.400001 27.600002  -0.513379 0.419084 -0.748873  0.366788 0.777621 1 1 1.000000
wheelchair.001
0  -18.600000 9.600000 30.000004  -0.666449 0.737261 0.110871  0.395873 0.751324 1 1 1.000000
0  -18.000002 8.400001 27.600002  -0.513379 0.419084 -0.748873  0.366788 0.777621 1 1 1.000000
0  -18.000002 -13.200001 27.600002  -0.513367 -0.419088 -0.748879  0.370721 0.939111 1 1 1.000000
wheelchair.001
0  -18.600000 -14.400001 30.000004  -0.666447 -0.737263 0.110869  0.395873 0.971375 1 1 1.000000
0  -18.000002 -13.200001 27.600002  -0.513367 -0.419088 -0.748879  0.370721 0.939111 1 1 1.000000
0  -13.199999 -13.200001 27.600002  0.513378 -0.419084 -0.748873  0.320123 0.941129 1 1 1.000000
wheelchair.001
0  -18.000002 8.400001 27.600002  -0.513379 0.419084 -0.748873  0.366788 0.777621 1 1 1.000000
0  -13.199999 8.400001 27.600002  0.513367 0.419088 -0.748879  0.316190 0.779639 1 1 1.000000
0  -13.199999 -13.200001 27.600002  0.513378 -0.419084 -0.748873  0.320123 0.941129 1 1 1.000000
wheelchair.001
0  -13.145082 8.400001 31.200001  0.450203 0.243329 0.859132  0.548591 0.961564 1 1 1.000000
0  -15.599999 9.008736 30.943237  -0.000001 0.513269 0.858228  0.625000 0.967905 1 1 1.000000
0  -15.599999 -13.808736 30.943237  0.000001 -0.513269 0.858228  0.625000 0.771784 1 1 1.000000
wheelchair.001
0  -18.600000 9.600000 30.000004  -0.666449 0.737261 0.110871  0.753076 1.000000 1 1 1.000000
0  -18.600000 -14.400001 30.000004  -0.666447 -0.737263 0.110869  0.753076 0.745349 1 1 1.000000
0  -18.054916 -13.200001 31.200001  -0.450203 -0.243329 0.859132  0.727288 0.778125 1 1 1.000000
wheelchair.001
0  -12.599999 -14.400001 30.000004  0.666449 -0.737261 0.110871  0.496001 0.745349 1 1 1.000000
0  -12.599999 9.600000 30.000004  0.666447 0.737263 0.110869  0.496001 1.000000 1 1 1.000000
0  -13.145082 8.400001 31.200001  0.450203 0.243329 0.859132  0.548591 0.961564 1 1 1.000000
wheelchair.001
0  -18.600000 -14.400001 30.000004  -0.666447 -0.737263 0.110869  0.753076 0.745349 1 1 1.000000
0  -15.599999 -13.808736 30.943237  0.000001 -0.513269 0.858228  0.625000 0.771784 1 1 1.000000
0  -18.054916 -13.200001 31.200001  -0.450203 -0.243329 0.859132  0.727288 0.778125 1 1 1.000000
wheelchair.001
0  -12.599999 9.600000 30.000004  0.666447 0.737263 0.110869  0.496001 1.000000 1 1 1.000000
0  -15.599999 9.008736 30.943237  -0.000001 0.513269 0.858228  0.625000 0.967905 1 1 1.000000
0  -13.145082 8.400001 31.200001  0.450203 0.243329 0.859132  0.548591 0.961564 1 1 1.000000
wheelchair.001
0  -15.599999 9.008736 30.943237  -0.000001 0.513269 0.858228  0.625000 0.967905 1 1 1.000000
0  -18.054916 8.400001 31.200001  -0.450195 0.243326 0.859137  0.727288 0.961564 1 1 1.000000
0  -18.054916 -13.200001 31.200001  -0.450203 -0.243329 0.859132  0.727288 0.778125 1 1 1.000000
wheelchair.001
0  -12.599999 -14.400001 30.000004  0.666449 -0.737261 0.110871  0.291038 0.967426 1 1 1.000000
0  -13.199999 8.400001 27.600002  0.513367 0.419088 -0.748879  0.316190 0.779639 1 1 1.000000
0  -12.599999 9.600000 30.000004  0.666447 0.737263 0.110869  0.291038 0.747375 1 1 1.000000
wheelchair.001
0  -12.599999 9.600000 30.000004  0.666447 0.737263 0.110869  0.291038 0.747375 1 1 1.000000
0  -18.000002 8.400001 27.600002  -0.513379 0.419084 -0.748873  0.366788 0.777621 1 1 1.000000
0  -18.600000 9.600000 30.000004  -0.666449 0.737261 0.110871  0.395873 0.751324 1 1 1.000000
wheelchair.001
0  -18.600000 9.600000 30.000004  -0.666449 0.737261 0.110871  0.395873 0.751324 1 1 1.000000
0  -18.000002 -13.200001 27.600002  -0.513367 -0.419088 -0.748879  0.370721 0.939111 1 1 1.000000
0  -18.600000 -14.400001 30.000004  -0.666447 -0.737263 0.110869  0.395873 0.971375 1 1 1.000000
wheelchair.001
0  -18.600000 -14.400001 30.000004  -0.666447 -0.737263 0.110869  0.395873 0.971375 1 1 1.000000
0  -13.199999 -13.200001 27.600002  0.513378 -0.419084 -0.748873  0.320123 0.941129 1 1 1.000000
0  -12.599999 -14.400001 30.000004  0.666449 -0.737261 0.110871  0.291038 0.967426 1 1 1.000000
wheelchair.001
0  -18.000002 8.400001 27.600002  -0.513379 0.419084 -0.748873  0.366788 0.777621 1 1 1.000000
0  -13.199999 -13.200001 27.600002  0.513378 -0.419084 -0.748873  0.320123 0.941129 1 1 1.000000
0  -18.000002 -13.200001 27.600002  -0.513367 -0.419088 -0.748879  0.370721 0.939111 1 1 1.000000
wheelchair.001
0  -13.145082 8.400001 31.200001  0.450203 0.243329 0.859132  0.548591 0.961564 1 1 1.000000
0  -15.599999 -13.808736 30.943237  0.000001 -0.513269 0.858228  0.625000 0.771784 1 1 1.000000
0  -13.145082 -13.200001 31.200001  0.450196 -0.243326 0.859137  0.548591 0.778125 1 1 1.000000
wheelchair.001
0  -18.600000 9.600000 30.000004  -0.666449 0.737261 0.110871  0.753076 1.000000 1 1 1.000000
0  -18.054916 -13.200001 31.200001  -0.450203 -0.243329 0.859132  0.727288 0.778125 1 1 1.000000
0  -18.054916 8.400001 31.200001  -0.450195 0.243326 0.859137  0.727288 0.961564 1 1 1.000000
wheelchair.001
0  -12.599999 -14.400001 30.000004  0.666449 -0.737261 0.110871  0.496001 0.745349 1 1 1.000000
0  -13.145082 8.400001 31.200001  0.450203 0.243329 0.859132  0.548591 0.961564 1 1 1.000000
0  -13.145082 -13.200001 31.200001  0.450196 -0.243326 0.859137  0.548591 0.778125 1 1 1.000000
wheelchair.001
0  -13.145082 -13.200001 31.200001  0.450196 -0.243326 0.859137  0.548591 0.778125 1 1 1.000000
0  -15.599999 -13.808736 30.943237  0.000001 -0.513269 0.858228  0.625000 0.771784 1 1 1.000000
0  -12.599999 -14.400001 30.000004  0.666449 -0.737261 0.110871  0.496001 0.745349 1 1 1.000000
wheelchair.001
0  -12.599999 -14.400001 30.000004  0.666449 -0.737261 0.110871  0.496001 0.745349 1 1 1.000000
0  -15.599999 -13.808736 30.943237  0.000001 -0.513269 0.858228  0.625000 0.771784 1 1 1.000000
0  -18.600000 -14.400001 30.000004  -0.666447 -0.737263 0.110869  0.753076 0.745349 1 1 1.000000
wheelchair.001
0  -18.054916 8.400001 31.200001  -0.450195 0.243326 0.859137  0.727288 0.961564 1 1 1.000000
0  -15.599999 9.008736 30.943237  -0.000001 0.513269 0.858228  0.625000 0.967905 1 1 1.000000
0  -18.600000 9.600000 30.000004  -0.666449 0.737261 0.110871  0.753076 1.000000 1 1 1.000000
wheelchair.001
0  -18.600000 9.600000 30.000004  -0.666449 0.737261 0.110871  0.753076 1.000000 1 1 1.000000
0  -15.599999 9.008736 30.943237  -0.000001 0.513269 0.858228  0.625000 0.967905 1 1 1.000000
0  -12.599999 9.600000 30.000004  0.666447 0.737263 0.110869  0.496001 1.000000 1 1 1.000000
wheelchair.001
0  -15.599999 9.008736 30.943237  -0.000001 0.513269 0.858228  0.625000 0.967905 1 1 1.000000
0  -18.054916 -13.200001 31.200001  -0.450203 -0.243329 0.859132  0.727288 0.778125 1 1 1.000000
0  -15.599999 -13.808736 30.943237  0.000001 -0.513269 0.858228  0.625000 0.771784 1 1 1.000000
wheelchair.001
0  16.681734 -6.219336 1.782110  0.740602 0.562643 -0.367345  0.102695 0.072896 1 6 1.000000
0  15.600002 -6.797974 0.633829  0.000000 0.592064 -0.805891  0.021803 0.060576 1 6 1.000000
0  15.600002 -5.373540 2.890587  0.000001 0.977857 -0.209275  0.021803 0.137895 1 6 1.000000
wheelchair.001
0  16.680000 -7.700106 0.606631  0.766943 0.227543 -0.600019  0.102695 0.131395 1 6 1.000000
0  15.600000 -8.940001 0.000000  -0.000000 0.021363 -0.999772  0.021803 0.007896 1 6 1.000000
0  15.600002 -6.797974 0.633829  0.000000 0.592064 -0.805891  0.021803 0.060576 1 6 1.000000
wheelchair.001
0  15.600000 -8.940001 0.000000  -0.000000 0.021363 -0.999772  0.021803 0.137896 1 6 1.000000
0  16.680992 -9.578407 0.390514  0.756750 -0.138004 -0.638972  0.102695 0.072895 1 6 1.000000
0  15.600000 -10.960237 0.576501  -0.000000 -0.560157 -0.828386  0.021803 0.072895 1 6 1.000000
wheelchair.001
0  16.682062 -11.608988 1.672585  0.734318 -0.546482 -0.402658  0.102695 0.061810 1 6 1.000000
0  15.600002 -12.500103 2.756129  0.000001 -0.971353 -0.237643  0.021803 0.137896 1 6 1.000000
0  15.600000 -10.960237 0.576501  -0.000000 -0.560157 -0.828386  0.021803 0.072896 1 6 1.000000
wheelchair.001
0  16.680000 -12.180000 3.600000  0.767483 -0.640793 0.018807  0.102695 0.014396 1 6 1.000000
0  15.600000 -12.265966 4.977661  -0.000000 -0.933643 0.358205  0.021803 0.137896 1 6 1.000000
0  15.600002 -12.500103 2.756129  0.000001 -0.971353 -0.237643  0.021803 0.007896 1 6 1.000000
wheelchair.001
0  15.600000 -12.265966 4.977661  -0.000000 -0.933643 0.358205  0.021803 0.007896 1 6 1.000000
0  16.682062 -11.608988 5.527416  0.750887 -0.532075 0.391235  0.102695 0.083981 1 6 1.000000
0  15.600002 -10.960237 6.623500  0.000000 -0.548705 0.836016  0.021803 0.072895 1 6 1.000000
wheelchair.001
0  16.680992 -9.578406 6.809488  0.756750 -0.138003 0.638972  0.102695 0.072896 1 6 1.000000
0  15.600000 -8.940001 7.200000  0.000000 0.021364 0.999772  0.021803 0.137896 1 6 1.000000
0  15.600002 -10.960237 6.623500  0.000000 -0.548705 0.836016  0.021803 0.072895 1 6 1.000000
wheelchair.001
0  15.600000 -8.940001 7.200000  0.000000 0.021364 0.999772  0.021803 0.137896 1 6 1.000000
0  16.680000 -7.700106 6.593369  0.766943 0.227542 0.600019  0.102695 0.014396 1 6 1.000000
0  15.600002 -6.797974 6.566172  0.000000 0.576693 0.816961  0.021803 0.085215 1 6 1.000000
wheelchair.001
0  16.680992 -9.578406 6.809488  0.756750 -0.138003 0.638972  0.171491 0.514127 1 6 1.000000
0  16.680000 -12.180000 3.600000  0.767483 -0.640793 0.018807  0.090625 0.417933 1 6 1.000000
0  16.680992 -9.578407 0.390514  0.756750 -0.138004 -0.638972  0.171491 0.321739 1 6 1.000000
wheelchair.001
0  15.600002 -6.797974 6.566172  0.000000 0.576693 0.816961  0.021803 0.085215 1 6 1.000000
0  16.681734 -6.219337 5.417890  0.763347 0.539508 0.355293  0.102695 0.072896 1 6 1.000000
0  15.600000 -5.614034 4.977661  -0.000000 0.934618 0.355655  0.021803 0.007896 1 6 1.000000
wheelchair.001
0  15.600000 -5.614034 4.977661  -0.000000 0.934618 0.355655  0.021803 0.137896 1 6 1.000000
0  16.680000 -5.700000 3.600000  0.769243 0.638764 0.015683  0.102695 0.014396 1 6 1.000000
0  15.600002 -5.373540 2.890587  0.000001 0.977857 -0.209275  0.021803 0.007896 1 6 1.000000
wheelchair.001
0  16.680992 -9.578406 6.809488  0.756750 -0.138003 0.638972  0.190625 0.317933 1 6 1.000000
0  16.680992 -9.578407 0.390514  0.756750 -0.138004 -0.638972  0.190625 0.517933 1 6 1.000000
0  16.680000 -5.700000 3.600000  0.769243 0.638764 0.015683  0.090625 0.417933 1 6 1.000000
wheelchair.001
0  15.600000 -5.614034 4.977661  -0.000000 0.934618 0.355655  0.021803 0.137896 1 6 1.000000
0  14.520000 -5.700000 3.600000  -0.769243 0.638764 0.015683  0.102695 0.014396 1 6 1.000000
0  14.518269 -6.219337 5.417890  -0.763347 0.539507 0.355294  0.102695 0.072896 1 6 1.000000
wheelchair.001
0  14.520000 -7.700106 6.593369  -0.766944 0.227544 0.600017  0.102695 0.014396 1 6 1.000000
0  15.600002 -6.797974 6.566172  0.000000 0.576693 0.816961  0.021803 0.085215 1 6 1.000000
0  14.518269 -6.219337 5.417890  -0.763347 0.539507 0.355294  0.102695 0.131395 1 6 1.000000
wheelchair.001
0  15.600000 -8.940001 7.200000  0.000000 0.021364 0.999772  0.021803 0.007896 1 6 1.000000
0  14.520000 -7.700106 6.593369  -0.766944 0.227544 0.600017  0.102695 0.131396 1 6 1.000000
0  14.519011 -9.578405 6.809488  -0.756749 -0.138003 0.638972  0.102695 0.072896 1 6 1.000000
wheelchair.001
0  14.517939 -11.608988 5.527415  -0.750888 -0.532074 0.391235  0.102695 0.083981 1 6 1.000000
0  15.600002 -10.960237 6.623500  0.000000 -0.548705 0.836016  0.021803 0.072895 1 6 1.000000
0  14.519011 -9.578405 6.809488  -0.756749 -0.138003 0.638972  0.102695 0.014396 1 6 1.000000
wheelchair.001
0  14.520000 -12.180000 3.600000  -0.767483 -0.640793 0.018807  0.102695 0.014396 1 6 1.000000
0  15.600000 -12.265966 4.977661  -0.000000 -0.933643 0.358205  0.021803 0.137896 1 6 1.000000
0  14.517939 -11.608988 5.527415  -0.750888 -0.532074 0.391235  0.102695 0.131396 1 6 1.000000
wheelchair.001
0  15.600002 -12.500103 2.756129  0.000001 -0.971353 -0.237643  0.021803 0.060576 1 6 1.000000
0  14.520000 -12.180000 3.600000  -0.767483 -0.640793 0.018807  0.102695 0.131396 1 6 1.000000
0  14.517939 -11.608988 1.672586  -0.734318 -0.546482 -0.402658  0.102695 0.014396 1 6 1.000000
wheelchair.001
0  15.600000 -10.960237 0.576501  -0.000000 -0.560157 -0.828386  0.021803 0.072895 1 6 1.000000
0  14.517939 -11.608988 1.672586  -0.734318 -0.546482 -0.402658  0.102695 0.131396 1 6 1.000000
0  14.519011 -9.578407 0.390514  -0.756750 -0.138004 -0.638972  0.102695 0.014396 1 6 1.000000
wheelchair.001
0  14.520000 -7.700106 0.606631  -0.766944 0.227544 -0.600018  0.102695 0.131396 1 6 1.000000
0  15.600000 -8.940001 0.000000  -0.000000 0.021363 -0.999772  0.021803 0.007896 1 6 1.000000
0  14.519011 -9.578407 0.390514  -0.756750 -0.138004 -0.638972  0.102695 0.072896 1 6 1.000000
wheelchair.001
0  15.600002 -6.797974 0.633829  0.000000 0.592064 -0.805891  0.021803 0.085215 1 6 1.000000
0  14.520000 -7.700106 0.606631  -0.766944 0.227544 -0.600018  0.102695 0.014396 1 6 1.000000
0  14.518269 -6.219337 1.782110  -0.740601 0.562642 -0.367346  0.102695 0.131396 1 6 1.000000
wheelchair.001
0  14.520000 -5.700000 3.600000  -0.769243 0.638764 0.015683  0.102695 0.131396 1 6 1.000000
0  15.600002 -5.373540 2.890587  0.000001 0.977857 -0.209275  0.021803 0.072896 1 6 1.000000
0  14.518269 -6.219337 1.782110  -0.740601 0.562642 -0.367346  0.102695 0.014396 1 6 1.000000
wheelchair.001
0  16.680000 -5.700000 3.600000  0.769243 0.638764 0.015683  0.090625 0.417933 1 6 1.000000
0  16.681734 -6.219337 5.417890  0.763347 0.539508 0.355293  0.109076 0.363444 1 6 1.000000
0  16.680992 -9.578406 6.809488  0.756750 -0.138003 0.638972  0.190625 0.317933 1 6 1.000000
wheelchair.001
0  16.680000 -5.700000 3.600000  0.769243 0.638764 0.015683  0.090625 0.417933 1 6 1.000000
0  16.680992 -9.578407 0.390514  0.756750 -0.138004 -0.638972  0.190625 0.517933 1 6 1.000000
0  16.681734 -6.219336 1.782110  0.740602 0.562643 -0.367345  0.109076 0.472423 1 6 1.000000
wheelchair.001
0  16.680992 -9.578407 0.390514  0.756750 -0.138004 -0.638972  0.171491 0.321739 1 6 1.000000
0  16.680000 -12.180000 3.600000  0.767483 -0.640793 0.018807  0.090625 0.417933 1 6 1.000000
0  16.682062 -11.608988 1.672585  0.734318 -0.546482 -0.402658  0.111130 0.360370 1 6 1.000000
wheelchair.001
0  16.680000 -12.180000 3.600000  0.767483 -0.640793 0.018807  0.090625 0.417933 1 6 1.000000
0  16.680992 -9.578406 6.809488  0.756750 -0.138003 0.638972  0.171491 0.514127 1 6 1.000000
0  16.682062 -11.608988 5.527416  0.750887 -0.532075 0.391235  0.111130 0.475496 1 6 1.000000
wheelchair.001
0  16.680000 -7.700106 6.593369  0.766943 0.227542 0.600019  0.152357 0.325545 1 6 1.000000
0  16.680992 -9.578406 6.809488  0.756750 -0.138003 0.638972  0.190625 0.317933 1 6 1.000000
0  16.681734 -6.219337 5.417890  0.763347 0.539508 0.355293  0.109076 0.363444 1 6 1.000000
wheelchair.001
0  16.680000 -7.700106 0.606631  0.766943 0.227543 -0.600019  0.152357 0.510321 1 6 1.000000
0  16.681734 -6.219336 1.782110  0.740602 0.562643 -0.367345  0.109076 0.472423 1 6 1.000000
0  16.680992 -9.578407 0.390514  0.756750 -0.138004 -0.638972  0.190625 0.517933 1 6 1.000000
wheelchair.001
0  14.519011 -9.578407 0.390514  -0.756750 -0.138004 -0.638972  0.190625 0.517933 1 6 1.000000
0  14.519011 -9.578405 6.809488  -0.756749 -0.138003 0.638972  0.190625 0.317933 1 6 1.000000
0  14.520000 -5.700000 3.600000  -0.769243 0.638764 0.015683  0.090625 0.417933 1 6 1.000000
wheelchair.001
0  14.519011 -9.578405 6.809488  -0.756749 -0.138003 0.638972  0.171491 0.514127 1 6 1.000000
0  14.519011 -9.578407 0.390514  -0.756750 -0.138004 -0.638972  0.171491 0.321739 1 6 1.000000
0  14.520000 -12.180000 3.600000  -0.767483 -0.640793 0.018807  0.090625 0.417933 1 6 1.000000
wheelchair.001
0  14.519011 -9.578405 6.809488  -0.756749 -0.138003 0.638972  0.171491 0.514127 1 6 1.000000
0  14.520000 -12.180000 3.600000  -0.767483 -0.640793 0.018807  0.090625 0.417933 1 6 1.000000
0  14.517939 -11.608988 5.527415  -0.750888 -0.532074 0.391235  0.111130 0.475496 1 6 1.000000
wheelchair.001
0  14.518269 -6.219337 5.417890  -0.763347 0.539507 0.355294  0.109076 0.363444 1 6 1.000000
0  14.520000 -5.700000 3.600000  -0.769243 0.638764 0.015683  0.090625 0.417933 1 6 1.000000
0  14.519011 -9.578405 6.809488  -0.756749 -0.138003 0.638972  0.190625 0.317933 1 6 1.000000
wheelchair.001
0  14.519011 -9.578407 0.390514  -0.756750 -0.138004 -0.638972  0.190625 0.517933 1 6 1.000000
0  14.520000 -5.700000 3.600000  -0.769243 0.638764 0.015683  0.090625 0.417933 1 6 1.000000
0  14.518269 -6.219337 1.782110  -0.740601 0.562642 -0.367346  0.109076 0.472423 1 6 1.000000
wheelchair.001
0  14.520000 -12.180000 3.600000  -0.767483 -0.640793 0.018807  0.090625 0.417933 1 6 1.000000
0  14.519011 -9.578407 0.390514  -0.756750 -0.138004 -0.638972  0.171491 0.321739 1 6 1.000000
0  14.517939 -11.608988 1.672586  -0.734318 -0.546482 -0.402658  0.111130 0.360370 1 6 1.000000
wheelchair.001
0  14.520000 -7.700106 6.593369  -0.766944 0.227544 0.600017  0.152357 0.325545 1 6 1.000000
0  14.518269 -6.219337 5.417890  -0.763347 0.539507 0.355294  0.109076 0.363444 1 6 1.000000
0  14.519011 -9.578405 6.809488  -0.756749 -0.138003 0.638972  0.190625 0.317933 1 6 1.000000
wheelchair.001
0  14.520000 -7.700106 0.606631  -0.766944 0.227544 -0.600018  0.152357 0.510321 1 6 1.000000
0  14.519011 -9.578407 0.390514  -0.756750 -0.138004 -0.638972  0.190625 0.517933 1 6 1.000000
0  14.518269 -6.219337 1.782110  -0.740601 0.562642 -0.367346  0.109076 0.472423 1 6 1.000000
wheelchair.001
0  16.680000 -5.700000 3.600000  0.769243 0.638764 0.015683  0.102695 0.131396 1 6 1.000000
0  16.681734 -6.219336 1.782110  0.740602 0.562643 -0.367345  0.102695 0.014396 1 6 1.000000
0  15.600002 -5.373540 2.890587  0.000001 0.977857 -0.209275  0.021803 0.072896 1 6 1.000000
wheelchair.001
0  15.600002 -6.797974 0.633829  0.000000 0.592064 -0.805891  0.021803 0.060576 1 6 1.000000
0  16.681734 -6.219336 1.782110  0.740602 0.562643 -0.367345  0.102695 0.072896 1 6 1.000000
0  16.680000 -7.700106 0.606631  0.766943 0.227543 -0.600019  0.102695 0.131395 1 6 1.000000
wheelchair.001
0  16.680000 -7.700106 0.606631  0.766943 0.227543 -0.600019  0.102695 0.131395 1 6 1.000000
0  16.680992 -9.578407 0.390514  0.756750 -0.138004 -0.638972  0.102695 0.014396 1 6 1.000000
0  15.600000 -8.940001 0.000000  -0.000000 0.021363 -0.999772  0.021803 0.007896 1 6 1.000000
wheelchair.001
0  15.600000 -10.960237 0.576501  -0.000000 -0.560157 -0.828386  0.021803 0.072896 1 6 1.000000
0  16.680992 -9.578407 0.390514  0.756750 -0.138004 -0.638972  0.102695 0.131395 1 6 1.000000
0  16.682062 -11.608988 1.672585  0.734318 -0.546482 -0.402658  0.102695 0.061810 1 6 1.000000
wheelchair.001
0  15.600002 -12.500103 2.756129  0.000001 -0.971353 -0.237643  0.021803 0.060576 1 6 1.000000
0  16.682062 -11.608988 1.672585  0.734318 -0.546482 -0.402658  0.102695 0.014396 1 6 1.000000
0  16.680000 -12.180000 3.600000  0.767483 -0.640793 0.018807  0.102695 0.131396 1 6 1.000000
wheelchair.001
0  16.680000 -12.180000 3.600000  0.767483 -0.640793 0.018807  0.102695 0.014396 1 6 1.000000
0  16.682062 -11.608988 5.527416  0.750887 -0.532075 0.391235  0.102695 0.131396 1 6 1.000000
0  15.600000 -12.265966 4.977661  -0.000000 -0.933643 0.358205  0.021803 0.137896 1 6 1.000000
wheelchair.001
0  16.682062 -11.608988 5.527416  0.750887 -0.532075 0.391235  0.102695 0.014395 1 6 1.000000
0  16.680992 -9.578406 6.809488  0.756750 -0.138003 0.638972  0.102695 0.131396 1 6 1.000000
0  15.600002 -10.960237 6.623500  0.000000 -0.548705 0.836016  0.021803 0.072896 1 6 1.000000
wheelchair.001
0  15.600000 -8.940001 7.200000  0.000000 0.021364 0.999772  0.021803 0.137896 1 6 1.000000
0  16.680992 -9.578406 6.809488  0.756750 -0.138003 0.638972  0.102695 0.072896 1 6 1.000000
0  16.680000 -7.700106 6.593369  0.766943 0.227542 0.600019  0.102695 0.014396 1 6 1.000000
wheelchair.001
0  16.680000 -7.700106 6.593369  0.766943 0.227542 0.600019  0.102695 0.131396 1 6 1.000000
0  16.681734 -6.219337 5.417890  0.763347 0.539508 0.355293  0.102695 0.014396 1 6 1.000000
0  15.600002 -6.797974 6.566172  0.000000 0.576693 0.816961  0.021803 0.060576 1 6 1.000000
wheelchair.001
0  15.600000 -5.614034 4.977661  -0.000000 0.934618 0.355655  0.021803 0.137896 1 6 1.000000
0  16.681734 -6.219337 5.417890  0.763347 0.539508 0.355293  0.102695 0.131396 1 6 1.000000
0  16.680000 -5.700000 3.600000  0.769243 0.638764 0.015683  0.102695 0.014396 1 6 1.000000
wheelchair.001
0  15.600000 -5.614034 4.977661  -0.000000 0.934618 0.355655  0.021803 0.137896 1 6 1.000000
0  15.600002 -5.373540 2.890587  0.000001 0.977857 -0.209275  0.021803 0.007896 1 6 1.000000
0  14.520000 -5.700000 3.600000  -0.769243 0.638764 0.015683  0.102695 0.014396 1 6 1.000000
wheelchair.001
0  15.600002 -6.797974 6.566172  0.000000 0.576693 0.816961  0.021803 0.060576 1 6 1.000000
0  15.600000 -5.614034 4.977661  -0.000000 0.934618 0.355655  0.021803 0.137896 1 6 1.000000
0  14.518269 -6.219337 5.417890  -0.763347 0.539507 0.355294  0.102695 0.072896 1 6 1.000000
wheelchair.001
0  15.600000 -8.940001 7.200000  0.000000 0.021364 0.999772  0.021803 0.007896 1 6 1.000000
0  15.600002 -6.797974 6.566172  0.000000 0.576693 0.816961  0.021803 0.060576 1 6 1.000000
0  14.520000 -7.700106 6.593369  -0.766944 0.227544 0.600017  0.102695 0.131396 1 6 1.000000
wheelchair.001
0  14.519011 -9.578405 6.809488  -0.756749 -0.138003 0.638972  0.102695 0.072896 1 6 1.000000
0  15.600002 -10.960237 6.623500  0.000000 -0.548705 0.836016  0.021803 0.072896 1 6 1.000000
0  15.600000 -8.940001 7.200000  0.000000 0.021364 0.999772  0.021803 0.007896 1 6 1.000000
wheelchair.001
0  15.600000 -12.265966 4.977661  -0.000000 -0.933643 0.358205  0.021803 0.007896 1 6 1.000000
0  15.600002 -10.960237 6.623500  0.000000 -0.548705 0.836016  0.021803 0.072895 1 6 1.000000
0  14.517939 -11.608988 5.527415  -0.750888 -0.532074 0.391235  0.102695 0.083981 1 6 1.000000
wheelchair.001
0  14.520000 -12.180000 3.600000  -0.767483 -0.640793 0.018807  0.102695 0.014396 1 6 1.000000
0  15.600002 -12.500103 2.756129  0.000001 -0.971353 -0.237643  0.021803 0.007896 1 6 1.000000
0  15.600000 -12.265966 4.977661  -0.000000 -0.933643 0.358205  0.021803 0.137896 1 6 1.000000
wheelchair.001
0  14.517939 -11.608988 1.672586  -0.734318 -0.546482 -0.402658  0.102695 0.061810 1 6 1.000000
0  15.600000 -10.960237 0.576501  -0.000000 -0.560157 -0.828386  0.021803 0.072896 1 6 1.000000
0  15.600002 -12.500103 2.756129  0.000001 -0.971353 -0.237643  0.021803 0.137896 1 6 1.000000
wheelchair.001
0  15.600000 -8.940001 0.000000  -0.000000 0.021363 -0.999772  0.021803 0.007896 1 6 1.000000
0  15.600000 -10.960237 0.576501  -0.000000 -0.560157 -0.828386  0.021803 0.072896 1 6 1.000000
0  14.519011 -9.578407 0.390514  -0.756750 -0.138004 -0.638972  0.102695 0.072896 1 6 1.000000
wheelchair.001
0  14.520000 -7.700106 0.606631  -0.766944 0.227544 -0.600018  0.102695 0.131396 1 6 1.000000
0  15.600002 -6.797974 0.633829  0.000000 0.592064 -0.805891  0.021803 0.060576 1 6 1.000000
0  15.600000 -8.940001 0.000000  -0.000000 0.021363 -0.999772  0.021803 0.007896 1 6 1.000000
wheelchair.001
0  14.518269 -6.219337 1.782110  -0.740601 0.562642 -0.367346  0.102695 0.072895 1 6 1.000000
0  15.600002 -5.373540 2.890587  0.000001 0.977857 -0.209275  0.021803 0.137896 1 6 1.000000
0  15.600002 -6.797974 0.633829  0.000000 0.592064 -0.805891  0.021803 0.060576 1 6 1.000000
wheelchair.001
0  -16.681734 -6.219336 1.782110  -0.740602 0.562643 -0.367345  0.102695 0.072896 1 8 1.000000
0  -15.600002 -5.373540 2.890587  -0.000001 0.977857 -0.209275  0.021803 0.137895 1 8 1.000000
0  -15.600002 -6.797974 0.633829  -0.000000 0.592064 -0.805891  0.021803 0.060576 1 8 1.000000
wheelchair.001
0  -16.680000 -7.700106 0.606631  -0.766943 0.227543 -0.600019  0.102695 0.131395 1 8 1.000000
0  -15.600002 -6.797974 0.633829  -0.000000 0.592064 -0.805891  0.021803 0.060576 1 8 1.000000
0  -15.600000 -8.940001 0.000000  0.000000 0.021363 -0.999772  0.021803 0.007896 1 8 1.000000
wheelchair.001
0  -15.600000 -8.940001 0.000000  0.000000 0.021363 -0.999772  0.021803 0.137896 1 8 1.000000
0  -15.600000 -10.960237 0.576501  0.000000 -0.560157 -0.828386  0.021803 0.072895 1 8 1.000000
0  -16.680992 -9.578407 0.390514  -0.756750 -0.138004 -0.638972  0.102695 0.072895 1 8 1.000000
wheelchair.001
0  -16.682062 -11.608988 1.672585  -0.734318 -0.546482 -0.402658  0.102695 0.061810 1 8 1.000000
0  -15.600000 -10.960237 0.576501  0.000000 -0.560157 -0.828386  0.021803 0.072896 1 8 1.000000
0  -15.600002 -12.500103 2.756129  -0.000001 -0.971353 -0.237643  0.021803 0.137896 1 8 1.000000
wheelchair.001
0  -16.680000 -12.180000 3.600000  -0.767483 -0.640793 0.018807  0.102695 0.014396 1 8 1.000000
0  -15.600002 -12.500103 2.756129  -0.000001 -0.971353 -0.237643  0.021803 0.007896 1 8 1.000000
0  -15.600000 -12.265966 4.977661  0.000000 -0.933643 0.358205  0.021803 0.137896 1 8 1.000000
wheelchair.001
0  -15.600000 -12.265966 4.977661  0.000000 -0.933643 0.358205  0.021803 0.007896 1 8 1.000000
0  -15.600002 -10.960237 6.623500  -0.000000 -0.548705 0.836016  0.021803 0.072895 1 8 1.000000
0  -16.682062 -11.608988 5.527416  -0.750887 -0.532075 0.391235  0.102695 0.083981 1 8 1.000000
wheelchair.001
0  -16.680992 -9.578406 6.809488  -0.756750 -0.138003 0.638972  0.102695 0.072896 1 8 1.000000
0  -15.600002 -10.960237 6.623500  -0.000000 -0.548705 0.836016  0.021803 0.072895 1 8 1.000000
0  -15.600000 -8.940001 7.200000  -0.000000 0.021364 0.999772  0.021803 0.137896 1 8 1.000000
wheelchair.001
0  -15.600000 -8.940001 7.200000  -0.000000 0.021364 0.999772  0.021803 0.137896 1 8 1.000000
0  -15.600002 -6.797974 6.566172  -0.000000 0.576693 0.816961  0.021803 0.085215 1 8 1.000000
0  -16.680000 -7.700106 6.593369  -0.766943 0.227542 0.600019  0.102695 0.014396 1 8 1.000000
wheelchair.001
0  -16.680992 -9.578406 6.809488  -0.756750 -0.138003 0.638972  0.171491 0.514127 1 8 1.000000
0  -16.680992 -9.578407 0.390514  -0.756750 -0.138004 -0.638972  0.171491 0.321739 1 8 1.000000
0  -16.680000 -12.180000 3.600000  -0.767483 -0.640793 0.018807  0.090625 0.417933 1 8 1.000000
wheelchair.001
0  -15.600002 -6.797974 6.566172  -0.000000 0.576693 0.816961  0.021803 0.085215 1 8 1.000000
0  -15.600000 -5.614034 4.977661  0.000000 0.934618 0.355655  0.021803 0.007896 1 8 1.000000
0  -16.681734 -6.219337 5.417890  -0.763347 0.539508 0.355293  0.102695 0.072896 1 8 1.000000
wheelchair.001
0  -15.600000 -5.614034 4.977661  0.000000 0.934618 0.355655  0.021803 0.137896 1 8 1.000000
0  -15.600002 -5.373540 2.890587  -0.000001 0.977857 -0.209275  0.021803 0.007896 1 8 1.000000
0  -16.680000 -5.700000 3.600000  -0.769243 0.638764 0.015683  0.102695 0.014396 1 8 1.000000
wheelchair.001
0  -16.680992 -9.578406 6.809488  -0.756750 -0.138003 0.638972  0.190625 0.317933 1 8 1.000000
0  -16.680000 -5.700000 3.600000  -0.769243 0.638764 0.015683  0.090625 0.417933 1 8 1.000000
0  -16.680992 -9.578407 0.390514  -0.756750 -0.138004 -0.638972  0.190625 0.517933 1 8 1.000000
wheelchair.001
0  -15.600000 -5.614034 4.977661  0.000000 0.934618 0.355655  0.021803 0.137896 1 8 1.000000
0  -14.518269 -6.219337 5.417890  0.763347 0.539507 0.355294  0.102695 0.072896 1 8 1.000000
0  -14.520000 -5.700000 3.600000  0.769243 0.638764 0.015683  0.102695 0.014396 1 8 1.000000
wheelchair.001
0  -14.520000 -7.700106 6.593369  0.766944 0.227544 0.600017  0.102695 0.014396 1 8 1.000000
0  -14.518269 -6.219337 5.417890  0.763347 0.539507 0.355294  0.102695 0.131395 1 8 1.000000
0  -15.600002 -6.797974 6.566172  -0.000000 0.576693 0.816961  0.021803 0.085215 1 8 1.000000
wheelchair.001
0  -15.600000 -8.940001 7.200000  -0.000000 0.021364 0.999772  0.021803 0.007896 1 8 1.000000
0  -14.519011 -9.578405 6.809488  0.756749 -0.138003 0.638972  0.102695 0.072896 1 8 1.000000
0  -14.520000 -7.700106 6.593369  0.766944 0.227544 0.600017  0.102695 0.131396 1 8 1.000000
wheelchair.001
0  -14.517939 -11.608988 5.527415  0.750888 -0.532074 0.391235  0.102695 0.083981 1 8 1.000000
0  -14.519011 -9.578405 6.809488  0.756749 -0.138003 0.638972  0.102695 0.014396 1 8 1.000000
0  -15.600002 -10.960237 6.623500  -0.000000 -0.548705 0.836016  0.021803 0.072895 1 8 1.000000
wheelchair.001
0  -14.520000 -12.180000 3.600000  0.767483 -0.640793 0.018807  0.102695 0.014396 1 8 1.000000
0  -14.517939 -11.608988 5.527415  0.750888 -0.532074 0.391235  0.102695 0.131396 1 8 1.000000
0  -15.600000 -12.265966 4.977661  0.000000 -0.933643 0.358205  0.021803 0.137896 1 8 1.000000
wheelchair.001
0  -15.600002 -12.500103 2.756129  -0.000001 -0.971353 -0.237643  0.021803 0.060576 1 8 1.000000
0  -14.517939 -11.608988 1.672586  0.734318 -0.546482 -0.402658  0.102695 0.014396 1 8 1.000000
0  -14.520000 -12.180000 3.600000  0.767483 -0.640793 0.018807  0.102695 0.131396 1 8 1.000000
wheelchair.001
0  -15.600000 -10.960237 0.576501  0.000000 -0.560157 -0.828386  0.021803 0.072895 1 8 1.000000
0  -14.519011 -9.578407 0.390514  0.756750 -0.138004 -0.638972  0.102695 0.014396 1 8 1.000000
0  -14.517939 -11.608988 1.672586  0.734318 -0.546482 -0.402658  0.102695 0.131396 1 8 1.000000
wheelchair.001
0  -14.520000 -7.700106 0.606631  0.766944 0.227544 -0.600018  0.102695 0.131396 1 8 1.000000
0  -14.519011 -9.578407 0.390514  0.756750 -0.138004 -0.638972  0.102695 0.072896 1 8 1.000000
0  -15.600000 -8.940001 0.000000  0.000000 0.021363 -0.999772  0.021803 0.007896 1 8 1.000000
wheelchair.001
0  -15.600002 -6.797974 0.633829  -0.000000 0.592064 -0.805891  0.021803 0.085215 1 8 1.000000
0  -14.518269 -6.219337 1.782110  0.740602 0.562642 -0.367346  0.102695 0.131396 1 8 1.000000
0  -14.520000 -7.700106 0.606631  0.766944 0.227544 -0.600018  0.102695 0.014396 1 8 1.000000
wheelchair.001
0  -14.520000 -5.700000 3.600000  0.769243 0.638764 0.015683  0.102695 0.131396 1 8 1.000000
0  -14.518269 -6.219337 1.782110  0.740602 0.562642 -0.367346  0.102695 0.014396 1 8 1.000000
0  -15.600002 -5.373540 2.890587  -0.000001 0.977857 -0.209275  0.021803 0.072896 1 8 1.000000
wheelchair.001
0  -16.680000 -5.700000 3.600000  -0.769243 0.638764 0.015683  0.090625 0.417933 1 8 1.000000
0  -16.680992 -9.578406 6.809488  -0.756750 -0.138003 0.638972  0.190625 0.317933 1 8 1.000000
0  -16.681734 -6.219337 5.417890  -0.763347 0.539508 0.355293  0.109076 0.363444 1 8 1.000000
wheelchair.001
0  -16.680000 -5.700000 3.600000  -0.769243 0.638764 0.015683  0.090625 0.417933 1 8 1.000000
0  -16.681734 -6.219336 1.782110  -0.740602 0.562643 -0.367345  0.109076 0.472423 1 8 1.000000
0  -16.680992 -9.578407 0.390514  -0.756750 -0.138004 -0.638972  0.190625 0.517933 1 8 1.000000
wheelchair.001
0  -16.680992 -9.578407 0.390514  -0.756750 -0.138004 -0.638972  0.171491 0.321739 1 8 1.000000
0  -16.682062 -11.608988 1.672585  -0.734318 -0.546482 -0.402658  0.111130 0.360370 1 8 1.000000
0  -16.680000 -12.180000 3.600000  -0.767483 -0.640793 0.018807  0.090625 0.417933 1 8 1.000000
wheelchair.001
0  -16.680000 -12.180000 3.600000  -0.767483 -0.640793 0.018807  0.090625 0.417933 1 8 1.000000
0  -16.682062 -11.608988 5.527416  -0.750887 -0.532075 0.391235  0.111130 0.475496 1 8 1.000000
0  -16.680992 -9.578406 6.809488  -0.756750 -0.138003 0.638972  0.171491 0.514127 1 8 1.000000
wheelchair.001
0  -16.680000 -7.700106 6.593369  -0.766943 0.227542 0.600019  0.152357 0.325545 1 8 1.000000
0  -16.681734 -6.219337 5.417890  -0.763347 0.539508 0.355293  0.109076 0.363444 1 8 1.000000
0  -16.680992 -9.578406 6.809488  -0.756750 -0.138003 0.638972  0.190625 0.317933 1 8 1.000000
wheelchair.001
0  -16.680000 -7.700106 0.606631  -0.766943 0.227543 -0.600019  0.152357 0.510321 1 8 1.000000
0  -16.680992 -9.578407 0.390514  -0.756750 -0.138004 -0.638972  0.190625 0.517933 1 8 1.000000
0  -16.681734 -6.219336 1.782110  -0.740602 0.562643 -0.367345  0.109076 0.472423 1 8 1.000000
wheelchair.001
0  -14.519011 -9.578407 0.390514  0.756750 -0.138004 -0.638972  0.190625 0.517933 1 8 1.000000
0  -14.520000 -5.700000 3.600000  0.769243 0.638764 0.015683  0.090625 0.417933 1 8 1.000000
0  -14.519011 -9.578405 6.809488  0.756749 -0.138003 0.638972  0.190625 0.317933 1 8 1.000000
wheelchair.001
0  -14.519011 -9.578405 6.809488  0.756749 -0.138003 0.638972  0.171491 0.514127 1 8 1.000000
0  -14.520000 -12.180000 3.600000  0.767483 -0.640793 0.018807  0.090625 0.417933 1 8 1.000000
0  -14.519011 -9.578407 0.390514  0.756750 -0.138004 -0.638972  0.171491 0.321739 1 8 1.000000
wheelchair.001
0  -14.519011 -9.578405 6.809488  0.756749 -0.138003 0.638972  0.171491 0.514127 1 8 1.000000
0  -14.517939 -11.608988 5.527415  0.750888 -0.532074 0.391235  0.111130 0.475496 1 8 1.000000
0  -14.520000 -12.180000 3.600000  0.767483 -0.640793 0.018807  0.090625 0.417933 1 8 1.000000
wheelchair.001
0  -14.518269 -6.219337 5.417890  0.763347 0.539507 0.355294  0.109076 0.363444 1 8 1.000000
0  -14.519011 -9.578405 6.809488  0.756749 -0.138003 0.638972  0.190625 0.317933 1 8 1.000000
0  -14.520000 -5.700000 3.600000  0.769243 0.638764 0.015683  0.090625 0.417933 1 8 1.000000
wheelchair.001
0  -14.519011 -9.578407 0.390514  0.756750 -0.138004 -0.638972  0.190625 0.517933 1 8 1.000000
0  -14.518269 -6.219337 1.782110  0.740602 0.562642 -0.367346  0.109076 0.472423 1 8 1.000000
0  -14.520000 -5.700000 3.600000  0.769243 0.638764 0.015683  0.090625 0.417933 1 8 1.000000
wheelchair.001
0  -14.520000 -12.180000 3.600000  0.767483 -0.640793 0.018807  0.090625 0.417933 1 8 1.000000
0  -14.517939 -11.608988 1.672586  0.734318 -0.546482 -0.402658  0.111130 0.360370 1 8 1.000000
0  -14.519011 -9.578407 0.390514  0.756750 -0.138004 -0.638972  0.171491 0.321739 1 8 1.000000
wheelchair.001
0  -14.520000 -7.700106 6.593369  0.766944 0.227544 0.600017  0.152357 0.325545 1 8 1.000000
0  -14.519011 -9.578405 6.809488  0.756749 -0.138003 0.638972  0.190625 0.317933 1 8 1.000000
0  -14.518269 -6.219337 5.417890  0.763347 0.539507 0.355294  0.109076 0.363444 1 8 1.000000
wheelchair.001
0  -14.520000 -7.700106 0.606631  0.766944 0.227544 -0.600018  0.152357 0.510321 1 8 1.000000
0  -14.518269 -6.219337 1.782110  0.740602 0.562642 -0.367346  0.109076 0.472423 1 8 1.000000
0  -14.519011 -9.578407 0.390514  0.756750 -0.138004 -0.638972  0.190625 0.517933 1 8 1.000000
wheelchair.001
0  -16.680000 -5.700000 3.600000  -0.769243 0.638764 0.015683  0.102695 0.131396 1 8 1.000000
0  -15.600002 -5.373540 2.890587  -0.000001 0.977857 -0.209275  0.021803 0.072896 1 8 1.000000
0  -16.681734 -6.219336 1.782110  -0.740602 0.562643 -0.367345  0.102695 0.014396 1 8 1.000000
wheelchair.001
0  -15.600002 -6.797974 0.633829  -0.000000 0.592064 -0.805891  0.021803 0.060576 1 8 1.000000
0  -16.680000 -7.700106 0.606631  -0.766943 0.227543 -0.600019  0.102695 0.131395 1 8 1.000000
0  -16.681734 -6.219336 1.782110  -0.740602 0.562643 -0.367345  0.102695 0.072896 1 8 1.000000
wheelchair.001
0  -16.680000 -7.700106 0.606631  -0.766943 0.227543 -0.600019  0.102695 0.131395 1 8 1.000000
0  -15.600000 -8.940001 0.000000  0.000000 0.021363 -0.999772  0.021803 0.007896 1 8 1.000000
0  -16.680992 -9.578407 0.390514  -0.756750 -0.138004 -0.638972  0.102695 0.014396 1 8 1.000000
wheelchair.001
0  -15.600000 -10.960237 0.576501  0.000000 -0.560157 -0.828386  0.021803 0.072896 1 8 1.000000
0  -16.682062 -11.608988 1.672585  -0.734318 -0.546482 -0.402658  0.102695 0.061810 1 8 1.000000
0  -16.680992 -9.578407 0.390514  -0.756750 -0.138004 -0.638972  0.102695 0.131395 1 8 1.000000
wheelchair.001
0  -15.600002 -12.500103 2.756129  -0.000001 -0.971353 -0.237643  0.021803 0.060576 1 8 1.000000
0  -16.680000 -12.180000 3.600000  -0.767483 -0.640793 0.018807  0.102695 0.131396 1 8 1.000000
0  -16.682062 -11.608988 1.672585  -0.734318 -0.546482 -0.402658  0.102695 0.014396 1 8 1.000000
wheelchair.001
0  -16.680000 -12.180000 3.600000  -0.767483 -0.640793 0.018807  0.102695 0.014396 1 8 1.000000
0  -15.600000 -12.265966 4.977661  0.000000 -0.933643 0.358205  0.021803 0.137896 1 8 1.000000
0  -16.682062 -11.608988 5.527416  -0.750887 -0.532075 0.391235  0.102695 0.131396 1 8 1.000000
wheelchair.001
0  -16.682062 -11.608988 5.527416  -0.750887 -0.532075 0.391235  0.102695 0.014395 1 8 1.000000
0  -15.600002 -10.960237 6.623500  -0.000000 -0.548705 0.836016  0.021803 0.072896 1 8 1.000000
0  -16.680992 -9.578406 6.809488  -0.756750 -0.138003 0.638972  0.102695 0.131396 1 8 1.000000
wheelchair.001
0  -15.600000 -8.940001 7.200000  -0.000000 0.021364 0.999772  0.021803 0.137896 1 8 1.000000
0  -16.680000 -7.700106 6.593369  -0.766943 0.227542 0.600019  0.102695 0.014396 1 8 1.000000
0  -16.680992 -9.578406 6.809488  -0.756750 -0.138003 0.638972  0.102695 0.072896 1 8 1.000000
wheelchair.001
0  -16.680000 -7.700106 6.593369  -0.766943 0.227542 0.600019  0.102695 0.131396 1 8 1.000000
0  -15.600002 -6.797974 6.566172  -0.000000 0.576693 0.816961  0.021803 0.060576 1 8 1.000000
0  -16.681734 -6.219337 5.417890  -0.763347 0.539508 0.355293  0.102695 0.014396 1 8 1.000000
wheelchair.001
0  -15.600000 -5.614034 4.977661  0.000000 0.934618 0.355655  0.021803 0.137896 1 8 1.000000
0  -16.680000 -5.700000 3.600000  -0.769243 0.638764 0.015683  0.102695 0.014396 1 8 1.000000
0  -16.681734 -6.219337 5.417890  -0.763347 0.539508 0.355293  0.102695 0.131396 1 8 1.000000
wheelchair.001
0  -15.600000 -5.614034 4.977661  0.000000 0.934618 0.355655  0.021803 0.137896 1 8 1.000000
0  -14.520000 -5.700000 3.600000  0.769243 0.638764 0.015683  0.102695 0.014396 1 8 1.000000
0  -15.600002 -5.373540 2.890587  -0.000001 0.977857 -0.209275  0.021803 0.007896 1 8 1.000000
wheelchair.001
0  -15.600002 -6.797974 6.566172  -0.000000 0.576693 0.816961  0.021803 0.060576 1 8 1.000000
0  -14.518269 -6.219337 5.417890  0.763347 0.539507 0.355294  0.102695 0.072896 1 8 1.000000
0  -15.600000 -5.614034 4.977661  0.000000 0.934618 0.355655  0.021803 0.137896 1 8 1.000000
wheelchair.001
0  -15.600000 -8.940001 7.200000  -0.000000 0.021364 0.999772  0.021803 0.007896 1 8 1.000000
0  -14.520000 -7.700106 6.593369  0.766944 0.227544 0.600017  0.102695 0.131396 1 8 1.000000
0  -15.600002 -6.797974 6.566172  -0.000000 0.576693 0.816961  0.021803 0.060576 1 8 1.000000
wheelchair.001
0  -14.519011 -9.578405 6.809488  0.756749 -0.138003 0.638972  0.102695 0.072896 1 8 1.000000
0  -15.600000 -8.940001 7.200000  -0.000000 0.021364 0.999772  0.021803 0.007896 1 8 1.000000
0  -15.600002 -10.960237 6.623500  -0.000000 -0.548705 0.836016  0.021803 0.072896 1 8 1.000000
wheelchair.001
0  -15.600000 -12.265966 4.977661  0.000000 -0.933643 0.358205  0.021803 0.007896 1 8 1.000000
0  -14.517939 -11.608988 5.527415  0.750888 -0.532074 0.391235  0.102695 0.083981 1 8 1.000000
0  -15.600002 -10.960237 6.623500  -0.000000 -0.548705 0.836016  0.021803 0.072895 1 8 1.000000
wheelchair.001
0  -14.520000 -12.180000 3.600000  0.767483 -0.640793 0.018807  0.102695 0.014396 1 8 1.000000
0  -15.600000 -12.265966 4.977661  0.000000 -0.933643 0.358205  0.021803 0.137896 1 8 1.000000
0  -15.600002 -12.500103 2.756129  -0.000001 -0.971353 -0.237643  0.021803 0.007896 1 8 1.000000
wheelchair.001
0  -14.517939 -11.608988 1.672586  0.734318 -0.546482 -0.402658  0.102695 0.061810 1 8 1.000000
0  -15.600002 -12.500103 2.756129  -0.000001 -0.971353 -0.237643  0.021803 0.137896 1 8 1.000000
0  -15.600000 -10.960237 0.576501  0.000000 -0.560157 -0.828386  0.021803 0.072896 1 8 1.000000
wheelchair.001
0  -15.600000 -8.940001 0.000000  0.000000 0.021363 -0.999772  0.021803 0.007896 1 8 1.000000
0  -14.519011 -9.578407 0.390514  0.756750 -0.138004 -0.638972  0.102695 0.072896 1 8 1.000000
0  -15.600000 -10.960237 0.576501  0.000000 -0.560157 -0.828386  0.021803 0.072896 1 8 1.000000
wheelchair.001
0  -14.520000 -7.700106 0.606631  0.766944 0.227544 -0.600018  0.102695 0.131396 1 8 1.000000
0  -15.600000 -8.940001 0.000000  0.000000 0.021363 -0.999772  0.021803 0.007896 1 8 1.000000
0  -15.600002 -6.797974 0.633829  -0.000000 0.592064 -0.805891  0.021803 0.060576 1 8 1.000000
wheelchair.001
0  -14.518269 -6.219337 1.782110  0.740602 0.562642 -0.367346  0.102695 0.072895 1 8 1.000000
0  -15.600002 -6.797974 0.633829  -0.000000 0.592064 -0.805891  0.021803 0.060576 1 8 1.000000
0  -15.600002 -5.373540 2.890587  -0.000001 0.977857 -0.209275  0.021803 0.137896 1 8 1.000000
wheelchair.001
0  12.599999 -2.400000 24.599998  -0.577331 -0.577360 0.577360  0.445469 0.526965 1 1 1.000000
0  12.599999 1.200000 12.599999  -0.577331 0.577360 -0.577360  0.633415 0.583349 1 1 1.000000
0  12.599999 -2.400000 12.599999  -0.577352 -0.577339 -0.577360  0.633415 0.526965 1 1 1.000000
wheelchair.001
0  12.599999 1.200000 24.599998  -0.577352 0.577339 0.577360  0.446011 0.606614 1 1 1.000000
0  15.000000 1.200000 12.599999  0.577352 0.577339 -0.577360  0.633957 0.644203 1 1 1.000000
0  12.599999 1.200000 12.599999  -0.577331 0.577360 -0.577360  0.633957 0.606614 1 1 1.000000
wheelchair.001
0  15.000000 1.200000 24.599998  0.577331 0.577360 0.577360  0.445469 0.583349 1 1 1.000000
0  15.000000 -2.400000 12.599999  0.577331 -0.577360 -0.577360  0.633415 0.526965 1 1 1.000000
0  15.000000 1.200000 12.599999  0.577352 0.577339 -0.577360  0.633415 0.583349 1 1 1.000000
wheelchair.001
0  15.000000 -2.400000 24.599998  0.577352 -0.577339 0.577360  0.446011 0.644203 1 1 1.000000
0  12.599999 -2.400000 12.599999  -0.577352 -0.577339 -0.577360  0.633957 0.606614 1 1 1.000000
0  15.000000 -2.400000 12.599999  0.577331 -0.577360 -0.577360  0.633957 0.644203 1 1 1.000000
wheelchair.001
0  15.000000 1.200000 12.599999  0.577352 0.577339 -0.577360  0.569635 0.733815 1 1 1.000000
0  12.599999 -2.400000 12.599999  -0.577352 -0.577339 -0.577360  0.637296 0.677432 1 1 1.000000
0  12.599999 1.200000 12.599999  -0.577331 0.577360 -0.577360  0.569635 0.677432 1 1 1.000000
wheelchair.001
0  12.599999 1.200000 24.599998  -0.577352 0.577339 0.577360  0.569635 0.677432 1 1 1.000000
0  15.000000 -2.400000 24.599998  0.577352 -0.577339 0.577360  0.637296 0.733815 1 1 1.000000
0  15.000000 1.200000 24.599998  0.577331 0.577360 0.577360  0.569635 0.733815 1 1 1.000000
wheelchair.001
0  14.400000 -12.000000 27.000000  -0.577356 -0.577348 0.577348  0.338770 0.708801 1 1 1.000000
0  14.400000 7.800000 25.200001  -0.577356 0.577348 -0.577348  0.638770 0.672801 1 1 1.000000
0  14.400000 -12.000000 25.200001  -0.577343 -0.577362 -0.577346  0.338770 0.672801 1 1 1.000000
wheelchair.001
0  14.400000 7.800000 27.000000  -0.577343 0.577362 0.577346  0.638770 0.708801 1 1 1.000000
0  16.799999 7.800000 25.200001  0.577343 0.577362 -0.577346  0.638770 0.672801 1 1 1.000000
0  14.400000 7.800000 25.200001  -0.577356 0.577348 -0.577348  0.638770 0.672801 1 1 1.000000
wheelchair.001
0  16.799999 7.800000 27.000000  0.577356 0.577348 0.577348  0.638770 0.708801 1 1 1.000000
0  16.799999 -12.000000 25.200001  0.577356 -0.577348 -0.577348  0.338770 0.672801 1 1 1.000000
0  16.799999 7.800000 25.200001  0.577343 0.577362 -0.577346  0.638770 0.672801 1 1 1.000000
wheelchair.001
0  16.799999 -12.000000 27.000000  0.577343 -0.577362 0.577346  0.338770 0.708801 1 1 1.000000
0  14.400000 -12.000000 25.200001  -0.577343 -0.577362 -0.577346  0.338770 0.672801 1 1 1.000000
0  16.799999 -12.000000 25.200001  0.577356 -0.577348 -0.577348  0.338770 0.672801 1 1 1.000000
wheelchair.001
0  16.799999 7.800000 25.200001  0.577343 0.577362 -0.577346  0.638770 0.672801 1 1 1.000000
0  14.400000 -12.000000 25.200001  -0.577343 -0.577362 -0.577346  0.338770 0.672801 1 1 1.000000
0  14.400000 7.800000 25.200001  -0.577356 0.577348 -0.577348  0.638770 0.672801 1 1 1.000000
wheelchair.001
0  14.400000 7.800000 27.000000  -0.577343 0.577362 0.577346  0.638770 0.708801 1 1 1.000000
0  16.799999 -12.000000 27.000000  0.577343 -0.577362 0.577346  0.338770 0.708801 1 1 1.000000
0  16.799999 7.800000 27.000000  0.577356 0.577348 0.577348  0.638770 0.708801 1 1 1.000000
wheelchair.001
0  14.700001 -1.800000 25.200001  -0.648524 -0.749108 0.135109  0.501298 0.678431 1 1 1.000000
0  13.200001 0.600000 18.000000  -0.249051 0.537529 -0.805628  0.631207 0.732559 1 1 1.000000
0  13.200001 -1.800000 18.000000  -0.249484 -0.537529 -0.805494  0.631207 0.678431 1 1 1.000000
wheelchair.001
0  16.199999 0.600000 25.200001  0.738930 0.599322 -0.307887  0.501298 0.732559 1 1 1.000000
0  13.200001 -1.800000 18.000000  -0.249484 -0.537529 -0.805494  0.631207 0.678431 1 1 1.000000
0  13.200001 0.600000 18.000000  -0.249051 0.537529 -0.805628  0.631207 0.732559 1 1 1.000000
wheelchair.001
0  12.599999 -2.400000 24.599998  -0.577331 -0.577360 0.577360  0.445469 0.526965 1 1 1.000000
0  12.599999 1.200000 24.599998  -0.577352 0.577339 0.577360  0.445469 0.583349 1 1 1.000000
0  12.599999 1.200000 12.599999  -0.577331 0.577360 -0.577360  0.633415 0.583349 1 1 1.000000
wheelchair.001
0  12.599999 1.200000 24.599998  -0.577352 0.577339 0.577360  0.446011 0.606614 1 1 1.000000
0  15.000000 1.200000 24.599998  0.577331 0.577360 0.577360  0.446011 0.644203 1 1 1.000000
0  15.000000 1.200000 12.599999  0.577352 0.577339 -0.577360  0.633957 0.644203 1 1 1.000000
wheelchair.001
0  15.000000 1.200000 24.599998  0.577331 0.577360 0.577360  0.445469 0.583349 1 1 1.000000
0  15.000000 -2.400000 24.599998  0.577352 -0.577339 0.577360  0.445469 0.526965 1 1 1.000000
0  15.000000 -2.400000 12.599999  0.577331 -0.577360 -0.577360  0.633415 0.526965 1 1 1.000000
wheelchair.001
0  15.000000 -2.400000 24.599998  0.577352 -0.577339 0.577360  0.446011 0.644203 1 1 1.000000
0  12.599999 -2.400000 24.599998  -0.577331 -0.577360 0.577360  0.446011 0.606614 1 1 1.000000
0  12.599999 -2.400000 12.599999  -0.577352 -0.577339 -0.577360  0.633957 0.606614 1 1 1.000000
wheelchair.001
0  15.000000 1.200000 12.599999  0.577352 0.577339 -0.577360  0.569635 0.733815 1 1 1.000000
0  15.000000 -2.400000 12.599999  0.577331 -0.577360 -0.577360  0.637296 0.733815 1 1 1.000000
0  12.599999 -2.400000 12.599999  -0.577352 -0.577339 -0.577360  0.637296 0.677432 1 1 1.000000
wheelchair.001
0  12.599999 1.200000 24.599998  -0.577352 0.577339 0.577360  0.569635 0.677432 1 1 1.000000
0  12.599999 -2.400000 24.599998  -0.577331 -0.577360 0.577360  0.637296 0.677432 1 1 1.000000
0  15.000000 -2.400000 24.599998  0.577352 -0.577339 0.577360  0.637296 0.733815 1 1 1.000000
wheelchair.001
0  14.400000 -12.000000 27.000000  -0.577356 -0.577348 0.577348  0.338770 0.708801 1 1 1.000000
0  14.400000 7.800000 27.000000  -0.577343 0.577362 0.577346  0.638770 0.708801 1 1 1.000000
0  14.400000 7.800000 25.200001  -0.577356 0.577348 -0.577348  0.638770 0.672801 1 1 1.000000
wheelchair.001
0  14.400000 7.800000 27.000000  -0.577343 0.577362 0.577346  0.638770 0.708801 1 1 1.000000
0  16.799999 7.800000 27.000000  0.577356 0.577348 0.577348  0.638770 0.708801 1 1 1.000000
0  16.799999 7.800000 25.200001  0.577343 0.577362 -0.577346  0.638770 0.672801 1 1 1.000000
wheelchair.001
0  16.799999 7.800000 27.000000  0.577356 0.577348 0.577348  0.638770 0.708801 1 1 1.000000
0  16.799999 -12.000000 27.000000  0.577343 -0.577362 0.577346  0.338770 0.708801 1 1 1.000000
0  16.799999 -12.000000 25.200001  0.577356 -0.577348 -0.577348  0.338770 0.672801 1 1 1.000000
wheelchair.001
0  16.799999 -12.000000 27.000000  0.577343 -0.577362 0.577346  0.338770 0.708801 1 1 1.000000
0  14.400000 -12.000000 27.000000  -0.577356 -0.577348 0.577348  0.338770 0.708801 1 1 1.000000
0  14.400000 -12.000000 25.200001  -0.577343 -0.577362 -0.577346  0.338770 0.672801 1 1 1.000000
wheelchair.001
0  16.799999 7.800000 25.200001  0.577343 0.577362 -0.577346  0.638770 0.672801 1 1 1.000000
0  16.799999 -12.000000 25.200001  0.577356 -0.577348 -0.577348  0.338770 0.672801 1 1 1.000000
0  14.400000 -12.000000 25.200001  -0.577343 -0.577362 -0.577346  0.338770 0.672801 1 1 1.000000
wheelchair.001
0  14.400000 7.800000 27.000000  -0.577343 0.577362 0.577346  0.638770 0.708801 1 1 1.000000
0  14.400000 -12.000000 27.000000  -0.577356 -0.577348 0.577348  0.338770 0.708801 1 1 1.000000
0  16.799999 -12.000000 27.000000  0.577343 -0.577362 0.577346  0.338770 0.708801 1 1 1.000000
wheelchair.001
0  14.700001 -1.800000 25.200001  -0.648524 -0.749108 0.135109  0.501298 0.678431 1 1 1.000000
0  14.700001 0.600000 25.200001  -0.648543 0.749090 0.135113  0.501298 0.732559 1 1 1.000000
0  13.200001 0.600000 18.000000  -0.249051 0.537529 -0.805628  0.631207 0.732559 1 1 1.000000
wheelchair.001
0  14.700001 0.600000 25.200001  -0.648543 0.749090 0.135113  0.695722 0.736987 1 1 1.000000
0  16.199999 0.600000 25.200001  0.738930 0.599322 -0.307887  0.710019 0.706327 1 1 1.000000
0  13.200001 0.600000 18.000000  -0.249051 0.537529 -0.805628  0.534254 0.699021 1 1 1.000000
wheelchair.001
0  16.199999 0.600000 25.200001  0.738930 0.599322 -0.307887  0.501298 0.732559 1 1 1.000000
0  16.199999 -1.800000 25.200001  0.738944 -0.599303 -0.307893  0.501298 0.678431 1 1 1.000000
0  13.200001 -1.800000 18.000000  -0.249484 -0.537529 -0.805494  0.631207 0.678431 1 1 1.000000
wheelchair.001
0  13.200001 -1.800000 18.000000  -0.249484 -0.537529 -0.805494  0.534254 0.699021 1 1 1.000000
0  16.199999 -1.800000 25.200001  0.738944 -0.599303 -0.307893  0.710019 0.706327 1 1 1.000000
0  14.700001 -1.800000 25.200001  -0.648524 -0.749108 0.135109  0.695722 0.736987 1 1 1.000000
wheelchair.001
0  -12.599999 -2.400000 24.599998  0.577331 -0.577360 0.577360  0.445469 0.526965 1 1 1.000000
0  -12.599999 -2.400000 12.599999  0.577352 -0.577339 -0.577360  0.633415 0.526965 1 1 1.000000
0  -12.599999 1.200000 12.599999  0.577331 0.577360 -0.577360  0.633415 0.583349 1 1 1.000000
wheelchair.001
0  -12.599999 1.200000 24.599998  0.577352 0.577339 0.577360  0.446011 0.606614 1 1 1.000000
0  -12.599999 1.200000 12.599999  0.577331 0.577360 -0.577360  0.633957 0.606614 1 1 1.000000
0  -15.000000 1.200000 12.599999  -0.577352 0.577339 -0.577360  0.633957 0.644203 1 1 1.000000
wheelchair.001
0  -15.000000 1.200000 24.599998  -0.577331 0.577360 0.577360  0.445469 0.583349 1 1 1.000000
0  -15.000000 1.200000 12.599999  -0.577352 0.577339 -0.577360  0.633415 0.583349 1 1 1.000000
0  -15.000000 -2.400000 12.599999  -0.577331 -0.577360 -0.577360  0.633415 0.526965 1 1 1.000000
wheelchair.001
0  -15.000000 -2.400000 24.599998  -0.577352 -0.577339 0.577360  0.446011 0.644203 1 1 1.000000
0  -15.000000 -2.400000 12.599999  -0.577331 -0.577360 -0.577360  0.633957 0.644203 1 1 1.000000
0  -12.599999 -2.400000 12.599999  0.577352 -0.577339 -0.577360  0.633957 0.606614 1 1 1.000000
wheelchair.001
0  -15.000000 1.200000 12.599999  -0.577352 0.577339 -0.577360  0.569635 0.733815 1 1 1.000000
0  -12.599999 1.200000 12.599999  0.577331 0.577360 -0.577360  0.569635 0.677432 1 1 1.000000
0  -12.599999 -2.400000 12.599999  0.577352 -0.577339 -0.577360  0.637296 0.677432 1 1 1.000000
wheelchair.001
0  -12.599999 1.200000 24.599998  0.577352 0.577339 0.577360  0.569635 0.677432 1 1 1.000000
0  -15.000000 1.200000 24.599998  -0.577331 0.577360 0.577360  0.569635 0.733815 1 1 1.000000
0  -15.000000 -2.400000 24.599998  -0.577352 -0.577339 0.577360  0.637296 0.733815 1 1 1.000000
wheelchair.001
0  -14.400000 -12.000000 27.000000  0.577356 -0.577348 0.577348  0.338770 0.708801 1 1 1.000000
0  -14.400000 -12.000000 25.200001  0.577343 -0.577362 -0.577346  0.338770 0.672801 1 1 1.000000
0  -14.400000 7.800000 25.200001  0.577356 0.577348 -0.577348  0.638770 0.672801 1 1 1.000000
wheelchair.001
0  -14.400000 7.800000 27.000000  0.577343 0.577362 0.577346  0.638770 0.708801 1 1 1.000000
0  -14.400000 7.800000 25.200001  0.577356 0.577348 -0.577348  0.638770 0.672801 1 1 1.000000
0  -16.799999 7.800000 25.200001  -0.577343 0.577362 -0.577346  0.638770 0.672801 1 1 1.000000
wheelchair.001
0  -16.799999 7.800000 27.000000  -0.577356 0.577348 0.577348  0.638770 0.708801 1 1 1.000000
0  -16.799999 7.800000 25.200001  -0.577343 0.577362 -0.577346  0.638770 0.672801 1 1 1.000000
0  -16.799999 -12.000000 25.200001  -0.577356 -0.577348 -0.577348  0.338770 0.672801 1 1 1.000000
wheelchair.001
0  -16.799999 -12.000000 27.000000  -0.577343 -0.577362 0.577346  0.338770 0.708801 1 1 1.000000
0  -16.799999 -12.000000 25.200001  -0.577356 -0.577348 -0.577348  0.338770 0.672801 1 1 1.000000
0  -14.400000 -12.000000 25.200001  0.577343 -0.577362 -0.577346  0.338770 0.672801 1 1 1.000000
wheelchair.001
0  -16.799999 7.800000 25.200001  -0.577343 0.577362 -0.577346  0.638770 0.672801 1 1 1.000000
0  -14.400000 7.800000 25.200001  0.577356 0.577348 -0.577348  0.638770 0.672801 1 1 1.000000
0  -14.400000 -12.000000 25.200001  0.577343 -0.577362 -0.577346  0.338770 0.672801 1 1 1.000000
wheelchair.001
0  -14.400000 7.800000 27.000000  0.577343 0.577362 0.577346  0.638770 0.708801 1 1 1.000000
0  -16.799999 7.800000 27.000000  -0.577356 0.577348 0.577348  0.638770 0.708801 1 1 1.000000
0  -16.799999 -12.000000 27.000000  -0.577343 -0.577362 0.577346  0.338770 0.708801 1 1 1.000000
wheelchair.001
0  -14.700001 -1.800000 25.200001  0.648524 -0.749108 0.135109  0.501298 0.678431 1 1 1.000000
0  -13.200001 -1.800000 18.000000  0.249484 -0.537529 -0.805494  0.631207 0.678431 1 1 1.000000
0  -13.200001 0.600000 18.000000  0.249051 0.537529 -0.805628  0.631207 0.732559 1 1 1.000000
wheelchair.001
0  -16.199999 0.600000 25.200001  -0.738930 0.599322 -0.307887  0.501298 0.732559 1 1 1.000000
0  -13.200001 0.600000 18.000000  0.249051 0.537529 -0.805628  0.631207 0.732559 1 1 1.000000
0  -13.200001 -1.800000 18.000000  0.249484 -0.537529 -0.805494  0.631207 0.678431 1 1 1.000000
wheelchair.001
0  -12.599999 -2.400000 24.599998  0.577331 -0.577360 0.577360  0.445469 0.526965 1 1 1.000000
0  -12.599999 1.200000 12.599999  0.577331 0.577360 -0.577360  0.633415 0.583349 1 1 1.000000
0  -12.599999 1.200000 24.599998  0.577352 0.577339 0.577360  0.445469 0.583349 1 1 1.000000
wheelchair.001
0  -12.599999 1.200000 24.599998  0.577352 0.577339 0.577360  0.446011 0.606614 1 1 1.000000
0  -15.000000 1.200000 12.599999  -0.577352 0.577339 -0.577360  0.633957 0.644203 1 1 1.000000
0  -15.000000 1.200000 24.599998  -0.577331 0.577360 0.577360  0.446011 0.644203 1 1 1.000000
wheelchair.001
0  -15.000000 1.200000 24.599998  -0.577331 0.577360 0.577360  0.445469 0.583349 1 1 1.000000
0  -15.000000 -2.400000 12.599999  -0.577331 -0.577360 -0.577360  0.633415 0.526965 1 1 1.000000
0  -15.000000 -2.400000 24.599998  -0.577352 -0.577339 0.577360  0.445469 0.526965 1 1 1.000000
wheelchair.001
0  -15.000000 -2.400000 24.599998  -0.577352 -0.577339 0.577360  0.446011 0.644203 1 1 1.000000
0  -12.599999 -2.400000 12.599999  0.577352 -0.577339 -0.577360  0.633957 0.606614 1 1 1.000000
0  -12.599999 -2.400000 24.599998  0.577331 -0.577360 0.577360  0.446011 0.606614 1 1 1.000000
wheelchair.001
0  -15.000000 1.200000 12.599999  -0.577352 0.577339 -0.577360  0.569635 0.733815 1 1 1.000000
0  -12.599999 -2.400000 12.599999  0.577352 -0.577339 -0.577360  0.637296 0.677432 1 1 1.000000
0  -15.000000 -2.400000 12.599999  -0.577331 -0.577360 -0.577360  0.637296 0.733815 1 1 1.000000
wheelchair.001
0  -12.599999 1.200000 24.599998  0.577352 0.577339 0.577360  0.569635 0.677432 1 1 1.000000
0  -15.000000 -2.400000 24.599998  -0.577352 -0.577339 0.577360  0.637296 0.733815 1 1 1.000000
0  -12.599999 -2.400000 24.599998  0.577331 -0.577360 0.577360  0.637296 0.677432 1 1 1.000000
wheelchair.001
0  -14.400000 -12.000000 27.000000  0.577356 -0.577348 0.577348  0.338770 0.708801 1 1 1.000000
0  -14.400000 7.800000 25.200001  0.577356 0.577348 -0.577348  0.638770 0.672801 1 1 1.000000
0  -14.400000 7.800000 27.000000  0.577343 0.577362 0.577346  0.638770 0.708801 1 1 1.000000
wheelchair.001
0  -14.400000 7.800000 27.000000  0.577343 0.577362 0.577346  0.638770 0.708801 1 1 1.000000
0  -16.799999 7.800000 25.200001  -0.577343 0.577362 -0.577346  0.638770 0.672801 1 1 1.000000
0  -16.799999 7.800000 27.000000  -0.577356 0.577348 0.577348  0.638770 0.708801 1 1 1.000000
wheelchair.001
0  -16.799999 7.800000 27.000000  -0.577356 0.577348 0.577348  0.638770 0.708801 1 1 1.000000
0  -16.799999 -12.000000 25.200001  -0.577356 -0.577348 -0.577348  0.338770 0.672801 1 1 1.000000
0  -16.799999 -12.000000 27.000000  -0.577343 -0.577362 0.577346  0.338770 0.708801 1 1 1.000000
wheelchair.001
0  -16.799999 -12.000000 27.000000  -0.577343 -0.577362 0.577346  0.338770 0.708801 1 1 1.000000
0  -14.400000 -12.000000 25.200001  0.577343 -0.577362 -0.577346  0.338770 0.672801 1 1 1.000000
0  -14.400000 -12.000000 27.000000  0.577356 -0.577348 0.577348  0.338770 0.708801 1 1 1.000000
wheelchair.001
0  -16.799999 7.800000 25.200001  -0.577343 0.577362 -0.577346  0.638770 0.672801 1 1 1.000000
0  -14.400000 -12.000000 25.200001  0.577343 -0.577362 -0.577346  0.338770 0.672801 1 1 1.000000
0  -16.799999 -12.000000 25.200001  -0.577356 -0.577348 -0.577348  0.338770 0.672801 1 1 1.000000
wheelchair.001
0  -14.400000 7.800000 27.000000  0.577343 0.577362 0.577346  0.638770 0.708801 1 1 1.000000
0  -16.799999 -12.000000 27.000000  -0.577343 -0.577362 0.577346  0.338770 0.708801 1 1 1.000000
0  -14.400000 -12.000000 27.000000  0.577356 -0.577348 0.577348  0.338770 0.708801 1 1 1.000000
wheelchair.001
0  -14.700001 -1.800000 25.200001  0.648524 -0.749108 0.135109  0.501298 0.678431 1 1 1.000000
0  -13.200001 0.600000 18.000000  0.249051 0.537529 -0.805628  0.631207 0.732559 1 1 1.000000
0  -14.700001 0.600000 25.200001  0.648543 0.749090 0.135113  0.501298 0.732559 1 1 1.000000
wheelchair.001
0  -14.700001 0.600000 25.200001  0.648543 0.749090 0.135113  0.695722 0.736987 1 1 1.000000
0  -13.200001 0.600000 18.000000  0.249051 0.537529 -0.805628  0.534254 0.699021 1 1 1.000000
0  -16.199999 0.600000 25.200001  -0.738930 0.599322 -0.307887  0.710019 0.706327 1 1 1.000000
wheelchair.001
0  -16.199999 0.600000 25.200001  -0.738930 0.599322 -0.307887  0.501298 0.732559 1 1 1.000000
0  -13.200001 -1.800000 18.000000  0.249484 -0.537529 -0.805494  0.631207 0.678431 1 1 1.000000
0  -16.199999 -1.800000 25.200001  -0.738944 -0.599303 -0.307893  0.501298 0.678431 1 1 1.000000
wheelchair.001
0  -13.200001 -1.800000 18.000000  0.249484 -0.537529 -0.805494  0.534254 0.699021 1 1 1.000000
0  -14.700001 -1.800000 25.200001  0.648524 -0.749108 0.135109  0.695722 0.736987 1 1 1.000000
0  -16.199999 -1.800000 25.200001  -0.738944 -0.599303 -0.307893  0.710019 0.706327 1 1 1.000000
wheelchair.001
0  12.600023 23.795719 51.015213  0.007846 0.208859 0.977914  0.994299 0.279707 1 1 1.000000
0  13.828499 27.385120 48.266682  0.912814 0.380548 -0.148166  0.959857 0.371411 1 1 1.000000
0  12.053670 27.909191 49.046181  -0.425953 0.711685 0.558631  0.982243 0.366466 1 1 1.000000
wheelchair.001
0  10.744652 23.259048 49.801651  -0.997559 -0.056776 0.040642  0.946760 0.278922 1 1 1.000000
0  12.053670 27.909191 49.046181  -0.425953 0.711685 0.558631  0.982243 0.366466 1 1 1.000000
0  12.103835 27.364845 47.330982  -0.397868 0.187874 -0.898000  0.938936 0.381627 1 1 1.000000
wheelchair.001
0  13.828499 27.385120 48.266682  0.912814 0.380548 -0.148166  0.959857 0.371411 1 1 1.000000
0  12.828579 23.100786 48.734047  0.116886 -0.218747 -0.968756  0.902251 0.284428 1 1 1.000000
0  12.103835 27.364845 47.330982  -0.397868 0.187874 -0.898000  0.938936 0.381627 1 1 1.000000
wheelchair.001
0  13.146790 17.720097 49.667686  0.959309 0.095830 -0.265600  0.951492 0.175855 1 1 1.000000
0  12.828579 23.100786 48.734047  0.116886 -0.218747 -0.968756  0.902251 0.284428 1 1 1.000000
0  14.329259 23.267221 49.880936  0.995669 0.012413 0.092141  0.948191 0.279713 1 1 1.000000
wheelchair.001
0  12.934067 18.239326 50.830101  0.344363 -0.268751 0.899548  0.985513 0.176581 1 1 1.000000
0  14.329259 23.267221 49.880936  0.995669 0.012413 0.092141  0.948191 0.279713 1 1 1.000000
0  12.600023 23.795719 51.015213  0.007846 0.208859 0.977914  0.994299 0.279707 1 1 1.000000
wheelchair.001
0  10.744652 23.259048 49.801651  -0.997559 -0.056776 0.040642  0.946760 0.278922 1 1 1.000000
0  12.934067 18.239326 50.830101  0.344363 -0.268751 0.899548  0.985513 0.176581 1 1 1.000000
0  12.600023 23.795719 51.015213  0.007846 0.208859 0.977914  0.994299 0.279830 1 1 1.000000
wheelchair.001
0  12.828579 23.100786 48.734047  0.116886 -0.218747 -0.968756  0.902679 0.284910 1 1 1.000000
0  12.245270 18.522652 49.392437  -0.517007 -0.074275 -0.852753  0.942891 0.177248 1 1 1.000000
0  10.744652 23.259048 49.801651  -0.997559 -0.056776 0.040642  0.946760 0.278922 1 1 1.000000
wheelchair.001
0  13.146790 17.720097 49.667686  0.959309 0.095830 -0.265600  0.003538 0.864496 1 1 1.000000
0  12.600002 16.235697 48.045216  -0.043661 0.812268 -0.581647  0.003624 0.872241 1 1 1.000000
0  12.245270 18.522652 49.392437  -0.517007 -0.074275 -0.852753  0.003496 0.879945 1 1 1.000000
wheelchair.001
0  12.135050 15.436644 49.080353  -0.544181 -0.606911 0.579245  0.003631 0.837876 1 1 1.000000
0  12.934067 18.239326 50.830101  0.344363 -0.268751 0.899548  0.003466 0.849114 1 1 1.000000
0  11.988950 18.141922 50.376938  -0.839812 -0.201889 0.503941  0.003508 0.833363 1 1 1.000000
wheelchair.001
0  13.361311 13.359863 43.054115  0.992705 -0.113913 -0.039512  0.003558 0.855706 1 1 1.000000
0  12.600002 16.235697 48.045216  -0.043661 0.812268 -0.581647  0.003624 0.872241 1 1 1.000000
0  13.146790 17.720097 49.667686  0.959309 0.095830 -0.265600  0.003538 0.864496 1 1 1.000000
wheelchair.001
0  12.566061 12.765286 44.038826  -0.031355 -0.961133 0.274299  0.003506 0.842391 1 1 1.000000
0  13.226225 15.416916 48.784721  0.721750 -0.522578 0.453860  0.003616 0.853142 1 1 1.000000
0  12.135050 15.436644 49.080353  -0.544181 -0.606911 0.579245  0.003631 0.837876 1 1 1.000000
wheelchair.001
0  12.600002 16.235697 48.045216  -0.043661 0.812268 -0.581647  0.003624 0.872241 1 1 1.000000
0  11.853396 13.444276 43.277035  -0.998824 -0.038843 -0.029016  0.003792 0.880938 1 1 1.000000
0  11.988950 18.141922 50.376938  -0.839812 -0.201889 0.503941  0.003672 0.881974 1 1 1.000000
wheelchair.001
0  13.361311 13.359863 43.054115  0.992705 -0.113913 -0.039512  0.003558 0.855706 1 1 1.000000
0  12.623110 14.099399 42.861233  0.031063 0.975433 -0.218097  0.003567 0.870960 1 1 1.000000
0  12.600002 16.235697 48.045216  -0.043661 0.812268 -0.581647  0.003624 0.872241 1 1 1.000000
wheelchair.001
0  12.566061 12.765286 44.038826  -0.031355 -0.961133 0.274299  0.003506 0.842391 1 1 1.000000
0  13.361311 13.359863 43.054115  0.992705 -0.113913 -0.039512  0.003558 0.855706 1 1 1.000000
0  13.226225 15.416916 48.784721  0.721750 -0.522578 0.453860  0.003616 0.853142 1 1 1.000000
wheelchair.001
0  11.853396 13.444276 43.277035  -0.998824 -0.038843 -0.029016  0.003531 0.829124 1 1 1.000000
0  12.566061 12.765286 44.038826  -0.031355 -0.961133 0.274299  0.003506 0.842391 1 1 1.000000
0  12.135050 15.436644 49.080353  -0.544181 -0.606911 0.579245  0.003631 0.837876 1 1 1.000000
wheelchair.001
0  12.623110 14.099399 42.861233  0.031063 0.975433 -0.218097  0.003567 0.870960 1 1 1.000000
0  11.853396 13.444276 43.277035  -0.998824 -0.038843 -0.029016  0.003792 0.880938 1 1 1.000000
0  12.600002 16.235697 48.045216  -0.043661 0.812268 -0.581647  0.003624 0.872241 1 1 1.000000
wheelchair.001
0  12.196138 11.631859 24.697025  -0.615062 -0.765333 0.189645  0.004817 0.833587 1 1 1.000000
0  13.361311 13.359863 43.054115  0.992705 -0.113913 -0.039512  0.003558 0.855706 1 1 1.000000
0  12.566061 12.765286 44.038826  -0.031355 -0.961133 0.274299  0.003506 0.842391 1 1 1.000000
wheelchair.001
0  12.196138 11.631859 24.697025  -0.615062 -0.765333 0.189645  0.004817 0.833587 1 1 1.000000
0  12.566061 12.765286 44.038826  -0.031355 -0.961133 0.274299  0.003506 0.842391 1 1 1.000000
0  11.853396 13.444276 43.277035  -0.998824 -0.038843 -0.029016  0.003531 0.829124 1 1 1.000000
wheelchair.001
0  12.623110 14.099399 42.861233  0.031063 0.975433 -0.218097  0.003567 0.870960 1 1 1.000000
0  12.285481 12.694271 24.801811  -0.401139 0.908763 -0.115057  0.004843 0.869101 1 1 1.000000
0  11.853396 13.444276 43.277035  -0.998824 -0.038843 -0.029016  0.003792 0.880938 1 1 1.000000
wheelchair.001
0  12.070312 9.967006 17.754597  -0.046338 -0.790705 0.610440  0.005324 0.841795 1 1 1.000000
0  13.218248 12.177954 25.667101  0.998956 -0.045672 0.000899  0.004758 0.855959 1 1 1.000000
0  12.196138 11.631859 24.697025  -0.615062 -0.765333 0.189645  0.004817 0.833587 1 1 1.000000
wheelchair.001
0  12.558765 9.787054 17.143898  0.990282 -0.092728 0.103648  0.005367 0.848623 1 1 1.000000
0  12.487098 11.210244 17.822716  0.478238 0.816221 -0.324147  0.005293 0.861361 1 1 1.000000
0  13.218248 12.177954 25.667101  0.998956 -0.045672 0.000899  0.004758 0.855959 1 1 1.000000
wheelchair.001
0  11.507452 10.023855 17.412039  -0.893748 -0.192664 0.405087  0.005346 0.834090 1 1 1.000000
0  12.070312 9.967006 17.754597  -0.046338 -0.790705 0.610440  0.005324 0.841795 1 1 1.000000
0  12.196138 11.631859 24.697025  -0.615062 -0.765333 0.189645  0.004817 0.833587 1 1 1.000000
wheelchair.001
0  12.285481 12.694271 24.801811  -0.401139 0.908763 -0.115057  0.005079 0.826272 1 1 1.000000
0  11.507452 10.023855 17.412039  -0.893748 -0.192664 0.405087  0.005346 0.834090 1 1 1.000000
0  12.196138 11.631859 24.697025  -0.615062 -0.765333 0.189645  0.004817 0.833587 1 1 1.000000
wheelchair.001
0  12.558765 9.787054 17.143898  0.990282 -0.092728 0.103648  0.005367 0.848623 1 1 1.000000
0  12.347689 9.807799 15.999454  0.821642 0.194896 -0.535649  0.005435 0.856426 1 1 1.000000
0  12.487098 11.210244 17.822716  0.478238 0.816221 -0.324147  0.005293 0.861361 1 1 1.000000
wheelchair.001
0  11.403051 -15.034172 18.527737  0.975045 -0.109166 0.193314  0.004857 0.637417 1 1 1.000000
0  10.506670 -16.238779 10.139934  -0.505589 0.836182 -0.212555  0.002988 0.624283 1 1 1.000000
0  10.468720 -14.661600 18.036549  -0.541833 0.594836 -0.593791  0.004890 0.624863 1 1 1.000000
wheelchair.001
0  10.800000 -15.514519 18.834768  0.074608 -0.710405 0.699827  0.004861 0.647480 1 1 1.000000
0  11.443512 -16.864653 10.208856  0.994015 -0.109026 0.006914  0.002975 0.636706 1 1 1.000000
0  11.403051 -15.034172 18.527737  0.975045 -0.109166 0.193314  0.004857 0.637417 1 1 1.000000
wheelchair.001
0  10.553092 -17.327797 10.254513  -0.472602 -0.869308 0.144743  0.002967 0.650701 1 1 1.000000
0  10.800000 -15.514519 18.834768  0.074608 -0.710405 0.699827  0.004861 0.647480 1 1 1.000000
0  10.277952 -15.271732 18.587870  -0.856708 -0.366001 0.363448  0.004860 0.655001 1 1 1.000000
wheelchair.001
0  10.506670 -16.238779 10.139934  -0.505589 0.836182 -0.212555  0.002985 0.667192 1 1 1.000000
0  10.277952 -15.271732 18.587870  -0.856708 -0.366001 0.363448  0.004860 0.655001 1 1 1.000000
0  10.468720 -14.661600 18.036549  -0.541833 0.594836 -0.593791  0.004870 0.665985 1 1 1.000000
wheelchair.001
0  11.446081 -12.191603 19.012732  0.952194 0.009080 0.305358  0.005001 0.635861 1 1 1.000000
0  10.468720 -14.661600 18.036549  -0.541833 0.594836 -0.593791  0.004890 0.624863 1 1 1.000000
0  10.473469 -12.407465 18.464458  -0.647340 -0.265869 -0.714328  0.004984 0.624333 1 1 1.000000
wheelchair.001
0  10.800000 -15.514519 18.834768  0.074608 -0.710405 0.699827  0.004861 0.647480 1 1 1.000000
0  11.446081 -12.191603 19.012732  0.952194 0.009080 0.305358  0.005001 0.635861 1 1 1.000000
0  10.439579 -11.859028 19.488323  -0.425699 0.307894 0.850871  0.005002 0.651199 1 1 1.000000
wheelchair.001
0  10.473469 -12.407465 18.464458  -0.647340 -0.265869 -0.714328  0.004984 0.666613 1 1 1.000000
0  10.277952 -15.271732 18.587870  -0.856708 -0.366001 0.363448  0.004860 0.655001 1 1 1.000000
0  10.439579 -11.859028 19.488323  -0.425699 0.307894 0.850871  0.005002 0.651199 1 1 1.000000
wheelchair.001
0  11.370096 10.565846 10.231556  0.347706 0.639557 -0.685615  0.003866 0.646972 1 1 1.000000
0  11.313214 10.386966 16.601313  -0.689635 0.721248 -0.064848  0.003417 0.662222 1 1 1.000000
0  12.347689 9.807799 15.999454  0.821642 0.194896 -0.535649  0.003444 0.639304 1 1 1.000000
wheelchair.001
0  11.436368 9.572209 11.285430  0.824696 -0.484770 0.291332  0.003895 0.630859 1 1 1.000000
0  12.347689 9.807799 15.999454  0.821642 0.194896 -0.535649  0.003444 0.639304 1 1 1.000000
0  11.154793 9.566732 16.186836  -0.950240 -0.281796 -0.132795  0.003465 0.627357 1 1 1.000000
wheelchair.001
0  11.313214 10.386966 16.601313  -0.689635 0.721248 -0.064848  0.003417 0.662222 1 1 1.000000
0  9.929346 10.090480 10.899481  -0.935244 0.305212 -0.179345  0.003885 0.669660 1 1 1.000000
0  11.154793 9.566732 16.186836  -0.950240 -0.281796 -0.132795  0.003453 0.674386 1 1 1.000000
wheelchair.001
0  11.715427 -10.452512 10.820907  0.941744 -0.196872 -0.272689  0.004941 0.637678 1 1 1.000000
0  11.370096 10.565846 10.231556  0.347706 0.639557 -0.685615  0.003866 0.646972 1 1 1.000000
0  11.436368 9.572209 11.285430  0.824696 -0.484770 0.291332  0.003895 0.630859 1 1 1.000000
wheelchair.001
0  9.929346 10.090480 10.899481  -0.935244 0.305212 -0.179345  0.003885 0.669660 1 1 1.000000
0  10.156456 -9.951500 11.338076  -0.835746 0.357649 0.416673  0.004912 0.678352 1 1 1.000000
0  11.436368 9.572209 11.285430  0.824696 -0.484770 0.291332  0.003902 0.685673 1 1 1.000000
wheelchair.001
0  10.232710 -11.188617 10.264553  -0.364991 -0.673951 -0.642317  0.004969 0.661178 1 1 1.000000
0  9.929346 10.090480 10.899481  -0.935244 0.305212 -0.179345  0.003885 0.669660 1 1 1.000000
0  11.370096 10.565846 10.231556  0.347706 0.639557 -0.685615  0.003866 0.646972 1 1 1.000000
wheelchair.001
0  11.715427 -10.452512 10.820907  0.941744 -0.196872 -0.272689  0.004941 0.637678 1 1 1.000000
0  10.917449 -11.237990 17.192900  0.164585 -0.829918 -0.533056  0.005473 0.654647 1 1 1.000000
0  10.232710 -11.188617 10.264553  -0.364991 -0.673951 -0.642317  0.004969 0.661178 1 1 1.000000
wheelchair.001
0  10.281158 -10.137592 16.356323  -0.908923 0.283764 -0.305512  0.005385 0.625839 1 1 1.000000
0  11.715427 -10.452512 10.820907  0.941744 -0.196872 -0.272689  0.004941 0.637678 1 1 1.000000
0  10.156456 -9.951500 11.338076  -0.835746 0.357649 0.416673  0.004910 0.621113 1 1 1.000000
wheelchair.001
0  10.232710 -11.188617 10.264553  -0.364991 -0.673951 -0.642317  0.004969 0.661178 1 1 1.000000
0  10.281158 -10.137592 16.356323  -0.908923 0.283764 -0.305512  0.005404 0.676947 1 1 1.000000
0  10.156456 -9.951500 11.338076  -0.835746 0.357649 0.416673  0.004912 0.678352 1 1 1.000000
wheelchair.001
0  10.281158 -10.137592 16.356323  -0.908923 0.283764 -0.305512  0.005525 0.661892 1 1 1.000000
0  10.473469 -12.407465 18.464458  -0.647340 -0.265869 -0.714328  0.004984 0.666613 1 1 1.000000
0  10.439579 -11.859028 19.488323  -0.425699 0.307894 0.850871  0.005002 0.651199 1 1 1.000000
wheelchair.001
0  10.804217 -10.094980 17.588898  -0.059176 0.517034 0.853917  0.005552 0.647820 1 1 1.000000
0  11.446081 -12.191603 19.012732  0.952194 0.009080 0.305358  0.005001 0.635861 1 1 1.000000
0  11.372837 -10.580273 16.810116  0.998120 0.002049 -0.061257  0.005528 0.633032 1 1 1.000000
wheelchair.001
0  10.917449 -11.237990 17.192900  0.164585 -0.829918 -0.533056  0.005430 0.625819 1 1 1.000000
0  11.446081 -12.191603 19.012732  0.952194 0.009080 0.305358  0.005001 0.635861 1 1 1.000000
0  10.473469 -12.407465 18.464458  -0.647340 -0.265869 -0.714328  0.004984 0.624333 1 1 1.000000
wheelchair.001
0  11.507452 10.023855 17.412039  -0.893748 -0.192664 0.405087  0.005391 0.766650 1 1 1.000000
0  10.804217 -10.094980 17.588898  -0.059176 0.517034 0.853917  0.002703 0.760081 1 1 1.000000
0  12.070312 9.967006 17.754597  -0.046338 -0.790705 0.610440  0.005381 0.758972 1 1 1.000000
wheelchair.001
0  12.558765 9.787054 17.143898  0.990282 -0.092728 0.103648  0.005393 0.751321 1 1 1.000000
0  10.804217 -10.094980 17.588898  -0.059176 0.517034 0.853917  0.002703 0.760081 1 1 1.000000
0  11.372837 -10.580273 16.810116  0.998120 0.002049 -0.061257  0.002644 0.746551 1 1 1.000000
wheelchair.001
0  12.347689 9.807799 15.999454  0.821642 0.194896 -0.535649  0.005406 0.738307 1 1 1.000000
0  10.281158 -10.137592 16.356323  -0.908923 0.283764 -0.305512  0.002700 0.729363 1 1 1.000000
0  11.154793 9.566732 16.186836  -0.950240 -0.281796 -0.132795  0.005400 0.723489 1 1 1.000000
wheelchair.001
0  11.313214 10.386966 16.601313  -0.689635 0.721248 -0.064848  0.005360 0.823639 1 1 1.000000
0  11.154793 9.566732 16.186836  -0.950240 -0.281796 -0.132795  0.005425 0.824884 1 1 1.000000
0  11.507452 10.023855 17.412039  -0.893748 -0.192664 0.405087  0.005346 0.834090 1 1 1.000000
wheelchair.001
0  10.281158 -10.137592 16.356323  -0.908923 0.283764 -0.305512  0.002656 0.774652 1 1 1.000000
0  11.507452 10.023855 17.412039  -0.893748 -0.192664 0.405087  0.005391 0.766650 1 1 1.000000
0  11.154793 9.566732 16.186836  -0.950240 -0.281796 -0.132795  0.005408 0.779156 1 1 1.000000
wheelchair.001
0  10.917449 -11.237990 17.192900  0.164585 -0.829918 -0.533056  0.005432 0.670691 1 1 1.000000
0  10.473469 -12.407465 18.464458  -0.647340 -0.265869 -0.714328  0.004984 0.666613 1 1 1.000000
0  10.281158 -10.137592 16.356323  -0.908923 0.283764 -0.305512  0.005525 0.661892 1 1 1.000000
wheelchair.001
0  10.917449 -11.237990 17.192900  0.164585 -0.829918 -0.533056  0.005430 0.625819 1 1 1.000000
0  11.372837 -10.580273 16.810116  0.998120 0.002049 -0.061257  0.005528 0.633032 1 1 1.000000
0  11.446081 -12.191603 19.012732  0.952194 0.009080 0.305358  0.005001 0.635861 1 1 1.000000
wheelchair.001
0  10.804217 -10.094980 17.588898  -0.059176 0.517034 0.853917  0.005552 0.647820 1 1 1.000000
0  10.439579 -11.859028 19.488323  -0.425699 0.307894 0.850871  0.005002 0.651199 1 1 1.000000
0  11.446081 -12.191603 19.012732  0.952194 0.009080 0.305358  0.005001 0.635861 1 1 1.000000
wheelchair.001
0  10.804217 -10.094980 17.588898  -0.059176 0.517034 0.853917  0.005552 0.647820 1 1 1.000000
0  10.281158 -10.137592 16.356323  -0.908923 0.283764 -0.305512  0.005525 0.661892 1 1 1.000000
0  10.439579 -11.859028 19.488323  -0.425699 0.307894 0.850871  0.005002 0.651199 1 1 1.000000
wheelchair.001
0  13.361311 13.359863 43.054115  0.992705 -0.113913 -0.039512  0.003558 0.855706 1 1 1.000000
0  12.285481 12.694271 24.801811  -0.401139 0.908763 -0.115057  0.004843 0.869101 1 1 1.000000
0  12.623110 14.099399 42.861233  0.031063 0.975433 -0.218097  0.003567 0.870960 1 1 1.000000
wheelchair.001
0  12.103835 27.364845 47.330982  -0.397868 0.187874 -0.898000  0.938936 0.381627 1 1 1.000000
0  12.053670 27.909191 49.046181  -0.425953 0.711685 0.558631  0.982243 0.366466 1 1 1.000000
0  12.600025 28.496464 47.922012  0.019735 0.954696 -0.296928  0.994299 0.402478 1 1 1.000000
wheelchair.001
0  12.053670 27.909191 49.046181  -0.425953 0.711685 0.558631  0.982243 0.366466 1 1 1.000000
0  13.828499 27.385120 48.266682  0.912814 0.380548 -0.148166  0.959857 0.371411 1 1 1.000000
0  12.600025 28.496464 47.922012  0.019735 0.954696 -0.296928  0.994299 0.402027 1 1 1.000000
wheelchair.001
0  13.828499 27.385120 48.266682  0.912814 0.380548 -0.148166  0.959857 0.371411 1 1 1.000000
0  12.103835 27.364845 47.330982  -0.397868 0.187874 -0.898000  0.938936 0.381627 1 1 1.000000
0  12.600025 28.496464 47.922012  0.019735 0.954696 -0.296928  0.994299 0.402027 1 1 1.000000
wheelchair.001
0  10.799999 -9.900001 12.180001  0.000000 0.764171 0.645014  0.876701 0.636924 1 1 1.000000
0  14.999998 -9.900001 10.380001  0.000000 0.707108 -0.707106  0.960701 0.672924 1 1 1.000000
0  10.799999 -9.900001 10.380001  0.000000 0.764186 -0.644996  0.876701 0.672924 1 1 1.000000
wheelchair.001
0  14.999998 -11.100000 12.180001  0.000000 -0.707093 0.707121  0.960701 0.732924 1 1 1.000000
0  11.099999 -11.100000 10.380001  0.000000 -0.654232 -0.756294  0.882701 0.696924 1 1 1.000000
0  14.999998 -11.100000 10.380001  0.000000 -0.707107 -0.707107  0.960701 0.696924 1 1 1.000000
wheelchair.001
0  14.999998 -9.900001 10.380001  0.000000 0.707108 -0.707106  0.960701 0.672924 1 1 1.000000
0  11.099999 -11.100000 10.380001  0.000000 -0.654232 -0.756294  0.882701 0.696924 1 1 1.000000
0  10.799999 -9.900001 10.380001  0.000000 0.764186 -0.644996  0.876701 0.672924 1 1 1.000000
wheelchair.001
0  14.999998 -9.900001 12.180001  0.000000 0.707124 0.707089  0.960701 0.756924 1 1 1.000000
0  11.099999 -11.100000 12.180001  0.000000 -0.654247 0.756281  0.882701 0.732924 1 1 1.000000
0  14.999998 -11.100000 12.180001  0.000000 -0.707093 0.707121  0.960701 0.732924 1 1 1.000000
wheelchair.001
0  12.600023 23.795719 51.015213  0.007846 0.208859 0.977914  0.994299 0.279707 1 1 1.000000
0  14.329259 23.267221 49.880936  0.995669 0.012413 0.092141  0.948191 0.279713 1 1 1.000000
0  13.828499 27.385120 48.266682  0.912814 0.380548 -0.148166  0.959857 0.371411 1 1 1.000000
wheelchair.001
0  12.053670 27.909191 49.046181  -0.425953 0.711685 0.558631  0.982243 0.366466 1 1 1.000000
0  10.744652 23.259048 49.801651  -0.997559 -0.056776 0.040642  0.946760 0.278922 1 1 1.000000
0  12.600023 23.795719 51.015213  0.007846 0.208859 0.977914  0.994299 0.279830 1 1 1.000000
wheelchair.001
0  12.828579 23.100786 48.734047  0.116886 -0.218747 -0.968756  0.902679 0.284910 1 1 1.000000
0  10.744652 23.259048 49.801651  -0.997559 -0.056776 0.040642  0.946760 0.278922 1 1 1.000000
0  12.103835 27.364845 47.330982  -0.397868 0.187874 -0.898000  0.938936 0.381627 1 1 1.000000
wheelchair.001
0  13.828499 27.385120 48.266682  0.912814 0.380548 -0.148166  0.959857 0.371411 1 1 1.000000
0  14.329259 23.267221 49.880936  0.995669 0.012413 0.092141  0.948191 0.279713 1 1 1.000000
0  12.828579 23.100786 48.734047  0.116886 -0.218747 -0.968756  0.902251 0.284428 1 1 1.000000
wheelchair.001
0  13.146790 17.720097 49.667686  0.959309 0.095830 -0.265600  0.951492 0.175855 1 1 1.000000
0  12.245270 18.522652 49.392437  -0.517007 -0.074275 -0.852753  0.942891 0.177248 1 1 1.000000
0  12.828579 23.100786 48.734047  0.116886 -0.218747 -0.968756  0.902251 0.284428 1 1 1.000000
wheelchair.001
0  12.934067 18.239326 50.830101  0.344363 -0.268751 0.899548  0.985513 0.176581 1 1 1.000000
0  13.146790 17.720097 49.667686  0.959309 0.095830 -0.265600  0.951492 0.175855 1 1 1.000000
0  14.329259 23.267221 49.880936  0.995669 0.012413 0.092141  0.948191 0.279713 1 1 1.000000
wheelchair.001
0  10.744652 23.259048 49.801651  -0.997559 -0.056776 0.040642  0.946760 0.278922 1 1 1.000000
0  11.988950 18.141922 50.376938  -0.839812 -0.201889 0.503941  0.967235 0.183301 1 1 1.000000
0  12.934067 18.239326 50.830101  0.344363 -0.268751 0.899548  0.985513 0.176581 1 1 1.000000
wheelchair.001
0  10.744652 23.259048 49.801651  -0.997559 -0.056776 0.040642  0.946760 0.278922 1 1 1.000000
0  12.245270 18.522652 49.392437  -0.517007 -0.074275 -0.852753  0.942891 0.177248 1 1 1.000000
0  11.988950 18.141922 50.376938  -0.839812 -0.201889 0.503941  0.967235 0.183301 1 1 1.000000
wheelchair.001
0  12.934067 18.239326 50.830101  0.344363 -0.268751 0.899548  0.003466 0.849114 1 1 1.000000
0  13.226225 15.416916 48.784721  0.721750 -0.522578 0.453860  0.003616 0.853142 1 1 1.000000
0  13.146790 17.720097 49.667686  0.959309 0.095830 -0.265600  0.003538 0.864496 1 1 1.000000
wheelchair.001
0  12.934067 18.239326 50.830101  0.344363 -0.268751 0.899548  0.003466 0.849114 1 1 1.000000
0  12.135050 15.436644 49.080353  -0.544181 -0.606911 0.579245  0.003631 0.837876 1 1 1.000000
0  13.226225 15.416916 48.784721  0.721750 -0.522578 0.453860  0.003616 0.853142 1 1 1.000000
wheelchair.001
0  12.600002 16.235697 48.045216  -0.043661 0.812268 -0.581647  0.003624 0.872241 1 1 1.000000
0  11.988950 18.141922 50.376938  -0.839812 -0.201889 0.503941  0.003672 0.881974 1 1 1.000000
0  12.245270 18.522652 49.392437  -0.517007 -0.074275 -0.852753  0.003496 0.879945 1 1 1.000000
wheelchair.001
0  13.226225 15.416916 48.784721  0.721750 -0.522578 0.453860  0.003616 0.853142 1 1 1.000000
0  13.361311 13.359863 43.054115  0.992705 -0.113913 -0.039512  0.003558 0.855706 1 1 1.000000
0  13.146790 17.720097 49.667686  0.959309 0.095830 -0.265600  0.003538 0.864496 1 1 1.000000
wheelchair.001
0  11.988950 18.141922 50.376938  -0.839812 -0.201889 0.503941  0.003508 0.833363 1 1 1.000000
0  11.853396 13.444276 43.277035  -0.998824 -0.038843 -0.029016  0.003531 0.829124 1 1 1.000000
0  12.135050 15.436644 49.080353  -0.544181 -0.606911 0.579245  0.003631 0.837876 1 1 1.000000
wheelchair.001
0  12.196138 11.631859 24.697025  -0.615062 -0.765333 0.189645  0.004817 0.833587 1 1 1.000000
0  13.218248 12.177954 25.667101  0.998956 -0.045672 0.000899  0.004758 0.855959 1 1 1.000000
0  13.361311 13.359863 43.054115  0.992705 -0.113913 -0.039512  0.003558 0.855706 1 1 1.000000
wheelchair.001
0  11.853396 13.444276 43.277035  -0.998824 -0.038843 -0.029016  0.003792 0.880938 1 1 1.000000
0  12.285481 12.694271 24.801811  -0.401139 0.908763 -0.115057  0.004843 0.869101 1 1 1.000000
0  12.196138 11.631859 24.697025  -0.615062 -0.765333 0.189645  0.004730 0.881416 1 1 1.000000
wheelchair.001
0  13.218248 12.177954 25.667101  0.998956 -0.045672 0.000899  0.004758 0.855959 1 1 1.000000
0  12.487098 11.210244 17.822716  0.478238 0.816221 -0.324147  0.005293 0.861361 1 1 1.000000
0  12.285481 12.694271 24.801811  -0.401139 0.908763 -0.115057  0.004843 0.869101 1 1 1.000000
wheelchair.001
0  12.070312 9.967006 17.754597  -0.046338 -0.790705 0.610440  0.005324 0.841795 1 1 1.000000
0  12.558765 9.787054 17.143898  0.990282 -0.092728 0.103648  0.005367 0.848623 1 1 1.000000
0  13.218248 12.177954 25.667101  0.998956 -0.045672 0.000899  0.004758 0.855959 1 1 1.000000
wheelchair.001
0  12.285481 12.694271 24.801811  -0.401139 0.908763 -0.115057  0.005079 0.826272 1 1 1.000000
0  11.313214 10.386966 16.601313  -0.689635 0.721248 -0.064848  0.005360 0.823639 1 1 1.000000
0  11.507452 10.023855 17.412039  -0.893748 -0.192664 0.405087  0.005346 0.834090 1 1 1.000000
wheelchair.001
0  12.285481 12.694271 24.801811  -0.401139 0.908763 -0.115057  0.004843 0.869101 1 1 1.000000
0  12.487098 11.210244 17.822716  0.478238 0.816221 -0.324147  0.005293 0.861361 1 1 1.000000
0  11.313214 10.386966 16.601313  -0.689635 0.721248 -0.064848  0.005385 0.874716 1 1 1.000000
wheelchair.001
0  12.347689 9.807799 15.999454  0.821642 0.194896 -0.535649  0.005435 0.856426 1 1 1.000000
0  11.313214 10.386966 16.601313  -0.689635 0.721248 -0.064848  0.005385 0.874716 1 1 1.000000
0  12.487098 11.210244 17.822716  0.478238 0.816221 -0.324147  0.005293 0.861361 1 1 1.000000
wheelchair.001
0  11.403051 -15.034172 18.527737  0.975045 -0.109166 0.193314  0.004857 0.637417 1 1 1.000000
0  11.443512 -16.864653 10.208856  0.994015 -0.109026 0.006914  0.002975 0.636706 1 1 1.000000
0  10.506670 -16.238779 10.139934  -0.505589 0.836182 -0.212555  0.002988 0.624283 1 1 1.000000
wheelchair.001
0  10.800000 -15.514519 18.834768  0.074608 -0.710405 0.699827  0.004861 0.647480 1 1 1.000000
0  10.553092 -17.327797 10.254513  -0.472602 -0.869308 0.144743  0.002967 0.650701 1 1 1.000000
0  11.443512 -16.864653 10.208856  0.994015 -0.109026 0.006914  0.002975 0.636706 1 1 1.000000
wheelchair.001
0  10.506670 -16.238779 10.139934  -0.505589 0.836182 -0.212555  0.002985 0.667192 1 1 1.000000
0  10.553092 -17.327797 10.254513  -0.472602 -0.869308 0.144743  0.002967 0.650701 1 1 1.000000
0  10.277952 -15.271732 18.587870  -0.856708 -0.366001 0.363448  0.004860 0.655001 1 1 1.000000
wheelchair.001
0  11.446081 -12.191603 19.012732  0.952194 0.009080 0.305358  0.005001 0.635861 1 1 1.000000
0  11.403051 -15.034172 18.527737  0.975045 -0.109166 0.193314  0.004857 0.637417 1 1 1.000000
0  10.468720 -14.661600 18.036549  -0.541833 0.594836 -0.593791  0.004890 0.624863 1 1 1.000000
wheelchair.001
0  10.800000 -15.514519 18.834768  0.074608 -0.710405 0.699827  0.004861 0.647480 1 1 1.000000
0  11.403051 -15.034172 18.527737  0.975045 -0.109166 0.193314  0.004857 0.637417 1 1 1.000000
0  11.446081 -12.191603 19.012732  0.952194 0.009080 0.305358  0.005001 0.635861 1 1 1.000000
wheelchair.001
0  10.439579 -11.859028 19.488323  -0.425699 0.307894 0.850871  0.005002 0.651199 1 1 1.000000
0  10.277952 -15.271732 18.587870  -0.856708 -0.366001 0.363448  0.004860 0.655001 1 1 1.000000
0  10.800000 -15.514519 18.834768  0.074608 -0.710405 0.699827  0.004861 0.647480 1 1 1.000000
wheelchair.001
0  10.473469 -12.407465 18.464458  -0.647340 -0.265869 -0.714328  0.004984 0.666613 1 1 1.000000
0  10.468720 -14.661600 18.036549  -0.541833 0.594836 -0.593791  0.004870 0.665985 1 1 1.000000
0  10.277952 -15.271732 18.587870  -0.856708 -0.366001 0.363448  0.004860 0.655001 1 1 1.000000
wheelchair.001
0  11.436368 9.572209 11.285430  0.824696 -0.484770 0.291332  0.003895 0.630859 1 1 1.000000
0  11.370096 10.565846 10.231556  0.347706 0.639557 -0.685615  0.003866 0.646972 1 1 1.000000
0  12.347689 9.807799 15.999454  0.821642 0.194896 -0.535649  0.003444 0.639304 1 1 1.000000
wheelchair.001
0  11.154793 9.566732 16.186836  -0.950240 -0.281796 -0.132795  0.003453 0.674386 1 1 1.000000
0  9.929346 10.090480 10.899481  -0.935244 0.305212 -0.179345  0.003885 0.669660 1 1 1.000000
0  11.436368 9.572209 11.285430  0.824696 -0.484770 0.291332  0.003902 0.685673 1 1 1.000000
wheelchair.001
0  11.313214 10.386966 16.601313  -0.689635 0.721248 -0.064848  0.003417 0.662222 1 1 1.000000
0  11.370096 10.565846 10.231556  0.347706 0.639557 -0.685615  0.003866 0.646972 1 1 1.000000
0  9.929346 10.090480 10.899481  -0.935244 0.305212 -0.179345  0.003885 0.669660 1 1 1.000000
wheelchair.001
0  11.715427 -10.452512 10.820907  0.941744 -0.196872 -0.272689  0.004941 0.637678 1 1 1.000000
0  10.232710 -11.188617 10.264553  -0.364991 -0.673951 -0.642317  0.004969 0.661178 1 1 1.000000
0  11.370096 10.565846 10.231556  0.347706 0.639557 -0.685615  0.003866 0.646972 1 1 1.000000
wheelchair.001
0  11.436368 9.572209 11.285430  0.824696 -0.484770 0.291332  0.003895 0.630859 1 1 1.000000
0  10.156456 -9.951500 11.338076  -0.835746 0.357649 0.416673  0.004910 0.621113 1 1 1.000000
0  11.715427 -10.452512 10.820907  0.941744 -0.196872 -0.272689  0.004941 0.637678 1 1 1.000000
wheelchair.001
0  9.929346 10.090480 10.899481  -0.935244 0.305212 -0.179345  0.003885 0.669660 1 1 1.000000
0  10.232710 -11.188617 10.264553  -0.364991 -0.673951 -0.642317  0.004969 0.661178 1 1 1.000000
0  10.156456 -9.951500 11.338076  -0.835746 0.357649 0.416673  0.004912 0.678352 1 1 1.000000
wheelchair.001
0  11.715427 -10.452512 10.820907  0.941744 -0.196872 -0.272689  0.004941 0.637678 1 1 1.000000
0  11.372837 -10.580273 16.810116  0.998120 0.002049 -0.061257  0.005443 0.640649 1 1 1.000000
0  10.917449 -11.237990 17.192900  0.164585 -0.829918 -0.533056  0.005473 0.654647 1 1 1.000000
wheelchair.001
0  10.281158 -10.137592 16.356323  -0.908923 0.283764 -0.305512  0.005385 0.625839 1 1 1.000000
0  11.372837 -10.580273 16.810116  0.998120 0.002049 -0.061257  0.005443 0.640649 1 1 1.000000
0  11.715427 -10.452512 10.820907  0.941744 -0.196872 -0.272689  0.004941 0.637678 1 1 1.000000
wheelchair.001
0  10.917449 -11.237990 17.192900  0.164585 -0.829918 -0.533056  0.005473 0.654647 1 1 1.000000
0  10.281158 -10.137592 16.356323  -0.908923 0.283764 -0.305512  0.005404 0.676947 1 1 1.000000
0  10.232710 -11.188617 10.264553  -0.364991 -0.673951 -0.642317  0.004969 0.661178 1 1 1.000000
wheelchair.001
0  11.507452 10.023855 17.412039  -0.893748 -0.192664 0.405087  0.005391 0.766650 1 1 1.000000
0  10.281158 -10.137592 16.356323  -0.908923 0.283764 -0.305512  0.002656 0.774652 1 1 1.000000
0  10.804217 -10.094980 17.588898  -0.059176 0.517034 0.853917  0.002703 0.760081 1 1 1.000000
wheelchair.001
0  12.558765 9.787054 17.143898  0.990282 -0.092728 0.103648  0.005393 0.751321 1 1 1.000000
0  12.070312 9.967006 17.754597  -0.046338 -0.790705 0.610440  0.005381 0.758972 1 1 1.000000
0  10.804217 -10.094980 17.588898  -0.059176 0.517034 0.853917  0.002703 0.760081 1 1 1.000000
wheelchair.001
0  12.347689 9.807799 15.999454  0.821642 0.194896 -0.535649  0.005406 0.738307 1 1 1.000000
0  11.372837 -10.580273 16.810116  0.998120 0.002049 -0.061257  0.002644 0.746551 1 1 1.000000
0  10.281158 -10.137592 16.356323  -0.908923 0.283764 -0.305512  0.002700 0.729363 1 1 1.000000
wheelchair.001
0  11.372837 -10.580273 16.810116  0.998120 0.002049 -0.061257  0.002644 0.746551 1 1 1.000000
0  12.347689 9.807799 15.999454  0.821642 0.194896 -0.535649  0.005406 0.738307 1 1 1.000000
0  12.558765 9.787054 17.143898  0.990282 -0.092728 0.103648  0.005393 0.751321 1 1 1.000000
wheelchair.001
0  13.361311 13.359863 43.054115  0.992705 -0.113913 -0.039512  0.003558 0.855706 1 1 1.000000
0  13.218248 12.177954 25.667101  0.998956 -0.045672 0.000899  0.004758 0.855959 1 1 1.000000
0  12.285481 12.694271 24.801811  -0.401139 0.908763 -0.115057  0.004843 0.869101 1 1 1.000000
wheelchair.001
0  10.799999 -9.900001 12.180001  0.000000 0.764171 0.645014  0.876701 0.636924 1 1 1.000000
0  14.999998 -9.900001 12.180001  0.000000 0.707124 0.707089  0.960701 0.636924 1 1 1.000000
0  14.999998 -9.900001 10.380001  0.000000 0.707108 -0.707106  0.960701 0.672924 1 1 1.000000
wheelchair.001
0  14.999998 -11.100000 12.180001  0.000000 -0.707093 0.707121  0.960701 0.732924 1 1 1.000000
0  11.099999 -11.100000 12.180001  0.000000 -0.654247 0.756281  0.882701 0.732924 1 1 1.000000
0  11.099999 -11.100000 10.380001  0.000000 -0.654232 -0.756294  0.882701 0.696924 1 1 1.000000
wheelchair.001
0  14.999998 -9.900001 10.380001  0.000000 0.707108 -0.707106  0.960701 0.672924 1 1 1.000000
0  14.999998 -11.100000 10.380001  0.000000 -0.707107 -0.707107  0.960701 0.696924 1 1 1.000000
0  11.099999 -11.100000 10.380001  0.000000 -0.654232 -0.756294  0.882701 0.696924 1 1 1.000000
wheelchair.001
0  14.999998 -9.900001 12.180001  0.000000 0.707124 0.707089  0.960701 0.756924 1 1 1.000000
0  10.799999 -9.900001 12.180001  0.000000 0.764171 0.645014  0.876701 0.756924 1 1 1.000000
0  11.099999 -11.100000 12.180001  0.000000 -0.654247 0.756281  0.882701 0.732924 1 1 1.000000
wheelchair.001
0  -12.600023 23.795719 51.015213  -0.007843 0.208859 0.977914  0.994299 0.279707 1 1 1.000000
0  -12.053670 27.909193 49.046181  0.425953 0.711686 0.558630  0.982243 0.366466 1 1 1.000000
0  -13.828499 27.385122 48.266682  -0.912814 0.380548 -0.148166  0.959857 0.371411 1 1 1.000000
wheelchair.001
0  -10.744654 23.259054 49.801651  0.997559 -0.056776 0.040641  0.946760 0.278922 1 1 1.000000
0  -12.103835 27.364849 47.330982  0.397867 0.187874 -0.898000  0.938936 0.381627 1 1 1.000000
0  -12.053670 27.909193 49.046181  0.425953 0.711686 0.558630  0.982243 0.366466 1 1 1.000000
wheelchair.001
0  -13.828499 27.385122 48.266682  -0.912814 0.380548 -0.148166  0.959857 0.371411 1 1 1.000000
0  -12.103835 27.364849 47.330982  0.397867 0.187874 -0.898000  0.938936 0.381627 1 1 1.000000
0  -12.828579 23.100786 48.734047  -0.116888 -0.218747 -0.968755  0.902251 0.284428 1 1 1.000000
wheelchair.001
0  -13.146790 17.720098 49.667686  -0.959309 0.095829 -0.265600  0.951492 0.175855 1 1 1.000000
0  -14.329259 23.267225 49.880939  -0.995668 0.012414 0.092145  0.948191 0.279713 1 1 1.000000
0  -12.828579 23.100786 48.734047  -0.116888 -0.218747 -0.968755  0.902251 0.284428 1 1 1.000000
wheelchair.001
0  -12.934067 18.239326 50.830101  -0.344363 -0.268751 0.899548  0.985513 0.176581 1 1 1.000000
0  -12.600023 23.795719 51.015213  -0.007843 0.208859 0.977914  0.994299 0.279707 1 1 1.000000
0  -14.329259 23.267225 49.880939  -0.995668 0.012414 0.092145  0.948191 0.279713 1 1 1.000000
wheelchair.001
0  -10.744654 23.259054 49.801651  0.997559 -0.056776 0.040641  0.946760 0.278922 1 1 1.000000
0  -12.600023 23.795719 51.015213  -0.007843 0.208859 0.977914  0.994299 0.279830 1 1 1.000000
0  -12.934067 18.239326 50.830101  -0.344363 -0.268751 0.899548  0.985513 0.176581 1 1 1.000000
wheelchair.001
0  -12.828579 23.100786 48.734047  -0.116888 -0.218747 -0.968755  0.902679 0.284910 1 1 1.000000
0  -10.744654 23.259054 49.801651  0.997559 -0.056776 0.040641  0.946760 0.278922 1 1 1.000000
0  -12.245270 18.522652 49.392437  0.517004 -0.074276 -0.852754  0.942891 0.177248 1 1 1.000000
wheelchair.001
0  -13.146790 17.720098 49.667686  -0.959309 0.095829 -0.265600  0.003538 0.864496 1 1 1.000000
0  -12.245270 18.522652 49.392437  0.517004 -0.074276 -0.852754  0.003496 0.879945 1 1 1.000000
0  -12.600002 16.235695 48.045216  0.043662 0.812268 -0.581648  0.003624 0.872241 1 1 1.000000
wheelchair.001
0  -12.135050 15.436644 49.080353  0.544181 -0.606911 0.579245  0.003631 0.837876 1 1 1.000000
0  -11.988950 18.141922 50.376938  0.839812 -0.201889 0.503941  0.003508 0.833363 1 1 1.000000
0  -12.934067 18.239326 50.830101  -0.344363 -0.268751 0.899548  0.003466 0.849114 1 1 1.000000
wheelchair.001
0  -13.361311 13.359863 43.054115  -0.992705 -0.113913 -0.039512  0.003558 0.855706 1 1 1.000000
0  -13.146790 17.720098 49.667686  -0.959309 0.095829 -0.265600  0.003538 0.864496 1 1 1.000000
0  -12.600002 16.235695 48.045216  0.043662 0.812268 -0.581648  0.003624 0.872241 1 1 1.000000
wheelchair.001
0  -12.566061 12.765285 44.038826  0.031355 -0.961133 0.274299  0.003506 0.842391 1 1 1.000000
0  -12.135050 15.436644 49.080353  0.544181 -0.606911 0.579245  0.003631 0.837876 1 1 1.000000
0  -13.226225 15.416917 48.784721  -0.721750 -0.522578 0.453860  0.003616 0.853142 1 1 1.000000
wheelchair.001
0  -12.600002 16.235695 48.045216  0.043662 0.812268 -0.581648  0.003624 0.872241 1 1 1.000000
0  -11.988950 18.141922 50.376938  0.839812 -0.201889 0.503941  0.003672 0.881974 1 1 1.000000
0  -11.853396 13.444277 43.277039  0.998824 -0.038842 -0.029016  0.003792 0.880938 1 1 1.000000
wheelchair.001
0  -13.361311 13.359863 43.054115  -0.992705 -0.113913 -0.039512  0.003558 0.855706 1 1 1.000000
0  -12.600002 16.235695 48.045216  0.043662 0.812268 -0.581648  0.003624 0.872241 1 1 1.000000
0  -12.623110 14.099399 42.861233  -0.031064 0.975433 -0.218096  0.003567 0.870960 1 1 1.000000
wheelchair.001
0  -12.566061 12.765285 44.038826  0.031355 -0.961133 0.274299  0.003506 0.842391 1 1 1.000000
0  -13.226225 15.416917 48.784721  -0.721750 -0.522578 0.453860  0.003616 0.853142 1 1 1.000000
0  -13.361311 13.359863 43.054115  -0.992705 -0.113913 -0.039512  0.003558 0.855706 1 1 1.000000
wheelchair.001
0  -11.853396 13.444277 43.277039  0.998824 -0.038842 -0.029016  0.003531 0.829124 1 1 1.000000
0  -12.135050 15.436644 49.080353  0.544181 -0.606911 0.579245  0.003631 0.837876 1 1 1.000000
0  -12.566061 12.765285 44.038826  0.031355 -0.961133 0.274299  0.003506 0.842391 1 1 1.000000
wheelchair.001
0  -12.623110 14.099399 42.861233  -0.031064 0.975433 -0.218096  0.003567 0.870960 1 1 1.000000
0  -12.600002 16.235695 48.045216  0.043662 0.812268 -0.581648  0.003624 0.872241 1 1 1.000000
0  -11.853396 13.444277 43.277039  0.998824 -0.038842 -0.029016  0.003792 0.880938 1 1 1.000000
wheelchair.001
0  -12.196138 11.631859 24.697020  0.615061 -0.765333 0.189645  0.004817 0.833587 1 1 1.000000
0  -12.566061 12.765285 44.038826  0.031355 -0.961133 0.274299  0.003506 0.842391 1 1 1.000000
0  -13.361311 13.359863 43.054115  -0.992705 -0.113913 -0.039512  0.003558 0.855706 1 1 1.000000
wheelchair.001
0  -12.196138 11.631859 24.697020  0.615061 -0.765333 0.189645  0.004817 0.833587 1 1 1.000000
0  -11.853396 13.444277 43.277039  0.998824 -0.038842 -0.029016  0.003531 0.829124 1 1 1.000000
0  -12.566061 12.765285 44.038826  0.031355 -0.961133 0.274299  0.003506 0.842391 1 1 1.000000
wheelchair.001
0  -12.623110 14.099399 42.861233  -0.031064 0.975433 -0.218096  0.003567 0.870960 1 1 1.000000
0  -11.853396 13.444277 43.277039  0.998824 -0.038842 -0.029016  0.003792 0.880938 1 1 1.000000
0  -12.285480 12.694270 24.801804  0.401140 0.908762 -0.115057  0.004843 0.869101 1 1 1.000000
wheelchair.001
0  -12.070312 9.967007 17.754597  0.046342 -0.790705 0.610440  0.005324 0.841795 1 1 1.000000
0  -12.196138 11.631859 24.697020  0.615061 -0.765333 0.189645  0.004817 0.833587 1 1 1.000000
0  -13.218249 12.177953 25.667091  -0.998956 -0.045672 0.000899  0.004758 0.855959 1 1 1.000000
wheelchair.001
0  -12.558765 9.787053 17.143898  -0.990282 -0.092728 0.103649  0.005367 0.848623 1 1 1.000000
0  -13.218249 12.177953 25.667091  -0.998956 -0.045672 0.000899  0.004758 0.855959 1 1 1.000000
0  -12.487098 11.210245 17.822718  -0.478239 0.816221 -0.324147  0.005293 0.861361 1 1 1.000000
wheelchair.001
0  -11.507452 10.023856 17.412039  0.893748 -0.192664 0.405086  0.005346 0.834090 1 1 1.000000
0  -12.196138 11.631859 24.697020  0.615061 -0.765333 0.189645  0.004817 0.833587 1 1 1.000000
0  -12.070312 9.967007 17.754597  0.046342 -0.790705 0.610440  0.005324 0.841795 1 1 1.000000
wheelchair.001
0  -12.285480 12.694270 24.801804  0.401140 0.908762 -0.115057  0.005079 0.826272 1 1 1.000000
0  -12.196138 11.631859 24.697020  0.615061 -0.765333 0.189645  0.004817 0.833587 1 1 1.000000
0  -11.507452 10.023856 17.412039  0.893748 -0.192664 0.405086  0.005346 0.834090 1 1 1.000000
wheelchair.001
0  -12.558765 9.787053 17.143898  -0.990282 -0.092728 0.103649  0.005367 0.848623 1 1 1.000000
0  -12.487098 11.210245 17.822718  -0.478239 0.816221 -0.324147  0.005293 0.861361 1 1 1.000000
0  -12.347689 9.807799 15.999454  -0.821642 0.194896 -0.535649  0.005435 0.856426 1 1 1.000000
wheelchair.001
0  -11.403051 -15.034172 18.527737  -0.973242 -0.105273 0.204251  0.004857 0.637417 1 1 1.000000
0  -10.468720 -14.661600 18.036549  0.547321 0.610557 -0.572416  0.004890 0.624863 1 1 1.000000
0  -11.093332 -16.238779 10.139934  -0.509981 0.824321 -0.245794  0.002985 0.627781 1 1 1.000000
wheelchair.001
0  -10.800001 -15.514519 18.834768  -0.069724 -0.713247 0.697436  0.004861 0.647480 1 1 1.000000
0  -11.403051 -15.034172 18.527737  -0.973242 -0.105273 0.204251  0.004857 0.637417 1 1 1.000000
0  -11.046911 -17.327797 10.254513  -0.470384 -0.871435 0.139068  0.002967 0.644274 1 1 1.000000
wheelchair.001
0  -10.156490 -16.864653 10.208856  0.992395 -0.121994 -0.016423  0.002975 0.658267 1 1 1.000000
0  -10.277952 -15.271734 18.587868  0.853523 -0.374828 0.361942  0.004860 0.655001 1 1 1.000000
0  -10.800001 -15.514519 18.834768  -0.069724 -0.713247 0.697436  0.004861 0.647480 1 1 1.000000
wheelchair.001
0  -10.156490 -16.864653 10.208856  0.992395 -0.121994 -0.016423  0.002975 0.658267 1 1 1.000000
0  -10.468720 -14.661600 18.036549  0.547321 0.610557 -0.572416  0.004870 0.665985 1 1 1.000000
0  -10.277952 -15.271734 18.587868  0.853523 -0.374828 0.361942  0.004860 0.655001 1 1 1.000000
wheelchair.001
0  -11.446081 -12.191603 19.012732  -0.952194 0.009080 0.305358  0.005001 0.635861 1 1 1.000000
0  -10.473469 -12.407465 18.464458  0.647340 -0.265869 -0.714328  0.004984 0.624333 1 1 1.000000
0  -10.468720 -14.661600 18.036549  0.547321 0.610557 -0.572416  0.004890 0.624863 1 1 1.000000
wheelchair.001
0  -10.800001 -15.514519 18.834768  -0.069724 -0.713247 0.697436  0.004861 0.647480 1 1 1.000000
0  -10.439579 -11.859028 19.488323  0.425699 0.307894 0.850871  0.005002 0.651199 1 1 1.000000
0  -11.446081 -12.191603 19.012732  -0.952194 0.009080 0.305358  0.005001 0.635861 1 1 1.000000
wheelchair.001
0  -10.473469 -12.407465 18.464458  0.647340 -0.265869 -0.714328  0.004984 0.666613 1 1 1.000000
0  -10.439579 -11.859028 19.488323  0.425699 0.307894 0.850871  0.005002 0.651199 1 1 1.000000
0  -10.277952 -15.271734 18.587868  0.853523 -0.374828 0.361942  0.004860 0.655001 1 1 1.000000
wheelchair.001
0  -11.370095 10.565846 10.231556  -0.347706 0.639557 -0.685615  0.003866 0.646972 1 1 1.000000
0  -12.347689 9.807799 15.999454  -0.821642 0.194896 -0.535649  0.003444 0.639304 1 1 1.000000
0  -11.313214 10.386966 16.601313  0.689635 0.721248 -0.064848  0.003417 0.662222 1 1 1.000000
wheelchair.001
0  -11.436367 9.572208 11.285430  -0.824695 -0.484771 0.291332  0.003895 0.630859 1 1 1.000000
0  -11.154793 9.566732 16.186836  0.950240 -0.281796 -0.132795  0.003465 0.627357 1 1 1.000000
0  -12.347689 9.807799 15.999454  -0.821642 0.194896 -0.535649  0.003444 0.639304 1 1 1.000000
wheelchair.001
0  -11.313214 10.386966 16.601313  0.689635 0.721248 -0.064848  0.003417 0.662222 1 1 1.000000
0  -11.154793 9.566732 16.186836  0.950240 -0.281796 -0.132795  0.003453 0.674386 1 1 1.000000
0  -9.929346 10.090480 10.899481  0.935244 0.305212 -0.179345  0.003885 0.669660 1 1 1.000000
wheelchair.001
0  -11.715427 -10.452512 10.820907  -0.941744 -0.196872 -0.272689  0.004941 0.637678 1 1 1.000000
0  -11.436367 9.572208 11.285430  -0.824695 -0.484771 0.291332  0.003895 0.630859 1 1 1.000000
0  -11.370095 10.565846 10.231556  -0.347706 0.639557 -0.685615  0.003866 0.646972 1 1 1.000000
wheelchair.001
0  -9.929346 10.090480 10.899481  0.935244 0.305212 -0.179345  0.003885 0.669660 1 1 1.000000
0  -11.436367 9.572208 11.285430  -0.824695 -0.484771 0.291332  0.003902 0.685673 1 1 1.000000
0  -10.156456 -9.951500 11.338076  0.835745 0.357649 0.416673  0.004912 0.678353 1 1 1.000000
wheelchair.001
0  -10.232710 -11.188617 10.264553  0.364991 -0.673951 -0.642317  0.004969 0.661178 1 1 1.000000
0  -11.370095 10.565846 10.231556  -0.347706 0.639557 -0.685615  0.003866 0.646972 1 1 1.000000
0  -9.929346 10.090480 10.899481  0.935244 0.305212 -0.179345  0.003885 0.669660 1 1 1.000000
wheelchair.001
0  -11.715427 -10.452512 10.820907  -0.941744 -0.196872 -0.272689  0.004941 0.637678 1 1 1.000000
0  -10.232710 -11.188617 10.264553  0.364991 -0.673951 -0.642317  0.004969 0.661178 1 1 1.000000
0  -10.917449 -11.237990 17.192900  -0.164585 -0.829918 -0.533056  0.005473 0.654647 1 1 1.000000
wheelchair.001
0  -10.281158 -10.137592 16.356323  0.908923 0.283764 -0.305512  0.005385 0.625839 1 1 1.000000
0  -10.156456 -9.951500 11.338076  0.835745 0.357649 0.416673  0.004910 0.621113 1 1 1.000000
0  -11.715427 -10.452512 10.820907  -0.941744 -0.196872 -0.272689  0.004941 0.637678 1 1 1.000000
wheelchair.001
0  -10.232710 -11.188617 10.264553  0.364991 -0.673951 -0.642317  0.004969 0.661178 1 1 1.000000
0  -10.156456 -9.951500 11.338076  0.835745 0.357649 0.416673  0.004912 0.678353 1 1 1.000000
0  -10.281158 -10.137592 16.356323  0.908923 0.283764 -0.305512  0.005404 0.676947 1 1 1.000000
wheelchair.001
0  -10.281158 -10.137592 16.356323  0.908923 0.283764 -0.305512  0.005525 0.661892 1 1 1.000000
0  -10.439579 -11.859028 19.488323  0.425699 0.307894 0.850871  0.005002 0.651199 1 1 1.000000
0  -10.473469 -12.407465 18.464458  0.647340 -0.265869 -0.714328  0.004984 0.666613 1 1 1.000000
wheelchair.001
0  -10.804217 -10.094980 17.588898  0.059175 0.517034 0.853917  0.005552 0.647820 1 1 1.000000
0  -11.372837 -10.580273 16.810116  -0.998120 0.002049 -0.061257  0.005528 0.633032 1 1 1.000000
0  -11.446081 -12.191603 19.012732  -0.952194 0.009080 0.305358  0.005001 0.635861 1 1 1.000000
wheelchair.001
0  -10.917449 -11.237990 17.192900  -0.164585 -0.829918 -0.533056  0.005430 0.625819 1 1 1.000000
0  -10.473469 -12.407465 18.464458  0.647340 -0.265869 -0.714328  0.004984 0.624333 1 1 1.000000
0  -11.446081 -12.191603 19.012732  -0.952194 0.009080 0.305358  0.005001 0.635861 1 1 1.000000
wheelchair.001
0  -11.507452 10.023856 17.412039  0.893748 -0.192664 0.405086  0.005391 0.766650 1 1 1.000000
0  -12.070312 9.967007 17.754597  0.046342 -0.790705 0.610440  0.005381 0.758972 1 1 1.000000
0  -10.804217 -10.094980 17.588898  0.059175 0.517034 0.853917  0.002703 0.760081 1 1 1.000000
wheelchair.001
0  -12.558765 9.787053 17.143898  -0.990282 -0.092728 0.103649  0.005393 0.751321 1 1 1.000000
0  -11.372837 -10.580273 16.810116  -0.998120 0.002049 -0.061257  0.002644 0.746551 1 1 1.000000
0  -10.804217 -10.094980 17.588898  0.059175 0.517034 0.853917  0.002703 0.760081 1 1 1.000000
wheelchair.001
0  -12.347689 9.807799 15.999454  -0.821642 0.194896 -0.535649  0.005406 0.738307 1 1 1.000000
0  -11.154793 9.566732 16.186836  0.950240 -0.281796 -0.132795  0.005400 0.723489 1 1 1.000000
0  -10.281158 -10.137592 16.356323  0.908923 0.283764 -0.305512  0.002700 0.729363 1 1 1.000000
wheelchair.001
0  -11.313214 10.386966 16.601313  0.689635 0.721248 -0.064848  0.005360 0.823639 1 1 1.000000
0  -11.507452 10.023856 17.412039  0.893748 -0.192664 0.405086  0.005346 0.834090 1 1 1.000000
0  -11.154793 9.566732 16.186836  0.950240 -0.281796 -0.132795  0.005425 0.824884 1 1 1.000000
wheelchair.001
0  -10.281158 -10.137592 16.356323  0.908923 0.283764 -0.305512  0.002656 0.774652 1 1 1.000000
0  -11.154793 9.566732 16.186836  0.950240 -0.281796 -0.132795  0.005408 0.779156 1 1 1.000000
0  -11.507452 10.023856 17.412039  0.893748 -0.192664 0.405086  0.005391 0.766650 1 1 1.000000
wheelchair.001
0  -10.917449 -11.237990 17.192900  -0.164585 -0.829918 -0.533056  0.005432 0.670691 1 1 1.000000
0  -10.281158 -10.137592 16.356323  0.908923 0.283764 -0.305512  0.005525 0.661892 1 1 1.000000
0  -10.473469 -12.407465 18.464458  0.647340 -0.265869 -0.714328  0.004984 0.666613 1 1 1.000000
wheelchair.001
0  -10.917449 -11.237990 17.192900  -0.164585 -0.829918 -0.533056  0.005430 0.625819 1 1 1.000000
0  -11.446081 -12.191603 19.012732  -0.952194 0.009080 0.305358  0.005001 0.635861 1 1 1.000000
0  -11.372837 -10.580273 16.810116  -0.998120 0.002049 -0.061257  0.005528 0.633032 1 1 1.000000
wheelchair.001
0  -10.804217 -10.094980 17.588898  0.059175 0.517034 0.853917  0.005552 0.647820 1 1 1.000000
0  -11.446081 -12.191603 19.012732  -0.952194 0.009080 0.305358  0.005001 0.635861 1 1 1.000000
0  -10.439579 -11.859028 19.488323  0.425699 0.307894 0.850871  0.005002 0.651199 1 1 1.000000
wheelchair.001
0  -10.804217 -10.094980 17.588898  0.059175 0.517034 0.853917  0.005552 0.647820 1 1 1.000000
0  -10.439579 -11.859028 19.488323  0.425699 0.307894 0.850871  0.005002 0.651199 1 1 1.000000
0  -10.281158 -10.137592 16.356323  0.908923 0.283764 -0.305512  0.005525 0.661892 1 1 1.000000
wheelchair.001
0  -13.361311 13.359863 43.054115  -0.992705 -0.113913 -0.039512  0.003558 0.855706 1 1 1.000000
0  -12.623110 14.099399 42.861233  -0.031064 0.975433 -0.218096  0.003567 0.870960 1 1 1.000000
0  -12.285480 12.694270 24.801804  0.401140 0.908762 -0.115057  0.004843 0.869101 1 1 1.000000
wheelchair.001
0  -12.103835 27.364849 47.330982  0.397867 0.187874 -0.898000  0.938936 0.381627 1 1 1.000000
0  -12.600025 28.496464 47.922012  -0.019737 0.954696 -0.296928  0.994299 0.402478 1 1 1.000000
0  -12.053670 27.909193 49.046181  0.425953 0.711686 0.558630  0.982243 0.366466 1 1 1.000000
wheelchair.001
0  -12.053670 27.909193 49.046181  0.425953 0.711686 0.558630  0.982243 0.366466 1 1 1.000000
0  -12.600025 28.496464 47.922012  -0.019737 0.954696 -0.296928  0.994299 0.402027 1 1 1.000000
0  -13.828499 27.385122 48.266682  -0.912814 0.380548 -0.148166  0.959857 0.371411 1 1 1.000000
wheelchair.001
0  -13.828499 27.385122 48.266682  -0.912814 0.380548 -0.148166  0.959857 0.371411 1 1 1.000000
0  -12.600025 28.496464 47.922012  -0.019737 0.954696 -0.296928  0.994299 0.402027 1 1 1.000000
0  -12.103835 27.364849 47.330982  0.397867 0.187874 -0.898000  0.938936 0.381627 1 1 1.000000
wheelchair.001
0  -10.799999 -9.900001 12.180001  0.000000 0.764171 0.645014  0.876701 0.636924 1 1 1.000000
0  -10.799999 -9.900001 10.380001  0.000000 0.764186 -0.644996  0.876701 0.672924 1 1 1.000000
0  -14.999998 -9.900001 10.380001  0.000000 0.707108 -0.707106  0.960701 0.672924 1 1 1.000000
wheelchair.001
0  -14.999998 -11.100000 12.180001  0.000000 -0.707093 0.707121  0.960701 0.732924 1 1 1.000000
0  -14.999998 -11.100000 10.380001  0.000000 -0.707107 -0.707107  0.960701 0.696924 1 1 1.000000
0  -11.099999 -11.100000 10.380001  0.000000 -0.654232 -0.756294  0.882701 0.696924 1 1 1.000000
wheelchair.001
0  -14.999998 -9.900001 10.380001  0.000000 0.707108 -0.707106  0.960701 0.672924 1 1 1.000000
0  -10.799999 -9.900001 10.380001  0.000000 0.764186 -0.644996  0.876701 0.672924 1 1 1.000000
0  -11.099999 -11.100000 10.380001  0.000000 -0.654232 -0.756294  0.882701 0.696924 1 1 1.000000
wheelchair.001
0  -14.999998 -9.900001 12.180001  0.000000 0.707124 0.707089  0.960701 0.756924 1 1 1.000000
0  -14.999998 -11.100000 12.180001  0.000000 -0.707093 0.707121  0.960701 0.732924 1 1 1.000000
0  -11.099999 -11.100000 12.180001  0.000000 -0.654247 0.756281  0.882701 0.732924 1 1 1.000000
wheelchair.001
0  -12.600023 23.795719 51.015213  -0.007843 0.208859 0.977914  0.994299 0.279707 1 1 1.000000
0  -13.828499 27.385122 48.266682  -0.912814 0.380548 -0.148166  0.959857 0.371411 1 1 1.000000
0  -14.329259 23.267225 49.880939  -0.995668 0.012414 0.092145  0.948191 0.279713 1 1 1.000000
wheelchair.001
0  -12.053670 27.909193 49.046181  0.425953 0.711686 0.558630  0.982243 0.366466 1 1 1.000000
0  -12.600023 23.795719 51.015213  -0.007843 0.208859 0.977914  0.994299 0.279830 1 1 1.000000
0  -10.744654 23.259054 49.801651  0.997559 -0.056776 0.040641  0.946760 0.278922 1 1 1.000000
wheelchair.001
0  -12.828579 23.100786 48.734047  -0.116888 -0.218747 -0.968755  0.902679 0.284910 1 1 1.000000
0  -12.103835 27.364849 47.330982  0.397867 0.187874 -0.898000  0.938936 0.381627 1 1 1.000000
0  -10.744654 23.259054 49.801651  0.997559 -0.056776 0.040641  0.946760 0.278922 1 1 1.000000
wheelchair.001
0  -13.828499 27.385122 48.266682  -0.912814 0.380548 -0.148166  0.959857 0.371411 1 1 1.000000
0  -12.828579 23.100786 48.734047  -0.116888 -0.218747 -0.968755  0.902251 0.284428 1 1 1.000000
0  -14.329259 23.267225 49.880939  -0.995668 0.012414 0.092145  0.948191 0.279713 1 1 1.000000
wheelchair.001
0  -13.146790 17.720098 49.667686  -0.959309 0.095829 -0.265600  0.951492 0.175855 1 1 1.000000
0  -12.828579 23.100786 48.734047  -0.116888 -0.218747 -0.968755  0.902251 0.284428 1 1 1.000000
0  -12.245270 18.522652 49.392437  0.517004 -0.074276 -0.852754  0.942891 0.177248 1 1 1.000000
wheelchair.001
0  -12.934067 18.239326 50.830101  -0.344363 -0.268751 0.899548  0.985513 0.176581 1 1 1.000000
0  -14.329259 23.267225 49.880939  -0.995668 0.012414 0.092145  0.948191 0.279713 1 1 1.000000
0  -13.146790 17.720098 49.667686  -0.959309 0.095829 -0.265600  0.951492 0.175855 1 1 1.000000
wheelchair.001
0  -10.744654 23.259054 49.801651  0.997559 -0.056776 0.040641  0.946760 0.278922 1 1 1.000000
0  -12.934067 18.239326 50.830101  -0.344363 -0.268751 0.899548  0.985513 0.176581 1 1 1.000000
0  -11.988950 18.141922 50.376938  0.839812 -0.201889 0.503941  0.967235 0.183301 1 1 1.000000
wheelchair.001
0  -10.744654 23.259054 49.801651  0.997559 -0.056776 0.040641  0.946760 0.278922 1 1 1.000000
0  -11.988950 18.141922 50.376938  0.839812 -0.201889 0.503941  0.967235 0.183301 1 1 1.000000
0  -12.245270 18.522652 49.392437  0.517004 -0.074276 -0.852754  0.942891 0.177248 1 1 1.000000
wheelchair.001
0  -12.934067 18.239326 50.830101  -0.344363 -0.268751 0.899548  0.003466 0.849114 1 1 1.000000
0  -13.146790 17.720098 49.667686  -0.959309 0.095829 -0.265600  0.003538 0.864496 1 1 1.000000
0  -13.226225 15.416917 48.784721  -0.721750 -0.522578 0.453860  0.003616 0.853142 1 1 1.000000
wheelchair.001
0  -12.934067 18.239326 50.830101  -0.344363 -0.268751 0.899548  0.003466 0.849114 1 1 1.000000
0  -13.226225 15.416917 48.784721  -0.721750 -0.522578 0.453860  0.003616 0.853142 1 1 1.000000
0  -12.135050 15.436644 49.080353  0.544181 -0.606911 0.579245  0.003631 0.837876 1 1 1.000000
wheelchair.001
0  -12.600002 16.235695 48.045216  0.043662 0.812268 -0.581648  0.003624 0.872241 1 1 1.000000
0  -12.245270 18.522652 49.392437  0.517004 -0.074276 -0.852754  0.003496 0.879945 1 1 1.000000
0  -11.988950 18.141922 50.376938  0.839812 -0.201889 0.503941  0.003672 0.881974 1 1 1.000000
wheelchair.001
0  -13.226225 15.416917 48.784721  -0.721750 -0.522578 0.453860  0.003616 0.853142 1 1 1.000000
0  -13.146790 17.720098 49.667686  -0.959309 0.095829 -0.265600  0.003538 0.864496 1 1 1.000000
0  -13.361311 13.359863 43.054115  -0.992705 -0.113913 -0.039512  0.003558 0.855706 1 1 1.000000
wheelchair.001
0  -11.988950 18.141922 50.376938  0.839812 -0.201889 0.503941  0.003508 0.833363 1 1 1.000000
0  -12.135050 15.436644 49.080353  0.544181 -0.606911 0.579245  0.003631 0.837876 1 1 1.000000
0  -11.853396 13.444277 43.277039  0.998824 -0.038842 -0.029016  0.003531 0.829124 1 1 1.000000
wheelchair.001
0  -12.196138 11.631859 24.697020  0.615061 -0.765333 0.189645  0.004817 0.833587 1 1 1.000000
0  -13.361311 13.359863 43.054115  -0.992705 -0.113913 -0.039512  0.003558 0.855706 1 1 1.000000
0  -13.218249 12.177953 25.667091  -0.998956 -0.045672 0.000899  0.004758 0.855959 1 1 1.000000
wheelchair.001
0  -11.853396 13.444277 43.277039  0.998824 -0.038842 -0.029016  0.003792 0.880938 1 1 1.000000
0  -12.196138 11.631859 24.697020  0.615061 -0.765333 0.189645  0.004730 0.881416 1 1 1.000000
0  -12.285480 12.694270 24.801804  0.401140 0.908762 -0.115057  0.004843 0.869101 1 1 1.000000
wheelchair.001
0  -13.218249 12.177953 25.667091  -0.998956 -0.045672 0.000899  0.004758 0.855959 1 1 1.000000
0  -12.285480 12.694270 24.801804  0.401140 0.908762 -0.115057  0.004843 0.869101 1 1 1.000000
0  -12.487098 11.210245 17.822718  -0.478239 0.816221 -0.324147  0.005293 0.861361 1 1 1.000000
wheelchair.001
0  -12.070312 9.967007 17.754597  0.046342 -0.790705 0.610440  0.005324 0.841795 1 1 1.000000
0  -13.218249 12.177953 25.667091  -0.998956 -0.045672 0.000899  0.004758 0.855959 1 1 1.000000
0  -12.558765 9.787053 17.143898  -0.990282 -0.092728 0.103649  0.005367 0.848623 1 1 1.000000
wheelchair.001
0  -12.285480 12.694270 24.801804  0.401140 0.908762 -0.115057  0.005079 0.826272 1 1 1.000000
0  -11.507452 10.023856 17.412039  0.893748 -0.192664 0.405086  0.005346 0.834090 1 1 1.000000
0  -11.313214 10.386966 16.601313  0.689635 0.721248 -0.064848  0.005360 0.823639 1 1 1.000000
wheelchair.001
0  -12.285480 12.694270 24.801804  0.401140 0.908762 -0.115057  0.004843 0.869101 1 1 1.000000
0  -11.313214 10.386966 16.601313  0.689635 0.721248 -0.064848  0.005385 0.874716 1 1 1.000000
0  -12.487098 11.210245 17.822718  -0.478239 0.816221 -0.324147  0.005293 0.861361 1 1 1.000000
wheelchair.001
0  -12.347689 9.807799 15.999454  -0.821642 0.194896 -0.535649  0.005435 0.856426 1 1 1.000000
0  -12.487098 11.210245 17.822718  -0.478239 0.816221 -0.324147  0.005293 0.861361 1 1 1.000000
0  -11.313214 10.386966 16.601313  0.689635 0.721248 -0.064848  0.005385 0.874716 1 1 1.000000
wheelchair.001
0  -11.403051 -15.034172 18.527737  -0.973242 -0.105273 0.204251  0.004857 0.637417 1 1 1.000000
0  -11.093332 -16.238779 10.139934  -0.509981 0.824321 -0.245794  0.002985 0.627781 1 1 1.000000
0  -11.046911 -17.327797 10.254513  -0.470384 -0.871435 0.139068  0.002967 0.644274 1 1 1.000000
wheelchair.001
0  -10.156490 -16.864653 10.208856  0.992395 -0.121994 -0.016423  0.002975 0.658267 1 1 1.000000
0  -10.800001 -15.514519 18.834768  -0.069724 -0.713247 0.697436  0.004861 0.647480 1 1 1.000000
0  -11.046911 -17.327797 10.254513  -0.470384 -0.871435 0.139068  0.002967 0.644274 1 1 1.000000
wheelchair.001
0  -11.093332 -16.238779 10.139934  -0.509981 0.824321 -0.245794  0.002988 0.670689 1 1 1.000000
0  -10.468720 -14.661600 18.036549  0.547321 0.610557 -0.572416  0.004870 0.665985 1 1 1.000000
0  -10.156490 -16.864653 10.208856  0.992395 -0.121994 -0.016423  0.002975 0.658267 1 1 1.000000
wheelchair.001
0  -11.446081 -12.191603 19.012732  -0.952194 0.009080 0.305358  0.005001 0.635861 1 1 1.000000
0  -10.468720 -14.661600 18.036549  0.547321 0.610557 -0.572416  0.004890 0.624863 1 1 1.000000
0  -11.403051 -15.034172 18.527737  -0.973242 -0.105273 0.204251  0.004857 0.637417 1 1 1.000000
wheelchair.001
0  -10.800001 -15.514519 18.834768  -0.069724 -0.713247 0.697436  0.004861 0.647480 1 1 1.000000
0  -11.446081 -12.191603 19.012732  -0.952194 0.009080 0.305358  0.005001 0.635861 1 1 1.000000
0  -11.403051 -15.034172 18.527737  -0.973242 -0.105273 0.204251  0.004857 0.637417 1 1 1.000000
wheelchair.001
0  -10.439579 -11.859028 19.488323  0.425699 0.307894 0.850871  0.005002 0.651199 1 1 1.000000
0  -10.800001 -15.514519 18.834768  -0.069724 -0.713247 0.697436  0.004861 0.647480 1 1 1.000000
0  -10.277952 -15.271734 18.587868  0.853523 -0.374828 0.361942  0.004860 0.655001 1 1 1.000000
wheelchair.001
0  -10.473469 -12.407465 18.464458  0.647340 -0.265869 -0.714328  0.004984 0.666613 1 1 1.000000
0  -10.277952 -15.271734 18.587868  0.853523 -0.374828 0.361942  0.004860 0.655001 1 1 1.000000
0  -10.468720 -14.661600 18.036549  0.547321 0.610557 -0.572416  0.004870 0.665985 1 1 1.000000
wheelchair.001
0  -11.436367 9.572208 11.285430  -0.824695 -0.484771 0.291332  0.003895 0.630859 1 1 1.000000
0  -12.347689 9.807799 15.999454  -0.821642 0.194896 -0.535649  0.003444 0.639304 1 1 1.000000
0  -11.370095 10.565846 10.231556  -0.347706 0.639557 -0.685615  0.003866 0.646972 1 1 1.000000
wheelchair.001
0  -11.154793 9.566732 16.186836  0.950240 -0.281796 -0.132795  0.003453 0.674386 1 1 1.000000
0  -11.436367 9.572208 11.285430  -0.824695 -0.484771 0.291332  0.003902 0.685673 1 1 1.000000
0  -9.929346 10.090480 10.899481  0.935244 0.305212 -0.179345  0.003885 0.669660 1 1 1.000000
wheelchair.001
0  -11.313214 10.386966 16.601313  0.689635 0.721248 -0.064848  0.003417 0.662222 1 1 1.000000
0  -9.929346 10.090480 10.899481  0.935244 0.305212 -0.179345  0.003885 0.669660 1 1 1.000000
0  -11.370095 10.565846 10.231556  -0.347706 0.639557 -0.685615  0.003866 0.646972 1 1 1.000000
wheelchair.001
0  -11.715427 -10.452512 10.820907  -0.941744 -0.196872 -0.272689  0.004941 0.637678 1 1 1.000000
0  -11.370095 10.565846 10.231556  -0.347706 0.639557 -0.685615  0.003866 0.646972 1 1 1.000000
0  -10.232710 -11.188617 10.264553  0.364991 -0.673951 -0.642317  0.004969 0.661178 1 1 1.000000
wheelchair.001
0  -11.436367 9.572208 11.285430  -0.824695 -0.484771 0.291332  0.003895 0.630859 1 1 1.000000
0  -11.715427 -10.452512 10.820907  -0.941744 -0.196872 -0.272689  0.004941 0.637678 1 1 1.000000
0  -10.156456 -9.951500 11.338076  0.835745 0.357649 0.416673  0.004910 0.621113 1 1 1.000000
wheelchair.001
0  -9.929346 10.090480 10.899481  0.935244 0.305212 -0.179345  0.003885 0.669660 1 1 1.000000
0  -10.156456 -9.951500 11.338076  0.835745 0.357649 0.416673  0.004912 0.678353 1 1 1.000000
0  -10.232710 -11.188617 10.264553  0.364991 -0.673951 -0.642317  0.004969 0.661178 1 1 1.000000
wheelchair.001
0  -11.715427 -10.452512 10.820907  -0.941744 -0.196872 -0.272689  0.004941 0.637678 1 1 1.000000
0  -10.917449 -11.237990 17.192900  -0.164585 -0.829918 -0.533056  0.005473 0.654647 1 1 1.000000
0  -11.372837 -10.580273 16.810116  -0.998120 0.002049 -0.061257  0.005443 0.640649 1 1 1.000000
wheelchair.001
0  -10.281158 -10.137592 16.356323  0.908923 0.283764 -0.305512  0.005385 0.625839 1 1 1.000000
0  -11.715427 -10.452512 10.820907  -0.941744 -0.196872 -0.272689  0.004941 0.637678 1 1 1.000000
0  -11.372837 -10.580273 16.810116  -0.998120 0.002049 -0.061257  0.005443 0.640649 1 1 1.000000
wheelchair.001
0  -10.917449 -11.237990 17.192900  -0.164585 -0.829918 -0.533056  0.005473 0.654647 1 1 1.000000
0  -10.232710 -11.188617 10.264553  0.364991 -0.673951 -0.642317  0.004969 0.661178 1 1 1.000000
0  -10.281158 -10.137592 16.356323  0.908923 0.283764 -0.305512  0.005404 0.676947 1 1 1.000000
wheelchair.001
0  -11.507452 10.023856 17.412039  0.893748 -0.192664 0.405086  0.005391 0.766650 1 1 1.000000
0  -10.804217 -10.094980 17.588898  0.059175 0.517034 0.853917  0.002703 0.760081 1 1 1.000000
0  -10.281158 -10.137592 16.356323  0.908923 0.283764 -0.305512  0.002656 0.774652 1 1 1.000000
wheelchair.001
0  -12.558765 9.787053 17.143898  -0.990282 -0.092728 0.103649  0.005393 0.751321 1 1 1.000000
0  -10.804217 -10.094980 17.588898  0.059175 0.517034 0.853917  0.002703 0.760081 1 1 1.000000
0  -12.070312 9.967007 17.754597  0.046342 -0.790705 0.610440  0.005381 0.758972 1 1 1.000000
wheelchair.001
0  -12.347689 9.807799 15.999454  -0.821642 0.194896 -0.535649  0.005406 0.738307 1 1 1.000000
0  -10.281158 -10.137592 16.356323  0.908923 0.283764 -0.305512  0.002700 0.729363 1 1 1.000000
0  -11.372837 -10.580273 16.810116  -0.998120 0.002049 -0.061257  0.002644 0.746551 1 1 1.000000
wheelchair.001
0  -11.372837 -10.580273 16.810116  -0.998120 0.002049 -0.061257  0.002644 0.746551 1 1 1.000000
0  -12.558765 9.787053 17.143898  -0.990282 -0.092728 0.103649  0.005393 0.751321 1 1 1.000000
0  -12.347689 9.807799 15.999454  -0.821642 0.194896 -0.535649  0.005406 0.738307 1 1 1.000000
wheelchair.001
0  -13.361311 13.359863 43.054115  -0.992705 -0.113913 -0.039512  0.003558 0.855706 1 1 1.000000
0  -12.285480 12.694270 24.801804  0.401140 0.908762 -0.115057  0.004843 0.869101 1 1 1.000000
0  -13.218249 12.177953 25.667091  -0.998956 -0.045672 0.000899  0.004758 0.855959 1 1 1.000000
wheelchair.001
0  -10.799999 -9.900001 12.180001  0.000000 0.764171 0.645014  0.876701 0.636924 1 1 1.000000
0  -14.999998 -9.900001 10.380001  0.000000 0.707108 -0.707106  0.960701 0.672924 1 1 1.000000
0  -14.999998 -9.900001 12.180001  0.000000 0.707124 0.707089  0.960701 0.636924 1 1 1.000000
wheelchair.001
0  -14.999998 -11.100000 12.180001  0.000000 -0.707093 0.707121  0.960701 0.732924 1 1 1.000000
0  -11.099999 -11.100000 10.380001  0.000000 -0.654232 -0.756294  0.882701 0.696924 1 1 1.000000
0  -11.099999 -11.100000 12.180001  0.000000 -0.654247 0.756281  0.882701 0.732924 1 1 1.000000
wheelchair.001
0  -14.999998 -9.900001 10.380001  0.000000 0.707108 -0.707106  0.960701 0.672924 1 1 1.000000
0  -11.099999 -11.100000 10.380001  0.000000 -0.654232 -0.756294  0.882701 0.696924 1 1 1.000000
0  -14.999998 -11.100000 10.380001  0.000000 -0.707107 -0.707107  0.960701 0.696924 1 1 1.000000
wheelchair.001
0  -14.999998 -9.900001 12.180001  0.000000 0.707124 0.707089  0.960701 0.756924 1 1 1.000000
0  -11.099999 -11.100000 12.180001  0.000000 -0.654247 0.756281  0.882701 0.732924 1 1 1.000000
0  -10.799999 -9.900001 12.180001  0.000000 0.764171 0.645014  0.876701 0.756924 1 1 1.000000
wheelchair.001
0  16.042412 -9.606195 12.626667  0.389670 0.805630 0.446225  0.130945 0.290420 1 1 1.000000
0  16.559999 -10.500002 7.800001  0.999157 0.040200 -0.008269  0.286585 0.308545 1 1 1.000000
0  15.904343 -9.543713 7.800001  0.335448 0.942024 -0.008149  0.286585 0.285882 1 1 1.000000
wheelchair.001
0  16.559999 -10.500002 12.600000  0.913692 -0.021379 0.405846  0.130945 0.308545 1 1 1.000000
0  16.060993 -11.391405 7.800001  0.373191 -0.927694 -0.010563  0.286585 0.290962 1 1 1.000000
0  16.559999 -10.500002 7.800001  0.999157 0.040200 -0.008269  0.286585 0.308545 1 1 1.000000
wheelchair.001
0  15.919181 -11.444852 12.626669  0.248821 -0.865431 0.434876  0.130945 0.286424 1 1 1.000000
0  14.708599 -10.960998 7.800001  -0.858378 -0.512677 -0.018693  0.286585 0.251899 1 1 1.000000
0  16.060993 -11.391405 7.800001  0.373191 -0.927694 -0.010563  0.286585 0.290962 1 1 1.000000
wheelchair.001
0  14.655151 -10.819185 12.626669  -0.824836 -0.364561 0.432136  0.130945 0.250020 1 1 1.000000
0  14.921177 -9.821179 7.800001  -0.734937 0.678085 -0.008268  0.286585 0.255406 1 1 1.000000
0  14.708599 -10.960998 7.800001  -0.858378 -0.512677 -0.018693  0.286585 0.251899 1 1 1.000000
wheelchair.001
0  14.921177 -9.821179 12.600000  -0.620230 0.659357 0.424928  0.130945 0.255406 1 1 1.000000
0  15.904343 -9.543713 7.800001  0.335448 0.942024 -0.008149  0.286585 0.285882 1 1 1.000000
0  14.921177 -9.821179 7.800001  -0.734937 0.678085 -0.008268  0.286585 0.255406 1 1 1.000000
wheelchair.001
0  15.001461 -10.458342 12.853635  -0.770316 0.091052 0.631128  0.123163 0.260161 1 1 1.000000
0  15.557199 -9.902704 13.455107  -0.075839 0.896042 0.437444  0.103708 0.276029 1 1 1.000000
0  15.641663 -9.901464 12.853635  0.017405 0.793170 0.608751  0.123163 0.278768 1 1 1.000000
wheelchair.001
0  15.558340 -11.098543 12.853635  -0.149448 -0.824392 0.545934  0.123163 0.276066 1 1 1.000000
0  15.002701 -10.542805 13.455105  -0.896043 -0.075841 0.437442  0.103708 0.260161 1 1 1.000000
0  15.001461 -10.458342 12.853635  -0.770316 0.091052 0.631128  0.123163 0.260161 1 1 1.000000
wheelchair.001
0  16.198540 -10.541665 12.853635  0.783255 -0.078483 0.616727  0.123163 0.294672 1 1 1.000000
0  15.642803 -11.097302 13.455103  0.075842 -0.896043 0.437442  0.103708 0.278805 1 1 1.000000
0  15.558340 -11.098543 12.853635  -0.149448 -0.824392 0.545934  0.123163 0.276066 1 1 1.000000
wheelchair.001
0  15.641663 -9.901464 12.853635  0.017405 0.793170 0.608751  0.123163 0.278768 1 1 1.000000
0  16.197300 -10.457201 13.455105  0.896043 0.075840 0.437442  0.103708 0.294672 1 1 1.000000
0  16.198540 -10.541665 12.853635  0.783255 -0.078483 0.616727  0.123163 0.294672 1 1 1.000000
wheelchair.001
0  15.557199 -9.902704 13.455107  -0.075839 0.896042 0.437444  0.103708 0.276029 1 1 1.000000
0  15.002701 -10.542805 13.455105  -0.896043 -0.075841 0.437442  0.103708 0.260161 1 1 1.000000
0  15.599999 -10.500003 13.800001  -0.000000 -0.000003 1.000000  0.092035 0.277417 1 1 1.000000
wheelchair.001
0  15.002701 -10.542805 13.455105  -0.896043 -0.075841 0.437442  0.103708 0.260161 1 1 1.000000
0  15.642803 -11.097302 13.455103  0.075842 -0.896043 0.437442  0.103708 0.278805 1 1 1.000000
0  15.599999 -10.500003 13.800001  -0.000000 -0.000003 1.000000  0.092035 0.277417 1 1 1.000000
wheelchair.001
0  15.642803 -11.097302 13.455103  0.075842 -0.896043 0.437442  0.103708 0.278805 1 1 1.000000
0  16.197300 -10.457201 13.455105  0.896043 0.075840 0.437442  0.103708 0.294672 1 1 1.000000
0  15.599999 -10.500003 13.800001  -0.000000 -0.000003 1.000000  0.092035 0.277417 1 1 1.000000
wheelchair.001
0  16.197300 -10.457201 13.455105  0.896043 0.075840 0.437442  0.103708 0.294672 1 1 1.000000
0  15.557199 -9.902704 13.455107  -0.075839 0.896042 0.437444  0.103708 0.276029 1 1 1.000000
0  15.599999 -10.500003 13.800001  -0.000000 -0.000003 1.000000  0.092035 0.277417 1 1 1.000000
wheelchair.001
0  16.198540 -10.541665 12.853635  0.783255 -0.078483 0.616727  0.123163 0.294672 1 1 1.000000
0  16.042412 -9.606195 12.626667  0.389670 0.805630 0.446225  0.130945 0.290420 1 1 1.000000
0  15.641663 -9.901464 12.853635  0.017405 0.793170 0.608751  0.123163 0.278768 1 1 1.000000
wheelchair.001
0  16.559999 -10.500002 12.600000  0.913692 -0.021379 0.405846  0.130945 0.308545 1 1 1.000000
0  16.042412 -9.606195 12.626667  0.389670 0.805630 0.446225  0.130945 0.290420 1 1 1.000000
0  16.198540 -10.541665 12.853635  0.783255 -0.078483 0.616727  0.123163 0.294672 1 1 1.000000
wheelchair.001
0  15.919181 -11.444852 12.626669  0.248821 -0.865431 0.434876  0.130945 0.286424 1 1 1.000000
0  16.559999 -10.500002 12.600000  0.913692 -0.021379 0.405846  0.130945 0.308545 1 1 1.000000
0  16.198540 -10.541665 12.853635  0.783255 -0.078483 0.616727  0.123163 0.294672 1 1 1.000000
wheelchair.001
0  15.558340 -11.098543 12.853635  -0.149448 -0.824392 0.545934  0.123163 0.276066 1 1 1.000000
0  15.919181 -11.444852 12.626669  0.248821 -0.865431 0.434876  0.130945 0.286424 1 1 1.000000
0  16.198540 -10.541665 12.853635  0.783255 -0.078483 0.616727  0.123163 0.294672 1 1 1.000000
wheelchair.001
0  16.042412 -9.606195 12.626667  0.389670 0.805630 0.446225  0.130945 0.290420 1 1 1.000000
0  14.921177 -9.821179 12.600000  -0.620230 0.659357 0.424928  0.130945 0.255406 1 1 1.000000
0  15.641663 -9.901464 12.853635  0.017405 0.793170 0.608751  0.123163 0.278768 1 1 1.000000
wheelchair.001
0  15.641663 -9.901464 12.853635  0.017405 0.793170 0.608751  0.123163 0.278768 1 1 1.000000
0  14.921177 -9.821179 12.600000  -0.620230 0.659357 0.424928  0.130945 0.255406 1 1 1.000000
0  15.001461 -10.458342 12.853635  -0.770316 0.091052 0.631128  0.123163 0.260161 1 1 1.000000
wheelchair.001
0  14.921177 -9.821179 12.600000  -0.620230 0.659357 0.424928  0.130945 0.255406 1 1 1.000000
0  14.655151 -10.819185 12.626669  -0.824836 -0.364561 0.432136  0.130945 0.250020 1 1 1.000000
0  15.001461 -10.458342 12.853635  -0.770316 0.091052 0.631128  0.123163 0.260161 1 1 1.000000
wheelchair.001
0  15.919181 -11.444852 12.626669  0.248821 -0.865431 0.434876  0.130945 0.286424 1 1 1.000000
0  15.558340 -11.098543 12.853635  -0.149448 -0.824392 0.545934  0.123163 0.276066 1 1 1.000000
0  14.655151 -10.819185 12.626669  -0.824836 -0.364561 0.432136  0.130945 0.250020 1 1 1.000000
wheelchair.001
0  15.001461 -10.458342 12.853635  -0.770316 0.091052 0.631128  0.123163 0.260161 1 1 1.000000
0  14.655151 -10.819185 12.626669  -0.824836 -0.364561 0.432136  0.130945 0.250020 1 1 1.000000
0  15.558340 -11.098543 12.853635  -0.149448 -0.824392 0.545934  0.123163 0.276066 1 1 1.000000
wheelchair.001
0  16.042412 -9.606195 12.626667  0.389670 0.805630 0.446225  0.130945 0.290420 1 1 1.000000
0  16.559999 -10.500002 12.600000  0.913692 -0.021379 0.405846  0.130945 0.308545 1 1 1.000000
0  16.559999 -10.500002 7.800001  0.999157 0.040200 -0.008269  0.286585 0.308545 1 1 1.000000
wheelchair.001
0  16.559999 -10.500002 12.600000  0.913692 -0.021379 0.405846  0.130945 0.308545 1 1 1.000000
0  15.919181 -11.444852 12.626669  0.248821 -0.865431 0.434876  0.130945 0.286424 1 1 1.000000
0  16.060993 -11.391405 7.800001  0.373191 -0.927694 -0.010563  0.286585 0.290962 1 1 1.000000
wheelchair.001
0  15.919181 -11.444852 12.626669  0.248821 -0.865431 0.434876  0.130945 0.286424 1 1 1.000000
0  14.655151 -10.819185 12.626669  -0.824836 -0.364561 0.432136  0.130945 0.250020 1 1 1.000000
0  14.708599 -10.960998 7.800001  -0.858378 -0.512677 -0.018693  0.286585 0.251899 1 1 1.000000
wheelchair.001
0  14.655151 -10.819185 12.626669  -0.824836 -0.364561 0.432136  0.130945 0.250020 1 1 1.000000
0  14.921177 -9.821179 12.600000  -0.620230 0.659357 0.424928  0.130945 0.255406 1 1 1.000000
0  14.921177 -9.821179 7.800001  -0.734937 0.678085 -0.008268  0.286585 0.255406 1 1 1.000000
wheelchair.001
0  14.921177 -9.821179 12.600000  -0.620230 0.659357 0.424928  0.130945 0.255406 1 1 1.000000
0  16.042412 -9.606195 12.626667  0.389670 0.805630 0.446225  0.130945 0.290420 1 1 1.000000
0  15.904343 -9.543713 7.800001  0.335448 0.942024 -0.008149  0.286585 0.285882 1 1 1.000000
wheelchair.001
0  15.001461 -10.458342 12.853635  -0.770316 0.091052 0.631128  0.123163 0.260161 1 1 1.000000
0  15.002701 -10.542805 13.455105  -0.896043 -0.075841 0.437442  0.103708 0.260161 1 1 1.000000
0  15.557199 -9.902704 13.455107  -0.075839 0.896042 0.437444  0.103708 0.276029 1 1 1.000000
wheelchair.001
0  15.558340 -11.098543 12.853635  -0.149448 -0.824392 0.545934  0.123163 0.276066 1 1 1.000000
0  15.642803 -11.097302 13.455103  0.075842 -0.896043 0.437442  0.103708 0.278805 1 1 1.000000
0  15.002701 -10.542805 13.455105  -0.896043 -0.075841 0.437442  0.103708 0.260161 1 1 1.000000
wheelchair.001
0  16.198540 -10.541665 12.853635  0.783255 -0.078483 0.616727  0.123163 0.294672 1 1 1.000000
0  16.197300 -10.457201 13.455105  0.896043 0.075840 0.437442  0.103708 0.294672 1 1 1.000000
0  15.642803 -11.097302 13.455103  0.075842 -0.896043 0.437442  0.103708 0.278805 1 1 1.000000
wheelchair.001
0  15.641663 -9.901464 12.853635  0.017405 0.793170 0.608751  0.123163 0.278768 1 1 1.000000
0  15.557199 -9.902704 13.455107  -0.075839 0.896042 0.437444  0.103708 0.276029 1 1 1.000000
0  16.197300 -10.457201 13.455105  0.896043 0.075840 0.437442  0.103708 0.294672 1 1 1.000000
wheelchair.001
0  -16.042412 -9.606195 12.626667  -0.389670 0.805631 0.446225  0.130945 0.290420 1 1 1.000000
0  -15.904343 -9.543713 7.800001  -0.335448 0.942024 -0.008149  0.286585 0.285882 1 1 1.000000
0  -16.559999 -10.500002 7.800001  -0.999157 0.040200 -0.008269  0.286585 0.308545 1 1 1.000000
wheelchair.001
0  -16.559999 -10.500002 12.600000  -0.913692 -0.021379 0.405846  0.130945 0.308545 1 1 1.000000
0  -16.559999 -10.500002 7.800001  -0.999157 0.040200 -0.008269  0.286585 0.308545 1 1 1.000000
0  -16.060993 -11.391405 7.800001  -0.373191 -0.927694 -0.010563  0.286585 0.290962 1 1 1.000000
wheelchair.001
0  -15.919181 -11.444852 12.626669  -0.248821 -0.865431 0.434875  0.130945 0.286424 1 1 1.000000
0  -16.060993 -11.391405 7.800001  -0.373191 -0.927694 -0.010563  0.286585 0.290962 1 1 1.000000
0  -14.708599 -10.960998 7.800001  0.858378 -0.512677 -0.018693  0.286585 0.251899 1 1 1.000000
wheelchair.001
0  -14.655151 -10.819185 12.626669  0.824836 -0.364561 0.432136  0.130945 0.250020 1 1 1.000000
0  -14.708599 -10.960998 7.800001  0.858378 -0.512677 -0.018693  0.286585 0.251899 1 1 1.000000
0  -14.921177 -9.821179 7.800001  0.734937 0.678085 -0.008268  0.286585 0.255406 1 1 1.000000
wheelchair.001
0  -14.921177 -9.821179 12.600000  0.620230 0.659357 0.424928  0.130945 0.255406 1 1 1.000000
0  -14.921177 -9.821179 7.800001  0.734937 0.678085 -0.008268  0.286585 0.255406 1 1 1.000000
0  -15.904343 -9.543713 7.800001  -0.335448 0.942024 -0.008149  0.286585 0.285882 1 1 1.000000
wheelchair.001
0  -15.001461 -10.458342 12.853635  0.770316 0.091052 0.631128  0.123163 0.260161 1 1 1.000000
0  -15.641663 -9.901464 12.853635  -0.017405 0.793170 0.608751  0.123163 0.278768 1 1 1.000000
0  -15.557199 -9.902704 13.455107  0.075839 0.896042 0.437444  0.103708 0.276029 1 1 1.000000
wheelchair.001
0  -15.558340 -11.098543 12.853635  0.149448 -0.824392 0.545934  0.123163 0.276066 1 1 1.000000
0  -15.001461 -10.458342 12.853635  0.770316 0.091052 0.631128  0.123163 0.260161 1 1 1.000000
0  -15.002701 -10.542805 13.455105  0.896043 -0.075841 0.437442  0.103708 0.260161 1 1 1.000000
wheelchair.001
0  -16.198540 -10.541665 12.853635  -0.783255 -0.078483 0.616727  0.123163 0.294672 1 1 1.000000
0  -15.558340 -11.098543 12.853635  0.149448 -0.824392 0.545934  0.123163 0.276066 1 1 1.000000
0  -15.642803 -11.097302 13.455103  -0.075842 -0.896043 0.437442  0.103708 0.278805 1 1 1.000000
wheelchair.001
0  -15.641663 -9.901464 12.853635  -0.017405 0.793170 0.608751  0.123163 0.278768 1 1 1.000000
0  -16.198540 -10.541665 12.853635  -0.783255 -0.078483 0.616727  0.123163 0.294672 1 1 1.000000
0  -16.197300 -10.457201 13.455105  -0.896043 0.075840 0.437442  0.103708 0.294672 1 1 1.000000
wheelchair.001
0  -15.557199 -9.902704 13.455107  0.075839 0.896042 0.437444  0.103708 0.276029 1 1 1.000000
0  -15.599999 -10.500003 13.800001  0.000000 -0.000003 1.000000  0.092035 0.277417 1 1 1.000000
0  -15.002701 -10.542805 13.455105  0.896043 -0.075841 0.437442  0.103708 0.260161 1 1 1.000000
wheelchair.001
0  -15.002701 -10.542805 13.455105  0.896043 -0.075841 0.437442  0.103708 0.260161 1 1 1.000000
0  -15.599999 -10.500003 13.800001  0.000000 -0.000003 1.000000  0.092035 0.277417 1 1 1.000000
0  -15.642803 -11.097302 13.455103  -0.075842 -0.896043 0.437442  0.103708 0.278805 1 1 1.000000
wheelchair.001
0  -15.642803 -11.097302 13.455103  -0.075842 -0.896043 0.437442  0.103708 0.278805 1 1 1.000000
0  -15.599999 -10.500003 13.800001  0.000000 -0.000003 1.000000  0.092035 0.277417 1 1 1.000000
0  -16.197300 -10.457201 13.455105  -0.896043 0.075840 0.437442  0.103708 0.294672 1 1 1.000000
wheelchair.001
0  -16.197300 -10.457201 13.455105  -0.896043 0.075840 0.437442  0.103708 0.294672 1 1 1.000000
0  -15.599999 -10.500003 13.800001  0.000000 -0.000003 1.000000  0.092035 0.277417 1 1 1.000000
0  -15.557199 -9.902704 13.455107  0.075839 0.896042 0.437444  0.103708 0.276029 1 1 1.000000
wheelchair.001
0  -16.198540 -10.541665 12.853635  -0.783255 -0.078483 0.616727  0.123163 0.294672 1 1 1.000000
0  -15.641663 -9.901464 12.853635  -0.017405 0.793170 0.608751  0.123163 0.278768 1 1 1.000000
0  -16.042412 -9.606195 12.626667  -0.389670 0.805631 0.446225  0.130945 0.290420 1 1 1.000000
wheelchair.001
0  -16.559999 -10.500002 12.600000  -0.913692 -0.021379 0.405846  0.130945 0.308545 1 1 1.000000
0  -16.198540 -10.541665 12.853635  -0.783255 -0.078483 0.616727  0.123163 0.294672 1 1 1.000000
0  -16.042412 -9.606195 12.626667  -0.389670 0.805631 0.446225  0.130945 0.290420 1 1 1.000000
wheelchair.001
0  -15.919181 -11.444852 12.626669  -0.248821 -0.865431 0.434875  0.130945 0.286424 1 1 1.000000
0  -16.198540 -10.541665 12.853635  -0.783255 -0.078483 0.616727  0.123163 0.294672 1 1 1.000000
0  -16.559999 -10.500002 12.600000  -0.913692 -0.021379 0.405846  0.130945 0.308545 1 1 1.000000
wheelchair.001
0  -15.558340 -11.098543 12.853635  0.149448 -0.824392 0.545934  0.123163 0.276066 1 1 1.000000
0  -16.198540 -10.541665 12.853635  -0.783255 -0.078483 0.616727  0.123163 0.294672 1 1 1.000000
0  -15.919181 -11.444852 12.626669  -0.248821 -0.865431 0.434875  0.130945 0.286424 1 1 1.000000
wheelchair.001
0  -16.042412 -9.606195 12.626667  -0.389670 0.805631 0.446225  0.130945 0.290420 1 1 1.000000
0  -15.641663 -9.901464 12.853635  -0.017405 0.793170 0.608751  0.123163 0.278768 1 1 1.000000
0  -14.921177 -9.821179 12.600000  0.620230 0.659357 0.424928  0.130945 0.255406 1 1 1.000000
wheelchair.001
0  -15.641663 -9.901464 12.853635  -0.017405 0.793170 0.608751  0.123163 0.278768 1 1 1.000000
0  -15.001461 -10.458342 12.853635  0.770316 0.091052 0.631128  0.123163 0.260161 1 1 1.000000
0  -14.921177 -9.821179 12.600000  0.620230 0.659357 0.424928  0.130945 0.255406 1 1 1.000000
wheelchair.001
0  -14.921177 -9.821179 12.600000  0.620230 0.659357 0.424928  0.130945 0.255406 1 1 1.000000
0  -15.001461 -10.458342 12.853635  0.770316 0.091052 0.631128  0.123163 0.260161 1 1 1.000000
0  -14.655151 -10.819185 12.626669  0.824836 -0.364561 0.432136  0.130945 0.250020 1 1 1.000000
wheelchair.001
0  -15.919181 -11.444852 12.626669  -0.248821 -0.865431 0.434875  0.130945 0.286424 1 1 1.000000
0  -14.655151 -10.819185 12.626669  0.824836 -0.364561 0.432136  0.130945 0.250020 1 1 1.000000
0  -15.558340 -11.098543 12.853635  0.149448 -0.824392 0.545934  0.123163 0.276066 1 1 1.000000
wheelchair.001
0  -15.001461 -10.458342 12.853635  0.770316 0.091052 0.631128  0.123163 0.260161 1 1 1.000000
0  -15.558340 -11.098543 12.853635  0.149448 -0.824392 0.545934  0.123163 0.276066 1 1 1.000000
0  -14.655151 -10.819185 12.626669  0.824836 -0.364561 0.432136  0.130945 0.250020 1 1 1.000000
wheelchair.001
0  -16.042412 -9.606195 12.626667  -0.389670 0.805631 0.446225  0.130945 0.290420 1 1 1.000000
0  -16.559999 -10.500002 7.800001  -0.999157 0.040200 -0.008269  0.286585 0.308545 1 1 1.000000
0  -16.559999 -10.500002 12.600000  -0.913692 -0.021379 0.405846  0.130945 0.308545 1 1 1.000000
wheelchair.001
0  -16.559999 -10.500002 12.600000  -0.913692 -0.021379 0.405846  0.130945 0.308545 1 1 1.000000
0  -16.060993 -11.391405 7.800001  -0.373191 -0.927694 -0.010563  0.286585 0.290962 1 1 1.000000
0  -15.919181 -11.444852 12.626669  -0.248821 -0.865431 0.434875  0.130945 0.286424 1 1 1.000000
wheelchair.001
0  -15.919181 -11.444852 12.626669  -0.248821 -0.865431 0.434875  0.130945 0.286424 1 1 1.000000
0  -14.708599 -10.960998 7.800001  0.858378 -0.512677 -0.018693  0.286585 0.251899 1 1 1.000000
0  -14.655151 -10.819185 12.626669  0.824836 -0.364561 0.432136  0.130945 0.250020 1 1 1.000000
wheelchair.001
0  -14.655151 -10.819185 12.626669  0.824836 -0.364561 0.432136  0.130945 0.250020 1 1 1.000000
0  -14.921177 -9.821179 7.800001  0.734937 0.678085 -0.008268  0.286585 0.255406 1 1 1.000000
0  -14.921177 -9.821179 12.600000  0.620230 0.659357 0.424928  0.130945 0.255406 1 1 1.000000
wheelchair.001
0  -14.921177 -9.821179 12.600000  0.620230 0.659357 0.424928  0.130945 0.255406 1 1 1.000000
0  -15.904343 -9.543713 7.800001  -0.335448 0.942024 -0.008149  0.286585 0.285882 1 1 1.000000
0  -16.042412 -9.606195 12.626667  -0.389670 0.805631 0.446225  0.130945 0.290420 1 1 1.000000
wheelchair.001
0  -15.001461 -10.458342 12.853635  0.770316 0.091052 0.631128  0.123163 0.260161 1 1 1.000000
0  -15.557199 -9.902704 13.455107  0.075839 0.896042 0.437444  0.103708 0.276029 1 1 1.000000
0  -15.002701 -10.542805 13.455105  0.896043 -0.075841 0.437442  0.103708 0.260161 1 1 1.000000
wheelchair.001
0  -15.558340 -11.098543 12.853635  0.149448 -0.824392 0.545934  0.123163 0.276066 1 1 1.000000
0  -15.002701 -10.542805 13.455105  0.896043 -0.075841 0.437442  0.103708 0.260161 1 1 1.000000
0  -15.642803 -11.097302 13.455103  -0.075842 -0.896043 0.437442  0.103708 0.278805 1 1 1.000000
wheelchair.001
0  -16.198540 -10.541665 12.853635  -0.783255 -0.078483 0.616727  0.123163 0.294672 1 1 1.000000
0  -15.642803 -11.097302 13.455103  -0.075842 -0.896043 0.437442  0.103708 0.278805 1 1 1.000000
0  -16.197300 -10.457201 13.455105  -0.896043 0.075840 0.437442  0.103708 0.294672 1 1 1.000000
wheelchair.001
0  -15.641663 -9.901464 12.853635  -0.017405 0.793170 0.608751  0.123163 0.278768 1 1 1.000000
0  -16.197300 -10.457201 13.455105  -0.896043 0.075840 0.437442  0.103708 0.294672 1 1 1.000000
0  -15.557199 -9.902704 13.455107  0.075839 0.896042 0.437444  0.103708 0.276029 1 1 1.000000
wheelchair.001
0  14.099999 -8.340000 1.800000  -0.631535 0.180946 -0.753938  0.539084 0.327970 1 5 1.000000
0  14.099999 -10.019987 1.932096  -0.593239 -0.458310 -0.661830  0.508573 0.279406 1 5 1.000000
0  14.100000 -8.640001 7.200000  -0.658783 0.544619 0.519033  0.355022 0.392852 1 5 1.000000
wheelchair.001
0  14.100000 -8.640001 7.200000  -0.658783 0.544619 0.519033  0.394271 0.415698 1 5 1.000000
0  17.099998 -6.960000 3.420000  0.623581 0.781669 0.011851  0.464061 0.500138 1 5 1.000000
0  14.099999 -6.997906 2.833604  -0.617630 0.756772 -0.214080  0.479541 0.415698 1 5 1.000000
wheelchair.001
0  17.100000 -12.240002 7.200000  0.622428 -0.741557 0.250353  0.357666 0.500138 1 5 1.000000
0  14.099999 -10.019987 1.932096  -0.593239 -0.458310 -0.661830  0.502243 0.415698 1 5 1.000000
0  17.100000 -9.975765 1.972922  0.608818 -0.432225 -0.665224  0.502371 0.500138 1 5 1.000000
wheelchair.001
0  17.100000 -7.651569 1.987222  0.615552 0.411048 -0.672410  0.500190 0.500138 1 5 1.000000
0  14.099999 -8.340000 1.800000  -0.631535 0.180946 -0.753938  0.509659 0.415698 1 5 1.000000
0  14.099999 -6.997906 2.833604  -0.617630 0.756772 -0.214080  0.479541 0.415698 1 5 1.000000
wheelchair.001
0  17.100000 -7.651569 1.987222  0.615552 0.411048 -0.672410  0.500190 0.500138 1 5 1.000000
0  14.099999 -10.019987 1.932096  -0.593239 -0.458310 -0.661830  0.502243 0.415698 1 5 1.000000
0  14.099999 -8.340000 1.800000  -0.631535 0.180946 -0.753938  0.509659 0.415698 1 5 1.000000
wheelchair.001
0  16.092859 -9.326565 7.804159  0.085449 0.372516 0.924084  0.281732 0.439546 1 5 1.000000
0  14.450464 -10.017917 7.858893  -0.486357 0.089305 0.869184  0.227905 0.416988 1 5 1.000000
0  16.768518 -10.498983 7.878016  0.516457 0.015655 0.856170  0.309171 0.401231 1 5 1.000000
wheelchair.001
0  14.100000 -12.240002 7.200000  -0.628124 -0.731635 0.264897  0.210992 0.337940 1 5 1.000000
0  17.100000 -12.240002 7.200000  0.622428 -0.741557 0.250353  0.320115 0.337940 1 5 1.000000
0  15.108281 -11.669144 7.810214  -0.125657 -0.395517 0.909822  0.249455 0.362974 1 5 1.000000
wheelchair.001
0  17.100000 -8.640001 7.200000  0.664071 0.540632 0.516457  0.320115 0.468887 1 5 1.000000
0  14.100000 -8.640001 7.200000  -0.658783 0.544619 0.519033  0.210992 0.468887 1 5 1.000000
0  16.092859 -9.326565 7.804159  0.085449 0.372516 0.924084  0.281732 0.439546 1 5 1.000000
wheelchair.001
0  17.100000 -12.240002 7.200000  0.622428 -0.741557 0.250353  0.320115 0.337940 1 5 1.000000
0  17.100000 -8.640001 7.200000  0.664071 0.540632 0.516457  0.320115 0.468887 1 5 1.000000
0  16.768518 -10.498983 7.878016  0.516457 0.015655 0.856170  0.309171 0.401231 1 5 1.000000
wheelchair.001
0  14.100000 -8.640001 7.200000  -0.658783 0.544619 0.519033  0.210992 0.468887 1 5 1.000000
0  14.100000 -12.240002 7.200000  -0.628124 -0.731635 0.264897  0.210992 0.337940 1 5 1.000000
0  14.450464 -10.017917 7.858893  -0.486357 0.089305 0.869184  0.227905 0.416988 1 5 1.000000
wheelchair.001
0  17.100000 -12.240002 7.200000  0.622428 -0.741557 0.250353  0.320115 0.337940 1 5 1.000000
0  16.438986 -11.342685 7.858811  0.211267 -0.264181 0.941050  0.296614 0.370170 1 5 1.000000
0  15.108281 -11.669144 7.810214  -0.125657 -0.395517 0.909822  0.249455 0.362974 1 5 1.000000
wheelchair.001
0  14.100000 -8.640001 7.200000  -0.658783 0.544619 0.519033  0.210992 0.468887 1 5 1.000000
0  14.450464 -10.017917 7.858893  -0.486357 0.089305 0.869184  0.227905 0.416988 1 5 1.000000
0  16.092859 -9.326565 7.804159  0.085449 0.372516 0.924084  0.281732 0.439546 1 5 1.000000
wheelchair.001
0  17.100000 -8.640001 7.200000  0.664071 0.540632 0.516457  0.320115 0.468887 1 5 1.000000
0  16.092859 -9.326565 7.804159  0.085449 0.372516 0.924084  0.281732 0.439546 1 5 1.000000
0  16.768518 -10.498983 7.878016  0.516457 0.015655 0.856170  0.309171 0.401231 1 5 1.000000
wheelchair.001
0  16.768518 -10.498983 7.878016  0.516457 0.015655 0.856170  0.309171 0.401231 1 5 1.000000
0  16.438986 -11.342685 7.858811  0.211267 -0.264181 0.941050  0.296614 0.370170 1 5 1.000000
0  17.100000 -12.240002 7.200000  0.622428 -0.741557 0.250353  0.320115 0.337940 1 5 1.000000
wheelchair.001
0  14.100000 -12.240002 7.200000  -0.628124 -0.731635 0.264897  0.210992 0.337940 1 5 1.000000
0  15.108281 -11.669144 7.810214  -0.125657 -0.395517 0.909822  0.249455 0.362974 1 5 1.000000
0  14.450464 -10.017917 7.858893  -0.486357 0.089305 0.869184  0.227905 0.416988 1 5 1.000000
wheelchair.001
0  14.099999 -10.019987 1.932096  -0.593239 -0.458310 -0.661830  0.508573 0.279406 1 5 1.000000
0  14.100000 -12.240002 7.200000  -0.628124 -0.731635 0.264897  0.305104 0.272918 1 5 1.000000
0  14.100000 -8.640001 7.200000  -0.658783 0.544619 0.519033  0.355022 0.392852 1 5 1.000000
wheelchair.001
0  14.099999 -8.340000 1.800000  -0.631535 0.180946 -0.753938  0.539084 0.327970 1 5 1.000000
0  14.100000 -8.640001 7.200000  -0.658783 0.544619 0.519033  0.355022 0.392852 1 5 1.000000
0  14.099999 -6.997906 2.833604  -0.617630 0.756772 -0.214080  0.520328 0.383393 1 5 1.000000
wheelchair.001
0  14.100000 -8.640001 7.200000  -0.658783 0.544619 0.519033  0.394271 0.415698 1 5 1.000000
0  17.100000 -8.640001 7.200000  0.664071 0.540632 0.516457  0.394271 0.500138 1 5 1.000000
0  17.099998 -6.960000 3.420000  0.623581 0.781669 0.011851  0.464061 0.500138 1 5 1.000000
wheelchair.001
0  17.100000 -7.651569 1.987222  0.615552 0.411048 -0.672410  0.536273 0.352808 1 5 1.000000
0  17.099998 -6.960000 3.420000  0.623581 0.781669 0.011851  0.504249 0.396408 1 5 1.000000
0  17.100000 -8.640001 7.200000  0.664071 0.540632 0.516457  0.355022 0.392852 1 5 1.000000
wheelchair.001
0  17.100000 -8.640001 7.200000  0.664071 0.540632 0.516457  0.355022 0.392852 1 5 1.000000
0  17.100000 -12.240002 7.200000  0.622428 -0.741557 0.250353  0.305104 0.272918 1 5 1.000000
0  17.100000 -9.975765 1.972922  0.608818 -0.432225 -0.665224  0.508799 0.279520 1 5 1.000000
wheelchair.001
0  17.100000 -9.975765 1.972922  0.608818 -0.432225 -0.665224  0.508799 0.279520 1 5 1.000000
0  17.100000 -7.651569 1.987222  0.615552 0.411048 -0.672410  0.536273 0.352808 1 5 1.000000
0  17.100000 -8.640001 7.200000  0.664071 0.540632 0.516457  0.355022 0.392852 1 5 1.000000
wheelchair.001
0  17.100000 -12.240002 7.200000  0.622428 -0.741557 0.250353  0.357666 0.500138 1 5 1.000000
0  14.100000 -12.240002 7.200000  -0.628124 -0.731635 0.264897  0.357666 0.415698 1 5 1.000000
0  14.099999 -10.019987 1.932096  -0.593239 -0.458310 -0.661830  0.502243 0.415698 1 5 1.000000
wheelchair.001
0  17.100000 -7.651569 1.987222  0.615552 0.411048 -0.672410  0.500190 0.500138 1 5 1.000000
0  17.100000 -9.975765 1.972922  0.608818 -0.432225 -0.665224  0.502371 0.500138 1 5 1.000000
0  14.099999 -10.019987 1.932096  -0.593239 -0.458310 -0.661830  0.502243 0.415698 1 5 1.000000
wheelchair.001
0  17.099998 -6.960000 3.420000  0.623581 0.781669 0.011851  0.464061 0.500138 1 5 1.000000
0  17.100000 -7.651569 1.987222  0.615552 0.411048 -0.672410  0.500190 0.500138 1 5 1.000000
0  14.099999 -6.997906 2.833604  -0.617630 0.756772 -0.214080  0.479541 0.415698 1 5 1.000000
wheelchair.001
0  14.450464 -10.017917 7.858893  -0.486357 0.089305 0.869184  0.227905 0.416988 1 5 1.000000
0  15.108281 -11.669144 7.810214  -0.125657 -0.395517 0.909822  0.249455 0.362974 1 5 1.000000
0  16.438986 -11.342685 7.858811  0.211267 -0.264181 0.941050  0.296614 0.370170 1 5 1.000000
wheelchair.001
0  16.438986 -11.342685 7.858811  0.211267 -0.264181 0.941050  0.296614 0.370170 1 5 1.000000
0  16.768518 -10.498983 7.878016  0.516457 0.015655 0.856170  0.309171 0.401231 1 5 1.000000
0  14.450464 -10.017917 7.858893  -0.486357 0.089305 0.869184  0.227905 0.416988 1 5 1.000000
wheelchair.001
0  -14.099999 -8.340000 1.800000  0.631535 0.180946 -0.753938  0.539084 0.327970 1 7 1.000000
0  -14.100000 -8.640001 7.200000  0.658783 0.544619 0.519033  0.355022 0.392852 1 7 1.000000
0  -14.099999 -10.019987 1.932096  0.593239 -0.458310 -0.661830  0.508573 0.279406 1 7 1.000000
wheelchair.001
0  -14.100000 -8.640001 7.200000  0.658783 0.544619 0.519033  0.394271 0.415698 1 7 1.000000
0  -14.099999 -6.997906 2.833604  0.617630 0.756772 -0.214080  0.479541 0.415698 1 7 1.000000
0  -17.099998 -6.960000 3.420000  -0.623581 0.781669 0.011851  0.464061 0.500138 1 7 1.000000
wheelchair.001
0  -17.100000 -12.240002 7.200000  -0.622428 -0.741557 0.250353  0.357666 0.500138 1 7 1.000000
0  -17.100000 -9.975765 1.972922  -0.608818 -0.432225 -0.665224  0.502371 0.500138 1 7 1.000000
0  -14.099999 -10.019987 1.932096  0.593239 -0.458310 -0.661830  0.502243 0.415698 1 7 1.000000
wheelchair.001
0  -17.100000 -7.651569 1.987222  -0.615552 0.411048 -0.672410  0.500190 0.500138 1 7 1.000000
0  -14.099999 -6.997906 2.833604  0.617630 0.756772 -0.214080  0.479541 0.415698 1 7 1.000000
0  -14.099999 -8.340000 1.800000  0.631535 0.180946 -0.753938  0.509659 0.415698 1 7 1.000000
wheelchair.001
0  -17.100000 -7.651569 1.987222  -0.615552 0.411048 -0.672410  0.500190 0.500138 1 7 1.000000
0  -14.099999 -8.340000 1.800000  0.631535 0.180946 -0.753938  0.509659 0.415698 1 7 1.000000
0  -14.099999 -10.019987 1.932096  0.593239 -0.458310 -0.661830  0.502243 0.415698 1 7 1.000000
wheelchair.001
0  -16.092859 -9.326565 7.804159  -0.085449 0.372516 0.924084  0.281732 0.439546 1 7 1.000000
0  -16.768518 -10.498983 7.878016  -0.516457 0.015655 0.856170  0.309171 0.401231 1 7 1.000000
0  -14.450464 -10.017917 7.858893  0.486357 0.089305 0.869184  0.227905 0.416988 1 7 1.000000
wheelchair.001
0  -14.100000 -12.240002 7.200000  0.628124 -0.731635 0.264897  0.210992 0.337940 1 7 1.000000
0  -15.108281 -11.669144 7.810214  0.125657 -0.395517 0.909822  0.249455 0.362974 1 7 1.000000
0  -17.100000 -12.240002 7.200000  -0.622428 -0.741557 0.250353  0.320115 0.337940 1 7 1.000000
wheelchair.001
0  -17.100000 -8.640001 7.200000  -0.664071 0.540632 0.516457  0.320115 0.468887 1 7 1.000000
0  -16.092859 -9.326565 7.804159  -0.085449 0.372516 0.924084  0.281732 0.439546 1 7 1.000000
0  -14.100000 -8.640001 7.200000  0.658783 0.544619 0.519033  0.210992 0.468887 1 7 1.000000
wheelchair.001
0  -17.100000 -12.240002 7.200000  -0.622428 -0.741557 0.250353  0.320115 0.337940 1 7 1.000000
0  -16.768518 -10.498983 7.878016  -0.516457 0.015655 0.856170  0.309171 0.401231 1 7 1.000000
0  -17.100000 -8.640001 7.200000  -0.664071 0.540632 0.516457  0.320115 0.468887 1 7 1.000000
wheelchair.001
0  -14.100000 -8.640001 7.200000  0.658783 0.544619 0.519033  0.210992 0.468887 1 7 1.000000
0  -14.450464 -10.017917 7.858893  0.486357 0.089305 0.869184  0.227905 0.416988 1 7 1.000000
0  -14.100000 -12.240002 7.200000  0.628124 -0.731635 0.264897  0.210992 0.337940 1 7 1.000000
wheelchair.001
0  -17.100000 -12.240002 7.200000  -0.622428 -0.741557 0.250353  0.320115 0.337940 1 7 1.000000
0  -15.108281 -11.669144 7.810214  0.125657 -0.395517 0.909822  0.249455 0.362974 1 7 1.000000
0  -16.438986 -11.342685 7.858811  -0.211267 -0.264181 0.941050  0.296614 0.370170 1 7 1.000000
wheelchair.001
0  -14.100000 -8.640001 7.200000  0.658783 0.544619 0.519033  0.210992 0.468887 1 7 1.000000
0  -16.092859 -9.326565 7.804159  -0.085449 0.372516 0.924084  0.281732 0.439546 1 7 1.000000
0  -14.450464 -10.017917 7.858893  0.486357 0.089305 0.869184  0.227905 0.416988 1 7 1.000000
wheelchair.001
0  -17.100000 -8.640001 7.200000  -0.664071 0.540632 0.516457  0.320115 0.468887 1 7 1.000000
0  -16.768518 -10.498983 7.878016  -0.516457 0.015655 0.856170  0.309171 0.401231 1 7 1.000000
0  -16.092859 -9.326565 7.804159  -0.085449 0.372516 0.924084  0.281732 0.439546 1 7 1.000000
wheelchair.001
0  -16.768518 -10.498983 7.878016  -0.516457 0.015655 0.856170  0.309171 0.401231 1 7 1.000000
0  -17.100000 -12.240002 7.200000  -0.622428 -0.741557 0.250353  0.320115 0.337940 1 7 1.000000
0  -16.438986 -11.342685 7.858811  -0.211267 -0.264181 0.941050  0.296614 0.370170 1 7 1.000000
wheelchair.001
0  -14.100000 -12.240002 7.200000  0.628124 -0.731635 0.264897  0.210992 0.337940 1 7 1.000000
0  -14.450464 -10.017917 7.858893  0.486357 0.089305 0.869184  0.227905 0.416988 1 7 1.000000
0  -15.108281 -11.669144 7.810214  0.125657 -0.395517 0.909822  0.249455 0.362974 1 7 1.000000
wheelchair.001
0  -14.099999 -10.019987 1.932096  0.593239 -0.458310 -0.661830  0.508573 0.279406 1 7 1.000000
0  -14.100000 -8.640001 7.200000  0.658783 0.544619 0.519033  0.355022 0.392852 1 7 1.000000
0  -14.100000 -12.240002 7.200000  0.628124 -0.731635 0.264897  0.305104 0.272918 1 7 1.000000
wheelchair.001
0  -14.099999 -8.340000 1.800000  0.631535 0.180946 -0.753938  0.539084 0.327970 1 7 1.000000
0  -14.099999 -6.997906 2.833604  0.617630 0.756772 -0.214080  0.520328 0.383393 1 7 1.000000
0  -14.100000 -8.640001 7.200000  0.658783 0.544619 0.519033  0.355022 0.392852 1 7 1.000000
wheelchair.001
0  -14.100000 -8.640001 7.200000  0.658783 0.544619 0.519033  0.394271 0.415698 1 7 1.000000
0  -17.099998 -6.960000 3.420000  -0.623581 0.781669 0.011851  0.464061 0.500138 1 7 1.000000
0  -17.100000 -8.640001 7.200000  -0.664071 0.540632 0.516457  0.394271 0.500138 1 7 1.000000
wheelchair.001
0  -17.100000 -7.651569 1.987222  -0.615552 0.411048 -0.672410  0.536273 0.352808 1 7 1.000000
0  -17.100000 -8.640001 7.200000  -0.664071 0.540632 0.516457  0.355022 0.392852 1 7 1.000000
0  -17.099998 -6.960000 3.420000  -0.623581 0.781669 0.011851  0.504249 0.396408 1 7 1.000000
wheelchair.001
0  -17.100000 -8.640001 7.200000  -0.664071 0.540632 0.516457  0.355022 0.392852 1 7 1.000000
0  -17.100000 -9.975765 1.972922  -0.608818 -0.432225 -0.665224  0.508799 0.279520 1 7 1.000000
0  -17.100000 -12.240002 7.200000  -0.622428 -0.741557 0.250353  0.305104 0.272918 1 7 1.000000
wheelchair.001
0  -17.100000 -9.975765 1.972922  -0.608818 -0.432225 -0.665224  0.508799 0.279520 1 7 1.000000
0  -17.100000 -8.640001 7.200000  -0.664071 0.540632 0.516457  0.355022 0.392852 1 7 1.000000
0  -17.100000 -7.651569 1.987222  -0.615552 0.411048 -0.672410  0.536273 0.352808 1 7 1.000000
wheelchair.001
0  -17.100000 -12.240002 7.200000  -0.622428 -0.741557 0.250353  0.357666 0.500138 1 7 1.000000
0  -14.099999 -10.019987 1.932096  0.593239 -0.458310 -0.661830  0.502243 0.415698 1 7 1.000000
0  -14.100000 -12.240002 7.200000  0.628124 -0.731635 0.264897  0.357666 0.415698 1 7 1.000000
wheelchair.001
0  -17.100000 -7.651569 1.987222  -0.615552 0.411048 -0.672410  0.500190 0.500138 1 7 1.000000
0  -14.099999 -10.019987 1.932096  0.593239 -0.458310 -0.661830  0.502243 0.415698 1 7 1.000000
0  -17.100000 -9.975765 1.972922  -0.608818 -0.432225 -0.665224  0.502371 0.500138 1 7 1.000000
wheelchair.001
0  -17.099998 -6.960000 3.420000  -0.623581 0.781669 0.011851  0.464061 0.500138 1 7 1.000000
0  -14.099999 -6.997906 2.833604  0.617630 0.756772 -0.214080  0.479541 0.415698 1 7 1.000000
0  -17.100000 -7.651569 1.987222  -0.615552 0.411048 -0.672410  0.500190 0.500138 1 7 1.000000
wheelchair.001
0  -14.450464 -10.017917 7.858893  0.486357 0.089305 0.869184  0.227905 0.416988 1 7 1.000000
0  -16.438986 -11.342685 7.858811  -0.211267 -0.264181 0.941050  0.296614 0.370170 1 7 1.000000
0  -15.108281 -11.669144 7.810214  0.125657 -0.395517 0.909822  0.249455 0.362974 1 7 1.000000
wheelchair.001
0  -16.438986 -11.342685 7.858811  -0.211267 -0.264181 0.941050  0.296614 0.370170 1 7 1.000000
0  -14.450464 -10.017917 7.858893  0.486357 0.089305 0.869184  0.227905 0.416988 1 7 1.000000
0  -16.768518 -10.498983 7.878016  -0.516457 0.015655 0.856170  0.309171 0.401231 1 7 1.000000
wheelchair.001
0  10.029474 -16.240103 15.809755  -0.681751 -0.495079 0.538621  0.814520 0.633972 1 1 1.000000
0  10.760885 -14.038124 13.909158  -0.115990 0.540034 -0.833613  0.759892 0.689115 1 1 1.000000
0  10.498965 -15.933709 9.987423  -0.178502 0.577193 -0.796860  0.799870 0.811638 1 1 1.000000
wheelchair.001
0  11.535286 -16.746429 10.507694  0.840094 -0.335432 -0.426296  0.828344 0.794123 1 1 1.000000
0  10.498965 -15.933709 9.987423  -0.178502 0.577193 -0.796860  0.799870 0.811638 1 1 1.000000
0  12.113613 -16.265791 15.943581  0.712364 -0.469595 0.521554  0.815128 0.631440 1 1 1.000000
wheelchair.001
0  12.113613 -16.265791 15.943581  0.712364 -0.469595 0.521554  0.815128 0.631440 1 1 1.000000
0  10.760885 -14.038124 13.909158  -0.115990 0.540034 -0.833613  0.759892 0.689115 1 1 1.000000
0  10.824774 -9.717073 14.726009  -0.028860 0.842357 -0.538147  0.669866 0.650047 1 1 1.000000
wheelchair.001
0  12.113613 -16.265791 15.943581  0.712364 -0.469595 0.521554  0.815128 0.631440 1 1 1.000000
0  10.498965 -15.933709 9.987423  -0.178502 0.577193 -0.796860  0.799870 0.811638 1 1 1.000000
0  10.760885 -14.038124 13.909158  -0.115990 0.540034 -0.833613  0.759892 0.689115 1 1 1.000000
wheelchair.001
0  10.498965 -15.933709 9.987423  -0.178502 0.577193 -0.796860  0.799870 0.811638 1 1 1.000000
0  10.180377 -16.873030 10.239512  -0.613796 -0.590348 -0.524160  0.834546 0.803975 1 1 1.000000
0  10.029474 -16.240103 15.809755  -0.681751 -0.495079 0.538621  0.814520 0.633972 1 1 1.000000
wheelchair.001
0  10.180377 -16.873030 10.239512  -0.613796 -0.590348 -0.524160  0.859523 0.766507 1 1 1.000000
0  12.113613 -16.265791 15.943581  0.712364 -0.469595 0.521554  0.840166 0.668067 1 1 1.000000
0  10.029474 -16.240103 15.809755  -0.681751 -0.495079 0.538621  0.856977 0.666136 1 1 1.000000
wheelchair.001
0  10.029474 -16.240103 15.809755  -0.681751 -0.495079 0.538621  0.814520 0.633972 1 1 1.000000
0  10.824774 -9.717073 14.726009  -0.028860 0.842357 -0.538147  0.669866 0.650047 1 1 1.000000
0  10.760885 -14.038124 13.909158  -0.115990 0.540034 -0.833613  0.759892 0.689115 1 1 1.000000
wheelchair.001
0  10.380000 -17.400000 10.200001  -0.769484 -0.605892 0.201964  0.001573 0.576164 1 1 1.000000
0  10.380000 -17.279999 6.960001  -0.769484 0.605891 -0.201965  0.006226 0.449893 1 1 1.000000
0  10.380000 -18.480000 6.960001  -0.622388 -0.742543 0.247514  0.001549 0.449893 1 1 1.000000
wheelchair.001
0  10.380000 -16.199999 10.200001  -0.622388 0.742543 -0.247513  0.002440 0.567355 1 1 1.000000
0  11.219999 -17.279999 6.960001  0.769496 0.605878 -0.201960  0.005714 0.441084 1 1 1.000000
0  10.380000 -17.279999 6.960001  -0.769484 0.605891 -0.201965  0.002440 0.441084 1 1 1.000000
wheelchair.001
0  11.219999 -17.279999 6.960001  0.769496 0.605878 -0.201960  0.006226 0.449893 1 1 1.000000
0  11.219999 -17.400000 10.200001  0.769496 -0.605878 0.201959  0.001573 0.576164 1 1 1.000000
0  11.219999 -18.480000 6.960001  0.622374 -0.742554 0.247518  0.001549 0.449893 1 1 1.000000
wheelchair.001
0  11.219999 -17.400000 10.200001  0.769496 -0.605878 0.201959  0.005714 0.567355 1 1 1.000000
0  10.380000 -18.480000 6.960001  -0.622388 -0.742543 0.247514  0.002440 0.441084 1 1 1.000000
0  11.219999 -18.480000 6.960001  0.622374 -0.742554 0.247518  0.005714 0.441084 1 1 1.000000
wheelchair.001
0  10.180377 -16.873030 10.239512  -0.613796 -0.590348 -0.524160  0.834546 0.803975 1 1 1.000000
0  10.498965 -15.933709 9.987423  -0.178502 0.577193 -0.796860  0.799870 0.811638 1 1 1.000000
0  11.535286 -16.746429 10.507694  0.840094 -0.335432 -0.426296  0.828344 0.794123 1 1 1.000000
wheelchair.001
0  10.029474 -16.240103 15.809755  -0.681751 -0.495079 0.538621  0.814520 0.633972 1 1 1.000000
0  10.829641 -9.691793 16.018908  -0.028232 0.839766 0.542214  0.667815 0.613784 1 1 1.000000
0  10.824774 -9.717073 14.726009  -0.028860 0.842357 -0.538147  0.669866 0.650047 1 1 1.000000
wheelchair.001
0  10.824774 -9.717073 14.726009  -0.028860 0.842357 -0.538147  0.669866 0.650047 1 1 1.000000
0  10.829641 -9.691793 16.018908  -0.028232 0.839766 0.542214  0.667815 0.613784 1 1 1.000000
0  12.113613 -16.265791 15.943581  0.712364 -0.469595 0.521554  0.815128 0.631440 1 1 1.000000
wheelchair.001
0  10.180377 -16.873030 10.239512  -0.613796 -0.590348 -0.524160  0.859523 0.766507 1 1 1.000000
0  11.535286 -16.746429 10.507694  0.840094 -0.335432 -0.426296  0.843952 0.770705 1 1 1.000000
0  12.113613 -16.265791 15.943581  0.712364 -0.469595 0.521554  0.840166 0.668067 1 1 1.000000
wheelchair.001
0  10.829641 -9.691793 16.018908  -0.028232 0.839766 0.542214  0.662527 0.591476 1 1 1.000000
0  10.029474 -16.240103 15.809755  -0.681751 -0.495079 0.538621  0.817240 0.583173 1 1 1.000000
0  12.113613 -16.265791 15.943581  0.712364 -0.469595 0.521554  0.820202 0.596565 1 1 1.000000
wheelchair.001
0  10.380000 -17.400000 10.200001  -0.769484 -0.605892 0.201964  0.001573 0.576164 1 1 1.000000
0  10.380000 -16.199999 10.200001  -0.622388 0.742543 -0.247513  0.006250 0.576164 1 1 1.000000
0  10.380000 -17.279999 6.960001  -0.769484 0.605891 -0.201965  0.006226 0.449893 1 1 1.000000
wheelchair.001
0  10.380000 -16.199999 10.200001  -0.622388 0.742543 -0.247513  0.002440 0.567355 1 1 1.000000
0  11.219999 -16.199999 10.200001  0.622374 0.742554 -0.247517  0.005714 0.567355 1 1 1.000000
0  11.219999 -17.279999 6.960001  0.769496 0.605878 -0.201960  0.005714 0.441084 1 1 1.000000
wheelchair.001
0  11.219999 -17.279999 6.960001  0.769496 0.605878 -0.201960  0.006226 0.449893 1 1 1.000000
0  11.219999 -16.199999 10.200001  0.622374 0.742554 -0.247517  0.006250 0.576164 1 1 1.000000
0  11.219999 -17.400000 10.200001  0.769496 -0.605878 0.201959  0.001573 0.576164 1 1 1.000000
wheelchair.001
0  11.219999 -17.400000 10.200001  0.769496 -0.605878 0.201959  0.005714 0.567355 1 1 1.000000
0  10.380000 -17.400000 10.200001  -0.769484 -0.605892 0.201964  0.002440 0.567355 1 1 1.000000
0  10.380000 -18.480000 6.960001  -0.622388 -0.742543 0.247514  0.002440 0.441084 1 1 1.000000
wheelchair_sticker.001
0  -5.999999 -6.909207 13.289080  0.000000 -0.995037 -0.099504  0.642114 0.569009 1 1 1.000000
0  6.000000 -6.433960 8.536604  0.000000 -0.995037 -0.099504  0.802184 0.518034 1 1 1.000000
0  6.000000 -6.909207 13.289080  0.000000 -0.995037 -0.099504  0.802184 0.569009 1 1 1.000000
wheelchair.001
0  -10.029474 -16.240103 15.809755  0.681751 -0.495079 0.538621  0.814520 0.633972 1 1 1.000000
0  -10.498965 -15.933709 9.987423  0.178502 0.577193 -0.796860  0.799870 0.811638 1 1 1.000000
0  -10.760885 -14.038124 13.909158  0.115990 0.540034 -0.833613  0.759892 0.689115 1 1 1.000000
wheelchair.001
0  -11.535286 -16.746429 10.507694  -0.840094 -0.335432 -0.426296  0.828344 0.794123 1 1 1.000000
0  -12.113613 -16.265791 15.943581  -0.712364 -0.469595 0.521554  0.815128 0.631440 1 1 1.000000
0  -10.498965 -15.933709 9.987423  0.178502 0.577193 -0.796860  0.799870 0.811638 1 1 1.000000
wheelchair.001
0  -12.113613 -16.265791 15.943581  -0.712364 -0.469595 0.521554  0.815128 0.631440 1 1 1.000000
0  -10.824774 -9.717073 14.726009  0.028860 0.842357 -0.538147  0.669866 0.650047 1 1 1.000000
0  -10.760885 -14.038124 13.909158  0.115990 0.540034 -0.833613  0.759892 0.689115 1 1 1.000000
wheelchair.001
0  -12.113613 -16.265791 15.943581  -0.712364 -0.469595 0.521554  0.815128 0.631440 1 1 1.000000
0  -10.760885 -14.038124 13.909158  0.115990 0.540034 -0.833613  0.759892 0.689115 1 1 1.000000
0  -10.498965 -15.933709 9.987423  0.178502 0.577193 -0.796860  0.799870 0.811638 1 1 1.000000
wheelchair.001
0  -10.498965 -15.933709 9.987423  0.178502 0.577193 -0.796860  0.799870 0.811638 1 1 1.000000
0  -10.029474 -16.240103 15.809755  0.681751 -0.495079 0.538621  0.814520 0.633972 1 1 1.000000
0  -10.180377 -16.873030 10.239512  0.613796 -0.590348 -0.524160  0.834546 0.803975 1 1 1.000000
wheelchair.001
0  -10.180377 -16.873030 10.239512  0.613796 -0.590348 -0.524160  0.859523 0.766507 1 1 1.000000
0  -10.029474 -16.240103 15.809755  0.681751 -0.495079 0.538621  0.856977 0.666136 1 1 1.000000
0  -12.113613 -16.265791 15.943581  -0.712364 -0.469595 0.521554  0.840166 0.668067 1 1 1.000000
wheelchair.001
0  -10.029474 -16.240103 15.809755  0.681751 -0.495079 0.538621  0.814520 0.633972 1 1 1.000000
0  -10.760885 -14.038124 13.909158  0.115990 0.540034 -0.833613  0.759892 0.689115 1 1 1.000000
0  -10.824774 -9.717073 14.726009  0.028860 0.842357 -0.538147  0.669866 0.650047 1 1 1.000000
wheelchair.001
0  -10.380000 -17.400000 10.200001  0.769484 -0.605892 0.201964  0.001573 0.576164 1 1 1.000000
0  -10.380000 -18.480000 6.960001  0.622388 -0.742543 0.247514  0.001549 0.449893 1 1 1.000000
0  -10.380000 -17.279999 6.960001  0.769484 0.605891 -0.201965  0.006226 0.449893 1 1 1.000000
wheelchair.001
0  -10.380000 -16.199999 10.200001  0.622388 0.742543 -0.247513  0.002440 0.567355 1 1 1.000000
0  -10.380000 -17.279999 6.960001  0.769484 0.605891 -0.201965  0.002440 0.441084 1 1 1.000000
0  -11.219999 -17.279999 6.960001  -0.769496 0.605878 -0.201960  0.005714 0.441084 1 1 1.000000
wheelchair.001
0  -11.219999 -17.279999 6.960001  -0.769496 0.605878 -0.201960  0.006226 0.449893 1 1 1.000000
0  -11.219999 -18.480000 6.960001  -0.622374 -0.742554 0.247518  0.001549 0.449893 1 1 1.000000
0  -11.219999 -17.400000 10.200001  -0.769496 -0.605878 0.201959  0.001573 0.576164 1 1 1.000000
wheelchair.001
0  -11.219999 -17.400000 10.200001  -0.769496 -0.605878 0.201959  0.005714 0.567355 1 1 1.000000
0  -11.219999 -18.480000 6.960001  -0.622374 -0.742554 0.247518  0.005714 0.441084 1 1 1.000000
0  -10.380000 -18.480000 6.960001  0.622388 -0.742543 0.247514  0.002440 0.441084 1 1 1.000000
wheelchair.001
0  -10.180377 -16.873030 10.239512  0.613796 -0.590348 -0.524160  0.834546 0.803975 1 1 1.000000
0  -11.535286 -16.746429 10.507694  -0.840094 -0.335432 -0.426296  0.828344 0.794123 1 1 1.000000
0  -10.498965 -15.933709 9.987423  0.178502 0.577193 -0.796860  0.799870 0.811638 1 1 1.000000
wheelchair.001
0  -10.029474 -16.240103 15.809755  0.681751 -0.495079 0.538621  0.814520 0.633972 1 1 1.000000
0  -10.824774 -9.717073 14.726009  0.028860 0.842357 -0.538147  0.669866 0.650047 1 1 1.000000
0  -10.829641 -9.691793 16.018908  0.028232 0.839766 0.542215  0.667815 0.613784 1 1 1.000000
wheelchair.001
0  -10.824774 -9.717073 14.726009  0.028860 0.842357 -0.538147  0.669866 0.650047 1 1 1.000000
0  -12.113613 -16.265791 15.943581  -0.712364 -0.469595 0.521554  0.815128 0.631440 1 1 1.000000
0  -10.829641 -9.691793 16.018908  0.028232 0.839766 0.542215  0.667815 0.613784 1 1 1.000000
wheelchair.001
0  -10.180377 -16.873030 10.239512  0.613796 -0.590348 -0.524160  0.859523 0.766507 1 1 1.000000
0  -12.113613 -16.265791 15.943581  -0.712364 -0.469595 0.521554  0.840166 0.668067 1 1 1.000000
0  -11.535286 -16.746429 10.507694  -0.840094 -0.335432 -0.426296  0.843952 0.770705 1 1 1.000000
wheelchair.001
0  -10.829641 -9.691793 16.018908  0.028232 0.839766 0.542215  0.662527 0.591476 1 1 1.000000
0  -12.113613 -16.265791 15.943581  -0.712364 -0.469595 0.521554  0.820202 0.596565 1 1 1.000000
0  -10.029474 -16.240103 15.809755  0.681751 -0.495079 0.538621  0.817240 0.583173 1 1 1.000000
wheelchair.001
0  -10.380000 -17.400000 10.200001  0.769484 -0.605892 0.201964  0.001573 0.576164 1 1 1.000000
0  -10.380000 -17.279999 6.960001  0.769484 0.605891 -0.201965  0.006226 0.449893 1 1 1.000000
0  -10.380000 -16.199999 10.200001  0.622388 0.742543 -0.247513  0.006250 0.576164 1 1 1.000000
wheelchair.001
0  -10.380000 -16.199999 10.200001  0.622388 0.742543 -0.247513  0.002440 0.567355 1 1 1.000000
0  -11.219999 -17.279999 6.960001  -0.769496 0.605878 -0.201960  0.005714 0.441084 1 1 1.000000
0  -11.219999 -16.199999 10.200001  -0.622374 0.742554 -0.247517  0.005714 0.567355 1 1 1.000000
wheelchair.001
0  -11.219999 -17.279999 6.960001  -0.769496 0.605878 -0.201960  0.006226 0.449893 1 1 1.000000
0  -11.219999 -17.400000 10.200001  -0.769496 -0.605878 0.201959  0.001573 0.576164 1 1 1.000000
0  -11.219999 -16.199999 10.200001  -0.622374 0.742554 -0.247517  0.006250 0.576164 1 1 1.000000
wheelchair.001
0  -11.219999 -17.400000 10.200001  -0.769496 -0.605878 0.201959  0.005714 0.567355 1 1 1.000000
0  -10.380000 -18.480000 6.960001  0.622388 -0.742543 0.247514  0.002440 0.441084 1 1 1.000000
0  -10.380000 -17.400000 10.200001  0.769484 -0.605892 0.201964  0.002440 0.567355 1 1 1.000000
wheelchair.001
0  9.000001 -16.259144 5.245403  -0.163707 0.499861 0.850494  0.945203 0.820064 1 1 1.000000
0  11.720324 -16.049969 7.636271  0.577355 0.625474 0.524826  0.935174 0.846683 1 1 1.000000
0  11.720324 -16.363729 4.049970  0.702361 0.390547 -0.595115  0.935457 0.806744 1 1 1.000000
wheelchair.001
0  11.720324 -16.049969 7.636271  0.577355 0.625474 0.524826  0.935174 0.846683 1 1 1.000000
0  11.720324 -19.950031 4.363730  0.577381 -0.625445 -0.524833  0.895821 0.806197 1 1 1.000000
0  11.720324 -16.363729 4.049970  0.702361 0.390547 -0.595115  0.935457 0.806744 1 1 1.000000
wheelchair.001
0  11.720324 -19.950031 4.363730  0.577381 -0.625445 -0.524833  0.890051 0.820625 1 1 1.000000
0  9.000001 -19.845444 5.559164  -0.301518 -0.874810 0.379203  0.872912 0.836250 1 1 1.000000
0  1.800000 -19.950031 4.363730  -0.746504 -0.581294 -0.323772  0.779551 0.820625 1 1 1.000000
wheelchair.001
0  2.700000 -19.845444 5.559164  -0.351258 -0.555361 0.753785  0.796690 0.836250 1 1 1.000000
0  1.800000 -10.386561 3.527035  -0.746485 0.516234 -0.419837  0.779551 0.991875 1 1 1.000000
0  1.800000 -19.950031 4.363730  -0.746504 -0.581294 -0.323772  0.779551 0.820625 1 1 1.000000
wheelchair.001
0  11.720324 -16.363729 4.049970  0.702361 0.390547 -0.595115  0.994322 0.939375 1 1 1.000000
0  1.800000 -19.950031 4.363730  -0.746504 -0.581294 -0.323772  0.896322 0.991875 1 1 1.000000
0  1.800000 -10.386561 3.527035  -0.746485 0.516234 -0.419837  0.896322 0.851875 1 1 1.000000
wheelchair.001
0  9.000001 -16.259144 5.245403  -0.163707 0.499861 0.850494  0.872912 0.888750 1 1 1.000000
0  2.700000 -19.845444 5.559164  -0.351258 -0.555361 0.753785  0.796690 0.836250 1 1 1.000000
0  9.000001 -19.845444 5.559164  -0.301518 -0.874810 0.379203  0.872912 0.836250 1 1 1.000000
wheelchair.001
0  11.720324 -16.049969 7.636271  0.577355 0.625474 0.524826  0.883801 0.888750 1 1 1.000000
0  9.000001 -19.636271 7.950031  -0.577344 -0.524827 0.625485  0.872912 0.836250 1 1 1.000000
0  11.720324 -19.636271 7.950031  0.577340 -0.524855 0.625464  0.883801 0.836250 1 1 1.000000
wheelchair.001
0  9.000001 -19.845444 5.559164  -0.301518 -0.874810 0.379203  0.984933 0.819511 1 1 1.000000
0  9.000001 -16.049969 7.636271  -0.577356 0.625470 0.524831  0.945314 0.846593 1 1 1.000000
0  9.000001 -16.259144 5.245403  -0.163707 0.499861 0.850494  0.945203 0.820064 1 1 1.000000
wheelchair.001
0  11.720324 -16.049969 7.636271  0.577355 0.625474 0.524826  0.935174 0.846683 1 1 1.000000
0  9.000001 -16.259144 5.245403  -0.163707 0.499861 0.850494  0.945203 0.820064 1 1 1.000000
0  9.000001 -16.049969 7.636271  -0.577356 0.625470 0.524831  0.945314 0.846593 1 1 1.000000
wheelchair.001
0  9.000001 -19.845444 5.559164  -0.301518 -0.874810 0.379203  0.984933 0.819511 1 1 1.000000
0  11.720324 -19.636271 7.950031  0.577340 -0.524855 0.625464  0.995163 0.845963 1 1 1.000000
0  9.000001 -19.636271 7.950031  -0.577344 -0.524827 0.625485  0.985231 0.846056 1 1 1.000000
wheelchair.001
0  2.700000 -10.281974 4.722469  -0.351252 0.677806 0.645911  0.796690 0.976250 1 1 1.000000
0  9.900001 -10.386561 3.527035  0.730740 0.540328 -0.417211  0.890051 0.991875 1 1 1.000000
0  1.800000 -10.386561 3.527035  -0.746485 0.516234 -0.419837  0.779551 0.991875 1 1 1.000000
wheelchair.001
0  2.700000 -10.281974 4.722469  -0.351252 0.677806 0.645911  0.796690 0.976250 1 1 1.000000
0  9.000001 -16.259144 5.245403  -0.163707 0.499861 0.850494  0.872912 0.888750 1 1 1.000000
0  9.000001 -10.281974 4.722469  0.351259 0.677814 0.645899  0.872912 0.976250 1 1 1.000000
wheelchair.001
0  11.720324 -16.363729 4.049970  0.702361 0.390547 -0.595115  0.994322 0.939375 1 1 1.000000
0  1.800000 -10.386561 3.527035  -0.746485 0.516234 -0.419837  0.896322 0.851875 1 1 1.000000
0  9.900001 -10.386561 3.527035  0.730740 0.540328 -0.417211  0.994322 0.851875 1 1 1.000000
wheelchair.001
0  9.000001 -16.259144 5.245403  -0.163707 0.499861 0.850494  0.872912 0.888750 1 1 1.000000
0  9.900001 -10.386561 3.527035  0.730740 0.540328 -0.417211  0.890051 0.991875 1 1 1.000000
0  9.000001 -10.281974 4.722469  0.351259 0.677814 0.645899  0.872912 0.976250 1 1 1.000000
wheelchair.001
0  11.720324 -16.049969 7.636271  0.577355 0.625474 0.524826  0.935174 0.846683 1 1 1.000000
0  11.720324 -19.636271 7.950031  0.577340 -0.524855 0.625464  0.895163 0.845924 1 1 1.000000
0  11.720324 -19.950031 4.363730  0.577381 -0.625445 -0.524833  0.895821 0.806197 1 1 1.000000
wheelchair.001
0  11.720324 -19.950031 4.363730  0.577381 -0.625445 -0.524833  0.994778 0.806197 1 1 1.000000
0  11.720324 -19.636271 7.950031  0.577340 -0.524855 0.625464  0.995163 0.845963 1 1 1.000000
0  9.000001 -19.845444 5.559164  -0.301518 -0.874810 0.379203  0.984933 0.819511 1 1 1.000000
wheelchair.001
0  9.000001 -19.845444 5.559164  -0.301518 -0.874810 0.379203  0.872912 0.836250 1 1 1.000000
0  2.700000 -19.845444 5.559164  -0.351258 -0.555361 0.753785  0.796690 0.836250 1 1 1.000000
0  1.800000 -19.950031 4.363730  -0.746504 -0.581294 -0.323772  0.779551 0.820625 1 1 1.000000
wheelchair.001
0  2.700000 -19.845444 5.559164  -0.351258 -0.555361 0.753785  0.796690 0.836250 1 1 1.000000
0  2.700000 -10.281974 4.722469  -0.351252 0.677806 0.645911  0.796690 0.976250 1 1 1.000000
0  1.800000 -10.386561 3.527035  -0.746485 0.516234 -0.419837  0.779551 0.991875 1 1 1.000000
wheelchair.001
0  11.720324 -16.363729 4.049970  0.702361 0.390547 -0.595115  0.994322 0.939375 1 1 1.000000
0  11.720324 -19.950031 4.363730  0.577381 -0.625445 -0.524833  0.994322 0.991875 1 1 1.000000
0  1.800000 -19.950031 4.363730  -0.746504 -0.581294 -0.323772  0.896322 0.991875 1 1 1.000000
wheelchair.001
0  9.000001 -16.259144 5.245403  -0.163707 0.499861 0.850494  0.872912 0.888750 1 1 1.000000
0  2.700000 -10.281974 4.722469  -0.351252 0.677806 0.645911  0.796690 0.976250 1 1 1.000000
0  2.700000 -19.845444 5.559164  -0.351258 -0.555361 0.753785  0.796690 0.836250 1 1 1.000000
wheelchair.001
0  11.720324 -16.049969 7.636271  0.577355 0.625474 0.524826  0.883801 0.888750 1 1 1.000000
0  9.000001 -16.049969 7.636271  -0.577356 0.625470 0.524831  0.872912 0.888750 1 1 1.000000
0  9.000001 -19.636271 7.950031  -0.577344 -0.524827 0.625485  0.872912 0.836250 1 1 1.000000
wheelchair.001
0  9.000001 -19.845444 5.559164  -0.301518 -0.874810 0.379203  0.984933 0.819511 1 1 1.000000
0  9.000001 -19.636271 7.950031  -0.577344 -0.524827 0.625485  0.985231 0.846056 1 1 1.000000
0  9.000001 -16.049969 7.636271  -0.577356 0.625470 0.524831  0.945314 0.846593 1 1 1.000000
wheelchair.001
0  2.700000 -10.281974 4.722469  -0.351252 0.677806 0.645911  0.796690 0.976250 1 1 1.000000
0  9.000001 -10.281974 4.722469  0.351259 0.677814 0.645899  0.872912 0.976250 1 1 1.000000
0  9.900001 -10.386561 3.527035  0.730740 0.540328 -0.417211  0.890051 0.991875 1 1 1.000000
wheelchair.001
0  9.000001 -16.259144 5.245403  -0.163707 0.499861 0.850494  0.872912 0.888750 1 1 1.000000
0  11.720324 -16.363729 4.049970  0.702361 0.390547 -0.595115  0.890051 0.888750 1 1 1.000000
0  9.900001 -10.386561 3.527035  0.730740 0.540328 -0.417211  0.890051 0.991875 1 1 1.000000
wheelchair.001
0  -9.000001 -16.259144 5.245403  0.163707 0.499861 0.850494  0.945203 0.820064 1 1 1.000000
0  -11.720324 -16.363729 4.049970  -0.702361 0.390547 -0.595115  0.935457 0.806744 1 1 1.000000
0  -11.720324 -16.049969 7.636271  -0.577355 0.625474 0.524826  0.935174 0.846683 1 1 1.000000
wheelchair.001
0  -11.720324 -16.049969 7.636271  -0.577355 0.625474 0.524826  0.935174 0.846683 1 1 1.000000
0  -11.720324 -16.363729 4.049970  -0.702361 0.390547 -0.595115  0.935457 0.806744 1 1 1.000000
0  -11.720324 -19.950031 4.363730  -0.577381 -0.625445 -0.524833  0.895821 0.806197 1 1 1.000000
wheelchair.001
0  -11.720324 -19.950031 4.363730  -0.577381 -0.625445 -0.524833  0.890051 0.820625 1 1 1.000000
0  -1.800000 -19.950031 4.363730  0.746504 -0.581294 -0.323772  0.779551 0.820625 1 1 1.000000
0  -9.000001 -19.845444 5.559164  0.301518 -0.874810 0.379203  0.872912 0.836250 1 1 1.000000
wheelchair.001
0  -2.700000 -19.845444 5.559164  0.351258 -0.555361 0.753785  0.796690 0.836250 1 1 1.000000
0  -1.800000 -19.950031 4.363730  0.746504 -0.581294 -0.323772  0.779551 0.820625 1 1 1.000000
0  -1.800000 -10.386561 3.527035  0.746485 0.516234 -0.419837  0.779551 0.991875 1 1 1.000000
wheelchair.001
0  -11.720324 -16.363729 4.049970  -0.702361 0.390547 -0.595115  0.994322 0.939375 1 1 1.000000
0  -1.800000 -10.386561 3.527035  0.746485 0.516234 -0.419837  0.896322 0.851875 1 1 1.000000
0  -1.800000 -19.950031 4.363730  0.746504 -0.581294 -0.323772  0.896322 0.991875 1 1 1.000000
wheelchair.001
0  -9.000001 -16.259144 5.245403  0.163707 0.499861 0.850494  0.872912 0.888750 1 1 1.000000
0  -9.000001 -19.845444 5.559164  0.301518 -0.874810 0.379203  0.872912 0.836250 1 1 1.000000
0  -2.700000 -19.845444 5.559164  0.351258 -0.555361 0.753785  0.796690 0.836250 1 1 1.000000
wheelchair.001
0  -11.720324 -16.049969 7.636271  -0.577355 0.625474 0.524826  0.883801 0.888750 1 1 1.000000
0  -11.720324 -19.636271 7.950031  -0.577340 -0.524855 0.625464  0.883801 0.836250 1 1 1.000000
0  -9.000001 -19.636271 7.950031  0.577344 -0.524827 0.625485  0.872912 0.836250 1 1 1.000000
wheelchair.001
0  -9.000001 -19.845444 5.559164  0.301518 -0.874810 0.379203  0.984933 0.819511 1 1 1.000000
0  -9.000001 -16.259144 5.245403  0.163707 0.499861 0.850494  0.945203 0.820064 1 1 1.000000
0  -9.000001 -16.049969 7.636271  0.577356 0.625470 0.524831  0.945314 0.846593 1 1 1.000000
wheelchair.001
0  -11.720324 -16.049969 7.636271  -0.577355 0.625474 0.524826  0.935174 0.846683 1 1 1.000000
0  -9.000001 -16.049969 7.636271  0.577356 0.625470 0.524831  0.945314 0.846593 1 1 1.000000
0  -9.000001 -16.259144 5.245403  0.163707 0.499861 0.850494  0.945203 0.820064 1 1 1.000000
wheelchair.001
0  -9.000001 -19.845444 5.559164  0.301518 -0.874810 0.379203  0.984933 0.819511 1 1 1.000000
0  -9.000001 -19.636271 7.950031  0.577344 -0.524827 0.625485  0.985231 0.846056 1 1 1.000000
0  -11.720324 -19.636271 7.950031  -0.577340 -0.524855 0.625464  0.995163 0.845963 1 1 1.000000
wheelchair.001
0  -2.700000 -10.281974 4.722469  0.351252 0.677806 0.645911  0.796690 0.976250 1 1 1.000000
0  -1.800000 -10.386561 3.527035  0.746485 0.516234 -0.419837  0.779551 0.991875 1 1 1.000000
0  -9.900001 -10.386561 3.527035  -0.730740 0.540328 -0.417211  0.890051 0.991875 1 1 1.000000
wheelchair.001
0  -2.700000 -10.281974 4.722469  0.351252 0.677806 0.645911  0.796690 0.976250 1 1 1.000000
0  -9.000001 -10.281974 4.722469  -0.351259 0.677814 0.645899  0.872912 0.976250 1 1 1.000000
0  -9.000001 -16.259144 5.245403  0.163707 0.499861 0.850494  0.872912 0.888750 1 1 1.000000
wheelchair.001
0  -11.720324 -16.363729 4.049970  -0.702361 0.390547 -0.595115  0.994322 0.939375 1 1 1.000000
0  -9.900001 -10.386561 3.527035  -0.730740 0.540328 -0.417211  0.994322 0.851875 1 1 1.000000
0  -1.800000 -10.386561 3.527035  0.746485 0.516234 -0.419837  0.896322 0.851875 1 1 1.000000
wheelchair.001
0  -9.000001 -16.259144 5.245403  0.163707 0.499861 0.850494  0.872912 0.888750 1 1 1.000000
0  -9.000001 -10.281974 4.722469  -0.351259 0.677814 0.645899  0.872912 0.976250 1 1 1.000000
0  -9.900001 -10.386561 3.527035  -0.730740 0.540328 -0.417211  0.890051 0.991875 1 1 1.000000
wheelchair.001
0  -11.720324 -16.049969 7.636271  -0.577355 0.625474 0.524826  0.935174 0.846683 1 1 1.000000
0  -11.720324 -19.950031 4.363730  -0.577381 -0.625445 -0.524833  0.895821 0.806197 1 1 1.000000
0  -11.720324 -19.636271 7.950031  -0.577340 -0.524855 0.625464  0.895163 0.845924 1 1 1.000000
wheelchair.001
0  -11.720324 -19.950031 4.363730  -0.577381 -0.625445 -0.524833  0.994778 0.806197 1 1 1.000000
0  -9.000001 -19.845444 5.559164  0.301518 -0.874810 0.379203  0.984933 0.819511 1 1 1.000000
0  -11.720324 -19.636271 7.950031  -0.577340 -0.524855 0.625464  0.995163 0.845963 1 1 1.000000
wheelchair.001
0  -9.000001 -19.845444 5.559164  0.301518 -0.874810 0.379203  0.872912 0.836250 1 1 1.000000
0  -1.800000 -19.950031 4.363730  0.746504 -0.581294 -0.323772  0.779551 0.820625 1 1 1.000000
0  -2.700000 -19.845444 5.559164  0.351258 -0.555361 0.753785  0.796690 0.836250 1 1 1.000000
wheelchair.001
0  -2.700000 -19.845444 5.559164  0.351258 -0.555361 0.753785  0.796690 0.836250 1 1 1.000000
0  -1.800000 -10.386561 3.527035  0.746485 0.516234 -0.419837  0.779551 0.991875 1 1 1.000000
0  -2.700000 -10.281974 4.722469  0.351252 0.677806 0.645911  0.796690 0.976250 1 1 1.000000
wheelchair.001
0  -11.720324 -16.363729 4.049970  -0.702361 0.390547 -0.595115  0.994322 0.939375 1 1 1.000000
0  -1.800000 -19.950031 4.363730  0.746504 -0.581294 -0.323772  0.896322 0.991875 1 1 1.000000
0  -11.720324 -19.950031 4.363730  -0.577381 -0.625445 -0.524833  0.994322 0.991875 1 1 1.000000
wheelchair.001
0  -9.000001 -16.259144 5.245403  0.163707 0.499861 0.850494  0.872912 0.888750 1 1 1.000000
0  -2.700000 -19.845444 5.559164  0.351258 -0.555361 0.753785  0.796690 0.836250 1 1 1.000000
0  -2.700000 -10.281974 4.722469  0.351252 0.677806 0.645911  0.796690 0.976250 1 1 1.000000
wheelchair.001
0  -11.720324 -16.049969 7.636271  -0.577355 0.625474 0.524826  0.883801 0.888750 1 1 1.000000
0  -9.000001 -19.636271 7.950031  0.577344 -0.524827 0.625485  0.872912 0.836250 1 1 1.000000
0  -9.000001 -16.049969 7.636271  0.577356 0.625470 0.524831  0.872912 0.888750 1 1 1.000000
wheelchair.001
0  -9.000001 -19.845444 5.559164  0.301518 -0.874810 0.379203  0.984933 0.819511 1 1 1.000000
0  -9.000001 -16.049969 7.636271  0.577356 0.625470 0.524831  0.945314 0.846593 1 1 1.000000
0  -9.000001 -19.636271 7.950031  0.577344 -0.524827 0.625485  0.985231 0.846056 1 1 1.000000
wheelchair.001
0  -2.700000 -10.281974 4.722469  0.351252 0.677806 0.645911  0.796690 0.976250 1 1 1.000000
0  -9.900001 -10.386561 3.527035  -0.730740 0.540328 -0.417211  0.890051 0.991875 1 1 1.000000
0  -9.000001 -10.281974 4.722469  -0.351259 0.677814 0.645899  0.872912 0.976250 1 1 1.000000
wheelchair.001
0  -9.000001 -16.259144 5.245403  0.163707 0.499861 0.850494  0.872912 0.888750 1 1 1.000000
0  -9.900001 -10.386561 3.527035  -0.730740 0.540328 -0.417211  0.890051 0.991875 1 1 1.000000
0  -11.720324 -16.363729 4.049970  -0.702361 0.390547 -0.595115  0.890051 0.888750 1 1 1.000000
wheelchair.001
0  -12.954188 15.602695 42.803871  -0.761025 0.538331 0.361996  0.002657 0.386155 1 1 1.000000
0  -13.184269 13.200924 42.282497  -0.895101 -0.131469 -0.426040  0.002393 0.395117 1 1 1.000000
0  -12.560734 13.197870 43.220394  0.007141 -0.144151 0.989530  0.002400 0.375685 1 1 1.000000
wheelchair.001
0  -11.663124 16.130898 42.808601  0.289240 -0.305483 0.907205  0.002784 0.371745 1 1 1.000000
0  -12.560734 13.197870 43.220394  0.007141 -0.144151 0.989530  0.002400 0.375685 1 1 1.000000
0  -12.103216 13.201032 42.289841  0.814922 -0.268370 -0.513692  0.002418 0.362967 1 1 1.000000
wheelchair.001
0  -13.184269 13.200924 42.282497  -0.895101 -0.131469 -0.426040  0.002393 0.395117 1 1 1.000000
0  -12.579778 15.243115 41.893417  -0.169774 0.294700 -0.940388  0.002660 0.402623 1 1 1.000000
0  -12.103216 13.201032 42.289841  0.814922 -0.268370 -0.513692  0.002415 0.413377 1 1 1.000000
wheelchair.001
0  -11.663124 16.130898 42.808601  0.289240 -0.305483 0.907205  0.002784 0.371745 1 1 1.000000
0  -10.821305 17.425163 42.633610  -0.309987 0.934056 0.177337  0.002944 0.382072 1 1 1.000000
0  -12.954188 15.602695 42.803871  -0.761025 0.538331 0.361996  0.002657 0.386155 1 1 1.000000
wheelchair.001
0  -12.579778 15.243115 41.893417  -0.169774 0.294700 -0.940388  0.002660 0.402623 1 1 1.000000
0  -10.759401 16.346218 41.960548  -0.174641 -0.312757 -0.933640  0.002915 0.411628 1 1 1.000000
0  -11.663124 16.130898 42.808601  0.289240 -0.305483 0.907205  0.002666 0.416213 1 1 1.000000
wheelchair.001
0  13.184269 13.200924 42.282497  0.895100 -0.131470 -0.426042  0.006053 0.395118 1 1 1.000000
0  12.954188 15.602695 42.803871  0.781021 0.460759 0.421555  0.005790 0.386156 1 1 1.000000
0  12.560734 13.197870 43.220394  -0.005678 -0.140467 0.990069  0.006047 0.375686 1 1 1.000000
wheelchair.001
0  12.560734 13.197870 43.220394  -0.005678 -0.140467 0.990069  0.006047 0.375686 1 1 1.000000
0  11.696709 15.808838 42.769642  -0.580814 -0.397615 0.710322  0.005683 0.369958 1 1 1.000000
0  12.103216 13.201032 42.289841  -0.812461 -0.272204 -0.515570  0.006029 0.362968 1 1 1.000000
wheelchair.001
0  12.103216 13.201032 42.289841  -0.812461 -0.272204 -0.515570  0.006031 0.413378 1 1 1.000000
0  11.696709 15.808838 42.769642  -0.580814 -0.397615 0.710322  0.005686 0.416300 1 1 1.000000
0  12.579778 15.243116 41.893417  0.220664 0.170386 -0.960352  0.005787 0.402624 1 1 1.000000
wheelchair.001
0  13.184269 13.200924 42.282497  0.895100 -0.131470 -0.426042  0.006053 0.395118 1 1 1.000000
0  12.579778 15.243116 41.893417  0.220664 0.170386 -0.960352  0.005787 0.402624 1 1 1.000000
0  12.954188 15.602695 42.803871  0.781021 0.460759 0.421555  0.005790 0.386156 1 1 1.000000
wheelchair.001
0  12.579778 15.243116 41.893417  0.220664 0.170386 -0.960352  0.005787 0.402624 1 1 1.000000
0  11.696709 15.808838 42.769642  -0.580814 -0.397615 0.710322  0.005686 0.416300 1 1 1.000000
0  10.377915 17.297129 41.687939  0.109151 0.492747 -0.863299  0.005446 0.400726 1 1 1.000000
wheelchair.001
0  12.579778 15.243116 41.893417  0.220664 0.170386 -0.960352  0.005787 0.402624 1 1 1.000000
0  11.394722 17.247269 42.637188  0.467697 0.789413 0.397601  0.005552 0.386102 1 1 1.000000
0  12.954188 15.602695 42.803871  0.781021 0.460759 0.421555  0.005790 0.386156 1 1 1.000000
wheelchair.001
0  -11.663124 16.130898 42.808601  0.289240 -0.305483 0.907205  0.002784 0.371745 1 1 1.000000
0  -12.954188 15.602695 42.803871  -0.761025 0.538331 0.361996  0.002657 0.386155 1 1 1.000000
0  -12.560734 13.197870 43.220394  0.007141 -0.144151 0.989530  0.002400 0.375685 1 1 1.000000
wheelchair.001
0  -12.103216 13.201032 42.289841  0.814922 -0.268370 -0.513692  0.002415 0.413377 1 1 1.000000
0  -12.579778 15.243115 41.893417  -0.169774 0.294700 -0.940388  0.002660 0.402623 1 1 1.000000
0  -11.663124 16.130898 42.808601  0.289240 -0.305483 0.907205  0.002666 0.416213 1 1 1.000000
wheelchair.001
0  -13.184269 13.200924 42.282497  -0.895101 -0.131469 -0.426040  0.002393 0.395117 1 1 1.000000
0  -12.954188 15.602695 42.803871  -0.761025 0.538331 0.361996  0.002657 0.386155 1 1 1.000000
0  -12.579778 15.243115 41.893417  -0.169774 0.294700 -0.940388  0.002660 0.402623 1 1 1.000000
wheelchair.001
0  12.626000 12.874698 38.682499  0.720231 -0.214867 -0.659621  0.006053 0.395118 1 1 1.000000
0  12.579778 14.916890 38.293419  0.294081 0.087147 -0.951799  0.005787 0.402624 1 1 1.000000
0  12.954188 15.276469 39.203873  0.823166 0.394145 0.408714  0.005790 0.386156 1 1 1.000000
wheelchair.001
0  12.560734 13.197870 43.220394  -0.005678 -0.140467 0.990069  0.006047 0.375686 1 1 1.000000
0  12.954188 15.602695 42.803871  0.781021 0.460759 0.421555  0.005790 0.386156 1 1 1.000000
0  11.696709 15.808838 42.769642  -0.580814 -0.397615 0.710322  0.005683 0.369958 1 1 1.000000
wheelchair.001
0  13.184269 13.200924 42.282497  0.895100 -0.131470 -0.426042  0.006053 0.395118 1 1 1.000000
0  12.103216 13.201032 42.289841  -0.812461 -0.272204 -0.515570  0.006031 0.413378 1 1 1.000000
0  12.579778 15.243116 41.893417  0.220664 0.170386 -0.960352  0.005787 0.402624 1 1 1.000000
wheelchair.001
0  11.696709 15.808838 42.769642  -0.580814 -0.397615 0.710322  0.005683 0.369958 1 1 1.000000
0  12.954188 15.602695 42.803871  0.781021 0.460759 0.421555  0.005790 0.386156 1 1 1.000000
0  11.394722 17.247269 42.637188  0.467697 0.789413 0.397601  0.005552 0.386102 1 1 1.000000
wheelchair.001
0  12.579778 15.243116 41.893417  0.220664 0.170386 -0.960352  0.005787 0.402624 1 1 1.000000
0  10.377915 17.297129 41.687939  0.109151 0.492747 -0.863299  0.005446 0.400726 1 1 1.000000
0  11.394722 17.247269 42.637188  0.467697 0.789413 0.397601  0.005552 0.386102 1 1 1.000000
wheelchair.001
0  12.626000 12.874698 38.682499  0.720231 -0.214867 -0.659621  0.006053 0.395118 1 1 1.000000
0  12.103216 12.874805 38.689838  -0.814475 -0.270157 -0.513464  0.006031 0.413378 1 1 1.000000
0  12.579778 14.916890 38.293419  0.294081 0.087147 -0.951799  0.005787 0.402624 1 1 1.000000
wheelchair.001
0  12.579778 14.916890 38.293419  0.294081 0.087147 -0.951799  0.005787 0.402624 1 1 1.000000
0  11.696709 15.482612 39.169640  -0.580817 -0.397614 0.710320  0.005686 0.416300 1 1 1.000000
0  10.377915 16.970901 38.087940  0.109149 0.492747 -0.863300  0.005446 0.400726 1 1 1.000000
wheelchair.001
0  12.103216 12.874805 38.689838  -0.814475 -0.270157 -0.513464  0.006031 0.413378 1 1 1.000000
0  11.696709 15.482612 39.169640  -0.580817 -0.397614 0.710320  0.005686 0.416300 1 1 1.000000
0  12.579778 14.916890 38.293419  0.294081 0.087147 -0.951799  0.005787 0.402624 1 1 1.000000
wheelchair.001
0  12.560734 12.871643 39.620396  0.202837 -0.333202 0.920779  0.006047 0.375686 1 1 1.000000
0  12.954188 15.276469 39.203873  0.823166 0.394145 0.408714  0.005790 0.386156 1 1 1.000000
0  11.696709 15.482612 39.169640  -0.580817 -0.397614 0.710320  0.005683 0.369958 1 1 1.000000
wheelchair.001
0  -12.103216 12.874805 38.689838  0.816924 -0.266322 -0.511574  0.002415 0.413377 1 1 1.000000
0  -12.579778 14.916889 38.293419  -0.246965 0.221716 -0.943319  0.002660 0.402623 1 1 1.000000
0  -11.663124 15.804670 39.208599  0.289240 -0.305486 0.907203  0.002666 0.416213 1 1 1.000000
wheelchair.001
0  12.560734 12.871643 39.620396  0.202837 -0.333202 0.920779  0.006047 0.375686 1 1 1.000000
0  11.696709 15.482612 39.169640  -0.580817 -0.397614 0.710320  0.005683 0.369958 1 1 1.000000
0  12.103216 12.874805 38.689838  -0.814475 -0.270157 -0.513464  0.006029 0.362968 1 1 1.000000
wheelchair.001
0  -12.579778 14.916889 38.293419  -0.246965 0.221716 -0.943319  0.002660 0.402623 1 1 1.000000
0  -10.759401 16.019991 38.360546  -0.174640 -0.312756 -0.933640  0.002915 0.411628 1 1 1.000000
0  -11.663124 15.804670 39.208599  0.289240 -0.305486 0.907203  0.002666 0.416213 1 1 1.000000
wheelchair.001
0  -12.626000 12.874698 38.682499  -0.720231 -0.214867 -0.659621  0.002393 0.395117 1 1 1.000000
0  -12.579778 14.916889 38.293419  -0.246965 0.221716 -0.943319  0.002660 0.402623 1 1 1.000000
0  -12.103216 12.874805 38.689838  0.816924 -0.266322 -0.511574  0.002415 0.413377 1 1 1.000000
wheelchair.001
0  -12.954188 15.276469 39.203873  -0.808252 0.476654 0.345730  0.002657 0.386155 1 1 1.000000
0  -12.626000 12.874698 38.682499  -0.720231 -0.214867 -0.659621  0.002393 0.395117 1 1 1.000000
0  -12.560734 12.871643 39.620396  -0.200965 -0.338758 0.919160  0.002400 0.375685 1 1 1.000000
wheelchair.001
0  12.579778 14.916890 38.293419  0.294081 0.087147 -0.951799  0.005787 0.402624 1 1 1.000000
0  10.377915 16.970901 38.087940  0.109149 0.492747 -0.863300  0.005446 0.400726 1 1 1.000000
0  11.394722 16.921043 39.037186  0.467696 0.789415 0.397599  0.005552 0.386102 1 1 1.000000
wheelchair.001
0  11.696709 15.482612 39.169640  -0.580817 -0.397614 0.710320  0.005683 0.369958 1 1 1.000000
0  12.954188 15.276469 39.203873  0.823166 0.394145 0.408714  0.005790 0.386156 1 1 1.000000
0  11.394722 16.921043 39.037186  0.467696 0.789415 0.397599  0.005552 0.386102 1 1 1.000000
wheelchair.001
0  -12.626000 12.874698 38.682499  -0.720231 -0.214867 -0.659621  0.002393 0.395117 1 1 1.000000
0  -12.954188 15.276469 39.203873  -0.808252 0.476654 0.345730  0.002657 0.386155 1 1 1.000000
0  -12.579778 14.916889 38.293419  -0.246965 0.221716 -0.943319  0.002660 0.402623 1 1 1.000000
wheelchair.001
0  -11.663124 15.804670 39.208599  0.289240 -0.305486 0.907203  0.002784 0.371745 1 1 1.000000
0  -12.954188 15.276469 39.203873  -0.808252 0.476654 0.345730  0.002657 0.386155 1 1 1.000000
0  -12.560734 12.871643 39.620396  -0.200965 -0.338758 0.919160  0.002400 0.375685 1 1 1.000000
wheelchair.001
0  12.579778 14.916890 38.293419  0.294081 0.087147 -0.951799  0.005787 0.402624 1 1 1.000000
0  11.394722 16.921043 39.037186  0.467696 0.789415 0.397599  0.005552 0.386102 1 1 1.000000
0  12.954188 15.276469 39.203873  0.823166 0.394145 0.408714  0.005790 0.386156 1 1 1.000000
wheelchair.001
0  12.626000 12.874698 38.682499  0.720231 -0.214867 -0.659621  0.006053 0.395118 1 1 1.000000
0  12.954188 15.276469 39.203873  0.823166 0.394145 0.408714  0.005790 0.386156 1 1 1.000000
0  12.560734 12.871643 39.620396  0.202837 -0.333202 0.920779  0.006047 0.375686 1 1 1.000000
wheelchair.001
0  -11.663124 15.804670 39.208599  0.289240 -0.305486 0.907203  0.002784 0.371745 1 1 1.000000
0  -10.821305 17.098936 39.033611  -0.309987 0.934055 0.177337  0.002944 0.382072 1 1 1.000000
0  -12.954188 15.276469 39.203873  -0.808252 0.476654 0.345730  0.002657 0.386155 1 1 1.000000
wheelchair.001
0  -11.663124 15.804670 39.208599  0.289240 -0.305486 0.907203  0.002784 0.371745 1 1 1.000000
0  -12.560734 12.871643 39.620396  -0.200965 -0.338758 0.919160  0.002400 0.375685 1 1 1.000000
0  -12.103216 12.874805 38.689838  0.816924 -0.266322 -0.511574  0.002418 0.362967 1 1 1.000000
wheelchair.001
0  14.400001 -21.000002 27.599998  -0.619107 -0.450285 -0.643390  0.310694 0.522988 1 1 1.000000
0  13.800001 -15.000000 30.000000  -0.613081 0.571684 0.545261  0.412189 0.574351 1 1 1.000000
0  13.800001 -15.000000 27.600002  -0.608024 0.550254 -0.572301  0.412125 0.520638 1 1 1.000000
wheelchair.001
0  13.800001 -15.000000 30.000000  -0.613081 0.571684 0.545261  0.306169 0.647839 1 1 1.000000
0  17.400002 -15.000000 27.600002  0.608036 0.550274 -0.572268  0.336622 0.602161 1 1 1.000000
0  13.800001 -15.000000 27.600002  -0.608024 0.550254 -0.572301  0.336622 0.647839 1 1 1.000000
wheelchair.001
0  17.400002 -15.000000 30.000000  0.613084 0.571678 0.545263  0.412189 0.574351 1 1 1.000000
0  16.799999 -21.000002 27.599998  0.619109 -0.450287 -0.643386  0.310694 0.522988 1 1 1.000000
0  17.400002 -15.000000 27.600002  0.608036 0.550274 -0.572268  0.412125 0.520638 1 1 1.000000
wheelchair.001
0  16.799999 -21.000002 27.599998  0.619109 -0.450287 -0.643386  0.382300 0.602161 1 1 1.000000
0  15.600000 -21.360001 27.600002  0.000000 -0.694566 -0.719429  0.417319 0.625000 1 1 1.000000
0  14.400001 -21.000002 27.599998  -0.619107 -0.450285 -0.643390  0.382300 0.647839 1 1 1.000000
wheelchair.001
0  13.800001 -15.000000 30.000000  -0.613081 0.571684 0.545261  0.306169 0.647839 1 1 1.000000
0  15.600000 -21.959999 30.600002  0.000000 -0.797276 0.603614  0.217319 0.623001 1 1 1.000000
0  17.400002 -15.000000 30.000000  0.613084 0.571678 0.545263  0.306169 0.602161 1 1 1.000000
wheelchair.001
0  14.940001 -16.200001 26.400002  -0.798948 0.218994 0.560111  0.856602 0.277179 1 1 1.000000
0  14.940001 -12.000000 25.500000  -0.692622 -0.044994 -0.719896  0.833525 0.182584 1 1 1.000000
0  14.940001 -16.799999 25.800001  -0.631614 -0.335110 -0.699117  0.841218 0.290692 1 1 1.000000
wheelchair.001
0  15.600000 -21.360001 27.600002  0.000000 -0.694566 -0.719429  0.228500 0.522988 1 1 1.000000
0  14.400001 -21.600000 30.599998  -0.611064 -0.532829 0.585400  0.252815 0.587838 1 1 1.000000
0  14.400001 -21.000002 27.599998  -0.619107 -0.450285 -0.643390  0.310694 0.522988 1 1 1.000000
wheelchair.001
0  16.260000 -12.000000 25.500000  0.692638 -0.044993 -0.719881  0.833525 0.182584 1 1 1.000000
0  16.260000 -16.200001 26.400002  0.798955 0.218996 0.560099  0.856602 0.277179 1 1 1.000000
0  16.260000 -16.799999 25.800001  0.631612 -0.335099 -0.699124  0.841218 0.290692 1 1 1.000000
wheelchair.001
0  14.940001 -16.200001 26.400002  -0.798948 0.218994 0.560111  0.867629 0.219504 1 1 1.000000
0  16.260000 -17.760000 27.840000  0.836319 0.371862 0.402851  0.886149 0.197617 1 1 1.000000
0  16.260000 -16.200001 26.400002  0.798955 0.218996 0.560099  0.886149 0.219504 1 1 1.000000
wheelchair.001
0  16.260000 -12.000000 25.500000  0.692638 -0.044993 -0.719881  0.886149 0.278431 1 1 1.000000
0  14.940001 -16.799999 25.800001  -0.631614 -0.335110 -0.699117  0.867629 0.211086 1 1 1.000000
0  14.940001 -12.000000 25.500000  -0.692622 -0.044994 -0.719896  0.867629 0.278431 1 1 1.000000
wheelchair.001
0  14.940001 -12.000000 26.400002  -0.707125 0.000000 0.707089  0.867629 0.278431 1 1 1.000000
0  16.260000 -16.200001 26.400002  0.798955 0.218996 0.560099  0.886149 0.219504 1 1 1.000000
0  16.260000 -12.000000 26.400002  0.707107 0.000000 0.707107  0.886149 0.278431 1 1 1.000000
wheelchair.001
0  16.799999 -21.600000 30.599998  0.611064 -0.532829 0.585400  0.252815 0.587838 1 1 1.000000
0  15.600000 -21.360001 27.600002  0.000000 -0.694566 -0.719429  0.228500 0.522988 1 1 1.000000
0  16.799999 -21.000002 27.599998  0.619109 -0.450287 -0.643386  0.310694 0.522988 1 1 1.000000
wheelchair.001
0  16.260000 -16.799999 25.800001  0.631612 -0.335099 -0.699124  0.841218 0.290692 1 1 1.000000
0  16.260000 -17.760000 27.840000  0.836319 0.371862 0.402851  0.893525 0.312314 1 1 1.000000
0  16.260000 -18.660000 27.840000  0.467871 -0.653086 -0.595462  0.893525 0.332584 1 1 1.000000
wheelchair.001
0  14.940001 -16.799999 25.800001  -0.631614 -0.335110 -0.699117  0.841218 0.290692 1 1 1.000000
0  14.940001 -17.760000 27.840000  -0.836319 0.371861 0.402851  0.893525 0.312314 1 1 1.000000
0  14.940001 -16.200001 26.400002  -0.798948 0.218994 0.560111  0.856602 0.277179 1 1 1.000000
wheelchair.001
0  16.260000 -16.799999 25.800001  0.631612 -0.335099 -0.699124  0.886149 0.211086 1 1 1.000000
0  14.940001 -18.660000 27.840000  -0.467884 -0.653081 -0.595457  0.867629 0.184990 1 1 1.000000
0  14.940001 -16.799999 25.800001  -0.631614 -0.335110 -0.699117  0.867629 0.211086 1 1 1.000000
wheelchair.001
0  13.800001 -15.000000 30.000000  -0.613081 0.571684 0.545261  0.306169 0.647839 1 1 1.000000
0  17.400002 -15.000000 30.000000  0.613084 0.571678 0.545263  0.306169 0.602161 1 1 1.000000
0  17.400002 -15.000000 27.600002  0.608036 0.550274 -0.572268  0.336622 0.602161 1 1 1.000000
wheelchair.001
0  14.400001 -21.600000 30.599998  -0.611064 -0.532829 0.585400  0.252815 0.587838 1 1 1.000000
0  13.800001 -15.000000 30.000000  -0.613081 0.571684 0.545261  0.412189 0.574351 1 1 1.000000
0  14.400001 -21.000002 27.599998  -0.619107 -0.450285 -0.643390  0.310694 0.522988 1 1 1.000000
wheelchair.001
0  14.400001 -21.000002 27.599998  -0.619107 -0.450285 -0.643390  0.382300 0.647839 1 1 1.000000
0  13.800001 -15.000000 27.600002  -0.608024 0.550254 -0.572301  0.336622 0.647839 1 1 1.000000
0  17.400002 -15.000000 27.600002  0.608036 0.550274 -0.572268  0.336622 0.602161 1 1 1.000000
wheelchair.001
0  17.400002 -15.000000 27.600002  0.608036 0.550274 -0.572268  0.336622 0.602161 1 1 1.000000
0  16.799999 -21.000002 27.599998  0.619109 -0.450287 -0.643386  0.382300 0.602161 1 1 1.000000
0  14.400001 -21.000002 27.599998  -0.619107 -0.450285 -0.643390  0.382300 0.647839 1 1 1.000000
wheelchair.001
0  13.800001 -15.000000 30.000000  -0.613081 0.571684 0.545261  0.306169 0.647839 1 1 1.000000
0  14.400001 -21.600000 30.599998  -0.611064 -0.532829 0.585400  0.221887 0.641487 1 1 1.000000
0  15.600000 -21.959999 30.600002  0.000000 -0.797276 0.603614  0.217319 0.623001 1 1 1.000000
wheelchair.001
0  17.400002 -15.000000 30.000000  0.613084 0.571678 0.545263  0.306169 0.602161 1 1 1.000000
0  15.600000 -21.959999 30.600002  0.000000 -0.797276 0.603614  0.217319 0.623001 1 1 1.000000
0  16.799999 -21.600000 30.599998  0.611064 -0.532829 0.585400  0.221887 0.604515 1 1 1.000000
wheelchair.001
0  14.940001 -16.200001 26.400002  -0.798948 0.218994 0.560111  0.856602 0.277179 1 1 1.000000
0  14.940001 -12.000000 26.400002  -0.707125 0.000000 0.707089  0.856602 0.182584 1 1 1.000000
0  14.940001 -12.000000 25.500000  -0.692622 -0.044994 -0.719896  0.833525 0.182584 1 1 1.000000
wheelchair.001
0  15.600000 -21.360001 27.600002  0.000000 -0.694566 -0.719429  0.228500 0.522988 1 1 1.000000
0  15.600000 -21.959999 30.600002  0.000000 -0.797276 0.603614  0.228500 0.587838 1 1 1.000000
0  14.400001 -21.600000 30.599998  -0.611064 -0.532829 0.585400  0.252815 0.587838 1 1 1.000000
wheelchair.001
0  16.260000 -12.000000 25.500000  0.692638 -0.044993 -0.719881  0.833525 0.182584 1 1 1.000000
0  16.260000 -12.000000 26.400002  0.707107 0.000000 0.707107  0.856602 0.182584 1 1 1.000000
0  16.260000 -16.200001 26.400002  0.798955 0.218996 0.560099  0.856602 0.277179 1 1 1.000000
wheelchair.001
0  14.940001 -16.200001 26.400002  -0.798948 0.218994 0.560111  0.867629 0.219504 1 1 1.000000
0  14.940001 -17.760000 27.840000  -0.836319 0.371861 0.402851  0.867629 0.197617 1 1 1.000000
0  16.260000 -17.760000 27.840000  0.836319 0.371862 0.402851  0.886149 0.197617 1 1 1.000000
wheelchair.001
0  16.260000 -12.000000 25.500000  0.692638 -0.044993 -0.719881  0.886149 0.278431 1 1 1.000000
0  16.260000 -16.799999 25.800001  0.631612 -0.335099 -0.699124  0.886149 0.211086 1 1 1.000000
0  14.940001 -16.799999 25.800001  -0.631614 -0.335110 -0.699117  0.867629 0.211086 1 1 1.000000
wheelchair.001
0  14.940001 -12.000000 26.400002  -0.707125 0.000000 0.707089  0.867629 0.278431 1 1 1.000000
0  14.940001 -16.200001 26.400002  -0.798948 0.218994 0.560111  0.867629 0.219504 1 1 1.000000
0  16.260000 -16.200001 26.400002  0.798955 0.218996 0.560099  0.886149 0.219504 1 1 1.000000
wheelchair.001
0  16.799999 -21.600000 30.599998  0.611064 -0.532829 0.585400  0.252815 0.587838 1 1 1.000000
0  15.600000 -21.959999 30.600002  0.000000 -0.797276 0.603614  0.228500 0.587838 1 1 1.000000
0  15.600000 -21.360001 27.600002  0.000000 -0.694566 -0.719429  0.228500 0.522988 1 1 1.000000
wheelchair.001
0  16.260000 -16.799999 25.800001  0.631612 -0.335099 -0.699124  0.841218 0.290692 1 1 1.000000
0  16.260000 -16.200001 26.400002  0.798955 0.218996 0.560099  0.856602 0.277179 1 1 1.000000
0  16.260000 -17.760000 27.840000  0.836319 0.371862 0.402851  0.893525 0.312314 1 1 1.000000
wheelchair.001
0  14.940001 -16.799999 25.800001  -0.631614 -0.335110 -0.699117  0.841218 0.290692 1 1 1.000000
0  14.940001 -18.660000 27.840000  -0.467884 -0.653081 -0.595457  0.893525 0.332584 1 1 1.000000
0  14.940001 -17.760000 27.840000  -0.836319 0.371861 0.402851  0.893525 0.312314 1 1 1.000000
wheelchair.001
0  16.260000 -16.799999 25.800001  0.631612 -0.335099 -0.699124  0.886149 0.211086 1 1 1.000000
0  16.260000 -18.660000 27.840000  0.467871 -0.653086 -0.595462  0.886149 0.184990 1 1 1.000000
0  14.940001 -18.660000 27.840000  -0.467884 -0.653081 -0.595457  0.867629 0.184990 1 1 1.000000
wheelchair.001
0  16.799999 -21.000002 27.599998  0.619109 -0.450287 -0.643386  0.310694 0.522988 1 1 1.000000
0  17.400002 -15.000000 30.000000  0.613084 0.571678 0.545263  0.412189 0.574351 1 1 1.000000
0  16.799999 -21.600000 30.599998  0.611064 -0.532829 0.585400  0.252815 0.587838 1 1 1.000000
wheelchair.001
0  14.357693 -19.885420 31.194401  -0.771826 0.319699 0.549616  0.973824 0.542674 1 1 1.000000
0  15.056911 -21.711140 31.188805  -0.330567 -0.798058 0.503814  0.945574 0.516598 1 1 1.000000
0  16.842308 -20.914581 31.194401  0.771824 -0.319701 0.549617  0.973327 0.448855 1 1 1.000000
wheelchair.001
0  16.842308 -20.914581 31.194401  0.771824 -0.319701 0.549617  0.973327 0.448855 1 1 1.000000
0  16.143093 -19.088863 31.188807  0.330569 0.798057 0.503815  0.945077 0.477626 1 1 1.000000
0  14.357693 -19.885420 31.194401  -0.771826 0.319699 0.549616  0.973824 0.542674 1 1 1.000000
wheelchair.001
0  15.985765 -20.559788 33.622005  0.524378 -0.227789 0.820451  0.871988 0.378953 1 2 1.000000
0  15.600002 -20.026508 33.659889  -0.014537 0.519739 0.854201  0.891280 0.378923 1 2 1.000000
0  15.369447 -20.577082 33.715405  -0.344233 -0.271067 0.898903  0.866426 0.373469 1 2 1.000000
wheelchair.001
0  10.957446 0.600000 10.215145  0.584052 0.652533 -0.482787  0.498951 0.696929 1 1 1.000000
0  10.192797 0.600000 11.196650  -0.441363 0.710773 0.547723  0.499459 0.738475 1 1 1.000000
0  14.912691 0.600000 15.000000  0.600088 0.537608 0.592345  0.693447 0.693509 1 1 1.000000
wheelchair.001
0  14.912691 -1.800000 15.000000  0.599789 -0.537608 0.592647  0.693447 0.693509 1 1 1.000000
0  10.192797 -1.800000 11.196650  -0.441351 -0.710791 0.547710  0.499459 0.738475 1 1 1.000000
0  10.957446 -1.800000 10.215145  0.584065 -0.652514 -0.482798  0.498951 0.696929 1 1 1.000000
wheelchair.001
0  11.220001 -1.800000 17.267332  0.382541 -0.682277 0.623026  0.499459 0.738475 1 1 1.000000
0  10.853374 -1.800000 16.500000  -0.252348 -0.685537 -0.682906  0.498951 0.696929 1 1 1.000000
0  14.912691 -1.800000 15.000000  0.758395 -0.537569 -0.368588  0.693447 0.693509 1 1 1.000000
wheelchair.001
0  10.853374 0.600000 16.500002  -0.252349 0.685531 -0.682911  0.498951 0.696929 1 1 1.000000
0  11.220001 0.600000 17.267332  0.382538 0.682283 0.623020  0.499459 0.738475 1 1 1.000000
0  14.912691 0.600000 15.000000  0.758459 0.537568 -0.368458  0.693447 0.693509 1 1 1.000000
wheelchair.001
0  -10.957446 0.600000 10.215145  -0.584052 0.652533 -0.482787  0.498951 0.696929 1 1 1.000000
0  -14.912691 0.600000 15.000000  -0.600088 0.537608 0.592345  0.693447 0.693509 1 1 1.000000
0  -10.192797 0.600000 11.196650  0.441363 0.710773 0.547723  0.499459 0.738475 1 1 1.000000
wheelchair.001
0  -14.912691 -1.800000 15.000000  -0.599789 -0.537608 0.592647  0.693447 0.693509 1 1 1.000000
0  -10.957446 -1.800000 10.215145  -0.584065 -0.652514 -0.482798  0.498951 0.696929 1 1 1.000000
0  -10.192797 -1.800000 11.196650  0.441351 -0.710791 0.547710  0.499459 0.738475 1 1 1.000000
wheelchair.001
0  -11.220001 -1.800000 17.267332  -0.382541 -0.682277 0.623026  0.499459 0.738475 1 1 1.000000
0  -14.912691 -1.800000 15.000000  -0.758395 -0.537569 -0.368588  0.693447 0.693509 1 1 1.000000
0  -10.853374 -1.800000 16.500000  0.252348 -0.685537 -0.682906  0.498951 0.696929 1 1 1.000000
wheelchair.001
0  -10.853374 0.600000 16.500002  0.252349 0.685531 -0.682911  0.498951 0.696929 1 1 1.000000
0  -14.912691 0.600000 15.000000  -0.758459 0.537568 -0.368458  0.693447 0.693509 1 1 1.000000
0  -11.220001 0.600000 17.267332  -0.382538 0.682283 0.623020  0.499459 0.738475 1 1 1.000000
wheelchair.001
0  9.600000 12.180000 24.599998  -0.653571 -0.000000 0.756866  0.973564 0.614267 1 1 1.000000
0  9.600000 14.999997 34.200001  -0.457324 0.886436 0.071313  0.889500 0.605378 1 1 1.000000
0  9.600000 13.199997 24.599998  -0.130841 0.989511 -0.061223  0.985500 0.605378 1 1 1.000000
wheelchair.001
0  -10.800000 12.180000 23.400002  -0.275782 0.850767 -0.447369  0.997500 0.794267 1 1 1.000000
0  -10.800000 14.400000 35.400002  -0.320467 0.935997 0.145636  0.877500 0.794267 1 1 1.000000
0  -9.600000 13.199997 24.599998  0.130840 0.989512 -0.061216  0.985500 0.783156 1 1 1.000000
wheelchair.001
0  -9.600000 12.180000 24.599998  0.653577 -0.000000 0.756860  0.973564 0.774267 1 1 1.000000
0  -9.600000 14.999997 34.200001  0.457324 0.886436 0.071313  0.889500 0.783156 1 1 1.000000
0  -9.600000 14.400000 34.800003  0.674579 0.521990 0.521986  0.888600 0.774267 1 1 1.000000
wheelchair.001
0  10.800000 14.400000 35.400002  0.320467 0.935997 0.145636  0.877500 0.594267 1 1 1.000000
0  10.800000 12.180000 23.400002  0.275783 0.850767 -0.447369  0.997500 0.594267 1 1 1.000000
0  9.600000 13.199997 24.599998  -0.130841 0.989511 -0.061223  0.985500 0.605378 1 1 1.000000
wheelchair.001
0  -10.800000 14.400000 35.400002  -0.320467 0.935997 0.145636  0.877500 0.794267 1 1 1.000000
0  -9.600000 14.400000 34.800003  0.674579 0.521990 0.521986  0.888600 0.774267 1 1 1.000000
0  -9.600000 14.999997 34.200001  0.457324 0.886436 0.071313  0.889500 0.783156 1 1 1.000000
wheelchair.001
0  -9.600000 13.199997 24.599998  0.130840 0.989512 -0.061216  0.985500 0.783156 1 1 1.000000
0  10.800000 12.180000 23.400002  0.275783 0.850767 -0.447369  0.997500 0.594267 1 1 1.000000
0  -10.800000 12.180000 23.400002  -0.275782 0.850767 -0.447369  0.997500 0.794267 1 1 1.000000
wheelchair.001
0  9.600000 12.180000 24.599998  -0.653571 -0.000000 0.756866  0.973564 0.614267 1 1 1.000000
0  -9.600000 13.199997 24.599998  0.130840 0.989512 -0.061216  0.985500 0.783156 1 1 1.000000
0  -9.600000 12.180000 24.599998  0.653577 -0.000000 0.756860  0.973564 0.774267 1 1 1.000000
wheelchair.001
0  9.600000 14.999997 34.200001  -0.457324 0.886436 0.071313  0.889500 0.605378 1 1 1.000000
0  10.800000 14.400000 35.400002  0.320467 0.935997 0.145636  0.877500 0.594267 1 1 1.000000
0  9.600000 13.199997 24.599998  -0.130841 0.989511 -0.061223  0.985500 0.605378 1 1 1.000000
wheelchair.001
0  9.600000 12.180000 24.599998  -0.653571 -0.000000 0.756866  0.973564 0.614267 1 1 1.000000
0  9.600000 14.400000 34.800003  -0.674579 0.521990 0.521986  0.888600 0.614267 1 1 1.000000
0  9.600000 14.999997 34.200001  -0.457324 0.886436 0.071313  0.889500 0.605378 1 1 1.000000
wheelchair.001
0  -10.800000 14.400000 35.400002  -0.320467 0.935997 0.145636  0.877500 0.794267 1 1 1.000000
0  -9.600000 14.999997 34.200001  0.457324 0.886436 0.071313  0.889500 0.783156 1 1 1.000000
0  -9.600000 13.199997 24.599998  0.130840 0.989512 -0.061216  0.985500 0.783156 1 1 1.000000
wheelchair.001
0  -9.600000 12.180000 24.599998  0.653577 -0.000000 0.756860  0.973564 0.774267 1 1 1.000000
0  -9.600000 13.199997 24.599998  0.130840 0.989512 -0.061216  0.985500 0.783156 1 1 1.000000
0  -9.600000 14.999997 34.200001  0.457324 0.886436 0.071313  0.889500 0.783156 1 1 1.000000
wheelchair.001
0  -9.600000 13.199997 24.599998  0.130840 0.989512 -0.061216  0.985500 0.783156 1 1 1.000000
0  9.600000 13.199997 24.599998  -0.130841 0.989511 -0.061223  0.985500 0.605378 1 1 1.000000
0  10.800000 12.180000 23.400002  0.275783 0.850767 -0.447369  0.997500 0.594267 1 1 1.000000
wheelchair.001
0  9.600000 14.999997 34.200001  -0.457324 0.886436 0.071313  0.889500 0.605378 1 1 1.000000
0  9.600000 14.400000 34.800003  -0.674579 0.521990 0.521986  0.888600 0.614267 1 1 1.000000
0  10.800000 14.400000 35.400002  0.320467 0.935997 0.145636  0.877500 0.594267 1 1 1.000000
wheelchair.001
0  9.600000 12.180000 24.599998  -0.653571 -0.000000 0.756866  0.973564 0.614267 1 1 1.000000
0  9.600000 13.199997 24.599998  -0.130841 0.989511 -0.061223  0.985500 0.605378 1 1 1.000000
0  -9.600000 13.199997 24.599998  0.130840 0.989512 -0.061216  0.985500 0.783156 1 1 1.000000
wheelchair_sticker.001
0  -5.216756 11.810548 14.302485  0.000000 0.995037 -0.099503  0.197593 0.171068 1 1 1.000000
0  -2.818968 11.490475 11.101751  0.000000 0.995037 -0.099503  0.298972 0.111363 1 1 1.000000
0  -6.364276 11.428581 10.482807  0.000000 0.995037 -0.099503  0.298972 0.231664 1 1 1.000000
wheelchair.001
0  15.659203 -19.894249 30.901394  0.039211 0.977512 -0.207202  0.894531 0.556641 1 2 1.000000
0  15.911886 -20.001308 32.166107  0.607839 0.766263 -0.208263  0.875406 0.460938 1 2 1.000000
0  16.028147 -20.619326 30.900461  0.876446 -0.459527 -0.143793  0.877772 0.556641 1 2 1.000000
wheelchair.001
0  15.836176 -20.856672 32.331463  0.522621 -0.802734 -0.287203  0.896484 0.460938 1 2 1.000000
0  16.028147 -20.619326 30.900461  0.876446 -0.459527 -0.143793  0.877772 0.556641 1 2 1.000000
0  15.911886 -20.001308 32.166107  0.607839 0.766263 -0.208263  0.875406 0.460938 1 2 1.000000
wheelchair.001
0  16.028147 -20.619326 30.900461  0.876446 -0.459527 -0.143793  0.851562 0.556641 1 2 1.000000
0  15.836176 -20.856672 32.331463  0.522621 -0.802734 -0.287203  0.867799 0.460938 1 2 1.000000
0  15.200521 -20.715761 30.901394  -0.791590 -0.557287 -0.250630  0.882129 0.556641 1 2 1.000000
wheelchair.001
0  15.241583 -20.758421 32.399998  -0.709582 -0.661932 -0.241533  0.849609 0.460938 1 2 1.000000
0  15.200521 -20.715761 30.901394  -0.791590 -0.557287 -0.250630  0.882129 0.556641 1 2 1.000000
0  15.836176 -20.856672 32.331463  0.522621 -0.802734 -0.287203  0.867799 0.460938 1 2 1.000000
wheelchair.001
0  15.200521 -20.715761 30.901394  -0.791590 -0.557287 -0.250630  0.882129 0.556641 1 2 1.000000
0  15.241583 -20.758421 32.399998  -0.709582 -0.661932 -0.241533  0.849609 0.460938 1 2 1.000000
0  15.132166 -20.227346 32.295708  -0.856874 0.465436 -0.221666  0.896484 0.460938 1 2 1.000000
wheelchair.001
0  15.200521 -20.715761 30.901394  -0.791590 -0.557287 -0.250630  0.851562 0.556641 1 2 1.000000
0  15.132166 -20.227346 32.295708  -0.856874 0.465436 -0.221666  0.870688 0.460938 1 2 1.000000
0  15.659203 -19.894249 30.901394  0.039211 0.977512 -0.207202  0.894531 0.556641 1 2 1.000000
wheelchair.001
0  15.911886 -20.001308 32.166107  0.607839 0.766263 -0.208263  0.866058 0.460938 1 2 1.000000
0  15.659203 -19.894249 30.901394  0.039211 0.977512 -0.207202  0.863965 0.556641 1 2 1.000000
0  15.132166 -20.227346 32.295708  -0.856874 0.465436 -0.221666  0.849609 0.460938 1 2 1.000000
wheelchair.001
0  15.286736 -21.221340 33.105427  -0.359872 -0.919283 0.159410  0.875261 0.416436 1 2 1.000000
0  15.241583 -20.758421 32.399998  -0.709582 -0.661932 -0.241533  0.849609 0.460938 1 2 1.000000
0  15.836176 -20.856672 32.331463  0.522621 -0.802734 -0.287203  0.867799 0.460938 1 2 1.000000
wheelchair.001
0  15.286736 -21.221340 33.105427  -0.359872 -0.919283 0.159410  0.875261 0.416436 1 2 1.000000
0  15.836176 -20.856672 32.331463  0.522621 -0.802734 -0.287203  0.867799 0.460938 1 2 1.000000
0  16.375360 -20.721165 33.125244  0.916750 -0.371853 0.145928  0.833632 0.416499 1 2 1.000000
wheelchair.001
0  15.600002 -20.026508 33.659889  -0.014537 0.519739 0.854201  0.865731 0.378962 1 2 1.000000
0  15.967647 -19.611822 33.147240  0.402153 0.901093 0.162189  0.867559 0.416447 1 2 1.000000
0  14.806301 -20.056122 33.128555  -0.902598 0.404674 0.146821  0.833631 0.416498 1 2 1.000000
wheelchair.001
0  15.369447 -20.577082 33.715405  -0.344233 -0.271067 0.898903  0.878815 0.373450 1 2 1.000000
0  14.806301 -20.056122 33.128555  -0.902598 0.404674 0.146821  0.910798 0.416382 1 2 1.000000
0  15.286736 -21.221340 33.105427  -0.359872 -0.919283 0.159410  0.875261 0.416436 1 2 1.000000
wheelchair.001
0  16.143093 -19.088863 31.188807  0.330569 0.798057 0.503815  0.945077 0.477626 1 1 1.000000
0  16.448528 -19.551472 30.600002  0.833973 0.551696 0.011008  0.933604 0.438478 1 1 1.000000
0  15.600000 -19.200001 30.600002  -0.199599 0.979816 0.011009  0.912205 0.497245 1 1 1.000000
wheelchair.001
0  16.800001 -20.400002 30.600002  0.981971 0.171806 0.078842  0.993057 0.415485 1 1 1.000000
0  16.842308 -20.914581 31.194401  0.771824 -0.319701 0.549617  0.973327 0.448855 1 1 1.000000
0  16.448528 -21.248528 30.600002  0.572874 -0.815843 0.078839  0.933604 0.438478 1 1 1.000000
wheelchair.001
0  14.357693 -19.885420 31.194401  -0.771826 0.319699 0.549616  0.973824 0.542674 1 1 1.000000
0  14.751472 -19.551472 30.600002  -0.572874 0.815843 0.078839  0.934403 0.552780 1 1 1.000000
0  14.400001 -20.400002 30.600002  -0.981970 -0.171810 0.078844  0.993057 0.577894 1 1 1.000000
wheelchair.001
0  15.967647 -19.611822 33.147240  0.402153 0.901093 0.162189  0.910798 0.416382 1 2 1.000000
0  16.375360 -20.721165 33.125244  0.916750 -0.371853 0.145928  0.872214 0.416440 1 2 1.000000
0  15.911886 -20.001308 32.166107  0.607839 0.766263 -0.208263  0.875406 0.460938 1 2 1.000000
wheelchair.001
0  15.836176 -20.856672 32.331463  0.522621 -0.802734 -0.287203  0.896484 0.460938 1 2 1.000000
0  15.911886 -20.001308 32.166107  0.607839 0.766263 -0.208263  0.875406 0.460938 1 2 1.000000
0  16.375360 -20.721165 33.125244  0.916750 -0.371853 0.145928  0.872214 0.416440 1 2 1.000000
wheelchair.001
0  15.369447 -20.577082 33.715405  -0.344233 -0.271067 0.898903  0.866426 0.373469 1 2 1.000000
0  15.600002 -20.026508 33.659889  -0.014537 0.519739 0.854201  0.891280 0.378923 1 2 1.000000
0  14.806301 -20.056122 33.128555  -0.902598 0.404674 0.146821  0.873924 0.416438 1 2 1.000000
wheelchair.001
0  14.751472 -21.248528 30.600002  -0.833973 -0.551695 0.011011  0.934403 0.552780 1 1 1.000000
0  15.600000 -21.600000 30.600002  0.199598 -0.979816 0.011008  0.912205 0.497245 1 1 1.000000
0  15.056911 -21.711140 31.188805  -0.330567 -0.798058 0.503814  0.945574 0.516598 1 1 1.000000
wheelchair.001
0  16.881519 -15.737064 26.724525  0.057844 0.844508 0.532410  0.009979 0.891733 1 1 1.000000
0  16.308855 -17.266579 29.195393  -0.187739 -0.459579 0.868067  0.011717 0.889263 1 1 1.000000
0  17.890879 -13.739067 22.133799  0.994730 0.102445 -0.004109  0.011626 0.940835 1 1 1.000000
wheelchair.001
0  16.308855 -17.266579 29.195393  -0.187739 -0.459579 0.868067  0.012787 0.889290 1 1 1.000000
0  16.881519 -15.737064 26.724525  0.057844 0.844508 0.532410  0.013752 0.891776 1 1 1.000000
0  17.683556 -13.947691 22.185913  -0.160745 -0.864479 -0.476274  0.012700 0.940964 1 1 1.000000
wheelchair.001
0  17.143333 -11.897898 19.510742  -0.922963 -0.371543 0.100476  0.009530 0.948212 1 1 1.000000
0  17.590643 -13.515230 21.953178  0.101367 -0.556618 0.824561  0.010019 0.943285 1 1 1.000000
0  17.322636 -11.727533 19.570969  0.354725 0.789323 0.501138  0.010602 0.948208 1 1 1.000000
wheelchair.001
0  17.397463 -11.930435 19.386253  0.696015 -0.460911 -0.550567  0.012212 0.948205 1 1 1.000000
0  15.833985 -10.517509 17.203901  0.108449 -0.739620 -0.664229  0.012797 0.957140 1 1 1.000000
0  16.164000 -10.251784 17.620548  0.627328 0.778097 0.032012  0.011171 0.952610 1 1 1.000000
wheelchair.001
0  17.397463 -11.930435 19.386253  -0.098176 0.550707 -0.828905  0.012212 0.948205 1 1 1.000000
0  17.590643 -13.515230 21.953178  -0.682946 0.621322 0.384114  0.010019 0.943285 1 1 1.000000
0  17.890879 -13.739067 22.133799  0.994730 0.102445 -0.004109  0.011626 0.940835 1 1 1.000000
wheelchair.001
0  17.590643 -13.515230 21.953178  -0.682946 0.621322 0.384114  0.010019 0.943285 1 1 1.000000
0  16.881519 -15.737064 26.724525  0.057844 0.844508 0.532410  0.009979 0.891733 1 1 1.000000
0  17.890879 -13.739067 22.133799  0.994730 0.102445 -0.004109  0.011626 0.940835 1 1 1.000000
wheelchair.001
0  17.683556 -13.947691 22.185913  -0.160745 -0.864479 -0.476274  0.012700 0.940964 1 1 1.000000
0  16.881519 -15.737064 26.724525  0.057844 0.844508 0.532410  0.013752 0.891776 1 1 1.000000
0  17.590643 -13.515230 21.953178  -0.682946 0.621322 0.384114  0.013783 0.943302 1 1 1.000000
wheelchair.001
0  17.397463 -11.930435 19.386253  0.696015 -0.460911 -0.550567  0.012212 0.948205 1 1 1.000000
0  17.590643 -13.515230 21.953178  0.101367 -0.556618 0.824561  0.013783 0.943302 1 1 1.000000
0  17.143333 -11.897898 19.510742  -0.922963 -0.371543 0.100476  0.013828 0.948208 1 1 1.000000
wheelchair.001
0  17.890879 -13.739067 22.133799  0.994730 0.102445 -0.004109  0.011626 0.940835 1 1 1.000000
0  17.683556 -13.947691 22.185913  -0.160745 -0.864479 -0.476274  0.012700 0.940964 1 1 1.000000
0  17.397463 -11.930435 19.386253  -0.098176 0.550707 -0.828905  0.012212 0.948205 1 1 1.000000
wheelchair.001
0  17.322636 -11.727533 19.570969  0.354725 0.789323 0.501138  0.010602 0.948208 1 1 1.000000
0  17.397463 -11.930435 19.386253  0.696015 -0.460911 -0.550567  0.012212 0.948205 1 1 1.000000
0  16.164000 -10.251784 17.620548  0.627328 0.778097 0.032012  0.011171 0.952610 1 1 1.000000
wheelchair.001
0  10.882010 -7.689803 13.906119  -0.225133 -0.838716 -0.495854  0.012798 0.983592 1 1 1.000000
0  10.595990 -7.257098 14.021616  -0.437903 0.205351 0.875255  0.013863 0.984262 1 1 1.000000
0  1.389331 1.784410 9.127630  -0.662759 0.665311 -0.343674  0.013054 0.987844 1 1 1.000000
wheelchair.001
0  17.397463 -11.930435 19.386253  0.696015 -0.460911 -0.550567  0.012212 0.948205 1 1 1.000000
0  17.322636 -11.727533 19.570969  0.354725 0.789323 0.501138  0.010602 0.948208 1 1 1.000000
0  17.590643 -13.515230 21.953178  0.101367 -0.556618 0.824561  0.010019 0.943285 1 1 1.000000
wheelchair.001
0  17.397463 -11.930435 19.386253  -0.098176 0.550707 -0.828905  0.012212 0.948205 1 1 1.000000
0  17.683556 -13.947691 22.185913  -0.160745 -0.864479 -0.476274  0.012700 0.940964 1 1 1.000000
0  17.590643 -13.515230 21.953178  -0.682946 0.621322 0.384114  0.013783 0.943302 1 1 1.000000
wheelchair.001
0  16.901449 12.240274 7.200000  -0.035312 -0.999344 -0.008043  0.222279 0.109398 1 3 1.000000
0  14.309765 12.197167 6.288626  -0.747815 -0.652692 0.121516  0.248052 0.035358 1 3 1.000000
0  16.902313 11.555914 4.886867  -0.028918 -0.805822 0.591451  0.265612 0.109398 1 3 1.000000
wheelchair.001
0  16.901449 9.840147 10.792045  0.000000 -0.396415 -0.918071  0.265612 0.035358 1 3 1.000000
0  14.298862 9.840147 10.792045  -0.754305 -0.276488 -0.595465  0.248043 0.109398 1 3 1.000000
0  16.898224 11.617630 9.381842  0.012182 -0.820455 -0.571582  0.222279 0.035358 1 3 1.000000
wheelchair.001
0  16.902313 11.555914 4.886867  -0.028918 -0.805822 0.591451  0.248043 0.109398 1 3 1.000000
0  14.297997 11.555914 4.886867  -0.744617 -0.519372 0.419283  0.243879 0.050401 1 3 1.000000
0  14.298862 9.840147 3.607957  -0.748468 -0.242622 0.617196  0.265612 0.035358 1 3 1.000000
wheelchair.001
0  14.300873 7.586720 3.348125  -0.760865 0.126529 0.636455  0.265612 0.035358 1 3 1.000000
0  16.901449 9.840147 3.607957  0.000000 -0.368852 0.929488  0.222279 0.109398 1 3 1.000000
0  14.298862 9.840147 3.607957  -0.748468 -0.242622 0.617196  0.222146 0.072348 1 3 1.000000
wheelchair.001
0  14.298863 5.603041 4.450769  -0.752428 0.464037 0.467464  0.222146 0.072378 1 3 1.000000
0  16.899437 7.586720 3.348125  0.000000 0.195016 0.980800  0.265612 0.035358 1 3 1.000000
0  14.300873 7.586720 3.348125  -0.760865 0.126529 0.636455  0.265612 0.109398 1 3 1.000000
wheelchair.001
0  16.901129 4.500514 6.433841  0.000000 0.986645 0.162888  0.243945 0.035358 1 3 1.000000
0  14.298863 5.603041 4.450769  -0.752428 0.464037 0.467464  0.265612 0.109398 1 3 1.000000
0  14.299183 4.500514 6.433841  -0.770359 0.629079 0.103953  0.222279 0.109398 1 3 1.000000
wheelchair.001
0  16.898224 11.617630 9.381842  0.012182 -0.820455 -0.571582  0.243945 0.035358 1 3 1.000000
0  14.298862 9.840147 10.792045  -0.754305 -0.276488 -0.595465  0.265612 0.109398 1 3 1.000000
0  14.309448 11.944317 8.687874  -0.751337 -0.600300 -0.274102  0.222279 0.109398 1 3 1.000000
wheelchair.001
0  14.297971 5.042772 9.411717  -0.788148 0.509113 -0.345870  0.222146 0.072348 1 3 1.000000
0  16.901129 4.500514 6.433841  0.000000 0.986645 0.162888  0.265612 0.035358 1 3 1.000000
0  14.299183 4.500514 6.433841  -0.770359 0.629079 0.103953  0.265612 0.109398 1 3 1.000000
wheelchair.001
0  14.309448 11.944317 8.687874  -0.751337 -0.600300 -0.274102  0.222279 0.035358 1 3 1.000000
0  16.901449 12.240274 7.200000  -0.035312 -0.999344 -0.008043  0.265612 0.109398 1 3 1.000000
0  16.898224 11.617630 9.381842  0.012182 -0.820455 -0.571582  0.222279 0.109398 1 3 1.000000
wheelchair.001
0  14.298863 5.603041 4.450769  -0.752428 0.464037 0.467464  0.243963 0.109398 1 3 1.000000
0  16.901129 4.500514 6.433841  0.000000 0.986645 0.162888  0.222279 0.035358 1 3 1.000000
0  16.901447 5.603041 4.450769  0.000000 0.707124 0.707089  0.265612 0.035358 1 3 1.000000
wheelchair.001
0  16.901449 9.840147 10.792045  0.000000 -0.396415 -0.918071  0.222279 0.035358 1 3 1.000000
0  14.297995 7.722592 11.100950  -0.772643 0.132661 -0.620825  0.265612 0.109398 1 3 1.000000
0  14.298862 9.840147 10.792045  -0.754305 -0.276488 -0.595465  0.222146 0.079237 1 3 1.000000
wheelchair.001
0  14.298862 9.840147 3.607957  -0.748468 -0.242622 0.617196  0.243945 0.035358 1 3 1.000000
0  16.901449 9.840147 3.607957  0.000000 -0.368852 0.929488  0.265612 0.109398 1 3 1.000000
0  16.902313 11.555914 4.886867  -0.028918 -0.805822 0.591451  0.222279 0.109398 1 3 1.000000
wheelchair.001
0  16.902315 7.722592 11.100950  0.000000 0.207333 -0.978270  0.222279 0.035358 1 3 1.000000
0  14.297971 5.042772 9.411717  -0.788148 0.509113 -0.345870  0.265612 0.109398 1 3 1.000000
0  14.297995 7.722592 11.100950  -0.772643 0.132661 -0.620825  0.222146 0.079210 1 3 1.000000
wheelchair.001
0  17.045155 2.908808 3.564665  0.821303 -0.467797 -0.326539  0.099644 0.072273 1 3 1.000000
0  15.600155 1.700340 4.444679  -0.000000 -0.937530 -0.347904  0.022481 0.004832 1 3 1.000000
0  15.600155 3.261104 2.108831  -0.000001 -0.651641 -0.758527  0.022481 0.139864 1 3 1.000000
wheelchair.001
0  17.045155 11.990196 12.641735  0.821718 0.309524 0.478512  0.099644 0.072273 1 3 1.000000
0  15.600155 13.443441 12.291169  -0.000000 0.733028 0.680198  0.022481 0.004832 1 3 1.000000
0  15.600155 11.107594 13.851934  -0.000000 0.324199 0.945989  0.022481 0.139864 1 3 1.000000
wheelchair.001
0  17.045147 7.301742 13.701837  0.813623 -0.092706 0.573954  0.099644 0.060881 1 3 1.000000
0  15.600155 8.352272 14.400001  -0.000000 0.066657 0.997776  0.022481 0.004832 1 3 1.000000
0  15.600155 5.596951 13.851934  -0.000000 -0.442729 0.896655  0.022481 0.139864 1 3 1.000000
wheelchair.001
0  17.051231 7.057693 0.696088  0.805216 -0.115794 -0.581565  0.099644 0.072307 1 3 1.000000
0  15.600155 5.596951 0.548068  -0.000000 -0.461075 -0.887361  0.022481 0.004832 1 3 1.000000
0  15.600155 8.352272 0.000000  -0.000000 0.086280 -0.996271  0.022481 0.139864 1 3 1.000000
wheelchair.001
0  17.045155 2.908808 3.564665  0.821303 -0.467797 -0.326539  0.099644 0.133236 1 3 1.000000
0  16.901129 4.500514 6.433841  0.998563 0.052857 0.008852  0.222146 0.072348 1 3 1.000000
0  17.045448 1.872272 7.200000  0.834462 -0.551065 0.000155  0.099644 0.011460 1 3 1.000000
wheelchair.001
0  16.898224 11.617630 9.381842  0.998494 -0.045739 -0.030280  0.222146 0.035925 1 3 1.000000
0  17.045155 11.990196 12.641735  0.821718 0.309524 0.478512  0.099644 0.072273 1 3 1.000000
0  16.901449 9.840147 10.792045  0.998417 -0.019182 -0.052863  0.222146 0.108772 1 3 1.000000
wheelchair.001
0  17.045155 11.990196 12.641735  0.821718 0.309524 0.478512  0.099644 0.133236 1 3 1.000000
0  16.898224 11.617630 9.381842  0.998494 -0.045739 -0.030280  0.222146 0.072348 1 3 1.000000
0  17.045448 14.339012 9.679789  0.834956 0.508330 0.210830  0.099644 0.011460 1 3 1.000000
wheelchair.001
0  17.042767 14.773430 5.922752  0.821142 0.557030 -0.124271  0.099644 0.133236 1 3 1.000000
0  16.902313 11.555914 4.886867  0.998358 -0.046926 0.032854  0.222146 0.065460 1 3 1.000000
0  17.045153 11.987606 1.756536  0.820933 0.318374 -0.474033  0.099644 0.011460 1 3 1.000000
wheelchair.001
0  15.600155 15.552272 7.200000  -0.000000 0.999301 0.037380  0.022481 0.004832 1 3 1.000000
0  17.045448 14.339012 9.679789  0.834956 0.508330 0.210830  0.099644 0.133236 1 3 1.000000
0  17.042767 14.773430 5.922752  0.821142 0.557030 -0.124271  0.099644 0.011460 1 3 1.000000
wheelchair.001
0  17.042767 14.773430 5.922752  0.821142 0.557030 -0.124271  0.099644 0.133236 1 3 1.000000
0  15.600155 13.443441 2.108831  -0.000001 0.758524 -0.651646  0.022481 0.004832 1 3 1.000000
0  15.600155 15.004206 4.444679  -0.000000 0.892296 -0.451451  0.022481 0.139864 1 3 1.000000
wheelchair.001
0  17.045153 11.987606 1.756536  0.820933 0.318374 -0.474033  0.099644 0.072273 1 3 1.000000
0  15.600155 11.107594 0.548068  -0.000000 0.311876 -0.950123  0.022481 0.004832 1 3 1.000000
0  15.600155 13.443441 2.108831  -0.000001 0.758524 -0.651646  0.022481 0.139864 1 3 1.000000
wheelchair.001
0  17.045153 11.987606 1.756536  0.820933 0.318374 -0.474033  0.099644 0.133236 1 3 1.000000
0  15.600155 8.352272 0.000000  -0.000000 0.086280 -0.996271  0.022481 0.004832 1 3 1.000000
0  15.600155 11.107594 0.548068  -0.000000 0.311876 -0.950123  0.022481 0.139864 1 3 1.000000
wheelchair.001
0  15.600155 13.443441 12.291169  -0.000000 0.733028 0.680198  0.022481 0.139864 1 3 1.000000
0  17.045448 14.339012 9.679789  0.834956 0.508330 0.210830  0.099644 0.011460 1 3 1.000000
0  15.600155 15.004206 9.955321  -0.000000 0.923880 0.382684  0.022481 0.004832 1 3 1.000000
wheelchair.001
0  15.600155 5.596951 13.851934  -0.000000 -0.442729 0.896655  0.022481 0.004832 1 3 1.000000
0  17.051073 3.014764 11.053418  0.814685 -0.465829 0.345387  0.099644 0.133236 1 3 1.000000
0  17.045147 7.301742 13.701837  0.813623 -0.092706 0.573954  0.099644 0.011460 1 3 1.000000
wheelchair.001
0  17.042767 14.773430 5.922752  0.821142 0.557030 -0.124271  0.099644 0.072348 1 3 1.000000
0  15.600155 15.004206 4.444679  -0.000000 0.892296 -0.451451  0.022481 0.004832 1 3 1.000000
0  15.600155 15.552272 7.200000  -0.000000 0.999301 0.037380  0.022481 0.139864 1 3 1.000000
wheelchair.001
0  17.045448 1.872272 7.200000  0.834462 -0.551065 0.000155  0.099644 0.011460 1 3 1.000000
0  15.600155 1.700340 4.444679  -0.000000 -0.937530 -0.347904  0.022481 0.139864 1 3 1.000000
0  17.045155 2.908808 3.564665  0.821303 -0.467797 -0.326539  0.099644 0.133236 1 3 1.000000
wheelchair.001
0  15.600155 1.700340 9.955321  -0.000000 -0.938545 0.345157  0.022481 0.004832 1 3 1.000000
0  17.045448 1.872272 7.200000  0.834462 -0.551065 0.000155  0.099644 0.133236 1 3 1.000000
0  17.051073 3.014764 11.053418  0.814685 -0.465829 0.345387  0.099644 0.011460 1 3 1.000000
wheelchair.001
0  15.600155 11.107594 13.851934  -0.000000 0.324199 0.945989  0.022481 0.004832 1 3 1.000000
0  17.045147 7.301742 13.701837  0.813623 -0.092706 0.573954  0.099644 0.133236 1 3 1.000000
0  17.045155 11.990196 12.641735  0.821718 0.309524 0.478512  0.099644 0.011460 1 3 1.000000
wheelchair.001
0  17.051073 3.014764 11.053418  0.814685 -0.465829 0.345387  0.099644 0.060855 1 3 1.000000
0  15.600155 3.261104 12.291169  -0.000000 -0.658606 0.752488  0.022481 0.004832 1 3 1.000000
0  15.600155 1.700340 9.955321  -0.000000 -0.938545 0.345157  0.022481 0.139864 1 3 1.000000
wheelchair.001
0  15.600155 5.596951 0.548068  -0.000000 -0.461075 -0.887361  0.022481 0.139864 1 3 1.000000
0  17.045155 2.908808 3.564665  0.821303 -0.467797 -0.326539  0.099644 0.011460 1 3 1.000000
0  15.600155 3.261104 2.108831  -0.000001 -0.651641 -0.758527  0.022481 0.004832 1 3 1.000000
wheelchair.001
0  17.045147 7.301742 13.701837  0.813623 -0.092706 0.573954  0.099644 0.133236 1 3 1.000000
0  16.901449 9.840147 10.792045  0.998417 -0.019182 -0.052863  0.222146 0.035925 1 3 1.000000
0  17.045155 11.990196 12.641735  0.821718 0.309524 0.478512  0.099644 0.011460 1 3 1.000000
wheelchair.001
0  16.901447 5.603041 4.450769  0.998373 0.037965 0.042542  0.222146 0.035925 1 3 1.000000
0  17.051231 7.057693 0.696088  0.805216 -0.115794 -0.581565  0.099644 0.133236 1 3 1.000000
0  16.899437 7.586720 3.348125  0.998428 0.010918 0.054969  0.222146 0.108772 1 3 1.000000
wheelchair.001
0  16.901449 12.240274 7.200000  0.998569 -0.053470 -0.000803  0.222146 0.108772 1 3 1.000000
0  16.902313 11.555914 4.886867  0.998358 -0.046926 0.032854  0.222146 0.035925 1 3 1.000000
0  17.042767 14.773430 5.922752  0.821142 0.557030 -0.124271  0.099644 0.072348 1 3 1.000000
wheelchair.001
0  17.051231 7.057693 0.696088  0.805216 -0.115794 -0.581565  0.099644 0.011460 1 3 1.000000
0  16.901449 9.840147 3.607957  0.998359 -0.018436 0.054224  0.222146 0.108772 1 3 1.000000
0  16.899437 7.586720 3.348125  0.998428 0.010918 0.054969  0.222146 0.035925 1 3 1.000000
wheelchair.001
0  16.901447 5.603041 4.450769  0.998373 0.037965 0.042542  0.222146 0.108772 1 3 1.000000
0  16.901129 4.500514 6.433841  0.998563 0.052857 0.008852  0.222146 0.035925 1 3 1.000000
0  17.045155 2.908808 3.564665  0.821303 -0.467797 -0.326539  0.099644 0.072273 1 3 1.000000
wheelchair.001
0  16.901449 12.240274 7.200000  0.998569 -0.053470 -0.000803  0.222146 0.035925 1 3 1.000000
0  17.045448 14.339012 9.679789  0.834956 0.508330 0.210830  0.099644 0.133236 1 3 1.000000
0  16.898224 11.617630 9.381842  0.998494 -0.045739 -0.030280  0.222146 0.108772 1 3 1.000000
wheelchair.001
0  17.045448 1.872272 7.200000  0.834462 -0.551065 0.000155  0.099644 0.133236 1 3 1.000000
0  16.902340 5.042772 9.411717  0.998489 0.044436 -0.032330  0.222146 0.035925 1 3 1.000000
0  17.051073 3.014764 11.053418  0.814685 -0.465829 0.345387  0.099644 0.011460 1 3 1.000000
wheelchair.001
0  17.045153 11.987606 1.756536  0.820933 0.318374 -0.474033  0.099644 0.072273 1 3 1.000000
0  16.902313 11.555914 4.886867  0.998358 -0.046926 0.032854  0.222146 0.108772 1 3 1.000000
0  16.901449 9.840147 3.607957  0.998359 -0.018436 0.054224  0.222146 0.035925 1 3 1.000000
wheelchair.001
0  17.051073 3.014764 11.053418  0.814685 -0.465829 0.345387  0.099644 0.133236 1 3 1.000000
0  16.902315 7.722592 11.100950  0.998516 0.012640 -0.052963  0.222146 0.035925 1 3 1.000000
0  17.045147 7.301742 13.701837  0.813623 -0.092706 0.573954  0.099644 0.011460 1 3 1.000000
wheelchair.001
0  14.155157 2.908808 3.564665  -0.821303 -0.467796 -0.326539  0.099644 0.072273 1 3 1.000000
0  15.600155 3.261104 2.108831  -0.000001 -0.651641 -0.758527  0.022481 0.139864 1 3 1.000000
0  15.600155 1.700340 4.444679  -0.000000 -0.937530 -0.347904  0.022481 0.004832 1 3 1.000000
wheelchair.001
0  14.155157 11.990196 12.641735  -0.821468 0.309542 0.478930  0.099644 0.072273 1 3 1.000000
0  15.600155 11.107594 13.851934  -0.000000 0.324199 0.945989  0.022481 0.139864 1 3 1.000000
0  15.600155 13.443441 12.291169  -0.000000 0.733028 0.680198  0.022481 0.004832 1 3 1.000000
wheelchair.001
0  14.155163 7.301742 13.701837  -0.813623 -0.092706 0.573954  0.099644 0.060881 1 3 1.000000
0  15.600155 5.596951 13.851934  -0.000000 -0.442729 0.896655  0.022481 0.139864 1 3 1.000000
0  15.600155 8.352272 14.400001  -0.000000 0.066657 0.997776  0.022481 0.004832 1 3 1.000000
wheelchair.001
0  14.149080 7.057693 0.696088  -0.805216 -0.115794 -0.581565  0.099644 0.072307 1 3 1.000000
0  15.600155 8.352272 0.000000  -0.000000 0.086280 -0.996271  0.022481 0.139864 1 3 1.000000
0  15.600155 5.596951 0.548068  -0.000000 -0.461075 -0.887361  0.022481 0.004832 1 3 1.000000
wheelchair.001
0  14.155157 2.908808 3.564665  -0.821303 -0.467796 -0.326539  0.099644 0.133236 1 3 1.000000
0  14.154862 1.872272 7.200000  -0.834462 -0.551065 0.000155  0.099644 0.011460 1 3 1.000000
0  14.299183 4.500514 6.433841  -0.770359 0.629079 0.103953  0.222146 0.072348 1 3 1.000000
wheelchair.001
0  14.309448 11.944317 8.687874  -0.751337 -0.600300 -0.274102  0.222146 0.035925 1 3 1.000000
0  14.298862 9.840147 10.792045  -0.754305 -0.276488 -0.595465  0.222146 0.108772 1 3 1.000000
0  14.155157 11.990196 12.641735  -0.821468 0.309542 0.478930  0.099644 0.072273 1 3 1.000000
wheelchair.001
0  14.155157 11.990196 12.641735  -0.821468 0.309542 0.478930  0.099644 0.133236 1 3 1.000000
0  14.154862 14.339012 9.679789  -0.835328 0.507965 0.210234  0.099644 0.011460 1 3 1.000000
0  14.309448 11.944317 8.687874  -0.751337 -0.600300 -0.274102  0.222146 0.072348 1 3 1.000000
wheelchair.001
0  14.157545 14.773430 5.922752  -0.821870 0.556006 -0.124042  0.099644 0.133236 1 3 1.000000
0  14.155159 11.987606 1.756536  -0.820933 0.318374 -0.474034  0.099644 0.011460 1 3 1.000000
0  14.297997 11.555914 4.886867  -0.744617 -0.519372 0.419283  0.222146 0.065460 1 3 1.000000
wheelchair.001
0  15.600155 15.552272 7.200000  -0.000000 0.999301 0.037380  0.022481 0.004832 1 3 1.000000
0  14.154862 14.339012 9.679789  -0.835328 0.507965 0.210234  0.099644 0.133236 1 3 1.000000
0  15.600155 15.004206 9.955321  -0.000000 0.923880 0.382684  0.022481 0.139864 1 3 1.000000
wheelchair.001
0  15.600155 13.443441 2.108831  -0.000001 0.758524 -0.651646  0.022481 0.004832 1 3 1.000000
0  14.157545 14.773430 5.922752  -0.821870 0.556006 -0.124042  0.099644 0.133236 1 3 1.000000
0  15.600155 15.004206 4.444679  -0.000000 0.892296 -0.451451  0.022481 0.139864 1 3 1.000000
wheelchair.001
0  14.155159 11.987606 1.756536  -0.820933 0.318374 -0.474034  0.099644 0.072273 1 3 1.000000
0  15.600155 13.443441 2.108831  -0.000001 0.758524 -0.651646  0.022481 0.139864 1 3 1.000000
0  15.600155 11.107594 0.548068  -0.000000 0.311876 -0.950123  0.022481 0.004832 1 3 1.000000
wheelchair.001
0  15.600155 8.352272 0.000000  -0.000000 0.086280 -0.996271  0.022481 0.004832 1 3 1.000000
0  14.155159 11.987606 1.756536  -0.820933 0.318374 -0.474034  0.099644 0.133236 1 3 1.000000
0  15.600155 11.107594 0.548068  -0.000000 0.311876 -0.950123  0.022481 0.139864 1 3 1.000000
wheelchair.001
0  15.600155 13.443441 12.291169  -0.000000 0.733028 0.680198  0.022481 0.139864 1 3 1.000000
0  14.154862 14.339012 9.679789  -0.835328 0.507965 0.210234  0.099644 0.011460 1 3 1.000000
0  14.155157 11.990196 12.641735  -0.821468 0.309542 0.478930  0.099644 0.133236 1 3 1.000000
wheelchair.001
0  15.600155 5.596951 13.851934  -0.000000 -0.442729 0.896655  0.022481 0.004832 1 3 1.000000
0  14.149238 3.014764 11.053418  -0.814685 -0.465828 0.345388  0.099644 0.133236 1 3 1.000000
0  15.600155 3.261104 12.291169  -0.000000 -0.658606 0.752488  0.022481 0.139864 1 3 1.000000
wheelchair.001
0  14.157545 14.773430 5.922752  -0.821870 0.556006 -0.124042  0.099644 0.072348 1 3 1.000000
0  15.600155 15.552272 7.200000  -0.000000 0.999301 0.037380  0.022481 0.139864 1 3 1.000000
0  15.600155 15.004206 4.444679  -0.000000 0.892296 -0.451451  0.022481 0.004832 1 3 1.000000
wheelchair.001
0  14.154862 1.872272 7.200000  -0.834462 -0.551065 0.000155  0.099644 0.011460 1 3 1.000000
0  15.600155 1.700340 4.444679  -0.000000 -0.937530 -0.347904  0.022481 0.139864 1 3 1.000000
0  15.600155 1.152273 7.200000  0.000000 -1.000000 0.000000  0.022481 0.004832 1 3 1.000000
wheelchair.001
0  15.600155 1.700340 9.955321  -0.000000 -0.938545 0.345157  0.022481 0.004832 1 3 1.000000
0  14.154862 1.872272 7.200000  -0.834462 -0.551065 0.000155  0.099644 0.133236 1 3 1.000000
0  15.600155 1.152273 7.200000  0.000000 -1.000000 0.000000  0.022481 0.139864 1 3 1.000000
wheelchair.001
0  15.600155 11.107594 13.851934  -0.000000 0.324199 0.945989  0.022481 0.004832 1 3 1.000000
0  14.155163 7.301742 13.701837  -0.813623 -0.092706 0.573954  0.099644 0.133236 1 3 1.000000
0  15.600155 8.352272 14.400001  -0.000000 0.066657 0.997776  0.022481 0.139864 1 3 1.000000
wheelchair.001
0  14.149238 3.014764 11.053418  -0.814685 -0.465828 0.345388  0.099644 0.060855 1 3 1.000000
0  15.600155 1.700340 9.955321  -0.000000 -0.938545 0.345157  0.022481 0.139864 1 3 1.000000
0  15.600155 3.261104 12.291169  -0.000000 -0.658606 0.752488  0.022481 0.004832 1 3 1.000000
wheelchair.001
0  14.155157 2.908808 3.564665  -0.821303 -0.467796 -0.326539  0.099644 0.011460 1 3 1.000000
0  15.600155 5.596951 0.548068  -0.000000 -0.461075 -0.887361  0.022481 0.139864 1 3 1.000000
0  15.600155 3.261104 2.108831  -0.000001 -0.651641 -0.758527  0.022481 0.004832 1 3 1.000000
wheelchair.001
0  14.155163 7.301742 13.701837  -0.813623 -0.092706 0.573954  0.099644 0.133236 1 3 1.000000
0  14.298862 9.840147 10.792045  -0.754305 -0.276488 -0.595465  0.222146 0.035925 1 3 1.000000
0  14.297995 7.722592 11.100950  -0.772643 0.132661 -0.620825  0.222146 0.108772 1 3 1.000000
wheelchair.001
0  14.298863 5.603041 4.450769  -0.752428 0.464037 0.467464  0.222146 0.035925 1 3 1.000000
0  14.149080 7.057693 0.696088  -0.805216 -0.115794 -0.581565  0.099644 0.133236 1 3 1.000000
0  14.155157 2.908808 3.564665  -0.821303 -0.467796 -0.326539  0.099644 0.011460 1 3 1.000000
wheelchair.001
0  14.309765 12.197167 6.288626  -0.747815 -0.652692 0.121516  0.222146 0.108772 1 3 1.000000
0  14.157545 14.773430 5.922752  -0.821870 0.556006 -0.124042  0.099644 0.072348 1 3 1.000000
0  14.297997 11.555914 4.886867  -0.744617 -0.519372 0.419283  0.222146 0.035925 1 3 1.000000
wheelchair.001
0  14.298862 9.840147 3.607957  -0.748468 -0.242622 0.617196  0.222146 0.108772 1 3 1.000000
0  14.149080 7.057693 0.696088  -0.805216 -0.115794 -0.581565  0.099644 0.011460 1 3 1.000000
0  14.300873 7.586720 3.348125  -0.760865 0.126529 0.636455  0.222146 0.035925 1 3 1.000000
wheelchair.001
0  14.298863 5.603041 4.450769  -0.752428 0.464037 0.467464  0.222146 0.108772 1 3 1.000000
0  14.155157 2.908808 3.564665  -0.821303 -0.467796 -0.326539  0.099644 0.072273 1 3 1.000000
0  14.299183 4.500514 6.433841  -0.770359 0.629079 0.103953  0.222146 0.035925 1 3 1.000000
wheelchair.001
0  14.309448 11.944317 8.687874  -0.751337 -0.600300 -0.274102  0.222146 0.108772 1 3 1.000000
0  14.157545 14.773430 5.922752  -0.821870 0.556006 -0.124042  0.099644 0.011460 1 3 1.000000
0  14.309765 12.197167 6.288626  -0.747815 -0.652692 0.121516  0.222146 0.035925 1 3 1.000000
wheelchair.001
0  14.297971 5.042772 9.411717  -0.788148 0.509113 -0.345870  0.222146 0.035925 1 3 1.000000
0  14.154862 1.872272 7.200000  -0.834462 -0.551065 0.000155  0.099644 0.133236 1 3 1.000000
0  14.149238 3.014764 11.053418  -0.814685 -0.465828 0.345388  0.099644 0.011460 1 3 1.000000
wheelchair.001
0  14.155159 11.987606 1.756536  -0.820933 0.318374 -0.474034  0.099644 0.072273 1 3 1.000000
0  14.298862 9.840147 3.607957  -0.748468 -0.242622 0.617196  0.222146 0.035925 1 3 1.000000
0  14.297997 11.555914 4.886867  -0.744617 -0.519372 0.419283  0.222146 0.108772 1 3 1.000000
wheelchair.001
0  14.297995 7.722592 11.100950  -0.772643 0.132661 -0.620825  0.222146 0.035925 1 3 1.000000
0  14.149238 3.014764 11.053418  -0.814685 -0.465828 0.345388  0.099644 0.133236 1 3 1.000000
0  14.155163 7.301742 13.701837  -0.813623 -0.092706 0.573954  0.099644 0.011460 1 3 1.000000
wheelchair.001
0  16.902313 11.555914 4.886867  -0.028918 -0.805822 0.591451  0.248043 0.109398 1 3 1.000000
0  14.309765 12.197167 6.288626  -0.747815 -0.652692 0.121516  0.222146 0.065445 1 3 1.000000
0  14.297997 11.555914 4.886867  -0.744617 -0.519372 0.419283  0.243879 0.050401 1 3 1.000000
wheelchair.001
0  14.300873 7.586720 3.348125  -0.760865 0.126529 0.636455  0.265612 0.035358 1 3 1.000000
0  16.899437 7.586720 3.348125  0.000000 0.195016 0.980800  0.265612 0.109398 1 3 1.000000
0  16.901449 9.840147 3.607957  0.000000 -0.368852 0.929488  0.222279 0.109398 1 3 1.000000
wheelchair.001
0  14.298863 5.603041 4.450769  -0.752428 0.464037 0.467464  0.222146 0.072378 1 3 1.000000
0  16.901447 5.603041 4.450769  0.000000 0.707124 0.707089  0.222279 0.035358 1 3 1.000000
0  16.899437 7.586720 3.348125  0.000000 0.195016 0.980800  0.265612 0.035358 1 3 1.000000
wheelchair.001
0  14.297971 5.042772 9.411717  -0.788148 0.509113 -0.345870  0.222146 0.072348 1 3 1.000000
0  16.902340 5.042772 9.411717  0.000000 0.828544 -0.559924  0.222279 0.035358 1 3 1.000000
0  16.901129 4.500514 6.433841  0.000000 0.986645 0.162888  0.265612 0.035358 1 3 1.000000
wheelchair.001
0  14.309448 11.944317 8.687874  -0.751337 -0.600300 -0.274102  0.222279 0.035358 1 3 1.000000
0  14.309765 12.197167 6.288626  -0.747815 -0.652692 0.121516  0.265612 0.035358 1 3 1.000000
0  16.901449 12.240274 7.200000  -0.035312 -0.999344 -0.008043  0.265612 0.109398 1 3 1.000000
wheelchair.001
0  16.901449 9.840147 10.792045  0.000000 -0.396415 -0.918071  0.222279 0.035358 1 3 1.000000
0  16.902315 7.722592 11.100950  0.000000 0.207333 -0.978270  0.265612 0.035358 1 3 1.000000
0  14.297995 7.722592 11.100950  -0.772643 0.132661 -0.620825  0.265612 0.109398 1 3 1.000000
wheelchair.001
0  16.902315 7.722592 11.100950  0.000000 0.207333 -0.978270  0.222279 0.035358 1 3 1.000000
0  16.902340 5.042772 9.411717  0.000000 0.828544 -0.559924  0.265612 0.035358 1 3 1.000000
0  14.297971 5.042772 9.411717  -0.788148 0.509113 -0.345870  0.265612 0.109398 1 3 1.000000
wheelchair.001
0  15.600155 15.552272 7.200000  -0.000000 0.999301 0.037380  0.022481 0.004832 1 3 1.000000
0  15.600155 15.004206 9.955321  -0.000000 0.923880 0.382684  0.022481 0.139864 1 3 1.000000
0  17.045448 14.339012 9.679789  0.834956 0.508330 0.210830  0.099644 0.133236 1 3 1.000000
wheelchair.001
0  17.042767 14.773430 5.922752  0.821142 0.557030 -0.124271  0.099644 0.133236 1 3 1.000000
0  17.045153 11.987606 1.756536  0.820933 0.318374 -0.474033  0.099644 0.011460 1 3 1.000000
0  15.600155 13.443441 2.108831  -0.000001 0.758524 -0.651646  0.022481 0.004832 1 3 1.000000
wheelchair.001
0  17.045153 11.987606 1.756536  0.820933 0.318374 -0.474033  0.099644 0.133236 1 3 1.000000
0  17.051231 7.057693 0.696088  0.805216 -0.115794 -0.581565  0.099644 0.011460 1 3 1.000000
0  15.600155 8.352272 0.000000  -0.000000 0.086280 -0.996271  0.022481 0.004832 1 3 1.000000
wheelchair.001
0  15.600155 13.443441 12.291169  -0.000000 0.733028 0.680198  0.022481 0.139864 1 3 1.000000
0  17.045155 11.990196 12.641735  0.821718 0.309524 0.478512  0.099644 0.133236 1 3 1.000000
0  17.045448 14.339012 9.679789  0.834956 0.508330 0.210830  0.099644 0.011460 1 3 1.000000
wheelchair.001
0  15.600155 5.596951 13.851934  -0.000000 -0.442729 0.896655  0.022481 0.004832 1 3 1.000000
0  15.600155 3.261104 12.291169  -0.000000 -0.658606 0.752488  0.022481 0.139864 1 3 1.000000
0  17.051073 3.014764 11.053418  0.814685 -0.465829 0.345387  0.099644 0.133236 1 3 1.000000
wheelchair.001
0  17.045448 1.872272 7.200000  0.834462 -0.551065 0.000155  0.099644 0.011460 1 3 1.000000
0  15.600155 1.152273 7.200000  0.000000 -1.000000 0.000000  0.022481 0.004832 1 3 1.000000
0  15.600155 1.700340 4.444679  -0.000000 -0.937530 -0.347904  0.022481 0.139864 1 3 1.000000
wheelchair.001
0  15.600155 1.700340 9.955321  -0.000000 -0.938545 0.345157  0.022481 0.004832 1 3 1.000000
0  15.600155 1.152273 7.200000  0.000000 -1.000000 0.000000  0.022481 0.139864 1 3 1.000000
0  17.045448 1.872272 7.200000  0.834462 -0.551065 0.000155  0.099644 0.133236 1 3 1.000000
wheelchair.001
0  15.600155 11.107594 13.851934  -0.000000 0.324199 0.945989  0.022481 0.004832 1 3 1.000000
0  15.600155 8.352272 14.400001  -0.000000 0.066657 0.997776  0.022481 0.139864 1 3 1.000000
0  17.045147 7.301742 13.701837  0.813623 -0.092706 0.573954  0.099644 0.133236 1 3 1.000000
wheelchair.001
0  15.600155 5.596951 0.548068  -0.000000 -0.461075 -0.887361  0.022481 0.139864 1 3 1.000000
0  17.051231 7.057693 0.696088  0.805216 -0.115794 -0.581565  0.099644 0.133236 1 3 1.000000
0  17.045155 2.908808 3.564665  0.821303 -0.467797 -0.326539  0.099644 0.011460 1 3 1.000000
wheelchair.001
0  17.045147 7.301742 13.701837  0.813623 -0.092706 0.573954  0.099644 0.133236 1 3 1.000000
0  16.902315 7.722592 11.100950  0.998516 0.012640 -0.052963  0.222146 0.108772 1 3 1.000000
0  16.901449 9.840147 10.792045  0.998417 -0.019182 -0.052863  0.222146 0.035925 1 3 1.000000
wheelchair.001
0  16.901447 5.603041 4.450769  0.998373 0.037965 0.042542  0.222146 0.035925 1 3 1.000000
0  17.045155 2.908808 3.564665  0.821303 -0.467797 -0.326539  0.099644 0.011460 1 3 1.000000
0  17.051231 7.057693 0.696088  0.805216 -0.115794 -0.581565  0.099644 0.133236 1 3 1.000000
wheelchair.001
0  17.051231 7.057693 0.696088  0.805216 -0.115794 -0.581565  0.099644 0.011460 1 3 1.000000
0  17.045153 11.987606 1.756536  0.820933 0.318374 -0.474033  0.099644 0.133236 1 3 1.000000
0  16.901449 9.840147 3.607957  0.998359 -0.018436 0.054224  0.222146 0.108772 1 3 1.000000
wheelchair.001
0  16.901449 12.240274 7.200000  0.998569 -0.053470 -0.000803  0.222146 0.035925 1 3 1.000000
0  17.042767 14.773430 5.922752  0.821142 0.557030 -0.124271  0.099644 0.011460 1 3 1.000000
0  17.045448 14.339012 9.679789  0.834956 0.508330 0.210830  0.099644 0.133236 1 3 1.000000
wheelchair.001
0  17.045448 1.872272 7.200000  0.834462 -0.551065 0.000155  0.099644 0.133236 1 3 1.000000
0  16.901129 4.500514 6.433841  0.998563 0.052857 0.008852  0.222146 0.108772 1 3 1.000000
0  16.902340 5.042772 9.411717  0.998489 0.044436 -0.032330  0.222146 0.035925 1 3 1.000000
wheelchair.001
0  17.051073 3.014764 11.053418  0.814685 -0.465829 0.345387  0.099644 0.133236 1 3 1.000000
0  16.902340 5.042772 9.411717  0.998489 0.044436 -0.032330  0.222146 0.108772 1 3 1.000000
0  16.902315 7.722592 11.100950  0.998516 0.012640 -0.052963  0.222146 0.035925 1 3 1.000000
wheelchair.001
0  15.600155 15.552272 7.200000  -0.000000 0.999301 0.037380  0.022481 0.004832 1 3 1.000000
0  14.157545 14.773430 5.922752  -0.821870 0.556006 -0.124042  0.099644 0.011460 1 3 1.000000
0  14.154862 14.339012 9.679789  -0.835328 0.507965 0.210234  0.099644 0.133236 1 3 1.000000
wheelchair.001
0  15.600155 13.443441 2.108831  -0.000001 0.758524 -0.651646  0.022481 0.004832 1 3 1.000000
0  14.155159 11.987606 1.756536  -0.820933 0.318374 -0.474034  0.099644 0.011460 1 3 1.000000
0  14.157545 14.773430 5.922752  -0.821870 0.556006 -0.124042  0.099644 0.133236 1 3 1.000000
wheelchair.001
0  15.600155 8.352272 0.000000  -0.000000 0.086280 -0.996271  0.022481 0.004832 1 3 1.000000
0  14.149080 7.057693 0.696088  -0.805216 -0.115794 -0.581565  0.099644 0.011460 1 3 1.000000
0  14.155159 11.987606 1.756536  -0.820933 0.318374 -0.474034  0.099644 0.133236 1 3 1.000000
wheelchair.001
0  15.600155 13.443441 12.291169  -0.000000 0.733028 0.680198  0.022481 0.139864 1 3 1.000000
0  15.600155 15.004206 9.955321  -0.000000 0.923880 0.382684  0.022481 0.004832 1 3 1.000000
0  14.154862 14.339012 9.679789  -0.835328 0.507965 0.210234  0.099644 0.011460 1 3 1.000000
wheelchair.001
0  15.600155 5.596951 13.851934  -0.000000 -0.442729 0.896655  0.022481 0.004832 1 3 1.000000
0  14.155163 7.301742 13.701837  -0.813623 -0.092706 0.573954  0.099644 0.011460 1 3 1.000000
0  14.149238 3.014764 11.053418  -0.814685 -0.465828 0.345388  0.099644 0.133236 1 3 1.000000
wheelchair.001
0  14.154862 1.872272 7.200000  -0.834462 -0.551065 0.000155  0.099644 0.011460 1 3 1.000000
0  14.155157 2.908808 3.564665  -0.821303 -0.467796 -0.326539  0.099644 0.133236 1 3 1.000000
0  15.600155 1.700340 4.444679  -0.000000 -0.937530 -0.347904  0.022481 0.139864 1 3 1.000000
wheelchair.001
0  15.600155 1.700340 9.955321  -0.000000 -0.938545 0.345157  0.022481 0.004832 1 3 1.000000
0  14.149238 3.014764 11.053418  -0.814685 -0.465828 0.345388  0.099644 0.011460 1 3 1.000000
0  14.154862 1.872272 7.200000  -0.834462 -0.551065 0.000155  0.099644 0.133236 1 3 1.000000
wheelchair.001
0  15.600155 11.107594 13.851934  -0.000000 0.324199 0.945989  0.022481 0.004832 1 3 1.000000
0  14.155157 11.990196 12.641735  -0.821468 0.309542 0.478930  0.099644 0.011460 1 3 1.000000
0  14.155163 7.301742 13.701837  -0.813623 -0.092706 0.573954  0.099644 0.133236 1 3 1.000000
wheelchair.001
0  14.155157 2.908808 3.564665  -0.821303 -0.467796 -0.326539  0.099644 0.011460 1 3 1.000000
0  14.149080 7.057693 0.696088  -0.805216 -0.115794 -0.581565  0.099644 0.133236 1 3 1.000000
0  15.600155 5.596951 0.548068  -0.000000 -0.461075 -0.887361  0.022481 0.139864 1 3 1.000000
wheelchair.001
0  14.155163 7.301742 13.701837  -0.813623 -0.092706 0.573954  0.099644 0.133236 1 3 1.000000
0  14.155157 11.990196 12.641735  -0.821468 0.309542 0.478930  0.099644 0.011460 1 3 1.000000
0  14.298862 9.840147 10.792045  -0.754305 -0.276488 -0.595465  0.222146 0.035925 1 3 1.000000
wheelchair.001
0  14.298863 5.603041 4.450769  -0.752428 0.464037 0.467464  0.222146 0.035925 1 3 1.000000
0  14.300873 7.586720 3.348125  -0.760865 0.126529 0.636455  0.222146 0.108772 1 3 1.000000
0  14.149080 7.057693 0.696088  -0.805216 -0.115794 -0.581565  0.099644 0.133236 1 3 1.000000
wheelchair.001
0  14.298862 9.840147 3.607957  -0.748468 -0.242622 0.617196  0.222146 0.108772 1 3 1.000000
0  14.155159 11.987606 1.756536  -0.820933 0.318374 -0.474034  0.099644 0.133236 1 3 1.000000
0  14.149080 7.057693 0.696088  -0.805216 -0.115794 -0.581565  0.099644 0.011460 1 3 1.000000
wheelchair.001
0  14.309448 11.944317 8.687874  -0.751337 -0.600300 -0.274102  0.222146 0.108772 1 3 1.000000
0  14.154862 14.339012 9.679789  -0.835328 0.507965 0.210234  0.099644 0.133236 1 3 1.000000
0  14.157545 14.773430 5.922752  -0.821870 0.556006 -0.124042  0.099644 0.011460 1 3 1.000000
wheelchair.001
0  14.297971 5.042772 9.411717  -0.788148 0.509113 -0.345870  0.222146 0.035925 1 3 1.000000
0  14.299183 4.500514 6.433841  -0.770359 0.629079 0.103953  0.222146 0.108772 1 3 1.000000
0  14.154862 1.872272 7.200000  -0.834462 -0.551065 0.000155  0.099644 0.133236 1 3 1.000000
wheelchair.001
0  14.297995 7.722592 11.100950  -0.772643 0.132661 -0.620825  0.222146 0.035925 1 3 1.000000
0  14.297971 5.042772 9.411717  -0.788148 0.509113 -0.345870  0.222146 0.108772 1 3 1.000000
0  14.149238 3.014764 11.053418  -0.814685 -0.465828 0.345388  0.099644 0.133236 1 3 1.000000
wheelchair.001
0  -16.901449 12.240274 7.200000  0.035312 -0.999344 -0.008043  0.222279 0.109398 2 3 0.500000 4 0.500000
0  -16.902313 11.555914 4.886867  0.028918 -0.805822 0.591451  0.265612 0.109398 2 3 0.500000 4 0.500000
0  -14.309765 12.197167 6.288626  0.747815 -0.652692 0.121516  0.248052 0.035358 2 3 0.500000 4 0.500000
wheelchair.001
0  -16.901449 9.840147 10.792045  0.000000 -0.396415 -0.918071  0.265612 0.035358 2 3 0.500000 4 0.500000
0  -16.898224 11.617630 9.381842  -0.012182 -0.820455 -0.571582  0.222279 0.035358 2 3 0.500000 4 0.500000
0  -14.298862 9.840147 10.792045  0.754305 -0.276488 -0.595465  0.248043 0.109398 2 3 0.500000 4 0.500000
wheelchair.001
0  -16.902313 11.555914 4.886867  0.028918 -0.805822 0.591451  0.248043 0.109398 2 3 0.500000 4 0.500000
0  -14.298862 9.840147 3.607957  0.748468 -0.242622 0.617196  0.265612 0.035358 2 3 0.500000 4 0.500000
0  -14.297997 11.555914 4.886867  0.744617 -0.519372 0.419283  0.243879 0.050401 2 3 0.500000 4 0.500000
wheelchair.001
0  -14.300873 7.586720 3.348125  0.760865 0.126529 0.636455  0.265612 0.035358 2 3 0.500000 4 0.500000
0  -14.298862 9.840147 3.607957  0.748468 -0.242622 0.617196  0.222146 0.072348 2 3 0.500000 4 0.500000
0  -16.901449 9.840147 3.607957  0.000000 -0.368852 0.929488  0.222279 0.109398 2 3 0.500000 4 0.500000
wheelchair.001
0  -14.298863 5.603041 4.450769  0.752428 0.464037 0.467464  0.222146 0.072378 2 3 0.500000 4 0.500000
0  -14.300873 7.586720 3.348125  0.760865 0.126529 0.636455  0.265612 0.109398 2 3 0.500000 4 0.500000
0  -16.899437 7.586720 3.348125  0.000000 0.195016 0.980800  0.265612 0.035358 2 3 0.500000 4 0.500000
wheelchair.001
0  -16.901129 4.500514 6.433841  0.000000 0.986645 0.162888  0.243945 0.035358 2 3 0.500000 4 0.500000
0  -14.299183 4.500514 6.433841  0.770359 0.629079 0.103953  0.222279 0.109398 2 3 0.500000 4 0.500000
0  -14.298863 5.603041 4.450769  0.752428 0.464037 0.467464  0.265612 0.109398 2 3 0.500000 4 0.500000
wheelchair.001
0  -16.898224 11.617630 9.381842  -0.012182 -0.820455 -0.571582  0.243945 0.035358 2 3 0.500000 4 0.500000
0  -14.309448 11.944317 8.687874  0.751337 -0.600300 -0.274102  0.222279 0.109398 2 3 0.500000 4 0.500000
0  -14.298862 9.840147 10.792045  0.754305 -0.276488 -0.595465  0.265612 0.109398 2 3 0.500000 4 0.500000
wheelchair.001
0  -14.297971 5.042772 9.411717  0.788148 0.509113 -0.345870  0.222146 0.072348 2 3 0.500000 4 0.500000
0  -14.299183 4.500514 6.433841  0.770359 0.629079 0.103953  0.265612 0.109398 2 3 0.500000 4 0.500000
0  -16.901129 4.500514 6.433841  0.000000 0.986645 0.162888  0.265612 0.035358 2 3 0.500000 4 0.500000
wheelchair.001
0  -14.309448 11.944317 8.687874  0.751337 -0.600300 -0.274102  0.222279 0.035358 2 3 0.500000 4 0.500000
0  -16.898224 11.617630 9.381842  -0.012182 -0.820455 -0.571582  0.222279 0.109398 2 3 0.500000 4 0.500000
0  -16.901449 12.240274 7.200000  0.035312 -0.999344 -0.008043  0.265612 0.109398 2 3 0.500000 4 0.500000
wheelchair.001
0  -14.298863 5.603041 4.450769  0.752428 0.464037 0.467464  0.243963 0.109398 2 3 0.500000 4 0.500000
0  -16.901447 5.603041 4.450769  0.000000 0.707124 0.707089  0.265612 0.035358 2 3 0.500000 4 0.500000
0  -16.901129 4.500514 6.433841  0.000000 0.986645 0.162888  0.222279 0.035358 2 3 0.500000 4 0.500000
wheelchair.001
0  -16.901449 9.840147 10.792045  0.000000 -0.396415 -0.918071  0.222279 0.035358 2 3 0.500000 4 0.500000
0  -14.298862 9.840147 10.792045  0.754305 -0.276488 -0.595465  0.222146 0.079237 2 3 0.500000 4 0.500000
0  -14.297995 7.722592 11.100950  0.772643 0.132661 -0.620825  0.265612 0.109398 2 3 0.500000 4 0.500000
wheelchair.001
0  -14.298862 9.840147 3.607957  0.748468 -0.242622 0.617196  0.243945 0.035358 2 3 0.500000 4 0.500000
0  -16.902313 11.555914 4.886867  0.028918 -0.805822 0.591451  0.222279 0.109398 2 3 0.500000 4 0.500000
0  -16.901449 9.840147 3.607957  0.000000 -0.368852 0.929488  0.265612 0.109398 2 3 0.500000 4 0.500000
wheelchair.001
0  -16.902315 7.722592 11.100950  0.000000 0.207333 -0.978270  0.222279 0.035358 2 3 0.500000 4 0.500000
0  -14.297995 7.722592 11.100950  0.772643 0.132661 -0.620825  0.222146 0.079210 2 3 0.500000 4 0.500000
0  -14.297971 5.042772 9.411717  0.788148 0.509113 -0.345870  0.265612 0.109398 2 3 0.500000 4 0.500000
wheelchair.001
0  -17.045155 2.908808 3.564665  -0.821303 -0.467797 -0.326538  0.099644 0.072273 2 3 0.500000 4 0.500000
0  -15.600155 3.261104 2.108831  0.000001 -0.651641 -0.758527  0.022481 0.139864 2 3 0.500000 4 0.500000
0  -15.600155 1.700340 4.444679  0.000000 -0.937530 -0.347904  0.022481 0.004832 2 3 0.500000 4 0.500000
wheelchair.001
0  -17.045155 11.990196 12.641735  -0.821718 0.309525 0.478512  0.099644 0.072273 2 3 0.500000 4 0.500000
0  -15.600155 11.107594 13.851934  0.000000 0.324199 0.945989  0.022481 0.139864 2 3 0.500000 4 0.500000
0  -15.600155 13.443441 12.291169  0.000000 0.733028 0.680198  0.022481 0.004832 2 3 0.500000 4 0.500000
wheelchair.001
0  -17.045147 7.301742 13.701837  -0.813623 -0.092706 0.573954  0.099644 0.060881 2 3 0.500000 4 0.500000
0  -15.600155 5.596951 13.851934  0.000000 -0.442729 0.896655  0.022481 0.139864 2 3 0.500000 4 0.500000
0  -15.600155 8.352272 14.400001  0.000000 0.066657 0.997776  0.022481 0.004832 2 3 0.500000 4 0.500000
wheelchair.001
0  -17.051231 7.057693 0.696088  -0.805216 -0.115794 -0.581565  0.099644 0.072307 2 3 0.500000 4 0.500000
0  -15.600155 8.352272 0.000000  0.000000 0.086280 -0.996271  0.022481 0.139864 2 3 0.500000 4 0.500000
0  -15.600155 5.596951 0.548068  0.000000 -0.461075 -0.887361  0.022481 0.004832 2 3 0.500000 4 0.500000
wheelchair.001
0  -17.045155 2.908808 3.564665  -0.821303 -0.467797 -0.326538  0.099644 0.133236 2 3 0.500000 4 0.500000
0  -17.045448 1.872272 7.200000  -0.834462 -0.551065 0.000155  0.099644 0.011460 2 3 0.500000 4 0.500000
0  -16.901129 4.500514 6.433841  -0.998563 0.052857 0.008852  0.222146 0.072348 2 3 0.500000 4 0.500000
wheelchair.001
0  -16.898224 11.617630 9.381842  -0.998494 -0.045739 -0.030280  0.222146 0.035925 2 3 0.500000 4 0.500000
0  -16.901449 9.840147 10.792045  -0.998417 -0.019182 -0.052863  0.222146 0.108772 2 3 0.500000 4 0.500000
0  -17.045155 11.990196 12.641735  -0.821718 0.309525 0.478512  0.099644 0.072273 2 3 0.500000 4 0.500000
wheelchair.001
0  -17.045155 11.990196 12.641735  -0.821718 0.309525 0.478512  0.099644 0.133236 2 3 0.500000 4 0.500000
0  -17.045448 14.339012 9.679789  -0.834956 0.508330 0.210830  0.099644 0.011460 2 3 0.500000 4 0.500000
0  -16.898224 11.617630 9.381842  -0.998494 -0.045739 -0.030280  0.222146 0.072348 2 3 0.500000 4 0.500000
wheelchair.001
0  -17.042767 14.773430 5.922752  -0.821142 0.557030 -0.124271  0.099644 0.133236 2 3 0.500000 4 0.500000
0  -17.045153 11.987606 1.756536  -0.820933 0.318374 -0.474033  0.099644 0.011460 2 3 0.500000 4 0.500000
0  -16.902313 11.555914 4.886867  -0.998358 -0.046926 0.032854  0.222146 0.065460 2 3 0.500000 4 0.500000
wheelchair.001
0  -15.600155 15.552272 7.200000  0.000000 0.999301 0.037380  0.022481 0.004832 2 3 0.500000 4 0.500000
0  -17.042767 14.773430 5.922752  -0.821142 0.557030 -0.124271  0.099644 0.011460 2 3 0.500000 4 0.500000
0  -17.045448 14.339012 9.679789  -0.834956 0.508330 0.210830  0.099644 0.133236 2 3 0.500000 4 0.500000
wheelchair.001
0  -17.042767 14.773430 5.922752  -0.821142 0.557030 -0.124271  0.099644 0.133236 2 3 0.500000 4 0.500000
0  -15.600155 15.004206 4.444679  0.000000 0.892296 -0.451451  0.022481 0.139864 2 3 0.500000 4 0.500000
0  -15.600155 13.443441 2.108831  0.000001 0.758524 -0.651645  0.022481 0.004832 2 3 0.500000 4 0.500000
wheelchair.001
0  -17.045153 11.987606 1.756536  -0.820933 0.318374 -0.474033  0.099644 0.072273 2 3 0.500000 4 0.500000
0  -15.600155 13.443441 2.108831  0.000001 0.758524 -0.651645  0.022481 0.139864 2 3 0.500000 4 0.500000
0  -15.600155 11.107594 0.548068  0.000000 0.311876 -0.950123  0.022481 0.004832 2 3 0.500000 4 0.500000
wheelchair.001
0  -17.045153 11.987606 1.756536  -0.820933 0.318374 -0.474033  0.099644 0.133236 2 3 0.500000 4 0.500000
0  -15.600155 11.107594 0.548068  0.000000 0.311876 -0.950123  0.022481 0.139864 2 3 0.500000 4 0.500000
0  -15.600155 8.352272 0.000000  0.000000 0.086280 -0.996271  0.022481 0.004832 2 3 0.500000 4 0.500000
wheelchair.001
0  -15.600155 13.443441 12.291169  0.000000 0.733028 0.680198  0.022481 0.139864 2 3 0.500000 4 0.500000
0  -15.600155 15.004206 9.955321  0.000000 0.923879 0.382684  0.022481 0.004832 2 3 0.500000 4 0.500000
0  -17.045448 14.339012 9.679789  -0.834956 0.508330 0.210830  0.099644 0.011460 2 3 0.500000 4 0.500000
wheelchair.001
0  -15.600155 5.596951 13.851934  0.000000 -0.442729 0.896655  0.022481 0.004832 2 3 0.500000 4 0.500000
0  -17.045147 7.301742 13.701837  -0.813623 -0.092706 0.573954  0.099644 0.011460 2 3 0.500000 4 0.500000
0  -17.051073 3.014764 11.053418  -0.814685 -0.465829 0.345387  0.099644 0.133236 2 3 0.500000 4 0.500000
wheelchair.001
0  -17.042767 14.773430 5.922752  -0.821142 0.557030 -0.124271  0.099644 0.072348 2 3 0.500000 4 0.500000
0  -15.600155 15.552272 7.200000  0.000000 0.999301 0.037380  0.022481 0.139864 2 3 0.500000 4 0.500000
0  -15.600155 15.004206 4.444679  0.000000 0.892296 -0.451451  0.022481 0.004832 2 3 0.500000 4 0.500000
wheelchair.001
0  -17.045448 1.872272 7.200000  -0.834462 -0.551065 0.000155  0.099644 0.011460 2 3 0.500000 4 0.500000
0  -17.045155 2.908808 3.564665  -0.821303 -0.467797 -0.326538  0.099644 0.133236 2 3 0.500000 4 0.500000
0  -15.600155 1.700340 4.444679  0.000000 -0.937530 -0.347904  0.022481 0.139864 2 3 0.500000 4 0.500000
wheelchair.001
0  -15.600155 1.700340 9.955321  0.000000 -0.938545 0.345157  0.022481 0.004832 2 3 0.500000 4 0.500000
0  -17.051073 3.014764 11.053418  -0.814685 -0.465829 0.345387  0.099644 0.011460 2 3 0.500000 4 0.500000
0  -17.045448 1.872272 7.200000  -0.834462 -0.551065 0.000155  0.099644 0.133236 2 3 0.500000 4 0.500000
wheelchair.001
0  -15.600155 11.107594 13.851934  0.000000 0.324199 0.945989  0.022481 0.004832 2 3 0.500000 4 0.500000
0  -17.045155 11.990196 12.641735  -0.821718 0.309525 0.478512  0.099644 0.011460 2 3 0.500000 4 0.500000
0  -17.045147 7.301742 13.701837  -0.813623 -0.092706 0.573954  0.099644 0.133236 2 3 0.500000 4 0.500000
wheelchair.001
0  -17.051073 3.014764 11.053418  -0.814685 -0.465829 0.345387  0.099644 0.060855 2 3 0.500000 4 0.500000
0  -15.600155 1.700340 9.955321  0.000000 -0.938545 0.345157  0.022481 0.139864 2 3 0.500000 4 0.500000
0  -15.600155 3.261104 12.291169  0.000000 -0.658606 0.752488  0.022481 0.004832 2 3 0.500000 4 0.500000
wheelchair.001
0  -15.600155 5.596951 0.548068  0.000000 -0.461075 -0.887361  0.022481 0.139864 2 3 0.500000 4 0.500000
0  -15.600155 3.261104 2.108831  0.000001 -0.651641 -0.758527  0.022481 0.004832 2 3 0.500000 4 0.500000
0  -17.045155 2.908808 3.564665  -0.821303 -0.467797 -0.326538  0.099644 0.011460 2 3 0.500000 4 0.500000
wheelchair.001
0  -17.045147 7.301742 13.701837  -0.813623 -0.092706 0.573954  0.099644 0.133236 2 3 0.500000 4 0.500000
0  -17.045155 11.990196 12.641735  -0.821718 0.309525 0.478512  0.099644 0.011460 2 3 0.500000 4 0.500000
0  -16.901449 9.840147 10.792045  -0.998417 -0.019182 -0.052863  0.222146 0.035925 2 3 0.500000 4 0.500000
wheelchair.001
0  -16.901447 5.603041 4.450769  -0.998373 0.037965 0.042542  0.222146 0.035925 2 3 0.500000 4 0.500000
0  -16.899437 7.586720 3.348125  -0.998428 0.010918 0.054969  0.222146 0.108772 2 3 0.500000 4 0.500000
0  -17.051231 7.057693 0.696088  -0.805216 -0.115794 -0.581565  0.099644 0.133236 2 3 0.500000 4 0.500000
wheelchair.001
0  -16.901449 12.240274 7.200000  -0.998569 -0.053470 -0.000803  0.222146 0.108772 2 3 0.500000 4 0.500000
0  -17.042767 14.773430 5.922752  -0.821142 0.557030 -0.124271  0.099644 0.072348 2 3 0.500000 4 0.500000
0  -16.902313 11.555914 4.886867  -0.998358 -0.046926 0.032854  0.222146 0.035925 2 3 0.500000 4 0.500000
wheelchair.001
0  -17.051231 7.057693 0.696088  -0.805216 -0.115794 -0.581565  0.099644 0.011460 2 3 0.500000 4 0.500000
0  -16.899437 7.586720 3.348125  -0.998428 0.010918 0.054969  0.222146 0.035925 2 3 0.500000 4 0.500000
0  -16.901449 9.840147 3.607957  -0.998359 -0.018436 0.054224  0.222146 0.108772 2 3 0.500000 4 0.500000
wheelchair.001
0  -16.901447 5.603041 4.450769  -0.998373 0.037965 0.042542  0.222146 0.108772 2 3 0.500000 4 0.500000
0  -17.045155 2.908808 3.564665  -0.821303 -0.467797 -0.326538  0.099644 0.072273 2 3 0.500000 4 0.500000
0  -16.901129 4.500514 6.433841  -0.998563 0.052857 0.008852  0.222146 0.035925 2 3 0.500000 4 0.500000
wheelchair.001
0  -16.901449 12.240274 7.200000  -0.998569 -0.053470 -0.000803  0.222146 0.035925 2 3 0.500000 4 0.500000
0  -16.898224 11.617630 9.381842  -0.998494 -0.045739 -0.030280  0.222146 0.108772 2 3 0.500000 4 0.500000
0  -17.045448 14.339012 9.679789  -0.834956 0.508330 0.210830  0.099644 0.133236 2 3 0.500000 4 0.500000
wheelchair.001
0  -17.045448 1.872272 7.200000  -0.834462 -0.551065 0.000155  0.099644 0.133236 2 3 0.500000 4 0.500000
0  -17.051073 3.014764 11.053418  -0.814685 -0.465829 0.345387  0.099644 0.011460 2 3 0.500000 4 0.500000
0  -16.902340 5.042772 9.411717  -0.998489 0.044436 -0.032330  0.222146 0.035925 2 3 0.500000 4 0.500000
wheelchair.001
0  -17.045153 11.987606 1.756536  -0.820933 0.318374 -0.474033  0.099644 0.072273 2 3 0.500000 4 0.500000
0  -16.901449 9.840147 3.607957  -0.998359 -0.018436 0.054224  0.222146 0.035925 2 3 0.500000 4 0.500000
0  -16.902313 11.555914 4.886867  -0.998358 -0.046926 0.032854  0.222146 0.108772 2 3 0.500000 4 0.500000
wheelchair.001
0  -17.051073 3.014764 11.053418  -0.814685 -0.465829 0.345387  0.099644 0.133236 2 3 0.500000 4 0.500000
0  -17.045147 7.301742 13.701837  -0.813623 -0.092706 0.573954  0.099644 0.011460 2 3 0.500000 4 0.500000
0  -16.902315 7.722592 11.100950  -0.998516 0.012640 -0.052963  0.222146 0.035925 2 3 0.500000 4 0.500000
wheelchair.001
0  -14.155157 2.908808 3.564665  0.821303 -0.467796 -0.326539  0.099644 0.072273 2 3 0.500000 4 0.500000
0  -15.600155 1.700340 4.444679  0.000000 -0.937530 -0.347904  0.022481 0.004832 2 3 0.500000 4 0.500000
0  -15.600155 3.261104 2.108831  0.000001 -0.651641 -0.758527  0.022481 0.139864 2 3 0.500000 4 0.500000
wheelchair.001
0  -14.155157 11.990196 12.641735  0.821468 0.309542 0.478931  0.099644 0.072273 2 3 0.500000 4 0.500000
0  -15.600155 13.443441 12.291169  0.000000 0.733028 0.680198  0.022481 0.004832 2 3 0.500000 4 0.500000
0  -15.600155 11.107594 13.851934  0.000000 0.324199 0.945989  0.022481 0.139864 2 3 0.500000 4 0.500000
wheelchair.001
0  -14.155163 7.301742 13.701837  0.813623 -0.092706 0.573954  0.099644 0.060881 2 3 0.500000 4 0.500000
0  -15.600155 8.352272 14.400001  0.000000 0.066657 0.997776  0.022481 0.004832 2 3 0.500000 4 0.500000
0  -15.600155 5.596951 13.851934  0.000000 -0.442729 0.896655  0.022481 0.139864 2 3 0.500000 4 0.500000
wheelchair.001
0  -14.149080 7.057693 0.696088  0.805216 -0.115794 -0.581565  0.099644 0.072307 2 3 0.500000 4 0.500000
0  -15.600155 5.596951 0.548068  0.000000 -0.461075 -0.887361  0.022481 0.004832 2 3 0.500000 4 0.500000
0  -15.600155 8.352272 0.000000  0.000000 0.086280 -0.996271  0.022481 0.139864 2 3 0.500000 4 0.500000
wheelchair.001
0  -14.155157 2.908808 3.564665  0.821303 -0.467796 -0.326539  0.099644 0.133236 2 3 0.500000 4 0.500000
0  -14.299183 4.500514 6.433841  0.770359 0.629079 0.103953  0.222146 0.072348 2 3 0.500000 4 0.500000
0  -14.154862 1.872272 7.200000  0.834462 -0.551065 0.000155  0.099644 0.011460 2 3 0.500000 4 0.500000
wheelchair.001
0  -14.309448 11.944317 8.687874  0.751337 -0.600300 -0.274102  0.222146 0.035925 2 3 0.500000 4 0.500000
0  -14.155157 11.990196 12.641735  0.821468 0.309542 0.478931  0.099644 0.072273 2 3 0.500000 4 0.500000
0  -14.298862 9.840147 10.792045  0.754305 -0.276488 -0.595465  0.222146 0.108772 2 3 0.500000 4 0.500000
wheelchair.001
0  -14.155157 11.990196 12.641735  0.821468 0.309542 0.478931  0.099644 0.133236 2 3 0.500000 4 0.500000
0  -14.309448 11.944317 8.687874  0.751337 -0.600300 -0.274102  0.222146 0.072348 2 3 0.500000 4 0.500000
0  -14.154862 14.339012 9.679789  0.835328 0.507965 0.210234  0.099644 0.011460 2 3 0.500000 4 0.500000
wheelchair.001
0  -14.157545 14.773430 5.922752  0.821870 0.556006 -0.124042  0.099644 0.133236 2 3 0.500000 4 0.500000
0  -14.297997 11.555914 4.886867  0.744617 -0.519372 0.419283  0.222146 0.065460 2 3 0.500000 4 0.500000
0  -14.155159 11.987606 1.756536  0.820933 0.318374 -0.474034  0.099644 0.011460 2 3 0.500000 4 0.500000
wheelchair.001
0  -15.600155 15.552272 7.200000  0.000000 0.999301 0.037380  0.022481 0.004832 2 3 0.500000 4 0.500000
0  -15.600155 15.004206 9.955321  0.000000 0.923879 0.382684  0.022481 0.139864 2 3 0.500000 4 0.500000
0  -14.154862 14.339012 9.679789  0.835328 0.507965 0.210234  0.099644 0.133236 2 3 0.500000 4 0.500000
wheelchair.001
0  -15.600155 13.443441 2.108831  0.000001 0.758524 -0.651645  0.022481 0.004832 2 3 0.500000 4 0.500000
0  -15.600155 15.004206 4.444679  0.000000 0.892296 -0.451451  0.022481 0.139864 2 3 0.500000 4 0.500000
0  -14.157545 14.773430 5.922752  0.821870 0.556006 -0.124042  0.099644 0.133236 2 3 0.500000 4 0.500000
wheelchair.001
0  -14.155159 11.987606 1.756536  0.820933 0.318374 -0.474034  0.099644 0.072273 2 3 0.500000 4 0.500000
0  -15.600155 11.107594 0.548068  0.000000 0.311876 -0.950123  0.022481 0.004832 2 3 0.500000 4 0.500000
0  -15.600155 13.443441 2.108831  0.000001 0.758524 -0.651645  0.022481 0.139864 2 3 0.500000 4 0.500000
wheelchair.001
0  -15.600155 8.352272 0.000000  0.000000 0.086280 -0.996271  0.022481 0.004832 2 3 0.500000 4 0.500000
0  -15.600155 11.107594 0.548068  0.000000 0.311876 -0.950123  0.022481 0.139864 2 3 0.500000 4 0.500000
0  -14.155159 11.987606 1.756536  0.820933 0.318374 -0.474034  0.099644 0.133236 2 3 0.500000 4 0.500000
wheelchair.001
0  -15.600155 13.443441 12.291169  0.000000 0.733028 0.680198  0.022481 0.139864 2 3 0.500000 4 0.500000
0  -14.155157 11.990196 12.641735  0.821468 0.309542 0.478931  0.099644 0.133236 2 3 0.500000 4 0.500000
0  -14.154862 14.339012 9.679789  0.835328 0.507965 0.210234  0.099644 0.011460 2 3 0.500000 4 0.500000
wheelchair.001
0  -15.600155 5.596951 13.851934  0.000000 -0.442729 0.896655  0.022481 0.004832 2 3 0.500000 4 0.500000
0  -15.600155 3.261104 12.291169  0.000000 -0.658606 0.752488  0.022481 0.139864 2 3 0.500000 4 0.500000
0  -14.149238 3.014764 11.053418  0.814685 -0.465828 0.345388  0.099644 0.133236 2 3 0.500000 4 0.500000
wheelchair.001
0  -14.157545 14.773430 5.922752  0.821870 0.556006 -0.124042  0.099644 0.072348 2 3 0.500000 4 0.500000
0  -15.600155 15.004206 4.444679  0.000000 0.892296 -0.451451  0.022481 0.004832 2 3 0.500000 4 0.500000
0  -15.600155 15.552272 7.200000  0.000000 0.999301 0.037380  0.022481 0.139864 2 3 0.500000 4 0.500000
wheelchair.001
0  -14.154862 1.872272 7.200000  0.834462 -0.551065 0.000155  0.099644 0.011460 2 3 0.500000 4 0.500000
0  -15.600155 1.152273 7.200000  -0.000000 -1.000000 0.000000  0.022481 0.004832 2 3 0.500000 4 0.500000
0  -15.600155 1.700340 4.444679  0.000000 -0.937530 -0.347904  0.022481 0.139864 2 3 0.500000 4 0.500000
wheelchair.001
0  -15.600155 1.700340 9.955321  0.000000 -0.938545 0.345157  0.022481 0.004832 2 3 0.500000 4 0.500000
0  -15.600155 1.152273 7.200000  -0.000000 -1.000000 0.000000  0.022481 0.139864 2 3 0.500000 4 0.500000
0  -14.154862 1.872272 7.200000  0.834462 -0.551065 0.000155  0.099644 0.133236 2 3 0.500000 4 0.500000
wheelchair.001
0  -15.600155 11.107594 13.851934  0.000000 0.324199 0.945989  0.022481 0.004832 2 3 0.500000 4 0.500000
0  -15.600155 8.352272 14.400001  0.000000 0.066657 0.997776  0.022481 0.139864 2 3 0.500000 4 0.500000
0  -14.155163 7.301742 13.701837  0.813623 -0.092706 0.573954  0.099644 0.133236 2 3 0.500000 4 0.500000
wheelchair.001
0  -14.149238 3.014764 11.053418  0.814685 -0.465828 0.345388  0.099644 0.060855 2 3 0.500000 4 0.500000
0  -15.600155 3.261104 12.291169  0.000000 -0.658606 0.752488  0.022481 0.004832 2 3 0.500000 4 0.500000
0  -15.600155 1.700340 9.955321  0.000000 -0.938545 0.345157  0.022481 0.139864 2 3 0.500000 4 0.500000
wheelchair.001
0  -14.155157 2.908808 3.564665  0.821303 -0.467796 -0.326539  0.099644 0.011460 2 3 0.500000 4 0.500000
0  -15.600155 3.261104 2.108831  0.000001 -0.651641 -0.758527  0.022481 0.004832 2 3 0.500000 4 0.500000
0  -15.600155 5.596951 0.548068  0.000000 -0.461075 -0.887361  0.022481 0.139864 2 3 0.500000 4 0.500000
wheelchair.001
0  -14.155163 7.301742 13.701837  0.813623 -0.092706 0.573954  0.099644 0.133236 2 3 0.500000 4 0.500000
0  -14.297995 7.722592 11.100950  0.772643 0.132661 -0.620825  0.222146 0.108772 2 3 0.500000 4 0.500000
0  -14.298862 9.840147 10.792045  0.754305 -0.276488 -0.595465  0.222146 0.035925 2 3 0.500000 4 0.500000
wheelchair.001
0  -14.298863 5.603041 4.450769  0.752428 0.464037 0.467464  0.222146 0.035925 2 3 0.500000 4 0.500000
0  -14.155157 2.908808 3.564665  0.821303 -0.467796 -0.326539  0.099644 0.011460 2 3 0.500000 4 0.500000
0  -14.149080 7.057693 0.696088  0.805216 -0.115794 -0.581565  0.099644 0.133236 2 3 0.500000 4 0.500000
wheelchair.001
0  -14.309765 12.197167 6.288626  0.747815 -0.652692 0.121516  0.222146 0.108772 2 3 0.500000 4 0.500000
0  -14.297997 11.555914 4.886867  0.744617 -0.519372 0.419283  0.222146 0.035925 2 3 0.500000 4 0.500000
0  -14.157545 14.773430 5.922752  0.821870 0.556006 -0.124042  0.099644 0.072348 2 3 0.500000 4 0.500000
wheelchair.001
0  -14.298862 9.840147 3.607957  0.748468 -0.242622 0.617196  0.222146 0.108772 2 3 0.500000 4 0.500000
0  -14.300873 7.586720 3.348125  0.760865 0.126529 0.636455  0.222146 0.035925 2 3 0.500000 4 0.500000
0  -14.149080 7.057693 0.696088  0.805216 -0.115794 -0.581565  0.099644 0.011460 2 3 0.500000 4 0.500000
wheelchair.001
0  -14.298863 5.603041 4.450769  0.752428 0.464037 0.467464  0.222146 0.108772 2 3 0.500000 4 0.500000
0  -14.299183 4.500514 6.433841  0.770359 0.629079 0.103953  0.222146 0.035925 2 3 0.500000 4 0.500000
0  -14.155157 2.908808 3.564665  0.821303 -0.467796 -0.326539  0.099644 0.072273 2 3 0.500000 4 0.500000
wheelchair.001
0  -14.309448 11.944317 8.687874  0.751337 -0.600300 -0.274102  0.222146 0.108772 2 3 0.500000 4 0.500000
0  -14.309765 12.197167 6.288626  0.747815 -0.652692 0.121516  0.222146 0.035925 2 3 0.500000 4 0.500000
0  -14.157545 14.773430 5.922752  0.821870 0.556006 -0.124042  0.099644 0.011460 2 3 0.500000 4 0.500000
wheelchair.001
0  -14.297971 5.042772 9.411717  0.788148 0.509113 -0.345870  0.222146 0.035925 2 3 0.500000 4 0.500000
0  -14.149238 3.014764 11.053418  0.814685 -0.465828 0.345388  0.099644 0.011460 2 3 0.500000 4 0.500000
0  -14.154862 1.872272 7.200000  0.834462 -0.551065 0.000155  0.099644 0.133236 2 3 0.500000 4 0.500000
wheelchair.001
0  -14.155159 11.987606 1.756536  0.820933 0.318374 -0.474034  0.099644 0.072273 2 3 0.500000 4 0.500000
0  -14.297997 11.555914 4.886867  0.744617 -0.519372 0.419283  0.222146 0.108772 2 3 0.500000 4 0.500000
0  -14.298862 9.840147 3.607957  0.748468 -0.242622 0.617196  0.222146 0.035925 2 3 0.500000 4 0.500000
wheelchair.001
0  -14.297995 7.722592 11.100950  0.772643 0.132661 -0.620825  0.222146 0.035925 2 3 0.500000 4 0.500000
0  -14.155163 7.301742 13.701837  0.813623 -0.092706 0.573954  0.099644 0.011460 2 3 0.500000 4 0.500000
0  -14.149238 3.014764 11.053418  0.814685 -0.465828 0.345388  0.099644 0.133236 2 3 0.500000 4 0.500000
wheelchair.001
0  -16.902313 11.555914 4.886867  0.028918 -0.805822 0.591451  0.248043 0.109398 2 3 0.500000 4 0.500000
0  -14.297997 11.555914 4.886867  0.744617 -0.519372 0.419283  0.243879 0.050401 2 3 0.500000 4 0.500000
0  -14.309765 12.197167 6.288626  0.747815 -0.652692 0.121516  0.222146 0.065445 2 3 0.500000 4 0.500000
wheelchair.001
0  -14.300873 7.586720 3.348125  0.760865 0.126529 0.636455  0.265612 0.035358 2 3 0.500000 4 0.500000
0  -16.901449 9.840147 3.607957  0.000000 -0.368852 0.929488  0.222279 0.109398 2 3 0.500000 4 0.500000
0  -16.899437 7.586720 3.348125  0.000000 0.195016 0.980800  0.265612 0.109398 2 3 0.500000 4 0.500000
wheelchair.001
0  -14.298863 5.603041 4.450769  0.752428 0.464037 0.467464  0.222146 0.072378 2 3 0.500000 4 0.500000
0  -16.899437 7.586720 3.348125  0.000000 0.195016 0.980800  0.265612 0.035358 2 3 0.500000 4 0.500000
0  -16.901447 5.603041 4.450769  0.000000 0.707124 0.707089  0.222279 0.035358 2 3 0.500000 4 0.500000
wheelchair.001
0  -14.297971 5.042772 9.411717  0.788148 0.509113 -0.345870  0.222146 0.072348 2 3 0.500000 4 0.500000
0  -16.901129 4.500514 6.433841  0.000000 0.986645 0.162888  0.265612 0.035358 2 3 0.500000 4 0.500000
0  -16.902340 5.042772 9.411717  0.000000 0.828544 -0.559924  0.222279 0.035358 2 3 0.500000 4 0.500000
wheelchair.001
0  -14.309448 11.944317 8.687874  0.751337 -0.600300 -0.274102  0.222279 0.035358 2 3 0.500000 4 0.500000
0  -16.901449 12.240274 7.200000  0.035312 -0.999344 -0.008043  0.265612 0.109398 2 3 0.500000 4 0.500000
0  -14.309765 12.197167 6.288626  0.747815 -0.652692 0.121516  0.265612 0.035358 2 3 0.500000 4 0.500000
wheelchair.001
0  -16.901449 9.840147 10.792045  0.000000 -0.396415 -0.918071  0.222279 0.035358 2 3 0.500000 4 0.500000
0  -14.297995 7.722592 11.100950  0.772643 0.132661 -0.620825  0.265612 0.109398 2 3 0.500000 4 0.500000
0  -16.902315 7.722592 11.100950  0.000000 0.207333 -0.978270  0.265612 0.035358 2 3 0.500000 4 0.500000
wheelchair.001
0  -16.902315 7.722592 11.100950  0.000000 0.207333 -0.978270  0.222279 0.035358 2 3 0.500000 4 0.500000
0  -14.297971 5.042772 9.411717  0.788148 0.509113 -0.345870  0.265612 0.109398 2 3 0.500000 4 0.500000
0  -16.902340 5.042772 9.411717  0.000000 0.828544 -0.559924  0.265612 0.035358 2 3 0.500000 4 0.500000
wheelchair.001
0  -15.600155 15.552272 7.200000  0.000000 0.999301 0.037380  0.022481 0.004832 2 3 0.500000 4 0.500000
0  -17.045448 14.339012 9.679789  -0.834956 0.508330 0.210830  0.099644 0.133236 2 3 0.500000 4 0.500000
0  -15.600155 15.004206 9.955321  0.000000 0.923879 0.382684  0.022481 0.139864 2 3 0.500000 4 0.500000
wheelchair.001
0  -17.042767 14.773430 5.922752  -0.821142 0.557030 -0.124271  0.099644 0.133236 2 3 0.500000 4 0.500000
0  -15.600155 13.443441 2.108831  0.000001 0.758524 -0.651645  0.022481 0.004832 2 3 0.500000 4 0.500000
0  -17.045153 11.987606 1.756536  -0.820933 0.318374 -0.474033  0.099644 0.011460 2 3 0.500000 4 0.500000
wheelchair.001
0  -17.045153 11.987606 1.756536  -0.820933 0.318374 -0.474033  0.099644 0.133236 2 3 0.500000 4 0.500000
0  -15.600155 8.352272 0.000000  0.000000 0.086280 -0.996271  0.022481 0.004832 2 3 0.500000 4 0.500000
0  -17.051231 7.057693 0.696088  -0.805216 -0.115794 -0.581565  0.099644 0.011460 2 3 0.500000 4 0.500000
wheelchair.001
0  -15.600155 13.443441 12.291169  0.000000 0.733028 0.680198  0.022481 0.139864 2 3 0.500000 4 0.500000
0  -17.045448 14.339012 9.679789  -0.834956 0.508330 0.210830  0.099644 0.011460 2 3 0.500000 4 0.500000
0  -17.045155 11.990196 12.641735  -0.821718 0.309525 0.478512  0.099644 0.133236 2 3 0.500000 4 0.500000
wheelchair.001
0  -15.600155 5.596951 13.851934  0.000000 -0.442729 0.896655  0.022481 0.004832 2 3 0.500000 4 0.500000
0  -17.051073 3.014764 11.053418  -0.814685 -0.465829 0.345387  0.099644 0.133236 2 3 0.500000 4 0.500000
0  -15.600155 3.261104 12.291169  0.000000 -0.658606 0.752488  0.022481 0.139864 2 3 0.500000 4 0.500000
wheelchair.001
0  -17.045448 1.872272 7.200000  -0.834462 -0.551065 0.000155  0.099644 0.011460 2 3 0.500000 4 0.500000
0  -15.600155 1.700340 4.444679  0.000000 -0.937530 -0.347904  0.022481 0.139864 2 3 0.500000 4 0.500000
0  -15.600155 1.152273 7.200000  -0.000000 -1.000000 0.000000  0.022481 0.004832 2 3 0.500000 4 0.500000
wheelchair.001
0  -15.600155 1.700340 9.955321  0.000000 -0.938545 0.345157  0.022481 0.004832 2 3 0.500000 4 0.500000
0  -17.045448 1.872272 7.200000  -0.834462 -0.551065 0.000155  0.099644 0.133236 2 3 0.500000 4 0.500000
0  -15.600155 1.152273 7.200000  -0.000000 -1.000000 0.000000  0.022481 0.139864 2 3 0.500000 4 0.500000
wheelchair.001
0  -15.600155 11.107594 13.851934  0.000000 0.324199 0.945989  0.022481 0.004832 2 3 0.500000 4 0.500000
0  -17.045147 7.301742 13.701837  -0.813623 -0.092706 0.573954  0.099644 0.133236 2 3 0.500000 4 0.500000
0  -15.600155 8.352272 14.400001  0.000000 0.066657 0.997776  0.022481 0.139864 2 3 0.500000 4 0.500000
wheelchair.001
0  -15.600155 5.596951 0.548068  0.000000 -0.461075 -0.887361  0.022481 0.139864 2 3 0.500000 4 0.500000
0  -17.045155 2.908808 3.564665  -0.821303 -0.467797 -0.326538  0.099644 0.011460 2 3 0.500000 4 0.500000
0  -17.051231 7.057693 0.696088  -0.805216 -0.115794 -0.581565  0.099644 0.133236 2 3 0.500000 4 0.500000
wheelchair.001
0  -17.045147 7.301742 13.701837  -0.813623 -0.092706 0.573954  0.099644 0.133236 2 3 0.500000 4 0.500000
0  -16.901449 9.840147 10.792045  -0.998417 -0.019182 -0.052863  0.222146 0.035925 2 3 0.500000 4 0.500000
0  -16.902315 7.722592 11.100950  -0.998516 0.012640 -0.052963  0.222146 0.108772 2 3 0.500000 4 0.500000
wheelchair.001
0  -16.901447 5.603041 4.450769  -0.998373 0.037965 0.042542  0.222146 0.035925 2 3 0.500000 4 0.500000
0  -17.051231 7.057693 0.696088  -0.805216 -0.115794 -0.581565  0.099644 0.133236 2 3 0.500000 4 0.500000
0  -17.045155 2.908808 3.564665  -0.821303 -0.467797 -0.326538  0.099644 0.011460 2 3 0.500000 4 0.500000
wheelchair.001
0  -17.051231 7.057693 0.696088  -0.805216 -0.115794 -0.581565  0.099644 0.011460 2 3 0.500000 4 0.500000
0  -16.901449 9.840147 3.607957  -0.998359 -0.018436 0.054224  0.222146 0.108772 2 3 0.500000 4 0.500000
0  -17.045153 11.987606 1.756536  -0.820933 0.318374 -0.474033  0.099644 0.133236 2 3 0.500000 4 0.500000
wheelchair.001
0  -16.901449 12.240274 7.200000  -0.998569 -0.053470 -0.000803  0.222146 0.035925 2 3 0.500000 4 0.500000
0  -17.045448 14.339012 9.679789  -0.834956 0.508330 0.210830  0.099644 0.133236 2 3 0.500000 4 0.500000
0  -17.042767 14.773430 5.922752  -0.821142 0.557030 -0.124271  0.099644 0.011460 2 3 0.500000 4 0.500000
wheelchair.001
0  -17.045448 1.872272 7.200000  -0.834462 -0.551065 0.000155  0.099644 0.133236 2 3 0.500000 4 0.500000
0  -16.902340 5.042772 9.411717  -0.998489 0.044436 -0.032330  0.222146 0.035925 2 3 0.500000 4 0.500000
0  -16.901129 4.500514 6.433841  -0.998563 0.052857 0.008852  0.222146 0.108772 2 3 0.500000 4 0.500000
wheelchair.001
0  -17.051073 3.014764 11.053418  -0.814685 -0.465829 0.345387  0.099644 0.133236 2 3 0.500000 4 0.500000
0  -16.902315 7.722592 11.100950  -0.998516 0.012640 -0.052963  0.222146 0.035925 2 3 0.500000 4 0.500000
0  -16.902340 5.042772 9.411717  -0.998489 0.044436 -0.032330  0.222146 0.108772 2 3 0.500000 4 0.500000
wheelchair.001
0  -15.600155 15.552272 7.200000  0.000000 0.999301 0.037380  0.022481 0.004832 2 3 0.500000 4 0.500000
0  -14.154862 14.339012 9.679789  0.835328 0.507965 0.210234  0.099644 0.133236 2 3 0.500000 4 0.500000
0  -14.157545 14.773430 5.922752  0.821870 0.556006 -0.124042  0.099644 0.011460 2 3 0.500000 4 0.500000
wheelchair.001
0  -15.600155 13.443441 2.108831  0.000001 0.758524 -0.651645  0.022481 0.004832 2 3 0.500000 4 0.500000
0  -14.157545 14.773430 5.922752  0.821870 0.556006 -0.124042  0.099644 0.133236 2 3 0.500000 4 0.500000
0  -14.155159 11.987606 1.756536  0.820933 0.318374 -0.474034  0.099644 0.011460 2 3 0.500000 4 0.500000
wheelchair.001
0  -15.600155 8.352272 0.000000  0.000000 0.086280 -0.996271  0.022481 0.004832 2 3 0.500000 4 0.500000
0  -14.155159 11.987606 1.756536  0.820933 0.318374 -0.474034  0.099644 0.133236 2 3 0.500000 4 0.500000
0  -14.149080 7.057693 0.696088  0.805216 -0.115794 -0.581565  0.099644 0.011460 2 3 0.500000 4 0.500000
wheelchair.001
0  -15.600155 13.443441 12.291169  0.000000 0.733028 0.680198  0.022481 0.139864 2 3 0.500000 4 0.500000
0  -14.154862 14.339012 9.679789  0.835328 0.507965 0.210234  0.099644 0.011460 2 3 0.500000 4 0.500000
0  -15.600155 15.004206 9.955321  0.000000 0.923879 0.382684  0.022481 0.004832 2 3 0.500000 4 0.500000
wheelchair.001
0  -15.600155 5.596951 13.851934  0.000000 -0.442729 0.896655  0.022481 0.004832 2 3 0.500000 4 0.500000
0  -14.149238 3.014764 11.053418  0.814685 -0.465828 0.345388  0.099644 0.133236 2 3 0.500000 4 0.500000
0  -14.155163 7.301742 13.701837  0.813623 -0.092706 0.573954  0.099644 0.011460 2 3 0.500000 4 0.500000
wheelchair.001
0  -14.154862 1.872272 7.200000  0.834462 -0.551065 0.000155  0.099644 0.011460 2 3 0.500000 4 0.500000
0  -15.600155 1.700340 4.444679  0.000000 -0.937530 -0.347904  0.022481 0.139864 2 3 0.500000 4 0.500000
0  -14.155157 2.908808 3.564665  0.821303 -0.467796 -0.326539  0.099644 0.133236 2 3 0.500000 4 0.500000
wheelchair.001
0  -15.600155 1.700340 9.955321  0.000000 -0.938545 0.345157  0.022481 0.004832 2 3 0.500000 4 0.500000
0  -14.154862 1.872272 7.200000  0.834462 -0.551065 0.000155  0.099644 0.133236 2 3 0.500000 4 0.500000
0  -14.149238 3.014764 11.053418  0.814685 -0.465828 0.345388  0.099644 0.011460 2 3 0.500000 4 0.500000
wheelchair.001
0  -15.600155 11.107594 13.851934  0.000000 0.324199 0.945989  0.022481 0.004832 2 3 0.500000 4 0.500000
0  -14.155163 7.301742 13.701837  0.813623 -0.092706 0.573954  0.099644 0.133236 2 3 0.500000 4 0.500000
0  -14.155157 11.990196 12.641735  0.821468 0.309542 0.478931  0.099644 0.011460 2 3 0.500000 4 0.500000
wheelchair.001
0  -14.155157 2.908808 3.564665  0.821303 -0.467796 -0.326539  0.099644 0.011460 2 3 0.500000 4 0.500000
0  -15.600155 5.596951 0.548068  0.000000 -0.461075 -0.887361  0.022481 0.139864 2 3 0.500000 4 0.500000
0  -14.149080 7.057693 0.696088  0.805216 -0.115794 -0.581565  0.099644 0.133236 2 3 0.500000 4 0.500000
wheelchair.001
0  -14.155163 7.301742 13.701837  0.813623 -0.092706 0.573954  0.099644 0.133236 2 3 0.500000 4 0.500000
0  -14.298862 9.840147 10.792045  0.754305 -0.276488 -0.595465  0.222146 0.035925 2 3 0.500000 4 0.500000
0  -14.155157 11.990196 12.641735  0.821468 0.309542 0.478931  0.099644 0.011460 2 3 0.500000 4 0.500000
wheelchair.001
0  -14.298863 5.603041 4.450769  0.752428 0.464037 0.467464  0.222146 0.035925 2 3 0.500000 4 0.500000
0  -14.149080 7.057693 0.696088  0.805216 -0.115794 -0.581565  0.099644 0.133236 2 3 0.500000 4 0.500000
0  -14.300873 7.586720 3.348125  0.760865 0.126529 0.636455  0.222146 0.108772 2 3 0.500000 4 0.500000
wheelchair.001
0  -14.298862 9.840147 3.607957  0.748468 -0.242622 0.617196  0.222146 0.108772 2 3 0.500000 4 0.500000
0  -14.149080 7.057693 0.696088  0.805216 -0.115794 -0.581565  0.099644 0.011460 2 3 0.500000 4 0.500000
0  -14.155159 11.987606 1.756536  0.820933 0.318374 -0.474034  0.099644 0.133236 2 3 0.500000 4 0.500000
wheelchair.001
0  -14.309448 11.944317 8.687874  0.751337 -0.600300 -0.274102  0.222146 0.108772 2 3 0.500000 4 0.500000
0  -14.157545 14.773430 5.922752  0.821870 0.556006 -0.124042  0.099644 0.011460 2 3 0.500000 4 0.500000
0  -14.154862 14.339012 9.679789  0.835328 0.507965 0.210234  0.099644 0.133236 2 3 0.500000 4 0.500000
wheelchair.001
0  -14.297971 5.042772 9.411717  0.788148 0.509113 -0.345870  0.222146 0.035925 2 3 0.500000 4 0.500000
0  -14.154862 1.872272 7.200000  0.834462 -0.551065 0.000155  0.099644 0.133236 2 3 0.500000 4 0.500000
0  -14.299183 4.500514 6.433841  0.770359 0.629079 0.103953  0.222146 0.108772 2 3 0.500000 4 0.500000
wheelchair.001
0  -14.297995 7.722592 11.100950  0.772643 0.132661 -0.620825  0.222146 0.035925 2 3 0.500000 4 0.500000
0  -14.149238 3.014764 11.053418  0.814685 -0.465828 0.345388  0.099644 0.133236 2 3 0.500000 4 0.500000
0  -14.297971 5.042772 9.411717  0.788148 0.509113 -0.345870  0.222146 0.108772 2 3 0.500000 4 0.500000
wheelchair.001
0  15.596549 15.122452 5.665645  1.000000 -0.000001 0.000000  0.286577 0.030688 1 3 1.000000
0  15.596549 9.661904 7.488022  1.000000 -0.000001 0.000000  0.387916 0.003588 1 3 1.000000
0  15.596549 9.411968 6.392982  1.000000 -0.000001 0.000000  0.387916 0.030688 1 3 1.000000
wheelchair.001
0  15.596549 11.391772 0.987519  1.000000 0.000000 0.000000  0.286577 0.030688 1 3 1.000000
0  15.596549 9.411968 6.392982  1.000000 0.000000 0.000000  0.387916 0.030688 1 3 1.000000
0  15.596549 8.400000 5.905644  1.000000 0.000000 0.000000  0.387916 0.030688 1 3 1.000000
wheelchair.001
0  15.596549 9.661904 7.488022  1.000000 -0.000001 0.000000  0.387916 0.003588 1 3 1.000000
0  15.596549 13.790987 11.499169  1.000000 -0.000001 0.000000  0.286577 0.005073 1 3 1.000000
0  15.596549 8.961600 8.366175  1.000000 -0.000001 0.000000  0.387916 0.003588 1 3 1.000000
wheelchair.001
0  15.596549 8.961600 8.366175  1.000000 0.000000 0.000000  0.387916 0.003588 1 3 1.000000
0  15.596549 8.400000 14.095331  1.000000 0.000000 0.000000  0.286577 0.005073 1 3 1.000000
0  15.596549 7.838400 8.366175  1.000000 0.000000 0.000000  0.387916 0.030688 1 3 1.000000
wheelchair.001
0  15.596549 5.408227 0.987519  1.000000 0.000000 0.000000  0.286577 0.005073 1 3 1.000000
0  15.596549 8.400000 5.905644  1.000000 0.000000 0.000000  0.387916 0.030688 1 3 1.000000
0  15.596549 7.388031 6.392982  1.000000 0.000000 0.000000  0.387916 0.003588 1 3 1.000000
wheelchair.001
0  15.596549 3.009012 11.499169  1.000000 0.000001 0.000000  0.286577 0.005073 1 3 1.000000
0  15.596549 7.138096 7.488022  1.000000 0.000001 0.000000  0.387916 0.003588 1 3 1.000000
0  15.596549 7.838400 8.366175  1.000000 0.000001 0.000000  0.387916 0.030688 1 3 1.000000
wheelchair.001
0  15.596549 1.677547 5.665645  1.000000 0.000001 0.000000  0.286577 0.005073 1 3 1.000000
0  15.596549 7.388031 6.392982  1.000000 0.000001 0.000000  0.387916 0.003588 1 3 1.000000
0  15.596549 7.138096 7.488022  1.000000 0.000001 0.000000  0.387916 0.003588 1 3 1.000000
wheelchair.001
0  -15.596549 15.122452 5.665645  -1.000000 -0.000001 0.000000  0.286577 0.030688 2 3 0.500000 4 0.500000
0  -15.596549 9.411968 6.392982  -1.000000 -0.000001 0.000000  0.387916 0.030688 2 3 0.500000 4 0.500000
0  -15.596549 9.661904 7.488022  -1.000000 -0.000001 0.000000  0.387916 0.003588 2 3 0.500000 4 0.500000
wheelchair.001
0  -15.596549 11.391772 0.987519  -1.000000 0.000000 0.000000  0.286577 0.030688 2 3 0.500000 4 0.500000
0  -15.596549 8.400000 5.905644  -1.000000 0.000000 0.000000  0.387916 0.030688 2 3 0.500000 4 0.500000
0  -15.596549 9.411968 6.392982  -1.000000 0.000000 0.000000  0.387916 0.030688 2 3 0.500000 4 0.500000
wheelchair.001
0  -15.596549 9.661904 7.488022  -1.000000 -0.000001 0.000000  0.387916 0.003588 2 3 0.500000 4 0.500000
0  -15.596549 8.961600 8.366175  -1.000000 -0.000001 0.000000  0.387916 0.003588 2 3 0.500000 4 0.500000
0  -15.596549 13.790987 11.499169  -1.000000 -0.000001 0.000000  0.286577 0.005073 2 3 0.500000 4 0.500000
wheelchair.001
0  -15.596549 8.961600 8.366175  -1.000000 0.000000 0.000000  0.387916 0.003588 2 3 0.500000 4 0.500000
0  -15.596549 7.838400 8.366175  -1.000000 0.000000 0.000000  0.387916 0.030688 2 3 0.500000 4 0.500000
0  -15.596549 8.400000 14.095331  -1.000000 0.000000 0.000000  0.286577 0.005073 2 3 0.500000 4 0.500000
wheelchair.001
0  -15.596549 5.408227 0.987519  -1.000000 0.000000 0.000000  0.286577 0.005073 2 3 0.500000 4 0.500000
0  -15.596549 7.388031 6.392982  -1.000000 0.000000 0.000000  0.387916 0.003588 2 3 0.500000 4 0.500000
0  -15.596549 8.400000 5.905644  -1.000000 0.000000 0.000000  0.387916 0.030688 2 3 0.500000 4 0.500000
wheelchair.001
0  -15.596549 3.009012 11.499169  -1.000000 0.000001 0.000000  0.286577 0.005073 2 3 0.500000 4 0.500000
0  -15.596549 7.838400 8.366175  -1.000000 0.000001 0.000000  0.387916 0.030688 2 3 0.500000 4 0.500000
0  -15.596549 7.138096 7.488022  -1.000000 0.000001 0.000000  0.387916 0.003588 2 3 0.500000 4 0.500000
wheelchair.001
0  -15.596549 1.677547 5.665645  -1.000000 0.000001 0.000000  0.286577 0.005073 2 3 0.500000 4 0.500000
0  -15.596549 7.138096 7.488022  -1.000000 0.000001 0.000000  0.387916 0.003588 2 3 0.500000 4 0.500000
0  -15.596549 7.388031 6.392982  -1.000000 0.000001 0.000000  0.387916 0.003588 2 3 0.500000 4 0.500000
wheelchair.001
0  10.882010 -7.689803 13.906119  -0.225133 -0.838716 -0.495854  0.012798 0.983592 1 1 1.000000
0  10.764699 -7.212100 13.796674  0.654167 0.581623 -0.483509  0.011712 0.984241 1 1 1.000000
0  15.833985 -10.517509 17.203901  0.108449 -0.739620 -0.664229  0.012797 0.957140 1 1 1.000000
wheelchair.001
0  15.940950 -10.410503 17.697985  -0.697860 0.102822 0.708816  0.009558 0.952615 1 1 1.000000
0  10.882010 -7.689803 13.906119  -0.225133 -0.838716 -0.495854  0.012798 0.983592 1 1 1.000000
0  15.833985 -10.517509 17.203901  0.108449 -0.739620 -0.664229  0.012797 0.957140 1 1 1.000000
wheelchair_sticker.001
0  13.694944 -0.761475 6.344283  0.988345 0.000000 -0.152228  0.239238 0.200703 1 1 1.000000
0  14.048615 -4.635863 8.640481  0.988345 0.000000 -0.152228  0.196064 0.232646 1 1 1.000000
0  13.694946 -4.635862 6.344282  0.988345 0.000000 -0.152228  0.196064 0.200459 1 1 1.000000
wheelchair.001
0  10.882010 -7.689803 13.906119  -0.225133 -0.838716 -0.495854  0.012798 0.983592 1 1 1.000000
0  16.164000 -10.251784 17.620548  0.627328 0.778097 0.032012  0.011171 0.952610 1 1 1.000000
0  10.595990 -7.257098 14.021616  -0.437903 0.205351 0.875255  0.013863 0.984262 1 1 1.000000
wheelchair.001
0  16.164000 -10.251784 17.620548  0.627328 0.778097 0.032012  0.011171 0.952610 1 1 1.000000
0  10.764699 -7.212100 13.796674  0.654167 0.581623 -0.483509  0.011712 0.984241 1 1 1.000000
0  10.595990 -7.257098 14.021616  -0.437903 0.205351 0.875255  0.013863 0.984262 1 1 1.000000
wheelchair.001
0  -10.759401 16.346218 41.960548  -0.174641 -0.312757 -0.933640  0.002915 0.411628 1 1 1.000000
0  -12.954188 15.602695 42.803871  -0.761025 0.538331 0.361996  0.002657 0.386155 1 1 1.000000
0  -10.821305 17.425163 42.633610  -0.309987 0.934056 0.177337  0.002944 0.382072 1 1 1.000000
wheelchair.001
0  -10.821305 17.425163 42.633610  -0.309987 0.934056 0.177337  0.002944 0.382072 1 1 1.000000
0  11.696709 15.808838 42.769642  -0.580814 -0.397615 0.710322  0.005683 0.369958 1 1 1.000000
0  11.394722 17.247269 42.637188  0.467697 0.789413 0.397601  0.005552 0.386102 1 1 1.000000
wheelchair.001
0  -10.821305 17.098936 39.033611  -0.309987 0.934055 0.177337  0.002944 0.382072 1 1 1.000000
0  11.696709 15.482612 39.169640  -0.580817 -0.397614 0.710320  0.005683 0.369958 1 1 1.000000
0  11.394722 16.921043 39.037186  0.467696 0.789415 0.397599  0.005552 0.386102 1 1 1.000000
wheelchair.001
0  -10.759401 16.019991 38.360546  -0.174640 -0.312756 -0.933640  0.002915 0.411628 1 1 1.000000
0  -12.954188 15.276469 39.203873  -0.808252 0.476654 0.345730  0.002657 0.386155 1 1 1.000000
0  -10.821305 17.098936 39.033611  -0.309987 0.934055 0.177337  0.002944 0.382072 1 1 1.000000
wheelchair.001
0  16.448528 -19.551472 30.600002  0.833973 0.551696 0.011008  0.933604 0.438478 1 1 1.000000
0  16.842308 -20.914581 31.194401  0.771824 -0.319701 0.549617  0.973327 0.448855 1 1 1.000000
0  16.800001 -20.400002 30.600002  0.981971 0.171806 0.078842  0.993057 0.415485 1 1 1.000000
wheelchair.001
0  15.600000 -21.600000 30.600002  0.199598 -0.979816 0.011008  0.912205 0.497245 1 1 1.000000
0  16.842308 -20.914581 31.194401  0.771824 -0.319701 0.549617  0.973327 0.448855 1 1 1.000000
0  15.056911 -21.711140 31.188805  -0.330567 -0.798058 0.503814  0.945574 0.516598 1 1 1.000000
wheelchair.001
0  14.357693 -19.885420 31.194401  -0.771826 0.319699 0.549616  0.973824 0.542674 1 1 1.000000
0  14.751472 -21.248528 30.600002  -0.833973 -0.551695 0.011011  0.934403 0.552780 1 1 1.000000
0  15.056911 -21.711140 31.188805  -0.330567 -0.798058 0.503814  0.945574 0.516598 1 1 1.000000
wheelchair.001
0  14.357693 -19.885420 31.194401  -0.771826 0.319699 0.549616  0.973824 0.542674 1 1 1.000000
0  15.600000 -19.200001 30.600002  -0.199599 0.979816 0.011009  0.912205 0.497245 1 1 1.000000
0  14.751472 -19.551472 30.600002  -0.572874 0.815843 0.078839  0.934403 0.552780 1 1 1.000000
wheelchair.001
0  15.286736 -21.221340 33.105427  -0.359872 -0.919283 0.159410  0.875261 0.416436 1 2 1.000000
0  15.985765 -20.559788 33.622005  0.524378 -0.227789 0.820451  0.852697 0.378982 1 2 1.000000
0  15.369447 -20.577082 33.715405  -0.344233 -0.271067 0.898903  0.866426 0.373469 1 2 1.000000
wheelchair.001
0  15.132166 -20.227346 32.295708  -0.856874 0.465436 -0.221666  0.849609 0.460938 1 2 1.000000
0  15.967647 -19.611822 33.147240  0.402153 0.901093 0.162189  0.867559 0.416447 1 2 1.000000
0  15.911886 -20.001308 32.166107  0.607839 0.766263 -0.208263  0.866058 0.460938 1 2 1.000000
wheelchair.001
0  15.241583 -20.758421 32.399998  -0.709582 -0.661932 -0.241533  0.849609 0.460938 1 2 1.000000
0  14.806301 -20.056122 33.128555  -0.902598 0.404674 0.146821  0.910798 0.416382 1 2 1.000000
0  15.132166 -20.227346 32.295708  -0.856874 0.465436 -0.221666  0.896484 0.460938 1 2 1.000000
wheelchair.001
0  15.985765 -20.559788 33.622005  0.524378 -0.227789 0.820451  0.871988 0.378953 1 2 1.000000
0  15.967647 -19.611822 33.147240  0.402153 0.901093 0.162189  0.910798 0.416382 1 2 1.000000
0  15.600002 -20.026508 33.659889  -0.014537 0.519739 0.854201  0.891280 0.378923 1 2 1.000000
wheelchair.001
0  16.308855 -17.266579 29.195393  -0.187739 -0.459579 0.868067  0.012787 0.889290 1 1 1.000000
0  17.683556 -13.947691 22.185913  -0.160745 -0.864479 -0.476274  0.012700 0.940964 1 1 1.000000
0  17.890879 -13.739067 22.133799  0.994730 0.102445 -0.004109  0.011626 0.940835 1 1 1.000000
wheelchair.001
0  17.397463 -11.930435 19.386253  0.696015 -0.460911 -0.550567  0.012212 0.948205 1 1 1.000000
0  15.940950 -10.410503 17.697985  -0.697860 0.102822 0.708816  0.013861 0.952609 1 1 1.000000
0  15.833985 -10.517509 17.203901  0.108449 -0.739620 -0.664229  0.012797 0.957140 1 1 1.000000
wheelchair.001
0  15.940950 -10.410503 17.697985  -0.697860 0.102822 0.708816  0.009558 0.952615 1 1 1.000000
0  17.322636 -11.727533 19.570969  0.354725 0.789323 0.501138  0.010602 0.948208 1 1 1.000000
0  16.164000 -10.251784 17.620548  0.627328 0.778097 0.032012  0.011171 0.952610 1 1 1.000000
wheelchair.001
0  1.389331 1.784410 9.127630  -0.662759 0.665311 -0.343674  0.010431 0.987670 1 1 1.000000
0  10.595990 -7.257098 14.021616  -0.437903 0.205351 0.875255  0.010088 0.984234 1 1 1.000000
0  10.764699 -7.212100 13.796674  0.654167 0.581623 -0.483509  0.011712 0.984241 1 1 1.000000
wheelchair.001
0  10.764699 -7.212100 13.796674  0.654167 0.581623 -0.483509  0.011712 0.984241 1 1 1.000000
0  10.882010 -7.689803 13.906119  -0.225133 -0.838716 -0.495854  0.012798 0.983592 1 1 1.000000
0  1.389331 1.784410 9.127630  -0.662759 0.665311 -0.343674  0.011497 0.987705 1 1 1.000000
wheelchair.001
0  11.220001 0.600000 17.267332  0.382538 0.682283 0.623020  0.583906 0.672322 1 1 1.000000
0  14.912691 -1.800000 15.000000  0.758395 -0.537569 -0.368588  0.508951 0.721038 1 1 1.000000
0  14.912691 0.600000 15.000000  0.758459 0.537568 -0.368458  0.508951 0.672322 1 1 1.000000
wheelchair.001
0  14.912691 0.600000 15.000000  0.758459 0.537568 -0.368458  0.508951 0.672322 1 1 1.000000
0  10.853374 -1.800000 16.500000  -0.252348 -0.685537 -0.682906  0.591348 0.721038 1 1 1.000000
0  10.853374 0.600000 16.500002  -0.252349 0.685531 -0.682911  0.591348 0.672322 1 1 1.000000
wheelchair.001
0  10.957446 0.600000 10.215145  0.584052 0.652533 -0.482787  0.589236 0.672322 1 1 1.000000
0  14.912691 -1.800000 15.000000  0.599789 -0.537608 0.592647  0.508951 0.721038 1 1 1.000000
0  10.957446 -1.800000 10.215145  0.584065 -0.652514 -0.482798  0.589236 0.721038 1 1 1.000000
wheelchair.001
0  10.192797 -1.800000 11.196650  -0.441351 -0.710791 0.547710  0.604757 0.721038 1 1 1.000000
0  14.912691 0.600000 15.000000  0.600088 0.537608 0.592345  0.508951 0.672322 1 1 1.000000
0  10.192797 0.600000 11.196650  -0.441363 0.710773 0.547723  0.604757 0.672322 1 1 1.000000
wheelchair.001
0  -14.912691 -1.800000 15.000000  -0.758395 -0.537569 -0.368588  0.508951 0.721038 1 1 1.000000
0  -11.220001 0.600000 17.267332  -0.382538 0.682283 0.623020  0.583906 0.672322 1 1 1.000000
0  -14.912691 0.600000 15.000000  -0.758459 0.537568 -0.368458  0.508951 0.672322 1 1 1.000000
wheelchair.001
0  -10.853374 -1.800000 16.500000  0.252348 -0.685537 -0.682906  0.591348 0.721038 1 1 1.000000
0  -14.912691 0.600000 15.000000  -0.758459 0.537568 -0.368458  0.508951 0.672322 1 1 1.000000
0  -10.853374 0.600000 16.500002  0.252349 0.685531 -0.682911  0.591348 0.672322 1 1 1.000000
wheelchair.001
0  -14.912691 -1.800000 15.000000  -0.599789 -0.537608 0.592647  0.508951 0.721038 1 1 1.000000
0  -10.957446 0.600000 10.215145  -0.584052 0.652533 -0.482787  0.589236 0.672322 1 1 1.000000
0  -10.957446 -1.800000 10.215145  -0.584065 -0.652514 -0.482798  0.589236 0.721038 1 1 1.000000
wheelchair.001
0  -14.912691 0.600000 15.000000  -0.600088 0.537608 0.592345  0.508951 0.672322 1 1 1.000000
0  -10.192797 -1.800000 11.196650  0.441351 -0.710791 0.547710  0.604757 0.721038 1 1 1.000000
0  -10.192797 0.600000 11.196650  0.441363 0.710773 0.547723  0.604757 0.672322 1 1 1.000000
basket.001
0  9.600000 12.617067 24.622833  0.000000 0.976659 -0.214796  -6.334932 -7.979136 1 1 1.000000
0  -9.600000 14.586391 33.577168  0.000000 0.976659 -0.214796  7.741903 8.908770 1 1 1.000000
0  9.600000 14.586391 33.577168  0.000000 0.976659 -0.214796  -6.738095 8.908772 1 1 1.000000
wheelchair_sticker.001
0  -13.694944 -4.018791 6.344283  -0.988345 -0.000000 -0.152228  0.239238 0.200703 1 1 1.000000
0  -14.048615 -0.144403 8.640481  -0.988345 -0.000000 -0.152228  0.196064 0.232646 1 1 1.000000
0  -13.694946 -0.144404 6.344282  -0.988345 -0.000000 -0.152228  0.196064 0.200459 1 1 1.000000
wheelchair.001
0  -10.759401 16.346218 41.960548  -0.174641 -0.312757 -0.933640  0.002915 0.411628 1 1 1.000000
0  11.696709 15.808838 42.769642  -0.580814 -0.397615 0.710322  0.005686 0.416300 1 1 1.000000
0  -11.663124 16.130898 42.808601  0.289240 -0.305483 0.907205  0.002666 0.416213 1 1 1.000000
wheelchair.001
0  10.377915 17.297129 41.687939  0.109151 0.492747 -0.863299  0.005446 0.400726 1 1 1.000000
0  -10.821305 17.425163 42.633610  -0.309987 0.934056 0.177337  0.002944 0.382072 1 1 1.000000
0  11.394722 17.247269 42.637188  0.467697 0.789413 0.397601  0.005552 0.386102 1 1 1.000000
wheelchair.001
0  -10.759401 16.019991 38.360546  -0.174640 -0.312756 -0.933640  0.002915 0.411628 1 1 1.000000
0  11.696709 15.482612 39.169640  -0.580817 -0.397614 0.710320  0.005686 0.416300 1 1 1.000000
0  -11.663124 15.804670 39.208599  0.289240 -0.305486 0.907203  0.002666 0.416213 1 1 1.000000
wheelchair.001
0  10.377915 16.970901 38.087940  0.109149 0.492747 -0.863300  0.005446 0.400726 1 1 1.000000
0  -10.821305 17.098936 39.033611  -0.309987 0.934055 0.177337  0.002944 0.382072 1 1 1.000000
0  11.394722 16.921043 39.037186  0.467696 0.789415 0.397599  0.005552 0.386102 1 1 1.000000
wheelchair_sticker.001
0  -5.999999 -6.909207 13.289080  0.000000 -0.995037 -0.099503  0.642114 0.569009 1 1 1.000000
0  -6.000000 -6.433960 8.536604  0.000000 -0.995037 -0.099503  0.642114 0.518034 1 1 1.000000
0  6.000000 -6.433960 8.536604  0.000000 -0.995037 -0.099503  0.802184 0.518034 1 1 1.000000
wheelchair_sticker.001
0  13.694944 -0.761475 6.344283  0.988345 -0.000000 -0.152229  0.239238 0.200703 1 1 1.000000
0  14.048615 0.164128 8.640480  0.988345 -0.000000 -0.152229  0.249736 0.232646 1 1 1.000000
0  14.048615 -4.635863 8.640481  0.988345 -0.000000 -0.152229  0.196064 0.232646 1 1 1.000000
wheelchair.001
0  10.882010 -7.689803 13.906119  -0.225133 -0.838716 -0.495854  0.012798 0.983592 1 1 1.000000
0  15.940950 -10.410503 17.697985  -0.697860 0.102822 0.708816  0.009558 0.952615 1 1 1.000000
0  16.164000 -10.251784 17.620548  0.627328 0.778097 0.032012  0.011171 0.952610 1 1 1.000000
wheelchair.001
0  16.164000 -10.251784 17.620548  0.627328 0.778097 0.032012  0.011171 0.952610 1 1 1.000000
0  15.833985 -10.517509 17.203901  0.108449 -0.739620 -0.664229  0.012797 0.957140 1 1 1.000000
0  10.764699 -7.212100 13.796674  0.654167 0.581623 -0.483509  0.011712 0.984241 1 1 1.000000
wheelchair.001
0  -10.759401 16.346218 41.960548  -0.174641 -0.312757 -0.933640  0.002915 0.411628 1 1 1.000000
0  -12.579778 15.243115 41.893417  -0.169774 0.294700 -0.940388  0.002660 0.402623 1 1 1.000000
0  -12.954188 15.602695 42.803871  -0.761025 0.538331 0.361996  0.002657 0.386155 1 1 1.000000
wheelchair.001
0  -10.821305 17.425163 42.633610  -0.309987 0.934056 0.177337  0.002944 0.382072 1 1 1.000000
0  -11.663124 16.130898 42.808601  0.289240 -0.305483 0.907205  0.002666 0.416213 1 1 1.000000
0  11.696709 15.808838 42.769642  -0.580814 -0.397615 0.710322  0.005683 0.369958 1 1 1.000000
wheelchair.001
0  -10.821305 17.098936 39.033611  -0.309987 0.934055 0.177337  0.002944 0.382072 1 1 1.000000
0  -11.663124 15.804670 39.208599  0.289240 -0.305486 0.907203  0.002666 0.416213 1 1 1.000000
0  11.696709 15.482612 39.169640  -0.580817 -0.397614 0.710320  0.005683 0.369958 1 1 1.000000
wheelchair.001
0  -10.759401 16.019991 38.360546  -0.174640 -0.312756 -0.933640  0.002915 0.411628 1 1 1.000000
0  -12.579778 14.916889 38.293419  -0.246965 0.221716 -0.943319  0.002660 0.402623 1 1 1.000000
0  -12.954188 15.276469 39.203873  -0.808252 0.476654 0.345730  0.002657 0.386155 1 1 1.000000
wheelchair.001
0  16.448528 -19.551472 30.600002  0.833973 0.551696 0.011008  0.933604 0.438478 1 1 1.000000
0  16.143093 -19.088863 31.188807  0.330569 0.798057 0.503815  0.945077 0.477626 1 1 1.000000
0  16.842308 -20.914581 31.194401  0.771824 -0.319701 0.549617  0.973327 0.448855 1 1 1.000000
wheelchair.001
0  15.600000 -21.600000 30.600002  0.199598 -0.979816 0.011008  0.912205 0.497245 1 1 1.000000
0  16.448528 -21.248528 30.600002  0.572874 -0.815843 0.078839  0.933604 0.438478 1 1 1.000000
0  16.842308 -20.914581 31.194401  0.771824 -0.319701 0.549617  0.973327 0.448855 1 1 1.000000
wheelchair.001
0  14.357693 -19.885420 31.194401  -0.771826 0.319699 0.549616  0.973824 0.542674 1 1 1.000000
0  14.400001 -20.400002 30.600002  -0.981970 -0.171810 0.078844  0.993057 0.577894 1 1 1.000000
0  14.751472 -21.248528 30.600002  -0.833973 -0.551695 0.011011  0.934403 0.552780 1 1 1.000000
wheelchair.001
0  14.357693 -19.885420 31.194401  -0.771826 0.319699 0.549616  0.973824 0.542674 1 1 1.000000
0  16.143093 -19.088863 31.188807  0.330569 0.798057 0.503815  0.945077 0.477626 1 1 1.000000
0  15.600000 -19.200001 30.600002  -0.199599 0.979816 0.011009  0.912205 0.497245 1 1 1.000000
wheelchair.001
0  15.286736 -21.221340 33.105427  -0.359872 -0.919283 0.159410  0.875261 0.416436 1 2 1.000000
0  16.375360 -20.721165 33.125244  0.916750 -0.371853 0.145928  0.833632 0.416499 1 2 1.000000
0  15.985765 -20.559788 33.622005  0.524378 -0.227789 0.820451  0.852697 0.378982 1 2 1.000000
wheelchair.001
0  15.132166 -20.227346 32.295708  -0.856874 0.465436 -0.221666  0.849609 0.460938 1 2 1.000000
0  14.806301 -20.056122 33.128555  -0.902598 0.404674 0.146821  0.833631 0.416498 1 2 1.000000
0  15.967647 -19.611822 33.147240  0.402153 0.901093 0.162189  0.867559 0.416447 1 2 1.000000
wheelchair.001
0  15.241583 -20.758421 32.399998  -0.709582 -0.661932 -0.241533  0.849609 0.460938 1 2 1.000000
0  15.286736 -21.221340 33.105427  -0.359872 -0.919283 0.159410  0.875261 0.416436 1 2 1.000000
0  14.806301 -20.056122 33.128555  -0.902598 0.404674 0.146821  0.910798 0.416382 1 2 1.000000
wheelchair.001
0  15.985765 -20.559788 33.622005  0.524378 -0.227789 0.820451  0.871988 0.378953 1 2 1.000000
0  16.375360 -20.721165 33.125244  0.916750 -0.371853 0.145928  0.872214 0.416440 1 2 1.000000
0  15.967647 -19.611822 33.147240  0.402153 0.901093 0.162189  0.910798 0.416382 1 2 1.000000
wheelchair.001
0  17.397463 -11.930435 19.386253  0.696015 -0.460911 -0.550567  0.012212 0.948205 1 1 1.000000
0  17.143333 -11.897898 19.510742  -0.922963 -0.371543 0.100476  0.013828 0.948208 1 1 1.000000
0  15.940950 -10.410503 17.697985  -0.697860 0.102822 0.708816  0.013861 0.952609 1 1 1.000000
wheelchair.001
0  15.940950 -10.410503 17.697985  -0.697860 0.102822 0.708816  0.009558 0.952615 1 1 1.000000
0  17.143333 -11.897898 19.510742  -0.922963 -0.371543 0.100476  0.009530 0.948212 1 1 1.000000
0  17.322636 -11.727533 19.570969  0.354725 0.789323 0.501138  0.010602 0.948208 1 1 1.000000
wheelchair.001
0  11.220001 0.600000 17.267332  0.382538 0.682283 0.623020  0.583906 0.672322 1 1 1.000000
0  11.220001 -1.800000 17.267332  0.382541 -0.682277 0.623026  0.583906 0.721038 1 1 1.000000
0  14.912691 -1.800000 15.000000  0.758395 -0.537569 -0.368588  0.508951 0.721038 1 1 1.000000
wheelchair.001
0  14.912691 0.600000 15.000000  0.758459 0.537568 -0.368458  0.508951 0.672322 1 1 1.000000
0  14.912691 -1.800000 15.000000  0.758395 -0.537569 -0.368588  0.508951 0.721038 1 1 1.000000
0  10.853374 -1.800000 16.500000  -0.252348 -0.685537 -0.682906  0.591348 0.721038 1 1 1.000000
wheelchair.001
0  10.957446 0.600000 10.215145  0.584052 0.652533 -0.482787  0.589236 0.672322 1 1 1.000000
0  14.912691 0.600000 15.000000  0.600088 0.537608 0.592345  0.508951 0.672322 1 1 1.000000
0  14.912691 -1.800000 15.000000  0.599789 -0.537608 0.592647  0.508951 0.721038 1 1 1.000000
wheelchair.001
0  10.192797 -1.800000 11.196650  -0.441351 -0.710791 0.547710  0.604757 0.721038 1 1 1.000000
0  14.912691 -1.800000 15.000000  0.599789 -0.537608 0.592647  0.508951 0.721038 1 1 1.000000
0  14.912691 0.600000 15.000000  0.600088 0.537608 0.592345  0.508951 0.672322 1 1 1.000000
wheelchair.001
0  -14.912691 -1.800000 15.000000  -0.758395 -0.537569 -0.368588  0.508951 0.721038 1 1 1.000000
0  -11.220001 -1.800000 17.267332  -0.382541 -0.682277 0.623026  0.583906 0.721038 1 1 1.000000
0  -11.220001 0.600000 17.267332  -0.382538 0.682283 0.623020  0.583906 0.672322 1 1 1.000000
wheelchair.001
0  -10.853374 -1.800000 16.500000  0.252348 -0.685537 -0.682906  0.591348 0.721038 1 1 1.000000
0  -14.912691 -1.800000 15.000000  -0.758395 -0.537569 -0.368588  0.508951 0.721038 1 1 1.000000
0  -14.912691 0.600000 15.000000  -0.758459 0.537568 -0.368458  0.508951 0.672322 1 1 1.000000
wheelchair.001
0  -14.912691 -1.800000 15.000000  -0.599789 -0.537608 0.592647  0.508951 0.721038 1 1 1.000000
0  -14.912691 0.600000 15.000000  -0.600088 0.537608 0.592345  0.508951 0.672322 1 1 1.000000
0  -10.957446 0.600000 10.215145  -0.584052 0.652533 -0.482787  0.589236 0.672322 1 1 1.000000
wheelchair.001
0  -14.912691 0.600000 15.000000  -0.600088 0.537608 0.592345  0.508951 0.672322 1 1 1.000000
0  -14.912691 -1.800000 15.000000  -0.599789 -0.537608 0.592647  0.508951 0.721038 1 1 1.000000
0  -10.192797 -1.800000 11.196650  0.441351 -0.710791 0.547710  0.604757 0.721038 1 1 1.000000
basket.001
0  9.600000 12.617067 24.622833  0.000000 0.976659 -0.214796  -6.334932 -7.979136 1 1 1.000000
0  -9.600000 12.617067 24.622833  0.000000 0.976659 -0.214797  7.338739 -7.979136 1 1 1.000000
0  -9.600000 14.586391 33.577168  0.000000 0.976659 -0.214796  7.741903 8.908770 1 1 1.000000
wheelchair_sticker.001
0  -13.694944 -4.018791 6.344283  -0.988345 0.000000 -0.152229  0.239238 0.200703 1 1 1.000000
0  -14.048615 -4.944395 8.640480  -0.988345 0.000000 -0.152229  0.249736 0.232646 1 1 1.000000
0  -14.048615 -0.144403 8.640481  -0.988345 0.000000 -0.152229  0.196064 0.232646 1 1 1.000000
wheelchair.001
0  -10.759401 16.346218 41.960548  -0.174641 -0.312757 -0.933640  0.002915 0.411628 1 1 1.000000
0  10.377915 17.297129 41.687939  0.109151 0.492747 -0.863299  0.005446 0.400726 1 1 1.000000
0  11.696709 15.808838 42.769642  -0.580814 -0.397615 0.710322  0.005686 0.416300 1 1 1.000000
wheelchair.001
0  10.377915 17.297129 41.687939  0.109151 0.492747 -0.863299  0.005446 0.400726 1 1 1.000000
0  -10.759401 16.346218 41.960548  -0.174641 -0.312757 -0.933640  0.002915 0.411628 1 1 1.000000
0  -10.821305 17.425163 42.633610  -0.309987 0.934056 0.177337  0.002944 0.382072 1 1 1.000000
wheelchair.001
0  -10.759401 16.019991 38.360546  -0.174640 -0.312756 -0.933640  0.002915 0.411628 1 1 1.000000
0  10.377915 16.970901 38.087940  0.109149 0.492747 -0.863300  0.005446 0.400726 1 1 1.000000
0  11.696709 15.482612 39.169640  -0.580817 -0.397614 0.710320  0.005686 0.416300 1 1 1.000000
wheelchair.001
0  10.377915 16.970901 38.087940  0.109149 0.492747 -0.863300  0.005446 0.400726 1 1 1.000000
0  -10.759401 16.019991 38.360546  -0.174640 -0.312756 -0.933640  0.002915 0.411628 1 1 1.000000
0  -10.821305 17.098936 39.033611  -0.309987 0.934055 0.177337  0.002944 0.382072 1 1 1.000000
end
