// Created by Crowbar 0.74
version 1
nodes
  0 "static_prop" -1
end
skeleton
  time 0
    0 0.000000 0.000000 0.000000 0.000000 0.000000 0.000000
end
triangles
Tree_03_leaves_old
  0 254.016296 -128.480865 287.215942 -0.002999 -0.346212 -0.938151 0.513002 0.355867 1 0 1.000000
  0 282.810699 -32.485657 251.698242 -0.002999 -0.346212 -0.938151 0.742514 0.371568 1 0 1.000000
  0 359.034424 -154.636902 296.532776 -0.002999 -0.346212 -0.938151 0.513002 0.713030 1 0 1.000000
Tree_03_leaves_old
  0 57.914631 -60.721039 273.236755 0.488864 -0.012778 -0.872266 0.240802 0.371568 1 0 1.000000
  0 105.355240 -17.906666 300.302124 0.488864 -0.012778 -0.872266 0.512233 0.377407 1 0 1.000000
  0 146.200455 -69.423103 324.931244 0.504294 -0.012959 -0.863435 0.505600 0.714319 1 0 1.000000
Tree_03_leaves_old
  0 57.914631 -60.721039 273.236755 0.488864 -0.012778 -0.872266 0.240802 0.371568 1 0 1.000000
  0 59.443283 40.000305 272.617920 0.488864 -0.012778 -0.872266 0.519690 -0.001294 1 0 1.000000
  0 105.355240 -17.906666 300.302124 0.488864 -0.012778 -0.872266 0.512233 0.377407 1 0 1.000000
Tree_03_leaves_old
  0 8.566048 -6.486773 245.889130 0.488864 -0.012778 -0.872266 0.227726 -0.001294 1 0 1.000000
  0 59.443283 40.000305 272.617920 0.488864 -0.012778 -0.872266 0.519690 -0.001294 1 0 1.000000
  0 57.914631 -60.721039 273.236755 0.488864 -0.012778 -0.872266 0.240802 0.371568 1 0 1.000000
Tree_03_leaves_old
  0 -142.686920 -47.931473 203.115906 0.062591 -0.654601 -0.753379 0.742514 0.371568 1 0 1.000000
  0 -98.480461 -109.987335 259.620422 0.062591 -0.654601 -0.753379 1.001221 0.377407 1 0 1.000000
  0 -175.865448 -143.406326 285.045135 0.037189 -0.658181 -0.751940 0.994898 0.714319 1 0 1.000000
Tree_03_leaves_old
  0 -142.686920 -47.931473 203.115906 0.062591 -0.654601 -0.753379 0.742514 0.371568 1 0 1.000000
  0 6.575718 -61.934849 227.684052 0.062591 -0.654601 -0.753379 1.008328 -0.001294 1 0 1.000000
  0 -98.480461 -109.987335 259.620422 0.062591 -0.654601 -0.753379 1.001221 0.377407 1 0 1.000000
Tree_03_leaves_old
  0 -42.484158 2.763269 166.305115 0.062591 -0.654601 -0.753379 0.730051 -0.001294 1 0 1.000000
  0 6.575718 -61.934849 227.684052 0.062591 -0.654601 -0.753379 1.008328 -0.001294 1 0 1.000000
  0 -142.686920 -47.931473 203.115906 0.062591 -0.654601 -0.753379 0.742514 0.371568 1 0 1.000000
Tree_03_leaves_old
  0 25.730293 270.427399 303.904907 -0.134822 0.778070 -0.613539 0.378385 0.868673 1 0 1.000000
  0 -52.153419 271.502075 324.355072 -0.134822 0.778070 -0.613539 0.384224 0.719397 1 0 1.000000
  0 -32.555267 336.891571 404.728546 -0.147333 0.784524 -0.602341 0.671337 0.723045 1 0 1.000000
Tree_03_leaves_old
  0 25.730293 270.427399 303.904907 -0.134822 0.778070 -0.613539 0.378385 0.868673 1 0 1.000000
  0 -74.182503 198.001205 234.011734 -0.134822 0.778070 -0.613539 0.005522 0.715295 1 0 1.000000
  0 -52.153419 271.502075 324.355072 -0.134822 0.778070 -0.613539 0.384224 0.719397 1 0 1.000000
Tree_03_leaves_old
  0 9.105336 195.873352 214.983963 -0.134822 0.778070 -0.613539 0.005523 0.875864 1 0 1.000000
  0 -74.182503 198.001205 234.011734 -0.134822 0.778070 -0.613539 0.005522 0.715295 1 0 1.000000
  0 25.730293 270.427399 303.904907 -0.134822 0.778070 -0.613539 0.378385 0.868673 1 0 1.000000
Tree_03_leaves_old
  0 -216.703857 4.222974 200.974548 0.039930 -0.599754 -0.799188 0.742514 0.371568 1 0 1.000000
  0 -237.042816 -99.427849 276.340881 0.039930 -0.599754 -0.799188 1.001221 0.377407 1 0 1.000000
  0 -356.169037 -86.441650 264.275391 0.017398 -0.590231 -0.807047 0.994898 0.714319 1 0 1.000000
Tree_03_leaves_old
  0 -216.703857 4.222974 200.974548 0.039930 -0.599754 -0.799188 0.742514 0.371568 1 0 1.000000
  0 -74.994415 -113.869217 296.677612 0.039930 -0.599754 -0.799188 1.008328 -0.001294 1 0 1.000000
  0 -237.042816 -99.427849 276.340881 0.039930 -0.599754 -0.799188 1.001221 0.377407 1 0 1.000000
Tree_03_leaves_old
  0 -55.741894 -3.787609 213.625793 0.039930 -0.599754 -0.799188 0.730051 -0.001294 1 0 1.000000
  0 -74.994415 -113.869217 296.677612 0.039930 -0.599754 -0.799188 1.008328 -0.001294 1 0 1.000000
  0 -216.703857 4.222974 200.974548 0.039930 -0.599754 -0.799188 0.742514 0.371568 1 0 1.000000
Tree_03_leaves_old
  0 -168.983139 13.689775 161.810379 0.152856 -0.223691 -0.962599 0.742514 0.371568 1 0 1.000000
  0 -196.127762 -84.598129 179.411697 0.152856 -0.223691 -0.962599 1.001221 0.377407 1 0 1.000000
  0 -288.200073 -63.326984 162.252686 0.132038 -0.209949 -0.968755 0.994898 0.714319 1 0 1.000000
Tree_03_leaves_old
  0 -168.983139 13.689775 161.810379 0.152856 -0.223691 -0.962599 0.742514 0.371568 1 0 1.000000
  0 -71.320595 -112.468338 206.635651 0.152856 -0.223691 -0.962599 1.008328 -0.001294 1 0 1.000000
  0 -196.127762 -84.598129 179.411697 0.152856 -0.223691 -0.962599 1.001221 0.377407 1 0 1.000000
Tree_03_leaves_old
  0 -43.963547 -6.949259 185.530380 0.152856 -0.223691 -0.962599 0.730051 -0.001294 1 0 1.000000
  0 -71.320595 -112.468338 206.635651 0.152856 -0.223691 -0.962599 1.008328 -0.001294 1 0 1.000000
  0 -168.983139 13.689775 161.810379 0.152856 -0.223691 -0.962599 0.742514 0.371568 1 0 1.000000
Tree_03_leaves_old
  0 -3.077354 -8.314401 181.845276 0.448141 -0.400585 -0.799188 0.730051 -0.001294 1 0 1.000000
  0 60.184109 -100.437180 264.897095 0.448141 -0.400585 -0.799188 1.008328 -0.001294 1 0 1.000000
  0 -123.688667 -115.206108 169.194031 0.448141 -0.400585 -0.799188 0.742514 0.371568 1 0 1.000000
Tree_03_leaves_old
  0 -123.688667 -115.206108 169.194031 0.448141 -0.400585 -0.799188 0.742514 0.371568 1 0 1.000000
  0 60.184109 -100.437180 264.897095 0.448141 -0.400585 -0.799188 1.008328 -0.001294 1 0 1.000000
  0 -65.702667 -203.494217 244.560349 0.448141 -0.400585 -0.799188 1.001221 0.377407 1 0 1.000000
Tree_03_leaves_old
  0 -123.688667 -115.206108 169.194031 0.448141 -0.400585 -0.799188 0.742514 0.371568 1 0 1.000000
  0 -65.702667 -203.494217 244.560349 0.448141 -0.400585 -0.799188 1.001221 0.377407 1 0 1.000000
  0 -159.903610 -277.560913 232.494858 0.425380 -0.409547 -0.807046 0.994898 0.714319 1 0 1.000000
Tree_03_leaves_old
  0 163.184036 -6.088088 314.365631 0.827125 0.390685 -0.404016 0.000000 0.355867 1 0 1.000000
  0 111.971764 95.324249 310.286499 0.827125 0.390685 -0.404016 0.240802 0.371568 1 0 1.000000
  0 198.421890 37.523685 425.980957 0.819226 0.397058 -0.413780 0.000000 0.713030 1 0 1.000000
Tree_03_leaves_old
  0 163.184036 -6.088088 314.365631 0.827125 0.390685 -0.404016 0.000000 0.355867 1 0 1.000000
  0 79.239418 46.344376 193.211700 0.827125 0.390685 -0.404016 0.227726 -0.001294 1 0 1.000000
  0 111.971764 95.324249 310.286499 0.827125 0.390685 -0.404016 0.240802 0.371568 1 0 1.000000
Tree_03_leaves_old
  0 127.945282 -49.699036 202.750153 0.827125 0.390685 -0.404016 0.000000 -0.001294 1 0 1.000000
  0 79.239418 46.344376 193.211700 0.827125 0.390685 -0.404016 0.227726 -0.001294 1 0 1.000000
  0 163.184036 -6.088088 314.365631 0.827125 0.390685 -0.404016 0.000000 0.355867 1 0 1.000000
Tree_03_leaves_old
  0 -252.290924 -116.072845 422.989136 -0.468320 -0.854539 -0.224588 0.000000 0.713030 1 0 1.000000
  0 -140.248627 -150.756042 321.320770 -0.468319 -0.854539 -0.224587 0.240802 0.371568 1 0 1.000000
  0 -166.781677 -168.548767 444.348541 -0.468319 -0.854539 -0.224587 0.252800 0.713675 1 0 1.000000
Tree_03_leaves_old
  0 -140.248627 -150.756042 321.320770 -0.468319 -0.854539 -0.224587 0.240802 0.371568 1 0 1.000000
  0 -81.272583 -221.024628 465.708191 -0.468319 -0.854539 -0.224587 0.505600 0.714319 1 0 1.000000
  0 -166.781677 -168.548767 444.348541 -0.468319 -0.854539 -0.224587 0.252800 0.713675 1 0 1.000000
Tree_03_leaves_old
  0 -99.141312 -89.924248 212.759125 0.037081 -0.883818 -0.466359 0.227726 -0.001294 1 0 1.000000
  0 10.889783 -112.393425 260.635223 0.037081 -0.883818 -0.466359 0.519690 -0.001294 1 0 1.000000
  0 -140.248627 -150.756042 321.320770 0.037081 -0.883818 -0.466359 0.240802 0.371568 1 0 1.000000
Tree_03_leaves_old
  0 -140.248627 -150.756042 321.320770 0.037081 -0.883818 -0.466359 0.240802 0.371568 1 0 1.000000
  0 10.889783 -112.393425 260.635223 0.037081 -0.883818 -0.466359 0.519690 -0.001294 1 0 1.000000
  0 -37.882629 -169.881073 369.159851 0.037081 -0.883818 -0.466359 0.512233 0.377407 1 0 1.000000
Tree_03_leaves_old
  0 -140.248627 -150.756042 321.320770 0.037081 -0.883818 -0.466359 0.240802 0.371568 1 0 1.000000
  0 -37.882629 -169.881073 369.159851 0.037081 -0.883818 -0.466359 0.512233 0.377407 1 0 1.000000
  0 -81.272583 -221.024628 465.708191 0.044714 -0.890964 -0.451866 0.505600 0.714319 1 0 1.000000
Tree_03_leaves_old
  0 -165.056137 -4.723337 217.107422 -0.670112 -0.503219 -0.545637 0.000000 -0.001294 1 0 1.000000
  0 -99.141312 -89.924248 212.759125 -0.670112 -0.503219 -0.545637 0.227726 -0.001294 1 0 1.000000
  0 -208.674072 -60.397820 320.048401 -0.670112 -0.503219 -0.545637 0.000000 0.355867 1 0 1.000000
Tree_03_leaves_old
  0 -208.674072 -60.397820 320.048401 -0.670112 -0.503219 -0.545637 0.000000 0.355867 1 0 1.000000
  0 -99.141312 -89.924248 212.759125 -0.670112 -0.503219 -0.545637 0.227726 -0.001294 1 0 1.000000
  0 -140.248627 -150.756042 321.320770 -0.670112 -0.503219 -0.545637 0.240802 0.371568 1 0 1.000000
Tree_03_leaves_old
  0 -208.674072 -60.397820 320.048401 -0.670112 -0.503219 -0.545637 0.000000 0.355867 1 0 1.000000
  0 -140.248627 -150.756042 321.320770 -0.670112 -0.503219 -0.545637 0.240802 0.371568 1 0 1.000000
  0 -252.290924 -116.072845 422.989136 -0.659876 -0.507506 -0.554077 0.000000 0.713030 1 0 1.000000
Tree_03_leaves_old
  0 -291.085632 -141.056854 235.844208 -0.376534 0.082174 -0.922751 0.513002 0.713030 1 0 1.000000
  0 -158.710541 -136.250092 182.255768 -0.376535 0.082174 -0.922751 0.742514 0.371568 1 0 1.000000
  0 -240.546234 -207.871857 209.271164 -0.376535 0.082174 -0.922751 0.753950 0.713675 1 0 1.000000
Tree_03_leaves_old
  0 -158.710541 -136.250092 182.255768 -0.376535 0.082174 -0.922751 0.742514 0.371568 1 0 1.000000
  0 -190.006760 -274.687073 182.698059 -0.376535 0.082174 -0.922751 0.994898 0.714319 1 0 1.000000
  0 -240.546234 -207.871857 209.271164 -0.376535 0.082174 -0.922751 0.753950 0.713675 1 0 1.000000
Tree_03_leaves_old
  0 -54.944569 -63.528065 205.975769 0.265718 -0.052883 -0.962599 0.730051 -0.001294 1 0 1.000000
  0 -0.665871 -158.061172 227.081024 0.265718 -0.052883 -0.962599 1.008328 -0.001294 1 0 1.000000
  0 -158.710541 -136.250092 182.255768 0.265718 -0.052883 -0.962599 0.742514 0.371568 1 0 1.000000
Tree_03_leaves_old
  0 -158.710541 -136.250092 182.255768 0.265718 -0.052883 -0.962599 0.742514 0.371568 1 0 1.000000
  0 -0.665871 -158.061172 227.081024 0.265718 -0.052883 -0.962599 1.008328 -0.001294 1 0 1.000000
  0 -109.339272 -225.467911 199.857071 0.265718 -0.052883 -0.962599 1.001221 0.377407 1 0 1.000000
Tree_03_leaves_old
  0 -158.710541 -136.250092 182.255768 0.265718 -0.052883 -0.962599 0.742514 0.371568 1 0 1.000000
  0 -109.339272 -225.467911 199.857071 0.265718 -0.052883 -0.962599 1.001221 0.377407 1 0 1.000000
  0 -190.006760 -274.687073 182.698059 0.241229 -0.057629 -0.968756 0.994898 0.714319 1 0 1.000000
Tree_03_leaves_old
  0 -104.928650 -20.941000 281.562408 -0.317809 0.699489 -0.640088 0.513002 -0.001294 1 0 1.000000
  0 -54.944569 -63.528065 205.975769 -0.317809 0.699489 -0.640088 0.730051 -0.001294 1 0 1.000000
  0 -206.138916 -86.512772 255.927429 -0.317809 0.699489 -0.640088 0.513002 0.355867 1 0 1.000000
Tree_03_leaves_old
  0 -206.138916 -86.512772 255.927429 -0.317809 0.699489 -0.640088 0.513002 0.355867 1 0 1.000000
  0 -54.944569 -63.528065 205.975769 -0.317809 0.699489 -0.640088 0.730051 -0.001294 1 0 1.000000
  0 -158.710541 -136.250092 182.255768 -0.317809 0.699489 -0.640088 0.742514 0.371568 1 0 1.000000
Tree_03_leaves_old
  0 -206.138916 -86.512772 255.927429 -0.317809 0.699489 -0.640088 0.513002 0.355867 1 0 1.000000
  0 -158.710541 -136.250092 182.255768 -0.317809 0.699489 -0.640088 0.742514 0.371568 1 0 1.000000
  0 -291.085632 -141.056854 235.844208 -0.291204 0.695415 -0.656961 0.513002 0.713030 1 0 1.000000
Tree_03_leaves_old
  0 95.561867 171.592880 285.588593 -0.027477 0.791148 -0.611007 0.742514 0.371568 1 0 1.000000
  0 3.623879 160.986099 275.989105 -0.027477 0.791148 -0.611007 1.001221 0.377407 1 0 1.000000
  0 -10.647577 209.554489 339.518524 -0.027477 0.791148 -0.611007 0.994898 0.714319 1 0 1.000000
Tree_03_leaves_old
  0 79.239418 46.344376 193.211700 0.195176 0.889590 -0.412961 0.227726 -0.001294 1 0 1.000000
  0 -33.199383 87.449516 224.711121 0.195176 0.889590 -0.412961 0.519690 -0.001294 1 0 1.000000
  0 111.971764 95.324249 310.286499 0.195176 0.889590 -0.412961 0.240802 0.371568 1 0 1.000000
Tree_03_leaves_old
  0 111.971764 95.324249 310.286499 0.195176 0.889590 -0.412961 0.240802 0.371568 1 0 1.000000
  0 -33.199383 87.449516 224.711121 0.195176 0.889590 -0.412961 0.519690 -0.001294 1 0 1.000000
  0 6.476202 131.723251 342.742920 0.195176 0.889590 -0.412961 0.512233 0.377407 1 0 1.000000
Tree_03_leaves_old
  0 111.971764 95.324249 310.286499 0.195176 0.889590 -0.412961 0.240802 0.371568 1 0 1.000000
  0 6.476202 131.723251 342.742920 0.195176 0.889590 -0.412961 0.512233 0.377407 1 0 1.000000
  0 41.773201 171.111130 447.749207 0.186780 0.897527 -0.399447 0.505600 0.714319 1 0 1.000000
Tree_03_leaves_old
  0 -129.606613 -52.816608 276.411743 -0.383030 0.417156 -0.824178 0.513002 0.355867 1 0 1.000000
  0 -95.198708 -119.247337 229.673401 -0.383030 0.417156 -0.824178 0.742514 0.371568 1 0 1.000000
  0 -205.480911 -100.545715 285.710846 -0.358367 0.405891 -0.840729 0.513002 0.713030 1 0 1.000000
Tree_03_leaves_old
  0 -129.606613 -52.816608 276.411743 -0.383030 0.417156 -0.824178 0.513002 0.355867 1 0 1.000000
  0 -2.584272 -56.281399 215.625458 -0.383030 0.417156 -0.824178 0.730051 -0.001294 1 0 1.000000
  0 -95.198708 -119.247337 229.673401 -0.383030 0.417156 -0.824178 0.742514 0.371568 1 0 1.000000
Tree_03_leaves_old
  0 -39.046829 5.090425 266.510651 -0.383030 0.417156 -0.824178 0.513002 -0.001294 1 0 1.000000
  0 -2.584272 -56.281399 215.625458 -0.383030 0.417156 -0.824178 0.730051 -0.001294 1 0 1.000000
  0 -129.606613 -52.816608 276.411743 -0.383030 0.417156 -0.824178 0.513002 0.355867 1 0 1.000000
Tree_03_leaves_old
  0 141.273911 166.965134 404.323547 0.187402 0.981699 -0.033886 0.513002 0.713030 1 0 1.000000
  0 95.561867 171.592880 285.588593 0.187402 0.981699 -0.033886 0.742514 0.371568 1 0 1.000000
  0 71.195969 179.534164 380.899170 0.187402 0.981699 -0.033886 0.753950 0.713675 1 0 1.000000
Tree_03_leaves_old
  0 -2.584272 -56.281399 215.625458 0.162176 -0.424814 -0.890636 0.730051 -0.001294 1 0 1.000000
  0 46.534153 -127.760353 259.542114 0.162176 -0.424814 -0.890636 1.008328 -0.001294 1 0 1.000000
  0 -95.198708 -119.247337 229.673401 0.162176 -0.424814 -0.890636 0.742514 0.371568 1 0 1.000000
Tree_03_leaves_old
  0 -95.198708 -119.247337 229.673401 0.162176 -0.424814 -0.890636 0.742514 0.371568 1 0 1.000000
  0 46.534153 -127.760353 259.542114 0.162176 -0.424814 -0.890636 1.008328 -0.001294 1 0 1.000000
  0 -50.672432 -187.409042 269.414154 0.162176 -0.424814 -0.890636 1.001221 0.377407 1 0 1.000000
Tree_03_leaves_old
  0 -95.198708 -119.247337 229.673401 0.162176 -0.424814 -0.890636 0.742514 0.371568 1 0 1.000000
  0 -50.672432 -187.409042 269.414154 0.162176 -0.424814 -0.890636 1.001221 0.377407 1 0 1.000000
  0 -122.544502 -230.013031 278.923645 0.137168 -0.430521 -0.892097 0.994898 0.714319 1 0 1.000000
Tree_03_leaves_old
  0 279.048340 8.437976 407.881622 0.617990 0.600352 -0.507608 0.000000 0.355867 1 0 1.000000
  0 163.973724 102.639496 382.048859 0.617990 0.600352 -0.507608 0.240802 0.371568 1 0 1.000000
  0 295.906219 105.994156 540.933838 0.608465 0.601253 -0.517943 0.000000 0.713030 1 0 1.000000
Tree_03_leaves_old
  0 279.048340 8.437976 407.881622 0.617990 0.600352 -0.507608 0.000000 0.355867 1 0 1.000000
  0 153.137024 -1.386108 242.971130 0.617990 0.600352 -0.507608 0.227726 -0.001294 1 0 1.000000
  0 163.973724 102.639496 382.048859 0.617990 0.600352 -0.507608 0.240802 0.371568 1 0 1.000000
Tree_03_leaves_old
  0 262.189026 -89.117813 274.828979 0.617990 0.600352 -0.507608 0.000000 -0.001294 1 0 1.000000
  0 153.137024 -1.386108 242.971130 0.617990 0.600352 -0.507608 0.227726 -0.001294 1 0 1.000000
  0 279.048340 8.437976 407.881622 0.617990 0.600352 -0.507608 0.000000 0.355867 1 0 1.000000
Tree_03_leaves_old
  0 95.561867 171.592880 285.588593 0.340472 0.940214 0.008702 0.742514 0.371568 1 0 1.000000
  0 -10.647577 209.554489 339.518524 0.340472 0.940214 0.008702 0.994898 0.714319 1 0 1.000000
  0 71.195969 179.534164 380.899170 0.340472 0.940214 0.008702 0.753950 0.713675 1 0 1.000000
Tree_03_leaves_old
  0 153.137024 -1.386108 242.971130 -0.158296 0.803787 -0.573471 0.227726 -0.001294 1 0 1.000000
  0 -6.564423 -2.451327 281.825714 -0.158296 0.803787 -0.573471 0.519690 -0.001294 1 0 1.000000
  0 163.973724 102.639496 382.048859 -0.158296 0.803787 -0.573471 0.240802 0.371568 1 0 1.000000
Tree_03_leaves_old
  0 163.973724 102.639496 382.048859 -0.158296 0.803787 -0.573471 0.240802 0.371568 1 0 1.000000
  0 -6.564423 -2.451327 281.825714 -0.158296 0.803787 -0.573471 0.519690 -0.001294 1 0 1.000000
  0 15.166835 99.744720 422.802063 -0.158296 0.803787 -0.573471 0.512233 0.377407 1 0 1.000000
Tree_03_leaves_old
  0 163.973724 102.639496 382.048859 -0.158296 0.803787 -0.573471 0.240802 0.371568 1 0 1.000000
  0 15.166835 99.744720 422.802063 -0.158296 0.803787 -0.573471 0.512233 0.377407 1 0 1.000000
  0 34.499916 190.662720 548.220886 -0.169449 0.810163 -0.561179 0.505600 0.714319 1 0 1.000000
Tree_03_leaves_old
  0 -30.797783 -32.753922 286.521667 -0.953268 -0.204235 -0.222638 0.000000 0.355867 1 0 1.000000
  0 -14.141891 -126.651894 305.532410 -0.953268 -0.204235 -0.222638 0.240802 0.371568 1 0 1.000000
  0 -55.963619 -33.048393 390.355774 -0.948990 -0.215025 -0.230612 0.000000 0.713030 1 0 1.000000
Tree_03_leaves_old
  0 -30.797783 -32.753922 286.521667 -0.953268 -0.204235 -0.222638 0.000000 0.355867 1 0 1.000000
  0 9.601528 -122.686623 196.042694 -0.953268 -0.204235 -0.222638 0.227726 -0.001294 1 0 1.000000
  0 -14.141891 -126.651894 305.532410 -0.953268 -0.204235 -0.222638 0.240802 0.371568 1 0 1.000000
Tree_03_leaves_old
  0 -5.631482 -32.460339 182.687576 -0.953268 -0.204235 -0.222638 0.000000 -0.001294 1 0 1.000000
  0 9.601528 -122.686623 196.042694 -0.953268 -0.204235 -0.222638 0.227726 -0.001294 1 0 1.000000
  0 -30.797783 -32.753922 286.521667 -0.953268 -0.204235 -0.222638 0.000000 0.355867 1 0 1.000000
Tree_03_leaves_old
  0 120.564186 107.873260 200.236023 -0.095349 0.739882 -0.665945 0.730051 -0.001294 1 0 1.000000
  0 28.707518 84.939636 198.886597 -0.095349 0.739882 -0.665945 1.008328 -0.001294 1 0 1.000000
  0 95.561867 171.592880 285.588593 -0.095349 0.739882 -0.665945 0.742514 0.371568 1 0 1.000000
Tree_03_leaves_old
  0 95.561867 171.592880 285.588593 -0.095349 0.739882 -0.665945 0.742514 0.371568 1 0 1.000000
  0 28.707518 84.939636 198.886597 -0.095349 0.739882 -0.665945 1.008328 -0.001294 1 0 1.000000
  0 3.623879 160.986099 275.989105 -0.095349 0.739882 -0.665945 1.001221 0.377407 1 0 1.000000
Tree_03_leaves_old
  0 172.708221 59.356567 247.331177 0.756875 0.604732 -0.247869 0.513002 -0.001294 1 0 1.000000
  0 120.564186 107.873260 200.236023 0.756875 0.604732 -0.247869 0.730051 -0.001294 1 0 1.000000
  0 155.390579 118.503059 332.513245 0.756875 0.604732 -0.247869 0.513002 0.355867 1 0 1.000000
Tree_03_leaves_old
  0 155.390579 118.503059 332.513245 0.756875 0.604732 -0.247869 0.513002 0.355867 1 0 1.000000
  0 120.564186 107.873260 200.236023 0.756875 0.604732 -0.247869 0.730051 -0.001294 1 0 1.000000
  0 95.561867 171.592880 285.588593 0.756875 0.604732 -0.247869 0.742514 0.371568 1 0 1.000000
Tree_03_leaves_old
  0 155.390579 118.503059 332.513245 0.756875 0.604732 -0.247869 0.513002 0.355867 1 0 1.000000
  0 95.561867 171.592880 285.588593 0.756875 0.604732 -0.247869 0.742514 0.371568 1 0 1.000000
  0 141.273911 166.965134 404.323547 0.747740 0.609196 -0.264130 0.513002 0.713030 1 0 1.000000
Tree_03_leaves_old
  0 272.498383 118.989090 405.151672 0.889642 0.293288 -0.350027 0.670048 1.001106 1 0 1.000000
  0 218.826904 160.959045 303.904907 0.889642 0.293288 -0.350027 0.378385 0.868673 1 0 1.000000
  0 251.033463 183.847061 404.940247 0.889642 0.293288 -0.350027 0.670693 0.862075 1 0 1.000000
Tree_03_leaves_old
  0 218.826904 160.959045 303.904907 0.889642 0.293288 -0.350027 0.378385 0.868673 1 0 1.000000
  0 229.568573 248.704773 404.728546 0.889642 0.293288 -0.350027 0.671337 0.723045 1 0 1.000000
  0 251.033463 183.847061 404.940247 0.889642 0.293288 -0.350027 0.670693 0.862075 1 0 1.000000
Tree_03_leaves_old
  0 152.149124 123.692871 214.983948 0.490476 0.618873 -0.613539 0.005523 0.875864 1 0 1.000000
  0 98.252769 187.226913 234.011734 0.490476 0.618873 -0.613539 0.005522 0.715295 1 0 1.000000
  0 218.826904 160.959045 303.904907 0.490476 0.618873 -0.613539 0.378385 0.868673 1 0 1.000000
Tree_03_leaves_old
  0 218.826904 160.959045 303.904907 0.490476 0.618873 -0.613539 0.378385 0.868673 1 0 1.000000
  0 98.252769 187.226913 234.011734 0.490476 0.618873 -0.613539 0.005522 0.715295 1 0 1.000000
  0 167.745132 219.761108 324.355072 0.490476 0.618873 -0.613539 0.384224 0.719397 1 0 1.000000
Tree_03_leaves_old
  0 218.826904 160.959045 303.904907 0.490476 0.618873 -0.613539 0.378385 0.868673 1 0 1.000000
  0 167.745132 219.761108 324.355072 0.490476 0.618873 -0.613539 0.384224 0.719397 1 0 1.000000
  0 229.568573 248.704773 404.728546 0.486955 0.632503 -0.602341 0.671337 0.723045 1 0 1.000000
Tree_03_leaves_old
  0 142.619843 54.016968 234.762726 0.818037 -0.247148 -0.519359 0.005523 1.001106 1 0 1.000000
  0 152.149124 123.692871 214.983948 0.818037 -0.247148 -0.519359 0.005523 0.875864 1 0 1.000000
  0 207.559113 86.503029 319.957153 0.818037 -0.247148 -0.519359 0.362683 1.001105 1 0 1.000000
Tree_03_leaves_old
  0 207.559113 86.503029 319.957153 0.818037 -0.247148 -0.519359 0.362683 1.001105 1 0 1.000000
  0 152.149124 123.692871 214.983948 0.818037 -0.247148 -0.519359 0.005523 0.875864 1 0 1.000000
  0 218.826904 160.959045 303.904907 0.818037 -0.247148 -0.519359 0.378385 0.868673 1 0 1.000000
Tree_03_leaves_old
  0 207.559113 86.503029 319.957153 0.818037 -0.247148 -0.519359 0.362683 1.001105 1 0 1.000000
  0 218.826904 160.959045 303.904907 0.818037 -0.247148 -0.519359 0.378385 0.868673 1 0 1.000000
  0 272.498383 118.989090 405.151672 0.814082 -0.237461 -0.529984 0.670048 1.001106 1 0 1.000000
Tree_03_leaves_old
  0 152.373856 -30.614868 255.435425 0.240080 -0.249465 -0.938152 0.513002 0.355867 1 0 1.000000
  0 105.785400 58.119083 219.917725 0.240080 -0.249465 -0.938152 0.742514 0.371568 1 0 1.000000
  0 245.708755 24.171463 264.752258 0.240080 -0.249465 -0.938152 0.513002 0.713030 1 0 1.000000
Tree_03_leaves_old
  0 9.601528 -122.686623 196.042694 -0.495400 -0.859485 -0.125954 0.227726 -0.001294 1 0 1.000000
  0 94.870079 -177.836136 226.039505 -0.495400 -0.859485 -0.125954 0.519690 -0.001294 1 0 1.000000
  0 -14.141891 -126.651894 305.532410 -0.495400 -0.859485 -0.125954 0.240802 0.371568 1 0 1.000000
Tree_03_leaves_old
  0 -14.141891 -126.651894 305.532410 -0.495400 -0.859485 -0.125954 0.240802 0.371568 1 0 1.000000
  0 94.870079 -177.836136 226.039505 -0.495400 -0.859485 -0.125954 0.519690 -0.001294 1 0 1.000000
  0 66.744270 -176.062073 335.513794 -0.495400 -0.859485 -0.125954 0.512233 0.377407 1 0 1.000000
Tree_03_leaves_old
  0 -14.141891 -126.651894 305.532410 -0.495400 -0.859485 -0.125954 0.240802 0.371568 1 0 1.000000
  0 66.744270 -176.062073 335.513794 -0.495400 -0.859485 -0.125954 0.512233 0.377407 1 0 1.000000
  0 41.722420 -174.483856 432.906891 -0.487698 -0.865893 -0.111266 0.505600 0.714319 1 0 1.000000
Tree_03_leaves_old
  0 68.524521 178.248993 358.933594 0.572351 0.440156 -0.691864 0.513002 0.355867 1 0 1.000000
  0 -37.870510 176.484268 275.057434 0.572351 0.440156 -0.691864 0.742514 0.371568 1 0 1.000000
  0 29.135538 303.509979 402.735779 0.556139 0.424692 -0.714385 0.513002 0.713030 1 0 1.000000
Tree_03_leaves_old
  0 68.524521 178.248993 358.933594 0.572351 0.440156 -0.691864 0.513002 0.355867 1 0 1.000000
  0 17.473740 22.547714 217.645996 0.572351 0.440156 -0.691864 0.730051 -0.001294 1 0 1.000000
  0 -37.870510 176.484268 275.057434 0.572351 0.440156 -0.691864 0.742514 0.371568 1 0 1.000000
Tree_03_leaves_old
  0 116.769997 27.871607 308.439514 0.572351 0.440156 -0.691864 0.513002 -0.001294 1 0 1.000000
  0 17.473740 22.547714 217.645996 0.572351 0.440156 -0.691864 0.730051 -0.001294 1 0 1.000000
  0 68.524521 178.248993 358.933594 0.572351 0.440156 -0.691864 0.513002 0.355867 1 0 1.000000
Tree_03_leaves_old
  0 -91.990326 30.940752 456.493774 -0.876743 -0.480072 0.029213 0.670048 1.001106 1 0 1.000000
  0 -51.988934 -49.951981 327.668396 -0.876744 -0.480070 0.029213 0.378385 0.868673 1 0 1.000000
  0 -49.747410 -45.542515 467.404541 -0.876744 -0.480070 0.029213 0.670693 0.862075 1 0 1.000000
Tree_03_leaves_old
  0 -51.988934 -49.951981 327.668396 -0.876744 -0.480070 0.029213 0.378385 0.868673 1 0 1.000000
  0 -7.504758 -122.025681 478.315063 -0.876744 -0.480070 0.029213 0.671337 0.723045 1 0 1.000000
  0 -49.747410 -45.542515 467.404541 -0.876744 -0.480070 0.029213 0.670693 0.862075 1 0 1.000000
Tree_03_leaves_old
  0 -11.711939 -27.223236 183.834320 -0.509459 -0.819841 -0.261367 0.005523 0.875864 1 0 1.000000
  0 76.355957 -90.254753 203.916565 -0.509459 -0.819841 -0.261367 0.005522 0.715295 1 0 1.000000
  0 -51.988934 -49.951981 327.668396 -0.509459 -0.819841 -0.261367 0.378385 0.868673 1 0 1.000000
Tree_03_leaves_old
  0 -51.988934 -49.951981 327.668396 -0.509459 -0.819841 -0.261367 0.378385 0.868673 1 0 1.000000
  0 76.355957 -90.254753 203.916565 -0.509459 -0.819841 -0.261367 0.005522 0.715295 1 0 1.000000
  0 31.976860 -107.068024 349.128296 -0.509459 -0.819841 -0.261367 0.384224 0.719397 1 0 1.000000
Tree_03_leaves_old
  0 -51.988934 -49.951981 327.668396 -0.509459 -0.819841 -0.261367 0.378385 0.868673 1 0 1.000000
  0 31.976860 -107.068024 349.128296 -0.509459 -0.819841 -0.261367 0.384224 0.719397 1 0 1.000000
  0 -7.504758 -122.025681 478.315063 -0.500429 -0.829214 -0.248949 0.671337 0.723045 1 0 1.000000
Tree_03_leaves_old
  0 -10.634936 66.907722 181.996338 -0.960689 -0.006030 -0.277562 0.005523 1.001106 1 0 1.000000
  0 -11.711939 -27.223236 183.834320 -0.960689 -0.006030 -0.277562 0.005523 0.875864 1 0 1.000000
  0 -51.312656 48.924206 319.244934 -0.960689 -0.006030 -0.277562 0.362683 1.001105 1 0 1.000000
Tree_03_leaves_old
  0 -51.312656 48.924206 319.244934 -0.960689 -0.006030 -0.277562 0.362683 1.001105 1 0 1.000000
  0 -11.711939 -27.223236 183.834320 -0.960689 -0.006030 -0.277562 0.005523 0.875864 1 0 1.000000
  0 -51.988934 -49.951981 327.668396 -0.960689 -0.006030 -0.277562 0.378385 0.868673 1 0 1.000000
Tree_03_leaves_old
  0 -51.312656 48.924206 319.244934 -0.960689 -0.006030 -0.277562 0.362683 1.001105 1 0 1.000000
  0 -51.988934 -49.951981 327.668396 -0.960689 -0.006030 -0.277562 0.378385 0.868673 1 0 1.000000
  0 -91.990326 30.940752 456.493774 -0.957985 -0.017835 -0.286264 0.670048 1.001106 1 0 1.000000
Tree_03_leaves_old
  0 133.266647 35.854324 447.531372 0.751970 0.644657 -0.137690 0.670048 1.001106 1 0 1.000000
  0 72.032143 77.653824 308.812805 0.751970 0.644657 -0.137690 0.378385 0.868673 1 0 1.000000
  0 75.837097 102.589958 446.342285 0.751970 0.644657 -0.137690 0.670693 0.862075 1 0 1.000000
Tree_03_leaves_old
  0 72.032143 77.653824 308.812805 0.751970 0.644657 -0.137690 0.378385 0.868673 1 0 1.000000
  0 18.407732 169.325333 445.152954 0.751970 0.644657 -0.137690 0.671337 0.723045 1 0 1.000000
  0 75.837097 102.589958 446.342285 0.751970 0.644657 -0.137690 0.670693 0.862075 1 0 1.000000
Tree_03_leaves_old
  0 32.500912 17.201071 176.110794 0.309417 0.832458 -0.459647 0.005523 0.875864 1 0 1.000000
  0 -66.375679 63.631817 190.246719 0.309417 0.832458 -0.459647 0.005522 0.715295 1 0 1.000000
  0 72.032143 77.653824 308.812805 0.309417 0.832458 -0.459647 0.378385 0.868673 1 0 1.000000
Tree_03_leaves_old
  0 72.032143 77.653824 308.812805 0.309417 0.832458 -0.459647 0.378385 0.868673 1 0 1.000000
  0 -66.375679 63.631817 190.246719 0.309417 0.832458 -0.459647 0.005522 0.715295 1 0 1.000000
  0 -21.508314 119.564934 325.143066 0.309417 0.832458 -0.459647 0.384224 0.719397 1 0 1.000000
Tree_03_leaves_old
  0 72.032143 77.653824 308.812805 0.309417 0.832458 -0.459647 0.378385 0.868673 1 0 1.000000
  0 -21.508314 119.564934 325.143066 0.309417 0.832458 -0.459647 0.384224 0.719397 1 0 1.000000
  0 18.407732 169.325333 445.152954 0.299021 0.842194 -0.448660 0.671337 0.723045 1 0 1.000000
Tree_03_leaves_old
  0 51.835144 -73.356064 193.163284 0.925795 0.143893 -0.349570 0.005523 1.001106 1 0 1.000000
  0 32.500912 17.201071 176.110794 0.925795 0.143893 -0.349570 0.005523 0.875864 1 0 1.000000
  0 92.550888 -18.750870 320.347290 0.925795 0.143893 -0.349570 0.362683 1.001105 1 0 1.000000
Tree_03_leaves_old
  0 92.550888 -18.750870 320.347290 0.925795 0.143893 -0.349570 0.362683 1.001105 1 0 1.000000
  0 32.500912 17.201071 176.110794 0.925795 0.143893 -0.349570 0.005523 0.875864 1 0 1.000000
  0 72.032143 77.653824 308.812805 0.925795 0.143893 -0.349570 0.378385 0.868673 1 0 1.000000
Tree_03_leaves_old
  0 92.550888 -18.750870 320.347290 0.925795 0.143893 -0.349570 0.362683 1.001105 1 0 1.000000
  0 72.032143 77.653824 308.812805 0.925795 0.143893 -0.349570 0.378385 0.868673 1 0 1.000000
  0 133.266647 35.854324 447.531372 0.920279 0.152774 -0.360204 0.670048 1.001106 1 0 1.000000
Tree_03_leaves_old
  0 279.777252 134.632309 507.202332 0.553357 0.495794 -0.669316 0.670048 1.001106 1 0 1.000000
  0 188.391754 125.818993 425.120911 0.553357 0.495794 -0.669316 0.378385 0.868673 1 0 1.000000
  0 232.811844 185.081573 505.743774 0.553357 0.495794 -0.669316 0.670693 0.862075 1 0 1.000000
Tree_03_leaves_old
  0 188.391754 125.818993 425.120911 0.553357 0.495794 -0.669316 0.378385 0.868673 1 0 1.000000
  0 185.846649 235.530563 504.285156 0.553357 0.495794 -0.669316 0.671337 0.723045 1 0 1.000000
  0 232.811844 185.081573 505.743774 0.553357 0.495794 -0.669316 0.670693 0.862075 1 0 1.000000
Tree_03_leaves_old
  0 123.267601 44.071423 369.713409 0.000056 0.571222 -0.820796 0.005523 0.875864 1 0 1.000000
  0 53.559799 86.436737 397.704163 0.000056 0.571222 -0.820796 0.005522 0.715295 1 0 1.000000
  0 188.391754 125.818993 425.120911 0.000056 0.571222 -0.820796 0.378385 0.868673 1 0 1.000000
Tree_03_leaves_old
  0 188.391754 125.818993 425.120911 0.000056 0.571222 -0.820796 0.378385 0.868673 1 0 1.000000
  0 53.559799 86.436737 397.704163 0.000056 0.571222 -0.820796 0.005522 0.715295 1 0 1.000000
  0 123.565987 165.337311 454.106750 0.000056 0.571222 -0.820796 0.384224 0.719397 1 0 1.000000
Tree_03_leaves_old
  0 188.391754 125.818993 425.120911 0.000056 0.571222 -0.820796 0.378385 0.868673 1 0 1.000000
  0 123.565987 165.337311 454.106750 0.000056 0.571222 -0.820796 0.384224 0.719397 1 0 1.000000
  0 185.846649 235.530563 504.285156 -0.005973 0.585040 -0.810983 0.671337 0.723045 1 0 1.000000
Tree_03_leaves_old
  0 150.348053 -16.991964 400.899841 0.680430 -0.057356 -0.730565 0.005523 1.001106 1 0 1.000000
  0 123.267601 44.071423 369.713409 0.680430 -0.057356 -0.730565 0.005523 0.875864 1 0 1.000000
  0 215.062561 58.820148 454.051025 0.680430 -0.057356 -0.730565 0.362683 1.001105 1 0 1.000000
Tree_03_leaves_old
  0 215.062561 58.820148 454.051025 0.680430 -0.057356 -0.730565 0.362683 1.001105 1 0 1.000000
  0 123.267601 44.071423 369.713409 0.680430 -0.057356 -0.730565 0.005523 0.875864 1 0 1.000000
  0 188.391754 125.818993 425.120911 0.680430 -0.057356 -0.730565 0.378385 0.868673 1 0 1.000000
Tree_03_leaves_old
  0 215.062561 58.820148 454.051025 0.680430 -0.057356 -0.730565 0.362683 1.001105 1 0 1.000000
  0 188.391754 125.818993 425.120911 0.680430 -0.057356 -0.730565 0.378385 0.868673 1 0 1.000000
  0 279.777252 134.632309 507.202332 0.670104 -0.052942 -0.740377 0.670048 1.001106 1 0 1.000000
Tree_03_leaves_old
  0 -121.215912 -344.178986 203.465134 0.110519 -0.355399 -0.928158 0.513002 0.713030 1 0 1.000000
  0 0.189095 -216.923065 169.194016 0.110520 -0.355399 -0.928158 0.742514 0.371568 1 0 1.000000
  0 -12.033522 -348.133148 217.979965 0.110520 -0.355399 -0.928158 0.753950 0.713675 1 0 1.000000
Tree_03_leaves_old
  0 0.189095 -216.923065 169.194016 0.110520 -0.355399 -0.928158 0.742514 0.371568 1 0 1.000000
  0 97.149170 -352.087250 232.494858 0.110520 -0.355399 -0.928158 0.994898 0.714319 1 0 1.000000
  0 -12.033522 -348.133148 217.979965 0.110520 -0.355399 -0.928158 0.753950 0.713675 1 0 1.000000
Tree_03_leaves_old
  0 0.815531 -55.763115 181.845276 0.597294 0.067371 -0.799188 0.730051 -0.001294 1 0 1.000000
  0 111.663712 -69.951172 264.897095 0.597294 0.067371 -0.799188 1.008328 -0.001294 1 0 1.000000
  0 0.189095 -216.923065 169.194016 0.597294 0.067371 -0.799188 0.742514 0.371568 1 0 1.000000
Tree_03_leaves_old
  0 0.189095 -216.923065 169.194016 0.597294 0.067371 -0.799188 0.742514 0.371568 1 0 1.000000
  0 111.663712 -69.951172 264.897095 0.597294 0.067371 -0.799188 1.008328 -0.001294 1 0 1.000000
  0 104.663025 -232.491089 244.560349 0.597294 0.067371 -0.799188 1.001221 0.377407 1 0 1.000000
Tree_03_leaves_old
  0 0.189095 -216.923065 169.194016 0.597294 0.067371 -0.799188 0.742514 0.371568 1 0 1.000000
  0 104.663025 -232.491089 244.560349 0.597294 0.067371 -0.799188 1.001221 0.377407 1 0 1.000000
  0 97.149170 -352.087250 232.494858 0.588814 0.044426 -0.807046 0.994898 0.714319 1 0 1.000000
Tree_03_leaves_old
  0 -112.776428 -62.384148 234.932129 -0.401379 0.094147 -0.911060 0.513002 -0.001294 1 0 1.000000
  0 0.815531 -55.763115 181.845276 -0.401379 0.094147 -0.911060 0.730051 -0.001294 1 0 1.000000
  0 -116.722191 -215.904678 217.079391 -0.401379 0.094147 -0.911060 0.513002 0.355867 1 0 1.000000
Tree_03_leaves_old
  0 -116.722191 -215.904678 217.079391 -0.401379 0.094147 -0.911060 0.513002 0.355867 1 0 1.000000
  0 0.815531 -55.763115 181.845276 -0.401379 0.094147 -0.911060 0.730051 -0.001294 1 0 1.000000
  0 0.189095 -216.923065 169.194016 -0.401379 0.094147 -0.911060 0.742514 0.371568 1 0 1.000000
Tree_03_leaves_old
  0 -116.722191 -215.904678 217.079391 -0.401379 0.094147 -0.911060 0.513002 0.355867 1 0 1.000000
  0 0.189095 -216.923065 169.194016 -0.401379 0.094147 -0.911060 0.742514 0.371568 1 0 1.000000
  0 -121.215912 -344.178986 203.465134 -0.375865 0.110813 -0.920025 0.513002 0.713030 1 0 1.000000
Tree_03_leaves_old
  0 -140.215912 56.681393 345.482117 -0.811604 0.132526 -0.568978 0.378385 0.868673 1 0 1.000000
  0 -148.933517 -46.103092 333.976624 -0.811604 0.132526 -0.568978 0.384224 0.719397 1 0 1.000000
  0 -227.741776 -54.806637 444.363464 -0.811604 0.132526 -0.568978 0.671337 0.723045 1 0 1.000000
Tree_03_leaves_old
  0 17.473740 22.547714 217.645996 -0.378618 0.193619 -0.905075 0.730051 -0.001294 1 0 1.000000
  0 -113.957558 -32.592373 262.159729 -0.378618 0.193619 -0.905075 1.008328 -0.001294 1 0 1.000000
  0 -37.870510 176.484268 275.057434 -0.378618 0.193619 -0.905075 0.742514 0.371568 1 0 1.000000
Tree_03_leaves_old
  0 -37.870510 176.484268 275.057434 -0.378618 0.193619 -0.905075 0.742514 0.371568 1 0 1.000000
  0 -113.957558 -32.592373 262.159729 -0.378618 0.193619 -0.905075 1.008328 -0.001294 1 0 1.000000
  0 -161.957657 128.007462 315.267761 -0.378618 0.193619 -0.905075 1.001221 0.377407 1 0 1.000000
Tree_03_leaves_old
  0 -37.870510 176.484268 275.057434 -0.378618 0.193619 -0.905075 0.742514 0.371568 1 0 1.000000
  0 -161.957657 128.007462 315.267761 -0.378618 0.193619 -0.905075 1.001221 0.377407 1 0 1.000000
  0 -195.520187 245.245255 357.827576 -0.377095 0.218755 -0.899970 0.994898 0.714319 1 0 1.000000
Tree_03_leaves_old
  0 198.421890 37.523685 425.980957 0.638231 0.763930 -0.095247 0.000000 0.713030 1 0 1.000000
  0 111.971764 95.324249 310.286499 0.638231 0.763930 -0.095247 0.240802 0.371568 1 0 1.000000
  0 120.097458 104.317451 436.864899 0.638231 0.763930 -0.095247 0.252800 0.713675 1 0 1.000000
Tree_03_leaves_old
  0 111.971764 95.324249 310.286499 0.638231 0.763930 -0.095247 0.240802 0.371568 1 0 1.000000
  0 41.773201 171.111130 447.749207 0.638231 0.763930 -0.095247 0.505600 0.714319 1 0 1.000000
  0 120.097458 104.317451 436.864899 0.638231 0.763930 -0.095247 0.252800 0.713675 1 0 1.000000
Tree_03_leaves_old
  0 -121.902718 -20.369181 271.787292 -0.705095 0.291234 -0.646547 0.513002 -0.001294 1 0 1.000000
  0 -100.456459 -97.595436 211.774231 -0.705095 0.291234 -0.646547 0.730051 -0.001294 1 0 1.000000
  0 -204.332062 -94.820625 326.306213 -0.705095 0.291234 -0.646547 0.513002 0.355867 1 0 1.000000
Tree_03_leaves_old
  0 -204.332062 -94.820625 326.306213 -0.705095 0.291234 -0.646547 0.513002 0.355867 1 0 1.000000
  0 -100.456459 -97.595436 211.774231 -0.705095 0.291234 -0.646547 0.730051 -0.001294 1 0 1.000000
  0 -183.873260 -178.947281 267.938782 -0.705095 0.291234 -0.646547 0.742514 0.371568 1 0 1.000000
Tree_03_leaves_old
  0 -204.332062 -94.820625 326.306213 -0.705095 0.291234 -0.646547 0.513002 0.355867 1 0 1.000000
  0 -183.873260 -178.947281 267.938782 -0.705095 0.291234 -0.646547 0.742514 0.371568 1 0 1.000000
  0 -286.761108 -169.272537 380.824890 -0.695416 0.287741 -0.658484 0.513002 0.713030 1 0 1.000000
Tree_03_leaves_old
  0 -17.145157 -164.507874 241.941467 -0.087585 -0.519260 -0.850116 1.008328 -0.001294 1 0 1.000000
  0 -106.048462 -241.381760 300.176575 -0.087585 -0.519260 -0.850116 1.001221 0.377407 1 0 1.000000
  0 -100.456459 -97.595436 211.774231 -0.087585 -0.519260 -0.850116 0.730051 -0.001294 1 0 1.000000
Tree_03_leaves_old
  0 -100.456459 -97.595436 211.774231 -0.087585 -0.519260 -0.850116 0.730051 -0.001294 1 0 1.000000
  0 -106.048462 -241.381760 300.176575 -0.087585 -0.519260 -0.850116 1.001221 0.377407 1 0 1.000000
  0 -183.873260 -178.947281 267.938782 -0.087585 -0.519260 -0.850116 0.742514 0.371568 1 0 1.000000
Tree_03_leaves_old
  0 -183.873260 -178.947281 267.938782 -0.087585 -0.519260 -0.850116 0.742514 0.371568 1 0 1.000000
  0 -106.048462 -241.381760 300.176575 -0.087585 -0.519260 -0.850116 1.001221 0.377407 1 0 1.000000
  0 -185.141159 -309.772186 351.985168 -0.084185 -0.538009 -0.838725 0.994898 0.714319 1 0 1.000000
Tree_03_leaves_old
  0 -60.103569 101.866447 382.741333 -0.404933 0.890170 -0.208869 0.362683 1.001105 1 0 1.000000
  0 -140.215912 56.681393 345.482117 -0.404933 0.890170 -0.208869 0.378385 0.868673 1 0 1.000000
  0 -144.798416 90.617615 498.997803 -0.404933 0.890170 -0.208869 0.670048 1.001106 1 0 1.000000
Tree_03_leaves_old
  0 -286.761108 -169.272537 380.824890 -0.699196 -0.381615 -0.604562 0.513002 0.713030 1 0 1.000000
  0 -183.873260 -178.947281 267.938782 -0.699195 -0.381615 -0.604562 0.742514 0.371568 1 0 1.000000
  0 -235.951233 -239.522293 366.405090 -0.699195 -0.381615 -0.604562 0.753950 0.713675 1 0 1.000000
Tree_03_leaves_old
  0 -183.873260 -178.947281 267.938782 -0.699195 -0.381615 -0.604562 0.742514 0.371568 1 0 1.000000
  0 -185.141159 -309.772186 351.985168 -0.699195 -0.381615 -0.604562 0.994898 0.714319 1 0 1.000000
  0 -235.951233 -239.522293 366.405090 -0.699195 -0.381615 -0.604562 0.753950 0.713675 1 0 1.000000
Tree_03_leaves_old
  0 -114.531006 -15.917666 217.458679 -0.859637 -0.477465 -0.181799 0.000000 -0.001294 1 0 1.000000
  0 -83.533432 -72.523331 215.969971 -0.859637 -0.477465 -0.181799 0.227726 -0.001294 1 0 1.000000
  0 -122.301575 -30.949427 290.098450 -0.859637 -0.477465 -0.181799 0.000000 0.355867 1 0 1.000000
Tree_03_leaves_old
  0 -122.301575 -30.949427 290.098450 -0.859637 -0.477465 -0.181799 0.000000 0.355867 1 0 1.000000
  0 -83.533432 -72.523331 215.969971 -0.859637 -0.477465 -0.181799 0.227726 -0.001294 1 0 1.000000
  0 -89.086456 -90.119553 292.023041 -0.859637 -0.477465 -0.181799 0.240802 0.371568 1 0 1.000000
Tree_03_leaves_old
  0 -122.301575 -30.949427 290.098450 -0.859637 -0.477465 -0.181799 0.000000 0.355867 1 0 1.000000
  0 -89.086456 -90.119553 292.023041 -0.859637 -0.477465 -0.181799 0.240802 0.371568 1 0 1.000000
  0 -130.071579 -45.981674 362.738007 -0.853164 -0.485157 -0.191660 0.000000 0.713030 1 0 1.000000
Tree_03_leaves_old
  0 -83.533432 -72.523331 215.969971 -0.210337 -0.951873 -0.222924 0.227726 -0.001294 1 0 1.000000
  0 -12.842804 -91.552391 226.202393 -0.210337 -0.951873 -0.222924 0.519690 -0.001294 1 0 1.000000
  0 -89.086456 -90.119553 292.023041 -0.210337 -0.951873 -0.222924 0.240802 0.371568 1 0 1.000000
Tree_03_leaves_old
  0 -89.086456 -90.119553 292.023041 -0.210337 -0.951873 -0.222924 0.240802 0.371568 1 0 1.000000
  0 -12.842804 -91.552391 226.202393 -0.210337 -0.951873 -0.222924 0.519690 -0.001294 1 0 1.000000
  0 -22.540771 -106.405807 303.097534 -0.210337 -0.951873 -0.222924 0.512233 0.377407 1 0 1.000000
Tree_03_leaves_old
  0 -89.086456 -90.119553 292.023041 -0.210337 -0.951873 -0.222924 0.240802 0.371568 1 0 1.000000
  0 -22.540771 -106.405807 303.097534 -0.210337 -0.951873 -0.222924 0.512233 0.377407 1 0 1.000000
  0 -31.168386 -119.620010 371.506744 -0.199302 -0.957166 -0.210026 0.505600 0.714319 1 0 1.000000
Tree_03_leaves_old
  0 -130.071579 -45.981674 362.738007 -0.599148 -0.787529 0.144294 0.000000 0.713030 1 0 1.000000
  0 -89.086456 -90.119553 292.023041 -0.599148 -0.787529 0.144294 0.240802 0.371568 1 0 1.000000
  0 -80.619957 -82.800888 367.122284 -0.599148 -0.787529 0.144294 0.252800 0.713675 1 0 1.000000
Tree_03_leaves_old
  0 -89.086456 -90.119553 292.023041 -0.599148 -0.787529 0.144294 0.240802 0.371568 1 0 1.000000
  0 -31.168386 -119.620010 371.506744 -0.599148 -0.787529 0.144294 0.505600 0.714319 1 0 1.000000
  0 -80.619957 -82.800888 367.122284 -0.599148 -0.787529 0.144294 0.252800 0.713675 1 0 1.000000
Tree_03_leaves_old
  0 -102.706413 -102.154892 268.782776 -0.879712 -0.211041 -0.426109 0.000000 -0.001294 1 0 1.000000
  0 -79.788391 -84.348129 211.120422 -0.879712 -0.211041 -0.426109 0.227726 -0.001294 1 0 1.000000
  0 -77.749733 -169.644531 249.156647 -0.879712 -0.211041 -0.426109 0.000000 0.355867 1 0 1.000000
Tree_03_leaves_old
  0 -77.749733 -169.644531 249.156647 -0.879712 -0.211041 -0.426109 0.000000 0.355867 1 0 1.000000
  0 -79.788391 -84.348129 211.120422 -0.879712 -0.211041 -0.426109 0.227726 -0.001294 1 0 1.000000
  0 -51.493526 -153.753647 188.607971 -0.879712 -0.211041 -0.426109 0.240802 0.371568 1 0 1.000000
Tree_03_leaves_old
  0 -77.749733 -169.644531 249.156647 -0.879712 -0.211041 -0.426109 0.000000 0.355867 1 0 1.000000
  0 -51.493526 -153.753647 188.607971 -0.879712 -0.211041 -0.426109 0.240802 0.371568 1 0 1.000000
  0 -52.792667 -237.133713 229.530045 -0.878964 -0.199004 -0.433381 0.000000 0.713030 1 0 1.000000
Tree_03_leaves_old
  0 -79.788391 -84.348129 211.120422 -0.354452 0.141431 -0.924316 0.227726 -0.001294 1 0 1.000000
  0 -13.657790 -60.394646 188.383942 -0.354452 0.141431 -0.924316 0.519690 -0.001294 1 0 1.000000
  0 -51.493526 -153.753647 188.607971 -0.354452 0.141431 -0.924316 0.240802 0.371568 1 0 1.000000
Tree_03_leaves_old
  0 -51.493526 -153.753647 188.607971 -0.354452 0.141431 -0.924316 0.240802 0.371568 1 0 1.000000
  0 -13.657790 -60.394646 188.383942 -0.354452 0.141431 -0.924316 0.519690 -0.001294 1 0 1.000000
  0 11.526541 -132.553497 168.727417 -0.354452 0.141431 -0.924316 0.512233 0.377407 1 0 1.000000
Tree_03_leaves_old
  0 -51.493526 -153.753647 188.607971 -0.354452 0.141431 -0.924316 0.240802 0.371568 1 0 1.000000
  0 11.526541 -132.553497 168.727417 -0.354452 0.141431 -0.924316 0.512233 0.377407 1 0 1.000000
  0 33.931694 -196.749100 151.240158 -0.339172 0.135222 -0.930955 0.505600 0.714319 1 0 1.000000
Tree_03_leaves_old
  0 -52.792667 -237.133713 229.530045 -0.522126 -0.369193 -0.768818 0.000000 0.713030 1 0 1.000000
  0 -51.493526 -153.753647 188.607971 -0.522125 -0.369193 -0.768818 0.240802 0.371568 1 0 1.000000
  0 -9.430517 -216.941315 190.385056 -0.522125 -0.369193 -0.768818 0.252800 0.713675 1 0 1.000000
Tree_03_leaves_old
  0 -51.493526 -153.753647 188.607971 -0.522125 -0.369193 -0.768818 0.240802 0.371568 1 0 1.000000
  0 33.931694 -196.749100 151.240158 -0.522125 -0.369193 -0.768818 0.505600 0.714319 1 0 1.000000
  0 -9.430517 -216.941315 190.385056 -0.522125 -0.369193 -0.768818 0.252800 0.713675 1 0 1.000000
Tree_03_leaves_old
  0 -135.691727 -52.423939 197.228424 0.170394 -0.222032 -0.960035 0.000000 -0.001294 1 0 1.000000
  0 -85.195076 -81.278526 212.233124 0.170394 -0.222032 -0.960035 0.227726 -0.001294 1 0 1.000000
  0 -165.184143 -114.659798 205.756348 0.170394 -0.222032 -0.960035 0.000000 0.355867 1 0 1.000000
Tree_03_leaves_old
  0 -165.184143 -114.659798 205.756348 0.170394 -0.222032 -0.960035 0.000000 0.355867 1 0 1.000000
  0 -85.195076 -81.278526 212.233124 0.170394 -0.222032 -0.960035 0.227726 -0.001294 1 0 1.000000
  0 -113.945374 -147.300446 223.030670 0.170394 -0.222032 -0.960035 0.240802 0.371568 1 0 1.000000
Tree_03_leaves_old
  0 -165.184143 -114.659798 205.756348 0.170394 -0.222032 -0.960035 0.000000 0.355867 1 0 1.000000
  0 -113.945374 -147.300446 223.030670 0.170394 -0.222032 -0.960035 0.240802 0.371568 1 0 1.000000
  0 -194.675980 -176.895767 214.284592 0.183917 -0.218477 -0.958354 0.000000 0.713030 1 0 1.000000
Tree_03_leaves_old
  0 -85.195076 -81.278526 212.233124 0.773781 -0.427048 -0.467860 0.227726 -0.001294 1 0 1.000000
  0 -54.691193 -94.150513 272.516083 0.773781 -0.427048 -0.467860 0.519690 -0.001294 1 0 1.000000
  0 -113.945374 -147.300446 223.030670 0.773781 -0.427048 -0.467860 0.240802 0.371568 1 0 1.000000
Tree_03_leaves_old
  0 -113.945374 -147.300446 223.030670 0.773781 -0.427048 -0.467860 0.240802 0.371568 1 0 1.000000
  0 -54.691193 -94.150513 272.516083 0.773781 -0.427048 -0.467860 0.519690 -0.001294 1 0 1.000000
  0 -87.124153 -159.541153 280.478271 0.773781 -0.427048 -0.467860 0.512233 0.377407 1 0 1.000000
Tree_03_leaves_old
  0 -113.945374 -147.300446 223.030670 0.773781 -0.427048 -0.467860 0.240802 0.371568 1 0 1.000000
  0 -87.124153 -159.541153 280.478271 0.773781 -0.427048 -0.467860 0.512233 0.377407 1 0 1.000000
  0 -115.977913 -217.715530 287.561859 0.774367 -0.439502 -0.455185 0.505600 0.714319 1 0 1.000000
Tree_03_leaves_old
  0 -194.675980 -176.895767 214.284592 0.312456 -0.646693 -0.695816 0.000000 0.713030 1 0 1.000000
  0 -113.945374 -147.300446 223.030670 0.312456 -0.646693 -0.695816 0.240802 0.371568 1 0 1.000000
  0 -155.326843 -197.305588 250.923203 0.312456 -0.646693 -0.695816 0.252800 0.713675 1 0 1.000000
Tree_03_leaves_old
  0 -113.945374 -147.300446 223.030670 0.312456 -0.646693 -0.695816 0.240802 0.371568 1 0 1.000000
  0 -115.977913 -217.715530 287.561859 0.312456 -0.646693 -0.695816 0.505600 0.714319 1 0 1.000000
  0 -155.326843 -197.305588 250.923203 0.312456 -0.646693 -0.695816 0.252800 0.713675 1 0 1.000000
Tree_03_leaves_old
  0 112.752647 -37.799835 219.227753 0.238490 -0.262005 -0.935134 0.513002 -0.001294 1 0 1.000000
  0 61.738152 33.397846 183.534332 0.238490 -0.262005 -0.935134 0.730051 -0.001294 1 0 1.000000
  0 208.567932 28.325165 222.402100 0.238490 -0.262005 -0.935134 0.513002 0.355867 1 0 1.000000
Tree_03_leaves_old
  0 208.567932 28.325165 222.402100 0.238490 -0.262005 -0.935134 0.513002 0.355867 1 0 1.000000
  0 61.738152 33.397846 183.534332 0.238490 -0.262005 -0.935134 0.730051 -0.001294 1 0 1.000000
  0 160.370026 104.364487 191.540314 0.238490 -0.262005 -0.935134 0.742514 0.371568 1 0 1.000000
Tree_03_leaves_old
  0 208.567932 28.325165 222.402100 0.238490 -0.262005 -0.935134 0.513002 0.355867 1 0 1.000000
  0 160.370026 104.364487 191.540314 0.238490 -0.262005 -0.935134 0.742514 0.371568 1 0 1.000000
  0 289.074066 82.724197 225.976196 0.210830 -0.249921 -0.945034 0.513002 0.713030 1 0 1.000000
Tree_03_leaves_old
  0 61.738152 33.397846 183.534332 -0.337943 0.544398 -0.767741 0.730051 -0.001294 1 0 1.000000
  0 15.796187 98.928192 251.323761 -0.337943 0.544398 -0.767741 1.008328 -0.001294 1 0 1.000000
  0 160.370026 104.364487 191.540314 -0.337943 0.544398 -0.767741 0.742514 0.371568 1 0 1.000000
Tree_03_leaves_old
  0 160.370026 104.364487 191.540314 -0.337943 0.544398 -0.767741 0.742514 0.371568 1 0 1.000000
  0 15.796187 98.928192 251.323761 -0.337943 0.544398 -0.767741 1.008328 -0.001294 1 0 1.000000
  0 118.585724 167.361191 253.503448 -0.337943 0.544398 -0.767741 1.001221 0.377407 1 0 1.000000
Tree_03_leaves_old
  0 160.370026 104.364487 191.540314 -0.337943 0.544398 -0.767741 0.742514 0.371568 1 0 1.000000
  0 118.585724 167.361191 253.503448 -0.337943 0.544398 -0.767741 1.001221 0.377407 1 0 1.000000
  0 195.080399 216.000946 257.170105 -0.313841 0.551818 -0.772658 0.994898 0.714319 1 0 1.000000
Tree_03_leaves_old
  0 289.074066 82.724197 225.976196 0.299543 0.412598 -0.860254 0.513002 0.713030 1 0 1.000000
  0 160.370026 104.364487 191.540314 0.299542 0.412599 -0.860254 0.742514 0.371568 1 0 1.000000
  0 242.077332 149.362488 241.573120 0.299542 0.412599 -0.860254 0.753950 0.713675 1 0 1.000000
Tree_03_leaves_old
  0 160.370026 104.364487 191.540314 0.299542 0.412599 -0.860254 0.742514 0.371568 1 0 1.000000
  0 195.080399 216.000946 257.170105 0.299542 0.412599 -0.860254 0.994898 0.714319 1 0 1.000000
  0 242.077332 149.362488 241.573120 0.299542 0.412599 -0.860254 0.753950 0.713675 1 0 1.000000
Tree_03_leaves_old
  0 -83.686150 71.992416 234.932129 -0.197169 0.362068 -0.911060 0.513002 -0.001294 1 0 1.000000
  0 -3.077354 -8.314401 181.845276 -0.197169 0.362068 -0.911060 0.730051 -0.001294 1 0 1.000000
  0 -200.811172 -27.334545 217.079407 -0.197169 0.362068 -0.911060 0.513002 0.355867 1 0 1.000000
Tree_03_leaves_old
  0 -200.811172 -27.334545 217.079407 -0.197169 0.362068 -0.911060 0.513002 0.355867 1 0 1.000000
  0 -3.077354 -8.314401 181.845276 -0.197169 0.362068 -0.911060 0.730051 -0.001294 1 0 1.000000
  0 -123.688667 -115.206108 169.194031 -0.197169 0.362068 -0.911060 0.742514 0.371568 1 0 1.000000
Tree_03_leaves_old
  0 -200.811172 -27.334545 217.079407 -0.197169 0.362068 -0.911060 0.513002 0.355867 1 0 1.000000
  0 -123.688667 -115.206108 169.194031 -0.197169 0.362068 -0.911060 0.742514 0.371568 1 0 1.000000
  0 -299.472473 -109.434814 203.465149 -0.167743 0.354142 -0.920025 0.513002 0.713030 1 0 1.000000
Tree_03_leaves_old
  0 -299.472473 -109.434814 203.465149 -0.191435 -0.319180 -0.928158 0.513002 0.713030 1 0 1.000000
  0 -123.688667 -115.206108 169.194031 -0.191434 -0.319180 -0.928158 0.742514 0.371568 1 0 1.000000
  0 -229.688156 -193.497757 217.979965 -0.191434 -0.319180 -0.928158 0.753950 0.713675 1 0 1.000000
Tree_03_leaves_old
  0 -123.688667 -115.206108 169.194031 -0.191434 -0.319180 -0.928158 0.742514 0.371568 1 0 1.000000
  0 -159.903610 -277.560913 232.494858 -0.191434 -0.319180 -0.928158 0.994898 0.714319 1 0 1.000000
  0 -229.688156 -193.497757 217.979965 -0.191434 -0.319180 -0.928158 0.753950 0.713675 1 0 1.000000
Tree_03_leaves_old
  0 -13.806445 60.680889 272.136169 0.000834 -0.944443 -0.328675 0.000000 -0.001294 1 0 1.000000
  0 82.213242 85.722305 196.596130 0.000834 -0.944443 -0.328675 0.227726 -0.001294 1 0 1.000000
  0 89.188698 26.456640 366.912628 0.000834 -0.944443 -0.328675 0.000000 0.355867 1 0 1.000000
Tree_03_leaves_old
  0 89.188698 26.456640 366.912628 0.000834 -0.944443 -0.328675 0.000000 0.355867 1 0 1.000000
  0 82.213242 85.722305 196.596130 0.000834 -0.944443 -0.328675 0.227726 -0.001294 1 0 1.000000
  0 194.107178 53.583538 293.058197 0.000834 -0.944443 -0.328675 0.240802 0.371568 1 0 1.000000
Tree_03_leaves_old
  0 89.188698 26.456640 366.912628 0.000834 -0.944443 -0.328675 0.000000 0.355867 1 0 1.000000
  0 194.107178 53.583538 293.058197 0.000834 -0.944443 -0.328675 0.240802 0.371568 1 0 1.000000
  0 192.184601 -7.766873 461.688110 0.002324 -0.939745 -0.341869 0.000000 0.713030 1 0 1.000000
Tree_03_leaves_old
  0 82.213242 85.722305 196.596130 0.509339 -0.462598 -0.725656 0.227726 -0.001294 1 0 1.000000
  0 159.875290 203.328186 173.570175 0.509339 -0.462598 -0.725656 0.519690 -0.001294 1 0 1.000000
  0 194.107178 53.583538 293.058197 0.509339 -0.462598 -0.725656 0.240802 0.371568 1 0 1.000000
Tree_03_leaves_old
  0 194.107178 53.583538 293.058197 0.509339 -0.462598 -0.725656 0.240802 0.371568 1 0 1.000000
  0 159.875290 203.328186 173.570175 0.509339 -0.462598 -0.725656 0.519690 -0.001294 1 0 1.000000
  0 266.590485 164.993668 275.476166 0.509339 -0.462598 -0.725656 0.512233 0.377407 1 0 1.000000
Tree_03_leaves_old
  0 194.107178 53.583538 293.058197 0.509339 -0.462598 -0.725656 0.240802 0.371568 1 0 1.000000
  0 266.590485 164.993668 275.476166 0.509339 -0.462598 -0.725656 0.512233 0.377407 1 0 1.000000
  0 361.528931 130.889648 366.136292 0.524236 -0.454696 -0.720020 0.505600 0.714319 1 0 1.000000
Tree_03_leaves_old
  0 192.184601 -7.766873 461.688110 0.502732 -0.814176 -0.290479 0.000000 0.713030 1 0 1.000000
  0 194.107178 53.583538 293.058197 0.502733 -0.814175 -0.290480 0.240802 0.371568 1 0 1.000000
  0 276.856781 61.561371 413.911987 0.502733 -0.814175 -0.290480 0.252800 0.713675 1 0 1.000000
Tree_03_leaves_old
  0 194.107178 53.583538 293.058197 0.502733 -0.814175 -0.290480 0.240802 0.371568 1 0 1.000000
  0 361.528931 130.889648 366.136292 0.502733 -0.814175 -0.290480 0.505600 0.714319 1 0 1.000000
  0 276.856781 61.561371 413.911987 0.502733 -0.814175 -0.290480 0.252800 0.713675 1 0 1.000000
Tree_03_leaves_old
  0 54.931545 15.980429 270.998169 0.642302 -0.430190 -0.634338 0.513002 -0.001294 1 0 1.000000
  0 28.458239 58.150124 212.313385 0.642302 -0.430190 -0.634338 0.730051 -0.001294 1 0 1.000000
  0 121.209030 80.714828 290.925964 0.642302 -0.430190 -0.634338 0.513002 0.355867 1 0 1.000000
Tree_03_leaves_old
  0 121.209030 80.714828 290.925964 0.642302 -0.430190 -0.634338 0.513002 0.355867 1 0 1.000000
  0 28.458239 58.150124 212.313385 0.642302 -0.430190 -0.634338 0.730051 -0.001294 1 0 1.000000
  0 94.861534 127.944763 235.498352 0.642302 -0.430190 -0.634338 0.742514 0.371568 1 0 1.000000
Tree_03_leaves_old
  0 121.209030 80.714828 290.925964 0.642302 -0.430190 -0.634338 0.513002 0.355867 1 0 1.000000
  0 94.861534 127.944763 235.498352 0.642302 -0.430190 -0.634338 0.742514 0.371568 1 0 1.000000
  0 176.605453 134.371490 308.570831 0.621525 -0.425337 -0.657872 0.513002 0.713030 1 0 1.000000
Tree_03_leaves_old
  0 28.458239 58.150124 212.313385 0.019224 0.289740 -0.956912 0.730051 -0.001294 1 0 1.000000
  0 -31.817720 116.109962 229.369965 0.019224 0.289740 -0.956912 1.008328 -0.001294 1 0 1.000000
  0 94.861534 127.944763 235.498352 0.019224 0.289740 -0.956912 0.742514 0.371568 1 0 1.000000
Tree_03_leaves_old
  0 94.861534 127.944763 235.498352 0.019224 0.289740 -0.956912 0.742514 0.371568 1 0 1.000000
  0 -31.817720 116.109962 229.369965 0.019224 0.289740 -0.956912 1.008328 -0.001294 1 0 1.000000
  0 39.814297 183.369125 250.456223 0.019224 0.289740 -0.956912 1.001221 0.377407 1 0 1.000000
Tree_03_leaves_old
  0 94.861534 127.944763 235.498352 0.019224 0.289740 -0.956912 0.742514 0.371568 1 0 1.000000
  0 39.814297 183.369125 250.456223 0.019224 0.289740 -0.956912 1.001221 0.377407 1 0 1.000000
  0 92.454079 232.023453 268.104889 0.042650 0.299586 -0.953115 0.994898 0.714319 1 0 1.000000
Tree_03_leaves_old
  0 176.605453 134.371490 308.570831 0.635545 0.244163 -0.732439 0.513002 0.713030 1 0 1.000000
  0 94.861534 127.944763 235.498352 0.635545 0.244165 -0.732439 0.742514 0.371568 1 0 1.000000
  0 134.529831 183.197418 288.337891 0.635545 0.244165 -0.732439 0.753950 0.713675 1 0 1.000000
Tree_03_leaves_old
  0 94.861534 127.944763 235.498352 0.635545 0.244165 -0.732439 0.742514 0.371568 1 0 1.000000
  0 92.454079 232.023453 268.104889 0.635545 0.244165 -0.732439 0.994898 0.714319 1 0 1.000000
  0 134.529831 183.197418 288.337891 0.635545 0.244165 -0.732439 0.753950 0.713675 1 0 1.000000
Tree_03_leaves_old
  0 142.698761 -109.885811 277.899048 0.369279 -0.315950 -0.873961 0.000000 -0.001294 1 0 1.000000
  0 139.090073 -9.189275 238.723083 0.369279 -0.315950 -0.873961 0.227726 -0.001294 1 0 1.000000
  0 257.969116 -77.822571 313.765564 0.369279 -0.315950 -0.873961 0.000000 0.355867 1 0 1.000000
Tree_03_leaves_old
  0 257.969116 -77.822571 313.765564 0.369279 -0.315950 -0.873961 0.000000 0.355867 1 0 1.000000
  0 139.090073 -9.189275 238.723083 0.369279 -0.315950 -0.873961 0.227726 -0.001294 1 0 1.000000
  0 258.486816 29.548462 276.415985 0.369279 -0.315950 -0.873961 0.240802 0.371568 1 0 1.000000
Tree_03_leaves_old
  0 257.969116 -77.822571 313.765564 0.369279 -0.315950 -0.873961 0.000000 0.355867 1 0 1.000000
  0 258.486816 29.548462 276.415985 0.369279 -0.315950 -0.873961 0.240802 0.371568 1 0 1.000000
  0 373.239014 -45.758209 349.631897 0.359739 -0.308097 -0.880718 0.000000 0.713030 1 0 1.000000
Tree_03_leaves_old
  0 139.090073 -9.189275 238.723083 0.142574 0.456664 -0.878140 0.227726 -0.001294 1 0 1.000000
  0 105.310890 99.310814 287.825378 0.142574 0.456664 -0.878140 0.519690 -0.001294 1 0 1.000000
  0 258.486816 29.548462 276.415985 0.142574 0.456664 -0.878140 0.240802 0.371568 1 0 1.000000
Tree_03_leaves_old
  0 258.486816 29.548462 276.415985 0.142574 0.456664 -0.878140 0.240802 0.371568 1 0 1.000000
  0 105.310890 99.310814 287.825378 0.142574 0.456664 -0.878140 0.519690 -0.001294 1 0 1.000000
  0 228.069336 130.306885 325.712494 0.142574 0.456664 -0.878140 0.512233 0.377407 1 0 1.000000
Tree_03_leaves_old
  0 258.486816 29.548462 276.415985 0.142574 0.456664 -0.878140 0.240802 0.371568 1 0 1.000000
  0 228.069336 130.306885 325.712494 0.142574 0.456664 -0.878140 0.512233 0.377407 1 0 1.000000
  0 337.280579 157.882385 359.418549 0.149557 0.470596 -0.869582 0.505600 0.714319 1 0 1.000000
Tree_03_leaves_old
  0 373.239014 -45.758209 349.631897 0.597493 0.143419 -0.788944 0.000000 0.713030 1 0 1.000000
  0 258.486816 29.548462 276.415985 0.597493 0.143420 -0.788944 0.240802 0.371568 1 0 1.000000
  0 355.259705 56.062134 354.525116 0.597493 0.143420 -0.788944 0.252800 0.713675 1 0 1.000000
Tree_03_leaves_old
  0 258.486816 29.548462 276.415985 0.597493 0.143420 -0.788944 0.240802 0.371568 1 0 1.000000
  0 337.280579 157.882385 359.418549 0.597493 0.143420 -0.788944 0.505600 0.714319 1 0 1.000000
  0 355.259705 56.062134 354.525116 0.597493 0.143420 -0.788944 0.252800 0.713675 1 0 1.000000
Tree_03_leaves_old
  0 190.800858 -6.005007 242.361115 -0.042615 -0.362905 -0.930851 0.730051 -0.001294 1 0 1.000000
  0 282.810699 -32.485657 251.698242 -0.042615 -0.362905 -0.930851 0.742514 0.371568 1 0 1.000000
  0 167.887039 -100.596382 283.513458 -0.042615 -0.362905 -0.930851 0.513002 -0.001294 1 0 1.000000
Tree_03_leaves_old
  0 167.887039 -100.596382 283.513458 -0.042615 -0.362905 -0.930851 0.513002 -0.001294 1 0 1.000000
  0 282.810699 -32.485657 251.698242 -0.042615 -0.362905 -0.930851 0.742514 0.371568 1 0 1.000000
  0 254.016296 -128.480865 287.215942 -0.042615 -0.362905 -0.930851 0.513002 0.355867 1 0 1.000000
Tree_03_leaves_old
  0 207.622253 82.885277 316.834839 0.237641 0.590369 -0.771357 1.008328 -0.001294 1 0 1.000000
  0 300.916534 50.904755 319.842407 0.237641 0.590369 -0.771357 1.001221 0.377407 1 0 1.000000
  0 190.800858 -6.005007 242.361115 0.237641 0.590369 -0.771357 0.730051 -0.001294 1 0 1.000000
Tree_03_leaves_old
  0 190.800858 -6.005007 242.361115 0.237641 0.590369 -0.771357 0.730051 -0.001294 1 0 1.000000
  0 300.916534 50.904755 319.842407 0.237641 0.590369 -0.771357 1.001221 0.377407 1 0 1.000000
  0 282.810699 -32.485657 251.698242 0.237641 0.590369 -0.771357 0.742514 0.371568 1 0 1.000000
Tree_03_leaves_old
  0 282.810699 -32.485657 251.698242 0.237641 0.590369 -0.771357 0.742514 0.371568 1 0 1.000000
  0 300.916534 50.904755 319.842407 0.237641 0.590369 -0.771357 1.001221 0.377407 1 0 1.000000
  0 398.155365 23.782658 328.937836 0.235512 0.583798 -0.776990 0.994898 0.714319 1 0 1.000000
Tree_03_leaves_old
  0 -144.798416 90.617615 498.997803 -0.835897 0.530160 -0.142149 0.670048 1.001106 1 0 1.000000
  0 -140.215912 56.681393 345.482117 -0.835896 0.530162 -0.142149 0.378385 0.868673 1 0 1.000000
  0 -186.270126 17.905321 471.680664 -0.835896 0.530162 -0.142149 0.670693 0.862075 1 0 1.000000
Tree_03_leaves_old
  0 -140.215912 56.681393 345.482117 -0.835896 0.530162 -0.142149 0.378385 0.868673 1 0 1.000000
  0 -227.741776 -54.806637 444.363464 -0.835896 0.530162 -0.142149 0.671337 0.723045 1 0 1.000000
  0 -186.270126 17.905321 471.680664 -0.835896 0.530162 -0.142149 0.670693 0.862075 1 0 1.000000
Tree_03_leaves_old
  0 -34.788040 65.841789 232.804565 -0.735042 0.152398 -0.660672 0.005523 0.875864 1 0 1.000000
  0 -45.476952 -42.663055 217.162720 -0.735042 0.152398 -0.660672 0.005522 0.715295 1 0 1.000000
  0 -140.215912 56.681393 345.482117 -0.735042 0.152398 -0.660672 0.378385 0.868673 1 0 1.000000
Tree_03_leaves_old
  0 -140.215912 56.681393 345.482117 -0.735042 0.152398 -0.660672 0.378385 0.868673 1 0 1.000000
  0 -45.476952 -42.663055 217.162720 -0.735042 0.152398 -0.660672 0.005522 0.715295 1 0 1.000000
  0 -148.933517 -46.103092 333.976624 -0.735042 0.152398 -0.660672 0.384224 0.719397 1 0 1.000000
Tree_03_leaves_old
  0 24.591190 113.115280 266.485046 -0.428023 0.859683 -0.278820 0.005523 1.001106 1 0 1.000000
  0 -34.788040 65.841789 232.804565 -0.428023 0.859683 -0.278820 0.005523 0.875864 1 0 1.000000
  0 -60.103569 101.866447 382.741333 -0.428023 0.859683 -0.278820 0.362683 1.001105 1 0 1.000000
Tree_03_leaves_old
  0 -60.103569 101.866447 382.741333 -0.428023 0.859683 -0.278820 0.362683 1.001105 1 0 1.000000
  0 -34.788040 65.841789 232.804565 -0.428023 0.859683 -0.278820 0.005523 0.875864 1 0 1.000000
  0 -140.215912 56.681393 345.482117 -0.428023 0.859683 -0.278820 0.378385 0.868673 1 0 1.000000
Tree_03_leaves_old
  0 185.752655 86.864044 394.978546 0.793166 0.448375 -0.412125 0.000000 0.713030 1 0 1.000000
  0 94.272316 147.212204 284.573975 0.793166 0.448375 -0.412125 0.240802 0.371568 1 0 1.000000
  0 136.994598 178.016693 400.310211 0.793166 0.448375 -0.412125 0.252800 0.713675 1 0 1.000000
Tree_03_leaves_old
  0 94.272316 147.212204 284.573975 0.793166 0.448375 -0.412125 0.240802 0.371568 1 0 1.000000
  0 88.236778 269.169312 405.642212 0.793166 0.448375 -0.412125 0.505600 0.714319 1 0 1.000000
  0 136.994598 178.016693 400.310211 0.793166 0.448375 -0.412125 0.252800 0.713675 1 0 1.000000
Tree_03_leaves_old
  0 19.267727 90.694748 193.157104 0.343239 0.657669 -0.670566 0.227726 -0.001294 1 0 1.000000
  0 -63.293716 174.815613 230.993912 0.343239 0.657669 -0.670566 0.519690 -0.001294 1 0 1.000000
  0 94.272316 147.212204 284.573975 0.343239 0.657669 -0.670566 0.240802 0.371568 1 0 1.000000
Tree_03_leaves_old
  0 94.272316 147.212204 284.573975 0.343239 0.657669 -0.670566 0.240802 0.371568 1 0 1.000000
  0 -63.293716 174.815613 230.993912 0.343239 0.657669 -0.670566 0.519690 -0.001294 1 0 1.000000
  0 16.896296 224.747543 323.417816 0.343239 0.657669 -0.670566 0.512233 0.377407 1 0 1.000000
Tree_03_leaves_old
  0 94.272316 147.212204 284.573975 0.343239 0.657669 -0.670566 0.240802 0.371568 1 0 1.000000
  0 16.896296 224.747543 323.417816 0.343239 0.657669 -0.670566 0.512233 0.377407 1 0 1.000000
  0 88.236778 269.169312 405.642212 0.341422 0.670637 -0.658541 0.505600 0.714319 1 0 1.000000
Tree_03_leaves_old
  0 37.214993 -12.386030 220.356812 0.773666 -0.021804 -0.633218 0.000000 -0.001294 1 0 1.000000
  0 19.267727 90.694748 193.157104 0.773666 -0.021804 -0.633218 0.227726 -0.001294 1 0 1.000000
  0 111.484154 37.238506 307.667877 0.773666 -0.021804 -0.633218 0.000000 0.355867 1 0 1.000000
Tree_03_leaves_old
  0 111.484154 37.238506 307.667877 0.773666 -0.021804 -0.633218 0.000000 0.355867 1 0 1.000000
  0 19.267727 90.694748 193.157104 0.773666 -0.021804 -0.633218 0.227726 -0.001294 1 0 1.000000
  0 94.272316 147.212204 284.573975 0.773666 -0.021804 -0.633218 0.240802 0.371568 1 0 1.000000
Tree_03_leaves_old
  0 111.484154 37.238506 307.667877 0.773666 -0.021804 -0.633218 0.000000 0.355867 1 0 1.000000
  0 94.272316 147.212204 284.573975 0.773666 -0.021804 -0.633218 0.240802 0.371568 1 0 1.000000
  0 185.752655 86.864044 394.978546 0.765846 -0.015133 -0.642846 0.000000 0.713030 1 0 1.000000
Tree_03_leaves_old
  0 230.115860 10.458241 546.408020 0.417134 0.906849 -0.060198 0.670048 1.001106 1 0 1.000000
  0 117.165565 55.799801 446.778198 0.417135 0.906849 -0.060198 0.378385 0.868673 1 0 1.000000
  0 157.204483 46.252975 580.406067 0.417135 0.906849 -0.060198 0.670693 0.862075 1 0 1.000000
Tree_03_leaves_old
  0 117.165565 55.799801 446.778198 0.417135 0.906849 -0.060198 0.378385 0.868673 1 0 1.000000
  0 84.293213 82.047684 614.403870 0.417135 0.906849 -0.060198 0.671337 0.723045 1 0 1.000000
  0 157.204483 46.252975 580.406067 0.417135 0.906849 -0.060198 0.670693 0.862075 1 0 1.000000
Tree_03_leaves_old
  0 58.322269 18.364317 312.751617 -0.141435 0.970102 -0.197228 0.005523 0.875864 1 0 1.000000
  0 -39.959877 15.739244 362.409943 -0.141435 0.970102 -0.197228 0.005522 0.715295 1 0 1.000000
  0 117.165565 55.799801 446.778198 -0.141435 0.970102 -0.197228 0.378385 0.868673 1 0 1.000000
Tree_03_leaves_old
  0 117.165565 55.799801 446.778198 -0.141435 0.970102 -0.197228 0.378385 0.868673 1 0 1.000000
  0 -39.959877 15.739244 362.409943 -0.141435 0.970102 -0.197228 0.005522 0.715295 1 0 1.000000
  0 25.794790 50.829819 495.765137 -0.141435 0.970102 -0.197228 0.384224 0.719397 1 0 1.000000
Tree_03_leaves_old
  0 117.165565 55.799801 446.778198 -0.141435 0.970102 -0.197228 0.378385 0.868673 1 0 1.000000
  0 25.794790 50.829819 495.765137 -0.141435 0.970102 -0.197228 0.384224 0.719397 1 0 1.000000
  0 84.293213 82.047684 614.403870 -0.150242 0.971821 -0.181637 0.671337 0.723045 1 0 1.000000
Tree_03_leaves_old
  0 110.149055 -57.718678 292.989319 0.663814 0.586935 -0.463529 0.005523 1.001106 1 0 1.000000
  0 58.322269 18.364317 312.751617 0.663814 0.586935 -0.463529 0.005523 0.875864 1 0 1.000000
  0 170.132401 -23.630192 419.698608 0.663814 0.586935 -0.463529 0.362683 1.001105 1 0 1.000000
Tree_03_leaves_old
  0 170.132401 -23.630192 419.698608 0.663814 0.586935 -0.463529 0.362683 1.001105 1 0 1.000000
  0 58.322269 18.364317 312.751617 0.663814 0.586935 -0.463529 0.005523 0.875864 1 0 1.000000
  0 117.165565 55.799801 446.778198 0.663814 0.586935 -0.463529 0.378385 0.868673 1 0 1.000000
Tree_03_leaves_old
  0 170.132401 -23.630192 419.698608 0.663814 0.586935 -0.463529 0.362683 1.001105 1 0 1.000000
  0 117.165565 55.799801 446.778198 0.663814 0.586935 -0.463529 0.378385 0.868673 1 0 1.000000
  0 230.115860 10.458241 546.408020 0.652601 0.595082 -0.469031 0.670048 1.001106 1 0 1.000000
Tree_03_leaves_old
  0 -126.734756 55.467213 486.678772 -0.957665 -0.177483 -0.226667 0.240802 0.371568 1 0 1.000000
  0 -115.114990 -54.175217 523.436768 -0.957665 -0.177483 -0.226667 0.512233 0.377407 1 0 1.000000
  0 -136.305695 -41.676289 603.180298 -0.957665 -0.177483 -0.226667 0.505600 0.714319 1 0 1.000000
Tree_03_leaves_old
  0 359.034424 -154.636902 296.532776 0.545072 0.032641 -0.837754 0.513002 0.713030 1 0 1.000000
  0 282.810699 -32.485657 251.698242 0.545072 0.032641 -0.837754 0.742514 0.371568 1 0 1.000000
  0 378.594879 -65.427246 312.735291 0.545072 0.032641 -0.837754 0.753950 0.713675 1 0 1.000000
Tree_03_leaves_old
  0 282.810699 -32.485657 251.698242 0.545072 0.032641 -0.837754 0.742514 0.371568 1 0 1.000000
  0 398.155365 23.782658 328.937836 0.545072 0.032641 -0.837754 0.994898 0.714319 1 0 1.000000
  0 378.594879 -65.427246 312.735291 0.545072 0.032641 -0.837754 0.753950 0.713675 1 0 1.000000
Tree_03_leaves_old
  0 -266.927734 102.870094 215.398834 -0.211540 0.322152 -0.922751 0.513002 0.713030 1 0 1.000000
  0 -168.983139 13.689775 161.810379 -0.211540 0.322152 -0.922751 0.742514 0.371568 1 0 1.000000
  0 -277.563843 19.771646 188.825790 -0.211540 0.322152 -0.922751 0.753950 0.713675 1 0 1.000000
Tree_03_leaves_old
  0 -168.983139 13.689775 161.810379 -0.211540 0.322152 -0.922751 0.742514 0.371568 1 0 1.000000
  0 -288.200073 -63.326984 162.252686 -0.211540 0.322152 -0.922751 0.994898 0.714319 1 0 1.000000
  0 -277.563843 19.771646 188.825790 -0.211540 0.322152 -0.922751 0.753950 0.713675 1 0 1.000000
Tree_03_leaves_old
  0 -168.962784 112.104843 248.887939 -0.830865 0.109288 -0.545637 0.000000 -0.001294 1 0 1.000000
  0 -181.476700 5.112499 244.539642 -0.830865 0.109288 -0.545637 0.227726 -0.001294 1 0 1.000000
  0 -239.079666 102.842384 351.828918 -0.830865 0.109288 -0.545637 0.000000 0.355867 1 0 1.000000
Tree_03_leaves_old
  0 -239.079666 102.842384 351.828918 -0.830865 0.109288 -0.545637 0.000000 0.355867 1 0 1.000000
  0 -181.476700 5.112499 244.539642 -0.830865 0.109288 -0.545637 0.227726 -0.001294 1 0 1.000000
  0 -253.408035 -9.591366 353.101288 -0.830865 0.109288 -0.545637 0.240802 0.371568 1 0 1.000000
Tree_03_leaves_old
  0 -239.079666 102.842384 351.828918 -0.830865 0.109288 -0.545637 0.000000 0.355867 1 0 1.000000
  0 -253.408035 -9.591366 353.101288 -0.830865 0.109288 -0.545637 0.240802 0.371568 1 0 1.000000
  0 -309.196167 93.578796 454.769653 -0.826550 0.099064 -0.554077 0.000000 0.713030 1 0 1.000000
Tree_03_leaves_old
  0 -181.476700 5.112499 244.539642 -0.591859 -0.657429 -0.466359 0.227726 -0.001294 1 0 1.000000
  0 -118.580147 -87.923660 292.415741 -0.591859 -0.657429 -0.466359 0.519690 -0.001294 1 0 1.000000
  0 -253.408035 -9.591366 353.101288 -0.591859 -0.657429 -0.466359 0.240802 0.371568 1 0 1.000000
Tree_03_leaves_old
  0 -253.408035 -9.591366 353.101288 -0.591859 -0.657429 -0.466359 0.240802 0.371568 1 0 1.000000
  0 -118.580147 -87.923660 292.415741 -0.591859 -0.657429 -0.466359 0.519690 -0.001294 1 0 1.000000
  0 -193.648453 -94.875343 400.940369 -0.591859 -0.657429 -0.466359 0.512233 0.377407 1 0 1.000000
Tree_03_leaves_old
  0 -253.408035 -9.591366 353.101288 -0.591859 -0.657429 -0.466359 0.240802 0.371568 1 0 1.000000
  0 -193.648453 -94.875343 400.940369 -0.591859 -0.657429 -0.466359 0.512233 0.377407 1 0 1.000000
  0 -260.432434 -101.059967 497.488708 -0.591405 -0.667875 -0.451866 0.505600 0.714319 1 0 1.000000
Tree_03_leaves_old
  0 -309.196167 93.578796 454.769653 -0.932482 -0.282911 -0.224587 0.000000 0.713030 1 0 1.000000
  0 -253.408035 -9.591366 353.101288 -0.932481 -0.282911 -0.224588 0.240802 0.371568 1 0 1.000000
  0 -284.814270 -3.740664 476.129089 -0.932481 -0.282911 -0.224588 0.252800 0.713675 1 0 1.000000
Tree_03_leaves_old
  0 -253.408035 -9.591366 353.101288 -0.932481 -0.282911 -0.224588 0.240802 0.371568 1 0 1.000000
  0 -260.432434 -101.059967 497.488708 -0.932481 -0.282911 -0.224588 0.505600 0.714319 1 0 1.000000
  0 -284.814270 -3.740664 476.129089 -0.932481 -0.282911 -0.224588 0.252800 0.713675 1 0 1.000000
Tree_03_leaves_old
  0 -129.562088 32.188419 264.519806 -0.678408 -0.217900 -0.701629 0.000000 -0.001294 1 0 1.000000
  0 -71.157425 -3.240308 217.873260 -0.678408 -0.217900 -0.701629 0.227726 -0.001294 1 0 1.000000
  0 -139.847305 -55.963291 300.663605 -0.678408 -0.217900 -0.701629 0.000000 0.355867 1 0 1.000000
Tree_03_leaves_old
  0 -139.847305 -55.963291 300.663605 -0.678408 -0.217900 -0.701629 0.000000 0.355867 1 0 1.000000
  0 -71.157425 -3.240308 217.873260 -0.678408 -0.217900 -0.701629 0.227726 -0.001294 1 0 1.000000
  0 -78.118996 -96.527863 254.753845 -0.678408 -0.217900 -0.701629 0.240802 0.371568 1 0 1.000000
Tree_03_leaves_old
  0 -139.847305 -55.963291 300.663605 -0.678408 -0.217900 -0.701629 0.000000 0.355867 1 0 1.000000
  0 -78.118996 -96.527863 254.753845 -0.678408 -0.217900 -0.701629 0.240802 0.371568 1 0 1.000000
  0 -150.131668 -144.115082 336.806976 -0.669494 -0.213594 -0.711446 0.000000 0.713030 1 0 1.000000
Tree_03_leaves_old
  0 -71.157425 -3.240308 217.873260 0.080680 -0.383064 -0.920191 0.227726 -0.001294 1 0 1.000000
  0 20.466980 -17.901346 230.666382 0.080680 -0.383064 -0.920191 0.519690 -0.001294 1 0 1.000000
  0 -78.118996 -96.527863 254.753845 0.080680 -0.383064 -0.920191 0.240802 0.371568 1 0 1.000000
Tree_03_leaves_old
  0 -78.118996 -96.527863 254.753845 0.080680 -0.383064 -0.920191 0.240802 0.371568 1 0 1.000000
  0 20.466980 -17.901346 230.666382 0.080680 -0.383064 -0.920191 0.519690 -0.001294 1 0 1.000000
  0 7.409291 -110.650787 269.475464 0.080680 -0.383064 -0.920191 0.512233 0.377407 1 0 1.000000
Tree_03_leaves_old
  0 -78.118996 -96.527863 254.753845 0.080680 -0.383064 -0.920191 0.240802 0.371568 1 0 1.000000
  0 7.409291 -110.650787 269.475464 0.080680 -0.383064 -0.920191 0.512233 0.377407 1 0 1.000000
  0 -4.207283 -193.164795 304.001770 0.092022 -0.395360 -0.913905 0.505600 0.714319 1 0 1.000000
Tree_03_leaves_old
  0 -150.131668 -144.115082 336.806976 -0.365679 -0.629204 -0.685843 0.000000 0.713030 1 0 1.000000
  0 -78.118996 -96.527863 254.753845 -0.365679 -0.629204 -0.685844 0.240802 0.371568 1 0 1.000000
  0 -77.169441 -168.639862 320.404266 -0.365679 -0.629204 -0.685844 0.252800 0.713675 1 0 1.000000
Tree_03_leaves_old
  0 -78.118996 -96.527863 254.753845 -0.365679 -0.629204 -0.685844 0.240802 0.371568 1 0 1.000000
  0 -4.207283 -193.164795 304.001770 -0.365679 -0.629204 -0.685844 0.505600 0.714319 1 0 1.000000
  0 -77.169441 -168.639862 320.404266 -0.365679 -0.629204 -0.685844 0.252800 0.713675 1 0 1.000000
Tree_03_leaves_old
  0 -6.472440 -61.032757 288.728516 -0.057726 0.724422 -0.686935 0.513002 -0.001294 1 0 1.000000
  0 -11.639506 -103.636620 243.152008 -0.057726 0.724422 -0.686935 0.730051 -0.001294 1 0 1.000000
  0 -83.720139 -62.410690 292.684937 -0.057726 0.724422 -0.686935 0.513002 0.355867 1 0 1.000000
Tree_03_leaves_old
  0 -83.720139 -62.410690 292.684937 -0.057726 0.724422 -0.686935 0.513002 0.355867 1 0 1.000000
  0 -11.639506 -103.636620 243.152008 -0.057726 0.724422 -0.686935 0.730051 -0.001294 1 0 1.000000
  0 -92.329170 -107.831924 246.590424 -0.057726 0.724422 -0.686935 0.742514 0.371568 1 0 1.000000
Tree_03_leaves_old
  0 -83.720139 -62.410690 292.684937 -0.057726 0.724422 -0.686935 0.513002 0.355867 1 0 1.000000
  0 -92.329170 -107.831924 246.590424 -0.057726 0.724422 -0.686935 0.742514 0.371568 1 0 1.000000
  0 -160.967850 -63.788990 296.641266 -0.048444 0.715961 -0.696457 0.513002 0.713030 1 0 1.000000
Tree_03_leaves_old
  0 -8.300423 -170.577866 261.231506 -0.040406 -0.278050 -0.959716 1.008328 -0.001294 1 0 1.000000
  0 -90.180672 -170.467499 265.821045 -0.040406 -0.278050 -0.959716 1.001221 0.377407 1 0 1.000000
  0 -11.639506 -103.636620 243.152008 -0.040406 -0.278050 -0.959716 0.730051 -0.001294 1 0 1.000000
Tree_03_leaves_old
  0 -11.639506 -103.636620 243.152008 -0.040406 -0.278050 -0.959716 0.730051 -0.001294 1 0 1.000000
  0 -90.180672 -170.467499 265.821045 -0.040406 -0.278050 -0.959716 1.001221 0.377407 1 0 1.000000
  0 -92.329170 -107.831924 246.590424 -0.040406 -0.278050 -0.959716 0.742514 0.371568 1 0 1.000000
Tree_03_leaves_old
  0 -92.329170 -107.831924 246.590424 -0.040406 -0.278050 -0.959716 0.742514 0.371568 1 0 1.000000
  0 -90.180672 -170.467499 265.821045 -0.040406 -0.278050 -0.959716 1.001221 0.377407 1 0 1.000000
  0 -163.025131 -170.369171 269.904114 -0.053874 -0.294765 -0.954050 0.994898 0.714319 1 0 1.000000
Tree_03_leaves_old
  0 -79.802162 156.020325 582.334106 -0.940324 0.313881 0.131411 0.000000 0.713030 1 0 1.000000
  0 -126.734756 55.467213 486.678772 -0.940324 0.313881 0.131411 0.240802 0.371568 1 0 1.000000
  0 -109.386040 58.915401 602.582886 -0.940324 0.313881 0.131411 0.252800 0.713675 1 0 1.000000
Tree_03_leaves_old
  0 -160.967850 -63.788990 296.641266 -0.477179 0.222490 -0.850176 0.513002 0.713030 1 0 1.000000
  0 -92.329170 -107.831924 246.590424 -0.477179 0.222490 -0.850176 0.742514 0.371568 1 0 1.000000
  0 -161.996475 -117.079018 283.272705 -0.477179 0.222490 -0.850176 0.753950 0.713675 1 0 1.000000
Tree_03_leaves_old
  0 -92.329170 -107.831924 246.590424 -0.477179 0.222490 -0.850176 0.742514 0.371568 1 0 1.000000
  0 -163.025131 -170.369171 269.904114 -0.477179 0.222490 -0.850176 0.994898 0.714319 1 0 1.000000
  0 -161.996475 -117.079018 283.272705 -0.477179 0.222490 -0.850176 0.753950 0.713675 1 0 1.000000
Tree_03_leaves_old
  0 -127.355850 28.886656 271.718170 -0.628399 0.485184 -0.608039 0.513002 -0.001294 1 0 1.000000
  0 -109.073151 -6.462386 223.394348 -0.628399 0.485184 -0.608039 0.730051 -0.001294 1 0 1.000000
  0 -181.942612 -24.457731 284.344421 -0.628399 0.485184 -0.608039 0.513002 0.355867 1 0 1.000000
Tree_03_leaves_old
  0 -181.942612 -24.457731 284.344421 -0.628399 0.485184 -0.608039 0.513002 0.355867 1 0 1.000000
  0 -109.073151 -6.462386 223.394348 -0.628399 0.485184 -0.608039 0.730051 -0.001294 1 0 1.000000
  0 -164.340256 -64.217201 235.648956 -0.628399 0.485184 -0.608039 0.742514 0.371568 1 0 1.000000
Tree_03_leaves_old
  0 -181.942612 -24.457731 284.344421 -0.628399 0.485184 -0.608039 0.513002 0.355867 1 0 1.000000
  0 -164.340256 -64.217201 235.648956 -0.628399 0.485184 -0.608039 0.742514 0.371568 1 0 1.000000
  0 -236.529221 -77.802338 296.970551 -0.617352 0.485149 -0.619280 0.513002 0.713030 1 0 1.000000
Tree_03_leaves_old
  0 -59.031628 -53.182346 234.893799 0.018509 -0.243010 -0.969847 1.008328 -0.001294 1 0 1.000000
  0 -117.890602 -108.566597 248.809814 0.018509 -0.243010 -0.969847 1.001221 0.377407 1 0 1.000000
  0 -109.073151 -6.462386 223.394348 0.018509 -0.243010 -0.969847 0.730051 -0.001294 1 0 1.000000
Tree_03_leaves_old
  0 -109.073151 -6.462386 223.394348 0.018509 -0.243010 -0.969847 0.730051 -0.001294 1 0 1.000000
  0 -117.890602 -108.566597 248.809814 0.018509 -0.243010 -0.969847 1.001221 0.377407 1 0 1.000000
  0 -164.340256 -64.217201 235.648956 0.018509 -0.243010 -0.969847 0.742514 0.371568 1 0 1.000000
Tree_03_leaves_old
  0 -164.340256 -64.217201 235.648956 0.018509 -0.243010 -0.969847 0.742514 0.371568 1 0 1.000000
  0 -117.890602 -108.566597 248.809814 0.018509 -0.243010 -0.969847 1.001221 0.377407 1 0 1.000000
  0 -170.254318 -157.838913 261.190186 0.020786 -0.264360 -0.964200 0.994898 0.714319 1 0 1.000000
Tree_03_leaves_old
  0 -53.056362 141.352173 475.767456 -0.747316 0.606665 -0.271063 0.000000 0.355867 1 0 1.000000
  0 -126.734756 55.467213 486.678772 -0.747316 0.606665 -0.271063 0.240802 0.371568 1 0 1.000000
  0 -79.802162 156.020325 582.334106 -0.747316 0.606665 -0.271063 0.000000 0.713030 1 0 1.000000
Tree_03_leaves_old
  0 -236.529221 -77.802338 296.970551 -0.619202 -0.170025 -0.766603 0.513002 0.713030 1 0 1.000000
  0 -164.340256 -64.217201 235.648956 -0.619202 -0.170025 -0.766603 0.742514 0.371568 1 0 1.000000
  0 -203.391830 -117.820572 279.080383 -0.619202 -0.170025 -0.766603 0.753950 0.713675 1 0 1.000000
Tree_03_leaves_old
  0 -164.340256 -64.217201 235.648956 -0.619202 -0.170025 -0.766603 0.742514 0.371568 1 0 1.000000
  0 -170.254318 -157.838913 261.190186 -0.619202 -0.170025 -0.766603 0.994898 0.714319 1 0 1.000000
  0 -203.391830 -117.820572 279.080383 -0.619202 -0.170025 -0.766603 0.753950 0.713675 1 0 1.000000
Tree_03_leaves_old
  0 -149.076233 70.734138 303.567810 -0.300030 0.701398 -0.646547 0.513002 -0.001294 1 0 1.000000
  0 -187.783432 0.551586 243.554749 -0.300030 0.701398 -0.646547 0.730051 -0.001294 1 0 1.000000
  0 -260.060852 75.209564 358.086731 -0.300030 0.701398 -0.646547 0.513002 0.355867 1 0 1.000000
Tree_03_leaves_old
  0 -260.060852 75.209564 358.086731 -0.300030 0.701398 -0.646547 0.513002 0.355867 1 0 1.000000
  0 -187.783432 0.551586 243.554749 -0.300030 0.701398 -0.646547 0.730051 -0.001294 1 0 1.000000
  0 -304.301361 0.787572 299.719299 -0.300030 0.701398 -0.646547 0.742514 0.371568 1 0 1.000000
Tree_03_leaves_old
  0 -260.060852 75.209564 358.086731 -0.300030 0.701398 -0.646547 0.513002 0.355867 1 0 1.000000
  0 -304.301361 0.787572 299.719299 -0.300030 0.701398 -0.646547 0.742514 0.371568 1 0 1.000000
  0 -371.045563 79.684448 412.605408 -0.295558 0.692130 -0.658484 0.513002 0.713030 1 0 1.000000
Tree_03_leaves_old
  0 -175.072296 -105.544945 273.721985 -0.425874 -0.309732 -0.850116 1.008328 -0.001294 1 0 1.000000
  0 -292.377380 -98.270905 331.957092 -0.425874 -0.309732 -0.850116 1.001221 0.377407 1 0 1.000000
  0 -187.783432 0.551586 243.554749 -0.425874 -0.309732 -0.850116 0.730051 -0.001294 1 0 1.000000
Tree_03_leaves_old
  0 -187.783432 0.551586 243.554749 -0.425874 -0.309732 -0.850116 0.730051 -0.001294 1 0 1.000000
  0 -292.377380 -98.270905 331.957092 -0.425874 -0.309732 -0.850116 1.001221 0.377407 1 0 1.000000
  0 -304.301361 0.787572 299.719299 -0.425874 -0.309732 -0.850116 0.742514 0.371568 1 0 1.000000
Tree_03_leaves_old
  0 -304.301361 0.787572 299.719299 -0.425874 -0.309732 -0.850116 0.742514 0.371568 1 0 1.000000
  0 -292.377380 -98.270905 331.957092 -0.425874 -0.309732 -0.850116 1.001221 0.377407 1 0 1.000000
  0 -396.737427 -91.799347 383.765686 -0.436562 -0.325507 -0.838725 0.994898 0.714319 1 0 1.000000
Tree_03_leaves_old
  0 -126.734756 55.467213 486.678772 -0.956885 0.256880 0.135586 0.240802 0.371568 1 0 1.000000
  0 -136.305695 -41.676289 603.180298 -0.956885 0.256880 0.135586 0.505600 0.714319 1 0 1.000000
  0 -109.386040 58.915401 602.582886 -0.956885 0.256880 0.135586 0.252800 0.713675 1 0 1.000000
Tree_03_leaves_old
  0 -371.045563 79.684448 412.605408 -0.766566 0.216522 -0.604562 0.513002 0.713030 1 0 1.000000
  0 -304.301361 0.787572 299.719299 -0.766566 0.216521 -0.604562 0.742514 0.371568 1 0 1.000000
  0 -383.891541 -6.057346 398.185608 -0.766566 0.216521 -0.604562 0.753950 0.713675 1 0 1.000000
Tree_03_leaves_old
  0 -304.301361 0.787572 299.719299 -0.766566 0.216521 -0.604562 0.742514 0.371568 1 0 1.000000
  0 -396.737427 -91.799347 383.765686 -0.766566 0.216521 -0.604562 0.994898 0.714319 1 0 1.000000
  0 -383.891541 -6.057346 398.185608 -0.766566 0.216521 -0.604562 0.753950 0.713675 1 0 1.000000
Tree_03_leaves_old
  0 -142.505280 73.147743 243.786163 -0.748575 -0.525835 -0.403897 0.000000 -0.001294 1 0 1.000000
  0 -73.955231 -6.121641 217.237549 -0.748575 -0.525835 -0.403897 0.227726 -0.001294 1 0 1.000000
  0 -155.722687 8.451264 349.811523 -0.748575 -0.525835 -0.403897 0.000000 0.355867 1 0 1.000000
Tree_03_leaves_old
  0 -155.722687 8.451264 349.811523 -0.748575 -0.525835 -0.403897 0.000000 0.355867 1 0 1.000000
  0 -73.955231 -6.121641 217.237549 -0.748575 -0.525835 -0.403897 0.227726 -0.001294 1 0 1.000000
  0 -82.972931 -76.063301 327.708344 -0.748575 -0.525835 -0.403897 0.240802 0.371568 1 0 1.000000
Tree_03_leaves_old
  0 -155.722687 8.451264 349.811523 -0.748575 -0.525835 -0.403897 0.000000 0.355867 1 0 1.000000
  0 -82.972931 -76.063301 327.708344 -0.748575 -0.525835 -0.403897 0.240802 0.371568 1 0 1.000000
  0 -168.939056 -56.245754 455.836487 -0.740389 -0.528797 -0.414967 0.000000 0.713030 1 0 1.000000
Tree_03_leaves_old
  0 -73.955231 -6.121641 217.237549 -0.021830 -0.850443 -0.525614 0.227726 -0.001294 1 0 1.000000
  0 47.455170 -22.253372 235.226868 -0.021830 -0.850443 -0.525614 0.519690 -0.001294 1 0 1.000000
  0 -82.972931 -76.063301 327.708344 -0.021830 -0.850443 -0.525614 0.240802 0.371568 1 0 1.000000
Tree_03_leaves_old
  0 -82.972931 -76.063301 327.708344 -0.021830 -0.850443 -0.525614 0.240802 0.371568 1 0 1.000000
  0 47.455170 -22.253372 235.226868 -0.021830 -0.850443 -0.525614 0.519690 -0.001294 1 0 1.000000
  0 30.715641 -89.483147 347.769196 -0.021830 -0.850443 -0.525614 0.512233 0.377407 1 0 1.000000
Tree_03_leaves_old
  0 -82.972931 -76.063301 327.708344 -0.021830 -0.850443 -0.525614 0.240802 0.371568 1 0 1.000000
  0 30.715641 -89.483147 347.769196 -0.021830 -0.850443 -0.525614 0.512233 0.377407 1 0 1.000000
  0 15.823585 -149.293716 447.891724 -0.010557 -0.857746 -0.513965 0.505600 0.714319 1 0 1.000000
Tree_03_leaves_old
  0 -168.939056 -56.245754 455.836487 -0.449249 -0.877919 -0.165631 0.000000 0.713030 1 0 1.000000
  0 -82.972931 -76.063301 327.708344 -0.449249 -0.877919 -0.165631 0.240802 0.371568 1 0 1.000000
  0 -76.557701 -102.769730 451.863922 -0.449249 -0.877919 -0.165631 0.252800 0.713675 1 0 1.000000
Tree_03_leaves_old
  0 -82.972931 -76.063301 327.708344 -0.449249 -0.877919 -0.165631 0.240802 0.371568 1 0 1.000000
  0 15.823585 -149.293716 447.891724 -0.449249 -0.877919 -0.165631 0.505600 0.714319 1 0 1.000000
  0 -76.557701 -102.769730 451.863922 -0.449249 -0.877919 -0.165631 0.252800 0.713675 1 0 1.000000
Tree_03_leaves_old
  0 -140.694717 68.757187 249.239197 -0.948261 0.260288 -0.181799 0.000000 -0.001294 1 0 1.000000
  0 -158.150558 6.625516 247.750488 -0.948261 0.260288 -0.181799 0.227726 -0.001294 1 0 1.000000
  0 -156.763565 63.453625 321.878967 -0.948261 0.260288 -0.181799 0.000000 0.355867 1 0 1.000000
Tree_03_leaves_old
  0 -156.763565 63.453625 321.878967 -0.948261 0.260288 -0.181799 0.000000 0.355867 1 0 1.000000
  0 -158.150558 6.625516 247.750488 -0.948261 0.260288 -0.181799 0.227726 -0.001294 1 0 1.000000
  0 -174.429184 -2.061816 323.803558 -0.948261 0.260288 -0.181799 0.240802 0.371568 1 0 1.000000
Tree_03_leaves_old
  0 -156.763565 63.453625 321.878967 -0.948261 0.260288 -0.181799 0.000000 0.355867 1 0 1.000000
  0 -174.429184 -2.061816 323.803558 -0.948261 0.260288 -0.181799 0.240802 0.371568 1 0 1.000000
  0 -172.832352 58.149342 394.518524 -0.949018 0.250263 -0.191660 0.000000 0.713030 1 0 1.000000
Tree_03_leaves_old
  0 -158.150558 6.625516 247.750488 -0.816253 -0.532951 -0.222924 0.227726 -0.001294 1 0 1.000000
  0 -120.955811 -56.428574 257.982910 -0.816253 -0.532951 -0.222924 0.519690 -0.001294 1 0 1.000000
  0 -174.429184 -2.061816 323.803558 -0.816253 -0.532951 -0.222924 0.240802 0.371568 1 0 1.000000
Tree_03_leaves_old
  0 -174.429184 -2.061816 323.803558 -0.816253 -0.532951 -0.222924 0.240802 0.371568 1 0 1.000000
  0 -120.955811 -56.428574 257.982910 -0.816253 -0.532951 -0.222924 0.519690 -0.001294 1 0 1.000000
  0 -138.276993 -60.256229 334.878052 -0.816253 -0.532951 -0.222924 0.512233 0.377407 1 0 1.000000
Tree_03_leaves_old
  0 -174.429184 -2.061816 323.803558 -0.816253 -0.532951 -0.222924 0.240802 0.371568 1 0 1.000000
  0 -138.276993 -60.256229 334.878052 -0.816253 -0.532951 -0.222924 0.512233 0.377407 1 0 1.000000
  0 -153.686554 -63.661522 403.287262 -0.812072 -0.544452 -0.210025 0.505600 0.714319 1 0 1.000000
Tree_03_leaves_old
  0 -172.832352 58.149342 394.518524 -0.979074 -0.143500 0.144294 0.000000 0.713030 1 0 1.000000
  0 -174.429184 -2.061816 323.803558 -0.979074 -0.143500 0.144294 0.240802 0.371568 1 0 1.000000
  0 -163.259460 -2.756135 398.902802 -0.979074 -0.143500 0.144294 0.252800 0.713675 1 0 1.000000
Tree_03_leaves_old
  0 -174.429184 -2.061816 323.803558 -0.979074 -0.143500 0.144294 0.240802 0.371568 1 0 1.000000
  0 -153.686554 -63.661522 403.287262 -0.979074 -0.143500 0.144294 0.505600 0.714319 1 0 1.000000
  0 -163.259460 -2.756135 398.902802 -0.979074 -0.143500 0.144294 0.252800 0.713675 1 0 1.000000
Tree_03_leaves_old
  0 -192.580994 -1.131980 300.563293 -0.776204 0.464693 -0.426109 0.000000 -0.001294 1 0 1.000000
  0 -163.747833 -4.443438 242.900940 -0.776204 0.464693 -0.426109 0.227726 -0.001294 1 0 1.000000
  0 -221.967880 -66.813774 280.937164 -0.776204 0.464693 -0.426109 0.000000 0.355867 1 0 1.000000
Tree_03_leaves_old
  0 -221.967880 -66.813774 280.937164 -0.776204 0.464693 -0.426109 0.000000 0.355867 1 0 1.000000
  0 -163.747833 -4.443438 242.900940 -0.776204 0.464693 -0.426109 0.227726 -0.001294 1 0 1.000000
  0 -192.090042 -73.829636 220.388489 -0.776204 0.464693 -0.426109 0.240802 0.371568 1 0 1.000000
Tree_03_leaves_old
  0 -221.967880 -66.813774 280.937164 -0.776204 0.464693 -0.426109 0.000000 0.355867 1 0 1.000000
  0 -192.090042 -73.829636 220.388489 -0.776204 0.464693 -0.426109 0.240802 0.371568 1 0 1.000000
  0 -251.354187 -132.495499 261.310577 -0.767248 0.472770 -0.433381 0.000000 0.713030 1 0 1.000000
Tree_03_leaves_old
  0 -163.747833 -4.443438 242.900940 -0.154304 0.349041 -0.924316 0.227726 -0.001294 1 0 1.000000
  0 -99.738937 -33.596268 220.164459 -0.154304 0.349041 -0.924316 0.519690 -0.001294 1 0 1.000000
  0 -192.090042 -73.829636 220.388489 -0.154304 0.349041 -0.924316 0.240802 0.371568 1 0 1.000000
Tree_03_leaves_old
  0 -192.090042 -73.829636 220.388489 -0.154304 0.349041 -0.924316 0.240802 0.371568 1 0 1.000000
  0 -99.738937 -33.596268 220.164459 -0.154304 0.349041 -0.924316 0.519690 -0.001294 1 0 1.000000
  0 -132.229965 -102.773483 200.507935 -0.154304 0.349041 -0.924316 0.512233 0.377407 1 0 1.000000
Tree_03_leaves_old
  0 -192.090042 -73.829636 220.388489 -0.154304 0.349041 -0.924316 0.240802 0.371568 1 0 1.000000
  0 -132.229965 -102.773483 200.507935 -0.154304 0.349041 -0.924316 0.512233 0.377407 1 0 1.000000
  0 -161.135269 -164.316544 183.020691 -0.147731 0.333913 -0.930955 0.505600 0.714319 1 0 1.000000
Tree_03_leaves_old
  0 -251.354187 -132.495499 261.310577 -0.631359 0.101512 -0.768818 0.000000 0.713030 1 0 1.000000
  0 -192.090042 -73.829636 220.388489 -0.631359 0.101512 -0.768818 0.240802 0.371568 1 0 1.000000
  0 -206.244690 -148.405930 222.165588 -0.631359 0.101512 -0.768818 0.252800 0.713675 1 0 1.000000
Tree_03_leaves_old
  0 -192.090042 -73.829636 220.388489 -0.631359 0.101512 -0.768818 0.240802 0.371568 1 0 1.000000
  0 -161.135269 -164.316544 183.020691 -0.631359 0.101512 -0.768818 0.505600 0.714319 1 0 1.000000
  0 -206.244690 -148.405930 222.165588 -0.631359 0.101512 -0.768818 0.252800 0.713675 1 0 1.000000
Tree_03_leaves_old
  0 -181.355179 57.478436 229.008942 -0.033596 -0.277855 -0.960035 0.000000 -0.001294 1 0 1.000000
  0 -165.463272 1.532521 244.013641 -0.033596 -0.277855 -0.960035 0.227726 -0.001294 1 0 1.000000
  0 -245.970047 33.645142 237.536865 -0.033596 -0.277855 -0.960035 0.000000 0.355867 1 0 1.000000
Tree_03_leaves_old
  0 -245.970047 33.645142 237.536865 -0.033596 -0.277855 -0.960035 0.000000 0.355867 1 0 1.000000
  0 -165.463272 1.532521 244.013641 -0.033596 -0.277855 -0.960035 0.227726 -0.001294 1 0 1.000000
  0 -232.196762 -25.525126 254.811188 -0.033596 -0.277855 -0.960035 0.240802 0.371568 1 0 1.000000
Tree_03_leaves_old
  0 -245.970047 33.645142 237.536865 -0.033596 -0.277855 -0.960035 0.000000 0.355867 1 0 1.000000
  0 -232.196762 -25.525126 254.811188 -0.033596 -0.277855 -0.960035 0.240802 0.371568 1 0 1.000000
  0 -310.584564 9.811361 246.065125 -0.021447 -0.284777 -0.958354 0.000000 0.713030 1 0 1.000000
Tree_03_leaves_old
  0 -165.463272 1.532521 244.013641 0.254086 -0.846491 -0.467860 0.227726 -0.001294 1 0 1.000000
  0 -152.674088 -29.006165 304.296600 0.254086 -0.846491 -0.467860 0.519690 -0.001294 1 0 1.000000
  0 -232.196762 -25.525126 254.811188 0.254086 -0.846491 -0.467860 0.240802 0.371568 1 0 1.000000
Tree_03_leaves_old
  0 -232.196762 -25.525126 254.811188 0.254086 -0.846491 -0.467860 0.240802 0.371568 1 0 1.000000
  0 -152.674088 -29.006165 304.296600 0.254086 -0.846491 -0.467860 0.519690 -0.001294 1 0 1.000000
  0 -221.597153 -53.036224 312.258789 0.254086 -0.846491 -0.467860 0.512233 0.377407 1 0 1.000000
Tree_03_leaves_old
  0 -232.196762 -25.525126 254.811188 0.254086 -0.846491 -0.467860 0.240802 0.371568 1 0 1.000000
  0 -221.597153 -53.036224 312.258789 0.254086 -0.846491 -0.467860 0.512233 0.377407 1 0 1.000000
  0 -282.914124 -74.414444 319.342377 0.245791 -0.855800 -0.455185 0.505600 0.714319 1 0 1.000000
Tree_03_leaves_old
  0 -310.584564 9.811361 246.065125 -0.229203 -0.680666 -0.695816 0.000000 0.713030 1 0 1.000000
  0 -232.196762 -25.525126 254.811188 -0.229203 -0.680666 -0.695816 0.240802 0.371568 1 0 1.000000
  0 -296.749237 -32.301563 282.703735 -0.229203 -0.680666 -0.695816 0.252800 0.713675 1 0 1.000000
Tree_03_leaves_old
  0 -232.196762 -25.525126 254.811188 -0.229203 -0.680666 -0.695816 0.240802 0.371568 1 0 1.000000
  0 -282.914124 -74.414444 319.342377 -0.229203 -0.680666 -0.695816 0.505600 0.714319 1 0 1.000000
  0 -296.749237 -32.301563 282.703735 -0.229203 -0.680666 -0.695816 0.252800 0.713675 1 0 1.000000
Tree_03_leaves_old
  0 -100.842285 41.463730 244.854034 -0.642276 -0.700896 -0.310204 0.005523 1.001106 1 0 1.000000
  0 -74.331238 -5.810072 218.453949 -0.642276 -0.700896 -0.310204 0.005523 0.875864 1 0 1.000000
  0 -148.946716 -29.905827 289.173431 -0.642276 -0.700896 -0.310204 0.362683 1.001105 1 0 1.000000
Tree_03_leaves_old
  0 -148.946716 -29.905827 289.173431 -0.642276 -0.700896 -0.310204 0.362683 1.001105 1 0 1.000000
  0 -74.331238 -5.810072 218.453949 -0.642276 -0.700896 -0.310204 0.005523 0.875864 1 0 1.000000
  0 -122.714294 -82.053024 264.573700 -0.642276 -0.700896 -0.310204 0.378385 0.868673 1 0 1.000000
Tree_03_leaves_old
  0 -148.946716 -29.905827 289.173431 -0.642276 -0.700896 -0.310204 0.362683 1.001105 1 0 1.000000
  0 -122.714294 -82.053024 264.573700 -0.642276 -0.700896 -0.310204 0.378385 0.868673 1 0 1.000000
  0 -197.051208 -101.275444 333.492920 -0.634206 -0.703612 -0.320489 0.670048 1.001106 1 0 1.000000
Tree_03_leaves_old
  0 -74.331238 -5.810072 218.453949 0.139595 -0.898130 -0.416985 0.005523 0.875864 1 0 1.000000
  0 -27.870359 -27.519878 238.968384 0.139595 -0.898130 -0.416985 0.005522 0.715295 1 0 1.000000
  0 -122.714294 -82.053024 264.573700 0.139595 -0.898130 -0.416985 0.378385 0.868673 1 0 1.000000
Tree_03_leaves_old
  0 -122.714294 -82.053024 264.573700 0.139595 -0.898130 -0.416985 0.378385 0.868673 1 0 1.000000
  0 -27.870359 -27.519878 238.968384 0.139595 -0.898130 -0.416985 0.005522 0.715295 1 0 1.000000
  0 -79.922966 -102.204086 286.045135 0.139595 -0.898130 -0.416985 0.384224 0.719397 1 0 1.000000
Tree_03_leaves_old
  0 -122.714294 -82.053024 264.573700 0.139595 -0.898130 -0.416985 0.378385 0.868673 1 0 1.000000
  0 -79.922966 -102.204086 286.045135 0.139595 -0.898130 -0.416985 0.384224 0.719397 1 0 1.000000
  0 -126.231316 -168.646378 327.926788 0.152901 -0.901473 -0.404929 0.671337 0.723045 1 0 1.000000
Tree_03_leaves_old
  0 -197.051208 -101.275444 333.492920 -0.291491 -0.955107 -0.052940 0.670048 1.001106 1 0 1.000000
  0 -122.714294 -82.053024 264.573700 -0.291492 -0.955107 -0.052940 0.378385 0.868673 1 0 1.000000
  0 -161.641235 -134.960983 330.709900 -0.291492 -0.955107 -0.052940 0.670693 0.862075 1 0 1.000000
Tree_03_leaves_old
  0 -122.714294 -82.053024 264.573700 -0.291492 -0.955107 -0.052940 0.378385 0.868673 1 0 1.000000
  0 -126.231316 -168.646378 327.926788 -0.291492 -0.955107 -0.052940 0.671337 0.723045 1 0 1.000000
  0 -161.641235 -134.960983 330.709900 -0.291492 -0.955107 -0.052940 0.670693 0.862075 1 0 1.000000
Tree_03_leaves_old
  0 63.214024 -49.555496 430.378540 0.646491 0.706583 -0.287733 0.513002 -0.001294 1 0 1.000000
  0 -10.288697 24.696819 437.727112 0.646491 0.706583 -0.287733 0.730051 -0.001294 1 0 1.000000
  0 100.264801 -29.791126 552.317810 0.646491 0.706583 -0.287733 0.513002 0.355867 1 0 1.000000
Tree_03_leaves_old
  0 100.264801 -29.791126 552.317810 0.646491 0.706583 -0.287733 0.513002 0.355867 1 0 1.000000
  0 -10.288697 24.696819 437.727112 0.646491 0.706583 -0.287733 0.730051 -0.001294 1 0 1.000000
  0 24.245024 41.719154 566.963562 0.646491 0.706583 -0.287733 0.742514 0.371568 1 0 1.000000
Tree_03_leaves_old
  0 100.264801 -29.791126 552.317810 0.646491 0.706583 -0.287733 0.513002 0.355867 1 0 1.000000
  0 24.245024 41.719154 566.963562 0.646491 0.706583 -0.287733 0.742514 0.371568 1 0 1.000000
  0 131.779541 -14.642296 654.150696 0.622271 0.722981 -0.300129 0.513002 0.713030 1 0 1.000000
Tree_03_leaves_old
  0 -10.288697 24.696819 437.727112 -0.299441 0.952658 -0.052699 0.730051 -0.001294 1 0 1.000000
  0 -115.151085 -7.115932 476.218140 -0.299441 0.952658 -0.052699 1.008328 -0.001294 1 0 1.000000
  0 24.245024 41.719154 566.963562 -0.299441 0.952658 -0.052699 0.742514 0.371568 1 0 1.000000
Tree_03_leaves_old
  0 24.245024 41.719154 566.963562 -0.299441 0.952658 -0.052699 0.742514 0.371568 1 0 1.000000
  0 -115.151085 -7.115932 476.218140 -0.299441 0.952658 -0.052699 1.008328 -0.001294 1 0 1.000000
  0 -73.371178 14.105714 604.707581 -0.299441 0.952658 -0.052699 1.001221 0.377407 1 0 1.000000
Tree_03_leaves_old
  0 24.245024 41.719154 566.963562 -0.299441 0.952658 -0.052699 0.742514 0.371568 1 0 1.000000
  0 -73.371178 14.105714 604.707581 -0.299441 0.952658 -0.052699 1.001221 0.377407 1 0 1.000000
  0 -41.619934 26.770170 699.178894 -0.283863 0.958295 -0.033061 0.994898 0.714319 1 0 1.000000
Tree_03_leaves_old
  0 131.779541 -14.642296 654.150696 0.285278 0.926117 0.246827 0.513002 0.713030 1 0 1.000000
  0 24.245024 41.719154 566.963562 0.285277 0.926117 0.246827 0.742514 0.371568 1 0 1.000000
  0 45.079926 6.063906 676.664734 0.285277 0.926117 0.246827 0.753950 0.713675 1 0 1.000000
Tree_03_leaves_old
  0 24.245024 41.719154 566.963562 0.285277 0.926117 0.246827 0.742514 0.371568 1 0 1.000000
  0 -41.619934 26.770170 699.178894 0.285277 0.926117 0.246827 0.994898 0.714319 1 0 1.000000
  0 45.079926 6.063906 676.664734 0.285277 0.926117 0.246827 0.753950 0.713675 1 0 1.000000
Tree_03_leaves_old
  0 -68.172974 -13.349989 271.241882 -0.729727 -0.265480 -0.630094 0.000000 -0.001294 1 0 1.000000
  0 -0.813758 -43.924614 204.483582 -0.729727 -0.265480 -0.630094 0.227726 -0.001294 1 0 1.000000
  0 -63.406826 -130.552399 313.473328 -0.729727 -0.265480 -0.630094 0.000000 0.355867 1 0 1.000000
Tree_03_leaves_old
  0 -63.406826 -130.552399 313.473328 -0.729727 -0.265480 -0.630094 0.000000 0.355867 1 0 1.000000
  0 -0.813758 -43.924614 204.483582 -0.729727 -0.265480 -0.630094 0.227726 -0.001294 1 0 1.000000
  0 8.554821 -167.039047 247.136017 -0.729727 -0.265480 -0.630094 0.240802 0.371568 1 0 1.000000
Tree_03_leaves_old
  0 -63.406826 -130.552399 313.473328 -0.729727 -0.265480 -0.630094 0.000000 0.355867 1 0 1.000000
  0 8.554821 -167.039047 247.136017 -0.729727 -0.265480 -0.630094 0.240802 0.371568 1 0 1.000000
  0 -58.639736 -247.754730 355.704132 -0.722454 -0.260205 -0.640589 0.000000 0.713030 1 0 1.000000
Tree_03_leaves_old
  0 -0.813758 -43.924614 204.483582 0.101332 -0.330439 -0.938372 0.227726 -0.001294 1 0 1.000000
  0 106.375153 -43.536480 214.209076 0.101332 -0.330439 -0.938372 0.519690 -0.001294 1 0 1.000000
  0 8.554821 -167.039047 247.136017 0.101332 -0.330439 -0.938372 0.240802 0.371568 1 0 1.000000
Tree_03_leaves_old
  0 8.554821 -167.039047 247.136017 0.101332 -0.330439 -0.938372 0.240802 0.371568 1 0 1.000000
  0 106.375153 -43.536480 214.209076 0.101332 -0.330439 -0.938372 0.519690 -0.001294 1 0 1.000000
  0 108.924889 -167.374161 259.805450 0.101332 -0.330439 -0.938372 0.512233 0.377407 1 0 1.000000
Tree_03_leaves_old
  0 8.554821 -167.039047 247.136017 0.101332 -0.330439 -0.938372 0.240802 0.371568 1 0 1.000000
  0 108.924889 -167.374161 259.805450 0.101332 -0.330439 -0.938372 0.512233 0.377407 1 0 1.000000
  0 111.193314 -277.545563 300.369965 0.116604 -0.341046 -0.932787 0.505600 0.714319 1 0 1.000000
Tree_03_leaves_old
  0 -58.639736 -247.754730 355.704132 -0.336794 -0.643803 -0.687087 0.000000 0.713030 1 0 1.000000
  0 8.554821 -167.039047 247.136017 -0.336794 -0.643802 -0.687087 0.240802 0.371568 1 0 1.000000
  0 26.276844 -262.650024 328.036957 -0.336794 -0.643802 -0.687087 0.252800 0.713675 1 0 1.000000
Tree_03_leaves_old
  0 8.554821 -167.039047 247.136017 -0.336794 -0.643802 -0.687087 0.240802 0.371568 1 0 1.000000
  0 111.193314 -277.545563 300.369965 -0.336794 -0.643802 -0.687087 0.505600 0.714319 1 0 1.000000
  0 26.276844 -262.650024 328.036957 -0.336794 -0.643802 -0.687087 0.252800 0.713675 1 0 1.000000
Tree_03_leaves_old
  0 -205.480911 -100.545715 285.710846 -0.472084 -0.258227 -0.842885 0.513002 0.713030 1 0 1.000000
  0 -95.198708 -119.247337 229.673401 -0.472083 -0.258228 -0.842885 0.742514 0.371568 1 0 1.000000
  0 -164.012772 -165.279297 282.317230 -0.472083 -0.258228 -0.842885 0.753950 0.713675 1 0 1.000000
Tree_03_leaves_old
  0 -95.198708 -119.247337 229.673401 -0.472083 -0.258228 -0.842885 0.742514 0.371568 1 0 1.000000
  0 -122.544502 -230.013031 278.923645 -0.472083 -0.258228 -0.842885 0.994898 0.714319 1 0 1.000000
  0 -164.012772 -165.279297 282.317230 -0.472083 -0.258228 -0.842885 0.753950 0.713675 1 0 1.000000
Tree_03_leaves_old
  0 -55.376743 -45.488644 279.861542 -0.703687 0.033844 -0.709703 0.513002 -0.001294 1 0 1.000000
  0 0.096797 -63.157127 220.857422 -0.703687 0.033844 -0.709703 0.730051 -0.001294 1 0 1.000000
  0 -76.762405 -144.395737 293.191071 -0.703687 0.033844 -0.709703 0.513002 0.355867 1 0 1.000000
Tree_03_leaves_old
  0 -76.762405 -144.395737 293.191071 -0.703687 0.033844 -0.709703 0.513002 0.355867 1 0 1.000000
  0 0.096797 -63.157127 220.857422 -0.703687 0.033844 -0.709703 0.730051 -0.001294 1 0 1.000000
  0 -18.687302 -166.854919 237.695496 -0.703687 0.033844 -0.709703 0.742514 0.371568 1 0 1.000000
Tree_03_leaves_old
  0 -76.762405 -144.395737 293.191071 -0.703687 0.033844 -0.709703 0.513002 0.355867 1 0 1.000000
  0 -18.687302 -166.854919 237.695496 -0.703687 0.033844 -0.709703 0.742514 0.371568 1 0 1.000000
  0 -95.019897 -226.729507 305.385712 -0.681506 0.042920 -0.730553 0.513002 0.713030 1 0 1.000000
Tree_03_leaves_old
  0 0.096797 -63.157127 220.857422 0.246001 -0.191703 -0.950123 0.730051 -0.001294 1 0 1.000000
  0 86.606995 -79.433311 247.319031 0.246001 -0.191703 -0.950123 1.008328 -0.001294 1 0 1.000000
  0 -18.687302 -166.854919 237.695496 0.246001 -0.191703 -0.950123 0.742514 0.371568 1 0 1.000000
Tree_03_leaves_old
  0 -18.687302 -166.854919 237.695496 0.246001 -0.191703 -0.950123 0.742514 0.371568 1 0 1.000000
  0 86.606995 -79.433311 247.319031 0.246001 -0.191703 -0.950123 1.008328 -0.001294 1 0 1.000000
  0 61.900684 -183.895401 261.220276 0.246001 -0.191703 -0.950123 1.001221 0.377407 1 0 1.000000
Tree_03_leaves_old
  0 -18.687302 -166.854919 237.695496 0.246001 -0.191703 -0.950123 0.742514 0.371568 1 0 1.000000
  0 61.900684 -183.895401 261.220276 0.246001 -0.191703 -0.950123 1.001221 0.377407 1 0 1.000000
  0 43.037640 -260.115540 273.731842 0.231967 -0.213198 -0.949072 0.994898 0.714319 1 0 1.000000
Tree_03_leaves_old
  0 -95.019897 -226.729507 305.385712 -0.307807 -0.513281 -0.801123 0.513002 0.713030 1 0 1.000000
  0 -18.687302 -166.854919 237.695496 -0.307807 -0.513281 -0.801123 0.742514 0.371568 1 0 1.000000
  0 -25.991222 -243.422501 289.558807 -0.307807 -0.513281 -0.801123 0.753950 0.713675 1 0 1.000000
Tree_03_leaves_old
  0 -18.687302 -166.854919 237.695496 -0.307807 -0.513281 -0.801123 0.742514 0.371568 1 0 1.000000
  0 43.037640 -260.115540 273.731842 -0.307807 -0.513281 -0.801123 0.994898 0.714319 1 0 1.000000
  0 -25.991222 -243.422501 289.558807 -0.307807 -0.513281 -0.801123 0.753950 0.713675 1 0 1.000000
Tree_03_leaves_old
  0 59.142864 76.135612 266.204407 0.795580 0.597731 0.098843 0.005523 1.001106 1 0 1.000000
  0 36.226910 109.233414 254.149017 0.795580 0.597731 0.098843 0.005523 0.875864 1 0 1.000000
  0 24.235651 113.274673 326.227051 0.795580 0.597731 0.098843 0.362683 1.001105 1 0 1.000000
Tree_03_leaves_old
  0 24.235651 113.274673 326.227051 0.795580 0.597731 0.098843 0.362683 1.001105 1 0 1.000000
  0 36.226910 109.233414 254.149017 0.795580 0.597731 0.098843 0.005523 0.875864 1 0 1.000000
  0 -1.698921 148.913834 315.805389 0.795580 0.597731 0.098843 0.378385 0.868673 1 0 1.000000
Tree_03_leaves_old
  0 24.235651 113.274673 326.227051 0.795580 0.597731 0.098843 0.362683 1.001105 1 0 1.000000
  0 -1.698921 148.913834 315.805389 0.795580 0.597731 0.098843 0.378385 0.868673 1 0 1.000000
  0 -10.671607 150.413788 386.249695 0.792981 0.602833 0.088168 0.670048 1.001106 1 0 1.000000
Tree_03_leaves_old
  0 36.226910 109.233414 254.149017 0.234553 0.880719 -0.411484 0.005523 0.875864 1 0 1.000000
  0 -4.523839 109.571907 229.989746 0.234553 0.880719 -0.411484 0.005522 0.715295 1 0 1.000000
  0 -1.698921 148.913834 315.805389 0.234553 0.880719 -0.411484 0.378385 0.868673 1 0 1.000000
Tree_03_leaves_old
  0 -1.698921 148.913834 315.805389 0.234553 0.880719 -0.411484 0.378385 0.868673 1 0 1.000000
  0 -4.523839 109.571907 229.989746 0.234553 0.880719 -0.411484 0.005522 0.715295 1 0 1.000000
  0 -40.690102 148.432846 294.205383 0.234553 0.880719 -0.411484 0.384224 0.719397 1 0 1.000000
Tree_03_leaves_old
  0 -1.698921 148.913834 315.805389 0.234553 0.880719 -0.411484 0.378385 0.868673 1 0 1.000000
  0 -40.690102 148.432846 294.205383 0.234553 0.880719 -0.411484 0.384224 0.719397 1 0 1.000000
  0 -72.865303 183.005203 351.334534 0.217689 0.884492 -0.412657 0.671337 0.723045 1 0 1.000000
Tree_03_leaves_old
  0 -338.263000 131.331665 235.245667 -0.360090 -0.094118 -0.928158 0.513002 0.713030 1 0 1.000000
  0 -216.703857 4.222974 200.974548 -0.360090 -0.094118 -0.928158 0.742514 0.371568 1 0 1.000000
  0 -347.216034 22.445164 249.760498 -0.360090 -0.094118 -0.928158 0.753950 0.713675 1 0 1.000000
Tree_03_leaves_old
  0 -216.703857 4.222974 200.974548 -0.360090 -0.094118 -0.928158 0.742514 0.371568 1 0 1.000000
  0 -356.169037 -86.441650 264.275391 -0.360090 -0.094118 -0.928158 0.994898 0.714319 1 0 1.000000
  0 -347.216034 22.445164 249.760498 -0.360090 -0.094118 -0.928158 0.753950 0.713675 1 0 1.000000
Tree_03_leaves_old
  0 -18.478022 -126.065636 434.478577 0.547212 -0.797681 -0.253502 0.000000 -0.001294 1 0 1.000000
  0 43.279514 -64.698822 370.387268 0.547212 -0.797681 -0.253502 0.227726 -0.001294 1 0 1.000000
  0 66.102814 -97.134789 521.718506 0.547212 -0.797681 -0.253502 0.000000 0.355867 1 0 1.000000
Tree_03_leaves_old
  0 66.102814 -97.134789 521.718506 0.547212 -0.797681 -0.253502 0.000000 0.355867 1 0 1.000000
  0 43.279514 -64.698822 370.387268 0.547212 -0.797681 -0.253502 0.227726 -0.001294 1 0 1.000000
  0 133.154404 -29.903517 459.205872 0.547212 -0.797681 -0.253502 0.240802 0.371568 1 0 1.000000
Tree_03_leaves_old
  0 66.102814 -97.134789 521.718506 0.547212 -0.797681 -0.253502 0.000000 0.355867 1 0 1.000000
  0 133.154404 -29.903517 459.205872 0.547212 -0.797681 -0.253502 0.240802 0.371568 1 0 1.000000
  0 150.683899 -68.203056 608.957581 0.546798 -0.793563 -0.266963 0.000000 0.713030 1 0 1.000000
Tree_03_leaves_old
  0 43.279514 -64.698822 370.387268 0.730944 -0.133097 -0.669332 0.227726 -0.001294 1 0 1.000000
  0 44.133434 56.421589 344.824646 0.730944 -0.133097 -0.669332 0.519690 -0.001294 1 0 1.000000
  0 133.154404 -29.903517 459.205872 0.730944 -0.133097 -0.669332 0.240802 0.371568 1 0 1.000000
Tree_03_leaves_old
  0 133.154404 -29.903517 459.205872 0.730944 -0.133097 -0.669332 0.240802 0.371568 1 0 1.000000
  0 44.133434 56.421589 344.824646 0.730944 -0.133097 -0.669332 0.519690 -0.001294 1 0 1.000000
  0 132.917130 84.479385 438.611816 0.730944 -0.133097 -0.669332 0.512233 0.377407 1 0 1.000000
Tree_03_leaves_old
  0 133.154404 -29.903517 459.205872 0.730944 -0.133097 -0.669332 0.240802 0.371568 1 0 1.000000
  0 132.917130 84.479385 438.611816 0.730944 -0.133097 -0.669332 0.512233 0.377407 1 0 1.000000
  0 211.902893 109.440964 522.049072 0.738523 -0.117987 -0.663824 0.505600 0.714319 1 0 1.000000
Tree_03_leaves_old
  0 150.683899 -68.203056 608.957581 0.888750 -0.408256 -0.208447 0.000000 0.713030 1 0 1.000000
  0 133.154404 -29.903517 459.205872 0.888750 -0.408256 -0.208447 0.240802 0.371568 1 0 1.000000
  0 181.293335 20.618940 565.503113 0.888750 -0.408256 -0.208447 0.252800 0.713675 1 0 1.000000
Tree_03_leaves_old
  0 133.154404 -29.903517 459.205872 0.888750 -0.408256 -0.208447 0.240802 0.371568 1 0 1.000000
  0 211.902893 109.440964 522.049072 0.888750 -0.408256 -0.208447 0.505600 0.714319 1 0 1.000000
  0 181.293335 20.618940 565.503113 0.888750 -0.408256 -0.208447 0.252800 0.713675 1 0 1.000000
Tree_03_leaves_old
  0 -41.331524 -117.742973 443.436707 -0.112592 -0.838176 -0.533651 0.000000 -0.001294 1 0 1.000000
  0 45.150867 -102.161575 398.854797 -0.112592 -0.838176 -0.533651 0.227726 -0.001294 1 0 1.000000
  0 21.471764 -175.401688 518.884949 -0.112592 -0.838176 -0.533651 0.000000 0.355867 1 0 1.000000
Tree_03_leaves_old
  0 21.471764 -175.401688 518.884949 -0.112592 -0.838176 -0.533651 0.000000 0.355867 1 0 1.000000
  0 45.150867 -102.161575 398.854797 -0.112592 -0.838176 -0.533651 0.227726 -0.001294 1 0 1.000000
  0 114.871506 -159.945023 476.764771 -0.112592 -0.838176 -0.533651 0.240802 0.371568 1 0 1.000000
Tree_03_leaves_old
  0 21.471764 -175.401688 518.884949 -0.112592 -0.838176 -0.533651 0.000000 0.355867 1 0 1.000000
  0 114.871506 -159.945023 476.764771 -0.112592 -0.838176 -0.533651 0.240802 0.371568 1 0 1.000000
  0 84.275887 -233.059830 594.332642 -0.108278 -0.831307 -0.545164 0.000000 0.713030 1 0 1.000000
Tree_03_leaves_old
  0 45.150867 -102.161575 398.854797 0.527388 -0.399865 -0.749647 0.227726 -0.001294 1 0 1.000000
  0 123.820946 -21.979750 409.469421 0.527388 -0.399865 -0.749647 0.519690 -0.001294 1 0 1.000000
  0 114.871506 -159.945023 476.764771 0.527388 -0.399865 -0.749647 0.240802 0.371568 1 0 1.000000
Tree_03_leaves_old
  0 114.871506 -159.945023 476.764771 0.527388 -0.399865 -0.749647 0.240802 0.371568 1 0 1.000000
  0 123.820946 -21.979750 409.469421 0.527388 -0.399865 -0.749647 0.519690 -0.001294 1 0 1.000000
  0 188.042740 -84.489548 489.955017 0.527388 -0.399865 -0.749647 0.512233 0.377407 1 0 1.000000
Tree_03_leaves_old
  0 114.871506 -159.945023 476.764771 0.527388 -0.399865 -0.749647 0.240802 0.371568 1 0 1.000000
  0 188.042740 -84.489548 489.955017 0.527388 -0.399865 -0.749647 0.512233 0.377407 1 0 1.000000
  0 245.177307 -140.100906 561.558472 0.542374 -0.396475 -0.740701 0.505600 0.714319 1 0 1.000000
Tree_03_leaves_old
  0 84.275887 -233.059830 594.332642 0.392213 -0.823438 -0.410022 0.000000 0.713030 1 0 1.000000
  0 114.871506 -159.945023 476.764771 0.392214 -0.823437 -0.410023 0.240802 0.371568 1 0 1.000000
  0 164.726608 -186.580307 577.945435 0.392214 -0.823437 -0.410023 0.252800 0.713675 1 0 1.000000
Tree_03_leaves_old
  0 114.871506 -159.945023 476.764771 0.392214 -0.823437 -0.410023 0.240802 0.371568 1 0 1.000000
  0 245.177307 -140.100906 561.558472 0.392214 -0.823437 -0.410023 0.505600 0.714319 1 0 1.000000
  0 164.726608 -186.580307 577.945435 0.392214 -0.823437 -0.410023 0.252800 0.713675 1 0 1.000000
Tree_03_leaves_old
  0 -23.863470 -149.411514 432.680359 -0.088475 -0.677087 -0.730565 0.005523 1.001106 1 0 1.000000
  0 38.376686 -125.157616 401.493927 -0.088475 -0.677087 -0.730565 0.005523 0.875864 1 0 1.000000
  0 48.903606 -217.531982 485.831543 -0.088475 -0.677087 -0.730565 0.362683 1.001105 1 0 1.000000
Tree_03_leaves_old
  0 48.903606 -217.531982 485.831543 -0.088475 -0.677087 -0.730565 0.362683 1.001105 1 0 1.000000
  0 38.376686 -125.157616 401.493927 -0.088475 -0.677087 -0.730565 0.005523 0.875864 1 0 1.000000
  0 117.054222 -193.959259 456.901428 -0.088475 -0.677087 -0.730565 0.378385 0.868673 1 0 1.000000
Tree_03_leaves_old
  0 48.903606 -217.531982 485.831543 -0.088475 -0.677087 -0.730565 0.362683 1.001105 1 0 1.000000
  0 117.054222 -193.959259 456.901428 -0.088475 -0.677087 -0.730565 0.378385 0.868673 1 0 1.000000
  0 121.670731 -285.652618 538.982849 -0.083591 -0.666975 -0.740376 0.670048 1.001106 1 0 1.000000
Tree_03_leaves_old
  0 38.376686 -125.157616 401.493927 0.570619 -0.026231 -0.820796 0.005523 0.875864 1 0 1.000000
  0 83.891708 -57.464333 429.484680 0.570619 -0.026231 -0.820796 0.005522 0.715295 1 0 1.000000
  0 117.054222 -193.959259 456.901428 0.570619 -0.026231 -0.820796 0.378385 0.868673 1 0 1.000000
Tree_03_leaves_old
  0 117.054222 -193.959259 456.901428 0.570619 -0.026231 -0.820796 0.378385 0.868673 1 0 1.000000
  0 83.891708 -57.464333 429.484680 0.570619 -0.026231 -0.820796 0.005522 0.715295 1 0 1.000000
  0 159.501541 -131.012436 485.887268 0.570619 -0.026231 -0.820796 0.384224 0.719397 1 0 1.000000
Tree_03_leaves_old
  0 117.054222 -193.959259 456.901428 0.570619 -0.026231 -0.820796 0.378385 0.868673 1 0 1.000000
  0 159.501541 -131.012436 485.887268 0.570619 -0.026231 -0.820796 0.384224 0.719397 1 0 1.000000
  0 226.767181 -196.444138 536.065674 0.584699 -0.020841 -0.810983 0.671337 0.723045 1 0 1.000000
Tree_03_leaves_old
  0 121.670731 -285.652618 538.982849 0.469916 -0.575495 -0.669317 0.670048 1.001106 1 0 1.000000
  0 117.054222 -193.959259 456.901428 0.469916 -0.575495 -0.669316 0.378385 0.868673 1 0 1.000000
  0 174.219086 -241.048294 537.524292 0.469916 -0.575495 -0.669316 0.670693 0.862075 1 0 1.000000
Tree_03_leaves_old
  0 117.054222 -193.959259 456.901428 0.469916 -0.575495 -0.669316 0.378385 0.868673 1 0 1.000000
  0 226.767181 -196.444138 536.065674 0.469916 -0.575495 -0.669316 0.671337 0.723045 1 0 1.000000
  0 174.219086 -241.048294 537.524292 0.469916 -0.575495 -0.669316 0.670693 0.862075 1 0 1.000000
Tree_03_leaves_old
  0 -49.690861 -74.619431 284.059906 0.431530 -0.692660 -0.577931 0.000000 -0.001294 1 0 1.000000
  0 30.183416 -30.060284 288.697113 0.431530 -0.692660 -0.577931 0.227726 -0.001294 1 0 1.000000
  0 -13.826815 -125.164291 369.819244 0.431530 -0.692660 -0.577931 0.000000 0.355867 1 0 1.000000
Tree_03_leaves_old
  0 -13.826815 -125.164291 369.819244 0.431530 -0.692660 -0.577931 0.000000 0.355867 1 0 1.000000
  0 30.183416 -30.060284 288.697113 0.431530 -0.692660 -0.577931 0.227726 -0.001294 1 0 1.000000
  0 70.401886 -79.514145 379.597321 0.431530 -0.692660 -0.577931 0.240802 0.371568 1 0 1.000000
Tree_03_leaves_old
  0 -13.826815 -125.164291 369.819244 0.431530 -0.692660 -0.577931 0.000000 0.355867 1 0 1.000000
  0 70.401886 -79.514145 379.597321 0.431530 -0.692660 -0.577931 0.240802 0.371568 1 0 1.000000
  0 22.037888 -175.708359 455.578613 0.437818 -0.682443 -0.585309 0.000000 0.713030 1 0 1.000000
Tree_03_leaves_old
  0 30.183416 -30.060284 288.697113 0.905785 -0.061595 -0.419237 0.227726 -0.001294 1 0 1.000000
  0 60.679699 57.020527 338.532288 0.905785 -0.061595 -0.419237 0.519690 -0.001294 1 0 1.000000
  0 70.401886 -79.514145 379.597321 0.905785 -0.061595 -0.419237 0.240802 0.371568 1 0 1.000000
Tree_03_leaves_old
  0 70.401886 -79.514145 379.597321 0.905785 -0.061595 -0.419237 0.240802 0.371568 1 0 1.000000
  0 60.679699 57.020527 338.532288 0.905785 -0.061595 -0.419237 0.519690 -0.001294 1 0 1.000000
  0 97.123466 1.538956 428.682159 0.905785 -0.061595 -0.419237 0.512233 0.377407 1 0 1.000000
Tree_03_leaves_old
  0 70.401886 -79.514145 379.597321 0.905785 -0.061595 -0.419237 0.240802 0.371568 1 0 1.000000
  0 97.123466 1.538956 428.682159 0.905785 -0.061595 -0.419237 0.512233 0.377407 1 0 1.000000
  0 129.545471 -47.819717 508.883484 0.913077 -0.056450 -0.403860 0.505600 0.714319 1 0 1.000000
Tree_03_leaves_old
  0 22.037888 -175.708359 455.578613 0.789959 -0.571877 -0.221182 0.000000 0.713030 1 0 1.000000
  0 70.401886 -79.514145 379.597321 0.789959 -0.571877 -0.221182 0.240802 0.371568 1 0 1.000000
  0 75.791718 -111.763962 482.230957 0.789959 -0.571877 -0.221182 0.252800 0.713675 1 0 1.000000
Tree_03_leaves_old
  0 70.401886 -79.514145 379.597321 0.789959 -0.571877 -0.221182 0.240802 0.371568 1 0 1.000000
  0 129.545471 -47.819717 508.883484 0.789959 -0.571877 -0.221182 0.505600 0.714319 1 0 1.000000
  0 75.791718 -111.763962 482.230957 0.789959 -0.571877 -0.221182 0.252800 0.713675 1 0 1.000000
Tree_03_leaves_old
  0 -8.305219 -62.657379 316.860535 0.912578 0.153903 -0.378835 0.000000 -0.001294 1 0 1.000000
  0 -9.797441 39.595455 351.927673 0.912578 0.153903 -0.378835 0.227726 -0.001294 1 0 1.000000
  0 43.105335 -86.327850 428.208557 0.912578 0.153903 -0.378835 0.000000 0.355867 1 0 1.000000
Tree_03_leaves_old
  0 43.105335 -86.327850 428.208557 0.912578 0.153903 -0.378835 0.000000 0.355867 1 0 1.000000
  0 -9.797441 39.595455 351.927673 0.912578 0.153903 -0.378835 0.227726 -0.001294 1 0 1.000000
  0 41.754471 19.118290 470.671265 0.912578 0.153903 -0.378835 0.240802 0.371568 1 0 1.000000
Tree_03_leaves_old
  0 43.105335 -86.327850 428.208557 0.912578 0.153903 -0.378835 0.000000 0.355867 1 0 1.000000
  0 41.754471 19.118290 470.671265 0.912578 0.153903 -0.378835 0.240802 0.371568 1 0 1.000000
  0 94.515373 -109.997154 539.556824 0.908241 0.166269 -0.383996 0.000000 0.713030 1 0 1.000000
Tree_03_leaves_old
  0 -9.797441 39.595455 351.927673 0.564803 0.820286 -0.090163 0.227726 -0.001294 1 0 1.000000
  0 -92.490761 105.567253 416.222900 0.564803 0.820286 -0.090163 0.519690 -0.001294 1 0 1.000000
  0 41.754471 19.118290 470.671265 0.564803 0.820286 -0.090163 0.240802 0.371568 1 0 1.000000
Tree_03_leaves_old
  0 41.754471 19.118290 470.671265 0.564803 0.820286 -0.090163 0.240802 0.371568 1 0 1.000000
  0 -92.490761 105.567253 416.222900 0.564803 0.820286 -0.090163 0.519690 -0.001294 1 0 1.000000
  0 -36.772022 78.056175 532.860718 0.564803 0.820286 -0.090163 0.512233 0.377407 1 0 1.000000
Tree_03_leaves_old
  0 41.754471 19.118290 470.671265 0.564803 0.820286 -0.090163 0.240802 0.371568 1 0 1.000000
  0 -36.772022 78.056175 532.860718 0.564803 0.820286 -0.090163 0.512233 0.377407 1 0 1.000000
  0 12.797682 53.581181 636.626892 0.560828 0.824672 -0.073398 0.505600 0.714319 1 0 1.000000
Tree_03_leaves_old
  0 94.515373 -109.997154 539.556824 0.908893 0.410531 0.073337 0.000000 0.713030 1 0 1.000000
  0 41.754471 19.118290 470.671265 0.908893 0.410530 0.073336 0.240802 0.371568 1 0 1.000000
  0 53.656448 -28.207855 588.091736 0.908893 0.410530 0.073336 0.252800 0.713675 1 0 1.000000
Tree_03_leaves_old
  0 41.754471 19.118290 470.671265 0.908893 0.410530 0.073336 0.240802 0.371568 1 0 1.000000
  0 12.797682 53.581181 636.626892 0.908893 0.410530 0.073336 0.505600 0.714319 1 0 1.000000
  0 53.656448 -28.207855 588.091736 0.908893 0.410530 0.073336 0.252800 0.713675 1 0 1.000000
Tree_03_leaves_old
  0 -145.790848 82.003731 374.741638 -0.815627 -0.478967 -0.324567 0.000000 -0.001294 1 0 1.000000
  0 -84.795807 0.462841 338.433594 -0.815627 -0.478967 -0.324567 0.227726 -0.001294 1 0 1.000000
  0 -149.661255 14.953006 480.055054 -0.815627 -0.478967 -0.324567 0.000000 0.355867 1 0 1.000000
Tree_03_leaves_old
  0 -149.661255 14.953006 480.055054 -0.815627 -0.478967 -0.324567 0.000000 0.355867 1 0 1.000000
  0 -84.795807 0.462841 338.433594 -0.815627 -0.478967 -0.324567 0.227726 -0.001294 1 0 1.000000
  0 -84.237427 -72.146721 447.541321 -0.815627 -0.478967 -0.324567 0.240802 0.371568 1 0 1.000000
Tree_03_leaves_old
  0 -149.661255 14.953006 480.055054 -0.815627 -0.478967 -0.324567 0.000000 0.355867 1 0 1.000000
  0 -84.237427 -72.146721 447.541321 -0.815627 -0.478967 -0.324567 0.240802 0.371568 1 0 1.000000
  0 -153.530792 -52.098267 585.368103 -0.808948 -0.481983 -0.336594 0.000000 0.713030 1 0 1.000000
Tree_03_leaves_old
  0 -84.795807 0.462841 338.433594 -0.124952 -0.833025 -0.538940 0.227726 -0.001294 1 0 1.000000
  0 36.946564 -21.750166 341.548706 -0.124952 -0.833025 -0.538940 0.519690 -0.001294 1 0 1.000000
  0 -84.237427 -72.146721 447.541321 -0.124952 -0.833025 -0.538940 0.240802 0.371568 1 0 1.000000
Tree_03_leaves_old
  0 -84.237427 -72.146721 447.541321 -0.124952 -0.833025 -0.538940 0.240802 0.371568 1 0 1.000000
  0 36.946564 -21.750166 341.548706 -0.124952 -0.833025 -0.538940 0.519690 -0.001294 1 0 1.000000
  0 30.221378 -91.356308 453.689514 -0.124952 -0.833025 -0.538940 0.512233 0.377407 1 0 1.000000
Tree_03_leaves_old
  0 -84.237427 -72.146721 447.541321 -0.124952 -0.833025 -0.538940 0.240802 0.371568 1 0 1.000000
  0 30.221378 -91.356308 453.689514 -0.124952 -0.833025 -0.538940 0.512233 0.377407 1 0 1.000000
  0 24.238380 -153.280945 553.455017 -0.112765 -0.841172 -0.528880 0.505600 0.714319 1 0 1.000000
Tree_03_leaves_old
  0 -153.530792 -52.098267 585.368103 -0.508104 -0.851176 -0.131640 0.000000 0.713030 1 0 1.000000
  0 -84.237427 -72.146721 447.541321 -0.508104 -0.851176 -0.131640 0.240802 0.371568 1 0 1.000000
  0 -64.646156 -102.689606 569.411377 -0.508104 -0.851176 -0.131640 0.252800 0.713675 1 0 1.000000
Tree_03_leaves_old
  0 -84.237427 -72.146721 447.541321 -0.508104 -0.851176 -0.131640 0.240802 0.371568 1 0 1.000000
  0 24.238380 -153.280945 553.455017 -0.508104 -0.851176 -0.131640 0.505600 0.714319 1 0 1.000000
  0 -64.646156 -102.689606 569.411377 -0.508104 -0.851176 -0.131640 0.252800 0.713675 1 0 1.000000
Tree_03_leaves_old
  0 67.324768 7.557855 213.776855 0.037998 0.959956 -0.277562 0.005523 1.001106 1 0 1.000000
  0 -26.657959 12.947073 215.614838 0.037998 0.959956 -0.277562 0.005523 0.875864 1 0 1.000000
  0 51.224117 49.016895 351.025452 0.037998 0.959956 -0.277562 0.362683 1.001105 1 0 1.000000
Tree_03_leaves_old
  0 51.224117 49.016895 351.025452 0.037998 0.959956 -0.277562 0.362683 1.001105 1 0 1.000000
  0 -26.657959 12.947073 215.614838 0.037998 0.959956 -0.277562 0.005523 0.875864 1 0 1.000000
  0 -47.517216 54.223248 359.448914 0.037998 0.959956 -0.277562 0.378385 0.868673 1 0 1.000000
Tree_03_leaves_old
  0 51.224117 49.016895 351.025452 0.037998 0.959956 -0.277562 0.362683 1.001105 1 0 1.000000
  0 -47.517216 54.223248 359.448914 0.037998 0.959956 -0.277562 0.378385 0.868673 1 0 1.000000
  0 35.123531 90.475883 488.274292 0.026081 0.957796 -0.286264 0.670048 1.001106 1 0 1.000000
Tree_03_leaves_old
  0 -26.657959 12.947073 215.614838 -0.795635 0.546491 -0.261367 0.005523 0.875864 1 0 1.000000
  0 -93.658783 -72.140030 235.697083 -0.795635 0.546491 -0.261367 0.005522 0.715295 1 0 1.000000
  0 -47.517216 54.223248 359.448914 -0.795635 0.546491 -0.261367 0.378385 0.868673 1 0 1.000000
Tree_03_leaves_old
  0 -47.517216 54.223248 359.448914 -0.795635 0.546491 -0.261367 0.378385 0.868673 1 0 1.000000
  0 -93.658783 -72.140030 235.697083 -0.795635 0.546491 -0.261367 0.005522 0.715295 1 0 1.000000
  0 -108.420807 -27.037130 380.908813 -0.795635 0.546491 -0.261367 0.384224 0.719397 1 0 1.000000
Tree_03_leaves_old
  0 -47.517216 54.223248 359.448914 -0.795635 0.546491 -0.261367 0.378385 0.868673 1 0 1.000000
  0 -108.420807 -27.037130 380.908813 -0.795635 0.546491 -0.261367 0.384224 0.719397 1 0 1.000000
  0 -121.553589 13.088412 510.095581 -0.805411 0.537901 -0.248949 0.671337 0.723045 1 0 1.000000
Tree_03_leaves_old
  0 35.123531 90.475883 488.274292 -0.439392 0.897820 0.029213 0.670048 1.001106 1 0 1.000000
  0 -47.517216 54.223248 359.448914 -0.439391 0.897821 0.029213 0.378385 0.868673 1 0 1.000000
  0 -43.215092 51.782021 499.185059 -0.439391 0.897821 0.029213 0.670693 0.862075 1 0 1.000000
Tree_03_leaves_old
  0 -47.517216 54.223248 359.448914 -0.439391 0.897821 0.029213 0.378385 0.868673 1 0 1.000000
  0 -121.553589 13.088412 510.095581 -0.439391 0.897821 0.029213 0.671337 0.723045 1 0 1.000000
  0 -43.215092 51.782021 499.185059 -0.439391 0.897821 0.029213 0.670693 0.862075 1 0 1.000000
Tree_03_leaves_old
  0 -11.654641 195.893417 346.641510 -0.657313 0.142573 -0.740009 0.513002 -0.001294 1 0 1.000000
  0 -5.204882 48.615219 306.958771 -0.657313 0.142573 -0.740009 0.730051 -0.001294 1 0 1.000000
  0 -155.806534 163.456635 462.856445 -0.657313 0.142573 -0.740009 0.513002 0.355867 1 0 1.000000
Tree_03_leaves_old
  0 -155.806534 163.456635 462.856445 -0.657313 0.142573 -0.740009 0.513002 0.355867 1 0 1.000000
  0 -5.204882 48.615219 306.958771 -0.657313 0.142573 -0.740009 0.730051 -0.001294 1 0 1.000000
  0 -150.344711 12.574376 434.514008 -0.657313 0.142573 -0.740009 0.742514 0.371568 1 0 1.000000
Tree_03_leaves_old
  0 -155.806534 163.456635 462.856445 -0.657313 0.142573 -0.740009 0.513002 0.355867 1 0 1.000000
  0 -150.344711 12.574376 434.514008 -0.657313 0.142573 -0.740009 0.742514 0.371568 1 0 1.000000
  0 -275.670715 138.170624 560.953430 -0.643739 0.118705 -0.755983 0.513002 0.713030 1 0 1.000000
Tree_03_leaves_old
  0 -5.204882 48.615219 306.958771 -0.290258 -0.775856 -0.560177 0.730051 -0.001294 1 0 1.000000
  0 91.189743 -53.759109 401.235077 -0.290258 -0.775856 -0.560177 1.008328 -0.001294 1 0 1.000000
  0 -150.344711 12.574376 434.514008 -0.290258 -0.775856 -0.560177 0.742514 0.371568 1 0 1.000000
Tree_03_leaves_old
  0 -150.344711 12.574376 434.514008 -0.290258 -0.775856 -0.560177 0.742514 0.371568 1 0 1.000000
  0 91.189743 -53.759109 401.235077 -0.290258 -0.775856 -0.560177 1.008328 -0.001294 1 0 1.000000
  0 -63.647076 -85.337791 522.768250 -0.290258 -0.775856 -0.560177 1.001221 0.377407 1 0 1.000000
Tree_03_leaves_old
  0 -150.344711 12.574376 434.514008 -0.290258 -0.775856 -0.560177 0.742514 0.371568 1 0 1.000000
  0 -63.647076 -85.337791 522.768250 -0.290258 -0.775856 -0.560177 1.001221 0.377407 1 0 1.000000
  0 -176.165726 -104.876503 614.432190 -0.313843 -0.773817 -0.550190 0.994898 0.714319 1 0 1.000000
Tree_03_leaves_old
  0 -275.670715 138.170624 560.953430 -0.817788 -0.421122 -0.392273 0.513002 0.713030 1 0 1.000000
  0 -150.344711 12.574376 434.514008 -0.817789 -0.421121 -0.392274 0.742514 0.371568 1 0 1.000000
  0 -225.918198 16.647181 587.692810 -0.817789 -0.421121 -0.392274 0.753950 0.713675 1 0 1.000000
Tree_03_leaves_old
  0 -150.344711 12.574376 434.514008 -0.817789 -0.421121 -0.392274 0.742514 0.371568 1 0 1.000000
  0 -176.165726 -104.876503 614.432190 -0.817789 -0.421121 -0.392274 0.994898 0.714319 1 0 1.000000
  0 -225.918198 16.647181 587.692810 -0.817789 -0.421121 -0.392274 0.753950 0.713675 1 0 1.000000
Tree_03_leaves_old
  0 -80.044312 22.673000 344.016663 -0.546342 -0.440948 -0.712092 0.513002 -0.001294 1 0 1.000000
  0 30.598391 -22.605556 282.052246 -0.546342 -0.440948 -0.712092 0.730051 -0.001294 1 0 1.000000
  0 -91.867912 -116.132492 433.927185 -0.546342 -0.440948 -0.712092 0.513002 0.355867 1 0 1.000000
Tree_03_leaves_old
  0 -91.867912 -116.132492 433.927185 -0.546342 -0.440948 -0.712092 0.513002 0.355867 1 0 1.000000
  0 30.598391 -22.605556 282.052246 -0.546342 -0.440948 -0.712092 0.730051 -0.001294 1 0 1.000000
  0 23.000984 -164.748199 381.013245 -0.546342 -0.440948 -0.712092 0.742514 0.371568 1 0 1.000000
Tree_03_leaves_old
  0 -91.867912 -116.132492 433.927185 -0.546342 -0.440948 -0.712092 0.513002 0.355867 1 0 1.000000
  0 23.000984 -164.748199 381.013245 -0.546342 -0.440948 -0.712092 0.742514 0.371568 1 0 1.000000
  0 -102.776604 -231.082413 510.268311 -0.522262 -0.436843 -0.732401 0.513002 0.713030 1 0 1.000000
Tree_03_leaves_old
  0 30.598391 -22.605556 282.052246 0.455823 -0.519220 -0.722935 0.730051 -0.001294 1 0 1.000000
  0 162.319092 5.728340 346.417664 0.455823 -0.519220 -0.722935 1.008328 -0.001294 1 0 1.000000
  0 23.000984 -164.748199 381.013245 0.455823 -0.519220 -0.722935 0.742514 0.371568 1 0 1.000000
Tree_03_leaves_old
  0 23.000984 -164.748199 381.013245 0.455823 -0.519220 -0.722935 0.742514 0.371568 1 0 1.000000
  0 162.319092 5.728340 346.417664 0.455823 -0.519220 -0.722935 1.008328 -0.001294 1 0 1.000000
  0 146.558594 -141.801575 440.775085 0.455823 -0.519220 -0.722935 1.001221 0.377407 1 0 1.000000
Tree_03_leaves_old
  0 23.000984 -164.748199 381.013245 0.455823 -0.519220 -0.722935 0.742514 0.371568 1 0 1.000000
  0 146.558594 -141.801575 440.775085 0.455823 -0.519220 -0.722935 1.001221 0.377407 1 0 1.000000
  0 132.988480 -248.104385 512.872559 0.445527 -0.540780 -0.713486 0.994898 0.714319 1 0 1.000000
Tree_03_leaves_old
  0 -102.776604 -231.082413 510.268311 -0.056914 -0.864657 -0.499128 0.513002 0.713030 1 0 1.000000
  0 23.000984 -164.748199 381.013245 -0.056914 -0.864657 -0.499128 0.742514 0.371568 1 0 1.000000
  0 15.105784 -239.593369 511.570496 -0.056914 -0.864657 -0.499128 0.753950 0.713675 1 0 1.000000
Tree_03_leaves_old
  0 23.000984 -164.748199 381.013245 -0.056914 -0.864657 -0.499128 0.742514 0.371568 1 0 1.000000
  0 132.988480 -248.104385 512.872559 -0.056914 -0.864657 -0.499128 0.994898 0.714319 1 0 1.000000
  0 15.105784 -239.593369 511.570496 -0.056914 -0.864657 -0.499128 0.753950 0.713675 1 0 1.000000
Tree_03_leaves_old
  0 22.491613 -117.924515 340.220032 0.413467 -0.591919 -0.691864 0.513002 -0.001294 1 0 1.000000
  0 21.723343 -18.488596 249.426514 0.413467 -0.591919 -0.691864 0.730051 -0.001294 1 0 1.000000
  0 174.921783 -76.620430 390.714111 0.413467 -0.591919 -0.691864 0.513002 0.355867 1 0 1.000000
Tree_03_leaves_old
  0 174.921783 -76.620430 390.714111 0.413467 -0.591919 -0.691864 0.513002 0.355867 1 0 1.000000
  0 21.723343 -18.488596 249.426514 0.413467 -0.591919 -0.691864 0.730051 -0.001294 1 0 1.000000
  0 178.034241 29.743708 306.837952 0.413467 -0.591919 -0.691864 0.742514 0.371568 1 0 1.000000
Tree_03_leaves_old
  0 174.921783 -76.620430 390.714111 0.413467 -0.591919 -0.691864 0.513002 0.355867 1 0 1.000000
  0 178.034241 29.743708 306.837952 0.413467 -0.591919 -0.691864 0.742514 0.371568 1 0 1.000000
  0 301.856140 -43.012642 434.516296 0.398762 -0.575015 -0.714385 0.513002 0.713030 1 0 1.000000
Tree_03_leaves_old
  0 21.723343 -18.488596 249.426514 0.210765 0.369348 -0.905075 0.730051 -0.001294 1 0 1.000000
  0 -27.336271 115.331314 293.940247 0.210765 0.369348 -0.905075 1.008328 -0.001294 1 0 1.000000
  0 178.034241 29.743708 306.837952 0.210765 0.369348 -0.905075 0.742514 0.371568 1 0 1.000000
Tree_03_leaves_old
  0 178.034241 29.743708 306.837952 0.210765 0.369348 -0.905075 0.742514 0.371568 1 0 1.000000
  0 -27.336271 115.331314 293.940247 0.210765 0.369348 -0.905075 1.008328 -0.001294 1 0 1.000000
  0 135.294373 155.921860 347.048279 0.210765 0.369348 -0.905075 1.001221 0.377407 1 0 1.000000
Tree_03_leaves_old
  0 178.034241 29.743708 306.837952 0.210765 0.369348 -0.905075 0.742514 0.371568 1 0 1.000000
  0 135.294373 155.921860 347.048279 0.210765 0.369348 -0.905075 1.001221 0.377407 1 0 1.000000
  0 253.946945 184.076965 389.608093 0.235804 0.366675 -0.899970 0.994898 0.714319 1 0 1.000000
Tree_03_leaves_old
  0 301.856140 -43.012642 434.516296 0.722210 0.015617 -0.691497 0.513002 0.713030 1 0 1.000000
  0 178.034241 29.743708 306.837952 0.722210 0.015618 -0.691497 0.742514 0.371568 1 0 1.000000
  0 277.901611 70.532036 412.062195 0.722210 0.015618 -0.691497 0.753950 0.713675 1 0 1.000000
Tree_03_leaves_old
  0 178.034241 29.743708 306.837952 0.722210 0.015618 -0.691497 0.742514 0.371568 1 0 1.000000
  0 253.946945 184.076965 389.608093 0.722210 0.015618 -0.691497 0.994898 0.714319 1 0 1.000000
  0 277.901611 70.532036 412.062195 0.722210 0.015618 -0.691497 0.753950 0.713675 1 0 1.000000
Tree_03_leaves_old
  0 -259.005341 74.141396 197.888580 -0.502995 -0.815528 -0.286198 0.513002 -0.001294 1 0 1.000000
  0 -175.947906 3.204389 242.889679 -0.502995 -0.815528 -0.286198 0.730051 -0.001294 1 0 1.000000
  0 -333.622955 72.430573 322.742889 -0.502995 -0.815528 -0.286198 0.513002 0.355867 1 0 1.000000
Tree_03_leaves_old
  0 -333.622955 72.430573 322.742889 -0.502995 -0.815528 -0.286198 0.513002 0.355867 1 0 1.000000
  0 -175.947906 3.204389 242.889679 -0.502995 -0.815528 -0.286198 0.730051 -0.001294 1 0 1.000000
  0 -250.168304 6.321567 375.611572 -0.502995 -0.815528 -0.286198 0.742514 0.371568 1 0 1.000000
Tree_03_leaves_old
  0 -333.622955 72.430573 322.742889 -0.502995 -0.815528 -0.286198 0.513002 0.355867 1 0 1.000000
  0 -250.168304 6.321567 375.611572 -0.502995 -0.815528 -0.286198 0.742514 0.371568 1 0 1.000000
  0 -396.657501 72.423607 426.542206 -0.475391 -0.831040 -0.288748 0.513002 0.713030 1 0 1.000000
Tree_03_leaves_old
  0 -175.947906 3.204389 242.889679 0.362930 -0.906365 0.216298 0.730051 -0.001294 1 0 1.000000
  0 -75.573761 59.496567 305.478149 0.362930 -0.906365 0.216298 1.008328 -0.001294 1 0 1.000000
  0 -250.168304 6.321567 375.611572 0.362930 -0.906365 0.216298 0.742514 0.371568 1 0 1.000000
Tree_03_leaves_old
  0 -250.168304 6.321567 375.611572 0.362930 -0.906365 0.216298 0.742514 0.371568 1 0 1.000000
  0 -75.573761 59.496567 305.478149 0.362930 -0.906365 0.216298 1.008328 -0.001294 1 0 1.000000
  0 -157.147491 56.907749 436.380463 0.362930 -0.906365 0.216298 1.001221 0.377407 1 0 1.000000
Tree_03_leaves_old
  0 -250.168304 6.321567 375.611572 0.362930 -0.906365 0.216298 0.742514 0.371568 1 0 1.000000
  0 -157.147491 56.907749 436.380463 0.362930 -0.906365 0.216298 1.001221 0.377407 1 0 1.000000
  0 -218.457794 58.110806 531.669312 0.343172 -0.910095 0.232292 0.994898 0.714319 1 0 1.000000
Tree_03_leaves_old
  0 -396.657501 72.423607 426.542206 -0.280033 -0.892676 0.353145 0.513002 0.713030 1 0 1.000000
  0 -250.168304 6.321567 375.611572 -0.280033 -0.892676 0.353145 0.742514 0.371568 1 0 1.000000
  0 -307.557709 65.267235 479.105713 -0.280033 -0.892676 0.353145 0.753950 0.713675 1 0 1.000000
Tree_03_leaves_old
  0 -250.168304 6.321567 375.611572 -0.280033 -0.892676 0.353145 0.742514 0.371568 1 0 1.000000
  0 -218.457794 58.110806 531.669312 -0.280033 -0.892676 0.353145 0.994898 0.714319 1 0 1.000000
  0 -307.557709 65.267235 479.105713 -0.280033 -0.892676 0.353145 0.753950 0.713675 1 0 1.000000
Tree_03_leaves_old
  0 47.668209 -76.614265 266.112671 0.607469 0.705299 -0.365425 0.000000 -0.001294 1 0 1.000000
  0 -65.141518 -3.385785 215.956116 0.607469 0.705299 -0.365425 0.227726 -0.001294 1 0 1.000000
  0 24.965368 15.478621 402.156433 0.607469 0.705299 -0.365425 0.000000 0.355867 1 0 1.000000
Tree_03_leaves_old
  0 24.965368 15.478621 402.156433 0.607469 0.705299 -0.365425 0.000000 0.355867 1 0 1.000000
  0 -65.141518 -3.385785 215.956116 0.607469 0.705299 -0.365425 0.227726 -0.001294 1 0 1.000000
  0 -95.764847 93.964180 356.904907 0.607469 0.705299 -0.365425 0.240802 0.371568 1 0 1.000000
Tree_03_leaves_old
  0 24.965368 15.478621 402.156433 0.607469 0.705299 -0.365425 0.000000 0.355867 1 0 1.000000
  0 -95.764847 93.964180 356.904907 0.607469 0.705299 -0.365425 0.240802 0.371568 1 0 1.000000
  0 2.261109 107.571724 538.199280 0.600012 0.705390 -0.377372 0.000000 0.713030 1 0 1.000000
Tree_03_leaves_old
  0 -65.141518 -3.385785 215.956116 -0.164115 0.801978 -0.574367 0.227726 -0.001294 1 0 1.000000
  0 -227.390396 -28.593464 223.389526 -0.164115 0.801978 -0.574367 0.519690 -0.001294 1 0 1.000000
  0 -95.764847 93.964180 356.904907 -0.164115 0.801978 -0.574367 0.240802 0.371568 1 0 1.000000
Tree_03_leaves_old
  0 -95.764847 93.964180 356.904907 -0.164115 0.801978 -0.574367 0.240802 0.371568 1 0 1.000000
  0 -227.390396 -28.593464 223.389526 -0.164115 0.801978 -0.574367 0.519690 -0.001294 1 0 1.000000
  0 -247.516724 68.364624 368.250427 -0.164115 0.801978 -0.574367 0.512233 0.377407 1 0 1.000000
Tree_03_leaves_old
  0 -95.764847 93.964180 356.904907 -0.164115 0.801978 -0.574367 0.240802 0.371568 1 0 1.000000
  0 -247.516724 68.364624 368.250427 -0.164115 0.801978 -0.574367 0.512233 0.377407 1 0 1.000000
  0 -265.421997 154.622681 497.125061 -0.178175 0.806113 -0.564301 0.505600 0.714319 1 0 1.000000
Tree_03_leaves_old
  0 2.261109 107.571724 538.199280 0.196878 0.963985 -0.178806 0.000000 0.713030 1 0 1.000000
  0 -95.764847 93.964180 356.904907 0.196877 0.963985 -0.178806 0.240802 0.371568 1 0 1.000000
  0 -131.580521 131.097198 517.661926 0.196877 0.963985 -0.178806 0.252800 0.713675 1 0 1.000000
Tree_03_leaves_old
  0 -95.764847 93.964180 356.904907 0.196877 0.963985 -0.178806 0.240802 0.371568 1 0 1.000000
  0 -265.421997 154.622681 497.125061 0.196877 0.963985 -0.178806 0.505600 0.714319 1 0 1.000000
  0 -131.580521 131.097198 517.661926 0.196877 0.963985 -0.178806 0.252800 0.713675 1 0 1.000000
Tree_03_leaves_old
  0 295.906219 105.994156 540.933838 0.290868 0.920486 -0.260962 0.000000 0.713030 1 0 1.000000
  0 163.973724 102.639496 382.048859 0.290867 0.920486 -0.260962 0.240802 0.371568 1 0 1.000000
  0 165.202957 148.328491 544.577087 0.290867 0.920486 -0.260962 0.252800 0.713675 1 0 1.000000
Tree_03_leaves_old
  0 163.973724 102.639496 382.048859 0.290867 0.920486 -0.260962 0.240802 0.371568 1 0 1.000000
  0 34.499916 190.662720 548.220886 0.290867 0.920486 -0.260962 0.505600 0.714319 1 0 1.000000
  0 165.202957 148.328491 544.577087 0.290867 0.920486 -0.260962 0.252800 0.713675 1 0 1.000000
Tree_03_leaves_old
  0 32.590042 53.015820 303.916687 -0.660172 -0.675385 -0.328675 0.000000 -0.001294 1 0 1.000000
  0 118.715744 3.728753 228.376648 -0.660172 -0.675385 -0.328675 0.227726 -0.001294 1 0 1.000000
  0 82.235138 -43.496681 398.693146 -0.660172 -0.675385 -0.328675 0.000000 0.355867 1 0 1.000000
Tree_03_leaves_old
  0 82.235138 -43.496681 398.693146 -0.660172 -0.675385 -0.328675 0.000000 0.355867 1 0 1.000000
  0 118.715744 3.728753 228.376648 -0.660172 -0.675385 -0.328675 0.227726 -0.001294 1 0 1.000000
  0 176.178085 -97.519630 324.838715 -0.660172 -0.675385 -0.328675 0.240802 0.371568 1 0 1.000000
Tree_03_leaves_old
  0 82.235138 -43.496681 398.693146 -0.660172 -0.675385 -0.328675 0.000000 0.355867 1 0 1.000000
  0 176.178085 -97.519630 324.838715 -0.660172 -0.675385 -0.328675 0.240802 0.371568 1 0 1.000000
  0 131.881287 -140.009186 493.468628 -0.655821 -0.673071 -0.341869 0.000000 0.713030 1 0 1.000000
Tree_03_leaves_old
  0 118.715744 3.728753 228.376648 0.040270 -0.686878 -0.725656 0.227726 -0.001294 1 0 1.000000
  0 256.486664 33.422413 205.350677 0.040270 -0.686878 -0.725656 0.519690 -0.001294 1 0 1.000000
  0 176.178085 -97.519630 324.838715 0.040270 -0.686878 -0.725656 0.240802 0.371568 1 0 1.000000
Tree_03_leaves_old
  0 176.178085 -97.519630 324.838715 0.040270 -0.686878 -0.725656 0.240802 0.371568 1 0 1.000000
  0 256.486664 33.422413 205.350677 0.040270 -0.686878 -0.725656 0.519690 -0.001294 1 0 1.000000
  0 305.914001 -68.629555 307.256683 0.040270 -0.686878 -0.725656 0.512233 0.377407 1 0 1.000000
Tree_03_leaves_old
  0 176.178085 -97.519630 324.838715 0.040270 -0.686878 -0.725656 0.240802 0.371568 1 0 1.000000
  0 305.914001 -68.629555 307.256683 0.040270 -0.686878 -0.725656 0.512233 0.377407 1 0 1.000000
  0 349.886749 -159.419388 397.916809 0.056442 -0.691654 -0.720020 0.505600 0.714319 1 0 1.000000
Tree_03_leaves_old
  0 131.881287 -140.009186 493.468628 -0.210429 -0.933457 -0.290479 0.000000 0.713030 1 0 1.000000
  0 176.178085 -97.519630 324.838715 -0.210427 -0.933457 -0.290480 0.240802 0.371568 1 0 1.000000
  0 240.884018 -149.714310 445.692505 -0.210427 -0.933457 -0.290480 0.252800 0.713675 1 0 1.000000
Tree_03_leaves_old
  0 176.178085 -97.519630 324.838715 -0.210427 -0.933457 -0.290480 0.240802 0.371568 1 0 1.000000
  0 349.886749 -159.419388 397.916809 -0.210427 -0.933457 -0.290480 0.505600 0.714319 1 0 1.000000
  0 240.884018 -149.714310 445.692505 -0.210427 -0.933457 -0.290480 0.252800 0.713675 1 0 1.000000
Tree_03_leaves_old
  0 -41.183105 -32.088909 260.375916 0.842193 -0.483206 0.239214 0.000000 -0.001294 1 0 1.000000
  0 25.450071 59.885933 216.700928 0.842193 -0.483206 0.239214 0.227726 -0.001294 1 0 1.000000
  0 -33.286255 39.041546 381.387146 0.842193 -0.483206 0.239214 0.000000 0.355867 1 0 1.000000
Tree_03_leaves_old
  0 -33.286255 39.041546 381.387146 0.842193 -0.483206 0.239214 0.000000 0.355867 1 0 1.000000
  0 25.450071 59.885933 216.700928 0.842193 -0.483206 0.239214 0.227726 -0.001294 1 0 1.000000
  0 34.534111 139.556808 340.520569 0.842193 -0.483206 0.239214 0.240802 0.371568 1 0 1.000000
Tree_03_leaves_old
  0 -33.286255 39.041546 381.387146 0.842193 -0.483206 0.239214 0.000000 0.355867 1 0 1.000000
  0 34.534111 139.556808 340.520569 0.842193 -0.483206 0.239214 0.240802 0.371568 1 0 1.000000
  0 -25.389166 110.173012 502.397522 0.847618 -0.479747 0.226686 0.000000 0.713030 1 0 1.000000
Tree_03_leaves_old
  0 25.450071 59.885933 216.700928 0.964467 0.193088 -0.180334 0.227726 -0.001294 1 0 1.000000
  0 -7.808236 183.011505 160.592255 0.964467 0.193088 -0.180334 0.519690 -0.001294 1 0 1.000000
  0 34.534111 139.556808 340.520569 0.964467 0.193088 -0.180334 0.240802 0.371568 1 0 1.000000
Tree_03_leaves_old
  0 34.534111 139.556808 340.520569 0.964467 0.193088 -0.180334 0.240802 0.371568 1 0 1.000000
  0 -7.808236 183.011505 160.592255 0.964467 0.193088 -0.180334 0.519690 -0.001294 1 0 1.000000
  0 0.086110 255.346146 290.332764 0.964467 0.193088 -0.180334 0.512233 0.377407 1 0 1.000000
Tree_03_leaves_old
  0 34.534111 139.556808 340.520569 0.964467 0.193088 -0.180334 0.240802 0.371568 1 0 1.000000
  0 0.086110 255.346146 290.332764 0.964467 0.193088 -0.180334 0.512233 0.377407 1 0 1.000000
  0 7.109239 319.698242 405.755676 0.961795 0.210021 -0.175616 0.505600 0.714319 1 0 1.000000
Tree_03_leaves_old
  0 -25.389166 110.173012 502.397522 0.936740 0.015985 0.349662 0.000000 0.713030 1 0 1.000000
  0 34.534111 139.556808 340.520569 0.936739 0.015986 0.349662 0.240802 0.371568 1 0 1.000000
  0 -9.139841 214.935654 454.076416 0.936739 0.015986 0.349662 0.252800 0.713675 1 0 1.000000
Tree_03_leaves_old
  0 34.534111 139.556808 340.520569 0.936739 0.015986 0.349662 0.240802 0.371568 1 0 1.000000
  0 7.109239 319.698242 405.755676 0.936739 0.015986 0.349662 0.505600 0.714319 1 0 1.000000
  0 -9.139841 214.935654 454.076416 0.936739 0.015986 0.349662 0.252800 0.713675 1 0 1.000000
Tree_03_leaves_old
  0 -71.154640 -73.776169 144.556885 0.740584 -0.592189 -0.317564 0.000000 -0.001294 1 0 1.000000
  0 6.494271 -19.811396 221.142090 0.740584 -0.592189 -0.317564 0.227726 -0.001294 1 0 1.000000
  0 -93.433228 -161.431458 252.194427 0.740584 -0.592189 -0.317564 0.000000 0.355867 1 0 1.000000
Tree_03_leaves_old
  0 -93.433228 -161.431458 252.194427 0.740584 -0.592189 -0.317564 0.000000 0.355867 1 0 1.000000
  0 6.494271 -19.811396 221.142090 0.740584 -0.592189 -0.317564 0.227726 -0.001294 1 0 1.000000
  0 -15.184073 -107.422562 337.827972 0.740584 -0.592189 -0.317564 0.240802 0.371568 1 0 1.000000
Tree_03_leaves_old
  0 -93.433228 -161.431458 252.194427 0.740584 -0.592189 -0.317564 0.000000 0.355867 1 0 1.000000
  0 -15.184073 -107.422562 337.827972 0.740584 -0.592189 -0.317564 0.240802 0.371568 1 0 1.000000
  0 -115.711182 -249.085709 359.832642 0.749150 -0.581023 -0.318099 0.000000 0.713030 1 0 1.000000
Tree_03_leaves_old
  0 6.494271 -19.811396 221.142090 0.982122 -0.013687 0.187747 0.227726 -0.001294 1 0 1.000000
  0 -8.398102 81.087494 316.072754 0.982122 -0.013687 0.187747 0.519690 -0.001294 1 0 1.000000
  0 -15.184073 -107.422562 337.827972 0.982122 -0.013687 0.187747 0.240802 0.371568 1 0 1.000000
Tree_03_leaves_old
  0 -15.184073 -107.422562 337.827972 0.982122 -0.013687 0.187747 0.240802 0.371568 1 0 1.000000
  0 -8.398102 81.087494 316.072754 0.982122 -0.013687 0.187747 0.519690 -0.001294 1 0 1.000000
  0 -32.920311 -14.075627 427.741364 0.982122 -0.013687 0.187747 0.512233 0.377407 1 0 1.000000
Tree_03_leaves_old
  0 -15.184073 -107.422562 337.827972 0.982122 -0.013687 0.187747 0.240802 0.371568 1 0 1.000000
  0 -32.920311 -14.075627 427.741364 0.982122 -0.013687 0.187747 0.512233 0.377407 1 0 1.000000
  0 -54.736477 -98.736877 527.086670 0.978681 -0.011566 0.205061 0.505600 0.714319 1 0 1.000000
Tree_03_leaves_old
  0 -115.711182 -249.085709 359.832642 0.813896 -0.547236 0.195207 0.000000 0.713030 1 0 1.000000
  0 -15.184073 -107.422562 337.827972 0.813896 -0.547236 0.195207 0.240802 0.371568 1 0 1.000000
  0 -85.223663 -173.911133 443.459564 0.813896 -0.547236 0.195207 0.252800 0.713675 1 0 1.000000
Tree_03_leaves_old
  0 -15.184073 -107.422562 337.827972 0.813896 -0.547236 0.195207 0.240802 0.371568 1 0 1.000000
  0 -54.736477 -98.736877 527.086670 0.813896 -0.547236 0.195207 0.505600 0.714319 1 0 1.000000
  0 -85.223663 -173.911133 443.459564 0.813896 -0.547236 0.195207 0.252800 0.713675 1 0 1.000000
Tree_03_leaves_old
  0 -12.440333 37.403675 222.991302 0.401128 -0.622061 -0.672411 0.000000 -0.001294 1 0 1.000000
  0 -50.570473 0.812824 233.287842 0.401128 -0.622061 -0.672411 0.227726 -0.001294 1 0 1.000000
  0 -52.470318 57.419056 179.786987 0.401128 -0.622061 -0.672411 0.000000 0.355867 1 0 1.000000
Tree_03_leaves_old
  0 -52.470318 57.419056 179.786987 0.401128 -0.622061 -0.672411 0.000000 0.355867 1 0 1.000000
  0 -50.570473 0.812824 233.287842 0.401128 -0.622061 -0.672411 0.227726 -0.001294 1 0 1.000000
  0 -94.551636 20.779772 189.386810 0.401128 -0.622061 -0.672411 0.240802 0.371568 1 0 1.000000
Tree_03_leaves_old
  0 -52.470318 57.419056 179.786987 0.401128 -0.622061 -0.672411 0.000000 0.355867 1 0 1.000000
  0 -94.551636 20.779772 189.386810 0.401128 -0.622061 -0.672411 0.240802 0.371568 1 0 1.000000
  0 -92.500664 77.434044 136.583054 0.399569 -0.632717 -0.663336 0.000000 0.713030 1 0 1.000000
Tree_03_leaves_old
  0 -50.570473 0.812824 233.287842 -0.200803 -0.947680 -0.248153 0.227726 -0.001294 1 0 1.000000
  0 -99.515526 0.520431 270.772827 -0.200803 -0.947680 -0.248153 0.519690 -0.001294 1 0 1.000000
  0 -94.551636 20.779772 189.386810 -0.200803 -0.947680 -0.248153 0.240802 0.371568 1 0 1.000000
Tree_03_leaves_old
  0 -94.551636 20.779772 189.386810 -0.200803 -0.947680 -0.248153 0.240802 0.371568 1 0 1.000000
  0 -99.515526 0.520431 270.772827 -0.200803 -0.947680 -0.248153 0.519690 -0.001294 1 0 1.000000
  0 -140.710571 22.271896 224.277527 -0.200803 -0.947680 -0.248153 0.512233 0.377407 1 0 1.000000
Tree_03_leaves_old
  0 -94.551636 20.779772 189.386810 -0.200803 -0.947680 -0.248153 0.240802 0.371568 1 0 1.000000
  0 -140.710571 22.271896 224.277527 -0.200803 -0.947680 -0.248153 0.512233 0.377407 1 0 1.000000
  0 -177.359497 41.623001 182.913315 -0.218156 -0.943812 -0.248248 0.505600 0.714319 1 0 1.000000
Tree_03_leaves_old
  0 -92.500664 77.434044 136.583054 -0.112985 -0.675252 -0.728881 0.000000 0.713030 1 0 1.000000
  0 -94.551636 20.779772 189.386810 -0.112985 -0.675252 -0.728882 0.240802 0.371568 1 0 1.000000
  0 -134.930054 59.528461 159.748230 -0.112985 -0.675252 -0.728882 0.252800 0.713675 1 0 1.000000
Tree_03_leaves_old
  0 -94.551636 20.779772 189.386810 -0.112985 -0.675252 -0.728882 0.240802 0.371568 1 0 1.000000
  0 -177.359497 41.623001 182.913315 -0.112985 -0.675252 -0.728882 0.505600 0.714319 1 0 1.000000
  0 -134.930054 59.528461 159.748230 -0.112985 -0.675252 -0.728882 0.252800 0.713675 1 0 1.000000
Tree_03_leaves_old
  0 -30.591883 -44.215984 202.200317 -0.247563 -0.190340 -0.949991 0.000000 -0.001294 1 0 1.000000
  0 29.461739 -4.465965 177.778793 -0.247563 -0.190340 -0.949991 0.227726 -0.001294 1 0 1.000000
  0 25.202528 -112.065056 200.447296 -0.247563 -0.190340 -0.949991 0.000000 0.355867 1 0 1.000000
Tree_03_leaves_old
  0 25.202528 -112.065056 200.447296 -0.247563 -0.190340 -0.949991 0.000000 0.355867 1 0 1.000000
  0 29.461739 -4.465965 177.778793 -0.247563 -0.190340 -0.949991 0.227726 -0.001294 1 0 1.000000
  0 90.836128 -73.242310 176.372437 -0.247563 -0.190340 -0.949991 0.240802 0.371568 1 0 1.000000
Tree_03_leaves_old
  0 25.202528 -112.065056 200.447296 -0.247563 -0.190340 -0.949991 0.000000 0.355867 1 0 1.000000
  0 90.836128 -73.242310 176.372437 -0.247563 -0.190340 -0.949991 0.240802 0.371568 1 0 1.000000
  0 80.997421 -179.913498 198.694199 -0.245035 -0.176873 -0.953244 0.000000 0.713030 1 0 1.000000
Tree_03_leaves_old
  0 29.461739 -4.465965 177.778793 0.364686 0.326766 -0.871911 0.227726 -0.001294 1 0 1.000000
  0 93.669746 37.450603 219.042023 0.364686 0.326766 -0.871911 0.519690 -0.001294 1 0 1.000000
  0 90.836128 -73.242310 176.372437 0.364686 0.326766 -0.871911 0.240802 0.371568 1 0 1.000000
Tree_03_leaves_old
  0 90.836128 -73.242310 176.372437 0.364686 0.326766 -0.871911 0.240802 0.371568 1 0 1.000000
  0 93.669746 37.450603 219.042023 0.364686 0.326766 -0.871911 0.519690 -0.001294 1 0 1.000000
  0 151.046478 -35.661762 216.941589 0.364686 0.326766 -0.871911 0.512233 0.377407 1 0 1.000000
Tree_03_leaves_old
  0 90.836128 -73.242310 176.372437 0.364686 0.326766 -0.871911 0.240802 0.371568 1 0 1.000000
  0 151.046478 -35.661762 216.941589 0.364686 0.326766 -0.871911 0.512233 0.377407 1 0 1.000000
  0 202.091339 -100.705772 215.073029 0.381177 0.324012 -0.865864 0.505600 0.714319 1 0 1.000000
Tree_03_leaves_old
  0 80.997421 -179.913498 198.694199 0.271293 -0.221049 -0.936770 0.000000 0.713030 1 0 1.000000
  0 90.836128 -73.242310 176.372437 0.271293 -0.221049 -0.936770 0.240802 0.371568 1 0 1.000000
  0 141.544342 -140.309540 206.883575 0.271293 -0.221049 -0.936770 0.252800 0.713675 1 0 1.000000
Tree_03_leaves_old
  0 90.836128 -73.242310 176.372437 0.271293 -0.221049 -0.936770 0.240802 0.371568 1 0 1.000000
  0 202.091339 -100.705772 215.073029 0.271293 -0.221049 -0.936770 0.505600 0.714319 1 0 1.000000
  0 141.544342 -140.309540 206.883575 0.271293 -0.221049 -0.936770 0.252800 0.713675 1 0 1.000000
Tree_03_leaves_old
  0 36.259640 88.129120 407.242981 -0.817371 0.540586 0.199177 0.005523 1.001106 1 0 1.000000
  0 -18.700195 14.143353 387.989441 -0.817371 0.540586 0.199177 0.005523 0.875864 1 0 1.000000
  0 29.803648 31.546761 539.802429 -0.817371 0.540586 0.199177 0.362683 1.001105 1 0 1.000000
Tree_03_leaves_old
  0 29.803648 31.546761 539.802429 -0.817371 0.540586 0.199177 0.362683 1.001105 1 0 1.000000
  0 -18.700195 14.143353 387.989441 -0.817371 0.540586 0.199177 0.005523 0.875864 1 0 1.000000
  0 -25.900450 -49.227654 524.954224 -0.817371 0.540586 0.199177 0.378385 0.868673 1 0 1.000000
Tree_03_leaves_old
  0 29.803648 31.546761 539.802429 -0.817371 0.540586 0.199177 0.362683 1.001105 1 0 1.000000
  0 -25.900450 -49.227654 524.954224 -0.817371 0.540586 0.199177 0.378385 0.868673 1 0 1.000000
  0 23.347597 -25.035704 672.362122 -0.824373 0.533991 0.187782 0.670048 1.001106 1 0 1.000000
Tree_03_leaves_old
  0 -18.700195 14.143353 387.989441 -0.936613 -0.302023 -0.177588 0.005523 0.875864 1 0 1.000000
  0 17.963444 -82.802353 350.713135 -0.936613 -0.302023 -0.177588 0.005522 0.715295 1 0 1.000000
  0 -25.900450 -49.227654 524.954224 -0.936613 -0.302023 -0.177588 0.378385 0.868673 1 0 1.000000
Tree_03_leaves_old
  0 -25.900450 -49.227654 524.954224 -0.936613 -0.302023 -0.177588 0.378385 0.868673 1 0 1.000000
  0 17.963444 -82.802353 350.713135 -0.936613 -0.302023 -0.177588 0.005522 0.715295 1 0 1.000000
  0 11.380499 -140.344864 492.078430 -0.936613 -0.302023 -0.177588 0.384224 0.719397 1 0 1.000000
Tree_03_leaves_old
  0 -25.900450 -49.227654 524.954224 -0.936613 -0.302023 -0.177588 0.378385 0.868673 1 0 1.000000
  0 11.380499 -140.344864 492.078430 -0.936613 -0.302023 -0.177588 0.384224 0.719397 1 0 1.000000
  0 5.524117 -191.537140 617.843323 -0.931870 -0.318801 -0.173160 0.671337 0.723045 1 0 1.000000
Tree_03_leaves_old
  0 23.347597 -25.035704 672.362122 -0.948348 -0.002354 0.317223 0.670048 1.001106 1 0 1.000000
  0 -25.900450 -49.227654 524.954224 -0.948348 -0.002352 0.317224 0.378385 0.868673 1 0 1.000000
  0 14.435918 -108.286530 645.102783 -0.948348 -0.002352 0.317224 0.670693 0.862075 1 0 1.000000
Tree_03_leaves_old
  0 -25.900450 -49.227654 524.954224 -0.948348 -0.002352 0.317224 0.378385 0.868673 1 0 1.000000
  0 5.524117 -191.537140 617.843323 -0.948348 -0.002352 0.317224 0.671337 0.723045 1 0 1.000000
  0 14.435918 -108.286530 645.102783 -0.948348 -0.002352 0.317224 0.670693 0.862075 1 0 1.000000
Tree_03_leaves_old
  0 85.261108 68.757011 256.362671 0.029277 0.666724 -0.744730 0.513002 -0.001294 1 0 1.000000
  0 -3.632569 14.818107 200.289490 0.029277 0.666724 -0.744730 0.730051 -0.001294 1 0 1.000000
  0 -7.133003 156.284836 326.800903 0.029277 0.666724 -0.744730 0.513002 0.355867 1 0 1.000000
Tree_03_leaves_old
  0 -7.133003 156.284836 326.800903 0.029277 0.666724 -0.744730 0.513002 0.355867 1 0 1.000000
  0 -3.632569 14.818107 200.289490 0.029277 0.666724 -0.744730 0.730051 -0.001294 1 0 1.000000
  0 -100.996712 101.646530 278.484985 0.029277 0.666724 -0.744730 0.742514 0.371568 1 0 1.000000
Tree_03_leaves_old
  0 -7.133003 156.284836 326.800903 0.029277 0.666724 -0.744730 0.513002 0.355867 1 0 1.000000
  0 -100.996712 101.646530 278.484985 0.029277 0.666724 -0.744730 0.742514 0.371568 1 0 1.000000
  0 -83.115761 229.616867 386.773193 0.018451 0.644348 -0.764510 0.513002 0.713030 1 0 1.000000
Tree_03_leaves_old
  0 -3.632569 14.818107 200.289490 -0.655237 -0.069458 -0.752223 0.730051 -0.001294 1 0 1.000000
  0 -58.820858 -88.306534 259.286560 -0.655237 -0.069458 -0.752223 1.008328 -0.001294 1 0 1.000000
  0 -100.996712 101.646530 278.484985 -0.655237 -0.069458 -0.752223 0.742514 0.371568 1 0 1.000000
Tree_03_leaves_old
  0 -100.996712 101.646530 278.484985 -0.655237 -0.069458 -0.752223 0.742514 0.371568 1 0 1.000000
  0 -58.820858 -88.306534 259.286560 -0.655237 -0.069458 -0.752223 1.008328 -0.001294 1 0 1.000000
  0 -155.228119 6.864115 333.073975 -0.655237 -0.069458 -0.752223 1.001221 0.377407 1 0 1.000000
Tree_03_leaves_old
  0 -100.996712 101.646530 278.484985 -0.655237 -0.069458 -0.752223 0.742514 0.371568 1 0 1.000000
  0 -155.228119 6.864115 333.073975 -0.655237 -0.069458 -0.752223 1.001221 0.377407 1 0 1.000000
  0 -223.655396 77.134003 389.820923 -0.666116 -0.047560 -0.744330 0.994898 0.714319 1 0 1.000000
Tree_03_leaves_old
  0 -83.115761 229.616867 386.773193 -0.616450 0.557044 -0.556499 0.513002 0.713030 1 0 1.000000
  0 -100.996712 101.646530 278.484985 -0.616450 0.557044 -0.556500 0.742514 0.371568 1 0 1.000000
  0 -153.385498 153.375458 388.297058 -0.616450 0.557044 -0.556500 0.753950 0.713675 1 0 1.000000
Tree_03_leaves_old
  0 -100.996712 101.646530 278.484985 -0.616450 0.557044 -0.556500 0.742514 0.371568 1 0 1.000000
  0 -223.655396 77.134003 389.820923 -0.616450 0.557044 -0.556500 0.994898 0.714319 1 0 1.000000
  0 -153.385498 153.375458 388.297058 -0.616450 0.557044 -0.556500 0.753950 0.713675 1 0 1.000000
Tree_03_leaves_old
  0 -35.767574 21.482061 212.256042 0.318422 0.590092 -0.741888 0.005523 1.001106 1 0 1.000000
  0 -84.447800 31.341991 198.398590 0.318422 0.590092 -0.741888 0.005523 0.875864 1 0 1.000000
  0 -47.842979 85.401886 257.108368 0.318422 0.590092 -0.741888 0.362683 1.001105 1 0 1.000000
Tree_03_leaves_old
  0 -47.842979 85.401886 257.108368 0.318422 0.590092 -0.741888 0.362683 1.001105 1 0 1.000000
  0 -84.447800 31.341991 198.398590 0.318422 0.590092 -0.741888 0.005523 0.875864 1 0 1.000000
  0 -99.500206 97.680092 245.508972 0.318422 0.590092 -0.741888 0.378385 0.868673 1 0 1.000000
Tree_03_leaves_old
  0 -47.842979 85.401886 257.108368 0.318422 0.590092 -0.741888 0.362683 1.001105 1 0 1.000000
  0 -99.500206 97.680092 245.508972 0.318422 0.590092 -0.741888 0.378385 0.868673 1 0 1.000000
  0 -59.918385 149.321762 301.960754 0.307547 0.584803 -0.750613 0.670048 1.001106 1 0 1.000000
Tree_03_leaves_old
  0 -84.447800 31.341991 198.398590 -0.588701 0.384323 -0.711145 0.005523 0.875864 1 0 1.000000
  0 -132.981354 5.910544 223.630493 -0.588701 0.384323 -0.711145 0.005522 0.715295 1 0 1.000000
  0 -99.500206 97.680092 245.508972 -0.588701 0.384323 -0.711145 0.378385 0.868673 1 0 1.000000
Tree_03_leaves_old
  0 -99.500206 97.680092 245.508972 -0.588701 0.384323 -0.711145 0.378385 0.868673 1 0 1.000000
  0 -132.981354 5.910544 223.630493 -0.588701 0.384323 -0.711145 0.005522 0.715295 1 0 1.000000
  0 -144.390289 73.908859 271.024689 -0.588701 0.384323 -0.711145 0.384224 0.719397 1 0 1.000000
Tree_03_leaves_old
  0 -99.500206 97.680092 245.508972 -0.588701 0.384323 -0.711145 0.378385 0.868673 1 0 1.000000
  0 -144.390289 73.908859 271.024689 -0.588701 0.384323 -0.711145 0.384224 0.719397 1 0 1.000000
  0 -154.540100 134.403152 313.188721 -0.601843 0.386226 -0.699009 0.671337 0.723045 1 0 1.000000
Tree_03_leaves_old
  0 -59.918385 149.321762 301.960754 -0.193593 0.787704 -0.584846 0.670048 1.001106 1 0 1.000000
  0 -99.500206 97.680092 245.508972 -0.193592 0.787704 -0.584846 0.378385 0.868673 1 0 1.000000
  0 -107.229301 141.862457 307.574768 -0.193592 0.787704 -0.584846 0.670693 0.862075 1 0 1.000000
Tree_03_leaves_old
  0 -99.500206 97.680092 245.508972 -0.193592 0.787704 -0.584846 0.378385 0.868673 1 0 1.000000
  0 -154.540100 134.403152 313.188721 -0.193592 0.787704 -0.584846 0.671337 0.723045 1 0 1.000000
  0 -107.229301 141.862457 307.574768 -0.193592 0.787704 -0.584846 0.670693 0.862075 1 0 1.000000
Tree_03_leaves_old
  0 -18.480774 54.141563 239.217651 0.400307 0.661340 -0.634338 0.513002 -0.001294 1 0 1.000000
  0 -59.393085 25.763735 180.532867 0.400307 0.661340 -0.634338 0.730051 -0.001294 1 0 1.000000
  0 -86.184196 117.383110 259.145447 0.400307 0.661340 -0.634338 0.513002 0.355867 1 0 1.000000
Tree_03_leaves_old
  0 -86.184196 117.383110 259.145447 0.400307 0.661340 -0.634338 0.513002 0.355867 1 0 1.000000
  0 -59.393085 25.763735 180.532867 0.400307 0.661340 -0.634338 0.730051 -0.001294 1 0 1.000000
  0 -132.157196 88.899086 203.717834 0.400307 0.661340 -0.634338 0.742514 0.371568 1 0 1.000000
Tree_03_leaves_old
  0 -86.184196 117.383110 259.145447 0.400307 0.661340 -0.634338 0.513002 0.355867 1 0 1.000000
  0 -132.157196 88.899086 203.717834 0.400307 0.661340 -0.634338 0.742514 0.371568 1 0 1.000000
  0 -142.322906 170.262650 276.790314 0.396411 0.640362 -0.657872 0.513002 0.713030 1 0 1.000000
Tree_03_leaves_old
  0 -59.393085 25.763735 180.532867 -0.290317 0.005927 -0.956912 0.730051 -0.001294 1 0 1.000000
  0 -114.530029 -37.104794 197.589447 -0.290317 0.005927 -0.956912 1.008328 -0.001294 1 0 1.000000
  0 -132.157196 88.899086 203.717834 -0.290317 0.005927 -0.956912 0.742514 0.371568 1 0 1.000000
Tree_03_leaves_old
  0 -132.157196 88.899086 203.717834 -0.290317 0.005927 -0.956912 0.742514 0.371568 1 0 1.000000
  0 -114.530029 -37.104794 197.589447 -0.290317 0.005927 -0.956912 1.008328 -0.001294 1 0 1.000000
  0 -185.000931 31.369974 218.675690 -0.290317 0.005927 -0.956912 1.001221 0.377407 1 0 1.000000
Tree_03_leaves_old
  0 -132.157196 88.899086 203.717834 -0.290317 0.005927 -0.956912 0.742514 0.371568 1 0 1.000000
  0 -185.000931 31.369974 218.675690 -0.290317 0.005927 -0.956912 1.001221 0.377407 1 0 1.000000
  0 -236.016266 81.724976 236.324371 -0.301225 0.028878 -0.953116 0.994898 0.714319 1 0 1.000000
Tree_03_leaves_old
  0 -142.322906 170.262650 276.790314 -0.273030 0.623689 -0.732439 0.513002 0.713030 1 0 1.000000
  0 -132.157196 88.899086 203.717834 -0.273031 0.623689 -0.732439 0.742514 0.371568 1 0 1.000000
  0 -189.169525 125.993889 256.557373 -0.273031 0.623689 -0.732439 0.753950 0.713675 1 0 1.000000
Tree_03_leaves_old
  0 -132.157196 88.899086 203.717834 -0.273031 0.623689 -0.732439 0.742514 0.371568 1 0 1.000000
  0 -236.016266 81.724976 236.324371 -0.273031 0.623689 -0.732439 0.994898 0.714319 1 0 1.000000
  0 -189.169525 125.993889 256.557373 -0.273031 0.623689 -0.732439 0.753950 0.713675 1 0 1.000000
Tree_03_leaves_old
  0 103.231514 147.584152 246.118530 0.298697 0.383369 -0.873961 0.000000 -0.001294 1 0 1.000000
  0 2.806112 139.365036 206.942566 0.298697 0.383369 -0.873961 0.227726 -0.001294 1 0 1.000000
  0 65.919937 261.264191 281.985046 0.298697 0.383369 -0.873961 0.000000 0.355867 1 0 1.000000
Tree_03_leaves_old
  0 65.919937 261.264191 281.985046 0.298697 0.383369 -0.873961 0.000000 0.355867 1 0 1.000000
  0 2.806112 139.365036 206.942566 0.298697 0.383369 -0.873961 0.227726 -0.001294 1 0 1.000000
  0 -41.362030 256.861298 244.635483 0.298697 0.383369 -0.873961 0.240802 0.371568 1 0 1.000000
Tree_03_leaves_old
  0 65.919937 261.264191 281.985046 0.298697 0.383369 -0.873961 0.000000 0.355867 1 0 1.000000
  0 -41.362030 256.861298 244.635483 0.298697 0.383369 -0.873961 0.240802 0.371568 1 0 1.000000
  0 28.607262 374.943726 317.851410 0.291289 0.373479 -0.880718 0.000000 0.713030 1 0 1.000000
Tree_03_leaves_old
  0 2.806112 139.365036 206.942566 -0.462717 0.121498 -0.878141 0.227726 -0.001294 1 0 1.000000
  0 -104.032158 100.649559 256.044861 -0.462717 0.121498 -0.878141 0.519690 -0.001294 1 0 1.000000
  0 -41.362030 256.861298 244.635483 -0.462717 0.121498 -0.878141 0.240802 0.371568 1 0 1.000000
Tree_03_leaves_old
  0 -41.362030 256.861298 244.635483 -0.462717 0.121498 -0.878141 0.240802 0.371568 1 0 1.000000
  0 -104.032158 100.649559 256.044861 -0.462717 0.121498 -0.878141 0.519690 -0.001294 1 0 1.000000
  0 -140.620804 221.858734 293.931976 -0.462717 0.121498 -0.878141 0.512233 0.377407 1 0 1.000000
Tree_03_leaves_old
  0 -41.362030 256.861298 244.635483 -0.462717 0.121498 -0.878141 0.240802 0.371568 1 0 1.000000
  0 -140.620804 221.858734 293.931976 -0.462717 0.121498 -0.878141 0.512233 0.377407 1 0 1.000000
  0 -173.171707 329.691650 327.638031 -0.476955 0.127835 -0.869582 0.505600 0.714319 1 0 1.000000
Tree_03_leaves_old
  0 28.607262 374.943726 317.851410 -0.170648 0.590294 -0.788944 0.000000 0.713030 1 0 1.000000
  0 -41.362030 256.861298 244.635483 -0.170648 0.590294 -0.788944 0.240802 0.371568 1 0 1.000000
  0 -72.282265 352.317566 322.744629 -0.170648 0.590294 -0.788944 0.252800 0.713675 1 0 1.000000
Tree_03_leaves_old
  0 -41.362030 256.861298 244.635483 -0.170648 0.590294 -0.788944 0.240802 0.371568 1 0 1.000000
  0 -173.171707 329.691650 327.638031 -0.170648 0.590294 -0.788944 0.505600 0.714319 1 0 1.000000
  0 -72.282265 352.317566 322.744629 -0.170648 0.590294 -0.788944 0.252800 0.713675 1 0 1.000000
Tree_03_leaves_old
  0 -2.744345 190.875580 210.580612 0.364477 -0.025941 -0.930851 0.730051 -0.001294 1 0 1.000000
  0 19.492334 284.002228 219.917740 0.364477 -0.025941 -0.930851 0.742514 0.371568 1 0 1.000000
  0 92.797638 172.320297 251.732941 0.364477 -0.025941 -0.930851 0.513002 -0.001294 1 0 1.000000
Tree_03_leaves_old
  0 92.797638 172.320297 251.732941 0.364477 -0.025941 -0.930851 0.513002 -0.001294 1 0 1.000000
  0 19.492334 284.002228 219.917740 0.364477 -0.025941 -0.930851 0.742514 0.371568 1 0 1.000000
  0 116.706146 259.636841 255.435440 0.364477 -0.025941 -0.930851 0.513002 0.355867 1 0 1.000000
Tree_03_leaves_old
  0 -92.312065 203.606110 285.054321 -0.600638 0.210339 -0.771357 1.008328 -0.001294 1 0 1.000000
  0 -64.640144 298.267792 288.061890 -0.600638 0.210339 -0.771357 1.001221 0.377407 1 0 1.000000
  0 -2.744345 190.875580 210.580612 -0.600638 0.210339 -0.771357 0.730051 -0.001294 1 0 1.000000
Tree_03_leaves_old
  0 -2.744345 190.875580 210.580612 -0.600638 0.210339 -0.771357 0.730051 -0.001294 1 0 1.000000
  0 -64.640144 298.267792 288.061890 -0.600638 0.210339 -0.771357 1.001221 0.377407 1 0 1.000000
  0 19.492334 284.002228 219.917740 -0.600638 0.210339 -0.771357 0.742514 0.371568 1 0 1.000000
Tree_03_leaves_old
  0 19.492334 284.002228 219.917740 -0.600638 0.210339 -0.771357 0.742514 0.371568 1 0 1.000000
  0 -64.640144 298.267792 288.061890 -0.600638 0.210339 -0.771357 1.001221 0.377407 1 0 1.000000
  0 -42.002293 396.647369 297.157349 -0.593977 0.208513 -0.776990 0.994898 0.714319 1 0 1.000000
Tree_03_leaves_old
  0 -71.664513 81.866104 202.585083 -0.412127 0.221893 -0.883694 0.513002 -0.001294 1 0 1.000000
  0 -42.484158 2.763269 166.305115 -0.412127 0.221893 -0.883694 0.730051 -0.001294 1 0 1.000000
  0 -169.662933 34.938637 233.696411 -0.412127 0.221893 -0.883694 0.513002 0.355867 1 0 1.000000
Tree_03_leaves_old
  0 -169.662933 34.938637 233.696411 -0.412127 0.221893 -0.883694 0.513002 0.355867 1 0 1.000000
  0 -42.484158 2.763269 166.305115 -0.412127 0.221893 -0.883694 0.730051 -0.001294 1 0 1.000000
  0 -142.686920 -47.931473 203.115906 -0.412127 0.221893 -0.883694 0.742514 0.371568 1 0 1.000000
Tree_03_leaves_old
  0 -169.662933 34.938637 233.696411 -0.412127 0.221893 -0.883694 0.513002 0.355867 1 0 1.000000
  0 -142.686920 -47.931473 203.115906 -0.412127 0.221893 -0.883694 0.742514 0.371568 1 0 1.000000
  0 -251.629227 -3.313212 260.555573 -0.389686 0.204509 -0.897954 0.513002 0.713030 1 0 1.000000
Tree_03_leaves_old
  0 102.739845 -55.931057 143.623672 0.216643 -0.195280 -0.956520 0.742514 0.371568 1 0 1.000000
  0 112.549118 22.020943 129.930984 0.216643 -0.195280 -0.956520 1.001221 0.377407 1 0 1.000000
  0 197.650864 10.309113 151.596756 0.216643 -0.195280 -0.956520 0.994898 0.714319 1 0 1.000000
Tree_03_leaves_old
  0 138.022491 365.743195 264.752289 -0.057583 0.543004 -0.837754 0.513002 0.713030 1 0 1.000000
  0 19.492334 284.002228 219.917740 -0.057583 0.543003 -0.837754 0.742514 0.371568 1 0 1.000000
  0 48.010216 381.195251 280.954803 -0.057583 0.543003 -0.837754 0.753950 0.713675 1 0 1.000000
Tree_03_leaves_old
  0 19.492334 284.002228 219.917740 -0.057583 0.543003 -0.837754 0.742514 0.371568 1 0 1.000000
  0 -42.002293 396.647369 297.157349 -0.057583 0.543003 -0.837754 0.994898 0.714319 1 0 1.000000
  0 48.010216 381.195251 280.954803 -0.057583 0.543003 -0.837754 0.753950 0.713675 1 0 1.000000
Tree_03_leaves_old
  0 92.785698 282.497040 405.151672 0.373911 0.858878 -0.350027 0.670048 1.001106 1 0 1.000000
  0 25.730293 270.427399 303.904907 0.373911 0.858878 -0.350027 0.378385 0.868673 1 0 1.000000
  0 30.115124 309.694366 404.940247 0.373911 0.858878 -0.350027 0.670693 0.862075 1 0 1.000000
Tree_03_leaves_old
  0 25.730293 270.427399 303.904907 0.373911 0.858878 -0.350027 0.378385 0.868673 1 0 1.000000
  0 -32.555267 336.891571 404.728546 0.373911 0.858878 -0.350027 0.671337 0.723045 1 0 1.000000
  0 30.115124 309.694366 404.940247 0.373911 0.858878 -0.350027 0.670693 0.862075 1 0 1.000000
Tree_03_leaves_old
  0 70.783432 168.347946 247.331177 0.053189 0.967332 -0.247869 0.513002 -0.001294 1 0 1.000000
  0 -0.137040 161.778671 200.236023 0.053189 0.967332 -0.247869 0.730051 -0.001294 1 0 1.000000
  0 15.135252 194.833603 332.513245 0.053189 0.967332 -0.247869 0.513002 0.355867 1 0 1.000000
Tree_03_leaves_old
  0 15.135252 194.833603 332.513245 0.053189 0.967332 -0.247869 0.513002 0.355867 1 0 1.000000
  0 -0.137040 161.778671 200.236023 0.053189 0.967332 -0.247869 0.730051 -0.001294 1 0 1.000000
  0 -64.315132 185.579498 285.588593 0.053189 0.967332 -0.247869 0.742514 0.371568 1 0 1.000000
Tree_03_leaves_old
  0 15.135252 194.833603 332.513245 0.053189 0.967332 -0.247869 0.513002 0.355867 1 0 1.000000
  0 -64.315132 185.579498 285.588593 0.053189 0.967332 -0.247869 0.742514 0.371568 1 0 1.000000
  0 -30.412058 216.588959 404.323547 0.043775 0.963493 -0.264130 0.513002 0.713030 1 0 1.000000
Tree_03_leaves_old
  0 -0.137040 161.778671 200.236023 -0.615326 0.421771 -0.665945 0.730051 -0.001294 1 0 1.000000
  0 -44.224571 77.993912 198.886597 -0.615326 0.421771 -0.665945 1.008328 -0.001294 1 0 1.000000
  0 -64.315132 185.579498 285.588593 -0.615326 0.421771 -0.665945 0.742514 0.371568 1 0 1.000000
Tree_03_leaves_old
  0 -64.315132 185.579498 285.588593 -0.615326 0.421771 -0.665945 0.742514 0.371568 1 0 1.000000
  0 -44.224571 77.993912 198.886597 -0.615326 0.421771 -0.665945 1.008328 -0.001294 1 0 1.000000
  0 -117.650284 109.945763 275.989105 -0.615326 0.421771 -0.665945 1.001221 0.377407 1 0 1.000000
Tree_03_leaves_old
  0 -55.963619 -33.048393 390.355774 -0.834033 -0.525349 0.168513 0.000000 0.713030 1 0 1.000000
  0 -14.141891 -126.651894 305.532410 -0.834033 -0.525349 0.168513 0.240802 0.371568 1 0 1.000000
  0 -7.120580 -103.766197 411.631195 -0.834033 -0.525349 0.168513 0.252800 0.713675 1 0 1.000000
Tree_03_leaves_old
  0 -14.141891 -126.651894 305.532410 -0.834033 -0.525349 0.168513 0.240802 0.371568 1 0 1.000000
  0 41.722420 -174.483856 432.906891 -0.834033 -0.525349 0.168513 0.505600 0.714319 1 0 1.000000
  0 -7.120580 -103.766197 411.631195 -0.834033 -0.525349 0.168513 0.252800 0.713675 1 0 1.000000
Tree_03_leaves_old
  0 -62.237946 -143.697601 217.458679 -0.216563 -0.959192 -0.181799 0.000000 -0.001294 1 0 1.000000
  0 0.628338 -158.288055 215.969971 -0.216563 -0.959192 -0.181799 0.227726 -0.001294 1 0 1.000000
  0 -56.203632 -159.506531 290.098450 -0.216563 -0.959192 -0.181799 0.000000 0.355867 1 0 1.000000
Tree_03_leaves_old
  0 -56.203632 -159.506531 290.098450 -0.216563 -0.959192 -0.181799 0.000000 0.355867 1 0 1.000000
  0 0.628338 -158.288055 215.969971 -0.216563 -0.959192 -0.181799 0.227726 -0.001294 1 0 1.000000
  0 10.052474 -174.151489 292.023041 -0.216563 -0.959192 -0.181799 0.240802 0.371568 1 0 1.000000
Tree_03_leaves_old
  0 -56.203632 -159.506531 290.098450 -0.216563 -0.959192 -0.181799 0.000000 0.355867 1 0 1.000000
  0 10.052474 -174.151489 292.023041 -0.216563 -0.959192 -0.181799 0.240802 0.371568 1 0 1.000000
  0 -50.168613 -175.315384 362.738007 -0.206514 -0.959489 -0.191660 0.000000 0.713030 1 0 1.000000
Tree_03_leaves_old
  0 0.628338 -158.288055 215.969971 0.569794 -0.790974 -0.222924 0.227726 -0.001294 1 0 1.000000
  0 61.911827 -118.243050 226.202393 0.569794 -0.790974 -0.222924 0.519690 -0.001294 1 0 1.000000
  0 10.052474 -174.151489 292.023041 0.569794 -0.790974 -0.222924 0.240802 0.371568 1 0 1.000000
Tree_03_leaves_old
  0 10.052474 -174.151489 292.023041 0.569794 -0.790974 -0.222924 0.240802 0.371568 1 0 1.000000
  0 61.911827 -118.243050 226.202393 0.569794 -0.790974 -0.222924 0.519690 -0.001294 1 0 1.000000
  0 66.529167 -135.370651 303.097534 0.569794 -0.790974 -0.222924 0.512233 0.377407 1 0 1.000000
Tree_03_leaves_old
  0 10.052474 -174.151489 292.023041 0.569794 -0.790974 -0.222924 0.240802 0.371568 1 0 1.000000
  0 66.529167 -135.370651 303.097534 0.569794 -0.790974 -0.222924 0.512233 0.377407 1 0 1.000000
  0 70.636986 -150.607986 371.506744 0.581092 -0.786270 -0.210026 0.505600 0.714319 1 0 1.000000
Tree_03_leaves_old
  0 -50.168613 -175.315384 362.738007 0.188213 -0.971470 0.144294 0.000000 0.713030 1 0 1.000000
  0 10.052474 -174.151489 292.023041 0.188214 -0.971470 0.144294 0.240802 0.371568 1 0 1.000000
  0 10.234233 -162.961685 367.122284 0.188214 -0.971470 0.144294 0.252800 0.713675 1 0 1.000000
Tree_03_leaves_old
  0 10.052474 -174.151489 292.023041 0.188214 -0.971470 0.144294 0.240802 0.371568 1 0 1.000000
  0 70.636986 -150.607986 371.506744 0.188214 -0.971470 0.144294 0.505600 0.714319 1 0 1.000000
  0 10.234233 -162.961685 367.122284 0.188214 -0.971470 0.144294 0.252800 0.713675 1 0 1.000000
Tree_03_leaves_old
  0 9.955382 -192.326859 268.782776 -0.428637 -0.796682 -0.426109 0.000000 -0.001294 1 0 1.000000
  0 11.942148 -163.372238 211.120422 -0.428637 -0.796682 -0.426109 0.227726 -0.001294 1 0 1.000000
  0 76.914772 -218.673126 249.156631 -0.428637 -0.796682 -0.426109 0.000000 0.355867 1 0 1.000000
Tree_03_leaves_old
  0 76.914772 -218.673126 249.156631 -0.428637 -0.796682 -0.426109 0.000000 0.355867 1 0 1.000000
  0 11.942148 -163.372238 211.120422 -0.428637 -0.796682 -0.426109 0.227726 -0.001294 1 0 1.000000
  0 82.554184 -188.505188 188.607956 -0.428637 -0.796682 -0.426109 0.240802 0.371568 1 0 1.000000
Tree_03_leaves_old
  0 76.914772 -218.673126 249.156631 -0.428637 -0.796682 -0.426109 0.000000 0.355867 1 0 1.000000
  0 82.554184 -188.505188 188.607956 -0.428637 -0.796682 -0.426109 0.240802 0.371568 1 0 1.000000
  0 143.874084 -245.018845 229.530045 -0.437116 -0.788106 -0.433380 0.000000 0.713030 1 0 1.000000
Tree_03_leaves_old
  0 11.942148 -163.372238 211.120422 -0.341604 -0.170136 -0.924316 0.227726 -0.001294 1 0 1.000000
  0 38.131287 -98.094704 188.383942 -0.341604 -0.170136 -0.924316 0.519690 -0.001294 1 0 1.000000
  0 82.554184 -188.505188 188.607956 -0.341604 -0.170136 -0.924316 0.240802 0.371568 1 0 1.000000
Tree_03_leaves_old
  0 82.554184 -188.505188 188.607956 -0.341604 -0.170136 -0.924316 0.240802 0.371568 1 0 1.000000
  0 38.131287 -98.094704 188.383942 -0.341604 -0.170136 -0.924316 0.519690 -0.001294 1 0 1.000000
  0 108.724670 -127.381691 168.727417 -0.341604 -0.170136 -0.924316 0.512233 0.377407 1 0 1.000000
Tree_03_leaves_old
  0 82.554184 -188.505188 188.607956 -0.341604 -0.170136 -0.924316 0.240802 0.371568 1 0 1.000000
  0 108.724670 -127.381691 168.727417 -0.341604 -0.170136 -0.924316 0.512233 0.377407 1 0 1.000000
  0 171.527588 -153.436554 151.240173 -0.326793 -0.162877 -0.930955 0.505600 0.714319 1 0 1.000000
Tree_03_leaves_old
  0 143.874084 -245.018845 229.530045 -0.072475 -0.635347 -0.768818 0.000000 0.713030 1 0 1.000000
  0 82.554184 -188.505188 188.607956 -0.072475 -0.635347 -0.768818 0.240802 0.371568 1 0 1.000000
  0 157.700760 -199.227661 190.385056 -0.072475 -0.635347 -0.768818 0.252800 0.713675 1 0 1.000000
Tree_03_leaves_old
  0 82.554184 -188.505188 188.607956 -0.072475 -0.635347 -0.768818 0.240802 0.371568 1 0 1.000000
  0 171.527588 -153.436554 151.240173 -0.072475 -0.635347 -0.768818 0.505600 0.714319 1 0 1.000000
  0 157.700760 -199.227661 190.385056 -0.072475 -0.635347 -0.768818 0.252800 0.713675 1 0 1.000000
Tree_03_leaves_old
  0 -19.661703 -60.140324 208.579407 -0.283946 0.279327 -0.917252 0.000000 -0.001294 1 0 1.000000
  0 -1.578754 -98.237381 190.877090 -0.283946 0.279327 -0.917252 0.227726 -0.001294 1 0 1.000000
  0 -63.437901 -89.447495 212.703064 -0.283946 0.279327 -0.917252 0.000000 0.355867 1 0 1.000000
Tree_03_leaves_old
  0 -63.437901 -89.447495 212.703064 -0.283946 0.279327 -0.917252 0.000000 0.355867 1 0 1.000000
  0 -1.578754 -98.237381 190.877090 -0.283946 0.279327 -0.917252 0.227726 -0.001294 1 0 1.000000
  0 -46.216488 -130.831085 195.272583 -0.283946 0.279327 -0.917252 0.240802 0.371568 1 0 1.000000
Tree_03_leaves_old
  0 -63.437901 -89.447495 212.703064 -0.283946 0.279327 -0.917252 0.000000 0.355867 1 0 1.000000
  0 -46.216488 -130.831085 195.272583 -0.283946 0.279327 -0.917252 0.240802 0.371568 1 0 1.000000
  0 -107.213737 -118.755020 216.826660 -0.271327 0.275519 -0.922210 0.000000 0.713030 1 0 1.000000
Tree_03_leaves_old
  0 -1.578754 -98.237381 190.877090 0.174629 -0.382456 -0.907321 0.227726 -0.001294 1 0 1.000000
  0 22.572001 -139.535217 212.181030 0.174629 -0.382456 -0.907321 0.519690 -0.001294 1 0 1.000000
  0 -46.216488 -130.831085 195.272583 0.174629 -0.382456 -0.907321 0.240802 0.371568 1 0 1.000000
Tree_03_leaves_old
  0 -46.216488 -130.831085 195.272583 0.174629 -0.382456 -0.907321 0.240802 0.371568 1 0 1.000000
  0 22.572001 -139.535217 212.181030 0.174629 -0.382456 -0.907321 0.519690 -0.001294 1 0 1.000000
  0 -24.450102 -169.470917 216.501617 0.174629 -0.382456 -0.907321 0.512233 0.377407 1 0 1.000000
Tree_03_leaves_old
  0 -46.216488 -130.831085 195.272583 0.174629 -0.382456 -0.907321 0.240802 0.371568 1 0 1.000000
  0 -24.450102 -169.470917 216.501617 0.174629 -0.382456 -0.907321 0.512233 0.377407 1 0 1.000000
  0 -66.282997 -196.103088 220.345505 0.171022 -0.398679 -0.901003 0.505600 0.714319 1 0 1.000000
Tree_03_leaves_old
  0 -107.213737 -118.755020 216.826660 -0.364783 -0.234032 -0.901201 0.000000 0.713030 1 0 1.000000
  0 -46.216488 -130.831085 195.272583 -0.364782 -0.234033 -0.901201 0.240802 0.371568 1 0 1.000000
  0 -86.748306 -157.429047 218.586029 -0.364782 -0.234033 -0.901201 0.252800 0.713675 1 0 1.000000
Tree_03_leaves_old
  0 -46.216488 -130.831085 195.272583 -0.364782 -0.234033 -0.901201 0.240802 0.371568 1 0 1.000000
  0 -66.282997 -196.103088 220.345505 -0.364782 -0.234033 -0.901201 0.505600 0.714319 1 0 1.000000
  0 -86.748306 -157.429047 218.586029 -0.364782 -0.234033 -0.901201 0.252800 0.713675 1 0 1.000000
Tree_03_leaves_old
  0 -49.107864 -183.798523 197.228409 0.279103 -0.020829 -0.960035 0.000000 -0.001294 1 0 1.000000
  0 6.051072 -165.359711 212.233124 0.279103 -0.020829 -0.960035 0.227726 -0.001294 1 0 1.000000
  0 -22.338768 -247.253403 205.756332 0.279103 -0.020829 -0.960035 0.000000 0.355867 1 0 1.000000
Tree_03_leaves_old
  0 -22.338768 -247.253403 205.756332 0.279103 -0.020829 -0.960035 0.000000 0.355867 1 0 1.000000
  0 6.051072 -165.359711 212.233124 0.279103 -0.020829 -0.960035 0.227726 -0.001294 1 0 1.000000
  0 36.138218 -230.783249 223.030655 0.279103 -0.020829 -0.960035 0.240802 0.371568 1 0 1.000000
Tree_03_leaves_old
  0 -22.338768 -247.253403 205.756332 0.279103 -0.020829 -0.960035 0.000000 0.355867 1 0 1.000000
  0 36.138218 -230.783249 223.030655 0.279103 -0.020829 -0.960035 0.240802 0.371568 1 0 1.000000
  0 4.430795 -310.707916 214.284592 0.285460 -0.008375 -0.958354 0.000000 0.713030 1 0 1.000000
Tree_03_leaves_old
  0 6.051072 -165.359711 212.233124 0.833959 0.292607 -0.467860 0.227726 -0.001294 1 0 1.000000
  0 35.971642 -151.184586 272.516083 0.833959 0.292607 -0.467860 0.519690 -0.001294 1 0 1.000000
  0 36.138218 -230.783249 223.030655 0.833959 0.292607 -0.467860 0.240802 0.371568 1 0 1.000000
Tree_03_leaves_old
  0 36.138218 -230.783249 223.030655 0.833959 0.292607 -0.467860 0.240802 0.371568 1 0 1.000000
  0 35.971642 -151.184586 272.516083 0.833959 0.292607 -0.467860 0.519690 -0.001294 1 0 1.000000
  0 63.134708 -218.934128 280.478271 0.833959 0.292607 -0.467860 0.512233 0.377407 1 0 1.000000
Tree_03_leaves_old
  0 36.138218 -230.783249 223.030655 0.833959 0.292607 -0.467860 0.240802 0.371568 1 0 1.000000
  0 63.134708 -218.934128 280.478271 0.833959 0.292607 -0.467860 0.512233 0.377407 1 0 1.000000
  0 87.300201 -279.207062 287.561859 0.843638 0.284748 -0.455185 0.505600 0.714319 1 0 1.000000
Tree_03_leaves_old
  0 4.430795 -310.707916 214.284592 0.690454 -0.197772 -0.695816 0.000000 0.713030 1 0 1.000000
  0 36.138218 -230.783249 223.030655 0.690453 -0.197772 -0.695816 0.240802 0.371568 1 0 1.000000
  0 45.865505 -294.957397 250.923203 0.690453 -0.197772 -0.695816 0.252800 0.713675 1 0 1.000000
Tree_03_leaves_old
  0 36.138218 -230.783249 223.030655 0.690453 -0.197772 -0.695816 0.240802 0.371568 1 0 1.000000
  0 87.300201 -279.207062 287.561859 0.690453 -0.197772 -0.695816 0.505600 0.714319 1 0 1.000000
  0 45.865505 -294.957397 250.923203 0.690453 -0.197772 -0.695816 0.252800 0.713675 1 0 1.000000
Tree_03_leaves_old
  0 -36.799313 -102.636353 213.073517 0.025289 -0.688524 -0.724773 0.005523 1.001106 1 0 1.000000
  0 9.210026 -73.986931 186.673416 0.025289 -0.688524 -0.724773 0.005523 0.875864 1 0 1.000000
  0 36.699562 -147.419922 257.392914 0.025289 -0.688524 -0.724773 0.362683 1.001105 1 0 1.000000
Tree_03_leaves_old
  0 36.699562 -147.419922 257.392914 0.025289 -0.688524 -0.724773 0.362683 1.001105 1 0 1.000000
  0 9.210026 -73.986931 186.673416 0.025289 -0.688524 -0.724773 0.005523 0.875864 1 0 1.000000
  0 87.589943 -118.825500 232.793182 0.025289 -0.688524 -0.724773 0.378385 0.868673 1 0 1.000000
Tree_03_leaves_old
  0 36.699562 -147.419922 257.392914 0.025289 -0.688524 -0.724773 0.362683 1.001105 1 0 1.000000
  0 87.589943 -118.825500 232.793182 0.025289 -0.688524 -0.724773 0.378385 0.868673 1 0 1.000000
  0 110.198486 -192.203506 301.712402 0.027708 -0.679802 -0.732872 0.670048 1.001106 1 0 1.000000
Tree_03_leaves_old
  0 9.210026 -73.986931 186.673416 0.569141 0.137920 -0.810590 0.005523 0.875864 1 0 1.000000
  0 28.768061 -26.580055 207.187866 0.569141 0.137920 -0.810590 0.005522 0.715295 1 0 1.000000
  0 87.589943 -118.825500 232.793182 0.569141 0.137920 -0.810590 0.378385 0.868673 1 0 1.000000
Tree_03_leaves_old
  0 87.589943 -118.825500 232.793182 0.569141 0.137920 -0.810590 0.378385 0.868673 1 0 1.000000
  0 28.768061 -26.580055 207.187866 0.569141 0.137920 -0.810590 0.005522 0.715295 1 0 1.000000
  0 105.759018 -75.155746 254.264618 0.569141 0.137920 -0.810590 0.384224 0.719397 1 0 1.000000
Tree_03_leaves_old
  0 87.589943 -118.825500 232.793182 0.569141 0.137920 -0.810590 0.378385 0.868673 1 0 1.000000
  0 105.759018 -75.155746 254.264618 0.569141 0.137920 -0.810590 0.384224 0.719397 1 0 1.000000
  0 174.253479 -118.370888 296.146271 0.582953 0.150076 -0.798525 0.671337 0.723045 1 0 1.000000
Tree_03_leaves_old
  0 110.198486 -192.203506 301.712402 0.513428 -0.498114 -0.698766 0.670048 1.001106 1 0 1.000000
  0 87.589943 -118.825500 232.793182 0.513427 -0.498114 -0.698767 0.378385 0.868673 1 0 1.000000
  0 142.226059 -155.287155 298.929382 0.513427 -0.498114 -0.698767 0.670693 0.862075 1 0 1.000000
Tree_03_leaves_old
  0 87.589943 -118.825500 232.793182 0.513427 -0.498114 -0.698767 0.378385 0.868673 1 0 1.000000
  0 174.253479 -118.370888 296.146271 0.513427 -0.498114 -0.698767 0.671337 0.723045 1 0 1.000000
  0 142.226059 -155.287155 298.929382 0.513427 -0.498114 -0.698767 0.670693 0.862075 1 0 1.000000
Tree_03_leaves_old
  0 16.459833 -67.489639 239.461365 0.298639 -0.716796 -0.630094 0.000000 -0.001294 1 0 1.000000
  0 43.915756 1.199839 172.703064 0.298639 -0.716796 -0.630094 0.227726 -0.001294 1 0 1.000000
  0 133.320740 -57.357956 281.692810 0.298639 -0.716796 -0.630094 0.000000 0.355867 1 0 1.000000
Tree_03_leaves_old
  0 133.320740 -57.357956 281.692810 0.298639 -0.716796 -0.630094 0.000000 0.355867 1 0 1.000000
  0 43.915756 1.199839 172.703064 0.298639 -0.716796 -0.630094 0.227726 -0.001294 1 0 1.000000
  0 166.471573 16.200026 215.355499 0.298639 -0.716796 -0.630094 0.240802 0.371568 1 0 1.000000
Tree_03_leaves_old
  0 133.320740 -57.357956 281.692810 0.298639 -0.716796 -0.630094 0.000000 0.355867 1 0 1.000000
  0 166.471573 16.200026 215.355499 0.298639 -0.716796 -0.630094 0.240802 0.371568 1 0 1.000000
  0 250.181519 -47.225334 323.923615 0.293036 -0.709772 -0.640589 0.000000 0.713030 1 0 1.000000
Tree_03_leaves_old
  0 43.915756 1.199839 172.703064 0.325448 0.116367 -0.938372 0.227726 -0.001294 1 0 1.000000
  0 38.616333 108.258369 182.428558 0.325448 0.116367 -0.938372 0.519690 -0.001294 1 0 1.000000
  0 166.471573 16.200026 215.355499 0.325448 0.116367 -0.938372 0.240802 0.371568 1 0 1.000000
Tree_03_leaves_old
  0 166.471573 16.200026 215.355499 0.325448 0.116367 -0.938372 0.240802 0.371568 1 0 1.000000
  0 38.616333 108.258369 182.428558 0.325448 0.116367 -0.938372 0.519690 -0.001294 1 0 1.000000
  0 162.207108 116.480019 228.024933 0.325448 0.116367 -0.938372 0.512233 0.377407 1 0 1.000000
Tree_03_leaves_old
  0 166.471573 16.200026 215.355499 0.325448 0.116367 -0.938372 0.240802 0.371568 1 0 1.000000
  0 162.207108 116.480019 228.024933 0.325448 0.116367 -0.938372 0.512233 0.377407 1 0 1.000000
  0 272.158844 123.794418 268.589447 0.335345 0.132109 -0.932787 0.505600 0.714319 1 0 1.000000
Tree_03_leaves_old
  0 250.181519 -47.225334 323.923615 0.658559 -0.306939 -0.687087 0.000000 0.713030 1 0 1.000000
  0 166.471573 16.200026 215.355499 0.658559 -0.306940 -0.687086 0.240802 0.371568 1 0 1.000000
  0 261.170074 38.284599 296.256439 0.658559 -0.306940 -0.687086 0.252800 0.713675 1 0 1.000000
Tree_03_leaves_old
  0 166.471573 16.200026 215.355499 0.658559 -0.306940 -0.687086 0.240802 0.371568 1 0 1.000000
  0 272.158844 123.794418 268.589447 0.658559 -0.306940 -0.687086 0.505600 0.714319 1 0 1.000000
  0 261.170074 38.284599 296.256439 0.658559 -0.306940 -0.687086 0.252800 0.713675 1 0 1.000000
Tree_03_leaves_old
  0 -3.295854 -39.239082 234.730133 -0.399167 -0.401743 -0.824177 0.513002 -0.001294 1 0 1.000000
  0 56.340687 -0.002594 183.844940 -0.399167 -0.401743 -0.824177 0.730051 -0.001294 1 0 1.000000
  0 58.700054 -127.050278 244.631226 -0.399167 -0.401743 -0.824177 0.513002 0.355867 1 0 1.000000
Tree_03_leaves_old
  0 58.700054 -127.050278 244.631226 -0.399167 -0.401743 -0.824177 0.513002 0.355867 1 0 1.000000
  0 56.340687 -0.002594 183.844940 -0.399167 -0.401743 -0.824177 0.730051 -0.001294 1 0 1.000000
  0 123.484344 -89.634468 197.892883 -0.399167 -0.401743 -0.824177 0.742514 0.371568 1 0 1.000000
Tree_03_leaves_old
  0 58.700054 -127.050278 244.631226 -0.399167 -0.401743 -0.824177 0.513002 0.355867 1 0 1.000000
  0 123.484344 -89.634468 197.892883 -0.399167 -0.401743 -0.824177 0.742514 0.371568 1 0 1.000000
  0 109.855804 -200.657791 253.930313 -0.389043 -0.376590 -0.840729 0.513002 0.713030 1 0 1.000000
Tree_03_leaves_old
  0 56.340687 -0.002594 183.844940 0.416937 0.181472 -0.890635 0.730051 -0.001294 1 0 1.000000
  0 125.493820 52.339603 227.761597 0.416937 0.181472 -0.890635 1.008328 -0.001294 1 0 1.000000
  0 123.484344 -89.634468 197.892883 0.416937 0.181472 -0.890635 0.742514 0.371568 1 0 1.000000
Tree_03_leaves_old
  0 123.484344 -89.634468 197.892883 0.416937 0.181472 -0.890635 0.742514 0.371568 1 0 1.000000
  0 125.493820 52.339603 227.761597 0.416937 0.181472 -0.890635 1.008328 -0.001294 1 0 1.000000
  0 189.534134 -42.031605 237.633636 0.416937 0.181472 -0.890635 1.001221 0.377407 1 0 1.000000
Tree_03_leaves_old
  0 123.484344 -89.634468 197.892883 0.416937 0.181472 -0.890635 0.742514 0.371568 1 0 1.000000
  0 189.534134 -42.031605 237.633636 0.416937 0.181472 -0.890635 1.001221 0.377407 1 0 1.000000
  0 235.386749 -111.875938 247.143127 0.423783 0.156751 -0.892097 0.994898 0.714319 1 0 1.000000
Tree_03_leaves_old
  0 109.855804 -200.657791 253.930313 0.279589 -0.459755 -0.842885 0.513002 0.713030 1 0 1.000000
  0 123.484344 -89.634468 197.892883 0.279589 -0.459755 -0.842885 0.742514 0.371568 1 0 1.000000
  0 172.621201 -156.266922 250.536713 0.279589 -0.459755 -0.842885 0.753950 0.713675 1 0 1.000000
Tree_03_leaves_old
  0 123.484344 -89.634468 197.892883 0.279589 -0.459755 -0.842885 0.742514 0.371568 1 0 1.000000
  0 235.386749 -111.875938 247.143127 0.279589 -0.459755 -0.842885 0.994898 0.714319 1 0 1.000000
  0 172.621201 -156.266922 250.536713 0.279589 -0.459755 -0.842885 0.753950 0.713675 1 0 1.000000
Tree_03_leaves_old
  0 47.978367 -53.234165 248.081024 -0.001563 -0.704499 -0.709703 0.513002 -0.001294 1 0 1.000000
  0 63.086338 2.990725 189.076904 -0.001563 -0.704499 -0.709703 0.730051 -0.001294 1 0 1.000000
  0 147.761520 -70.065163 261.410553 -0.001563 -0.704499 -0.709703 0.513002 0.355867 1 0 1.000000
Tree_03_leaves_old
  0 147.761520 -70.065163 261.410553 -0.001563 -0.704499 -0.709703 0.513002 0.355867 1 0 1.000000
  0 63.086338 2.990725 189.076904 -0.001563 -0.704499 -0.709703 0.730051 -0.001294 1 0 1.000000
  0 167.535950 -11.021919 205.914978 -0.001563 -0.704499 -0.709703 0.742514 0.371568 1 0 1.000000
Tree_03_leaves_old
  0 147.761520 -70.065163 261.410553 -0.001563 -0.704499 -0.709703 0.513002 0.355867 1 0 1.000000
  0 167.535950 -11.021919 205.914978 -0.001563 -0.704499 -0.709703 0.742514 0.371568 1 0 1.000000
  0 230.845413 -84.530708 273.605194 -0.011646 -0.682757 -0.730553 0.513002 0.713030 1 0 1.000000
Tree_03_leaves_old
  0 63.086338 2.990725 189.076904 0.180229 0.254527 -0.950123 0.730051 -0.001294 1 0 1.000000
  0 75.381287 90.155876 215.538513 0.180229 0.254527 -0.950123 1.008328 -0.001294 1 0 1.000000
  0 167.535950 -11.021919 205.914978 0.180229 0.254527 -0.950123 0.742514 0.371568 1 0 1.000000
Tree_03_leaves_old
  0 167.535950 -11.021919 205.914978 0.180229 0.254527 -0.950123 0.742514 0.371568 1 0 1.000000
  0 75.381287 90.155876 215.538513 0.180229 0.254527 -0.950123 1.008328 -0.001294 1 0 1.000000
  0 180.865753 70.262260 229.439758 0.180229 0.254527 -0.950123 1.001221 0.377407 1 0 1.000000
Tree_03_leaves_old
  0 167.535950 -11.021919 205.914978 0.180229 0.254527 -0.950123 0.742514 0.371568 1 0 1.000000
  0 180.865753 70.262260 229.439758 0.180229 0.254527 -0.950123 1.001221 0.377407 1 0 1.000000
  0 257.870209 54.911648 241.951324 0.202345 0.241492 -0.949072 0.994898 0.714319 1 0 1.000000
Tree_03_leaves_old
  0 230.845413 -84.530708 273.605194 0.526846 -0.283963 -0.801123 0.513002 0.713030 1 0 1.000000
  0 167.535950 -11.021919 205.914978 0.526846 -0.283963 -0.801123 0.742514 0.371568 1 0 1.000000
  0 244.357788 -14.809627 257.778290 0.526846 -0.283963 -0.801123 0.753950 0.713675 1 0 1.000000
Tree_03_leaves_old
  0 167.535950 -11.021919 205.914978 0.526846 -0.283963 -0.801123 0.742514 0.371568 1 0 1.000000
  0 257.870209 54.911648 241.951324 0.526846 -0.283963 -0.801123 0.994898 0.714319 1 0 1.000000
  0 244.357788 -14.809627 257.778290 0.526846 -0.283963 -0.801123 0.753950 0.713675 1 0 1.000000
Tree_03_leaves_old
  0 92.757248 -38.420441 244.460175 0.992775 0.015605 -0.118968 0.005523 1.001106 1 0 1.000000
  0 88.233894 -0.038149 207.447479 0.992775 0.015605 -0.118968 0.005523 0.875864 1 0 1.000000
  0 98.300331 30.388735 295.442139 0.992775 0.015605 -0.118968 0.362683 1.001105 1 0 1.000000
Tree_03_leaves_old
  0 98.300331 30.388735 295.442139 0.992775 0.015605 -0.118968 0.362683 1.001105 1 0 1.000000
  0 88.233894 -0.038149 207.447479 0.992775 0.015605 -0.118968 0.005523 0.875864 1 0 1.000000
  0 92.790985 73.181282 259.380585 0.992775 0.015605 -0.118968 0.378385 0.868673 1 0 1.000000
Tree_03_leaves_old
  0 98.300331 30.388735 295.442139 0.992775 0.015605 -0.118968 0.362683 1.001105 1 0 1.000000
  0 92.790985 73.181282 259.380585 0.992775 0.015605 -0.118968 0.378385 0.868673 1 0 1.000000
  0 103.843384 99.197968 346.424194 0.991232 0.017216 -0.131008 0.670048 1.001106 1 0 1.000000
Tree_03_leaves_old
  0 88.233894 -0.038149 207.447479 0.414487 0.517682 -0.748469 0.005523 0.875864 1 0 1.000000
  0 43.888786 16.629416 193.185181 0.414487 0.517682 -0.748469 0.005522 0.715295 1 0 1.000000
  0 92.790985 73.181282 259.380585 0.414487 0.517682 -0.748469 0.378385 0.868673 1 0 1.000000
Tree_03_leaves_old
  0 92.790985 73.181282 259.380585 0.414487 0.517682 -0.748469 0.378385 0.868673 1 0 1.000000
  0 43.888786 16.629416 193.185181 0.414487 0.517682 -0.748469 0.005522 0.715295 1 0 1.000000
  0 50.467304 88.798767 247.977600 0.414487 0.517682 -0.748469 0.384224 0.719397 1 0 1.000000
Tree_03_leaves_old
  0 92.790985 73.181282 259.380585 0.414487 0.517682 -0.748469 0.378385 0.868673 1 0 1.000000
  0 50.467304 88.798767 247.977600 0.414487 0.517682 -0.748469 0.384224 0.719397 1 0 1.000000
  0 56.319851 153.003708 296.723419 0.397642 0.531561 -0.747880 0.671337 0.723045 1 0 1.000000
Tree_03_leaves_old
  0 103.843384 99.197968 346.424194 0.829268 0.497757 -0.254073 0.670048 1.001106 1 0 1.000000
  0 92.790985 73.181282 259.380585 0.829268 0.497756 -0.254072 0.378385 0.868673 1 0 1.000000
  0 80.081573 126.100906 321.573792 0.829268 0.497756 -0.254072 0.670693 0.862075 1 0 1.000000
Tree_03_leaves_old
  0 92.790985 73.181282 259.380585 0.829268 0.497756 -0.254072 0.378385 0.868673 1 0 1.000000
  0 56.319851 153.003708 296.723419 0.829268 0.497756 -0.254072 0.671337 0.723045 1 0 1.000000
  0 80.081573 126.100906 321.573792 0.829268 0.497756 -0.254072 0.670693 0.862075 1 0 1.000000
Tree_03_leaves_old
  0 -78.765739 55.591976 234.423889 -0.633559 0.767355 0.098843 0.005523 1.001106 1 0 1.000000
  0 -110.778702 31.183462 222.368500 -0.633559 0.767355 0.098843 0.005523 0.875864 1 0 1.000000
  0 -114.266251 19.019617 294.446533 -0.633559 0.767355 0.098843 0.362683 1.001105 1 0 1.000000
Tree_03_leaves_old
  0 -114.266251 19.019617 294.446533 -0.633559 0.767355 0.098843 0.362683 1.001105 1 0 1.000000
  0 -110.778702 31.183462 222.368500 -0.633559 0.767355 0.098843 0.005523 0.875864 1 0 1.000000
  0 -148.679581 -8.520802 284.024872 -0.633559 0.767355 0.098843 0.378385 0.868673 1 0 1.000000
Tree_03_leaves_old
  0 -114.266251 19.019617 294.446533 -0.633559 0.767355 0.098843 0.362683 1.001105 1 0 1.000000
  0 -148.679581 -8.520802 284.024872 -0.633559 0.767355 0.098843 0.378385 0.868673 1 0 1.000000
  0 -149.766815 -17.552799 354.469177 -0.638537 0.764524 0.088168 0.670048 1.001106 1 0 1.000000
Tree_03_leaves_old
  0 -110.778702 31.183462 222.368500 -0.890542 0.193950 -0.411484 0.005523 0.875864 1 0 1.000000
  0 -109.249519 -9.539990 198.209229 -0.890542 0.193950 -0.411484 0.005522 0.715295 1 0 1.000000
  0 -148.679581 -8.520802 284.024872 -0.890542 0.193950 -0.411484 0.378385 0.868673 1 0 1.000000
Tree_03_leaves_old
  0 -148.679581 -8.520802 284.024872 -0.890542 0.193950 -0.411484 0.378385 0.868673 1 0 1.000000
  0 -109.249519 -9.539990 198.209229 -0.890542 0.193950 -0.411484 0.005522 0.715295 1 0 1.000000
  0 -146.412415 -47.448986 262.424866 -0.890542 0.193950 -0.411484 0.384224 0.719397 1 0 1.000000
Tree_03_leaves_old
  0 -148.679581 -8.520802 284.024872 -0.890542 0.193950 -0.411484 0.378385 0.868673 1 0 1.000000
  0 -146.412415 -47.448986 262.424866 -0.890542 0.193950 -0.411484 0.384224 0.719397 1 0 1.000000
  0 -179.474091 -81.174599 319.554016 -0.893538 0.176931 -0.412657 0.671337 0.723045 1 0 1.000000
Tree_03_leaves_old
  0 -251.629227 -3.313212 260.555573 -0.552160 -0.424095 -0.717818 0.513002 0.713030 1 0 1.000000
  0 -142.686920 -47.931473 203.115906 -0.552160 -0.424095 -0.717818 0.742514 0.371568 1 0 1.000000
  0 -213.747421 -73.359695 272.800323 -0.552160 -0.424095 -0.717818 0.753950 0.713675 1 0 1.000000
Tree_03_leaves_old
  0 -142.686920 -47.931473 203.115906 -0.552160 -0.424095 -0.717818 0.742514 0.371568 1 0 1.000000
  0 -175.865448 -143.406326 285.045135 -0.552160 -0.424095 -0.717818 0.994898 0.714319 1 0 1.000000
  0 -213.747421 -73.359695 272.800323 -0.552160 -0.424095 -0.717818 0.753950 0.713675 1 0 1.000000
Tree_03_leaves_old
  0 69.596001 -0.483607 201.845856 0.281437 0.377582 -0.882171 0.000000 -0.001294 1 0 1.000000
  0 -33.828362 12.622213 173.223877 0.281437 0.377582 -0.882171 0.227726 -0.001294 1 0 1.000000
  0 58.286442 115.554451 246.667511 0.281437 0.377582 -0.882171 0.000000 0.355867 1 0 1.000000
Tree_03_leaves_old
  0 58.286442 115.554451 246.667511 0.281437 0.377582 -0.882171 0.000000 0.355867 1 0 1.000000
  0 -33.828362 12.622213 173.223877 0.281437 0.377582 -0.882171 0.227726 -0.001294 1 0 1.000000
  0 -50.932709 133.553467 220.763672 0.281437 0.377582 -0.882171 0.240802 0.371568 1 0 1.000000
Tree_03_leaves_old
  0 58.286442 115.554451 246.667511 0.281437 0.377582 -0.882171 0.000000 0.355867 1 0 1.000000
  0 -50.932709 133.553467 220.763672 0.281437 0.377582 -0.882171 0.240802 0.371568 1 0 1.000000
  0 46.975716 231.592224 291.489014 0.271665 0.369698 -0.888550 0.000000 0.713030 1 0 1.000000
Tree_03_leaves_old
  0 -33.828362 12.622213 173.223877 -0.512819 0.262173 -0.817485 0.227726 -0.001294 1 0 1.000000
  0 -140.899033 -8.746340 231.564148 -0.512819 0.262173 -0.817485 0.519690 -0.001294 1 0 1.000000
  0 -50.932709 133.553467 220.763672 -0.512819 0.262173 -0.817485 0.240802 0.371568 1 0 1.000000
Tree_03_leaves_old
  0 -50.932709 133.553467 220.763672 -0.512819 0.262173 -0.817485 0.240802 0.371568 1 0 1.000000
  0 -140.899033 -8.746340 231.564148 -0.512819 0.262173 -0.817485 0.519690 -0.001294 1 0 1.000000
  0 -149.871109 114.408340 278.662476 -0.512819 0.262173 -0.817485 0.512233 0.377407 1 0 1.000000
Tree_03_leaves_old
  0 -50.932709 133.553467 220.763672 -0.512819 0.262173 -0.817485 0.240802 0.371568 1 0 1.000000
  0 -149.871109 114.408340 278.662476 -0.512819 0.262173 -0.817485 0.512233 0.377407 1 0 1.000000
  0 -157.853256 223.972031 320.563324 -0.524699 0.270466 -0.807180 0.505600 0.714319 1 0 1.000000
Tree_03_leaves_old
  0 46.975716 231.592224 291.489014 -0.129427 0.661894 -0.738339 0.000000 0.713030 1 0 1.000000
  0 -50.932709 133.553467 220.763672 -0.129428 0.661894 -0.738339 0.240802 0.371568 1 0 1.000000
  0 -55.438839 227.782013 306.026062 -0.129428 0.661894 -0.738339 0.252800 0.713675 1 0 1.000000
Tree_03_leaves_old
  0 -50.932709 133.553467 220.763672 -0.129428 0.661894 -0.738339 0.240802 0.371568 1 0 1.000000
  0 -157.853256 223.972031 320.563324 -0.129428 0.661894 -0.738339 0.505600 0.714319 1 0 1.000000
  0 -55.438839 227.782013 306.026062 -0.129428 0.661894 -0.738339 0.252800 0.713675 1 0 1.000000
Tree_03_leaves_old
  0 46.584915 -10.709796 220.791351 0.579849 -0.214079 -0.786095 0.005523 1.001106 1 0 1.000000
  0 33.077168 71.828926 187.240585 0.579849 -0.214079 -0.786095 0.005523 0.875864 1 0 1.000000
  0 130.946960 44.096111 266.985077 0.579849 -0.214079 -0.786095 0.362683 1.001105 1 0 1.000000
Tree_03_leaves_old
  0 130.946960 44.096111 266.985077 0.579849 -0.214079 -0.786095 0.362683 1.001105 1 0 1.000000
  0 33.077168 71.828926 187.240585 0.579849 -0.214079 -0.786095 0.005523 0.875864 1 0 1.000000
  0 119.487320 132.494858 235.567413 0.579849 -0.214079 -0.786095 0.378385 0.868673 1 0 1.000000
Tree_03_leaves_old
  0 130.946960 44.096111 266.985077 0.579849 -0.214079 -0.786095 0.362683 1.001105 1 0 1.000000
  0 119.487320 132.494858 235.567413 0.579849 -0.214079 -0.786095 0.378385 0.868673 1 0 1.000000
  0 215.309067 98.902016 313.178925 0.570422 -0.208414 -0.794470 0.670048 1.001106 1 0 1.000000
Tree_03_leaves_old
  0 33.077168 71.828926 187.240585 0.034583 0.608004 -0.793180 0.005523 0.875864 1 0 1.000000
  0 -19.413361 126.422417 224.856598 0.034583 0.608004 -0.793180 0.005522 0.715295 1 0 1.000000
  0 119.487320 132.494858 235.567413 0.034583 0.608004 -0.793180 0.378385 0.868673 1 0 1.000000
Tree_03_leaves_old
  0 119.487320 132.494858 235.567413 0.034583 0.608004 -0.793180 0.378385 0.868673 1 0 1.000000
  0 -19.413361 126.422417 224.856598 0.034583 0.608004 -0.793180 0.005522 0.715295 1 0 1.000000
  0 70.983505 182.566299 273.777924 0.034583 0.608004 -0.793180 0.384224 0.719397 1 0 1.000000
Tree_03_leaves_old
  0 119.487320 132.494858 235.567413 0.034583 0.608004 -0.793180 0.378385 0.868673 1 0 1.000000
  0 70.983505 182.566299 273.777924 0.034583 0.608004 -0.793180 0.384224 0.719397 1 0 1.000000
  0 151.404556 232.514175 317.300629 0.032699 0.626155 -0.779013 0.671337 0.723045 1 0 1.000000
Tree_03_leaves_old
  0 215.309067 98.902016 313.178925 0.661106 0.336877 -0.670412 0.670048 1.001106 1 0 1.000000
  0 119.487320 132.494858 235.567413 0.661106 0.336877 -0.670412 0.378385 0.868673 1 0 1.000000
  0 183.356796 165.708252 315.239807 0.661106 0.336877 -0.670412 0.670693 0.862075 1 0 1.000000
Tree_03_leaves_old
  0 119.487320 132.494858 235.567413 0.661106 0.336877 -0.670412 0.378385 0.868673 1 0 1.000000
  0 151.404556 232.514175 317.300629 0.661106 0.336877 -0.670412 0.671337 0.723045 1 0 1.000000
  0 183.356796 165.708252 315.239807 0.661106 0.336877 -0.670412 0.670693 0.862075 1 0 1.000000
Tree_03_leaves_old
  0 54.163250 -69.344177 199.846710 0.174797 -0.271388 -0.946464 0.513002 -0.001294 1 0 1.000000
  0 3.942369 31.267227 158.297516 0.174797 -0.271388 -0.946464 0.730051 -0.001294 1 0 1.000000
  0 187.539474 -6.174326 202.940979 0.174797 -0.271388 -0.946464 0.513002 0.355867 1 0 1.000000
Tree_03_leaves_old
  0 187.539474 -6.174326 202.940979 0.174797 -0.271388 -0.946464 0.513002 0.355867 1 0 1.000000
  0 3.942369 31.267227 158.297516 0.174797 -0.271388 -0.946464 0.730051 -0.001294 1 0 1.000000
  0 141.947662 99.755882 167.571533 0.174797 -0.271388 -0.946464 0.742514 0.371568 1 0 1.000000
Tree_03_leaves_old
  0 187.539474 -6.174326 202.940979 0.174797 -0.271388 -0.946464 0.513002 0.355867 1 0 1.000000
  0 141.947662 99.755882 167.571533 0.174797 -0.271388 -0.946464 0.742514 0.371568 1 0 1.000000
  0 299.391754 45.419689 206.655182 0.149245 -0.254773 -0.955414 0.513002 0.713030 1 0 1.000000
Tree_03_leaves_old
  0 3.942369 31.267227 158.297516 -0.261315 0.612001 -0.746438 0.730051 -0.001294 1 0 1.000000
  0 -38.491169 120.215019 247.514435 -0.261315 0.612001 -0.746438 1.008328 -0.001294 1 0 1.000000
  0 141.947662 99.755882 167.571533 -0.261315 0.612001 -0.746438 0.742514 0.371568 1 0 1.000000
Tree_03_leaves_old
  0 141.947662 99.755882 167.571533 -0.261315 0.612001 -0.746438 0.742514 0.371568 1 0 1.000000
  0 -38.491169 120.215019 247.514435 -0.261315 0.612001 -0.746438 1.008328 -0.001294 1 0 1.000000
  0 104.052971 184.891769 249.206589 -0.261315 0.612001 -0.746438 1.001221 0.377407 1 0 1.000000
Tree_03_leaves_old
  0 141.947662 99.755882 167.571533 -0.261315 0.612001 -0.746438 0.742514 0.371568 1 0 1.000000
  0 104.052971 184.891769 249.206589 -0.261315 0.612001 -0.746438 1.001221 0.377407 1 0 1.000000
  0 209.718491 230.092682 252.987686 -0.236437 0.615601 -0.751753 0.994898 0.714319 1 0 1.000000
Tree_03_leaves_old
  0 299.391754 45.419689 206.655182 0.344796 0.382491 -0.857214 0.513002 0.713030 1 0 1.000000
  0 141.947662 99.755882 167.571533 0.344796 0.382492 -0.857214 0.742514 0.371568 1 0 1.000000
  0 254.555237 137.756073 229.821350 0.344796 0.382492 -0.857214 0.753950 0.713675 1 0 1.000000
Tree_03_leaves_old
  0 141.947662 99.755882 167.571533 0.344796 0.382492 -0.857214 0.742514 0.371568 1 0 1.000000
  0 209.718491 230.092682 252.987686 0.344796 0.382492 -0.857214 0.994898 0.714319 1 0 1.000000
  0 254.555237 137.756073 229.821350 0.344796 0.382492 -0.857214 0.753950 0.713675 1 0 1.000000
Tree_03_leaves_old
  0 115.145378 65.541328 224.338150 0.354278 -0.318206 -0.879336 0.513002 -0.001294 1 0 1.000000
  0 28.061735 62.087330 187.594177 0.354278 -0.318206 -0.879336 0.730051 -0.001294 1 0 1.000000
  0 129.657608 175.108124 187.627502 0.354278 -0.318206 -0.879336 0.513002 0.355867 1 0 1.000000
Tree_03_leaves_old
  0 129.657608 175.108124 187.627502 0.354278 -0.318206 -0.879336 0.513002 0.355867 1 0 1.000000
  0 28.061735 62.087330 187.594177 0.354278 -0.318206 -0.879336 0.730051 -0.001294 1 0 1.000000
  0 40.839359 178.316040 153.590851 0.354278 -0.318206 -0.879336 0.742514 0.371568 1 0 1.000000
Tree_03_leaves_old
  0 129.657608 175.108124 187.627502 0.354278 -0.318206 -0.879336 0.513002 0.355867 1 0 1.000000
  0 40.839359 178.316040 153.590851 0.354278 -0.318206 -0.879336 0.742514 0.371568 1 0 1.000000
  0 142.716721 266.754120 157.899841 0.326840 -0.333421 -0.884311 0.513002 0.713030 1 0 1.000000
Tree_03_leaves_old
  0 28.061735 62.087330 187.594177 -0.631140 -0.159930 -0.759002 0.730051 -0.001294 1 0 1.000000
  0 -51.416031 94.199677 248.029083 -0.631140 -0.159930 -0.759002 1.008328 -0.001294 1 0 1.000000
  0 40.839359 178.316040 153.590851 -0.631140 -0.159930 -0.759002 0.742514 0.371568 1 0 1.000000
Tree_03_leaves_old
  0 40.839359 178.316040 153.590851 -0.631140 -0.159930 -0.759002 0.742514 0.371568 1 0 1.000000
  0 -51.416031 94.199677 248.029083 -0.631140 -0.159930 -0.759002 1.008328 -0.001294 1 0 1.000000
  0 -33.979118 209.753265 208.068710 -0.631140 -0.159930 -0.759002 1.001221 0.377407 1 0 1.000000
Tree_03_leaves_old
  0 40.839359 178.316040 153.590851 -0.631140 -0.159930 -0.759002 0.742514 0.371568 1 0 1.000000
  0 -33.979118 209.753265 208.068710 -0.631140 -0.159930 -0.759002 1.001221 0.377407 1 0 1.000000
  0 -19.296976 295.018524 180.774353 -0.620618 -0.140098 -0.771496 0.994898 0.714319 1 0 1.000000
Tree_03_leaves_old
  0 142.716721 266.754120 157.899841 -0.108174 0.172316 -0.979084 0.513002 0.713030 1 0 1.000000
  0 40.839359 178.316040 153.590851 -0.108174 0.172316 -0.979084 0.742514 0.371568 1 0 1.000000
  0 61.710003 280.886292 169.337051 -0.108174 0.172316 -0.979084 0.753950 0.713675 1 0 1.000000
Tree_03_leaves_old
  0 40.839359 178.316040 153.590851 -0.108174 0.172316 -0.979084 0.742514 0.371568 1 0 1.000000
  0 -19.296976 295.018524 180.774353 -0.108174 0.172316 -0.979084 0.994898 0.714319 1 0 1.000000
  0 61.710003 280.886292 169.337051 -0.108174 0.172316 -0.979084 0.753950 0.713675 1 0 1.000000
Tree_03_leaves_old
  0 -15.735126 119.626785 358.563171 -0.729948 0.596506 -0.333702 0.000000 -0.001294 1 0 1.000000
  0 -86.245644 37.812695 363.285461 -0.729948 0.596506 -0.333702 0.227726 -0.001294 1 0 1.000000
  0 -53.056362 141.352173 475.767456 -0.729948 0.596506 -0.333702 0.000000 0.355867 1 0 1.000000
Tree_03_leaves_old
  0 -53.056362 141.352173 475.767456 -0.729948 0.596506 -0.333702 0.000000 0.355867 1 0 1.000000
  0 -86.245644 37.812695 363.285461 -0.729948 0.596506 -0.333702 0.227726 -0.001294 1 0 1.000000
  0 -126.734756 55.467213 486.678772 -0.729948 0.596506 -0.333702 0.240802 0.371568 1 0 1.000000
Tree_03_leaves_old
  0 -86.245644 37.812695 363.285461 -0.945922 -0.176731 -0.272026 0.227726 -0.001294 1 0 1.000000
  0 -76.413269 -80.075508 399.755005 -0.945922 -0.176731 -0.272026 0.519690 -0.001294 1 0 1.000000
  0 -126.734756 55.467213 486.678772 -0.945922 -0.176731 -0.272026 0.240802 0.371568 1 0 1.000000
Tree_03_leaves_old
  0 -126.734756 55.467213 486.678772 -0.945922 -0.176731 -0.272026 0.240802 0.371568 1 0 1.000000
  0 -76.413269 -80.075508 399.755005 -0.945922 -0.176731 -0.272026 0.519690 -0.001294 1 0 1.000000
  0 -115.114990 -54.175217 523.436768 -0.945922 -0.176731 -0.272026 0.512233 0.377407 1 0 1.000000
Tree_03_leaves_old
  0 29.135538 303.509979 402.735779 -0.048694 0.720736 -0.691497 0.513002 0.713030 1 0 1.000000
  0 -37.870510 176.484268 275.057434 -0.048696 0.720736 -0.691497 0.742514 0.371568 1 0 1.000000
  0 -83.192207 274.377716 380.281677 -0.048696 0.720736 -0.691497 0.753950 0.713675 1 0 1.000000
Tree_03_leaves_old
  0 -37.870510 176.484268 275.057434 -0.048696 0.720736 -0.691497 0.742514 0.371568 1 0 1.000000
  0 -195.520187 245.245255 357.827576 -0.048696 0.720736 -0.691497 0.994898 0.714319 1 0 1.000000
  0 -83.192207 274.377716 380.281677 -0.048696 0.720736 -0.691497 0.753950 0.713675 1 0 1.000000
Tree_03_leaves_old
  0 -84.164345 -169.358505 125.874733 0.837720 -0.465097 -0.286198 0.513002 -0.001294 1 0 1.000000
  0 -17.107775 -83.137779 170.875839 0.837720 -0.465097 -0.286198 0.730051 -0.001294 1 0 1.000000
  0 -79.036140 -243.819351 250.729034 0.837720 -0.465097 -0.286198 0.513002 0.355867 1 0 1.000000
Tree_03_leaves_old
  0 -79.036140 -243.819351 250.729034 0.837720 -0.465097 -0.286198 0.513002 0.355867 1 0 1.000000
  0 -17.107775 -83.137779 170.875839 0.837720 -0.465097 -0.286198 0.730051 -0.001294 1 0 1.000000
  0 -16.820694 -157.423050 303.597717 0.837720 -0.465097 -0.286198 0.742514 0.371568 1 0 1.000000
Tree_03_leaves_old
  0 -79.036140 -243.819351 250.729034 0.837720 -0.465097 -0.286198 0.513002 0.355867 1 0 1.000000
  0 -16.820694 -157.423050 303.597717 0.837720 -0.465097 -0.286198 0.742514 0.371568 1 0 1.000000
  0 -76.140755 -306.787384 354.528381 0.851951 -0.436811 -0.288748 0.513002 0.713030 1 0 1.000000
Tree_03_leaves_old
  0 -17.107775 -83.137779 170.875839 0.888782 0.404081 0.216298 0.730051 -0.001294 1 0 1.000000
  0 -77.940254 14.551462 233.464310 0.888782 0.404081 0.216298 1.008328 -0.001294 1 0 1.000000
  0 -16.820694 -157.423050 303.597717 0.888782 0.404081 0.216298 0.742514 0.371568 1 0 1.000000
Tree_03_leaves_old
  0 -16.820694 -157.423050 303.597717 0.888782 0.404081 0.216298 0.742514 0.371568 1 0 1.000000
  0 -77.940254 14.551462 233.464310 0.888782 0.404081 0.216298 1.008328 -0.001294 1 0 1.000000
  0 -71.616226 -66.817963 364.366638 0.888782 0.404081 0.216298 1.001221 0.377407 1 0 1.000000
Tree_03_leaves_old
  0 -16.820694 -157.423050 303.597717 0.888782 0.404081 0.216298 0.742514 0.371568 1 0 1.000000
  0 -71.616226 -66.817963 364.366638 0.888782 0.404081 0.216298 1.001221 0.377407 1 0 1.000000
  0 -70.008606 -128.118988 459.655457 0.893414 0.384514 0.232292 0.994898 0.714319 1 0 1.000000
Tree_03_leaves_old
  0 -76.140755 -306.787384 354.528381 0.904570 -0.238834 0.353145 0.513002 0.713030 1 0 1.000000
  0 -16.820694 -157.423050 303.597717 0.904570 -0.238835 0.353145 0.742514 0.371568 1 0 1.000000
  0 -73.074715 -217.453232 407.091858 0.904570 -0.238835 0.353145 0.753950 0.713675 1 0 1.000000
Tree_03_leaves_old
  0 -16.820694 -157.423050 303.597717 0.904570 -0.238835 0.353145 0.742514 0.371568 1 0 1.000000
  0 -70.008606 -128.118988 459.655457 0.904570 -0.238835 0.353145 0.994898 0.714319 1 0 1.000000
  0 -73.074715 -217.453232 407.091858 0.904570 -0.238835 0.353145 0.753950 0.713675 1 0 1.000000
Tree_03_leaves_old
  0 77.009941 265.997223 243.048477 -0.628039 0.589831 -0.507608 0.000000 -0.001294 1 0 1.000000
  0 -5.632531 153.039673 211.190613 -0.628039 0.589831 -0.507608 0.227726 -0.001294 1 0 1.000000
  0 -21.215912 278.368530 376.101105 -0.628039 0.589831 -0.507608 0.000000 0.355867 1 0 1.000000
Tree_03_leaves_old
  0 -21.215912 278.368530 376.101105 -0.628039 0.589831 -0.507608 0.000000 0.355867 1 0 1.000000
  0 -5.632531 153.039673 211.190613 -0.628039 0.589831 -0.507608 0.227726 -0.001294 1 0 1.000000
  0 -110.045441 159.098236 350.268341 -0.628039 0.589831 -0.507608 0.240802 0.371568 1 0 1.000000
Tree_03_leaves_old
  0 -21.215912 278.368530 376.101105 -0.628039 0.589831 -0.507608 0.000000 0.355867 1 0 1.000000
  0 -110.045441 159.098236 350.268341 -0.628039 0.589831 -0.507608 0.240802 0.371568 1 0 1.000000
  0 -119.442101 290.738403 509.153320 -0.628504 0.580275 -0.517943 0.000000 0.713030 1 0 1.000000
Tree_03_leaves_old
  0 -5.632531 153.039673 211.190613 -0.795689 -0.194962 -0.573471 0.227726 -0.001294 1 0 1.000000
  0 2.749539 -6.445212 250.045197 -0.795689 -0.194962 -0.573471 0.519690 -0.001294 1 0 1.000000
  0 -110.045441 159.098236 350.268341 -0.795689 -0.194962 -0.573471 0.240802 0.371568 1 0 1.000000
Tree_03_leaves_old
  0 -110.045441 159.098236 350.268341 -0.795689 -0.194962 -0.573471 0.240802 0.371568 1 0 1.000000
  0 2.749539 -6.445212 250.045197 -0.795689 -0.194962 -0.573471 0.519690 -0.001294 1 0 1.000000
  0 -100.334946 10.580300 391.021545 -0.795689 -0.194962 -0.573471 0.512233 0.377407 1 0 1.000000
Tree_03_leaves_old
  0 -110.045441 159.098236 350.268341 -0.795689 -0.194962 -0.573471 0.240802 0.371568 1 0 1.000000
  0 -100.334946 10.580300 391.021545 -0.795689 -0.194962 -0.573471 0.512233 0.377407 1 0 1.000000
  0 -192.043350 25.726948 516.440369 -0.801548 -0.206394 -0.561180 0.505600 0.714319 1 0 1.000000
Tree_03_leaves_old
  0 -119.442101 290.738403 509.153320 -0.932848 0.248383 -0.260962 0.000000 0.713030 1 0 1.000000
  0 -110.045441 159.098236 350.268341 -0.932848 0.248382 -0.260962 0.240802 0.371568 1 0 1.000000
  0 -155.742767 158.232559 512.796570 -0.932848 0.248382 -0.260962 0.252800 0.713675 1 0 1.000000
Tree_03_leaves_old
  0 -110.045441 159.098236 350.268341 -0.932848 0.248382 -0.260962 0.240802 0.371568 1 0 1.000000
  0 -192.043350 25.726948 516.440369 -0.932848 0.248382 -0.260962 0.505600 0.714319 1 0 1.000000
  0 -155.742767 158.232559 512.796570 -0.932848 0.248382 -0.260962 0.252800 0.713675 1 0 1.000000
Tree_03_leaves_old
  0 -54.453510 30.126465 272.136169 0.704927 -0.628531 -0.328675 0.000000 -0.001294 1 0 1.000000
  0 -9.164737 118.420174 196.596130 0.704927 -0.628531 -0.328675 0.227726 -0.001294 1 0 1.000000
  0 39.682728 84.141884 366.912628 0.704927 -0.628531 -0.328675 0.000000 0.355867 1 0 1.000000
Tree_03_leaves_old
  0 39.682728 84.141884 366.912628 0.704927 -0.628531 -0.328675 0.000000 0.355867 1 0 1.000000
  0 -9.164737 118.420174 196.596130 0.704927 -0.628531 -0.328675 0.227726 -0.001294 1 0 1.000000
  0 89.344208 180.461639 293.058197 0.704927 -0.628531 -0.328675 0.240802 0.371568 1 0 1.000000
Tree_03_leaves_old
  0 39.682728 84.141884 366.912628 0.704927 -0.628531 -0.328675 0.000000 0.355867 1 0 1.000000
  0 89.344208 180.461639 293.058197 0.704927 -0.628531 -0.328675 0.240802 0.371568 1 0 1.000000
  0 133.818939 138.158356 461.688110 0.702415 -0.624290 -0.341869 0.000000 0.713030 1 0 1.000000
Tree_03_leaves_old
  0 -9.164737 118.420174 196.596130 0.684311 0.071702 -0.725656 0.227726 -0.001294 1 0 1.000000
  0 -45.140259 254.685730 173.570175 0.684311 0.071702 -0.725656 0.519690 -0.001294 1 0 1.000000
  0 89.344208 180.461639 293.058197 0.684311 0.071702 -0.725656 0.240802 0.371568 1 0 1.000000
Tree_03_leaves_old
  0 89.344208 180.461639 293.058197 0.684311 0.071702 -0.725656 0.240802 0.371568 1 0 1.000000
  0 -45.140259 254.685730 173.570175 0.684311 0.071702 -0.725656 0.519690 -0.001294 1 0 1.000000
  0 54.539604 308.737457 275.476166 0.684311 0.071702 -0.725656 0.512233 0.377407 1 0 1.000000
Tree_03_leaves_old
  0 89.344208 180.461639 293.058197 0.684311 0.071702 -0.725656 0.240802 0.371568 1 0 1.000000
  0 54.539604 308.737457 275.476166 0.684311 0.071702 -0.725656 0.512233 0.377407 1 0 1.000000
  0 143.219131 356.824280 366.136322 0.688342 0.088076 -0.720020 0.505600 0.714319 1 0 1.000000
Tree_03_leaves_old
  0 133.818939 138.158356 461.688110 0.942119 -0.167434 -0.290479 0.000000 0.713030 1 0 1.000000
  0 89.344208 180.461639 293.058197 0.942119 -0.167433 -0.290480 0.240802 0.371568 1 0 1.000000
  0 138.519043 247.491318 413.911987 0.942119 -0.167433 -0.290480 0.252800 0.713675 1 0 1.000000
Tree_03_leaves_old
  0 89.344208 180.461639 293.058197 0.942119 -0.167433 -0.290480 0.240802 0.371568 1 0 1.000000
  0 143.219131 356.824280 366.136322 0.942119 -0.167433 -0.290480 0.505600 0.714319 1 0 1.000000
  0 138.519043 247.491318 413.911987 0.942119 -0.167433 -0.290480 0.252800 0.713675 1 0 1.000000
Tree_03_leaves_old
  0 33.942322 -60.689018 228.595398 0.444107 0.863450 0.239214 0.000000 -0.001294 1 0 1.000000
  0 -60.989231 1.659617 184.920395 0.444107 0.863450 0.239214 0.227726 -0.001294 1 0 1.000000
  0 -37.475285 -56.059868 349.606628 0.444107 0.863450 0.239214 0.000000 0.355867 1 0 1.000000
Tree_03_leaves_old
  0 -37.475285 -56.059868 349.606628 0.444107 0.863450 0.239214 0.000000 0.355867 1 0 1.000000
  0 -60.989231 1.659617 184.920395 0.444107 0.863450 0.239214 0.227726 -0.001294 1 0 1.000000
  0 -140.992676 7.083367 308.740051 0.444107 0.863450 0.239214 0.240802 0.371568 1 0 1.000000
Tree_03_leaves_old
  0 -37.475285 -56.059868 349.606628 0.444107 0.863450 0.239214 0.000000 0.355867 1 0 1.000000
  0 -140.992676 7.083367 308.740051 0.444107 0.863450 0.239214 0.240802 0.371568 1 0 1.000000
  0 -108.893898 -51.430527 470.617004 0.440403 0.868711 0.226686 0.000000 0.713030 1 0 1.000000
Tree_03_leaves_old
  0 -60.989231 1.659617 184.920395 -0.237080 0.954606 -0.180334 0.227726 -0.001294 1 0 1.000000
  0 -182.461487 -37.205715 128.811722 -0.237080 0.954606 -0.180334 0.519690 -0.001294 1 0 1.000000
  0 -140.992676 7.083367 308.740051 -0.237080 0.954606 -0.180334 0.240802 0.371568 1 0 1.000000
Tree_03_leaves_old
  0 -140.992676 7.083367 308.740051 -0.237080 0.954606 -0.180334 0.240802 0.371568 1 0 1.000000
  0 -182.461487 -37.205715 128.811722 -0.237080 0.954606 -0.180334 0.519690 -0.001294 1 0 1.000000
  0 -255.081894 -32.634247 258.552246 -0.237080 0.954606 -0.180334 0.512233 0.377407 1 0 1.000000
Tree_03_leaves_old
  0 -140.992676 7.083367 308.740051 -0.237080 0.954606 -0.180334 0.240802 0.371568 1 0 1.000000
  0 -255.081894 -32.634247 258.552246 -0.237080 0.954606 -0.180334 0.512233 0.377407 1 0 1.000000
  0 -319.688232 -28.567293 373.975159 -0.253872 0.951161 -0.175616 0.505600 0.714319 1 0 1.000000
Tree_03_leaves_old
  0 -108.893898 -51.430527 470.617004 -0.058893 0.935023 0.349662 0.000000 0.713030 1 0 1.000000
  0 -140.992676 7.083367 308.740051 -0.058893 0.935023 0.349662 0.240802 0.371568 1 0 1.000000
  0 -214.291092 -39.998787 422.295898 -0.058893 0.935023 0.349662 0.252800 0.713675 1 0 1.000000
Tree_03_leaves_old
  0 -140.992676 7.083367 308.740051 -0.058893 0.935023 0.349662 0.240802 0.371568 1 0 1.000000
  0 -319.688232 -28.567293 373.975159 -0.058893 0.935023 0.349662 0.505600 0.714319 1 0 1.000000
  0 -214.291092 -39.998787 422.295898 -0.058893 0.935023 0.349662 0.252800 0.713675 1 0 1.000000
Tree_03_leaves_old
  0 76.959175 -67.699265 112.776367 0.557631 0.766942 -0.317564 0.000000 -0.001294 1 0 1.000000
  0 19.492989 7.395254 189.361572 0.557631 0.766942 -0.317564 0.227726 -0.001294 1 0 1.000000
  0 165.543243 -85.937843 220.413910 0.557631 0.766942 -0.317564 0.000000 0.355867 1 0 1.000000
Tree_03_leaves_old
  0 165.543243 -85.937843 220.413910 0.557631 0.766942 -0.317564 0.000000 0.355867 1 0 1.000000
  0 19.492989 7.395254 189.361572 0.557631 0.766942 -0.317564 0.227726 -0.001294 1 0 1.000000
  0 108.005486 -10.245732 306.047455 0.557631 0.766942 -0.317564 0.240802 0.371568 1 0 1.000000
Tree_03_leaves_old
  0 165.543243 -85.937843 220.413910 0.557631 0.766942 -0.317564 0.000000 0.355867 1 0 1.000000
  0 108.005486 -10.245732 306.047455 0.557631 0.766942 -0.317564 0.240802 0.371568 1 0 1.000000
  0 254.126266 -104.175835 328.052124 0.546084 0.774987 -0.318099 0.000000 0.713030 1 0 1.000000
Tree_03_leaves_old
  0 19.492989 7.395254 189.361572 -0.031331 0.981717 0.187747 0.227726 -0.001294 1 0 1.000000
  0 -80.617508 -12.104951 284.292236 -0.031331 0.981717 0.187747 0.519690 -0.001294 1 0 1.000000
  0 108.005486 -10.245732 306.047455 -0.031331 0.981717 0.187747 0.240802 0.371568 1 0 1.000000
Tree_03_leaves_old
  0 108.005486 -10.245732 306.047455 -0.031331 0.981717 0.187747 0.240802 0.371568 1 0 1.000000
  0 -80.617508 -12.104951 284.292236 -0.031331 0.981717 0.187747 0.519690 -0.001294 1 0 1.000000
  0 15.569324 -32.240761 395.960846 -0.031331 0.981717 0.187747 0.512233 0.377407 1 0 1.000000
Tree_03_leaves_old
  0 108.005486 -10.245732 306.047455 -0.031331 0.981717 0.187747 0.240802 0.371568 1 0 1.000000
  0 15.569324 -32.240761 395.960846 -0.031331 0.981717 0.187747 0.512233 0.377407 1 0 1.000000
  0 101.141319 -50.154602 495.306152 -0.033292 0.978183 0.205061 0.505600 0.714319 1 0 1.000000
Tree_03_leaves_old
  0 254.126266 -104.175835 328.052124 0.509366 0.838117 0.195207 0.000000 0.713030 1 0 1.000000
  0 108.005486 -10.245732 306.047455 0.509366 0.838117 0.195207 0.240802 0.371568 1 0 1.000000
  0 177.633606 -77.165054 411.679047 0.509366 0.838117 0.195207 0.252800 0.713675 1 0 1.000000
Tree_03_leaves_old
  0 108.005486 -10.245732 306.047455 0.509366 0.838117 0.195207 0.240802 0.371568 1 0 1.000000
  0 101.141319 -50.154602 495.306152 0.509366 0.838117 0.195207 0.505600 0.714319 1 0 1.000000
  0 177.633606 -77.165054 411.679047 0.509366 0.838117 0.195207 0.252800 0.713675 1 0 1.000000
Tree_03_leaves_old
  0 -36.794350 -14.141215 191.210770 0.603026 0.429211 -0.672411 0.000000 -0.001294 1 0 1.000000
  0 1.505302 -50.554607 201.507324 0.603026 0.429211 -0.672411 0.227726 -0.001294 1 0 1.000000
  0 -54.954411 -55.046310 148.006470 0.603026 0.429211 -0.672411 0.000000 0.355867 1 0 1.000000
Tree_03_leaves_old
  0 -54.954411 -55.046310 148.006470 0.603026 0.429211 -0.672411 0.000000 0.355867 1 0 1.000000
  0 1.505302 -50.554607 201.507324 0.603026 0.429211 -0.672411 0.227726 -0.001294 1 0 1.000000
  0 -16.425331 -95.404510 157.606293 0.603026 0.429211 -0.672411 0.240802 0.371568 1 0 1.000000
Tree_03_leaves_old
  0 -54.954411 -55.046310 148.006470 0.603026 0.429211 -0.672411 0.000000 0.355867 1 0 1.000000
  0 -16.425331 -95.404510 157.606293 0.603026 0.429211 -0.672411 0.240802 0.371568 1 0 1.000000
  0 -73.114067 -95.951759 104.802528 0.613743 0.428142 -0.663335 0.000000 0.713030 1 0 1.000000
Tree_03_leaves_old
  0 1.505302 -50.554607 201.507324 0.955886 -0.157167 -0.248153 0.227726 -0.001294 1 0 1.000000
  0 4.040186 -99.434853 238.992310 0.955886 -0.157167 -0.248153 0.519690 -0.001294 1 0 1.000000
  0 -16.425331 -95.404510 157.606293 0.955886 -0.157167 -0.248153 0.240802 0.371568 1 0 1.000000
Tree_03_leaves_old
  0 -16.425331 -95.404510 157.606293 0.955886 -0.157167 -0.248153 0.240802 0.371568 1 0 1.000000
  0 4.040186 -99.434853 238.992310 0.955886 -0.157167 -0.248153 0.519690 -0.001294 1 0 1.000000
  0 -15.800755 -141.583359 192.497009 0.955886 -0.157167 -0.248153 0.512233 0.377407 1 0 1.000000
Tree_03_leaves_old
  0 -16.425331 -95.404510 157.606293 0.955886 -0.157167 -0.248153 0.240802 0.371568 1 0 1.000000
  0 -15.800755 -141.583359 192.497009 0.955886 -0.157167 -0.248153 0.512233 0.377407 1 0 1.000000
  0 -33.452175 -179.080505 151.132782 0.952817 -0.174679 -0.248249 0.505600 0.714319 1 0 1.000000
Tree_03_leaves_old
  0 -73.114067 -95.951759 104.802528 0.679721 -0.081924 -0.728881 0.000000 0.713030 1 0 1.000000
  0 -16.425331 -95.404510 157.606293 0.679721 -0.081924 -0.728881 0.240802 0.371568 1 0 1.000000
  0 -53.283058 -137.516098 127.967705 0.679721 -0.081924 -0.728881 0.252800 0.713675 1 0 1.000000
Tree_03_leaves_old
  0 -16.425331 -95.404510 157.606293 0.679721 -0.081924 -0.728881 0.240802 0.371568 1 0 1.000000
  0 -33.452175 -179.080505 151.132782 0.679721 -0.081924 -0.728881 0.505600 0.714319 1 0 1.000000
  0 -53.283058 -137.516098 127.967705 0.679721 -0.081924 -0.728881 0.252800 0.713675 1 0 1.000000
Tree_03_leaves_old
  0 63.554138 -28.533655 175.166687 0.201484 -0.238581 -0.949991 0.000000 -0.001294 1 0 1.000000
  0 21.094048 29.635429 150.745178 0.201484 -0.238581 -0.949991 0.227726 -0.001294 1 0 1.000000
  0 128.775284 30.311184 173.413666 0.201484 -0.238581 -0.949991 0.000000 0.355867 1 0 1.000000
Tree_03_leaves_old
  0 128.775284 30.311184 173.413666 0.201484 -0.238581 -0.949991 0.000000 0.355867 1 0 1.000000
  0 21.094048 29.635429 150.745178 0.201484 -0.238581 -0.949991 0.227726 -0.001294 1 0 1.000000
  0 86.985802 94.096886 149.338806 0.201484 -0.238581 -0.949991 0.240802 0.371568 1 0 1.000000
Tree_03_leaves_old
  0 128.775284 30.311184 173.413666 0.201484 -0.238581 -0.949991 0.000000 0.355867 1 0 1.000000
  0 86.985802 94.096886 149.338806 0.201484 -0.238581 -0.949991 0.240802 0.371568 1 0 1.000000
  0 193.995789 89.156479 171.660583 0.187916 -0.236673 -0.953244 0.000000 0.713030 1 0 1.000000
Tree_03_leaves_old
  0 21.094048 29.635429 150.745178 -0.343134 0.349329 -0.871911 0.227726 -0.001294 1 0 1.000000
  0 -23.720684 91.855255 192.008392 -0.343134 0.349329 -0.871911 0.519690 -0.001294 1 0 1.000000
  0 86.985802 94.096886 149.338806 -0.343134 0.349329 -0.871911 0.240802 0.371568 1 0 1.000000
Tree_03_leaves_old
  0 86.985802 94.096886 149.338806 -0.343134 0.349329 -0.871911 0.240802 0.371568 1 0 1.000000
  0 -23.720684 91.855255 192.008392 -0.343134 0.349329 -0.871911 0.519690 -0.001294 1 0 1.000000
  0 46.685719 152.521942 189.907959 -0.343134 0.349329 -0.871911 0.512233 0.377407 1 0 1.000000
Tree_03_leaves_old
  0 86.985802 94.096886 149.338806 -0.343134 0.349329 -0.871911 0.240802 0.371568 1 0 1.000000
  0 46.685719 152.521942 189.907959 -0.343134 0.349329 -0.871911 0.512233 0.377407 1 0 1.000000
  0 109.322388 206.493683 188.039413 -0.341139 0.365930 -0.865863 0.505600 0.714319 1 0 1.000000
Tree_03_leaves_old
  0 193.995789 89.156479 171.660583 0.208385 0.281137 -0.936770 0.000000 0.713030 1 0 1.000000
  0 86.985802 94.096886 149.338806 0.208385 0.281137 -0.936770 0.240802 0.371568 1 0 1.000000
  0 151.658997 147.825043 179.849945 0.208385 0.281137 -0.936770 0.252800 0.713675 1 0 1.000000
Tree_03_leaves_old
  0 86.985802 94.096886 149.338806 0.208385 0.281137 -0.936770 0.240802 0.371568 1 0 1.000000
  0 109.322388 206.493683 188.039413 0.208385 0.281137 -0.936770 0.505600 0.714319 1 0 1.000000
  0 151.658997 147.825043 179.849945 0.208385 0.281137 -0.936770 0.252800 0.713675 1 0 1.000000
Tree_03_leaves_old
  0 -72.591705 82.020889 224.582153 -0.667365 -0.001305 -0.744729 0.513002 -0.001294 1 0 1.000000
  0 -14.636096 -4.307769 168.508957 -0.667365 -0.001305 -0.744729 0.730051 -0.001294 1 0 1.000000
  0 -155.793823 -14.286937 295.020386 -0.667365 -0.001305 -0.744729 0.513002 0.355867 1 0 1.000000
Tree_03_leaves_old
  0 -155.793823 -14.286937 295.020386 -0.667365 -0.001305 -0.744729 0.513002 0.355867 1 0 1.000000
  0 -14.636096 -4.307769 168.508957 -0.667365 -0.001305 -0.744729 0.730051 -0.001294 1 0 1.000000
  0 -96.911812 -105.548363 246.704468 -0.667365 -0.001305 -0.744729 0.742514 0.371568 1 0 1.000000
Tree_03_leaves_old
  0 -155.793823 -14.286937 295.020386 -0.667365 -0.001305 -0.744729 0.513002 0.355867 1 0 1.000000
  0 -96.911812 -105.548363 246.704468 -0.667365 -0.001305 -0.744729 0.742514 0.371568 1 0 1.000000
  0 -225.567093 -93.550163 354.992676 -0.644517 -0.011094 -0.764510 0.513002 0.713030 1 0 1.000000
Tree_03_leaves_old
  0 -14.636096 -4.307769 168.508957 0.099410 -0.651366 -0.752223 0.730051 -0.001294 1 0 1.000000
  0 90.909096 -54.712627 227.506042 0.099410 -0.651366 -0.752223 1.008328 -0.001294 1 0 1.000000
  0 -96.911812 -105.548363 246.704468 0.099410 -0.651366 -0.752223 0.742514 0.371568 1 0 1.000000
Tree_03_leaves_old
  0 -96.911812 -105.548363 246.704468 0.099410 -0.651366 -0.752223 0.742514 0.371568 1 0 1.000000
  0 90.909096 -54.712627 227.506042 0.099410 -0.651366 -0.752223 1.008328 -0.001294 1 0 1.000000
  0 0.256072 -155.379608 301.293457 0.099410 -0.651366 -0.752223 1.001221 0.377407 1 0 1.000000
Tree_03_leaves_old
  0 -96.911812 -105.548363 246.704468 0.099410 -0.651366 -0.752223 0.742514 0.371568 1 0 1.000000
  0 0.256072 -155.379608 301.293457 0.099410 -0.651366 -0.752223 1.001221 0.377407 1 0 1.000000
  0 -66.804482 -226.954987 358.040405 0.078033 -0.663237 -0.744330 0.994898 0.714319 1 0 1.000000
Tree_03_leaves_old
  0 -225.567093 -93.550163 354.992676 -0.528211 -0.641328 -0.556499 0.513002 0.713030 1 0 1.000000
  0 -96.911812 -105.548363 246.704468 -0.528212 -0.641328 -0.556499 0.742514 0.371568 1 0 1.000000
  0 -146.185822 -160.252487 356.516541 -0.528212 -0.641328 -0.556499 0.753950 0.713675 1 0 1.000000
Tree_03_leaves_old
  0 -96.911812 -105.548363 246.704468 -0.528212 -0.641328 -0.556499 0.742514 0.371568 1 0 1.000000
  0 -66.804482 -226.954987 358.040405 -0.528212 -0.641328 -0.556499 0.994898 0.714319 1 0 1.000000
  0 -146.185822 -160.252487 356.516541 -0.528212 -0.641328 -0.556499 0.753950 0.713675 1 0 1.000000
Tree_03_leaves_old
  0 -35.370758 11.055804 241.245239 0.113810 0.314653 -0.942359 0.000000 -0.001294 1 0 1.000000
  0 -136.779221 -18.348389 218.022644 0.113810 0.314653 -0.942359 0.227726 -0.001294 1 0 1.000000
  0 -87.703041 120.668533 270.367218 0.113810 0.314653 -0.942359 0.000000 0.355867 1 0 1.000000
Tree_03_leaves_old
  0 -87.703041 120.668533 270.367218 0.113810 0.314653 -0.942359 0.000000 0.355867 1 0 1.000000
  0 -136.779221 -18.348389 218.022644 0.113810 0.314653 -0.942359 0.227726 -0.001294 1 0 1.000000
  0 -196.259445 94.103615 249.544006 0.113810 0.314653 -0.942359 0.240802 0.371568 1 0 1.000000
Tree_03_leaves_old
  0 -87.703041 120.668533 270.367218 0.113810 0.314653 -0.942359 0.000000 0.355867 1 0 1.000000
  0 -196.259445 94.103615 249.544006 0.113810 0.314653 -0.942359 0.240802 0.371568 1 0 1.000000
  0 -140.036331 230.280594 299.489258 0.107514 0.302915 -0.946934 0.000000 0.713030 1 0 1.000000
Tree_03_leaves_old
  0 -136.779221 -18.348389 218.022644 -0.582769 -0.066886 -0.809880 0.227726 -0.001294 1 0 1.000000
  0 -227.974655 -67.591530 285.719360 -0.582769 -0.066886 -0.809880 0.519690 -0.001294 1 0 1.000000
  0 -196.259445 94.103615 249.544006 -0.582769 -0.066886 -0.809880 0.240802 0.371568 1 0 1.000000
Tree_03_leaves_old
  0 -196.259445 94.103615 249.544006 -0.582769 -0.066886 -0.809880 0.240802 0.371568 1 0 1.000000
  0 -227.974655 -67.591530 285.719360 -0.582769 -0.066886 -0.809880 0.519690 -0.001294 1 0 1.000000
  0 -280.700226 49.759953 315.959625 -0.582769 -0.066886 -0.809880 0.512233 0.377407 1 0 1.000000
Tree_03_leaves_old
  0 -196.259445 94.103615 249.544006 -0.582769 -0.066886 -0.809880 0.240802 0.371568 1 0 1.000000
  0 -280.700226 49.759953 315.959625 -0.582769 -0.066886 -0.809880 0.512233 0.377407 1 0 1.000000
  0 -327.607208 154.160889 342.862732 -0.596733 -0.061946 -0.800045 0.505600 0.714319 1 0 1.000000
Tree_03_leaves_old
  0 -140.036331 230.280594 299.489258 -0.370724 0.450863 -0.811964 0.000000 0.713030 1 0 1.000000
  0 -196.259445 94.103615 249.544006 -0.370725 0.450862 -0.811964 0.240802 0.371568 1 0 1.000000
  0 -233.821808 192.220612 321.175873 -0.370725 0.450862 -0.811964 0.252800 0.713675 1 0 1.000000
Tree_03_leaves_old
  0 -196.259445 94.103615 249.544006 -0.370725 0.450862 -0.811964 0.240802 0.371568 1 0 1.000000
  0 -327.607208 154.160889 342.862732 -0.370725 0.450862 -0.811964 0.505600 0.714319 1 0 1.000000
  0 -233.821808 192.220612 321.175873 -0.370725 0.450862 -0.811964 0.252800 0.713675 1 0 1.000000
Tree_03_leaves_old
  0 71.401321 28.908228 221.933792 0.187553 0.573135 -0.797709 0.005523 1.001106 1 0 1.000000
  0 3.448623 18.326500 197.292175 0.187553 0.573135 -0.797709 0.005523 0.875864 1 0 1.000000
  0 22.082331 116.087959 271.912537 0.187553 0.573135 -0.797709 0.362683 1.001105 1 0 1.000000
Tree_03_leaves_old
  0 22.082331 116.087959 271.912537 0.187553 0.573135 -0.797709 0.362683 1.001105 1 0 1.000000
  0 3.448623 18.326500 197.292175 0.187553 0.573135 -0.797709 0.005523 0.875864 1 0 1.000000
  0 -51.192661 107.777199 249.775665 0.187553 0.573135 -0.797709 0.378385 0.868673 1 0 1.000000
Tree_03_leaves_old
  0 22.082331 116.087959 271.912537 0.187553 0.573135 -0.797709 0.362683 1.001105 1 0 1.000000
  0 -51.192661 107.777199 249.775665 0.187553 0.573135 -0.797709 0.378385 0.868673 1 0 1.000000
  0 -27.236666 203.267715 321.891449 0.179606 0.563770 -0.806167 0.670048 1.001106 1 0 1.000000
Tree_03_leaves_old
  0 3.448623 18.326500 197.292175 -0.613104 0.098887 -0.783789 0.005523 0.875864 1 0 1.000000
  0 -53.949982 -33.153530 234.152039 -0.613104 0.098887 -0.783789 0.005522 0.715295 1 0 1.000000
  0 -51.192661 107.777199 249.775665 -0.613104 0.098887 -0.783789 0.378385 0.868673 1 0 1.000000
Tree_03_leaves_old
  0 -51.192661 107.777199 249.775665 -0.613104 0.098887 -0.783789 0.378385 0.868673 1 0 1.000000
  0 -53.949982 -33.153530 234.152039 -0.613104 0.098887 -0.783789 0.005522 0.715295 1 0 1.000000
  0 -104.445061 60.174507 286.969757 -0.613104 0.098887 -0.783789 0.384224 0.719397 1 0 1.000000
Tree_03_leaves_old
  0 -51.192661 107.777199 249.775665 -0.613104 0.098887 -0.783789 0.378385 0.868673 1 0 1.000000
  0 -104.445061 60.174507 286.969757 -0.613104 0.098887 -0.783789 0.384224 0.719397 1 0 1.000000
  0 -149.367508 143.203232 333.958801 -0.627211 0.097931 -0.772668 0.671337 0.723045 1 0 1.000000
Tree_03_leaves_old
  0 -27.236666 203.267715 321.891449 -0.371981 0.617036 -0.693467 0.670048 1.001106 1 0 1.000000
  0 -51.192661 107.777199 249.775665 -0.371980 0.617036 -0.693467 0.378385 0.868673 1 0 1.000000
  0 -88.302200 173.235489 327.925262 -0.371980 0.617036 -0.693467 0.670693 0.862075 1 0 1.000000
Tree_03_leaves_old
  0 -51.192661 107.777199 249.775665 -0.371980 0.617036 -0.693467 0.378385 0.868673 1 0 1.000000
  0 -149.367508 143.203232 333.958801 -0.371980 0.617036 -0.693467 0.671337 0.723045 1 0 1.000000
  0 -88.302200 173.235489 327.925262 -0.371980 0.617036 -0.693467 0.670693 0.862075 1 0 1.000000
Tree_03_leaves_old
  0 61.541443 -132.866959 272.307922 -0.571612 -0.202463 -0.795153 0.513002 -0.001294 1 0 1.000000
  0 114.965279 -70.802063 214.694977 -0.571612 -0.202463 -0.795153 0.730051 -0.001294 1 0 1.000000
  0 133.261703 -228.350342 241.657425 -0.571612 -0.202463 -0.795153 0.513002 0.355867 1 0 1.000000
Tree_03_leaves_old
  0 133.261703 -228.350342 241.657425 -0.571612 -0.202463 -0.795153 0.513002 0.355867 1 0 1.000000
  0 114.965279 -70.802063 214.694977 -0.571612 -0.202463 -0.795153 0.730051 -0.001294 1 0 1.000000
  0 193.473785 -169.145126 186.702835 -0.571612 -0.202463 -0.795153 0.742514 0.371568 1 0 1.000000
Tree_03_leaves_old
  0 133.261703 -228.350342 241.657425 -0.571612 -0.202463 -0.795153 0.513002 0.355867 1 0 1.000000
  0 193.473785 -169.145126 186.702835 -0.571612 -0.202463 -0.795153 0.742514 0.371568 1 0 1.000000
  0 192.730240 -308.733948 217.238052 -0.565461 -0.173377 -0.806346 0.513002 0.713030 1 0 1.000000
Tree_03_leaves_old
  0 114.965279 -70.802063 214.694977 0.208345 0.426010 -0.880402 0.730051 -0.001294 1 0 1.000000
  0 203.016510 -21.115458 260.589874 0.208345 0.426010 -0.880402 1.008328 -0.001294 1 0 1.000000
  0 193.473785 -169.145126 186.702835 0.208345 0.426010 -0.880402 0.742514 0.371568 1 0 1.000000
Tree_03_leaves_old
  0 193.473785 -169.145126 186.702835 0.208345 0.426010 -0.880402 0.742514 0.371568 1 0 1.000000
  0 203.016510 -21.115458 260.589874 0.208345 0.426010 -0.880402 1.008328 -0.001294 1 0 1.000000
  0 277.018677 -123.685013 227.455505 0.208345 0.426010 -0.880402 1.001221 0.377407 1 0 1.000000
Tree_03_leaves_old
  0 193.473785 -169.145126 186.702835 0.208345 0.426010 -0.880402 0.742514 0.371568 1 0 1.000000
  0 277.018677 -123.685013 227.455505 0.208345 0.426010 -0.880402 1.001221 0.377407 1 0 1.000000
  0 330.627777 -200.340424 205.679031 0.214738 0.402921 -0.889687 0.994898 0.714319 1 0 1.000000
Tree_03_leaves_old
  0 192.730240 -308.733948 217.238052 0.086121 -0.213342 -0.973174 0.513002 0.713030 1 0 1.000000
  0 193.473785 -169.145126 186.702835 0.086122 -0.213342 -0.973174 0.742514 0.371568 1 0 1.000000
  0 261.678894 -254.537231 211.458542 0.086122 -0.213342 -0.973174 0.753950 0.713675 1 0 1.000000
Tree_03_leaves_old
  0 193.473785 -169.145126 186.702835 0.086122 -0.213342 -0.973174 0.742514 0.371568 1 0 1.000000
  0 330.627777 -200.340424 205.679031 0.086122 -0.213342 -0.973174 0.994898 0.714319 1 0 1.000000
  0 261.678894 -254.537231 211.458542 0.086122 -0.213342 -0.973174 0.753950 0.713675 1 0 1.000000
Tree_03_leaves_old
  0 -46.039368 -30.750433 270.318359 -0.128761 -0.528330 -0.839218 0.000000 -0.001294 1 0 1.000000
  0 8.566048 -6.486773 245.889130 -0.128761 -0.528330 -0.839218 0.227726 -0.001294 1 0 1.000000
  0 -1.311802 -84.406525 296.459106 -0.128761 -0.528330 -0.839218 0.000000 0.355867 1 0 1.000000
Tree_03_leaves_old
  0 -1.311802 -84.406525 296.459106 -0.128761 -0.528330 -0.839218 0.000000 0.355867 1 0 1.000000
  0 8.566048 -6.486773 245.889130 -0.128761 -0.528330 -0.839218 0.227726 -0.001294 1 0 1.000000
  0 57.914631 -60.721039 273.236755 -0.128761 -0.528330 -0.839218 0.240802 0.371568 1 0 1.000000
Tree_03_leaves_old
  0 -1.311802 -84.406525 296.459106 -0.128761 -0.528330 -0.839218 0.000000 0.355867 1 0 1.000000
  0 57.914631 -60.721039 273.236755 -0.128761 -0.528330 -0.839218 0.240802 0.371568 1 0 1.000000
  0 43.416252 -138.062057 322.599701 -0.125273 -0.516976 -0.846783 0.000000 0.713030 1 0 1.000000
Tree_03_leaves_old
  0 43.416252 -138.062057 322.599701 0.382185 -0.547009 -0.744792 0.000000 0.713030 1 0 1.000000
  0 57.914631 -60.721039 273.236755 0.382185 -0.547009 -0.744792 0.240802 0.371568 1 0 1.000000
  0 94.808357 -103.742508 323.765411 0.382185 -0.547009 -0.744792 0.252800 0.713675 1 0 1.000000
Tree_03_leaves_old
  0 57.914631 -60.721039 273.236755 0.382185 -0.547009 -0.744792 0.240802 0.371568 1 0 1.000000
  0 146.200455 -69.423103 324.931244 0.382185 -0.547009 -0.744792 0.505600 0.714319 1 0 1.000000
  0 94.808357 -103.742508 323.765411 0.382185 -0.547009 -0.744792 0.252800 0.713675 1 0 1.000000
Tree_03_leaves_old
  0 143.654114 -128.662003 274.252716 0.304371 -0.794503 -0.525474 0.000000 -0.001294 1 0 1.000000
  0 135.281158 -96.201920 219.084778 0.304371 -0.794503 -0.525474 0.227726 -0.001294 1 0 1.000000
  0 212.787781 -100.859650 271.021454 0.304371 -0.794503 -0.525474 0.000000 0.355867 1 0 1.000000
Tree_03_leaves_old
  0 212.787781 -100.859650 271.021454 0.304371 -0.794503 -0.525474 0.000000 0.355867 1 0 1.000000
  0 135.281158 -96.201920 219.084778 0.304371 -0.794503 -0.525474 0.227726 -0.001294 1 0 1.000000
  0 206.701019 -64.621643 213.944214 0.304371 -0.794503 -0.525474 0.240802 0.371568 1 0 1.000000
Tree_03_leaves_old
  0 212.787781 -100.859650 271.021454 0.304371 -0.794503 -0.525474 0.000000 0.355867 1 0 1.000000
  0 206.701019 -64.621643 213.944214 0.304371 -0.794503 -0.525474 0.240802 0.371568 1 0 1.000000
  0 281.921021 -73.056839 267.789703 0.293729 -0.792500 -0.534478 0.000000 0.713030 1 0 1.000000
Tree_03_leaves_old
  0 135.281158 -96.201920 219.084778 0.027410 -0.191195 -0.981169 0.227726 -0.001294 1 0 1.000000
  0 113.736488 -27.112171 204.037903 0.027410 -0.191195 -0.981169 0.519690 -0.001294 1 0 1.000000
  0 206.701019 -64.621643 213.944214 0.027410 -0.191195 -0.981169 0.240802 0.371568 1 0 1.000000
Tree_03_leaves_old
  0 206.701019 -64.621643 213.944214 0.027410 -0.191195 -0.981169 0.240802 0.371568 1 0 1.000000
  0 113.736488 -27.112171 204.037903 0.027410 -0.191195 -0.981169 0.519690 -0.001294 1 0 1.000000
  0 187.468658 0.910132 201.618927 0.027410 -0.191195 -0.981169 0.512233 0.377407 1 0 1.000000
Tree_03_leaves_old
  0 206.701019 -64.621643 213.944214 0.027410 -0.191195 -0.981169 0.240802 0.371568 1 0 1.000000
  0 187.468658 0.910132 201.618927 0.027410 -0.191195 -0.981169 0.512233 0.377407 1 0 1.000000
  0 253.063904 25.840075 199.466919 0.034236 -0.175018 -0.983970 0.505600 0.714319 1 0 1.000000
Tree_03_leaves_old
  0 281.921021 -73.056839 267.789703 0.508592 -0.383993 -0.770638 0.000000 0.713030 1 0 1.000000
  0 206.701019 -64.621643 213.944214 0.508593 -0.383992 -0.770638 0.240802 0.371568 1 0 1.000000
  0 267.492401 -23.608412 233.628265 0.508593 -0.383992 -0.770638 0.252800 0.713675 1 0 1.000000
Tree_03_leaves_old
  0 206.701019 -64.621643 213.944214 0.508593 -0.383992 -0.770638 0.240802 0.371568 1 0 1.000000
  0 253.063904 25.840075 199.466919 0.508593 -0.383992 -0.770638 0.505600 0.714319 1 0 1.000000
  0 267.492401 -23.608412 233.628265 0.508593 -0.383992 -0.770638 0.252800 0.713675 1 0 1.000000
Tree_03_leaves_old
  0 107.724045 -148.848419 190.689804 0.377146 0.331301 -0.864870 0.000000 -0.001294 1 0 1.000000
  0 132.216370 -101.712906 218.725616 0.377146 0.331301 -0.864870 0.227726 -0.001294 1 0 1.000000
  0 168.390518 -179.490784 204.706161 0.377146 0.331301 -0.864870 0.000000 0.355867 1 0 1.000000
Tree_03_leaves_old
  0 168.390518 -179.490784 204.706161 0.377146 0.331301 -0.864870 0.000000 0.355867 1 0 1.000000
  0 132.216370 -101.712906 218.725616 0.377146 0.331301 -0.864870 0.227726 -0.001294 1 0 1.000000
  0 196.206512 -132.019135 235.721344 0.377146 0.331301 -0.864870 0.240802 0.371568 1 0 1.000000
Tree_03_leaves_old
  0 168.390518 -179.490784 204.706161 0.377146 0.331301 -0.864870 0.000000 0.355867 1 0 1.000000
  0 196.206512 -132.019135 235.721344 0.377146 0.331301 -0.864870 0.240802 0.371568 1 0 1.000000
  0 229.057022 -210.132568 218.723038 0.372989 0.344347 -0.861571 0.000000 0.713030 1 0 1.000000
Tree_03_leaves_old
  0 132.216370 -101.712906 218.725616 0.478968 0.841409 -0.250242 0.227726 -0.001294 1 0 1.000000
  0 133.820007 -81.972328 284.588715 0.478968 0.841409 -0.250242 0.519690 -0.001294 1 0 1.000000
  0 196.206512 -132.019135 235.721344 0.478968 0.841409 -0.250242 0.240802 0.371568 1 0 1.000000
Tree_03_leaves_old
  0 196.206512 -132.019135 235.721344 0.478968 0.841409 -0.250242 0.240802 0.371568 1 0 1.000000
  0 133.820007 -81.972328 284.588715 0.478968 0.841409 -0.250242 0.519690 -0.001294 1 0 1.000000
  0 197.770813 -115.421928 298.103424 0.478968 0.841409 -0.250242 0.512233 0.377407 1 0 1.000000
Tree_03_leaves_old
  0 196.206512 -132.019135 235.721344 0.478968 0.841409 -0.250242 0.240802 0.371568 1 0 1.000000
  0 197.770813 -115.421928 298.103424 0.478968 0.841409 -0.250242 0.512233 0.377407 1 0 1.000000
  0 254.664246 -145.180145 310.126770 0.489068 0.839797 -0.235698 0.505600 0.714319 1 0 1.000000
Tree_03_leaves_old
  0 229.057022 -210.132568 218.723038 0.746696 0.425313 -0.511423 0.000000 0.713030 1 0 1.000000
  0 196.206512 -132.019135 235.721344 0.746696 0.425314 -0.511422 0.240802 0.371568 1 0 1.000000
  0 241.860580 -177.656265 264.424896 0.746696 0.425314 -0.511422 0.252800 0.713675 1 0 1.000000
Tree_03_leaves_old
  0 196.206512 -132.019135 235.721344 0.746696 0.425314 -0.511422 0.240802 0.371568 1 0 1.000000
  0 254.664246 -145.180145 310.126770 0.746696 0.425314 -0.511422 0.505600 0.714319 1 0 1.000000
  0 241.860580 -177.656265 264.424896 0.746696 0.425314 -0.511422 0.252800 0.713675 1 0 1.000000
Tree_03_leaves_old
  0 68.053391 63.968662 234.721832 0.449408 -0.236511 -0.861449 0.513002 -0.001294 1 0 1.000000
  0 0.675387 0.940446 213.907028 0.449408 -0.236511 -0.861449 0.730051 -0.001294 1 0 1.000000
  0 10.722337 148.425613 178.656372 0.449408 -0.236511 -0.861449 0.513002 0.355867 1 0 1.000000
Tree_03_leaves_old
  0 10.722337 148.425613 178.656372 0.449408 -0.236511 -0.861449 0.513002 0.355867 1 0 1.000000
  0 0.675387 0.940446 213.907028 0.449408 -0.236511 -0.861449 0.730051 -0.001294 1 0 1.000000
  0 -62.054737 90.112572 159.668076 0.449408 -0.236511 -0.861449 0.742514 0.371568 1 0 1.000000
Tree_03_leaves_old
  0 10.722337 148.425613 178.656372 0.449408 -0.236511 -0.861449 0.513002 0.355867 1 0 1.000000
  0 -62.054737 90.112572 159.668076 0.449408 -0.236511 -0.861449 0.742514 0.371568 1 0 1.000000
  0 -36.479721 219.843063 132.560974 0.437096 -0.265713 -0.859269 0.513002 0.713030 1 0 1.000000
Tree_03_leaves_old
  0 0.675387 0.940446 213.907028 -0.419332 -0.674229 -0.607927 0.730051 -0.001294 1 0 1.000000
  0 -79.865883 -7.778233 280.520660 -0.419332 -0.674229 -0.607927 1.008328 -0.001294 1 0 1.000000
  0 -62.054737 90.112572 159.668076 -0.419332 -0.674229 -0.607927 0.742514 0.371568 1 0 1.000000
Tree_03_leaves_old
  0 -62.054737 90.112572 159.668076 -0.419332 -0.674229 -0.607927 0.742514 0.371568 1 0 1.000000
  0 -79.865883 -7.778233 280.520660 -0.419332 -0.674229 -0.607927 1.008328 -0.001294 1 0 1.000000
  0 -138.690277 82.276855 219.830627 -0.419332 -0.674229 -0.607927 1.001221 0.377407 1 0 1.000000
Tree_03_leaves_old
  0 -62.054737 90.112572 159.668076 -0.419332 -0.674229 -0.607927 0.742514 0.371568 1 0 1.000000
  0 -138.690277 82.276855 219.830627 -0.419332 -0.674229 -0.607927 1.001221 0.377407 1 0 1.000000
  0 -180.605179 150.314789 176.880707 -0.423674 -0.655587 -0.625065 0.994898 0.714319 1 0 1.000000
Tree_03_leaves_old
  0 -36.479721 219.843063 132.560974 -0.219906 -0.157798 -0.962674 0.513002 0.713030 1 0 1.000000
  0 -62.054737 90.112572 159.668076 -0.219906 -0.157798 -0.962674 0.742514 0.371568 1 0 1.000000
  0 -108.542351 185.078979 154.720795 -0.219906 -0.157798 -0.962674 0.753950 0.713675 1 0 1.000000
Tree_03_leaves_old
  0 -62.054737 90.112572 159.668076 -0.219906 -0.157798 -0.962674 0.742514 0.371568 1 0 1.000000
  0 -180.605179 150.314789 176.880707 -0.219906 -0.157798 -0.962674 0.994898 0.714319 1 0 1.000000
  0 -108.542351 185.078979 154.720795 -0.219906 -0.157798 -0.962674 0.753950 0.713675 1 0 1.000000
Tree_03_leaves_old
  0 -22.665852 -103.787277 214.638580 -0.196495 -0.038033 -0.979767 0.513002 -0.001294 1 0 1.000000
  0 63.254150 -15.464548 190.513260 -0.196495 -0.038033 -0.979767 0.730051 -0.001294 1 0 1.000000
  0 81.419891 -216.349136 194.667984 -0.196495 -0.038033 -0.979767 0.513002 0.355867 1 0 1.000000
Tree_03_leaves_old
  0 81.419891 -216.349136 194.667984 -0.196495 -0.038033 -0.979767 0.513002 0.355867 1 0 1.000000
  0 63.254150 -15.464548 190.513260 -0.196495 -0.038033 -0.979767 0.730051 -0.001294 1 0 1.000000
  0 174.003601 -132.364822 176.305252 -0.196495 -0.038033 -0.979767 0.742514 0.371568 1 0 1.000000
Tree_03_leaves_old
  0 81.419891 -216.349136 194.667984 -0.196495 -0.038033 -0.979767 0.513002 0.355867 1 0 1.000000
  0 174.003601 -132.364822 176.305252 -0.196495 -0.038033 -0.979767 0.742514 0.371568 1 0 1.000000
  0 167.310165 -311.406464 178.957870 -0.187970 -0.007524 -0.982146 0.513002 0.713030 1 0 1.000000
Tree_03_leaves_old
  0 63.254150 -15.464548 190.513260 0.518105 0.577154 -0.631237 0.730051 -0.001294 1 0 1.000000
  0 138.161407 32.504677 297.630432 0.518105 0.577154 -0.631237 1.008328 -0.001294 1 0 1.000000
  0 174.003601 -132.364822 176.305252 0.518105 0.577154 -0.631237 0.742514 0.371568 1 0 1.000000
Tree_03_leaves_old
  0 174.003601 -132.364822 176.305252 0.518105 0.577154 -0.631237 0.742514 0.371568 1 0 1.000000
  0 138.161407 32.504677 297.630432 0.518105 0.577154 -0.631237 1.008328 -0.001294 1 0 1.000000
  0 246.583435 -88.274033 274.414459 0.518105 0.577154 -0.631237 1.001221 0.377407 1 0 1.000000
Tree_03_leaves_old
  0 174.003601 -132.364822 176.305252 0.518105 0.577154 -0.631237 0.742514 0.371568 1 0 1.000000
  0 246.583435 -88.274033 274.414459 0.518105 0.577154 -0.631237 1.001221 0.377407 1 0 1.000000
  0 324.174774 -179.184448 259.576752 0.528891 0.556049 -0.641158 0.994898 0.714319 1 0 1.000000
Tree_03_leaves_old
  0 167.310165 -311.406464 178.957870 0.477338 -0.030856 -0.878178 0.513002 0.713030 1 0 1.000000
  0 174.003601 -132.364822 176.305252 0.477339 -0.030855 -0.878177 0.742514 0.371568 1 0 1.000000
  0 245.742386 -245.295563 219.267197 0.477339 -0.030855 -0.878177 0.753950 0.713675 1 0 1.000000
Tree_03_leaves_old
  0 174.003601 -132.364822 176.305252 0.477339 -0.030855 -0.878177 0.742514 0.371568 1 0 1.000000
  0 324.174774 -179.184448 259.576752 0.477339 -0.030855 -0.878177 0.994898 0.714319 1 0 1.000000
  0 245.742386 -245.295563 219.267197 0.477339 -0.030855 -0.878177 0.753950 0.713675 1 0 1.000000
Tree_03_leaves_old
  0 4.661824 -104.684654 156.336502 0.923753 0.266069 -0.275478 0.513002 -0.001294 1 0 1.000000
  0 7.626802 -18.917360 237.520737 0.923753 0.266069 -0.275478 0.730051 -0.001294 1 0 1.000000
  0 63.288612 -200.008682 249.264038 0.923753 0.266069 -0.275478 0.513002 0.355867 1 0 1.000000
Tree_03_leaves_old
  0 63.288612 -200.008682 249.264038 0.923753 0.266069 -0.275478 0.513002 0.355867 1 0 1.000000
  0 7.626802 -18.917360 237.520737 0.923753 0.266069 -0.275478 0.730051 -0.001294 1 0 1.000000
  0 62.899540 -119.815926 337.008820 0.923753 0.266069 -0.275478 0.742514 0.371568 1 0 1.000000
Tree_03_leaves_old
  0 63.288612 -200.008682 249.264038 0.923753 0.266069 -0.275478 0.513002 0.355867 1 0 1.000000
  0 62.899540 -119.815926 337.008820 0.923753 0.266069 -0.275478 0.742514 0.371568 1 0 1.000000
  0 111.606842 -280.836609 325.944183 0.917389 0.295799 -0.266272 0.513002 0.713030 1 0 1.000000
Tree_03_leaves_old
  0 7.626802 -18.917360 237.520737 0.465884 0.741600 0.482681 0.730051 -0.001294 1 0 1.000000
  0 -95.729202 -7.243922 317.159637 0.465884 0.741600 0.482681 1.008328 -0.001294 1 0 1.000000
  0 62.899540 -119.815926 337.008820 0.465884 0.741600 0.482681 0.742514 0.371568 1 0 1.000000
Tree_03_leaves_old
  0 62.899540 -119.815926 337.008820 0.465884 0.741600 0.482681 0.742514 0.371568 1 0 1.000000
  0 -95.729202 -7.243922 317.159637 0.465884 0.741600 0.482681 1.008328 -0.001294 1 0 1.000000
  0 -31.490376 -108.998024 413.678314 0.465884 0.741600 0.482681 1.001221 0.377407 1 0 1.000000
Tree_03_leaves_old
  0 62.899540 -119.815926 337.008820 0.465884 0.741600 0.482681 0.742514 0.371568 1 0 1.000000
  0 -31.490376 -108.998024 413.678314 0.465884 0.741600 0.482681 1.001221 0.377407 1 0 1.000000
  0 14.187158 -186.338898 482.760376 0.482677 0.724536 0.492006 0.994898 0.714319 1 0 1.000000
Tree_03_leaves_old
  0 111.606842 -280.836609 325.944183 0.882801 0.239261 0.404248 0.513002 0.713030 1 0 1.000000
  0 62.899540 -119.815926 337.008820 0.882801 0.239261 0.404247 0.742514 0.371568 1 0 1.000000
  0 62.896984 -233.587784 404.352173 0.882801 0.239261 0.404247 0.753950 0.713675 1 0 1.000000
Tree_03_leaves_old
  0 62.899540 -119.815926 337.008820 0.882801 0.239261 0.404247 0.742514 0.371568 1 0 1.000000
  0 14.187158 -186.338898 482.760376 0.882801 0.239261 0.404247 0.994898 0.714319 1 0 1.000000
  0 62.896984 -233.587784 404.352173 0.882801 0.239261 0.404247 0.753950 0.713675 1 0 1.000000
Tree_03_leaves_old
  0 17.826672 -104.626724 282.786804 0.895903 -0.035699 -0.442813 0.000000 -0.001294 1 0 1.000000
  0 -18.407740 -18.944262 199.728180 0.895903 -0.035699 -0.442813 0.227726 -0.001294 1 0 1.000000
  0 61.463501 9.590631 359.023926 0.895903 -0.035699 -0.442813 0.000000 0.355867 1 0 1.000000
Tree_03_leaves_old
  0 61.463501 9.590631 359.023926 0.895903 -0.035699 -0.442813 0.000000 0.355867 1 0 1.000000
  0 -18.407740 -18.944262 199.728180 0.895903 -0.035699 -0.442813 0.227726 -0.001294 1 0 1.000000
  0 23.186863 104.302605 276.787811 0.895903 -0.035699 -0.442813 0.240802 0.371568 1 0 1.000000
Tree_03_leaves_old
  0 61.463501 9.590631 359.023926 0.895903 -0.035699 -0.442813 0.000000 0.355867 1 0 1.000000
  0 23.186863 104.302605 276.787811 0.895903 -0.035699 -0.442813 0.240802 0.371568 1 0 1.000000
  0 105.099457 123.808609 435.260040 0.889568 -0.035896 -0.455390 0.000000 0.713030 1 0 1.000000
Tree_03_leaves_old
  0 -18.407740 -18.944262 199.728180 0.357961 0.416735 -0.835581 0.227726 -0.001294 1 0 1.000000
  0 -139.542603 54.646996 182.309708 0.357961 0.416735 -0.835581 0.519690 -0.001294 1 0 1.000000
  0 23.186863 104.302605 276.787811 0.357961 0.416735 -0.835581 0.240802 0.371568 1 0 1.000000
Tree_03_leaves_old
  0 23.186863 104.302605 276.787811 0.357961 0.416735 -0.835581 0.240802 0.371568 1 0 1.000000
  0 -139.542603 54.646996 182.309708 0.357961 0.416735 -0.835581 0.519690 -0.001294 1 0 1.000000
  0 -91.016693 173.467834 264.585663 0.357961 0.416735 -0.835581 0.512233 0.377407 1 0 1.000000
Tree_03_leaves_old
  0 23.186863 104.302605 276.787811 0.357961 0.416735 -0.835581 0.240802 0.371568 1 0 1.000000
  0 -91.016693 173.467834 264.585663 0.357961 0.416735 -0.835581 0.512233 0.377407 1 0 1.000000
  0 -47.845951 279.176025 337.782104 0.350518 0.432182 -0.830877 0.505600 0.714319 1 0 1.000000
Tree_03_leaves_old
  0 105.099457 123.808609 435.260040 0.761089 0.466387 -0.450806 0.000000 0.713030 1 0 1.000000
  0 23.186863 104.302605 276.787811 0.761089 0.466388 -0.450806 0.240802 0.371568 1 0 1.000000
  0 28.626745 201.492325 386.520874 0.761089 0.466388 -0.450806 0.252800 0.713675 1 0 1.000000
Tree_03_leaves_old
  0 23.186863 104.302605 276.787811 0.761089 0.466388 -0.450806 0.240802 0.371568 1 0 1.000000
  0 -47.845951 279.176025 337.782104 0.761089 0.466388 -0.450806 0.505600 0.714319 1 0 1.000000
  0 28.626745 201.492325 386.520874 0.761089 0.466388 -0.450806 0.252800 0.713675 1 0 1.000000
Tree_03_leaves_old
  0 107.844109 -48.193222 246.118530 0.484900 0.032617 -0.873961 0.000000 -0.001294 1 0 1.000000
  0 34.814522 21.229361 206.942566 0.484900 0.032617 -0.873961 0.227726 -0.001294 1 0 1.000000
  0 167.771744 55.363461 281.985046 0.484900 0.032617 -0.873961 0.000000 0.355867 1 0 1.000000
Tree_03_leaves_old
  0 167.771744 55.363461 281.985046 0.484900 0.032617 -0.873961 0.000000 0.355867 1 0 1.000000
  0 34.814522 21.229361 206.942566 0.484900 0.032617 -0.873961 0.227726 -0.001294 1 0 1.000000
  0 93.020699 132.441940 244.635468 0.484900 0.032617 -0.873961 0.240802 0.371568 1 0 1.000000
Tree_03_leaves_old
  0 167.771744 55.363461 281.985046 0.484900 0.032617 -0.873961 0.000000 0.355867 1 0 1.000000
  0 93.020699 132.441940 244.635468 0.484900 0.032617 -0.873961 0.240802 0.371568 1 0 1.000000
  0 227.698273 158.920639 317.851379 0.472589 0.031553 -0.880718 0.000000 0.713030 1 0 1.000000
Tree_03_leaves_old
  0 34.814522 21.229361 206.942566 -0.217631 0.426035 -0.878141 0.227726 -0.001294 1 0 1.000000
  0 -65.231445 75.119110 256.044861 -0.217631 0.426035 -0.878141 0.519690 -0.001294 1 0 1.000000
  0 93.020699 132.441940 244.635468 -0.217631 0.426035 -0.878141 0.240802 0.371568 1 0 1.000000
Tree_03_leaves_old
  0 93.020699 132.441940 244.635468 -0.217631 0.426035 -0.878141 0.240802 0.371568 1 0 1.000000
  0 -65.231445 75.119110 256.044861 -0.217631 0.426035 -0.878141 0.519690 -0.001294 1 0 1.000000
  0 0.793014 183.152252 293.931976 -0.217631 0.426035 -0.878141 0.512233 0.377407 1 0 1.000000
Tree_03_leaves_old
  0 93.020699 132.441940 244.635468 -0.217631 0.426035 -0.878141 0.240802 0.371568 1 0 1.000000
  0 0.793014 183.152252 293.931976 -0.217631 0.426035 -0.878141 0.512233 0.377407 1 0 1.000000
  0 59.531216 279.263275 327.638031 -0.222389 0.440875 -0.869582 0.505600 0.714319 1 0 1.000000
Tree_03_leaves_old
  0 227.698273 158.920639 317.851379 0.326565 0.520502 -0.788944 0.000000 0.713030 1 0 1.000000
  0 93.020699 132.441940 244.635468 0.326565 0.520503 -0.788944 0.240802 0.371568 1 0 1.000000
  0 143.614624 219.091904 322.744598 0.326565 0.520503 -0.788944 0.252800 0.713675 1 0 1.000000
Tree_03_leaves_old
  0 93.020699 132.441940 244.635468 0.326565 0.520503 -0.788944 0.240802 0.371568 1 0 1.000000
  0 59.531216 279.263275 327.638031 0.326565 0.520503 -0.788944 0.505600 0.714319 1 0 1.000000
  0 143.614624 219.091904 322.744598 0.326565 0.520503 -0.788944 0.252800 0.713675 1 0 1.000000
Tree_03_leaves_old
  0 21.517776 12.665775 210.580597 0.223454 -0.289110 -0.930851 0.730051 -0.001294 1 0 1.000000
  0 105.785400 58.119083 219.917725 0.223454 -0.289110 -0.930851 0.742514 0.371568 1 0 1.000000
  0 71.325699 -70.950851 251.732941 0.223454 -0.289110 -0.930851 0.513002 -0.001294 1 0 1.000000
Tree_03_leaves_old
  0 71.325699 -70.950851 251.732941 0.223454 -0.289110 -0.930851 0.513002 -0.001294 1 0 1.000000
  0 105.785400 58.119083 219.917725 0.223454 -0.289110 -0.930851 0.742514 0.371568 1 0 1.000000
  0 152.373856 -30.614868 255.435425 0.223454 -0.289110 -0.930851 0.513002 0.355867 1 0 1.000000
Tree_03_leaves_old
  0 -28.654478 87.946503 285.054321 -0.243251 0.588079 -0.771357 1.008328 -0.001294 1 0 1.000000
  0 60.378807 130.368805 288.061890 -0.243251 0.588079 -0.771357 1.001221 0.377407 1 0 1.000000
  0 21.517776 12.665775 210.580597 -0.243251 0.588079 -0.771357 0.730051 -0.001294 1 0 1.000000
Tree_03_leaves_old
  0 21.517776 12.665775 210.580597 -0.243251 0.588079 -0.771357 0.730051 -0.001294 1 0 1.000000
  0 60.378807 130.368805 288.061890 -0.243251 0.588079 -0.771357 1.001221 0.377407 1 0 1.000000
  0 105.785400 58.119083 219.917725 -0.243251 0.588079 -0.771357 0.742514 0.371568 1 0 1.000000
Tree_03_leaves_old
  0 105.785400 58.119083 219.917725 -0.243251 0.588079 -0.771357 0.742514 0.371568 1 0 1.000000
  0 60.378807 130.368805 288.061890 -0.243251 0.588079 -0.771357 1.001221 0.377407 1 0 1.000000
  0 148.831299 179.022202 297.157318 -0.240175 0.581896 -0.776990 0.994898 0.714319 1 0 1.000000
Tree_03_leaves_old
  0 184.013748 -111.112099 170.653214 -0.007625 -0.448918 -0.893540 0.513002 0.713030 1 0 1.000000
  0 102.739845 -55.931057 143.623672 -0.007625 -0.448918 -0.893540 0.742514 0.371568 1 0 1.000000
  0 183.277878 -50.748108 140.332443 -0.007625 -0.448918 -0.893540 0.753950 0.713675 1 0 1.000000
Tree_03_leaves_old
  0 245.708755 24.171463 264.752258 0.366615 0.404675 -0.837754 0.513002 0.713030 1 0 1.000000
  0 105.785400 58.119083 219.917725 0.366615 0.404675 -0.837754 0.742514 0.371568 1 0 1.000000
  0 197.270111 101.596741 280.954773 0.366615 0.404675 -0.837754 0.753950 0.713675 1 0 1.000000
Tree_03_leaves_old
  0 105.785400 58.119083 219.917725 0.366615 0.404675 -0.837754 0.742514 0.371568 1 0 1.000000
  0 148.831299 179.022202 297.157318 0.366615 0.404675 -0.837754 0.994898 0.714319 1 0 1.000000
  0 197.270111 101.596741 280.954773 0.366615 0.404675 -0.837754 0.753950 0.713675 1 0 1.000000
Tree_03_leaves_old
  0 139.693787 -61.187405 266.543243 0.411570 -0.748917 -0.519359 0.005523 1.001106 1 0 1.000000
  0 195.250381 -18.071253 246.764465 0.411570 -0.748917 -0.519359 0.005523 0.875864 1 0 1.000000
  0 208.821198 -83.410240 351.737671 0.411570 -0.748917 -0.519359 0.362683 1.001105 1 0 1.000000
Tree_03_leaves_old
  0 208.821198 -83.410240 351.737671 0.411570 -0.748917 -0.519359 0.362683 1.001105 1 0 1.000000
  0 195.250381 -18.071253 246.764465 0.411570 -0.748917 -0.519359 0.005523 0.875864 1 0 1.000000
  0 268.964294 -38.095028 335.685425 0.411570 -0.748917 -0.519359 0.378385 0.868673 1 0 1.000000
Tree_03_leaves_old
  0 208.821198 -83.410240 351.737671 0.411570 -0.748917 -0.519359 0.362683 1.001105 1 0 1.000000
  0 268.964294 -38.095028 335.685425 0.411570 -0.748917 -0.519359 0.378385 0.868673 1 0 1.000000
  0 277.948608 -105.633072 436.932190 0.415523 -0.739228 -0.529984 0.670048 1.001106 1 0 1.000000
Tree_03_leaves_old
  0 195.250381 -18.071253 246.764465 0.783430 0.099027 -0.613539 0.005523 0.875864 1 0 1.000000
  0 201.192490 65.031601 265.792236 0.783430 0.099027 -0.613539 0.005522 0.715295 1 0 1.000000
  0 268.964294 -38.095028 335.685425 0.783430 0.099027 -0.613539 0.378385 0.868673 1 0 1.000000
Tree_03_leaves_old
  0 268.964294 -38.095028 335.685425 0.783430 0.099027 -0.613539 0.378385 0.868673 1 0 1.000000
  0 201.192490 65.031601 265.792236 0.783430 0.099027 -0.613539 0.005522 0.715295 1 0 1.000000
  0 273.606750 39.657627 356.135590 0.783430 0.099027 -0.613539 0.384224 0.719397 1 0 1.000000
Tree_03_leaves_old
  0 268.964294 -38.095028 335.685425 0.783430 0.099027 -0.613539 0.378385 0.868673 1 0 1.000000
  0 273.606750 39.657627 356.135590 0.783430 0.099027 -0.613539 0.384224 0.719397 1 0 1.000000
  0 338.029510 17.083725 436.509064 0.790452 0.111229 -0.602340 0.671337 0.723045 1 0 1.000000
Tree_03_leaves_old
  0 277.948608 -105.633072 436.932190 0.840842 -0.412874 -0.350027 0.670048 1.001106 1 0 1.000000
  0 268.964294 -38.095028 335.685425 0.840842 -0.412875 -0.350027 0.378385 0.868673 1 0 1.000000
  0 307.989136 -44.274578 436.720764 0.840842 -0.412875 -0.350027 0.670693 0.862075 1 0 1.000000
Tree_03_leaves_old
  0 268.964294 -38.095028 335.685425 0.840842 -0.412875 -0.350027 0.378385 0.868673 1 0 1.000000
  0 338.029510 17.083725 436.509064 0.840842 -0.412875 -0.350027 0.671337 0.723045 1 0 1.000000
  0 307.989136 -44.274578 436.720764 0.840842 -0.412875 -0.350027 0.670693 0.862075 1 0 1.000000
Tree_03_leaves_old
  0 -49.881458 58.449875 261.117004 0.262315 0.722134 -0.640088 0.513002 -0.001294 1 0 1.000000
  0 -43.963547 -6.949259 185.530380 0.262315 0.722134 -0.640088 0.730051 -0.001294 1 0 1.000000
  0 -168.072403 82.409653 235.482056 0.262315 0.722134 -0.640088 0.513002 0.355867 1 0 1.000000
Tree_03_leaves_old
  0 -168.072403 82.409653 235.482056 0.262315 0.722134 -0.640088 0.513002 0.355867 1 0 1.000000
  0 -43.963547 -6.949259 185.530380 0.262315 0.722134 -0.640088 0.730051 -0.001294 1 0 1.000000
  0 -168.983139 13.689775 161.810379 0.262315 0.722134 -0.640088 0.742514 0.371568 1 0 1.000000
Tree_03_leaves_old
  0 -168.072403 82.409653 235.482056 0.262315 0.722134 -0.640088 0.513002 0.355867 1 0 1.000000
  0 -168.983139 13.689775 161.810379 0.262315 0.722134 -0.640088 0.742514 0.371568 1 0 1.000000
  0 -266.927734 102.870094 215.398834 0.278474 0.700610 -0.656961 0.513002 0.713030 1 0 1.000000
Tree_03_leaves_old
  0 -1.698921 148.913834 315.805389 0.419938 0.907082 -0.029220 0.378385 0.868673 1 0 1.000000
  0 -72.865303 183.005203 351.334534 0.419938 0.907082 -0.029220 0.671337 0.723045 1 0 1.000000
  0 -39.442268 168.034668 366.944672 0.419938 0.907082 -0.029220 0.670693 0.862075 1 0 1.000000
Tree_03_leaves_old
  0 109.198441 -99.393913 193.555008 -0.300476 -0.738326 -0.603812 0.513002 0.355867 1 0 1.000000
  0 102.739845 -55.931057 143.623672 -0.300476 -0.738326 -0.603812 0.742514 0.371568 1 0 1.000000
  0 184.013748 -111.112099 170.653214 -0.300476 -0.738326 -0.603812 0.513002 0.713030 1 0 1.000000
Tree_03_leaves_old
  0 -10.671607 150.413788 386.249695 0.499521 0.865121 0.045204 0.670048 1.001106 1 0 1.000000
  0 -1.698921 148.913834 315.805389 0.499521 0.865121 0.045204 0.378385 0.868673 1 0 1.000000
  0 -39.442268 168.034668 366.944672 0.499521 0.865121 0.045204 0.670693 0.862075 1 0 1.000000
Tree_03_leaves_old
  0 102.739845 -55.931057 143.623672 -0.052466 0.193107 -0.979774 0.742514 0.371568 1 0 1.000000
  0 197.650864 10.309113 151.596756 -0.052466 0.193107 -0.979774 0.994898 0.714319 1 0 1.000000
  0 183.277878 -50.748108 140.332443 -0.052466 0.193107 -0.979774 0.753950 0.713675 1 0 1.000000
Tree_03_leaves_old
  0 -45.611004 -1.448436 206.279602 -0.794048 0.266773 -0.546186 0.730051 -0.001294 1 0 1.000000
  0 -60.580132 -100.069008 191.313232 -0.794048 0.266773 -0.546186 0.742514 0.371568 1 0 1.000000
  0 -86.393417 -15.993866 269.905426 -0.794048 0.266773 -0.546186 0.513002 -0.001294 1 0 1.000000
Tree_03_leaves_old
  0 -86.393417 -15.993866 269.905426 -0.794048 0.266773 -0.546186 0.513002 -0.001294 1 0 1.000000
  0 -60.580132 -100.069008 191.313232 -0.794048 0.266773 -0.546186 0.742514 0.371568 1 0 1.000000
  0 -104.293282 -104.529236 241.244568 -0.794048 0.266773 -0.546186 0.513002 0.355867 1 0 1.000000
Tree_03_leaves_old
  0 -45.611004 -1.448436 206.279602 -0.028024 0.233122 -0.972044 0.730051 -0.001294 1 0 1.000000
  0 37.711250 -19.854790 207.717041 -0.028024 0.233122 -0.972044 1.008328 -0.001294 1 0 1.000000
  0 -60.580132 -100.069008 191.313232 -0.028024 0.233122 -0.972044 0.742514 0.371568 1 0 1.000000
Tree_03_leaves_old
  0 -60.580132 -100.069008 191.313232 -0.028024 0.233122 -0.972044 0.742514 0.371568 1 0 1.000000
  0 37.711250 -19.854790 207.717041 -0.028024 0.233122 -0.972044 1.008328 -0.001294 1 0 1.000000
  0 16.840498 -113.439964 177.620544 -0.028024 0.233122 -0.972044 1.001221 0.377407 1 0 1.000000
Tree_03_leaves_old
  0 -60.580132 -100.069008 191.313232 0.195308 0.043562 -0.979774 0.742514 0.371568 1 0 1.000000
  0 1.241370 -197.915649 199.286301 0.195308 0.043562 -0.979774 0.994898 0.714319 1 0 1.000000
  0 -59.093105 -180.759949 188.021988 0.195308 0.043562 -0.979774 0.753950 0.713675 1 0 1.000000
Tree_03_leaves_old
  0 3.536931 -45.496731 158.590042 -0.231593 -0.038677 -0.972044 0.730051 -0.001294 1 0 1.000000
  0 18.105888 38.581432 160.027481 -0.231593 -0.038677 -0.972044 1.008328 -0.001294 1 0 1.000000
  0 102.739845 -55.931057 143.623672 -0.231593 -0.038677 -0.972044 0.742514 0.371568 1 0 1.000000
Tree_03_leaves_old
  0 102.739845 -55.931057 143.623672 -0.231593 -0.038677 -0.972044 0.742514 0.371568 1 0 1.000000
  0 18.105888 38.581432 160.027481 -0.231593 -0.038677 -0.972044 1.008328 -0.001294 1 0 1.000000
  0 112.549118 22.020943 129.930984 -0.231593 -0.038677 -0.972044 1.001221 0.377407 1 0 1.000000
Tree_03_leaves_old
  0 3.536931 -45.496731 158.590042 -0.230107 -0.805439 -0.546186 0.730051 -0.001294 1 0 1.000000
  0 102.739845 -55.931057 143.623672 -0.230107 -0.805439 -0.546186 0.742514 0.371568 1 0 1.000000
  0 19.935844 -85.569786 222.215866 -0.230107 -0.805439 -0.546186 0.513002 -0.001294 1 0 1.000000
Tree_03_leaves_old
  0 19.935844 -85.569786 222.215866 -0.230107 -0.805439 -0.546186 0.513002 -0.001294 1 0 1.000000
  0 102.739845 -55.931057 143.623672 -0.230107 -0.805439 -0.546186 0.742514 0.371568 1 0 1.000000
  0 109.198441 -99.393913 193.555008 -0.230107 -0.805439 -0.546186 0.513002 0.355867 1 0 1.000000
Tree_03_leaves_old
  0 -149.766815 -17.552799 354.469177 -0.887103 0.459353 0.045204 0.670048 1.001106 1 0 1.000000
  0 -148.679581 -8.520802 284.024872 -0.887103 0.459353 0.045204 0.378385 0.868673 1 0 1.000000
  0 -166.050827 -47.100677 335.164154 -0.887103 0.459353 0.045204 0.670693 0.862075 1 0 1.000000
Tree_03_leaves_old
  0 -104.293282 -104.529236 241.244568 -0.723782 0.333993 -0.603812 0.513002 0.355867 1 0 1.000000
  0 -60.580132 -100.069008 191.313232 -0.723782 0.333993 -0.603812 0.742514 0.371568 1 0 1.000000
  0 -119.427406 -178.729004 218.342758 -0.723782 0.333993 -0.603812 0.513002 0.713030 1 0 1.000000
Tree_03_leaves_old
  0 -148.679581 -8.520802 284.024872 -0.925372 0.377932 -0.029220 0.378385 0.868673 1 0 1.000000
  0 -179.474091 -81.174599 319.554016 -0.925372 0.377932 -0.029220 0.671337 0.723045 1 0 1.000000
  0 -166.050827 -47.100677 335.164154 -0.925372 0.377932 -0.029220 0.670693 0.862075 1 0 1.000000
Tree_03_leaves_old
  0 -119.427406 -178.729004 218.342758 -0.448097 0.028188 -0.893540 0.513002 0.713030 1 0 1.000000
  0 -60.580132 -100.069008 191.313232 -0.448097 0.028188 -0.893540 0.742514 0.371568 1 0 1.000000
  0 -59.093105 -180.759949 188.021988 -0.448097 0.028188 -0.893540 0.753950 0.713675 1 0 1.000000
Tree_03_leaves_old
  0 -120.687653 -32.189384 350.182129 -0.862508 0.030348 -0.505132 0.670048 1.001106 1 0 1.000000
  0 -73.887611 -79.812302 267.410309 -0.862508 0.030348 -0.505132 0.378385 0.868673 1 0 1.000000
  0 -122.641609 -86.109306 350.279053 -0.862508 0.030348 -0.505132 0.670693 0.862075 1 0 1.000000
Tree_03_leaves_old
  0 -60.580132 -100.069008 191.313232 -0.205002 -0.207467 -0.956520 0.742514 0.371568 1 0 1.000000
  0 16.840498 -113.439964 177.620544 -0.205002 -0.207467 -0.956520 1.001221 0.377407 1 0 1.000000
  0 1.241370 -197.915649 199.286301 -0.205002 -0.207467 -0.956520 0.994898 0.714319 1 0 1.000000
Tree_03_leaves_old
  0 -73.887611 -79.812302 267.410309 -0.850785 -0.126216 -0.510131 0.378385 0.868673 1 0 1.000000
  0 -117.335762 -141.250092 355.072968 -0.850785 -0.126216 -0.510131 0.671337 0.723045 1 0 1.000000
  0 -122.641609 -86.109306 350.279053 -0.850785 -0.126216 -0.510131 0.670693 0.862075 1 0 1.000000
Tree_03_leaves_old
  0 100.363281 67.136093 231.261658 0.240545 0.401526 -0.883694 0.513002 -0.001294 1 0 1.000000
  0 20.006407 41.611107 194.981689 0.240545 0.401526 -0.883694 0.730051 -0.001294 1 0 1.000000
  0 57.975670 167.181915 262.372986 0.240545 0.401526 -0.883694 0.513002 0.355867 1 0 1.000000
Tree_03_leaves_old
  0 57.975670 167.181915 262.372986 0.240545 0.401526 -0.883694 0.513002 0.355867 1 0 1.000000
  0 20.006407 41.611107 194.981689 0.240545 0.401526 -0.883694 0.730051 -0.001294 1 0 1.000000
  0 -26.043509 144.031586 231.792480 0.240545 0.401526 -0.883694 0.742514 0.371568 1 0 1.000000
Tree_03_leaves_old
  0 57.975670 167.181915 262.372986 0.240545 0.401526 -0.883694 0.513002 0.355867 1 0 1.000000
  0 -26.043509 144.031586 231.792480 0.240545 0.401526 -0.883694 0.742514 0.371568 1 0 1.000000
  0 23.519932 250.814926 289.232147 0.222151 0.379906 -0.897953 0.513002 0.713030 1 0 1.000000
Tree_03_leaves_old
  0 20.006407 41.611107 194.981689 -0.656782 -0.032530 -0.753379 0.730051 -0.001294 1 0 1.000000
  0 -46.871811 -4.432584 256.360626 -0.656782 -0.032530 -0.753379 1.008328 -0.001294 1 0 1.000000
  0 -26.043509 144.031586 231.792480 -0.656782 -0.032530 -0.753379 0.742514 0.371568 1 0 1.000000
Tree_03_leaves_old
  0 -26.043509 144.031586 231.792480 -0.656782 -0.032530 -0.753379 0.742514 0.371568 1 0 1.000000
  0 -46.871811 -4.432584 256.360626 -0.656782 -0.032530 -0.753379 1.008328 -0.001294 1 0 1.000000
  0 -90.059853 102.715149 288.296997 -0.656782 -0.032530 -0.753379 1.001221 0.377407 1 0 1.000000
Tree_03_leaves_old
  0 -26.043509 144.031586 231.792480 -0.656782 -0.032530 -0.753379 0.742514 0.371568 1 0 1.000000
  0 -90.059853 102.715149 288.296997 -0.656782 -0.032530 -0.753379 1.001221 0.377407 1 0 1.000000
  0 -119.897728 181.550186 313.721710 -0.659194 -0.006991 -0.751940 0.994898 0.714319 1 0 1.000000
Tree_03_leaves_old
  0 23.519932 250.814926 289.232147 -0.398348 0.571013 -0.717818 0.513002 0.713030 1 0 1.000000
  0 -26.043509 144.031586 231.792480 -0.398348 0.571013 -0.717818 0.742514 0.371568 1 0 1.000000
  0 -48.188820 216.182632 301.476898 -0.398348 0.571013 -0.717818 0.753950 0.713675 1 0 1.000000
Tree_03_leaves_old
  0 -26.043509 144.031586 231.792480 -0.398348 0.571013 -0.717818 0.742514 0.371568 1 0 1.000000
  0 -119.897728 181.550186 313.721710 -0.398348 0.571013 -0.717818 0.994898 0.714319 1 0 1.000000
  0 -48.188820 216.182632 301.476898 -0.398348 0.571013 -0.717818 0.753950 0.713675 1 0 1.000000
Tree_03_leaves_old
  0 3.217998 -69.816803 211.705017 0.364289 -0.298443 -0.882171 0.000000 -0.001294 1 0 1.000000
  0 21.049246 32.898376 183.083038 0.364289 -0.298443 -0.882171 0.227726 -0.001294 1 0 1.000000
  0 119.652397 -63.836319 256.526672 0.364289 -0.298443 -0.882171 0.000000 0.355867 1 0 1.000000
Tree_03_leaves_old
  0 119.652397 -63.836319 256.526672 0.364289 -0.298443 -0.882171 0.000000 0.355867 1 0 1.000000
  0 21.049246 32.898376 183.083038 0.364289 -0.298443 -0.882171 0.227726 -0.001294 1 0 1.000000
  0 142.637238 44.443340 230.622833 0.364289 -0.298443 -0.882171 0.240802 0.371568 1 0 1.000000
Tree_03_leaves_old
  0 119.652397 -63.836319 256.526672 0.364289 -0.298443 -0.882171 0.000000 0.355867 1 0 1.000000
  0 142.637238 44.443340 230.622833 0.364289 -0.298443 -0.882171 0.240802 0.371568 1 0 1.000000
  0 236.086578 -57.854656 301.348175 0.356861 -0.288321 -0.888550 0.000000 0.713030 1 0 1.000000
Tree_03_leaves_old
  0 21.049246 32.898376 183.083038 0.285397 0.500267 -0.817485 0.227726 -0.001294 1 0 1.000000
  0 4.609422 140.835739 241.423309 0.285397 0.500267 -0.817485 0.519690 -0.001294 1 0 1.000000
  0 142.637238 44.443340 230.622833 0.285397 0.500267 -0.817485 0.240802 0.371568 1 0 1.000000
Tree_03_leaves_old
  0 142.637238 44.443340 230.622833 0.285397 0.500267 -0.817485 0.240802 0.371568 1 0 1.000000
  0 4.609422 140.835739 241.423309 0.285397 0.500267 -0.817485 0.519690 -0.001294 1 0 1.000000
  0 128.045868 144.155121 288.521637 0.285397 0.500267 -0.817485 0.512233 0.377407 1 0 1.000000
Tree_03_leaves_old
  0 142.637238 44.443340 230.622833 0.285397 0.500267 -0.817485 0.240802 0.371568 1 0 1.000000
  0 128.045868 144.155121 288.521637 0.285397 0.500267 -0.817485 0.512233 0.377407 1 0 1.000000
  0 237.860229 147.108337 330.422485 0.294226 0.511754 -0.807180 0.505600 0.714319 1 0 1.000000
Tree_03_leaves_old
  0 236.086578 -57.854656 301.348175 0.667130 0.098961 -0.738339 0.000000 0.713030 1 0 1.000000
  0 142.637238 44.443340 230.622833 0.667130 0.098961 -0.738339 0.240802 0.371568 1 0 1.000000
  0 236.973297 44.626911 315.885223 0.667130 0.098961 -0.738339 0.252800 0.713675 1 0 1.000000
Tree_03_leaves_old
  0 142.637238 44.443340 230.622833 0.667130 0.098961 -0.738339 0.240802 0.371568 1 0 1.000000
  0 237.860229 147.108337 330.422485 0.667130 0.098961 -0.738339 0.505600 0.714319 1 0 1.000000
  0 236.973297 44.626911 315.885223 0.667130 0.098961 -0.738339 0.252800 0.713675 1 0 1.000000
Tree_03_leaves_old
  0 -12.833189 -46.045238 252.571869 -0.240424 -0.569430 -0.786095 0.005523 1.001106 1 0 1.000000
  0 70.237793 -36.333839 219.021118 -0.240424 -0.569430 -0.786095 0.005523 0.875864 1 0 1.000000
  0 38.049446 -132.830032 298.765594 -0.240424 -0.569430 -0.786095 0.362683 1.001105 1 0 1.000000
Tree_03_leaves_old
  0 38.049446 -132.830032 298.765594 -0.240424 -0.569430 -0.786095 0.362683 1.001105 1 0 1.000000
  0 70.237793 -36.333839 219.021118 -0.240424 -0.569430 -0.786095 0.005523 0.875864 1 0 1.000000
  0 126.880440 -125.433113 267.347931 -0.240424 -0.569430 -0.786095 0.378385 0.868673 1 0 1.000000
Tree_03_leaves_old
  0 38.049446 -132.830032 298.765594 -0.240424 -0.569430 -0.786095 0.362683 1.001105 1 0 1.000000
  0 126.880440 -125.433113 267.347931 -0.240424 -0.569430 -0.786095 0.378385 0.868673 1 0 1.000000
  0 88.932076 -219.614883 344.959442 -0.234334 -0.560272 -0.794470 0.670048 1.001106 1 0 1.000000
Tree_03_leaves_old
  0 70.237793 -36.333839 219.021118 0.605781 -0.062407 -0.793180 0.005523 0.875864 1 0 1.000000
  0 127.179199 13.599924 256.637115 0.605781 -0.062407 -0.793180 0.005522 0.715295 1 0 1.000000
  0 126.880440 -125.433113 267.347931 0.605781 -0.062407 -0.793180 0.378385 0.868673 1 0 1.000000
Tree_03_leaves_old
  0 126.880440 -125.433113 267.347931 0.605781 -0.062407 -0.793180 0.378385 0.868673 1 0 1.000000
  0 127.179199 13.599924 256.637115 0.605781 -0.062407 -0.793180 0.005522 0.715295 1 0 1.000000
  0 179.121887 -79.274666 305.558441 0.605781 -0.062407 -0.793180 0.384224 0.719397 1 0 1.000000
Tree_03_leaves_old
  0 126.880440 -125.433113 267.347931 0.605781 -0.062407 -0.793180 0.378385 0.868673 1 0 1.000000
  0 179.121887 -79.274666 305.558441 0.605781 -0.062407 -0.793180 0.384224 0.719397 1 0 1.000000
  0 225.332153 -161.899994 349.081146 0.623998 -0.061357 -0.779013 0.671337 0.723045 1 0 1.000000
Tree_03_leaves_old
  0 88.932076 -219.614883 344.959442 0.306229 -0.675848 -0.670412 0.670048 1.001106 1 0 1.000000
  0 126.880440 -125.433113 267.347931 0.306230 -0.675848 -0.670412 0.378385 0.868673 1 0 1.000000
  0 157.132278 -190.757431 347.020325 0.306230 -0.675848 -0.670412 0.670693 0.862075 1 0 1.000000
Tree_03_leaves_old
  0 126.880440 -125.433113 267.347931 0.306230 -0.675848 -0.670412 0.378385 0.868673 1 0 1.000000
  0 225.332153 -161.899994 349.081146 0.306230 -0.675848 -0.670412 0.671337 0.723045 1 0 1.000000
  0 157.132278 -190.757431 347.020325 0.306230 -0.675848 -0.670412 0.670693 0.862075 1 0 1.000000
Tree_03_leaves_old
  0 -71.753242 -50.928818 231.627228 -0.279113 -0.162178 -0.946464 0.513002 -0.001294 1 0 1.000000
  0 31.053741 -5.370990 190.078033 -0.279113 -0.162178 -0.946464 0.730051 -0.001294 1 0 1.000000
  0 -14.761420 -187.059570 234.721481 -0.279113 -0.162178 -0.946464 0.513002 0.355867 1 0 1.000000
Tree_03_leaves_old
  0 -14.761420 -187.059570 234.721481 -0.279113 -0.162178 -0.946464 0.513002 0.355867 1 0 1.000000
  0 31.053741 -5.370990 190.078033 -0.279113 -0.162178 -0.946464 0.730051 -0.001294 1 0 1.000000
  0 93.146660 -146.369659 199.352051 -0.279113 -0.162178 -0.946464 0.742514 0.371568 1 0 1.000000
Tree_03_leaves_old
  0 -14.761420 -187.059570 234.721481 -0.279113 -0.162178 -0.946464 0.513002 0.355867 1 0 1.000000
  0 93.146660 -146.369659 199.352051 -0.279113 -0.162178 -0.946464 0.742514 0.371568 1 0 1.000000
  0 31.653013 -301.158539 238.435684 -0.261344 -0.137414 -0.955414 0.513002 0.713030 1 0 1.000000
Tree_03_leaves_old
  0 31.053741 -5.370990 190.078033 0.623332 0.232997 -0.746438 0.730051 -0.001294 1 0 1.000000
  0 121.852531 32.942135 279.294952 0.623332 0.232997 -0.746438 1.008328 -0.001294 1 0 1.000000
  0 93.146660 -146.369659 199.352051 0.623332 0.232997 -0.746438 0.742514 0.371568 1 0 1.000000
Tree_03_leaves_old
  0 93.146660 -146.369659 199.352051 0.623332 0.232997 -0.746438 0.742514 0.371568 1 0 1.000000
  0 121.852531 32.942135 279.294952 0.623332 0.232997 -0.746438 1.008328 -0.001294 1 0 1.000000
  0 179.929550 -112.415947 280.987091 0.623332 0.232997 -0.746438 1.001221 0.377407 1 0 1.000000
Tree_03_leaves_old
  0 93.146660 -146.369659 199.352051 0.623332 0.232997 -0.746438 0.742514 0.371568 1 0 1.000000
  0 179.929550 -112.415947 280.987091 0.623332 0.232997 -0.746438 1.001221 0.377407 1 0 1.000000
  0 220.241104 -220.041718 284.768188 0.625788 0.207980 -0.751753 0.994898 0.714319 1 0 1.000000
Tree_03_leaves_old
  0 31.653013 -301.158539 238.435684 0.366290 -0.361961 -0.857214 0.513002 0.713030 1 0 1.000000
  0 93.146660 -146.369659 199.352051 0.366291 -0.361961 -0.857214 0.742514 0.371568 1 0 1.000000
  0 125.946930 -260.600220 261.601868 0.366291 -0.361961 -0.857214 0.753950 0.713675 1 0 1.000000
Tree_03_leaves_old
  0 93.146660 -146.369659 199.352051 0.366291 -0.361961 -0.857214 0.742514 0.371568 1 0 1.000000
  0 220.241104 -220.041718 284.768188 0.366291 -0.361961 -0.857214 0.994898 0.714319 1 0 1.000000
  0 125.946930 -260.600220 261.601868 0.366291 -0.361961 -0.857214 0.753950 0.713675 1 0 1.000000
Tree_03_leaves_old
  0 54.115192 -105.893982 251.008270 -0.012908 -0.354059 -0.935134 0.513002 -0.001294 1 0 1.000000
  0 67.478142 -19.331741 215.314850 -0.012908 -0.354059 -0.935134 0.730051 -0.001294 1 0 1.000000
  0 168.838516 -125.683952 254.182617 -0.012908 -0.354059 -0.935134 0.513002 0.355867 1 0 1.000000
Tree_03_leaves_old
  0 168.838516 -125.683952 254.182617 -0.012908 -0.354059 -0.935134 0.513002 0.355867 1 0 1.000000
  0 67.478142 -19.331741 215.314850 -0.012908 -0.354059 -0.935134 0.730051 -0.001294 1 0 1.000000
  0 187.601303 -37.632977 223.320831 -0.012908 -0.354059 -0.935134 0.742514 0.371568 1 0 1.000000
Tree_03_leaves_old
  0 168.838516 -125.683952 254.182617 -0.012908 -0.354059 -0.935134 0.513002 0.355867 1 0 1.000000
  0 187.601303 -37.632977 223.320831 -0.012908 -0.354059 -0.935134 0.742514 0.371568 1 0 1.000000
  0 264.419556 -143.141205 257.756714 -0.024217 -0.326073 -0.945034 0.513002 0.713030 1 0 1.000000
Tree_03_leaves_old
  0 67.478142 -19.331741 215.314850 0.139423 0.625408 -0.767741 0.730051 -0.001294 1 0 1.000000
  0 80.500320 59.632252 283.104279 0.139423 0.625408 -0.767741 1.008328 -0.001294 1 0 1.000000
  0 187.601303 -37.632977 223.320831 0.139423 0.625408 -0.767741 0.742514 0.371568 1 0 1.000000
Tree_03_leaves_old
  0 187.601303 -37.632977 223.320831 0.139423 0.625408 -0.767741 0.742514 0.371568 1 0 1.000000
  0 80.500320 59.632252 283.104279 0.139423 0.625408 -0.767741 1.008328 -0.001294 1 0 1.000000
  0 201.821487 36.611877 285.283966 0.139423 0.625408 -0.767741 1.001221 0.377407 1 0 1.000000
Tree_03_leaves_old
  0 187.601303 -37.632977 223.320831 0.139423 0.625408 -0.767741 0.742514 0.371568 1 0 1.000000
  0 201.821487 36.611877 285.283966 0.139423 0.625408 -0.767741 1.001221 0.377407 1 0 1.000000
  0 290.506958 17.846203 288.950623 0.161834 0.613847 -0.772658 0.994898 0.714319 1 0 1.000000
Tree_03_leaves_old
  0 264.419556 -143.141205 257.756714 0.502692 0.085229 -0.860254 0.513002 0.713030 1 0 1.000000
  0 187.601303 -37.632977 223.320831 0.502692 0.085230 -0.860254 0.742514 0.371568 1 0 1.000000
  0 277.463257 -62.647625 273.353638 0.502692 0.085230 -0.860254 0.753950 0.713675 1 0 1.000000
Tree_03_leaves_old
  0 187.601303 -37.632977 223.320831 0.502692 0.085230 -0.860254 0.742514 0.371568 1 0 1.000000
  0 290.506958 17.846203 288.950623 0.502692 0.085230 -0.860254 0.994898 0.714319 1 0 1.000000
  0 277.463257 -62.647625 273.353638 0.502692 0.085230 -0.860254 0.753950 0.713675 1 0 1.000000
Tree_03_leaves_old
  0 120.222168 10.236944 346.970215 0.629327 0.701848 -0.333702 0.000000 -0.001294 1 0 1.000000
  0 41.725006 84.422348 351.692505 0.629327 0.701848 -0.333702 0.227726 -0.001294 1 0 1.000000
  0 143.634918 46.523453 464.174500 0.629327 0.701848 -0.333702 0.000000 0.355867 1 0 1.000000
Tree_03_leaves_old
  0 143.634918 46.523453 464.174500 0.629327 0.701848 -0.333702 0.000000 0.355867 1 0 1.000000
  0 41.725006 84.422348 351.692505 0.629327 0.701848 -0.333702 0.227726 -0.001294 1 0 1.000000
  0 61.216316 124.059952 475.085815 0.629327 0.701848 -0.333702 0.240802 0.371568 1 0 1.000000
Tree_03_leaves_old
  0 41.725006 84.422348 351.692505 -0.133201 0.953026 -0.272026 0.227726 -0.001294 1 0 1.000000
  0 -76.489899 80.002266 388.162048 -0.133201 0.953026 -0.272026 0.519690 -0.001294 1 0 1.000000
  0 61.216316 124.059952 475.085815 -0.133201 0.953026 -0.272026 0.240802 0.371568 1 0 1.000000
Tree_03_leaves_old
  0 61.216316 124.059952 475.085815 -0.133201 0.953026 -0.272026 0.240802 0.371568 1 0 1.000000
  0 -76.489899 80.002266 388.162048 -0.133201 0.953026 -0.272026 0.519690 -0.001294 1 0 1.000000
  0 -48.843391 117.476509 511.843811 -0.133201 0.953026 -0.272026 0.512233 0.377407 1 0 1.000000
Tree_03_leaves_old
  0 61.216316 124.059952 475.085815 0.300457 0.944109 0.135586 0.240802 0.371568 1 0 1.000000
  0 -35.386578 138.072205 591.587341 0.300457 0.944109 0.135586 0.505600 0.714319 1 0 1.000000
  0 63.865921 106.571449 590.989929 0.300457 0.944109 0.135586 0.252800 0.713675 1 0 1.000000
Tree_03_leaves_old
  0 -1.037508 -70.761894 189.314148 -0.640208 -0.430115 -0.636502 0.005523 0.875864 1 0 1.000000
  0 22.853210 -132.347183 205.606659 -0.640208 -0.430115 -0.636502 0.005522 0.715295 1 0 1.000000
  0 -73.887611 -79.812302 267.410309 -0.640208 -0.430115 -0.636502 0.378385 0.868673 1 0 1.000000
Tree_03_leaves_old
  0 -73.887611 -79.812302 267.410309 -0.640208 -0.430115 -0.636502 0.378385 0.868673 1 0 1.000000
  0 22.853210 -132.347183 205.606659 -0.640208 -0.430115 -0.636502 0.005522 0.715295 1 0 1.000000
  0 -51.334843 -137.058640 284.704193 -0.640208 -0.430115 -0.636502 0.384224 0.719397 1 0 1.000000
Tree_03_leaves_old
  0 -73.887611 -79.812302 267.410309 -0.640208 -0.430115 -0.636502 0.378385 0.868673 1 0 1.000000
  0 -51.334843 -137.058640 284.704193 -0.640208 -0.430115 -0.636502 0.384224 0.719397 1 0 1.000000
  0 -117.335762 -141.250092 355.072968 -0.640951 -0.442073 -0.627498 0.671337 0.723045 1 0 1.000000
Tree_03_leaves_old
  0 19.114998 -20.263676 200.834747 -0.688887 0.400198 -0.604381 0.005523 1.001106 1 0 1.000000
  0 -1.037508 -70.761894 189.314148 -0.688887 0.400198 -0.604381 0.005523 0.875864 1 0 1.000000
  0 -50.786263 -26.226559 275.508362 -0.688887 0.400198 -0.604381 0.362683 1.001105 1 0 1.000000
Tree_03_leaves_old
  0 -50.786263 -26.226559 275.508362 -0.688887 0.400198 -0.604381 0.362683 1.001105 1 0 1.000000
  0 -1.037508 -70.761894 189.314148 -0.688887 0.400198 -0.604381 0.005523 0.875864 1 0 1.000000
  0 -73.887611 -79.812302 267.410309 -0.688887 0.400198 -0.604381 0.378385 0.868673 1 0 1.000000
Tree_03_leaves_old
  0 -50.786263 -26.226559 275.508362 -0.688887 0.400198 -0.604381 0.362683 1.001105 1 0 1.000000
  0 -73.887611 -79.812302 267.410309 -0.688887 0.400198 -0.604381 0.378385 0.868673 1 0 1.000000
  0 -120.687653 -32.189384 350.182129 -0.687809 0.389127 -0.612779 0.670048 1.001106 1 0 1.000000
Tree_03_leaves_old
  0 -62.598404 -374.307220 380.824860 -0.181167 -0.775682 -0.604562 0.513002 0.713030 1 0 1.000000
  0 13.157190 -304.017822 267.938782 -0.181168 -0.775682 -0.604562 0.742514 0.371568 1 0 1.000000
  0 23.641962 -383.210724 366.405060 -0.181168 -0.775682 -0.604562 0.753950 0.713675 1 0 1.000000
Tree_03_leaves_old
  0 13.157190 -304.017822 267.938782 -0.181168 -0.775682 -0.604562 0.742514 0.371568 1 0 1.000000
  0 109.882538 -392.114166 351.985138 -0.181168 -0.775682 -0.604562 0.994898 0.714319 1 0 1.000000
  0 23.641962 -383.210724 366.405060 -0.181168 -0.775682 -0.604562 0.753950 0.713675 1 0 1.000000
Tree_03_leaves_old
  0 113.456375 -170.052032 241.941467 0.328921 -0.411234 -0.850116 1.008328 -0.001294 1 0 1.000000
  0 111.565224 -287.567200 300.176575 0.328921 -0.411234 -0.850116 1.001221 0.377407 1 0 1.000000
  0 8.053751 -187.611465 211.774216 0.328921 -0.411234 -0.850116 0.730051 -0.001294 1 0 1.000000
Tree_03_leaves_old
  0 8.053751 -187.611465 211.774216 0.328921 -0.411234 -0.850116 0.730051 -0.001294 1 0 1.000000
  0 111.565224 -287.567200 300.176575 0.328921 -0.411234 -0.850116 1.001221 0.377407 1 0 1.000000
  0 13.157190 -304.017822 267.938782 0.328921 -0.411234 -0.850116 0.742514 0.371568 1 0 1.000000
Tree_03_leaves_old
  0 13.157190 -304.017822 267.938782 0.328921 -0.411234 -0.850116 0.742514 0.371568 1 0 1.000000
  0 111.565224 -287.567200 300.176575 0.328921 -0.411234 -0.850116 1.001221 0.377407 1 0 1.000000
  0 109.882538 -392.114166 351.985138 0.345169 -0.421188 -0.838725 0.994898 0.714319 1 0 1.000000
Tree_03_leaves_old
  0 143.634918 46.523453 464.174500 0.640273 0.718732 -0.271063 0.000000 0.355867 1 0 1.000000
  0 61.216316 124.059952 475.085815 0.640273 0.718732 -0.271063 0.240802 0.371568 1 0 1.000000
  0 159.513229 72.569016 570.741150 0.640273 0.718732 -0.271063 0.000000 0.713030 1 0 1.000000
Tree_03_leaves_old
  0 -63.828758 -152.160904 271.787292 -0.686913 -0.331855 -0.646547 0.513002 -0.001294 1 0 1.000000
  0 8.053751 -187.611465 211.774216 -0.686913 -0.331855 -0.646547 0.730051 -0.001294 1 0 1.000000
  0 -63.213856 -263.234039 326.306213 -0.686913 -0.331855 -0.646547 0.513002 0.355867 1 0 1.000000
Tree_03_leaves_old
  0 -63.213856 -263.234039 326.306213 -0.686913 -0.331855 -0.646547 0.513002 0.355867 1 0 1.000000
  0 8.053751 -187.611465 211.774216 -0.686913 -0.331855 -0.646547 0.730051 -0.001294 1 0 1.000000
  0 13.157190 -304.017822 267.938782 -0.686913 -0.331855 -0.646547 0.742514 0.371568 1 0 1.000000
Tree_03_leaves_old
  0 -63.213856 -263.234039 326.306213 -0.686913 -0.331855 -0.646547 0.513002 0.355867 1 0 1.000000
  0 13.157190 -304.017822 267.938782 -0.686913 -0.331855 -0.646547 0.742514 0.371568 1 0 1.000000
  0 -62.598404 -374.307220 380.824860 -0.677860 -0.326963 -0.658484 0.513002 0.713030 1 0 1.000000
Tree_03_leaves_old
  0 58.958900 -124.240036 243.867798 -0.069802 -0.528356 -0.846149 0.513002 0.713030 1 0 1.000000
  0 86.836739 -64.760864 204.427856 -0.069800 -0.528355 -0.846149 0.742514 0.371568 1 0 1.000000
  0 101.781731 -117.636406 236.211731 -0.069800 -0.528355 -0.846149 0.753950 0.713675 1 0 1.000000
Tree_03_leaves_old
  0 86.836739 -64.760864 204.427856 -0.069800 -0.528355 -0.846149 0.742514 0.371568 1 0 1.000000
  0 144.604675 -111.032722 228.555725 -0.069800 -0.528355 -0.846149 0.994898 0.714319 1 0 1.000000
  0 101.781731 -117.636406 236.211731 -0.069800 -0.528355 -0.846149 0.753950 0.713675 1 0 1.000000
Tree_03_leaves_old
  0 123.329979 10.690294 217.237762 0.352188 -0.011454 -0.935859 1.008328 -0.001294 1 0 1.000000
  0 134.588593 -53.725468 223.227234 0.352188 -0.011454 -0.935859 1.001221 0.377407 1 0 1.000000
  0 72.294678 -1.880427 199.149902 0.352188 -0.011454 -0.935859 0.730051 -0.001294 1 0 1.000000
Tree_03_leaves_old
  0 72.294678 -1.880427 199.149902 0.352188 -0.011454 -0.935859 0.730051 -0.001294 1 0 1.000000
  0 134.588593 -53.725468 223.227234 0.352188 -0.011454 -0.935859 1.001221 0.377407 1 0 1.000000
  0 86.836739 -64.760864 204.427856 0.352188 -0.011454 -0.935859 0.742514 0.371568 1 0 1.000000
Tree_03_leaves_old
  0 86.836739 -64.760864 204.427856 0.352188 -0.011454 -0.935859 0.742514 0.371568 1 0 1.000000
  0 134.588593 -53.725468 223.227234 0.352188 -0.011454 -0.935859 1.001221 0.377407 1 0 1.000000
  0 144.604675 -111.032722 228.555725 0.370550 -0.021574 -0.928562 0.994898 0.714319 1 0 1.000000
Tree_03_leaves_old
  0 159.513229 72.569016 570.741150 0.356639 0.924954 0.131411 0.000000 0.713030 1 0 1.000000
  0 61.216316 124.059952 475.085815 0.356639 0.924954 0.131411 0.240802 0.371568 1 0 1.000000
  0 63.865921 106.571449 590.989929 0.356639 0.924954 0.131411 0.252800 0.713675 1 0 1.000000
Tree_03_leaves_old
  0 35.341335 -3.109756 232.996765 -0.648970 -0.202184 -0.733458 0.513002 -0.001294 1 0 1.000000
  0 72.294678 -1.880427 199.149902 -0.648970 -0.202184 -0.733458 0.730051 -0.001294 1 0 1.000000
  0 47.149990 -63.674919 238.432312 -0.648970 -0.202184 -0.733458 0.513002 0.355867 1 0 1.000000
Tree_03_leaves_old
  0 47.149990 -63.674919 238.432312 -0.648970 -0.202184 -0.733458 0.513002 0.355867 1 0 1.000000
  0 72.294678 -1.880427 199.149902 -0.648970 -0.202184 -0.733458 0.730051 -0.001294 1 0 1.000000
  0 86.836739 -64.760864 204.427856 -0.648970 -0.202184 -0.733458 0.742514 0.371568 1 0 1.000000
Tree_03_leaves_old
  0 47.149990 -63.674919 238.432312 -0.648970 -0.202184 -0.733458 0.513002 0.355867 1 0 1.000000
  0 86.836739 -64.760864 204.427856 -0.648970 -0.202184 -0.733458 0.742514 0.371568 1 0 1.000000
  0 58.958900 -124.240036 243.867798 -0.641597 -0.191751 -0.742687 0.513002 0.713030 1 0 1.000000
Tree_03_leaves_old
  0 88.559036 -232.715652 265.190033 0.198219 -0.610760 -0.766603 0.513002 0.713030 1 0 1.000000
  0 71.680275 -161.225021 203.868439 0.198220 -0.610760 -0.766604 0.742514 0.371568 1 0 1.000000
  0 127.016792 -197.779327 247.299850 0.198220 -0.610760 -0.766604 0.753950 0.713675 1 0 1.000000
Tree_03_leaves_old
  0 71.680275 -161.225021 203.868439 0.198220 -0.610760 -0.766604 0.742514 0.371568 1 0 1.000000
  0 165.474625 -162.842865 229.409668 0.198220 -0.610760 -0.766604 0.994898 0.714319 1 0 1.000000
  0 127.016792 -197.779327 247.299850 0.198220 -0.610760 -0.766604 0.753950 0.713675 1 0 1.000000
Tree_03_leaves_old
  0 55.831470 -56.532665 203.113281 0.241906 0.029625 -0.969847 1.008328 -0.001294 1 0 1.000000
  0 113.854637 -112.791954 217.029297 0.241906 0.029625 -0.969847 1.001221 0.377407 1 0 1.000000
  0 11.453628 -108.662460 191.613831 0.241906 0.029625 -0.969847 0.730051 -0.001294 1 0 1.000000
Tree_03_leaves_old
  0 11.453628 -108.662460 191.613831 0.241906 0.029625 -0.969847 0.730051 -0.001294 1 0 1.000000
  0 113.854637 -112.791954 217.029297 0.241906 0.029625 -0.969847 1.001221 0.377407 1 0 1.000000
  0 71.680275 -161.225021 203.868439 0.241906 0.029625 -0.969847 0.742514 0.371568 1 0 1.000000
Tree_03_leaves_old
  0 71.680275 -161.225021 203.868439 0.241906 0.029625 -0.969847 0.742514 0.371568 1 0 1.000000
  0 113.854637 -112.791954 217.029297 0.241906 0.029625 -0.969847 1.001221 0.377407 1 0 1.000000
  0 165.474625 -162.842865 229.409668 0.263129 0.032878 -0.964200 0.994898 0.714319 1 0 1.000000
Tree_03_leaves_old
  0 61.216316 124.059952 475.085815 -0.133414 0.964791 -0.226667 0.240802 0.371568 1 0 1.000000
  0 -48.843391 117.476509 511.843811 -0.133414 0.964791 -0.226667 0.512233 0.377407 1 0 1.000000
  0 -35.386578 138.072205 591.587341 -0.133414 0.964791 -0.226667 0.505600 0.714319 1 0 1.000000
Tree_03_leaves_old
  0 -23.020521 -128.545761 239.937653 -0.455879 -0.649971 -0.608039 0.513002 -0.001294 1 0 1.000000
  0 11.453628 -108.662460 191.613831 -0.455879 -0.649971 -0.608039 0.730051 -0.001294 1 0 1.000000
  0 32.769154 -180.630783 252.563889 -0.455879 -0.649971 -0.608039 0.513002 0.355867 1 0 1.000000
Tree_03_leaves_old
  0 32.769154 -180.630783 252.563889 -0.455879 -0.649971 -0.608039 0.513002 0.355867 1 0 1.000000
  0 11.453628 -108.662460 191.613831 -0.455879 -0.649971 -0.608039 0.730051 -0.001294 1 0 1.000000
  0 71.680275 -161.225021 203.868439 -0.455879 -0.649971 -0.608039 0.742514 0.371568 1 0 1.000000
Tree_03_leaves_old
  0 32.769154 -180.630783 252.563889 -0.455879 -0.649971 -0.608039 0.513002 0.355867 1 0 1.000000
  0 71.680275 -161.225021 203.868439 -0.455879 -0.649971 -0.608039 0.742514 0.371568 1 0 1.000000
  0 88.559036 -232.715652 265.190033 -0.456351 -0.638934 -0.619280 0.513002 0.713030 1 0 1.000000
Tree_03_leaves_old
  0 71.097977 -157.875793 264.860748 -0.200390 -0.486872 -0.850176 0.513002 0.713030 1 0 1.000000
  0 111.949432 -87.291039 214.809906 -0.200390 -0.486873 -0.850175 0.742514 0.371568 1 0 1.000000
  0 124.379158 -156.461426 251.492188 -0.200390 -0.486873 -0.850175 0.753950 0.713675 1 0 1.000000
Tree_03_leaves_old
  0 111.949432 -87.291039 214.809906 -0.200390 -0.486873 -0.850175 0.742514 0.371568 1 0 1.000000
  0 177.660477 -155.047089 238.123596 -0.200390 -0.486873 -0.850175 0.994898 0.714319 1 0 1.000000
  0 124.379158 -156.461426 251.492188 -0.200390 -0.486873 -0.850175 0.753950 0.713675 1 0 1.000000
Tree_03_leaves_old
  0 170.779022 -0.475356 229.450989 0.279610 -0.027622 -0.959716 1.008328 -0.001294 1 0 1.000000
  0 174.420761 -82.274651 234.040527 0.279610 -0.027622 -0.959716 1.001221 0.377407 1 0 1.000000
  0 104.061104 -6.878368 211.371490 0.279610 -0.027622 -0.959716 0.730051 -0.001294 1 0 1.000000
Tree_03_leaves_old
  0 104.061104 -6.878368 211.371490 0.279610 -0.027622 -0.959716 0.730051 -0.001294 1 0 1.000000
  0 174.420761 -82.274651 234.040527 0.279610 -0.027622 -0.959716 1.001221 0.377407 1 0 1.000000
  0 111.949432 -87.291039 214.809906 0.279610 -0.027622 -0.959716 0.742514 0.371568 1 0 1.000000
Tree_03_leaves_old
  0 111.949432 -87.291039 214.809906 0.279610 -0.027622 -0.959716 0.742514 0.371568 1 0 1.000000
  0 174.420761 -82.274651 234.040527 0.279610 -0.027622 -0.959716 1.001221 0.377407 1 0 1.000000
  0 177.660477 -155.047089 238.123596 0.296923 -0.040310 -0.954050 0.994898 0.714319 1 0 1.000000
Tree_03_leaves_old
  0 -23.326694 94.163986 349.488647 -0.931175 -0.120446 -0.344101 0.000000 -0.001294 1 0 1.000000
  0 -15.334136 -12.901231 362.166687 -0.931175 -0.120446 -0.344101 0.227726 -0.001294 1 0 1.000000
  0 -67.347450 91.569221 466.352478 -0.931175 -0.120446 -0.344101 0.000000 0.355867 1 0 1.000000
Tree_03_leaves_old
  0 -67.347450 91.569221 466.352478 -0.931175 -0.120446 -0.344101 0.000000 0.355867 1 0 1.000000
  0 -15.334136 -12.901231 362.166687 -0.931175 -0.120446 -0.344101 0.227726 -0.001294 1 0 1.000000
  0 -58.832733 -20.150841 485.585754 -0.931175 -0.120446 -0.344101 0.240802 0.371568 1 0 1.000000
Tree_03_leaves_old
  0 -67.347450 91.569221 466.352478 -0.931175 -0.120446 -0.344101 0.000000 0.355867 1 0 1.000000
  0 -58.832733 -20.150841 485.585754 -0.931175 -0.120446 -0.344101 0.240802 0.371568 1 0 1.000000
  0 -111.367653 88.973358 583.216309 -0.926753 -0.131231 -0.352004 0.000000 0.713030 1 0 1.000000
Tree_03_leaves_old
  0 -15.334136 -12.901231 362.166687 -0.537802 -0.812710 -0.224213 0.227726 -0.001294 1 0 1.000000
  0 74.315659 -86.256393 405.827515 -0.537802 -0.812710 -0.224213 0.519690 -0.001294 1 0 1.000000
  0 -58.832733 -20.150841 485.585754 -0.537802 -0.812710 -0.224213 0.240802 0.371568 1 0 1.000000
Tree_03_leaves_old
  0 -58.832733 -20.150841 485.585754 -0.537802 -0.812710 -0.224213 0.240802 0.371568 1 0 1.000000
  0 74.315659 -86.256393 405.827515 -0.537802 -0.812710 -0.224213 0.519690 -0.001294 1 0 1.000000
  0 26.239353 -86.419594 528.930969 -0.537802 -0.812710 -0.224213 0.512233 0.377407 1 0 1.000000
Tree_03_leaves_old
  0 -58.832733 -20.150841 485.585754 -0.537802 -0.812710 -0.224213 0.240802 0.371568 1 0 1.000000
  0 26.239353 -86.419594 528.930969 -0.537802 -0.812710 -0.224213 0.512233 0.377407 1 0 1.000000
  0 -16.531338 -86.564865 638.449219 -0.532448 -0.820248 -0.209027 0.505600 0.714319 1 0 1.000000
Tree_03_leaves_old
  0 -111.367653 88.973358 583.216309 -0.884595 -0.464370 0.043038 0.000000 0.713030 1 0 1.000000
  0 -58.832733 -20.150841 485.585754 -0.884595 -0.464370 0.043038 0.240802 0.371568 1 0 1.000000
  0 -63.949463 1.204164 610.832581 -0.884595 -0.464370 0.043038 0.252800 0.713675 1 0 1.000000
Tree_03_leaves_old
  0 -58.832733 -20.150841 485.585754 -0.884595 -0.464370 0.043038 0.240802 0.371568 1 0 1.000000
  0 -16.531338 -86.564865 638.449219 -0.884595 -0.464370 0.043038 0.505600 0.714319 1 0 1.000000
  0 -63.949463 1.204164 610.832581 -0.884595 -0.464370 0.043038 0.252800 0.713675 1 0 1.000000
Tree_03_leaves_old
  0 -62.705379 -107.388535 324.769836 0.555900 -0.690011 -0.463529 0.005523 1.001106 1 0 1.000000
  0 15.672558 -59.102524 344.532135 0.555900 -0.690011 -0.463529 0.005523 0.875864 1 0 1.000000
  0 -31.401299 -168.870895 451.479126 0.555900 -0.690011 -0.463529 0.362683 1.001105 1 0 1.000000
Tree_03_leaves_old
  0 -31.401299 -168.870895 451.479126 0.555900 -0.690011 -0.463529 0.362683 1.001105 1 0 1.000000
  0 15.672558 -59.102524 344.532135 0.555900 -0.690011 -0.463529 0.005523 0.875864 1 0 1.000000
  0 50.372356 -119.599411 478.558716 0.555900 -0.690011 -0.463529 0.378385 0.868673 1 0 1.000000
Tree_03_leaves_old
  0 -31.401299 -168.870895 451.479126 0.555900 -0.690011 -0.463529 0.362683 1.001105 1 0 1.000000
  0 50.372356 -119.599411 478.558716 0.555900 -0.690011 -0.463529 0.378385 0.868673 1 0 1.000000
  0 -0.097280 -230.353394 578.188538 0.564553 -0.679183 -0.469031 0.670048 1.001106 1 0 1.000000
Tree_03_leaves_old
  0 15.672558 -59.102524 344.532135 0.975563 0.096834 -0.197228 0.005523 0.875864 1 0 1.000000
  0 17.553810 39.196671 394.190460 0.975563 0.096834 -0.197228 0.005522 0.715295 1 0 1.000000
  0 50.372356 -119.599411 478.558716 0.975563 0.096834 -0.197228 0.378385 0.868673 1 0 1.000000
Tree_03_leaves_old
  0 50.372356 -119.599411 478.558716 0.975563 0.096834 -0.197228 0.378385 0.868673 1 0 1.000000
  0 17.553810 39.196671 394.190460 0.975563 0.096834 -0.197228 0.005522 0.715295 1 0 1.000000
  0 49.594460 -28.096884 527.545654 0.975563 0.096834 -0.197228 0.384224 0.719397 1 0 1.000000
Tree_03_leaves_old
  0 50.372356 -119.599411 478.558716 0.975563 0.096834 -0.197228 0.378385 0.868673 1 0 1.000000
  0 49.594460 -28.096884 527.545654 0.975563 0.096834 -0.197228 0.384224 0.719397 1 0 1.000000
  0 78.098976 -87.964348 646.184387 0.977684 0.105553 -0.181637 0.671337 0.723045 1 0 1.000000
Tree_03_leaves_old
  0 -0.097280 -230.353394 578.188538 0.886782 -0.458250 -0.060197 0.670048 1.001106 1 0 1.000000
  0 50.372356 -119.599411 478.558716 0.886782 -0.458251 -0.060198 0.378385 0.868673 1 0 1.000000
  0 39.000862 -159.158813 612.186584 0.886782 -0.458251 -0.060198 0.670693 0.862075 1 0 1.000000
Tree_03_leaves_old
  0 50.372356 -119.599411 478.558716 0.886782 -0.458251 -0.060198 0.378385 0.868673 1 0 1.000000
  0 78.098976 -87.964348 646.184387 0.886782 -0.458251 -0.060198 0.671337 0.723045 1 0 1.000000
  0 39.000862 -159.158813 612.186584 0.886782 -0.458251 -0.060198 0.670693 0.862075 1 0 1.000000
Tree_03_leaves_old
  0 -57.150871 109.988419 266.712646 0.112440 0.396644 -0.911060 0.513002 -0.001294 1 0 1.000000
  0 -55.741894 -3.787609 213.625793 0.112440 0.396644 -0.911060 0.730051 -0.001294 1 0 1.000000
  0 -210.329330 120.964790 248.859924 0.112440 0.396644 -0.911060 0.513002 0.355867 1 0 1.000000
Tree_03_leaves_old
  0 -210.329330 120.964790 248.859924 0.112440 0.396644 -0.911060 0.513002 0.355867 1 0 1.000000
  0 -55.741894 -3.787609 213.625793 0.112440 0.396644 -0.911060 0.730051 -0.001294 1 0 1.000000
  0 -216.703857 4.222974 200.974548 0.112440 0.396644 -0.911060 0.742514 0.371568 1 0 1.000000
Tree_03_leaves_old
  0 -210.329330 120.964790 248.859924 0.112440 0.396644 -0.911060 0.513002 0.355867 1 0 1.000000
  0 -216.703857 4.222974 200.974548 0.112440 0.396644 -0.911060 0.742514 0.371568 1 0 1.000000
  0 -338.263000 131.331665 235.245667 0.127920 0.370393 -0.920025 0.513002 0.713030 1 0 1.000000
Tree_03_leaves_old
  0 116.706146 259.636841 255.435440 0.345985 0.012869 -0.938152 0.513002 0.355867 1 0 1.000000
  0 19.492334 284.002228 219.917740 0.345985 0.012869 -0.938152 0.742514 0.371568 1 0 1.000000
  0 138.022491 365.743195 264.752289 0.345985 0.012869 -0.938152 0.513002 0.713030 1 0 1.000000
Tree_03_leaves_old
  0 61.265221 -3.668960 256.947998 -0.721016 -0.090861 -0.686935 0.513002 -0.001294 1 0 1.000000
  0 104.061104 -6.878368 211.371490 -0.721016 -0.090861 -0.686935 0.730051 -0.001294 1 0 1.000000
  0 66.181412 -80.772369 260.904419 -0.721016 -0.090861 -0.686935 0.513002 0.355867 1 0 1.000000
Tree_03_leaves_old
  0 66.181412 -80.772369 260.904419 -0.721016 -0.090861 -0.686935 0.513002 0.355867 1 0 1.000000
  0 104.061104 -6.878368 211.371490 -0.721016 -0.090861 -0.686935 0.730051 -0.001294 1 0 1.000000
  0 111.949432 -87.291039 214.809906 -0.721016 -0.090861 -0.686935 0.742514 0.371568 1 0 1.000000
Tree_03_leaves_old
  0 66.181412 -80.772369 260.904419 -0.721016 -0.090861 -0.686935 0.513002 0.355867 1 0 1.000000
  0 111.949432 -87.291039 214.809906 -0.721016 -0.090861 -0.686935 0.742514 0.371568 1 0 1.000000
  0 71.097977 -157.875793 264.860748 -0.712990 -0.081201 -0.696456 0.513002 0.713030 1 0 1.000000
Tree_03_leaves_old
  0 150.843140 -143.370209 305.026459 0.645299 -0.336463 -0.685843 0.000000 0.713030 1 0 1.000000
  0 100.006088 -73.613777 222.973328 0.645299 -0.336463 -0.685844 0.240802 0.371568 1 0 1.000000
  0 171.998825 -69.360840 288.623749 0.645299 -0.336463 -0.685844 0.252800 0.713675 1 0 1.000000
Tree_03_leaves_old
  0 100.006088 -73.613777 222.973328 0.645299 -0.336463 -0.685844 0.240802 0.371568 1 0 1.000000
  0 193.154678 4.648481 272.221252 0.645299 -0.336463 -0.685844 0.505600 0.714319 1 0 1.000000
  0 171.998825 -69.360840 288.623749 0.645299 -0.336463 -0.685844 0.252800 0.713675 1 0 1.000000
Tree_03_leaves_old
  0 6.497530 -70.934204 186.092743 0.378965 0.098148 -0.920191 0.227726 -0.001294 1 0 1.000000
  0 16.944677 21.265762 198.885864 0.378965 0.098148 -0.920191 0.519690 -0.001294 1 0 1.000000
  0 100.006088 -73.613777 222.973328 0.378965 0.098148 -0.920191 0.240802 0.371568 1 0 1.000000
Tree_03_leaves_old
  0 100.006088 -73.613777 222.973328 0.378965 0.098148 -0.920191 0.240802 0.371568 1 0 1.000000
  0 16.944677 21.265762 198.885864 0.378965 0.098148 -0.920191 0.519690 -0.001294 1 0 1.000000
  0 110.195030 12.471828 237.694946 0.378965 0.098148 -0.920191 0.512233 0.377407 1 0 1.000000
Tree_03_leaves_old
  0 100.006088 -73.613777 222.973328 0.378965 0.098148 -0.920191 0.240802 0.371568 1 0 1.000000
  0 110.195030 12.471828 237.694946 0.378965 0.098148 -0.920191 0.512233 0.377407 1 0 1.000000
  0 193.154678 4.648481 272.221252 0.390728 0.110042 -0.913905 0.505600 0.714319 1 0 1.000000
Tree_03_leaves_old
  0 -26.217722 -130.900970 232.739288 0.248758 -0.667710 -0.701629 0.000000 -0.001294 1 0 1.000000
  0 6.497530 -70.934204 186.092743 0.248758 -0.667710 -0.701629 0.227726 -0.001294 1 0 1.000000
  0 62.312695 -137.136032 268.883087 0.248758 -0.667710 -0.701629 0.000000 0.355867 1 0 1.000000
Tree_03_leaves_old
  0 62.312695 -137.136032 268.883087 0.248758 -0.667710 -0.701629 0.000000 0.355867 1 0 1.000000
  0 6.497530 -70.934204 186.092743 0.248758 -0.667710 -0.701629 0.227726 -0.001294 1 0 1.000000
  0 100.006088 -73.613777 222.973328 0.248758 -0.667710 -0.701629 0.240802 0.371568 1 0 1.000000
Tree_03_leaves_old
  0 62.312695 -137.136032 268.883087 0.248758 -0.667710 -0.701629 0.000000 0.355867 1 0 1.000000
  0 100.006088 -73.613777 222.973328 0.248758 -0.667710 -0.701629 0.240802 0.371568 1 0 1.000000
  0 150.843140 -143.370209 305.026459 0.244048 -0.659003 -0.711446 0.000000 0.713030 1 0 1.000000
Tree_03_leaves_old
  0 247.398697 -35.499985 389.548157 0.904528 -0.013415 -0.426204 0.513002 0.713030 1 0 1.000000
  0 196.010895 18.715418 278.782043 0.904527 -0.013414 -0.426204 0.742514 0.371568 1 0 1.000000
  0 242.566055 40.021660 376.914856 0.904527 -0.013414 -0.426204 0.753950 0.713675 1 0 1.000000
Tree_03_leaves_old
  0 196.010895 18.715418 278.782043 0.904527 -0.013414 -0.426204 0.742514 0.371568 1 0 1.000000
  0 237.733322 115.543526 364.281555 0.904527 -0.013414 -0.426204 0.994898 0.714319 1 0 1.000000
  0 242.566055 40.021660 376.914856 0.904527 -0.013414 -0.426204 0.753950 0.713675 1 0 1.000000
Tree_03_leaves_old
  0 71.375191 81.632690 230.153503 0.505507 0.417983 -0.754820 1.008328 -0.001294 1 0 1.000000
  0 159.411819 99.578384 301.134003 0.505507 0.417983 -0.754820 1.001221 0.377407 1 0 1.000000
  0 109.733971 -5.050598 209.926025 0.505507 0.417983 -0.754820 0.730051 -0.001294 1 0 1.000000
Tree_03_leaves_old
  0 109.733971 -5.050598 209.926025 0.505507 0.417983 -0.754820 0.730051 -0.001294 1 0 1.000000
  0 159.411819 99.578384 301.134003 0.505507 0.417983 -0.754820 1.001221 0.377407 1 0 1.000000
  0 196.010895 18.715418 278.782043 0.505507 0.417983 -0.754820 0.742514 0.371568 1 0 1.000000
Tree_03_leaves_old
  0 196.010895 18.715418 278.782043 0.505507 0.417983 -0.754820 0.742514 0.371568 1 0 1.000000
  0 159.411819 99.578384 301.134003 0.505507 0.417983 -0.754820 1.001221 0.377407 1 0 1.000000
  0 237.733322 115.543526 364.281555 0.509461 0.435697 -0.742036 0.994898 0.714319 1 0 1.000000
Tree_03_leaves_old
  0 54.721954 142.350815 234.762726 0.729271 0.445455 -0.519359 0.005523 1.001106 1 0 1.000000
  0 9.105336 195.873352 214.983963 0.729271 0.445455 -0.519359 0.005523 0.875864 1 0 1.000000
  0 73.753830 212.423935 319.957153 0.729271 0.445455 -0.519359 0.362683 1.001105 1 0 1.000000
Tree_03_leaves_old
  0 73.753830 212.423935 319.957153 0.729271 0.445455 -0.519359 0.362683 1.001105 1 0 1.000000
  0 9.105336 195.873352 214.983963 0.729271 0.445455 -0.519359 0.005523 0.875864 1 0 1.000000
  0 25.730293 270.427399 303.904907 0.729271 0.445455 -0.519359 0.378385 0.868673 1 0 1.000000
Tree_03_leaves_old
  0 73.753830 212.423935 319.957153 0.729271 0.445455 -0.519359 0.362683 1.001105 1 0 1.000000
  0 25.730293 270.427399 303.904907 0.729271 0.445455 -0.519359 0.378385 0.868673 1 0 1.000000
  0 92.785698 282.497040 405.151672 0.719411 0.448959 -0.529984 0.670048 1.001106 1 0 1.000000
Tree_03_leaves_old
  0 -64.315132 185.579498 285.588593 -0.474407 0.880263 0.008702 0.742514 0.371568 1 0 1.000000
  0 -163.379974 131.656525 339.518524 -0.474407 0.880263 0.008702 0.994898 0.714319 1 0 1.000000
  0 -86.469467 172.697464 380.899170 -0.474407 0.880263 0.008702 0.753950 0.713675 1 0 1.000000
Tree_03_leaves_old
  0 81.617409 -73.549324 256.371429 0.588134 -0.596547 -0.546104 0.513002 -0.001294 1 0 1.000000
  0 109.733971 -5.050598 209.926025 0.588134 -0.596547 -0.546104 0.730051 -0.001294 1 0 1.000000
  0 164.508072 -54.524887 322.959839 0.588134 -0.596547 -0.546104 0.513002 0.355867 1 0 1.000000
Tree_03_leaves_old
  0 164.508072 -54.524887 322.959839 0.588134 -0.596547 -0.546104 0.513002 0.355867 1 0 1.000000
  0 109.733971 -5.050598 209.926025 0.588134 -0.596547 -0.546104 0.730051 -0.001294 1 0 1.000000
  0 196.010895 18.715418 278.782043 0.588134 -0.596547 -0.546104 0.742514 0.371568 1 0 1.000000
Tree_03_leaves_old
  0 164.508072 -54.524887 322.959839 0.588134 -0.596547 -0.546104 0.513002 0.355867 1 0 1.000000
  0 196.010895 18.715418 278.782043 0.588134 -0.596547 -0.546104 0.742514 0.371568 1 0 1.000000
  0 247.398697 -35.499985 389.548157 0.584139 -0.588452 -0.559022 0.513002 0.713030 1 0 1.000000
Tree_03_leaves_old
  0 -112.817894 113.156471 390.255402 -0.998026 0.059595 -0.019830 0.000000 0.713030 1 0 1.000000
  0 -116.203735 23.906908 292.439819 -0.998026 0.059595 -0.019830 0.240802 0.371568 1 0 1.000000
  0 -118.240868 25.805914 400.674713 -0.998026 0.059595 -0.019830 0.252800 0.713675 1 0 1.000000
Tree_03_leaves_old
  0 -116.203735 23.906908 292.439819 -0.998026 0.059595 -0.019830 0.240802 0.371568 1 0 1.000000
  0 -123.663841 -61.544506 411.094269 -0.998026 0.059595 -0.019830 0.505600 0.714319 1 0 1.000000
  0 -118.240868 25.805914 400.674713 -0.998026 0.059595 -0.019830 0.252800 0.713675 1 0 1.000000
Tree_03_leaves_old
  0 -73.830574 25.414181 189.214020 -0.860632 -0.374148 -0.345436 0.227726 -0.001294 1 0 1.000000
  0 -43.169258 -72.193481 214.567444 -0.860632 -0.374148 -0.345436 0.519690 -0.001294 1 0 1.000000
  0 -116.203735 23.906908 292.439819 -0.860632 -0.374148 -0.345436 0.240802 0.371568 1 0 1.000000
Tree_03_leaves_old
  0 -116.203735 23.906908 292.439819 -0.860632 -0.374148 -0.345436 0.240802 0.371568 1 0 1.000000
  0 -43.169258 -72.193481 214.567444 -0.860632 -0.374148 -0.345436 0.519690 -0.001294 1 0 1.000000
  0 -85.767036 -66.557953 318.569519 -0.860632 -0.374148 -0.345436 0.512233 0.377407 1 0 1.000000
Tree_03_leaves_old
  0 -116.203735 23.906908 292.439819 -0.860632 -0.374148 -0.345436 0.240802 0.371568 1 0 1.000000
  0 -85.767036 -66.557953 318.569519 -0.860632 -0.374148 -0.345436 0.512233 0.377407 1 0 1.000000
  0 -123.663841 -61.544506 411.094269 -0.860998 -0.385507 -0.331764 0.505600 0.714319 1 0 1.000000
Tree_03_leaves_old
  0 -32.170639 107.386688 193.512634 -0.833977 0.430609 -0.345048 0.000000 -0.001294 1 0 1.000000
  0 -73.830574 25.414181 189.214020 -0.833977 0.430609 -0.345048 0.227726 -0.001294 1 0 1.000000
  0 -72.494232 110.272095 291.884125 -0.833977 0.430609 -0.345048 0.000000 0.355867 1 0 1.000000
Tree_03_leaves_old
  0 -72.494232 110.272095 291.884125 -0.833977 0.430609 -0.345048 0.000000 0.355867 1 0 1.000000
  0 -73.830574 25.414181 189.214020 -0.833977 0.430609 -0.345048 0.227726 -0.001294 1 0 1.000000
  0 -116.203735 23.906908 292.439819 -0.833977 0.430609 -0.345048 0.240802 0.371568 1 0 1.000000
Tree_03_leaves_old
  0 -72.494232 110.272095 291.884125 -0.833977 0.430609 -0.345048 0.000000 0.355867 1 0 1.000000
  0 -116.203735 23.906908 292.439819 -0.833977 0.430609 -0.345048 0.240802 0.371568 1 0 1.000000
  0 -112.817894 113.156471 390.255402 -0.835155 0.420390 -0.354667 0.000000 0.713030 1 0 1.000000
Tree_03_leaves_old
  0 -81.368263 -130.898575 364.968018 -0.947107 0.070097 -0.313170 0.670048 1.001106 1 0 1.000000
  0 -51.662483 -142.774429 272.471985 -0.947107 0.070096 -0.313170 0.378385 0.868673 1 0 1.000000
  0 -80.741249 -173.455872 353.546143 -0.947107 0.070096 -0.313170 0.670693 0.862075 1 0 1.000000
Tree_03_leaves_old
  0 -51.662483 -142.774429 272.471985 -0.947107 0.070096 -0.313170 0.378385 0.868673 1 0 1.000000
  0 -80.114197 -216.013031 342.124268 -0.947107 0.070096 -0.313170 0.671337 0.723045 1 0 1.000000
  0 -80.741249 -173.455872 353.546143 -0.947107 0.070096 -0.313170 0.670693 0.862075 1 0 1.000000
Tree_03_leaves_old
  0 3.465216 -109.168510 196.851395 -0.700783 -0.315124 -0.640000 0.005523 0.875864 1 0 1.000000
  0 25.800844 -158.103806 195.199631 -0.700783 -0.315124 -0.640000 0.005522 0.715295 1 0 1.000000
  0 -51.662483 -142.774429 272.471985 -0.700783 -0.315124 -0.640000 0.378385 0.868673 1 0 1.000000
Tree_03_leaves_old
  0 -51.662483 -142.774429 272.471985 -0.700783 -0.315124 -0.640000 0.378385 0.868673 1 0 1.000000
  0 25.800844 -158.103806 195.199631 -0.700783 -0.315124 -0.640000 0.005522 0.715295 1 0 1.000000
  0 -30.249443 -188.749420 272.952148 -0.700783 -0.315124 -0.640000 0.384224 0.719397 1 0 1.000000
Tree_03_leaves_old
  0 -51.662483 -142.774429 272.471985 -0.700783 -0.315124 -0.640000 0.378385 0.868673 1 0 1.000000
  0 -30.249443 -188.749420 272.952148 -0.700783 -0.315124 -0.640000 0.384224 0.719397 1 0 1.000000
  0 -80.114197 -216.013031 342.124268 -0.698317 -0.331868 -0.634206 0.671337 0.723045 1 0 1.000000
Tree_03_leaves_old
  0 24.315763 -70.729073 218.950806 -0.759664 0.573858 -0.305938 0.005523 1.001106 1 0 1.000000
  0 3.465216 -109.168510 196.851395 -0.759664 0.573858 -0.305938 0.005523 0.875864 1 0 1.000000
  0 -28.526232 -100.813828 291.959351 -0.759664 0.573858 -0.305938 0.362683 1.001105 1 0 1.000000
Tree_03_leaves_old
  0 -28.526232 -100.813828 291.959351 -0.759664 0.573858 -0.305938 0.362683 1.001105 1 0 1.000000
  0 3.465216 -109.168510 196.851395 -0.759664 0.573858 -0.305938 0.005523 0.875864 1 0 1.000000
  0 -51.662483 -142.774429 272.471985 -0.759664 0.573858 -0.305938 0.378385 0.868673 1 0 1.000000
Tree_03_leaves_old
  0 -28.526232 -100.813828 291.959351 -0.759664 0.573858 -0.305938 0.362683 1.001105 1 0 1.000000
  0 -51.662483 -142.774429 272.471985 -0.759664 0.573858 -0.305938 0.378385 0.868673 1 0 1.000000
  0 -81.368263 -130.898575 364.968018 -0.760576 0.566593 -0.317011 0.670048 1.001106 1 0 1.000000
Tree_03_leaves_old
  0 -79.312271 -313.159454 422.989136 0.325342 -0.918538 -0.224588 0.000000 0.713030 1 0 1.000000
  0 21.193148 -252.702362 321.320770 0.325343 -0.918538 -0.224588 0.240802 0.371568 1 0 1.000000
  0 16.787710 -284.343719 444.348541 0.325343 -0.918538 -0.224588 0.252800 0.713675 1 0 1.000000
Tree_03_leaves_old
  0 21.193148 -252.702362 321.320770 0.325343 -0.918538 -0.224588 0.240802 0.371568 1 0 1.000000
  0 112.887535 -255.528030 465.708191 0.325343 -0.918538 -0.224588 0.505600 0.714319 1 0 1.000000
  0 16.787710 -284.343719 444.348541 0.325343 -0.918538 -0.224588 0.252800 0.713675 1 0 1.000000
Tree_03_leaves_old
  0 3.208635 -181.520355 212.759109 0.683859 -0.561112 -0.466359 0.227726 -0.001294 1 0 1.000000
  0 93.264977 -114.426697 260.635223 0.683859 -0.561112 -0.466359 0.519690 -0.001294 1 0 1.000000
  0 21.193148 -252.702362 321.320770 0.683859 -0.561112 -0.466359 0.240802 0.371568 1 0 1.000000
Tree_03_leaves_old
  0 21.193148 -252.702362 321.320770 0.683859 -0.561112 -0.466359 0.240802 0.371568 1 0 1.000000
  0 93.264977 -114.426697 260.635223 0.683859 -0.561112 -0.466359 0.519690 -0.001294 1 0 1.000000
  0 103.649193 -189.097595 369.159851 0.683859 -0.561112 -0.466359 0.512233 0.377407 1 0 1.000000
Tree_03_leaves_old
  0 21.193148 -252.702362 321.320770 0.683859 -0.561112 -0.466359 0.240802 0.371568 1 0 1.000000
  0 103.649193 -189.097595 369.159851 0.683859 -0.561112 -0.466359 0.512233 0.377407 1 0 1.000000
  0 112.887535 -255.528030 465.708191 0.694273 -0.560180 -0.451866 0.505600 0.714319 1 0 1.000000
Tree_03_leaves_old
  0 -104.244736 -173.922287 217.107422 -0.071101 -0.835000 -0.545637 0.000000 -0.001294 1 0 1.000000
  0 3.208635 -181.520355 212.759109 -0.071101 -0.835000 -0.545637 0.227726 -0.001294 1 0 1.000000
  0 -91.779068 -243.541077 320.048401 -0.071101 -0.835000 -0.545637 0.000000 0.355867 1 0 1.000000
Tree_03_leaves_old
  0 -91.779068 -243.541077 320.048401 -0.071101 -0.835000 -0.545637 0.000000 0.355867 1 0 1.000000
  0 3.208635 -181.520355 212.759109 -0.071101 -0.835000 -0.545637 0.227726 -0.001294 1 0 1.000000
  0 21.193148 -252.702362 321.320770 -0.071101 -0.835000 -0.545637 0.240802 0.371568 1 0 1.000000
Tree_03_leaves_old
  0 -91.779068 -243.541077 320.048401 -0.071101 -0.835000 -0.545637 0.000000 0.355867 1 0 1.000000
  0 21.193148 -252.702362 321.320770 -0.071101 -0.835000 -0.545637 0.240802 0.371568 1 0 1.000000
  0 -79.312271 -313.159454 422.989136 -0.061085 -0.830221 -0.554077 0.000000 0.713030 1 0 1.000000
Tree_03_leaves_old
  0 -86.522682 -358.736206 235.844193 -0.312119 -0.226080 -0.922751 0.513002 0.713030 1 0 1.000000
  0 -1.924132 -256.808014 182.255753 -0.312119 -0.226080 -0.922751 0.742514 0.371568 1 0 1.000000
  0 -3.024141 -365.553375 209.271164 -0.312119 -0.226080 -0.922751 0.753950 0.713675 1 0 1.000000
Tree_03_leaves_old
  0 -1.924132 -256.808014 182.255753 -0.312119 -0.226080 -0.922751 0.742514 0.371568 1 0 1.000000
  0 80.474579 -372.370575 182.698059 -0.312119 -0.226080 -0.922751 0.994898 0.714319 1 0 1.000000
  0 -3.024141 -365.553375 209.271164 -0.312119 -0.226080 -0.922751 0.753950 0.713675 1 0 1.000000
Tree_03_leaves_old
  0 12.964472 -130.973999 205.975769 0.216452 0.162945 -0.962599 0.730051 -0.001294 1 0 1.000000
  0 119.626282 -153.467133 227.081024 0.216452 0.162945 -0.962599 1.008328 -0.001294 1 0 1.000000
  0 -1.924132 -256.808014 182.255753 0.216452 0.162945 -0.962599 0.742514 0.371568 1 0 1.000000
Tree_03_leaves_old
  0 -1.924132 -256.808014 182.255753 0.216452 0.162945 -0.962599 0.742514 0.371568 1 0 1.000000
  0 119.626282 -153.467133 227.081024 0.216452 0.162945 -0.962599 1.008328 -0.001294 1 0 1.000000
  0 97.504379 -279.420288 199.857071 0.216452 0.162945 -0.962599 1.001221 0.377407 1 0 1.000000
Tree_03_leaves_old
  0 -1.924132 -256.808014 182.255753 0.216452 0.162945 -0.962599 0.742514 0.371568 1 0 1.000000
  0 97.504379 -279.420288 199.857071 0.216452 0.162945 -0.962599 1.001221 0.377407 1 0 1.000000
  0 80.474579 -372.370575 182.698059 0.203679 0.141520 -0.968755 0.994898 0.714319 1 0 1.000000
Tree_03_leaves_old
  0 -52.094795 -139.882477 281.562408 -0.733396 0.228950 -0.640088 0.513002 -0.001294 1 0 1.000000
  0 12.964472 -130.973999 205.975769 -0.733396 0.228950 -0.640088 0.730051 -0.001294 1 0 1.000000
  0 -70.613564 -259.047150 255.927414 -0.733396 0.228950 -0.640088 0.513002 0.355867 1 0 1.000000
Tree_03_leaves_old
  0 -70.613564 -259.047150 255.927414 -0.733396 0.228950 -0.640088 0.513002 0.355867 1 0 1.000000
  0 12.964472 -130.973999 205.975769 -0.733396 0.228950 -0.640088 0.730051 -0.001294 1 0 1.000000
  0 -1.924132 -256.808014 182.255753 -0.733396 0.228950 -0.640088 0.742514 0.371568 1 0 1.000000
Tree_03_leaves_old
  0 -70.613564 -259.047150 255.927414 -0.733396 0.228950 -0.640088 0.513002 0.355867 1 0 1.000000
  0 -1.924132 -256.808014 182.255753 -0.733396 0.228950 -0.640088 0.742514 0.371568 1 0 1.000000
  0 -86.522682 -358.736206 235.844193 -0.712634 0.246078 -0.656961 0.513002 0.713030 1 0 1.000000
Tree_03_leaves_old
  0 -64.315132 185.579498 285.588593 -0.608347 0.506541 -0.611007 0.742514 0.371568 1 0 1.000000
  0 -117.650284 109.945763 275.989105 -0.608347 0.506541 -0.611007 1.001221 0.377407 1 0 1.000000
  0 -163.379974 131.656525 339.518524 -0.608347 0.506541 -0.611007 0.994898 0.714319 1 0 1.000000
Tree_03_leaves_old
  0 -30.412058 216.588959 404.323547 -0.607316 0.793737 -0.033886 0.513002 0.713030 1 0 1.000000
  0 -64.315132 185.579498 285.588593 -0.607316 0.793737 -0.033886 0.742514 0.371568 1 0 1.000000
  0 -86.469467 172.697464 380.899170 -0.607316 0.793737 -0.033886 0.753950 0.713675 1 0 1.000000
end
