// Created by Crowbar 0.74
version 1
nodes
  0 "bip_pelvis" -1
  1 "bip_hip_R" 0
  2 "bip_knee_R" 1
  3 "bip_foot_R" 2
  4 "bip_spine_0" 0
  5 "bip_spine_1" 4
  6 "bip_spine_2" 5
  7 "bip_spine_3" 6
  8 "bip_collar_R" 7
  9 "bip_upperArm_R" 8
  10 "bip_lowerArm_R" 9
  11 "bip_hand_R" 10
  12 "bip_Hand_Rotate1_R" 10
  13 "bip_hip_L" 0
  14 "bip_knee_L" 13
  15 "bip_foot_L" 14
  16 "bip_neck" 7
  17 "bip_head" 16
  18 "bip_collar_L" 7
  19 "bip_upperArm_L" 18
  20 "bip_lowerArm_L" 19
  21 "bip_hand_L" 20
  22 "bip_index_0_L" 21
  23 "bip_index_0_R" 11
  24 "bip_Hand_Rotate1_L" 20
  25 "bip_Arm_Rotate1_L" 19
  26 "bip_index_1_L" 22
  27 "bip_middle_0_L" 21
  28 "bip_middle_1_L" 27
  29 "bip_ring_0_L" 21
  30 "bip_ring_1_L" 29
  31 "bip_pinky_0_L" 21
  32 "bip_pinky_1_L" 31
  33 "bip_thumb_0_L" 21
  34 "bip_thumb_1_L" 33
  35 "bip_Hand_Rotate_L" 20
  36 "bip_Arm_Rotate_L" 19
  37 "bip_Pelvis_L" 13
  38 "bip_Arm_Rotate_R" 9
  39 "bip_Arm_Rotate1_R" 9
  40 "bip_kneeMid_L" 14
  41 "Elbow_R" 10
  42 "bip_Pelvis_R" 1
  43 "bip_kneeMid_R" 2
  44 "Elbow_L" 20
  45 "bip_index_1_R" 23
  46 "bip_middle_0_R" 11
  47 "bip_middle_1_R" 46
  48 "bip_ring_0_R" 11
  49 "bip_ring_1_R" 48
  50 "bip_pinky_0_R" 11
  51 "bip_pinky_1_R" 50
  52 "bip_thumb_0_R" 11
  53 "bip_thumb_1_R" 52
  54 "bip_Hand_Rotate_R" 10
  55 "bip_toeEnd_R" 3
  56 "bip_toeEnd_L" 15
  57 "bip_indexEnd_L" 26
  58 "bip_middleEnd_L" 28
  59 "bip_RingEnd_L" 30
  60 "bip_pinkyEnd_L" 32
  61 "bip_thumbEnd_L" 34
  62 "Wp_L" 21
  63 "bip_indexEnd_R" 45
  64 "bip_middleEnd_R" 47
  65 "bip_ringEnd_R" 49
  66 "bip_pinkyEnd_R" 51
  67 "bip_thumbEnd_R" 53
  68 "Wp_R" 11
  69 "bip_forward" 17
  70 "bip_clipbone" 11
end
skeleton
  time 0
    0 0.000000 39.563190 0.000000 0.000000 0.000000 0.000000
    1 -3.366135 -1.935646 1.480067 0.111246 0.039216 -1.700668
    2 16.045450 0.000000 0.000000 -0.000323 0.133775 -0.002420
    3 17.465778 0.000001 0.000001 -0.159390 -0.178530 1.736820
    4 0.000000 4.240540 1.190873 0.000000 0.000000 0.000000
    5 0.000000 5.143673 -0.566893 0.000000 0.000000 0.000000
    6 0.000000 4.011826 -0.435470 0.000000 0.000000 0.000000
    7 0.000000 3.724953 -0.655500 0.000000 0.000000 0.000000
    8 -2.166257 -0.155743 -0.180534 0.000000 0.000000 0.157080
    9 -4.301173 0.280510 -0.232197 1.514108 -0.019862 -2.351989
    10 11.236193 0.000000 0.000004 0.000001 -0.001411 0.443439
    11 9.693705 0.000000 0.000000 1.748300 -0.156891 3.091171
    12 7.480289 0.006109 -0.010555 1.740287 -0.001411 -3.140776
    13 3.366135 -1.935787 1.480067 -0.111239 0.039223 -1.440926
    14 16.045298 0.000001 0.000000 0.000323 0.133775 0.002421
    15 17.465788 0.000000 0.000000 2.982194 0.178536 1.404771
    16 0.000000 3.134243 -0.066059 0.000000 0.000000 0.000000
    17 0.063361 3.268921 0.898785 0.000000 0.000000 0.000000
    18 2.166257 -0.155926 -0.180536 3.141592 0.000000 -0.157080
    19 4.301145 -0.280594 0.232197 0.056693 0.019859 0.789599
    20 11.236181 -0.000027 -0.000006 0.000000 0.444256 0.000000
    21 9.693651 -0.013687 0.007915 0.169489 -0.050609 0.155683
    22 3.443607 -0.311180 -1.426107 0.025754 0.180665 0.039288
    23 -3.443645 0.311172 1.426091 0.025754 0.180665 0.039288
    24 7.480257 -0.000008 -0.000010 0.169489 0.000000 0.000000
    25 6.472908 -0.000031 -0.000001 -0.028346 0.000000 0.000000
    26 1.726654 -0.000004 0.000009 0.000000 0.000000 0.507966
    27 3.628399 -0.413433 -0.461199 -0.017992 0.035722 0.129722
    28 1.717384 -0.000019 -0.000012 0.000000 0.000000 0.296827
    29 3.622608 -0.257954 0.410928 -0.173205 -0.117278 0.214490
    30 1.717384 0.000017 0.000010 0.000000 0.000000 0.254297
    31 3.401308 0.004623 1.218914 -0.166412 -0.272554 0.134906
    32 1.462820 -0.000019 -0.000014 0.000000 0.000000 0.476304
    33 1.013556 0.134880 -1.638489 -0.195039 0.518495 0.573015
    34 1.567802 0.078053 0.000011 0.000000 0.302710 0.000000
    35 4.488096 -0.000061 -0.000023 0.084744 0.000000 0.000000
    36 3.480602 -0.000145 -0.000002 -0.043610 0.000000 0.000000
    37 2.222412 0.000015 -0.267579 -3.088133 -0.110996 1.564869
    38 3.480843 0.000000 0.000004 1.527190 0.000000 3.141593
    39 6.472961 0.000000 0.000000 1.542452 0.000000 3.141593
    40 0.000000 0.000000 0.000000 3.047043 0.186859 1.513152
    41 0.000002 -0.000001 0.000000 1.571107 -0.001377 2.920281
    42 2.222565 0.000001 -0.267583 0.053460 0.111003 1.576724
    43 0.000000 0.000000 0.000000 -0.094550 -0.186859 1.628441
    44 0.000000 0.000000 -0.000001 0.000000 -0.222128 0.000000
    45 -1.726627 0.000000 0.000000 0.000000 0.000000 0.507966
    46 -3.628420 0.413422 0.461190 -0.017992 0.035722 0.129722
    47 -1.717388 0.000000 0.000001 0.000000 0.000000 0.296827
    48 -3.622635 0.257938 -0.410944 -0.173205 -0.117278 0.214490
    49 -1.717390 -0.000002 0.000000 0.000000 0.000000 0.254297
    50 -3.401335 -0.004631 -1.218926 -0.166412 -0.272554 0.134906
    51 -1.462816 -0.000004 0.000000 0.000000 0.000000 0.476304
    52 -1.013588 -0.134895 1.638474 -0.195039 0.518495 0.573015
    53 -1.567801 -0.078051 0.000000 0.000000 0.302710 0.000000
    54 4.488173 0.003667 -0.006332 1.655541 -0.001411 -3.140776
    55 -0.035184 -3.529829 6.683560 0.000000 0.000000 0.000000
    56 0.035217 3.529826 -6.683582 0.000000 0.000000 0.000000
    57 1.878918 0.000004 -0.000005 -0.337833 0.000000 0.000000
    58 1.878918 0.000006 -0.000004 -0.337833 0.000000 0.000000
    59 1.878920 -0.000013 -0.000011 -0.337833 0.000000 0.000000
    60 1.878929 0.000004 0.000001 -0.337833 0.000000 0.000000
    61 1.490896 0.144535 -0.268490 -0.337833 0.000000 0.000000
    62 3.058685 1.032097 -0.605999 0.000000 0.334862 0.049595
    63 -1.878929 0.000002 0.000002 -0.337833 0.000000 0.000000
    64 -1.878931 0.000002 0.000001 -0.337833 0.000000 0.000000
    65 -1.878933 0.000002 0.000000 -0.337833 0.000000 0.000000
    66 -1.878937 0.000004 0.000000 -0.337833 0.000000 0.000000
    67 -1.490896 -0.144542 0.268478 -0.337833 0.000000 0.000000
    68 -3.058714 -1.032104 0.605986 0.000000 0.334862 0.049595
    69 0.000000 0.000000 4.750000 0.000000 -1.570796 -1.570796
    70 -2.849998 0.000000 0.000000 0.000000 0.000000 0.000000
end
triangles
flesh_hand_01
  20 14.462418 47.010857 1.124754 -0.089868 0.725401 0.682435 0.686482 0.001268 1 20 1.000000
  20 13.530307 46.615849 1.448733 -0.089868 0.725401 0.682435 0.687547 0.163929 1 20 1.000000
  20 14.785647 46.533211 1.701888 -0.164302 0.887006 0.431539 0.816884 0.002876 1 20 1.000000
flesh_hand_01
  20 14.785647 46.533211 1.701888 -0.164302 0.887006 0.431539 0.816884 0.002876 1 20 1.000000
  20 13.530307 46.615849 1.448733 -0.089868 0.725401 0.682435 0.687547 0.163929 1 20 1.000000
  20 13.727099 46.127987 1.966375 -0.239626 0.895360 0.375380 0.815857 0.163320 1 20 1.000000
flesh_hand_01
  20 15.206535 46.310780 2.271998 -0.020737 0.850552 0.525481 0.998201 0.006092 1 20 1.000000
  20 13.936179 46.200920 2.399682 -0.197231 0.938504 0.283391 0.904854 0.122299 1 20 1.000000
  20 14.203756 45.819427 2.834258 -0.020737 0.850552 0.525481 0.992991 0.121694 1 20 1.000000
flesh_hand_01
  20 14.785647 46.533211 1.701888 -0.164302 0.887006 0.431539 0.816884 0.002876 1 20 1.000000
  20 13.936179 46.200920 2.399682 -0.197231 0.938504 0.283391 0.904854 0.122299 1 20 1.000000
  20 15.206535 46.310780 2.271998 -0.020737 0.850552 0.525481 0.998201 0.006092 1 20 1.000000
flesh_hand_01
  20 13.936179 46.200920 2.399682 -0.197231 0.938504 0.283391 0.904854 0.122299 1 20 1.000000
  20 14.785647 46.533211 1.701888 -0.164302 0.887006 0.431539 0.816884 0.002876 1 20 1.000000
  20 13.727099 46.127987 1.966375 -0.239626 0.895360 0.375380 0.815857 0.122911 1 20 1.000000
flesh_hand_01
  20 14.226975 46.711147 -2.051626 0.597788 0.024435 -0.801281 0.970142 0.732634 1 20 1.000000
  20 12.885411 45.553394 -1.916702 0.219141 -0.359636 -0.906995 0.827393 0.733482 1 20 1.000000
  20 13.654716 47.490833 -2.484343 0.362417 -0.014612 -0.931901 0.971743 0.780083 1 20 1.000000
flesh_hand_01
  20 14.747295 46.049709 -1.650671 0.450793 -0.006640 -0.892604 0.968542 0.685186 1 20 1.000000
  20 12.885411 45.553394 -1.916702 0.219141 -0.359636 -0.906995 0.827393 0.733482 1 20 1.000000
  20 14.226975 46.711147 -2.051626 0.597788 0.024435 -0.801281 0.970142 0.732634 1 20 1.000000
flesh_hand_01
  20 12.241523 44.933578 1.187193 -0.886656 -0.179913 0.425995 0.614120 0.634374 1 20 1.000000
  20 12.355850 44.689285 -0.095686 -0.746864 -0.626944 -0.221664 0.715577 0.684909 1 20 1.000000
  20 12.793807 44.081173 0.182799 -0.784007 -0.565805 -0.255337 0.711277 0.631285 1 20 1.000000
flesh_hand_01
  20 12.793807 44.081173 0.182799 -0.784007 -0.565805 -0.255337 0.711277 0.631285 1 20 1.000000
  20 12.355850 44.689285 -0.095686 -0.746864 -0.626944 -0.221664 0.715577 0.684909 1 20 1.000000
  20 13.650058 44.332245 -1.220096 -0.329767 -0.485090 -0.809902 0.827223 0.630948 1 20 1.000000
flesh_hand_01
  20 13.650058 44.332245 -1.220096 -0.329767 -0.485090 -0.809902 0.827223 0.630948 1 20 1.000000
  20 12.355850 44.689285 -0.095686 -0.746864 -0.626944 -0.221664 0.715577 0.684909 1 20 1.000000
  20 13.277292 44.948090 -1.512920 -0.255092 -0.556495 -0.790722 0.826060 0.684416 1 20 1.000000
flesh_hand_01
  20 13.650058 44.332245 -1.220096 -0.329767 -0.485090 -0.809902 0.827223 0.630948 1 20 1.000000
  20 13.277292 44.948090 -1.512920 -0.255092 -0.556495 -0.790722 0.826060 0.684416 1 20 1.000000
  20 15.132878 45.727325 -1.699314 0.357733 0.261368 -0.896501 0.972815 0.631600 1 20 1.000000
flesh_hand_01
  20 15.132878 45.727325 -1.699314 0.357733 0.261368 -0.896501 0.972815 0.631600 1 20 1.000000
  20 13.277292 44.948090 -1.512920 -0.255092 -0.556495 -0.790722 0.826060 0.684416 1 20 1.000000
  20 14.747295 46.049709 -1.650671 0.450793 -0.006640 -0.892604 0.968542 0.685186 1 20 1.000000
flesh_hand_01
  20 14.747295 46.049709 -1.650671 0.450793 -0.006640 -0.892604 0.968542 0.685186 1 20 1.000000
  20 13.277292 44.948090 -1.512920 -0.255092 -0.556495 -0.790722 0.826060 0.684416 1 20 1.000000
  20 12.885411 45.553394 -1.916702 -0.176385 -0.622711 -0.762312 0.827393 0.733482 1 20 1.000000
flesh_hand_01
  20 13.277292 44.948090 -1.512920 -0.255092 -0.556495 -0.790722 0.826060 0.684416 1 20 1.000000
  20 12.355850 44.689285 -0.095686 -0.746864 -0.626944 -0.221664 0.715577 0.684909 1 20 1.000000
  20 12.885411 45.553394 -1.916702 -0.176385 -0.622711 -0.762312 0.827393 0.733482 1 20 1.000000
flesh_hand_01
  20 12.355850 44.689285 -0.095686 -0.746864 -0.626944 -0.221664 0.715577 0.684909 1 20 1.000000
  20 12.100658 45.182480 -0.236086 -0.742767 -0.609259 -0.277670 0.715691 0.734160 1 20 1.000000
  20 12.885411 45.553394 -1.916702 -0.493104 -0.528406 -0.691112 0.827393 0.733482 1 20 1.000000
flesh_hand_01
  20 12.131573 45.408485 1.164518 -0.739765 -0.362128 0.567108 0.615925 0.706219 1 20 1.000000
  20 12.355850 44.689285 -0.095686 -0.746864 -0.626944 -0.221664 0.715577 0.684909 1 20 1.000000
  20 12.241523 44.933578 1.187193 -0.886656 -0.179913 0.425995 0.614120 0.634374 1 20 1.000000
flesh_hand_01
  20 11.628485 45.651730 0.889038 -0.800510 -0.467603 0.374876 0.613899 0.751446 1 20 1.000000
  20 12.355850 44.689285 -0.095686 -0.746864 -0.626944 -0.221664 0.715577 0.684909 1 20 1.000000
  20 12.131573 45.408485 1.164518 -0.739765 -0.362128 0.567108 0.615925 0.706219 1 20 1.000000
flesh_hand_01
  20 11.628485 45.651730 0.889038 -0.800510 -0.467603 0.374876 0.613899 0.751446 1 20 1.000000
  20 12.100658 45.182480 -0.236086 -0.742767 -0.609259 -0.277670 0.715691 0.734160 1 20 1.000000
  20 12.355850 44.689285 -0.095686 -0.746864 -0.626944 -0.221664 0.715577 0.684909 1 20 1.000000
flesh_hand_01
  20 11.628485 45.651730 0.889038 -0.800510 -0.467603 0.374876 0.613899 0.751446 1 20 1.000000
  20 11.396404 45.882431 -0.507099 -0.794979 -0.586206 -0.156114 0.715804 0.783411 1 20 1.000000
  20 12.100658 45.182480 -0.236086 -0.742767 -0.609259 -0.277670 0.715691 0.734160 1 20 1.000000
flesh_hand_01
  20 12.100658 45.182480 -0.236086 -0.742767 -0.609259 -0.277670 0.715691 0.734160 1 20 1.000000
  20 11.396404 45.882431 -0.507099 -0.794979 -0.586206 -0.156114 0.715804 0.783411 1 20 1.000000
  20 12.885411 45.553394 -1.916702 -0.493104 -0.528406 -0.691112 0.827393 0.733482 1 20 1.000000
flesh_hand_01
  20 12.885411 45.553394 -1.916702 -0.493104 -0.528406 -0.691112 0.827393 0.733482 1 20 1.000000
  20 11.396404 45.882431 -0.507099 -0.794979 -0.586206 -0.156114 0.715804 0.783411 1 20 1.000000
  20 12.392960 46.243668 -2.100346 -0.423212 -0.494323 -0.759300 0.828726 0.782547 1 20 1.000000
flesh_hand_01
  20 12.885411 45.553394 -1.916702 -0.493104 -0.528406 -0.691112 0.827393 0.733482 1 20 1.000000
  20 12.392960 46.243668 -2.100346 -0.423212 -0.494323 -0.759300 0.828726 0.782547 1 20 1.000000
  20 13.654716 47.490833 -2.484343 0.362417 -0.014612 -0.931901 0.971743 0.780083 1 20 1.000000
flesh_hand_01
  20 11.828600 48.036919 -2.690270 -0.011334 -0.402835 -0.915202 0.893167 0.878226 1 20 1.000000
  20 13.654716 47.490833 -2.484343 0.362417 -0.014612 -0.931901 0.971743 0.780083 1 20 1.000000
  20 12.392960 46.243668 -2.100346 -0.423212 -0.494323 -0.759300 0.828726 0.782547 1 20 1.000000
flesh_hand_01
  20 12.752833 48.669456 -2.684048 0.614416 0.102466 -0.782300 0.974944 0.874979 1 20 1.000000
  20 13.654716 47.490833 -2.484343 0.362417 -0.014612 -0.931901 0.971743 0.780083 1 20 1.000000
  20 11.828600 48.036919 -2.690270 -0.011334 -0.402835 -0.915202 0.893167 0.878226 1 20 1.000000
flesh_hand_01
  20 11.828600 48.036919 -2.690270 -0.011334 -0.402835 -0.915202 0.893167 0.878226 1 20 1.000000
  20 12.404584 49.344158 -3.213416 0.710189 -0.042651 -0.702718 0.972753 0.945005 1 20 1.000000
  20 12.752833 48.669456 -2.684048 0.614416 0.102466 -0.782300 0.974944 0.874979 1 20 1.000000
flesh_hand_01
  20 11.298532 48.629345 -3.180901 0.172024 -0.548322 -0.818383 0.896219 0.939299 1 20 1.000000
  20 12.404584 49.344158 -3.213416 0.710189 -0.042651 -0.702718 0.972753 0.945005 1 20 1.000000
  20 11.828600 48.036919 -2.690270 -0.011334 -0.402835 -0.915202 0.893167 0.878226 1 20 1.000000
flesh_hand_01
  20 11.828600 48.036919 -2.690270 -0.011334 -0.402835 -0.915202 0.893167 0.878226 1 20 1.000000
  20 10.196813 48.006611 -2.754567 -0.151372 -0.769078 -0.620971 0.825010 0.933990 1 20 1.000000
  20 11.298532 48.629345 -3.180901 0.172024 -0.548322 -0.818383 0.896219 0.939299 1 20 1.000000
flesh_hand_01
  20 11.529425 47.272182 -2.096735 -0.376973 -0.641860 -0.667763 0.831392 0.880678 1 20 1.000000
  20 10.196813 48.006611 -2.754567 -0.151372 -0.769078 -0.620971 0.825010 0.933990 1 20 1.000000
  20 11.828600 48.036919 -2.690270 -0.011334 -0.402835 -0.915202 0.893167 0.878226 1 20 1.000000
flesh_hand_01
  20 10.196813 48.006611 -2.754567 -0.151372 -0.769078 -0.620971 0.825010 0.933990 1 20 1.000000
  20 11.529425 47.272182 -2.096735 -0.376973 -0.641860 -0.667763 0.831392 0.880678 1 20 1.000000
  20 10.437654 47.164448 -0.972275 -0.500289 -0.856674 -0.125780 0.714152 0.931788 1 20 1.000000
flesh_hand_01
  20 10.437654 47.164448 -0.972275 -0.500289 -0.856674 -0.125780 0.714152 0.931788 1 20 1.000000
  20 11.529425 47.272182 -2.096735 -0.376973 -0.641860 -0.667763 0.831392 0.880678 1 20 1.000000
  20 10.785512 46.873840 -0.848653 -0.659197 -0.708128 -0.253010 0.716031 0.881913 1 20 1.000000
flesh_hand_01
  20 10.785512 46.873840 -0.848653 -0.659197 -0.708128 -0.253010 0.716031 0.881913 1 20 1.000000
  20 10.600606 47.306774 0.294228 -0.658878 -0.546331 0.517110 0.607822 0.887128 1 20 1.000000
  20 10.437654 47.164448 -0.972275 -0.500289 -0.856674 -0.125780 0.714152 0.931788 1 20 1.000000
flesh_hand_01
  20 10.785512 46.873840 -0.848653 -0.659197 -0.708128 -0.253010 0.716031 0.881913 1 20 1.000000
  20 11.429503 46.303753 0.674443 -0.774080 -0.274661 0.570405 0.611874 0.796673 1 20 1.000000
  20 10.600606 47.306774 0.294228 -0.658878 -0.546331 0.517110 0.607822 0.887128 1 20 1.000000
flesh_hand_01
  20 11.291972 48.370705 1.127660 -0.127467 -0.016676 0.991702 0.468487 0.880451 1 20 1.000000
  20 10.600606 47.306774 0.294228 -0.658878 -0.546331 0.517110 0.607822 0.887128 1 20 1.000000
  20 11.429503 46.303753 0.674443 -0.774080 -0.274661 0.570405 0.611874 0.796673 1 20 1.000000
flesh_hand_01
  20 13.335771 45.932377 2.142174 -0.407279 0.401435 0.820350 0.470702 0.633632 1 20 1.000000
  20 12.131573 45.408485 1.164518 -0.739765 -0.362128 0.567108 0.615925 0.706219 1 20 1.000000
  20 12.241523 44.933578 1.187193 -0.886656 -0.179913 0.425995 0.614120 0.634374 1 20 1.000000
flesh_hand_01
  20 13.190768 46.206646 1.800775 -0.241844 0.261538 0.934403 0.472024 0.688121 1 20 1.000000
  20 12.131573 45.408485 1.164518 -0.739765 -0.362128 0.567108 0.615925 0.706219 1 20 1.000000
  20 13.335771 45.932377 2.142174 -0.407279 0.401435 0.820350 0.470702 0.633632 1 20 1.000000
flesh_hand_01
  20 13.190768 46.206646 1.800775 -0.241844 0.261538 0.934403 0.472024 0.688121 1 20 1.000000
  20 12.656407 46.764729 1.702366 -0.271010 0.167263 0.947933 0.471140 0.736204 1 20 1.000000
  20 12.131573 45.408485 1.164518 -0.739765 -0.362128 0.567108 0.615925 0.706219 1 20 1.000000
flesh_hand_01
  20 12.131573 45.408485 1.164518 -0.739765 -0.362128 0.567108 0.615925 0.706219 1 20 1.000000
  20 12.656407 46.764729 1.702366 -0.271010 0.167263 0.947933 0.471140 0.736204 1 20 1.000000
  20 11.628485 45.651730 0.889038 -0.800510 -0.467603 0.374876 0.613899 0.751446 1 20 1.000000
flesh_hand_01
  20 11.628485 45.651730 0.889038 -0.800510 -0.467603 0.374876 0.613899 0.751446 1 20 1.000000
  20 12.656407 46.764729 1.702366 -0.271010 0.167263 0.947933 0.471140 0.736204 1 20 1.000000
  20 11.429503 46.303753 0.674443 -0.774080 -0.274661 0.570405 0.611874 0.796673 1 20 1.000000
flesh_hand_01
  20 11.429503 46.303753 0.674443 -0.774080 -0.274661 0.570405 0.611874 0.796673 1 20 1.000000
  20 11.396404 45.882431 -0.507099 -0.794979 -0.586206 -0.156114 0.715804 0.783411 1 20 1.000000
  20 11.628485 45.651730 0.889038 -0.800510 -0.467603 0.374876 0.613899 0.751446 1 20 1.000000
flesh_hand_01
  20 11.396404 45.882431 -0.507099 -0.794979 -0.586206 -0.156114 0.715804 0.783411 1 20 1.000000
  20 11.429503 46.303753 0.674443 -0.774080 -0.274661 0.570405 0.611874 0.796673 1 20 1.000000
  20 10.785512 46.873840 -0.848653 -0.659197 -0.708128 -0.253010 0.716031 0.881913 1 20 1.000000
flesh_hand_01
  20 10.785512 46.873840 -0.848653 -0.659197 -0.708128 -0.253010 0.716031 0.881913 1 20 1.000000
  20 12.392960 46.243668 -2.100346 -0.423212 -0.494323 -0.759300 0.828726 0.782547 1 20 1.000000
  20 11.396404 45.882431 -0.507099 -0.794979 -0.586206 -0.156114 0.715804 0.783411 1 20 1.000000
flesh_hand_01
  20 11.529425 47.272182 -2.096735 -0.376973 -0.641860 -0.667763 0.831392 0.880678 1 20 1.000000
  20 12.392960 46.243668 -2.100346 -0.423212 -0.494323 -0.759300 0.828726 0.782547 1 20 1.000000
  20 10.785512 46.873840 -0.848653 -0.659197 -0.708128 -0.253010 0.716031 0.881913 1 20 1.000000
flesh_hand_01
  20 11.828600 48.036919 -2.690270 -0.011334 -0.402835 -0.915202 0.893167 0.878226 1 20 1.000000
  20 12.392960 46.243668 -2.100346 -0.423212 -0.494323 -0.759300 0.828726 0.782547 1 20 1.000000
  20 11.529425 47.272182 -2.096735 -0.376973 -0.641860 -0.667763 0.831392 0.880678 1 20 1.000000
flesh_hand_01
  20 11.429503 46.303753 0.674443 -0.774080 -0.274661 0.570405 0.611874 0.796673 1 20 1.000000
  20 12.656407 46.764729 1.702366 -0.271010 0.167263 0.947933 0.471140 0.736204 1 20 1.000000
  20 12.198668 47.316078 1.443933 -0.279841 0.204451 0.938024 0.470255 0.784286 1 20 1.000000
flesh_hand_01
  20 10.437654 47.164448 -0.972275 -0.500289 -0.856674 -0.125780 0.714152 0.931788 1 20 1.000000
  20 10.600606 47.306774 0.294228 -0.658878 -0.546331 0.517110 0.607822 0.887128 1 20 1.000000
  20 10.071604 47.664822 0.175891 -0.525054 -0.669839 0.525008 0.608972 0.934274 1 20 1.000000
flesh_hand_01
  20 10.600606 47.306774 0.294228 -0.658878 -0.546331 0.517110 0.607822 0.887128 1 20 1.000000
  20 11.291972 48.370705 1.127660 -0.127467 -0.016676 0.991702 0.468487 0.880451 1 20 1.000000
  20 10.071604 47.664822 0.175891 -0.525054 -0.669839 0.525008 0.608972 0.934274 1 20 1.000000
flesh_hand_01
  20 10.071604 47.664822 0.175891 -0.525054 -0.669839 0.525008 0.608972 0.934274 1 20 1.000000
  20 11.291972 48.370705 1.127660 -0.127467 -0.016676 0.991702 0.468487 0.880451 1 20 1.000000
  20 11.014679 48.687054 1.282475 0.059235 -0.251287 0.966098 0.474044 0.934522 1 20 1.000000
flesh_hand_01
  20 11.291972 48.370705 1.127660 -0.127467 -0.016676 0.991702 0.468487 0.880451 1 20 1.000000
  20 12.369337 49.288864 0.558071 0.639249 0.313737 0.702090 0.340801 0.878648 1 20 1.000000
  20 11.014679 48.687054 1.282475 0.059235 -0.251287 0.966098 0.474044 0.934522 1 20 1.000000
flesh_hand_01
  20 11.291972 48.370705 1.127660 -0.127467 -0.016676 0.991702 0.468487 0.880451 1 20 1.000000
  20 13.216393 48.126621 0.823457 0.320493 0.615111 0.720363 0.339086 0.783173 1 20 1.000000
  20 12.369337 49.288864 0.558071 0.639249 0.313737 0.702090 0.340801 0.878648 1 20 1.000000
flesh_hand_01
  20 13.216393 48.126621 0.823457 0.320493 0.615111 0.720363 0.339086 0.783173 1 20 1.000000
  20 13.230724 49.203621 -1.124157 0.860020 0.509424 -0.029195 0.187435 0.879626 1 20 1.000000
  20 12.369337 49.288864 0.558071 0.639249 0.313737 0.702090 0.340801 0.878648 1 20 1.000000
flesh_hand_01
  20 14.174090 48.229599 -0.579651 0.728849 0.683034 -0.047365 0.190416 0.781673 1 20 1.000000
  20 13.230724 49.203621 -1.124157 0.860020 0.509424 -0.029195 0.187435 0.879626 1 20 1.000000
  20 13.216393 48.126621 0.823457 0.320493 0.615111 0.720363 0.339086 0.783173 1 20 1.000000
flesh_hand_01
  20 14.101302 47.596729 1.292402 0.285199 0.590815 0.754718 0.338229 0.735435 1 20 1.000000
  20 14.174090 48.229599 -0.579651 0.728849 0.683034 -0.047365 0.190416 0.781673 1 20 1.000000
  20 13.216393 48.126621 0.823457 0.320493 0.615111 0.720363 0.339086 0.783173 1 20 1.000000
flesh_hand_01
  20 14.928373 47.530746 -0.218472 0.773992 0.628391 -0.077856 0.191906 0.732696 1 20 1.000000
  20 14.174090 48.229599 -0.579651 0.728849 0.683034 -0.047365 0.190416 0.781673 1 20 1.000000
  20 14.101302 47.596729 1.292402 0.285199 0.590815 0.754718 0.338229 0.735435 1 20 1.000000
flesh_hand_01
  20 14.676908 46.878704 1.572870 0.340732 0.674969 0.654461 0.337371 0.687698 1 20 1.000000
  20 14.928373 47.530746 -0.218472 0.773992 0.628391 -0.077856 0.191906 0.732696 1 20 1.000000
  20 14.101302 47.596729 1.292402 0.285199 0.590815 0.754718 0.338229 0.735435 1 20 1.000000
flesh_hand_01
  20 15.401170 46.750153 0.055457 0.741265 0.663207 -0.103352 0.193397 0.683719 1 20 1.000000
  20 14.928373 47.530746 -0.218472 0.773992 0.628391 -0.077856 0.191906 0.732696 1 20 1.000000
  20 14.676908 46.878704 1.572870 0.340732 0.674969 0.654461 0.337371 0.687698 1 20 1.000000
flesh_hand_01
  20 11.291972 48.370705 1.127660 -0.127467 -0.016676 0.991702 0.468487 0.880451 1 20 1.000000
  20 11.429503 46.303753 0.674443 -0.774080 -0.274661 0.570405 0.611874 0.796673 1 20 1.000000
  20 12.198668 47.316078 1.443933 -0.279841 0.204451 0.938024 0.470255 0.784286 1 20 1.000000
flesh_hand_01
  20 11.291972 48.370705 1.127660 -0.127467 -0.016676 0.991702 0.468487 0.880451 1 20 1.000000
  20 12.198668 47.316078 1.443933 -0.279841 0.204451 0.938024 0.470255 0.784286 1 20 1.000000
  20 13.216393 48.126621 0.823457 0.320493 0.615111 0.720363 0.339086 0.783173 1 20 1.000000
flesh_hand_01
  20 12.198668 47.316078 1.443933 -0.279841 0.204451 0.938024 0.470255 0.784286 1 20 1.000000
  20 12.656407 46.764729 1.702366 -0.271010 0.167263 0.947933 0.471140 0.736204 1 20 1.000000
  20 13.216393 48.126621 0.823457 0.320493 0.615111 0.720363 0.339086 0.783173 1 20 1.000000
flesh_hand_01
  20 13.216393 48.126621 0.823457 0.320493 0.615111 0.720363 0.339086 0.783173 1 20 1.000000
  20 12.656407 46.764729 1.702366 -0.271010 0.167263 0.947933 0.471140 0.736204 1 20 1.000000
  20 14.101302 47.596729 1.292402 0.285199 0.590815 0.754718 0.338229 0.735435 1 20 1.000000
flesh_hand_01
  20 12.656407 46.764729 1.702366 -0.271010 0.167263 0.947933 0.471140 0.736204 1 20 1.000000
  20 13.190768 46.206646 1.800775 -0.241844 0.261538 0.934403 0.472024 0.688121 1 20 1.000000
  20 14.101302 47.596729 1.292402 0.285199 0.590815 0.754718 0.338229 0.735435 1 20 1.000000
flesh_hand_01
  20 13.190768 46.206646 1.800775 -0.241844 0.261538 0.934403 0.472024 0.688121 1 20 1.000000
  20 14.676908 46.878704 1.572870 0.340732 0.674969 0.654461 0.337371 0.687698 1 20 1.000000
  20 14.101302 47.596729 1.292402 0.285199 0.590815 0.754718 0.338229 0.735435 1 20 1.000000
flesh_hand_01
  20 13.335771 45.932377 2.142174 -0.407279 0.401435 0.820350 0.470702 0.633632 1 20 1.000000
  20 14.676908 46.878704 1.572870 0.340732 0.674969 0.654461 0.337371 0.687698 1 20 1.000000
  20 13.190768 46.206646 1.800775 -0.241844 0.261538 0.934403 0.472024 0.688121 1 20 1.000000
flesh_hand_01
  20 15.122239 46.398071 1.892493 0.274679 0.773140 0.571670 0.337997 0.633179 1 20 1.000000
  20 14.676908 46.878704 1.572870 0.340732 0.674969 0.654461 0.337371 0.687698 1 20 1.000000
  20 13.335771 45.932377 2.142174 -0.407279 0.401435 0.820350 0.470702 0.633632 1 20 1.000000
flesh_hand_01
  20 15.831924 46.426876 0.175624 0.621918 0.772486 -0.128385 0.194149 0.629834 1 20 1.000000
  20 14.676908 46.878704 1.572870 0.340732 0.674969 0.654461 0.337371 0.687698 1 20 1.000000
  20 15.122239 46.398071 1.892493 0.274679 0.773140 0.571670 0.337997 0.633179 1 20 1.000000
flesh_hand_01
  20 15.401170 46.750153 0.055457 0.741265 0.663207 -0.103352 0.193397 0.683719 1 20 1.000000
  20 14.676908 46.878704 1.572870 0.340732 0.674969 0.654461 0.337371 0.687698 1 20 1.000000
  20 15.831924 46.426876 0.175624 0.621918 0.772486 -0.128385 0.194149 0.629834 1 20 1.000000
flesh_hand_01
  20 15.132878 45.727325 -1.699314 0.357733 0.261368 -0.896501 0.039515 0.629027 1 20 1.000000
  20 15.401170 46.750153 0.055457 0.741265 0.663207 -0.103352 0.193397 0.683719 1 20 1.000000
  20 15.831924 46.426876 0.175624 0.621918 0.772486 -0.128385 0.194149 0.629834 1 20 1.000000
flesh_hand_01
  20 14.747295 46.049709 -1.650671 0.450793 -0.006640 -0.892604 0.040611 0.686876 1 20 1.000000
  20 15.401170 46.750153 0.055457 0.741265 0.663207 -0.103352 0.193397 0.683719 1 20 1.000000
  20 15.132878 45.727325 -1.699314 0.357733 0.261368 -0.896501 0.039515 0.629027 1 20 1.000000
flesh_hand_01
  20 15.401170 46.750153 0.055457 0.741265 0.663207 -0.103352 0.193397 0.683719 1 20 1.000000
  20 14.747295 46.049709 -1.650671 0.450793 -0.006640 -0.892604 0.040611 0.686876 1 20 1.000000
  20 14.928373 47.530746 -0.218472 0.773992 0.628391 -0.077856 0.191906 0.732696 1 20 1.000000
flesh_hand_01
  20 14.928373 47.530746 -0.218472 0.773992 0.628391 -0.077856 0.191906 0.732696 1 20 1.000000
  20 14.747295 46.049709 -1.650671 0.450793 -0.006640 -0.892604 0.040611 0.686876 1 20 1.000000
  20 14.226975 46.711147 -2.051626 0.597788 0.024435 -0.801281 0.041175 0.733761 1 20 1.000000
flesh_hand_01
  20 14.928373 47.530746 -0.218472 0.773992 0.628391 -0.077856 0.191906 0.732696 1 20 1.000000
  20 14.226975 46.711147 -2.051626 0.597788 0.024435 -0.801281 0.041175 0.733761 1 20 1.000000
  20 14.174090 48.229599 -0.579651 0.728849 0.683034 -0.047365 0.190416 0.781673 1 20 1.000000
flesh_hand_01
  20 14.174090 48.229599 -0.579651 0.728849 0.683034 -0.047365 0.190416 0.781673 1 20 1.000000
  20 14.226975 46.711147 -2.051626 0.597788 0.024435 -0.801281 0.041175 0.733761 1 20 1.000000
  20 13.654716 47.490833 -2.484343 0.362417 -0.014612 -0.931901 0.041740 0.780646 1 20 1.000000
flesh_hand_01
  20 14.174090 48.229599 -0.579651 0.728849 0.683034 -0.047365 0.190416 0.781673 1 20 1.000000
  20 13.654716 47.490833 -2.484343 0.362417 -0.014612 -0.931901 0.041740 0.780646 1 20 1.000000
  20 13.230724 49.203621 -1.124157 0.860020 0.509424 -0.029195 0.187435 0.879626 1 20 1.000000
flesh_hand_01
  20 13.230724 49.203621 -1.124157 0.860020 0.509424 -0.029195 0.187435 0.879626 1 20 1.000000
  20 13.654716 47.490833 -2.484343 0.362417 -0.014612 -0.931901 0.041740 0.780646 1 20 1.000000
  20 12.752833 48.669456 -2.684048 0.614416 0.102466 -0.782300 0.042868 0.874416 1 20 1.000000
flesh_hand_01
  20 13.230724 49.203621 -1.124157 0.860020 0.509424 -0.029195 0.187435 0.879626 1 20 1.000000
  20 12.752833 48.669456 -2.684048 0.614416 0.102466 -0.782300 0.042868 0.874416 1 20 1.000000
  20 12.811897 49.641129 -1.301913 0.812629 0.511668 -0.278979 0.189073 0.935857 1 20 1.000000
flesh_hand_01
  20 12.811897 49.641129 -1.301913 0.812629 0.511668 -0.278979 0.189073 0.935857 1 20 1.000000
  20 12.752833 48.669456 -2.684048 0.614416 0.102466 -0.782300 0.042868 0.874416 1 20 1.000000
  20 12.404584 49.344158 -3.213416 0.710189 -0.042651 -0.702718 0.041986 0.946097 1 20 1.000000
flesh_hand_01
  20 12.687040 50.185055 -0.280885 0.881396 0.370065 0.293586 0.264372 0.936798 1 20 1.000000
  20 13.230724 49.203621 -1.124157 0.860020 0.509424 -0.029195 0.187435 0.879626 1 20 1.000000
  20 12.811897 49.641129 -1.301913 0.812629 0.511668 -0.278979 0.189073 0.935857 1 20 1.000000
flesh_hand_01
  20 12.687040 50.185055 -0.280885 0.881396 0.370065 0.293586 0.264372 0.936798 1 20 1.000000
  20 12.369337 49.288864 0.558071 0.639249 0.313737 0.702090 0.340801 0.878648 1 20 1.000000
  20 13.230724 49.203621 -1.124157 0.860020 0.509424 -0.029195 0.187435 0.879626 1 20 1.000000
flesh_hand_01
  20 12.369337 49.288864 0.558071 0.639249 0.313737 0.702090 0.340801 0.878648 1 20 1.000000
  20 12.687040 50.185055 -0.280885 0.881396 0.370065 0.293586 0.264372 0.936798 1 20 1.000000
  20 11.810863 50.310726 0.792332 0.629471 0.160130 0.760345 0.347666 0.937840 1 20 1.000000
flesh_hand_01
  20 11.014679 48.687054 1.282475 0.059235 -0.251287 0.966098 0.474044 0.934522 1 20 1.000000
  20 12.369337 49.288864 0.558071 0.639249 0.313737 0.702090 0.340801 0.878648 1 20 1.000000
  20 11.810863 50.310726 0.792332 0.629471 0.160130 0.760345 0.347666 0.937840 1 20 1.000000
flesh_hand_01
  20 10.572262 47.901241 -2.161397 -0.762416 -0.544263 0.350000 0.860869 0.062588 1 20 1.000000
  20 10.914354 48.411629 -1.690063 -0.805866 -0.126580 0.578410 0.815857 0.122911 1 20 1.000000
  20 10.524904 48.459274 -2.101881 -0.784434 -0.115527 0.609357 0.904854 0.122299 1 20 1.000000
flesh_hand_01
  20 10.912174 47.731583 -1.847735 -0.801232 -0.487867 0.346428 0.778339 0.060839 1 20 1.000000
  20 10.914354 48.411629 -1.690063 -0.805866 -0.126580 0.578410 0.815857 0.122911 1 20 1.000000
  20 10.572262 47.901241 -2.161397 -0.762416 -0.544263 0.350000 0.860869 0.062588 1 20 1.000000
flesh_hand_01
  20 11.198487 47.379635 -2.161457 -0.692210 -0.721165 0.027675 0.740821 -0.001234 1 20 1.000000
  20 10.912174 47.731583 -1.847735 -0.801232 -0.487867 0.346428 0.778339 0.060839 1 20 1.000000
  20 11.007518 47.669693 -2.510625 -0.548026 -0.836459 0.001889 0.816884 0.002876 1 20 1.000000
flesh_hand_01
  20 11.007518 47.669693 -2.510625 -0.548026 -0.836459 0.001889 0.816884 0.002876 1 20 1.000000
  20 10.912174 47.731583 -1.847735 -0.801232 -0.487867 0.346428 0.778339 0.060839 1 20 1.000000
  20 10.572262 47.901241 -2.161397 -0.762416 -0.544263 0.350000 0.860869 0.062588 1 20 1.000000
flesh_hand_01
  20 11.007518 47.669693 -2.510625 -0.548026 -0.836459 0.001889 0.816884 0.002876 1 20 1.000000
  20 10.572262 47.901241 -2.161397 -0.762416 -0.544263 0.350000 0.860869 0.062588 1 20 1.000000
  20 10.562754 47.881378 -3.075969 -0.448734 -0.893341 0.024071 0.998201 0.006092 1 20 1.000000
flesh_hand_01
  20 10.562754 47.881378 -3.075969 -0.448734 -0.893341 0.024071 0.998201 0.006092 1 20 1.000000
  20 10.572262 47.901241 -2.161397 -0.762416 -0.544263 0.350000 0.860869 0.062588 1 20 1.000000
  20 10.197981 48.071785 -2.679473 -0.753678 -0.571035 0.325406 0.995596 0.063893 1 20 1.000000
flesh_hand_01
  20 10.572262 47.901241 -2.161397 -0.762416 -0.544263 0.350000 0.860869 0.062588 1 20 1.000000
  20 10.524904 48.459274 -2.101881 -0.784434 -0.115527 0.609357 0.904854 0.122299 1 20 1.000000
  20 10.197981 48.071785 -2.679473 -0.753678 -0.571035 0.325406 0.995596 0.063893 1 20 1.000000
flesh_hand_01
  20 10.197981 48.071785 -2.679473 -0.753678 -0.571035 0.325406 0.995596 0.063893 1 20 1.000000
  20 10.524904 48.459274 -2.101881 -0.784434 -0.115527 0.609357 0.904854 0.122299 1 20 1.000000
  20 10.229920 48.716721 -2.572762 -0.841807 -0.084456 0.533130 0.992991 0.121694 1 20 1.000000
flesh_hand_01
  20 12.653907 49.655537 -0.793996 0.903945 0.378720 0.198632 0.869806 0.129743 1 20 1.000000
  20 12.475121 49.762074 -0.213184 0.508062 0.582409 0.634565 0.835145 0.069680 1 20 1.000000
  20 12.880112 48.794773 -0.055280 0.792634 0.406099 0.454769 0.687547 0.163929 1 20 1.000000
flesh_hand_01
  20 12.880112 48.794773 -0.055280 0.792634 0.406099 0.454769 0.687547 0.163929 1 20 1.000000
  20 12.475121 49.762074 -0.213184 0.508062 0.582409 0.634565 0.835145 0.069680 1 20 1.000000
  20 12.114955 49.106358 0.489836 0.206176 0.660650 0.721826 0.685842 0.036252 1 20 1.000000
flesh_hand_01
  20 12.114955 49.106358 0.489836 0.206176 0.660650 0.721826 0.685842 0.036252 1 20 1.000000
  20 12.475121 49.762074 -0.213184 0.508062 0.582409 0.634565 0.835145 0.069680 1 20 1.000000
  20 11.868272 49.513340 -0.172711 -0.209554 0.618515 0.757315 0.805895 0.035328 1 20 1.000000
flesh_hand_01
  20 16.705988 46.037971 0.353574 0.043010 0.418384 0.907251 0.998201 0.006092 1 20 1.000000
  20 15.760366 45.309021 0.734564 -0.057393 0.477110 0.876967 0.904854 0.122299 1 20 1.000000
  20 16.312813 44.928032 0.779042 0.043010 0.418384 0.907251 0.992991 0.121694 1 20 1.000000
flesh_hand_01
  20 16.008835 46.254192 0.181884 0.036737 0.401856 0.914966 0.816884 0.002876 1 20 1.000000
  20 15.760366 45.309021 0.734564 -0.057393 0.477110 0.876967 0.904854 0.122299 1 20 1.000000
  20 16.705988 46.037971 0.353574 0.043010 0.418384 0.907251 0.998201 0.006092 1 20 1.000000
flesh_hand_01
  20 15.760366 45.309021 0.734564 -0.057393 0.477110 0.876967 0.904854 0.122299 1 20 1.000000
  20 16.008835 46.254192 0.181884 0.036737 0.401856 0.914966 0.816884 0.002876 1 20 1.000000
  20 15.298955 45.480747 0.538812 0.076631 0.354485 0.931916 0.815857 0.122911 1 20 1.000000
flesh_hand_01
  20 15.227919 46.806259 0.165179 0.159461 0.275741 0.947913 0.686482 0.001268 1 20 1.000000
  20 14.612535 46.017193 0.526045 0.159461 0.275741 0.947913 0.687547 0.163929 1 20 1.000000
  20 15.603832 46.558453 0.201837 0.190808 0.254683 0.948013 0.750363 0.002056 1 20 1.000000
flesh_hand_01
  20 15.603832 46.558453 0.201837 0.190808 0.254683 0.948013 0.750363 0.002056 1 20 1.000000
  20 14.612535 46.017193 0.526045 0.159461 0.275741 0.947913 0.687547 0.163929 1 20 1.000000
  20 15.298955 45.480747 0.538812 0.076631 0.354485 0.931916 0.815857 0.163320 1 20 1.000000
flesh_hand_01
  20 15.298955 45.480747 0.538812 0.076631 0.354485 0.931916 0.815857 0.163320 1 20 1.000000
  20 16.008835 46.254192 0.181884 0.036737 0.401856 0.914966 0.816884 0.002876 1 20 1.000000
  20 15.603832 46.558453 0.201837 0.190808 0.254683 0.948013 0.750363 0.002056 1 20 1.000000
flesh_hand_01
  20 12.987739 48.369144 -0.957978 0.625294 0.516418 -0.585081 0.687547 0.163929 1 20 1.000000
  20 12.919354 48.954716 -0.072552 0.554095 0.823056 -0.124730 0.694612 0.032273 1 20 1.000000
  20 13.170950 48.742474 -0.507823 -0.274796 0.792083 -0.545062 0.687014 0.082598 1 20 1.000000
flesh_hand_01
  20 12.243000 49.482063 -1.553705 0.716056 0.109124 -0.689460 0.869806 0.129743 1 20 1.000000
  20 12.637280 49.643192 -1.107345 0.888096 0.432495 -0.155670 0.835145 0.069680 1 20 1.000000
  20 12.987739 48.369144 -0.957978 0.625294 0.516418 -0.585081 0.687547 0.163929 1 20 1.000000
flesh_hand_01
  20 12.987739 48.369144 -0.957978 0.625294 0.516418 -0.585081 0.687547 0.163929 1 20 1.000000
  20 12.637280 49.643192 -1.107345 0.888096 0.432495 -0.155670 0.835145 0.069680 1 20 1.000000
  20 12.919354 48.954716 -0.072552 0.554095 0.823056 -0.124730 0.694612 0.032273 1 20 1.000000
flesh_hand_01
  20 12.919354 48.954716 -0.072552 0.554095 0.823056 -0.124730 0.694612 0.032273 1 20 1.000000
  20 12.637280 49.643192 -1.107345 0.888096 0.432495 -0.155670 0.835145 0.069680 1 20 1.000000
  20 12.285129 49.623810 -0.552923 0.625215 0.655787 0.423143 0.822610 0.032289 1 20 1.000000
flesh_hand_01
  20 15.646661 46.103558 -0.340777 0.743344 0.483456 -0.462288 0.157312 0.493276 1 20 1.000000
  20 15.286663 46.356758 -0.315394 0.793106 0.415130 -0.445701 0.165491 0.541873 1 20 1.000000
  20 15.421348 46.504364 0.125111 0.864577 0.502493 -0.002579 0.203408 0.543090 1 20 1.000000
flesh_hand_01
  20 15.343219 46.172127 1.048964 0.692472 0.498803 0.521228 0.269485 0.496106 1 20 1.000000
  20 15.421348 46.504364 0.125111 0.864577 0.502493 -0.002579 0.203408 0.543090 1 20 1.000000
  20 14.666507 46.524670 1.499503 0.572807 0.347627 0.742326 0.334938 0.541579 1 20 1.000000
flesh_hand_01
  20 16.174078 45.444031 0.515182 0.984635 0.174534 0.005698 0.199935 0.473439 1 20 1.000000
  20 15.421348 46.504364 0.125111 0.864577 0.502493 -0.002579 0.203408 0.543090 1 20 1.000000
  20 15.343219 46.172127 1.048964 0.692472 0.498803 0.521228 0.269485 0.496106 1 20 1.000000
flesh_hand_01
  20 15.646661 46.103558 -0.340777 0.743344 0.483456 -0.462288 0.157312 0.493276 1 20 1.000000
  20 15.421348 46.504364 0.125111 0.864577 0.502493 -0.002579 0.203408 0.543090 1 20 1.000000
  20 16.174078 45.444031 0.515182 0.984635 0.174534 0.005698 0.199935 0.473439 1 20 1.000000
flesh_hand_01
  20 15.331947 45.156525 -0.968422 0.559303 -0.226876 -0.797313 0.069048 0.471263 1 20 1.000000
  20 15.646661 46.103558 -0.340777 0.743344 0.483456 -0.462288 0.157312 0.493276 1 20 1.000000
  20 16.174078 45.444031 0.515182 0.984635 0.174534 0.005698 0.199935 0.473439 1 20 1.000000
flesh_hand_01
  20 14.812142 45.842350 -1.438199 0.669392 -0.078288 -0.738773 0.060160 0.538489 1 20 1.000000
  20 15.646661 46.103558 -0.340777 0.743344 0.483456 -0.462288 0.157312 0.493276 1 20 1.000000
  20 15.331947 45.156525 -0.968422 0.559303 -0.226876 -0.797313 0.069048 0.471263 1 20 1.000000
flesh_hand_01
  20 15.286663 46.356758 -0.315394 0.793106 0.415130 -0.445701 0.165491 0.541873 1 20 1.000000
  20 15.646661 46.103558 -0.340777 0.743344 0.483456 -0.462288 0.157312 0.493276 1 20 1.000000
  20 14.812142 45.842350 -1.438199 0.669392 -0.078288 -0.738773 0.060160 0.538489 1 20 1.000000
flesh_hand_01
  20 14.812142 45.842350 -1.438199 0.669392 -0.078288 -0.738773 0.060160 0.538489 1 20 1.000000
  20 14.747295 46.049709 -1.650671 0.751666 -0.410918 -0.515891 0.057761 0.556636 1 20 1.000000
  20 15.286663 46.356758 -0.315394 0.793106 0.415130 -0.445701 0.165491 0.541873 1 20 1.000000
flesh_hand_01
  20 15.286663 46.356758 -0.315394 0.793106 0.415130 -0.445701 0.165491 0.541873 1 20 1.000000
  20 14.747295 46.049709 -1.650671 0.751666 -0.410918 -0.515891 0.057761 0.556636 1 20 1.000000
  20 15.401170 46.750153 0.055457 0.993104 0.091825 -0.072890 0.204412 0.557594 1 20 1.000000
flesh_hand_01
  20 15.421348 46.504364 0.125111 0.864577 0.502493 -0.002579 0.203408 0.543090 1 20 1.000000
  20 15.286663 46.356758 -0.315394 0.793106 0.415130 -0.445701 0.165491 0.541873 1 20 1.000000
  20 15.401170 46.750153 0.055457 0.993104 0.091825 -0.072890 0.204412 0.557594 1 20 1.000000
flesh_hand_01
  20 15.401170 46.750153 0.055457 0.993104 0.091825 -0.072890 0.204412 0.557594 1 20 1.000000
  20 14.666507 46.524670 1.499503 0.572807 0.347627 0.742326 0.334938 0.541579 1 20 1.000000
  20 15.421348 46.504364 0.125111 0.864577 0.502493 -0.002579 0.203408 0.543090 1 20 1.000000
flesh_hand_01
  20 14.572655 46.798859 1.517670 0.587438 0.107157 0.802143 0.335490 0.557787 1 20 1.000000
  20 14.666507 46.524670 1.499503 0.572807 0.347627 0.742326 0.334938 0.541579 1 20 1.000000
  20 15.401170 46.750153 0.055457 0.993104 0.091825 -0.072890 0.204412 0.557594 1 20 1.000000
flesh_hand_01
  20 14.666507 46.524670 1.499503 0.572807 0.347627 0.742326 0.334938 0.541579 1 20 1.000000
  20 14.572655 46.798859 1.517670 0.587438 0.107157 0.802143 0.335490 0.557787 1 20 1.000000
  20 13.380963 45.999100 1.738766 -0.157971 -0.200210 0.966934 0.461030 0.539865 1 20 1.000000
flesh_hand_01
  20 13.380963 45.999100 1.738766 -0.157971 -0.200210 0.966934 0.461030 0.539865 1 20 1.000000
  20 14.572655 46.798859 1.517670 0.587438 0.107157 0.802143 0.335490 0.557787 1 20 1.000000
  20 13.190768 46.206646 1.800775 -0.029864 -0.291933 0.955972 0.461420 0.556888 1 20 1.000000
flesh_hand_01
  20 13.380963 45.999100 1.738766 -0.157971 -0.200210 0.966934 0.461030 0.539865 1 20 1.000000
  20 13.190768 46.206646 1.800775 -0.029864 -0.291933 0.955972 0.461420 0.556888 1 20 1.000000
  20 12.390680 45.286556 0.971488 -0.543478 -0.599468 0.587596 0.598802 0.539926 1 20 1.000000
flesh_hand_01
  20 12.390680 45.286556 0.971488 -0.543478 -0.599468 0.587596 0.598802 0.539926 1 20 1.000000
  20 13.190768 46.206646 1.800775 -0.029864 -0.291933 0.955972 0.461420 0.556888 1 20 1.000000
  20 12.131573 45.408485 0.969138 -0.289860 -0.709909 0.641880 0.598051 0.557591 1 20 1.000000
flesh_hand_01
  20 12.131573 45.408485 0.969138 -0.289860 -0.709909 0.641880 0.598051 0.557591 1 20 1.000000
  20 12.462787 44.743183 -0.095686 -0.216301 -0.973876 0.069137 0.690767 0.557197 1 20 1.000000
  20 12.390680 45.286556 0.971488 -0.543478 -0.599468 0.587596 0.598802 0.539926 1 20 1.000000
flesh_hand_01
  20 12.390680 45.286556 0.971488 -0.543478 -0.599468 0.587596 0.598802 0.539926 1 20 1.000000
  20 12.462787 44.743183 -0.095686 -0.216301 -0.973876 0.069137 0.690767 0.557197 1 20 1.000000
  20 12.670995 44.741440 -0.023146 -0.619097 -0.757641 -0.206637 0.690096 0.539652 1 20 1.000000
flesh_hand_01
  20 12.462787 44.743183 -0.095686 -0.216301 -0.973876 0.069137 0.690767 0.557197 1 20 1.000000
  20 13.419665 44.933201 -1.077098 -0.083677 -0.748280 -0.658084 0.797692 0.534046 1 20 1.000000
  20 12.670995 44.741440 -0.023146 -0.619097 -0.757641 -0.206637 0.690096 0.539652 1 20 1.000000
flesh_hand_01
  20 15.331947 45.156525 -0.968422 0.559303 -0.226876 -0.797313 0.913919 0.471200 1 20 1.000000
  20 13.419665 44.933201 -1.077098 -0.083677 -0.748280 -0.658084 0.797692 0.534046 1 20 1.000000
  20 14.812142 45.842350 -1.438199 0.669392 -0.078288 -0.738773 0.932595 0.538226 1 20 1.000000
flesh_hand_01
  20 13.356006 45.116833 -1.512921 0.152991 -0.890102 -0.429316 0.800632 0.557551 1 20 1.000000
  20 14.812142 45.842350 -1.438199 0.669392 -0.078288 -0.738773 0.932595 0.538226 1 20 1.000000
  20 13.419665 44.933201 -1.077098 -0.083677 -0.748280 -0.658084 0.797692 0.534046 1 20 1.000000
flesh_hand_01
  20 13.356006 45.116833 -1.512921 0.152991 -0.890102 -0.429316 0.800632 0.557551 1 20 1.000000
  20 13.419665 44.933201 -1.077098 -0.083677 -0.748280 -0.658084 0.797692 0.534046 1 20 1.000000
  20 12.462787 44.743183 -0.095686 -0.216301 -0.973876 0.069137 0.690767 0.557197 1 20 1.000000
flesh_hand_01
  20 14.747295 46.049709 -1.650671 0.751666 -0.410918 -0.515891 0.937637 0.556319 1 20 1.000000
  20 14.812142 45.842350 -1.438199 0.669392 -0.078288 -0.738773 0.932595 0.538226 1 20 1.000000
  20 13.356006 45.116833 -1.512921 0.152991 -0.890102 -0.429316 0.800632 0.557551 1 20 1.000000
flesh_hand_01
  20 13.566498 44.459290 -0.868210 -0.306592 -0.495815 -0.812508 0.793728 0.502352 1 20 1.000000
  20 12.670995 44.741440 -0.023146 -0.619097 -0.757641 -0.206637 0.690096 0.539652 1 20 1.000000
  20 13.419665 44.933201 -1.077098 -0.083677 -0.748280 -0.658084 0.797692 0.534046 1 20 1.000000
flesh_hand_01
  20 13.566498 44.459290 -0.868210 -0.306592 -0.495815 -0.812508 0.793728 0.502352 1 20 1.000000
  20 13.419665 44.933201 -1.077098 -0.083677 -0.748280 -0.658084 0.797692 0.534046 1 20 1.000000
  20 15.331947 45.156525 -0.968422 0.559303 -0.226876 -0.797313 0.913919 0.471200 1 20 1.000000
flesh_hand_01
  20 13.566498 44.459290 -0.868210 -0.306592 -0.495815 -0.812508 0.793728 0.502352 1 20 1.000000
  20 15.331947 45.156525 -0.968422 0.559303 -0.226876 -0.797313 0.913919 0.471200 1 20 1.000000
  20 13.879493 43.991405 -0.715434 -0.179036 -0.638276 -0.748699 0.789764 0.470659 1 20 1.000000
flesh_hand_01
  20 15.569993 44.167042 -0.186359 0.665060 -0.407528 -0.625792 0.895242 0.404174 1 20 1.000000
  20 13.879493 43.991405 -0.715434 -0.179036 -0.638276 -0.748699 0.789764 0.470659 1 20 1.000000
  20 15.331947 45.156525 -0.968422 0.559303 -0.226876 -0.797313 0.913919 0.471200 1 20 1.000000
flesh_hand_01
  20 14.242225 43.577160 -0.373234 0.042150 -0.808214 -0.587379 0.785799 0.438965 1 20 1.000000
  20 13.879493 43.991405 -0.715434 -0.179036 -0.638276 -0.748699 0.789764 0.470659 1 20 1.000000
  20 15.569993 44.167042 -0.186359 0.665060 -0.407528 -0.625792 0.895242 0.404174 1 20 1.000000
flesh_hand_01
  20 14.242225 43.577160 -0.373234 0.042150 -0.808214 -0.587379 0.785799 0.438965 1 20 1.000000
  20 15.569993 44.167042 -0.186359 0.665060 -0.407528 -0.625792 0.895242 0.404174 1 20 1.000000
  20 14.818504 43.459263 -0.033918 0.140888 -0.845488 -0.515074 0.781835 0.407272 1 20 1.000000
flesh_hand_01
  20 14.818504 43.459263 -0.033918 0.140888 -0.845488 -0.515074 0.781835 0.407272 1 20 1.000000
  20 13.849178 43.457176 0.570573 -0.456079 -0.875540 0.159442 0.686331 0.441111 1 20 1.000000
  20 14.242225 43.577160 -0.373234 0.042150 -0.808214 -0.587379 0.785799 0.438965 1 20 1.000000
flesh_hand_01
  20 14.418352 43.370403 0.856829 -0.341887 -0.913477 0.220621 0.685076 0.408264 1 20 1.000000
  20 13.849178 43.457176 0.570573 -0.456079 -0.875540 0.159442 0.686331 0.441111 1 20 1.000000
  20 14.818504 43.459263 -0.033918 0.140888 -0.845488 -0.515074 0.781835 0.407272 1 20 1.000000
flesh_hand_01
  20 14.418352 43.370403 0.856829 -0.341887 -0.913477 0.220621 0.685076 0.408264 1 20 1.000000
  20 14.127079 44.038929 1.529858 -0.565973 -0.489584 0.663312 0.604383 0.408558 1 20 1.000000
  20 13.849178 43.457176 0.570573 -0.456079 -0.875540 0.159442 0.686331 0.441111 1 20 1.000000
flesh_hand_01
  20 13.849178 43.457176 0.570573 -0.456079 -0.875540 0.159442 0.686331 0.441111 1 20 1.000000
  20 14.127079 44.038929 1.529858 -0.565973 -0.489584 0.663312 0.604383 0.408558 1 20 1.000000
  20 13.123961 44.388485 0.843621 -0.535602 -0.555881 0.635710 0.601592 0.474242 1 20 1.000000
flesh_hand_01
  20 14.127079 44.038929 1.529858 -0.565973 -0.489584 0.663312 0.604383 0.408558 1 20 1.000000
  20 14.591290 44.639992 2.093506 -0.228317 -0.008862 0.973546 0.457983 0.406950 1 20 1.000000
  20 13.123961 44.388485 0.843621 -0.535602 -0.555881 0.635710 0.601592 0.474242 1 20 1.000000
flesh_hand_01
  20 13.123961 44.388485 0.843621 -0.535602 -0.555881 0.635710 0.601592 0.474242 1 20 1.000000
  20 14.591290 44.639992 2.093506 -0.228317 -0.008862 0.973546 0.457983 0.406950 1 20 1.000000
  20 13.380963 45.999100 1.738766 -0.157971 -0.200210 0.966934 0.461030 0.539865 1 20 1.000000
flesh_hand_01
  20 14.591290 44.639992 2.093506 -0.228317 -0.008862 0.973546 0.457983 0.406950 1 20 1.000000
  20 14.666507 46.524670 1.499503 0.572807 0.347627 0.742326 0.334938 0.541579 1 20 1.000000
  20 13.380963 45.999100 1.738766 -0.157971 -0.200210 0.966934 0.461030 0.539865 1 20 1.000000
flesh_hand_01
  20 15.513433 45.014244 1.606760 0.657873 0.242201 0.713121 0.330316 0.405802 1 20 1.000000
  20 14.666507 46.524670 1.499503 0.572807 0.347627 0.742326 0.334938 0.541579 1 20 1.000000
  20 14.591290 44.639992 2.093506 -0.228317 -0.008862 0.973546 0.457983 0.406950 1 20 1.000000
flesh_hand_01
  20 15.513433 45.014244 1.606760 0.657873 0.242201 0.713121 0.330316 0.405802 1 20 1.000000
  20 15.343219 46.172127 1.048964 0.692472 0.498803 0.521228 0.269485 0.496106 1 20 1.000000
  20 14.666507 46.524670 1.499503 0.572807 0.347627 0.742326 0.334938 0.541579 1 20 1.000000
flesh_hand_01
  20 16.174078 45.444031 0.515182 0.984635 0.174534 0.005698 0.199935 0.473439 1 20 1.000000
  20 15.343219 46.172127 1.048964 0.692472 0.498803 0.521228 0.269485 0.496106 1 20 1.000000
  20 15.513433 45.014244 1.606760 0.657873 0.242201 0.713121 0.330316 0.405802 1 20 1.000000
flesh_hand_01
  20 16.174078 45.444031 0.515182 0.984635 0.174534 0.005698 0.199935 0.473439 1 20 1.000000
  20 15.513433 45.014244 1.606760 0.657873 0.242201 0.713121 0.330316 0.405802 1 20 1.000000
  20 15.982922 44.769844 0.599499 0.960209 -0.259271 0.103809 0.193856 0.405141 1 20 1.000000
flesh_hand_01
  20 15.569993 44.167042 -0.186359 0.665060 -0.407528 -0.625792 0.077936 0.404036 1 20 1.000000
  20 16.174078 45.444031 0.515182 0.984635 0.174534 0.005698 0.199935 0.473439 1 20 1.000000
  20 15.982922 44.769844 0.599499 0.960209 -0.259271 0.103809 0.193856 0.405141 1 20 1.000000
flesh_hand_01
  20 15.331947 45.156525 -0.968422 0.559303 -0.226876 -0.797313 0.069048 0.471263 1 20 1.000000
  20 16.174078 45.444031 0.515182 0.984635 0.174534 0.005698 0.199935 0.473439 1 20 1.000000
  20 15.569993 44.167042 -0.186359 0.665060 -0.407528 -0.625792 0.077936 0.404036 1 20 1.000000
flesh_hand_01
  20 12.856746 44.282784 0.081151 -0.776765 -0.563662 -0.280931 0.688841 0.506805 1 20 1.000000
  20 12.670995 44.741440 -0.023146 -0.619097 -0.757641 -0.206637 0.690096 0.539652 1 20 1.000000
  20 13.566498 44.459290 -0.868210 -0.306592 -0.495815 -0.812508 0.793728 0.502352 1 20 1.000000
flesh_hand_01
  20 13.879493 43.991405 -0.715434 -0.179036 -0.638276 -0.748699 0.789764 0.470659 1 20 1.000000
  20 12.856746 44.282784 0.081151 -0.776765 -0.563662 -0.280931 0.688841 0.506805 1 20 1.000000
  20 13.566498 44.459290 -0.868210 -0.306592 -0.495815 -0.812508 0.793728 0.502352 1 20 1.000000
flesh_hand_01
  20 13.277691 43.763527 0.287052 -0.611658 -0.791034 -0.011859 0.687586 0.473958 1 20 1.000000
  20 12.856746 44.282784 0.081151 -0.776765 -0.563662 -0.280931 0.688841 0.506805 1 20 1.000000
  20 13.879493 43.991405 -0.715434 -0.179036 -0.638276 -0.748699 0.789764 0.470659 1 20 1.000000
flesh_hand_01
  20 14.242225 43.577160 -0.373234 0.042150 -0.808214 -0.587379 0.785799 0.438965 1 20 1.000000
  20 13.277691 43.763527 0.287052 -0.611658 -0.791034 -0.011859 0.687586 0.473958 1 20 1.000000
  20 13.879493 43.991405 -0.715434 -0.179036 -0.638276 -0.748699 0.789764 0.470659 1 20 1.000000
flesh_hand_01
  20 13.849178 43.457176 0.570573 -0.456079 -0.875540 0.159442 0.686331 0.441111 1 20 1.000000
  20 13.277691 43.763527 0.287052 -0.611658 -0.791034 -0.011859 0.687586 0.473958 1 20 1.000000
  20 14.242225 43.577160 -0.373234 0.042150 -0.808214 -0.587379 0.785799 0.438965 1 20 1.000000
flesh_hand_01
  20 13.123961 44.388485 0.843621 -0.535602 -0.555881 0.635710 0.601592 0.474242 1 20 1.000000
  20 13.277691 43.763527 0.287052 -0.611658 -0.791034 -0.011859 0.687586 0.473958 1 20 1.000000
  20 13.849178 43.457176 0.570573 -0.456079 -0.875540 0.159442 0.686331 0.441111 1 20 1.000000
flesh_hand_01
  20 13.277691 43.763527 0.287052 -0.611658 -0.791034 -0.011859 0.687586 0.473958 1 20 1.000000
  20 13.123961 44.388485 0.843621 -0.535602 -0.555881 0.635710 0.601592 0.474242 1 20 1.000000
  20 12.856746 44.282784 0.081151 -0.776765 -0.563662 -0.280931 0.688841 0.506805 1 20 1.000000
flesh_hand_01
  20 12.856746 44.282784 0.081151 -0.776765 -0.563662 -0.280931 0.688841 0.506805 1 20 1.000000
  20 13.123961 44.388485 0.843621 -0.535602 -0.555881 0.635710 0.601592 0.474242 1 20 1.000000
  20 12.431583 44.737213 0.978015 -0.738556 -0.540369 0.403158 0.600197 0.507084 1 20 1.000000
flesh_hand_01
  20 12.856746 44.282784 0.081151 -0.776765 -0.563662 -0.280931 0.688841 0.506805 1 20 1.000000
  20 12.431583 44.737213 0.978015 -0.738556 -0.540369 0.403158 0.600197 0.507084 1 20 1.000000
  20 12.670995 44.741440 -0.023146 -0.619097 -0.757641 -0.206637 0.690096 0.539652 1 20 1.000000
flesh_hand_01
  20 12.670995 44.741440 -0.023146 -0.619097 -0.757641 -0.206637 0.690096 0.539652 1 20 1.000000
  20 12.431583 44.737213 0.978015 -0.738556 -0.540369 0.403158 0.600197 0.507084 1 20 1.000000
  20 12.390680 45.286556 0.971488 -0.543478 -0.599468 0.587596 0.598802 0.539926 1 20 1.000000
flesh_hand_01
  20 12.431583 44.737213 0.978015 -0.738556 -0.540369 0.403158 0.600197 0.507084 1 20 1.000000
  20 13.123961 44.388485 0.843621 -0.535602 -0.555881 0.635710 0.601592 0.474242 1 20 1.000000
  20 12.390680 45.286556 0.971488 -0.543478 -0.599468 0.587596 0.598802 0.539926 1 20 1.000000
flesh_hand_01
  20 12.390680 45.286556 0.971488 -0.543478 -0.599468 0.587596 0.598802 0.539926 1 20 1.000000
  20 13.123961 44.388485 0.843621 -0.535602 -0.555881 0.635710 0.601592 0.474242 1 20 1.000000
  20 13.380963 45.999100 1.738766 -0.157971 -0.200210 0.966934 0.461030 0.539865 1 20 1.000000
flesh_hand_01
  20 13.918231 43.863602 -1.024073 -0.581408 -0.402644 -0.706995 0.860869 0.062588 1 20 1.000000
  20 14.384426 44.356243 -1.106439 -0.185540 -0.121669 -0.975075 0.815857 0.122911 1 20 1.000000
  20 14.453416 43.791721 -1.114859 -0.180824 -0.100862 -0.978330 0.904854 0.122299 1 20 1.000000
flesh_hand_01
  20 13.716737 44.213352 -0.961166 -0.491002 -0.397528 -0.775170 0.778339 0.060839 1 20 1.000000
  20 14.384426 44.356243 -1.106439 -0.185540 -0.121669 -0.975075 0.815857 0.122911 1 20 1.000000
  20 13.918231 43.863602 -1.024073 -0.581408 -0.402644 -0.706995 0.860869 0.062588 1 20 1.000000
flesh_hand_01
  20 13.391808 44.165398 -0.518011 -0.693082 -0.589571 -0.414781 0.740821 -0.001234 1 20 1.000000
  20 13.716737 44.213352 -0.961166 -0.491002 -0.397528 -0.775170 0.778339 0.060839 1 20 1.000000
  20 13.775133 43.890743 -0.437275 -0.793864 -0.574373 -0.199687 0.816884 0.002876 1 20 1.000000
flesh_hand_01
  20 13.775133 43.890743 -0.437275 -0.793864 -0.574373 -0.199687 0.816884 0.002876 1 20 1.000000
  20 13.716737 44.213352 -0.961166 -0.491002 -0.397528 -0.775170 0.778339 0.060839 1 20 1.000000
  20 13.918231 43.863602 -1.024073 -0.581408 -0.402644 -0.706995 0.860869 0.062588 1 20 1.000000
flesh_hand_01
  20 13.775133 43.890743 -0.437275 -0.793864 -0.574373 -0.199687 0.816884 0.002876 1 20 1.000000
  20 13.918231 43.863602 -1.024073 -0.581408 -0.402644 -0.706995 0.860869 0.062588 1 20 1.000000
  20 14.140822 43.366512 -0.394835 -0.875638 -0.478159 -0.067990 0.998201 0.006092 1 20 1.000000
flesh_hand_01
  20 14.140822 43.366512 -0.394835 -0.875638 -0.478159 -0.067990 0.998201 0.006092 1 20 1.000000
  20 13.918231 43.863602 -1.024073 -0.581408 -0.402644 -0.706995 0.860869 0.062588 1 20 1.000000
  20 14.174118 43.231422 -0.938914 -0.641885 -0.430167 -0.634775 0.995596 0.063893 1 20 1.000000
flesh_hand_01
  20 13.918231 43.863602 -1.024073 -0.581408 -0.402644 -0.706995 0.860869 0.062588 1 20 1.000000
  20 14.453416 43.791721 -1.114859 -0.180824 -0.100862 -0.978330 0.904854 0.122299 1 20 1.000000
  20 14.174118 43.231422 -0.938914 -0.641885 -0.430167 -0.634775 0.995596 0.063893 1 20 1.000000
flesh_hand_01
  20 14.174118 43.231422 -0.938914 -0.641885 -0.430167 -0.634775 0.995596 0.063893 1 20 1.000000
  20 14.453416 43.791721 -1.114859 -0.180824 -0.100862 -0.978330 0.904854 0.122299 1 20 1.000000
  20 14.737303 43.256363 -1.026334 -0.165379 -0.219491 -0.961495 0.992991 0.121694 1 20 1.000000
flesh_hand_01
  20 12.340070 47.949898 -1.164210 0.426543 0.053706 -0.902871 0.653995 0.194773 1 20 1.000000
  20 11.714535 48.639038 -1.420213 0.475780 -0.010658 -0.879500 0.656892 0.300721 1 20 1.000000
  20 12.510602 48.435074 -0.790818 0.761739 0.598173 -0.248882 0.714698 0.195427 1 20 1.000000
flesh_hand_01
  20 11.107555 48.753654 -0.397258 -0.263204 -0.126451 0.956417 0.837560 0.332571 1 20 1.000000
  20 11.040489 48.170494 -0.724136 -0.660432 -0.695617 0.282748 0.894847 0.300709 1 20 1.000000
  20 11.291543 48.565281 -0.327948 -0.336183 -0.083399 0.938097 0.837127 0.300710 1 20 1.000000
flesh_hand_01
  20 10.760000 48.266731 -0.739925 -0.536965 -0.780864 0.319248 0.894484 0.332570 1 20 1.000000
  20 11.040489 48.170494 -0.724136 -0.660432 -0.695617 0.282748 0.894847 0.300709 1 20 1.000000
  20 11.107555 48.753654 -0.397258 -0.263204 -0.126451 0.956417 0.837560 0.332571 1 20 1.000000
flesh_hand_01
  20 11.132236 48.387627 -1.449750 -0.158229 -0.673176 -0.722356 0.961019 0.332573 1 20 1.000000
  20 11.040489 48.170494 -0.724136 -0.660432 -0.695617 0.282748 0.894847 0.300709 1 20 1.000000
  20 10.760000 48.266731 -0.739925 -0.536965 -0.780864 0.319248 0.894484 0.332570 1 20 1.000000
flesh_hand_01
  20 11.316225 48.199261 -1.380441 -0.231111 -0.618644 -0.750911 0.961888 0.300713 1 20 1.000000
  20 11.040489 48.170494 -0.724136 -0.660432 -0.695617 0.282748 0.894847 0.300709 1 20 1.000000
  20 11.132236 48.387627 -1.449750 -0.158229 -0.673176 -0.722356 0.961019 0.332573 1 20 1.000000
flesh_hand_01
  20 11.973422 47.468388 -1.117183 -0.304989 -0.555676 -0.773438 0.962548 0.194053 1 20 1.000000
  20 11.040489 48.170494 -0.724136 -0.660432 -0.695617 0.282748 0.894847 0.300709 1 20 1.000000
  20 11.316225 48.199261 -1.380441 -0.231111 -0.618644 -0.750911 0.961888 0.300713 1 20 1.000000
flesh_hand_01
  20 11.697689 47.439625 -0.460881 -0.763219 -0.599193 0.241796 0.895508 0.193908 1 20 1.000000
  20 11.040489 48.170494 -0.724136 -0.660432 -0.695617 0.282748 0.894847 0.300709 1 20 1.000000
  20 11.973422 47.468388 -1.117183 -0.304989 -0.555676 -0.773438 0.962548 0.194053 1 20 1.000000
flesh_hand_01
  20 11.948742 47.834423 -0.064690 -0.408317 -0.038651 0.912022 0.837788 0.193943 1 20 1.000000
  20 11.040489 48.170494 -0.724136 -0.660432 -0.695617 0.282748 0.894847 0.300709 1 20 1.000000
  20 11.697689 47.439625 -0.460881 -0.763219 -0.599193 0.241796 0.895508 0.193908 1 20 1.000000
flesh_hand_01
  20 11.291543 48.565281 -0.327948 -0.336183 -0.083399 0.938097 0.837127 0.300710 1 20 1.000000
  20 11.040489 48.170494 -0.724136 -0.660432 -0.695617 0.282748 0.894847 0.300709 1 20 1.000000
  20 11.948742 47.834423 -0.064690 -0.408317 -0.038651 0.912022 0.837788 0.193943 1 20 1.000000
flesh_hand_01
  20 12.393361 48.265991 -0.117919 0.326151 0.570173 0.754008 0.779297 0.194115 1 20 1.000000
  20 11.291543 48.565281 -0.327948 -0.336183 -0.083399 0.938097 0.837127 0.300710 1 20 1.000000
  20 11.948742 47.834423 -0.064690 -0.408317 -0.038651 0.912022 0.837788 0.193943 1 20 1.000000
flesh_hand_01
  20 11.736160 48.996864 -0.381175 0.348617 0.541302 0.765152 0.778636 0.300714 1 20 1.000000
  20 11.291543 48.565281 -0.327948 -0.336183 -0.083399 0.938097 0.837127 0.300710 1 20 1.000000
  20 12.393361 48.265991 -0.117919 0.326151 0.570173 0.754008 0.779297 0.194115 1 20 1.000000
flesh_hand_01
  20 12.510602 48.435074 -0.790818 0.761739 0.598173 -0.248882 0.714698 0.195427 1 20 1.000000
  20 11.736160 48.996864 -0.381175 0.348617 0.541302 0.765152 0.778636 0.300714 1 20 1.000000
  20 12.393361 48.265991 -0.117919 0.326151 0.570173 0.754008 0.779297 0.194115 1 20 1.000000
flesh_hand_01
  20 11.916726 49.082474 -1.039562 0.809076 0.544216 -0.221867 0.714844 0.300728 1 20 1.000000
  20 11.736160 48.996864 -0.381175 0.348617 0.541302 0.765152 0.778636 0.300714 1 20 1.000000
  20 12.510602 48.435074 -0.790818 0.761739 0.598173 -0.248882 0.714698 0.195427 1 20 1.000000
flesh_hand_01
  20 12.510602 48.435074 -0.790818 0.761739 0.598173 -0.248882 0.714698 0.195427 1 20 1.000000
  20 11.714535 48.639038 -1.420213 0.475780 -0.010658 -0.879500 0.656892 0.300721 1 20 1.000000
  20 11.916726 49.082474 -1.039562 0.809076 0.544216 -0.221867 0.714844 0.300728 1 20 1.000000
flesh_hand_01
  20 11.478247 48.978958 -1.614859 0.522278 -0.075886 -0.849392 0.657129 0.332583 1 20 1.000000
  20 11.916726 49.082474 -1.039562 0.809076 0.544216 -0.221867 0.714844 0.300728 1 20 1.000000
  20 11.714535 48.639038 -1.420213 0.475780 -0.010658 -0.879500 0.656892 0.300721 1 20 1.000000
flesh_hand_01
  20 11.478247 48.978958 -1.614859 0.522278 -0.075886 -0.849392 0.657129 0.332583 1 20 1.000000
  20 11.714535 48.639038 -1.420213 0.475780 -0.010658 -0.879500 0.656892 0.300721 1 20 1.000000
  20 11.132236 48.387627 -1.449750 -0.158229 -0.673176 -0.722356 0.600988 0.332576 1 20 1.000000
flesh_hand_01
  20 11.132236 48.387627 -1.449750 -0.158229 -0.673176 -0.722356 0.600988 0.332576 1 20 1.000000
  20 11.714535 48.639038 -1.420213 0.475780 -0.010658 -0.879500 0.656892 0.300721 1 20 1.000000
  20 11.316225 48.199261 -1.380441 -0.231111 -0.618644 -0.750911 0.601081 0.300715 1 20 1.000000
flesh_hand_01
  20 12.340070 47.949898 -1.164210 0.426543 0.053706 -0.902871 0.653995 0.194773 1 20 1.000000
  20 11.316225 48.199261 -1.380441 -0.231111 -0.618644 -0.750911 0.601081 0.300715 1 20 1.000000
  20 11.714535 48.639038 -1.420213 0.475780 -0.010658 -0.879500 0.656892 0.300721 1 20 1.000000
flesh_hand_01
  20 11.973422 47.468388 -1.117183 -0.304989 -0.555676 -0.773438 0.597613 0.194190 1 20 1.000000
  20 11.316225 48.199261 -1.380441 -0.231111 -0.618644 -0.750911 0.601081 0.300715 1 20 1.000000
  20 12.340070 47.949898 -1.164210 0.426543 0.053706 -0.902871 0.653995 0.194773 1 20 1.000000
flesh_hand_01
  20 11.291543 48.565281 -0.327948 -0.336183 -0.083399 0.938097 0.837127 0.300710 1 20 1.000000
  20 11.736160 48.996864 -0.381175 0.348617 0.541302 0.765152 0.778636 0.300714 1 20 1.000000
  20 11.107555 48.753654 -0.397258 -0.263204 -0.126451 0.956417 0.837560 0.332571 1 20 1.000000
flesh_hand_01
  20 11.107555 48.753654 -0.397258 -0.263204 -0.126451 0.956417 0.837560 0.332571 1 20 1.000000
  20 11.736160 48.996864 -0.381175 0.348617 0.541302 0.765152 0.778636 0.300714 1 20 1.000000
  20 11.521322 49.236851 -0.425673 0.370845 0.511265 0.775295 0.779281 0.332575 1 20 1.000000
flesh_hand_01
  20 11.736160 48.996864 -0.381175 0.348617 0.541302 0.765152 0.778636 0.300714 1 20 1.000000
  20 11.916726 49.082474 -1.039562 0.809076 0.544216 -0.221867 0.714844 0.300728 1 20 1.000000
  20 11.521322 49.236851 -0.425673 0.370845 0.511265 0.775295 0.779281 0.332575 1 20 1.000000
flesh_hand_01
  20 11.521322 49.236851 -0.425673 0.370845 0.511265 0.775295 0.779281 0.332575 1 20 1.000000
  20 11.916726 49.082474 -1.039562 0.809076 0.544216 -0.221867 0.714844 0.300728 1 20 1.000000
  20 11.680439 49.422401 -1.234208 0.851154 0.487788 -0.193906 0.715410 0.332590 1 20 1.000000
flesh_hand_01
  20 11.680439 49.422401 -1.234208 0.851154 0.487788 -0.193906 0.715410 0.332590 1 20 1.000000
  20 11.916726 49.082474 -1.039562 0.809076 0.544216 -0.221867 0.714844 0.300728 1 20 1.000000
  20 11.478247 48.978958 -1.614859 0.522278 -0.075886 -0.849392 0.657129 0.332583 1 20 1.000000
flesh_hand_01
  20 13.006896 44.779438 -0.567772 -0.692187 -0.520603 -0.499850 0.686482 0.001268 1 20 1.000000
  20 13.175874 44.965397 -1.052204 -0.465467 -0.419679 -0.779237 0.687014 0.082598 1 20 1.000000
  20 13.391808 44.165398 -0.518011 -0.693082 -0.589571 -0.414781 0.750363 0.002056 1 20 1.000000
flesh_hand_01
  20 13.391808 44.165398 -0.518011 -0.693082 -0.589571 -0.414781 0.750363 0.002056 1 20 1.000000
  20 13.175874 44.965397 -1.052204 -0.465467 -0.419679 -0.779237 0.687014 0.082598 1 20 1.000000
  20 13.716737 44.213352 -0.961166 -0.491002 -0.397528 -0.775170 0.783110 0.082688 1 20 1.000000
flesh_hand_01
  20 13.175874 44.965397 -1.052204 -0.465467 -0.419679 -0.779237 0.687014 0.082598 1 20 1.000000
  20 13.687613 45.246292 -1.238757 -0.173748 -0.260150 -0.949807 0.687547 0.163929 1 20 1.000000
  20 13.716737 44.213352 -0.961166 -0.491002 -0.397528 -0.775170 0.783110 0.082688 1 20 1.000000
flesh_hand_01
  20 13.716737 44.213352 -0.961166 -0.491002 -0.397528 -0.775170 0.783110 0.082688 1 20 1.000000
  20 13.687613 45.246292 -1.238757 -0.173748 -0.260150 -0.949807 0.687547 0.163929 1 20 1.000000
  20 14.384426 44.356243 -1.106439 -0.185540 -0.121669 -0.975075 0.815857 0.163320 1 20 1.000000
flesh_hand_01
  20 10.914354 48.411629 -1.690063 -0.805866 -0.126580 0.578410 0.815857 0.163320 1 20 1.000000
  20 10.912174 47.731583 -1.847735 -0.801232 -0.487867 0.346428 0.783110 0.082688 1 20 1.000000
  20 11.411888 47.758465 -0.901980 -0.825605 -0.345563 0.446052 0.687547 0.163929 1 20 1.000000
flesh_hand_01
  20 11.411888 47.758465 -0.901980 -0.825605 -0.345563 0.446052 0.687547 0.163929 1 20 1.000000
  20 10.912174 47.731583 -1.847735 -0.801232 -0.487867 0.346428 0.783110 0.082688 1 20 1.000000
  20 11.573743 47.022175 -1.652466 -0.742018 -0.625852 0.240246 0.686482 0.001268 1 20 1.000000
flesh_hand_01
  20 11.573743 47.022175 -1.652466 -0.742018 -0.625852 0.240246 0.686482 0.001268 1 20 1.000000
  20 10.912174 47.731583 -1.847735 -0.801232 -0.487867 0.346428 0.783110 0.082688 1 20 1.000000
  20 11.198487 47.379635 -2.161457 -0.692210 -0.721165 0.027675 0.750363 0.002056 1 20 1.000000
flesh_hand_01
  20 15.649776 46.132755 2.078715 0.172173 0.956596 0.235118 0.995596 0.084097 1 20 1.000000
  20 14.532076 46.147095 1.969743 0.081039 0.780038 0.620463 0.815857 0.163320 1 20 1.000000
  20 15.045912 45.771946 2.489378 -0.040357 0.849682 0.525749 0.992991 0.162102 1 20 1.000000
flesh_hand_01
  20 14.922246 46.378792 1.499138 0.352475 0.860657 0.367464 0.816370 0.083098 1 20 1.000000
  20 14.532076 46.147095 1.969743 0.081039 0.780038 0.620463 0.815857 0.163320 1 20 1.000000
  20 15.649776 46.132755 2.078715 0.172173 0.956596 0.235118 0.995596 0.084097 1 20 1.000000
flesh_hand_01
  20 14.922246 46.378792 1.499138 0.352475 0.860657 0.367464 0.816370 0.083098 1 20 1.000000
  20 14.128167 46.617729 1.491243 0.200120 0.688118 0.697457 0.687547 0.163929 1 20 1.000000
  20 14.532076 46.147095 1.969743 0.081039 0.780038 0.620463 0.815857 0.163320 1 20 1.000000
flesh_hand_01
  20 14.549010 46.955639 1.167165 0.512306 0.713271 0.478317 0.687014 0.082598 1 20 1.000000
  20 14.128167 46.617729 1.491243 0.200120 0.688118 0.697457 0.687547 0.163929 1 20 1.000000
  20 14.922246 46.378792 1.499138 0.352475 0.860657 0.367464 0.816370 0.083098 1 20 1.000000
flesh_hand_01
  20 14.922246 46.378792 1.499138 0.352475 0.860657 0.367464 0.816370 0.083098 1 20 1.000000
  20 14.779172 46.782494 0.713181 0.749636 0.634205 0.189287 0.686482 0.001268 1 20 1.000000
  20 14.549010 46.955639 1.167165 0.512306 0.713271 0.478317 0.687014 0.082598 1 20 1.000000
flesh_hand_01
  20 15.221693 46.199413 1.036873 0.578294 0.814143 0.052412 0.816884 0.002876 1 20 1.000000
  20 14.779172 46.782494 0.713181 0.749636 0.634205 0.189287 0.686482 0.001268 1 20 1.000000
  20 14.922246 46.378792 1.499138 0.352475 0.860657 0.367464 0.816370 0.083098 1 20 1.000000
flesh_hand_01
  20 14.922246 46.378792 1.499138 0.352475 0.860657 0.367464 0.816370 0.083098 1 20 1.000000
  20 15.832063 46.009171 1.326526 0.360415 0.928567 -0.088680 0.998201 0.006092 1 20 1.000000
  20 15.221693 46.199413 1.036873 0.578294 0.814143 0.052412 0.816884 0.002876 1 20 1.000000
flesh_hand_01
  20 15.649776 46.132755 2.078715 0.172173 0.956596 0.235118 0.995596 0.084097 1 20 1.000000
  20 15.832063 46.009171 1.326526 0.360415 0.928567 -0.088680 0.998201 0.006092 1 20 1.000000
  20 14.922246 46.378792 1.499138 0.352475 0.860657 0.367464 0.816370 0.083098 1 20 1.000000
flesh_hand_01
  20 13.507273 43.775890 -0.171702 -0.872197 -0.488711 -0.020839 0.998201 0.006092 1 20 1.000000
  20 13.336182 44.131203 -1.343699 -0.977443 -0.210615 -0.015709 0.904854 0.122299 1 20 1.000000
  20 13.702106 43.627689 -1.399557 -0.872197 -0.488711 -0.020839 0.992991 0.121694 1 20 1.000000
flesh_hand_01
  20 13.334698 44.233341 -0.225604 -0.983807 -0.173629 -0.044467 0.816884 0.002876 1 20 1.000000
  20 13.336182 44.131203 -1.343699 -0.977443 -0.210615 -0.015709 0.904854 0.122299 1 20 1.000000
  20 13.507273 43.775890 -0.171702 -0.872197 -0.488711 -0.020839 0.998201 0.006092 1 20 1.000000
flesh_hand_01
  20 13.336182 44.131203 -1.343699 -0.977443 -0.210615 -0.015709 0.904854 0.122299 1 20 1.000000
  20 13.334698 44.233341 -0.225604 -0.983807 -0.173629 -0.044467 0.816884 0.002876 1 20 1.000000
  20 13.391813 44.774059 -1.351085 -0.989304 -0.134791 -0.055757 0.815857 0.122911 1 20 1.000000
flesh_hand_01
  20 13.059511 45.401764 -0.131624 -0.923056 -0.380625 -0.055608 0.686482 0.001268 1 20 1.000000
  20 13.078151 45.560810 -1.183252 -0.923056 -0.380625 -0.055608 0.687547 0.163929 1 20 1.000000
  20 13.250692 44.994122 -0.168435 -0.966664 -0.243812 -0.078212 0.750363 0.002056 1 20 1.000000
flesh_hand_01
  20 13.250692 44.994122 -0.168435 -0.966664 -0.243812 -0.078212 0.750363 0.002056 1 20 1.000000
  20 13.078151 45.560810 -1.183252 -0.923056 -0.380625 -0.055608 0.687547 0.163929 1 20 1.000000
  20 13.391813 44.774059 -1.351085 -0.989304 -0.134791 -0.055757 0.815857 0.163320 1 20 1.000000
flesh_hand_01
  20 13.391813 44.774059 -1.351085 -0.989304 -0.134791 -0.055757 0.815857 0.163320 1 20 1.000000
  20 13.334698 44.233341 -0.225604 -0.983807 -0.173629 -0.044467 0.816884 0.002876 1 20 1.000000
  20 13.250692 44.994122 -0.168435 -0.966664 -0.243812 -0.078212 0.750363 0.002056 1 20 1.000000
flesh_hand_01
  20 11.868272 49.513340 -0.172711 -0.209554 0.618515 0.757315 0.816884 0.002876 1 20 1.000000
  20 12.475121 49.762074 -0.213184 0.508062 0.582409 0.634565 0.860869 0.062588 1 20 1.000000
  20 11.605017 50.612625 -0.749186 -0.129539 0.430418 0.893286 0.998201 0.006092 1 20 1.000000
flesh_hand_01
  20 11.605017 50.612625 -0.749186 -0.129539 0.430418 0.893286 0.998201 0.006092 1 20 1.000000
  20 12.475121 49.762074 -0.213184 0.508062 0.582409 0.634565 0.860869 0.062588 1 20 1.000000
  20 12.208472 50.784092 -0.735671 0.505444 0.502676 0.701316 0.995596 0.063893 1 20 1.000000
flesh_hand_01
  20 12.475121 49.762074 -0.213184 0.508062 0.582409 0.634565 0.860869 0.062588 1 20 1.000000
  20 12.653907 49.655537 -0.793996 0.903945 0.378720 0.198632 0.904854 0.122299 1 20 1.000000
  20 12.208472 50.784092 -0.735671 0.505444 0.502676 0.701316 0.995596 0.063893 1 20 1.000000
flesh_hand_01
  20 12.208472 50.784092 -0.735671 0.505444 0.502676 0.701316 0.995596 0.063893 1 20 1.000000
  20 12.653907 49.655537 -0.793996 0.903945 0.378720 0.198632 0.904854 0.122299 1 20 1.000000
  20 12.415708 50.574154 -1.384068 0.915364 0.351105 0.197065 0.992991 0.121694 1 20 1.000000
flesh_hand_01
  20 14.386853 43.118908 -0.506670 -0.808916 -0.348041 -0.473838 0.904854 0.122299 1 20 1.000000
  20 13.799548 43.510708 0.353318 -0.752589 -0.505058 -0.422524 0.816884 0.002876 1 20 1.000000
  20 14.268848 43.557716 -0.551627 -0.657313 -0.625425 -0.420457 0.815857 0.122911 1 20 1.000000
flesh_hand_01
  20 14.386853 43.118908 -0.506670 -0.808916 -0.348041 -0.473838 0.904854 0.122299 1 20 1.000000
  20 13.871778 42.793171 0.592661 -0.787016 -0.384303 -0.482615 0.998201 0.006092 1 20 1.000000
  20 13.799548 43.510708 0.353318 -0.752589 -0.505058 -0.422524 0.816884 0.002876 1 20 1.000000
flesh_hand_01
  20 14.664625 42.546162 -0.299748 -0.705886 -0.517196 -0.483976 0.992991 0.121694 1 20 1.000000
  20 13.871778 42.793171 0.592661 -0.787016 -0.384303 -0.482615 0.998201 0.006092 1 20 1.000000
  20 14.386853 43.118908 -0.506670 -0.808916 -0.348041 -0.473838 0.904854 0.122299 1 20 1.000000
flesh_hand_01
  20 13.197574 44.118011 0.111789 -0.622305 -0.612091 -0.487936 0.686482 0.001268 1 20 1.000000
  20 13.727025 44.164856 -0.752868 -0.622305 -0.612091 -0.487936 0.687547 0.163929 1 20 1.000000
  20 13.400193 43.727161 0.213029 -0.519407 -0.766630 -0.377485 0.750363 0.002056 1 20 1.000000
flesh_hand_01
  20 13.400193 43.727161 0.213029 -0.519407 -0.766630 -0.377485 0.750363 0.002056 1 20 1.000000
  20 13.727025 44.164856 -0.752868 -0.622305 -0.612091 -0.487936 0.687547 0.163929 1 20 1.000000
  20 14.268848 43.557716 -0.551627 -0.657313 -0.625425 -0.420457 0.815857 0.163320 1 20 1.000000
flesh_hand_01
  20 14.268848 43.557716 -0.551627 -0.657313 -0.625425 -0.420457 0.815857 0.163320 1 20 1.000000
  20 13.799548 43.510708 0.353318 -0.752589 -0.505058 -0.422524 0.816884 0.002876 1 20 1.000000
  20 13.400193 43.727161 0.213029 -0.519407 -0.766630 -0.377485 0.750363 0.002056 1 20 1.000000
flesh_hand_01
  20 12.692540 43.154850 0.926741 -0.246745 -0.440652 -0.863101 0.998201 0.006092 1 20 1.000000
  20 13.724422 43.697060 0.354923 -0.268829 -0.092716 -0.958715 0.904854 0.122299 1 20 1.000000
  20 13.880070 43.240360 0.745785 -0.246745 -0.440652 -0.863101 0.992991 0.121694 1 20 1.000000
flesh_hand_01
  20 12.752024 43.963211 0.699226 -0.127528 -0.434727 -0.891487 0.816884 0.002876 1 20 1.000000
  20 13.724422 43.697060 0.354923 -0.268829 -0.092716 -0.958715 0.904854 0.122299 1 20 1.000000
  20 12.692540 43.154850 0.926741 -0.246745 -0.440652 -0.863101 0.998201 0.006092 1 20 1.000000
flesh_hand_01
  20 13.724422 43.697060 0.354923 -0.268829 -0.092716 -0.958715 0.904854 0.122299 1 20 1.000000
  20 12.752024 43.963211 0.699226 -0.127528 -0.434727 -0.891487 0.816884 0.002876 1 20 1.000000
  20 13.812091 44.276730 0.497589 0.107330 -0.428788 -0.897007 0.815857 0.122911 1 20 1.000000
flesh_hand_01
  20 12.743740 44.728271 -0.134231 0.327865 -0.413102 -0.849618 0.686482 0.001268 1 20 1.000000
  20 13.745315 45.042450 0.038130 0.327865 -0.413102 -0.849618 0.687547 0.163929 1 20 1.000000
  20 12.739907 44.260021 0.030580 0.274341 -0.695329 -0.664270 0.750363 0.002056 1 20 1.000000
flesh_hand_01
  20 12.739907 44.260021 0.030580 0.274341 -0.695329 -0.664270 0.750363 0.002056 1 20 1.000000
  20 13.745315 45.042450 0.038130 0.327865 -0.413102 -0.849618 0.687547 0.163929 1 20 1.000000
  20 13.812091 44.276730 0.497589 0.107330 -0.428788 -0.897007 0.815857 0.163320 1 20 1.000000
flesh_hand_01
  20 13.812091 44.276730 0.497589 0.107330 -0.428788 -0.897007 0.815857 0.163320 1 20 1.000000
  20 12.752024 43.963211 0.699226 -0.127528 -0.434727 -0.891487 0.816884 0.002876 1 20 1.000000
  20 12.739907 44.260021 0.030580 0.274341 -0.695329 -0.664270 0.750363 0.002056 1 20 1.000000
flesh_hand_01
  20 14.893039 46.116520 -0.917836 0.590274 0.710339 -0.383399 0.686482 0.001268 1 20 1.000000
  20 14.951143 46.461952 0.005450 0.590274 0.710339 -0.383399 0.687547 0.163929 1 20 1.000000
  20 15.281420 45.782150 -0.745567 0.621348 0.655789 -0.428797 0.750363 0.002056 1 20 1.000000
flesh_hand_01
  20 15.281420 45.782150 -0.745567 0.621348 0.655789 -0.428797 0.750363 0.002056 1 20 1.000000
  20 14.951143 46.461952 0.005450 0.590274 0.710339 -0.383399 0.687547 0.163929 1 20 1.000000
  20 15.702734 45.994812 0.103278 0.595168 0.660168 -0.458207 0.815857 0.163320 1 20 1.000000
flesh_hand_01
  20 15.702734 45.994812 0.103278 0.595168 0.660168 -0.458207 0.815857 0.163320 1 20 1.000000
  20 15.661403 45.496922 -0.584154 0.518025 0.725031 -0.453851 0.816884 0.002876 1 20 1.000000
  20 15.281420 45.782150 -0.745567 0.621348 0.655789 -0.428797 0.750363 0.002056 1 20 1.000000
flesh_hand_01
  20 16.462835 45.257023 -0.607423 0.337619 0.873368 -0.351057 0.998201 0.006092 1 20 1.000000
  20 16.011347 45.687759 0.029971 0.445110 0.780481 -0.439007 0.904854 0.122299 1 20 1.000000
  20 16.641115 45.418884 0.163917 0.337619 0.873368 -0.351057 0.992991 0.121694 1 20 1.000000
flesh_hand_01
  20 15.661403 45.496922 -0.584154 0.518025 0.725031 -0.453851 0.816884 0.002876 1 20 1.000000
  20 16.011347 45.687759 0.029971 0.445110 0.780481 -0.439007 0.904854 0.122299 1 20 1.000000
  20 16.462835 45.257023 -0.607423 0.337619 0.873368 -0.351057 0.998201 0.006092 1 20 1.000000
flesh_hand_01
  20 16.011347 45.687759 0.029971 0.445110 0.780481 -0.439007 0.904854 0.122299 1 20 1.000000
  20 15.661403 45.496922 -0.584154 0.518025 0.725031 -0.453851 0.816884 0.002876 1 20 1.000000
  20 15.702734 45.994812 0.103278 0.595168 0.660168 -0.458207 0.815857 0.122911 1 20 1.000000
flesh_hand_01
  20 13.968646 43.729366 -1.248870 -0.271622 0.014966 -0.962288 0.998201 0.006092 1 20 1.000000
  20 14.700773 44.541103 -1.442902 -0.296361 -0.014260 -0.954969 0.904854 0.122299 1 20 1.000000
  20 15.069653 44.004307 -1.483644 -0.271622 0.014966 -0.962288 0.992991 0.121694 1 20 1.000000
flesh_hand_01
  20 13.658578 44.334080 -1.080214 -0.255855 -0.091554 -0.962370 0.816884 0.002876 1 20 1.000000
  20 14.700773 44.541103 -1.442902 -0.296361 -0.014260 -0.954969 0.904854 0.122299 1 20 1.000000
  20 13.968646 43.729366 -1.248870 -0.271622 0.014966 -0.962288 0.998201 0.006092 1 20 1.000000
flesh_hand_01
  20 14.700773 44.541103 -1.442902 -0.296361 -0.014260 -0.954969 0.904854 0.122299 1 20 1.000000
  20 13.658578 44.334080 -1.080214 -0.255855 -0.091554 -0.962370 0.816884 0.002876 1 20 1.000000
  20 14.541492 45.016460 -1.410761 -0.209847 -0.182994 -0.960457 0.815857 0.122911 1 20 1.000000
flesh_hand_01
  20 13.162913 45.089668 -1.236236 -0.134800 -0.257167 -0.956919 0.686482 0.001268 1 20 1.000000
  20 13.990621 45.678345 -1.473760 -0.134800 -0.257167 -0.956919 0.687547 0.163929 1 20 1.000000
  20 13.400054 44.721226 -1.133345 -0.151927 -0.250582 -0.956100 0.750363 0.002056 1 20 1.000000
flesh_hand_01
  20 13.400054 44.721226 -1.133345 -0.151927 -0.250582 -0.956100 0.750363 0.002056 1 20 1.000000
  20 13.990621 45.678345 -1.473760 -0.134800 -0.257167 -0.956919 0.687547 0.163929 1 20 1.000000
  20 14.541492 45.016460 -1.410761 -0.209847 -0.182994 -0.960457 0.815857 0.163320 1 20 1.000000
flesh_hand_01
  20 14.541492 45.016460 -1.410761 -0.209847 -0.182994 -0.960457 0.815857 0.163320 1 20 1.000000
  20 13.658578 44.334080 -1.080214 -0.255855 -0.091554 -0.962370 0.816884 0.002876 1 20 1.000000
  20 13.400054 44.721226 -1.133345 -0.151927 -0.250582 -0.956100 0.750363 0.002056 1 20 1.000000
flesh_hand_01
  20 12.285129 49.623810 -0.552923 0.625215 0.655787 0.423143 0.816884 0.002876 1 20 1.000000
  20 12.637280 49.643192 -1.107345 0.888096 0.432495 -0.155670 0.860869 0.062588 1 20 1.000000
  20 11.905092 50.420067 -0.888619 0.704053 0.530699 0.471876 0.998201 0.006092 1 20 1.000000
flesh_hand_01
  20 11.905092 50.420067 -0.888619 0.704053 0.530699 0.471876 0.998201 0.006092 1 20 1.000000
  20 12.637280 49.643192 -1.107345 0.888096 0.432495 -0.155670 0.860869 0.062588 1 20 1.000000
  20 12.282972 50.368195 -1.386877 0.903809 0.402845 -0.144377 0.995596 0.063893 1 20 1.000000
flesh_hand_01
  20 12.637280 49.643192 -1.107345 0.888096 0.432495 -0.155670 0.860869 0.062588 1 20 1.000000
  20 12.243000 49.482063 -1.553705 0.716056 0.109124 -0.689460 0.904854 0.122299 1 20 1.000000
  20 12.282972 50.368195 -1.386877 0.903809 0.402845 -0.144377 0.995596 0.063893 1 20 1.000000
flesh_hand_01
  20 12.282972 50.368195 -1.386877 0.903809 0.402845 -0.144377 0.995596 0.063893 1 20 1.000000
  20 12.243000 49.482063 -1.553705 0.716056 0.109124 -0.689460 0.904854 0.122299 1 20 1.000000
  20 11.828032 50.100433 -1.865184 0.709489 0.099344 -0.697679 0.992991 0.121694 1 20 1.000000
flesh_hand_01
  20 14.941533 46.901073 0.162481 0.568398 0.770212 0.289306 0.686482 0.001268 1 20 1.000000
  20 14.426386 46.958328 1.090477 0.568398 0.770212 0.289306 0.687547 0.163929 1 20 1.000000
  20 15.438163 46.415878 0.546802 0.475572 0.859597 0.186880 0.816884 0.002876 1 20 1.000000
flesh_hand_01
  20 15.438163 46.415878 0.546802 0.475572 0.859597 0.186880 0.816884 0.002876 1 20 1.000000
  20 14.426386 46.958328 1.090477 0.568398 0.770212 0.289306 0.687547 0.163929 1 20 1.000000
  20 14.791421 46.505573 1.510322 0.475572 0.859597 0.186880 0.815857 0.163320 1 20 1.000000
flesh_hand_01
  20 15.438163 46.415878 0.546802 0.475572 0.859597 0.186880 0.816884 0.002876 1 20 1.000000
  20 14.791421 46.505573 1.510322 0.475572 0.859597 0.186880 0.815857 0.163320 1 20 1.000000
  20 15.997594 46.091347 0.720953 0.369860 0.925689 0.079390 0.998201 0.006092 1 20 1.000000
flesh_hand_01
  20 15.997594 46.091347 0.720953 0.369860 0.925689 0.079390 0.998201 0.006092 1 20 1.000000
  20 14.791421 46.505573 1.510322 0.475572 0.859597 0.186880 0.815857 0.163320 1 20 1.000000
  20 15.343136 46.320133 2.105847 0.369860 0.925689 0.079390 0.992991 0.162102 1 20 1.000000
flesh_hand_01
  20 11.252942 48.401356 -1.394340 -0.081570 -0.687111 -0.721959 0.961019 0.332573 1 20 1.000000
  20 11.341479 48.225803 -1.252500 -0.081570 -0.687111 -0.721959 0.961888 0.300713 1 20 1.000000
  20 10.907596 48.314148 -0.827647 -0.646571 -0.739253 0.188284 0.894484 0.332570 1 20 1.000000
flesh_hand_01
  20 10.907596 48.314148 -0.827647 -0.646571 -0.739253 0.188284 0.894484 0.332570 1 20 1.000000
  20 11.341479 48.225803 -1.252500 -0.081570 -0.687111 -0.721959 0.961888 0.300713 1 20 1.000000
  20 11.084299 48.183758 -0.800786 -0.646571 -0.739253 0.188284 0.894847 0.300709 1 20 1.000000
flesh_hand_01
  20 11.084299 48.183758 -0.800786 -0.646571 -0.739253 0.188284 0.894847 0.300709 1 20 1.000000
  20 11.295002 48.443047 -0.480371 -0.241212 -0.270863 0.931907 0.837127 0.300710 1 20 1.000000
  20 10.907596 48.314148 -0.827647 -0.646571 -0.739253 0.188284 0.894484 0.332570 1 20 1.000000
flesh_hand_01
  20 10.907596 48.314148 -0.827647 -0.646571 -0.739253 0.188284 0.894484 0.332570 1 20 1.000000
  20 11.295002 48.443047 -0.480371 -0.241212 -0.270863 0.931907 0.837127 0.300710 1 20 1.000000
  20 11.041804 48.770569 -0.439402 -0.241212 -0.270863 0.931907 0.837560 0.332571 1 20 1.000000
flesh_hand_01
  20 11.295002 48.443047 -0.480371 -0.241212 -0.270863 0.931907 0.837127 0.300710 1 20 1.000000
  20 11.688227 48.744980 -0.468178 0.515439 0.192362 0.835056 0.778636 0.300714 1 20 1.000000
  20 11.041804 48.770569 -0.439402 -0.241212 -0.270863 0.931907 0.837560 0.332571 1 20 1.000000
flesh_hand_01
  20 11.041804 48.770569 -0.439402 -0.241212 -0.270863 0.931907 0.837560 0.332571 1 20 1.000000
  20 11.688227 48.744980 -0.468178 0.515439 0.192362 0.835056 0.778636 0.300714 1 20 1.000000
  20 11.562040 49.093460 -0.479831 0.515439 0.192362 0.835056 0.779281 0.332575 1 20 1.000000
flesh_hand_01
  20 11.688227 48.744980 -0.468178 0.515439 0.192362 0.835056 0.778636 0.300714 1 20 1.000000
  20 11.889541 48.851696 -0.925574 0.982695 0.184555 -0.015816 0.714844 0.300728 1 20 1.000000
  20 11.562040 49.093460 -0.479831 0.515439 0.192362 0.835056 0.779281 0.332575 1 20 1.000000
flesh_hand_01
  20 11.562040 49.093460 -0.479831 0.515439 0.192362 0.835056 0.779281 0.332575 1 20 1.000000
  20 11.889541 48.851696 -0.925574 0.982695 0.184555 -0.015816 0.714844 0.300728 1 20 1.000000
  20 11.804142 49.200966 -1.067241 0.982695 0.184555 -0.015816 0.715410 0.332590 1 20 1.000000
flesh_hand_01
  20 11.804142 49.200966 -1.067241 0.982695 0.184555 -0.015816 0.715410 0.332590 1 20 1.000000
  20 11.889541 48.851696 -0.925574 0.982695 0.184555 -0.015816 0.714844 0.300728 1 20 1.000000
  20 11.616562 48.867348 -1.462539 0.702089 -0.247750 -0.667601 0.657129 0.332583 1 20 1.000000
flesh_hand_01
  20 11.616562 48.867348 -1.462539 0.702089 -0.247750 -0.667601 0.657129 0.332583 1 20 1.000000
  20 11.889541 48.851696 -0.925574 0.982695 0.184555 -0.015816 0.714844 0.300728 1 20 1.000000
  20 11.702674 48.541142 -1.233521 0.702089 -0.247750 -0.667601 0.656892 0.300721 1 20 1.000000
flesh_hand_01
  20 11.616562 48.867348 -1.462539 0.702089 -0.247750 -0.667601 0.657129 0.332583 1 20 1.000000
  20 11.702674 48.541142 -1.233521 0.702089 -0.247750 -0.667601 0.656892 0.300721 1 20 1.000000
  20 11.252942 48.401356 -1.394340 -0.081570 -0.687111 -0.721959 0.600988 0.332576 1 20 1.000000
flesh_hand_01
  20 11.252942 48.401356 -1.394340 -0.081570 -0.687111 -0.721959 0.600988 0.332576 1 20 1.000000
  20 11.702674 48.541142 -1.233521 0.702089 -0.247750 -0.667601 0.656892 0.300721 1 20 1.000000
  20 11.341479 48.225803 -1.252500 -0.081570 -0.687111 -0.721959 0.601081 0.300715 1 20 1.000000
flesh_hand_01
  20 10.379398 49.294472 1.253196 0.236946 -0.144031 0.960787 0.972753 0.945005 1 20 1.000000
  20 11.428544 48.321571 0.818897 0.236946 -0.144031 0.960787 0.974944 0.874979 1 20 1.000000
  20 12.110124 49.765339 0.212614 0.655951 0.296898 0.693960 0.825010 0.933990 1 20 1.000000
flesh_hand_01
  20 12.110124 49.765339 0.212614 0.655951 0.296898 0.693960 0.825010 0.933990 1 20 1.000000
  20 11.428544 48.321571 0.818897 0.236946 -0.144031 0.960787 0.974944 0.874979 1 20 1.000000
  20 12.490963 48.962795 0.236242 0.655951 0.296898 0.693960 0.831392 0.880678 1 20 1.000000
flesh_hand_01
  20 12.110124 49.765339 0.212614 0.655951 0.296898 0.693960 0.825010 0.933990 1 20 1.000000
  20 12.490963 48.962795 0.236242 0.655951 0.296898 0.693960 0.831392 0.880678 1 20 1.000000
  20 12.992542 49.449486 -1.123329 0.888909 0.456056 0.043047 0.714152 0.931788 1 20 1.000000
flesh_hand_01
  20 12.992542 49.449486 -1.123329 0.888909 0.456056 0.043047 0.714152 0.931788 1 20 1.000000
  20 12.490963 48.962795 0.236242 0.655951 0.296898 0.693960 0.831392 0.880678 1 20 1.000000
  20 13.139561 49.089840 -1.030930 0.888909 0.456056 0.043047 0.716031 0.881913 1 20 1.000000
flesh_hand_01
  20 13.139561 49.089840 -1.030930 0.888909 0.456056 0.043047 0.716031 0.881913 1 20 1.000000
  20 13.133197 48.578045 -1.831639 0.803111 0.263098 -0.534595 0.607176 0.880665 1 20 1.000000
  20 12.992542 49.449486 -1.123329 0.888909 0.456056 0.043047 0.714152 0.931788 1 20 1.000000
flesh_hand_01
  20 12.992542 49.449486 -1.123329 0.888909 0.456056 0.043047 0.714152 0.931788 1 20 1.000000
  20 13.133197 48.578045 -1.831639 0.803111 0.263098 -0.534595 0.607176 0.880665 1 20 1.000000
  20 12.577729 49.234005 -2.145647 0.803111 0.263098 -0.534595 0.608972 0.934274 1 20 1.000000
flesh_hand_01
  20 13.133197 48.578045 -1.831639 0.803111 0.263098 -0.534595 0.607176 0.880665 1 20 1.000000
  20 12.584111 48.450989 -2.234964 0.624375 -0.270419 -0.732823 0.537831 0.880558 1 20 1.000000
  20 12.577729 49.234005 -2.145647 0.803111 0.263098 -0.534595 0.608972 0.934274 1 20 1.000000
flesh_hand_01
  20 12.577729 49.234005 -2.145647 0.803111 0.263098 -0.534595 0.608972 0.934274 1 20 1.000000
  20 12.584111 48.450989 -2.234964 0.624375 -0.270419 -0.732823 0.537831 0.880558 1 20 1.000000
  20 12.149882 48.917103 -2.853961 0.624375 -0.270419 -0.732823 0.541508 0.934398 1 20 1.000000
flesh_hand_01
  20 12.584111 48.450989 -2.234964 0.624375 -0.270419 -0.732823 0.537831 0.880558 1 20 1.000000
  20 12.018994 47.898479 -2.066563 0.278552 -0.673113 -0.685074 0.468487 0.880451 1 20 1.000000
  20 12.149882 48.917103 -2.853961 0.624375 -0.270419 -0.732823 0.541508 0.934398 1 20 1.000000
flesh_hand_01
  20 12.149882 48.917103 -2.853961 0.624375 -0.270419 -0.732823 0.541508 0.934398 1 20 1.000000
  20 12.018994 47.898479 -2.066563 0.278552 -0.673113 -0.685074 0.468487 0.880451 1 20 1.000000
  20 11.386889 48.286606 -2.843559 0.278552 -0.673113 -0.685074 0.474044 0.934522 1 20 1.000000
flesh_hand_01
  20 11.386889 48.286606 -2.843559 0.278552 -0.673113 -0.685074 0.474044 0.934522 1 20 1.000000
  20 12.018994 47.898479 -2.066563 0.278552 -0.673113 -0.685074 0.468487 0.880451 1 20 1.000000
  20 10.988647 47.727482 -2.060719 0.028238 -0.803221 -0.595011 0.410855 0.936181 1 20 1.000000
flesh_hand_01
  20 10.988647 47.727482 -2.060719 0.028238 -0.803221 -0.595011 0.410855 0.936181 1 20 1.000000
  20 12.018994 47.898479 -2.066563 0.278552 -0.673113 -0.685074 0.468487 0.880451 1 20 1.000000
  20 11.623146 47.354717 -1.760692 0.028238 -0.803221 -0.595011 0.404644 0.879550 1 20 1.000000
flesh_hand_01
  20 10.988647 47.727482 -2.060719 0.028238 -0.803221 -0.595011 0.410855 0.936181 1 20 1.000000
  20 11.623146 47.354717 -1.760692 0.028238 -0.803221 -0.595011 0.404644 0.879550 1 20 1.000000
  20 10.686563 47.315136 -1.581454 -0.064920 -0.923366 -0.378393 0.347666 0.937840 1 20 1.000000
flesh_hand_01
  20 10.686563 47.315136 -1.581454 -0.064920 -0.923366 -0.378393 0.347666 0.937840 1 20 1.000000
  20 11.623146 47.354717 -1.760692 0.028238 -0.803221 -0.595011 0.404644 0.879550 1 20 1.000000
  20 11.336878 47.194706 -1.224692 -0.064920 -0.923366 -0.378393 0.340801 0.878648 1 20 1.000000
flesh_hand_01
  20 10.686563 47.315136 -1.581454 -0.064920 -0.923366 -0.378393 0.347666 0.937840 1 20 1.000000
  20 11.336878 47.194706 -1.224692 -0.064920 -0.923366 -0.378393 0.340801 0.878648 1 20 1.000000
  20 10.329911 47.143425 -0.722479 -0.241845 -0.969006 0.050383 0.268370 0.936848 1 20 1.000000
flesh_hand_01
  20 10.329911 47.143425 -0.722479 -0.241845 -0.969006 0.050383 0.268370 0.936848 1 20 1.000000
  20 11.336878 47.194706 -1.224692 -0.064920 -0.923366 -0.378393 0.340801 0.878648 1 20 1.000000
  20 11.039384 47.042366 -0.530168 -0.241845 -0.969006 0.050383 0.264118 0.879137 1 20 1.000000
flesh_hand_01
  20 11.039384 47.042366 -0.530168 -0.241845 -0.969006 0.050383 0.264118 0.879137 1 20 1.000000
  20 10.936529 47.247276 0.283093 -0.334420 -0.747510 0.573927 0.187435 0.879626 1 20 1.000000
  20 10.329911 47.143425 -0.722479 -0.241845 -0.969006 0.050383 0.268370 0.936848 1 20 1.000000
flesh_hand_01
  20 10.329911 47.143425 -0.722479 -0.241845 -0.969006 0.050383 0.268370 0.936848 1 20 1.000000
  20 10.936529 47.247276 0.283093 -0.334420 -0.747510 0.573927 0.187435 0.879626 1 20 1.000000
  20 10.226173 47.673649 0.160432 -0.334420 -0.747510 0.573927 0.189073 0.935857 1 20 1.000000
flesh_hand_01
  20 10.936529 47.247276 0.283093 -0.334420 -0.747510 0.573927 0.187435 0.879626 1 20 1.000000
  20 11.182538 47.784420 0.550993 -0.131239 -0.506956 0.851923 0.115152 0.877021 1 20 1.000000
  20 10.226173 47.673649 0.160432 -0.334420 -0.747510 0.573927 0.189073 0.935857 1 20 1.000000
flesh_hand_01
  20 10.226173 47.673649 0.160432 -0.334420 -0.747510 0.573927 0.189073 0.935857 1 20 1.000000
  20 11.182538 47.784420 0.550993 -0.131239 -0.506956 0.851923 0.115152 0.877021 1 20 1.000000
  20 9.791732 48.669899 0.967533 -0.131239 -0.506956 0.851923 0.115529 0.940977 1 20 1.000000
flesh_hand_01
  20 11.182538 47.784420 0.550993 -0.131239 -0.506956 0.851923 0.115152 0.877021 1 20 1.000000
  20 11.428544 48.321571 0.818897 0.236946 -0.144031 0.960787 0.042868 0.874416 1 20 1.000000
  20 9.791732 48.669899 0.967533 -0.131239 -0.506956 0.851923 0.115529 0.940977 1 20 1.000000
flesh_hand_01
  20 9.791732 48.669899 0.967533 -0.131239 -0.506956 0.851923 0.115529 0.940977 1 20 1.000000
  20 11.428544 48.321571 0.818897 0.236946 -0.144031 0.960787 0.042868 0.874416 1 20 1.000000
  20 10.379398 49.294472 1.253196 0.236946 -0.144031 0.960787 0.041986 0.946097 1 20 1.000000
flesh_hand_01
  20 11.736160 48.996864 -0.381175 -0.725269 0.672235 -0.148612 0.568814 0.130527 1 20 1.000000
  20 11.916726 49.082474 -1.039562 -0.731219 0.644494 -0.223486 0.574820 0.066365 1 20 1.000000
  20 11.291543 48.565281 -0.327948 -0.725269 0.672235 -0.148612 0.512617 0.146647 1 20 1.000000
flesh_hand_01
  20 11.291543 48.565281 -0.327948 -0.725269 0.672235 -0.148612 0.512617 0.146647 1 20 1.000000
  20 11.916726 49.082474 -1.039562 -0.731219 0.644494 -0.223486 0.574820 0.066365 1 20 1.000000
  20 11.040489 48.170494 -0.724136 -0.731219 0.644494 -0.223486 0.463059 0.117067 1 20 1.000000
flesh_hand_01
  20 11.714535 48.639038 -1.420213 -0.732482 0.612620 -0.296928 0.524884 0.036840 1 20 1.000000
  20 11.040489 48.170494 -0.724136 -0.731219 0.644494 -0.223486 0.463059 0.117067 1 20 1.000000
  20 11.916726 49.082474 -1.039562 -0.731219 0.644494 -0.223486 0.574820 0.066365 1 20 1.000000
flesh_hand_01
  20 11.316225 48.199261 -1.380441 -0.732482 0.612620 -0.296928 0.470585 0.050504 1 20 1.000000
  20 11.040489 48.170494 -0.724136 -0.731219 0.644494 -0.223486 0.463059 0.117067 1 20 1.000000
  20 11.714535 48.639038 -1.420213 -0.732482 0.612620 -0.296928 0.524884 0.036840 1 20 1.000000
flesh_hand_01
  20 11.336878 47.194706 -1.224692 -0.256791 -0.798538 -0.544423 0.815857 0.163320 1 20 1.000000
  20 12.553073 47.428955 -2.318461 -0.354948 -0.751812 -0.555689 0.686482 0.001268 1 20 1.000000
  20 12.186275 46.742939 -1.271924 -0.354948 -0.751812 -0.555689 0.687547 0.163929 1 20 1.000000
flesh_hand_01
  20 11.167493 48.096725 -2.452757 -0.250256 -0.784173 -0.567842 0.816884 0.002876 1 20 1.000000
  20 12.553073 47.428955 -2.318461 -0.354948 -0.751812 -0.555689 0.686482 0.001268 1 20 1.000000
  20 11.336878 47.194706 -1.224692 -0.256791 -0.798538 -0.544423 0.815857 0.163320 1 20 1.000000
flesh_hand_01
  20 11.336878 47.194706 -1.224692 -0.256791 -0.798538 -0.544423 0.815857 0.163320 1 20 1.000000
  20 10.659076 47.978786 -2.160241 -0.474164 -0.743869 -0.470985 0.894375 0.004250 1 20 1.000000
  20 11.167493 48.096725 -2.452757 -0.250256 -0.784173 -0.567842 0.816884 0.002876 1 20 1.000000
flesh_hand_01
  20 10.630981 47.311016 -1.035344 -0.510993 -0.733497 -0.448183 0.909941 0.162673 1 20 1.000000
  20 10.659076 47.978786 -2.160241 -0.474164 -0.743869 -0.470985 0.894375 0.004250 1 20 1.000000
  20 11.336878 47.194706 -1.224692 -0.256791 -0.798538 -0.544423 0.815857 0.163320 1 20 1.000000
flesh_hand_01
  20 10.659076 47.978786 -2.160241 -0.474164 -0.743869 -0.470985 0.894375 0.004250 1 20 1.000000
  20 10.630981 47.311016 -1.035344 -0.510993 -0.733497 -0.448183 0.909941 0.162673 1 20 1.000000
  20 10.181162 47.683842 -0.757738 -0.702734 -0.609148 -0.367564 0.992991 0.162102 1 20 1.000000
flesh_hand_01
  20 10.659076 47.978786 -2.160241 -0.474164 -0.743869 -0.470985 0.894375 0.004250 1 20 1.000000
  20 10.181162 47.683842 -0.757738 -0.702734 -0.609148 -0.367564 0.992991 0.162102 1 20 1.000000
  20 10.135726 48.531105 -2.123090 -0.687645 -0.626949 -0.366168 0.998201 0.006092 1 20 1.000000
flesh_hand_01
  20 10.922373 47.275253 -1.637090 -0.131531 -0.762713 -0.633221 0.815857 0.163320 1 20 1.000000
  20 12.696383 47.173161 -1.837657 -0.113740 -0.788189 -0.604832 0.686482 0.001268 1 20 1.000000
  20 11.504690 46.815914 -1.038203 -0.113740 -0.788189 -0.604832 0.687547 0.163929 1 20 1.000000
flesh_hand_01
  20 11.828600 48.036922 -2.690268 -0.143949 -0.746025 -0.650174 0.816884 0.002876 1 20 1.000000
  20 12.696383 47.173161 -1.837657 -0.113740 -0.788189 -0.604832 0.686482 0.001268 1 20 1.000000
  20 10.922373 47.275253 -1.637090 -0.131531 -0.762713 -0.633221 0.815857 0.163320 1 20 1.000000
flesh_hand_01
  20 10.688267 47.706142 -2.064324 -0.244494 -0.697103 -0.673995 0.876444 0.162904 1 20 1.000000
  20 11.828600 48.036922 -2.690268 -0.143949 -0.746025 -0.650174 0.816884 0.002876 1 20 1.000000
  20 10.922373 47.275253 -1.637090 -0.131531 -0.762713 -0.633221 0.815857 0.163320 1 20 1.000000
flesh_hand_01
  20 10.688267 47.706142 -2.064324 -0.244494 -0.697103 -0.673995 0.876444 0.162904 1 20 1.000000
  20 10.932583 48.667686 -3.126189 -0.291595 -0.674701 -0.678049 0.998201 0.006092 1 20 1.000000
  20 11.828600 48.036922 -2.690268 -0.143949 -0.746025 -0.650174 0.816884 0.002876 1 20 1.000000
flesh_hand_01
  20 10.932583 48.667686 -3.126189 -0.291595 -0.674701 -0.678049 0.998201 0.006092 1 20 1.000000
  20 10.688267 47.706142 -2.064324 -0.244494 -0.697103 -0.673995 0.876444 0.162904 1 20 1.000000
  20 9.972697 48.269871 -2.155287 -0.409923 -0.627196 -0.662260 0.992991 0.162102 1 20 1.000000
flesh_hand_01
  20 12.414417 45.098492 -0.208630 -0.825997 -0.492453 -0.274259 0.042868 0.874416 1 20 1.000000
  20 13.048844 44.194862 -0.201206 -0.772048 -0.508771 -0.380911 0.041986 0.946097 1 20 1.000000
  20 12.786181 44.201797 0.921594 -0.875153 -0.483668 -0.013096 0.118399 0.940777 1 20 1.000000
flesh_hand_01
  20 12.414417 45.098492 -0.208630 -0.825997 -0.492453 -0.274259 0.042868 0.874416 1 20 1.000000
  20 12.786181 44.201797 0.921594 -0.875153 -0.483668 -0.013096 0.118399 0.940777 1 20 1.000000
  20 12.097403 45.613739 0.862079 -0.944589 -0.163919 0.284399 0.187435 0.879626 1 20 1.000000
flesh_hand_01
  20 12.097403 45.613739 0.862079 -0.944589 -0.163919 0.284399 0.187435 0.879626 1 20 1.000000
  20 12.786181 44.201797 0.921594 -0.875153 -0.483668 -0.013096 0.118399 0.940777 1 20 1.000000
  20 12.485081 45.091591 1.472530 -0.891295 0.007609 0.453360 0.189073 0.935857 1 20 1.000000
flesh_hand_01
  20 12.485081 45.091591 1.472530 -0.891295 0.007609 0.453360 0.189073 0.935857 1 20 1.000000
  20 13.384162 46.453129 1.496344 -0.441599 0.708643 0.550286 0.340801 0.878648 1 20 1.000000
  20 12.097403 45.613739 0.862079 -0.944589 -0.163919 0.284399 0.187435 0.879626 1 20 1.000000
flesh_hand_01
  20 13.593875 46.208466 2.129272 -0.441599 0.708643 0.550286 0.347666 0.937840 1 20 1.000000
  20 13.384162 46.453129 1.496344 -0.441599 0.708643 0.550286 0.340801 0.878648 1 20 1.000000
  20 12.485081 45.091591 1.472530 -0.891295 0.007609 0.453360 0.189073 0.935857 1 20 1.000000
flesh_hand_01
  20 13.593875 46.208466 2.129272 -0.441599 0.708643 0.550286 0.347666 0.937840 1 20 1.000000
  20 14.609393 46.692177 1.489054 0.198290 0.916402 0.347689 0.468487 0.880451 1 20 1.000000
  20 13.384162 46.453129 1.496344 -0.441599 0.708643 0.550286 0.340801 0.878648 1 20 1.000000
flesh_hand_01
  20 14.818909 46.590706 1.707440 0.198290 0.916402 0.347689 0.474044 0.934522 1 20 1.000000
  20 14.609393 46.692177 1.489054 0.198290 0.916402 0.347689 0.468487 0.880451 1 20 1.000000
  20 13.593875 46.208466 2.129272 -0.441599 0.708643 0.550286 0.347666 0.937840 1 20 1.000000
flesh_hand_01
  20 14.818909 46.590706 1.707440 0.198290 0.916402 0.347689 0.474044 0.934522 1 20 1.000000
  20 14.998068 46.933418 -0.035498 0.601356 0.789774 -0.120943 0.607822 0.887128 1 20 1.000000
  20 14.609393 46.692177 1.489054 0.198290 0.916402 0.347689 0.468487 0.880451 1 20 1.000000
flesh_hand_01
  20 15.831196 46.248802 0.243010 0.601356 0.789774 -0.120943 0.608972 0.934274 1 20 1.000000
  20 14.998068 46.933418 -0.035498 0.601356 0.789774 -0.120943 0.607822 0.887128 1 20 1.000000
  20 14.818909 46.590706 1.707440 0.198290 0.916402 0.347689 0.474044 0.934522 1 20 1.000000
flesh_hand_01
  20 15.086219 45.753773 -1.663928 0.061346 0.251730 -0.965851 0.714152 0.931788 1 20 1.000000
  20 14.998068 46.933418 -0.035498 0.601356 0.789774 -0.120943 0.607822 0.887128 1 20 1.000000
  20 15.831196 46.248802 0.243010 0.601356 0.789774 -0.120943 0.608972 0.934274 1 20 1.000000
flesh_hand_01
  20 14.760896 46.043018 -1.534485 0.208783 0.478311 -0.853011 0.716031 0.881913 1 20 1.000000
  20 14.998068 46.933418 -0.035498 0.601356 0.789774 -0.120943 0.607822 0.887128 1 20 1.000000
  20 15.086219 45.753773 -1.663928 0.061346 0.251730 -0.965851 0.714152 0.931788 1 20 1.000000
flesh_hand_01
  20 14.760896 46.043018 -1.534485 0.208783 0.478311 -0.853011 0.716031 0.881913 1 20 1.000000
  20 15.086219 45.753773 -1.663928 0.061346 0.251730 -0.965851 0.714152 0.931788 1 20 1.000000
  20 13.199664 45.253052 -1.202468 -0.419121 -0.169129 -0.892039 0.831392 0.880678 1 20 1.000000
flesh_hand_01
  20 13.199664 45.253052 -1.202468 -0.419121 -0.169129 -0.892039 0.831392 0.880678 1 20 1.000000
  20 15.086219 45.753773 -1.663928 0.061346 0.251730 -0.965851 0.714152 0.931788 1 20 1.000000
  20 13.713104 44.139969 -1.111467 -0.480698 -0.319414 -0.816642 0.825010 0.933990 1 20 1.000000
flesh_hand_01
  20 13.048844 44.194862 -0.201206 -0.772048 -0.508771 -0.380911 0.972753 0.945005 1 20 1.000000
  20 13.199664 45.253052 -1.202468 -0.419121 -0.169129 -0.892039 0.831392 0.880678 1 20 1.000000
  20 13.713104 44.139969 -1.111467 -0.480698 -0.319414 -0.816642 0.825010 0.933990 1 20 1.000000
flesh_hand_01
  20 12.414417 45.098492 -0.208630 -0.825997 -0.492453 -0.274259 0.974944 0.874979 1 20 1.000000
  20 13.199664 45.253052 -1.202468 -0.419121 -0.169129 -0.892039 0.831392 0.880678 1 20 1.000000
  20 13.048844 44.194862 -0.201206 -0.772048 -0.508771 -0.380911 0.972753 0.945005 1 20 1.000000
flesh_hand_01
  20 10.986213 48.043362 -0.662915 -0.496100 -0.776825 0.387850 0.189073 0.935857 1 20 1.000000
  20 11.602394 48.217033 -0.188511 -0.143649 -0.291832 0.945621 0.042868 0.874416 1 20 1.000000
  20 11.266679 48.473125 -0.126171 -0.143649 -0.291832 0.945621 0.041986 0.946097 1 20 1.000000
flesh_hand_01
  20 11.439987 47.749386 -0.567767 -0.496100 -0.776825 0.387850 0.187435 0.879626 1 20 1.000000
  20 11.602394 48.217033 -0.188511 -0.143649 -0.291832 0.945621 0.042868 0.874416 1 20 1.000000
  20 10.986213 48.043362 -0.662915 -0.496100 -0.776825 0.387850 0.189073 0.935857 1 20 1.000000
flesh_hand_01
  20 11.114569 47.948059 -1.044153 -0.391715 -0.906240 -0.159023 0.347666 0.937840 1 20 1.000000
  20 11.439987 47.749386 -0.567767 -0.496100 -0.776825 0.387850 0.187435 0.879626 1 20 1.000000
  20 10.986213 48.043362 -0.662915 -0.496100 -0.776825 0.387850 0.189073 0.935857 1 20 1.000000
flesh_hand_01
  20 11.539123 47.734039 -0.809060 -0.391715 -0.906240 -0.159023 0.340801 0.878648 1 20 1.000000
  20 11.439987 47.749386 -0.567767 -0.496100 -0.776825 0.387850 0.187435 0.879626 1 20 1.000000
  20 11.114569 47.948059 -1.044153 -0.391715 -0.906240 -0.159023 0.347666 0.937840 1 20 1.000000
flesh_hand_01
  20 11.114569 47.948059 -1.044153 -0.391715 -0.906240 -0.159023 0.347666 0.937840 1 20 1.000000
  20 11.670767 47.830814 -1.209480 0.065510 -0.785662 -0.615178 0.468487 0.880451 1 20 1.000000
  20 11.539123 47.734039 -0.809060 -0.391715 -0.906240 -0.159023 0.340801 0.878648 1 20 1.000000
flesh_hand_01
  20 11.195808 48.116924 -1.696064 0.065510 -0.785662 -0.615178 0.474044 0.934522 1 20 1.000000
  20 11.670767 47.830814 -1.209480 0.065510 -0.785662 -0.615178 0.468487 0.880451 1 20 1.000000
  20 11.114569 47.948059 -1.044153 -0.391715 -0.906240 -0.159023 0.347666 0.937840 1 20 1.000000
flesh_hand_01
  20 11.716907 48.725460 -1.710171 0.643058 -0.223937 -0.732345 0.608972 0.934274 1 20 1.000000
  20 11.670767 47.830814 -1.209480 0.065510 -0.785662 -0.615178 0.468487 0.880451 1 20 1.000000
  20 11.195808 48.116924 -1.696064 0.065510 -0.785662 -0.615178 0.474044 0.934522 1 20 1.000000
flesh_hand_01
  20 12.189809 48.164486 -1.230517 0.643058 -0.223937 -0.732345 0.607176 0.880665 1 20 1.000000
  20 11.670767 47.830814 -1.209480 0.065510 -0.785662 -0.615178 0.468487 0.880451 1 20 1.000000
  20 11.716907 48.725460 -1.710171 0.643058 -0.223937 -0.732345 0.608972 0.934274 1 20 1.000000
flesh_hand_01
  20 12.281272 49.046761 -1.035518 0.949811 0.296699 -0.099143 0.714152 0.931788 1 20 1.000000
  20 12.189809 48.164486 -1.230517 0.643058 -0.223937 -0.732345 0.607176 0.880665 1 20 1.000000
  20 11.716907 48.725460 -1.710171 0.643058 -0.223937 -0.732345 0.608972 0.934274 1 20 1.000000
flesh_hand_01
  20 12.307658 48.690979 -0.886059 0.949811 0.296699 -0.099143 0.716031 0.881913 1 20 1.000000
  20 12.189809 48.164486 -1.230517 0.643058 -0.223937 -0.732345 0.607176 0.880665 1 20 1.000000
  20 12.281272 49.046761 -1.035518 0.949811 0.296699 -0.099143 0.714152 0.931788 1 20 1.000000
flesh_hand_01
  20 12.281272 49.046761 -1.035518 0.949811 0.296699 -0.099143 0.714152 0.931788 1 20 1.000000
  20 12.087374 48.671043 -0.252139 0.534948 0.268239 0.801173 0.831392 0.880678 1 20 1.000000
  20 12.307658 48.690979 -0.886059 0.949811 0.296699 -0.099143 0.716031 0.881913 1 20 1.000000
flesh_hand_01
  20 11.639397 49.230663 -0.208035 0.534948 0.268239 0.801173 0.825010 0.933990 1 20 1.000000
  20 12.087374 48.671043 -0.252139 0.534948 0.268239 0.801173 0.831392 0.880678 1 20 1.000000
  20 12.281272 49.046761 -1.035518 0.949811 0.296699 -0.099143 0.714152 0.931788 1 20 1.000000
flesh_hand_01
  20 11.266679 48.473125 -0.126171 -0.143649 -0.291832 0.945621 0.972753 0.945005 1 20 1.000000
  20 12.087374 48.671043 -0.252139 0.534948 0.268239 0.801173 0.831392 0.880678 1 20 1.000000
  20 11.639397 49.230663 -0.208035 0.534948 0.268239 0.801173 0.825010 0.933990 1 20 1.000000
flesh_hand_01
  20 11.602394 48.217033 -0.188511 -0.143649 -0.291832 0.945621 0.974944 0.874979 1 20 1.000000
  20 12.087374 48.671043 -0.252139 0.534948 0.268239 0.801173 0.831392 0.880678 1 20 1.000000
  20 11.266679 48.473125 -0.126171 -0.143649 -0.291832 0.945621 0.972753 0.945005 1 20 1.000000
flesh_hand_01
  20 11.291972 48.370705 1.127660 -0.711584 0.656219 -0.251047 0.073401 0.280074 1 20 1.000000
  20 11.779029 48.470318 -0.143175 -0.704957 0.675949 -0.214776 0.197567 0.247063 1 20 1.000000
  20 10.600606 47.306774 0.294228 -0.724827 0.625753 -0.288199 0.079355 0.137703 1 20 1.000000
flesh_hand_01
  20 10.600606 47.306774 0.294228 -0.724827 0.625753 -0.288199 0.079355 0.137703 1 20 1.000000
  20 11.779029 48.470318 -0.143175 -0.704957 0.675949 -0.214776 0.197567 0.247063 1 20 1.000000
  20 10.785512 46.873840 -0.848653 -0.743520 0.608715 -0.276846 0.166088 0.060608 1 20 1.000000
flesh_hand_01
  20 10.785512 46.873840 -0.848653 -0.743520 0.608715 -0.276846 0.166088 0.060608 1 20 1.000000
  20 11.779029 48.470318 -0.143175 -0.704957 0.675949 -0.214776 0.197567 0.247063 1 20 1.000000
  20 11.529425 47.272182 -2.096735 -0.870361 0.461466 -0.171817 0.307939 0.060185 1 20 1.000000
flesh_hand_01
  20 11.779029 48.470318 -0.143175 -0.704957 0.675949 -0.214776 0.197567 0.247063 1 20 1.000000
  20 11.828600 48.036919 -2.690268 -0.793829 0.596781 -0.116994 0.366964 0.111111 1 20 1.000000
  20 11.529425 47.272182 -2.096735 -0.870361 0.461466 -0.171817 0.307939 0.060185 1 20 1.000000
flesh_hand_01
  20 11.828600 48.036919 -2.690268 -0.793829 0.596781 -0.116994 0.366964 0.111111 1 20 1.000000
  20 11.779029 48.470318 -0.143175 -0.704957 0.675949 -0.214776 0.197567 0.247063 1 20 1.000000
  20 12.752833 48.669456 -2.684048 -0.537241 0.831606 -0.140726 0.445101 0.178527 1 20 1.000000
flesh_hand_01
  20 13.230724 49.203621 -1.124157 -0.561693 0.792024 -0.239164 0.362797 0.315483 1 20 1.000000
  20 12.752833 48.669456 -2.684048 -0.537241 0.831606 -0.140726 0.445101 0.178527 1 20 1.000000
  20 11.779029 48.470318 -0.143175 -0.704957 0.675949 -0.214776 0.197567 0.247063 1 20 1.000000
flesh_hand_01
  20 13.230724 49.203621 -1.124157 -0.561693 0.792024 -0.239164 0.362797 0.315483 1 20 1.000000
  20 11.779029 48.470318 -0.143175 -0.704957 0.675949 -0.214776 0.197567 0.247063 1 20 1.000000
  20 12.369337 49.288864 0.558071 -0.649435 0.707381 -0.279010 0.191009 0.362583 1 20 1.000000
flesh_hand_01
  20 12.369337 49.288864 0.558071 -0.649435 0.707381 -0.279010 0.191009 0.362583 1 20 1.000000
  20 11.779029 48.470318 -0.143175 -0.704957 0.675949 -0.214776 0.197567 0.247063 1 20 1.000000
  20 11.291972 48.370705 1.127660 -0.711584 0.656219 -0.251047 0.073401 0.280074 1 20 1.000000
end
