// Created by Crowbar 0.74
version 1
nodes
  0 "bip_pelvis" -1
  1 "bip_hip_R" 0
  2 "bip_knee_R" 1
  3 "bip_foot_R" 2
  4 "bip_spine_0" 0
  5 "bip_spine_1" 4
  6 "bip_spine_2" 5
  7 "bip_spine_3" 6
  8 "bip_collar_R" 7
  9 "bip_upperArm_R" 8
  10 "bip_lowerArm_R" 9
  11 "bip_hand_R" 10
  12 "bip_Hand_Rotate1_R" 10
  13 "bip_hip_L" 0
  14 "bip_knee_L" 13
  15 "bip_foot_L" 14
  16 "bip_neck" 7
  17 "bip_head" 16
  18 "bip_collar_L" 7
  19 "bip_upperArm_L" 18
  20 "bip_lowerArm_L" 19
  21 "bip_hand_L" 20
  22 "bip_index_0_L" 21
  23 "bip_index_0_R" 11
  24 "bip_Hand_Rotate1_L" 20
  25 "bip_Arm_Rotate1_L" 19
  26 "bip_index_1_L" 22
  27 "bip_middle_0_L" 21
  28 "bip_middle_1_L" 27
  29 "bip_ring_0_L" 21
  30 "bip_ring_1_L" 29
  31 "bip_pinky_0_L" 21
  32 "bip_pinky_1_L" 31
  33 "bip_thumb_0_L" 21
  34 "bip_thumb_1_L" 33
  35 "bip_Hand_Rotate_L" 20
  36 "bip_Arm_Rotate_L" 19
  37 "bip_Pelvis_L" 13
  38 "bip_Arm_Rotate_R" 9
  39 "bip_Arm_Rotate1_R" 9
  40 "bip_kneeMid_L" 14
  41 "Elbow_R" 10
  42 "bip_Pelvis_R" 1
  43 "bip_kneeMid_R" 2
  44 "Elbow_L" 20
  45 "bip_index_1_R" 23
  46 "bip_middle_0_R" 11
  47 "bip_middle_1_R" 46
  48 "bip_ring_0_R" 11
  49 "bip_ring_1_R" 48
  50 "bip_pinky_0_R" 11
  51 "bip_pinky_1_R" 50
  52 "bip_thumb_0_R" 11
  53 "bip_thumb_1_R" 52
  54 "bip_Hand_Rotate_R" 10
  55 "bip_toeEnd_R" 3
  56 "bip_toeEnd_L" 15
  57 "bip_indexEnd_L" 26
  58 "bip_middleEnd_L" 28
  59 "bip_RingEnd_L" 30
  60 "bip_pinkyEnd_L" 32
  61 "bip_thumbEnd_L" 34
  62 "Wp_L" 21
  63 "bip_indexEnd_R" 45
  64 "bip_middleEnd_R" 47
  65 "bip_ringEnd_R" 49
  66 "bip_pinkyEnd_R" 51
  67 "bip_thumbEnd_R" 53
  68 "Wp_R" 11
  69 "bip_forward" 17
  70 "bip_clipbone" 11
end
skeleton
  time 0
    0 0.000000 39.563190 0.000000 0.000000 0.000000 0.000000
    1 -3.366135 -1.935646 1.480067 0.111246 0.039216 -1.700668
    2 16.045450 0.000000 0.000000 -0.000323 0.133775 -0.002420
    3 17.465778 0.000001 0.000001 -0.159390 -0.178530 1.736820
    4 0.000000 4.240540 1.190873 0.000000 0.000000 0.000000
    5 0.000000 5.143673 -0.566893 0.000000 0.000000 0.000000
    6 0.000000 4.011826 -0.435470 0.000000 0.000000 0.000000
    7 0.000000 3.724953 -0.655500 0.000000 0.000000 0.000000
    8 -2.166257 -0.155743 -0.180534 0.000000 0.000000 0.157080
    9 -4.301173 0.280510 -0.232197 1.514108 -0.019862 -2.351989
    10 11.236193 0.000000 0.000004 0.000001 -0.001411 0.443439
    11 9.693705 0.000000 0.000000 1.748300 -0.156891 3.091171
    12 7.480289 0.006109 -0.010555 1.740287 -0.001411 -3.140776
    13 3.366135 -1.935787 1.480067 -0.111239 0.039223 -1.440926
    14 16.045298 0.000001 0.000000 0.000323 0.133775 0.002421
    15 17.465788 0.000000 0.000000 2.982194 0.178536 1.404771
    16 0.000000 3.134243 -0.066059 0.000000 0.000000 0.000000
    17 0.063361 3.268921 0.898785 0.000000 0.000000 0.000000
    18 2.166257 -0.155926 -0.180536 3.141592 0.000000 -0.157080
    19 4.301145 -0.280594 0.232197 0.056693 0.019859 0.789599
    20 11.236181 -0.000027 -0.000006 0.000000 0.444256 0.000000
    21 9.693651 -0.013687 0.007915 0.169489 -0.050609 0.155683
    22 3.443607 -0.311180 -1.426107 0.025754 0.180665 0.039288
    23 -3.443645 0.311172 1.426091 0.025754 0.180665 0.039288
    24 7.480257 -0.000008 -0.000010 0.169489 0.000000 0.000000
    25 6.472908 -0.000031 -0.000001 -0.028346 0.000000 0.000000
    26 1.726654 -0.000004 0.000009 0.000000 0.000000 0.507966
    27 3.628399 -0.413433 -0.461199 -0.017992 0.035722 0.129722
    28 1.717384 -0.000019 -0.000012 0.000000 0.000000 0.296827
    29 3.622608 -0.257954 0.410928 -0.173205 -0.117278 0.214490
    30 1.717384 0.000017 0.000010 0.000000 0.000000 0.254297
    31 3.401308 0.004623 1.218914 -0.166412 -0.272554 0.134906
    32 1.462820 -0.000019 -0.000014 0.000000 0.000000 0.476304
    33 1.013556 0.134880 -1.638489 -0.195039 0.518495 0.573015
    34 1.567802 0.078053 0.000011 0.000000 0.302710 0.000000
    35 4.488096 -0.000061 -0.000023 0.084744 0.000000 0.000000
    36 3.480602 -0.000145 -0.000002 -0.043610 0.000000 0.000000
    37 2.222412 0.000015 -0.267579 -3.088133 -0.110996 1.564869
    38 3.480843 0.000000 0.000004 1.527190 0.000000 3.141593
    39 6.472961 0.000000 0.000000 1.542452 0.000000 3.141593
    40 0.000000 0.000000 0.000000 3.047043 0.186859 1.513152
    41 0.000002 -0.000001 0.000000 1.571107 -0.001377 2.920281
    42 2.222565 0.000001 -0.267583 0.053460 0.111003 1.576724
    43 0.000000 0.000000 0.000000 -0.094550 -0.186859 1.628441
    44 0.000000 0.000000 -0.000001 0.000000 -0.222128 0.000000
    45 -1.726627 0.000000 0.000000 0.000000 0.000000 0.507966
    46 -3.628420 0.413422 0.461190 -0.017992 0.035722 0.129722
    47 -1.717388 0.000000 0.000001 0.000000 0.000000 0.296827
    48 -3.622635 0.257938 -0.410944 -0.173205 -0.117278 0.214490
    49 -1.717390 -0.000002 0.000000 0.000000 0.000000 0.254297
    50 -3.401335 -0.004631 -1.218926 -0.166412 -0.272554 0.134906
    51 -1.462816 -0.000004 0.000000 0.000000 0.000000 0.476304
    52 -1.013588 -0.134895 1.638474 -0.195039 0.518495 0.573015
    53 -1.567801 -0.078051 0.000000 0.000000 0.302710 0.000000
    54 4.488173 0.003667 -0.006332 1.655541 -0.001411 -3.140776
    55 -0.035184 -3.529829 6.683560 0.000000 0.000000 0.000000
    56 0.035217 3.529826 -6.683582 0.000000 0.000000 0.000000
    57 1.878918 0.000004 -0.000005 -0.337833 0.000000 0.000000
    58 1.878918 0.000006 -0.000004 -0.337833 0.000000 0.000000
    59 1.878920 -0.000013 -0.000011 -0.337833 0.000000 0.000000
    60 1.878929 0.000004 0.000001 -0.337833 0.000000 0.000000
    61 1.490896 0.144535 -0.268490 -0.337833 0.000000 0.000000
    62 3.058685 1.032097 -0.605999 0.000000 0.334862 0.049595
    63 -1.878929 0.000002 0.000002 -0.337833 0.000000 0.000000
    64 -1.878931 0.000002 0.000001 -0.337833 0.000000 0.000000
    65 -1.878933 0.000002 0.000000 -0.337833 0.000000 0.000000
    66 -1.878937 0.000004 0.000000 -0.337833 0.000000 0.000000
    67 -1.490896 -0.144542 0.268478 -0.337833 0.000000 0.000000
    68 -3.058714 -1.032104 0.605986 0.000000 0.334862 0.049595
    69 0.000000 0.000000 4.750000 0.000000 -1.570796 -1.570796
    70 -2.849998 0.000000 0.000000 0.000000 0.000000 0.000000
end
triangles
flesh_hand_01
  14 8.315765 18.839600 0.746657 0.665167 0.414537 0.621057 0.686482 0.001268 1 14 1.000000
  14 7.214378 18.740593 2.000318 0.665167 0.414537 0.621057 0.687547 0.163929 1 14 1.000000
  14 8.627563 17.865616 1.070784 0.628031 0.449877 0.634970 0.816884 0.002876 1 14 1.000000
flesh_hand_01
  14 8.627563 17.865616 1.070784 0.628031 0.449877 0.634970 0.816884 0.002876 1 14 1.000000
  14 7.214378 18.740593 2.000318 0.665167 0.414537 0.621057 0.687547 0.163929 1 14 1.000000
  14 7.375462 17.851048 2.413574 0.661507 0.422537 0.619574 0.815857 0.163320 1 14 1.000000
flesh_hand_01
  14 9.217408 17.105217 1.316447 0.557113 0.501713 0.661748 0.998201 0.006092 1 14 1.000000
  14 7.713838 17.256630 2.467480 0.608758 0.467108 0.641268 0.904854 0.122299 1 14 1.000000
  14 7.972036 16.470821 2.680143 0.557113 0.501713 0.661748 0.992991 0.121694 1 14 1.000000
flesh_hand_01
  14 8.627563 17.865616 1.070784 0.628031 0.449877 0.634970 0.816884 0.002876 1 14 1.000000
  14 7.713838 17.256630 2.467480 0.608758 0.467108 0.641268 0.904854 0.122299 1 14 1.000000
  14 9.217408 17.105217 1.316447 0.557113 0.501713 0.661748 0.998201 0.006092 1 14 1.000000
flesh_hand_01
  14 7.713838 17.256630 2.467480 0.608758 0.467108 0.641268 0.904854 0.122299 1 14 1.000000
  14 8.627563 17.865616 1.070784 0.628031 0.449877 0.634970 0.816884 0.002876 1 14 1.000000
  14 7.375462 17.851048 2.413574 0.661507 0.422537 0.619574 0.815857 0.122911 1 14 1.000000
flesh_hand_01
  14 7.808926 23.752373 -1.435355 0.683376 -0.088081 -0.724734 0.161848 0.937752 1 14 1.000000
  14 6.146768 23.306993 -2.948530 0.239536 0.070947 -0.968292 0.042868 0.874416 1 14 1.000000
  14 6.062814 24.436758 -3.245305 0.235684 -0.169251 -0.956978 0.041986 0.946097 1 14 1.000000
flesh_hand_01
  14 7.432228 22.993923 -1.778682 0.690966 0.097226 -0.716319 0.139076 0.877883 1 14 1.000000
  14 6.146768 23.306993 -2.948530 0.239536 0.070947 -0.968292 0.042868 0.874416 1 14 1.000000
  14 7.808926 23.752373 -1.435355 0.683376 -0.088081 -0.724734 0.161848 0.937752 1 14 1.000000
flesh_hand_01
  14 7.432228 22.993923 -1.778682 0.690966 0.097226 -0.716319 0.139076 0.877883 1 14 1.000000
  14 6.986342 21.311619 -2.934742 0.673998 0.125271 -0.728034 0.083713 0.780936 1 14 1.000000
  14 6.146768 23.306993 -2.948530 0.239536 0.070947 -0.968292 0.042868 0.874416 1 14 1.000000
flesh_hand_01
  14 6.146768 23.306993 -2.948530 0.239536 0.070947 -0.968292 0.042868 0.874416 1 14 1.000000
  14 6.986342 21.311619 -2.934742 0.673998 0.125271 -0.728034 0.083713 0.780936 1 14 1.000000
  14 6.320693 21.422886 -3.518409 0.063814 0.074132 -0.995205 0.041740 0.780646 1 14 1.000000
flesh_hand_01
  14 6.986342 21.311619 -2.934742 0.673998 0.125271 -0.728034 0.083713 0.780936 1 14 1.000000
  14 6.508364 20.409941 -3.312382 0.172500 -0.128003 -0.976657 0.041326 0.746262 1 14 1.000000
  14 6.320693 21.422886 -3.518409 0.063814 0.074132 -0.995205 0.041740 0.780646 1 14 1.000000
flesh_hand_01
  14 2.288489 24.005243 -0.434076 -0.694870 -0.181570 0.695836 0.995596 0.063893 1 14 1.000000
  14 3.313687 23.951496 0.077754 -0.386157 0.076355 0.919267 0.904854 0.122299 1 14 1.000000
  14 2.979094 24.595583 -0.270116 -0.431579 0.181861 0.883553 0.992991 0.121694 1 14 1.000000
flesh_hand_01
  14 2.820817 23.380320 -0.097292 -0.671204 -0.178618 0.719430 0.860869 0.062588 1 14 1.000000
  14 3.313687 23.951496 0.077754 -0.386157 0.076355 0.919267 0.904854 0.122299 1 14 1.000000
  14 2.288489 24.005243 -0.434076 -0.694870 -0.181570 0.695836 0.995596 0.063893 1 14 1.000000
flesh_hand_01
  14 2.820817 23.380320 -0.097292 -0.671204 -0.178618 0.719430 0.860869 0.062588 1 14 1.000000
  14 3.216620 22.870049 0.008462 -0.678358 -0.172435 0.714210 0.778339 0.060839 1 14 1.000000
  14 3.313687 23.951496 0.077754 -0.386157 0.076355 0.919267 0.904854 0.122299 1 14 1.000000
flesh_hand_01
  14 2.820817 23.380320 -0.097292 -0.671204 -0.178618 0.719430 0.860869 0.062588 1 14 1.000000
  14 2.622359 22.509884 -1.102656 -0.822684 -0.311545 0.475532 0.740821 -0.001234 1 14 1.000000
  14 3.216620 22.870049 0.008462 -0.678358 -0.172435 0.714210 0.778339 0.060839 1 14 1.000000
flesh_hand_01
  14 2.473655 23.088184 -1.346631 -0.831233 -0.400241 0.385823 0.816884 0.002876 1 14 1.000000
  14 2.622359 22.509884 -1.102656 -0.822684 -0.311545 0.475532 0.740821 -0.001234 1 14 1.000000
  14 2.820817 23.380320 -0.097292 -0.671204 -0.178618 0.719430 0.860869 0.062588 1 14 1.000000
flesh_hand_01
  14 2.288489 24.005243 -0.434076 -0.694870 -0.181570 0.695836 0.995596 0.063893 1 14 1.000000
  14 2.473655 23.088184 -1.346631 -0.831233 -0.400241 0.385823 0.816884 0.002876 1 14 1.000000
  14 2.820817 23.380320 -0.097292 -0.671204 -0.178618 0.719430 0.860869 0.062588 1 14 1.000000
flesh_hand_01
  14 1.871918 23.817093 -1.651762 -0.793726 -0.502033 0.343456 0.998201 0.006092 1 14 1.000000
  14 2.473655 23.088184 -1.346631 -0.831233 -0.400241 0.385823 0.816884 0.002876 1 14 1.000000
  14 2.288489 24.005243 -0.434076 -0.694870 -0.181570 0.695836 0.995596 0.063893 1 14 1.000000
flesh_hand_01
  14 3.313687 23.951496 0.077754 -0.386157 0.076355 0.919267 0.904854 0.122299 1 14 1.000000
  14 3.216620 22.870049 0.008462 -0.678358 -0.172435 0.714210 0.778339 0.060839 1 14 1.000000
  14 3.923220 23.497843 0.298835 -0.429834 0.082107 0.899167 0.815857 0.122911 1 14 1.000000
flesh_hand_01
  14 9.456860 17.116367 -2.861853 0.648050 -0.141838 0.748274 0.998201 0.006092 1 14 1.000000
  14 8.085024 16.627481 -1.766432 0.677329 -0.100564 0.728775 0.904854 0.122299 1 14 1.000000
  14 8.381317 15.896771 -2.377939 0.648050 -0.141838 0.748274 0.992991 0.121694 1 14 1.000000
flesh_hand_01
  14 8.788707 17.801937 -2.369629 0.715889 -0.233239 0.658105 0.816884 0.002876 1 14 1.000000
  14 8.085024 16.627481 -1.766432 0.677329 -0.100564 0.728775 0.904854 0.122299 1 14 1.000000
  14 9.456860 17.116367 -2.861853 0.648050 -0.141838 0.748274 0.998201 0.006092 1 14 1.000000
flesh_hand_01
  14 8.085024 16.627481 -1.766432 0.677329 -0.100564 0.728775 0.904854 0.122299 1 14 1.000000
  14 8.788707 17.801937 -2.369629 0.715889 -0.233239 0.658105 0.816884 0.002876 1 14 1.000000
  14 7.622447 17.080708 -1.267691 0.719742 -0.289941 0.630797 0.815857 0.122911 1 14 1.000000
flesh_hand_01
  14 8.390361 18.721550 -1.271293 0.667982 -0.311131 0.676015 0.686482 0.001268 1 14 1.000000
  14 7.313846 18.021488 -0.457578 0.667982 -0.311131 0.676015 0.687547 0.163929 1 14 1.000000
  14 8.615953 18.246454 -1.640674 0.711201 -0.400026 0.578077 0.750363 0.002056 1 14 1.000000
flesh_hand_01
  14 8.615953 18.246454 -1.640674 0.711201 -0.400026 0.578077 0.750363 0.002056 1 14 1.000000
  14 7.313846 18.021488 -0.457578 0.667982 -0.311131 0.676015 0.687547 0.163929 1 14 1.000000
  14 7.622447 17.080708 -1.267691 0.719742 -0.289941 0.630797 0.815857 0.163320 1 14 1.000000
flesh_hand_01
  14 7.622447 17.080708 -1.267691 0.719742 -0.289941 0.630797 0.815857 0.163320 1 14 1.000000
  14 8.788707 17.801937 -2.369629 0.715889 -0.233239 0.658105 0.816884 0.002876 1 14 1.000000
  14 8.615953 18.246454 -1.640674 0.711201 -0.400026 0.578077 0.750363 0.002056 1 14 1.000000
flesh_hand_01
  14 8.002422 23.441387 0.189421 0.954037 -0.180204 -0.239457 0.869806 0.129743 1 14 1.000000
  14 8.240480 23.354801 1.143301 0.948803 0.074502 0.306957 0.835145 0.069680 1 14 1.000000
  14 8.001135 22.047110 0.924670 0.983804 -0.179167 -0.005370 0.687547 0.163929 1 14 1.000000
flesh_hand_01
  14 8.001135 22.047110 0.924670 0.983804 -0.179167 -0.005370 0.687547 0.163929 1 14 1.000000
  14 8.240480 23.354801 1.143301 0.948803 0.074502 0.306957 0.835145 0.069680 1 14 1.000000
  14 7.730867 22.499866 2.387853 0.813692 0.266793 0.516456 0.685842 0.036252 1 14 1.000000
flesh_hand_01
  14 7.730867 22.499866 2.387853 0.813692 0.266793 0.516456 0.685842 0.036252 1 14 1.000000
  14 8.240480 23.354801 1.143301 0.948803 0.074502 0.306957 0.835145 0.069680 1 14 1.000000
  14 7.381755 23.390463 1.678641 0.478195 0.449742 0.754361 0.805895 0.035328 1 14 1.000000
flesh_hand_01
  14 3.314422 16.835154 -2.474176 -0.892894 0.340581 -0.294523 0.860869 0.062588 1 14 1.000000
  14 4.316063 17.229866 -2.873431 -0.581613 0.469461 -0.664329 0.815857 0.122911 1 14 1.000000
  14 3.945088 16.592754 -3.137611 -0.541077 0.491667 -0.682275 0.904854 0.122299 1 14 1.000000
flesh_hand_01
  14 3.567955 17.350445 -2.124487 -0.885417 0.292489 -0.361229 0.778339 0.060839 1 14 1.000000
  14 4.316063 17.229866 -2.873431 -0.581613 0.469461 -0.664329 0.815857 0.122911 1 14 1.000000
  14 3.314422 16.835154 -2.474176 -0.892894 0.340581 -0.294523 0.860869 0.062588 1 14 1.000000
flesh_hand_01
  14 3.465418 17.235489 -1.270604 -0.998354 0.055201 0.015530 0.740821 -0.001234 1 14 1.000000
  14 3.567955 17.350445 -2.124487 -0.885417 0.292489 -0.361229 0.778339 0.060839 1 14 1.000000
  14 3.564225 16.625891 -1.587696 -0.979930 0.090037 0.177851 0.816884 0.002876 1 14 1.000000
flesh_hand_01
  14 3.564225 16.625891 -1.587696 -0.979930 0.090037 0.177851 0.816884 0.002876 1 14 1.000000
  14 3.567955 17.350445 -2.124487 -0.885417 0.292489 -0.361229 0.778339 0.060839 1 14 1.000000
  14 3.314422 16.835154 -2.474176 -0.892894 0.340581 -0.294523 0.860869 0.062588 1 14 1.000000
flesh_hand_01
  14 3.564225 16.625891 -1.587696 -0.979930 0.090037 0.177851 0.816884 0.002876 1 14 1.000000
  14 3.314422 16.835154 -2.474176 -0.892894 0.340581 -0.294523 0.860869 0.062588 1 14 1.000000
  14 3.316643 15.702243 -2.017139 -0.961333 0.101405 0.256038 0.998201 0.006092 1 14 1.000000
flesh_hand_01
  14 3.316643 15.702243 -2.017139 -0.961333 0.101405 0.256038 0.998201 0.006092 1 14 1.000000
  14 3.314422 16.835154 -2.474176 -0.892894 0.340581 -0.294523 0.860869 0.062588 1 14 1.000000
  14 3.164791 15.970465 -2.827851 -0.918676 0.282231 -0.276370 0.995596 0.063893 1 14 1.000000
flesh_hand_01
  14 3.314422 16.835154 -2.474176 -0.892894 0.340581 -0.294523 0.860869 0.062588 1 14 1.000000
  14 3.945088 16.592754 -3.137611 -0.541077 0.491667 -0.682275 0.904854 0.122299 1 14 1.000000
  14 3.164791 15.970465 -2.827851 -0.918676 0.282231 -0.276370 0.995596 0.063893 1 14 1.000000
flesh_hand_01
  14 3.164791 15.970465 -2.827851 -0.918676 0.282231 -0.276370 0.995596 0.063893 1 14 1.000000
  14 3.945088 16.592754 -3.137611 -0.541077 0.491667 -0.682275 0.904854 0.122299 1 14 1.000000
  14 3.904075 15.816029 -3.479524 -0.583901 0.373315 -0.720899 0.992991 0.121694 1 14 1.000000
flesh_hand_01
  14 7.197714 22.001707 -0.880680 0.697733 0.393570 -0.598558 0.687547 0.163929 1 14 1.000000
  14 8.168150 22.204746 0.886563 0.827861 0.511506 -0.230233 0.694612 0.032273 1 14 1.000000
  14 8.005240 22.070339 0.030143 0.114569 0.977835 -0.175251 0.687014 0.082598 1 14 1.000000
flesh_hand_01
  14 6.949419 23.850281 -0.907563 0.621900 0.034223 -0.782349 0.869806 0.129743 1 14 1.000000
  14 7.785462 23.592812 -0.225340 0.908549 0.057556 -0.413794 0.835145 0.069680 1 14 1.000000
  14 7.197714 22.001707 -0.880680 0.697733 0.393570 -0.598558 0.687547 0.163929 1 14 1.000000
flesh_hand_01
  14 7.197714 22.001707 -0.880680 0.697733 0.393570 -0.598558 0.687547 0.163929 1 14 1.000000
  14 7.785462 23.592812 -0.225340 0.908549 0.057556 -0.413794 0.835145 0.069680 1 14 1.000000
  14 8.168150 22.204746 0.886563 0.827861 0.511506 -0.230233 0.694612 0.032273 1 14 1.000000
flesh_hand_01
  14 8.168150 22.204746 0.886563 0.827861 0.511506 -0.230233 0.694612 0.032273 1 14 1.000000
  14 7.785462 23.592812 -0.225340 0.908549 0.057556 -0.413794 0.835145 0.069680 1 14 1.000000
  14 7.708547 23.479225 0.820608 0.982202 0.162645 0.093941 0.822610 0.032289 1 14 1.000000
flesh_hand_01
  14 5.849722 22.777714 1.879478 -0.179010 0.942506 0.282202 0.512617 0.146647 1 14 1.000000
  14 6.677843 23.025082 1.466035 -0.179010 0.942506 0.282202 0.568814 0.130527 1 14 1.000000
  14 4.990019 22.695227 1.497048 -0.220117 0.947013 0.233913 0.463059 0.117067 1 14 1.000000
flesh_hand_01
  14 4.990019 22.695227 1.497048 -0.220117 0.947013 0.233913 0.463059 0.117067 1 14 1.000000
  14 6.677843 23.025082 1.466035 -0.179010 0.942506 0.282202 0.568814 0.130527 1 14 1.000000
  14 6.554288 23.350794 0.412426 -0.220117 0.947013 0.233913 0.574820 0.066365 1 14 1.000000
flesh_hand_01
  14 6.554288 23.350794 0.412426 -0.220117 0.947013 0.233913 0.574820 0.066365 1 14 1.000000
  14 4.922664 22.913273 0.357574 -0.260333 0.947692 0.184679 0.470585 0.050504 1 14 1.000000
  14 4.990019 22.695227 1.497048 -0.220117 0.947013 0.233913 0.463059 0.117067 1 14 1.000000
flesh_hand_01
  14 5.722552 23.184811 0.017336 -0.260333 0.947692 0.184679 0.524884 0.036840 1 14 1.000000
  14 4.922664 22.913273 0.357574 -0.260333 0.947692 0.184679 0.470585 0.050504 1 14 1.000000
  14 6.554288 23.350794 0.412426 -0.220117 0.947013 0.233913 0.574820 0.066365 1 14 1.000000
flesh_hand_01
  14 4.531037 16.522682 -0.248596 -0.547236 -0.004919 -0.836964 0.815857 0.163320 1 14 1.000000
  14 3.283037 16.641228 0.931827 -0.745194 0.120952 -0.655787 0.816884 0.002876 1 14 1.000000
  14 3.036714 17.323311 0.132511 -0.466095 -0.438116 -0.768641 0.750363 0.002056 1 14 1.000000
flesh_hand_01
  14 3.036714 17.323311 0.132511 -0.466095 -0.438116 -0.768641 0.750363 0.002056 1 14 1.000000
  14 3.460217 17.975559 0.030651 -0.341842 -0.071854 -0.937006 0.686482 0.001268 1 14 1.000000
  14 4.531037 16.522682 -0.248596 -0.547236 -0.004919 -0.836964 0.815857 0.163320 1 14 1.000000
flesh_hand_01
  14 4.531037 16.522682 -0.248596 -0.547236 -0.004919 -0.836964 0.815857 0.163320 1 14 1.000000
  14 3.460217 17.975559 0.030651 -0.341842 -0.071854 -0.937006 0.686482 0.001268 1 14 1.000000
  14 4.908589 17.694017 -0.578820 -0.341842 -0.071854 -0.937006 0.687547 0.163929 1 14 1.000000
flesh_hand_01
  14 2.764117 15.668896 0.962623 -0.808582 0.214928 -0.547723 0.998201 0.006092 1 14 1.000000
  14 3.895237 16.015411 -0.571232 -0.637931 0.536660 -0.552304 0.904854 0.122299 1 14 1.000000
  14 3.723207 15.078808 -0.331078 -0.808582 0.214928 -0.547723 0.992991 0.121694 1 14 1.000000
flesh_hand_01
  14 3.283037 16.641228 0.931827 -0.745194 0.120952 -0.655787 0.816884 0.002876 1 14 1.000000
  14 3.895237 16.015411 -0.571232 -0.637931 0.536660 -0.552304 0.904854 0.122299 1 14 1.000000
  14 2.764117 15.668896 0.962623 -0.808582 0.214928 -0.547723 0.998201 0.006092 1 14 1.000000
flesh_hand_01
  14 3.895237 16.015411 -0.571232 -0.637931 0.536660 -0.552304 0.904854 0.122299 1 14 1.000000
  14 3.283037 16.641228 0.931827 -0.745194 0.120952 -0.655787 0.816884 0.002876 1 14 1.000000
  14 4.531037 16.522682 -0.248596 -0.547236 -0.004919 -0.836964 0.815857 0.122911 1 14 1.000000
flesh_hand_01
  14 8.198275 17.727491 -2.273207 0.570711 0.627530 -0.529618 0.815857 0.163320 1 14 1.000000
  14 7.325478 17.581114 -3.249998 0.560779 0.657794 -0.502826 0.816884 0.002876 1 14 1.000000
  14 7.045321 18.164637 -3.018282 0.592934 0.622151 -0.511231 0.750363 0.002056 1 14 1.000000
flesh_hand_01
  14 7.045321 18.164637 -3.018282 0.592934 0.622151 -0.511231 0.750363 0.002056 1 14 1.000000
  14 6.793634 18.728254 -2.546345 0.581609 0.706074 -0.403969 0.686482 0.001268 1 14 1.000000
  14 8.198275 17.727491 -2.273207 0.570711 0.627530 -0.529618 0.815857 0.163320 1 14 1.000000
flesh_hand_01
  14 8.198275 17.727491 -2.273207 0.570711 0.627530 -0.529618 0.815857 0.163320 1 14 1.000000
  14 6.793634 18.728254 -2.546345 0.581609 0.706074 -0.403969 0.686482 0.001268 1 14 1.000000
  14 7.712707 18.585482 -1.321848 0.581609 0.706074 -0.403969 0.687547 0.163929 1 14 1.000000
flesh_hand_01
  14 7.983484 16.920029 -4.071874 0.539563 0.781608 -0.312986 0.998201 0.006092 1 14 1.000000
  14 8.233903 17.277592 -2.747240 0.538115 0.716720 -0.443559 0.904854 0.122299 1 14 1.000000
  14 8.764052 16.587418 -3.251529 0.539563 0.781608 -0.312986 0.992991 0.121694 1 14 1.000000
flesh_hand_01
  14 7.325478 17.581114 -3.249998 0.560779 0.657794 -0.502826 0.816884 0.002876 1 14 1.000000
  14 8.233903 17.277592 -2.747240 0.538115 0.716720 -0.443559 0.904854 0.122299 1 14 1.000000
  14 7.983484 16.920029 -4.071874 0.539563 0.781608 -0.312986 0.998201 0.006092 1 14 1.000000
flesh_hand_01
  14 8.233903 17.277592 -2.747240 0.538115 0.716720 -0.443559 0.904854 0.122299 1 14 1.000000
  14 7.325478 17.581114 -3.249998 0.560779 0.657794 -0.502826 0.816884 0.002876 1 14 1.000000
  14 8.198275 17.727491 -2.273207 0.570711 0.627530 -0.529618 0.815857 0.122911 1 14 1.000000
flesh_hand_01
  14 3.171424 16.665556 -2.600750 -0.716571 0.507219 -0.478806 0.998201 0.006092 1 14 1.000000
  14 4.248027 17.340448 -3.497030 -0.791319 0.430869 -0.433782 0.904854 0.122299 1 14 1.000000
  14 4.100215 16.585032 -3.673141 -0.716571 0.507219 -0.478806 0.992991 0.121694 1 14 1.000000
flesh_hand_01
  14 3.674854 17.473030 -2.095859 -0.823524 0.355041 -0.442441 0.816884 0.002876 1 14 1.000000
  14 4.248027 17.340448 -3.497030 -0.791319 0.430869 -0.433782 0.904854 0.122299 1 14 1.000000
  14 3.171424 16.665556 -2.600750 -0.716571 0.507219 -0.478806 0.998201 0.006092 1 14 1.000000
flesh_hand_01
  14 4.248027 17.340448 -3.497030 -0.791319 0.430869 -0.433782 0.904854 0.122299 1 14 1.000000
  14 3.674854 17.473030 -2.095859 -0.823524 0.355041 -0.442441 0.816884 0.002876 1 14 1.000000
  14 4.399220 17.934908 -3.293417 -0.832700 0.311261 -0.457959 0.815857 0.122911 1 14 1.000000
flesh_hand_01
  14 4.399220 17.934908 -3.293417 -0.832700 0.311261 -0.457959 0.815857 0.163320 1 14 1.000000
  14 3.627166 18.612005 -1.583186 -0.794966 0.348241 -0.496746 0.686482 0.001268 1 14 1.000000
  14 4.707695 18.943920 -2.626473 -0.663617 0.542996 -0.514555 0.687547 0.163929 1 14 1.000000
flesh_hand_01
  14 4.399220 17.934908 -3.293417 -0.832700 0.311261 -0.457959 0.815857 0.163320 1 14 1.000000
  14 3.661783 18.051950 -1.817308 -0.876887 0.165742 -0.451219 0.750363 0.002056 1 14 1.000000
  14 3.627166 18.612005 -1.583186 -0.794966 0.348241 -0.496746 0.686482 0.001268 1 14 1.000000
flesh_hand_01
  14 4.399220 17.934908 -3.293417 -0.832700 0.311261 -0.457959 0.815857 0.163320 1 14 1.000000
  14 3.674854 17.473030 -2.095859 -0.823524 0.355041 -0.442441 0.816884 0.002876 1 14 1.000000
  14 3.661783 18.051950 -1.817308 -0.876887 0.165742 -0.451219 0.750363 0.002056 1 14 1.000000
flesh_hand_01
  14 3.360607 16.501352 -1.031725 -0.896913 0.068211 0.436915 0.998201 0.006092 1 14 1.000000
  14 2.839376 17.663849 -2.283211 -0.816881 0.284298 0.501877 0.904854 0.122299 1 14 1.000000
  14 2.650218 16.895979 -2.819771 -0.896913 0.068211 0.436915 0.992991 0.121694 1 14 1.000000
flesh_hand_01
  14 3.651011 17.183493 -0.810201 -0.822975 0.302592 0.480781 0.816884 0.002876 1 14 1.000000
  14 2.839376 17.663849 -2.283211 -0.816881 0.284298 0.501877 0.904854 0.122299 1 14 1.000000
  14 3.360607 16.501352 -1.031725 -0.896913 0.068211 0.436915 0.998201 0.006092 1 14 1.000000
flesh_hand_01
  14 2.839376 17.663849 -2.283211 -0.816881 0.284298 0.501877 0.904854 0.122299 1 14 1.000000
  14 3.651011 17.183493 -0.810201 -0.822975 0.302592 0.480781 0.816884 0.002876 1 14 1.000000
  14 3.410521 18.319267 -2.140435 -0.831129 0.296017 0.470742 0.815857 0.122911 1 14 1.000000
flesh_hand_01
  14 4.342788 18.522451 -0.051917 -0.913844 0.046371 0.403408 0.686482 0.001268 1 14 1.000000
  14 3.816483 19.219727 -1.411566 -0.913844 0.046371 0.403408 0.687547 0.163929 1 14 1.000000
  14 4.199872 18.010262 -0.404043 -0.883646 0.194156 0.425996 0.750363 0.002056 1 14 1.000000
flesh_hand_01
  14 4.199872 18.010262 -0.404043 -0.883646 0.194156 0.425996 0.750363 0.002056 1 14 1.000000
  14 3.816483 19.219727 -1.411566 -0.913844 0.046371 0.403408 0.687547 0.163929 1 14 1.000000
  14 3.410521 18.319267 -2.140435 -0.831129 0.296017 0.470742 0.815857 0.163320 1 14 1.000000
flesh_hand_01
  14 3.410521 18.319267 -2.140435 -0.831129 0.296017 0.470742 0.815857 0.163320 1 14 1.000000
  14 3.651011 17.183493 -0.810201 -0.822975 0.302592 0.480781 0.816884 0.002876 1 14 1.000000
  14 4.199872 18.010262 -0.404043 -0.883646 0.194156 0.425996 0.750363 0.002056 1 14 1.000000
flesh_hand_01
  14 8.242710 15.800606 0.099348 0.927661 -0.324325 0.185089 0.330316 0.405802 1 14 1.000000
  14 8.374603 18.024727 0.920998 0.928633 -0.247286 0.276570 0.334938 0.541579 1 14 1.000000
  14 7.168375 15.709892 1.414402 0.013040 -0.511734 0.859045 0.457983 0.406950 1 14 1.000000
flesh_hand_01
  14 6.762017 18.031826 2.632873 0.265248 -0.588780 0.763533 0.461030 0.539865 1 14 1.000000
  14 4.263494 18.176790 2.085610 -0.501562 -0.524398 0.688071 0.598802 0.539926 1 14 1.000000
  14 7.168375 15.709892 1.414402 0.013040 -0.511734 0.859045 0.457983 0.406950 1 14 1.000000
flesh_hand_01
  14 7.168375 15.709892 1.414402 0.013040 -0.511734 0.859045 0.457983 0.406950 1 14 1.000000
  14 8.374603 18.024727 0.920998 0.928633 -0.247286 0.276570 0.334938 0.541579 1 14 1.000000
  14 6.762017 18.031826 2.632873 0.265248 -0.588780 0.763533 0.461030 0.539865 1 14 1.000000
flesh_hand_01
  14 8.374603 18.024727 0.920998 0.928633 -0.247286 0.276570 0.334938 0.541579 1 14 1.000000
  14 8.502931 18.355495 1.107859 0.816362 -0.511858 0.267497 0.335490 0.557787 1 14 1.000000
  14 6.762017 18.031826 2.632873 0.265248 -0.588780 0.763533 0.461030 0.539865 1 14 1.000000
flesh_hand_01
  14 8.502931 18.355495 1.107859 0.816362 -0.511858 0.267497 0.335490 0.557787 1 14 1.000000
  14 8.374603 18.024727 0.920998 0.928633 -0.247286 0.276570 0.334938 0.541579 1 14 1.000000
  14 8.465536 18.629358 -1.584555 0.751491 -0.311735 -0.581448 0.204412 0.557594 1 14 1.000000
flesh_hand_01
  14 8.465536 18.629358 -1.584555 0.751491 -0.311735 -0.581448 0.204412 0.557594 1 14 1.000000
  14 8.374603 18.024727 0.920998 0.928633 -0.247286 0.276570 0.334938 0.541579 1 14 1.000000
  14 8.328372 18.324083 -1.587246 0.923147 0.147030 -0.355222 0.203408 0.543090 1 14 1.000000
flesh_hand_01
  14 8.328372 18.324083 -1.587246 0.923147 0.147030 -0.355222 0.203408 0.543090 1 14 1.000000
  14 7.792250 18.466442 -2.067517 0.631561 0.358259 -0.687590 0.165491 0.541873 1 14 1.000000
  14 8.465536 18.629358 -1.584555 0.751491 -0.311735 -0.581448 0.204412 0.557594 1 14 1.000000
flesh_hand_01
  14 7.956214 18.103727 -2.741026 0.594755 0.502185 -0.627755 0.157312 0.493276 1 14 1.000000
  14 7.792250 18.466442 -2.067517 0.631561 0.358259 -0.687590 0.165491 0.541873 1 14 1.000000
  14 8.328372 18.324083 -1.587246 0.923147 0.147030 -0.355222 0.203408 0.543090 1 14 1.000000
flesh_hand_01
  14 7.792250 18.466442 -2.067517 0.631561 0.358259 -0.687590 0.165491 0.541873 1 14 1.000000
  14 7.956214 18.103727 -2.741026 0.594755 0.502185 -0.627755 0.157312 0.493276 1 14 1.000000
  14 6.155525 18.750111 -3.204202 0.109594 0.139984 -0.984070 0.060160 0.538489 1 14 1.000000
flesh_hand_01
  14 6.155525 18.750111 -3.204202 0.109594 0.139984 -0.984070 0.060160 0.538489 1 14 1.000000
  14 7.956214 18.103727 -2.741026 0.594755 0.502185 -0.627755 0.157312 0.493276 1 14 1.000000
  14 6.453012 17.593410 -3.536077 -0.041005 0.081883 -0.995798 0.069048 0.471263 1 14 1.000000
flesh_hand_01
  14 6.453012 17.593410 -3.536077 -0.041005 0.081883 -0.995798 0.069048 0.471263 1 14 1.000000
  14 7.956214 18.103727 -2.741026 0.594755 0.502185 -0.627755 0.157312 0.493276 1 14 1.000000
  14 8.497896 16.672117 -2.383969 0.843994 -0.157463 -0.512717 0.199935 0.473439 1 14 1.000000
flesh_hand_01
  14 6.453012 17.593410 -3.536077 -0.041005 0.081883 -0.995798 0.069048 0.471263 1 14 1.000000
  14 8.497896 16.672117 -2.383969 0.843994 -0.157463 -0.512717 0.199935 0.473439 1 14 1.000000
  14 6.468248 16.031773 -3.334818 0.023562 -0.277479 -0.960443 0.077936 0.404036 1 14 1.000000
flesh_hand_01
  14 6.468248 16.031773 -3.334818 0.023562 -0.277479 -0.960443 0.077936 0.404036 1 14 1.000000
  14 8.497896 16.672117 -2.383969 0.843994 -0.157463 -0.512717 0.199935 0.473439 1 14 1.000000
  14 7.918616 16.080223 -2.443002 0.642517 -0.578733 -0.502235 0.193856 0.405141 1 14 1.000000
flesh_hand_01
  14 8.497896 16.672117 -2.383969 0.843994 -0.157463 -0.512717 0.199935 0.473439 1 14 1.000000
  14 8.242710 15.800606 0.099348 0.927661 -0.324325 0.185089 0.330316 0.405802 1 14 1.000000
  14 7.918616 16.080223 -2.443002 0.642517 -0.578733 -0.502235 0.193856 0.405141 1 14 1.000000
flesh_hand_01
  14 8.497896 16.672117 -2.383969 0.843994 -0.157463 -0.512717 0.199935 0.473439 1 14 1.000000
  14 8.533490 17.529142 -0.433759 0.998131 -0.025557 0.055509 0.269485 0.496106 1 14 1.000000
  14 8.242710 15.800606 0.099348 0.927661 -0.324325 0.185089 0.330316 0.405802 1 14 1.000000
flesh_hand_01
  14 8.242710 15.800606 0.099348 0.927661 -0.324325 0.185089 0.330316 0.405802 1 14 1.000000
  14 8.533490 17.529142 -0.433759 0.998131 -0.025557 0.055509 0.269485 0.496106 1 14 1.000000
  14 8.374603 18.024727 0.920998 0.928633 -0.247286 0.276570 0.334938 0.541579 1 14 1.000000
flesh_hand_01
  14 8.533490 17.529142 -0.433759 0.998131 -0.025557 0.055509 0.269485 0.496106 1 14 1.000000
  14 8.328372 18.324083 -1.587246 0.923147 0.147030 -0.355222 0.203408 0.543090 1 14 1.000000
  14 8.374603 18.024727 0.920998 0.928633 -0.247286 0.276570 0.334938 0.541579 1 14 1.000000
flesh_hand_01
  14 8.497896 16.672117 -2.383969 0.843994 -0.157463 -0.512717 0.199935 0.473439 1 14 1.000000
  14 8.328372 18.324083 -1.587246 0.923147 0.147030 -0.355222 0.203408 0.543090 1 14 1.000000
  14 8.533490 17.529142 -0.433759 0.998131 -0.025557 0.055509 0.269485 0.496106 1 14 1.000000
flesh_hand_01
  14 7.956214 18.103727 -2.741026 0.594755 0.502185 -0.627755 0.157312 0.493276 1 14 1.000000
  14 8.328372 18.324083 -1.587246 0.923147 0.147030 -0.355222 0.203408 0.543090 1 14 1.000000
  14 8.497896 16.672117 -2.383969 0.843994 -0.157463 -0.512717 0.199935 0.473439 1 14 1.000000
flesh_hand_01
  14 6.155525 18.750111 -3.204202 0.109594 0.139984 -0.984070 0.060160 0.538489 1 14 1.000000
  14 6.060643 19.133738 -3.445835 0.106990 -0.438075 -0.892549 0.057761 0.556636 1 14 1.000000
  14 7.792250 18.466442 -2.067517 0.631561 0.358259 -0.687590 0.165491 0.541873 1 14 1.000000
flesh_hand_01
  14 7.792250 18.466442 -2.067517 0.631561 0.358259 -0.687590 0.165491 0.541873 1 14 1.000000
  14 6.060643 19.133738 -3.445835 0.106990 -0.438075 -0.892549 0.057761 0.556636 1 14 1.000000
  14 8.465536 18.629358 -1.584555 0.751491 -0.311735 -0.581448 0.204412 0.557594 1 14 1.000000
flesh_hand_01
  14 6.762017 18.031826 2.632873 0.265248 -0.588780 0.763533 0.461030 0.539865 1 14 1.000000
  14 8.502931 18.355495 1.107859 0.816362 -0.511858 0.267497 0.335490 0.557787 1 14 1.000000
  14 6.759196 18.319782 2.962785 0.226045 -0.728594 0.646571 0.461420 0.556888 1 14 1.000000
flesh_hand_01
  14 6.762017 18.031826 2.632873 0.265248 -0.588780 0.763533 0.461030 0.539865 1 14 1.000000
  14 6.759196 18.319782 2.962785 0.226045 -0.728594 0.646571 0.461420 0.556888 1 14 1.000000
  14 4.263494 18.176790 2.085610 -0.501562 -0.524398 0.688071 0.598802 0.539926 1 14 1.000000
flesh_hand_01
  14 4.263494 18.176790 2.085610 -0.501562 -0.524398 0.688071 0.598802 0.539926 1 14 1.000000
  14 6.759196 18.319782 2.962785 0.226045 -0.728594 0.646571 0.461420 0.556888 1 14 1.000000
  14 4.077001 18.442961 2.362566 -0.419705 -0.754504 0.504550 0.598051 0.557591 1 14 1.000000
flesh_hand_01
  14 4.077001 18.442961 2.362566 -0.419705 -0.754504 0.504550 0.598051 0.557591 1 14 1.000000
  14 3.275447 18.221464 0.345464 -0.717143 -0.693070 0.073206 0.690767 0.557197 1 14 1.000000
  14 4.263494 18.176790 2.085610 -0.501562 -0.524398 0.688071 0.598802 0.539926 1 14 1.000000
flesh_hand_01
  14 4.527631 14.955078 -0.707455 -0.527141 -0.835817 0.153400 0.685076 0.408264 1 14 1.000000
  14 5.610870 15.269029 0.553833 -0.328812 -0.638011 0.696293 0.604383 0.408558 1 14 1.000000
  14 3.728061 15.430886 -0.446545 -0.777465 -0.605933 0.168504 0.686331 0.441111 1 14 1.000000
flesh_hand_01
  14 3.874613 16.002823 -2.060266 -0.662274 -0.405081 -0.630320 0.785799 0.438965 1 14 1.000000
  14 4.527631 14.955078 -0.707455 -0.527141 -0.835817 0.153400 0.685076 0.408264 1 14 1.000000
  14 3.728061 15.430886 -0.446545 -0.777465 -0.605933 0.168504 0.686331 0.441111 1 14 1.000000
flesh_hand_01
  14 4.786955 15.450305 -2.258118 -0.505969 -0.603309 -0.616452 0.781835 0.407272 1 14 1.000000
  14 4.527631 14.955078 -0.707455 -0.527141 -0.835817 0.153400 0.685076 0.408264 1 14 1.000000
  14 3.874613 16.002823 -2.060266 -0.662274 -0.405081 -0.630320 0.785799 0.438965 1 14 1.000000
flesh_hand_01
  14 3.874613 16.002823 -2.060266 -0.662274 -0.405081 -0.630320 0.785799 0.438965 1 14 1.000000
  14 6.468248 16.031773 -3.334818 0.023562 -0.277479 -0.960443 0.895242 0.404174 1 14 1.000000
  14 4.786955 15.450305 -2.258118 -0.505969 -0.603309 -0.616452 0.781835 0.407272 1 14 1.000000
flesh_hand_01
  14 3.874613 16.002823 -2.060266 -0.662274 -0.405081 -0.630320 0.785799 0.438965 1 14 1.000000
  14 3.731390 16.896286 -2.039173 -0.813680 -0.024893 -0.580779 0.789764 0.470659 1 14 1.000000
  14 6.468248 16.031773 -3.334818 0.023562 -0.277479 -0.960443 0.895242 0.404174 1 14 1.000000
flesh_hand_01
  14 6.468248 16.031773 -3.334818 0.023562 -0.277479 -0.960443 0.895242 0.404174 1 14 1.000000
  14 3.731390 16.896286 -2.039173 -0.813680 -0.024893 -0.580779 0.789764 0.470659 1 14 1.000000
  14 6.453012 17.593410 -3.536077 -0.041005 0.081883 -0.995798 0.913919 0.471200 1 14 1.000000
flesh_hand_01
  14 3.659223 17.642609 -1.786570 -0.831711 0.128292 -0.540183 0.793728 0.502352 1 14 1.000000
  14 6.453012 17.593410 -3.536077 -0.041005 0.081883 -0.995798 0.913919 0.471200 1 14 1.000000
  14 3.731390 16.896286 -2.039173 -0.813680 -0.024893 -0.580779 0.789764 0.470659 1 14 1.000000
flesh_hand_01
  14 6.453012 17.593410 -3.536077 -0.041005 0.081883 -0.995798 0.913919 0.471200 1 14 1.000000
  14 3.659223 17.642609 -1.786570 -0.831711 0.128292 -0.540183 0.793728 0.502352 1 14 1.000000
  14 6.155525 18.750111 -3.204202 0.109594 0.139984 -0.984070 0.932595 0.538226 1 14 1.000000
flesh_hand_01
  14 6.155525 18.750111 -3.204202 0.109594 0.139984 -0.984070 0.932595 0.538226 1 14 1.000000
  14 3.659223 17.642609 -1.786570 -0.831711 0.128292 -0.540183 0.793728 0.502352 1 14 1.000000
  14 3.744273 18.330578 -1.769115 -0.775544 -0.273660 -0.568895 0.797692 0.534046 1 14 1.000000
flesh_hand_01
  14 3.744273 18.330578 -1.769115 -0.775544 -0.273660 -0.568895 0.797692 0.534046 1 14 1.000000
  14 6.060643 19.133738 -3.445835 0.106990 -0.438075 -0.892549 0.937637 0.556319 1 14 1.000000
  14 6.155525 18.750111 -3.204202 0.109594 0.139984 -0.984070 0.932595 0.538226 1 14 1.000000
flesh_hand_01
  14 3.376946 18.741648 -1.869446 -0.592212 -0.623441 -0.510496 0.800632 0.557551 1 14 1.000000
  14 6.060643 19.133738 -3.445835 0.106990 -0.438075 -0.892549 0.937637 0.556319 1 14 1.000000
  14 3.744273 18.330578 -1.769115 -0.775544 -0.273660 -0.568895 0.797692 0.534046 1 14 1.000000
flesh_hand_01
  14 3.376946 18.741648 -1.869446 -0.592212 -0.623441 -0.510496 0.800632 0.557551 1 14 1.000000
  14 3.744273 18.330578 -1.769115 -0.775544 -0.273660 -0.568895 0.797692 0.534046 1 14 1.000000
  14 3.275447 18.221464 0.345464 -0.717143 -0.693070 0.073206 0.690767 0.557197 1 14 1.000000
flesh_hand_01
  14 3.275447 18.221464 0.345464 -0.717143 -0.693070 0.073206 0.690767 0.557197 1 14 1.000000
  14 3.744273 18.330578 -1.769115 -0.775544 -0.273660 -0.568895 0.797692 0.534046 1 14 1.000000
  14 3.465743 17.969654 0.253571 -0.957473 -0.272645 0.094398 0.690096 0.539652 1 14 1.000000
flesh_hand_01
  14 4.263494 18.176790 2.085610 -0.501562 -0.524398 0.688071 0.598802 0.539926 1 14 1.000000
  14 3.275447 18.221464 0.345464 -0.717143 -0.693070 0.073206 0.690767 0.557197 1 14 1.000000
  14 3.465743 17.969654 0.253571 -0.957473 -0.272645 0.094398 0.690096 0.539652 1 14 1.000000
flesh_hand_01
  14 3.465743 17.969654 0.253571 -0.957473 -0.272645 0.094398 0.690096 0.539652 1 14 1.000000
  14 3.885873 17.565969 1.882400 -0.771793 -0.247847 0.585583 0.600197 0.507084 1 14 1.000000
  14 4.263494 18.176790 2.085610 -0.501562 -0.524398 0.688071 0.598802 0.539926 1 14 1.000000
flesh_hand_01
  14 4.263494 18.176790 2.085610 -0.501562 -0.524398 0.688071 0.598802 0.539926 1 14 1.000000
  14 3.885873 17.565969 1.882400 -0.771793 -0.247847 0.585583 0.600197 0.507084 1 14 1.000000
  14 7.168375 15.709892 1.414402 0.013040 -0.511734 0.859045 0.457983 0.406950 1 14 1.000000
flesh_hand_01
  14 3.885873 17.565969 1.882400 -0.771793 -0.247847 0.585583 0.600197 0.507084 1 14 1.000000
  14 4.057829 16.683039 1.026056 -0.527441 -0.539989 0.655910 0.601592 0.474242 1 14 1.000000
  14 7.168375 15.709892 1.414402 0.013040 -0.511734 0.859045 0.457983 0.406950 1 14 1.000000
flesh_hand_01
  14 7.168375 15.709892 1.414402 0.013040 -0.511734 0.859045 0.457983 0.406950 1 14 1.000000
  14 4.057829 16.683039 1.026056 -0.527441 -0.539989 0.655910 0.601592 0.474242 1 14 1.000000
  14 5.610870 15.269029 0.553833 -0.328812 -0.638011 0.696293 0.604383 0.408558 1 14 1.000000
flesh_hand_01
  14 3.659223 17.642609 -1.786570 -0.831711 0.128292 -0.540183 0.793728 0.502352 1 14 1.000000
  14 3.465743 17.969654 0.253571 -0.957473 -0.272645 0.094398 0.690096 0.539652 1 14 1.000000
  14 3.744273 18.330578 -1.769115 -0.775544 -0.273660 -0.568895 0.797692 0.534046 1 14 1.000000
flesh_hand_01
  14 3.728061 15.430886 -0.446545 -0.777465 -0.605933 0.168504 0.686331 0.441111 1 14 1.000000
  14 5.610870 15.269029 0.553833 -0.328812 -0.638011 0.696293 0.604383 0.408558 1 14 1.000000
  14 4.057829 16.683039 1.026056 -0.527441 -0.539989 0.655910 0.601592 0.474242 1 14 1.000000
flesh_hand_01
  14 4.057829 16.683039 1.026056 -0.527441 -0.539989 0.655910 0.601592 0.474242 1 14 1.000000
  14 3.414231 16.363876 -0.209133 -0.956905 -0.253635 0.141432 0.687586 0.473958 1 14 1.000000
  14 3.728061 15.430886 -0.446545 -0.777465 -0.605933 0.168504 0.686331 0.441111 1 14 1.000000
flesh_hand_01
  14 3.728061 15.430886 -0.446545 -0.777465 -0.605933 0.168504 0.686331 0.441111 1 14 1.000000
  14 3.414231 16.363876 -0.209133 -0.956905 -0.253635 0.141432 0.687586 0.473958 1 14 1.000000
  14 3.874613 16.002823 -2.060266 -0.662274 -0.405081 -0.630320 0.785799 0.438965 1 14 1.000000
flesh_hand_01
  14 3.874613 16.002823 -2.060266 -0.662274 -0.405081 -0.630320 0.785799 0.438965 1 14 1.000000
  14 3.414231 16.363876 -0.209133 -0.956905 -0.253635 0.141432 0.687586 0.473958 1 14 1.000000
  14 3.731390 16.896286 -2.039173 -0.813680 -0.024893 -0.580779 0.789764 0.470659 1 14 1.000000
flesh_hand_01
  14 3.731390 16.896286 -2.039173 -0.813680 -0.024893 -0.580779 0.789764 0.470659 1 14 1.000000
  14 3.414231 16.363876 -0.209133 -0.956905 -0.253635 0.141432 0.687586 0.473958 1 14 1.000000
  14 3.659223 17.642609 -1.786570 -0.831711 0.128292 -0.540183 0.793728 0.502352 1 14 1.000000
flesh_hand_01
  14 3.659223 17.642609 -1.786570 -0.831711 0.128292 -0.540183 0.793728 0.502352 1 14 1.000000
  14 3.414231 16.363876 -0.209133 -0.956905 -0.253635 0.141432 0.687586 0.473958 1 14 1.000000
  14 3.375736 17.326862 0.067407 -0.994120 0.013054 0.107490 0.688841 0.506805 1 14 1.000000
flesh_hand_01
  14 3.375736 17.326862 0.067407 -0.994120 0.013054 0.107490 0.688841 0.506805 1 14 1.000000
  14 3.465743 17.969654 0.253571 -0.957473 -0.272645 0.094398 0.690096 0.539652 1 14 1.000000
  14 3.659223 17.642609 -1.786570 -0.831711 0.128292 -0.540183 0.793728 0.502352 1 14 1.000000
flesh_hand_01
  14 3.375736 17.326862 0.067407 -0.994120 0.013054 0.107490 0.688841 0.506805 1 14 1.000000
  14 3.885873 17.565969 1.882400 -0.771793 -0.247847 0.585583 0.600197 0.507084 1 14 1.000000
  14 3.465743 17.969654 0.253571 -0.957473 -0.272645 0.094398 0.690096 0.539652 1 14 1.000000
flesh_hand_01
  14 3.375736 17.326862 0.067407 -0.994120 0.013054 0.107490 0.688841 0.506805 1 14 1.000000
  14 4.057829 16.683039 1.026056 -0.527441 -0.539989 0.655910 0.601592 0.474242 1 14 1.000000
  14 3.885873 17.565969 1.882400 -0.771793 -0.247847 0.585583 0.600197 0.507084 1 14 1.000000
flesh_hand_01
  14 3.414231 16.363876 -0.209133 -0.956905 -0.253635 0.141432 0.687586 0.473958 1 14 1.000000
  14 4.057829 16.683039 1.026056 -0.527441 -0.539989 0.655910 0.601592 0.474242 1 14 1.000000
  14 3.375736 17.326862 0.067407 -0.994120 0.013054 0.107490 0.688841 0.506805 1 14 1.000000
flesh_hand_01
  14 2.985413 23.415199 -0.159469 -0.972154 -0.212765 -0.098222 0.894375 0.004250 1 14 1.000000
  14 3.031863 22.650080 2.122280 -0.999647 -0.023437 0.012491 0.992991 0.162102 1 14 1.000000
  14 2.957563 24.235231 0.369187 -0.999224 -0.038685 0.007370 0.998201 0.006092 1 14 1.000000
flesh_hand_01
  14 2.985413 23.415199 -0.159469 -0.972154 -0.212765 -0.098222 0.894375 0.004250 1 14 1.000000
  14 3.021470 22.162050 1.305423 -0.960401 -0.222959 -0.167092 0.909941 0.162673 1 14 1.000000
  14 3.031863 22.650080 2.122280 -0.999647 -0.023437 0.012491 0.992991 0.162102 1 14 1.000000
flesh_hand_01
  14 3.021470 22.162050 1.305423 -0.960401 -0.222959 -0.167092 0.909941 0.162673 1 14 1.000000
  14 2.985413 23.415199 -0.159469 -0.972154 -0.212765 -0.098222 0.894375 0.004250 1 14 1.000000
  14 3.581783 21.763317 0.404109 -0.899689 -0.356641 -0.251728 0.815857 0.163320 1 14 1.000000
flesh_hand_01
  14 3.581783 21.763317 0.404109 -0.899689 -0.356641 -0.251728 0.815857 0.163320 1 14 1.000000
  14 2.985413 23.415199 -0.159469 -0.972154 -0.212765 -0.098222 0.894375 0.004250 1 14 1.000000
  14 3.070528 23.419674 -1.348422 -0.923594 -0.322894 -0.206674 0.816884 0.002876 1 14 1.000000
flesh_hand_01
  14 3.070528 23.419674 -1.348422 -0.923594 -0.322894 -0.206674 0.816884 0.002876 1 14 1.000000
  14 3.705201 20.852196 -0.911262 -0.897384 -0.279910 -0.341105 0.687547 0.163929 1 14 1.000000
  14 3.581783 21.763317 0.404109 -0.899689 -0.356641 -0.251728 0.815857 0.163320 1 14 1.000000
flesh_hand_01
  14 4.637435 21.929865 -2.509792 -0.897384 -0.279910 -0.341105 0.686482 0.001268 1 14 1.000000
  14 3.705201 20.852196 -0.911262 -0.897384 -0.279910 -0.341105 0.687547 0.163929 1 14 1.000000
  14 3.070528 23.419674 -1.348422 -0.923594 -0.322894 -0.206674 0.816884 0.002876 1 14 1.000000
flesh_hand_01
  14 5.023272 23.164087 0.415096 -0.726509 -0.325406 -0.605223 0.600988 0.332576 1 14 1.000000
  14 5.735965 22.995335 0.270749 0.102449 -0.357136 -0.928417 0.656892 0.300721 1 14 1.000000
  14 5.050610 22.863417 0.514522 -0.726509 -0.325406 -0.605223 0.601081 0.300715 1 14 1.000000
flesh_hand_01
  14 5.788382 23.493690 0.066230 0.102449 -0.357136 -0.928417 0.657129 0.332583 1 14 1.000000
  14 5.735965 22.995335 0.270749 0.102449 -0.357136 -0.928417 0.656892 0.300721 1 14 1.000000
  14 5.023272 23.164087 0.415096 -0.726509 -0.325406 -0.605223 0.600988 0.332576 1 14 1.000000
flesh_hand_01
  14 5.788382 23.493690 0.066230 0.102449 -0.357136 -0.928417 0.657129 0.332583 1 14 1.000000
  14 6.395899 23.067587 0.569565 0.796528 -0.342877 -0.497975 0.714844 0.300728 1 14 1.000000
  14 5.735965 22.995335 0.270749 0.102449 -0.357136 -0.928417 0.656892 0.300721 1 14 1.000000
flesh_hand_01
  14 6.514103 23.545738 0.477729 0.796528 -0.342877 -0.497975 0.715410 0.332590 1 14 1.000000
  14 6.395899 23.067587 0.569565 0.796528 -0.342877 -0.497975 0.714844 0.300728 1 14 1.000000
  14 5.788382 23.493690 0.066230 0.102449 -0.357136 -0.928417 0.657129 0.332583 1 14 1.000000
flesh_hand_01
  14 6.506211 23.266108 1.477797 0.807532 -0.414165 0.419952 0.779281 0.332575 1 14 1.000000
  14 6.395899 23.067587 0.569565 0.796528 -0.342877 -0.497975 0.714844 0.300728 1 14 1.000000
  14 6.514103 23.545738 0.477729 0.796528 -0.342877 -0.497975 0.715410 0.332590 1 14 1.000000
flesh_hand_01
  14 6.358433 22.830225 1.364314 0.807532 -0.414165 0.419952 0.778636 0.300714 1 14 1.000000
  14 6.395899 23.067587 0.569565 0.796528 -0.342877 -0.497975 0.714844 0.300728 1 14 1.000000
  14 6.506211 23.266108 1.477797 0.807532 -0.414165 0.419952 0.779281 0.332575 1 14 1.000000
flesh_hand_01
  14 5.681987 23.179319 1.940067 0.049787 -0.512371 0.857320 0.837560 0.332571 1 14 1.000000
  14 6.358433 22.830225 1.364314 0.807532 -0.414165 0.419952 0.778636 0.300714 1 14 1.000000
  14 6.506211 23.266108 1.477797 0.807532 -0.414165 0.419952 0.779281 0.332575 1 14 1.000000
flesh_hand_01
  14 5.655844 22.724840 1.651397 0.049787 -0.512371 0.857320 0.837127 0.300710 1 14 1.000000
  14 6.358433 22.830225 1.364314 0.807532 -0.414165 0.419952 0.778636 0.300714 1 14 1.000000
  14 5.681987 23.179319 1.940067 0.049787 -0.512371 0.857320 0.837560 0.332571 1 14 1.000000
flesh_hand_01
  14 4.906878 22.967726 1.475889 -0.801715 -0.436718 0.408082 0.894484 0.332570 1 14 1.000000
  14 5.655844 22.724840 1.651397 0.049787 -0.512371 0.857320 0.837127 0.300710 1 14 1.000000
  14 5.681987 23.179319 1.940067 0.049787 -0.512371 0.857320 0.837560 0.332571 1 14 1.000000
flesh_hand_01
  14 5.003361 22.725168 1.353890 -0.801715 -0.436718 0.408082 0.894847 0.300709 1 14 1.000000
  14 5.655844 22.724840 1.651397 0.049787 -0.512371 0.857320 0.837127 0.300710 1 14 1.000000
  14 4.906878 22.967726 1.475889 -0.801715 -0.436718 0.408082 0.894484 0.332570 1 14 1.000000
flesh_hand_01
  14 4.906878 22.967726 1.475889 -0.801715 -0.436718 0.408082 0.894484 0.332570 1 14 1.000000
  14 5.050610 22.863417 0.514522 -0.726509 -0.325406 -0.605223 0.961888 0.300713 1 14 1.000000
  14 5.003361 22.725168 1.353890 -0.801715 -0.436718 0.408082 0.894847 0.300709 1 14 1.000000
flesh_hand_01
  14 5.023272 23.164087 0.415096 -0.726509 -0.325406 -0.605223 0.961019 0.332573 1 14 1.000000
  14 5.050610 22.863417 0.514522 -0.726509 -0.325406 -0.605223 0.961888 0.300713 1 14 1.000000
  14 4.906878 22.967726 1.475889 -0.801715 -0.436718 0.408082 0.894484 0.332570 1 14 1.000000
flesh_hand_01
  14 6.576597 20.041656 -3.237477 0.089741 -0.008660 -0.995927 0.970142 0.732634 1 14 1.000000
  14 5.645791 19.952070 -2.876537 -0.424275 0.040512 -0.904627 0.933563 0.732851 1 14 1.000000
  14 6.508364 20.409941 -3.312382 0.154035 -0.050727 -0.986762 0.970569 0.745286 1 14 1.000000
flesh_hand_01
  14 6.060647 19.133738 -3.445835 0.012403 0.337644 -0.941192 0.968542 0.685186 1 14 1.000000
  14 5.645791 19.952070 -2.876537 -0.424275 0.040512 -0.904627 0.933563 0.732851 1 14 1.000000
  14 6.576597 20.041656 -3.237477 0.089741 -0.008660 -0.995927 0.970142 0.732634 1 14 1.000000
flesh_hand_01
  14 3.376946 18.741648 -1.869446 -0.837141 0.072024 -0.542225 0.826235 0.684310 1 14 1.000000
  14 5.645791 19.952070 -2.876537 -0.424275 0.040512 -0.904627 0.933563 0.732851 1 14 1.000000
  14 6.060647 19.133738 -3.445835 0.012403 0.337644 -0.941192 0.968542 0.685186 1 14 1.000000
flesh_hand_01
  14 3.376946 18.741648 -1.869446 -0.837141 0.072024 -0.542225 0.826235 0.684310 1 14 1.000000
  14 6.060647 19.133738 -3.445835 0.012403 0.337644 -0.941192 0.968542 0.685186 1 14 1.000000
  14 3.422214 17.648592 -2.350237 -0.842557 0.236153 -0.484075 0.827223 0.630948 1 14 1.000000
flesh_hand_01
  14 3.059703 17.021658 0.224492 -0.982779 0.122632 0.138227 0.711277 0.631285 1 14 1.000000
  14 3.376946 18.741648 -1.869446 -0.837141 0.072024 -0.542225 0.826235 0.684310 1 14 1.000000
  14 3.422214 17.648592 -2.350237 -0.842557 0.236153 -0.484075 0.827223 0.630948 1 14 1.000000
flesh_hand_01
  14 3.275447 18.221464 0.345464 -0.954170 -0.249336 0.165505 0.715577 0.684909 1 14 1.000000
  14 3.376946 18.741648 -1.869446 -0.837141 0.072024 -0.542225 0.826235 0.684310 1 14 1.000000
  14 3.059703 17.021658 0.224492 -0.982779 0.122632 0.138227 0.711277 0.631285 1 14 1.000000
flesh_hand_01
  14 3.977631 17.766571 2.432497 -0.652490 0.227999 0.722685 0.614120 0.634374 1 14 1.000000
  14 3.275447 18.221464 0.345464 -0.954170 -0.249336 0.165505 0.715577 0.684909 1 14 1.000000
  14 3.059703 17.021658 0.224492 -0.982779 0.122632 0.138227 0.711277 0.631285 1 14 1.000000
flesh_hand_01
  14 4.077004 18.442966 2.362566 -0.650837 -0.105420 0.751863 0.615925 0.706219 1 14 1.000000
  14 3.275447 18.221464 0.345464 -0.954170 -0.249336 0.165505 0.715577 0.684909 1 14 1.000000
  14 3.977631 17.766571 2.432497 -0.652490 0.227999 0.722685 0.614120 0.634374 1 14 1.000000
flesh_hand_01
  14 4.056205 19.002821 2.779226 -0.584674 -0.419005 0.694687 0.613899 0.751446 1 14 1.000000
  14 3.275447 18.221464 0.345464 -0.954170 -0.249336 0.165505 0.715577 0.684909 1 14 1.000000
  14 4.077004 18.442966 2.362566 -0.650837 -0.105420 0.751863 0.615925 0.706219 1 14 1.000000
flesh_hand_01
  14 4.077004 18.442966 2.362566 -0.650837 -0.105420 0.751863 0.615925 0.706219 1 14 1.000000
  14 6.559510 19.219316 3.243089 0.308596 -0.401226 0.862430 0.471140 0.736204 1 14 1.000000
  14 4.056205 19.002821 2.779226 -0.584674 -0.419005 0.694687 0.613899 0.751446 1 14 1.000000
flesh_hand_01
  14 6.969075 19.980583 3.718273 0.242205 -0.289971 0.925880 0.470255 0.784286 1 14 1.000000
  14 4.056205 19.002821 2.779226 -0.584674 -0.419005 0.694687 0.613899 0.751446 1 14 1.000000
  14 6.559510 19.219316 3.243089 0.308596 -0.401226 0.862430 0.471140 0.736204 1 14 1.000000
flesh_hand_01
  14 6.969075 19.980583 3.718273 0.242205 -0.289971 0.925880 0.470255 0.784286 1 14 1.000000
  14 6.559510 19.219316 3.243089 0.308596 -0.401226 0.862430 0.471140 0.736204 1 14 1.000000
  14 8.389101 20.694578 1.768849 0.903171 0.003900 0.429263 0.339086 0.783173 1 14 1.000000
flesh_hand_01
  14 6.594500 21.822691 3.991946 0.334191 -0.296696 0.894588 0.468487 0.880451 1 14 1.000000
  14 6.969075 19.980583 3.718273 0.242205 -0.289971 0.925880 0.470255 0.784286 1 14 1.000000
  14 8.389101 20.694578 1.768849 0.903171 0.003900 0.429263 0.339086 0.783173 1 14 1.000000
flesh_hand_01
  14 6.594500 21.822691 3.991946 0.334191 -0.296696 0.894588 0.468487 0.880451 1 14 1.000000
  14 8.389101 20.694578 1.768849 0.903171 0.003900 0.429263 0.339086 0.783173 1 14 1.000000
  14 8.211431 22.524267 2.280398 0.927081 -0.272395 0.257528 0.340801 0.878648 1 14 1.000000
flesh_hand_01
  14 8.389101 20.694578 1.768849 0.903171 0.003900 0.429263 0.339086 0.783173 1 14 1.000000
  14 8.078366 22.836557 -1.190657 0.924070 -0.017791 -0.381808 0.187435 0.879626 1 14 1.000000
  14 8.211431 22.524267 2.280398 0.927081 -0.272395 0.257528 0.340801 0.878648 1 14 1.000000
flesh_hand_01
  14 8.678569 21.028755 -1.450933 0.899292 0.221890 -0.376881 0.190416 0.781673 1 14 1.000000
  14 8.078366 22.836557 -1.190657 0.924070 -0.017791 -0.381808 0.187435 0.879626 1 14 1.000000
  14 8.389101 20.694578 1.768849 0.903171 0.003900 0.429263 0.339086 0.783173 1 14 1.000000
flesh_hand_01
  14 8.648726 19.468611 1.559861 0.910008 -0.141213 0.389799 0.338229 0.735435 1 14 1.000000
  14 8.678569 21.028755 -1.450933 0.899292 0.221890 -0.376881 0.190416 0.781673 1 14 1.000000
  14 8.389101 20.694578 1.768849 0.903171 0.003900 0.429263 0.339086 0.783173 1 14 1.000000
flesh_hand_01
  14 8.802002 19.734398 -1.909789 0.930190 -0.097208 -0.353974 0.191906 0.732696 1 14 1.000000
  14 8.678569 21.028755 -1.450933 0.899292 0.221890 -0.376881 0.190416 0.781673 1 14 1.000000
  14 8.648726 19.468611 1.559861 0.910008 -0.141213 0.389799 0.338229 0.735435 1 14 1.000000
flesh_hand_01
  14 8.502934 18.355501 1.107862 0.952794 0.027757 0.302346 0.337371 0.687698 1 14 1.000000
  14 8.802002 19.734398 -1.909789 0.930190 -0.097208 -0.353974 0.191906 0.732696 1 14 1.000000
  14 8.648726 19.468611 1.559861 0.910008 -0.141213 0.389799 0.338229 0.735435 1 14 1.000000
flesh_hand_01
  14 8.502934 18.355501 1.107862 0.952794 0.027757 0.302346 0.337371 0.687698 1 14 1.000000
  14 8.465538 18.629360 -1.584552 0.890810 0.169881 -0.421424 0.193397 0.683719 1 14 1.000000
  14 8.802002 19.734398 -1.909789 0.930190 -0.097208 -0.353974 0.191906 0.732696 1 14 1.000000
flesh_hand_01
  14 8.389101 20.694578 1.768849 0.903171 0.003900 0.429263 0.339086 0.783173 1 14 1.000000
  14 6.559510 19.219316 3.243089 0.308596 -0.401226 0.862430 0.471140 0.736204 1 14 1.000000
  14 8.648726 19.468611 1.559861 0.910008 -0.141213 0.389799 0.338229 0.735435 1 14 1.000000
flesh_hand_01
  14 6.559510 19.219316 3.243089 0.308596 -0.401226 0.862430 0.471140 0.736204 1 14 1.000000
  14 6.759196 18.319780 2.962785 0.294645 -0.019867 0.955400 0.472024 0.688121 1 14 1.000000
  14 8.648726 19.468611 1.559861 0.910008 -0.141213 0.389799 0.338229 0.735435 1 14 1.000000
flesh_hand_01
  14 6.759196 18.319780 2.962785 0.294645 -0.019867 0.955400 0.472024 0.688121 1 14 1.000000
  14 6.559510 19.219316 3.243089 0.308596 -0.401226 0.862430 0.471140 0.736204 1 14 1.000000
  14 4.077004 18.442966 2.362566 -0.650837 -0.105420 0.751863 0.615925 0.706219 1 14 1.000000
flesh_hand_01
  14 8.648726 19.468611 1.559861 0.910008 -0.141213 0.389799 0.338229 0.735435 1 14 1.000000
  14 6.759196 18.319780 2.962785 0.294645 -0.019867 0.955400 0.472024 0.688121 1 14 1.000000
  14 8.502934 18.355501 1.107862 0.952794 0.027757 0.302346 0.337371 0.687698 1 14 1.000000
flesh_hand_01
  14 6.594500 21.822691 3.991946 0.334191 -0.296696 0.894588 0.468487 0.880451 1 14 1.000000
  14 4.163563 19.700222 3.092947 -0.475631 -0.218044 0.852192 0.611874 0.796673 1 14 1.000000
  14 6.969075 19.980583 3.718273 0.242205 -0.289971 0.925880 0.470255 0.784286 1 14 1.000000
flesh_hand_01
  14 6.969075 19.980583 3.718273 0.242205 -0.289971 0.925880 0.470255 0.784286 1 14 1.000000
  14 4.163563 19.700222 3.092947 -0.475631 -0.218044 0.852192 0.611874 0.796673 1 14 1.000000
  14 4.056205 19.002821 2.779226 -0.584674 -0.419005 0.694687 0.613899 0.751446 1 14 1.000000
flesh_hand_01
  14 3.977631 17.766571 2.432497 -0.652490 0.227999 0.722685 0.614120 0.634374 1 14 1.000000
  14 6.759196 18.319780 2.962785 0.294645 -0.019867 0.955400 0.472024 0.688121 1 14 1.000000
  14 4.077004 18.442966 2.362566 -0.650837 -0.105420 0.751863 0.615925 0.706219 1 14 1.000000
flesh_hand_01
  14 6.928288 17.773491 3.246313 0.271305 0.356310 0.894112 0.470702 0.633632 1 14 1.000000
  14 6.759196 18.319780 2.962785 0.294645 -0.019867 0.955400 0.472024 0.688121 1 14 1.000000
  14 3.977631 17.766571 2.432497 -0.652490 0.227999 0.722685 0.614120 0.634374 1 14 1.000000
flesh_hand_01
  14 6.928288 17.773491 3.246313 0.271305 0.356310 0.894112 0.470702 0.633632 1 14 1.000000
  14 8.502934 18.355501 1.107862 0.952794 0.027757 0.302346 0.337371 0.687698 1 14 1.000000
  14 6.759196 18.319780 2.962785 0.294645 -0.019867 0.955400 0.472024 0.688121 1 14 1.000000
flesh_hand_01
  14 8.981933 17.443813 0.940446 0.840127 0.424629 0.337458 0.337997 0.633179 1 14 1.000000
  14 8.502934 18.355501 1.107862 0.952794 0.027757 0.302346 0.337371 0.687698 1 14 1.000000
  14 6.928288 17.773491 3.246313 0.271305 0.356310 0.894112 0.470702 0.633632 1 14 1.000000
flesh_hand_01
  14 8.981933 17.443813 0.940446 0.840127 0.424629 0.337458 0.337997 0.633179 1 14 1.000000
  14 8.465538 18.629360 -1.584552 0.890810 0.169881 -0.421424 0.193397 0.683719 1 14 1.000000
  14 8.502934 18.355501 1.107862 0.952794 0.027757 0.302346 0.337371 0.687698 1 14 1.000000
flesh_hand_01
  14 8.736684 18.080355 -2.162521 0.755444 0.597423 -0.269056 0.194149 0.629834 1 14 1.000000
  14 8.465538 18.629360 -1.584552 0.890810 0.169881 -0.421424 0.193397 0.683719 1 14 1.000000
  14 8.981933 17.443813 0.940446 0.840127 0.424629 0.337458 0.337997 0.633179 1 14 1.000000
flesh_hand_01
  14 6.248462 18.598539 -3.793157 0.002491 0.603617 -0.797271 0.039515 0.629027 1 14 1.000000
  14 8.465538 18.629360 -1.584552 0.890810 0.169881 -0.421424 0.193397 0.683719 1 14 1.000000
  14 8.736684 18.080355 -2.162521 0.755444 0.597423 -0.269056 0.194149 0.629834 1 14 1.000000
flesh_hand_01
  14 6.060647 19.133738 -3.445835 0.012403 0.337644 -0.941192 0.040611 0.686876 1 14 1.000000
  14 8.465538 18.629360 -1.584552 0.890810 0.169881 -0.421424 0.193397 0.683719 1 14 1.000000
  14 6.248462 18.598539 -3.793157 0.002491 0.603617 -0.797271 0.039515 0.629027 1 14 1.000000
flesh_hand_01
  14 6.576597 20.041656 -3.237477 0.089741 -0.008660 -0.995927 0.041175 0.733761 1 14 1.000000
  14 8.465538 18.629360 -1.584552 0.890810 0.169881 -0.421424 0.193397 0.683719 1 14 1.000000
  14 6.060647 19.133738 -3.445835 0.012403 0.337644 -0.941192 0.040611 0.686876 1 14 1.000000
flesh_hand_01
  14 8.802002 19.734398 -1.909789 0.930190 -0.097208 -0.353974 0.191906 0.732696 1 14 1.000000
  14 8.465538 18.629360 -1.584552 0.890810 0.169881 -0.421424 0.193397 0.683719 1 14 1.000000
  14 6.576597 20.041656 -3.237477 0.089741 -0.008660 -0.995927 0.041175 0.733761 1 14 1.000000
flesh_hand_01
  14 6.576597 20.041656 -3.237477 0.089741 -0.008660 -0.995927 0.041175 0.733761 1 14 1.000000
  14 6.508364 20.409941 -3.312382 0.154035 -0.050727 -0.986762 0.041326 0.746262 1 14 1.000000
  14 8.802002 19.734398 -1.909789 0.930190 -0.097208 -0.353974 0.191906 0.732696 1 14 1.000000
flesh_hand_01
  14 8.802002 19.734398 -1.909789 0.930190 -0.097208 -0.353974 0.191906 0.732696 1 14 1.000000
  14 6.508364 20.409941 -3.312382 0.154035 -0.050727 -0.986762 0.041326 0.746262 1 14 1.000000
  14 6.986342 21.311619 -2.934742 0.631882 0.233895 -0.738930 0.083713 0.780936 1 14 1.000000
flesh_hand_01
  14 8.678569 21.028755 -1.450933 0.899292 0.221890 -0.376881 0.190416 0.781673 1 14 1.000000
  14 8.802002 19.734398 -1.909789 0.930190 -0.097208 -0.353974 0.191906 0.732696 1 14 1.000000
  14 6.986342 21.311619 -2.934742 0.631882 0.233895 -0.738930 0.083713 0.780936 1 14 1.000000
flesh_hand_01
  14 7.432228 22.993923 -1.778682 0.685966 0.160873 -0.709627 0.139076 0.877883 1 14 1.000000
  14 8.678569 21.028755 -1.450933 0.899292 0.221890 -0.376881 0.190416 0.781673 1 14 1.000000
  14 6.986342 21.311619 -2.934742 0.631882 0.233895 -0.738930 0.083713 0.780936 1 14 1.000000
flesh_hand_01
  14 8.078366 22.836557 -1.190657 0.924070 -0.017791 -0.381808 0.187435 0.879626 1 14 1.000000
  14 8.678569 21.028755 -1.450933 0.899292 0.221890 -0.376881 0.190416 0.781673 1 14 1.000000
  14 7.432228 22.993923 -1.778682 0.685966 0.160873 -0.709627 0.139076 0.877883 1 14 1.000000
flesh_hand_01
  14 7.808926 23.752373 -1.435355 0.693615 0.011623 -0.720252 0.161848 0.937752 1 14 1.000000
  14 8.078366 22.836557 -1.190657 0.924070 -0.017791 -0.381808 0.187435 0.879626 1 14 1.000000
  14 7.432228 22.993923 -1.778682 0.685966 0.160873 -0.709627 0.139076 0.877883 1 14 1.000000
flesh_hand_01
  14 8.205529 23.596926 -1.024250 0.854796 -0.045365 -0.516978 0.189073 0.935857 1 14 1.000000
  14 8.078366 22.836557 -1.190657 0.924070 -0.017791 -0.381808 0.187435 0.879626 1 14 1.000000
  14 7.808926 23.752373 -1.435355 0.693615 0.011623 -0.720252 0.161848 0.937752 1 14 1.000000
flesh_hand_01
  14 8.777463 23.717472 0.904190 0.945103 -0.315522 -0.085009 0.264372 0.936798 1 14 1.000000
  14 8.078366 22.836557 -1.190657 0.924070 -0.017791 -0.381808 0.187435 0.879626 1 14 1.000000
  14 8.205529 23.596926 -1.024250 0.854796 -0.045365 -0.516978 0.189073 0.935857 1 14 1.000000
flesh_hand_01
  14 8.777463 23.717472 0.904190 0.945103 -0.315522 -0.085009 0.264372 0.936798 1 14 1.000000
  14 8.211431 22.524267 2.280398 0.927081 -0.272395 0.257528 0.340801 0.878648 1 14 1.000000
  14 8.078366 22.836557 -1.190657 0.924070 -0.017791 -0.381808 0.187435 0.879626 1 14 1.000000
flesh_hand_01
  14 8.211431 22.524267 2.280398 0.927081 -0.272395 0.257528 0.340801 0.878648 1 14 1.000000
  14 8.777463 23.717472 0.904190 0.945103 -0.315522 -0.085009 0.264372 0.936798 1 14 1.000000
  14 8.547116 23.766260 3.074445 0.855604 -0.430696 0.287128 0.347666 0.937840 1 14 1.000000
flesh_hand_01
  14 6.640524 22.226067 4.463538 0.312906 -0.633040 0.708061 0.474044 0.934522 1 14 1.000000
  14 8.211431 22.524267 2.280398 0.927081 -0.272395 0.257528 0.340801 0.878648 1 14 1.000000
  14 8.547116 23.766260 3.074445 0.855604 -0.430696 0.287128 0.347666 0.937840 1 14 1.000000
flesh_hand_01
  14 6.594500 21.822691 3.991946 0.334191 -0.296696 0.894588 0.468487 0.880451 1 14 1.000000
  14 8.211431 22.524267 2.280398 0.927081 -0.272395 0.257528 0.340801 0.878648 1 14 1.000000
  14 6.640524 22.226067 4.463538 0.312906 -0.633040 0.708061 0.474044 0.934522 1 14 1.000000
flesh_hand_01
  14 6.640524 22.226067 4.463538 0.312906 -0.633040 0.708061 0.474044 0.934522 1 14 1.000000
  14 3.821290 21.485111 3.263785 -0.569507 -0.335253 0.750511 0.607822 0.887128 1 14 1.000000
  14 6.594500 21.822691 3.991946 0.334191 -0.296696 0.894588 0.468487 0.880451 1 14 1.000000
flesh_hand_01
  14 6.594500 21.822691 3.991946 0.334191 -0.296696 0.894588 0.468487 0.880451 1 14 1.000000
  14 3.821290 21.485111 3.263785 -0.569507 -0.335253 0.750511 0.607822 0.887128 1 14 1.000000
  14 4.163563 19.700222 3.092947 -0.475631 -0.218044 0.852192 0.611874 0.796673 1 14 1.000000
flesh_hand_01
  14 3.821290 21.485111 3.263785 -0.569507 -0.335253 0.750511 0.607822 0.887128 1 14 1.000000
  14 2.671371 19.938744 1.083821 -0.910220 -0.233386 0.342096 0.715804 0.783411 1 14 1.000000
  14 4.163563 19.700222 3.092947 -0.475631 -0.218044 0.852192 0.611874 0.796673 1 14 1.000000
flesh_hand_01
  14 4.163563 19.700222 3.092947 -0.475631 -0.218044 0.852192 0.611874 0.796673 1 14 1.000000
  14 2.671371 19.938744 1.083821 -0.910220 -0.233386 0.342096 0.715804 0.783411 1 14 1.000000
  14 4.056205 19.002821 2.779226 -0.584674 -0.419005 0.694687 0.613899 0.751446 1 14 1.000000
flesh_hand_01
  14 4.056205 19.002821 2.779226 -0.584674 -0.419005 0.694687 0.613899 0.751446 1 14 1.000000
  14 2.671371 19.938744 1.083821 -0.910220 -0.233386 0.342096 0.715804 0.783411 1 14 1.000000
  14 2.998337 18.945963 0.618665 -0.887584 -0.402698 0.223672 0.715691 0.734160 1 14 1.000000
flesh_hand_01
  14 4.056205 19.002821 2.779226 -0.584674 -0.419005 0.694687 0.613899 0.751446 1 14 1.000000
  14 2.998337 18.945963 0.618665 -0.887584 -0.402698 0.223672 0.715691 0.734160 1 14 1.000000
  14 3.275447 18.221464 0.345464 -0.954170 -0.249336 0.165505 0.715577 0.684909 1 14 1.000000
flesh_hand_01
  14 3.275447 18.221464 0.345464 -0.954170 -0.249336 0.165505 0.715577 0.684909 1 14 1.000000
  14 2.998337 18.945963 0.618665 -0.887584 -0.402698 0.223672 0.715691 0.734160 1 14 1.000000
  14 2.802937 19.319008 -0.605125 -0.941484 -0.335121 0.036078 0.771542 0.733821 1 14 1.000000
flesh_hand_01
  14 2.802937 19.319008 -0.605125 -0.941484 -0.335121 0.036078 0.771542 0.733821 1 14 1.000000
  14 2.998337 18.945963 0.618665 -0.887584 -0.402698 0.223672 0.715691 0.734160 1 14 1.000000
  14 2.563825 20.216759 -0.251712 -0.982276 -0.179842 0.052824 0.767097 0.783019 1 14 1.000000
flesh_hand_01
  14 2.563825 20.216759 -0.251712 -0.982276 -0.179842 0.052824 0.767097 0.783019 1 14 1.000000
  14 2.998337 18.945963 0.618665 -0.887584 -0.402698 0.223672 0.715691 0.734160 1 14 1.000000
  14 2.671371 19.938744 1.083821 -0.910220 -0.233386 0.342096 0.715804 0.783411 1 14 1.000000
flesh_hand_01
  14 2.602154 21.518696 1.364472 -0.986828 -0.088767 0.135243 0.716031 0.881913 1 14 1.000000
  14 2.563825 20.216759 -0.251712 -0.982276 -0.179842 0.052824 0.767097 0.783019 1 14 1.000000
  14 2.671371 19.938744 1.083821 -0.910220 -0.233386 0.342096 0.715804 0.783411 1 14 1.000000
flesh_hand_01
  14 2.602154 21.518696 1.364472 -0.986828 -0.088767 0.135243 0.716031 0.881913 1 14 1.000000
  14 2.671371 19.938744 1.083821 -0.910220 -0.233386 0.342096 0.715804 0.783411 1 14 1.000000
  14 3.821290 21.485111 3.263785 -0.569507 -0.335253 0.750511 0.607822 0.887128 1 14 1.000000
flesh_hand_01
  14 2.602154 21.518696 1.364472 -0.986828 -0.088767 0.135243 0.716031 0.881913 1 14 1.000000
  14 3.821290 21.485111 3.263785 -0.569507 -0.335253 0.750511 0.607822 0.887128 1 14 1.000000
  14 2.716497 22.076172 1.539547 -0.941576 -0.283296 0.182149 0.714152 0.931788 1 14 1.000000
flesh_hand_01
  14 2.716497 22.076172 1.539547 -0.941576 -0.283296 0.182149 0.714152 0.931788 1 14 1.000000
  14 3.821290 21.485111 3.263785 -0.569507 -0.335253 0.750511 0.607822 0.887128 1 14 1.000000
  14 3.468814 22.208746 3.569205 -0.558409 -0.496423 0.664638 0.608972 0.934274 1 14 1.000000
flesh_hand_01
  14 3.468814 22.208746 3.569205 -0.558409 -0.496423 0.664638 0.608972 0.934274 1 14 1.000000
  14 3.821290 21.485111 3.263785 -0.569507 -0.335253 0.750511 0.607822 0.887128 1 14 1.000000
  14 6.640524 22.226067 4.463538 0.312906 -0.633040 0.708061 0.474044 0.934522 1 14 1.000000
flesh_hand_01
  14 3.376946 18.741648 -1.869446 -0.837141 0.072024 -0.542225 0.826235 0.684310 1 14 1.000000
  14 3.275447 18.221464 0.345464 -0.954170 -0.249336 0.165505 0.715577 0.684909 1 14 1.000000
  14 2.802937 19.319008 -0.605125 -0.850504 -0.502029 -0.156878 0.771542 0.733821 1 14 1.000000
flesh_hand_01
  14 3.594689 23.133236 -2.240602 -0.572940 0.022565 -0.819287 0.893167 0.878226 1 14 1.000000
  14 2.805123 20.550800 -1.856390 -0.868157 0.020729 -0.495856 0.828726 0.782547 1 14 1.000000
  14 2.927624 22.190308 -1.328369 -0.950077 -0.016559 -0.311574 0.831392 0.880678 1 14 1.000000
flesh_hand_01
  14 3.594689 23.133236 -2.240602 -0.572940 0.022565 -0.819287 0.893167 0.878226 1 14 1.000000
  14 6.320693 21.422886 -3.518409 0.063814 0.074132 -0.995205 0.971743 0.780083 1 14 1.000000
  14 2.805123 20.550800 -1.856390 -0.868157 0.020729 -0.495856 0.828726 0.782547 1 14 1.000000
flesh_hand_01
  14 6.146768 23.306993 -2.948530 0.239536 0.070947 -0.968292 0.974944 0.874979 1 14 1.000000
  14 6.320693 21.422886 -3.518409 0.063814 0.074132 -0.995205 0.971743 0.780083 1 14 1.000000
  14 3.594689 23.133236 -2.240602 -0.572940 0.022565 -0.819287 0.893167 0.878226 1 14 1.000000
flesh_hand_01
  14 3.594689 23.133236 -2.240602 -0.572940 0.022565 -0.819287 0.893167 0.878226 1 14 1.000000
  14 6.062814 24.436758 -3.245305 0.235684 -0.169251 -0.956978 0.972753 0.945005 1 14 1.000000
  14 6.146768 23.306993 -2.948530 0.239536 0.070947 -0.968292 0.974944 0.874979 1 14 1.000000
flesh_hand_01
  14 3.285685 24.257257 -2.324216 -0.564071 -0.185084 -0.804716 0.896219 0.939299 1 14 1.000000
  14 6.062814 24.436758 -3.245305 0.235684 -0.169251 -0.956978 0.972753 0.945005 1 14 1.000000
  14 3.594689 23.133236 -2.240602 -0.572940 0.022565 -0.819287 0.893167 0.878226 1 14 1.000000
flesh_hand_01
  14 2.927624 22.190308 -1.328369 -0.950077 -0.016559 -0.311574 0.831392 0.880678 1 14 1.000000
  14 3.285685 24.257257 -2.324216 -0.564071 -0.185084 -0.804716 0.896219 0.939299 1 14 1.000000
  14 3.594689 23.133236 -2.240602 -0.572940 0.022565 -0.819287 0.893167 0.878226 1 14 1.000000
flesh_hand_01
  14 2.184430 23.975824 -0.534969 -0.917843 -0.193256 -0.346723 0.825010 0.933990 1 14 1.000000
  14 3.285685 24.257257 -2.324216 -0.564071 -0.185084 -0.804716 0.896219 0.939299 1 14 1.000000
  14 2.927624 22.190308 -1.328369 -0.950077 -0.016559 -0.311574 0.831392 0.880678 1 14 1.000000
flesh_hand_01
  14 2.184430 23.975824 -0.534969 -0.917843 -0.193256 -0.346723 0.825010 0.933990 1 14 1.000000
  14 2.927624 22.190308 -1.328369 -0.950077 -0.016559 -0.311574 0.831392 0.880678 1 14 1.000000
  14 2.716497 22.076172 1.539547 -0.941576 -0.283296 0.182149 0.714152 0.931788 1 14 1.000000
flesh_hand_01
  14 2.716497 22.076172 1.539547 -0.941576 -0.283296 0.182149 0.714152 0.931788 1 14 1.000000
  14 2.927624 22.190308 -1.328369 -0.950077 -0.016559 -0.311574 0.831392 0.880678 1 14 1.000000
  14 2.602154 21.518696 1.364472 -0.986828 -0.088767 0.135243 0.716031 0.881913 1 14 1.000000
flesh_hand_01
  14 2.927624 22.190308 -1.328369 -0.950077 -0.016559 -0.311574 0.831392 0.880678 1 14 1.000000
  14 2.805123 20.550800 -1.856390 -0.868157 0.020729 -0.495856 0.828726 0.782547 1 14 1.000000
  14 2.602154 21.518696 1.364472 -0.986828 -0.088767 0.135243 0.716031 0.881913 1 14 1.000000
flesh_hand_01
  14 2.602154 21.518696 1.364472 -0.986828 -0.088767 0.135243 0.716031 0.881913 1 14 1.000000
  14 2.805123 20.550800 -1.856390 -0.868157 0.020729 -0.495856 0.828726 0.782547 1 14 1.000000
  14 2.563825 20.216759 -0.251712 -0.989293 -0.004001 -0.145886 0.767097 0.783019 1 14 1.000000
flesh_hand_01
  14 2.944136 19.692053 -1.828915 -0.729772 -0.249374 -0.636589 0.827393 0.733482 1 14 1.000000
  14 2.563825 20.216759 -0.251712 -0.989293 -0.004001 -0.145886 0.767097 0.783019 1 14 1.000000
  14 2.805123 20.550800 -1.856390 -0.868157 0.020729 -0.495856 0.828726 0.782547 1 14 1.000000
flesh_hand_01
  14 2.802937 19.319008 -0.605125 -0.936334 -0.288109 -0.200680 0.771542 0.733821 1 14 1.000000
  14 2.563825 20.216759 -0.251712 -0.989293 -0.004001 -0.145886 0.767097 0.783019 1 14 1.000000
  14 2.944136 19.692053 -1.828915 -0.729772 -0.249374 -0.636589 0.827393 0.733482 1 14 1.000000
flesh_hand_01
  14 3.376946 18.741648 -1.869446 -0.700479 -0.291207 -0.651557 0.826235 0.684310 1 14 1.000000
  14 2.802937 19.319008 -0.605125 -0.936334 -0.288109 -0.200680 0.771542 0.733821 1 14 1.000000
  14 2.944136 19.692053 -1.828915 -0.729772 -0.249374 -0.636589 0.827393 0.733482 1 14 1.000000
flesh_hand_01
  14 3.376946 18.741648 -1.869446 -0.700479 -0.291207 -0.651557 0.826235 0.684310 1 14 1.000000
  14 2.944136 19.692053 -1.828915 -0.729772 -0.249374 -0.636589 0.827393 0.733482 1 14 1.000000
  14 5.645791 19.952070 -2.876537 -0.355394 -0.153087 -0.922095 0.933563 0.732851 1 14 1.000000
flesh_hand_01
  14 5.645791 19.952070 -2.876537 -0.355394 -0.153087 -0.922095 0.933563 0.732851 1 14 1.000000
  14 2.944136 19.692053 -1.828915 -0.729772 -0.249374 -0.636589 0.827393 0.733482 1 14 1.000000
  14 2.805123 20.550800 -1.856390 -0.868157 0.020729 -0.495856 0.828726 0.782547 1 14 1.000000
flesh_hand_01
  14 6.320693 21.422886 -3.518409 0.063814 0.074132 -0.995205 0.971743 0.780083 1 14 1.000000
  14 5.645791 19.952070 -2.876537 -0.355394 -0.153087 -0.922095 0.933563 0.732851 1 14 1.000000
  14 2.805123 20.550800 -1.856390 -0.868157 0.020729 -0.495856 0.828726 0.782547 1 14 1.000000
flesh_hand_01
  14 6.508364 20.409941 -3.312382 0.172500 -0.128003 -0.976657 0.970569 0.745286 1 14 1.000000
  14 5.645791 19.952070 -2.876537 -0.355394 -0.153087 -0.922095 0.933563 0.732851 1 14 1.000000
  14 6.320693 21.422886 -3.518409 0.063814 0.074132 -0.995205 0.971743 0.780083 1 14 1.000000
flesh_hand_01
  14 8.014371 23.216183 -0.954660 0.925544 -0.012954 -0.378418 0.714152 0.931788 1 14 1.000000
  14 7.880484 22.280443 1.694175 0.922785 -0.300403 0.241299 0.831392 0.880678 1 14 1.000000
  14 7.936709 22.718164 -1.001016 0.925544 -0.012954 -0.378418 0.716031 0.881913 1 14 1.000000
flesh_hand_01
  14 8.092441 23.334167 2.030889 0.922785 -0.300403 0.241299 0.825010 0.933990 1 14 1.000000
  14 7.880484 22.280443 1.694175 0.922785 -0.300403 0.241299 0.831392 0.880678 1 14 1.000000
  14 8.014371 23.216183 -0.954660 0.925544 -0.012954 -0.378418 0.714152 0.931788 1 14 1.000000
flesh_hand_01
  14 8.092441 23.334167 2.030889 0.922785 -0.300403 0.241299 0.825010 0.933990 1 14 1.000000
  14 6.511802 21.858543 3.410396 0.480988 -0.615067 0.624775 0.974944 0.874979 1 14 1.000000
  14 7.880484 22.280443 1.694175 0.922785 -0.300403 0.241299 0.831392 0.880678 1 14 1.000000
flesh_hand_01
  14 6.414424 23.216526 4.887697 0.480988 -0.615067 0.624775 0.972753 0.945005 1 14 1.000000
  14 6.511802 21.858543 3.410396 0.480988 -0.615067 0.624775 0.974944 0.874979 1 14 1.000000
  14 8.092441 23.334167 2.030889 0.922785 -0.300403 0.241299 0.825010 0.933990 1 14 1.000000
flesh_hand_01
  14 6.414424 23.216526 4.887697 0.480988 -0.615067 0.624775 0.041986 0.946097 1 14 1.000000
  14 5.613471 21.553898 3.186819 -0.021593 -0.739171 0.673171 0.115152 0.877021 1 14 1.000000
  14 6.511802 21.858543 3.410396 0.480988 -0.615067 0.624775 0.042868 0.874416 1 14 1.000000
flesh_hand_01
  14 4.507386 23.012115 4.966303 -0.021593 -0.739171 0.673171 0.115529 0.940977 1 14 1.000000
  14 5.613471 21.553898 3.186819 -0.021593 -0.739171 0.673171 0.115152 0.877021 1 14 1.000000
  14 6.414424 23.216526 4.887697 0.480988 -0.615067 0.624775 0.041986 0.946097 1 14 1.000000
flesh_hand_01
  14 3.637032 22.144600 3.417715 -0.388918 -0.761024 0.519216 0.189073 0.935857 1 14 1.000000
  14 5.613471 21.553898 3.186819 -0.021593 -0.739171 0.673171 0.115152 0.877021 1 14 1.000000
  14 4.507386 23.012115 4.966303 -0.021593 -0.739171 0.673171 0.115529 0.940977 1 14 1.000000
flesh_hand_01
  14 4.139586 21.248205 2.943535 -0.388918 -0.761024 0.519216 0.187435 0.879626 1 14 1.000000
  14 5.613471 21.553898 3.186819 -0.021593 -0.739171 0.673171 0.115152 0.877021 1 14 1.000000
  14 3.637032 22.144600 3.417715 -0.388918 -0.761024 0.519216 0.189073 0.935857 1 14 1.000000
flesh_hand_01
  14 2.734176 21.982065 1.984628 -0.639758 -0.766851 0.051460 0.268370 0.936848 1 14 1.000000
  14 4.139586 21.248205 2.943535 -0.388918 -0.761024 0.519216 0.187435 0.879626 1 14 1.000000
  14 3.637032 22.144600 3.417715 -0.388918 -0.761024 0.519216 0.189073 0.935857 1 14 1.000000
flesh_hand_01
  14 3.553608 21.398546 1.625371 -0.639758 -0.766851 0.051460 0.264118 0.879137 1 14 1.000000
  14 4.139586 21.248205 2.943535 -0.388918 -0.761024 0.519216 0.187435 0.879626 1 14 1.000000
  14 2.734176 21.982065 1.984628 -0.639758 -0.766851 0.051460 0.268370 0.936848 1 14 1.000000
flesh_hand_01
  14 2.734176 21.982065 1.984628 -0.639758 -0.766851 0.051460 0.268370 0.936848 1 14 1.000000
  14 2.752789 22.416113 0.501692 -0.759226 -0.608252 -0.231526 0.347666 0.937840 1 14 1.000000
  14 3.553608 21.398546 1.625371 -0.639758 -0.766851 0.051460 0.264118 0.879137 1 14 1.000000
flesh_hand_01
  14 3.553608 21.398546 1.625371 -0.639758 -0.766851 0.051460 0.264118 0.879137 1 14 1.000000
  14 2.752789 22.416113 0.501692 -0.759226 -0.608252 -0.231526 0.347666 0.937840 1 14 1.000000
  14 3.581779 21.763317 0.404109 -0.759226 -0.608252 -0.231526 0.340801 0.878648 1 14 1.000000
flesh_hand_01
  14 2.752789 22.416113 0.501692 -0.759226 -0.608252 -0.231526 0.347666 0.937840 1 14 1.000000
  14 3.169896 22.932974 -0.341975 -0.849016 -0.395234 -0.350658 0.410855 0.936181 1 14 1.000000
  14 3.581779 21.763317 0.404109 -0.759226 -0.608252 -0.231526 0.340801 0.878648 1 14 1.000000
flesh_hand_01
  14 3.581779 21.763317 0.404109 -0.759226 -0.608252 -0.231526 0.340801 0.878648 1 14 1.000000
  14 3.169896 22.932974 -0.341975 -0.849016 -0.395234 -0.350658 0.410855 0.936181 1 14 1.000000
  14 3.311073 22.056942 -0.945578 -0.849016 -0.395234 -0.350658 0.404644 0.879550 1 14 1.000000
flesh_hand_01
  14 3.169896 22.932974 -0.341975 -0.849016 -0.395234 -0.350658 0.410855 0.936181 1 14 1.000000
  14 4.049972 22.577156 -1.611124 -0.541933 -0.412401 -0.732280 0.468487 0.880451 1 14 1.000000
  14 3.311073 22.056942 -0.945578 -0.849016 -0.395234 -0.350658 0.404644 0.879550 1 14 1.000000
flesh_hand_01
  14 3.255507 23.695618 -2.015746 -0.541933 -0.412401 -0.732280 0.474044 0.934522 1 14 1.000000
  14 4.049972 22.577156 -1.611124 -0.541933 -0.412401 -0.732280 0.468487 0.880451 1 14 1.000000
  14 3.169896 22.932974 -0.341975 -0.849016 -0.395234 -0.350658 0.410855 0.936181 1 14 1.000000
flesh_hand_01
  14 5.609143 23.956215 -2.609488 0.062464 -0.226262 -0.972062 0.541508 0.934398 1 14 1.000000
  14 4.049972 22.577156 -1.611124 -0.541933 -0.412401 -0.732280 0.468487 0.880451 1 14 1.000000
  14 3.255507 23.695618 -2.015746 -0.541933 -0.412401 -0.732280 0.474044 0.934522 1 14 1.000000
flesh_hand_01
  14 6.032917 22.944395 -2.241731 0.062464 -0.226262 -0.972062 0.537831 0.880558 1 14 1.000000
  14 4.049972 22.577156 -1.611124 -0.541933 -0.412401 -0.732280 0.468487 0.880451 1 14 1.000000
  14 5.609143 23.956215 -2.609488 0.062464 -0.226262 -0.972062 0.541508 0.934398 1 14 1.000000
flesh_hand_01
  14 6.761625 23.714260 -2.007417 0.528505 0.081151 -0.845042 0.608972 0.934274 1 14 1.000000
  14 6.032917 22.944395 -2.241731 0.062464 -0.226262 -0.972062 0.537831 0.880558 1 14 1.000000
  14 5.609143 23.956215 -2.609488 0.062464 -0.226262 -0.972062 0.541508 0.934398 1 14 1.000000
flesh_hand_01
  14 7.001901 22.588570 -2.163033 0.528505 0.081151 -0.845042 0.607176 0.880665 1 14 1.000000
  14 6.032917 22.944395 -2.241731 0.062464 -0.226262 -0.972062 0.537831 0.880558 1 14 1.000000
  14 6.761625 23.714260 -2.007417 0.528505 0.081151 -0.845042 0.608972 0.934274 1 14 1.000000
flesh_hand_01
  14 8.014371 23.216183 -0.954660 0.925544 -0.012954 -0.378418 0.714152 0.931788 1 14 1.000000
  14 7.001901 22.588570 -2.163033 0.528505 0.081151 -0.845042 0.607176 0.880665 1 14 1.000000
  14 6.761625 23.714260 -2.007417 0.528505 0.081151 -0.845042 0.608972 0.934274 1 14 1.000000
flesh_hand_01
  14 7.936709 22.718164 -1.001016 0.925544 -0.012954 -0.378418 0.716031 0.881913 1 14 1.000000
  14 7.001901 22.588570 -2.163033 0.528505 0.081151 -0.845042 0.607176 0.880665 1 14 1.000000
  14 8.014371 23.216183 -0.954660 0.925544 -0.012954 -0.378418 0.714152 0.931788 1 14 1.000000
flesh_hand_01
  14 5.974776 22.004457 -0.272305 -0.023739 0.233957 -0.971957 0.653995 0.194773 1 14 1.000000
  14 5.722558 23.184820 0.017336 -0.014884 0.112404 -0.993551 0.656892 0.300721 1 14 1.000000
  14 6.818225 22.237207 0.171150 0.786175 0.305208 -0.537380 0.714698 0.195427 1 14 1.000000
flesh_hand_01
  14 6.818225 22.237207 0.171150 0.786175 0.305208 -0.537380 0.714698 0.195427 1 14 1.000000
  14 5.722558 23.184820 0.017336 -0.014884 0.112404 -0.993551 0.656892 0.300721 1 14 1.000000
  14 6.554293 23.350800 0.412426 0.808937 0.200378 -0.552693 0.714844 0.300728 1 14 1.000000
flesh_hand_01
  14 6.554293 23.350800 0.412426 0.808937 0.200378 -0.552693 0.714844 0.300728 1 14 1.000000
  14 6.677856 23.025087 1.466030 0.863556 0.048644 0.501901 0.778636 0.300714 1 14 1.000000
  14 6.818225 22.237207 0.171150 0.786175 0.305208 -0.537380 0.714698 0.195427 1 14 1.000000
flesh_hand_01
  14 6.818225 22.237207 0.171150 0.786175 0.305208 -0.537380 0.714698 0.195427 1 14 1.000000
  14 6.677856 23.025087 1.466030 0.863556 0.048644 0.501901 0.778636 0.300714 1 14 1.000000
  14 6.963700 21.774227 1.195660 0.858392 0.088256 0.505346 0.779297 0.194115 1 14 1.000000
flesh_hand_01
  14 6.963700 21.774227 1.195660 0.858392 0.088256 0.505346 0.779297 0.194115 1 14 1.000000
  14 6.677856 23.025087 1.466030 0.863556 0.048644 0.501901 0.778636 0.300714 1 14 1.000000
  14 6.127121 21.521423 1.608257 0.049233 -0.202432 0.978058 0.837788 0.193943 1 14 1.000000
flesh_hand_01
  14 6.127121 21.521423 1.608257 0.049233 -0.202432 0.978058 0.837788 0.193943 1 14 1.000000
  14 6.677856 23.025087 1.466030 0.863556 0.048644 0.501901 0.778636 0.300714 1 14 1.000000
  14 5.849730 22.777723 1.879475 0.091457 -0.282547 0.954884 0.837127 0.300710 1 14 1.000000
flesh_hand_01
  14 6.127121 21.521423 1.608257 0.049233 -0.202432 0.978058 0.837788 0.193943 1 14 1.000000
  14 5.849730 22.777723 1.879475 0.091457 -0.282547 0.954884 0.837127 0.300710 1 14 1.000000
  14 5.251397 21.438128 1.202988 -0.796136 -0.284600 0.534013 0.895508 0.193908 1 14 1.000000
flesh_hand_01
  14 5.251397 21.438128 1.202988 -0.796136 -0.284600 0.534013 0.895508 0.193908 1 14 1.000000
  14 5.849730 22.777723 1.879475 0.091457 -0.282547 0.954884 0.837127 0.300710 1 14 1.000000
  14 4.990024 22.695242 1.497048 -0.748845 -0.435322 0.499726 0.894847 0.300709 1 14 1.000000
flesh_hand_01
  14 4.990024 22.695242 1.497048 -0.748845 -0.435322 0.499726 0.894847 0.300709 1 14 1.000000
  14 4.922672 22.913275 0.357571 -0.814720 -0.153639 -0.559129 0.961888 0.300713 1 14 1.000000
  14 5.251397 21.438128 1.202988 -0.796136 -0.284600 0.534013 0.895508 0.193908 1 14 1.000000
flesh_hand_01
  14 4.922672 22.913275 0.357571 -0.814720 -0.153639 -0.559129 0.961888 0.300713 1 14 1.000000
  14 4.990024 22.695242 1.497048 -0.748845 -0.435322 0.499726 0.894847 0.300709 1 14 1.000000
  14 4.846620 23.240208 0.439418 -0.772925 -0.261026 -0.578319 0.961019 0.332573 1 14 1.000000
flesh_hand_01
  14 4.846620 23.240208 0.439418 -0.772925 -0.261026 -0.578319 0.961019 0.332573 1 14 1.000000
  14 4.990024 22.695242 1.497048 -0.748845 -0.435322 0.499726 0.894847 0.300709 1 14 1.000000
  14 4.756459 22.950706 1.716935 -0.678555 -0.580593 0.449971 0.894484 0.332570 1 14 1.000000
flesh_hand_01
  14 4.756459 22.950706 1.716935 -0.678555 -0.580593 0.449971 0.894484 0.332570 1 14 1.000000
  14 4.990024 22.695242 1.497048 -0.748845 -0.435322 0.499726 0.894847 0.300709 1 14 1.000000
  14 5.765210 23.106182 1.945036 0.131854 -0.358280 0.924256 0.837560 0.332571 1 14 1.000000
flesh_hand_01
  14 5.765210 23.106182 1.945036 0.131854 -0.358280 0.924256 0.837560 0.332571 1 14 1.000000
  14 4.990024 22.695242 1.497048 -0.748845 -0.435322 0.499726 0.894847 0.300709 1 14 1.000000
  14 5.849730 22.777723 1.879475 0.091457 -0.282547 0.954884 0.837127 0.300710 1 14 1.000000
flesh_hand_01
  14 5.765210 23.106182 1.945036 0.131854 -0.358280 0.924256 0.837560 0.332571 1 14 1.000000
  14 5.849730 22.777723 1.879475 0.091457 -0.282547 0.954884 0.837127 0.300710 1 14 1.000000
  14 6.614331 23.409380 1.593824 0.867365 0.008538 0.497600 0.779281 0.332575 1 14 1.000000
flesh_hand_01
  14 6.614331 23.409380 1.593824 0.867365 0.008538 0.497600 0.779281 0.332575 1 14 1.000000
  14 5.849730 22.777723 1.879475 0.091457 -0.282547 0.954884 0.837127 0.300710 1 14 1.000000
  14 6.677856 23.025087 1.466030 0.863556 0.048644 0.501901 0.778636 0.300714 1 14 1.000000
flesh_hand_01
  14 6.677856 23.025087 1.466030 0.863556 0.048644 0.501901 0.778636 0.300714 1 14 1.000000
  14 6.554293 23.350800 0.412426 0.808937 0.200378 -0.552693 0.714844 0.300728 1 14 1.000000
  14 6.614331 23.409380 1.593824 0.867365 0.008538 0.497600 0.779281 0.332575 1 14 1.000000
flesh_hand_01
  14 6.614331 23.409380 1.593824 0.867365 0.008538 0.497600 0.779281 0.332575 1 14 1.000000
  14 6.554293 23.350800 0.412426 0.808937 0.200378 -0.552693 0.714844 0.300728 1 14 1.000000
  14 6.467957 23.920773 0.367773 0.822174 0.093528 -0.561500 0.715410 0.332590 1 14 1.000000
flesh_hand_01
  14 6.467957 23.920773 0.367773 0.822174 0.093528 -0.561500 0.715410 0.332590 1 14 1.000000
  14 6.554293 23.350800 0.412426 0.808937 0.200378 -0.552693 0.714844 0.300728 1 14 1.000000
  14 5.645482 23.755901 -0.013928 -0.005668 -0.012673 -0.999904 0.657129 0.332583 1 14 1.000000
flesh_hand_01
  14 5.645482 23.755901 -0.013928 -0.005668 -0.012673 -0.999904 0.657129 0.332583 1 14 1.000000
  14 6.554293 23.350800 0.412426 0.808937 0.200378 -0.552693 0.714844 0.300728 1 14 1.000000
  14 5.722558 23.184820 0.017336 -0.014884 0.112404 -0.993551 0.656892 0.300721 1 14 1.000000
flesh_hand_01
  14 5.645482 23.755901 -0.013928 -0.005668 -0.012673 -0.999904 0.657129 0.332583 1 14 1.000000
  14 5.722558 23.184820 0.017336 -0.014884 0.112404 -0.993551 0.656892 0.300721 1 14 1.000000
  14 4.846620 23.240208 0.439418 -0.772925 -0.261026 -0.578319 0.600988 0.332576 1 14 1.000000
flesh_hand_01
  14 4.846620 23.240208 0.439418 -0.772925 -0.261026 -0.578319 0.600988 0.332576 1 14 1.000000
  14 5.722558 23.184820 0.017336 -0.014884 0.112404 -0.993551 0.656892 0.300721 1 14 1.000000
  14 4.922672 22.913275 0.357571 -0.814720 -0.153639 -0.559129 0.601081 0.300715 1 14 1.000000
flesh_hand_01
  14 5.974776 22.004457 -0.272305 -0.023739 0.233957 -0.971957 0.653995 0.194773 1 14 1.000000
  14 4.922672 22.913275 0.357571 -0.814720 -0.153639 -0.559129 0.601081 0.300715 1 14 1.000000
  14 5.722558 23.184820 0.017336 -0.014884 0.112404 -0.993551 0.656892 0.300721 1 14 1.000000
flesh_hand_01
  14 5.170803 21.662434 0.035047 -0.846575 -0.038907 -0.530845 0.597613 0.194190 1 14 1.000000
  14 4.922672 22.913275 0.357571 -0.814720 -0.153639 -0.559129 0.601081 0.300715 1 14 1.000000
  14 5.974776 22.004457 -0.272305 -0.023739 0.233957 -0.971957 0.653995 0.194773 1 14 1.000000
flesh_hand_01
  14 5.251397 21.438128 1.202988 -0.796136 -0.284600 0.534013 0.895508 0.193908 1 14 1.000000
  14 4.922672 22.913275 0.357571 -0.814720 -0.153639 -0.559129 0.961888 0.300713 1 14 1.000000
  14 5.170803 21.662434 0.035047 -0.846575 -0.038907 -0.530845 0.962548 0.194053 1 14 1.000000
flesh_hand_01
  14 3.422214 17.648592 -2.350237 -0.842557 0.236153 -0.484075 0.827223 0.630948 1 14 1.000000
  14 6.060647 19.133738 -3.445835 0.012403 0.337644 -0.941192 0.968542 0.685186 1 14 1.000000
  14 6.248462 18.598539 -3.793157 0.002491 0.603617 -0.797271 0.972815 0.631600 1 14 1.000000
flesh_hand_01
  14 3.349099 18.578405 0.349704 -0.988101 0.025196 0.151726 0.974944 0.874979 1 14 1.000000
  14 3.623167 18.867039 -1.701695 -0.737410 0.377939 -0.559811 0.831392 0.880678 1 14 1.000000
  14 3.325397 17.280323 -0.522985 -0.999051 0.019959 0.038708 0.972753 0.945005 1 14 1.000000
flesh_hand_01
  14 3.325397 17.280323 -0.522985 -0.999051 0.019959 0.038708 0.972753 0.945005 1 14 1.000000
  14 3.623167 18.867039 -1.701695 -0.737410 0.377939 -0.559811 0.831392 0.880678 1 14 1.000000
  14 3.408793 17.353424 -2.334743 -0.842501 0.284660 -0.457341 0.825010 0.933990 1 14 1.000000
flesh_hand_01
  14 3.623167 18.867039 -1.701695 -0.737410 0.377939 -0.559811 0.831392 0.880678 1 14 1.000000
  14 6.241179 18.632042 -3.701700 -0.182010 0.596122 -0.781992 0.714152 0.931788 1 14 1.000000
  14 3.408793 17.353424 -2.334743 -0.842501 0.284660 -0.457341 0.825010 0.933990 1 14 1.000000
flesh_hand_01
  14 6.142283 19.060787 -3.316577 0.042127 0.671344 -0.739947 0.716031 0.881913 1 14 1.000000
  14 6.241179 18.632042 -3.701700 -0.182010 0.596122 -0.781992 0.714152 0.931788 1 14 1.000000
  14 3.623167 18.867039 -1.701695 -0.737410 0.377939 -0.559811 0.831392 0.880678 1 14 1.000000
flesh_hand_01
  14 6.241179 18.632042 -3.701700 -0.182010 0.596122 -0.781992 0.714152 0.931788 1 14 1.000000
  14 6.142283 19.060787 -3.316577 0.042127 0.671344 -0.739947 0.716031 0.881913 1 14 1.000000
  14 8.629481 17.856932 -2.134212 0.771275 0.565570 -0.292002 0.608972 0.934274 1 14 1.000000
flesh_hand_01
  14 8.629481 17.856932 -2.134212 0.771275 0.565570 -0.292002 0.608972 0.934274 1 14 1.000000
  14 6.142283 19.060787 -3.316577 0.042127 0.671344 -0.739947 0.716031 0.881913 1 14 1.000000
  14 8.122596 19.076378 -1.284209 0.771275 0.565570 -0.292002 0.607822 0.887128 1 14 1.000000
flesh_hand_01
  14 8.629481 17.856932 -2.134212 0.771275 0.565570 -0.292002 0.608972 0.934274 1 14 1.000000
  14 8.122596 19.076378 -1.284209 0.771275 0.565570 -0.292002 0.607822 0.887128 1 14 1.000000
  14 8.710713 17.906576 1.059389 0.789337 0.563094 0.244687 0.474044 0.934522 1 14 1.000000
flesh_hand_01
  14 8.710713 17.906576 1.059389 0.789337 0.563094 0.244687 0.474044 0.934522 1 14 1.000000
  14 8.122596 19.076378 -1.284209 0.771275 0.565570 -0.292002 0.607822 0.887128 1 14 1.000000
  14 8.440264 18.238071 1.007003 0.789337 0.563094 0.244687 0.468487 0.880451 1 14 1.000000
flesh_hand_01
  14 8.710713 17.906576 1.059389 0.789337 0.563094 0.244687 0.474044 0.934522 1 14 1.000000
  14 8.440264 18.238071 1.007003 0.789337 0.563094 0.244687 0.468487 0.880451 1 14 1.000000
  14 7.401393 17.921820 2.800500 0.313333 0.552624 0.772288 0.347666 0.937840 1 14 1.000000
flesh_hand_01
  14 7.401393 17.921820 2.800500 0.313333 0.552624 0.772288 0.347666 0.937840 1 14 1.000000
  14 8.440264 18.238071 1.007003 0.789337 0.563094 0.244687 0.468487 0.880451 1 14 1.000000
  14 6.955940 18.637585 2.389207 0.313333 0.552624 0.772288 0.340801 0.878648 1 14 1.000000
flesh_hand_01
  14 7.401393 17.921820 2.800500 0.313333 0.552624 0.772288 0.347666 0.937840 1 14 1.000000
  14 6.955940 18.637585 2.389207 0.313333 0.552624 0.772288 0.340801 0.878648 1 14 1.000000
  14 4.946651 17.657011 2.668154 -0.377285 0.080439 0.922597 0.189073 0.935857 1 14 1.000000
flesh_hand_01
  14 4.946651 17.657011 2.668154 -0.377285 0.080439 0.922597 0.189073 0.935857 1 14 1.000000
  14 6.955940 18.637585 2.389207 0.313333 0.552624 0.772288 0.340801 0.878648 1 14 1.000000
  14 4.128423 18.732954 2.296241 -0.618583 0.069158 0.782670 0.187435 0.879626 1 14 1.000000
flesh_hand_01
  14 4.128423 18.732954 2.296241 -0.618583 0.069158 0.782670 0.187435 0.879626 1 14 1.000000
  14 3.661129 16.762802 1.304936 -0.890881 -0.096681 0.443828 0.118399 0.940777 1 14 1.000000
  14 4.946651 17.657011 2.668154 -0.377285 0.080439 0.922597 0.189073 0.935857 1 14 1.000000
flesh_hand_01
  14 3.349099 18.578405 0.349704 -0.988101 0.025196 0.151726 0.042868 0.874416 1 14 1.000000
  14 3.661129 16.762802 1.304936 -0.890881 -0.096681 0.443828 0.118399 0.940777 1 14 1.000000
  14 4.128423 18.732954 2.296241 -0.618583 0.069158 0.782670 0.187435 0.879626 1 14 1.000000
flesh_hand_01
  14 3.349099 18.578405 0.349704 -0.988101 0.025196 0.151726 0.042868 0.874416 1 14 1.000000
  14 3.325397 17.280323 -0.522985 -0.999051 0.019959 0.038708 0.041986 0.946097 1 14 1.000000
  14 3.661129 16.762802 1.304936 -0.890881 -0.096681 0.443828 0.118399 0.940777 1 14 1.000000
flesh_hand_01
  14 5.985254 22.175970 1.782905 0.120247 -0.598771 0.791842 0.974944 0.874979 1 14 1.000000
  14 6.875933 22.433786 1.322245 0.860559 -0.333811 0.384718 0.831392 0.880678 1 14 1.000000
  14 5.867081 22.591078 2.180896 0.120247 -0.598771 0.791842 0.972753 0.945005 1 14 1.000000
flesh_hand_01
  14 5.867081 22.591078 2.180896 0.120247 -0.598771 0.791842 0.972753 0.945005 1 14 1.000000
  14 6.875933 22.433786 1.322245 0.860559 -0.333811 0.384718 0.831392 0.880678 1 14 1.000000
  14 6.871083 23.232477 1.801723 0.860559 -0.333811 0.384718 0.825010 0.933990 1 14 1.000000
flesh_hand_01
  14 6.871083 23.232477 1.801723 0.860559 -0.333811 0.384718 0.825010 0.933990 1 14 1.000000
  14 6.875933 22.433786 1.322245 0.860559 -0.333811 0.384718 0.831392 0.880678 1 14 1.000000
  14 6.931661 23.122473 0.109163 0.818671 -0.164059 -0.550330 0.714152 0.931788 1 14 1.000000
flesh_hand_01
  14 6.931661 23.122473 0.109163 0.818671 -0.164059 -0.550330 0.714152 0.931788 1 14 1.000000
  14 6.875933 22.433786 1.322245 0.860559 -0.333811 0.384718 0.831392 0.880678 1 14 1.000000
  14 6.749596 22.661444 0.250353 0.818671 -0.164059 -0.550330 0.716031 0.881913 1 14 1.000000
flesh_hand_01
  14 6.749596 22.661444 0.250353 0.818671 -0.164059 -0.550330 0.716031 0.881913 1 14 1.000000
  14 5.952053 22.344074 -0.196253 0.053586 -0.253822 -0.965765 0.607176 0.880665 1 14 1.000000
  14 6.931661 23.122473 0.109163 0.818671 -0.164059 -0.550330 0.714152 0.931788 1 14 1.000000
flesh_hand_01
  14 6.931661 23.122473 0.109163 0.818671 -0.164059 -0.550330 0.714152 0.931788 1 14 1.000000
  14 5.952053 22.344074 -0.196253 0.053586 -0.253822 -0.965765 0.607176 0.880665 1 14 1.000000
  14 5.629038 23.417883 -0.366393 0.053586 -0.253822 -0.965765 0.608972 0.934274 1 14 1.000000
flesh_hand_01
  14 5.952053 22.344074 -0.196253 0.053586 -0.253822 -0.965765 0.607176 0.880665 1 14 1.000000
  14 5.093704 22.253885 0.236075 -0.609618 -0.515353 -0.602310 0.468487 0.880451 1 14 1.000000
  14 5.629038 23.417883 -0.366393 0.053586 -0.253822 -0.965765 0.608972 0.934274 1 14 1.000000
flesh_hand_01
  14 5.629038 23.417883 -0.366393 0.053586 -0.253822 -0.965765 0.608972 0.934274 1 14 1.000000
  14 5.093704 22.253885 0.236075 -0.609618 -0.515353 -0.602310 0.468487 0.880451 1 14 1.000000
  14 4.529700 23.048565 0.021451 -0.609618 -0.515353 -0.602310 0.474044 0.934522 1 14 1.000000
flesh_hand_01
  14 4.529700 23.048565 0.021451 -0.609618 -0.515353 -0.602310 0.474044 0.934522 1 14 1.000000
  14 5.093704 22.253885 0.236075 -0.609618 -0.515353 -0.602310 0.468487 0.880451 1 14 1.000000
  14 4.682121 22.585093 0.962373 -0.813586 -0.580979 -0.023258 0.347666 0.937840 1 14 1.000000
flesh_hand_01
  14 4.682121 22.585093 0.962373 -0.813586 -0.580979 -0.023258 0.347666 0.937840 1 14 1.000000
  14 5.093704 22.253885 0.236075 -0.609618 -0.515353 -0.602310 0.468487 0.880451 1 14 1.000000
  14 5.110186 22.015804 0.895261 -0.813586 -0.580979 -0.023258 0.340801 0.878648 1 14 1.000000
flesh_hand_01
  14 5.110186 22.015804 0.895261 -0.813586 -0.580979 -0.023258 0.340801 0.878648 1 14 1.000000
  14 5.163524 21.960318 1.325804 -0.616798 -0.638605 0.460156 0.187435 0.879626 1 14 1.000000
  14 4.682121 22.585093 0.962373 -0.813586 -0.580979 -0.023258 0.347666 0.937840 1 14 1.000000
flesh_hand_01
  14 4.682121 22.585093 0.962373 -0.813586 -0.580979 -0.023258 0.347666 0.937840 1 14 1.000000
  14 5.163524 21.960318 1.325804 -0.616798 -0.638605 0.460156 0.187435 0.879626 1 14 1.000000
  14 4.856507 22.558735 1.616603 -0.616798 -0.638605 0.460156 0.189073 0.935857 1 14 1.000000
flesh_hand_01
  14 5.163524 21.960318 1.325804 -0.616798 -0.638605 0.460156 0.187435 0.879626 1 14 1.000000
  14 5.985254 22.175970 1.782905 0.120247 -0.598771 0.791842 0.042868 0.874416 1 14 1.000000
  14 4.856507 22.558735 1.616603 -0.616798 -0.638605 0.460156 0.189073 0.935857 1 14 1.000000
flesh_hand_01
  14 4.856507 22.558735 1.616603 -0.616798 -0.638605 0.460156 0.189073 0.935857 1 14 1.000000
  14 5.985254 22.175970 1.782905 0.120247 -0.598771 0.791842 0.042868 0.874416 1 14 1.000000
  14 5.867081 22.591078 2.180896 0.120247 -0.598771 0.791842 0.041986 0.946097 1 14 1.000000
flesh_hand_01
  14 6.594495 21.822681 3.991946 -0.187375 0.959963 0.208235 0.073401 0.280074 1 14 1.000000
  14 6.427123 22.327950 1.721254 -0.164365 0.958519 0.232862 0.197567 0.247063 1 14 1.000000
  14 3.821286 21.485098 3.263782 -0.198397 0.961488 0.190210 0.079355 0.137703 1 14 1.000000
flesh_hand_01
  14 3.821286 21.485098 3.263782 -0.198397 0.961488 0.190210 0.079355 0.137703 1 14 1.000000
  14 6.427123 22.327950 1.721254 -0.164365 0.958519 0.232862 0.197567 0.247063 1 14 1.000000
  14 2.602145 21.518675 1.364468 -0.209786 0.956967 0.200510 0.166088 0.060608 1 14 1.000000
flesh_hand_01
  14 2.602145 21.518675 1.364468 -0.209786 0.956967 0.200510 0.166088 0.060608 1 14 1.000000
  14 6.427123 22.327950 1.721254 -0.164365 0.958519 0.232862 0.197567 0.247063 1 14 1.000000
  14 2.927615 22.190290 -1.328369 -0.336702 0.875398 0.346858 0.307939 0.060185 1 14 1.000000
flesh_hand_01
  14 6.427123 22.327950 1.721254 -0.164365 0.958519 0.232862 0.197567 0.247063 1 14 1.000000
  14 3.594682 23.133217 -2.240605 -0.233487 0.906712 0.351221 0.366964 0.111111 1 14 1.000000
  14 2.927615 22.190290 -1.328369 -0.336702 0.875398 0.346858 0.307939 0.060185 1 14 1.000000
flesh_hand_01
  14 3.594682 23.133217 -2.240605 -0.233487 0.906712 0.351221 0.366964 0.111111 1 14 1.000000
  14 6.427123 22.327950 1.721254 -0.164365 0.958519 0.232862 0.197567 0.247063 1 14 1.000000
  14 6.146765 23.306976 -2.948533 0.022517 0.978745 0.203843 0.445101 0.178527 1 14 1.000000
flesh_hand_01
  14 8.078357 22.836542 -1.190657 -0.041936 0.987981 0.148780 0.362797 0.315483 1 14 1.000000
  14 6.146765 23.306976 -2.948533 0.022517 0.978745 0.203843 0.445101 0.178527 1 14 1.000000
  14 6.427123 22.327950 1.721254 -0.164365 0.958519 0.232862 0.197567 0.247063 1 14 1.000000
flesh_hand_01
  14 8.078357 22.836542 -1.190657 -0.041936 0.987981 0.148780 0.362797 0.315483 1 14 1.000000
  14 6.427123 22.327950 1.721254 -0.164365 0.958519 0.232862 0.197567 0.247063 1 14 1.000000
  14 8.211428 22.524250 2.280395 -0.157487 0.974395 0.160477 0.191009 0.362583 1 14 1.000000
flesh_hand_01
  14 8.211428 22.524250 2.280395 -0.157487 0.974395 0.160477 0.191009 0.362583 1 14 1.000000
  14 6.427123 22.327950 1.721254 -0.164365 0.958519 0.232862 0.197567 0.247063 1 14 1.000000
  14 6.594495 21.822681 3.991946 -0.187375 0.959963 0.208235 0.073401 0.280074 1 14 1.000000
flesh_hand_01
  14 3.501212 18.118414 -0.776317 -0.997205 0.031916 -0.067548 0.686482 0.001268 1 14 1.000000
  14 3.521071 18.478315 -1.504974 -0.894577 0.192672 -0.403248 0.687014 0.082598 1 14 1.000000
  14 3.465418 17.235489 -1.270604 -0.998354 0.055201 0.015530 0.750363 0.002056 1 14 1.000000
flesh_hand_01
  14 3.465418 17.235489 -1.270604 -0.998354 0.055201 0.015530 0.750363 0.002056 1 14 1.000000
  14 3.521071 18.478315 -1.504974 -0.894577 0.192672 -0.403248 0.687014 0.082598 1 14 1.000000
  14 3.567955 17.350445 -2.124487 -0.885417 0.292489 -0.361229 0.783110 0.082688 1 14 1.000000
flesh_hand_01
  14 3.521071 18.478315 -1.504974 -0.894577 0.192672 -0.403248 0.687014 0.082598 1 14 1.000000
  14 4.185784 18.604511 -2.124038 -0.658594 0.324707 -0.678836 0.687547 0.163929 1 14 1.000000
  14 3.567955 17.350445 -2.124487 -0.885417 0.292489 -0.361229 0.783110 0.082688 1 14 1.000000
flesh_hand_01
  14 3.567955 17.350445 -2.124487 -0.885417 0.292489 -0.361229 0.783110 0.082688 1 14 1.000000
  14 4.185784 18.604511 -2.124038 -0.658594 0.324707 -0.678836 0.687547 0.163929 1 14 1.000000
  14 4.316063 17.229866 -2.873431 -0.581613 0.469461 -0.664329 0.815857 0.163320 1 14 1.000000
flesh_hand_01
  14 8.962814 17.271328 -1.501992 0.784631 0.619661 -0.019352 0.998201 0.006092 1 14 1.000000
  14 8.529408 18.002357 -1.093172 0.875666 0.482908 -0.003063 0.816884 0.002876 1 14 1.000000
  14 9.268577 17.130636 0.963636 0.784631 0.619661 -0.019352 0.992991 0.162102 1 14 1.000000
flesh_hand_01
  14 9.268577 17.130636 0.963636 0.784631 0.619661 -0.019352 0.992991 0.162102 1 14 1.000000
  14 8.529408 18.002357 -1.093172 0.875666 0.482908 -0.003063 0.816884 0.002876 1 14 1.000000
  14 8.496980 17.933249 0.805650 0.875666 0.482908 -0.003063 0.815857 0.163320 1 14 1.000000
flesh_hand_01
  14 8.529408 18.002357 -1.093172 0.875666 0.482908 -0.003063 0.816884 0.002876 1 14 1.000000
  14 8.214746 18.820702 0.722997 0.942835 0.332994 0.013308 0.687547 0.163929 1 14 1.000000
  14 8.496980 17.933249 0.805650 0.875666 0.482908 -0.003063 0.815857 0.163320 1 14 1.000000
flesh_hand_01
  14 8.155951 18.970480 -0.987141 0.942835 0.332994 0.013308 0.686482 0.001268 1 14 1.000000
  14 8.214746 18.820702 0.722997 0.942835 0.332994 0.013308 0.687547 0.163929 1 14 1.000000
  14 8.529408 18.002357 -1.093172 0.875666 0.482908 -0.003063 0.816884 0.002876 1 14 1.000000
flesh_hand_01
  14 5.269549 21.335697 -2.053063 -0.672327 -0.592378 -0.443919 0.686482 0.001268 1 14 1.000000
  14 3.550991 21.172621 0.441882 -0.672327 -0.592378 -0.443919 0.687547 0.163929 1 14 1.000000
  14 3.594691 23.133240 -2.240602 -0.833175 -0.407319 -0.374046 0.816884 0.002876 1 14 1.000000
flesh_hand_01
  14 3.594691 23.133240 -2.240602 -0.833175 -0.407319 -0.374046 0.816884 0.002876 1 14 1.000000
  14 3.550991 21.172621 0.441882 -0.672327 -0.592378 -0.443919 0.687547 0.163929 1 14 1.000000
  14 2.941277 22.278582 0.214948 -0.806396 -0.438163 -0.397163 0.815857 0.163320 1 14 1.000000
flesh_hand_01
  14 2.823285 23.068811 -0.092550 -0.920480 -0.262448 -0.289547 0.876444 0.162904 1 14 1.000000
  14 3.594691 23.133240 -2.240602 -0.833175 -0.407319 -0.374046 0.816884 0.002876 1 14 1.000000
  14 2.941277 22.278582 0.214948 -0.806396 -0.438163 -0.397163 0.815857 0.163320 1 14 1.000000
flesh_hand_01
  14 2.823285 23.068811 -0.092550 -0.920480 -0.262448 -0.289547 0.876444 0.162904 1 14 1.000000
  14 2.965017 24.456343 -1.938543 -0.927514 -0.261106 -0.267472 0.998201 0.006092 1 14 1.000000
  14 3.594691 23.133240 -2.240602 -0.833175 -0.407319 -0.374046 0.816884 0.002876 1 14 1.000000
flesh_hand_01
  14 2.965017 24.456343 -1.938543 -0.927514 -0.261106 -0.267472 0.998201 0.006092 1 14 1.000000
  14 2.823285 23.068811 -0.092550 -0.920480 -0.262448 -0.289547 0.876444 0.162904 1 14 1.000000
  14 2.529074 24.066774 0.439696 -0.963051 -0.174521 -0.205120 0.992991 0.162102 1 14 1.000000
flesh_hand_01
  14 3.923220 23.497843 0.298835 -0.429834 0.082107 0.899167 0.815857 0.163320 1 14 1.000000
  14 3.216620 22.870049 0.008462 -0.678358 -0.172435 0.714210 0.783110 0.082688 1 14 1.000000
  14 4.364307 22.156393 0.879504 -0.634663 -0.082876 0.768332 0.687547 0.163929 1 14 1.000000
flesh_hand_01
  14 4.364307 22.156393 0.879504 -0.634663 -0.082876 0.768332 0.687547 0.163929 1 14 1.000000
  14 3.216620 22.870049 0.008462 -0.678358 -0.172435 0.714210 0.783110 0.082688 1 14 1.000000
  14 3.424655 21.674631 -0.428358 -0.741271 -0.340389 0.578492 0.686482 0.001268 1 14 1.000000
flesh_hand_01
  14 3.424655 21.674631 -0.428358 -0.741271 -0.340389 0.578492 0.686482 0.001268 1 14 1.000000
  14 3.216620 22.870049 0.008462 -0.678358 -0.172435 0.714210 0.783110 0.082688 1 14 1.000000
  14 2.622359 22.509884 -1.102656 -0.822684 -0.311545 0.475532 0.750363 0.002056 1 14 1.000000
flesh_hand_01
  14 7.708547 23.479225 0.820608 0.982202 0.162645 0.093941 0.816884 0.002876 1 14 1.000000
  14 7.785462 23.592812 -0.225340 0.908549 0.057556 -0.413794 0.860869 0.062588 1 14 1.000000
  14 7.736565 24.657780 0.697616 0.996636 -0.022532 0.078801 0.998201 0.006092 1 14 1.000000
flesh_hand_01
  14 7.736565 24.657780 0.697616 0.996636 -0.022532 0.078801 0.998201 0.006092 1 14 1.000000
  14 7.785462 23.592812 -0.225340 0.908549 0.057556 -0.413794 0.860869 0.062588 1 14 1.000000
  14 7.820920 24.654226 -0.264658 0.910669 -0.016933 -0.412789 0.995596 0.063893 1 14 1.000000
flesh_hand_01
  14 7.785462 23.592812 -0.225340 0.908549 0.057556 -0.413794 0.860869 0.062588 1 14 1.000000
  14 6.949419 23.850281 -0.907563 0.621900 0.034223 -0.782349 0.904854 0.122299 1 14 1.000000
  14 7.820920 24.654226 -0.264658 0.910669 -0.016933 -0.412789 0.995596 0.063893 1 14 1.000000
flesh_hand_01
  14 7.820920 24.654226 -0.264658 0.910669 -0.016933 -0.412789 0.995596 0.063893 1 14 1.000000
  14 6.949419 23.850281 -0.907563 0.621900 0.034223 -0.782349 0.904854 0.122299 1 14 1.000000
  14 6.838081 24.844976 -0.943094 0.597872 -0.007115 -0.801560 0.992991 0.121694 1 14 1.000000
flesh_hand_01
  14 3.480852 16.884521 -0.237723 -0.991865 0.095567 -0.084088 0.686482 0.001268 1 14 1.000000
  14 3.676515 17.182798 -1.885676 -0.991865 0.095567 -0.084088 0.687547 0.163929 1 14 1.000000
  14 3.468667 16.298592 -0.438907 -0.906454 0.414326 -0.081704 0.750363 0.002056 1 14 1.000000
flesh_hand_01
  14 3.468667 16.298592 -0.438907 -0.906454 0.414326 -0.081704 0.750363 0.002056 1 14 1.000000
  14 3.676515 17.182798 -1.885676 -0.991865 0.095567 -0.084088 0.687547 0.163929 1 14 1.000000
  14 3.594981 16.238892 -2.317700 -0.870752 0.482687 -0.093830 0.815857 0.163320 1 14 1.000000
flesh_hand_01
  14 3.594981 16.238892 -2.317700 -0.870752 0.482687 -0.093830 0.815857 0.163320 1 14 1.000000
  14 3.025205 15.809627 -0.667045 -0.863336 0.499574 -0.071253 0.816884 0.002876 1 14 1.000000
  14 3.468667 16.298592 -0.438907 -0.906454 0.414326 -0.081704 0.750363 0.002056 1 14 1.000000
flesh_hand_01
  14 3.004602 15.430419 -2.513992 -0.972207 0.210723 -0.102022 0.904854 0.122299 1 14 1.000000
  14 3.025205 15.809627 -0.667045 -0.863336 0.499574 -0.071253 0.816884 0.002876 1 14 1.000000
  14 3.594981 16.238892 -2.317700 -0.870752 0.482687 -0.093830 0.815857 0.122911 1 14 1.000000
flesh_hand_01
  14 3.004602 15.430419 -2.513992 -0.972207 0.210723 -0.102022 0.904854 0.122299 1 14 1.000000
  14 2.848766 14.671785 -0.718555 -0.996107 -0.003822 -0.088073 0.998201 0.006092 1 14 1.000000
  14 3.025205 15.809627 -0.667045 -0.863336 0.499574 -0.071253 0.816884 0.002876 1 14 1.000000
flesh_hand_01
  14 3.188761 14.535359 -2.741959 -0.974929 -0.161644 -0.152919 0.992991 0.121694 1 14 1.000000
  14 2.848766 14.671785 -0.718555 -0.996107 -0.003822 -0.088073 0.998201 0.006092 1 14 1.000000
  14 3.004602 15.430419 -2.513992 -0.972207 0.210723 -0.102022 0.904854 0.122299 1 14 1.000000
flesh_hand_01
  14 9.415072 16.779646 0.556137 0.744966 0.641011 0.184744 0.995596 0.084097 1 14 1.000000
  14 8.526939 17.735104 0.625909 0.879094 0.441129 0.180550 0.816370 0.083098 1 14 1.000000
  14 8.766606 16.491537 1.624607 0.706639 0.520831 0.478953 0.992991 0.162102 1 14 1.000000
flesh_hand_01
  14 8.766606 16.491537 1.624607 0.706639 0.520831 0.478953 0.992991 0.162102 1 14 1.000000
  14 8.526939 17.735104 0.625909 0.879094 0.441129 0.180550 0.816370 0.083098 1 14 1.000000
  14 8.225945 17.445374 1.586618 0.788995 0.376673 0.485390 0.815857 0.163320 1 14 1.000000
flesh_hand_01
  14 8.526939 17.735104 0.625909 0.879094 0.441129 0.180550 0.816370 0.083098 1 14 1.000000
  14 7.875928 18.409288 1.468945 0.849571 0.222116 0.478428 0.687547 0.163929 1 14 1.000000
  14 8.225945 17.445374 1.586618 0.788995 0.376673 0.485390 0.815857 0.163320 1 14 1.000000
flesh_hand_01
  14 8.389951 18.714708 0.706075 0.962512 0.214659 0.165806 0.687014 0.082598 1 14 1.000000
  14 7.875928 18.409288 1.468945 0.849571 0.222116 0.478428 0.687547 0.163929 1 14 1.000000
  14 8.526939 17.735104 0.625909 0.879094 0.441129 0.180550 0.816370 0.083098 1 14 1.000000
flesh_hand_01
  14 8.526939 17.735104 0.625909 0.879094 0.441129 0.180550 0.816370 0.083098 1 14 1.000000
  14 8.221360 18.646969 -0.154133 0.969054 0.183473 -0.165145 0.686482 0.001268 1 14 1.000000
  14 8.389951 18.714708 0.706075 0.962512 0.214659 0.165806 0.687014 0.082598 1 14 1.000000
flesh_hand_01
  14 8.420234 17.628586 -0.322891 0.875135 0.458963 -0.153273 0.816884 0.002876 1 14 1.000000
  14 8.221360 18.646969 -0.154133 0.969054 0.183473 -0.165145 0.686482 0.001268 1 14 1.000000
  14 8.526939 17.735104 0.625909 0.879094 0.441129 0.180550 0.816370 0.083098 1 14 1.000000
flesh_hand_01
  14 8.526939 17.735104 0.625909 0.879094 0.441129 0.180550 0.816370 0.083098 1 14 1.000000
  14 9.075637 16.949123 -0.610497 0.706955 0.695507 -0.128395 0.998201 0.006092 1 14 1.000000
  14 8.420234 17.628586 -0.322891 0.875135 0.458963 -0.153273 0.816884 0.002876 1 14 1.000000
flesh_hand_01
  14 9.415072 16.779646 0.556137 0.744966 0.641011 0.184744 0.995596 0.084097 1 14 1.000000
  14 9.075637 16.949123 -0.610497 0.706955 0.695507 -0.128395 0.998201 0.006092 1 14 1.000000
  14 8.526939 17.735104 0.625909 0.879094 0.441129 0.180550 0.816370 0.083098 1 14 1.000000
flesh_hand_01
  14 7.381755 23.390463 1.678641 0.478195 0.449742 0.754361 0.816884 0.002876 1 14 1.000000
  14 8.240480 23.354801 1.143301 0.948803 0.074502 0.306957 0.860869 0.062588 1 14 1.000000
  14 7.644534 24.938656 1.108719 0.508526 0.209575 0.835152 0.998201 0.006092 1 14 1.000000
flesh_hand_01
  14 7.644534 24.938656 1.108719 0.508526 0.209575 0.835152 0.998201 0.006092 1 14 1.000000
  14 8.240480 23.354801 1.143301 0.948803 0.074502 0.306957 0.860869 0.062588 1 14 1.000000
  14 8.444309 24.799227 0.678128 0.922659 -0.010758 0.385466 0.995596 0.063893 1 14 1.000000
flesh_hand_01
  14 8.240480 23.354801 1.143301 0.948803 0.074502 0.306957 0.860869 0.062588 1 14 1.000000
  14 8.002422 23.441387 0.189421 0.954037 -0.180204 -0.239457 0.904854 0.122299 1 14 1.000000
  14 8.444309 24.799227 0.678128 0.922659 -0.010758 0.385466 0.995596 0.063893 1 14 1.000000
flesh_hand_01
  14 8.444309 24.799227 0.678128 0.922659 -0.010758 0.385466 0.995596 0.063893 1 14 1.000000
  14 8.002422 23.441387 0.189421 0.954037 -0.180204 -0.239457 0.904854 0.122299 1 14 1.000000
  14 8.132165 24.794378 -0.745443 0.947181 -0.226547 -0.226990 0.992991 0.121694 1 14 1.000000
end
