// Created by Crowbar 0.74
version 1
nodes
  0 "bip_pelvis" -1
  1 "bip_hip_R" 0
  2 "bip_knee_R" 1
  3 "bip_foot_R" 2
  4 "bip_spine_0" 0
  5 "bip_spine_1" 4
  6 "bip_spine_2" 5
  7 "bip_spine_3" 6
  8 "bip_collar_R" 7
  9 "bip_upperArm_R" 8
  10 "bip_lowerArm_R" 9
  11 "bip_hand_R" 10
  12 "bip_Hand_Rotate1_R" 10
  13 "bip_hip_L" 0
  14 "bip_knee_L" 13
  15 "bip_foot_L" 14
  16 "bip_neck" 7
  17 "bip_head" 16
  18 "bip_collar_L" 7
  19 "bip_upperArm_L" 18
  20 "bip_lowerArm_L" 19
  21 "bip_hand_L" 20
  22 "bip_index_0_L" 21
  23 "bip_index_0_R" 11
  24 "bip_Hand_Rotate1_L" 20
  25 "bip_Arm_Rotate1_L" 19
  26 "bip_index_1_L" 22
  27 "bip_middle_0_L" 21
  28 "bip_middle_1_L" 27
  29 "bip_ring_0_L" 21
  30 "bip_ring_1_L" 29
  31 "bip_pinky_0_L" 21
  32 "bip_pinky_1_L" 31
  33 "bip_thumb_0_L" 21
  34 "bip_thumb_1_L" 33
  35 "bip_Hand_Rotate_L" 20
  36 "bip_Arm_Rotate_L" 19
  37 "bip_Pelvis_L" 13
  38 "bip_Arm_Rotate_R" 9
  39 "bip_Arm_Rotate1_R" 9
  40 "bip_kneeMid_L" 14
  41 "Elbow_R" 10
  42 "bip_Pelvis_R" 1
  43 "bip_kneeMid_R" 2
  44 "Elbow_L" 20
  45 "bip_index_1_R" 23
  46 "bip_middle_0_R" 11
  47 "bip_middle_1_R" 46
  48 "bip_ring_0_R" 11
  49 "bip_ring_1_R" 48
  50 "bip_pinky_0_R" 11
  51 "bip_pinky_1_R" 50
  52 "bip_thumb_0_R" 11
  53 "bip_thumb_1_R" 52
  54 "bip_Hand_Rotate_R" 10
  55 "bip_toeEnd_R" 3
  56 "bip_toeEnd_L" 15
  57 "bip_indexEnd_L" 26
  58 "bip_middleEnd_L" 28
  59 "bip_RingEnd_L" 30
  60 "bip_pinkyEnd_L" 32
  61 "bip_thumbEnd_L" 34
  62 "Wp_L" 21
  63 "bip_indexEnd_R" 45
  64 "bip_middleEnd_R" 47
  65 "bip_ringEnd_R" 49
  66 "bip_pinkyEnd_R" 51
  67 "bip_thumbEnd_R" 53
  68 "Wp_R" 11
  69 "bip_forward" 17
  70 "bip_clipbone" 11
end
skeleton
  time 0
    0 0.000000 39.563190 0.000000 0.000000 0.000000 0.000000
    1 -3.366135 -1.935646 1.480067 0.111246 0.039216 -1.700668
    2 16.045450 0.000000 0.000000 -0.000323 0.133775 -0.002420
    3 17.465778 0.000001 0.000001 -0.159390 -0.178530 1.736820
    4 0.000000 4.240540 1.190873 0.000000 0.000000 0.000000
    5 0.000000 5.143673 -0.566893 0.000000 0.000000 0.000000
    6 0.000000 4.011826 -0.435470 0.000000 0.000000 0.000000
    7 0.000000 3.724953 -0.655500 0.000000 0.000000 0.000000
    8 -2.166257 -0.155743 -0.180534 0.000000 0.000000 0.157080
    9 -4.301173 0.280510 -0.232197 1.514108 -0.019862 -2.351989
    10 11.236193 0.000000 0.000004 0.000001 -0.001411 0.443439
    11 9.693705 0.000000 0.000000 1.748300 -0.156891 3.091171
    12 7.480289 0.006109 -0.010555 1.740287 -0.001411 -3.140776
    13 3.366135 -1.935787 1.480067 -0.111239 0.039223 -1.440926
    14 16.045298 0.000001 0.000000 0.000323 0.133775 0.002421
    15 17.465788 0.000000 0.000000 2.982194 0.178536 1.404771
    16 0.000000 3.134243 -0.066059 0.000000 0.000000 0.000000
    17 0.063361 3.268921 0.898785 0.000000 0.000000 0.000000
    18 2.166257 -0.155926 -0.180536 3.141592 0.000000 -0.157080
    19 4.301145 -0.280594 0.232197 0.056693 0.019859 0.789599
    20 11.236181 -0.000027 -0.000006 0.000000 0.444256 0.000000
    21 9.693651 -0.013687 0.007915 0.169489 -0.050609 0.155683
    22 3.443607 -0.311180 -1.426107 0.025754 0.180665 0.039288
    23 -3.443645 0.311172 1.426091 0.025754 0.180665 0.039288
    24 7.480257 -0.000008 -0.000010 0.169489 0.000000 0.000000
    25 6.472908 -0.000031 -0.000001 -0.028346 0.000000 0.000000
    26 1.726654 -0.000004 0.000009 0.000000 0.000000 0.507966
    27 3.628399 -0.413433 -0.461199 -0.017992 0.035722 0.129722
    28 1.717384 -0.000019 -0.000012 0.000000 0.000000 0.296827
    29 3.622608 -0.257954 0.410928 -0.173205 -0.117278 0.214490
    30 1.717384 0.000017 0.000010 0.000000 0.000000 0.254297
    31 3.401308 0.004623 1.218914 -0.166412 -0.272554 0.134906
    32 1.462820 -0.000019 -0.000014 0.000000 0.000000 0.476304
    33 1.013556 0.134880 -1.638489 -0.195039 0.518495 0.573015
    34 1.567802 0.078053 0.000011 0.000000 0.302710 0.000000
    35 4.488096 -0.000061 -0.000023 0.084744 0.000000 0.000000
    36 3.480602 -0.000145 -0.000002 -0.043610 0.000000 0.000000
    37 2.222412 0.000015 -0.267579 -3.088133 -0.110996 1.564869
    38 3.480843 0.000000 0.000004 1.527190 0.000000 3.141593
    39 6.472961 0.000000 0.000000 1.542452 0.000000 3.141593
    40 0.000000 0.000000 0.000000 3.047043 0.186859 1.513152
    41 0.000002 -0.000001 0.000000 1.571107 -0.001377 2.920281
    42 2.222565 0.000001 -0.267583 0.053460 0.111003 1.576724
    43 0.000000 0.000000 0.000000 -0.094550 -0.186859 1.628441
    44 0.000000 0.000000 -0.000001 0.000000 -0.222128 0.000000
    45 -1.726627 0.000000 0.000000 0.000000 0.000000 0.507966
    46 -3.628420 0.413422 0.461190 -0.017992 0.035722 0.129722
    47 -1.717388 0.000000 0.000001 0.000000 0.000000 0.296827
    48 -3.622635 0.257938 -0.410944 -0.173205 -0.117278 0.214490
    49 -1.717390 -0.000002 0.000000 0.000000 0.000000 0.254297
    50 -3.401335 -0.004631 -1.218926 -0.166412 -0.272554 0.134906
    51 -1.462816 -0.000004 0.000000 0.000000 0.000000 0.476304
    52 -1.013588 -0.134895 1.638474 -0.195039 0.518495 0.573015
    53 -1.567801 -0.078051 0.000000 0.000000 0.302710 0.000000
    54 4.488173 0.003667 -0.006332 1.655541 -0.001411 -3.140776
    55 -0.035184 -3.529829 6.683560 0.000000 0.000000 0.000000
    56 0.035217 3.529826 -6.683582 0.000000 0.000000 0.000000
    57 1.878918 0.000004 -0.000005 -0.337833 0.000000 0.000000
    58 1.878918 0.000006 -0.000004 -0.337833 0.000000 0.000000
    59 1.878920 -0.000013 -0.000011 -0.337833 0.000000 0.000000
    60 1.878929 0.000004 0.000001 -0.337833 0.000000 0.000000
    61 1.490896 0.144535 -0.268490 -0.337833 0.000000 0.000000
    62 3.058685 1.032097 -0.605999 0.000000 0.334862 0.049595
    63 -1.878929 0.000002 0.000002 -0.337833 0.000000 0.000000
    64 -1.878931 0.000002 0.000001 -0.337833 0.000000 0.000000
    65 -1.878933 0.000002 0.000000 -0.337833 0.000000 0.000000
    66 -1.878937 0.000004 0.000000 -0.337833 0.000000 0.000000
    67 -1.490896 -0.144542 0.268478 -0.337833 0.000000 0.000000
    68 -3.058714 -1.032104 0.605986 0.000000 0.334862 0.049595
    69 0.000000 0.000000 4.750000 0.000000 -1.570796 -1.570796
    70 -2.849998 0.000000 0.000000 0.000000 0.000000 0.000000
end
triangles
flesh_hand_01
  13 3.143712 23.982048 2.013986 0.658885 0.531013 -0.532818 0.686482 0.001268 1 13 1.000000
  13 4.361550 23.567495 3.162614 0.658885 0.531013 -0.532818 0.687547 0.163929 1 13 1.000000
  13 2.907717 25.015093 2.807489 0.611353 0.580679 -0.537642 0.816884 0.002876 1 13 1.000000
flesh_hand_01
  13 2.907717 25.015093 2.807489 0.611353 0.580679 -0.537642 0.816884 0.002876 1 13 1.000000
  13 4.361550 23.567495 3.162614 0.658885 0.531013 -0.532818 0.687547 0.163929 1 13 1.000000
  13 4.312310 24.471260 3.946634 0.651743 0.539631 -0.532945 0.815857 0.163320 1 13 1.000000
flesh_hand_01
  13 2.310329 25.832283 3.461381 0.524446 0.656946 -0.541644 0.998201 0.006092 1 13 1.000000
  13 4.017383 25.157372 4.295650 0.586415 0.604556 -0.539101 0.904854 0.122299 1 13 1.000000
  13 3.835278 25.987228 4.884676 0.524446 0.656946 -0.541644 0.992991 0.121694 1 13 1.000000
flesh_hand_01
  13 2.907717 25.015093 2.807489 0.611353 0.580679 -0.537642 0.816884 0.002876 1 13 1.000000
  13 4.017383 25.157372 4.295650 0.586415 0.604556 -0.539101 0.904854 0.122299 1 13 1.000000
  13 2.310329 25.832283 3.461381 0.524446 0.656946 -0.541644 0.998201 0.006092 1 13 1.000000
flesh_hand_01
  13 4.017383 25.157372 4.295650 0.586415 0.604556 -0.539101 0.904854 0.122299 1 13 1.000000
  13 2.907717 25.015093 2.807489 0.611353 0.580679 -0.537642 0.816884 0.002876 1 13 1.000000
  13 4.312310 24.471260 3.946634 0.651743 0.539631 -0.532945 0.815857 0.122911 1 13 1.000000
flesh_hand_01
  13 8.590570 18.242266 -1.332158 -0.718935 0.030642 -0.694402 0.860869 0.062588 1 13 1.000000
  13 7.399297 18.053480 -0.980148 -0.398176 0.350148 -0.847851 0.815857 0.122911 1 13 1.000000
  13 8.039124 17.514605 -1.369957 -0.364695 0.341331 -0.866309 0.904854 0.122299 1 13 1.000000
flesh_hand_01
  13 8.190959 18.862337 -1.024323 -0.711342 0.098762 -0.695872 0.778339 0.060839 1 13 1.000000
  13 7.399297 18.053480 -0.980148 -0.398176 0.350148 -0.847851 0.815857 0.122911 1 13 1.000000
  13 8.590570 18.242266 -1.332158 -0.718935 0.030642 -0.694402 0.860869 0.062588 1 13 1.000000
flesh_hand_01
  13 8.432343 19.534552 -1.563622 -0.907833 -0.111586 -0.404213 0.740821 -0.001234 1 13 1.000000
  13 8.190959 18.862337 -1.024323 -0.711342 0.098762 -0.695872 0.778339 0.060839 1 13 1.000000
  13 8.569000 18.912983 -2.046741 -0.892439 -0.288327 -0.347017 0.816884 0.002876 1 13 1.000000
flesh_hand_01
  13 8.569000 18.912983 -2.046741 -0.892439 -0.288327 -0.347017 0.816884 0.002876 1 13 1.000000
  13 8.190959 18.862337 -1.024323 -0.711342 0.098762 -0.695872 0.778339 0.060839 1 13 1.000000
  13 8.590570 18.242266 -1.332158 -0.718935 0.030642 -0.694402 0.860869 0.062588 1 13 1.000000
flesh_hand_01
  13 8.569000 18.912983 -2.046741 -0.892439 -0.288327 -0.347017 0.816884 0.002876 1 13 1.000000
  13 8.590570 18.242266 -1.332158 -0.718935 0.030642 -0.694402 0.860869 0.062588 1 13 1.000000
  13 9.200469 18.085276 -2.676271 -0.852184 -0.397501 -0.340257 0.998201 0.006092 1 13 1.000000
flesh_hand_01
  13 9.200469 18.085276 -2.676271 -0.852184 -0.397501 -0.340257 0.998201 0.006092 1 13 1.000000
  13 8.590570 18.242266 -1.332158 -0.718935 0.030642 -0.694402 0.860869 0.062588 1 13 1.000000
  13 9.156481 17.547195 -1.922535 -0.739357 0.007523 -0.673272 0.995596 0.063893 1 13 1.000000
flesh_hand_01
  13 8.590570 18.242266 -1.332158 -0.718935 0.030642 -0.694402 0.860869 0.062588 1 13 1.000000
  13 8.039124 17.514605 -1.369957 -0.364695 0.341331 -0.866309 0.904854 0.122299 1 13 1.000000
  13 9.156481 17.547195 -1.922535 -0.739357 0.007523 -0.673272 0.995596 0.063893 1 13 1.000000
flesh_hand_01
  13 9.156481 17.547195 -1.922535 -0.739357 0.007523 -0.673272 0.995596 0.063893 1 13 1.000000
  13 8.039124 17.514605 -1.369957 -0.364695 0.341331 -0.866309 0.904854 0.122299 1 13 1.000000
  13 8.400050 16.802946 -1.962018 -0.413835 0.410383 -0.812605 0.992991 0.121694 1 13 1.000000
flesh_hand_01
  13 3.197097 18.482471 -1.040089 0.925395 -0.310446 0.217412 0.869806 0.129743 1 13 1.000000
  13 2.917332 18.274960 -0.101597 0.955164 0.046578 -0.292390 0.835145 0.069680 1 13 1.000000
  13 3.353595 19.919165 0.157085 0.967232 -0.248297 -0.053021 0.687547 0.163929 1 13 1.000000
flesh_hand_01
  13 3.353595 19.919165 0.157085 0.967232 -0.248297 -0.053021 0.687547 0.163929 1 13 1.000000
  13 2.917332 18.274960 -0.101597 0.955164 0.046578 -0.292390 0.835145 0.069680 1 13 1.000000
  13 3.531888 18.845207 1.337737 0.833987 0.288465 -0.470376 0.685842 0.036252 1 13 1.000000
flesh_hand_01
  13 3.531888 18.845207 1.337737 0.833987 0.288465 -0.470376 0.685842 0.036252 1 13 1.000000
  13 2.917332 18.274960 -0.101597 0.955164 0.046578 -0.292390 0.835145 0.069680 1 13 1.000000
  13 3.809618 17.962631 0.391285 0.540413 0.517174 -0.663690 0.805895 0.035328 1 13 1.000000
flesh_hand_01
  13 2.157041 27.359659 -0.479473 0.644685 0.186397 -0.741375 0.998201 0.006092 1 13 1.000000
  13 3.692117 27.354671 0.854147 0.667860 0.209457 -0.714206 0.904854 0.122299 1 13 1.000000
  13 3.444057 28.405178 0.694031 0.644685 0.186397 -0.741375 0.992991 0.121694 1 13 1.000000
flesh_hand_01
  13 2.811441 26.339321 -0.375481 0.708042 0.056501 -0.703906 0.816884 0.002876 1 13 1.000000
  13 3.692117 27.354671 0.854147 0.667860 0.209457 -0.714206 0.904854 0.122299 1 13 1.000000
  13 2.157041 27.359659 -0.479473 0.644685 0.186397 -0.741375 0.998201 0.006092 1 13 1.000000
flesh_hand_01
  13 3.692117 27.354671 0.854147 0.667860 0.209457 -0.714206 0.904854 0.122299 1 13 1.000000
  13 2.811441 26.339321 -0.375481 0.708042 0.056501 -0.703906 0.816884 0.002876 1 13 1.000000
  13 4.148241 26.628561 1.067183 0.706946 -0.007670 -0.707226 0.815857 0.122911 1 13 1.000000
flesh_hand_01
  13 3.119120 24.846292 0.189339 0.650180 -0.001203 -0.759779 0.686482 0.001268 1 13 1.000000
  13 4.365584 25.253283 1.311643 0.650180 -0.001203 -0.759779 0.687547 0.163929 1 13 1.000000
  13 2.934701 25.548193 0.086707 0.699982 -0.128740 -0.702461 0.750363 0.002056 1 13 1.000000
flesh_hand_01
  13 2.934701 25.548193 0.086707 0.699982 -0.128740 -0.702461 0.750363 0.002056 1 13 1.000000
  13 4.365584 25.253283 1.311643 0.650180 -0.001203 -0.759779 0.687547 0.163929 1 13 1.000000
  13 4.148241 26.628561 1.067183 0.706946 -0.007670 -0.707226 0.815857 0.163320 1 13 1.000000
flesh_hand_01
  13 4.148241 26.628561 1.067183 0.706946 -0.007670 -0.707226 0.815857 0.163320 1 13 1.000000
  13 2.811441 26.339321 -0.375481 0.708042 0.056501 -0.703906 0.816884 0.002876 1 13 1.000000
  13 2.934701 25.548193 0.086707 0.699982 -0.128740 -0.702461 0.750363 0.002056 1 13 1.000000
flesh_hand_01
  13 4.703931 20.387157 -1.127425 0.458729 -0.035766 0.887856 0.687547 0.163929 1 13 1.000000
  13 3.159339 19.758764 0.063695 0.817510 0.214050 0.534658 0.694612 0.032273 1 13 1.000000
  13 3.839318 20.199560 -0.673558 0.147109 0.783291 0.603998 0.687014 0.082598 1 13 1.000000
flesh_hand_01
  13 4.305004 18.129467 -1.871382 0.271881 -0.320115 0.907528 0.869806 0.129743 1 13 1.000000
  13 3.426343 18.421721 -1.491049 0.781564 -0.261962 0.566157 0.835145 0.069680 1 13 1.000000
  13 4.703931 20.387157 -1.127425 0.458729 -0.035766 0.887856 0.687547 0.163929 1 13 1.000000
flesh_hand_01
  13 4.703931 20.387157 -1.127425 0.458729 -0.035766 0.887856 0.687547 0.163929 1 13 1.000000
  13 3.426343 18.421721 -1.491049 0.781564 -0.261962 0.566157 0.835145 0.069680 1 13 1.000000
  13 3.159339 19.758764 0.063695 0.817510 0.214050 0.534658 0.694612 0.032273 1 13 1.000000
flesh_hand_01
  13 3.159339 19.758764 0.063695 0.817510 0.214050 0.534658 0.694612 0.032273 1 13 1.000000
  13 3.426343 18.421721 -1.491049 0.781564 -0.261962 0.566157 0.835145 0.069680 1 13 1.000000
  13 3.481148 18.185680 -0.452812 0.997685 0.052301 -0.043461 0.822610 0.032289 1 13 1.000000
flesh_hand_01
  13 5.075325 18.425413 0.304533 -0.128413 0.991561 -0.017808 0.568814 0.130527 1 13 1.000000
  13 5.207482 18.382645 -0.803155 -0.179003 0.982880 0.043647 0.574820 0.066365 1 13 1.000000
  13 5.966911 18.509243 0.769577 -0.128413 0.991561 -0.017808 0.512617 0.146647 1 13 1.000000
flesh_hand_01
  13 5.966911 18.509243 0.769577 -0.128413 0.991561 -0.017808 0.512617 0.146647 1 13 1.000000
  13 5.207482 18.382645 -0.803155 -0.179003 0.982880 0.043647 0.574820 0.066365 1 13 1.000000
  13 6.893520 18.663355 0.442320 -0.179003 0.982880 0.043647 0.463059 0.117067 1 13 1.000000
flesh_hand_01
  13 6.119954 18.650324 -1.123242 -0.228446 0.967897 0.104821 0.524884 0.036840 1 13 1.000000
  13 6.893520 18.663355 0.442320 -0.179003 0.982880 0.043647 0.463059 0.117067 1 13 1.000000
  13 5.207482 18.382645 -0.803155 -0.179003 0.982880 0.043647 0.574820 0.066365 1 13 1.000000
flesh_hand_01
  13 6.977569 18.789652 -0.703653 -0.228446 0.967897 0.104821 0.470585 0.050504 1 13 1.000000
  13 6.893520 18.663355 0.442320 -0.179003 0.982880 0.043647 0.463059 0.117067 1 13 1.000000
  13 6.119954 18.650324 -1.123242 -0.228446 0.967897 0.104821 0.524884 0.036840 1 13 1.000000
flesh_hand_01
  13 3.586871 27.605762 3.024896 0.882215 -0.306412 -0.357504 0.330316 0.405802 1 13 1.000000
  13 3.175286 24.864470 2.581413 0.889084 -0.181468 -0.420238 0.334938 0.541579 1 13 1.000000
  13 4.792121 27.228176 3.437993 0.080118 -0.101462 -0.991608 0.457983 0.406950 1 13 1.000000
flesh_hand_01
  13 2.988789 24.431879 2.588774 0.790553 -0.384293 -0.476807 0.335490 0.557787 1 13 1.000000
  13 3.175286 24.864470 2.581413 0.889084 -0.181468 -0.420238 0.334938 0.541579 1 13 1.000000
  13 3.055417 25.074171 -0.061682 0.709881 -0.584692 0.392689 0.204412 0.557594 1 13 1.000000
flesh_hand_01
  13 3.055417 25.074171 -0.061682 0.709881 -0.584692 0.392689 0.204412 0.557594 1 13 1.000000
  13 3.175286 24.864470 2.581413 0.889084 -0.181468 -0.420238 0.334938 0.541579 1 13 1.000000
  13 3.238338 25.411972 0.097450 0.917537 -0.105802 0.383317 0.203408 0.543090 1 13 1.000000
flesh_hand_01
  13 3.238338 25.411972 0.097450 0.917537 -0.105802 0.383317 0.203408 0.543090 1 13 1.000000
  13 3.814764 25.372496 -0.433697 0.697266 -0.056476 0.714584 0.165491 0.541873 1 13 1.000000
  13 3.055417 25.074171 -0.061682 0.709881 -0.584692 0.392689 0.204412 0.557594 1 13 1.000000
flesh_hand_01
  13 3.692576 26.052967 -0.891046 0.683669 0.021557 0.729474 0.157312 0.493276 1 13 1.000000
  13 3.814764 25.372496 -0.433697 0.697266 -0.056476 0.714584 0.165491 0.541873 1 13 1.000000
  13 3.238338 25.411972 0.097450 0.917537 -0.105802 0.383317 0.203408 0.543090 1 13 1.000000
flesh_hand_01
  13 3.814764 25.372496 -0.433697 0.697266 -0.056476 0.714584 0.165491 0.541873 1 13 1.000000
  13 3.692576 26.052967 -0.891046 0.683669 0.021557 0.729474 0.157312 0.493276 1 13 1.000000
  13 5.568069 25.307026 -2.278980 0.156486 -0.449154 0.879643 0.060160 0.538489 1 13 1.000000
flesh_hand_01
  13 5.568069 25.307026 -2.278980 0.156486 -0.449154 0.879643 0.060160 0.538489 1 13 1.000000
  13 3.692576 26.052967 -0.891046 0.683669 0.021557 0.729474 0.157312 0.493276 1 13 1.000000
  13 5.395458 26.780504 -1.370304 -0.059942 -0.527585 0.847385 0.069048 0.471263 1 13 1.000000
flesh_hand_01
  13 5.395458 26.780504 -1.370304 -0.059942 -0.527585 0.847385 0.069048 0.471263 1 13 1.000000
  13 3.692576 26.052967 -0.891046 0.683669 0.021557 0.729474 0.157312 0.493276 1 13 1.000000
  13 3.240328 27.574310 0.243475 0.798897 -0.443031 0.406801 0.199935 0.473439 1 13 1.000000
flesh_hand_01
  13 5.395458 26.780504 -1.370304 -0.059942 -0.527585 0.847385 0.069048 0.471263 1 13 1.000000
  13 3.240328 27.574310 0.243475 0.798897 -0.443031 0.406801 0.199935 0.473439 1 13 1.000000
  13 5.579607 28.429609 -0.292929 -0.064869 -0.657498 0.750658 0.077936 0.404036 1 13 1.000000
flesh_hand_01
  13 5.579607 28.429609 -0.292929 -0.064869 -0.657498 0.750658 0.077936 0.404036 1 13 1.000000
  13 3.240328 27.574310 0.243475 0.798897 -0.443031 0.406801 0.199935 0.473439 1 13 1.000000
  13 3.946687 28.185249 0.526156 0.567969 -0.779252 0.264911 0.193856 0.405141 1 13 1.000000
flesh_hand_01
  13 3.240328 27.574310 0.243475 0.798897 -0.443031 0.406801 0.199935 0.473439 1 13 1.000000
  13 3.586871 27.605762 3.024896 0.882215 -0.306412 -0.357504 0.330316 0.405802 1 13 1.000000
  13 3.946687 28.185249 0.526156 0.567969 -0.779252 0.264911 0.193856 0.405141 1 13 1.000000
flesh_hand_01
  13 3.240328 27.574310 0.243475 0.798897 -0.443031 0.406801 0.199935 0.473439 1 13 1.000000
  13 3.075639 25.915373 1.605317 0.992868 -0.084977 -0.083616 0.269485 0.496106 1 13 1.000000
  13 3.586871 27.605762 3.024896 0.882215 -0.306412 -0.357504 0.330316 0.405802 1 13 1.000000
flesh_hand_01
  13 3.586871 27.605762 3.024896 0.882215 -0.306412 -0.357504 0.330316 0.405802 1 13 1.000000
  13 3.075639 25.915373 1.605317 0.992868 -0.084977 -0.083616 0.269485 0.496106 1 13 1.000000
  13 3.175286 24.864470 2.581413 0.889084 -0.181468 -0.420238 0.334938 0.541579 1 13 1.000000
flesh_hand_01
  13 3.075639 25.915373 1.605317 0.992868 -0.084977 -0.083616 0.269485 0.496106 1 13 1.000000
  13 3.238338 25.411972 0.097450 0.917537 -0.105802 0.383317 0.203408 0.543090 1 13 1.000000
  13 3.175286 24.864470 2.581413 0.889084 -0.181468 -0.420238 0.334938 0.541579 1 13 1.000000
flesh_hand_01
  13 3.240328 27.574310 0.243475 0.798897 -0.443031 0.406801 0.199935 0.473439 1 13 1.000000
  13 3.238338 25.411972 0.097450 0.917537 -0.105802 0.383317 0.203408 0.543090 1 13 1.000000
  13 3.075639 25.915373 1.605317 0.992868 -0.084977 -0.083616 0.269485 0.496106 1 13 1.000000
flesh_hand_01
  13 3.692576 26.052967 -0.891046 0.683669 0.021557 0.729474 0.157312 0.493276 1 13 1.000000
  13 3.238338 25.411972 0.097450 0.917537 -0.105802 0.383317 0.203408 0.543090 1 13 1.000000
  13 3.240328 27.574310 0.243475 0.798897 -0.443031 0.406801 0.199935 0.473439 1 13 1.000000
flesh_hand_01
  13 5.568069 25.307026 -2.278980 0.156486 -0.449154 0.879643 0.060160 0.538489 1 13 1.000000
  13 5.629231 24.943726 -2.720721 0.028653 -0.761206 0.647877 0.057761 0.556636 1 13 1.000000
  13 3.814764 25.372496 -0.433697 0.697266 -0.056476 0.714584 0.165491 0.541873 1 13 1.000000
flesh_hand_01
  13 3.814764 25.372496 -0.433697 0.697266 -0.056476 0.714584 0.165491 0.541873 1 13 1.000000
  13 5.629231 24.943726 -2.720721 0.028653 -0.761206 0.647877 0.057761 0.556636 1 13 1.000000
  13 3.055417 25.074171 -0.061682 0.709881 -0.584692 0.392689 0.204412 0.557594 1 13 1.000000
flesh_hand_01
  13 7.261698 23.942959 3.506906 -0.582578 -0.105283 -0.805927 0.598802 0.539926 1 13 1.000000
  13 4.931057 23.695509 4.180715 0.165518 -0.325378 -0.930985 0.461420 0.556888 1 13 1.000000
  13 7.423852 23.523897 3.625142 -0.494943 -0.360463 -0.790631 0.598051 0.557591 1 13 1.000000
flesh_hand_01
  13 7.423852 23.523897 3.625142 -0.494943 -0.360463 -0.790631 0.598051 0.557591 1 13 1.000000
  13 8.304355 24.381403 1.975033 -0.855279 -0.434089 -0.282956 0.690767 0.557197 1 13 1.000000
  13 7.261698 23.942959 3.506906 -0.582578 -0.105283 -0.805927 0.598802 0.539926 1 13 1.000000
flesh_hand_01
  13 7.261698 23.942959 3.506906 -0.582578 -0.105283 -0.805927 0.598802 0.539926 1 13 1.000000
  13 8.304355 24.381403 1.975033 -0.855279 -0.434089 -0.282956 0.690767 0.557197 1 13 1.000000
  13 8.136799 24.719936 2.015610 -0.985853 -0.052309 -0.159243 0.690096 0.539652 1 13 1.000000
flesh_hand_01
  13 8.304355 24.381403 1.975033 -0.855279 -0.434089 -0.282956 0.690767 0.557197 1 13 1.000000
  13 7.788661 25.059057 -0.656889 -0.817842 -0.380809 0.431415 0.797692 0.534046 1 13 1.000000
  13 8.136799 24.719936 2.015610 -0.985853 -0.052309 -0.159243 0.690096 0.539652 1 13 1.000000
flesh_hand_01
  13 7.975678 25.835968 -0.304293 -0.837679 -0.225230 0.497559 0.793728 0.502352 1 13 1.000000
  13 8.136799 24.719936 2.015610 -0.985853 -0.052309 -0.159243 0.690096 0.539652 1 13 1.000000
  13 7.788661 25.059057 -0.656889 -0.817842 -0.380809 0.431415 0.797692 0.534046 1 13 1.000000
flesh_hand_01
  13 7.975678 25.835968 -0.304293 -0.837679 -0.225230 0.497559 0.793728 0.502352 1 13 1.000000
  13 7.788661 25.059057 -0.656889 -0.817842 -0.380809 0.431415 0.797692 0.534046 1 13 1.000000
  13 5.395458 26.780504 -1.370304 -0.059942 -0.527585 0.847385 0.913919 0.471200 1 13 1.000000
flesh_hand_01
  13 7.975678 25.835968 -0.304293 -0.837679 -0.225230 0.497559 0.793728 0.502352 1 13 1.000000
  13 5.395458 26.780504 -1.370304 -0.059942 -0.527585 0.847385 0.913919 0.471200 1 13 1.000000
  13 8.009824 26.766682 0.472202 -0.813576 -0.309909 0.491985 0.789764 0.470659 1 13 1.000000
flesh_hand_01
  13 5.579607 28.429609 -0.292929 -0.064869 -0.657498 0.750658 0.895242 0.404174 1 13 1.000000
  13 8.009824 26.766682 0.472202 -0.813576 -0.309909 0.491985 0.789764 0.470659 1 13 1.000000
  13 5.395458 26.780504 -1.370304 -0.059942 -0.527585 0.847385 0.913919 0.471200 1 13 1.000000
flesh_hand_01
  13 7.996940 27.765154 0.947079 -0.706449 -0.558490 0.434762 0.785799 0.438965 1 13 1.000000
  13 8.009824 26.766682 0.472202 -0.813576 -0.309909 0.491985 0.789764 0.470659 1 13 1.000000
  13 5.579607 28.429609 -0.292929 -0.064869 -0.657498 0.750658 0.895242 0.404174 1 13 1.000000
flesh_hand_01
  13 7.996940 27.765154 0.947079 -0.706449 -0.558490 0.434762 0.785799 0.438965 1 13 1.000000
  13 8.447959 26.661491 2.452666 -0.959349 -0.045021 -0.278608 0.687586 0.473958 1 13 1.000000
  13 8.009824 26.766682 0.472202 -0.813576 -0.309909 0.491985 0.789764 0.470659 1 13 1.000000
flesh_hand_01
  13 8.271914 27.784603 2.744512 -0.827253 -0.333375 -0.452232 0.686331 0.441111 1 13 1.000000
  13 8.447959 26.661491 2.452666 -0.959349 -0.045021 -0.278608 0.687586 0.473958 1 13 1.000000
  13 7.996940 27.765154 0.947079 -0.706449 -0.558490 0.434762 0.785799 0.438965 1 13 1.000000
flesh_hand_01
  13 7.580977 25.956511 3.127305 -0.522655 -0.081860 -0.848605 0.601592 0.474242 1 13 1.000000
  13 8.447959 26.661491 2.452666 -0.959349 -0.045021 -0.278608 0.687586 0.473958 1 13 1.000000
  13 8.271914 27.784603 2.744512 -0.827253 -0.333375 -0.452232 0.686331 0.441111 1 13 1.000000
flesh_hand_01
  13 8.271914 27.784603 2.744512 -0.827253 -0.333375 -0.452232 0.686331 0.441111 1 13 1.000000
  13 6.691356 27.465162 3.438821 -0.269396 -0.160451 -0.949569 0.604383 0.408558 1 13 1.000000
  13 7.580977 25.956511 3.127305 -0.522655 -0.081860 -0.848605 0.601592 0.474242 1 13 1.000000
flesh_hand_01
  13 7.580977 25.956511 3.127305 -0.522655 -0.081860 -0.848605 0.601592 0.474242 1 13 1.000000
  13 6.691356 27.465162 3.438821 -0.269396 -0.160451 -0.949569 0.604383 0.408558 1 13 1.000000
  13 7.769576 24.665606 3.644047 -0.581680 0.034762 -0.812675 0.600197 0.507084 1 13 1.000000
flesh_hand_01
  13 7.769576 24.665606 3.644047 -0.581680 0.034762 -0.812675 0.600197 0.507084 1 13 1.000000
  13 6.691356 27.465162 3.438821 -0.269396 -0.160451 -0.949569 0.604383 0.408558 1 13 1.000000
  13 4.792121 27.228176 3.437993 0.080118 -0.101462 -0.991608 0.457983 0.406950 1 13 1.000000
flesh_hand_01
  13 4.972077 24.137094 4.032148 0.190085 -0.202553 -0.960645 0.461030 0.539865 1 13 1.000000
  13 7.769576 24.665606 3.644047 -0.581680 0.034762 -0.812675 0.600197 0.507084 1 13 1.000000
  13 4.792121 27.228176 3.437993 0.080118 -0.101462 -0.991608 0.457983 0.406950 1 13 1.000000
flesh_hand_01
  13 4.792121 27.228176 3.437993 0.080118 -0.101462 -0.991608 0.457983 0.406950 1 13 1.000000
  13 3.175286 24.864470 2.581413 0.889084 -0.181468 -0.420238 0.334938 0.541579 1 13 1.000000
  13 4.972077 24.137094 4.032148 0.190085 -0.202553 -0.960645 0.461030 0.539865 1 13 1.000000
flesh_hand_01
  13 3.175286 24.864470 2.581413 0.889084 -0.181468 -0.420238 0.334938 0.541579 1 13 1.000000
  13 2.988789 24.431879 2.588774 0.790553 -0.384293 -0.476807 0.335490 0.557787 1 13 1.000000
  13 4.972077 24.137094 4.032148 0.190085 -0.202553 -0.960645 0.461030 0.539865 1 13 1.000000
flesh_hand_01
  13 4.972077 24.137094 4.032148 0.190085 -0.202553 -0.960645 0.461030 0.539865 1 13 1.000000
  13 2.988789 24.431879 2.588774 0.790553 -0.384293 -0.476807 0.335490 0.557787 1 13 1.000000
  13 4.931057 23.695509 4.180715 0.165518 -0.325378 -0.930985 0.461420 0.556888 1 13 1.000000
flesh_hand_01
  13 4.972077 24.137094 4.032148 0.190085 -0.202553 -0.960645 0.461030 0.539865 1 13 1.000000
  13 4.931057 23.695509 4.180715 0.165518 -0.325378 -0.930985 0.461420 0.556888 1 13 1.000000
  13 7.261698 23.942959 3.506906 -0.582578 -0.105283 -0.805927 0.598802 0.539926 1 13 1.000000
flesh_hand_01
  13 7.261698 23.942959 3.506906 -0.582578 -0.105283 -0.805927 0.598802 0.539926 1 13 1.000000
  13 7.769576 24.665606 3.644047 -0.581680 0.034762 -0.812675 0.600197 0.507084 1 13 1.000000
  13 4.972077 24.137094 4.032148 0.190085 -0.202553 -0.960645 0.461030 0.539865 1 13 1.000000
flesh_hand_01
  13 8.136799 24.719936 2.015610 -0.985853 -0.052309 -0.159243 0.690096 0.539652 1 13 1.000000
  13 7.769576 24.665606 3.644047 -0.581680 0.034762 -0.812675 0.600197 0.507084 1 13 1.000000
  13 7.261698 23.942959 3.506906 -0.582578 -0.105283 -0.805927 0.598802 0.539926 1 13 1.000000
flesh_hand_01
  13 8.331913 25.498590 2.185642 -0.982079 0.144224 -0.121325 0.688841 0.506805 1 13 1.000000
  13 7.769576 24.665606 3.644047 -0.581680 0.034762 -0.812675 0.600197 0.507084 1 13 1.000000
  13 8.136799 24.719936 2.015610 -0.985853 -0.052309 -0.159243 0.690096 0.539652 1 13 1.000000
flesh_hand_01
  13 8.331913 25.498590 2.185642 -0.982079 0.144224 -0.121325 0.688841 0.506805 1 13 1.000000
  13 8.136799 24.719936 2.015610 -0.985853 -0.052309 -0.159243 0.690096 0.539652 1 13 1.000000
  13 7.975678 25.835968 -0.304293 -0.837679 -0.225230 0.497559 0.793728 0.502352 1 13 1.000000
flesh_hand_01
  13 8.009824 26.766682 0.472202 -0.813576 -0.309909 0.491985 0.789764 0.470659 1 13 1.000000
  13 8.331913 25.498590 2.185642 -0.982079 0.144224 -0.121325 0.688841 0.506805 1 13 1.000000
  13 7.975678 25.835968 -0.304293 -0.837679 -0.225230 0.497559 0.793728 0.502352 1 13 1.000000
flesh_hand_01
  13 8.447959 26.661491 2.452666 -0.959349 -0.045021 -0.278608 0.687586 0.473958 1 13 1.000000
  13 8.331913 25.498590 2.185642 -0.982079 0.144224 -0.121325 0.688841 0.506805 1 13 1.000000
  13 8.009824 26.766682 0.472202 -0.813576 -0.309909 0.491985 0.789764 0.470659 1 13 1.000000
flesh_hand_01
  13 8.447959 26.661491 2.452666 -0.959349 -0.045021 -0.278608 0.687586 0.473958 1 13 1.000000
  13 7.580977 25.956511 3.127305 -0.522655 -0.081860 -0.848605 0.601592 0.474242 1 13 1.000000
  13 8.331913 25.498590 2.185642 -0.982079 0.144224 -0.121325 0.688841 0.506805 1 13 1.000000
flesh_hand_01
  13 8.331913 25.498590 2.185642 -0.982079 0.144224 -0.121325 0.688841 0.506805 1 13 1.000000
  13 7.580977 25.956511 3.127305 -0.522655 -0.081860 -0.848605 0.601592 0.474242 1 13 1.000000
  13 7.769576 24.665606 3.644047 -0.581680 0.034762 -0.812675 0.600197 0.507084 1 13 1.000000
flesh_hand_01
  13 7.256241 28.466423 2.757722 -0.594599 -0.609276 -0.524629 0.685076 0.408264 1 13 1.000000
  13 6.691356 27.465162 3.438821 -0.269396 -0.160451 -0.949569 0.604383 0.408558 1 13 1.000000
  13 8.271914 27.784603 2.744512 -0.827253 -0.333375 -0.452232 0.686331 0.441111 1 13 1.000000
flesh_hand_01
  13 7.996940 27.765154 0.947079 -0.706449 -0.558490 0.434762 0.785799 0.438965 1 13 1.000000
  13 7.256241 28.466423 2.757722 -0.594599 -0.609276 -0.524629 0.685076 0.408264 1 13 1.000000
  13 8.271914 27.784603 2.744512 -0.827253 -0.333375 -0.452232 0.686331 0.441111 1 13 1.000000
flesh_hand_01
  13 7.087381 28.523350 1.066036 -0.556876 -0.760558 0.333827 0.781835 0.407272 1 13 1.000000
  13 7.256241 28.466423 2.757722 -0.594599 -0.609276 -0.524629 0.685076 0.408264 1 13 1.000000
  13 7.996940 27.765154 0.947079 -0.706449 -0.558490 0.434762 0.785799 0.438965 1 13 1.000000
flesh_hand_01
  13 7.996940 27.765154 0.947079 -0.706449 -0.558490 0.434762 0.785799 0.438965 1 13 1.000000
  13 5.579607 28.429609 -0.292929 -0.064869 -0.657498 0.750658 0.895242 0.404174 1 13 1.000000
  13 7.087381 28.523350 1.066036 -0.556876 -0.760558 0.333827 0.781835 0.407272 1 13 1.000000
flesh_hand_01
  13 5.629231 24.943726 -2.720721 0.028653 -0.761206 0.647877 0.937637 0.556319 1 13 1.000000
  13 5.568069 25.307026 -2.278980 0.156486 -0.449154 0.879643 0.932595 0.538226 1 13 1.000000
  13 7.995125 24.597841 -0.966466 -0.737725 -0.590417 0.327368 0.800632 0.557551 1 13 1.000000
flesh_hand_01
  13 5.395458 26.780504 -1.370304 -0.059942 -0.527585 0.847385 0.913919 0.471200 1 13 1.000000
  13 7.788661 25.059057 -0.656889 -0.817842 -0.380809 0.431415 0.797692 0.534046 1 13 1.000000
  13 5.568069 25.307026 -2.278980 0.156486 -0.449154 0.879643 0.932595 0.538226 1 13 1.000000
flesh_hand_01
  13 7.995125 24.597841 -0.966466 -0.737725 -0.590417 0.327368 0.800632 0.557551 1 13 1.000000
  13 5.568069 25.307026 -2.278980 0.156486 -0.449154 0.879643 0.932595 0.538226 1 13 1.000000
  13 7.788661 25.059057 -0.656889 -0.817842 -0.380809 0.431415 0.797692 0.534046 1 13 1.000000
flesh_hand_01
  13 7.995125 24.597841 -0.966466 -0.737725 -0.590417 0.327368 0.800632 0.557551 1 13 1.000000
  13 7.788661 25.059057 -0.656889 -0.817842 -0.380809 0.431415 0.797692 0.534046 1 13 1.000000
  13 8.304355 24.381403 1.975033 -0.855279 -0.434089 -0.282956 0.690767 0.557197 1 13 1.000000
flesh_hand_01
  13 8.655387 28.016962 1.163982 -0.939969 0.324845 -0.104564 0.998201 0.006092 1 13 1.000000
  13 8.232071 26.882528 1.045641 -0.959029 0.276566 -0.061436 0.816884 0.002876 1 13 1.000000
  13 8.780483 28.015955 -0.363097 -0.886276 0.209626 0.413003 0.995596 0.063893 1 13 1.000000
flesh_hand_01
  13 8.780483 28.015955 -0.363097 -0.886276 0.209626 0.413003 0.995596 0.063893 1 13 1.000000
  13 8.232071 26.882528 1.045641 -0.959029 0.276566 -0.061436 0.816884 0.002876 1 13 1.000000
  13 8.474282 26.953857 -0.510703 -0.863399 0.244403 0.441372 0.860869 0.062588 1 13 1.000000
flesh_hand_01
  13 8.780483 28.015955 -0.363097 -0.886276 0.209626 0.413003 0.995596 0.063893 1 13 1.000000
  13 7.835616 27.531933 -1.017195 -0.538374 0.147279 0.829736 0.904854 0.122299 1 13 1.000000
  13 8.010792 28.503891 -0.908193 -0.580851 0.034867 0.813263 0.992991 0.121694 1 13 1.000000
flesh_hand_01
  13 8.474282 26.953857 -0.510703 -0.863399 0.244403 0.441372 0.860869 0.062588 1 13 1.000000
  13 7.835616 27.531933 -1.017195 -0.538374 0.147279 0.829736 0.904854 0.122299 1 13 1.000000
  13 8.780483 28.015955 -0.363097 -0.886276 0.209626 0.413003 0.995596 0.063893 1 13 1.000000
flesh_hand_01
  13 8.474282 26.953857 -0.510703 -0.863399 0.244403 0.441372 0.860869 0.062588 1 13 1.000000
  13 7.333685 26.764278 -1.119529 -0.575734 0.141520 0.805297 0.815857 0.122911 1 13 1.000000
  13 7.835616 27.531933 -1.017195 -0.538374 0.147279 0.829736 0.904854 0.122299 1 13 1.000000
flesh_hand_01
  13 8.119047 26.277878 -0.464130 -0.871087 0.171178 0.460332 0.778339 0.060839 1 13 1.000000
  13 7.333685 26.764278 -1.119529 -0.575734 0.141520 0.805297 0.815857 0.122911 1 13 1.000000
  13 8.474282 26.953857 -0.510703 -0.863399 0.244403 0.441372 0.860869 0.062588 1 13 1.000000
flesh_hand_01
  13 8.232071 26.882528 1.045641 -0.959029 0.276566 -0.061436 0.816884 0.002876 1 13 1.000000
  13 8.119047 26.277878 -0.464130 -0.871087 0.171178 0.460332 0.778339 0.060839 1 13 1.000000
  13 8.474282 26.953857 -0.510703 -0.863399 0.244403 0.441372 0.860869 0.062588 1 13 1.000000
flesh_hand_01
  13 8.243424 26.084408 1.009206 -0.985901 0.165590 0.024053 0.740821 -0.001234 1 13 1.000000
  13 8.119047 26.277878 -0.464130 -0.871087 0.171178 0.460332 0.778339 0.060839 1 13 1.000000
  13 8.232071 26.882528 1.045641 -0.959029 0.276566 -0.061436 0.816884 0.002876 1 13 1.000000
flesh_hand_01
  13 7.208048 26.619083 2.302048 -0.541923 -0.284408 0.790842 0.815857 0.163320 1 13 1.000000
  13 8.561161 25.948524 3.323592 -0.705822 -0.113290 0.699271 0.816884 0.002876 1 13 1.000000
  13 8.697104 25.443514 2.257859 -0.505684 -0.621373 0.598480 0.750363 0.002056 1 13 1.000000
flesh_hand_01
  13 8.697104 25.443514 2.257859 -0.505684 -0.621373 0.598480 0.750363 0.002056 1 13 1.000000
  13 8.140717 24.790575 1.810995 -0.359373 -0.408616 0.838978 0.686482 0.001268 1 13 1.000000
  13 7.208048 26.619083 2.302048 -0.541923 -0.284408 0.790842 0.815857 0.163320 1 13 1.000000
flesh_hand_01
  13 7.208048 26.619083 2.302048 -0.541923 -0.284408 0.790842 0.815857 0.163320 1 13 1.000000
  13 8.140717 24.790575 1.810995 -0.359373 -0.408616 0.838978 0.686482 0.001268 1 13 1.000000
  13 6.614213 25.470076 1.378596 -0.359373 -0.408616 0.838978 0.687547 0.163929 1 13 1.000000
flesh_hand_01
  13 9.301762 26.929075 3.920111 -0.774264 0.004594 0.632847 0.998201 0.006092 1 13 1.000000
  13 7.982240 27.218287 2.303624 -0.603434 0.252788 0.756284 0.904854 0.122299 1 13 1.000000
  13 8.346835 28.117483 3.045628 -0.774264 0.004594 0.632847 0.992991 0.121694 1 13 1.000000
flesh_hand_01
  13 8.561161 25.948524 3.323592 -0.705822 -0.113290 0.699271 0.816884 0.002876 1 13 1.000000
  13 7.982240 27.218287 2.303624 -0.603434 0.252788 0.756284 0.904854 0.122299 1 13 1.000000
  13 9.301762 26.929075 3.920111 -0.774264 0.004594 0.632847 0.998201 0.006092 1 13 1.000000
flesh_hand_01
  13 7.982240 27.218287 2.303624 -0.603434 0.252788 0.756284 0.904854 0.122299 1 13 1.000000
  13 8.561161 25.948524 3.323592 -0.705822 -0.113290 0.699271 0.816884 0.002876 1 13 1.000000
  13 7.208048 26.619083 2.302048 -0.541923 -0.284408 0.790842 0.815857 0.122911 1 13 1.000000
flesh_hand_01
  13 3.824213 27.893284 -1.541619 0.636911 0.490933 0.594415 0.998201 0.006092 1 13 1.000000
  13 3.479132 27.013662 -0.445377 0.617221 0.361842 0.698648 0.904854 0.122299 1 13 1.000000
  13 2.975935 28.022324 -0.550310 0.636911 0.490933 0.594415 0.992991 0.121694 1 13 1.000000
flesh_hand_01
  13 4.445526 26.772470 -1.092701 0.626088 0.274847 0.729707 0.816884 0.002876 1 13 1.000000
  13 3.479132 27.013662 -0.445377 0.617221 0.361842 0.698648 0.904854 0.122299 1 13 1.000000
  13 3.824213 27.893284 -1.541619 0.636911 0.490933 0.594415 0.998201 0.006092 1 13 1.000000
flesh_hand_01
  13 3.479132 27.013662 -0.445377 0.617221 0.361842 0.698648 0.904854 0.122299 1 13 1.000000
  13 4.445526 26.772470 -1.092701 0.626088 0.274847 0.729707 0.816884 0.002876 1 13 1.000000
  13 3.460011 26.328741 -0.236547 0.629902 0.228831 0.742199 0.815857 0.122911 1 13 1.000000
flesh_hand_01
  13 4.871750 25.149406 -1.023834 0.666029 0.361831 0.652291 0.686482 0.001268 1 13 1.000000
  13 3.872991 24.955793 0.213954 0.666029 0.361831 0.652291 0.687547 0.163929 1 13 1.000000
  13 4.675508 25.996672 -1.182851 0.653971 0.231590 0.720200 0.750363 0.002056 1 13 1.000000
flesh_hand_01
  13 4.675508 25.996672 -1.182851 0.653971 0.231590 0.720200 0.750363 0.002056 1 13 1.000000
  13 3.872991 24.955793 0.213954 0.666029 0.361831 0.652291 0.687547 0.163929 1 13 1.000000
  13 3.460011 26.328741 -0.236547 0.629902 0.228831 0.742199 0.815857 0.163320 1 13 1.000000
flesh_hand_01
  13 3.460011 26.328741 -0.236547 0.629902 0.228831 0.742199 0.815857 0.163320 1 13 1.000000
  13 4.445526 26.772470 -1.092701 0.626088 0.274847 0.729707 0.816884 0.002876 1 13 1.000000
  13 4.675508 25.996672 -1.182851 0.653971 0.231590 0.720200 0.750363 0.002056 1 13 1.000000
flesh_hand_01
  13 8.287525 26.107515 2.142925 -0.980691 0.055189 0.187614 0.686482 0.001268 1 13 1.000000
  13 8.024981 26.387592 0.460210 -0.980691 0.055189 0.187614 0.687547 0.163929 1 13 1.000000
  13 8.397325 26.819208 2.279542 -0.983602 0.018440 0.179407 0.750363 0.002056 1 13 1.000000
flesh_hand_01
  13 8.397325 26.819208 2.279542 -0.983602 0.018440 0.179407 0.750363 0.002056 1 13 1.000000
  13 8.024981 26.387592 0.460210 -0.980691 0.055189 0.187614 0.687547 0.163929 1 13 1.000000
  13 8.100452 27.783224 0.672132 -0.958185 0.213421 0.190613 0.815857 0.163320 1 13 1.000000
flesh_hand_01
  13 8.100452 27.783224 0.672132 -0.958185 0.213421 0.190613 0.815857 0.163320 1 13 1.000000
  13 8.409719 27.626328 2.437528 -0.929971 0.329525 0.162994 0.816884 0.002876 1 13 1.000000
  13 8.397325 26.819208 2.279542 -0.983602 0.018440 0.179407 0.750363 0.002056 1 13 1.000000
flesh_hand_01
  13 8.525416 28.509382 0.239980 -0.928032 0.340442 0.151180 0.904854 0.122299 1 13 1.000000
  13 8.409719 27.626328 2.437528 -0.929971 0.329525 0.162994 0.816884 0.002876 1 13 1.000000
  13 8.100452 27.783224 0.672132 -0.958185 0.213421 0.190613 0.815857 0.122911 1 13 1.000000
flesh_hand_01
  13 8.525416 28.509382 0.239980 -0.928032 0.340442 0.151180 0.904854 0.122299 1 13 1.000000
  13 8.906260 28.633009 2.947419 -0.969528 0.209608 0.126808 0.998201 0.006092 1 13 1.000000
  13 8.409719 27.626328 2.437528 -0.929971 0.329525 0.162994 0.816884 0.002876 1 13 1.000000
flesh_hand_01
  13 8.670216 29.543467 1.146866 -0.990213 0.017189 0.138504 0.992991 0.121694 1 13 1.000000
  13 8.906260 28.633009 2.947419 -0.969528 0.209608 0.126808 0.998201 0.006092 1 13 1.000000
  13 8.525416 28.509382 0.239980 -0.928032 0.340442 0.151180 0.904854 0.122299 1 13 1.000000
flesh_hand_01
  13 8.560788 27.229998 -0.658055 -0.587097 0.296576 0.753233 0.998201 0.006092 1 13 1.000000
  13 6.948393 26.911310 -1.789338 -0.701739 0.135309 0.699467 0.904854 0.122299 1 13 1.000000
  13 7.118421 27.951221 -1.893390 -0.587097 0.296576 0.753233 0.992991 0.121694 1 13 1.000000
flesh_hand_01
  13 7.985357 26.140961 -0.504902 -0.732345 0.100990 0.673403 0.816884 0.002876 1 13 1.000000
  13 6.948393 26.911310 -1.789338 -0.701739 0.135309 0.699467 0.904854 0.122299 1 13 1.000000
  13 8.560788 27.229998 -0.658055 -0.587097 0.296576 0.753233 0.998201 0.006092 1 13 1.000000
flesh_hand_01
  13 6.948393 26.911310 -1.789338 -0.701739 0.135309 0.699467 0.904854 0.122299 1 13 1.000000
  13 7.985357 26.140961 -0.504902 -0.732345 0.100990 0.673403 0.816884 0.002876 1 13 1.000000
  13 6.877878 26.163935 -1.917746 -0.769067 0.033716 0.638278 0.815857 0.122911 1 13 1.000000
flesh_hand_01
  13 6.877878 26.163935 -1.917746 -0.769067 0.033716 0.638278 0.815857 0.163320 1 13 1.000000
  13 7.876474 24.657438 -0.628113 -0.749551 0.066909 0.658557 0.686482 0.001268 1 13 1.000000
  13 6.680091 24.763506 -1.811004 -0.688180 0.151280 0.709594 0.687547 0.163929 1 13 1.000000
flesh_hand_01
  13 6.877878 26.163935 -1.917746 -0.769067 0.033716 0.638278 0.815857 0.163320 1 13 1.000000
  13 7.915712 25.385506 -0.553289 -0.793890 0.007310 0.608018 0.750363 0.002056 1 13 1.000000
  13 7.876474 24.657438 -0.628113 -0.749551 0.066909 0.658557 0.686482 0.001268 1 13 1.000000
flesh_hand_01
  13 6.877878 26.163935 -1.917746 -0.769067 0.033716 0.638278 0.815857 0.163320 1 13 1.000000
  13 7.985357 26.140961 -0.504902 -0.732345 0.100990 0.673403 0.816884 0.002876 1 13 1.000000
  13 7.915712 25.385506 -0.553289 -0.793890 0.007310 0.608018 0.750363 0.002056 1 13 1.000000
flesh_hand_01
  13 7.995122 24.597837 -0.966465 -0.864071 -0.023597 0.502817 0.826060 0.684416 1 13 1.000000
  13 8.345249 23.437546 1.862679 -0.986809 -0.117558 -0.111301 0.715691 0.734160 1 13 1.000000
  13 8.002435 23.383699 -1.465682 -0.887210 -0.213459 0.409015 0.827393 0.733482 1 13 1.000000
flesh_hand_01
  13 8.304355 24.381399 1.975033 -0.980462 0.029792 -0.194437 0.715577 0.684909 1 13 1.000000
  13 8.345249 23.437546 1.862679 -0.986809 -0.117558 -0.111301 0.715691 0.734160 1 13 1.000000
  13 7.995122 24.597837 -0.966465 -0.864071 -0.023597 0.502817 0.826060 0.684416 1 13 1.000000
flesh_hand_01
  13 7.646512 24.265608 4.013718 -0.592877 0.534550 -0.602290 0.614120 0.634374 1 13 1.000000
  13 8.304355 24.381399 1.975033 -0.980462 0.029792 -0.194437 0.715577 0.684909 1 13 1.000000
  13 8.722855 25.748919 2.500586 -0.952343 0.298129 -0.064507 0.711277 0.631285 1 13 1.000000
flesh_hand_01
  13 8.722855 25.748919 2.500586 -0.952343 0.298129 -0.064507 0.711277 0.631285 1 13 1.000000
  13 8.304355 24.381399 1.975033 -0.980462 0.029792 -0.194437 0.715577 0.684909 1 13 1.000000
  13 8.235682 26.013336 -0.840738 -0.849456 0.119466 0.513958 0.827223 0.630948 1 13 1.000000
flesh_hand_01
  13 8.235682 26.013336 -0.840738 -0.849456 0.119466 0.513958 0.827223 0.630948 1 13 1.000000
  13 8.304355 24.381399 1.975033 -0.980462 0.029792 -0.194437 0.715577 0.684909 1 13 1.000000
  13 7.995122 24.597837 -0.966465 -0.864071 -0.023597 0.502817 0.826060 0.684416 1 13 1.000000
flesh_hand_01
  13 8.235682 26.013336 -0.840738 -0.849456 0.119466 0.513958 0.827223 0.630948 1 13 1.000000
  13 7.995122 24.597837 -0.966465 -0.864071 -0.023597 0.502817 0.826060 0.684416 1 13 1.000000
  13 5.498191 25.731812 -2.826532 0.059073 0.209324 0.976060 0.972815 0.631600 1 13 1.000000
flesh_hand_01
  13 5.498191 25.731812 -2.826532 0.059073 0.209324 0.976060 0.972815 0.631600 1 13 1.000000
  13 7.995122 24.597837 -0.966465 -0.864071 -0.023597 0.502817 0.826060 0.684416 1 13 1.000000
  13 5.629229 24.943727 -2.720721 0.054026 -0.080208 0.995313 0.968542 0.685186 1 13 1.000000
flesh_hand_01
  13 7.995122 24.597837 -0.966465 -0.864071 -0.023597 0.502817 0.826060 0.684416 1 13 1.000000
  13 8.002435 23.383699 -1.465682 -0.887210 -0.213459 0.409015 0.827393 0.733482 1 13 1.000000
  13 5.629229 24.943727 -2.720721 0.054026 -0.080208 0.995313 0.968542 0.685186 1 13 1.000000
flesh_hand_01
  13 5.629229 24.943727 -2.720721 0.054026 -0.080208 0.995313 0.968542 0.685186 1 13 1.000000
  13 8.002435 23.383699 -1.465682 -0.887210 -0.213459 0.409015 0.827393 0.733482 1 13 1.000000
  13 5.609434 23.544920 -3.086137 0.035909 -0.333140 0.942193 0.970142 0.732634 1 13 1.000000
flesh_hand_01
  13 7.779926 22.687971 3.740957 -0.637780 -0.029207 -0.769664 0.613899 0.751446 1 13 1.000000
  13 8.345249 23.437546 1.862679 -0.986809 -0.117558 -0.111301 0.715691 0.734160 1 13 1.000000
  13 8.304355 24.381399 1.975033 -0.980462 0.029792 -0.194437 0.715577 0.684909 1 13 1.000000
flesh_hand_01
  13 7.779926 22.687971 3.740957 -0.637780 -0.029207 -0.769664 0.613899 0.751446 1 13 1.000000
  13 8.685040 21.900681 1.747406 -0.987552 -0.027583 -0.154854 0.715804 0.783411 1 13 1.000000
  13 8.345249 23.437546 1.862679 -0.986809 -0.117558 -0.111301 0.715691 0.734160 1 13 1.000000
flesh_hand_01
  13 8.685040 21.900681 1.747406 -0.987552 -0.027583 -0.154854 0.715804 0.783411 1 13 1.000000
  13 8.002435 23.383699 -1.465682 -0.887210 -0.213459 0.409015 0.827393 0.733482 1 13 1.000000
  13 8.345249 23.437546 1.862679 -0.986809 -0.117558 -0.111301 0.715691 0.734160 1 13 1.000000
flesh_hand_01
  13 8.685040 21.900681 1.747406 -0.987552 -0.027583 -0.154854 0.715804 0.783411 1 13 1.000000
  13 8.210979 22.114973 -1.691812 -0.891964 -0.097433 0.441482 0.828726 0.782547 1 13 1.000000
  13 8.002435 23.383699 -1.465682 -0.887210 -0.213459 0.409015 0.827393 0.733482 1 13 1.000000
flesh_hand_01
  13 8.002435 23.383699 -1.465682 -0.887210 -0.213459 0.409015 0.827393 0.733482 1 13 1.000000
  13 8.210979 22.114973 -1.691812 -0.891964 -0.097433 0.441482 0.828726 0.782547 1 13 1.000000
  13 5.609434 23.544920 -3.086137 0.035909 -0.333140 0.942193 0.970142 0.732634 1 13 1.000000
flesh_hand_01
  13 5.609434 23.544920 -3.086137 0.035909 -0.333140 0.942193 0.970142 0.732634 1 13 1.000000
  13 8.210979 22.114973 -1.691812 -0.891964 -0.097433 0.441482 0.828726 0.782547 1 13 1.000000
  13 5.736501 21.903507 -3.636129 -0.088628 -0.172107 0.981083 0.971743 0.780083 1 13 1.000000
flesh_hand_01
  13 7.409709 19.274168 -2.907178 -0.621511 -0.205297 0.756027 0.893167 0.878226 1 13 1.000000
  13 5.736501 21.903507 -3.636129 -0.088628 -0.172107 0.981083 0.971743 0.780083 1 13 1.000000
  13 8.210979 22.114973 -1.691812 -0.891964 -0.097433 0.441482 0.828726 0.782547 1 13 1.000000
flesh_hand_01
  13 5.750553 19.448936 -3.627476 0.105536 -0.226954 0.968170 0.974944 0.874979 1 13 1.000000
  13 5.736501 21.903507 -3.636129 -0.088628 -0.172107 0.981083 0.971743 0.780083 1 13 1.000000
  13 7.409709 19.274168 -2.907178 -0.621511 -0.205297 0.756027 0.893167 0.878226 1 13 1.000000
flesh_hand_01
  13 7.409709 19.274168 -2.907178 -0.621511 -0.205297 0.756027 0.893167 0.878226 1 13 1.000000
  13 5.783985 18.155401 -4.389707 0.095861 -0.425082 0.900064 0.972753 0.945005 1 13 1.000000
  13 5.750553 19.448936 -3.627476 0.105536 -0.226954 0.968170 0.974944 0.874979 1 13 1.000000
flesh_hand_01
  13 7.701464 17.901625 -3.480162 -0.545774 -0.432710 0.717560 0.896219 0.939299 1 13 1.000000
  13 5.783985 18.155401 -4.389707 0.095861 -0.425082 0.900064 0.972753 0.945005 1 13 1.000000
  13 7.409709 19.274168 -2.907178 -0.621511 -0.205297 0.756027 0.893167 0.878226 1 13 1.000000
flesh_hand_01
  13 7.409709 19.274168 -2.907178 -0.621511 -0.205297 0.756027 0.893167 0.878226 1 13 1.000000
  13 9.271396 17.612446 -2.015092 -0.825302 -0.417676 0.380031 0.825010 0.933990 1 13 1.000000
  13 7.701464 17.901625 -3.480162 -0.545774 -0.432710 0.717560 0.896219 0.939299 1 13 1.000000
flesh_hand_01
  13 8.137201 20.021694 -1.636526 -0.911237 -0.189719 0.365588 0.831392 0.880678 1 13 1.000000
  13 9.271396 17.612446 -2.015092 -0.825302 -0.417676 0.380031 0.825010 0.933990 1 13 1.000000
  13 7.409709 19.274168 -2.907178 -0.621511 -0.205297 0.756027 0.893167 0.878226 1 13 1.000000
flesh_hand_01
  13 9.271396 17.612446 -2.015092 -0.825302 -0.417676 0.380031 0.825010 0.933990 1 13 1.000000
  13 8.137201 20.021694 -1.636526 -0.911237 -0.189719 0.365588 0.831392 0.880678 1 13 1.000000
  13 8.731922 19.237192 0.714637 -0.926970 -0.320118 -0.195578 0.714152 0.931788 1 13 1.000000
flesh_hand_01
  13 8.731922 19.237192 0.714637 -0.926970 -0.320118 -0.195578 0.714152 0.931788 1 13 1.000000
  13 8.137201 20.021694 -1.636526 -0.911237 -0.189719 0.365588 0.831392 0.880678 1 13 1.000000
  13 8.566578 19.979332 0.769549 -0.991841 -0.074092 -0.103739 0.716031 0.881913 1 13 1.000000
flesh_hand_01
  13 8.566578 19.979332 0.769549 -0.991841 -0.074092 -0.103739 0.716031 0.881913 1 13 1.000000
  13 7.606615 19.467510 2.633444 -0.613562 0.089279 -0.784583 0.607822 0.887128 1 13 1.000000
  13 8.731922 19.237192 0.714637 -0.926970 -0.320118 -0.195578 0.714152 0.931788 1 13 1.000000
flesh_hand_01
  13 8.566578 19.979332 0.769549 -0.991841 -0.074092 -0.103739 0.716031 0.881913 1 13 1.000000
  13 8.685040 21.900681 1.747406 -0.987552 -0.027583 -0.154854 0.715804 0.783411 1 13 1.000000
  13 7.606615 19.467510 2.633444 -0.613562 0.089279 -0.784583 0.607822 0.887128 1 13 1.000000
flesh_hand_01
  13 7.606615 19.467510 2.633444 -0.613562 0.089279 -0.784583 0.607822 0.887128 1 13 1.000000
  13 8.685040 21.900681 1.747406 -0.987552 -0.027583 -0.154854 0.715804 0.783411 1 13 1.000000
  13 7.473178 20.864649 3.528232 -0.486355 0.326017 -0.810661 0.611874 0.796673 1 13 1.000000
flesh_hand_01
  13 7.473178 20.864649 3.528232 -0.486355 0.326017 -0.810661 0.611874 0.796673 1 13 1.000000
  13 8.685040 21.900681 1.747406 -0.987552 -0.027583 -0.154854 0.715804 0.783411 1 13 1.000000
  13 7.779926 22.687971 3.740957 -0.637780 -0.029207 -0.769664 0.613899 0.751446 1 13 1.000000
flesh_hand_01
  13 8.566578 19.979332 0.769549 -0.991841 -0.074092 -0.103739 0.716031 0.881913 1 13 1.000000
  13 8.210979 22.114973 -1.691812 -0.891964 -0.097433 0.441482 0.828726 0.782547 1 13 1.000000
  13 8.685040 21.900681 1.747406 -0.987552 -0.027583 -0.154854 0.715804 0.783411 1 13 1.000000
flesh_hand_01
  13 8.137201 20.021694 -1.636526 -0.911237 -0.189719 0.365588 0.831392 0.880678 1 13 1.000000
  13 8.210979 22.114973 -1.691812 -0.891964 -0.097433 0.441482 0.828726 0.782547 1 13 1.000000
  13 8.566578 19.979332 0.769549 -0.991841 -0.074092 -0.103739 0.716031 0.881913 1 13 1.000000
flesh_hand_01
  13 7.409709 19.274168 -2.907178 -0.621511 -0.205297 0.756027 0.893167 0.878226 1 13 1.000000
  13 8.210979 22.114973 -1.691812 -0.891964 -0.097433 0.441482 0.828726 0.782547 1 13 1.000000
  13 8.137201 20.021694 -1.636526 -0.911237 -0.189719 0.365588 0.831392 0.880678 1 13 1.000000
flesh_hand_01
  13 2.298920 17.958429 -0.446106 0.950966 -0.306649 0.040383 0.264372 0.936798 1 13 1.000000
  13 3.018770 19.575541 -1.750374 0.883046 -0.185721 0.430972 0.187435 0.879626 1 13 1.000000
  13 3.024393 18.568266 -1.883575 0.766211 -0.175411 0.618184 0.189073 0.935857 1 13 1.000000
flesh_hand_01
  13 2.298920 17.958429 -0.446106 0.950966 -0.306649 0.040383 0.264372 0.936798 1 13 1.000000
  13 3.024558 18.895395 1.235738 0.898877 -0.188172 -0.395742 0.340801 0.878648 1 13 1.000000
  13 3.018770 19.575541 -1.750374 0.883046 -0.185721 0.430972 0.187435 0.879626 1 13 1.000000
flesh_hand_01
  13 3.024558 18.895395 1.235738 0.898877 -0.188172 -0.395742 0.340801 0.878648 1 13 1.000000
  13 3.049834 21.857252 -1.546938 0.880317 -0.081871 0.467267 0.190416 0.781673 1 13 1.000000
  13 3.018770 19.575541 -1.750374 0.883046 -0.185721 0.430972 0.187435 0.879626 1 13 1.000000
flesh_hand_01
  13 2.852082 21.257843 2.168554 0.854644 0.171870 -0.489943 0.339086 0.783173 1 13 1.000000
  13 3.049834 21.857252 -1.546938 0.880317 -0.081871 0.467267 0.190416 0.781673 1 13 1.000000
  13 3.024558 18.895395 1.235738 0.898877 -0.188172 -0.395742 0.340801 0.878648 1 13 1.000000
flesh_hand_01
  13 5.241643 19.023512 2.980234 0.247589 0.187273 -0.950594 0.468487 0.880451 1 13 1.000000
  13 2.852082 21.257843 2.168554 0.854644 0.171870 -0.489943 0.339086 0.783173 1 13 1.000000
  13 3.024558 18.895395 1.235738 0.898877 -0.188172 -0.395742 0.340801 0.878648 1 13 1.000000
flesh_hand_01
  13 5.241643 19.023512 2.980234 0.247589 0.187273 -0.950594 0.468487 0.880451 1 13 1.000000
  13 5.115674 21.324121 3.926975 0.185415 0.221296 -0.957418 0.470255 0.784286 1 13 1.000000
  13 2.852082 21.257843 2.168554 0.854644 0.171870 -0.489943 0.339086 0.783173 1 13 1.000000
flesh_hand_01
  13 5.241643 19.023512 2.980234 0.247589 0.187273 -0.950594 0.468487 0.880451 1 13 1.000000
  13 7.473178 20.864649 3.528232 -0.486355 0.326017 -0.810661 0.611874 0.796673 1 13 1.000000
  13 5.115674 21.324121 3.926975 0.185415 0.221296 -0.957418 0.470255 0.784286 1 13 1.000000
flesh_hand_01
  13 5.241643 19.023512 2.980234 0.247589 0.187273 -0.950594 0.468487 0.880451 1 13 1.000000
  13 7.606615 19.467510 2.633444 -0.613562 0.089279 -0.784583 0.607822 0.887128 1 13 1.000000
  13 7.473178 20.864649 3.528232 -0.486355 0.326017 -0.810661 0.611874 0.796673 1 13 1.000000
flesh_hand_01
  13 7.606615 19.467510 2.633444 -0.613562 0.089279 -0.784583 0.607822 0.887128 1 13 1.000000
  13 5.241643 19.023512 2.980234 0.247589 0.187273 -0.950594 0.468487 0.880451 1 13 1.000000
  13 7.898975 18.455709 2.676379 -0.557946 -0.242923 -0.793526 0.608972 0.934274 1 13 1.000000
flesh_hand_01
  13 8.731922 19.237192 0.714637 -0.926970 -0.320118 -0.195578 0.714152 0.931788 1 13 1.000000
  13 7.606615 19.467510 2.633444 -0.613562 0.089279 -0.784583 0.607822 0.887128 1 13 1.000000
  13 7.898975 18.455709 2.676379 -0.557946 -0.242923 -0.793526 0.608972 0.934274 1 13 1.000000
flesh_hand_01
  13 7.898975 18.455709 2.676379 -0.557946 -0.242923 -0.793526 0.608972 0.934274 1 13 1.000000
  13 5.241643 19.023512 2.980234 0.247589 0.187273 -0.950594 0.468487 0.880451 1 13 1.000000
  13 5.127122 18.374809 3.288489 0.241860 -0.324777 -0.914343 0.474044 0.934522 1 13 1.000000
flesh_hand_01
  13 5.241643 19.023512 2.980234 0.247589 0.187273 -0.950594 0.468487 0.880451 1 13 1.000000
  13 3.024558 18.895395 1.235738 0.898877 -0.188172 -0.395742 0.340801 0.878648 1 13 1.000000
  13 5.127122 18.374809 3.288489 0.241860 -0.324777 -0.914343 0.474044 0.934522 1 13 1.000000
flesh_hand_01
  13 5.127122 18.374809 3.288489 0.241860 -0.324777 -0.914343 0.474044 0.934522 1 13 1.000000
  13 3.024558 18.895395 1.235738 0.898877 -0.188172 -0.395742 0.340801 0.878648 1 13 1.000000
  13 2.452979 17.098698 1.635198 0.794459 -0.372482 -0.479679 0.347666 0.937840 1 13 1.000000
flesh_hand_01
  13 3.024558 18.895395 1.235738 0.898877 -0.188172 -0.395742 0.340801 0.878648 1 13 1.000000
  13 2.298920 17.958429 -0.446106 0.950966 -0.306649 0.040383 0.264372 0.936798 1 13 1.000000
  13 2.452979 17.098698 1.635198 0.794459 -0.372482 -0.479679 0.347666 0.937840 1 13 1.000000
flesh_hand_01
  13 5.115674 21.324121 3.926975 0.185415 0.221296 -0.957418 0.470255 0.784286 1 13 1.000000
  13 7.473178 20.864649 3.528232 -0.486355 0.326017 -0.810661 0.611874 0.796673 1 13 1.000000
  13 7.779926 22.687971 3.740957 -0.637780 -0.029207 -0.769664 0.613899 0.751446 1 13 1.000000
flesh_hand_01
  13 5.115674 21.324121 3.926975 0.185415 0.221296 -0.957418 0.470255 0.784286 1 13 1.000000
  13 7.779926 22.687971 3.740957 -0.637780 -0.029207 -0.769664 0.613899 0.751446 1 13 1.000000
  13 5.008704 22.527512 4.021569 0.268053 0.068755 -0.960948 0.471140 0.736204 1 13 1.000000
flesh_hand_01
  13 5.115674 21.324121 3.926975 0.185415 0.221296 -0.957418 0.470255 0.784286 1 13 1.000000
  13 5.008704 22.527512 4.021569 0.268053 0.068755 -0.960948 0.471140 0.736204 1 13 1.000000
  13 2.852082 21.257843 2.168554 0.854644 0.171870 -0.489943 0.339086 0.783173 1 13 1.000000
flesh_hand_01
  13 2.852082 21.257843 2.168554 0.854644 0.171870 -0.489943 0.339086 0.783173 1 13 1.000000
  13 5.008704 22.527512 4.021569 0.268053 0.068755 -0.960948 0.471140 0.736204 1 13 1.000000
  13 2.720428 22.949734 2.265963 0.921679 0.027050 -0.387008 0.338229 0.735435 1 13 1.000000
flesh_hand_01
  13 2.720428 22.949734 2.265963 0.921679 0.027050 -0.387008 0.338229 0.735435 1 13 1.000000
  13 3.049834 21.857252 -1.546938 0.880317 -0.081871 0.467267 0.190416 0.781673 1 13 1.000000
  13 2.852082 21.257843 2.168554 0.854644 0.171870 -0.489943 0.339086 0.783173 1 13 1.000000
flesh_hand_01
  13 3.295626 23.611504 -1.131217 0.878187 -0.172796 0.446014 0.191906 0.732696 1 13 1.000000
  13 3.049834 21.857252 -1.546938 0.880317 -0.081871 0.467267 0.190416 0.781673 1 13 1.000000
  13 2.720428 22.949734 2.265963 0.921679 0.027050 -0.387008 0.338229 0.735435 1 13 1.000000
flesh_hand_01
  13 2.720428 22.949734 2.265963 0.921679 0.027050 -0.387008 0.338229 0.735435 1 13 1.000000
  13 3.055415 25.074163 -0.061682 0.899047 0.067599 0.432602 0.193397 0.683719 1 13 1.000000
  13 3.295626 23.611504 -1.131217 0.878187 -0.172796 0.446014 0.191906 0.732696 1 13 1.000000
flesh_hand_01
  13 2.988786 24.431871 2.588772 0.918832 0.235263 -0.316857 0.337371 0.687698 1 13 1.000000
  13 3.055415 25.074163 -0.061682 0.899047 0.067599 0.432602 0.193397 0.683719 1 13 1.000000
  13 2.720428 22.949734 2.265963 0.921679 0.027050 -0.387008 0.338229 0.735435 1 13 1.000000
flesh_hand_01
  13 2.720428 22.949734 2.265963 0.921679 0.027050 -0.387008 0.338229 0.735435 1 13 1.000000
  13 4.931057 23.695505 4.180715 0.284306 0.327842 -0.900938 0.472024 0.688121 1 13 1.000000
  13 2.988786 24.431871 2.588772 0.918832 0.235263 -0.316857 0.337371 0.687698 1 13 1.000000
flesh_hand_01
  13 5.008704 22.527512 4.021569 0.268053 0.068755 -0.960948 0.471140 0.736204 1 13 1.000000
  13 4.931057 23.695505 4.180715 0.284306 0.327842 -0.900938 0.472024 0.688121 1 13 1.000000
  13 2.720428 22.949734 2.265963 0.921679 0.027050 -0.387008 0.338229 0.735435 1 13 1.000000
flesh_hand_01
  13 4.931057 23.695505 4.180715 0.284306 0.327842 -0.900938 0.472024 0.688121 1 13 1.000000
  13 5.008704 22.527512 4.021569 0.268053 0.068755 -0.960948 0.471140 0.736204 1 13 1.000000
  13 7.423852 23.523890 3.625141 -0.581175 0.166493 -0.796565 0.615925 0.706219 1 13 1.000000
flesh_hand_01
  13 7.423852 23.523890 3.625141 -0.581175 0.166493 -0.796565 0.615925 0.706219 1 13 1.000000
  13 5.008704 22.527512 4.021569 0.268053 0.068755 -0.960948 0.471140 0.736204 1 13 1.000000
  13 7.779926 22.687971 3.740957 -0.637780 -0.029207 -0.769664 0.613899 0.751446 1 13 1.000000
flesh_hand_01
  13 3.024393 18.568266 -1.883575 0.766211 -0.175411 0.618184 0.189073 0.935857 1 13 1.000000
  13 5.750553 19.448936 -3.627476 0.105536 -0.226954 0.968170 0.042868 0.874416 1 13 1.000000
  13 5.783985 18.155401 -4.389707 0.095861 -0.425082 0.900064 0.041986 0.946097 1 13 1.000000
flesh_hand_01
  13 3.018770 19.575541 -1.750374 0.883046 -0.185721 0.430972 0.187435 0.879626 1 13 1.000000
  13 5.750553 19.448936 -3.627476 0.105536 -0.226954 0.968170 0.042868 0.874416 1 13 1.000000
  13 3.024393 18.568266 -1.883575 0.766211 -0.175411 0.618184 0.189073 0.935857 1 13 1.000000
flesh_hand_01
  13 3.018770 19.575541 -1.750374 0.883046 -0.185721 0.430972 0.187435 0.879626 1 13 1.000000
  13 5.736501 21.903507 -3.636129 -0.088628 -0.172107 0.981083 0.041740 0.780646 1 13 1.000000
  13 5.750553 19.448936 -3.627476 0.105536 -0.226954 0.968170 0.042868 0.874416 1 13 1.000000
flesh_hand_01
  13 3.049834 21.857252 -1.546938 0.880317 -0.081871 0.467267 0.190416 0.781673 1 13 1.000000
  13 5.736501 21.903507 -3.636129 -0.088628 -0.172107 0.981083 0.041740 0.780646 1 13 1.000000
  13 3.018770 19.575541 -1.750374 0.883046 -0.185721 0.430972 0.187435 0.879626 1 13 1.000000
flesh_hand_01
  13 3.049834 21.857252 -1.546938 0.880317 -0.081871 0.467267 0.190416 0.781673 1 13 1.000000
  13 5.609434 23.544920 -3.086137 0.035909 -0.333140 0.942193 0.041175 0.733761 1 13 1.000000
  13 5.736501 21.903507 -3.636129 -0.088628 -0.172107 0.981083 0.041740 0.780646 1 13 1.000000
flesh_hand_01
  13 3.295626 23.611504 -1.131217 0.878187 -0.172796 0.446014 0.191906 0.732696 1 13 1.000000
  13 5.609434 23.544920 -3.086137 0.035909 -0.333140 0.942193 0.041175 0.733761 1 13 1.000000
  13 3.049834 21.857252 -1.546938 0.880317 -0.081871 0.467267 0.190416 0.781673 1 13 1.000000
flesh_hand_01
  13 3.295626 23.611504 -1.131217 0.878187 -0.172796 0.446014 0.191906 0.732696 1 13 1.000000
  13 5.629229 24.943727 -2.720721 0.054026 -0.080208 0.995313 0.040611 0.686876 1 13 1.000000
  13 5.609434 23.544920 -3.086137 0.035909 -0.333140 0.942193 0.041175 0.733761 1 13 1.000000
flesh_hand_01
  13 3.055415 25.074163 -0.061682 0.899047 0.067599 0.432602 0.193397 0.683719 1 13 1.000000
  13 5.629229 24.943727 -2.720721 0.054026 -0.080208 0.995313 0.040611 0.686876 1 13 1.000000
  13 3.295626 23.611504 -1.131217 0.878187 -0.172796 0.446014 0.191906 0.732696 1 13 1.000000
flesh_hand_01
  13 5.629229 24.943727 -2.720721 0.054026 -0.080208 0.995313 0.040611 0.686876 1 13 1.000000
  13 3.055415 25.074163 -0.061682 0.899047 0.067599 0.432602 0.193397 0.683719 1 13 1.000000
  13 5.498191 25.731812 -2.826532 0.059073 0.209324 0.976060 0.039515 0.629027 1 13 1.000000
flesh_hand_01
  13 5.498191 25.731812 -2.826532 0.059073 0.209324 0.976060 0.039515 0.629027 1 13 1.000000
  13 3.055415 25.074163 -0.061682 0.899047 0.067599 0.432602 0.193397 0.683719 1 13 1.000000
  13 2.834433 25.941744 -0.326403 0.855594 0.315948 0.410044 0.194149 0.629834 1 13 1.000000
flesh_hand_01
  13 2.834433 25.941744 -0.326403 0.855594 0.315948 0.410044 0.194149 0.629834 1 13 1.000000
  13 3.055415 25.074163 -0.061682 0.899047 0.067599 0.432602 0.193397 0.683719 1 13 1.000000
  13 2.554704 25.565945 2.925405 0.872316 0.425931 -0.240099 0.337997 0.633179 1 13 1.000000
flesh_hand_01
  13 2.554704 25.565945 2.925405 0.872316 0.425931 -0.240099 0.337997 0.633179 1 13 1.000000
  13 3.055415 25.074163 -0.061682 0.899047 0.067599 0.432602 0.193397 0.683719 1 13 1.000000
  13 2.988786 24.431871 2.588772 0.918832 0.235263 -0.316857 0.337371 0.687698 1 13 1.000000
flesh_hand_01
  13 2.554704 25.565945 2.925405 0.872316 0.425931 -0.240099 0.337997 0.633179 1 13 1.000000
  13 2.988786 24.431871 2.588772 0.918832 0.235263 -0.316857 0.337371 0.687698 1 13 1.000000
  13 4.833770 24.248600 4.675540 0.282603 0.586830 -0.758792 0.470702 0.633632 1 13 1.000000
flesh_hand_01
  13 4.833770 24.248600 4.675540 0.282603 0.586830 -0.758792 0.470702 0.633632 1 13 1.000000
  13 2.988786 24.431871 2.588772 0.918832 0.235263 -0.316857 0.337371 0.687698 1 13 1.000000
  13 4.931057 23.695505 4.180715 0.284306 0.327842 -0.900938 0.472024 0.688121 1 13 1.000000
flesh_hand_01
  13 4.833770 24.248600 4.675540 0.282603 0.586830 -0.758792 0.470702 0.633632 1 13 1.000000
  13 4.931057 23.695505 4.180715 0.284306 0.327842 -0.900938 0.472024 0.688121 1 13 1.000000
  13 7.646512 24.265608 4.013718 -0.592877 0.534550 -0.602290 0.614120 0.634374 1 13 1.000000
flesh_hand_01
  13 7.646512 24.265608 4.013718 -0.592877 0.534550 -0.602290 0.614120 0.634374 1 13 1.000000
  13 4.931057 23.695505 4.180715 0.284306 0.327842 -0.900938 0.472024 0.688121 1 13 1.000000
  13 7.423852 23.523890 3.625141 -0.581175 0.166493 -0.796565 0.615925 0.706219 1 13 1.000000
flesh_hand_01
  13 7.423852 23.523890 3.625141 -0.581175 0.166493 -0.796565 0.615925 0.706219 1 13 1.000000
  13 8.304355 24.381399 1.975033 -0.980462 0.029792 -0.194437 0.715577 0.684909 1 13 1.000000
  13 7.646512 24.265608 4.013718 -0.592877 0.534550 -0.602290 0.614120 0.634374 1 13 1.000000
flesh_hand_01
  13 7.779926 22.687971 3.740957 -0.637780 -0.029207 -0.769664 0.613899 0.751446 1 13 1.000000
  13 8.304355 24.381399 1.975033 -0.980462 0.029792 -0.194437 0.715577 0.684909 1 13 1.000000
  13 7.423852 23.523890 3.625141 -0.581175 0.166493 -0.796565 0.615925 0.706219 1 13 1.000000
flesh_hand_01
  13 2.126945 26.474333 2.958291 0.805887 0.591946 0.012059 0.995596 0.084097 1 13 1.000000
  13 3.407674 25.280554 3.463398 0.784391 0.470906 -0.403705 0.815857 0.163320 1 13 1.000000
  13 2.895082 26.373142 4.028977 0.708840 0.612288 -0.350213 0.992991 0.162102 1 13 1.000000
flesh_hand_01
  13 3.042823 25.309158 2.467808 0.919530 0.388640 -0.058512 0.816370 0.083098 1 13 1.000000
  13 3.407674 25.280554 3.463398 0.784391 0.470906 -0.403705 0.815857 0.163320 1 13 1.000000
  13 2.126945 26.474333 2.958291 0.805887 0.591946 0.012059 0.995596 0.084097 1 13 1.000000
flesh_hand_01
  13 3.042823 25.309158 2.467808 0.919530 0.388640 -0.058512 0.816370 0.083098 1 13 1.000000
  13 3.676794 24.191278 2.866400 0.837541 0.316076 -0.445669 0.687547 0.163929 1 13 1.000000
  13 3.407674 25.280554 3.463398 0.784391 0.470906 -0.403705 0.815857 0.163320 1 13 1.000000
flesh_hand_01
  13 3.077831 24.147812 2.040166 0.978795 0.161667 -0.125796 0.687014 0.082598 1 13 1.000000
  13 3.676794 24.191278 2.866400 0.837541 0.316076 -0.445669 0.687547 0.163929 1 13 1.000000
  13 3.042823 25.309158 2.467808 0.919530 0.388640 -0.058512 0.816370 0.083098 1 13 1.000000
flesh_hand_01
  13 3.042823 25.309158 2.467808 0.919530 0.388640 -0.058512 0.816370 0.083098 1 13 1.000000
  13 3.288412 24.514593 1.277227 0.977033 -0.016364 0.212458 0.686482 0.001268 1 13 1.000000
  13 3.077831 24.147812 2.040166 0.978795 0.161667 -0.125796 0.687014 0.082598 1 13 1.000000
flesh_hand_01
  13 3.188971 25.753736 1.652760 0.920161 0.245754 0.304808 0.816884 0.002876 1 13 1.000000
  13 3.288412 24.514593 1.277227 0.977033 -0.016364 0.212458 0.686482 0.001268 1 13 1.000000
  13 3.042823 25.309158 2.467808 0.919530 0.388640 -0.058512 0.816370 0.083098 1 13 1.000000
flesh_hand_01
  13 3.042823 25.309158 2.467808 0.919530 0.388640 -0.058512 0.816370 0.083098 1 13 1.000000
  13 2.528718 26.674381 1.768448 0.789246 0.488096 0.372630 0.998201 0.006092 1 13 1.000000
  13 3.188971 25.753736 1.652760 0.920161 0.245754 0.304808 0.816884 0.002876 1 13 1.000000
flesh_hand_01
  13 2.126945 26.474333 2.958291 0.805887 0.591946 0.012059 0.995596 0.084097 1 13 1.000000
  13 2.528718 26.674381 1.768448 0.789246 0.488096 0.372630 0.998201 0.006092 1 13 1.000000
  13 3.042823 25.309158 2.467808 0.919530 0.388640 -0.058512 0.816370 0.083098 1 13 1.000000
flesh_hand_01
  13 8.474140 26.797434 1.631675 -0.885078 0.372643 -0.278879 0.998201 0.006092 1 13 1.000000
  13 8.862136 25.914156 -0.779968 -0.786759 0.551682 -0.276869 0.904854 0.122299 1 13 1.000000
  13 9.188390 26.951553 -0.872194 -0.885078 0.372643 -0.278879 0.992991 0.121694 1 13 1.000000
flesh_hand_01
  13 8.051977 25.996281 1.457991 -0.787900 0.558717 -0.258939 0.816884 0.002876 1 13 1.000000
  13 8.862136 25.914156 -0.779968 -0.786759 0.551682 -0.276869 0.904854 0.122299 1 13 1.000000
  13 8.474140 26.797434 1.631675 -0.885078 0.372643 -0.278879 0.998201 0.006092 1 13 1.000000
flesh_hand_01
  13 8.862136 25.914156 -0.779968 -0.786759 0.551682 -0.276869 0.904854 0.122299 1 13 1.000000
  13 8.051977 25.996281 1.457991 -0.787900 0.558717 -0.258939 0.816884 0.002876 1 13 1.000000
  13 8.154099 25.175560 -1.002167 -0.793386 0.554730 -0.250627 0.815857 0.122911 1 13 1.000000
flesh_hand_01
  13 7.109886 24.284950 1.439060 -0.898368 0.358802 -0.253370 0.686482 0.001268 1 13 1.000000
  13 7.594342 23.910149 -1.045452 -0.898368 0.358802 -0.253370 0.687547 0.163929 1 13 1.000000
  13 7.336691 24.979630 1.382603 -0.850031 0.468769 -0.240213 0.750363 0.002056 1 13 1.000000
flesh_hand_01
  13 7.336691 24.979630 1.382603 -0.850031 0.468769 -0.240213 0.750363 0.002056 1 13 1.000000
  13 7.594342 23.910149 -1.045452 -0.898368 0.358802 -0.253370 0.687547 0.163929 1 13 1.000000
  13 8.154099 25.175560 -1.002167 -0.793386 0.554730 -0.250627 0.815857 0.163320 1 13 1.000000
flesh_hand_01
  13 8.154099 25.175560 -1.002167 -0.793386 0.554730 -0.250627 0.815857 0.163320 1 13 1.000000
  13 8.051977 25.996281 1.457991 -0.787900 0.558717 -0.258939 0.816884 0.002876 1 13 1.000000
  13 7.336691 24.979630 1.382603 -0.850031 0.468769 -0.240213 0.750363 0.002056 1 13 1.000000
flesh_hand_01
  13 5.970120 20.197088 -0.928477 -0.030519 -0.126412 0.991508 0.653995 0.194773 1 13 1.000000
  13 6.119948 18.650314 -1.123247 -0.028316 -0.209534 0.977391 0.656892 0.300721 1 13 1.000000
  13 5.054664 19.843706 -0.611700 0.791640 -0.000834 0.610987 0.714698 0.195427 1 13 1.000000
flesh_hand_01
  13 5.054664 19.843706 -0.611700 0.791640 -0.000834 0.610987 0.714698 0.195427 1 13 1.000000
  13 6.119948 18.650314 -1.123247 -0.028316 -0.209534 0.977391 0.656892 0.300721 1 13 1.000000
  13 5.207475 18.382641 -0.803161 0.800482 -0.075236 0.594616 0.714844 0.300728 1 13 1.000000
flesh_hand_01
  13 6.157884 17.949244 -1.363992 -0.025875 -0.292348 0.955962 0.657129 0.332583 1 13 1.000000
  13 6.119948 18.650314 -1.123247 -0.028316 -0.209534 0.977391 0.656892 0.300721 1 13 1.000000
  13 7.032362 18.353537 -0.748104 -0.809601 -0.328503 0.486449 0.600988 0.332576 1 13 1.000000
flesh_hand_01
  13 7.032362 18.353537 -0.748104 -0.809601 -0.328503 0.486449 0.600988 0.332576 1 13 1.000000
  13 6.119948 18.650314 -1.123247 -0.028316 -0.209534 0.977391 0.656892 0.300721 1 13 1.000000
  13 6.977560 18.789642 -0.703656 -0.835959 -0.237206 0.494880 0.601081 0.300715 1 13 1.000000
flesh_hand_01
  13 5.970120 20.197088 -0.928477 -0.030519 -0.126412 0.991508 0.653995 0.194773 1 13 1.000000
  13 6.977560 18.789642 -0.703656 -0.835959 -0.237206 0.494880 0.601081 0.300715 1 13 1.000000
  13 6.119948 18.650314 -1.123247 -0.028316 -0.209534 0.977391 0.656892 0.300721 1 13 1.000000
flesh_hand_01
  13 6.830705 20.422106 -0.505580 -0.855365 -0.139545 0.498876 0.597613 0.194190 1 13 1.000000
  13 6.977560 18.789642 -0.703656 -0.835959 -0.237206 0.494880 0.601081 0.300715 1 13 1.000000
  13 5.970120 20.197088 -0.928477 -0.030519 -0.126412 0.991508 0.653995 0.194773 1 13 1.000000
flesh_hand_01
  13 5.207475 18.382641 -0.803161 0.800482 -0.075236 0.594616 0.714844 0.300728 1 13 1.000000
  13 5.075313 18.425402 0.304527 0.872650 0.101751 -0.477628 0.778636 0.300714 1 13 1.000000
  13 5.054664 19.843706 -0.611700 0.791640 -0.000834 0.610987 0.714698 0.195427 1 13 1.000000
flesh_hand_01
  13 5.054664 19.843706 -0.611700 0.791640 -0.000834 0.610987 0.714698 0.195427 1 13 1.000000
  13 5.075313 18.425402 0.304527 0.872650 0.101751 -0.477628 0.778636 0.300714 1 13 1.000000
  13 4.928452 20.057852 0.502597 0.871146 0.139355 -0.470835 0.779297 0.194115 1 13 1.000000
flesh_hand_01
  13 5.075313 18.425402 0.304527 0.872650 0.101751 -0.477628 0.778636 0.300714 1 13 1.000000
  13 5.966905 18.509239 0.769571 0.086816 0.042129 -0.995333 0.837127 0.300710 1 13 1.000000
  13 4.928452 20.057852 0.502597 0.871146 0.139355 -0.470835 0.779297 0.194115 1 13 1.000000
flesh_hand_01
  13 4.928452 20.057852 0.502597 0.871146 0.139355 -0.470835 0.779297 0.194115 1 13 1.000000
  13 5.966905 18.509239 0.769571 0.086816 0.042129 -0.995333 0.837127 0.300710 1 13 1.000000
  13 5.820036 20.141687 0.967641 0.055819 0.125209 -0.990559 0.837788 0.193943 1 13 1.000000
flesh_hand_01
  13 5.966905 18.509239 0.769571 0.086816 0.042129 -0.995333 0.837127 0.300710 1 13 1.000000
  13 6.893511 18.663347 0.442314 -0.770800 -0.141887 -0.621076 0.894847 0.300709 1 13 1.000000
  13 5.820036 20.141687 0.967641 0.055819 0.125209 -0.990559 0.837788 0.193943 1 13 1.000000
flesh_hand_01
  13 5.820036 20.141687 0.967641 0.055819 0.125209 -0.990559 0.837788 0.193943 1 13 1.000000
  13 6.893511 18.663347 0.442314 -0.770800 -0.141887 -0.621076 0.894847 0.300709 1 13 1.000000
  13 6.746644 20.295797 0.640382 -0.796044 0.001819 -0.605236 0.895508 0.193908 1 13 1.000000
flesh_hand_01
  13 6.746644 20.295797 0.640382 -0.796044 0.001819 -0.605236 0.895508 0.193908 1 13 1.000000
  13 6.893511 18.663347 0.442314 -0.770800 -0.141887 -0.621076 0.894847 0.300709 1 13 1.000000
  13 6.830705 20.422106 -0.505580 -0.855365 -0.139545 0.498876 0.962548 0.194053 1 13 1.000000
flesh_hand_01
  13 6.830705 20.422106 -0.505580 -0.855365 -0.139545 0.498876 0.962548 0.194053 1 13 1.000000
  13 6.893511 18.663347 0.442314 -0.770800 -0.141887 -0.621076 0.894847 0.300709 1 13 1.000000
  13 6.977560 18.789642 -0.703656 -0.835959 -0.237206 0.494880 0.961888 0.300713 1 13 1.000000
flesh_hand_01
  13 6.977560 18.789642 -0.703656 -0.835959 -0.237206 0.494880 0.961888 0.300713 1 13 1.000000
  13 6.893511 18.663347 0.442314 -0.770800 -0.141887 -0.621076 0.894847 0.300709 1 13 1.000000
  13 7.032362 18.353537 -0.748104 -0.809601 -0.328503 0.486449 0.961019 0.332573 1 13 1.000000
flesh_hand_01
  13 7.032362 18.353537 -0.748104 -0.809601 -0.328503 0.486449 0.961019 0.332573 1 13 1.000000
  13 6.893511 18.663347 0.442314 -0.770800 -0.141887 -0.621076 0.894847 0.300709 1 13 1.000000
  13 7.113669 18.251408 0.560566 -0.726327 -0.289741 -0.623297 0.894484 0.332570 1 13 1.000000
flesh_hand_01
  13 7.113669 18.251408 0.560566 -0.726327 -0.289741 -0.623297 0.894484 0.332570 1 13 1.000000
  13 6.893511 18.663347 0.442314 -0.770800 -0.141887 -0.621076 0.894847 0.300709 1 13 1.000000
  13 6.021704 18.073128 0.725123 0.116417 -0.039299 -0.992423 0.837560 0.332571 1 13 1.000000
flesh_hand_01
  13 6.021704 18.073128 0.725123 0.116417 -0.039299 -0.992423 0.837560 0.332571 1 13 1.000000
  13 6.893511 18.663347 0.442314 -0.770800 -0.141887 -0.621076 0.894847 0.300709 1 13 1.000000
  13 5.966905 18.509239 0.769571 0.086816 0.042129 -0.995333 0.837127 0.300710 1 13 1.000000
flesh_hand_01
  13 5.966905 18.509239 0.769571 0.086816 0.042129 -0.995333 0.837127 0.300710 1 13 1.000000
  13 5.075313 18.425402 0.304527 0.872650 0.101751 -0.477628 0.778636 0.300714 1 13 1.000000
  13 6.021704 18.073128 0.725123 0.116417 -0.039299 -0.992423 0.837560 0.332571 1 13 1.000000
flesh_hand_01
  13 6.021704 18.073128 0.725123 0.116417 -0.039299 -0.992423 0.837560 0.332571 1 13 1.000000
  13 5.075313 18.425402 0.304527 0.872650 0.101751 -0.477628 0.778636 0.300714 1 13 1.000000
  13 5.095916 17.898230 0.301076 0.872873 0.063525 -0.483794 0.779281 0.332575 1 13 1.000000
flesh_hand_01
  13 5.075313 18.425402 0.304527 0.872650 0.101751 -0.477628 0.778636 0.300714 1 13 1.000000
  13 5.207475 18.382641 -0.803161 0.800482 -0.075236 0.594616 0.714844 0.300728 1 13 1.000000
  13 5.095916 17.898230 0.301076 0.872873 0.063525 -0.483794 0.779281 0.332575 1 13 1.000000
flesh_hand_01
  13 5.095916 17.898230 0.301076 0.872873 0.063525 -0.483794 0.779281 0.332575 1 13 1.000000
  13 5.207475 18.382641 -0.803161 0.800482 -0.075236 0.594616 0.714844 0.300728 1 13 1.000000
  13 5.245410 17.681568 -1.043906 0.804593 -0.148279 0.575016 0.715410 0.332590 1 13 1.000000
flesh_hand_01
  13 5.245410 17.681568 -1.043906 0.804593 -0.148279 0.575016 0.715410 0.332590 1 13 1.000000
  13 5.207475 18.382641 -0.803161 0.800482 -0.075236 0.594616 0.714844 0.300728 1 13 1.000000
  13 6.157884 17.949244 -1.363992 -0.025875 -0.292348 0.955962 0.657129 0.332583 1 13 1.000000
flesh_hand_01
  13 6.157884 17.949244 -1.363992 -0.025875 -0.292348 0.955962 0.657129 0.332583 1 13 1.000000
  13 5.207475 18.382641 -0.803161 0.800482 -0.075236 0.594616 0.714844 0.300728 1 13 1.000000
  13 6.119948 18.650314 -1.123247 -0.028316 -0.209534 0.977391 0.656892 0.300721 1 13 1.000000
flesh_hand_01
  13 8.243424 26.084408 1.009206 -0.985901 0.165590 0.024053 0.750363 0.002056 1 13 1.000000
  13 8.074760 24.918011 0.996488 -0.992468 0.103209 0.065999 0.686482 0.001268 1 13 1.000000
  13 8.119047 26.277878 -0.464130 -0.871087 0.171178 0.460332 0.783110 0.082688 1 13 1.000000
flesh_hand_01
  13 8.119047 26.277878 -0.464130 -0.871087 0.171178 0.460332 0.783110 0.082688 1 13 1.000000
  13 8.074760 24.918011 0.996488 -0.992468 0.103209 0.065999 0.686482 0.001268 1 13 1.000000
  13 8.007724 24.771883 -0.482644 -0.891644 0.068157 0.447578 0.687014 0.082598 1 13 1.000000
flesh_hand_01
  13 8.007724 24.771883 -0.482644 -0.891644 0.068157 0.447578 0.687014 0.082598 1 13 1.000000
  13 7.279698 24.918665 -1.143841 -0.650835 0.022405 0.758888 0.687547 0.163929 1 13 1.000000
  13 8.119047 26.277878 -0.464130 -0.871087 0.171178 0.460332 0.783110 0.082688 1 13 1.000000
flesh_hand_01
  13 8.119047 26.277878 -0.464130 -0.871087 0.171178 0.460332 0.783110 0.082688 1 13 1.000000
  13 7.279698 24.918665 -1.143841 -0.650835 0.022405 0.758888 0.687547 0.163929 1 13 1.000000
  13 7.333685 26.764278 -1.119529 -0.575734 0.141520 0.805297 0.815857 0.163320 1 13 1.000000
flesh_hand_01
  13 7.399297 18.053480 -0.980148 -0.398176 0.350148 -0.847851 0.815857 0.163320 1 13 1.000000
  13 8.190959 18.862337 -1.024323 -0.711342 0.098762 -0.695872 0.783110 0.082688 1 13 1.000000
  13 7.016388 19.523325 0.069957 -0.600015 0.211192 -0.771609 0.687547 0.163929 1 13 1.000000
flesh_hand_01
  13 7.016388 19.523325 0.069957 -0.600015 0.211192 -0.771609 0.687547 0.163929 1 13 1.000000
  13 8.190959 18.862337 -1.024323 -0.711342 0.098762 -0.695872 0.783110 0.082688 1 13 1.000000
  13 8.060620 20.460016 -0.935564 -0.798973 -0.031819 -0.600524 0.686482 0.001268 1 13 1.000000
flesh_hand_01
  13 8.060620 20.460016 -0.935564 -0.798973 -0.031819 -0.600524 0.686482 0.001268 1 13 1.000000
  13 8.190959 18.862337 -1.024323 -0.711342 0.098762 -0.695872 0.783110 0.082688 1 13 1.000000
  13 8.432343 19.534552 -1.563622 -0.907833 -0.111586 -0.404213 0.750363 0.002056 1 13 1.000000
flesh_hand_01
  13 2.647389 26.630222 0.748994 0.859455 0.460441 0.222107 0.998201 0.006092 1 13 1.000000
  13 3.050752 25.019251 2.527792 0.931603 0.330283 0.151752 0.815857 0.163320 1 13 1.000000
  13 2.256220 25.930752 3.130613 0.859455 0.460441 0.222107 0.992991 0.162102 1 13 1.000000
flesh_hand_01
  13 3.042463 25.617908 0.736747 0.931603 0.330283 0.151752 0.816884 0.002876 1 13 1.000000
  13 3.050752 25.019251 2.527792 0.931603 0.330283 0.151752 0.815857 0.163320 1 13 1.000000
  13 2.647389 26.630222 0.748994 0.859455 0.460441 0.222107 0.998201 0.006092 1 13 1.000000
flesh_hand_01
  13 3.042463 25.617908 0.736747 0.931603 0.330283 0.151752 0.816884 0.002876 1 13 1.000000
  13 3.258196 24.003292 1.999338 0.978508 0.191176 0.077285 0.687547 0.163929 1 13 1.000000
  13 3.050752 25.019251 2.527792 0.931603 0.330283 0.151752 0.815857 0.163320 1 13 1.000000
flesh_hand_01
  13 3.338907 24.432476 0.330920 0.978508 0.191176 0.077285 0.686482 0.001268 1 13 1.000000
  13 3.258196 24.003292 1.999338 0.978508 0.191176 0.077285 0.687547 0.163929 1 13 1.000000
  13 3.042463 25.617908 0.736747 0.931603 0.330283 0.151752 0.816884 0.002876 1 13 1.000000
flesh_hand_01
  13 8.029421 17.486137 -3.190144 -0.883435 -0.249804 0.396410 0.998201 0.006092 1 13 1.000000
  13 8.599596 18.621624 -1.203918 -0.864000 -0.297359 0.406302 0.876444 0.162904 1 13 1.000000
  13 8.870790 17.167778 -1.065403 -0.927601 -0.140034 0.346334 0.992991 0.162102 1 13 1.000000
flesh_hand_01
  13 8.599596 18.621624 -1.203918 -0.864000 -0.297359 0.406302 0.876444 0.162904 1 13 1.000000
  13 8.029421 17.486137 -3.190144 -0.883435 -0.249804 0.396410 0.998201 0.006092 1 13 1.000000
  13 7.409709 19.274164 -2.907178 -0.802832 -0.422058 0.421103 0.816884 0.002876 1 13 1.000000
flesh_hand_01
  13 8.599596 18.621624 -1.203918 -0.864000 -0.297359 0.406302 0.876444 0.162904 1 13 1.000000
  13 7.409709 19.274164 -2.907178 -0.802832 -0.422058 0.421103 0.816884 0.002876 1 13 1.000000
  13 8.508937 19.476563 -0.592021 -0.790286 -0.454612 0.410824 0.815857 0.163320 1 13 1.000000
flesh_hand_01
  13 7.409709 19.274164 -2.907178 -0.802832 -0.422058 0.421103 0.816884 0.002876 1 13 1.000000
  13 6.793207 21.399296 -1.361423 -0.758014 -0.517589 0.396883 0.686482 0.001268 1 13 1.000000
  13 8.508937 19.476563 -0.592021 -0.790286 -0.454612 0.410824 0.815857 0.163320 1 13 1.000000
flesh_hand_01
  13 8.508937 19.476563 -0.592021 -0.790286 -0.454612 0.410824 0.815857 0.163320 1 13 1.000000
  13 6.793207 21.399296 -1.361423 -0.758014 -0.517589 0.396883 0.686482 0.001268 1 13 1.000000
  13 7.956361 20.758928 0.073214 -0.758014 -0.517589 0.396883 0.687547 0.163929 1 13 1.000000
flesh_hand_01
  13 3.809618 17.962631 0.391285 0.540413 0.517174 -0.663690 0.816884 0.002876 1 13 1.000000
  13 2.917332 18.274960 -0.101597 0.955164 0.046578 -0.292390 0.860869 0.062588 1 13 1.000000
  13 3.349231 16.223232 -0.609230 0.530079 0.307136 -0.790369 0.998201 0.006092 1 13 1.000000
flesh_hand_01
  13 3.349231 16.223232 -0.609230 0.530079 0.307136 -0.790369 0.998201 0.006092 1 13 1.000000
  13 2.917332 18.274960 -0.101597 0.955164 0.046578 -0.292390 0.860869 0.062588 1 13 1.000000
  13 2.504789 16.637712 -0.998689 0.929637 -0.020224 -0.367920 0.995596 0.063893 1 13 1.000000
flesh_hand_01
  13 2.917332 18.274960 -0.101597 0.955164 0.046578 -0.292390 0.860869 0.062588 1 13 1.000000
  13 3.197097 18.482471 -1.040089 0.925395 -0.310446 0.217412 0.904854 0.122299 1 13 1.000000
  13 2.504789 16.637712 -0.998689 0.929637 -0.020224 -0.367920 0.995596 0.063893 1 13 1.000000
flesh_hand_01
  13 2.504789 16.637712 -0.998689 0.929637 -0.020224 -0.367920 0.995596 0.063893 1 13 1.000000
  13 3.197097 18.482471 -1.040089 0.925395 -0.310446 0.217412 0.904854 0.122299 1 13 1.000000
  13 2.900966 16.989769 -2.025800 0.915252 -0.338579 0.218354 0.992991 0.121694 1 13 1.000000
flesh_hand_01
  13 3.257168 17.106640 -1.893329 0.806464 -0.252285 0.534760 0.995596 0.063893 1 13 1.000000
  13 4.305004 18.129467 -1.871382 0.271881 -0.320115 0.907528 0.904854 0.122299 1 13 1.000000
  13 4.330696 16.877478 -2.255110 0.269429 -0.295682 0.916504 0.992991 0.121694 1 13 1.000000
flesh_hand_01
  13 3.426343 18.421721 -1.491049 0.781564 -0.261962 0.566157 0.860869 0.062588 1 13 1.000000
  13 4.305004 18.129467 -1.871382 0.271881 -0.320115 0.907528 0.904854 0.122299 1 13 1.000000
  13 3.257168 17.106640 -1.893329 0.806464 -0.252285 0.534760 0.995596 0.063893 1 13 1.000000
flesh_hand_01
  13 3.303530 16.745346 -0.942607 0.991866 -0.098887 -0.080148 0.998201 0.006092 1 13 1.000000
  13 3.426343 18.421721 -1.491049 0.781564 -0.261962 0.566157 0.860869 0.062588 1 13 1.000000
  13 3.257168 17.106640 -1.893329 0.806464 -0.252285 0.534760 0.995596 0.063893 1 13 1.000000
flesh_hand_01
  13 3.481148 18.185680 -0.452812 0.997685 0.052301 -0.043461 0.816884 0.002876 1 13 1.000000
  13 3.426343 18.421721 -1.491049 0.781564 -0.261962 0.566157 0.860869 0.062588 1 13 1.000000
  13 3.303530 16.745346 -0.942607 0.991866 -0.098887 -0.080148 0.998201 0.006092 1 13 1.000000
flesh_hand_01
  13 5.241649 19.023525 2.980236 -0.158711 0.984364 0.076408 0.073401 0.280074 1 13 1.000000
  13 5.411319 19.165371 0.777208 -0.137257 0.989233 0.050768 0.197567 0.247063 1 13 1.000000
  13 7.606623 19.467529 2.633449 -0.215267 0.971785 0.096400 0.079355 0.137703 1 13 1.000000
flesh_hand_01
  13 7.606623 19.467529 2.633449 -0.215267 0.971785 0.096400 0.079355 0.137703 1 13 1.000000
  13 5.411319 19.165371 0.777208 -0.137257 0.989233 0.050768 0.197567 0.247063 1 13 1.000000
  13 8.566591 19.979351 0.769555 -0.232295 0.969435 0.078965 0.166088 0.060608 1 13 1.000000
flesh_hand_01
  13 8.566591 19.979351 0.769555 -0.232295 0.969435 0.078965 0.166088 0.060608 1 13 1.000000
  13 5.411319 19.165371 0.777208 -0.137257 0.989233 0.050768 0.197567 0.247063 1 13 1.000000
  13 8.137214 20.021709 -1.636520 -0.367271 0.926110 -0.086206 0.307939 0.060185 1 13 1.000000
flesh_hand_01
  13 5.411319 19.165371 0.777208 -0.137257 0.989233 0.050768 0.197567 0.247063 1 13 1.000000
  13 7.409714 19.274185 -2.907176 -0.209577 0.974099 -0.084904 0.366964 0.111111 1 13 1.000000
  13 8.137214 20.021709 -1.636520 -0.367271 0.926110 -0.086206 0.307939 0.060185 1 13 1.000000
flesh_hand_01
  13 7.409714 19.274185 -2.907176 -0.209577 0.974099 -0.084904 0.366964 0.111111 1 13 1.000000
  13 5.411319 19.165371 0.777208 -0.137257 0.989233 0.050768 0.197567 0.247063 1 13 1.000000
  13 5.750561 19.448948 -3.627470 0.084733 0.993905 0.070515 0.445101 0.178527 1 13 1.000000
flesh_hand_01
  13 3.018778 19.575554 -1.750369 0.013852 0.988982 0.147383 0.362797 0.315483 1 13 1.000000
  13 5.750561 19.448948 -3.627470 0.084733 0.993905 0.070515 0.445101 0.178527 1 13 1.000000
  13 5.411319 19.165371 0.777208 -0.137257 0.989233 0.050768 0.197567 0.247063 1 13 1.000000
flesh_hand_01
  13 3.018778 19.575554 -1.750369 0.013852 0.988982 0.147383 0.362797 0.315483 1 13 1.000000
  13 5.411319 19.165371 0.777208 -0.137257 0.989233 0.050768 0.197567 0.247063 1 13 1.000000
  13 3.024565 18.895414 1.235741 -0.084805 0.986595 0.139420 0.191009 0.362583 1 13 1.000000
flesh_hand_01
  13 3.024565 18.895414 1.235741 -0.084805 0.986595 0.139420 0.191009 0.362583 1 13 1.000000
  13 5.411319 19.165371 0.777208 -0.137257 0.989233 0.050768 0.197567 0.247063 1 13 1.000000
  13 5.241649 19.023525 2.980236 -0.158711 0.984364 0.076408 0.073401 0.280074 1 13 1.000000
flesh_hand_01
  13 6.850927 18.471777 -0.742205 -0.766316 -0.388025 0.512051 0.600988 0.332576 1 13 1.000000
  13 6.113953 18.794138 -0.812382 0.059303 -0.558917 0.827100 0.656892 0.300721 1 13 1.000000
  13 6.841900 18.806955 -0.536556 -0.766316 -0.388025 0.512051 0.601081 0.300715 1 13 1.000000
flesh_hand_01
  13 6.022805 18.258829 -1.190367 0.059303 -0.558917 0.827100 0.657129 0.332583 1 13 1.000000
  13 6.113953 18.794138 -0.812382 0.059303 -0.558917 0.827100 0.656892 0.300721 1 13 1.000000
  13 6.850927 18.471777 -0.742205 -0.766316 -0.388025 0.512051 0.600988 0.332576 1 13 1.000000
flesh_hand_01
  13 6.022805 18.258829 -1.190367 0.059303 -0.558917 0.827100 0.657129 0.332583 1 13 1.000000
  13 5.399043 18.661221 -0.554073 0.773607 -0.483755 0.409284 0.714844 0.300728 1 13 1.000000
  13 6.113953 18.794138 -0.812382 0.059303 -0.558917 0.827100 0.656892 0.300721 1 13 1.000000
flesh_hand_01
  13 5.228403 18.114553 -0.809422 0.773607 -0.483755 0.409284 0.715410 0.332590 1 13 1.000000
  13 5.399043 18.661221 -0.554073 0.773607 -0.483755 0.409284 0.714844 0.300728 1 13 1.000000
  13 6.022805 18.258829 -1.190367 0.059303 -0.558917 0.827100 0.657129 0.332583 1 13 1.000000
flesh_hand_01
  13 5.230915 18.107435 0.236062 0.794728 -0.278509 -0.539296 0.779281 0.332575 1 13 1.000000
  13 5.399043 18.661221 -0.554073 0.773607 -0.483755 0.409284 0.714844 0.300728 1 13 1.000000
  13 5.228403 18.114553 -0.809422 0.773607 -0.483755 0.409284 0.715410 0.332590 1 13 1.000000
flesh_hand_01
  13 5.438355 18.670895 0.274053 0.794728 -0.278509 -0.539296 0.778636 0.300714 1 13 1.000000
  13 5.399043 18.661221 -0.554073 0.773607 -0.483755 0.409284 0.714844 0.300728 1 13 1.000000
  13 5.230915 18.107435 0.236062 0.794728 -0.278509 -0.539296 0.779281 0.332575 1 13 1.000000
flesh_hand_01
  13 6.103384 17.976307 0.697434 0.031486 -0.160501 -0.986533 0.837560 0.332571 1 13 1.000000
  13 5.438355 18.670895 0.274053 0.794728 -0.278509 -0.539296 0.778636 0.300714 1 13 1.000000
  13 5.230915 18.107435 0.236062 0.794728 -0.278509 -0.539296 0.779281 0.332575 1 13 1.000000
flesh_hand_01
  13 6.183580 18.635317 0.575446 0.031486 -0.160501 -0.986533 0.837127 0.300710 1 13 1.000000
  13 5.438355 18.670895 0.274053 0.794728 -0.278509 -0.539296 0.778636 0.300714 1 13 1.000000
  13 6.103384 17.976307 0.697434 0.031486 -0.160501 -0.986533 0.837560 0.332571 1 13 1.000000
flesh_hand_01
  13 6.959242 18.328915 0.328899 -0.825571 -0.173038 -0.537113 0.894484 0.332570 1 13 1.000000
  13 6.183580 18.635317 0.575446 0.031486 -0.160501 -0.986533 0.837127 0.300710 1 13 1.000000
  13 6.103384 17.976307 0.697434 0.031486 -0.160501 -0.986533 0.837560 0.332571 1 13 1.000000
flesh_hand_01
  13 6.880551 18.677847 0.298770 -0.825571 -0.173038 -0.537113 0.894847 0.300709 1 13 1.000000
  13 6.183580 18.635317 0.575446 0.031486 -0.160501 -0.986533 0.837127 0.300710 1 13 1.000000
  13 6.959242 18.328915 0.328899 -0.825571 -0.173038 -0.537113 0.894484 0.332570 1 13 1.000000
flesh_hand_01
  13 6.959242 18.328915 0.328899 -0.825571 -0.173038 -0.537113 0.894484 0.332570 1 13 1.000000
  13 6.841900 18.806955 -0.536556 -0.766316 -0.388025 0.512051 0.961888 0.300713 1 13 1.000000
  13 6.880551 18.677847 0.298770 -0.825571 -0.173038 -0.537113 0.894847 0.300709 1 13 1.000000
flesh_hand_01
  13 6.850927 18.471777 -0.742205 -0.766316 -0.388025 0.512051 0.961019 0.332573 1 13 1.000000
  13 6.841900 18.806955 -0.536556 -0.766316 -0.388025 0.512051 0.961888 0.300713 1 13 1.000000
  13 6.959242 18.328915 0.328899 -0.825571 -0.173038 -0.537113 0.894484 0.332570 1 13 1.000000
flesh_hand_01
  13 5.226847 16.961561 3.637264 0.399532 -0.413836 -0.817994 0.972753 0.945005 1 13 1.000000
  13 5.337203 19.167492 2.454334 0.399532 -0.413836 -0.817994 0.974944 0.874979 1 13 1.000000
  13 3.044752 17.973507 0.747479 0.873908 -0.299148 -0.383138 0.825010 0.933990 1 13 1.000000
flesh_hand_01
  13 3.044752 17.973507 0.747479 0.873908 -0.299148 -0.383138 0.825010 0.933990 1 13 1.000000
  13 5.337203 19.167492 2.454334 0.399532 -0.413836 -0.817994 0.974944 0.874979 1 13 1.000000
  13 3.425540 19.363853 0.776077 0.873908 -0.299148 -0.383138 0.831392 0.880678 1 13 1.000000
flesh_hand_01
  13 3.044752 17.973507 0.747479 0.873908 -0.299148 -0.383138 0.825010 0.933990 1 13 1.000000
  13 3.425540 19.363853 0.776077 0.873908 -0.299148 -0.383138 0.831392 0.880678 1 13 1.000000
  13 3.243086 19.025511 -1.674272 0.894351 -0.160157 0.417716 0.714152 0.931788 1 13 1.000000
flesh_hand_01
  13 3.243086 19.025511 -1.674272 0.894351 -0.160157 0.417716 0.714152 0.931788 1 13 1.000000
  13 3.425540 19.363853 0.776077 0.873908 -0.299148 -0.383138 0.831392 0.880678 1 13 1.000000
  13 3.387844 19.639462 -1.526039 0.894351 -0.160157 0.417716 0.716031 0.881913 1 13 1.000000
flesh_hand_01
  13 3.387844 19.639462 -1.526039 0.894351 -0.160157 0.417716 0.716031 0.881913 1 13 1.000000
  13 4.420846 20.115257 -2.567182 0.449048 -0.170197 0.877148 0.607176 0.880665 1 13 1.000000
  13 3.243086 19.025511 -1.674272 0.894351 -0.160157 0.417716 0.714152 0.931788 1 13 1.000000
flesh_hand_01
  13 3.243086 19.025511 -1.674272 0.894351 -0.160157 0.417716 0.714152 0.931788 1 13 1.000000
  13 4.420846 20.115257 -2.567182 0.449048 -0.170197 0.877148 0.607176 0.880665 1 13 1.000000
  13 5.029319 18.671072 -2.880767 0.449048 -0.170197 0.877148 0.608972 0.934274 1 13 1.000000
flesh_hand_01
  13 4.420846 20.115257 -2.567182 0.449048 -0.170197 0.877148 0.607176 0.880665 1 13 1.000000
  13 5.872663 19.628893 -2.800299 -0.051428 -0.502554 0.863015 0.537831 0.880558 1 13 1.000000
  13 5.029319 18.671072 -2.880767 0.449048 -0.170197 0.877148 0.608972 0.934274 1 13 1.000000
flesh_hand_01
  13 5.029319 18.671072 -2.880767 0.449048 -0.170197 0.877148 0.608972 0.934274 1 13 1.000000
  13 5.872663 19.628893 -2.800299 -0.051428 -0.502554 0.863015 0.537831 0.880558 1 13 1.000000
  13 6.268651 18.487516 -3.586051 -0.051428 -0.502554 0.863015 0.541508 0.934398 1 13 1.000000
flesh_hand_01
  13 5.872663 19.628893 -2.800299 -0.051428 -0.502554 0.863015 0.537831 0.880558 1 13 1.000000
  13 6.946093 19.759289 -2.058820 -0.499669 -0.611101 0.613911 0.468487 0.880451 1 13 1.000000
  13 6.268651 18.487516 -3.586051 -0.051428 -0.502554 0.863015 0.541508 0.934398 1 13 1.000000
flesh_hand_01
  13 6.268651 18.487516 -3.586051 -0.051428 -0.502554 0.863015 0.541508 0.934398 1 13 1.000000
  13 6.946093 19.759289 -2.058820 -0.499669 -0.611101 0.613911 0.468487 0.880451 1 13 1.000000
  13 7.738291 18.480038 -2.938424 -0.499669 -0.611101 0.613911 0.474044 0.934522 1 13 1.000000
flesh_hand_01
  13 7.738291 18.480038 -2.938424 -0.499669 -0.611101 0.613911 0.474044 0.934522 1 13 1.000000
  13 6.946093 19.759289 -2.058820 -0.499669 -0.611101 0.613911 0.468487 0.880451 1 13 1.000000
  13 8.246125 18.906477 -1.384693 -0.715053 -0.561144 0.416912 0.410855 0.936181 1 13 1.000000
flesh_hand_01
  13 8.246125 18.906477 -1.384693 -0.715053 -0.561144 0.416912 0.410855 0.936181 1 13 1.000000
  13 6.946093 19.759289 -2.058820 -0.499669 -0.611101 0.613911 0.468487 0.880451 1 13 1.000000
  13 7.737851 20.079672 -1.217601 -0.715053 -0.561144 0.416912 0.404644 0.879550 1 13 1.000000
flesh_hand_01
  13 8.246125 18.906477 -1.384693 -0.715053 -0.561144 0.416912 0.410855 0.936181 1 13 1.000000
  13 7.737851 20.079672 -1.217601 -0.715053 -0.561144 0.416912 0.404644 0.879550 1 13 1.000000
  13 8.691977 19.193901 -0.379133 -0.768540 -0.618392 0.164128 0.347666 0.937840 1 13 1.000000
flesh_hand_01
  13 8.691977 19.193901 -0.379133 -0.768540 -0.618392 0.164128 0.347666 0.937840 1 13 1.000000
  13 7.737851 20.079672 -1.217601 -0.715053 -0.561144 0.416912 0.404644 0.879550 1 13 1.000000
  13 7.874609 20.082136 -0.207280 -0.768540 -0.618392 0.164128 0.340801 0.878648 1 13 1.000000
flesh_hand_01
  13 8.691977 19.193901 -0.379133 -0.768540 -0.618392 0.164128 0.347666 0.937840 1 13 1.000000
  13 7.874609 20.082136 -0.207280 -0.768540 -0.618392 0.164128 0.340801 0.878648 1 13 1.000000
  13 8.713207 19.198700 1.155272 -0.759801 -0.591281 -0.270351 0.268370 0.936848 1 13 1.000000
flesh_hand_01
  13 8.713207 19.198700 1.155272 -0.759801 -0.591281 -0.270351 0.268370 0.936848 1 13 1.000000
  13 7.874609 20.082136 -0.207280 -0.768540 -0.618392 0.164128 0.340801 0.878648 1 13 1.000000
  13 7.915483 20.093281 1.042579 -0.759801 -0.591281 -0.270351 0.264118 0.879137 1 13 1.000000
flesh_hand_01
  13 7.915483 20.093281 1.042579 -0.759801 -0.591281 -0.270351 0.264118 0.879137 1 13 1.000000
  13 7.305445 19.886307 2.431873 -0.446096 -0.454168 -0.771187 0.187435 0.879626 1 13 1.000000
  13 8.713207 19.198700 1.155272 -0.759801 -0.591281 -0.270351 0.268370 0.936848 1 13 1.000000
flesh_hand_01
  13 8.713207 19.198700 1.155272 -0.759801 -0.591281 -0.270351 0.268370 0.936848 1 13 1.000000
  13 7.305445 19.886307 2.431873 -0.446096 -0.454168 -0.771187 0.187435 0.879626 1 13 1.000000
  13 7.730238 18.601727 2.558298 -0.446096 -0.454168 -0.771187 0.189073 0.935857 1 13 1.000000
flesh_hand_01
  13 7.305445 19.886307 2.431873 -0.446096 -0.454168 -0.771187 0.187435 0.879626 1 13 1.000000
  13 6.321324 19.526907 2.353555 -0.017514 -0.438896 -0.898367 0.115152 0.877021 1 13 1.000000
  13 7.730238 18.601727 2.558298 -0.446096 -0.454168 -0.771187 0.189073 0.935857 1 13 1.000000
flesh_hand_01
  13 7.730238 18.601727 2.558298 -0.446096 -0.454168 -0.771187 0.189073 0.935857 1 13 1.000000
  13 6.321324 19.526907 2.353555 -0.017514 -0.438896 -0.898367 0.115152 0.877021 1 13 1.000000
  13 6.685690 17.072468 3.739330 -0.017514 -0.438896 -0.898367 0.115529 0.940977 1 13 1.000000
flesh_hand_01
  13 6.321324 19.526907 2.353555 -0.017514 -0.438896 -0.898367 0.115152 0.877021 1 13 1.000000
  13 5.337203 19.167492 2.454334 0.399532 -0.413836 -0.817994 0.042868 0.874416 1 13 1.000000
  13 6.685690 17.072468 3.739330 -0.017514 -0.438896 -0.898367 0.115529 0.940977 1 13 1.000000
flesh_hand_01
  13 6.685690 17.072468 3.739330 -0.017514 -0.438896 -0.898367 0.115529 0.940977 1 13 1.000000
  13 5.337203 19.167492 2.454334 0.399532 -0.413836 -0.817994 0.042868 0.874416 1 13 1.000000
  13 5.226847 16.961561 3.637264 0.399532 -0.413836 -0.817994 0.041986 0.946097 1 13 1.000000
flesh_hand_01
  13 7.874606 20.082138 -0.207280 -0.881498 -0.393461 0.261054 0.815857 0.163320 1 13 1.000000
  13 6.995683 20.844625 -2.622613 -0.918680 -0.318385 0.233791 0.686482 0.001268 1 13 1.000000
  13 7.430626 21.509968 -0.097976 -0.918680 -0.318385 0.233791 0.687547 0.163929 1 13 1.000000
flesh_hand_01
  13 7.923932 18.561304 -2.175124 -0.875689 -0.389936 0.284813 0.816884 0.002876 1 13 1.000000
  13 6.995683 20.844625 -2.622613 -0.918680 -0.318385 0.233791 0.686482 0.001268 1 13 1.000000
  13 7.874606 20.082138 -0.207280 -0.881498 -0.393461 0.261054 0.815857 0.163320 1 13 1.000000
flesh_hand_01
  13 7.874606 20.082138 -0.207280 -0.881498 -0.393461 0.261054 0.815857 0.163320 1 13 1.000000
  13 8.415989 18.236378 -1.403983 -0.969260 -0.210130 0.127984 0.894375 0.004250 1 13 1.000000
  13 7.923932 18.561304 -2.175124 -0.875689 -0.389936 0.284813 0.816884 0.002876 1 13 1.000000
flesh_hand_01
  13 8.411194 19.244051 0.464634 -0.978781 -0.181397 0.095308 0.909941 0.162673 1 13 1.000000
  13 8.415989 18.236378 -1.403983 -0.969260 -0.210130 0.127984 0.894375 0.004250 1 13 1.000000
  13 7.874606 20.082138 -0.207280 -0.881498 -0.393461 0.261054 0.815857 0.163320 1 13 1.000000
flesh_hand_01
  13 8.415989 18.236378 -1.403983 -0.969260 -0.210130 0.127984 0.894375 0.004250 1 13 1.000000
  13 8.411194 19.244051 0.464634 -0.978781 -0.181397 0.095308 0.909941 0.162673 1 13 1.000000
  13 8.350894 18.370190 1.042732 -0.999264 0.026205 -0.028018 0.992991 0.162102 1 13 1.000000
flesh_hand_01
  13 8.415989 18.236378 -1.403983 -0.969260 -0.210130 0.127984 0.894375 0.004250 1 13 1.000000
  13 8.350894 18.370190 1.042732 -0.999264 0.026205 -0.028018 0.992991 0.162102 1 13 1.000000
  13 8.406709 17.019455 -1.187778 -0.999638 0.002870 -0.026752 0.998201 0.006092 1 13 1.000000
flesh_hand_01
  13 5.890573 19.287334 0.886072 0.089710 -0.240243 -0.966558 0.974944 0.874979 1 13 1.000000
  13 4.938559 19.215544 0.375194 0.842098 -0.229209 -0.488195 0.831392 0.880678 1 13 1.000000
  13 5.959787 18.635351 1.109007 0.089710 -0.240243 -0.966558 0.972753 0.945005 1 13 1.000000
flesh_hand_01
  13 5.959787 18.635351 1.109007 0.089710 -0.240243 -0.966558 0.972753 0.945005 1 13 1.000000
  13 4.938559 19.215544 0.375194 0.842098 -0.229209 -0.488195 0.831392 0.880678 1 13 1.000000
  13 4.834789 18.068825 0.554471 0.842098 -0.229209 -0.488195 0.825010 0.933990 1 13 1.000000
flesh_hand_01
  13 4.834789 18.068825 0.554471 0.842098 -0.229209 -0.488195 0.825010 0.933990 1 13 1.000000
  13 4.938559 19.215544 0.375194 0.842098 -0.229209 -0.488195 0.831392 0.880678 1 13 1.000000
  13 4.841182 18.804468 -1.005993 0.788908 -0.367708 0.492357 0.714152 0.931788 1 13 1.000000
flesh_hand_01
  13 4.841182 18.804468 -1.005993 0.788908 -0.367708 0.492357 0.714152 0.931788 1 13 1.000000
  13 4.938559 19.215544 0.375194 0.842098 -0.229209 -0.488195 0.831392 0.880678 1 13 1.000000
  13 5.078223 19.299633 -0.701895 0.788908 -0.367708 0.492357 0.716031 0.881913 1 13 1.000000
flesh_hand_01
  13 5.078223 19.299633 -0.701895 0.788908 -0.367708 0.492357 0.716031 0.881913 1 13 1.000000
  13 5.959435 19.763994 -0.995966 0.008990 -0.495659 0.868471 0.607176 0.880665 1 13 1.000000
  13 4.841182 18.804468 -1.005993 0.788908 -0.367708 0.492357 0.714152 0.931788 1 13 1.000000
flesh_hand_01
  13 4.841182 18.804468 -1.005993 0.788908 -0.367708 0.492357 0.714152 0.931788 1 13 1.000000
  13 5.959435 19.763994 -0.995966 0.008990 -0.495659 0.868471 0.607176 0.880665 1 13 1.000000
  13 6.213418 18.491510 -1.578271 0.008990 -0.495659 0.868471 0.608972 0.934274 1 13 1.000000
flesh_hand_01
  13 5.959435 19.763994 -0.995966 0.008990 -0.495659 0.868471 0.607176 0.880665 1 13 1.000000
  13 6.853816 19.643818 -0.561062 -0.686759 -0.569183 0.452098 0.468487 0.880451 1 13 1.000000
  13 6.213418 18.491510 -1.578271 0.008990 -0.495659 0.868471 0.608972 0.934274 1 13 1.000000
flesh_hand_01
  13 6.213418 18.491510 -1.578271 0.008990 -0.495659 0.868471 0.608972 0.934274 1 13 1.000000
  13 6.853816 19.643818 -0.561062 -0.686759 -0.569183 0.452098 0.468487 0.880451 1 13 1.000000
  13 7.393067 18.707687 -1.076352 -0.686759 -0.569183 0.452098 0.474044 0.934522 1 13 1.000000
flesh_hand_01
  13 7.393067 18.707687 -1.076352 -0.686759 -0.569183 0.452098 0.474044 0.934522 1 13 1.000000
  13 6.853816 19.643818 -0.561062 -0.686759 -0.569183 0.452098 0.468487 0.880451 1 13 1.000000
  13 7.240431 18.954832 -0.014821 -0.893171 -0.422475 -0.154147 0.347666 0.937840 1 13 1.000000
flesh_hand_01
  13 7.240431 18.954832 -0.014821 -0.893171 -0.422475 -0.154147 0.347666 0.937840 1 13 1.000000
  13 6.853816 19.643818 -0.561062 -0.686759 -0.569183 0.452098 0.468487 0.880451 1 13 1.000000
  13 6.842701 19.702520 0.138079 -0.893171 -0.422475 -0.154147 0.340801 0.878648 1 13 1.000000
flesh_hand_01
  13 6.842701 19.702520 0.138079 -0.893171 -0.422475 -0.154147 0.340801 0.878648 1 13 1.000000
  13 6.783060 19.626352 0.550884 -0.669397 -0.320640 -0.670148 0.187435 0.879626 1 13 1.000000
  13 7.240431 18.954832 -0.014821 -0.893171 -0.422475 -0.154147 0.347666 0.937840 1 13 1.000000
flesh_hand_01
  13 7.240431 18.954832 -0.014821 -0.893171 -0.422475 -0.154147 0.347666 0.937840 1 13 1.000000
  13 6.783060 19.626352 0.550884 -0.669397 -0.320640 -0.670148 0.187435 0.879626 1 13 1.000000
  13 7.043153 18.775892 0.600780 -0.669397 -0.320640 -0.670148 0.189073 0.935857 1 13 1.000000
flesh_hand_01
  13 6.783060 19.626352 0.550884 -0.669397 -0.320640 -0.670148 0.187435 0.879626 1 13 1.000000
  13 5.890573 19.287334 0.886072 0.089710 -0.240243 -0.966558 0.042868 0.874416 1 13 1.000000
  13 7.043153 18.775892 0.600780 -0.669397 -0.320640 -0.670148 0.189073 0.935857 1 13 1.000000
flesh_hand_01
  13 7.043153 18.775892 0.600780 -0.669397 -0.320640 -0.670148 0.189073 0.935857 1 13 1.000000
  13 5.890573 19.287334 0.886072 0.089710 -0.240243 -0.966558 0.042868 0.874416 1 13 1.000000
  13 5.959787 18.635351 1.109007 0.089710 -0.240243 -0.966558 0.041986 0.946097 1 13 1.000000
flesh_hand_01
  13 8.173845 23.978441 1.795879 -0.972153 0.208564 -0.106866 0.974944 0.874979 1 13 1.000000
  13 7.849460 24.406374 -0.266095 -0.796974 0.228954 0.558938 0.831392 0.880678 1 13 1.000000
  13 8.389149 25.752895 1.676297 -0.988233 0.152892 0.004499 0.972753 0.945005 1 13 1.000000
flesh_hand_01
  13 8.389149 25.752895 1.676297 -0.988233 0.152892 0.004499 0.972753 0.945005 1 13 1.000000
  13 7.849460 24.406374 -0.266095 -0.796974 0.228954 0.558938 0.831392 0.880678 1 13 1.000000
  13 8.292617 26.336617 -0.664382 -0.847985 0.258420 0.462753 0.825010 0.933990 1 13 1.000000
flesh_hand_01
  13 7.849460 24.406374 -0.266095 -0.796974 0.228954 0.558938 0.831392 0.880678 1 13 1.000000
  13 5.500162 25.657522 -2.753414 -0.251164 0.300667 0.920063 0.714152 0.931788 1 13 1.000000
  13 8.292617 26.336617 -0.664382 -0.847985 0.258420 0.462753 0.825010 0.933990 1 13 1.000000
flesh_hand_01
  13 5.547493 24.987885 -2.554852 0.028939 0.276447 0.960593 0.716031 0.881913 1 13 1.000000
  13 5.500162 25.657522 -2.753414 -0.251164 0.300667 0.920063 0.714152 0.931788 1 13 1.000000
  13 7.849460 24.406374 -0.266095 -0.796974 0.228954 0.558938 0.831392 0.880678 1 13 1.000000
flesh_hand_01
  13 5.547493 24.987885 -2.554852 0.028939 0.276447 0.960593 0.716031 0.881913 1 13 1.000000
  13 3.369503 24.413761 -0.005336 0.869045 0.271897 0.413318 0.607822 0.887128 1 13 1.000000
  13 5.500162 25.657522 -2.753414 -0.251164 0.300667 0.920063 0.714152 0.931788 1 13 1.000000
flesh_hand_01
  13 5.500162 25.657522 -2.753414 -0.251164 0.300667 0.920063 0.714152 0.931788 1 13 1.000000
  13 3.369503 24.413761 -0.005336 0.869045 0.271897 0.413318 0.607822 0.887128 1 13 1.000000
  13 2.973087 26.173805 -0.176828 0.869045 0.271897 0.413318 0.608972 0.934274 1 13 1.000000
flesh_hand_01
  13 2.973087 26.173805 -0.176828 0.869045 0.271897 0.413318 0.608972 0.934274 1 13 1.000000
  13 3.369503 24.413761 -0.005336 0.869045 0.271897 0.413318 0.607822 0.887128 1 13 1.000000
  13 2.809429 24.979454 2.779858 0.854097 0.508505 -0.109273 0.474044 0.934522 1 13 1.000000
flesh_hand_01
  13 2.809429 24.979454 2.779858 0.854097 0.508505 -0.109273 0.474044 0.934522 1 13 1.000000
  13 3.369503 24.413761 -0.005336 0.869045 0.271897 0.413318 0.607822 0.887128 1 13 1.000000
  13 3.074753 24.596365 2.553848 0.854097 0.508505 -0.109273 0.468487 0.880451 1 13 1.000000
flesh_hand_01
  13 2.809429 24.979454 2.779858 0.854097 0.508505 -0.109273 0.474044 0.934522 1 13 1.000000
  13 3.074753 24.596365 2.553848 0.854097 0.508505 -0.109273 0.468487 0.880451 1 13 1.000000
  13 4.273710 24.264624 4.245695 0.364410 0.705543 -0.607795 0.347666 0.937840 1 13 1.000000
flesh_hand_01
  13 4.273710 24.264624 4.245695 0.364410 0.705543 -0.607795 0.347666 0.937840 1 13 1.000000
  13 3.074753 24.596365 2.553848 0.854097 0.508505 -0.109273 0.468487 0.880451 1 13 1.000000
  13 4.661868 23.533606 3.545354 0.364410 0.705543 -0.607795 0.340801 0.878648 1 13 1.000000
flesh_hand_01
  13 4.273710 24.264624 4.245695 0.364410 0.705543 -0.607795 0.347666 0.937840 1 13 1.000000
  13 4.661868 23.533606 3.545354 0.364410 0.705543 -0.607795 0.340801 0.878648 1 13 1.000000
  13 7.038390 24.375652 4.246721 -0.393216 0.492765 -0.776250 0.189073 0.935857 1 13 1.000000
flesh_hand_01
  13 7.038390 24.375652 4.246721 -0.393216 0.492765 -0.776250 0.189073 0.935857 1 13 1.000000
  13 4.661868 23.533606 3.545354 0.364410 0.705543 -0.607795 0.340801 0.878648 1 13 1.000000
  13 7.321084 23.214725 3.430200 -0.606050 0.453917 -0.653194 0.187435 0.879626 1 13 1.000000
flesh_hand_01
  13 7.321084 23.214725 3.430200 -0.606050 0.453917 -0.653194 0.187435 0.879626 1 13 1.000000
  13 8.140958 25.730616 3.566609 -0.896580 0.237669 -0.373708 0.118399 0.940777 1 13 1.000000
  13 7.038390 24.375652 4.246721 -0.393216 0.492765 -0.776250 0.189073 0.935857 1 13 1.000000
flesh_hand_01
  13 8.173845 23.978441 1.795879 -0.972153 0.208564 -0.106866 0.042868 0.874416 1 13 1.000000
  13 8.140958 25.730616 3.566609 -0.896580 0.237669 -0.373708 0.118399 0.940777 1 13 1.000000
  13 7.321084 23.214725 3.430200 -0.606050 0.453917 -0.653194 0.187435 0.879626 1 13 1.000000
flesh_hand_01
  13 8.173845 23.978441 1.795879 -0.972153 0.208564 -0.106866 0.042868 0.874416 1 13 1.000000
  13 8.389149 25.752895 1.676297 -0.988233 0.152892 0.004499 0.041986 0.946097 1 13 1.000000
  13 8.140958 25.730616 3.566609 -0.896580 0.237669 -0.373708 0.118399 0.940777 1 13 1.000000
end
