// Created by Crowbar 0.74
version 1
nodes
  0 "bip_pelvis" -1
  1 "bip_hip_R" 0
  2 "bip_knee_R" 1
  3 "bip_foot_R" 2
  4 "bip_spine_0" 0
  5 "bip_spine_1" 4
  6 "bip_spine_2" 5
  7 "bip_spine_3" 6
  8 "bip_collar_R" 7
  9 "bip_upperArm_R" 8
  10 "bip_lowerArm_R" 9
  11 "bip_hand_R" 10
  12 "bip_Hand_Rotate1_R" 10
  13 "bip_hip_L" 0
  14 "bip_knee_L" 13
  15 "bip_foot_L" 14
  16 "bip_neck" 7
  17 "bip_head" 16
  18 "bip_collar_L" 7
  19 "bip_upperArm_L" 18
  20 "bip_lowerArm_L" 19
  21 "bip_hand_L" 20
  22 "bip_index_0_L" 21
  23 "bip_index_0_R" 11
  24 "bip_Hand_Rotate1_L" 20
  25 "bip_Arm_Rotate1_L" 19
  26 "bip_index_1_L" 22
  27 "bip_middle_0_L" 21
  28 "bip_middle_1_L" 27
  29 "bip_ring_0_L" 21
  30 "bip_ring_1_L" 29
  31 "bip_pinky_0_L" 21
  32 "bip_pinky_1_L" 31
  33 "bip_thumb_0_L" 21
  34 "bip_thumb_1_L" 33
  35 "bip_Hand_Rotate_L" 20
  36 "bip_Arm_Rotate_L" 19
  37 "bip_Pelvis_L" 13
  38 "bip_Arm_Rotate_R" 9
  39 "bip_Arm_Rotate1_R" 9
  40 "bip_kneeMid_L" 14
  41 "Elbow_R" 10
  42 "bip_Pelvis_R" 1
  43 "bip_kneeMid_R" 2
  44 "Elbow_L" 20
  45 "bip_index_1_R" 23
  46 "bip_middle_0_R" 11
  47 "bip_middle_1_R" 46
  48 "bip_ring_0_R" 11
  49 "bip_ring_1_R" 48
  50 "bip_pinky_0_R" 11
  51 "bip_pinky_1_R" 50
  52 "bip_thumb_0_R" 11
  53 "bip_thumb_1_R" 52
  54 "bip_Hand_Rotate_R" 10
  55 "bip_toeEnd_R" 3
  56 "bip_toeEnd_L" 15
  57 "bip_indexEnd_L" 26
  58 "bip_middleEnd_L" 28
  59 "bip_RingEnd_L" 30
  60 "bip_pinkyEnd_L" 32
  61 "bip_thumbEnd_L" 34
  62 "Wp_L" 21
  63 "bip_indexEnd_R" 45
  64 "bip_middleEnd_R" 47
  65 "bip_ringEnd_R" 49
  66 "bip_pinkyEnd_R" 51
  67 "bip_thumbEnd_R" 53
  68 "Wp_R" 11
  69 "bip_forward" 17
  70 "bip_clipbone" 11
end
skeleton
  time 0
    0 0.000000 39.563190 0.000000 0.000000 0.000000 0.000000
    1 -3.366135 -1.935646 1.480067 0.111246 0.039216 -1.700668
    2 16.045450 0.000000 0.000000 -0.000323 0.133775 -0.002420
    3 17.465778 0.000001 0.000001 -0.159390 -0.178530 1.736820
    4 0.000000 4.240540 1.190873 0.000000 0.000000 0.000000
    5 0.000000 5.143673 -0.566893 0.000000 0.000000 0.000000
    6 0.000000 4.011826 -0.435470 0.000000 0.000000 0.000000
    7 0.000000 3.724953 -0.655500 0.000000 0.000000 0.000000
    8 -2.166257 -0.155743 -0.180534 0.000000 0.000000 0.157080
    9 -4.301173 0.280510 -0.232197 1.514108 -0.019862 -2.351989
    10 11.236193 0.000000 0.000004 0.000001 -0.001411 0.443439
    11 9.693705 0.000000 0.000000 1.748300 -0.156891 3.091171
    12 7.480289 0.006109 -0.010555 1.740287 -0.001411 -3.140776
    13 3.366135 -1.935787 1.480067 -0.111239 0.039223 -1.440926
    14 16.045298 0.000001 0.000000 0.000323 0.133775 0.002421
    15 17.465788 0.000000 0.000000 2.982194 0.178536 1.404771
    16 0.000000 3.134243 -0.066059 0.000000 0.000000 0.000000
    17 0.063361 3.268921 0.898785 0.000000 0.000000 0.000000
    18 2.166257 -0.155926 -0.180536 3.141592 0.000000 -0.157080
    19 4.301145 -0.280594 0.232197 0.056693 0.019859 0.789599
    20 11.236181 -0.000027 -0.000006 0.000000 0.444256 0.000000
    21 9.693651 -0.013687 0.007915 0.169489 -0.050609 0.155683
    22 3.443607 -0.311180 -1.426107 0.025754 0.180665 0.039288
    23 -3.443645 0.311172 1.426091 0.025754 0.180665 0.039288
    24 7.480257 -0.000008 -0.000010 0.169489 0.000000 0.000000
    25 6.472908 -0.000031 -0.000001 -0.028346 0.000000 0.000000
    26 1.726654 -0.000004 0.000009 0.000000 0.000000 0.507966
    27 3.628399 -0.413433 -0.461199 -0.017992 0.035722 0.129722
    28 1.717384 -0.000019 -0.000012 0.000000 0.000000 0.296827
    29 3.622608 -0.257954 0.410928 -0.173205 -0.117278 0.214490
    30 1.717384 0.000017 0.000010 0.000000 0.000000 0.254297
    31 3.401308 0.004623 1.218914 -0.166412 -0.272554 0.134906
    32 1.462820 -0.000019 -0.000014 0.000000 0.000000 0.476304
    33 1.013556 0.134880 -1.638489 -0.195039 0.518495 0.573015
    34 1.567802 0.078053 0.000011 0.000000 0.302710 0.000000
    35 4.488096 -0.000061 -0.000023 0.084744 0.000000 0.000000
    36 3.480602 -0.000145 -0.000002 -0.043610 0.000000 0.000000
    37 2.222412 0.000015 -0.267579 -3.088133 -0.110996 1.564869
    38 3.480843 0.000000 0.000004 1.527190 0.000000 3.141593
    39 6.472961 0.000000 0.000000 1.542452 0.000000 3.141593
    40 0.000000 0.000000 0.000000 3.047043 0.186859 1.513152
    41 0.000002 -0.000001 0.000000 1.571107 -0.001377 2.920281
    42 2.222565 0.000001 -0.267583 0.053460 0.111003 1.576724
    43 0.000000 0.000000 0.000000 -0.094550 -0.186859 1.628441
    44 0.000000 0.000000 -0.000001 0.000000 -0.222128 0.000000
    45 -1.726627 0.000000 0.000000 0.000000 0.000000 0.507966
    46 -3.628420 0.413422 0.461190 -0.017992 0.035722 0.129722
    47 -1.717388 0.000000 0.000001 0.000000 0.000000 0.296827
    48 -3.622635 0.257938 -0.410944 -0.173205 -0.117278 0.214490
    49 -1.717390 -0.000002 0.000000 0.000000 0.000000 0.254297
    50 -3.401335 -0.004631 -1.218926 -0.166412 -0.272554 0.134906
    51 -1.462816 -0.000004 0.000000 0.000000 0.000000 0.476304
    52 -1.013588 -0.134895 1.638474 -0.195039 0.518495 0.573015
    53 -1.567801 -0.078051 0.000000 0.000000 0.302710 0.000000
    54 4.488173 0.003667 -0.006332 1.655541 -0.001411 -3.140776
    55 -0.035184 -3.529829 6.683560 0.000000 0.000000 0.000000
    56 0.035217 3.529826 -6.683582 0.000000 0.000000 0.000000
    57 1.878918 0.000004 -0.000005 -0.337833 0.000000 0.000000
    58 1.878918 0.000006 -0.000004 -0.337833 0.000000 0.000000
    59 1.878920 -0.000013 -0.000011 -0.337833 0.000000 0.000000
    60 1.878929 0.000004 0.000001 -0.337833 0.000000 0.000000
    61 1.490896 0.144535 -0.268490 -0.337833 0.000000 0.000000
    62 3.058685 1.032097 -0.605999 0.000000 0.334862 0.049595
    63 -1.878929 0.000002 0.000002 -0.337833 0.000000 0.000000
    64 -1.878931 0.000002 0.000001 -0.337833 0.000000 0.000000
    65 -1.878933 0.000002 0.000000 -0.337833 0.000000 0.000000
    66 -1.878937 0.000004 0.000000 -0.337833 0.000000 0.000000
    67 -1.490896 -0.144542 0.268478 -0.337833 0.000000 0.000000
    68 -3.058714 -1.032104 0.605986 0.000000 0.334862 0.049595
    69 0.000000 0.000000 4.750000 0.000000 -1.570796 -1.570796
    70 -2.849998 0.000000 0.000000 0.000000 0.000000 0.000000
end
triangles
flesh_hand_01
  9 -12.088934 48.793777 -2.613307 -0.448352 -0.063520 -0.891597 0.904340 0.684839 1 9 1.000000
  9 -11.932475 47.721466 -2.615591 -0.001006 -0.239622 -0.970866 0.970142 0.732634 1 9 1.000000
  9 -13.034480 48.765598 -2.135823 -0.362191 0.045517 -0.930992 0.827393 0.733482 1 9 1.000000
flesh_hand_01
  9 -11.932475 47.721466 -2.615591 -0.001006 -0.239622 -0.970866 0.970142 0.732634 1 9 1.000000
  9 -12.537860 46.927513 -2.572924 -0.064213 -0.150717 -0.986489 0.971743 0.780083 1 9 1.000000
  9 -13.034480 48.765598 -2.135823 -0.362191 0.045517 -0.930992 0.827393 0.733482 1 9 1.000000
flesh_hand_01
  9 -13.792852 45.081669 -2.353614 0.281882 -0.126779 -0.951036 0.972753 0.945005 1 9 1.000000
  9 -14.140332 46.390606 -1.922971 -0.463012 0.202684 -0.862867 0.893167 0.878226 1 9 1.000000
  9 -13.329432 45.798851 -2.217668 0.188509 -0.250489 -0.949589 0.974944 0.874979 1 9 1.000000
flesh_hand_01
  9 -13.329432 45.798851 -2.217668 0.188509 -0.250489 -0.949589 0.974944 0.874979 1 9 1.000000
  9 -14.140332 46.390606 -1.922971 -0.463012 0.202684 -0.862867 0.893167 0.878226 1 9 1.000000
  9 -12.537860 46.927513 -2.572924 -0.064213 -0.150717 -0.986489 0.971743 0.780083 1 9 1.000000
flesh_hand_01
  9 -14.140332 46.390606 -1.922971 -0.463012 0.202684 -0.862867 0.893167 0.878226 1 9 1.000000
  9 -13.640581 48.203178 -1.981704 -0.756241 0.331697 -0.563983 0.828726 0.782547 1 9 1.000000
  9 -12.537860 46.927513 -2.572924 -0.064213 -0.150717 -0.986489 0.971743 0.780083 1 9 1.000000
flesh_hand_01
  9 -13.034480 48.765598 -2.135823 -0.583762 0.495620 -0.643104 0.827393 0.733482 1 9 1.000000
  9 -12.537860 46.927513 -2.572924 -0.064213 -0.150717 -0.986489 0.971743 0.780083 1 9 1.000000
  9 -13.640581 48.203178 -1.981704 -0.756241 0.331697 -0.563983 0.828726 0.782547 1 9 1.000000
flesh_hand_01
  9 -14.140332 46.390606 -1.922971 -0.463012 0.202684 -0.862867 0.893167 0.878226 1 9 1.000000
  9 -14.184661 47.214737 -1.459633 -0.723259 0.471885 -0.504203 0.831392 0.880678 1 9 1.000000
  9 -13.640581 48.203178 -1.981704 -0.756241 0.331697 -0.563983 0.828726 0.782547 1 9 1.000000
flesh_hand_01
  9 -13.113162 48.668396 0.606063 -0.498987 0.412605 0.762082 0.611874 0.796673 1 9 1.000000
  9 -12.909993 49.302933 0.563697 -0.533277 0.620764 0.574690 0.613899 0.751446 1 9 1.000000
  9 -13.702145 48.810013 -0.397487 -0.832252 0.532613 0.153880 0.715804 0.783411 1 9 1.000000
flesh_hand_01
  9 -12.909993 49.302933 0.563697 -0.533277 0.620764 0.574690 0.613899 0.751446 1 9 1.000000
  9 -13.192232 49.574360 -0.633089 -0.677612 0.727029 -0.110775 0.715691 0.734160 1 9 1.000000
  9 -13.702145 48.810013 -0.397487 -0.832252 0.532613 0.153880 0.715804 0.783411 1 9 1.000000
flesh_hand_01
  9 -12.909993 49.302933 0.563697 -0.533277 0.620764 0.574690 0.613899 0.751446 1 9 1.000000
  9 -12.765772 49.821541 -0.824454 -0.747837 0.663306 0.027644 0.715577 0.684909 1 9 1.000000
  9 -13.192232 49.574360 -0.633089 -0.677612 0.727029 -0.110775 0.715691 0.734160 1 9 1.000000
flesh_hand_01
  9 -12.606882 49.320370 -1.966718 -0.693515 0.479976 -0.537271 0.826060 0.684416 1 9 1.000000
  9 -13.192232 49.574360 -0.633089 -0.677612 0.727029 -0.110775 0.715691 0.734160 1 9 1.000000
  9 -12.765772 49.821541 -0.824454 -0.747837 0.663306 0.027644 0.715577 0.684909 1 9 1.000000
flesh_hand_01
  9 -12.765772 49.821541 -0.824454 -0.747837 0.663306 0.027644 0.715577 0.684909 1 9 1.000000
  9 -12.309910 50.034988 -2.277299 -0.840785 0.196288 -0.504530 0.827223 0.630948 1 9 1.000000
  9 -12.606882 49.320370 -1.966718 -0.693515 0.479976 -0.537271 0.826060 0.684416 1 9 1.000000
flesh_hand_01
  9 -12.309910 50.034988 -2.277299 -0.840785 0.196288 -0.504530 0.827223 0.630948 1 9 1.000000
  9 -11.710714 49.284634 -2.825711 -0.688631 0.072707 -0.721457 0.905459 0.631298 1 9 1.000000
  9 -12.606882 49.320370 -1.966718 -0.693515 0.479976 -0.537271 0.826060 0.684416 1 9 1.000000
flesh_hand_01
  9 -12.606882 49.320370 -1.966718 -0.693515 0.479976 -0.537271 0.826060 0.684416 1 9 1.000000
  9 -11.710714 49.284634 -2.825711 -0.688631 0.072707 -0.721457 0.905459 0.631298 1 9 1.000000
  9 -12.088934 48.793777 -2.613307 -0.562835 0.314428 -0.764429 0.904340 0.684839 1 9 1.000000
flesh_hand_01
  9 -12.088934 48.793777 -2.613307 -0.562835 0.314428 -0.764429 0.904340 0.684839 1 9 1.000000
  9 -13.034480 48.765598 -2.135823 -0.583762 0.495620 -0.643104 0.827393 0.733482 1 9 1.000000
  9 -12.606882 49.320370 -1.966718 -0.693515 0.479976 -0.537271 0.826060 0.684416 1 9 1.000000
flesh_hand_01
  9 -12.606882 49.320370 -1.966718 -0.693515 0.479976 -0.537271 0.826060 0.684416 1 9 1.000000
  9 -13.034480 48.765598 -2.135823 -0.583762 0.495620 -0.643104 0.827393 0.733482 1 9 1.000000
  9 -13.192232 49.574360 -0.633089 -0.677612 0.727029 -0.110775 0.715691 0.734160 1 9 1.000000
flesh_hand_01
  9 -13.034480 48.765598 -2.135823 -0.583762 0.495620 -0.643104 0.827393 0.733482 1 9 1.000000
  9 -13.702145 48.810013 -0.397487 -0.832252 0.532613 0.153880 0.715804 0.783411 1 9 1.000000
  9 -13.192232 49.574360 -0.633089 -0.677612 0.727029 -0.110775 0.715691 0.734160 1 9 1.000000
flesh_hand_01
  9 -13.640581 48.203178 -1.981704 -0.756241 0.331697 -0.563983 0.828726 0.782547 1 9 1.000000
  9 -13.702145 48.810013 -0.397487 -0.832252 0.532613 0.153880 0.715804 0.783411 1 9 1.000000
  9 -13.034480 48.765598 -2.135823 -0.583762 0.495620 -0.643104 0.827393 0.733482 1 9 1.000000
flesh_hand_01
  9 -14.269691 47.847633 -0.205492 -0.751629 0.658338 -0.040562 0.716031 0.881913 1 9 1.000000
  9 -13.702145 48.810013 -0.397487 -0.832252 0.532613 0.153880 0.715804 0.783411 1 9 1.000000
  9 -13.640581 48.203178 -1.981704 -0.756241 0.331697 -0.563983 0.828726 0.782547 1 9 1.000000
flesh_hand_01
  9 -14.184661 47.214737 -1.459633 -0.723259 0.471885 -0.504203 0.831392 0.880678 1 9 1.000000
  9 -14.269691 47.847633 -0.205492 -0.751629 0.658338 -0.040562 0.716031 0.881913 1 9 1.000000
  9 -13.640581 48.203178 -1.981704 -0.756241 0.331697 -0.563983 0.828726 0.782547 1 9 1.000000
flesh_hand_01
  9 -14.184661 47.214737 -1.459633 -0.723259 0.471885 -0.504203 0.831392 0.880678 1 9 1.000000
  9 -14.584375 47.563766 -0.091418 -0.523213 0.848793 -0.076146 0.714152 0.931788 1 9 1.000000
  9 -14.269691 47.847633 -0.205492 -0.751629 0.658338 -0.040562 0.716031 0.881913 1 9 1.000000
flesh_hand_01
  9 -15.504209 46.434566 -1.240434 -0.497907 0.616399 -0.610033 0.825010 0.933990 1 9 1.000000
  9 -14.584375 47.563766 -0.091418 -0.523213 0.848793 -0.076146 0.714152 0.931788 1 9 1.000000
  9 -14.184661 47.214737 -1.459633 -0.723259 0.471885 -0.504203 0.831392 0.880678 1 9 1.000000
flesh_hand_01
  9 -14.184661 47.214737 -1.459633 -0.723259 0.471885 -0.504203 0.831392 0.880678 1 9 1.000000
  9 -14.140332 46.390606 -1.922971 -0.463012 0.202684 -0.862867 0.893167 0.878226 1 9 1.000000
  9 -15.504209 46.434566 -1.240434 -0.497907 0.616399 -0.610033 0.825010 0.933990 1 9 1.000000
flesh_hand_01
  9 -15.504209 46.434566 -1.240434 -0.497907 0.616399 -0.610033 0.825010 0.933990 1 9 1.000000
  9 -14.140332 46.390606 -1.922971 -0.463012 0.202684 -0.862867 0.893167 0.878226 1 9 1.000000
  9 -14.741916 45.759624 -1.961233 -0.289413 0.351392 -0.890373 0.896219 0.939299 1 9 1.000000
flesh_hand_01
  9 -14.741916 45.759624 -1.961233 -0.289413 0.351392 -0.890373 0.896219 0.939299 1 9 1.000000
  9 -14.140332 46.390606 -1.922971 -0.463012 0.202684 -0.862867 0.893167 0.878226 1 9 1.000000
  9 -13.792852 45.081669 -2.353614 0.281882 -0.126779 -0.951036 0.972753 0.945005 1 9 1.000000
flesh_hand_01
  9 -14.269691 47.847633 -0.205492 -0.751629 0.658338 -0.040562 0.716031 0.881913 1 9 1.000000
  9 -13.113162 48.668396 0.606063 -0.498987 0.412605 0.762082 0.611874 0.796673 1 9 1.000000
  9 -13.702145 48.810013 -0.397487 -0.832252 0.532613 0.153880 0.715804 0.783411 1 9 1.000000
flesh_hand_01
  9 -13.113162 48.668396 0.606063 -0.498987 0.412605 0.762082 0.611874 0.796673 1 9 1.000000
  9 -11.614309 48.437454 1.154839 0.223891 0.126386 0.966385 0.471140 0.736204 1 9 1.000000
  9 -12.909993 49.302933 0.563697 -0.533277 0.620764 0.574690 0.613899 0.751446 1 9 1.000000
flesh_hand_01
  9 -12.056828 47.890316 1.383975 0.107006 0.039345 0.993479 0.470255 0.784286 1 9 1.000000
  9 -11.614309 48.437454 1.154839 0.223891 0.126386 0.966385 0.471140 0.736204 1 9 1.000000
  9 -13.113162 48.668396 0.606063 -0.498987 0.412605 0.762082 0.611874 0.796673 1 9 1.000000
flesh_hand_01
  9 -12.473928 50.659523 -0.807400 -0.940123 0.340817 0.003588 0.711277 0.631285 1 9 1.000000
  9 -12.309910 50.034988 -2.277299 -0.840785 0.196288 -0.504530 0.827223 0.630948 1 9 1.000000
  9 -12.765772 49.821541 -0.824454 -0.747837 0.663306 0.027644 0.715577 0.684909 1 9 1.000000
flesh_hand_01
  9 -12.473928 50.659523 -0.807400 -0.940123 0.340817 0.003588 0.711277 0.631285 1 9 1.000000
  9 -12.765772 49.821541 -0.824454 -0.747837 0.663306 0.027644 0.715577 0.684909 1 9 1.000000
  9 -12.336995 50.007393 0.445931 -0.730044 0.180782 0.659055 0.614120 0.634374 1 9 1.000000
flesh_hand_01
  9 -12.336995 50.007393 0.445931 -0.730044 0.180782 0.659055 0.614120 0.634374 1 9 1.000000
  9 -12.765772 49.821541 -0.824454 -0.747837 0.663306 0.027644 0.715577 0.684909 1 9 1.000000
  9 -12.532493 49.643227 0.425942 -0.583014 0.460092 0.669634 0.615925 0.706219 1 9 1.000000
flesh_hand_01
  9 -12.909993 49.302933 0.563697 -0.533277 0.620764 0.574690 0.613899 0.751446 1 9 1.000000
  9 -12.532493 49.643227 0.425942 -0.583014 0.460092 0.669634 0.615925 0.706219 1 9 1.000000
  9 -12.765772 49.821541 -0.824454 -0.747837 0.663306 0.027644 0.715577 0.684909 1 9 1.000000
flesh_hand_01
  9 -12.909993 49.302933 0.563697 -0.533277 0.620764 0.574690 0.613899 0.751446 1 9 1.000000
  9 -11.614309 48.437454 1.154839 0.223891 0.126386 0.966385 0.471140 0.736204 1 9 1.000000
  9 -12.532493 49.643227 0.425942 -0.583014 0.460092 0.669634 0.615925 0.706219 1 9 1.000000
flesh_hand_01
  9 -12.532493 49.643227 0.425942 -0.583014 0.460092 0.669634 0.615925 0.706219 1 9 1.000000
  9 -11.614309 48.437454 1.154839 0.223891 0.126386 0.966385 0.471140 0.736204 1 9 1.000000
  9 -11.202623 48.956299 0.893234 0.108667 -0.043917 0.993108 0.472024 0.688121 1 9 1.000000
flesh_hand_01
  9 -10.750091 48.663891 0.732671 0.432333 -0.385159 0.815316 0.415282 0.687943 1 9 1.000000
  9 -11.202623 48.956299 0.893234 0.108667 -0.043917 0.993108 0.472024 0.688121 1 9 1.000000
  9 -11.614309 48.437454 1.154839 0.223891 0.126386 0.966385 0.471140 0.736204 1 9 1.000000
flesh_hand_01
  9 -10.750091 48.663891 0.732671 0.432333 -0.385159 0.815316 0.415282 0.687943 1 9 1.000000
  9 -10.955203 49.273731 1.091025 -0.065896 -0.245715 0.967100 0.470702 0.633632 1 9 1.000000
  9 -11.202623 48.956299 0.893234 0.108667 -0.043917 0.993108 0.472024 0.688121 1 9 1.000000
flesh_hand_01
  9 -10.396193 49.044239 0.680684 0.273894 -0.417112 0.866602 0.418035 0.633452 1 9 1.000000
  9 -10.955203 49.273731 1.091025 -0.065896 -0.245715 0.967100 0.470702 0.633632 1 9 1.000000
  9 -10.750091 48.663891 0.732671 0.432333 -0.385159 0.815316 0.415282 0.687943 1 9 1.000000
flesh_hand_01
  9 -11.202623 48.956299 0.893234 0.108667 -0.043917 0.993108 0.472024 0.688121 1 9 1.000000
  9 -12.336995 50.007393 0.445931 -0.730044 0.180782 0.659055 0.614120 0.634374 1 9 1.000000
  9 -12.532493 49.643227 0.425942 -0.583014 0.460092 0.669634 0.615925 0.706219 1 9 1.000000
flesh_hand_01
  9 -10.955203 49.273731 1.091025 -0.065896 -0.245715 0.967100 0.470702 0.633632 1 9 1.000000
  9 -12.336995 50.007393 0.445931 -0.730044 0.180782 0.659055 0.614120 0.634374 1 9 1.000000
  9 -11.202623 48.956299 0.893234 0.108667 -0.043917 0.993108 0.472024 0.688121 1 9 1.000000
flesh_hand_01
  9 -12.849370 46.880894 1.417886 0.252533 0.225686 0.940900 0.468487 0.880451 1 9 1.000000
  9 -11.316862 46.889885 0.539383 0.688612 -0.416309 0.593717 0.339086 0.783173 1 9 1.000000
  9 -12.056828 47.890316 1.383975 0.107006 0.039345 0.993479 0.470255 0.784286 1 9 1.000000
flesh_hand_01
  9 -12.849370 46.880894 1.417886 0.252533 0.225686 0.940900 0.468487 0.880451 1 9 1.000000
  9 -12.056828 47.890316 1.383975 0.107006 0.039345 0.993479 0.470255 0.784286 1 9 1.000000
  9 -13.113162 48.668396 0.606063 -0.498987 0.412605 0.762082 0.611874 0.796673 1 9 1.000000
flesh_hand_01
  9 -12.849370 46.880894 1.417886 0.252533 0.225686 0.940900 0.468487 0.880451 1 9 1.000000
  9 -13.113162 48.668396 0.606063 -0.498987 0.412605 0.762082 0.611874 0.796673 1 9 1.000000
  9 -13.875005 47.691441 0.868291 -0.321578 0.713602 0.622383 0.607822 0.887128 1 9 1.000000
flesh_hand_01
  9 -13.875005 47.691441 0.868291 -0.321578 0.713602 0.622383 0.607822 0.887128 1 9 1.000000
  9 -13.113162 48.668396 0.606063 -0.498987 0.412605 0.762082 0.611874 0.796673 1 9 1.000000
  9 -14.269691 47.847633 -0.205492 -0.751629 0.658338 -0.040562 0.716031 0.881913 1 9 1.000000
flesh_hand_01
  9 -14.584375 47.563766 -0.091418 -0.523213 0.848793 -0.076146 0.714152 0.931788 1 9 1.000000
  9 -13.875005 47.691441 0.868291 -0.321578 0.713602 0.622383 0.607822 0.887128 1 9 1.000000
  9 -14.269691 47.847633 -0.205492 -0.751629 0.658338 -0.040562 0.716031 0.881913 1 9 1.000000
flesh_hand_01
  9 -14.329590 47.485359 1.181651 -0.142780 0.860791 0.488521 0.608972 0.934274 1 9 1.000000
  9 -13.875005 47.691441 0.868291 -0.321578 0.713602 0.622383 0.607822 0.887128 1 9 1.000000
  9 -14.584375 47.563766 -0.091418 -0.523213 0.848793 -0.076146 0.714152 0.931788 1 9 1.000000
flesh_hand_01
  9 -14.329590 47.485359 1.181651 -0.142780 0.860791 0.488521 0.608972 0.934274 1 9 1.000000
  9 -12.849370 46.880894 1.417886 0.252533 0.225686 0.940900 0.468487 0.880451 1 9 1.000000
  9 -13.875005 47.691441 0.868291 -0.321578 0.713602 0.622383 0.607822 0.887128 1 9 1.000000
flesh_hand_01
  9 -12.980199 46.629532 1.726163 0.484114 0.469006 0.738693 0.474044 0.934522 1 9 1.000000
  9 -12.849370 46.880894 1.417886 0.252533 0.225686 0.940900 0.468487 0.880451 1 9 1.000000
  9 -14.329590 47.485359 1.181651 -0.142780 0.860791 0.488521 0.608972 0.934274 1 9 1.000000
flesh_hand_01
  9 -12.980199 46.629532 1.726163 0.484114 0.469006 0.738693 0.474044 0.934522 1 9 1.000000
  9 -11.928393 45.907806 0.787940 0.898331 -0.239699 0.368165 0.340801 0.878648 1 9 1.000000
  9 -12.849370 46.880894 1.417886 0.252533 0.225686 0.940900 0.468487 0.880451 1 9 1.000000
flesh_hand_01
  9 -12.303115 45.035084 1.281576 0.896540 -0.093529 0.432976 0.347666 0.937840 1 9 1.000000
  9 -11.928393 45.907806 0.787940 0.898331 -0.239699 0.368165 0.340801 0.878648 1 9 1.000000
  9 -12.980199 46.629532 1.726163 0.484114 0.469006 0.738693 0.474044 0.934522 1 9 1.000000
flesh_hand_01
  9 -11.928393 45.907806 0.787940 0.898331 -0.239699 0.368165 0.340801 0.878648 1 9 1.000000
  9 -12.303115 45.035084 1.281576 0.896540 -0.093529 0.432976 0.347666 0.937840 1 9 1.000000
  9 -12.184702 44.913120 0.007825 0.895806 -0.415981 -0.156498 0.264372 0.936798 1 9 1.000000
flesh_hand_01
  9 -12.184702 44.913120 0.007825 0.895806 -0.415981 -0.156498 0.264372 0.936798 1 9 1.000000
  9 -12.199107 45.624134 -1.093658 0.756597 -0.537243 -0.372734 0.187435 0.879626 1 9 1.000000
  9 -11.928393 45.907806 0.787940 0.898331 -0.239699 0.368165 0.340801 0.878648 1 9 1.000000
flesh_hand_01
  9 -12.184702 44.913120 0.007825 0.895806 -0.415981 -0.156498 0.264372 0.936798 1 9 1.000000
  9 -12.583493 45.196579 -0.962793 0.623561 -0.576164 -0.528400 0.189073 0.935857 1 9 1.000000
  9 -12.199107 45.624134 -1.093658 0.756597 -0.537243 -0.372734 0.187435 0.879626 1 9 1.000000
flesh_hand_01
  9 -11.268139 46.556267 -1.199628 0.714762 -0.629531 -0.304641 0.190416 0.781673 1 9 1.000000
  9 -11.928393 45.907806 0.787940 0.898331 -0.239699 0.368165 0.340801 0.878648 1 9 1.000000
  9 -12.199107 45.624134 -1.093658 0.756597 -0.537243 -0.372734 0.187435 0.879626 1 9 1.000000
flesh_hand_01
  9 -11.316862 46.889885 0.539383 0.688612 -0.416309 0.593717 0.339086 0.783173 1 9 1.000000
  9 -11.928393 45.907806 0.787940 0.898331 -0.239699 0.368165 0.340801 0.878648 1 9 1.000000
  9 -11.268139 46.556267 -1.199628 0.714762 -0.629531 -0.304641 0.190416 0.781673 1 9 1.000000
flesh_hand_01
  9 -12.849370 46.880894 1.417886 0.252533 0.225686 0.940900 0.468487 0.880451 1 9 1.000000
  9 -11.928393 45.907806 0.787940 0.898331 -0.239699 0.368165 0.340801 0.878648 1 9 1.000000
  9 -11.316862 46.889885 0.539383 0.688612 -0.416309 0.593717 0.339086 0.783173 1 9 1.000000
flesh_hand_01
  9 -11.316862 46.889885 0.539383 0.688612 -0.416309 0.593717 0.339086 0.783173 1 9 1.000000
  9 -11.268139 46.556267 -1.199628 0.714762 -0.629531 -0.304641 0.190416 0.781673 1 9 1.000000
  9 -10.688415 47.633434 0.372221 0.740759 -0.442572 0.505376 0.338229 0.735435 1 9 1.000000
flesh_hand_01
  9 -10.688415 47.633434 0.372221 0.740759 -0.442572 0.505376 0.338229 0.735435 1 9 1.000000
  9 -11.268139 46.556267 -1.199628 0.714762 -0.629531 -0.304641 0.190416 0.781673 1 9 1.000000
  9 -10.575787 47.457100 -1.418197 0.741103 -0.632426 -0.225397 0.191906 0.732696 1 9 1.000000
flesh_hand_01
  9 -10.128732 48.262402 -0.054571 0.698879 -0.593966 0.398462 0.337371 0.687698 1 9 1.000000
  9 -10.688415 47.633434 0.372221 0.740759 -0.442572 0.505376 0.338229 0.735435 1 9 1.000000
  9 -10.575787 47.457100 -1.418197 0.741103 -0.632426 -0.225397 0.191906 0.732696 1 9 1.000000
flesh_hand_01
  9 -10.128732 48.262402 -0.054571 0.698879 -0.593966 0.398462 0.337371 0.687698 1 9 1.000000
  9 -10.575787 47.457100 -1.418197 0.741103 -0.632426 -0.225397 0.191906 0.732696 1 9 1.000000
  9 -10.107688 48.062527 -1.601443 0.609063 -0.739802 -0.285895 0.193397 0.683719 1 9 1.000000
flesh_hand_01
  9 -13.792852 45.081669 -2.353614 0.281882 -0.126779 -0.951036 0.041986 0.946097 1 9 1.000000
  9 -13.329432 45.798851 -2.217668 0.188509 -0.250489 -0.949589 0.042868 0.874416 1 9 1.000000
  9 -12.583493 45.196579 -0.962793 0.623561 -0.576164 -0.528400 0.189073 0.935857 1 9 1.000000
flesh_hand_01
  9 -12.583493 45.196579 -0.962793 0.623561 -0.576164 -0.528400 0.189073 0.935857 1 9 1.000000
  9 -13.329432 45.798851 -2.217668 0.188509 -0.250489 -0.949589 0.042868 0.874416 1 9 1.000000
  9 -12.199107 45.624134 -1.093658 0.756597 -0.537243 -0.372734 0.187435 0.879626 1 9 1.000000
flesh_hand_01
  9 -13.329432 45.798851 -2.217668 0.188509 -0.250489 -0.949589 0.042868 0.874416 1 9 1.000000
  9 -12.537860 46.927513 -2.572924 -0.064213 -0.150717 -0.986489 0.041740 0.780646 1 9 1.000000
  9 -12.199107 45.624134 -1.093658 0.756597 -0.537243 -0.372734 0.187435 0.879626 1 9 1.000000
flesh_hand_01
  9 -12.199107 45.624134 -1.093658 0.756597 -0.537243 -0.372734 0.187435 0.879626 1 9 1.000000
  9 -12.537860 46.927513 -2.572924 -0.064213 -0.150717 -0.986489 0.041740 0.780646 1 9 1.000000
  9 -11.268139 46.556267 -1.199628 0.714762 -0.629531 -0.304641 0.190416 0.781673 1 9 1.000000
flesh_hand_01
  9 -12.537860 46.927513 -2.572924 -0.064213 -0.150717 -0.986489 0.041740 0.780646 1 9 1.000000
  9 -11.932475 47.721466 -2.615591 -0.001006 -0.239622 -0.970866 0.041175 0.733761 1 9 1.000000
  9 -11.268139 46.556267 -1.199628 0.714762 -0.629531 -0.304641 0.190416 0.781673 1 9 1.000000
flesh_hand_01
  9 -11.268139 46.556267 -1.199628 0.714762 -0.629531 -0.304641 0.190416 0.781673 1 9 1.000000
  9 -11.932475 47.721466 -2.615591 -0.001006 -0.239622 -0.970866 0.041175 0.733761 1 9 1.000000
  9 -10.575787 47.457100 -1.418197 0.741103 -0.632426 -0.225397 0.191906 0.732696 1 9 1.000000
flesh_hand_01
  9 -11.932475 47.721466 -2.615591 -0.001006 -0.239622 -0.970866 0.041175 0.733761 1 9 1.000000
  9 -11.460907 48.361889 -2.793280 0.012157 -0.447836 -0.894033 0.040611 0.686876 1 9 1.000000
  9 -10.575787 47.457100 -1.418197 0.741103 -0.632426 -0.225397 0.191906 0.732696 1 9 1.000000
flesh_hand_01
  9 -10.575787 47.457100 -1.418197 0.741103 -0.632426 -0.225397 0.191906 0.732696 1 9 1.000000
  9 -11.460907 48.361889 -2.793280 0.012157 -0.447836 -0.894033 0.040611 0.686876 1 9 1.000000
  9 -10.107688 48.062527 -1.601443 0.609063 -0.739802 -0.285895 0.193397 0.683719 1 9 1.000000
flesh_hand_01
  9 -11.194843 48.638622 -3.067365 -0.080720 -0.545047 -0.834510 0.039515 0.629027 1 9 1.000000
  9 -10.107688 48.062527 -1.601443 0.609063 -0.739802 -0.285895 0.193397 0.683719 1 9 1.000000
  9 -11.460907 48.361889 -2.793280 0.012157 -0.447836 -0.894033 0.040611 0.686876 1 9 1.000000
flesh_hand_01
  9 -9.729591 48.373959 -1.761975 0.504191 -0.828633 -0.243226 0.194149 0.629834 1 9 1.000000
  9 -10.107688 48.062527 -1.601443 0.609063 -0.739802 -0.285895 0.193397 0.683719 1 9 1.000000
  9 -11.194843 48.638622 -3.067365 -0.080720 -0.545047 -0.834510 0.039515 0.629027 1 9 1.000000
flesh_hand_01
  9 -9.729591 48.373959 -1.761975 0.504191 -0.828633 -0.243226 0.194149 0.629834 1 9 1.000000
  9 -10.128732 48.262402 -0.054571 0.698879 -0.593966 0.398462 0.337371 0.687698 1 9 1.000000
  9 -10.107688 48.062527 -1.601443 0.609063 -0.739802 -0.285895 0.193397 0.683719 1 9 1.000000
flesh_hand_01
  9 -9.546655 48.695473 0.057080 0.553720 -0.708020 0.438294 0.337997 0.633179 1 9 1.000000
  9 -10.128732 48.262402 -0.054571 0.698879 -0.593966 0.398462 0.337371 0.687698 1 9 1.000000
  9 -9.729591 48.373959 -1.761975 0.504191 -0.828633 -0.243226 0.194149 0.629834 1 9 1.000000
flesh_hand_01
  9 -9.546655 48.695473 0.057080 0.553720 -0.708020 0.438294 0.337997 0.633179 1 9 1.000000
  9 -10.396193 49.044239 0.680684 0.422780 -0.539870 0.727872 0.418035 0.633452 1 9 1.000000
  9 -10.128732 48.262402 -0.054571 0.698879 -0.593966 0.398462 0.337371 0.687698 1 9 1.000000
flesh_hand_01
  9 -10.128732 48.262402 -0.054571 0.698879 -0.593966 0.398462 0.337371 0.687698 1 9 1.000000
  9 -10.396193 49.044239 0.680684 0.422780 -0.539870 0.727872 0.418035 0.633452 1 9 1.000000
  9 -10.750091 48.663891 0.732671 0.432333 -0.385159 0.815316 0.415282 0.687943 1 9 1.000000
flesh_hand_01
  9 -10.128732 48.262402 -0.054571 0.698879 -0.593966 0.398462 0.337371 0.687698 1 9 1.000000
  9 -10.750091 48.663891 0.732671 0.432333 -0.385159 0.815316 0.415282 0.687943 1 9 1.000000
  9 -10.688415 47.633434 0.372221 0.740759 -0.442572 0.505376 0.338229 0.735435 1 9 1.000000
flesh_hand_01
  9 -10.688415 47.633434 0.372221 0.740759 -0.442572 0.505376 0.338229 0.735435 1 9 1.000000
  9 -10.750091 48.663891 0.732671 0.432333 -0.385159 0.815316 0.415282 0.687943 1 9 1.000000
  9 -11.614309 48.437454 1.154839 0.223891 0.126386 0.966385 0.471140 0.736204 1 9 1.000000
flesh_hand_01
  9 -11.614309 48.437454 1.154839 0.223891 0.126386 0.966385 0.471140 0.736204 1 9 1.000000
  9 -11.316862 46.889885 0.539383 0.688612 -0.416309 0.593717 0.339086 0.783173 1 9 1.000000
  9 -10.688415 47.633434 0.372221 0.740759 -0.442572 0.505376 0.338229 0.735435 1 9 1.000000
flesh_hand_01
  9 -12.056828 47.890316 1.383975 0.107006 0.039345 0.993479 0.470255 0.784286 1 9 1.000000
  9 -11.316862 46.889885 0.539383 0.688612 -0.416309 0.593717 0.339086 0.783173 1 9 1.000000
  9 -11.614309 48.437454 1.154839 0.223891 0.126386 0.966385 0.471140 0.736204 1 9 1.000000
flesh_hand_01
  9 -10.082781 49.320255 -1.409971 0.543472 -0.142185 0.827298 0.815857 0.163320 1 9 1.000000
  9 -9.893109 48.263611 -1.613014 0.641969 -0.043521 0.765495 0.750363 0.002056 1 9 1.000000
  9 -9.596869 48.529369 -1.869682 0.504782 -0.191343 0.841774 0.816884 0.002876 1 9 1.000000
flesh_hand_01
  9 -10.082781 49.320255 -1.409971 0.543472 -0.142185 0.827298 0.815857 0.163320 1 9 1.000000
  9 -10.603860 48.841324 -1.008083 0.616415 -0.063473 0.784859 0.687547 0.163929 1 9 1.000000
  9 -9.893109 48.263611 -1.613014 0.641969 -0.043521 0.765495 0.750363 0.002056 1 9 1.000000
flesh_hand_01
  9 -9.893109 48.263611 -1.613014 0.641969 -0.043521 0.765495 0.750363 0.002056 1 9 1.000000
  9 -10.603860 48.841324 -1.008083 0.616415 -0.063473 0.784859 0.687547 0.163929 1 9 1.000000
  9 -10.195565 48.037102 -1.425162 0.616415 -0.063473 0.784859 0.686482 0.001268 1 9 1.000000
flesh_hand_01
  9 -9.194307 49.854816 -1.782476 0.508079 -0.209283 0.835498 0.992991 0.121694 1 9 1.000000
  9 -9.633202 49.508587 -1.495771 0.411152 -0.271273 0.870267 0.904854 0.122299 1 9 1.000000
  9 -8.969235 48.749027 -2.089802 0.508079 -0.209283 0.835498 0.998201 0.006092 1 9 1.000000
flesh_hand_01
  9 -8.969235 48.749027 -2.089802 0.508079 -0.209283 0.835498 0.998201 0.006092 1 9 1.000000
  9 -9.633202 49.508587 -1.495771 0.411152 -0.271273 0.870267 0.904854 0.122299 1 9 1.000000
  9 -9.596869 48.529369 -1.869682 0.504782 -0.191343 0.841774 0.816884 0.002876 1 9 1.000000
flesh_hand_01
  9 -9.633202 49.508587 -1.495771 0.411152 -0.271273 0.870267 0.904854 0.122299 1 9 1.000000
  9 -10.082781 49.320255 -1.409971 0.543472 -0.142185 0.827298 0.815857 0.122911 1 9 1.000000
  9 -9.596869 48.529369 -1.869682 0.504782 -0.191343 0.841774 0.816884 0.002876 1 9 1.000000
flesh_hand_01
  9 -11.543440 49.393013 -2.704388 -0.694576 0.024574 -0.718999 0.815857 0.163320 1 9 1.000000
  9 -12.336755 49.724762 -1.969042 -0.650449 0.089356 -0.754275 0.750363 0.002056 1 9 1.000000
  9 -12.131057 50.085629 -2.106995 -0.722640 -0.070142 -0.687656 0.816884 0.002876 1 9 1.000000
flesh_hand_01
  9 -11.543440 49.393013 -2.704388 -0.694576 0.024574 -0.718999 0.815857 0.163320 1 9 1.000000
  9 -11.968242 48.781918 -2.393455 -0.643817 0.090388 -0.759822 0.687547 0.163929 1 9 1.000000
  9 -12.336755 49.724762 -1.969042 -0.650449 0.089356 -0.754275 0.750363 0.002056 1 9 1.000000
flesh_hand_01
  9 -12.336755 49.724762 -1.969042 -0.650449 0.089356 -0.754275 0.750363 0.002056 1 9 1.000000
  9 -11.968242 48.781918 -2.393455 -0.643817 0.090388 -0.759822 0.687547 0.163929 1 9 1.000000
  9 -12.549946 49.379517 -1.853156 -0.643817 0.090388 -0.759822 0.686482 0.001268 1 9 1.000000
flesh_hand_01
  9 -11.225908 50.306629 -3.158797 -0.723741 -0.191291 -0.663028 0.992991 0.121694 1 9 1.000000
  9 -11.463927 49.823772 -2.872738 -0.746510 -0.148601 -0.648568 0.904854 0.122299 1 9 1.000000
  9 -12.075008 50.704529 -2.459807 -0.723741 -0.191291 -0.663028 0.998201 0.006092 1 9 1.000000
flesh_hand_01
  9 -12.075008 50.704529 -2.459807 -0.723741 -0.191291 -0.663028 0.998201 0.006092 1 9 1.000000
  9 -11.463927 49.823772 -2.872738 -0.746510 -0.148601 -0.648568 0.904854 0.122299 1 9 1.000000
  9 -12.131057 50.085629 -2.106995 -0.722640 -0.070142 -0.687656 0.816884 0.002876 1 9 1.000000
flesh_hand_01
  9 -11.463927 49.823772 -2.872738 -0.746510 -0.148601 -0.648568 0.904854 0.122299 1 9 1.000000
  9 -11.543440 49.393013 -2.704388 -0.694576 0.024574 -0.718999 0.815857 0.122911 1 9 1.000000
  9 -12.131057 50.085629 -2.106995 -0.722640 -0.070142 -0.687656 0.816884 0.002876 1 9 1.000000
flesh_hand_01
  9 -13.434229 47.007790 -2.070168 -0.643196 0.617865 -0.452263 0.686482 0.001268 1 9 1.000000
  9 -13.959899 47.468040 -0.693800 -0.556220 0.664014 -0.499705 0.815857 0.163320 1 9 1.000000
  9 -13.325316 47.854538 -1.201280 -0.643196 0.617865 -0.452263 0.687547 0.163929 1 9 1.000000
flesh_hand_01
  9 -14.569391 46.396896 -1.423362 -0.560378 0.644724 -0.519911 0.816884 0.002876 1 9 1.000000
  9 -13.959899 47.468040 -0.693800 -0.556220 0.664014 -0.499705 0.815857 0.163320 1 9 1.000000
  9 -13.434229 47.007790 -2.070168 -0.643196 0.617865 -0.452263 0.686482 0.001268 1 9 1.000000
flesh_hand_01
  9 -13.959899 47.468040 -0.693800 -0.556220 0.664014 -0.499705 0.815857 0.163320 1 9 1.000000
  9 -14.569391 46.396896 -1.423362 -0.560378 0.644724 -0.519911 0.816884 0.002876 1 9 1.000000
  9 -14.864219 46.573689 -0.982693 -0.706304 0.631070 -0.320756 0.894375 0.004250 1 9 1.000000
flesh_hand_01
  9 -14.442238 47.413765 -0.201544 -0.726693 0.626685 -0.281395 0.909941 0.162673 1 9 1.000000
  9 -13.959899 47.468040 -0.693800 -0.556220 0.664014 -0.499705 0.815857 0.163320 1 9 1.000000
  9 -14.864219 46.573689 -0.982693 -0.706304 0.631070 -0.320756 0.894375 0.004250 1 9 1.000000
flesh_hand_01
  9 -14.864219 46.573689 -0.982693 -0.706304 0.631070 -0.320756 0.894375 0.004250 1 9 1.000000
  9 -14.654493 47.139305 0.293147 -0.844655 0.526863 -0.094725 0.992991 0.162102 1 9 1.000000
  9 -14.442238 47.413765 -0.201544 -0.726693 0.626685 -0.281395 0.909941 0.162673 1 9 1.000000
flesh_hand_01
  9 -14.864219 46.573689 -0.982693 -0.706304 0.631070 -0.320756 0.894375 0.004250 1 9 1.000000
  9 -15.228539 46.087597 -0.612022 -0.832405 0.544237 -0.104439 0.998201 0.006092 1 9 1.000000
  9 -14.654493 47.139305 0.293147 -0.844655 0.526863 -0.094725 0.992991 0.162102 1 9 1.000000
flesh_hand_01
  9 -13.124521 47.337067 -1.801086 -0.459035 0.637855 -0.618408 0.686482 0.001268 1 9 1.000000
  9 -14.475386 47.317406 -0.818634 -0.485828 0.607111 -0.628798 0.815857 0.163320 1 9 1.000000
  9 -13.771676 47.848431 -0.692929 -0.459035 0.637855 -0.618408 0.687547 0.163929 1 9 1.000000
flesh_hand_01
  9 -14.140332 46.390594 -1.922967 -0.503266 0.587346 -0.633836 0.816884 0.002876 1 9 1.000000
  9 -14.475386 47.317406 -0.818634 -0.485828 0.607111 -0.628798 0.815857 0.163320 1 9 1.000000
  9 -13.124521 47.337067 -1.801086 -0.459035 0.637855 -0.618408 0.686482 0.001268 1 9 1.000000
flesh_hand_01
  9 -14.820622 46.841270 -0.971023 -0.598119 0.536341 -0.595476 0.876444 0.162904 1 9 1.000000
  9 -14.475386 47.317406 -0.818634 -0.485828 0.607111 -0.628798 0.815857 0.163320 1 9 1.000000
  9 -14.140332 46.390594 -1.922967 -0.503266 0.587346 -0.633836 0.816884 0.002876 1 9 1.000000
flesh_hand_01
  9 -14.820622 46.841270 -0.971023 -0.598119 0.536341 -0.595476 0.876444 0.162904 1 9 1.000000
  9 -14.140332 46.390594 -1.922967 -0.503266 0.587346 -0.633836 0.816884 0.002876 1 9 1.000000
  9 -15.013173 45.742569 -1.744713 -0.639213 0.514510 -0.571565 0.998201 0.006092 1 9 1.000000
flesh_hand_01
  9 -15.013173 45.742569 -1.744713 -0.639213 0.514510 -0.571565 0.998201 0.006092 1 9 1.000000
  9 -15.398050 46.321934 -0.612944 -0.730851 0.473943 -0.491156 0.992991 0.162102 1 9 1.000000
  9 -14.820622 46.841270 -0.971023 -0.598119 0.536341 -0.595476 0.876444 0.162904 1 9 1.000000
flesh_hand_01
  9 -12.485006 45.290699 -0.484752 0.919207 -0.343193 -0.193070 0.869806 0.129743 1 9 1.000000
  9 -12.043666 46.222649 -0.162145 0.946529 -0.311383 0.084395 0.687547 0.163929 1 9 1.000000
  9 -12.363257 45.316254 0.078002 0.799397 -0.438265 0.410960 0.835145 0.069680 1 9 1.000000
flesh_hand_01
  9 -12.043666 46.222649 -0.162145 0.946529 -0.311383 0.084395 0.687547 0.163929 1 9 1.000000
  9 -12.399428 46.064667 0.676534 0.584146 -0.489522 0.647412 0.685842 0.036252 1 9 1.000000
  9 -12.363257 45.316254 0.078002 0.799397 -0.438265 0.410960 0.835145 0.069680 1 9 1.000000
flesh_hand_01
  9 -12.399428 46.064667 0.676534 0.584146 -0.489522 0.647412 0.685842 0.036252 1 9 1.000000
  9 -12.861796 45.562172 0.338292 0.233810 -0.432562 0.870760 0.805895 0.035328 1 9 1.000000
  9 -12.363257 45.316254 0.078002 0.799397 -0.438265 0.410960 0.835145 0.069680 1 9 1.000000
flesh_hand_01
  9 -12.005833 46.072674 -0.163531 0.499194 -0.840915 -0.208968 0.694612 0.032273 1 9 1.000000
  9 -12.681449 45.375835 -0.132009 0.807600 -0.558616 0.189026 0.822610 0.032289 1 9 1.000000
  9 -12.639240 45.237846 -0.728625 0.741212 -0.473283 -0.476033 0.835145 0.069680 1 9 1.000000
flesh_hand_01
  9 -13.173704 45.300060 -0.935133 0.307026 -0.272003 -0.912003 0.869806 0.129743 1 9 1.000000
  9 -12.393837 46.422958 -1.008616 0.314202 -0.644511 -0.697053 0.687547 0.163929 1 9 1.000000
  9 -12.639240 45.237846 -0.728625 0.741212 -0.473283 -0.476033 0.835145 0.069680 1 9 1.000000
flesh_hand_01
  9 -12.393837 46.422958 -1.008616 0.314202 -0.644511 -0.697053 0.687547 0.163929 1 9 1.000000
  9 -12.005833 46.072674 -0.163531 0.499194 -0.840915 -0.208968 0.694612 0.032273 1 9 1.000000
  9 -12.639240 45.237846 -0.728625 0.741212 -0.473283 -0.476033 0.835145 0.069680 1 9 1.000000
flesh_hand_01
  9 -12.393837 46.422958 -1.008616 0.314202 -0.644511 -0.697053 0.687547 0.163929 1 9 1.000000
  9 -12.012178 46.172024 -0.663494 -0.428773 -0.887110 -0.170851 0.687014 0.082598 1 9 1.000000
  9 -12.005833 46.072674 -0.163531 0.499194 -0.840915 -0.208968 0.694612 0.032273 1 9 1.000000
flesh_hand_01
  9 -14.907303 46.150349 -0.785025 -0.405588 0.261947 0.875718 0.904854 0.122299 1 9 1.000000
  9 -14.409769 46.271336 -0.643103 -0.440088 0.266334 0.857548 0.815857 0.122911 1 9 1.000000
  9 -14.942174 46.645660 -0.958881 -0.548722 0.622608 0.557909 0.860869 0.062588 1 9 1.000000
flesh_hand_01
  9 -14.942174 46.645660 -0.958881 -0.548722 0.622608 0.557909 0.860869 0.062588 1 9 1.000000
  9 -14.409769 46.271336 -0.643103 -0.440088 0.266334 0.857548 0.815857 0.122911 1 9 1.000000
  9 -14.539111 46.858555 -0.895517 -0.579282 0.567569 0.585062 0.778339 0.060839 1 9 1.000000
flesh_hand_01
  9 -15.336325 45.824368 -0.977188 -0.489302 0.215988 0.844945 0.992991 0.121694 1 9 1.000000
  9 -14.907303 46.150349 -0.785025 -0.405588 0.261947 0.875718 0.904854 0.122299 1 9 1.000000
  9 -15.464305 46.390602 -1.168995 -0.555229 0.643139 0.527345 0.995596 0.063893 1 9 1.000000
flesh_hand_01
  9 -15.464305 46.390602 -1.168995 -0.555229 0.643139 0.527345 0.995596 0.063893 1 9 1.000000
  9 -14.907303 46.150349 -0.785025 -0.405588 0.261947 0.875718 0.904854 0.122299 1 9 1.000000
  9 -14.942174 46.645660 -0.958881 -0.548722 0.622608 0.557909 0.860869 0.062588 1 9 1.000000
flesh_hand_01
  9 -15.464305 46.390602 -1.168995 -0.555229 0.643139 0.527345 0.995596 0.063893 1 9 1.000000
  9 -14.942174 46.645660 -0.958881 -0.548722 0.622608 0.557909 0.860869 0.062588 1 9 1.000000
  9 -15.359103 46.475967 -1.685302 -0.461430 0.885276 0.058041 0.998201 0.006092 1 9 1.000000
flesh_hand_01
  9 -15.359103 46.475967 -1.685302 -0.461430 0.885276 0.058041 0.998201 0.006092 1 9 1.000000
  9 -14.942174 46.645660 -0.958881 -0.548722 0.622608 0.557909 0.860869 0.062588 1 9 1.000000
  9 -14.761811 46.776970 -1.477301 -0.553685 0.826845 0.098794 0.816884 0.002876 1 9 1.000000
flesh_hand_01
  9 -14.942174 46.645660 -0.958881 -0.548722 0.622608 0.557909 0.860869 0.062588 1 9 1.000000
  9 -14.539111 46.858555 -0.895517 -0.579282 0.567569 0.585062 0.778339 0.060839 1 9 1.000000
  9 -14.761811 46.776970 -1.477301 -0.553685 0.826845 0.098794 0.816884 0.002876 1 9 1.000000
flesh_hand_01
  9 -14.761811 46.776970 -1.477301 -0.553685 0.826845 0.098794 0.816884 0.002876 1 9 1.000000
  9 -14.539111 46.858555 -0.895517 -0.579282 0.567569 0.585062 0.778339 0.060839 1 9 1.000000
  9 -14.474715 47.109531 -1.340899 -0.657051 0.722864 0.213898 0.740821 -0.001234 1 9 1.000000
flesh_hand_01
  9 -12.541945 49.610222 -2.181210 -0.903681 0.138378 0.405230 0.815857 0.163320 1 9 1.000000
  9 -12.111720 49.655338 -1.135739 -0.904433 0.239328 0.353162 0.750363 0.002056 1 9 1.000000
  9 -12.132694 50.335201 -1.362518 -0.902449 0.118399 0.414207 0.816884 0.002876 1 9 1.000000
flesh_hand_01
  9 -12.541945 49.610222 -2.181210 -0.903681 0.138378 0.405230 0.815857 0.163320 1 9 1.000000
  9 -12.657031 48.933609 -1.757522 -0.867870 0.376888 0.323663 0.687547 0.163929 1 9 1.000000
  9 -12.111720 49.655338 -1.135739 -0.904433 0.239328 0.353162 0.750363 0.002056 1 9 1.000000
flesh_hand_01
  9 -12.111720 49.655338 -1.135739 -0.904433 0.239328 0.353162 0.750363 0.002056 1 9 1.000000
  9 -12.657031 48.933609 -1.757522 -0.867870 0.376888 0.323663 0.687547 0.163929 1 9 1.000000
  9 -12.217101 49.294983 -0.943091 -0.867870 0.376888 0.323663 0.686482 0.001268 1 9 1.000000
flesh_hand_01
  9 -12.475362 50.731010 -2.562153 -0.877885 0.319927 0.356320 0.992991 0.121694 1 9 1.000000
  9 -12.638265 50.198433 -2.271194 -0.891695 0.129370 0.433755 0.904854 0.122299 1 9 1.000000
  9 -12.074920 50.851875 -1.469951 -0.877885 0.319927 0.356320 0.998201 0.006092 1 9 1.000000
flesh_hand_01
  9 -12.074920 50.851875 -1.469951 -0.877885 0.319927 0.356320 0.998201 0.006092 1 9 1.000000
  9 -12.638265 50.198433 -2.271194 -0.891695 0.129370 0.433755 0.904854 0.122299 1 9 1.000000
  9 -12.132694 50.335201 -1.362518 -0.902449 0.118399 0.414207 0.816884 0.002876 1 9 1.000000
flesh_hand_01
  9 -12.638265 50.198433 -2.271194 -0.891695 0.129370 0.433755 0.904854 0.122299 1 9 1.000000
  9 -12.541945 49.610222 -2.181210 -0.903681 0.138378 0.405230 0.815857 0.122911 1 9 1.000000
  9 -12.132694 50.335201 -1.362518 -0.902449 0.118399 0.414207 0.816884 0.002876 1 9 1.000000
flesh_hand_01
  9 -11.640608 50.958767 -2.158103 -0.917061 0.320135 -0.237722 0.815857 0.163320 1 9 1.000000
  9 -11.995058 50.977291 -1.124791 -0.847492 0.446660 -0.286797 0.750363 0.002056 1 9 1.000000
  9 -11.739596 51.366585 -1.211094 -0.956264 0.230058 -0.180645 0.816884 0.002876 1 9 1.000000
flesh_hand_01
  9 -11.640608 50.958767 -2.158103 -0.917061 0.320135 -0.237722 0.815857 0.163320 1 9 1.000000
  9 -12.052979 50.282131 -1.972300 -0.865837 0.414236 -0.280598 0.687547 0.163929 1 9 1.000000
  9 -11.995058 50.977291 -1.124791 -0.847492 0.446660 -0.286797 0.750363 0.002056 1 9 1.000000
flesh_hand_01
  9 -11.995058 50.977291 -1.124791 -0.847492 0.446660 -0.286797 0.750363 0.002056 1 9 1.000000
  9 -12.052979 50.282131 -1.972300 -0.865837 0.414236 -0.280598 0.687547 0.163929 1 9 1.000000
  9 -12.172707 50.604061 -1.039855 -0.865837 0.414236 -0.280598 0.686482 0.001268 1 9 1.000000
flesh_hand_01
  9 -11.336722 52.003517 -2.317883 -0.882264 0.395537 -0.255266 0.992991 0.121694 1 9 1.000000
  9 -11.607504 51.444210 -2.248648 -0.965607 0.199852 -0.166320 0.904854 0.122299 1 9 1.000000
  9 -11.634436 52.068199 -1.188694 -0.942781 0.276298 -0.186608 0.998201 0.006092 1 9 1.000000
flesh_hand_01
  9 -11.607504 51.444210 -2.248648 -0.965607 0.199852 -0.166320 0.904854 0.122299 1 9 1.000000
  9 -11.739596 51.366585 -1.211094 -0.956264 0.230058 -0.180645 0.816884 0.002876 1 9 1.000000
  9 -11.634436 52.068199 -1.188694 -0.942781 0.276298 -0.186608 0.998201 0.006092 1 9 1.000000
flesh_hand_01
  9 -11.607504 51.444210 -2.248648 -0.965607 0.199852 -0.166320 0.904854 0.122299 1 9 1.000000
  9 -11.640608 50.958767 -2.158103 -0.917061 0.320135 -0.237722 0.815857 0.122911 1 9 1.000000
  9 -11.739596 51.366585 -1.211094 -0.956264 0.230058 -0.180645 0.816884 0.002876 1 9 1.000000
flesh_hand_01
  9 -12.532908 49.913765 -0.928922 -0.158875 0.187692 -0.969294 0.686482 0.001268 1 9 1.000000
  9 -11.485563 50.527607 -0.981727 -0.373922 0.209741 -0.903433 0.815857 0.163320 1 9 1.000000
  9 -11.611653 49.644817 -1.186555 -0.158875 0.187692 -0.969294 0.687547 0.163929 1 9 1.000000
flesh_hand_01
  9 -12.570698 50.466270 -0.870297 -0.141888 0.517145 -0.844055 0.750363 0.002056 1 9 1.000000
  9 -11.485563 50.527607 -0.981727 -0.373922 0.209741 -0.903433 0.815857 0.163320 1 9 1.000000
  9 -12.532908 49.913765 -0.928922 -0.158875 0.187692 -0.969294 0.686482 0.001268 1 9 1.000000
flesh_hand_01
  9 -11.485563 50.527607 -0.981727 -0.373922 0.209741 -0.903433 0.815857 0.163320 1 9 1.000000
  9 -12.570698 50.466270 -0.870297 -0.141888 0.517145 -0.844055 0.750363 0.002056 1 9 1.000000
  9 -12.287896 50.873890 -0.400181 -0.594705 0.202569 -0.778005 0.816884 0.002876 1 9 1.000000
flesh_hand_01
  9 -11.521754 51.692093 -0.986517 -0.709403 0.175016 -0.682727 0.992991 0.121694 1 9 1.000000
  9 -11.669576 51.028008 -1.164577 -0.713858 -0.150555 -0.683915 0.904854 0.122299 1 9 1.000000
  9 -12.303227 51.658207 -0.344609 -0.709403 0.175016 -0.682727 0.998201 0.006092 1 9 1.000000
flesh_hand_01
  9 -12.303227 51.658207 -0.344609 -0.709403 0.175016 -0.682727 0.998201 0.006092 1 9 1.000000
  9 -11.669576 51.028008 -1.164577 -0.713858 -0.150555 -0.683915 0.904854 0.122299 1 9 1.000000
  9 -12.287896 50.873890 -0.400181 -0.594705 0.202569 -0.778005 0.816884 0.002876 1 9 1.000000
flesh_hand_01
  9 -11.669576 51.028008 -1.164577 -0.713858 -0.150555 -0.683915 0.904854 0.122299 1 9 1.000000
  9 -11.485563 50.527607 -0.981727 -0.373922 0.209741 -0.903433 0.815857 0.122911 1 9 1.000000
  9 -12.287896 50.873890 -0.400181 -0.594705 0.202569 -0.778005 0.816884 0.002876 1 9 1.000000
flesh_hand_01
  9 -9.903753 48.755081 -1.842314 0.361352 -0.756221 -0.545486 0.815857 0.163320 1 9 1.000000
  9 -10.643966 48.782005 -2.366213 0.397881 -0.745986 -0.534037 0.750363 0.002056 1 9 1.000000
  9 -10.285752 49.068161 -2.463789 0.301833 -0.817028 -0.491286 0.816884 0.002876 1 9 1.000000
flesh_hand_01
  9 -9.903753 48.755081 -1.842314 0.361352 -0.756221 -0.545486 0.815857 0.163320 1 9 1.000000
  9 -10.521793 48.322994 -1.491565 0.397287 -0.788591 -0.469347 0.687547 0.163929 1 9 1.000000
  9 -10.643966 48.782005 -2.366213 0.397881 -0.745986 -0.534037 0.750363 0.002056 1 9 1.000000
flesh_hand_01
  9 -10.643966 48.782005 -2.366213 0.397881 -0.745986 -0.534037 0.750363 0.002056 1 9 1.000000
  9 -10.521793 48.322994 -1.491565 0.397287 -0.788591 -0.469347 0.687547 0.163929 1 9 1.000000
  9 -11.009729 48.448994 -2.264205 0.397287 -0.788591 -0.469347 0.686482 0.001268 1 9 1.000000
flesh_hand_01
  9 -9.158890 49.275253 -2.327752 0.206518 -0.935584 -0.286414 0.992991 0.121694 1 9 1.000000
  9 -9.710239 49.014172 -2.098245 0.250160 -0.866427 -0.432116 0.904854 0.122299 1 9 1.000000
  9 -9.661807 49.267422 -2.890589 0.206518 -0.935584 -0.286414 0.998201 0.006092 1 9 1.000000
flesh_hand_01
  9 -9.661807 49.267422 -2.890589 0.206518 -0.935584 -0.286414 0.998201 0.006092 1 9 1.000000
  9 -9.710239 49.014172 -2.098245 0.250160 -0.866427 -0.432116 0.904854 0.122299 1 9 1.000000
  9 -10.285752 49.068161 -2.463789 0.301833 -0.817028 -0.491286 0.816884 0.002876 1 9 1.000000
flesh_hand_01
  9 -9.710239 49.014172 -2.098245 0.250160 -0.866427 -0.432116 0.904854 0.122299 1 9 1.000000
  9 -9.903753 48.755081 -1.842314 0.361352 -0.756221 -0.545486 0.815857 0.122911 1 9 1.000000
  9 -10.285752 49.068161 -2.463789 0.301833 -0.817028 -0.491286 0.816884 0.002876 1 9 1.000000
flesh_hand_01
  9 -11.330756 48.593304 -2.692818 0.156336 -0.139404 -0.977817 0.932595 0.538226 1 9 1.000000
  9 -12.383712 49.521042 -1.946070 -0.580181 0.484137 -0.654982 0.797692 0.534046 1 9 1.000000
  9 -10.754716 49.305271 -2.684072 0.062350 -0.025389 -0.997731 0.913919 0.471200 1 9 1.000000
flesh_hand_01
  9 -12.383712 49.521042 -1.946070 -0.580181 0.484137 -0.654982 0.797692 0.534046 1 9 1.000000
  9 -11.330756 48.593304 -2.692818 0.156336 -0.139404 -0.977817 0.932595 0.538226 1 9 1.000000
  9 -12.606882 49.320370 -1.966718 -0.428543 0.628942 -0.648678 0.800632 0.557551 1 9 1.000000
flesh_hand_01
  9 -12.730354 49.821541 -0.768293 -0.358306 0.930818 -0.072072 0.690767 0.557197 1 9 1.000000
  9 -12.383712 49.521042 -1.946070 -0.580181 0.484137 -0.654982 0.797692 0.534046 1 9 1.000000
  9 -12.606882 49.320370 -1.966718 -0.428543 0.628942 -0.648678 0.800632 0.557551 1 9 1.000000
flesh_hand_01
  9 -12.606882 49.320370 -1.966718 -0.428543 0.628942 -0.648678 0.800632 0.557551 1 9 1.000000
  9 -11.330756 48.593304 -2.692818 0.156336 -0.139404 -0.977817 0.932595 0.538226 1 9 1.000000
  9 -11.460907 48.361889 -2.793280 0.227692 0.185000 -0.955997 0.937637 0.556319 1 9 1.000000
flesh_hand_01
  9 -10.892205 51.047398 -0.354394 -0.136480 0.659670 0.739059 0.604383 0.408558 1 9 1.000000
  9 -12.291526 50.139870 0.098320 -0.524031 0.524931 0.670700 0.600197 0.507084 1 9 1.000000
  9 -10.038879 50.418587 -0.011845 0.167165 0.320345 0.932435 0.457983 0.406950 1 9 1.000000
flesh_hand_01
  9 -11.879903 50.622967 -0.324929 -0.421048 0.680323 0.599899 0.601592 0.474242 1 9 1.000000
  9 -12.291526 50.139870 0.098320 -0.524031 0.524931 0.670700 0.600197 0.507084 1 9 1.000000
  9 -10.892205 51.047398 -0.354394 -0.136480 0.659670 0.739059 0.604383 0.408558 1 9 1.000000
flesh_hand_01
  9 -11.879903 50.622967 -0.324929 -0.421048 0.680323 0.599899 0.601592 0.474242 1 9 1.000000
  9 -10.892205 51.047398 -0.354394 -0.136480 0.659670 0.739059 0.604383 0.408558 1 9 1.000000
  9 -11.606778 51.459106 -1.070964 -0.507807 0.857100 0.086668 0.686331 0.441111 1 9 1.000000
flesh_hand_01
  9 -11.879903 50.622967 -0.324929 -0.421048 0.680323 0.599899 0.601592 0.474242 1 9 1.000000
  9 -11.606778 51.459106 -1.070964 -0.507807 0.857100 0.086668 0.686331 0.441111 1 9 1.000000
  9 -12.059059 50.961586 -1.003597 -0.789760 0.612096 0.040222 0.687586 0.473958 1 9 1.000000
flesh_hand_01
  9 -11.581225 50.978203 -2.000579 -0.347720 0.612374 -0.709992 0.785799 0.438965 1 9 1.000000
  9 -12.059059 50.961586 -1.003597 -0.789760 0.612096 0.040222 0.687586 0.473958 1 9 1.000000
  9 -11.606778 51.459106 -1.070964 -0.507807 0.857100 0.086668 0.686331 0.441111 1 9 1.000000
flesh_hand_01
  9 -11.926396 50.445084 -2.044289 -0.640028 0.353915 -0.681988 0.789764 0.470659 1 9 1.000000
  9 -12.059059 50.961586 -1.003597 -0.789760 0.612096 0.040222 0.687586 0.473958 1 9 1.000000
  9 -11.581225 50.978203 -2.000579 -0.347720 0.612374 -0.709992 0.785799 0.438965 1 9 1.000000
flesh_hand_01
  9 -10.282153 50.253387 -2.617061 0.248553 0.206606 -0.946327 0.895242 0.404174 1 9 1.000000
  9 -11.926396 50.445084 -2.044289 -0.640028 0.353915 -0.681988 0.789764 0.470659 1 9 1.000000
  9 -11.581225 50.978203 -2.000579 -0.347720 0.612374 -0.709992 0.785799 0.438965 1 9 1.000000
flesh_hand_01
  9 -10.754716 49.305271 -2.684072 0.062350 -0.025389 -0.997731 0.913919 0.471200 1 9 1.000000
  9 -11.926396 50.445084 -2.044289 -0.640028 0.353915 -0.681988 0.789764 0.470659 1 9 1.000000
  9 -10.282153 50.253387 -2.617061 0.248553 0.206606 -0.946327 0.895242 0.404174 1 9 1.000000
flesh_hand_01
  9 -12.210660 49.993084 -1.935802 -0.707302 0.288361 -0.645424 0.793728 0.502352 1 9 1.000000
  9 -11.926396 50.445084 -2.044289 -0.640028 0.353915 -0.681988 0.789764 0.470659 1 9 1.000000
  9 -10.754716 49.305271 -2.684072 0.062350 -0.025389 -0.997731 0.913919 0.471200 1 9 1.000000
flesh_hand_01
  9 -10.754716 49.305271 -2.684072 0.062350 -0.025389 -0.997731 0.913919 0.471200 1 9 1.000000
  9 -12.383712 49.521042 -1.946070 -0.580181 0.484137 -0.654982 0.797692 0.534046 1 9 1.000000
  9 -12.210660 49.993084 -1.935802 -0.707302 0.288361 -0.645424 0.793728 0.502352 1 9 1.000000
flesh_hand_01
  9 -12.383712 49.521042 -1.946070 -0.580181 0.484137 -0.654982 0.797692 0.534046 1 9 1.000000
  9 -12.541713 49.925922 -0.805181 -0.749702 0.659968 -0.048877 0.690096 0.539652 1 9 1.000000
  9 -12.210660 49.993084 -1.935802 -0.707302 0.288361 -0.645424 0.793728 0.502352 1 9 1.000000
flesh_hand_01
  9 -12.541713 49.925922 -0.805181 -0.749702 0.659968 -0.048877 0.690096 0.539652 1 9 1.000000
  9 -12.383712 49.521042 -1.946070 -0.580181 0.484137 -0.654982 0.797692 0.534046 1 9 1.000000
  9 -12.730354 49.821541 -0.768293 -0.358306 0.930818 -0.072072 0.690767 0.557197 1 9 1.000000
flesh_hand_01
  9 -12.541713 49.925922 -0.805181 -0.749702 0.659968 -0.048877 0.690096 0.539652 1 9 1.000000
  9 -12.730354 49.821541 -0.768293 -0.358306 0.930818 -0.072072 0.690767 0.557197 1 9 1.000000
  9 -12.281548 49.638786 0.215116 -0.273716 0.768855 0.577877 0.598802 0.539926 1 9 1.000000
flesh_hand_01
  9 -12.281548 49.638786 0.215116 -0.273716 0.768855 0.577877 0.598802 0.539926 1 9 1.000000
  9 -12.730354 49.821541 -0.768293 -0.358306 0.930818 -0.072072 0.690767 0.557197 1 9 1.000000
  9 -12.532493 49.643227 0.425942 0.072700 0.930762 0.358326 0.598051 0.557591 1 9 1.000000
flesh_hand_01
  9 -11.202623 48.956299 0.893234 0.506054 0.622140 0.597370 0.461420 0.556888 1 9 1.000000
  9 -12.281548 49.638786 0.215116 -0.273716 0.768855 0.577877 0.598802 0.539926 1 9 1.000000
  9 -12.532493 49.643227 0.425942 0.072700 0.930762 0.358326 0.598051 0.557591 1 9 1.000000
flesh_hand_01
  9 -11.092412 49.129204 0.624900 0.420630 0.423448 0.802348 0.461030 0.539865 1 9 1.000000
  9 -12.281548 49.638786 0.215116 -0.273716 0.768855 0.577877 0.598802 0.539926 1 9 1.000000
  9 -11.202623 48.956299 0.893234 0.506054 0.622140 0.597370 0.461420 0.556888 1 9 1.000000
flesh_hand_01
  9 -10.128732 48.333687 -0.054571 0.925961 0.093311 0.365909 0.335490 0.557787 1 9 1.000000
  9 -11.092412 49.129204 0.624900 0.420630 0.423448 0.802348 0.461030 0.539865 1 9 1.000000
  9 -11.202623 48.956299 0.893234 0.506054 0.622140 0.597370 0.461420 0.556888 1 9 1.000000
flesh_hand_01
  9 -10.083285 48.578056 -0.163169 0.891478 -0.194854 0.409021 0.334938 0.541579 1 9 1.000000
  9 -11.092412 49.129204 0.624900 0.420630 0.423448 0.802348 0.461030 0.539865 1 9 1.000000
  9 -10.128732 48.333687 -0.054571 0.925961 0.093311 0.365909 0.335490 0.557787 1 9 1.000000
flesh_hand_01
  9 -12.210660 49.993084 -1.935802 -0.707302 0.288361 -0.645424 0.793728 0.502352 1 9 1.000000
  9 -12.382195 50.361866 -0.892814 -0.908145 0.418643 -0.003099 0.688841 0.506805 1 9 1.000000
  9 -11.926396 50.445084 -2.044289 -0.640028 0.353915 -0.681988 0.789764 0.470659 1 9 1.000000
flesh_hand_01
  9 -11.926396 50.445084 -2.044289 -0.640028 0.353915 -0.681988 0.789764 0.470659 1 9 1.000000
  9 -12.382195 50.361866 -0.892814 -0.908145 0.418643 -0.003099 0.688841 0.506805 1 9 1.000000
  9 -12.059059 50.961586 -1.003597 -0.789760 0.612096 0.040222 0.687586 0.473958 1 9 1.000000
flesh_hand_01
  9 -12.382195 50.361866 -0.892814 -0.908145 0.418643 -0.003099 0.688841 0.506805 1 9 1.000000
  9 -11.879903 50.622967 -0.324929 -0.421048 0.680323 0.599899 0.601592 0.474242 1 9 1.000000
  9 -12.059059 50.961586 -1.003597 -0.789760 0.612096 0.040222 0.687586 0.473958 1 9 1.000000
flesh_hand_01
  9 -12.291526 50.139870 0.098320 -0.524031 0.524931 0.670700 0.600197 0.507084 1 9 1.000000
  9 -11.879903 50.622967 -0.324929 -0.421048 0.680323 0.599899 0.601592 0.474242 1 9 1.000000
  9 -12.382195 50.361866 -0.892814 -0.908145 0.418643 -0.003099 0.688841 0.506805 1 9 1.000000
flesh_hand_01
  9 -12.541713 49.925922 -0.805181 -0.749702 0.659968 -0.048877 0.690096 0.539652 1 9 1.000000
  9 -12.291526 50.139870 0.098320 -0.524031 0.524931 0.670700 0.600197 0.507084 1 9 1.000000
  9 -12.382195 50.361866 -0.892814 -0.908145 0.418643 -0.003099 0.688841 0.506805 1 9 1.000000
flesh_hand_01
  9 -12.281548 49.638786 0.215116 -0.273716 0.768855 0.577877 0.598802 0.539926 1 9 1.000000
  9 -12.291526 50.139870 0.098320 -0.524031 0.524931 0.670700 0.600197 0.507084 1 9 1.000000
  9 -12.541713 49.925922 -0.805181 -0.749702 0.659968 -0.048877 0.690096 0.539652 1 9 1.000000
flesh_hand_01
  9 -12.281548 49.638786 0.215116 -0.273716 0.768855 0.577877 0.598802 0.539926 1 9 1.000000
  9 -11.092412 49.129204 0.624900 0.420630 0.423448 0.802348 0.461030 0.539865 1 9 1.000000
  9 -12.291526 50.139870 0.098320 -0.524031 0.524931 0.670700 0.600197 0.507084 1 9 1.000000
flesh_hand_01
  9 -12.291526 50.139870 0.098320 -0.524031 0.524931 0.670700 0.600197 0.507084 1 9 1.000000
  9 -11.092412 49.129204 0.624900 0.420630 0.423448 0.802348 0.461030 0.539865 1 9 1.000000
  9 -10.038879 50.418587 -0.011845 0.167165 0.320345 0.932435 0.457983 0.406950 1 9 1.000000
flesh_hand_01
  9 -11.092412 49.129204 0.624900 0.420630 0.423448 0.802348 0.461030 0.539865 1 9 1.000000
  9 -10.083285 48.578056 -0.163169 0.891478 -0.194854 0.409021 0.334938 0.541579 1 9 1.000000
  9 -10.038879 50.418587 -0.011845 0.167165 0.320345 0.932435 0.457983 0.406950 1 9 1.000000
flesh_hand_01
  9 -10.038879 50.418587 -0.011845 0.167165 0.320345 0.932435 0.457983 0.406950 1 9 1.000000
  9 -10.083285 48.578056 -0.163169 0.891478 -0.194854 0.409021 0.334938 0.541579 1 9 1.000000
  9 -9.398194 49.994335 -0.533406 0.934236 -0.149974 0.323591 0.330316 0.405802 1 9 1.000000
flesh_hand_01
  9 -12.210660 49.993084 -1.935802 -0.707302 0.288361 -0.645424 0.793728 0.502352 1 9 1.000000
  9 -12.541713 49.925922 -0.805181 -0.749702 0.659968 -0.048877 0.690096 0.539652 1 9 1.000000
  9 -12.382195 50.361866 -0.892814 -0.908145 0.418643 -0.003099 0.688841 0.506805 1 9 1.000000
flesh_hand_01
  9 -11.581225 50.978203 -2.000579 -0.347720 0.612374 -0.709992 0.785799 0.438965 1 9 1.000000
  9 -10.900702 51.052959 -2.028231 -0.113383 0.732646 -0.671099 0.781835 0.407272 1 9 1.000000
  9 -10.282153 50.253387 -2.617061 0.248553 0.206606 -0.946327 0.895242 0.404174 1 9 1.000000
flesh_hand_01
  9 -10.900702 51.052959 -2.028231 -0.113383 0.732646 -0.671099 0.781835 0.407272 1 9 1.000000
  9 -11.581225 50.978203 -2.000579 -0.347720 0.612374 -0.709992 0.785799 0.438965 1 9 1.000000
  9 -11.010531 51.512878 -1.147252 -0.187493 0.977689 0.094713 0.685076 0.408264 1 9 1.000000
flesh_hand_01
  9 -11.010531 51.512878 -1.147252 -0.187493 0.977689 0.094713 0.685076 0.408264 1 9 1.000000
  9 -11.581225 50.978203 -2.000579 -0.347720 0.612374 -0.709992 0.785799 0.438965 1 9 1.000000
  9 -11.606778 51.459106 -1.070964 -0.507807 0.857100 0.086668 0.686331 0.441111 1 9 1.000000
flesh_hand_01
  9 -11.606778 51.459106 -1.070964 -0.507807 0.857100 0.086668 0.686331 0.441111 1 9 1.000000
  9 -10.892205 51.047398 -0.354394 -0.136480 0.659670 0.739059 0.604383 0.408558 1 9 1.000000
  9 -11.010531 51.512878 -1.147252 -0.187493 0.977689 0.094713 0.685076 0.408264 1 9 1.000000
flesh_hand_01
  9 -10.107688 48.062527 -1.601443 0.841764 -0.124839 -0.525213 0.204412 0.557594 1 9 1.000000
  9 -10.083285 48.578056 -0.163169 0.891478 -0.194854 0.409021 0.334938 0.541579 1 9 1.000000
  9 -10.128732 48.333687 -0.054571 0.925961 0.093311 0.365909 0.335490 0.557787 1 9 1.000000
flesh_hand_01
  9 -10.080890 48.300419 -1.601504 0.799980 -0.507414 -0.320254 0.203408 0.543090 1 9 1.000000
  9 -10.083285 48.578056 -0.163169 0.891478 -0.194854 0.409021 0.334938 0.541579 1 9 1.000000
  9 -10.107688 48.062527 -1.601443 0.841764 -0.124839 -0.525213 0.204412 0.557594 1 9 1.000000
flesh_hand_01
  9 -10.080890 48.300419 -1.601504 0.799980 -0.507414 -0.320254 0.203408 0.543090 1 9 1.000000
  9 -10.107688 48.062527 -1.601443 0.841764 -0.124839 -0.525213 0.204412 0.557594 1 9 1.000000
  9 -10.399595 48.346806 -1.918434 0.518258 -0.518308 -0.680268 0.165491 0.541873 1 9 1.000000
flesh_hand_01
  9 -10.138235 48.565754 -2.149408 0.473004 -0.587639 -0.656466 0.157312 0.493276 1 9 1.000000
  9 -10.080890 48.300419 -1.601504 0.799980 -0.507414 -0.320254 0.203408 0.543090 1 9 1.000000
  9 -10.399595 48.346806 -1.918434 0.518258 -0.518308 -0.680268 0.165491 0.541873 1 9 1.000000
flesh_hand_01
  9 -10.399595 48.346806 -1.918434 0.518258 -0.518308 -0.680268 0.165491 0.541873 1 9 1.000000
  9 -11.330756 48.593304 -2.692818 0.156336 -0.139404 -0.977817 0.060160 0.538489 1 9 1.000000
  9 -10.138235 48.565754 -2.149408 0.473004 -0.587639 -0.656466 0.157312 0.493276 1 9 1.000000
flesh_hand_01
  9 -11.330756 48.593304 -2.692818 0.156336 -0.139404 -0.977817 0.060160 0.538489 1 9 1.000000
  9 -10.754716 49.305271 -2.684072 0.062350 -0.025389 -0.997731 0.069048 0.471263 1 9 1.000000
  9 -10.138235 48.565754 -2.149408 0.473004 -0.587639 -0.656466 0.157312 0.493276 1 9 1.000000
flesh_hand_01
  9 -10.754716 49.305271 -2.684072 0.062350 -0.025389 -0.997731 0.069048 0.471263 1 9 1.000000
  9 -9.381694 49.332996 -1.832184 0.867811 -0.253647 -0.427278 0.199935 0.473439 1 9 1.000000
  9 -10.138235 48.565754 -2.149408 0.473004 -0.587639 -0.656466 0.157312 0.493276 1 9 1.000000
flesh_hand_01
  9 -10.754716 49.305271 -2.684072 0.062350 -0.025389 -0.997731 0.069048 0.471263 1 9 1.000000
  9 -10.282153 50.253387 -2.617061 0.248553 0.206606 -0.946327 0.077936 0.404036 1 9 1.000000
  9 -9.381694 49.332996 -1.832184 0.867811 -0.253647 -0.427278 0.199935 0.473439 1 9 1.000000
flesh_hand_01
  9 -10.282153 50.253387 -2.617061 0.248553 0.206606 -0.946327 0.077936 0.404036 1 9 1.000000
  9 -9.513778 49.878143 -1.863161 0.892061 0.192915 -0.408669 0.193856 0.405141 1 9 1.000000
  9 -9.381694 49.332996 -1.832184 0.867811 -0.253647 -0.427278 0.199935 0.473439 1 9 1.000000
flesh_hand_01
  9 -9.381694 49.332996 -1.832184 0.867811 -0.253647 -0.427278 0.199935 0.473439 1 9 1.000000
  9 -9.513778 49.878143 -1.863161 0.892061 0.192915 -0.408669 0.193856 0.405141 1 9 1.000000
  9 -9.398194 49.994335 -0.533406 0.934236 -0.149974 0.323591 0.330316 0.405802 1 9 1.000000
flesh_hand_01
  9 -9.381694 49.332996 -1.832184 0.867811 -0.253647 -0.427278 0.199935 0.473439 1 9 1.000000
  9 -9.398194 49.994335 -0.533406 0.934236 -0.149974 0.323591 0.330316 0.405802 1 9 1.000000
  9 -9.761065 48.794392 -0.894303 0.881572 -0.436710 0.179207 0.269485 0.496106 1 9 1.000000
flesh_hand_01
  9 -9.398194 49.994335 -0.533406 0.934236 -0.149974 0.323591 0.330316 0.405802 1 9 1.000000
  9 -10.083285 48.578056 -0.163169 0.891478 -0.194854 0.409021 0.334938 0.541579 1 9 1.000000
  9 -9.761065 48.794392 -0.894303 0.881572 -0.436710 0.179207 0.269485 0.496106 1 9 1.000000
flesh_hand_01
  9 -10.083285 48.578056 -0.163169 0.891478 -0.194854 0.409021 0.334938 0.541579 1 9 1.000000
  9 -10.080890 48.300419 -1.601504 0.799980 -0.507414 -0.320254 0.203408 0.543090 1 9 1.000000
  9 -9.761065 48.794392 -0.894303 0.881572 -0.436710 0.179207 0.269485 0.496106 1 9 1.000000
flesh_hand_01
  9 -9.761065 48.794392 -0.894303 0.881572 -0.436710 0.179207 0.269485 0.496106 1 9 1.000000
  9 -10.080890 48.300419 -1.601504 0.799980 -0.507414 -0.320254 0.203408 0.543090 1 9 1.000000
  9 -9.381694 49.332996 -1.832184 0.867811 -0.253647 -0.427278 0.199935 0.473439 1 9 1.000000
flesh_hand_01
  9 -10.138235 48.565754 -2.149408 0.473004 -0.587639 -0.656466 0.157312 0.493276 1 9 1.000000
  9 -9.381694 49.332996 -1.832184 0.867811 -0.253647 -0.427278 0.199935 0.473439 1 9 1.000000
  9 -10.080890 48.300419 -1.601504 0.799980 -0.507414 -0.320254 0.203408 0.543090 1 9 1.000000
flesh_hand_01
  9 -11.330756 48.593304 -2.692818 0.156336 -0.139404 -0.977817 0.060160 0.538489 1 9 1.000000
  9 -10.399595 48.346806 -1.918434 0.518258 -0.518308 -0.680268 0.165491 0.541873 1 9 1.000000
  9 -11.460907 48.361889 -2.793280 0.227692 0.185000 -0.955997 0.057761 0.556636 1 9 1.000000
flesh_hand_01
  9 -11.460907 48.361889 -2.793280 0.227692 0.185000 -0.955997 0.057761 0.556636 1 9 1.000000
  9 -10.399595 48.346806 -1.918434 0.518258 -0.518308 -0.680268 0.165491 0.541873 1 9 1.000000
  9 -10.107688 48.062527 -1.601443 0.841764 -0.124839 -0.525213 0.204412 0.557594 1 9 1.000000
flesh_hand_01
  9 -13.481876 46.404465 0.297668 -0.644325 -0.674268 0.360843 0.512617 0.146647 1 9 1.000000
  9 -13.244766 45.775688 -0.453857 -0.687741 -0.663567 0.294432 0.574820 0.066365 1 9 1.000000
  9 -13.106099 45.992268 0.135178 -0.644325 -0.674268 0.360843 0.568814 0.130527 1 9 1.000000
flesh_hand_01
  9 -13.896705 46.687271 0.022144 -0.687741 -0.663567 0.294432 0.463059 0.117067 1 9 1.000000
  9 -13.244766 45.775688 -0.453857 -0.687741 -0.663567 0.294432 0.574820 0.066365 1 9 1.000000
  9 -13.481876 46.404465 0.297668 -0.644325 -0.674268 0.360843 0.512617 0.146647 1 9 1.000000
flesh_hand_01
  9 -13.244766 45.775688 -0.453857 -0.687741 -0.663567 0.294432 0.574820 0.066365 1 9 1.000000
  9 -13.896705 46.687271 0.022144 -0.687741 -0.663567 0.294432 0.463059 0.117067 1 9 1.000000
  9 -13.616867 46.105114 -0.748331 -0.726750 -0.648612 0.226134 0.524884 0.036840 1 9 1.000000
flesh_hand_01
  9 -13.616867 46.105114 -0.748331 -0.726750 -0.648612 0.226134 0.524884 0.036840 1 9 1.000000
  9 -13.896705 46.687271 0.022144 -0.687741 -0.663567 0.294432 0.463059 0.117067 1 9 1.000000
  9 -13.961508 46.521179 -0.619065 -0.726750 -0.648612 0.226134 0.470585 0.050504 1 9 1.000000
flesh_hand_01
  9 -12.358523 50.380455 -1.220855 -0.908991 0.405324 -0.097202 0.972753 0.945005 1 9 1.000000
  9 -12.591745 49.211830 -1.866827 -0.810370 -0.024527 -0.585405 0.831392 0.880678 1 9 1.000000
  9 -12.803818 49.567154 -0.769129 -0.916104 0.399434 0.034718 0.974944 0.874979 1 9 1.000000
flesh_hand_01
  9 -12.226223 50.231339 -2.255725 -0.842181 0.135092 -0.521997 0.825010 0.933990 1 9 1.000000
  9 -12.591745 49.211830 -1.866827 -0.810370 -0.024527 -0.585405 0.831392 0.880678 1 9 1.000000
  9 -12.358523 50.380455 -1.220855 -0.908991 0.405324 -0.097202 0.972753 0.945005 1 9 1.000000
flesh_hand_01
  9 -12.591745 49.211830 -1.866827 -0.810370 -0.024527 -0.585405 0.831392 0.880678 1 9 1.000000
  9 -12.226223 50.231339 -2.255725 -0.842181 0.135092 -0.521997 0.825010 0.933990 1 9 1.000000
  9 -11.214959 48.622650 -3.013115 -0.390234 -0.460213 -0.797447 0.714152 0.931788 1 9 1.000000
flesh_hand_01
  9 -11.398599 48.391617 -2.708346 -0.185097 -0.655961 -0.731747 0.716031 0.881913 1 9 1.000000
  9 -12.591745 49.211830 -1.866827 -0.810370 -0.024527 -0.585405 0.831392 0.880678 1 9 1.000000
  9 -11.214959 48.622650 -3.013115 -0.390234 -0.460213 -0.797447 0.714152 0.931788 1 9 1.000000
flesh_hand_01
  9 -11.214959 48.622650 -3.013115 -0.390234 -0.460213 -0.797447 0.714152 0.931788 1 9 1.000000
  9 -10.461984 47.884178 -1.456589 0.539318 -0.808536 -0.235383 0.607822 0.887128 1 9 1.000000
  9 -11.398599 48.391617 -2.708346 -0.185097 -0.655961 -0.731747 0.716031 0.881913 1 9 1.000000
flesh_hand_01
  9 -9.715170 48.550072 -1.741620 0.539318 -0.808536 -0.235383 0.608972 0.934274 1 9 1.000000
  9 -10.461984 47.884178 -1.456589 0.539318 -0.808536 -0.235383 0.607822 0.887128 1 9 1.000000
  9 -11.214959 48.622650 -3.013115 -0.390234 -0.460213 -0.797447 0.714152 0.931788 1 9 1.000000
flesh_hand_01
  9 -9.715170 48.550072 -1.741620 0.539318 -0.808536 -0.235383 0.608972 0.934274 1 9 1.000000
  9 -9.860601 48.557873 -0.054497 0.453804 -0.799580 0.393363 0.474044 0.934522 1 9 1.000000
  9 -10.461984 47.884178 -1.456589 0.539318 -0.808536 -0.235383 0.607822 0.887128 1 9 1.000000
flesh_hand_01
  9 -10.461984 47.884178 -1.456589 0.539318 -0.808536 -0.235383 0.607822 0.887128 1 9 1.000000
  9 -9.860601 48.557873 -0.054497 0.453804 -0.799580 0.393363 0.474044 0.934522 1 9 1.000000
  9 -10.120470 48.424335 -0.114049 0.453804 -0.799580 0.393363 0.468487 0.880451 1 9 1.000000
flesh_hand_01
  9 -9.860601 48.557873 -0.054497 0.453804 -0.799580 0.393363 0.474044 0.934522 1 9 1.000000
  9 -10.705351 49.015015 0.763885 -0.020747 -0.501506 0.864905 0.347666 0.937840 1 9 1.000000
  9 -10.120470 48.424335 -0.114049 0.453804 -0.799580 0.393363 0.468487 0.880451 1 9 1.000000
flesh_hand_01
  9 -10.120470 48.424335 -0.114049 0.453804 -0.799580 0.393363 0.468487 0.880451 1 9 1.000000
  9 -10.705351 49.015015 0.763885 -0.020747 -0.501506 0.864905 0.347666 0.937840 1 9 1.000000
  9 -11.159551 48.665672 0.516252 -0.020747 -0.501506 0.864905 0.340801 0.878648 1 9 1.000000
flesh_hand_01
  9 -10.705351 49.015015 0.763885 -0.020747 -0.501506 0.864905 0.347666 0.937840 1 9 1.000000
  9 -11.997639 49.917671 0.533906 -0.520416 0.129014 0.844111 0.189073 0.935857 1 9 1.000000
  9 -11.159551 48.665672 0.516252 -0.020747 -0.501506 0.864905 0.340801 0.878648 1 9 1.000000
flesh_hand_01
  9 -11.159551 48.665672 0.516252 -0.020747 -0.501506 0.864905 0.340801 0.878648 1 9 1.000000
  9 -11.997639 49.917671 0.533906 -0.520416 0.129014 0.844111 0.189073 0.935857 1 9 1.000000
  9 -12.542243 49.323528 0.322647 -0.688682 0.226519 0.688771 0.187435 0.879626 1 9 1.000000
flesh_hand_01
  9 -12.542243 49.323528 0.322647 -0.688682 0.226519 0.688771 0.187435 0.879626 1 9 1.000000
  9 -11.997639 49.917671 0.533906 -0.520416 0.129014 0.844111 0.189073 0.935857 1 9 1.000000
  9 -12.140818 50.701599 -0.193963 -0.840466 0.441293 0.314447 0.118399 0.940777 1 9 1.000000
flesh_hand_01
  9 -12.803818 49.567154 -0.769129 -0.916104 0.399434 0.034718 0.042868 0.874416 1 9 1.000000
  9 -12.542243 49.323528 0.322647 -0.688682 0.226519 0.688771 0.187435 0.879626 1 9 1.000000
  9 -12.140818 50.701599 -0.193963 -0.840466 0.441293 0.314447 0.118399 0.940777 1 9 1.000000
flesh_hand_01
  9 -12.803818 49.567154 -0.769129 -0.916104 0.399434 0.034718 0.042868 0.874416 1 9 1.000000
  9 -12.140818 50.701599 -0.193963 -0.840466 0.441293 0.314447 0.118399 0.940777 1 9 1.000000
  9 -12.358523 50.380455 -1.220855 -0.908991 0.405324 -0.097202 0.041986 0.946097 1 9 1.000000
flesh_hand_01
  9 -13.460879 46.081600 2.105123 0.652431 0.347262 0.673605 0.041986 0.946097 1 9 1.000000
  9 -12.879541 46.859726 1.101320 0.652431 0.347262 0.673605 0.042868 0.874416 1 9 1.000000
  9 -14.120738 46.602577 2.026698 0.245869 0.684414 0.686386 0.115529 0.940977 1 9 1.000000
flesh_hand_01
  9 -14.120738 46.602577 2.026698 0.245869 0.684414 0.686386 0.115529 0.940977 1 9 1.000000
  9 -12.879541 46.859726 1.101320 0.652431 0.347262 0.673605 0.042868 0.874416 1 9 1.000000
  9 -13.245085 47.298504 0.898674 0.245869 0.684414 0.686386 0.115152 0.877021 1 9 1.000000
flesh_hand_01
  9 -14.120738 46.602577 2.026698 0.245869 0.684414 0.686386 0.115529 0.940977 1 9 1.000000
  9 -13.245085 47.298504 0.898674 0.245869 0.684414 0.686386 0.115152 0.877021 1 9 1.000000
  9 -14.209496 47.336475 1.000682 -0.086075 0.861804 0.499884 0.189073 0.935857 1 9 1.000000
flesh_hand_01
  9 -14.209496 47.336475 1.000682 -0.086075 0.861804 0.499884 0.189073 0.935857 1 9 1.000000
  9 -13.245085 47.298504 0.898674 0.245869 0.684414 0.686386 0.115152 0.877021 1 9 1.000000
  9 -13.610629 47.737286 0.696028 -0.086075 0.861804 0.499884 0.187435 0.879626 1 9 1.000000
flesh_hand_01
  9 -14.209496 47.336475 1.000682 -0.086075 0.861804 0.499884 0.189073 0.935857 1 9 1.000000
  9 -13.610629 47.737286 0.696028 -0.086075 0.861804 0.499884 0.187435 0.879626 1 9 1.000000
  9 -14.562841 47.636208 0.152002 -0.274832 0.960849 -0.035170 0.268370 0.936848 1 9 1.000000
flesh_hand_01
  9 -14.562841 47.636208 0.152002 -0.274832 0.960849 -0.035170 0.268370 0.936848 1 9 1.000000
  9 -13.610629 47.737286 0.696028 -0.086075 0.861804 0.499884 0.187435 0.879626 1 9 1.000000
  9 -13.906252 47.754963 -0.035618 -0.274832 0.960849 -0.035170 0.264118 0.879137 1 9 1.000000
flesh_hand_01
  9 -13.906252 47.754963 -0.035618 -0.274832 0.960849 -0.035170 0.264118 0.879137 1 9 1.000000
  9 -13.959899 47.468040 -0.693800 -0.320541 0.818572 -0.476648 0.340801 0.878648 1 9 1.000000
  9 -14.562841 47.636208 0.152002 -0.274832 0.960849 -0.035170 0.268370 0.936848 1 9 1.000000
flesh_hand_01
  9 -14.562841 47.636208 0.152002 -0.274832 0.960849 -0.035170 0.268370 0.936848 1 9 1.000000
  9 -13.959899 47.468040 -0.693800 -0.320541 0.818572 -0.476648 0.340801 0.878648 1 9 1.000000
  9 -14.639821 47.296780 -0.660053 -0.320541 0.818572 -0.476648 0.347666 0.937840 1 9 1.000000
flesh_hand_01
  9 -13.959899 47.468040 -0.693800 -0.320541 0.818572 -0.476648 0.340801 0.878648 1 9 1.000000
  9 -13.951433 47.206909 -1.219437 -0.331578 0.651927 -0.681944 0.404644 0.879550 1 9 1.000000
  9 -14.639821 47.296780 -0.660053 -0.320541 0.818572 -0.476648 0.347666 0.937840 1 9 1.000000
flesh_hand_01
  9 -14.639821 47.296780 -0.660053 -0.320541 0.818572 -0.476648 0.347666 0.937840 1 9 1.000000
  9 -13.951433 47.206909 -1.219437 -0.331578 0.651927 -0.681944 0.404644 0.879550 1 9 1.000000
  9 -14.571894 46.817123 -1.100238 -0.331578 0.651927 -0.681944 0.410855 0.936181 1 9 1.000000
flesh_hand_01
  9 -13.951433 47.206909 -1.219437 -0.331578 0.651927 -0.681944 0.404644 0.879550 1 9 1.000000
  9 -13.718610 46.641472 -1.539527 -0.143954 0.500367 -0.853762 0.468487 0.880451 1 9 1.000000
  9 -14.571894 46.817123 -1.100238 -0.331578 0.651927 -0.681944 0.410855 0.936181 1 9 1.000000
flesh_hand_01
  9 -14.571894 46.817123 -1.100238 -0.331578 0.651927 -0.681944 0.410855 0.936181 1 9 1.000000
  9 -13.718610 46.641472 -1.539527 -0.143954 0.500367 -0.853762 0.468487 0.880451 1 9 1.000000
  9 -14.548333 46.139614 -1.797659 -0.143954 0.500367 -0.853762 0.474044 0.934522 1 9 1.000000
flesh_hand_01
  9 -14.548333 46.139614 -1.797659 -0.143954 0.500367 -0.853762 0.474044 0.934522 1 9 1.000000
  9 -13.718610 46.641472 -1.539527 -0.143954 0.500367 -0.853762 0.468487 0.880451 1 9 1.000000
  9 -13.876700 45.549240 -2.032906 0.171950 0.090405 -0.980949 0.541508 0.934398 1 9 1.000000
flesh_hand_01
  9 -13.876700 45.549240 -2.032906 0.171950 0.090405 -0.980949 0.541508 0.934398 1 9 1.000000
  9 -13.718610 46.641472 -1.539527 -0.143954 0.500367 -0.853762 0.468487 0.880451 1 9 1.000000
  9 -13.285546 46.093243 -1.825390 0.171950 0.090405 -0.980949 0.537831 0.880558 1 9 1.000000
flesh_hand_01
  9 -13.876700 45.549240 -2.032906 0.171950 0.090405 -0.980949 0.541508 0.934398 1 9 1.000000
  9 -13.285546 46.093243 -1.825390 0.171950 0.090405 -0.980949 0.537831 0.880558 1 9 1.000000
  9 -13.184978 45.398338 -1.604040 0.470893 -0.389794 -0.791404 0.608972 0.934274 1 9 1.000000
flesh_hand_01
  9 -13.184978 45.398338 -1.604040 0.470893 -0.389794 -0.791404 0.608972 0.934274 1 9 1.000000
  9 -13.285546 46.093243 -1.825390 0.171950 0.090405 -0.980949 0.537831 0.880558 1 9 1.000000
  9 -12.646698 46.050430 -1.729648 0.470893 -0.389794 -0.791404 0.607176 0.880665 1 9 1.000000
flesh_hand_01
  9 -13.184978 45.398338 -1.604040 0.470893 -0.389794 -0.791404 0.608972 0.934274 1 9 1.000000
  9 -12.646698 46.050430 -1.729648 0.470893 -0.389794 -0.791404 0.607176 0.880665 1 9 1.000000
  9 -12.372541 45.404617 -0.938778 0.838828 -0.452560 -0.302583 0.714152 0.931788 1 9 1.000000
flesh_hand_01
  9 -12.372541 45.404617 -0.938778 0.838828 -0.452560 -0.302583 0.714152 0.931788 1 9 1.000000
  9 -12.646698 46.050430 -1.729648 0.470893 -0.389794 -0.791404 0.607176 0.880665 1 9 1.000000
  9 -12.241613 45.748600 -0.999672 0.838828 -0.452560 -0.302583 0.716031 0.881913 1 9 1.000000
flesh_hand_01
  9 -12.217434 46.136536 0.277551 0.931265 -0.149604 0.332211 0.831392 0.880678 1 9 1.000000
  9 -12.372541 45.404617 -0.938778 0.838828 -0.452560 -0.302583 0.714152 0.931788 1 9 1.000000
  9 -12.241613 45.748600 -0.999672 0.838828 -0.452560 -0.302583 0.716031 0.881913 1 9 1.000000
flesh_hand_01
  9 -12.471357 45.407406 0.582460 0.931265 -0.149604 0.332211 0.825010 0.933990 1 9 1.000000
  9 -12.372541 45.404617 -0.938778 0.838828 -0.452560 -0.302583 0.714152 0.931788 1 9 1.000000
  9 -12.217434 46.136536 0.277551 0.931265 -0.149604 0.332211 0.831392 0.880678 1 9 1.000000
flesh_hand_01
  9 -12.879541 46.859726 1.101320 0.652431 0.347262 0.673605 0.974944 0.874979 1 9 1.000000
  9 -12.471357 45.407406 0.582460 0.931265 -0.149604 0.332211 0.825010 0.933990 1 9 1.000000
  9 -12.217434 46.136536 0.277551 0.931265 -0.149604 0.332211 0.831392 0.880678 1 9 1.000000
flesh_hand_01
  9 -13.460879 46.081600 2.105123 0.652431 0.347262 0.673605 0.972753 0.945005 1 9 1.000000
  9 -12.471357 45.407406 0.582460 0.931265 -0.149604 0.332211 0.825010 0.933990 1 9 1.000000
  9 -12.879541 46.859726 1.101320 0.652431 0.347262 0.673605 0.974944 0.874979 1 9 1.000000
flesh_hand_01
  9 -11.657491 50.023182 -2.515170 -0.635032 -0.099629 -0.766034 0.815857 0.163320 1 9 1.000000
  9 -12.210525 49.197704 -2.137012 -0.628401 0.048125 -0.776400 0.687547 0.163929 1 9 1.000000
  9 -12.150105 50.195324 -2.124076 -0.860863 0.161112 -0.482657 0.783110 0.082688 1 9 1.000000
flesh_hand_01
  9 -12.150105 50.195324 -2.124076 -0.860863 0.161112 -0.482657 0.783110 0.082688 1 9 1.000000
  9 -12.210525 49.197704 -2.137012 -0.628401 0.048125 -0.776400 0.687547 0.163929 1 9 1.000000
  9 -12.569011 49.501244 -1.809758 -0.816480 0.246901 -0.521920 0.687014 0.082598 1 9 1.000000
flesh_hand_01
  9 -12.150105 50.195324 -2.124076 -0.860863 0.161112 -0.482657 0.783110 0.082688 1 9 1.000000
  9 -12.569011 49.501244 -1.809758 -0.816480 0.246901 -0.521920 0.687014 0.082598 1 9 1.000000
  9 -12.222065 50.335972 -1.633622 -0.915397 0.388370 -0.105913 0.750363 0.002056 1 9 1.000000
flesh_hand_01
  9 -12.222065 50.335972 -1.633622 -0.915397 0.388370 -0.105913 0.750363 0.002056 1 9 1.000000
  9 -12.569011 49.501244 -1.809758 -0.816480 0.246901 -0.521920 0.687014 0.082598 1 9 1.000000
  9 -12.506845 49.773289 -1.383142 -0.890541 0.411199 -0.194557 0.686482 0.001268 1 9 1.000000
flesh_hand_01
  9 -12.513662 46.700352 -0.090970 0.696222 -0.396524 0.598368 0.779297 0.194115 1 9 1.000000
  9 -13.106099 45.992268 0.135178 0.718577 -0.366352 0.591129 0.778636 0.300714 1 9 1.000000
  9 -12.703477 46.405880 -0.647133 0.601228 -0.652928 -0.460662 0.714698 0.195427 1 9 1.000000
flesh_hand_01
  9 -12.513662 46.700352 -0.090970 0.696222 -0.396524 0.598368 0.779297 0.194115 1 9 1.000000
  9 -13.481876 46.404465 0.297668 0.146007 0.294251 0.944510 0.837127 0.300710 1 9 1.000000
  9 -13.106099 45.992268 0.135178 0.718577 -0.366352 0.591129 0.778636 0.300714 1 9 1.000000
flesh_hand_01
  9 -12.889437 47.112541 0.071520 0.074540 0.246266 0.966332 0.837788 0.193943 1 9 1.000000
  9 -13.481876 46.404465 0.297668 0.146007 0.294251 0.944510 0.837127 0.300710 1 9 1.000000
  9 -12.513662 46.700352 -0.090970 0.696222 -0.396524 0.598368 0.779297 0.194115 1 9 1.000000
flesh_hand_01
  9 -12.889437 47.112541 0.071520 0.074540 0.246266 0.966332 0.837788 0.193943 1 9 1.000000
  9 -13.896705 46.687271 0.022144 -0.505298 0.753449 0.420700 0.894847 0.300709 1 9 1.000000
  9 -13.481876 46.404465 0.297668 0.146007 0.294251 0.944510 0.837127 0.300710 1 9 1.000000
flesh_hand_01
  9 -13.304266 47.395344 -0.204005 -0.605991 0.652392 0.455148 0.895508 0.193908 1 9 1.000000
  9 -13.896705 46.687271 0.022144 -0.505298 0.753449 0.420700 0.894847 0.300709 1 9 1.000000
  9 -12.889437 47.112541 0.071520 0.074540 0.246266 0.966332 0.837788 0.193943 1 9 1.000000
flesh_hand_01
  9 -13.304266 47.395344 -0.204005 -0.605991 0.652392 0.455148 0.895508 0.193908 1 9 1.000000
  9 -13.369072 47.229256 -0.845213 -0.685679 0.377702 -0.622242 0.962548 0.194053 1 9 1.000000
  9 -13.896705 46.687271 0.022144 -0.505298 0.753449 0.420700 0.894847 0.300709 1 9 1.000000
flesh_hand_01
  9 -13.896705 46.687271 0.022144 -0.505298 0.753449 0.420700 0.894847 0.300709 1 9 1.000000
  9 -13.369072 47.229256 -0.845213 -0.685679 0.377702 -0.622242 0.962548 0.194053 1 9 1.000000
  9 -13.961508 46.521179 -0.619065 -0.616031 0.442635 -0.651598 0.961888 0.300713 1 9 1.000000
flesh_hand_01
  9 -14.126772 46.338646 -0.555321 -0.543618 0.500685 -0.673642 0.961019 0.332573 1 9 1.000000
  9 -13.896705 46.687271 0.022144 -0.505298 0.753449 0.420700 0.894847 0.300709 1 9 1.000000
  9 -13.961508 46.521179 -0.619065 -0.616031 0.442635 -0.651598 0.961888 0.300713 1 9 1.000000
flesh_hand_01
  9 -14.124701 46.601421 0.154804 -0.387640 0.842227 0.374686 0.894484 0.332570 1 9 1.000000
  9 -13.896705 46.687271 0.022144 -0.505298 0.753449 0.420700 0.894847 0.300709 1 9 1.000000
  9 -14.126772 46.338646 -0.555321 -0.543618 0.500685 -0.673642 0.961019 0.332573 1 9 1.000000
flesh_hand_01
  9 -14.124701 46.601421 0.154804 -0.387640 0.842227 0.374686 0.894484 0.332570 1 9 1.000000
  9 -13.647143 46.221935 0.361413 0.214667 0.338858 0.916020 0.837560 0.332571 1 9 1.000000
  9 -13.896705 46.687271 0.022144 -0.505298 0.753449 0.420700 0.894847 0.300709 1 9 1.000000
flesh_hand_01
  9 -13.896705 46.687271 0.022144 -0.505298 0.753449 0.420700 0.894847 0.300709 1 9 1.000000
  9 -13.647143 46.221935 0.361413 0.214667 0.338858 0.916020 0.837560 0.332571 1 9 1.000000
  9 -13.481876 46.404465 0.297668 0.146007 0.294251 0.944510 0.837127 0.300710 1 9 1.000000
flesh_hand_01
  9 -13.647143 46.221935 0.361413 0.214667 0.338858 0.916020 0.837560 0.332571 1 9 1.000000
  9 -13.106099 45.992268 0.135178 0.718577 -0.366352 0.591129 0.778636 0.300714 1 9 1.000000
  9 -13.481876 46.404465 0.297668 0.146007 0.294251 0.944510 0.837127 0.300710 1 9 1.000000
flesh_hand_01
  9 -13.281159 45.768364 0.242350 0.740141 -0.335257 0.582918 0.779281 0.332575 1 9 1.000000
  9 -13.106099 45.992268 0.135178 0.718577 -0.366352 0.591129 0.778636 0.300714 1 9 1.000000
  9 -13.647143 46.221935 0.361413 0.214667 0.338858 0.916020 0.837560 0.332571 1 9 1.000000
flesh_hand_01
  9 -13.281159 45.768364 0.242350 0.740141 -0.335257 0.582918 0.779281 0.332575 1 9 1.000000
  9 -13.244766 45.775688 -0.453857 0.650629 -0.595278 -0.471514 0.714844 0.300728 1 9 1.000000
  9 -13.106099 45.992268 0.135178 0.718577 -0.366352 0.591129 0.778636 0.300714 1 9 1.000000
flesh_hand_01
  9 -13.495818 45.430279 -0.437510 0.695660 -0.534908 -0.479510 0.715410 0.332590 1 9 1.000000
  9 -13.244766 45.775688 -0.453857 0.650629 -0.595278 -0.471514 0.714844 0.300728 1 9 1.000000
  9 -13.281159 45.768364 0.242350 0.740141 -0.335257 0.582918 0.779281 0.332575 1 9 1.000000
flesh_hand_01
  9 -13.495818 45.430279 -0.437510 0.695660 -0.534908 -0.479510 0.715410 0.332590 1 9 1.000000
  9 -13.867919 45.759705 -0.731982 0.044635 -0.122989 -0.991404 0.657129 0.332583 1 9 1.000000
  9 -13.244766 45.775688 -0.453857 0.650629 -0.595278 -0.471514 0.714844 0.300728 1 9 1.000000
flesh_hand_01
  9 -13.244766 45.775688 -0.453857 0.650629 -0.595278 -0.471514 0.714844 0.300728 1 9 1.000000
  9 -13.867919 45.759705 -0.731982 0.044635 -0.122989 -0.991404 0.657129 0.332583 1 9 1.000000
  9 -13.616867 46.105114 -0.748331 -0.004493 -0.192329 -0.981320 0.656892 0.300721 1 9 1.000000
flesh_hand_01
  9 -13.867919 45.759705 -0.731982 0.044635 -0.122989 -0.991404 0.657129 0.332583 1 9 1.000000
  9 -14.126772 46.338646 -0.555321 -0.543618 0.500685 -0.673642 0.600988 0.332576 1 9 1.000000
  9 -13.616867 46.105114 -0.748331 -0.004493 -0.192329 -0.981320 0.656892 0.300721 1 9 1.000000
flesh_hand_01
  9 -13.616867 46.105114 -0.748331 -0.004493 -0.192329 -0.981320 0.656892 0.300721 1 9 1.000000
  9 -14.126772 46.338646 -0.555321 -0.543618 0.500685 -0.673642 0.600988 0.332576 1 9 1.000000
  9 -13.961508 46.521179 -0.619065 -0.616031 0.442635 -0.651598 0.601081 0.300715 1 9 1.000000
flesh_hand_01
  9 -13.616867 46.105114 -0.748331 -0.004493 -0.192329 -0.981320 0.656892 0.300721 1 9 1.000000
  9 -13.961508 46.521179 -0.619065 -0.616031 0.442635 -0.651598 0.601081 0.300715 1 9 1.000000
  9 -13.050004 46.774261 -0.958045 -0.052881 -0.259291 -0.964350 0.653995 0.194773 1 9 1.000000
flesh_hand_01
  9 -13.050004 46.774261 -0.958045 -0.052881 -0.259291 -0.964350 0.653995 0.194773 1 9 1.000000
  9 -13.961508 46.521179 -0.619065 -0.616031 0.442635 -0.651598 0.601081 0.300715 1 9 1.000000
  9 -13.369072 47.229256 -0.845213 -0.685679 0.377702 -0.622242 0.597613 0.194190 1 9 1.000000
flesh_hand_01
  9 -12.703477 46.405880 -0.647133 0.601228 -0.652928 -0.460662 0.714698 0.195427 1 9 1.000000
  9 -13.616867 46.105114 -0.748331 -0.004493 -0.192329 -0.981320 0.656892 0.300721 1 9 1.000000
  9 -13.050004 46.774261 -0.958045 -0.052881 -0.259291 -0.964350 0.653995 0.194773 1 9 1.000000
flesh_hand_01
  9 -13.244766 45.775688 -0.453857 0.650629 -0.595278 -0.471514 0.714844 0.300728 1 9 1.000000
  9 -13.616867 46.105114 -0.748331 -0.004493 -0.192329 -0.981320 0.656892 0.300721 1 9 1.000000
  9 -12.703477 46.405880 -0.647133 0.601228 -0.652928 -0.460662 0.714698 0.195427 1 9 1.000000
flesh_hand_01
  9 -12.703477 46.405880 -0.647133 0.601228 -0.652928 -0.460662 0.714698 0.195427 1 9 1.000000
  9 -13.106099 45.992268 0.135178 0.718577 -0.366352 0.591129 0.778636 0.300714 1 9 1.000000
  9 -13.244766 45.775688 -0.453857 0.650629 -0.595278 -0.471514 0.714844 0.300728 1 9 1.000000
flesh_hand_01
  9 -14.269691 47.847633 -0.205492 -0.727174 -0.640177 0.247772 0.166088 0.060608 1 9 1.000000
  9 -13.009424 46.520134 0.205782 -0.640458 -0.704857 0.304944 0.197567 0.247063 1 9 1.000000
  9 -13.875005 47.691441 0.868291 -0.714709 -0.659655 0.232479 0.079355 0.137703 1 9 1.000000
flesh_hand_01
  9 -13.875005 47.691441 0.868291 -0.714709 -0.659655 0.232479 0.079355 0.137703 1 9 1.000000
  9 -13.009424 46.520134 0.205782 -0.640458 -0.704857 0.304944 0.197567 0.247063 1 9 1.000000
  9 -12.849370 46.880894 1.417886 -0.653535 -0.707944 0.267782 0.073401 0.280074 1 9 1.000000
flesh_hand_01
  9 -11.928393 45.907806 0.787940 -0.576099 -0.777602 0.251881 0.191009 0.362583 1 9 1.000000
  9 -12.849370 46.880894 1.417886 -0.653535 -0.707944 0.267782 0.073401 0.280074 1 9 1.000000
  9 -13.009424 46.520134 0.205782 -0.640458 -0.704857 0.304944 0.197567 0.247063 1 9 1.000000
flesh_hand_01
  9 -12.199107 45.624134 -1.093658 -0.502117 -0.825922 0.256381 0.362797 0.315483 1 9 1.000000
  9 -11.928393 45.907806 0.787940 -0.576099 -0.777602 0.251881 0.191009 0.362583 1 9 1.000000
  9 -13.009424 46.520134 0.205782 -0.640458 -0.704857 0.304944 0.197567 0.247063 1 9 1.000000
flesh_hand_01
  9 -12.199107 45.624134 -1.093658 -0.502117 -0.825922 0.256381 0.362797 0.315483 1 9 1.000000
  9 -13.009424 46.520134 0.205782 -0.640458 -0.704857 0.304944 0.197567 0.247063 1 9 1.000000
  9 -13.329432 45.798851 -2.217668 -0.461795 -0.831613 0.308489 0.445101 0.178527 1 9 1.000000
flesh_hand_01
  9 -14.140332 46.390606 -1.922971 -0.695992 -0.592390 0.405795 0.366964 0.111111 1 9 1.000000
  9 -13.329432 45.798851 -2.217668 -0.461795 -0.831613 0.308489 0.445101 0.178527 1 9 1.000000
  9 -13.009424 46.520134 0.205782 -0.640458 -0.704857 0.304944 0.197567 0.247063 1 9 1.000000
flesh_hand_01
  9 -13.009424 46.520134 0.205782 -0.640458 -0.704857 0.304944 0.197567 0.247063 1 9 1.000000
  9 -14.184661 47.214737 -1.459633 -0.801257 -0.470997 0.368984 0.307939 0.060185 1 9 1.000000
  9 -14.140332 46.390606 -1.922971 -0.695992 -0.592390 0.405795 0.366964 0.111111 1 9 1.000000
flesh_hand_01
  9 -14.269691 47.847633 -0.205492 -0.727174 -0.640177 0.247772 0.166088 0.060608 1 9 1.000000
  9 -14.184661 47.214737 -1.459633 -0.801257 -0.470997 0.368984 0.307939 0.060185 1 9 1.000000
  9 -13.009424 46.520134 0.205782 -0.640458 -0.704857 0.304944 0.197567 0.247063 1 9 1.000000
flesh_hand_01
  9 -11.806373 51.338009 -1.987581 -0.936747 0.313296 0.156048 0.998201 0.006092 1 9 1.000000
  9 -11.918029 51.178173 -2.484485 -0.903687 0.174977 -0.390811 0.995596 0.063893 1 9 1.000000
  9 -11.964808 50.687809 -1.780792 -0.938155 0.339035 0.070148 0.816884 0.002876 1 9 1.000000
flesh_hand_01
  9 -11.964808 50.687809 -1.780792 -0.938155 0.339035 0.070148 0.816884 0.002876 1 9 1.000000
  9 -12.150105 50.195324 -2.124076 -0.860863 0.161112 -0.482657 0.778339 0.060839 1 9 1.000000
  9 -12.222065 50.335972 -1.633622 -0.915397 0.388370 -0.105913 0.740821 -0.001234 1 9 1.000000
flesh_hand_01
  9 -12.111673 50.589336 -2.317185 -0.902338 0.120449 -0.413858 0.860869 0.062588 1 9 1.000000
  9 -12.150105 50.195324 -2.124076 -0.860863 0.161112 -0.482657 0.778339 0.060839 1 9 1.000000
  9 -11.964808 50.687809 -1.780792 -0.938155 0.339035 0.070148 0.816884 0.002876 1 9 1.000000
flesh_hand_01
  9 -11.964808 50.687809 -1.780792 -0.938155 0.339035 0.070148 0.816884 0.002876 1 9 1.000000
  9 -11.918029 51.178173 -2.484485 -0.903687 0.174977 -0.390811 0.995596 0.063893 1 9 1.000000
  9 -12.111673 50.589336 -2.317185 -0.902338 0.120449 -0.413858 0.860869 0.062588 1 9 1.000000
flesh_hand_01
  9 -11.918029 51.178173 -2.484485 -0.903687 0.174977 -0.390811 0.995596 0.063893 1 9 1.000000
  9 -11.652472 50.534531 -2.659437 -0.609384 -0.133180 -0.781610 0.904854 0.122299 1 9 1.000000
  9 -12.111673 50.589336 -2.317185 -0.902338 0.120449 -0.413858 0.860869 0.062588 1 9 1.000000
flesh_hand_01
  9 -11.426293 51.035320 -2.818513 -0.582099 -0.019208 -0.812891 0.992991 0.121694 1 9 1.000000
  9 -11.652472 50.534531 -2.659437 -0.609384 -0.133180 -0.781610 0.904854 0.122299 1 9 1.000000
  9 -11.918029 51.178173 -2.484485 -0.903687 0.174977 -0.390811 0.995596 0.063893 1 9 1.000000
flesh_hand_01
  9 -11.652472 50.534531 -2.659437 -0.609384 -0.133180 -0.781610 0.904854 0.122299 1 9 1.000000
  9 -11.657491 50.023182 -2.515170 -0.635032 -0.099629 -0.766034 0.815857 0.122911 1 9 1.000000
  9 -12.111673 50.589336 -2.317185 -0.902338 0.120449 -0.413858 0.860869 0.062588 1 9 1.000000
flesh_hand_01
  9 -12.111673 50.589336 -2.317185 -0.902338 0.120449 -0.413858 0.860869 0.062588 1 9 1.000000
  9 -11.657491 50.023182 -2.515170 -0.635032 -0.099629 -0.766034 0.815857 0.122911 1 9 1.000000
  9 -12.150105 50.195324 -2.124076 -0.860863 0.161112 -0.482657 0.778339 0.060839 1 9 1.000000
flesh_hand_01
  9 -9.277760 48.876778 -0.026289 0.444748 -0.892528 0.074786 0.992991 0.162102 1 9 1.000000
  9 -9.978058 48.595425 -0.214762 0.582470 -0.806471 0.101652 0.815857 0.163320 1 9 1.000000
  9 -9.379593 48.788734 -1.466751 0.444748 -0.892528 0.074786 0.998201 0.006092 1 9 1.000000
flesh_hand_01
  9 -9.379593 48.788734 -1.466751 0.444748 -0.892528 0.074786 0.998201 0.006092 1 9 1.000000
  9 -9.978058 48.595425 -0.214762 0.582470 -0.806471 0.101652 0.815857 0.163320 1 9 1.000000
  9 -9.886724 48.467396 -1.290584 0.582470 -0.806471 0.101652 0.816884 0.002876 1 9 1.000000
flesh_hand_01
  9 -9.978058 48.595425 -0.214762 0.582470 -0.806471 0.101652 0.815857 0.163320 1 9 1.000000
  9 -10.425088 48.103256 -0.297837 0.704409 -0.698564 0.125764 0.687547 0.163929 1 9 1.000000
  9 -9.886724 48.467396 -1.290584 0.582470 -0.806471 0.101652 0.816884 0.002876 1 9 1.000000
flesh_hand_01
  9 -9.886724 48.467396 -1.290584 0.582470 -0.806471 0.101652 0.816884 0.002876 1 9 1.000000
  9 -10.425088 48.103256 -0.297837 0.704409 -0.698564 0.125764 0.687547 0.163929 1 9 1.000000
  9 -10.422668 47.955368 -1.279692 0.704409 -0.698564 0.125764 0.686482 0.001268 1 9 1.000000
flesh_hand_01
  9 -10.675910 49.052437 0.558884 0.301741 -0.558239 0.772866 0.815857 0.163320 1 9 1.000000
  9 -11.026154 48.505150 0.328451 0.312366 -0.555603 0.770540 0.687547 0.163929 1 9 1.000000
  9 -9.895089 48.609715 -0.054668 0.246210 -0.565848 0.786891 0.816884 0.002876 1 9 1.000000
flesh_hand_01
  9 -9.895089 48.609715 -0.054668 0.246210 -0.565848 0.786891 0.816884 0.002876 1 9 1.000000
  9 -11.026154 48.505150 0.328451 0.312366 -0.555603 0.770540 0.687547 0.163929 1 9 1.000000
  9 -10.375967 48.061787 -0.277022 0.312366 -0.555603 0.770540 0.686482 0.001268 1 9 1.000000
flesh_hand_01
  9 -9.920126 49.767323 0.774779 0.132685 -0.575389 0.807045 0.992991 0.121694 1 9 1.000000
  9 -10.300129 49.335289 0.622416 0.212582 -0.569975 0.793686 0.904854 0.122299 1 9 1.000000
  9 -9.316080 48.921925 0.165918 0.132685 -0.575389 0.807045 0.998201 0.006092 1 9 1.000000
flesh_hand_01
  9 -9.316080 48.921925 0.165918 0.132685 -0.575389 0.807045 0.998201 0.006092 1 9 1.000000
  9 -10.300129 49.335289 0.622416 0.212582 -0.569975 0.793686 0.904854 0.122299 1 9 1.000000
  9 -9.895089 48.609715 -0.054668 0.246210 -0.565848 0.786891 0.816884 0.002876 1 9 1.000000
flesh_hand_01
  9 -10.300129 49.335289 0.622416 0.212582 -0.569975 0.793686 0.904854 0.122299 1 9 1.000000
  9 -10.675910 49.052437 0.558884 0.301741 -0.558239 0.772866 0.815857 0.122911 1 9 1.000000
  9 -9.895089 48.609715 -0.054668 0.246210 -0.565848 0.786891 0.816884 0.002876 1 9 1.000000
flesh_hand_01
  9 -14.002350 46.335346 -0.563382 -0.477649 0.512890 -0.713299 0.961019 0.332573 1 9 1.000000
  9 -14.039249 46.537521 0.027130 -0.542163 0.774963 0.324794 0.894484 0.332570 1 9 1.000000
  9 -13.881638 46.522827 -0.523810 -0.477649 0.512890 -0.713299 0.961888 0.300713 1 9 1.000000
flesh_hand_01
  9 -13.881638 46.522827 -0.523810 -0.477649 0.512890 -0.713299 0.961888 0.300713 1 9 1.000000
  9 -14.039249 46.537521 0.027130 -0.542163 0.774963 0.324794 0.894484 0.332570 1 9 1.000000
  9 -13.893957 46.658634 -0.056136 -0.542163 0.774963 0.324794 0.894847 0.300709 1 9 1.000000
flesh_hand_01
  9 -14.039249 46.537521 0.027130 -0.542163 0.774963 0.324794 0.894484 0.332570 1 9 1.000000
  9 -13.557264 46.484444 0.151920 0.209174 0.473883 0.855384 0.837127 0.300710 1 9 1.000000
  9 -13.893957 46.658634 -0.056136 -0.542163 0.774963 0.324794 0.894847 0.300709 1 9 1.000000
flesh_hand_01
  9 -13.718195 46.199055 0.360892 0.209174 0.473883 0.855384 0.837560 0.332571 1 9 1.000000
  9 -13.557264 46.484444 0.151920 0.209174 0.473883 0.855384 0.837127 0.300710 1 9 1.000000
  9 -14.039249 46.537521 0.027130 -0.542163 0.774963 0.324794 0.894484 0.332570 1 9 1.000000
flesh_hand_01
  9 -13.718195 46.199055 0.360892 0.209174 0.473883 0.855384 0.837560 0.332571 1 9 1.000000
  9 -13.205236 46.204742 0.040307 0.866288 -0.013882 0.499351 0.778636 0.300714 1 9 1.000000
  9 -13.557264 46.484444 0.151920 0.209174 0.473883 0.855384 0.837127 0.300710 1 9 1.000000
flesh_hand_01
  9 -13.284119 45.887142 0.153842 0.866288 -0.013882 0.499351 0.779281 0.332575 1 9 1.000000
  9 -13.205236 46.204742 0.040307 0.866288 -0.013882 0.499351 0.778636 0.300714 1 9 1.000000
  9 -13.718195 46.199055 0.360892 0.209174 0.473883 0.855384 0.837560 0.332571 1 9 1.000000
flesh_hand_01
  9 -13.284119 45.887142 0.153842 0.866288 -0.013882 0.499351 0.779281 0.332575 1 9 1.000000
  9 -13.235624 46.009857 -0.394390 0.868255 -0.202531 -0.452895 0.714844 0.300728 1 9 1.000000
  9 -13.205236 46.204742 0.040307 0.866288 -0.013882 0.499351 0.778636 0.300714 1 9 1.000000
flesh_hand_01
  9 -13.339058 45.664082 -0.402536 0.868255 -0.202531 -0.452895 0.715410 0.332590 1 9 1.000000
  9 -13.235624 46.009857 -0.394390 0.868255 -0.202531 -0.452895 0.714844 0.300728 1 9 1.000000
  9 -13.284119 45.887142 0.153842 0.866288 -0.013882 0.499351 0.779281 0.332575 1 9 1.000000
flesh_hand_01
  9 -13.339058 45.664082 -0.402536 0.868255 -0.202531 -0.452895 0.715410 0.332590 1 9 1.000000
  9 -13.696499 45.890186 -0.694592 0.273046 0.081142 -0.958573 0.657129 0.332583 1 9 1.000000
  9 -13.235624 46.009857 -0.394390 0.868255 -0.202531 -0.452895 0.714844 0.300728 1 9 1.000000
flesh_hand_01
  9 -13.235624 46.009857 -0.394390 0.868255 -0.202531 -0.452895 0.714844 0.300728 1 9 1.000000
  9 -13.696499 45.890186 -0.694592 0.273046 0.081142 -0.958573 0.657129 0.332583 1 9 1.000000
  9 -13.551620 46.232899 -0.612994 0.273046 0.081142 -0.958573 0.656892 0.300721 1 9 1.000000
flesh_hand_01
  9 -13.696499 45.890186 -0.694592 0.273046 0.081142 -0.958573 0.657129 0.332583 1 9 1.000000
  9 -14.002350 46.335346 -0.563382 -0.477649 0.512890 -0.713299 0.600988 0.332576 1 9 1.000000
  9 -13.551620 46.232899 -0.612994 0.273046 0.081142 -0.958573 0.656892 0.300721 1 9 1.000000
flesh_hand_01
  9 -13.551620 46.232899 -0.612994 0.273046 0.081142 -0.958573 0.656892 0.300721 1 9 1.000000
  9 -14.002350 46.335346 -0.563382 -0.477649 0.512890 -0.713299 0.600988 0.332576 1 9 1.000000
  9 -13.881638 46.522827 -0.523810 -0.477649 0.512890 -0.713299 0.601081 0.300715 1 9 1.000000
flesh_hand_01
  9 -13.420043 46.530354 0.451972 0.299113 0.495454 0.815510 0.041986 0.946097 1 9 1.000000
  9 -13.195223 46.744774 0.202078 0.299113 0.495454 0.815510 0.042868 0.874416 1 9 1.000000
  9 -13.924464 46.816658 0.071461 -0.318827 0.852588 0.414058 0.189073 0.935857 1 9 1.000000
flesh_hand_01
  9 -13.924464 46.816658 0.071461 -0.318827 0.852588 0.414058 0.189073 0.935857 1 9 1.000000
  9 -13.195223 46.744774 0.202078 0.299113 0.495454 0.815510 0.042868 0.874416 1 9 1.000000
  9 -13.536247 47.095829 -0.113873 -0.318827 0.852588 0.414058 0.187435 0.879626 1 9 1.000000
flesh_hand_01
  9 -13.924464 46.816658 0.071461 -0.318827 0.852588 0.414058 0.189073 0.935857 1 9 1.000000
  9 -13.536247 47.095829 -0.113873 -0.318827 0.852588 0.414058 0.187435 0.879626 1 9 1.000000
  9 -13.997534 46.822803 -0.307691 -0.500085 0.856463 -0.128009 0.347666 0.937840 1 9 1.000000
flesh_hand_01
  9 -13.997534 46.822803 -0.307691 -0.500085 0.856463 -0.128009 0.347666 0.937840 1 9 1.000000
  9 -13.536247 47.095829 -0.113873 -0.318827 0.852588 0.414058 0.187435 0.879626 1 9 1.000000
  9 -13.564088 47.058430 -0.353484 -0.500085 0.856463 -0.128009 0.340801 0.878648 1 9 1.000000
flesh_hand_01
  9 -13.626828 46.885586 -0.713200 -0.307036 0.629647 -0.713634 0.468487 0.880451 1 9 1.000000
  9 -13.997534 46.822803 -0.307691 -0.500085 0.856463 -0.128009 0.347666 0.937840 1 9 1.000000
  9 -13.564088 47.058430 -0.353484 -0.500085 0.856463 -0.128009 0.340801 0.878648 1 9 1.000000
flesh_hand_01
  9 -14.207414 46.533504 -0.830898 -0.307036 0.629647 -0.713634 0.474044 0.934522 1 9 1.000000
  9 -13.997534 46.822803 -0.307691 -0.500085 0.856463 -0.128009 0.347666 0.937840 1 9 1.000000
  9 -13.626828 46.885586 -0.713200 -0.307036 0.629647 -0.713634 0.468487 0.880451 1 9 1.000000
flesh_hand_01
  9 -14.207414 46.533504 -0.830898 -0.307036 0.629647 -0.713634 0.474044 0.934522 1 9 1.000000
  9 -13.626828 46.885586 -0.713200 -0.307036 0.629647 -0.713634 0.468487 0.880451 1 9 1.000000
  9 -13.736838 45.966755 -0.963620 0.192699 0.044812 -0.980234 0.608972 0.934274 1 9 1.000000
flesh_hand_01
  9 -13.736838 45.966755 -0.963620 0.192699 0.044812 -0.980234 0.608972 0.934274 1 9 1.000000
  9 -13.626828 46.885586 -0.713200 -0.307036 0.629647 -0.713634 0.468487 0.880451 1 9 1.000000
  9 -13.184182 46.567848 -0.902258 0.192699 0.044812 -0.980234 0.607176 0.880665 1 9 1.000000
flesh_hand_01
  9 -13.736838 45.966755 -0.963620 0.192699 0.044812 -0.980234 0.608972 0.934274 1 9 1.000000
  9 -13.184182 46.567848 -0.902258 0.192699 0.044812 -0.980234 0.607176 0.880665 1 9 1.000000
  9 -12.948252 45.802460 -0.622547 0.809874 -0.329609 -0.485245 0.714152 0.931788 1 9 1.000000
flesh_hand_01
  9 -12.948252 45.802460 -0.622547 0.809874 -0.329609 -0.485245 0.714152 0.931788 1 9 1.000000
  9 -13.184182 46.567848 -0.902258 0.192699 0.044812 -0.980234 0.607176 0.880665 1 9 1.000000
  9 -12.890087 46.156834 -0.582697 0.809874 -0.329609 -0.485245 0.716031 0.881913 1 9 1.000000
flesh_hand_01
  9 -12.789230 46.309269 0.017261 0.874024 -0.095727 0.476359 0.831392 0.880678 1 9 1.000000
  9 -12.948252 45.802460 -0.622547 0.809874 -0.329609 -0.485245 0.714152 0.931788 1 9 1.000000
  9 -12.890087 46.156834 -0.582697 0.809874 -0.329609 -0.485245 0.716031 0.881913 1 9 1.000000
flesh_hand_01
  9 -13.088282 45.816601 0.360683 0.874024 -0.095727 0.476359 0.825010 0.933990 1 9 1.000000
  9 -12.948252 45.802460 -0.622547 0.809874 -0.329609 -0.485245 0.714152 0.931788 1 9 1.000000
  9 -12.789230 46.309269 0.017261 0.874024 -0.095727 0.476359 0.831392 0.880678 1 9 1.000000
flesh_hand_01
  9 -13.088282 45.816601 0.360683 0.874024 -0.095727 0.476359 0.825010 0.933990 1 9 1.000000
  9 -12.789230 46.309269 0.017261 0.874024 -0.095727 0.476359 0.831392 0.880678 1 9 1.000000
  9 -13.420043 46.530354 0.451972 0.299113 0.495454 0.815510 0.972753 0.945005 1 9 1.000000
flesh_hand_01
  9 -13.420043 46.530354 0.451972 0.299113 0.495454 0.815510 0.972753 0.945005 1 9 1.000000
  9 -12.789230 46.309269 0.017261 0.874024 -0.095727 0.476359 0.831392 0.880678 1 9 1.000000
  9 -13.195223 46.744774 0.202078 0.299113 0.495454 0.815510 0.974944 0.874979 1 9 1.000000
flesh_hand_01
  9 -14.409769 46.271336 -0.643103 -0.440088 0.266334 0.857548 0.815857 0.163320 1 9 1.000000
  9 -13.707345 47.019371 -0.365095 -0.540229 0.451168 0.710352 0.687547 0.163929 1 9 1.000000
  9 -14.539111 46.858555 -0.895517 -0.579282 0.567569 0.585062 0.783110 0.082688 1 9 1.000000
flesh_hand_01
  9 -13.707345 47.019371 -0.365095 -0.540229 0.451168 0.710352 0.687547 0.163929 1 9 1.000000
  9 -13.971592 47.533028 -1.173649 -0.590610 0.677636 0.438165 0.686482 0.001268 1 9 1.000000
  9 -14.539111 46.858555 -0.895517 -0.579282 0.567569 0.585062 0.783110 0.082688 1 9 1.000000
flesh_hand_01
  9 -13.971592 47.533028 -1.173649 -0.590610 0.677636 0.438165 0.686482 0.001268 1 9 1.000000
  9 -14.474715 47.109531 -1.340899 -0.657051 0.722864 0.213898 0.750363 0.002056 1 9 1.000000
  9 -14.539111 46.858555 -0.895517 -0.579282 0.567569 0.585062 0.783110 0.082688 1 9 1.000000
flesh_hand_01
  9 -9.395814 49.460419 0.310018 0.292137 -0.712241 0.638254 0.992991 0.162102 1 9 1.000000
  9 -10.015373 49.021145 0.200427 0.437161 -0.625835 0.645926 0.815857 0.163320 1 9 1.000000
  9 -9.055207 49.036358 -0.222077 0.348975 -0.884581 0.309407 0.995596 0.084097 1 9 1.000000
flesh_hand_01
  9 -9.055207 49.036358 -0.222077 0.348975 -0.884581 0.309407 0.995596 0.084097 1 9 1.000000
  9 -10.015373 49.021145 0.200427 0.437161 -0.625835 0.645926 0.815857 0.163320 1 9 1.000000
  9 -9.886877 48.706253 -0.306804 0.561075 -0.765391 0.315233 0.816370 0.083098 1 9 1.000000
flesh_hand_01
  9 -10.015373 49.021145 0.200427 0.437161 -0.625835 0.645926 0.815857 0.163320 1 9 1.000000
  9 -10.518780 48.501331 0.091708 0.569700 -0.521558 0.635153 0.687547 0.163929 1 9 1.000000
  9 -9.886877 48.706253 -0.306804 0.561075 -0.765391 0.315233 0.816370 0.083098 1 9 1.000000
flesh_hand_01
  9 -9.886877 48.706253 -0.306804 0.561075 -0.765391 0.315233 0.816370 0.083098 1 9 1.000000
  9 -10.518780 48.501331 0.091708 0.569700 -0.521558 0.635153 0.687547 0.163929 1 9 1.000000
  9 -10.290999 48.119247 -0.292945 0.740384 -0.600358 0.302327 0.687014 0.082598 1 9 1.000000
flesh_hand_01
  9 -10.319895 48.179520 -0.790710 0.802887 -0.591436 -0.074675 0.686482 0.001268 1 9 1.000000
  9 -9.886877 48.706253 -0.306804 0.561075 -0.765391 0.315233 0.816370 0.083098 1 9 1.000000
  9 -10.290999 48.119247 -0.292945 0.740384 -0.600358 0.302327 0.687014 0.082598 1 9 1.000000
flesh_hand_01
  9 -9.863404 48.769260 -0.843718 0.604037 -0.793718 -0.071769 0.816884 0.002876 1 9 1.000000
  9 -9.886877 48.706253 -0.306804 0.561075 -0.765391 0.315233 0.816370 0.083098 1 9 1.000000
  9 -10.319895 48.179520 -0.790710 0.802887 -0.591436 -0.074675 0.686482 0.001268 1 9 1.000000
flesh_hand_01
  9 -9.251890 48.991058 -0.925858 0.356582 -0.932131 -0.063089 0.998201 0.006092 1 9 1.000000
  9 -9.886877 48.706253 -0.306804 0.561075 -0.765391 0.315233 0.816370 0.083098 1 9 1.000000
  9 -9.863404 48.769260 -0.843718 0.604037 -0.793718 -0.071769 0.816884 0.002876 1 9 1.000000
flesh_hand_01
  9 -9.055207 49.036358 -0.222077 0.348975 -0.884581 0.309407 0.995596 0.084097 1 9 1.000000
  9 -9.886877 48.706253 -0.306804 0.561075 -0.765391 0.315233 0.816370 0.083098 1 9 1.000000
  9 -9.251890 48.991058 -0.925858 0.356582 -0.932131 -0.063089 0.998201 0.006092 1 9 1.000000
flesh_hand_01
  9 -12.865038 44.336815 -0.672876 0.925952 -0.316826 -0.205509 0.992991 0.121694 1 9 1.000000
  9 -12.485006 45.290699 -0.484752 0.919207 -0.343193 -0.193070 0.904854 0.122299 1 9 1.000000
  9 -12.727696 44.282574 -0.024038 0.821752 -0.345766 0.452956 0.995596 0.063893 1 9 1.000000
flesh_hand_01
  9 -12.727696 44.282574 -0.024038 0.821752 -0.345766 0.452956 0.995596 0.063893 1 9 1.000000
  9 -12.485006 45.290699 -0.484752 0.919207 -0.343193 -0.193070 0.904854 0.122299 1 9 1.000000
  9 -12.363257 45.316254 0.078002 0.799397 -0.438265 0.410960 0.860869 0.062588 1 9 1.000000
flesh_hand_01
  9 -12.727696 44.282574 -0.024038 0.821752 -0.345766 0.452956 0.995596 0.063893 1 9 1.000000
  9 -12.363257 45.316254 0.078002 0.799397 -0.438265 0.410960 0.860869 0.062588 1 9 1.000000
  9 -13.241012 44.446945 0.206353 0.351650 -0.220747 0.909732 0.998201 0.006092 1 9 1.000000
flesh_hand_01
  9 -13.241012 44.446945 0.206353 0.351650 -0.220747 0.909732 0.998201 0.006092 1 9 1.000000
  9 -12.363257 45.316254 0.078002 0.799397 -0.438265 0.410960 0.860869 0.062588 1 9 1.000000
  9 -12.861796 45.562172 0.338292 0.233810 -0.432562 0.870760 0.816884 0.002876 1 9 1.000000
flesh_hand_01
  9 -13.599273 44.680176 -0.878254 0.296482 -0.264147 -0.917782 0.992991 0.121694 1 9 1.000000
  9 -13.173704 45.300060 -0.935133 0.307026 -0.272003 -0.912003 0.904854 0.122299 1 9 1.000000
  9 -12.992052 44.526299 -0.653754 0.757660 -0.442187 -0.480023 0.995596 0.063893 1 9 1.000000
flesh_hand_01
  9 -12.992052 44.526299 -0.653754 0.757660 -0.442187 -0.480023 0.995596 0.063893 1 9 1.000000
  9 -13.173704 45.300060 -0.935133 0.307026 -0.272003 -0.912003 0.904854 0.122299 1 9 1.000000
  9 -12.639240 45.237846 -0.728625 0.741212 -0.473283 -0.476033 0.860869 0.062588 1 9 1.000000
flesh_hand_01
  9 -12.992052 44.526299 -0.653754 0.757660 -0.442187 -0.480023 0.995596 0.063893 1 9 1.000000
  9 -12.639240 45.237846 -0.728625 0.741212 -0.473283 -0.476033 0.860869 0.062588 1 9 1.000000
  9 -13.074290 44.588272 -0.076705 0.888485 -0.427426 0.167035 0.998201 0.006092 1 9 1.000000
flesh_hand_01
  9 -13.074290 44.588272 -0.076705 0.888485 -0.427426 0.167035 0.998201 0.006092 1 9 1.000000
  9 -12.639240 45.237846 -0.728625 0.741212 -0.473283 -0.476033 0.860869 0.062588 1 9 1.000000
  9 -12.681449 45.375835 -0.132009 0.807600 -0.558616 0.189026 0.816884 0.002876 1 9 1.000000
flesh_hand_01
  9 -11.194843 48.638622 -3.067365 -0.080720 -0.545047 -0.834510 0.972815 0.631600 1 9 1.000000
  9 -11.460907 48.361889 -2.793280 0.012157 -0.447836 -0.894033 0.968542 0.685186 1 9 1.000000
  9 -11.710714 49.284634 -2.825711 -0.468734 -0.157446 -0.869194 0.905459 0.631298 1 9 1.000000
flesh_hand_01
  9 -11.710714 49.284634 -2.825711 -0.468734 -0.157446 -0.869194 0.905459 0.631298 1 9 1.000000
  9 -11.460907 48.361889 -2.793280 0.012157 -0.447836 -0.894033 0.968542 0.685186 1 9 1.000000
  9 -12.088934 48.793777 -2.613307 -0.387620 -0.100334 -0.916343 0.904340 0.684839 1 9 1.000000
flesh_hand_01
  9 -11.460907 48.361889 -2.793280 0.012157 -0.447836 -0.894033 0.968542 0.685186 1 9 1.000000
  9 -11.932475 47.721466 -2.615591 -0.001006 -0.239622 -0.970866 0.970142 0.732634 1 9 1.000000
  9 -12.088934 48.793777 -2.613307 -0.387620 -0.100334 -0.916343 0.904340 0.684839 1 9 1.000000
end
