// Created by Crowbar 0.74
version 1
nodes
  0 "bip_pelvis" -1
  1 "bip_hip_R" 0
  2 "bip_knee_R" 1
  3 "bip_foot_R" 2
  4 "bip_spine_0" 0
  5 "bip_spine_1" 4
  6 "bip_spine_2" 5
  7 "bip_spine_3" 6
  8 "bip_collar_R" 7
  9 "bip_upperArm_R" 8
  10 "bip_lowerArm_R" 9
  11 "bip_hand_R" 10
  12 "bip_Hand_Rotate1_R" 10
  13 "bip_hip_L" 0
  14 "bip_knee_L" 13
  15 "bip_foot_L" 14
  16 "bip_neck" 7
  17 "bip_head" 16
  18 "bip_collar_L" 7
  19 "bip_upperArm_L" 18
  20 "bip_lowerArm_L" 19
  21 "bip_hand_L" 20
  22 "bip_index_0_L" 21
  23 "bip_index_0_R" 11
  24 "bip_Hand_Rotate1_L" 20
  25 "bip_Arm_Rotate1_L" 19
  26 "bip_index_1_L" 22
  27 "bip_middle_0_L" 21
  28 "bip_middle_1_L" 27
  29 "bip_ring_0_L" 21
  30 "bip_ring_1_L" 29
  31 "bip_pinky_0_L" 21
  32 "bip_pinky_1_L" 31
  33 "bip_thumb_0_L" 21
  34 "bip_thumb_1_L" 33
  35 "bip_Hand_Rotate_L" 20
  36 "bip_Arm_Rotate_L" 19
  37 "bip_Pelvis_L" 13
  38 "bip_Arm_Rotate_R" 9
  39 "bip_Arm_Rotate1_R" 9
  40 "bip_kneeMid_L" 14
  41 "Elbow_R" 10
  42 "bip_Pelvis_R" 1
  43 "bip_kneeMid_R" 2
  44 "Elbow_L" 20
  45 "bip_index_1_R" 23
  46 "bip_middle_0_R" 11
  47 "bip_middle_1_R" 46
  48 "bip_ring_0_R" 11
  49 "bip_ring_1_R" 48
  50 "bip_pinky_0_R" 11
  51 "bip_pinky_1_R" 50
  52 "bip_thumb_0_R" 11
  53 "bip_thumb_1_R" 52
  54 "bip_Hand_Rotate_R" 10
  55 "bip_toeEnd_R" 3
  56 "bip_toeEnd_L" 15
  57 "bip_indexEnd_L" 26
  58 "bip_middleEnd_L" 28
  59 "bip_RingEnd_L" 30
  60 "bip_pinkyEnd_L" 32
  61 "bip_thumbEnd_L" 34
  62 "Wp_L" 21
  63 "bip_indexEnd_R" 45
  64 "bip_middleEnd_R" 47
  65 "bip_ringEnd_R" 49
  66 "bip_pinkyEnd_R" 51
  67 "bip_thumbEnd_R" 53
  68 "Wp_R" 11
  69 "bip_forward" 17
  70 "bip_clipbone" 11
end
skeleton
  time 0
    0 0.000000 39.563190 0.000000 0.000000 0.000000 0.000000
    1 -3.366135 -1.935646 1.480067 0.111246 0.039216 -1.700668
    2 16.045450 0.000000 0.000000 -0.000323 0.133775 -0.002420
    3 17.465778 0.000001 0.000001 -0.159390 -0.178530 1.736820
    4 0.000000 4.240540 1.190873 0.000000 0.000000 0.000000
    5 0.000000 5.143673 -0.566893 0.000000 0.000000 0.000000
    6 0.000000 4.011826 -0.435470 0.000000 0.000000 0.000000
    7 0.000000 3.724953 -0.655500 0.000000 0.000000 0.000000
    8 -2.166257 -0.155743 -0.180534 0.000000 0.000000 0.157080
    9 -4.301173 0.280510 -0.232197 1.514108 -0.019862 -2.351989
    10 11.236193 0.000000 0.000004 0.000001 -0.001411 0.443439
    11 9.693705 0.000000 0.000000 1.748300 -0.156891 3.091171
    12 7.480289 0.006109 -0.010555 1.740287 -0.001411 -3.140776
    13 3.366135 -1.935787 1.480067 -0.111239 0.039223 -1.440926
    14 16.045298 0.000001 0.000000 0.000323 0.133775 0.002421
    15 17.465788 0.000000 0.000000 2.982194 0.178536 1.404771
    16 0.000000 3.134243 -0.066059 0.000000 0.000000 0.000000
    17 0.063361 3.268921 0.898785 0.000000 0.000000 0.000000
    18 2.166257 -0.155926 -0.180536 3.141592 0.000000 -0.157080
    19 4.301145 -0.280594 0.232197 0.056693 0.019859 0.789599
    20 11.236181 -0.000027 -0.000006 0.000000 0.444256 0.000000
    21 9.693651 -0.013687 0.007915 0.169489 -0.050609 0.155683
    22 3.443607 -0.311180 -1.426107 0.025754 0.180665 0.039288
    23 -3.443645 0.311172 1.426091 0.025754 0.180665 0.039288
    24 7.480257 -0.000008 -0.000010 0.169489 0.000000 0.000000
    25 6.472908 -0.000031 -0.000001 -0.028346 0.000000 0.000000
    26 1.726654 -0.000004 0.000009 0.000000 0.000000 0.507966
    27 3.628399 -0.413433 -0.461199 -0.017992 0.035722 0.129722
    28 1.717384 -0.000019 -0.000012 0.000000 0.000000 0.296827
    29 3.622608 -0.257954 0.410928 -0.173205 -0.117278 0.214490
    30 1.717384 0.000017 0.000010 0.000000 0.000000 0.254297
    31 3.401308 0.004623 1.218914 -0.166412 -0.272554 0.134906
    32 1.462820 -0.000019 -0.000014 0.000000 0.000000 0.476304
    33 1.013556 0.134880 -1.638489 -0.195039 0.518495 0.573015
    34 1.567802 0.078053 0.000011 0.000000 0.302710 0.000000
    35 4.488096 -0.000061 -0.000023 0.084744 0.000000 0.000000
    36 3.480602 -0.000145 -0.000002 -0.043610 0.000000 0.000000
    37 2.222412 0.000015 -0.267579 -3.088133 -0.110996 1.564869
    38 3.480843 0.000000 0.000004 1.527190 0.000000 3.141593
    39 6.472961 0.000000 0.000000 1.542452 0.000000 3.141593
    40 0.000000 0.000000 0.000000 3.047043 0.186859 1.513152
    41 0.000002 -0.000001 0.000000 1.571107 -0.001377 2.920281
    42 2.222565 0.000001 -0.267583 0.053460 0.111003 1.576724
    43 0.000000 0.000000 0.000000 -0.094550 -0.186859 1.628441
    44 0.000000 0.000000 -0.000001 0.000000 -0.222128 0.000000
    45 -1.726627 0.000000 0.000000 0.000000 0.000000 0.507966
    46 -3.628420 0.413422 0.461190 -0.017992 0.035722 0.129722
    47 -1.717388 0.000000 0.000001 0.000000 0.000000 0.296827
    48 -3.622635 0.257938 -0.410944 -0.173205 -0.117278 0.214490
    49 -1.717390 -0.000002 0.000000 0.000000 0.000000 0.254297
    50 -3.401335 -0.004631 -1.218926 -0.166412 -0.272554 0.134906
    51 -1.462816 -0.000004 0.000000 0.000000 0.000000 0.476304
    52 -1.013588 -0.134895 1.638474 -0.195039 0.518495 0.573015
    53 -1.567801 -0.078051 0.000000 0.000000 0.302710 0.000000
    54 4.488173 0.003667 -0.006332 1.655541 -0.001411 -3.140776
    55 -0.035184 -3.529829 6.683560 0.000000 0.000000 0.000000
    56 0.035217 3.529826 -6.683582 0.000000 0.000000 0.000000
    57 1.878918 0.000004 -0.000005 -0.337833 0.000000 0.000000
    58 1.878918 0.000006 -0.000004 -0.337833 0.000000 0.000000
    59 1.878920 -0.000013 -0.000011 -0.337833 0.000000 0.000000
    60 1.878929 0.000004 0.000001 -0.337833 0.000000 0.000000
    61 1.490896 0.144535 -0.268490 -0.337833 0.000000 0.000000
    62 3.058685 1.032097 -0.605999 0.000000 0.334862 0.049595
    63 -1.878929 0.000002 0.000002 -0.337833 0.000000 0.000000
    64 -1.878931 0.000002 0.000001 -0.337833 0.000000 0.000000
    65 -1.878933 0.000002 0.000000 -0.337833 0.000000 0.000000
    66 -1.878937 0.000004 0.000000 -0.337833 0.000000 0.000000
    67 -1.490896 -0.144542 0.268478 -0.337833 0.000000 0.000000
    68 -3.058714 -1.032104 0.605986 0.000000 0.334862 0.049595
    69 0.000000 0.000000 4.750000 0.000000 -1.570796 -1.570796
    70 -2.849998 0.000000 0.000000 0.000000 0.000000 0.000000
end
triangles
flesh_hand_01
  6 -0.463432 52.422016 -3.655656 0.062030 0.315494 -0.946898 0.815857 0.163320 1 6 1.000000
  6 2.243523 53.261623 -2.974438 0.103885 0.402866 -0.909344 0.750363 0.002056 1 6 1.000000
  6 3.002583 50.884285 -3.940956 0.033708 0.364998 -0.930398 0.816884 0.002876 1 6 1.000000
flesh_hand_01
  6 -0.600737 47.999218 -5.341344 -0.022984 0.459641 -0.887807 0.992991 0.121694 1 6 1.000000
  6 -0.693133 50.367424 -4.134169 -0.001753 0.344969 -0.938612 0.904854 0.122299 1 6 1.000000
  6 3.235734 49.428612 -4.721927 -0.022984 0.459641 -0.887807 0.998201 0.006092 1 6 1.000000
flesh_hand_01
  6 3.235734 49.428612 -4.721927 -0.022984 0.459641 -0.887807 0.998201 0.006092 1 6 1.000000
  6 -0.693133 50.367424 -4.134169 -0.001753 0.344969 -0.938612 0.904854 0.122299 1 6 1.000000
  6 3.002583 50.884285 -3.940956 0.033708 0.364998 -0.930398 0.816884 0.002876 1 6 1.000000
flesh_hand_01
  6 -0.693133 50.367424 -4.134169 -0.001753 0.344969 -0.938612 0.904854 0.122299 1 6 1.000000
  6 -0.463432 52.422016 -3.655656 0.062030 0.315494 -0.946898 0.815857 0.122911 1 6 1.000000
  6 3.002583 50.884285 -3.940956 0.033708 0.364998 -0.930398 0.816884 0.002876 1 6 1.000000
flesh_hand_01
  6 7.019790 48.312016 -2.253192 0.540639 0.270948 -0.796428 0.992991 0.121694 1 6 1.000000
  6 4.561467 48.961514 -3.701012 0.495945 0.384394 -0.778640 0.998201 0.006092 1 6 1.000000
  6 6.653479 49.532536 -2.086628 0.476412 0.548142 -0.687439 0.904854 0.122299 1 6 1.000000
flesh_hand_01
  6 6.653479 49.532536 -2.086628 0.476412 0.548142 -0.687439 0.904854 0.122299 1 6 1.000000
  6 4.561467 48.961514 -3.701012 0.495945 0.384394 -0.778640 0.998201 0.006092 1 6 1.000000
  6 4.324547 50.104599 -3.090520 0.426347 0.670816 -0.606823 0.816884 0.002876 1 6 1.000000
flesh_hand_01
  6 6.653479 49.532536 -2.086628 0.476412 0.548142 -0.687439 0.904854 0.122299 1 6 1.000000
  6 4.324547 50.104599 -3.090520 0.426347 0.670816 -0.606823 0.816884 0.002876 1 6 1.000000
  6 5.839683 50.293003 -1.382476 0.386589 0.814413 -0.432759 0.815857 0.122911 1 6 1.000000
flesh_hand_01
  6 -5.340039 45.513855 -2.409192 -0.769092 0.374671 -0.517802 0.869806 0.129743 1 6 1.000000
  6 -5.656193 45.802643 -1.547853 -0.927461 0.368282 -0.064681 0.835145 0.069680 1 6 1.000000
  6 -4.393054 47.985546 -1.706502 -0.842348 0.468003 -0.267252 0.687547 0.163929 1 6 1.000000
flesh_hand_01
  6 -4.393054 47.985546 -1.706502 -0.842348 0.468003 -0.267252 0.687547 0.163929 1 6 1.000000
  6 -5.656193 45.802643 -1.547853 -0.927461 0.368282 -0.064681 0.835145 0.069680 1 6 1.000000
  6 -4.727705 47.756622 0.218259 -0.940511 0.295756 0.167232 0.694612 0.032273 1 6 1.000000
flesh_hand_01
  6 -4.727705 47.756622 0.218259 -0.940511 0.295756 0.167232 0.694612 0.032273 1 6 1.000000
  6 -5.656193 45.802643 -1.547853 -0.927461 0.368282 -0.064681 0.835145 0.069680 1 6 1.000000
  6 -5.050384 45.607422 -0.162159 -0.883622 0.205273 0.420803 0.822610 0.032289 1 6 1.000000
flesh_hand_01
  6 0.986443 52.784557 4.831237 -0.908487 -0.285062 -0.305599 0.976392 0.231185 1 6 1.000000
  6 1.044658 52.849972 5.251324 -0.659912 -0.028075 0.750818 0.980564 0.226935 1 6 1.000000
  6 1.041643 53.095917 4.892473 -0.563765 0.799846 -0.205951 0.979195 0.220487 1 6 1.000000
flesh_hand_01
  6 1.041643 53.095917 4.892473 -0.563765 0.799846 -0.205951 0.979195 0.220487 1 6 1.000000
  6 3.390318 52.335701 3.773337 -0.000504 0.945996 -0.324179 0.897862 0.212605 1 6 1.000000
  6 0.986443 52.784557 4.831237 -0.908487 -0.285062 -0.305599 0.976392 0.231185 1 6 1.000000
flesh_hand_01
  6 4.689407 51.472824 2.243211 -0.579321 -0.702520 -0.413344 0.846815 0.236660 1 6 1.000000
  6 5.633667 52.471375 0.600169 -0.443701 0.892412 0.082032 0.812667 0.211283 1 6 1.000000
  6 5.633667 51.635090 0.446640 -0.509668 -0.797715 -0.322318 0.814002 0.238707 1 6 1.000000
flesh_hand_01
  6 4.808940 52.075245 2.466032 -0.251351 0.952776 -0.170415 0.846557 0.214123 1 6 1.000000
  6 5.633667 52.471375 0.600169 -0.443701 0.892412 0.082032 0.812667 0.211283 1 6 1.000000
  6 4.689407 51.472824 2.243211 -0.579321 -0.702520 -0.413344 0.846815 0.236660 1 6 1.000000
flesh_hand_01
  6 4.689407 51.472824 2.243211 -0.579321 -0.702520 -0.413344 0.846815 0.236660 1 6 1.000000
  6 3.259015 51.892769 3.644105 -0.569651 -0.615843 -0.544276 0.896115 0.229062 1 6 1.000000
  6 4.808940 52.075245 2.466032 -0.251351 0.952776 -0.170415 0.846557 0.214123 1 6 1.000000
flesh_hand_01
  6 4.808940 52.075245 2.466032 -0.251351 0.952776 -0.170415 0.846557 0.214123 1 6 1.000000
  6 3.259015 51.892769 3.644105 -0.569651 -0.615843 -0.544276 0.896115 0.229062 1 6 1.000000
  6 3.390318 52.335701 3.773337 -0.000504 0.945996 -0.324179 0.897862 0.212605 1 6 1.000000
flesh_hand_01
  6 0.986443 52.784557 4.831237 -0.908487 -0.285062 -0.305599 0.976392 0.231185 1 6 1.000000
  6 3.390318 52.335701 3.773337 -0.000504 0.945996 -0.324179 0.897862 0.212605 1 6 1.000000
  6 3.259015 51.892769 3.644105 -0.569651 -0.615843 -0.544276 0.896115 0.229062 1 6 1.000000
flesh_hand_01
  6 3.629326 51.986427 4.144476 0.455676 -0.214997 0.863791 0.889573 0.241910 1 6 1.000000
  6 0.986443 52.784557 4.831237 -0.908487 -0.285062 -0.305599 0.976392 0.231185 1 6 1.000000
  6 3.259015 51.892769 3.644105 -0.569651 -0.615843 -0.544276 0.896115 0.229062 1 6 1.000000
flesh_hand_01
  6 1.044658 52.849972 5.251324 -0.659912 -0.028075 0.750818 0.977809 0.237604 1 6 1.000000
  6 0.986443 52.784557 4.831237 -0.908487 -0.285062 -0.305599 0.976392 0.231185 1 6 1.000000
  6 3.629326 51.986427 4.144476 0.455676 -0.214997 0.863791 0.889573 0.241910 1 6 1.000000
flesh_hand_01
  6 3.390318 52.335701 3.773337 -0.000504 0.945996 -0.324179 0.899969 0.246830 1 6 1.000000
  6 1.044658 52.849972 5.251324 -0.659912 -0.028075 0.750818 0.977809 0.237604 1 6 1.000000
  6 3.629326 51.986427 4.144476 0.455676 -0.214997 0.863791 0.889573 0.241910 1 6 1.000000
flesh_hand_01
  6 3.390318 52.335701 3.773337 -0.000504 0.945996 -0.324179 0.899969 0.246830 1 6 1.000000
  6 3.629326 51.986427 4.144476 0.455676 -0.214997 0.863791 0.889573 0.241910 1 6 1.000000
  6 4.808940 52.075245 2.466032 -0.251351 0.952776 -0.170415 0.853467 0.268995 1 6 1.000000
flesh_hand_01
  6 4.808940 52.075245 2.466032 -0.251351 0.952776 -0.170415 0.853467 0.268995 1 6 1.000000
  6 3.629326 51.986427 4.144476 0.455676 -0.214997 0.863791 0.889573 0.241910 1 6 1.000000
  6 5.311105 51.684811 2.789070 0.763209 -0.152447 0.627910 0.836829 0.259804 1 6 1.000000
flesh_hand_01
  6 5.311105 51.684811 2.789070 0.763209 -0.152447 0.627910 0.836829 0.259804 1 6 1.000000
  6 5.633667 52.471375 0.600169 -0.443701 0.892412 0.082032 0.817243 0.280112 1 6 1.000000
  6 4.808940 52.075245 2.466032 -0.251351 0.952776 -0.170415 0.853467 0.268995 1 6 1.000000
flesh_hand_01
  6 6.404324 52.043381 0.571377 0.974087 -0.060221 0.218007 0.805622 0.260070 1 6 1.000000
  6 5.633667 52.471375 0.600169 -0.443701 0.892412 0.082032 0.817243 0.280112 1 6 1.000000
  6 5.311105 51.684811 2.789070 0.763209 -0.152447 0.627910 0.836829 0.259804 1 6 1.000000
flesh_hand_01
  6 6.404324 52.043381 0.571377 0.974087 -0.060221 0.218007 0.805622 0.260070 1 6 1.000000
  6 5.710930 53.126804 -1.340127 -0.335257 0.829109 0.447415 0.790277 0.282020 1 6 1.000000
  6 5.633667 52.471375 0.600169 -0.443701 0.892412 0.082032 0.817243 0.280112 1 6 1.000000
flesh_hand_01
  6 6.284850 52.745945 -1.736190 0.906866 0.079582 -0.413836 0.799852 0.262613 1 6 1.000000
  6 5.710930 53.126804 -1.340127 -0.335257 0.829109 0.447415 0.790277 0.282020 1 6 1.000000
  6 6.404324 52.043381 0.571377 0.974087 -0.060221 0.218007 0.805622 0.260070 1 6 1.000000
flesh_hand_01
  6 6.284850 52.745945 -1.736190 0.906866 0.079582 -0.413836 0.799852 0.262613 1 6 1.000000
  6 3.849430 53.521488 -3.764646 0.351866 0.518094 -0.779595 0.727621 0.258303 1 6 1.000000
  6 5.710930 53.126804 -1.340127 -0.335257 0.829109 0.447415 0.790277 0.282020 1 6 1.000000
flesh_hand_01
  6 5.710930 52.236000 -1.503666 -0.427591 -0.901337 -0.068969 0.795462 0.238354 1 6 1.000000
  6 3.849430 53.521488 -3.764646 0.351866 0.518094 -0.779595 0.727621 0.258303 1 6 1.000000
  6 6.284850 52.745945 -1.736190 0.906866 0.079582 -0.413836 0.799852 0.262613 1 6 1.000000
flesh_hand_01
  6 3.343323 52.903732 -3.144984 -0.280349 -0.935275 0.216022 0.716886 0.237167 1 6 1.000000
  6 3.849430 53.521488 -3.764646 0.351866 0.518094 -0.779595 0.727621 0.258303 1 6 1.000000
  6 5.710930 52.236000 -1.503666 -0.427591 -0.901337 -0.068969 0.795462 0.238354 1 6 1.000000
flesh_hand_01
  6 5.710930 53.126804 -1.340127 -0.335257 0.829109 0.447415 0.792600 0.205673 1 6 1.000000
  6 3.343323 52.903732 -3.144984 -0.280349 -0.935275 0.216022 0.716886 0.237167 1 6 1.000000
  6 5.710930 52.236000 -1.503666 -0.427591 -0.901337 -0.068969 0.795462 0.238354 1 6 1.000000
flesh_hand_01
  6 6.284850 52.745945 -1.736190 0.906866 0.079582 -0.413836 0.799852 0.262613 1 6 1.000000
  6 6.404324 52.043381 0.571377 0.974087 -0.060221 0.218007 0.805622 0.260070 1 6 1.000000
  6 5.710930 52.236000 -1.503666 -0.427591 -0.901337 -0.068969 0.795462 0.238354 1 6 1.000000
flesh_hand_01
  6 3.629326 51.986427 4.144476 0.455676 -0.214997 0.863791 0.889573 0.241910 1 6 1.000000
  6 3.259015 51.892769 3.644105 -0.569651 -0.615843 -0.544276 0.896115 0.229062 1 6 1.000000
  6 5.311105 51.684811 2.789070 0.763209 -0.152447 0.627910 0.836829 0.259804 1 6 1.000000
flesh_hand_01
  6 5.311105 51.684811 2.789070 0.763209 -0.152447 0.627910 0.836829 0.259804 1 6 1.000000
  6 3.259015 51.892769 3.644105 -0.569651 -0.615843 -0.544276 0.896115 0.229062 1 6 1.000000
  6 4.689407 51.472824 2.243211 -0.579321 -0.702520 -0.413344 0.846815 0.236660 1 6 1.000000
flesh_hand_01
  6 5.633667 51.635090 0.446640 -0.509668 -0.797715 -0.322318 0.814002 0.238707 1 6 1.000000
  6 5.311105 51.684811 2.789070 0.763209 -0.152447 0.627910 0.836829 0.259804 1 6 1.000000
  6 4.689407 51.472824 2.243211 -0.579321 -0.702520 -0.413344 0.846815 0.236660 1 6 1.000000
flesh_hand_01
  6 6.404324 52.043381 0.571377 0.974087 -0.060221 0.218007 0.805622 0.260070 1 6 1.000000
  6 5.311105 51.684811 2.789070 0.763209 -0.152447 0.627910 0.836829 0.259804 1 6 1.000000
  6 5.633667 51.635090 0.446640 -0.509668 -0.797715 -0.322318 0.814002 0.238707 1 6 1.000000
flesh_hand_01
  6 5.710930 52.236000 -1.503666 -0.427591 -0.901337 -0.068969 0.795462 0.238354 1 6 1.000000
  6 6.404324 52.043381 0.571377 0.974087 -0.060221 0.218007 0.805622 0.260070 1 6 1.000000
  6 5.633667 51.635090 0.446640 -0.509668 -0.797715 -0.322318 0.814002 0.238707 1 6 1.000000
flesh_hand_01
  6 5.633667 52.471375 0.600169 -0.443701 0.892412 0.082032 0.812667 0.211283 1 6 1.000000
  6 5.710930 52.236000 -1.503666 -0.427591 -0.901337 -0.068969 0.795462 0.238354 1 6 1.000000
  6 5.633667 51.635090 0.446640 -0.509668 -0.797715 -0.322318 0.814002 0.238707 1 6 1.000000
flesh_hand_01
  6 5.710930 53.126804 -1.340127 -0.335257 0.829109 0.447415 0.792600 0.205673 1 6 1.000000
  6 5.710930 52.236000 -1.503666 -0.427591 -0.901337 -0.068969 0.795462 0.238354 1 6 1.000000
  6 5.633667 52.471375 0.600169 -0.443701 0.892412 0.082032 0.812667 0.211283 1 6 1.000000
flesh_hand_01
  6 3.343323 52.903732 -3.144984 -0.280349 -0.935275 0.216022 0.716886 0.237167 1 6 1.000000
  6 0.162934 53.590069 -3.201430 -0.004378 -0.956888 0.290424 0.615210 0.236876 1 6 1.000000
  6 3.849430 53.521488 -3.764646 0.351866 0.518094 -0.779595 0.727621 0.258303 1 6 1.000000
flesh_hand_01
  6 1.041643 53.095917 4.892473 -0.563765 0.799846 -0.205951 0.980315 0.243824 1 6 1.000000
  6 1.044658 52.849972 5.251324 -0.659912 -0.028075 0.750818 0.977809 0.237604 1 6 1.000000
  6 3.390318 52.335701 3.773337 -0.000504 0.945996 -0.324179 0.899969 0.246830 1 6 1.000000
flesh_hand_01
  6 -5.958954 52.745945 -1.736191 -0.906867 0.079581 -0.413835 0.799852 0.262613 1 6 1.000000
  6 -5.385034 53.126804 -1.340127 0.335257 0.829110 0.447415 0.790277 0.282020 1 6 1.000000
  6 -3.523564 53.521488 -3.764646 -0.361894 0.504781 -0.783728 0.727621 0.258303 1 6 1.000000
flesh_hand_01
  6 -3.523564 53.521488 -3.764646 -0.361894 0.504781 -0.783728 0.727621 0.258303 1 6 1.000000
  6 -5.385034 53.126804 -1.340127 0.335257 0.829110 0.447415 0.790277 0.282020 1 6 1.000000
  6 -3.017457 53.849072 -2.971433 0.018028 0.749001 0.662324 0.709050 0.273080 1 6 1.000000
flesh_hand_01
  6 -3.017457 53.849072 -2.971433 0.018028 0.749001 0.662324 0.709050 0.273080 1 6 1.000000
  6 0.162934 54.392399 -3.483469 -0.069144 0.952559 -0.296394 0.608339 0.263697 1 6 1.000000
  6 -3.523564 53.521488 -3.764646 -0.361894 0.504781 -0.783728 0.727621 0.258303 1 6 1.000000
flesh_hand_01
  6 -3.523564 53.521488 -3.764646 -0.361894 0.504781 -0.783728 0.727621 0.258303 1 6 1.000000
  6 0.162934 54.392399 -3.483469 -0.069144 0.952559 -0.296394 0.608339 0.263697 1 6 1.000000
  6 0.162934 54.233883 -3.970985 0.068827 0.664052 -0.744512 0.610161 0.254377 1 6 1.000000
flesh_hand_01
  6 0.162934 54.392399 -3.483469 -0.069144 0.952559 -0.296394 0.608339 0.263697 1 6 1.000000
  6 3.849430 53.521488 -3.764646 0.351866 0.518094 -0.779595 0.727621 0.258303 1 6 1.000000
  6 0.162934 54.233883 -3.970985 0.068827 0.664052 -0.744512 0.610161 0.254377 1 6 1.000000
flesh_hand_01
  6 0.162934 54.535412 -3.027879 0.074266 0.905051 0.418769 0.607413 0.272406 1 6 1.000000
  6 3.849430 53.521488 -3.764646 0.351866 0.518094 -0.779595 0.727621 0.258303 1 6 1.000000
  6 0.162934 54.392399 -3.483469 -0.069144 0.952559 -0.296394 0.608339 0.263697 1 6 1.000000
flesh_hand_01
  6 3.849430 53.521488 -3.764646 0.351866 0.518094 -0.779595 0.727621 0.258303 1 6 1.000000
  6 0.162934 54.535412 -3.027879 0.074266 0.905051 0.418769 0.607413 0.272406 1 6 1.000000
  6 3.343323 53.849072 -2.971433 -0.016034 0.746143 0.665592 0.709050 0.273080 1 6 1.000000
flesh_hand_01
  6 5.710930 53.126804 -1.340127 -0.335257 0.829109 0.447415 0.790277 0.282020 1 6 1.000000
  6 3.849430 53.521488 -3.764646 0.351866 0.518094 -0.779595 0.727621 0.258303 1 6 1.000000
  6 3.343323 53.849072 -2.971433 -0.016034 0.746143 0.665592 0.709050 0.273080 1 6 1.000000
flesh_hand_01
  6 0.162934 54.535412 -3.027879 0.074266 0.905051 0.418769 0.607413 0.272406 1 6 1.000000
  6 0.162934 54.392399 -3.483469 -0.069144 0.952559 -0.296394 0.608339 0.263697 1 6 1.000000
  6 -3.017457 53.849072 -2.971433 0.018028 0.749001 0.662324 0.709050 0.273080 1 6 1.000000
flesh_hand_01
  6 0.162934 53.590069 -3.201430 -0.004378 -0.956888 0.290424 0.615210 0.236876 1 6 1.000000
  6 -3.017457 52.903732 -3.144984 0.265603 -0.933924 0.239250 0.716886 0.237167 1 6 1.000000
  6 0.162934 54.233883 -3.970985 0.068827 0.664052 -0.744512 0.610161 0.254377 1 6 1.000000
flesh_hand_01
  6 0.162934 54.233883 -3.970985 0.068827 0.664052 -0.744512 0.610161 0.254377 1 6 1.000000
  6 -3.017457 52.903732 -3.144984 0.265603 -0.933924 0.239250 0.716886 0.237167 1 6 1.000000
  6 -3.523564 53.521488 -3.764646 -0.361894 0.504781 -0.783728 0.727621 0.258303 1 6 1.000000
flesh_hand_01
  6 -3.017457 52.903732 -3.144984 0.265603 -0.933924 0.239250 0.716886 0.237167 1 6 1.000000
  6 -5.385034 52.236000 -1.503666 0.427592 -0.901337 -0.068970 0.795462 0.238354 1 6 1.000000
  6 -3.523564 53.521488 -3.764646 -0.361894 0.504781 -0.783728 0.727621 0.258303 1 6 1.000000
flesh_hand_01
  6 -3.523564 53.521488 -3.764646 -0.361894 0.504781 -0.783728 0.727621 0.258303 1 6 1.000000
  6 -5.385034 52.236000 -1.503666 0.427592 -0.901337 -0.068970 0.795462 0.238354 1 6 1.000000
  6 -5.958954 52.745945 -1.736191 -0.906867 0.079581 -0.413835 0.799852 0.262613 1 6 1.000000
flesh_hand_01
  6 -5.385034 52.236000 -1.503666 0.427592 -0.901337 -0.068970 0.795462 0.238354 1 6 1.000000
  6 -6.078429 52.043381 0.571377 -0.994293 -0.040129 0.098846 0.805622 0.260070 1 6 1.000000
  6 -5.958954 52.745945 -1.736191 -0.906867 0.079581 -0.413835 0.799852 0.262613 1 6 1.000000
flesh_hand_01
  6 -6.078429 52.043381 0.571377 -0.994293 -0.040129 0.098846 0.805622 0.260070 1 6 1.000000
  6 -5.385034 53.126804 -1.340127 0.335257 0.829110 0.447415 0.790277 0.282020 1 6 1.000000
  6 -5.958954 52.745945 -1.736191 -0.906867 0.079581 -0.413835 0.799852 0.262613 1 6 1.000000
flesh_hand_01
  6 -5.307772 52.471375 0.600166 0.466926 0.869808 0.159416 0.817243 0.280112 1 6 1.000000
  6 -5.385034 53.126804 -1.340127 0.335257 0.829110 0.447415 0.790277 0.282020 1 6 1.000000
  6 -6.078429 52.043381 0.571377 -0.994293 -0.040129 0.098846 0.805622 0.260070 1 6 1.000000
flesh_hand_01
  6 -6.078429 52.043381 0.571377 -0.994293 -0.040129 0.098846 0.805622 0.260070 1 6 1.000000
  6 -5.105641 52.079021 2.447651 0.311034 0.947387 -0.075607 0.853467 0.268995 1 6 1.000000
  6 -5.307772 52.471375 0.600166 0.466926 0.869808 0.159416 0.817243 0.280112 1 6 1.000000
flesh_hand_01
  6 -5.307772 51.635090 0.446638 0.529335 -0.816688 -0.229838 0.814002 0.238707 1 6 1.000000
  6 -6.078429 52.043381 0.571377 -0.994293 -0.040129 0.098846 0.805622 0.260070 1 6 1.000000
  6 -5.385034 52.236000 -1.503666 0.427592 -0.901337 -0.068970 0.795462 0.238354 1 6 1.000000
flesh_hand_01
  6 3.343323 53.849072 -2.971433 -0.016034 0.746143 0.665592 0.712663 0.204444 1 6 1.000000
  6 3.343323 52.903732 -3.144984 -0.280349 -0.935275 0.216022 0.716886 0.237167 1 6 1.000000
  6 5.710930 53.126804 -1.340127 -0.335257 0.829109 0.447415 0.792600 0.205673 1 6 1.000000
flesh_hand_01
  6 3.343323 52.903732 -3.144984 -0.280349 -0.935275 0.216022 0.716886 0.237167 1 6 1.000000
  6 3.343323 53.849072 -2.971433 -0.016034 0.746143 0.665592 0.712663 0.204444 1 6 1.000000
  6 0.162934 53.590069 -3.201430 -0.004378 -0.956888 0.290424 0.615210 0.236876 1 6 1.000000
flesh_hand_01
  6 0.162934 53.590069 -3.201430 -0.004378 -0.956888 0.290424 0.615210 0.236876 1 6 1.000000
  6 3.343323 53.849072 -2.971433 -0.016034 0.746143 0.665592 0.712663 0.204444 1 6 1.000000
  6 0.162934 54.535412 -3.027879 0.074266 0.905051 0.418769 0.609472 0.204017 1 6 1.000000
flesh_hand_01
  6 0.162934 54.535412 -3.027879 0.074266 0.905051 0.418769 0.609472 0.204017 1 6 1.000000
  6 -3.017457 53.849072 -2.971433 0.018028 0.749001 0.662324 0.712663 0.204444 1 6 1.000000
  6 0.162934 53.590069 -3.201430 -0.004378 -0.956888 0.290424 0.615210 0.236876 1 6 1.000000
flesh_hand_01
  6 0.162934 53.590069 -3.201430 -0.004378 -0.956888 0.290424 0.615210 0.236876 1 6 1.000000
  6 -3.017457 53.849072 -2.971433 0.018028 0.749001 0.662324 0.712663 0.204444 1 6 1.000000
  6 -3.017457 52.903732 -3.144984 0.265603 -0.933924 0.239250 0.716886 0.237167 1 6 1.000000
flesh_hand_01
  6 -5.385034 53.126804 -1.340127 0.335257 0.829110 0.447415 0.792600 0.205673 1 6 1.000000
  6 -3.017457 52.903732 -3.144984 0.265603 -0.933924 0.239250 0.716886 0.237167 1 6 1.000000
  6 -3.017457 53.849072 -2.971433 0.018028 0.749001 0.662324 0.712663 0.204444 1 6 1.000000
flesh_hand_01
  6 -5.385034 52.236000 -1.503666 0.427592 -0.901337 -0.068970 0.795462 0.238354 1 6 1.000000
  6 -3.017457 52.903732 -3.144984 0.265603 -0.933924 0.239250 0.716886 0.237167 1 6 1.000000
  6 -5.385034 53.126804 -1.340127 0.335257 0.829110 0.447415 0.792600 0.205673 1 6 1.000000
flesh_hand_01
  6 -5.307772 52.471375 0.600166 0.466926 0.869808 0.159416 0.812667 0.211283 1 6 1.000000
  6 -5.385034 52.236000 -1.503666 0.427592 -0.901337 -0.068970 0.795462 0.238354 1 6 1.000000
  6 -5.385034 53.126804 -1.340127 0.335257 0.829110 0.447415 0.792600 0.205673 1 6 1.000000
flesh_hand_01
  6 -5.307772 51.635090 0.446638 0.529335 -0.816688 -0.229838 0.814002 0.238707 1 6 1.000000
  6 -5.385034 52.236000 -1.503666 0.427592 -0.901337 -0.068970 0.795462 0.238354 1 6 1.000000
  6 -5.307772 52.471375 0.600166 0.466926 0.869808 0.159416 0.812667 0.211283 1 6 1.000000
flesh_hand_01
  6 -5.307772 52.471375 0.600166 0.466926 0.869808 0.159416 0.812667 0.211283 1 6 1.000000
  6 -4.986108 51.476601 2.224831 0.618973 -0.727967 -0.294851 0.846815 0.236660 1 6 1.000000
  6 -5.307772 51.635090 0.446638 0.529335 -0.816688 -0.229838 0.814002 0.238707 1 6 1.000000
flesh_hand_01
  6 -5.307772 51.635090 0.446638 0.529335 -0.816688 -0.229838 0.814002 0.238707 1 6 1.000000
  6 -4.986108 51.476601 2.224831 0.618973 -0.727967 -0.294851 0.846815 0.236660 1 6 1.000000
  6 -6.078429 52.043381 0.571377 -0.994293 -0.040129 0.098846 0.805622 0.260070 1 6 1.000000
flesh_hand_01
  6 -6.078429 52.043381 0.571377 -0.994293 -0.040129 0.098846 0.805622 0.260070 1 6 1.000000
  6 -4.986108 51.476601 2.224831 0.618973 -0.727967 -0.294851 0.846815 0.236660 1 6 1.000000
  6 -5.607836 51.688587 2.770689 -0.876449 -0.140178 0.460638 0.836829 0.259804 1 6 1.000000
flesh_hand_01
  6 -5.607836 51.688587 2.770689 -0.876449 -0.140178 0.460638 0.836829 0.259804 1 6 1.000000
  6 -5.105641 52.079021 2.447651 0.311034 0.947387 -0.075607 0.853467 0.268995 1 6 1.000000
  6 -6.078429 52.043381 0.571377 -0.994293 -0.040129 0.098846 0.805622 0.260070 1 6 1.000000
flesh_hand_01
  6 -5.607836 51.688587 2.770689 -0.876449 -0.140178 0.460638 0.836829 0.259804 1 6 1.000000
  6 -3.926055 51.914948 4.492523 -0.609322 -0.258313 0.749668 0.889573 0.241910 1 6 1.000000
  6 -5.105641 52.079021 2.447651 0.311034 0.947387 -0.075607 0.853467 0.268995 1 6 1.000000
flesh_hand_01
  6 -5.105641 52.079021 2.447651 0.311034 0.947387 -0.075607 0.853467 0.268995 1 6 1.000000
  6 -3.926055 51.914948 4.492523 -0.609322 -0.258313 0.749668 0.889573 0.241910 1 6 1.000000
  6 -3.687019 52.264225 4.121384 0.082831 0.957404 -0.276616 0.899969 0.246830 1 6 1.000000
flesh_hand_01
  6 -3.687019 52.264225 4.121384 0.082831 0.957404 -0.276616 0.899969 0.246830 1 6 1.000000
  6 -3.926055 51.914948 4.492523 -0.609322 -0.258313 0.749668 0.889573 0.241910 1 6 1.000000
  6 -1.871385 52.913414 5.781102 0.623122 0.765766 -0.159126 0.980315 0.243824 1 6 1.000000
flesh_hand_01
  6 -1.871385 52.913414 5.781102 0.623122 0.765766 -0.159126 0.980315 0.243824 1 6 1.000000
  6 -3.926055 51.914948 4.492523 -0.609322 -0.258313 0.749668 0.889573 0.241910 1 6 1.000000
  6 -1.874429 52.667473 6.139948 0.602215 -0.097739 0.792328 0.977809 0.237604 1 6 1.000000
flesh_hand_01
  6 -1.874429 52.667473 6.139948 0.602215 -0.097739 0.792328 0.977809 0.237604 1 6 1.000000
  6 -3.926055 51.914948 4.492523 -0.609322 -0.258313 0.749668 0.889573 0.241910 1 6 1.000000
  6 -1.816214 52.602055 5.719862 0.942667 -0.257283 -0.212564 0.976392 0.231185 1 6 1.000000
flesh_hand_01
  6 -3.555686 51.821293 3.992155 0.667341 -0.597997 -0.443910 0.896115 0.229062 1 6 1.000000
  6 -5.607836 51.688587 2.770689 -0.876449 -0.140178 0.460638 0.836829 0.259804 1 6 1.000000
  6 -4.986108 51.476601 2.224831 0.618973 -0.727967 -0.294851 0.846815 0.236660 1 6 1.000000
flesh_hand_01
  6 -3.926055 51.914948 4.492523 -0.609322 -0.258313 0.749668 0.889573 0.241910 1 6 1.000000
  6 -5.607836 51.688587 2.770689 -0.876449 -0.140178 0.460638 0.836829 0.259804 1 6 1.000000
  6 -3.555686 51.821293 3.992155 0.667341 -0.597997 -0.443910 0.896115 0.229062 1 6 1.000000
flesh_hand_01
  6 -1.816214 52.602055 5.719862 0.942667 -0.257283 -0.212564 0.976392 0.231185 1 6 1.000000
  6 -3.926055 51.914948 4.492523 -0.609322 -0.258313 0.749668 0.889573 0.241910 1 6 1.000000
  6 -3.555686 51.821293 3.992155 0.667341 -0.597997 -0.443910 0.896115 0.229062 1 6 1.000000
flesh_hand_01
  6 -3.555686 51.821293 3.992155 0.667341 -0.597997 -0.443910 0.896115 0.229062 1 6 1.000000
  6 -3.687019 52.264225 4.121384 0.082831 0.957404 -0.276616 0.897862 0.212605 1 6 1.000000
  6 -1.816214 52.602055 5.719862 0.942667 -0.257283 -0.212564 0.976392 0.231185 1 6 1.000000
flesh_hand_01
  6 -3.687019 52.264225 4.121384 0.082831 0.957404 -0.276616 0.897862 0.212605 1 6 1.000000
  6 -3.555686 51.821293 3.992155 0.667341 -0.597997 -0.443910 0.896115 0.229062 1 6 1.000000
  6 -5.105641 52.079021 2.447651 0.311034 0.947387 -0.075607 0.846557 0.214123 1 6 1.000000
flesh_hand_01
  6 -5.105641 52.079021 2.447651 0.311034 0.947387 -0.075607 0.846557 0.214123 1 6 1.000000
  6 -3.555686 51.821293 3.992155 0.667341 -0.597997 -0.443910 0.896115 0.229062 1 6 1.000000
  6 -4.986108 51.476601 2.224831 0.618973 -0.727967 -0.294851 0.846815 0.236660 1 6 1.000000
flesh_hand_01
  6 -5.105641 52.079021 2.447651 0.311034 0.947387 -0.075607 0.846557 0.214123 1 6 1.000000
  6 -4.986108 51.476601 2.224831 0.618973 -0.727967 -0.294851 0.846815 0.236660 1 6 1.000000
  6 -5.307772 52.471375 0.600166 0.466926 0.869808 0.159416 0.812667 0.211283 1 6 1.000000
flesh_hand_01
  6 -1.816214 52.602055 5.719862 0.942667 -0.257283 -0.212564 0.976392 0.231185 1 6 1.000000
  6 -1.871385 52.913414 5.781102 0.623122 0.765766 -0.159126 0.979195 0.220487 1 6 1.000000
  6 -1.874429 52.667473 6.139948 0.602215 -0.097739 0.792328 0.980564 0.226935 1 6 1.000000
flesh_hand_01
  6 -1.816214 52.602055 5.719862 0.942667 -0.257283 -0.212564 0.976392 0.231185 1 6 1.000000
  6 -3.687019 52.264225 4.121384 0.082831 0.957404 -0.276616 0.897862 0.212605 1 6 1.000000
  6 -1.871385 52.913414 5.781102 0.623122 0.765766 -0.159126 0.979195 0.220487 1 6 1.000000
flesh_hand_01
  6 -4.894958 48.253254 -0.921062 0.187809 -0.539899 0.820510 0.687547 0.163929 1 6 1.000000
  6 -2.959240 48.010220 -2.535740 0.641839 -0.336526 0.689052 0.694612 0.032273 1 6 1.000000
  6 -3.363791 48.769611 -1.242027 0.367983 -0.747078 0.553591 0.687014 0.082598 1 6 1.000000
flesh_hand_01
  6 -5.520599 46.679749 -2.750355 -0.547828 -0.355995 0.757068 0.869806 0.129743 1 6 1.000000
  6 -3.939914 46.205353 -1.768699 0.297857 -0.286845 0.910495 0.835145 0.069680 1 6 1.000000
  6 -4.894958 48.253254 -0.921062 0.187809 -0.539899 0.820510 0.687547 0.163929 1 6 1.000000
flesh_hand_01
  6 -4.894958 48.253254 -0.921062 0.187809 -0.539899 0.820510 0.687547 0.163929 1 6 1.000000
  6 -3.939914 46.205353 -1.768699 0.297857 -0.286845 0.910495 0.835145 0.069680 1 6 1.000000
  6 -2.959240 48.010220 -2.535740 0.641839 -0.336526 0.689052 0.694612 0.032273 1 6 1.000000
flesh_hand_01
  6 -2.959240 48.010220 -2.535740 0.641839 -0.336526 0.689052 0.694612 0.032273 1 6 1.000000
  6 -3.939914 46.205353 -1.768699 0.297857 -0.286845 0.910495 0.835145 0.069680 1 6 1.000000
  6 -3.124377 46.900497 -2.636597 0.780582 -0.184128 0.597318 0.822610 0.032289 1 6 1.000000
flesh_hand_01
  6 -4.985877 47.193405 -0.386659 -0.783513 0.621184 0.015384 0.869806 0.129743 1 6 1.000000
  6 -5.055224 47.052841 0.947211 -0.793087 0.293537 0.533712 0.835145 0.069680 1 6 1.000000
  6 -4.066376 48.452480 0.793585 -0.758953 0.570628 0.313645 0.687547 0.163929 1 6 1.000000
flesh_hand_01
  6 -4.066376 48.452480 0.793585 -0.758953 0.570628 0.313645 0.687547 0.163929 1 6 1.000000
  6 -5.055224 47.052841 0.947211 -0.793087 0.293537 0.533712 0.835145 0.069680 1 6 1.000000
  6 -3.173431 47.504799 2.603538 -0.673391 0.153477 0.723180 0.685842 0.036252 1 6 1.000000
flesh_hand_01
  6 -3.173431 47.504799 2.603538 -0.673391 0.153477 0.723180 0.685842 0.036252 1 6 1.000000
  6 -5.055224 47.052841 0.947211 -0.793087 0.293537 0.533712 0.835145 0.069680 1 6 1.000000
  6 -3.575981 46.592674 2.004295 -0.537647 -0.272322 0.797983 0.805895 0.035328 1 6 1.000000
flesh_hand_01
  6 -3.590100 45.717106 -1.853349 -0.302157 0.290337 -0.907968 0.992991 0.121694 1 6 1.000000
  6 -4.781514 47.114067 -1.010165 -0.852425 0.347318 -0.390821 0.860869 0.062588 1 6 1.000000
  6 -3.345150 46.776367 -1.633375 -0.322019 0.260149 -0.910289 0.904854 0.122299 1 6 1.000000
flesh_hand_01
  6 -5.350766 46.011898 -1.210388 -0.820254 0.454659 -0.347087 0.995596 0.063893 1 6 1.000000
  6 -4.781514 47.114067 -1.010165 -0.852425 0.347318 -0.390821 0.860869 0.062588 1 6 1.000000
  6 -3.590100 45.717106 -1.853349 -0.302157 0.290337 -0.907968 0.992991 0.121694 1 6 1.000000
flesh_hand_01
  6 -4.815579 45.715847 0.045324 -0.837984 0.341633 0.425522 0.998201 0.006092 1 6 1.000000
  6 -4.781514 47.114067 -1.010165 -0.852425 0.347318 -0.390821 0.860869 0.062588 1 6 1.000000
  6 -5.350766 46.011898 -1.210388 -0.820254 0.454659 -0.347087 0.995596 0.063893 1 6 1.000000
flesh_hand_01
  6 -4.175703 46.918846 0.375529 -0.912380 0.026726 0.408471 0.816884 0.002876 1 6 1.000000
  6 -4.781514 47.114067 -1.010165 -0.852425 0.347318 -0.390821 0.860869 0.062588 1 6 1.000000
  6 -4.815579 45.715847 0.045324 -0.837984 0.341633 0.425522 0.998201 0.006092 1 6 1.000000
flesh_hand_01
  6 -2.987420 48.763657 -1.266724 -0.588371 -0.025695 -0.808183 0.687547 0.163929 1 6 1.000000
  6 -4.485567 48.327164 0.759193 -0.934150 -0.316358 -0.165168 0.694612 0.032273 1 6 1.000000
  6 -4.427931 48.686321 -0.395149 -0.131088 -0.944734 -0.300488 0.687014 0.082598 1 6 1.000000
flesh_hand_01
  6 -3.345150 46.776367 -1.633375 -0.322019 0.260149 -0.910289 0.869806 0.129743 1 6 1.000000
  6 -4.781514 47.114067 -1.010165 -0.852425 0.347318 -0.390821 0.835145 0.069680 1 6 1.000000
  6 -2.987420 48.763657 -1.266724 -0.588371 -0.025695 -0.808183 0.687547 0.163929 1 6 1.000000
flesh_hand_01
  6 -2.987420 48.763657 -1.266724 -0.588371 -0.025695 -0.808183 0.687547 0.163929 1 6 1.000000
  6 -4.781514 47.114067 -1.010165 -0.852425 0.347318 -0.390821 0.835145 0.069680 1 6 1.000000
  6 -4.485567 48.327164 0.759193 -0.934150 -0.316358 -0.165168 0.694612 0.032273 1 6 1.000000
flesh_hand_01
  6 -4.485567 48.327164 0.759193 -0.934150 -0.316358 -0.165168 0.694612 0.032273 1 6 1.000000
  6 -4.781514 47.114067 -1.010165 -0.852425 0.347318 -0.390821 0.835145 0.069680 1 6 1.000000
  6 -4.175703 46.918846 0.375529 -0.912380 0.026726 0.408471 0.822610 0.032289 1 6 1.000000
flesh_hand_01
  6 2.026983 46.470879 -1.077753 0.408942 -0.353252 0.841415 0.815857 0.163320 1 6 1.000000
  6 3.609641 47.390469 -1.481692 0.775089 -0.028735 0.631198 0.783110 0.082688 1 6 1.000000
  6 1.981786 48.335979 0.092716 0.640634 -0.150733 0.752906 0.687547 0.163929 1 6 1.000000
flesh_hand_01
  6 1.981786 48.335979 0.092716 0.640634 -0.150733 0.752906 0.687547 0.163929 1 6 1.000000
  6 3.609641 47.390469 -1.481692 0.775089 -0.028735 0.631198 0.783110 0.082688 1 6 1.000000
  6 3.572328 48.814926 -1.835748 0.852096 0.147163 0.502271 0.686482 0.001268 1 6 1.000000
flesh_hand_01
  6 3.572328 48.814926 -1.835748 0.852096 0.147163 0.502271 0.686482 0.001268 1 6 1.000000
  6 3.609641 47.390469 -1.481692 0.775089 -0.028735 0.631198 0.783110 0.082688 1 6 1.000000
  6 3.884655 47.943325 -2.431382 0.950516 0.196721 0.240459 0.750363 0.002056 1 6 1.000000
flesh_hand_01
  6 3.390318 51.024010 3.532530 0.081855 0.917191 -0.389950 0.899969 0.246830 1 6 1.000000
  6 3.629326 50.674736 3.903671 0.478114 -0.214696 0.851653 0.889573 0.241910 1 6 1.000000
  6 4.808940 50.639427 2.202438 -0.207698 0.947195 -0.244301 0.853467 0.268995 1 6 1.000000
flesh_hand_01
  6 4.808940 50.639427 2.202438 -0.207698 0.947195 -0.244301 0.853467 0.268995 1 6 1.000000
  6 3.629326 50.674736 3.903671 0.478114 -0.214696 0.851653 0.889573 0.241910 1 6 1.000000
  6 5.311105 50.248993 2.525476 0.762347 -0.140868 0.631652 0.836829 0.259804 1 6 1.000000
flesh_hand_01
  6 5.311105 50.248993 2.525476 0.762347 -0.140868 0.631652 0.836829 0.259804 1 6 1.000000
  6 5.633667 50.721409 0.278903 -0.421552 0.906732 0.011466 0.817243 0.280112 1 6 1.000000
  6 4.808940 50.639427 2.202438 -0.207698 0.947195 -0.244301 0.853467 0.268995 1 6 1.000000
flesh_hand_01
  6 6.404324 50.293419 0.250111 0.974329 -0.051303 0.219206 0.805622 0.260070 1 6 1.000000
  6 5.633667 50.721409 0.278903 -0.421552 0.906732 0.011466 0.817243 0.280112 1 6 1.000000
  6 5.311105 50.248993 2.525476 0.762347 -0.140868 0.631652 0.836829 0.259804 1 6 1.000000
flesh_hand_01
  6 6.404324 50.293419 0.250111 0.974329 -0.051303 0.219206 0.805622 0.260070 1 6 1.000000
  6 5.710930 51.337418 -1.668631 -0.336226 0.832516 0.440306 0.790277 0.282020 1 6 1.000000
  6 5.633667 50.721409 0.278903 -0.421552 0.906732 0.011466 0.817243 0.280112 1 6 1.000000
flesh_hand_01
  6 1.518788 52.247158 4.736658 -0.501621 0.812674 -0.296542 0.980315 0.243824 1 6 1.000000
  6 1.521832 52.001209 5.095503 -0.677462 -0.025669 0.735110 0.977809 0.237604 1 6 1.000000
  6 3.390318 51.024010 3.532530 0.081855 0.917191 -0.389950 0.899969 0.246830 1 6 1.000000
flesh_hand_01
  6 3.390318 51.024010 3.532530 0.081855 0.917191 -0.389950 0.899969 0.246830 1 6 1.000000
  6 1.521832 52.001209 5.095503 -0.677462 -0.025669 0.735110 0.977809 0.237604 1 6 1.000000
  6 3.629326 50.674736 3.903671 0.478114 -0.214696 0.851653 0.889573 0.241910 1 6 1.000000
flesh_hand_01
  6 1.521832 52.001209 5.095503 -0.677462 -0.025669 0.735110 0.977809 0.237604 1 6 1.000000
  6 1.463617 51.935795 4.675416 -0.947144 -0.216915 -0.236359 0.976392 0.231185 1 6 1.000000
  6 3.629326 50.674736 3.903671 0.478114 -0.214696 0.851653 0.889573 0.241910 1 6 1.000000
flesh_hand_01
  6 3.629326 50.674736 3.903671 0.478114 -0.214696 0.851653 0.889573 0.241910 1 6 1.000000
  6 1.463617 51.935795 4.675416 -0.947144 -0.216915 -0.236359 0.976392 0.231185 1 6 1.000000
  6 3.259015 50.581074 3.403298 -0.675299 -0.558339 -0.481901 0.896115 0.229062 1 6 1.000000
flesh_hand_01
  6 3.629326 50.674736 3.903671 0.478114 -0.214696 0.851653 0.889573 0.241910 1 6 1.000000
  6 3.259015 50.581074 3.403298 -0.675299 -0.558339 -0.481901 0.896115 0.229062 1 6 1.000000
  6 5.311105 50.248993 2.525476 0.762347 -0.140868 0.631652 0.836829 0.259804 1 6 1.000000
flesh_hand_01
  6 5.311105 50.248993 2.525476 0.762347 -0.140868 0.631652 0.836829 0.259804 1 6 1.000000
  6 3.259015 50.581074 3.403298 -0.675299 -0.558339 -0.481901 0.896115 0.229062 1 6 1.000000
  6 4.689407 50.037010 1.979617 -0.620837 -0.701340 -0.350262 0.846815 0.236660 1 6 1.000000
flesh_hand_01
  6 4.689407 50.037010 1.979617 -0.620837 -0.701340 -0.350262 0.846815 0.236660 1 6 1.000000
  6 6.404324 50.293419 0.250111 0.974329 -0.051303 0.219206 0.805622 0.260070 1 6 1.000000
  6 5.311105 50.248993 2.525476 0.762347 -0.140868 0.631652 0.836829 0.259804 1 6 1.000000
flesh_hand_01
  6 5.633667 49.885132 0.125375 -0.533751 -0.803095 -0.264854 0.814002 0.238707 1 6 1.000000
  6 6.404324 50.293419 0.250111 0.974329 -0.051303 0.219206 0.805622 0.260070 1 6 1.000000
  6 4.689407 50.037010 1.979617 -0.620837 -0.701340 -0.350262 0.846815 0.236660 1 6 1.000000
flesh_hand_01
  6 6.284850 50.956554 -2.064694 0.907120 0.080852 -0.413032 0.799852 0.262613 1 6 1.000000
  6 3.849430 51.732094 -4.093150 0.388936 0.522210 -0.758964 0.727621 0.258303 1 6 1.000000
  6 5.710930 51.337418 -1.668631 -0.336226 0.832516 0.440306 0.790277 0.282020 1 6 1.000000
flesh_hand_01
  6 6.284850 50.956554 -2.064694 0.907120 0.080852 -0.413032 0.799852 0.262613 1 6 1.000000
  6 5.710930 51.337418 -1.668631 -0.336226 0.832516 0.440306 0.790277 0.282020 1 6 1.000000
  6 6.404324 50.293419 0.250111 0.974329 -0.051303 0.219206 0.805622 0.260070 1 6 1.000000
flesh_hand_01
  6 6.284850 50.956554 -2.064694 0.907120 0.080852 -0.413032 0.799852 0.262613 1 6 1.000000
  6 6.404324 50.293419 0.250111 0.974329 -0.051303 0.219206 0.805622 0.260070 1 6 1.000000
  6 5.710930 50.446602 -1.832171 -0.425971 -0.902685 -0.060898 0.795462 0.238354 1 6 1.000000
flesh_hand_01
  6 5.710930 50.446602 -1.832171 -0.425971 -0.902685 -0.060898 0.795462 0.238354 1 6 1.000000
  6 6.404324 50.293419 0.250111 0.974329 -0.051303 0.219206 0.805622 0.260070 1 6 1.000000
  6 5.633667 49.885132 0.125375 -0.533751 -0.803095 -0.264854 0.814002 0.238707 1 6 1.000000
flesh_hand_01
  6 5.633667 50.721409 0.278903 -0.421552 0.906732 0.011466 0.812667 0.211283 1 6 1.000000
  6 5.710930 50.446602 -1.832171 -0.425971 -0.902685 -0.060898 0.795462 0.238354 1 6 1.000000
  6 5.633667 49.885132 0.125375 -0.533751 -0.803095 -0.264854 0.814002 0.238707 1 6 1.000000
flesh_hand_01
  6 4.689407 50.037010 1.979617 -0.620837 -0.701340 -0.350262 0.846815 0.236660 1 6 1.000000
  6 5.633667 50.721409 0.278903 -0.421552 0.906732 0.011466 0.812667 0.211283 1 6 1.000000
  6 5.633667 49.885132 0.125375 -0.533751 -0.803095 -0.264854 0.814002 0.238707 1 6 1.000000
flesh_hand_01
  6 4.808940 50.639427 2.202438 -0.207698 0.947195 -0.244301 0.846557 0.214123 1 6 1.000000
  6 5.633667 50.721409 0.278903 -0.421552 0.906732 0.011466 0.812667 0.211283 1 6 1.000000
  6 4.689407 50.037010 1.979617 -0.620837 -0.701340 -0.350262 0.846815 0.236660 1 6 1.000000
flesh_hand_01
  6 4.689407 50.037010 1.979617 -0.620837 -0.701340 -0.350262 0.846815 0.236660 1 6 1.000000
  6 3.259015 50.581074 3.403298 -0.675299 -0.558339 -0.481901 0.896115 0.229062 1 6 1.000000
  6 4.808940 50.639427 2.202438 -0.207698 0.947195 -0.244301 0.846557 0.214123 1 6 1.000000
flesh_hand_01
  6 4.808940 50.639427 2.202438 -0.207698 0.947195 -0.244301 0.846557 0.214123 1 6 1.000000
  6 3.259015 50.581074 3.403298 -0.675299 -0.558339 -0.481901 0.896115 0.229062 1 6 1.000000
  6 3.390318 51.024010 3.532530 0.081855 0.917191 -0.389950 0.897862 0.212605 1 6 1.000000
flesh_hand_01
  6 1.463617 51.935795 4.675416 -0.947144 -0.216915 -0.236359 0.976392 0.231185 1 6 1.000000
  6 3.390318 51.024010 3.532530 0.081855 0.917191 -0.389950 0.897862 0.212605 1 6 1.000000
  6 3.259015 50.581074 3.403298 -0.675299 -0.558339 -0.481901 0.896115 0.229062 1 6 1.000000
flesh_hand_01
  6 1.518788 52.247158 4.736658 -0.501621 0.812674 -0.296542 0.979195 0.220487 1 6 1.000000
  6 3.390318 51.024010 3.532530 0.081855 0.917191 -0.389950 0.897862 0.212605 1 6 1.000000
  6 1.463617 51.935795 4.675416 -0.947144 -0.216915 -0.236359 0.976392 0.231185 1 6 1.000000
flesh_hand_01
  6 1.463617 51.935795 4.675416 -0.947144 -0.216915 -0.236359 0.976392 0.231185 1 6 1.000000
  6 1.521832 52.001209 5.095503 -0.677462 -0.025669 0.735110 0.980564 0.226935 1 6 1.000000
  6 1.518788 52.247158 4.736658 -0.501621 0.812674 -0.296542 0.979195 0.220487 1 6 1.000000
flesh_hand_01
  6 5.710930 50.446602 -1.832171 -0.425971 -0.902685 -0.060898 0.795462 0.238354 1 6 1.000000
  6 3.849430 51.732094 -4.093150 0.388936 0.522210 -0.758964 0.727621 0.258303 1 6 1.000000
  6 6.284850 50.956554 -2.064694 0.907120 0.080852 -0.413032 0.799852 0.262613 1 6 1.000000
flesh_hand_01
  6 3.343323 51.114342 -3.473488 -0.324512 -0.922699 0.208130 0.716886 0.237167 1 6 1.000000
  6 3.849430 51.732094 -4.093150 0.388936 0.522210 -0.758964 0.727621 0.258303 1 6 1.000000
  6 5.710930 50.446602 -1.832171 -0.425971 -0.902685 -0.060898 0.795462 0.238354 1 6 1.000000
flesh_hand_01
  6 3.343323 51.114342 -3.473488 -0.324512 -0.922699 0.208130 0.716886 0.237167 1 6 1.000000
  6 0.162934 52.154247 -3.465021 -0.001628 -0.957724 0.287683 0.615210 0.236876 1 6 1.000000
  6 3.849430 51.732094 -4.093150 0.388936 0.522210 -0.758964 0.727621 0.258303 1 6 1.000000
flesh_hand_01
  6 5.710930 51.337418 -1.668631 -0.336226 0.832516 0.440306 0.792600 0.205673 1 6 1.000000
  6 5.710930 50.446602 -1.832171 -0.425971 -0.902685 -0.060898 0.795462 0.238354 1 6 1.000000
  6 5.633667 50.721409 0.278903 -0.421552 0.906732 0.011466 0.812667 0.211283 1 6 1.000000
flesh_hand_01
  6 5.710930 51.337418 -1.668631 -0.336226 0.832516 0.440306 0.792600 0.205673 1 6 1.000000
  6 3.343323 51.114342 -3.473488 -0.324512 -0.922699 0.208130 0.716886 0.237167 1 6 1.000000
  6 5.710930 50.446602 -1.832171 -0.425971 -0.902685 -0.060898 0.795462 0.238354 1 6 1.000000
flesh_hand_01
  6 3.343323 52.059681 -3.299938 0.030830 0.727524 0.685390 0.712663 0.204444 1 6 1.000000
  6 3.343323 51.114342 -3.473488 -0.324512 -0.922699 0.208130 0.716886 0.237167 1 6 1.000000
  6 5.710930 51.337418 -1.668631 -0.336226 0.832516 0.440306 0.792600 0.205673 1 6 1.000000
flesh_hand_01
  6 3.343323 51.114342 -3.473488 -0.324512 -0.922699 0.208130 0.716886 0.237167 1 6 1.000000
  6 3.343323 52.059681 -3.299938 0.030830 0.727524 0.685390 0.712663 0.204444 1 6 1.000000
  6 0.162934 52.154247 -3.465021 -0.001628 -0.957724 0.287683 0.615210 0.236876 1 6 1.000000
flesh_hand_01
  6 0.162934 52.154247 -3.465021 -0.001628 -0.957724 0.287683 0.615210 0.236876 1 6 1.000000
  6 3.343323 52.059681 -3.299938 0.030830 0.727524 0.685390 0.712663 0.204444 1 6 1.000000
  6 0.162934 53.099590 -3.291470 0.105005 0.883230 0.457032 0.609472 0.204017 1 6 1.000000
flesh_hand_01
  6 0.162934 53.099590 -3.291470 0.105005 0.883230 0.457032 0.609472 0.204017 1 6 1.000000
  6 -3.017457 52.059681 -3.299938 -0.026095 0.735943 0.676540 0.712663 0.204444 1 6 1.000000
  6 0.162934 52.154247 -3.465021 -0.001628 -0.957724 0.287683 0.615210 0.236876 1 6 1.000000
flesh_hand_01
  6 0.162934 52.154247 -3.465021 -0.001628 -0.957724 0.287683 0.615210 0.236876 1 6 1.000000
  6 -3.017457 52.059681 -3.299938 -0.026095 0.735943 0.676540 0.712663 0.204444 1 6 1.000000
  6 -3.017457 51.114342 -3.473488 0.307525 -0.921822 0.235951 0.716886 0.237167 1 6 1.000000
flesh_hand_01
  6 0.162934 52.154247 -3.465021 -0.001628 -0.957724 0.287683 0.615210 0.236876 1 6 1.000000
  6 -3.017457 51.114342 -3.473488 0.307525 -0.921822 0.235951 0.716886 0.237167 1 6 1.000000
  6 0.162934 52.798073 -4.234577 0.114673 0.658826 -0.743504 0.610161 0.254377 1 6 1.000000
flesh_hand_01
  6 0.162934 52.798073 -4.234577 0.114673 0.658826 -0.743504 0.610161 0.254377 1 6 1.000000
  6 -3.017457 51.114342 -3.473488 0.307525 -0.921822 0.235951 0.716886 0.237167 1 6 1.000000
  6 -3.523564 51.732094 -4.093150 -0.395962 0.502430 -0.768621 0.727621 0.258303 1 6 1.000000
flesh_hand_01
  6 -3.523564 51.732094 -4.093150 -0.395962 0.502430 -0.768621 0.727621 0.258303 1 6 1.000000
  6 0.162934 52.956581 -3.747062 -0.101388 0.953543 -0.283683 0.608339 0.263697 1 6 1.000000
  6 0.162934 52.798073 -4.234577 0.114673 0.658826 -0.743504 0.610161 0.254377 1 6 1.000000
flesh_hand_01
  6 0.162934 52.956581 -3.747062 -0.101388 0.953543 -0.283683 0.608339 0.263697 1 6 1.000000
  6 3.849430 51.732094 -4.093150 0.388936 0.522210 -0.758964 0.727621 0.258303 1 6 1.000000
  6 0.162934 52.798073 -4.234577 0.114673 0.658826 -0.743504 0.610161 0.254377 1 6 1.000000
flesh_hand_01
  6 -3.523564 51.732094 -4.093150 -0.395962 0.502430 -0.768621 0.727621 0.258303 1 6 1.000000
  6 -5.385034 50.446602 -1.832171 0.425971 -0.902685 -0.060897 0.795462 0.238354 1 6 1.000000
  6 -5.958954 50.956554 -2.064694 -0.907123 0.080850 -0.413026 0.799852 0.262613 1 6 1.000000
flesh_hand_01
  6 -3.017457 51.114342 -3.473488 0.307525 -0.921822 0.235951 0.716886 0.237167 1 6 1.000000
  6 -5.385034 50.446602 -1.832171 0.425971 -0.902685 -0.060897 0.795462 0.238354 1 6 1.000000
  6 -3.523564 51.732094 -4.093150 -0.395962 0.502430 -0.768621 0.727621 0.258303 1 6 1.000000
flesh_hand_01
  6 -5.385034 50.446602 -1.832171 0.425971 -0.902685 -0.060897 0.795462 0.238354 1 6 1.000000
  6 -3.017457 51.114342 -3.473488 0.307525 -0.921822 0.235951 0.716886 0.237167 1 6 1.000000
  6 -5.385034 51.337418 -1.668631 0.336227 0.832515 0.440306 0.792600 0.205673 1 6 1.000000
flesh_hand_01
  6 -5.385034 51.337418 -1.668631 0.336227 0.832515 0.440306 0.792600 0.205673 1 6 1.000000
  6 -3.017457 51.114342 -3.473488 0.307525 -0.921822 0.235951 0.716886 0.237167 1 6 1.000000
  6 -3.017457 52.059681 -3.299938 -0.026095 0.735943 0.676540 0.712663 0.204444 1 6 1.000000
flesh_hand_01
  6 -5.307772 50.721409 0.278901 0.421554 0.906731 0.011469 0.812667 0.211283 1 6 1.000000
  6 -5.385034 50.446602 -1.832171 0.425971 -0.902685 -0.060897 0.795462 0.238354 1 6 1.000000
  6 -5.385034 51.337418 -1.668631 0.336227 0.832515 0.440306 0.792600 0.205673 1 6 1.000000
flesh_hand_01
  6 -1.137750 51.935795 4.675416 0.947139 -0.216897 -0.236398 0.976392 0.231185 1 6 1.000000
  6 -1.192922 52.247158 4.736658 0.501612 0.812671 -0.296565 0.979195 0.220487 1 6 1.000000
  6 -1.195937 52.001209 5.095503 0.677490 -0.025676 0.735084 0.980564 0.226935 1 6 1.000000
flesh_hand_01
  6 -1.137750 51.935795 4.675416 0.947139 -0.216897 -0.236398 0.976392 0.231185 1 6 1.000000
  6 -3.064452 51.024010 3.532530 -0.081866 0.917196 -0.389935 0.897862 0.212605 1 6 1.000000
  6 -1.192922 52.247158 4.736658 0.501612 0.812671 -0.296565 0.979195 0.220487 1 6 1.000000
flesh_hand_01
  6 -2.933119 50.581074 3.403298 0.675300 -0.558329 -0.481911 0.896115 0.229062 1 6 1.000000
  6 -3.064452 51.024010 3.532530 -0.081866 0.917196 -0.389935 0.897862 0.212605 1 6 1.000000
  6 -1.137750 51.935795 4.675416 0.947139 -0.216897 -0.236398 0.976392 0.231185 1 6 1.000000
flesh_hand_01
  6 -3.064452 51.024010 3.532530 -0.081866 0.917196 -0.389935 0.897862 0.212605 1 6 1.000000
  6 -2.933119 50.581074 3.403298 0.675300 -0.558329 -0.481911 0.896115 0.229062 1 6 1.000000
  6 -4.483074 50.639427 2.202438 0.207694 0.947198 -0.244294 0.846557 0.214123 1 6 1.000000
flesh_hand_01
  6 -4.483074 50.639427 2.202438 0.207694 0.947198 -0.244294 0.846557 0.214123 1 6 1.000000
  6 -2.933119 50.581074 3.403298 0.675300 -0.558329 -0.481911 0.896115 0.229062 1 6 1.000000
  6 -4.363541 50.037010 1.979617 0.620837 -0.701340 -0.350262 0.846815 0.236660 1 6 1.000000
flesh_hand_01
  6 -4.483074 50.639427 2.202438 0.207694 0.947198 -0.244294 0.846557 0.214123 1 6 1.000000
  6 -4.363541 50.037010 1.979617 0.620837 -0.701340 -0.350262 0.846815 0.236660 1 6 1.000000
  6 -5.307772 50.721409 0.278901 0.421554 0.906731 0.011469 0.812667 0.211283 1 6 1.000000
flesh_hand_01
  6 -5.307772 50.721409 0.278901 0.421554 0.906731 0.011469 0.812667 0.211283 1 6 1.000000
  6 -4.363541 50.037010 1.979617 0.620837 -0.701340 -0.350262 0.846815 0.236660 1 6 1.000000
  6 -5.307772 49.885132 0.125372 0.533753 -0.803096 -0.264849 0.814002 0.238707 1 6 1.000000
flesh_hand_01
  6 -5.307772 49.885132 0.125372 0.533753 -0.803096 -0.264849 0.814002 0.238707 1 6 1.000000
  6 -5.385034 50.446602 -1.832171 0.425971 -0.902685 -0.060897 0.795462 0.238354 1 6 1.000000
  6 -5.307772 50.721409 0.278901 0.421554 0.906731 0.011469 0.812667 0.211283 1 6 1.000000
flesh_hand_01
  6 -5.307772 49.885132 0.125372 0.533753 -0.803096 -0.264849 0.814002 0.238707 1 6 1.000000
  6 -6.078429 50.293419 0.250111 -0.974330 -0.051302 0.219199 0.805622 0.260070 1 6 1.000000
  6 -5.385034 50.446602 -1.832171 0.425971 -0.902685 -0.060897 0.795462 0.238354 1 6 1.000000
flesh_hand_01
  6 -5.385034 50.446602 -1.832171 0.425971 -0.902685 -0.060897 0.795462 0.238354 1 6 1.000000
  6 -6.078429 50.293419 0.250111 -0.974330 -0.051302 0.219199 0.805622 0.260070 1 6 1.000000
  6 -5.958954 50.956554 -2.064694 -0.907123 0.080850 -0.413026 0.799852 0.262613 1 6 1.000000
flesh_hand_01
  6 -6.078429 50.293419 0.250111 -0.974330 -0.051302 0.219199 0.805622 0.260070 1 6 1.000000
  6 -5.385034 51.337418 -1.668631 0.336227 0.832515 0.440306 0.790277 0.282020 1 6 1.000000
  6 -5.958954 50.956554 -2.064694 -0.907123 0.080850 -0.413026 0.799852 0.262613 1 6 1.000000
flesh_hand_01
  6 -5.958954 50.956554 -2.064694 -0.907123 0.080850 -0.413026 0.799852 0.262613 1 6 1.000000
  6 -5.385034 51.337418 -1.668631 0.336227 0.832515 0.440306 0.790277 0.282020 1 6 1.000000
  6 -3.523564 51.732094 -4.093150 -0.395962 0.502430 -0.768621 0.727621 0.258303 1 6 1.000000
flesh_hand_01
  6 -3.523564 51.732094 -4.093150 -0.395962 0.502430 -0.768621 0.727621 0.258303 1 6 1.000000
  6 -5.385034 51.337418 -1.668631 0.336227 0.832515 0.440306 0.790277 0.282020 1 6 1.000000
  6 -3.017457 52.059681 -3.299938 -0.026095 0.735943 0.676540 0.709050 0.273080 1 6 1.000000
flesh_hand_01
  6 -3.017457 52.059681 -3.299938 -0.026095 0.735943 0.676540 0.709050 0.273080 1 6 1.000000
  6 0.162934 52.956581 -3.747062 -0.101388 0.953543 -0.283683 0.608339 0.263697 1 6 1.000000
  6 -3.523564 51.732094 -4.093150 -0.395962 0.502430 -0.768621 0.727621 0.258303 1 6 1.000000
flesh_hand_01
  6 0.162934 53.099590 -3.291470 0.105005 0.883230 0.457032 0.607413 0.272406 1 6 1.000000
  6 0.162934 52.956581 -3.747062 -0.101388 0.953543 -0.283683 0.608339 0.263697 1 6 1.000000
  6 -3.017457 52.059681 -3.299938 -0.026095 0.735943 0.676540 0.709050 0.273080 1 6 1.000000
flesh_hand_01
  6 0.162934 53.099590 -3.291470 0.105005 0.883230 0.457032 0.607413 0.272406 1 6 1.000000
  6 3.849430 51.732094 -4.093150 0.388936 0.522210 -0.758964 0.727621 0.258303 1 6 1.000000
  6 0.162934 52.956581 -3.747062 -0.101388 0.953543 -0.283683 0.608339 0.263697 1 6 1.000000
flesh_hand_01
  6 3.849430 51.732094 -4.093150 0.388936 0.522210 -0.758964 0.727621 0.258303 1 6 1.000000
  6 0.162934 53.099590 -3.291470 0.105005 0.883230 0.457032 0.607413 0.272406 1 6 1.000000
  6 3.343323 52.059681 -3.299938 0.030830 0.727524 0.685390 0.709050 0.273080 1 6 1.000000
flesh_hand_01
  6 5.710930 51.337418 -1.668631 -0.336226 0.832516 0.440306 0.790277 0.282020 1 6 1.000000
  6 3.849430 51.732094 -4.093150 0.388936 0.522210 -0.758964 0.727621 0.258303 1 6 1.000000
  6 3.343323 52.059681 -3.299938 0.030830 0.727524 0.685390 0.709050 0.273080 1 6 1.000000
flesh_hand_01
  6 -5.307772 49.885132 0.125372 0.533753 -0.803096 -0.264849 0.814002 0.238707 1 6 1.000000
  6 -4.363541 50.037010 1.979617 0.620837 -0.701340 -0.350262 0.846815 0.236660 1 6 1.000000
  6 -6.078429 50.293419 0.250111 -0.974330 -0.051302 0.219199 0.805622 0.260070 1 6 1.000000
flesh_hand_01
  6 -6.078429 50.293419 0.250111 -0.974330 -0.051302 0.219199 0.805622 0.260070 1 6 1.000000
  6 -4.363541 50.037010 1.979617 0.620837 -0.701340 -0.350262 0.846815 0.236660 1 6 1.000000
  6 -4.985239 50.248993 2.525476 -0.762349 -0.140871 0.631648 0.836829 0.259804 1 6 1.000000
flesh_hand_01
  6 -2.933119 50.581074 3.403298 0.675300 -0.558329 -0.481911 0.896115 0.229062 1 6 1.000000
  6 -4.985239 50.248993 2.525476 -0.762349 -0.140871 0.631648 0.836829 0.259804 1 6 1.000000
  6 -4.363541 50.037010 1.979617 0.620837 -0.701340 -0.350262 0.846815 0.236660 1 6 1.000000
flesh_hand_01
  6 -3.303430 50.674736 3.903671 -0.478106 -0.214711 0.851654 0.889573 0.241910 1 6 1.000000
  6 -4.985239 50.248993 2.525476 -0.762349 -0.140871 0.631648 0.836829 0.259804 1 6 1.000000
  6 -2.933119 50.581074 3.403298 0.675300 -0.558329 -0.481911 0.896115 0.229062 1 6 1.000000
flesh_hand_01
  6 -1.137750 51.935795 4.675416 0.947139 -0.216897 -0.236398 0.976392 0.231185 1 6 1.000000
  6 -3.303430 50.674736 3.903671 -0.478106 -0.214711 0.851654 0.889573 0.241910 1 6 1.000000
  6 -2.933119 50.581074 3.403298 0.675300 -0.558329 -0.481911 0.896115 0.229062 1 6 1.000000
flesh_hand_01
  6 -1.195937 52.001209 5.095503 0.677490 -0.025676 0.735084 0.977809 0.237604 1 6 1.000000
  6 -3.303430 50.674736 3.903671 -0.478106 -0.214711 0.851654 0.889573 0.241910 1 6 1.000000
  6 -1.137750 51.935795 4.675416 0.947139 -0.216897 -0.236398 0.976392 0.231185 1 6 1.000000
flesh_hand_01
  6 -3.303430 50.674736 3.903671 -0.478106 -0.214711 0.851654 0.889573 0.241910 1 6 1.000000
  6 -1.195937 52.001209 5.095503 0.677490 -0.025676 0.735084 0.977809 0.237604 1 6 1.000000
  6 -3.064452 51.024010 3.532530 -0.081866 0.917196 -0.389935 0.899969 0.246830 1 6 1.000000
flesh_hand_01
  6 -3.064452 51.024010 3.532530 -0.081866 0.917196 -0.389935 0.899969 0.246830 1 6 1.000000
  6 -1.195937 52.001209 5.095503 0.677490 -0.025676 0.735084 0.977809 0.237604 1 6 1.000000
  6 -1.192922 52.247158 4.736658 0.501612 0.812671 -0.296565 0.980315 0.243824 1 6 1.000000
flesh_hand_01
  6 -5.307772 50.721409 0.278901 0.421554 0.906731 0.011469 0.817243 0.280112 1 6 1.000000
  6 -5.385034 51.337418 -1.668631 0.336227 0.832515 0.440306 0.790277 0.282020 1 6 1.000000
  6 -6.078429 50.293419 0.250111 -0.974330 -0.051302 0.219199 0.805622 0.260070 1 6 1.000000
flesh_hand_01
  6 -4.985239 50.248993 2.525476 -0.762349 -0.140871 0.631648 0.836829 0.259804 1 6 1.000000
  6 -5.307772 50.721409 0.278901 0.421554 0.906731 0.011469 0.817243 0.280112 1 6 1.000000
  6 -6.078429 50.293419 0.250111 -0.974330 -0.051302 0.219199 0.805622 0.260070 1 6 1.000000
flesh_hand_01
  6 -4.483074 50.639427 2.202438 0.207694 0.947198 -0.244294 0.853467 0.268995 1 6 1.000000
  6 -5.307772 50.721409 0.278901 0.421554 0.906731 0.011469 0.817243 0.280112 1 6 1.000000
  6 -4.985239 50.248993 2.525476 -0.762349 -0.140871 0.631648 0.836829 0.259804 1 6 1.000000
flesh_hand_01
  6 -4.985239 50.248993 2.525476 -0.762349 -0.140871 0.631648 0.836829 0.259804 1 6 1.000000
  6 -3.303430 50.674736 3.903671 -0.478106 -0.214711 0.851654 0.889573 0.241910 1 6 1.000000
  6 -4.483074 50.639427 2.202438 0.207694 0.947198 -0.244294 0.853467 0.268995 1 6 1.000000
flesh_hand_01
  6 -4.483074 50.639427 2.202438 0.207694 0.947198 -0.244294 0.853467 0.268995 1 6 1.000000
  6 -3.303430 50.674736 3.903671 -0.478106 -0.214711 0.851654 0.889573 0.241910 1 6 1.000000
  6 -3.064452 51.024010 3.532530 -0.081866 0.917196 -0.389935 0.899969 0.246830 1 6 1.000000
flesh_hand_01
  6 4.772179 46.153309 -2.454695 0.784715 0.077254 0.615023 0.995596 0.063893 1 6 1.000000
  6 4.125258 46.811390 -1.790457 0.780379 0.051029 0.623221 0.860869 0.062588 1 6 1.000000
  6 3.190044 45.607433 -2.161448 0.365873 -0.521691 0.770698 0.992991 0.121694 1 6 1.000000
flesh_hand_01
  6 4.772179 46.153309 -2.454695 0.784715 0.077254 0.615023 0.995596 0.063893 1 6 1.000000
  6 3.823976 47.376694 -2.875226 0.874272 0.467110 0.132126 0.816884 0.002876 1 6 1.000000
  6 4.125258 46.811390 -1.790457 0.780379 0.051029 0.623221 0.860869 0.062588 1 6 1.000000
flesh_hand_01
  6 3.823976 47.376694 -2.875226 0.874272 0.467110 0.132126 0.816884 0.002876 1 6 1.000000
  6 3.884655 47.943325 -2.431382 0.950516 0.196721 0.240459 0.740821 -0.001234 1 6 1.000000
  6 4.125258 46.811390 -1.790457 0.780379 0.051029 0.623221 0.860869 0.062588 1 6 1.000000
flesh_hand_01
  6 4.125258 46.811390 -1.790457 0.780379 0.051029 0.623221 0.860869 0.062588 1 6 1.000000
  6 3.884655 47.943325 -2.431382 0.950516 0.196721 0.240459 0.740821 -0.001234 1 6 1.000000
  6 3.609641 47.390469 -1.481692 0.775089 -0.028735 0.631198 0.778339 0.060839 1 6 1.000000
flesh_hand_01
  6 4.125258 46.811390 -1.790457 0.780379 0.051029 0.623221 0.860869 0.062588 1 6 1.000000
  6 3.609641 47.390469 -1.481692 0.775089 -0.028735 0.631198 0.778339 0.060839 1 6 1.000000
  6 2.950108 46.246964 -1.526312 0.360835 -0.383398 0.850179 0.904854 0.122299 1 6 1.000000
flesh_hand_01
  6 2.950108 46.246964 -1.526312 0.360835 -0.383398 0.850179 0.904854 0.122299 1 6 1.000000
  6 3.609641 47.390469 -1.481692 0.775089 -0.028735 0.631198 0.778339 0.060839 1 6 1.000000
  6 2.026983 46.470879 -1.077753 0.408942 -0.353252 0.841415 0.815857 0.122911 1 6 1.000000
flesh_hand_01
  6 3.190044 45.607433 -2.161448 0.365873 -0.521691 0.770698 0.992991 0.121694 1 6 1.000000
  6 4.125258 46.811390 -1.790457 0.780379 0.051029 0.623221 0.860869 0.062588 1 6 1.000000
  6 2.950108 46.246964 -1.526312 0.360835 -0.383398 0.850179 0.904854 0.122299 1 6 1.000000
flesh_hand_01
  6 4.573934 46.587315 -3.529171 0.765373 0.633061 0.115920 0.998201 0.006092 1 6 1.000000
  6 3.823976 47.376694 -2.875226 0.874272 0.467110 0.132126 0.816884 0.002876 1 6 1.000000
  6 4.772179 46.153309 -2.454695 0.784715 0.077254 0.615023 0.995596 0.063893 1 6 1.000000
flesh_hand_01
  6 4.451385 48.736378 2.986329 0.688266 0.448670 0.570075 0.992991 0.121694 1 6 1.000000
  6 4.899482 49.797802 1.609961 0.748976 0.456627 0.480131 0.860869 0.062588 1 6 1.000000
  6 3.951163 49.712688 2.784537 0.688266 0.448670 0.570075 0.904854 0.122299 1 6 1.000000
flesh_hand_01
  6 5.400893 48.500668 1.988149 0.748976 0.456627 0.480131 0.995596 0.063893 1 6 1.000000
  6 4.899482 49.797802 1.609961 0.748976 0.456627 0.480131 0.860869 0.062588 1 6 1.000000
  6 4.451385 48.736378 2.986329 0.688266 0.448670 0.570075 0.992991 0.121694 1 6 1.000000
flesh_hand_01
  6 5.400893 48.500668 1.988149 0.748976 0.456627 0.480131 0.995596 0.063893 1 6 1.000000
  6 5.440495 49.636337 0.549432 0.800819 0.459179 0.384503 0.816884 0.002876 1 6 1.000000
  6 4.899482 49.797802 1.609961 0.748976 0.456627 0.480131 0.860869 0.062588 1 6 1.000000
flesh_hand_01
  6 6.002470 48.382645 1.002723 0.800819 0.459179 0.384503 0.998201 0.006092 1 6 1.000000
  6 5.440495 49.636337 0.549432 0.800819 0.459179 0.384503 0.816884 0.002876 1 6 1.000000
  6 5.400893 48.500668 1.988149 0.748976 0.456627 0.480131 0.995596 0.063893 1 6 1.000000
flesh_hand_01
  6 -2.900822 48.483719 4.729827 -0.453983 0.609579 0.649856 0.998201 0.006092 1 6 1.000000
  6 -4.617102 49.828823 2.269108 -0.517989 0.501430 0.693005 0.815857 0.163320 1 6 1.000000
  6 -6.209007 48.509815 2.607458 -0.453983 0.609579 0.649856 0.992991 0.162102 1 6 1.000000
flesh_hand_01
  6 -2.665555 49.610390 4.050525 -0.517989 0.501430 0.693005 0.816884 0.002876 1 6 1.000000
  6 -4.617102 49.828823 2.269108 -0.517989 0.501430 0.693005 0.815857 0.163320 1 6 1.000000
  6 -2.900822 48.483719 4.729827 -0.453983 0.609579 0.649856 0.998201 0.006092 1 6 1.000000
flesh_hand_01
  6 -2.665555 49.610390 4.050525 -0.517989 0.501430 0.693005 0.816884 0.002876 1 6 1.000000
  6 -3.961426 50.994415 2.290109 -0.572849 0.384430 0.723918 0.687547 0.163929 1 6 1.000000
  6 -4.617102 49.828823 2.269108 -0.517989 0.501430 0.693005 0.815857 0.163320 1 6 1.000000
flesh_hand_01
  6 -2.054844 50.991989 3.678978 -0.572849 0.384430 0.723918 0.686482 0.001268 1 6 1.000000
  6 -3.961426 50.994415 2.290109 -0.572849 0.384430 0.723918 0.687547 0.163929 1 6 1.000000
  6 -2.665555 49.610390 4.050525 -0.517989 0.501430 0.693005 0.816884 0.002876 1 6 1.000000
flesh_hand_01
  6 -5.819880 45.664917 -3.033565 -0.515630 -0.171207 0.839532 0.992991 0.121694 1 6 1.000000
  6 -3.939914 46.205353 -1.768699 0.297857 -0.286845 0.910495 0.860869 0.062588 1 6 1.000000
  6 -5.520599 46.679749 -2.750355 -0.547828 -0.355995 0.757068 0.904854 0.122299 1 6 1.000000
flesh_hand_01
  6 -3.979923 45.014919 -2.143600 0.174569 -0.244868 0.953711 0.995596 0.063893 1 6 1.000000
  6 -3.939914 46.205353 -1.768699 0.297857 -0.286845 0.910495 0.860869 0.062588 1 6 1.000000
  6 -5.819880 45.664917 -3.033565 -0.515630 -0.171207 0.839532 0.992991 0.121694 1 6 1.000000
flesh_hand_01
  6 -3.200655 45.542671 -2.953703 0.778385 -0.197360 0.595958 0.998201 0.006092 1 6 1.000000
  6 -3.939914 46.205353 -1.768699 0.297857 -0.286845 0.910495 0.860869 0.062588 1 6 1.000000
  6 -3.979923 45.014919 -2.143600 0.174569 -0.244868 0.953711 0.995596 0.063893 1 6 1.000000
flesh_hand_01
  6 -3.124377 46.900497 -2.636597 0.780582 -0.184128 0.597318 0.816884 0.002876 1 6 1.000000
  6 -3.939914 46.205353 -1.768699 0.297857 -0.286845 0.910495 0.860869 0.062588 1 6 1.000000
  6 -3.200655 45.542671 -2.953703 0.778385 -0.197360 0.595958 0.998201 0.006092 1 6 1.000000
flesh_hand_01
  6 5.236858 47.903877 2.864419 0.788719 0.265730 0.554355 0.992991 0.121694 1 6 1.000000
  6 6.669453 48.773987 0.409087 0.759212 0.407563 0.507434 0.998201 0.006092 1 6 1.000000
  6 5.021391 49.147606 2.574801 0.697228 0.519768 0.493674 0.904854 0.122299 1 6 1.000000
flesh_hand_01
  6 5.021391 49.147606 2.574801 0.697228 0.519768 0.493674 0.904854 0.122299 1 6 1.000000
  6 6.669453 48.773987 0.409087 0.759212 0.407563 0.507434 0.998201 0.006092 1 6 1.000000
  6 5.904797 49.922119 0.241024 0.631000 0.632752 0.448848 0.816884 0.002876 1 6 1.000000
flesh_hand_01
  6 5.021391 49.147606 2.574801 0.697228 0.519768 0.493674 0.904854 0.122299 1 6 1.000000
  6 5.904797 49.922119 0.241024 0.631000 0.632752 0.448848 0.816884 0.002876 1 6 1.000000
  6 4.314081 49.965466 2.114813 0.540315 0.715947 0.442131 0.815857 0.122911 1 6 1.000000
flesh_hand_01
  6 0.162934 54.233883 -3.970985 -0.666343 0.571903 0.478450 0.610161 0.254377 1 6 1.000000
  6 0.162934 53.903023 -3.573310 -0.666343 0.571903 0.478450 0.612376 0.245304 1 6 1.000000
  6 3.849430 53.521488 -3.764646 0.111975 0.762166 0.637624 0.727621 0.258303 1 6 1.000000
flesh_hand_01
  6 0.162934 53.590069 -3.201430 -0.666343 0.571903 0.478450 0.615210 0.236876 1 6 1.000000
  6 3.849430 53.521488 -3.764646 0.111975 0.762166 0.637624 0.727621 0.258303 1 6 1.000000
  6 0.162934 53.903023 -3.573310 -0.666343 0.571903 0.478450 0.612376 0.245304 1 6 1.000000
flesh_hand_01
  6 0.162934 53.590069 -3.201430 -0.666343 0.571903 0.478450 0.615210 0.236876 1 6 1.000000
  6 0.162934 53.903023 -3.573310 -0.666343 0.571903 0.478450 0.612376 0.245304 1 6 1.000000
  6 0.162934 54.233883 -3.970985 -0.666343 0.571903 0.478450 0.610161 0.254377 1 6 1.000000
flesh_hand_01
  6 -5.477431 48.330456 2.054647 -0.557430 0.754721 0.345932 0.998201 0.006092 1 6 1.000000
  6 -6.137658 49.456692 -1.466344 -0.662790 0.645569 0.379408 0.815857 0.163320 1 6 1.000000
  6 -7.781604 48.403938 -1.383872 -0.557430 0.754721 0.345932 0.992991 0.162102 1 6 1.000000
flesh_hand_01
  6 -4.908904 49.308643 1.271358 -0.662790 0.645569 0.379408 0.816884 0.002876 1 6 1.000000
  6 -6.137658 49.456692 -1.466344 -0.662790 0.645569 0.379408 0.815857 0.163320 1 6 1.000000
  6 -5.477431 48.330456 2.054647 -0.557430 0.754721 0.345932 0.998201 0.006092 1 6 1.000000
flesh_hand_01
  6 -4.908904 49.308643 1.271358 -0.662790 0.645569 0.379408 0.816884 0.002876 1 6 1.000000
  6 -5.550316 50.534599 -1.505192 -0.752153 0.520836 0.403727 0.687547 0.163929 1 6 1.000000
  6 -6.137658 49.456692 -1.466344 -0.662790 0.645569 0.379408 0.815857 0.163320 1 6 1.000000
flesh_hand_01
  6 -4.157236 50.542671 0.822257 -0.752153 0.520836 0.403727 0.686482 0.001268 1 6 1.000000
  6 -5.550316 50.534599 -1.505192 -0.752153 0.520836 0.403727 0.687547 0.163929 1 6 1.000000
  6 -4.908904 49.308643 1.271358 -0.662790 0.645569 0.379408 0.816884 0.002876 1 6 1.000000
flesh_hand_01
  6 -2.294606 47.578274 5.163901 -0.289644 0.723567 0.626544 0.998201 0.006092 1 6 1.000000
  6 -4.698655 48.939957 2.479987 -0.355003 0.628035 0.692492 0.815857 0.163320 1 6 1.000000
  6 -6.412587 47.899704 3.105328 -0.289644 0.723567 0.626544 0.992991 0.162102 1 6 1.000000
flesh_hand_01
  6 -1.982540 48.594196 4.351250 -0.355003 0.628035 0.692492 0.816884 0.002876 1 6 1.000000
  6 -4.698655 48.939957 2.479987 -0.355003 0.628035 0.692492 0.815857 0.163320 1 6 1.000000
  6 -2.294606 47.578274 5.163901 -0.289644 0.723567 0.626544 0.998201 0.006092 1 6 1.000000
flesh_hand_01
  6 -1.982540 48.594196 4.351250 -0.355003 0.628035 0.692492 0.816884 0.002876 1 6 1.000000
  6 -3.885989 49.997204 2.314648 -0.414063 0.521356 0.746150 0.687547 0.163929 1 6 1.000000
  6 -4.698655 48.939957 2.479987 -0.355003 0.628035 0.692492 0.815857 0.163320 1 6 1.000000
flesh_hand_01
  6 -1.229132 49.835361 3.779691 -0.414063 0.521356 0.746150 0.686482 0.001268 1 6 1.000000
  6 -3.885989 49.997204 2.314648 -0.414063 0.521356 0.746150 0.687547 0.163929 1 6 1.000000
  6 -1.982540 48.594196 4.351250 -0.355003 0.628035 0.692492 0.816884 0.002876 1 6 1.000000
flesh_hand_01
  6 5.554490 47.697193 0.547858 0.913451 0.406706 -0.014083 0.714152 0.931788 1 6 1.000000
  6 4.283175 48.200302 3.214597 0.617633 0.335147 0.711482 0.607822 0.887128 1 6 1.000000
  6 4.772845 47.285480 3.429886 0.582805 0.516497 0.627351 0.608972 0.934274 1 6 1.000000
flesh_hand_01
  6 4.283175 48.200302 3.214597 0.617633 0.335147 0.711482 0.607822 0.887128 1 6 1.000000
  6 0.013916 47.552959 4.562708 -0.071936 0.296713 0.952253 0.468487 0.880451 1 6 1.000000
  6 4.772845 47.285480 3.429886 0.582805 0.516497 0.627351 0.608972 0.934274 1 6 1.000000
flesh_hand_01
  6 4.772845 47.285480 3.429886 0.582805 0.516497 0.627351 0.608972 0.934274 1 6 1.000000
  6 0.013916 47.552959 4.562708 -0.071936 0.296713 0.952253 0.468487 0.880451 1 6 1.000000
  6 -0.080829 46.999821 5.139502 -0.050756 0.615812 0.786257 0.474044 0.934522 1 6 1.000000
flesh_hand_01
  6 0.013916 47.552959 4.562708 -0.071936 0.296713 0.952253 0.468487 0.880451 1 6 1.000000
  6 -4.183241 47.596413 2.570734 -0.644288 0.509384 0.570457 0.340801 0.878648 1 6 1.000000
  6 -0.080829 46.999821 5.139502 -0.050756 0.615812 0.786257 0.474044 0.934522 1 6 1.000000
flesh_hand_01
  6 -0.080829 46.999821 5.139502 -0.050756 0.615812 0.786257 0.474044 0.934522 1 6 1.000000
  6 -4.183241 47.596413 2.570734 -0.644288 0.509384 0.570457 0.340801 0.878648 1 6 1.000000
  6 -5.113672 46.117699 3.519846 -0.471607 0.676527 0.565596 0.347666 0.937840 1 6 1.000000
flesh_hand_01
  6 -4.183241 47.596413 2.570734 -0.644288 0.509384 0.570457 0.340801 0.878648 1 6 1.000000
  6 -6.382001 46.835632 0.703262 -0.724688 0.672032 0.152316 0.264372 0.936798 1 6 1.000000
  6 -5.113672 46.117699 3.519846 -0.471607 0.676527 0.565596 0.347666 0.937840 1 6 1.000000
flesh_hand_01
  6 3.072984 55.640003 2.052279 0.662238 0.272420 0.698017 0.615925 0.706219 1 6 1.000000
  6 -0.237181 50.733799 4.484313 -0.062374 0.120480 0.990754 0.471140 0.736204 1 6 1.000000
  6 4.058403 50.707668 2.975994 0.691397 0.145372 0.707698 0.613899 0.751446 1 6 1.000000
flesh_hand_01
  6 4.058403 50.707668 2.975994 0.691397 0.145372 0.707698 0.613899 0.751446 1 6 1.000000
  6 3.782653 56.154385 -0.119836 0.953443 0.283494 0.102850 0.715577 0.684909 1 6 1.000000
  6 3.072984 55.640003 2.052279 0.662238 0.272420 0.698017 0.615925 0.706219 1 6 1.000000
flesh_hand_01
  6 4.058403 50.707668 2.975994 0.691397 0.145372 0.707698 0.613899 0.751446 1 6 1.000000
  6 5.294580 51.310913 -0.088892 0.887709 0.459421 0.030081 0.715691 0.734160 1 6 1.000000
  6 3.782653 56.154385 -0.119836 0.953443 0.283494 0.102850 0.715577 0.684909 1 6 1.000000
flesh_hand_01
  6 3.782653 56.154385 -0.119836 0.953443 0.283494 0.102850 0.715577 0.684909 1 6 1.000000
  6 5.294580 51.310913 -0.088892 0.887709 0.459421 0.030081 0.715691 0.734160 1 6 1.000000
  6 2.600107 55.852379 -2.398345 0.527183 0.281839 -0.801651 0.826060 0.684416 1 6 1.000000
flesh_hand_01
  6 2.600107 55.852379 -2.398345 0.527183 0.281839 -0.801651 0.826060 0.684416 1 6 1.000000
  6 5.294580 51.310913 -0.088892 0.887709 0.459421 0.030081 0.715691 0.734160 1 6 1.000000
  6 3.510344 51.201008 -3.263319 0.451180 0.404370 -0.795563 0.827393 0.733482 1 6 1.000000
flesh_hand_01
  6 -2.034492 51.344341 -4.076889 -0.172365 0.308878 -0.935353 0.970142 0.732634 1 6 1.000000
  6 2.600107 55.852379 -2.398345 0.527183 0.281839 -0.801651 0.826060 0.684416 1 6 1.000000
  6 3.510344 51.201008 -3.263319 0.451180 0.404370 -0.795563 0.827393 0.733482 1 6 1.000000
flesh_hand_01
  6 -2.034492 51.344341 -4.076889 -0.172365 0.308878 -0.935353 0.970142 0.732634 1 6 1.000000
  6 3.510344 51.201008 -3.263319 0.451180 0.404370 -0.795563 0.827393 0.733482 1 6 1.000000
  6 -2.136689 49.833378 -4.335548 -0.098584 0.132570 -0.986259 0.971743 0.780083 1 6 1.000000
flesh_hand_01
  6 -2.136689 49.833378 -4.335548 -0.098584 0.132570 -0.986259 0.971743 0.780083 1 6 1.000000
  6 3.510344 51.201008 -3.263319 0.451180 0.404370 -0.795563 0.827393 0.733482 1 6 1.000000
  6 3.813597 50.116760 -3.667817 0.448341 -0.072301 -0.890934 0.828726 0.782547 1 6 1.000000
flesh_hand_01
  6 1.227248 47.487560 -3.858308 0.317675 0.017608 -0.948036 0.893167 0.878226 1 6 1.000000
  6 -2.136689 49.833378 -4.335548 -0.098584 0.132570 -0.986259 0.971743 0.780083 1 6 1.000000
  6 3.813597 50.116760 -3.667817 0.448341 -0.072301 -0.890934 0.828726 0.782547 1 6 1.000000
flesh_hand_01
  6 1.227248 47.487560 -3.858308 0.317675 0.017608 -0.948036 0.893167 0.878226 1 6 1.000000
  6 3.813597 50.116760 -3.667817 0.448341 -0.072301 -0.890934 0.828726 0.782547 1 6 1.000000
  6 3.335495 48.400402 -2.611645 0.608095 -0.129777 -0.783185 0.831392 0.880678 1 6 1.000000
flesh_hand_01
  6 3.335495 48.400402 -2.611645 0.608095 -0.129777 -0.783185 0.831392 0.880678 1 6 1.000000
  6 1.298829 46.270145 -4.207712 0.298950 0.308557 -0.903007 0.896219 0.939299 1 6 1.000000
  6 1.227248 47.487560 -3.858308 0.317675 0.017608 -0.948036 0.893167 0.878226 1 6 1.000000
flesh_hand_01
  6 4.954246 46.194706 -2.608687 0.672714 0.380829 -0.634370 0.825010 0.933990 1 6 1.000000
  6 1.298829 46.270145 -4.207712 0.298950 0.308557 -0.903007 0.896219 0.939299 1 6 1.000000
  6 3.335495 48.400402 -2.611645 0.608095 -0.129777 -0.783185 0.831392 0.880678 1 6 1.000000
flesh_hand_01
  6 4.954246 46.194706 -2.608687 0.672714 0.380829 -0.634370 0.825010 0.933990 1 6 1.000000
  6 3.335495 48.400402 -2.611645 0.608095 -0.129777 -0.783185 0.831392 0.880678 1 6 1.000000
  6 4.594460 48.417953 -1.210776 0.855909 -0.163751 -0.490515 0.773712 0.881296 1 6 1.000000
flesh_hand_01
  6 4.954246 46.194706 -2.608687 0.672714 0.380829 -0.634370 0.825010 0.933990 1 6 1.000000
  6 4.594460 48.417953 -1.210776 0.855909 -0.163751 -0.490515 0.773712 0.881296 1 6 1.000000
  6 5.554490 47.697193 0.547858 0.913451 0.406706 -0.014083 0.714152 0.931788 1 6 1.000000
flesh_hand_01
  6 5.554490 47.697193 0.547858 0.913451 0.406706 -0.014083 0.714152 0.931788 1 6 1.000000
  6 4.594460 48.417953 -1.210776 0.855909 -0.163751 -0.490515 0.773712 0.881296 1 6 1.000000
  6 5.338502 48.372150 0.445520 0.992284 0.022112 0.121999 0.716031 0.881913 1 6 1.000000
flesh_hand_01
  6 5.338502 48.372150 0.445520 0.992284 0.022112 0.121999 0.716031 0.881913 1 6 1.000000
  6 4.283175 48.200302 3.214597 0.617633 0.335147 0.711482 0.607822 0.887128 1 6 1.000000
  6 5.554490 47.697193 0.547858 0.913451 0.406706 -0.014083 0.714152 0.931788 1 6 1.000000
flesh_hand_01
  6 5.338502 48.372150 0.445520 0.992284 0.022112 0.121999 0.716031 0.881913 1 6 1.000000
  6 4.186111 49.835327 2.747220 0.574317 0.030223 0.818075 0.611874 0.796673 1 6 1.000000
  6 4.283175 48.200302 3.214597 0.617633 0.335147 0.711482 0.607822 0.887128 1 6 1.000000
flesh_hand_01
  6 0.013916 47.552959 4.562708 -0.071936 0.296713 0.952253 0.468487 0.880451 1 6 1.000000
  6 4.283175 48.200302 3.214597 0.617633 0.335147 0.711482 0.607822 0.887128 1 6 1.000000
  6 4.186111 49.835327 2.747220 0.574317 0.030223 0.818075 0.611874 0.796673 1 6 1.000000
flesh_hand_01
  6 3.813597 50.116760 -3.667817 0.448341 -0.072301 -0.890934 0.828726 0.782547 1 6 1.000000
  6 4.594460 48.417953 -1.210776 0.855909 -0.163751 -0.490515 0.773712 0.881296 1 6 1.000000
  6 3.335495 48.400402 -2.611645 0.608095 -0.129777 -0.783185 0.831392 0.880678 1 6 1.000000
flesh_hand_01
  6 -1.316770 55.959343 -2.559479 -0.187793 0.279918 -0.941477 0.968542 0.685186 1 6 1.000000
  6 2.600107 55.852379 -2.398345 0.527183 0.281839 -0.801651 0.826060 0.684416 1 6 1.000000
  6 -2.034492 51.344341 -4.076889 -0.172365 0.308878 -0.935353 0.970142 0.732634 1 6 1.000000
flesh_hand_01
  6 -2.741600 46.671448 -5.029029 -0.347611 0.357948 -0.866625 0.972753 0.945005 1 6 1.000000
  6 -2.280458 47.793049 -4.449154 -0.127979 0.243246 -0.961485 0.974944 0.874979 1 6 1.000000
  6 1.298829 46.270145 -4.207712 0.298950 0.308557 -0.903007 0.896219 0.939299 1 6 1.000000
flesh_hand_01
  6 1.298829 46.270145 -4.207712 0.298950 0.308557 -0.903007 0.896219 0.939299 1 6 1.000000
  6 -2.280458 47.793049 -4.449154 -0.127979 0.243246 -0.961485 0.974944 0.874979 1 6 1.000000
  6 1.227248 47.487560 -3.858308 0.317675 0.017608 -0.948036 0.893167 0.878226 1 6 1.000000
flesh_hand_01
  6 -2.280458 47.793049 -4.449154 -0.127979 0.243246 -0.961485 0.974944 0.874979 1 6 1.000000
  6 -2.136689 49.833378 -4.335548 -0.098584 0.132570 -0.986259 0.971743 0.780083 1 6 1.000000
  6 1.227248 47.487560 -3.858308 0.317675 0.017608 -0.948036 0.893167 0.878226 1 6 1.000000
flesh_hand_01
  6 -0.308588 49.601135 4.452330 0.024511 -0.035675 0.999063 0.470255 0.784286 1 6 1.000000
  6 4.058403 50.707668 2.975994 0.691397 0.145372 0.707698 0.613899 0.751446 1 6 1.000000
  6 -0.237181 50.733799 4.484313 -0.062374 0.120480 0.990754 0.471140 0.736204 1 6 1.000000
flesh_hand_01
  6 -0.308588 49.601135 4.452330 0.024511 -0.035675 0.999063 0.470255 0.784286 1 6 1.000000
  6 4.186111 49.835327 2.747220 0.574317 0.030223 0.818075 0.611874 0.796673 1 6 1.000000
  6 4.058403 50.707668 2.975994 0.691397 0.145372 0.707698 0.613899 0.751446 1 6 1.000000
flesh_hand_01
  6 4.186111 49.835327 2.747220 0.574317 0.030223 0.818075 0.611874 0.796673 1 6 1.000000
  6 5.881488 49.825527 0.259197 0.927615 0.023555 0.372794 0.715804 0.783411 1 6 1.000000
  6 4.058403 50.707668 2.975994 0.691397 0.145372 0.707698 0.613899 0.751446 1 6 1.000000
flesh_hand_01
  6 5.881488 49.825527 0.259197 0.927615 0.023555 0.372794 0.715804 0.783411 1 6 1.000000
  6 4.186111 49.835327 2.747220 0.574317 0.030223 0.818075 0.611874 0.796673 1 6 1.000000
  6 5.338502 48.372150 0.445520 0.992284 0.022112 0.121999 0.716031 0.881913 1 6 1.000000
flesh_hand_01
  6 4.594460 48.417953 -1.210776 0.855909 -0.163751 -0.490515 0.773712 0.881296 1 6 1.000000
  6 5.881488 49.825527 0.259197 0.927615 0.023555 0.372794 0.715804 0.783411 1 6 1.000000
  6 5.338502 48.372150 0.445520 0.992284 0.022112 0.121999 0.716031 0.881913 1 6 1.000000
flesh_hand_01
  6 6.506259 49.776585 -1.798966 0.950365 -0.082249 -0.300068 0.772265 0.782979 1 6 1.000000
  6 5.881488 49.825527 0.259197 0.927615 0.023555 0.372794 0.715804 0.783411 1 6 1.000000
  6 4.594460 48.417953 -1.210776 0.855909 -0.163751 -0.490515 0.773712 0.881296 1 6 1.000000
flesh_hand_01
  6 6.506259 49.776585 -1.798966 0.950365 -0.082249 -0.300068 0.772265 0.782979 1 6 1.000000
  6 4.594460 48.417953 -1.210776 0.855909 -0.163751 -0.490515 0.773712 0.881296 1 6 1.000000
  6 3.813597 50.116760 -3.667817 0.448341 -0.072301 -0.890934 0.828726 0.782547 1 6 1.000000
flesh_hand_01
  6 3.813597 50.116760 -3.667817 0.448341 -0.072301 -0.890934 0.828726 0.782547 1 6 1.000000
  6 3.510344 51.201008 -3.263319 0.451180 0.404370 -0.795563 0.827393 0.733482 1 6 1.000000
  6 6.506259 49.776585 -1.798966 0.950365 -0.082249 -0.300068 0.772265 0.782979 1 6 1.000000
flesh_hand_01
  6 6.506259 49.776585 -1.798966 0.950365 -0.082249 -0.300068 0.772265 0.782979 1 6 1.000000
  6 3.510344 51.201008 -3.263319 0.451180 0.404370 -0.795563 0.827393 0.733482 1 6 1.000000
  6 5.294580 51.310913 -0.088892 0.887709 0.459421 0.030081 0.715691 0.734160 1 6 1.000000
flesh_hand_01
  6 6.506259 49.776585 -1.798966 0.950365 -0.082249 -0.300068 0.772265 0.782979 1 6 1.000000
  6 5.294580 51.310913 -0.088892 0.887709 0.459421 0.030081 0.715691 0.734160 1 6 1.000000
  6 5.881488 49.825527 0.259197 0.927615 0.023555 0.372794 0.715804 0.783411 1 6 1.000000
flesh_hand_01
  6 4.058403 50.707668 2.975994 0.691397 0.145372 0.707698 0.613899 0.751446 1 6 1.000000
  6 5.881488 49.825527 0.259197 0.927615 0.023555 0.372794 0.715804 0.783411 1 6 1.000000
  6 5.294580 51.310913 -0.088892 0.887709 0.459421 0.030081 0.715691 0.734160 1 6 1.000000
flesh_hand_01
  6 0.013916 47.552959 4.562708 -0.071936 0.296713 0.952253 0.468487 0.880451 1 6 1.000000
  6 4.186111 49.835327 2.747220 0.574317 0.030223 0.818075 0.611874 0.796673 1 6 1.000000
  6 -0.308588 49.601135 4.452330 0.024511 -0.035675 0.999063 0.470255 0.784286 1 6 1.000000
flesh_hand_01
  6 0.013916 47.552959 4.562708 -0.071936 0.296713 0.952253 0.468487 0.880451 1 6 1.000000
  6 -0.308588 49.601135 4.452330 0.024511 -0.035675 0.999063 0.470255 0.784286 1 6 1.000000
  6 -4.263781 49.554661 2.384405 -0.757013 -0.042996 0.651984 0.339086 0.783173 1 6 1.000000
flesh_hand_01
  6 -0.308588 49.601135 4.452330 0.024511 -0.035675 0.999063 0.470255 0.784286 1 6 1.000000
  6 -0.237181 50.733799 4.484313 -0.062374 0.120480 0.990754 0.471140 0.736204 1 6 1.000000
  6 -4.263781 49.554661 2.384405 -0.757013 -0.042996 0.651984 0.339086 0.783173 1 6 1.000000
flesh_hand_01
  6 -4.263781 49.554661 2.384405 -0.757013 -0.042996 0.651984 0.339086 0.783173 1 6 1.000000
  6 -0.237181 50.733799 4.484313 -0.062374 0.120480 0.990754 0.471140 0.736204 1 6 1.000000
  6 -4.444659 51.329613 2.320464 -0.750058 0.154678 0.643029 0.338229 0.735435 1 6 1.000000
flesh_hand_01
  6 -4.444659 51.329613 2.320464 -0.750058 0.154678 0.643029 0.338229 0.735435 1 6 1.000000
  6 -5.887257 49.972191 -1.593779 -0.980711 -0.180693 -0.074534 0.190416 0.781673 1 6 1.000000
  6 -4.263781 49.554661 2.384405 -0.757013 -0.042996 0.651984 0.339086 0.783173 1 6 1.000000
flesh_hand_01
  6 -5.516743 51.859798 -1.626902 -0.863994 0.317802 -0.390532 0.191906 0.732696 1 6 1.000000
  6 -5.887257 49.972191 -1.593779 -0.980711 -0.180693 -0.074534 0.190416 0.781673 1 6 1.000000
  6 -4.444659 51.329613 2.320464 -0.750058 0.154678 0.643029 0.338229 0.735435 1 6 1.000000
flesh_hand_01
  6 -5.516743 51.859798 -1.626902 -0.863994 0.317802 -0.390532 0.191906 0.732696 1 6 1.000000
  6 -5.675445 50.175129 -2.473344 -0.852601 -0.024925 -0.521968 0.152350 0.781410 1 6 1.000000
  6 -5.887257 49.972191 -1.593779 -0.980711 -0.180693 -0.074534 0.190416 0.781673 1 6 1.000000
flesh_hand_01
  6 -5.516743 51.859798 -1.626902 -0.863994 0.317802 -0.390532 0.191906 0.732696 1 6 1.000000
  6 -4.898089 50.093601 -3.203052 -0.564096 0.145371 -0.812811 0.116078 0.781159 1 6 1.000000
  6 -5.675445 50.175129 -2.473344 -0.852601 -0.024925 -0.521968 0.152350 0.781410 1 6 1.000000
flesh_hand_01
  6 -4.898089 50.093601 -3.203052 -0.564096 0.145371 -0.812811 0.116078 0.781159 1 6 1.000000
  6 -4.181125 48.018402 -3.262358 -0.734288 0.008612 -0.678784 0.115152 0.877021 1 6 1.000000
  6 -5.675445 50.175129 -2.473344 -0.852601 -0.024925 -0.521968 0.152350 0.781410 1 6 1.000000
flesh_hand_01
  6 -5.675445 50.175129 -2.473344 -0.852601 -0.024925 -0.521968 0.152350 0.781410 1 6 1.000000
  6 -4.181125 48.018402 -3.262358 -0.734288 0.008612 -0.678784 0.115152 0.877021 1 6 1.000000
  6 -5.887257 49.972191 -1.593779 -0.980711 -0.180693 -0.074534 0.190416 0.781673 1 6 1.000000
flesh_hand_01
  6 -5.887257 49.972191 -1.593779 -0.980711 -0.180693 -0.074534 0.190416 0.781673 1 6 1.000000
  6 -4.181125 48.018402 -3.262358 -0.734288 0.008612 -0.678784 0.115152 0.877021 1 6 1.000000
  6 -5.241235 48.130463 -1.593229 -0.975550 0.199680 -0.091819 0.187435 0.879626 1 6 1.000000
flesh_hand_01
  6 -5.241235 48.130463 -1.593229 -0.975550 0.199680 -0.091819 0.187435 0.879626 1 6 1.000000
  6 -4.263781 49.554661 2.384405 -0.757013 -0.042996 0.651984 0.339086 0.783173 1 6 1.000000
  6 -5.887257 49.972191 -1.593779 -0.980711 -0.180693 -0.074534 0.190416 0.781673 1 6 1.000000
flesh_hand_01
  6 0.013916 47.552959 4.562708 -0.071936 0.296713 0.952253 0.468487 0.880451 1 6 1.000000
  6 -4.263781 49.554661 2.384405 -0.757013 -0.042996 0.651984 0.339086 0.783173 1 6 1.000000
  6 -4.183241 47.596413 2.570734 -0.644288 0.509384 0.570457 0.340801 0.878648 1 6 1.000000
flesh_hand_01
  6 -4.183241 47.596413 2.570734 -0.644288 0.509384 0.570457 0.340801 0.878648 1 6 1.000000
  6 -4.263781 49.554661 2.384405 -0.757013 -0.042996 0.651984 0.339086 0.783173 1 6 1.000000
  6 -5.241235 48.130463 -1.593229 -0.975550 0.199680 -0.091819 0.187435 0.879626 1 6 1.000000
flesh_hand_01
  6 -6.382001 46.835632 0.703262 -0.724688 0.672032 0.152316 0.264372 0.936798 1 6 1.000000
  6 -4.183241 47.596413 2.570734 -0.644288 0.509384 0.570457 0.340801 0.878648 1 6 1.000000
  6 -5.241235 48.130463 -1.593229 -0.975550 0.199680 -0.091819 0.187435 0.879626 1 6 1.000000
flesh_hand_01
  6 -6.382001 46.835632 0.703262 -0.724688 0.672032 0.152316 0.264372 0.936798 1 6 1.000000
  6 -5.241235 48.130463 -1.593229 -0.975550 0.199680 -0.091819 0.187435 0.879626 1 6 1.000000
  6 -5.452701 47.324486 -1.939167 -0.822275 0.289977 -0.489670 0.189073 0.935857 1 6 1.000000
flesh_hand_01
  6 -4.181125 48.018402 -3.262358 -0.734288 0.008612 -0.678784 0.115152 0.877021 1 6 1.000000
  6 -5.452701 47.324486 -1.939167 -0.822275 0.289977 -0.489670 0.189073 0.935857 1 6 1.000000
  6 -5.241235 48.130463 -1.593229 -0.975550 0.199680 -0.091819 0.187435 0.879626 1 6 1.000000
flesh_hand_01
  6 -4.181125 48.018402 -3.262358 -0.734288 0.008612 -0.678784 0.115152 0.877021 1 6 1.000000
  6 -2.741600 46.671448 -5.029029 -0.347611 0.357948 -0.866625 0.041986 0.946097 1 6 1.000000
  6 -5.452701 47.324486 -1.939167 -0.822275 0.289977 -0.489670 0.189073 0.935857 1 6 1.000000
flesh_hand_01
  6 -2.280458 47.793049 -4.449154 -0.127979 0.243246 -0.961485 0.042868 0.874416 1 6 1.000000
  6 -2.741600 46.671448 -5.029029 -0.347611 0.357948 -0.866625 0.041986 0.946097 1 6 1.000000
  6 -4.181125 48.018402 -3.262358 -0.734288 0.008612 -0.678784 0.115152 0.877021 1 6 1.000000
flesh_hand_01
  6 -4.181125 48.018402 -3.262358 -0.734288 0.008612 -0.678784 0.115152 0.877021 1 6 1.000000
  6 -2.136689 49.833378 -4.335548 -0.098584 0.132570 -0.986259 0.041740 0.780646 1 6 1.000000
  6 -2.280458 47.793049 -4.449154 -0.127979 0.243246 -0.961485 0.042868 0.874416 1 6 1.000000
flesh_hand_01
  6 -4.898089 50.093601 -3.203052 -0.564096 0.145371 -0.812811 0.116078 0.781159 1 6 1.000000
  6 -2.136689 49.833378 -4.335548 -0.098584 0.132570 -0.986259 0.041740 0.780646 1 6 1.000000
  6 -4.181125 48.018402 -3.262358 -0.734288 0.008612 -0.678784 0.115152 0.877021 1 6 1.000000
flesh_hand_01
  6 -4.898089 50.093601 -3.203052 -0.564096 0.145371 -0.812811 0.116078 0.781159 1 6 1.000000
  6 -2.034492 51.344341 -4.076889 -0.172365 0.308878 -0.935353 0.041175 0.733761 1 6 1.000000
  6 -2.136689 49.833378 -4.335548 -0.098584 0.132570 -0.986259 0.041740 0.780646 1 6 1.000000
flesh_hand_01
  6 -5.516743 51.859798 -1.626902 -0.863994 0.317802 -0.390532 0.191906 0.732696 1 6 1.000000
  6 -2.034492 51.344341 -4.076889 -0.172365 0.308878 -0.935353 0.041175 0.733761 1 6 1.000000
  6 -4.898089 50.093601 -3.203052 -0.564096 0.145371 -0.812811 0.116078 0.781159 1 6 1.000000
flesh_hand_01
  6 -5.516743 51.859798 -1.626902 -0.863994 0.317802 -0.390532 0.191906 0.732696 1 6 1.000000
  6 -1.316770 55.959343 -2.559479 -0.187793 0.279918 -0.941477 0.040611 0.686876 1 6 1.000000
  6 -2.034492 51.344341 -4.076889 -0.172365 0.308878 -0.935353 0.041175 0.733761 1 6 1.000000
flesh_hand_01
  6 -3.916392 56.513393 -1.270774 -0.865470 0.343502 -0.364647 0.193397 0.683719 1 6 1.000000
  6 -1.316770 55.959343 -2.559479 -0.187793 0.279918 -0.941477 0.040611 0.686876 1 6 1.000000
  6 -5.516743 51.859798 -1.626902 -0.863994 0.317802 -0.390532 0.191906 0.732696 1 6 1.000000
flesh_hand_01
  6 -3.916392 56.513393 -1.270774 -0.865470 0.343502 -0.364647 0.193397 0.683719 1 6 1.000000
  6 -5.516743 51.859798 -1.626902 -0.863994 0.317802 -0.390532 0.191906 0.732696 1 6 1.000000
  6 -3.439341 56.145348 1.506196 -0.731507 0.282258 0.620668 0.337371 0.687698 1 6 1.000000
flesh_hand_01
  6 -3.439341 56.145348 1.506196 -0.731507 0.282258 0.620668 0.337371 0.687698 1 6 1.000000
  6 -5.516743 51.859798 -1.626902 -0.863994 0.317802 -0.390532 0.191906 0.732696 1 6 1.000000
  6 -4.444659 51.329613 2.320464 -0.750058 0.154678 0.643029 0.338229 0.735435 1 6 1.000000
flesh_hand_01
  6 -4.444659 51.329613 2.320464 -0.750058 0.154678 0.643029 0.338229 0.735435 1 6 1.000000
  6 -0.216085 55.523884 3.082036 -0.052715 0.265497 0.962669 0.472024 0.688121 1 6 1.000000
  6 -3.439341 56.145348 1.506196 -0.731507 0.282258 0.620668 0.337371 0.687698 1 6 1.000000
flesh_hand_01
  6 -0.237181 50.733799 4.484313 -0.062374 0.120480 0.990754 0.471140 0.736204 1 6 1.000000
  6 -0.216085 55.523884 3.082036 -0.052715 0.265497 0.962669 0.472024 0.688121 1 6 1.000000
  6 -4.444659 51.329613 2.320464 -0.750058 0.154678 0.643029 0.338229 0.735435 1 6 1.000000
flesh_hand_01
  6 -0.216085 55.523884 3.082036 -0.052715 0.265497 0.962669 0.472024 0.688121 1 6 1.000000
  6 -0.237181 50.733799 4.484313 -0.062374 0.120480 0.990754 0.471140 0.736204 1 6 1.000000
  6 3.072984 55.640003 2.052279 0.662238 0.272420 0.698017 0.615925 0.706219 1 6 1.000000
flesh_hand_01
  6 0.140987 47.205200 -0.033779 0.104441 0.487176 0.867036 0.972753 0.945005 1 6 1.000000
  6 -0.014090 47.814995 -0.432286 0.104441 0.487176 0.867036 0.974944 0.874979 1 6 1.000000
  6 -1.777423 46.842659 -0.415793 -0.603460 0.478952 0.637527 0.825010 0.933990 1 6 1.000000
flesh_hand_01
  6 -1.777423 46.842659 -0.415793 -0.603460 0.478952 0.637527 0.825010 0.933990 1 6 1.000000
  6 -0.014090 47.814995 -0.432286 0.104441 0.487176 0.867036 0.974944 0.874979 1 6 1.000000
  6 -1.640901 47.868618 -0.866262 -0.603460 0.478952 0.637527 0.831392 0.880678 1 6 1.000000
flesh_hand_01
  6 -1.777423 46.842659 -0.415793 -0.603460 0.478952 0.637527 0.825010 0.933990 1 6 1.000000
  6 -1.640901 47.868618 -0.866262 -0.603460 0.478952 0.637527 0.831392 0.880678 1 6 1.000000
  6 -2.344326 47.622692 -2.567599 -0.780448 0.559692 -0.278649 0.714152 0.931788 1 6 1.000000
flesh_hand_01
  6 -2.344326 47.622692 -2.567599 -0.780448 0.559692 -0.278649 0.714152 0.931788 1 6 1.000000
  6 -1.640901 47.868618 -0.866262 -0.603460 0.478952 0.637527 0.831392 0.880678 1 6 1.000000
  6 -1.849729 48.022888 -2.331805 -0.780448 0.559692 -0.278649 0.716031 0.881913 1 6 1.000000
flesh_hand_01
  6 -2.344326 47.622692 -2.567599 -0.780448 0.559692 -0.278649 0.714152 0.931788 1 6 1.000000
  6 -1.849729 48.022888 -2.331805 -0.780448 0.559692 -0.278649 0.716031 0.881913 1 6 1.000000
  6 -0.556119 47.281540 -3.561818 -0.127835 0.539006 -0.832545 0.608972 0.934274 1 6 1.000000
flesh_hand_01
  6 -0.556119 47.281540 -3.561818 -0.127835 0.539006 -0.832545 0.608972 0.934274 1 6 1.000000
  6 -1.849729 48.022888 -2.331805 -0.780448 0.559692 -0.278649 0.716031 0.881913 1 6 1.000000
  6 -0.621553 48.397984 -3.036405 -0.127835 0.539006 -0.832545 0.607176 0.880665 1 6 1.000000
flesh_hand_01
  6 -0.621553 48.397984 -3.036405 -0.127835 0.539006 -0.832545 0.607176 0.880665 1 6 1.000000
  6 0.885407 48.184380 -2.666633 0.531408 0.625245 -0.571555 0.468487 0.880451 1 6 1.000000
  6 -0.556119 47.281540 -3.561818 -0.127835 0.539006 -0.832545 0.608972 0.934274 1 6 1.000000
flesh_hand_01
  6 -0.556119 47.281540 -3.561818 -0.127835 0.539006 -0.832545 0.608972 0.934274 1 6 1.000000
  6 0.885407 48.184380 -2.666633 0.531408 0.625245 -0.571555 0.468487 0.880451 1 6 1.000000
  6 1.415636 47.338963 -3.249209 0.531408 0.625245 -0.571555 0.474044 0.934522 1 6 1.000000
flesh_hand_01
  6 1.415636 47.338963 -3.249209 0.531408 0.625245 -0.571555 0.474044 0.934522 1 6 1.000000
  6 0.885407 48.184380 -2.666633 0.531408 0.625245 -0.571555 0.468487 0.880451 1 6 1.000000
  6 1.629420 47.487587 -1.896960 0.830971 0.553830 -0.052530 0.347666 0.937840 1 6 1.000000
flesh_hand_01
  6 1.629420 47.487587 -1.896960 0.830971 0.553830 -0.052530 0.347666 0.937840 1 6 1.000000
  6 0.885407 48.184380 -2.666633 0.531408 0.625245 -0.571555 0.468487 0.880451 1 6 1.000000
  6 1.145172 48.182564 -1.759512 0.830971 0.553830 -0.052530 0.340801 0.878648 1 6 1.000000
flesh_hand_01
  6 1.145172 48.182564 -1.759512 0.830971 0.553830 -0.052530 0.340801 0.878648 1 6 1.000000
  6 1.211969 48.083225 -1.177819 0.709131 0.523917 0.471851 0.187435 0.879626 1 6 1.000000
  6 1.629420 47.487587 -1.896960 0.830971 0.553830 -0.052530 0.347666 0.937840 1 6 1.000000
flesh_hand_01
  6 1.629420 47.487587 -1.896960 0.830971 0.553830 -0.052530 0.347666 0.937840 1 6 1.000000
  6 1.211969 48.083225 -1.177819 0.709131 0.523917 0.471851 0.187435 0.879626 1 6 1.000000
  6 1.563842 47.291046 -1.002597 0.709131 0.523917 0.471851 0.189073 0.935857 1 6 1.000000
flesh_hand_01
  6 1.211969 48.083225 -1.177819 0.709131 0.523917 0.471851 0.187435 0.879626 1 6 1.000000
  6 -0.014090 47.814995 -0.432286 0.104441 0.487176 0.867036 0.042868 0.874416 1 6 1.000000
  6 1.563842 47.291046 -1.002597 0.709131 0.523917 0.471851 0.189073 0.935857 1 6 1.000000
flesh_hand_01
  6 1.563842 47.291046 -1.002597 0.709131 0.523917 0.471851 0.189073 0.935857 1 6 1.000000
  6 -0.014090 47.814995 -0.432286 0.104441 0.487176 0.867036 0.042868 0.874416 1 6 1.000000
  6 0.140987 47.205200 -0.033779 0.104441 0.487176 0.867036 0.041986 0.946097 1 6 1.000000
flesh_hand_01
  6 0.162934 52.798073 -4.234577 -0.634903 0.592559 0.495754 0.610161 0.254377 1 6 1.000000
  6 0.162934 52.467209 -3.836904 -0.634903 0.592559 0.495754 0.612376 0.245304 1 6 1.000000
  6 3.849430 51.732094 -4.093150 0.193797 0.752435 0.629511 0.727621 0.258303 1 6 1.000000
flesh_hand_01
  6 0.162934 52.154247 -3.465021 -0.634903 0.592559 0.495754 0.615210 0.236876 1 6 1.000000
  6 3.849430 51.732094 -4.093150 0.193797 0.752435 0.629511 0.727621 0.258303 1 6 1.000000
  6 0.162934 52.467209 -3.836904 -0.634903 0.592559 0.495754 0.612376 0.245304 1 6 1.000000
flesh_hand_01
  6 0.162934 52.154247 -3.465021 -0.634903 0.592559 0.495754 0.615210 0.236876 1 6 1.000000
  6 0.162934 52.467209 -3.836904 -0.634903 0.592559 0.495754 0.612376 0.245304 1 6 1.000000
  6 0.162934 52.798073 -4.234577 -0.634903 0.592559 0.495754 0.610161 0.254377 1 6 1.000000
flesh_hand_01
  6 0.720299 47.146530 -2.644384 0.637026 0.360149 -0.681535 0.600988 0.332576 1 6 1.000000
  6 -0.377849 47.497074 -2.622283 -0.138324 0.656092 -0.741896 0.656892 0.300721 1 6 1.000000
  6 0.816406 47.428722 -2.445597 0.637026 0.360149 -0.681535 0.601081 0.300715 1 6 1.000000
flesh_hand_01
  6 -0.702121 47.060783 -2.979396 -0.138324 0.656092 -0.741896 0.657129 0.332583 1 6 1.000000
  6 -0.377849 47.497074 -2.622283 -0.138324 0.656092 -0.741896 0.656892 0.300721 1 6 1.000000
  6 0.720299 47.146530 -2.644384 0.637026 0.360149 -0.681535 0.600988 0.332576 1 6 1.000000
flesh_hand_01
  6 -0.702121 47.060783 -2.979396 -0.138324 0.656092 -0.741896 0.657129 0.332583 1 6 1.000000
  6 -1.346606 47.414204 -2.090567 -0.670183 0.723577 -0.165199 0.714844 0.300728 1 6 1.000000
  6 -0.377849 47.497074 -2.622283 -0.138324 0.656092 -0.741896 0.656892 0.300721 1 6 1.000000
flesh_hand_01
  6 -1.732486 46.966419 -2.281635 -0.670183 0.723577 -0.165199 0.715410 0.332590 1 6 1.000000
  6 -1.346606 47.414204 -2.090567 -0.670183 0.723577 -0.165199 0.714844 0.300728 1 6 1.000000
  6 -0.702121 47.060783 -2.979396 -0.138324 0.656092 -0.741896 0.657129 0.332583 1 6 1.000000
flesh_hand_01
  6 -1.316426 46.872467 -0.930657 -0.516261 0.540143 0.664621 0.779281 0.332575 1 6 1.000000
  6 -1.346606 47.414204 -2.090567 -0.670183 0.723577 -0.165199 0.714844 0.300728 1 6 1.000000
  6 -1.732486 46.966419 -2.281635 -0.670183 0.723577 -0.165199 0.715410 0.332590 1 6 1.000000
flesh_hand_01
  6 -0.961655 47.350323 -1.021331 -0.516261 0.540143 0.664621 0.778636 0.300714 1 6 1.000000
  6 -1.346606 47.414204 -2.090567 -0.670183 0.723577 -0.165199 0.714844 0.300728 1 6 1.000000
  6 -1.316426 46.872467 -0.930657 -0.516261 0.540143 0.664621 0.779281 0.332575 1 6 1.000000
flesh_hand_01
  6 0.144929 46.649342 -0.514569 0.158184 0.378729 0.911889 0.837560 0.332571 1 6 1.000000
  6 -0.961655 47.350323 -1.021331 -0.516261 0.540143 0.664621 0.778636 0.300714 1 6 1.000000
  6 -1.316426 46.872467 -0.930657 -0.516261 0.540143 0.664621 0.779281 0.332575 1 6 1.000000
flesh_hand_01
  6 0.263042 47.234501 -0.798404 0.158184 0.378729 0.911889 0.837127 0.300710 1 6 1.000000
  6 -0.961655 47.350323 -1.021331 -0.516261 0.540143 0.664621 0.778636 0.300714 1 6 1.000000
  6 0.144929 46.649342 -0.514569 0.158184 0.378729 0.911889 0.837560 0.332571 1 6 1.000000
flesh_hand_01
  6 1.294392 46.923695 -1.258785 0.914072 0.259696 0.311495 0.894484 0.332570 1 6 1.000000
  6 0.263042 47.234501 -0.798404 0.158184 0.378729 0.911889 0.837127 0.300710 1 6 1.000000
  6 0.144929 46.649342 -0.514569 0.158184 0.378729 0.911889 0.837560 0.332571 1 6 1.000000
flesh_hand_01
  6 1.194284 47.241779 -1.341947 0.914072 0.259696 0.311495 0.894847 0.300709 1 6 1.000000
  6 0.263042 47.234501 -0.798404 0.158184 0.378729 0.911889 0.837127 0.300710 1 6 1.000000
  6 1.294392 46.923695 -1.258785 0.914072 0.259696 0.311495 0.894484 0.332570 1 6 1.000000
flesh_hand_01
  6 1.294392 46.923695 -1.258785 0.914072 0.259696 0.311495 0.894484 0.332570 1 6 1.000000
  6 0.816406 47.428722 -2.445597 0.637026 0.360149 -0.681535 0.961888 0.300713 1 6 1.000000
  6 1.194284 47.241779 -1.341947 0.914072 0.259696 0.311495 0.894847 0.300709 1 6 1.000000
flesh_hand_01
  6 0.720299 47.146530 -2.644384 0.637026 0.360149 -0.681535 0.961019 0.332573 1 6 1.000000
  6 0.816406 47.428722 -2.445597 0.637026 0.360149 -0.681535 0.961888 0.300713 1 6 1.000000
  6 1.294392 46.923695 -1.258785 0.914072 0.259696 0.311495 0.894484 0.332570 1 6 1.000000
flesh_hand_01
  6 -5.196211 47.650455 -1.351304 -0.878643 0.424712 -0.218189 0.714152 0.931788 1 6 1.000000
  6 -3.637414 47.962982 1.751232 -0.595445 0.594155 0.540763 0.831392 0.880678 1 6 1.000000
  6 -4.832365 48.175297 -1.357681 -0.878643 0.424712 -0.218189 0.716031 0.881913 1 6 1.000000
flesh_hand_01
  6 -4.410768 46.792366 2.092423 -0.595445 0.594155 0.540763 0.825010 0.933990 1 6 1.000000
  6 -3.637414 47.962982 1.751232 -0.595445 0.594155 0.540763 0.831392 0.880678 1 6 1.000000
  6 -5.196211 47.650455 -1.351304 -0.878643 0.424712 -0.218189 0.714152 0.931788 1 6 1.000000
flesh_hand_01
  6 -4.410768 46.792366 2.092423 -0.595445 0.594155 0.540763 0.825010 0.933990 1 6 1.000000
  6 -0.060477 47.667728 3.766701 -0.193365 0.660567 0.725439 0.974944 0.874979 1 6 1.000000
  6 -3.637414 47.962982 1.751232 -0.595445 0.594155 0.540763 0.831392 0.880678 1 6 1.000000
flesh_hand_01
  6 0.080974 45.792004 5.502719 -0.193365 0.660567 0.725439 0.972753 0.945005 1 6 1.000000
  6 -0.060477 47.667728 3.766701 -0.193365 0.660567 0.725439 0.974944 0.874979 1 6 1.000000
  6 -4.410768 46.792366 2.092423 -0.595445 0.594155 0.540763 0.825010 0.933990 1 6 1.000000
flesh_hand_01
  6 0.080974 45.792004 5.502719 -0.193365 0.660567 0.725439 0.041986 0.946097 1 6 1.000000
  6 1.782526 47.892014 3.303319 0.070406 0.695558 0.715012 0.115152 0.877021 1 6 1.000000
  6 -0.060477 47.667728 3.766701 -0.193365 0.660567 0.725439 0.042868 0.874416 1 6 1.000000
flesh_hand_01
  6 2.872874 46.044846 5.376518 0.070406 0.695558 0.715012 0.115529 0.940977 1 6 1.000000
  6 1.782526 47.892014 3.303319 0.070406 0.695558 0.715012 0.115152 0.877021 1 6 1.000000
  6 0.080974 45.792004 5.502719 -0.193365 0.660567 0.725439 0.041986 0.946097 1 6 1.000000
flesh_hand_01
  6 4.408855 47.427029 3.278099 0.376371 0.746306 0.548973 0.189073 0.935857 1 6 1.000000
  6 1.782526 47.892014 3.303319 0.070406 0.695558 0.715012 0.115152 0.877021 1 6 1.000000
  6 2.872874 46.044846 5.376518 0.070406 0.695558 0.715012 0.115529 0.940977 1 6 1.000000
flesh_hand_01
  6 3.634197 48.599716 2.899857 0.376371 0.746306 0.548973 0.187435 0.879626 1 6 1.000000
  6 1.782526 47.892014 3.303319 0.070406 0.695558 0.715012 0.115152 0.877021 1 6 1.000000
  6 4.408855 47.427029 3.278099 0.376371 0.746306 0.548973 0.189073 0.935857 1 6 1.000000
flesh_hand_01
  6 4.408855 47.427029 3.278099 0.376371 0.746306 0.548973 0.189073 0.935857 1 6 1.000000
  6 4.228150 48.537937 0.958902 0.567151 0.822122 0.049542 0.264118 0.879137 1 6 1.000000
  6 3.634197 48.599716 2.899857 0.376371 0.746306 0.548973 0.187435 0.879626 1 6 1.000000
flesh_hand_01
  6 5.732703 47.671467 1.156139 0.567151 0.822122 0.049542 0.268370 0.936848 1 6 1.000000
  6 4.228150 48.537937 0.958902 0.567151 0.822122 0.049542 0.264118 0.879137 1 6 1.000000
  6 4.408855 47.427029 3.278099 0.376371 0.746306 0.548973 0.189073 0.935857 1 6 1.000000
flesh_hand_01
  6 5.732703 47.671467 1.156139 0.567151 0.822122 0.049542 0.268370 0.936848 1 6 1.000000
  6 4.929603 47.643955 -0.870043 0.504045 0.764082 -0.402638 0.347666 0.937840 1 6 1.000000
  6 4.228150 48.537937 0.958902 0.567151 0.822122 0.049542 0.264118 0.879137 1 6 1.000000
flesh_hand_01
  6 4.228150 48.537937 0.958902 0.567151 0.822122 0.049542 0.264118 0.879137 1 6 1.000000
  6 4.929603 47.643955 -0.870043 0.504045 0.764082 -0.402638 0.347666 0.937840 1 6 1.000000
  6 3.537857 48.509865 -0.707798 0.504045 0.764082 -0.402638 0.340801 0.878648 1 6 1.000000
flesh_hand_01
  6 4.929603 47.643955 -0.870043 0.504045 0.764082 -0.402638 0.347666 0.937840 1 6 1.000000
  6 3.539770 47.416595 -1.966716 0.420833 0.629662 -0.653012 0.410855 0.936181 1 6 1.000000
  6 3.537857 48.509865 -0.707798 0.504045 0.764082 -0.402638 0.340801 0.878648 1 6 1.000000
flesh_hand_01
  6 3.537857 48.509865 -0.707798 0.504045 0.764082 -0.402638 0.340801 0.878648 1 6 1.000000
  6 3.539770 47.416595 -1.966716 0.420833 0.629662 -0.653012 0.410855 0.936181 1 6 1.000000
  6 2.778941 48.199158 -2.049142 0.420833 0.629662 -0.653012 0.404644 0.879550 1 6 1.000000
flesh_hand_01
  6 3.539770 47.416595 -1.966716 0.420833 0.629662 -0.653012 0.410855 0.936181 1 6 1.000000
  6 1.733037 46.768448 -3.722969 0.262459 0.615597 -0.743072 0.474044 0.934522 1 6 1.000000
  6 2.778941 48.199158 -2.049142 0.420833 0.629662 -0.653012 0.404644 0.879550 1 6 1.000000
flesh_hand_01
  6 2.778941 48.199158 -2.049142 0.420833 0.629662 -0.653012 0.404644 0.879550 1 6 1.000000
  6 1.733037 46.768448 -3.722969 0.262459 0.615597 -0.743072 0.474044 0.934522 1 6 1.000000
  6 0.814637 47.974831 -2.834236 0.262459 0.615597 -0.743072 0.468487 0.880451 1 6 1.000000
flesh_hand_01
  6 -1.375105 46.913746 -4.221974 -0.074078 0.471829 -0.878573 0.541508 0.934398 1 6 1.000000
  6 0.814637 47.974831 -2.834236 0.262459 0.615597 -0.743072 0.468487 0.880451 1 6 1.000000
  6 1.733037 46.768448 -3.722969 0.262459 0.615597 -0.743072 0.474044 0.934522 1 6 1.000000
flesh_hand_01
  6 -1.617592 47.951580 -3.485235 -0.074078 0.471829 -0.878573 0.537831 0.880558 1 6 1.000000
  6 0.814637 47.974831 -2.834236 0.262459 0.615597 -0.743072 0.468487 0.880451 1 6 1.000000
  6 -1.375105 46.913746 -4.221974 -0.074078 0.471829 -0.878573 0.541508 0.934398 1 6 1.000000
flesh_hand_01
  6 -3.330480 47.202877 -3.116167 -0.528012 0.205612 -0.823970 0.608972 0.934274 1 6 1.000000
  6 -1.617592 47.951580 -3.485235 -0.074078 0.471829 -0.878573 0.537831 0.880558 1 6 1.000000
  6 -1.375105 46.913746 -4.221974 -0.074078 0.471829 -0.878573 0.541508 0.934398 1 6 1.000000
flesh_hand_01
  6 -3.356021 48.478580 -3.099981 -0.528012 0.205612 -0.823970 0.607176 0.880665 1 6 1.000000
  6 -1.617592 47.951580 -3.485235 -0.074078 0.471829 -0.878573 0.537831 0.880558 1 6 1.000000
  6 -3.330480 47.202877 -3.116167 -0.528012 0.205612 -0.823970 0.608972 0.934274 1 6 1.000000
flesh_hand_01
  6 -3.330480 47.202877 -3.116167 -0.528012 0.205612 -0.823970 0.608972 0.934274 1 6 1.000000
  6 -4.832365 48.175297 -1.357681 -0.878643 0.424712 -0.218189 0.716031 0.881913 1 6 1.000000
  6 -3.356021 48.478580 -3.099981 -0.528012 0.205612 -0.823970 0.607176 0.880665 1 6 1.000000
flesh_hand_01
  6 -5.196211 47.650455 -1.351304 -0.878643 0.424712 -0.218189 0.714152 0.931788 1 6 1.000000
  6 -4.832365 48.175297 -1.357681 -0.878643 0.424712 -0.218189 0.716031 0.881913 1 6 1.000000
  6 -3.330480 47.202877 -3.116167 -0.528012 0.205612 -0.823970 0.608972 0.934274 1 6 1.000000
flesh_hand_01
  6 0.918022 48.896671 -2.783060 0.707335 -0.019100 -0.706620 0.597613 0.194190 1 6 1.000000
  6 0.951160 47.415932 -2.690279 0.695078 0.142573 -0.704656 0.601081 0.300715 1 6 1.000000
  6 -0.557191 48.788219 -3.057544 -0.152077 -0.051602 -0.987021 0.653995 0.194773 1 6 1.000000
flesh_hand_01
  6 -0.557191 48.788219 -3.057544 -0.152077 -0.051602 -0.987021 0.653995 0.194773 1 6 1.000000
  6 0.951160 47.415932 -2.690279 0.695078 0.142573 -0.704656 0.601081 0.300715 1 6 1.000000
  6 -0.502078 47.393623 -2.993415 -0.143923 0.101007 -0.984420 0.656892 0.300721 1 6 1.000000
flesh_hand_01
  6 0.976614 47.028030 -2.671912 0.665899 0.295143 -0.685178 0.600988 0.332576 1 6 1.000000
  6 -0.502078 47.393623 -2.993415 -0.143923 0.101007 -0.984420 0.656892 0.300721 1 6 1.000000
  6 0.951160 47.415932 -2.690279 0.695078 0.142573 -0.704656 0.601081 0.300715 1 6 1.000000
flesh_hand_01
  6 -0.597635 46.792568 -3.173205 -0.132169 0.253940 -0.958147 0.657129 0.332583 1 6 1.000000
  6 -0.502078 47.393623 -2.993415 -0.143923 0.101007 -0.984420 0.656892 0.300721 1 6 1.000000
  6 0.976614 47.028030 -2.671912 0.665899 0.295143 -0.685178 0.600988 0.332576 1 6 1.000000
flesh_hand_01
  6 -0.597635 46.792568 -3.173205 -0.132169 0.253940 -0.958147 0.657129 0.332583 1 6 1.000000
  6 -1.744575 47.203255 -2.315183 -0.906005 0.087355 -0.414154 0.714844 0.300728 1 6 1.000000
  6 -0.502078 47.393623 -2.993415 -0.143923 0.101007 -0.984420 0.656892 0.300721 1 6 1.000000
flesh_hand_01
  6 -1.829290 46.607006 -2.514318 -0.892474 0.235156 -0.384956 0.715410 0.332590 1 6 1.000000
  6 -1.744575 47.203255 -2.315183 -0.906005 0.087355 -0.414154 0.714844 0.300728 1 6 1.000000
  6 -0.597635 46.792568 -3.173205 -0.132169 0.253940 -0.958147 0.657129 0.332583 1 6 1.000000
flesh_hand_01
  6 -1.502466 46.694775 -0.784528 -0.722265 0.073437 0.687707 0.779281 0.332575 1 6 1.000000
  6 -1.744575 47.203255 -2.315183 -0.906005 0.087355 -0.414154 0.714844 0.300728 1 6 1.000000
  6 -1.829290 46.607006 -2.514318 -0.892474 0.235156 -0.384956 0.715410 0.332590 1 6 1.000000
flesh_hand_01
  6 -1.501422 47.158703 -0.853262 -0.729203 0.020222 0.683998 0.778636 0.300714 1 6 1.000000
  6 -1.744575 47.203255 -2.315183 -0.906005 0.087355 -0.414154 0.714844 0.300728 1 6 1.000000
  6 -1.502466 46.694775 -0.784528 -0.722265 0.073437 0.687707 0.779281 0.332575 1 6 1.000000
flesh_hand_01
  6 -1.744575 47.203255 -2.315183 -0.906005 0.087355 -0.414154 0.714844 0.300728 1 6 1.000000
  6 -1.501422 47.158703 -0.853262 -0.729203 0.020222 0.683998 0.778636 0.300714 1 6 1.000000
  6 -1.827550 48.510860 -2.328004 -0.898627 -0.063960 -0.434026 0.714698 0.195427 1 6 1.000000
flesh_hand_01
  6 -1.827550 48.510860 -2.328004 -0.898627 -0.063960 -0.434026 0.714698 0.195427 1 6 1.000000
  6 -1.501422 47.158703 -0.853262 -0.729203 0.020222 0.683998 0.778636 0.300714 1 6 1.000000
  6 -1.577815 48.625488 -0.869404 -0.734015 -0.032825 0.678339 0.779297 0.194115 1 6 1.000000
flesh_hand_01
  6 -1.577815 48.625488 -0.869404 -0.734015 -0.032825 0.678339 0.779297 0.194115 1 6 1.000000
  6 -1.501422 47.158703 -0.853262 -0.729203 0.020222 0.683998 0.778636 0.300714 1 6 1.000000
  6 -0.052012 48.594090 -0.485522 0.127001 0.020150 0.991698 0.837788 0.193943 1 6 1.000000
flesh_hand_01
  6 -0.052012 48.594090 -0.485522 0.127001 0.020150 0.991698 0.837788 0.193943 1 6 1.000000
  6 -1.501422 47.158703 -0.853262 -0.729203 0.020222 0.683998 0.778636 0.300714 1 6 1.000000
  6 0.009394 47.122635 -0.467378 0.096098 0.122262 0.987834 0.837127 0.300710 1 6 1.000000
flesh_hand_01
  6 0.009394 47.122635 -0.467378 0.096098 0.122262 0.987834 0.837127 0.300710 1 6 1.000000
  6 1.269285 47.215717 -1.153651 0.869498 0.249043 0.426557 0.894847 0.300709 1 6 1.000000
  6 -0.052012 48.594090 -0.485522 0.127001 0.020150 0.991698 0.837788 0.193943 1 6 1.000000
flesh_hand_01
  6 0.042646 46.738022 -0.472464 0.064664 0.221241 0.973073 0.837560 0.332571 1 6 1.000000
  6 1.269285 47.215717 -1.153651 0.869498 0.249043 0.426557 0.894847 0.300709 1 6 1.000000
  6 0.009394 47.122635 -0.467378 0.096098 0.122262 0.987834 0.837127 0.300710 1 6 1.000000
flesh_hand_01
  6 1.608924 46.823650 -0.979895 0.788962 0.457056 0.410656 0.894484 0.332570 1 6 1.000000
  6 1.269285 47.215717 -1.153651 0.869498 0.249043 0.426557 0.894847 0.300709 1 6 1.000000
  6 0.042646 46.738022 -0.472464 0.064664 0.221241 0.973073 0.837560 0.332571 1 6 1.000000
flesh_hand_01
  6 0.976614 47.028030 -2.671912 0.665899 0.295143 -0.685178 0.961019 0.332573 1 6 1.000000
  6 1.269285 47.215717 -1.153651 0.869498 0.249043 0.426557 0.894847 0.300709 1 6 1.000000
  6 1.608924 46.823650 -0.979895 0.788962 0.457056 0.410656 0.894484 0.332570 1 6 1.000000
flesh_hand_01
  6 0.951160 47.415932 -2.690279 0.695078 0.142573 -0.704656 0.961888 0.300713 1 6 1.000000
  6 1.269285 47.215717 -1.153651 0.869498 0.249043 0.426557 0.894847 0.300709 1 6 1.000000
  6 0.976614 47.028030 -2.671912 0.665899 0.295143 -0.685178 0.961019 0.332573 1 6 1.000000
flesh_hand_01
  6 1.269285 47.215717 -1.153651 0.869498 0.249043 0.426557 0.894847 0.300709 1 6 1.000000
  6 0.951160 47.415932 -2.690279 0.695078 0.142573 -0.704656 0.961888 0.300713 1 6 1.000000
  6 1.226320 48.694225 -1.205072 0.906249 0.033089 0.421447 0.895508 0.193908 1 6 1.000000
flesh_hand_01
  6 1.226320 48.694225 -1.205072 0.906249 0.033089 0.421447 0.895508 0.193908 1 6 1.000000
  6 0.951160 47.415932 -2.690279 0.695078 0.142573 -0.704656 0.961888 0.300713 1 6 1.000000
  6 0.918022 48.896671 -2.783060 0.707335 -0.019100 -0.706620 0.962548 0.194053 1 6 1.000000
flesh_hand_01
  6 -0.052012 48.594090 -0.485522 0.127001 0.020150 0.991698 0.837788 0.193943 1 6 1.000000
  6 1.269285 47.215717 -1.153651 0.869498 0.249043 0.426557 0.894847 0.300709 1 6 1.000000
  6 1.226320 48.694225 -1.205072 0.906249 0.033089 0.421447 0.895508 0.193908 1 6 1.000000
flesh_hand_01
  6 0.042646 46.738022 -0.472464 0.064664 0.221241 0.973073 0.837560 0.332571 1 6 1.000000
  6 0.009394 47.122635 -0.467378 0.096098 0.122262 0.987834 0.837127 0.300710 1 6 1.000000
  6 -1.502466 46.694775 -0.784528 -0.722265 0.073437 0.687707 0.779281 0.332575 1 6 1.000000
flesh_hand_01
  6 -1.502466 46.694775 -0.784528 -0.722265 0.073437 0.687707 0.779281 0.332575 1 6 1.000000
  6 0.009394 47.122635 -0.467378 0.096098 0.122262 0.987834 0.837127 0.300710 1 6 1.000000
  6 -1.501422 47.158703 -0.853262 -0.729203 0.020222 0.683998 0.778636 0.300714 1 6 1.000000
flesh_hand_01
  6 -0.557191 48.788219 -3.057544 -0.152077 -0.051602 -0.987021 0.653995 0.194773 1 6 1.000000
  6 -0.502078 47.393623 -2.993415 -0.143923 0.101007 -0.984420 0.656892 0.300721 1 6 1.000000
  6 -1.827550 48.510860 -2.328004 -0.898627 -0.063960 -0.434026 0.714698 0.195427 1 6 1.000000
flesh_hand_01
  6 -1.827550 48.510860 -2.328004 -0.898627 -0.063960 -0.434026 0.714698 0.195427 1 6 1.000000
  6 -0.502078 47.393623 -2.993415 -0.143923 0.101007 -0.984420 0.656892 0.300721 1 6 1.000000
  6 -1.744575 47.203255 -2.315183 -0.906005 0.087355 -0.414154 0.714844 0.300728 1 6 1.000000
flesh_hand_01
  6 -5.974957 49.983147 -4.295383 -0.339274 0.869904 -0.357994 0.995596 0.084097 1 6 1.000000
  6 -4.819145 50.864841 -3.220741 -0.508112 0.678273 -0.530818 0.816370 0.083098 1 6 1.000000
  6 -2.975882 49.897575 -4.937335 -0.154448 0.780575 -0.605680 0.992991 0.162102 1 6 1.000000
flesh_hand_01
  6 -2.975882 49.897575 -4.937335 -0.154448 0.780575 -0.605680 0.992991 0.162102 1 6 1.000000
  6 -4.819145 50.864841 -3.220741 -0.508112 0.678273 -0.530818 0.816370 0.083098 1 6 1.000000
  6 -2.720987 50.823128 -4.042607 -0.221884 0.681662 -0.697212 0.815857 0.163320 1 6 1.000000
flesh_hand_01
  6 -4.819145 50.864841 -3.220741 -0.508112 0.678273 -0.530818 0.816370 0.083098 1 6 1.000000
  6 -2.933554 51.778122 -3.243982 -0.284281 0.567268 -0.772911 0.687547 0.163929 1 6 1.000000
  6 -2.720987 50.823128 -4.042607 -0.221884 0.681662 -0.697212 0.815857 0.163320 1 6 1.000000
flesh_hand_01
  6 -4.496758 51.828171 -2.651829 -0.446312 0.566460 -0.692769 0.687014 0.082598 1 6 1.000000
  6 -2.933554 51.778122 -3.243982 -0.284281 0.567268 -0.772911 0.687547 0.163929 1 6 1.000000
  6 -4.819145 50.864841 -3.220741 -0.508112 0.678273 -0.530818 0.816370 0.083098 1 6 1.000000
flesh_hand_01
  6 -4.819145 50.864841 -3.220741 -0.508112 0.678273 -0.530818 0.816370 0.083098 1 6 1.000000
  6 -4.839526 51.708591 -2.417770 -0.772059 0.442758 -0.455949 0.686840 0.056044 1 6 1.000000
  6 -4.496758 51.828171 -2.651829 -0.446312 0.566460 -0.692769 0.687014 0.082598 1 6 1.000000
flesh_hand_01
  6 -5.398051 50.465569 -2.422222 -0.843060 0.536964 -0.030307 0.816748 0.024146 1 6 1.000000
  6 -4.839526 51.708591 -2.417770 -0.772059 0.442758 -0.455949 0.686840 0.056044 1 6 1.000000
  6 -4.819145 50.864841 -3.220741 -0.508112 0.678273 -0.530818 0.816370 0.083098 1 6 1.000000
flesh_hand_01
  6 -4.839526 51.708591 -2.417770 -0.772059 0.442758 -0.455949 0.686840 0.056044 1 6 1.000000
  6 -5.398051 50.465569 -2.422222 -0.843060 0.536964 -0.030307 0.816748 0.024146 1 6 1.000000
  6 -5.317571 51.378048 -1.594012 -0.982117 0.166459 -0.087958 0.686482 0.001268 1 6 1.000000
flesh_hand_01
  6 -5.317571 51.378048 -1.594012 -0.982117 0.166459 -0.087958 0.686482 0.001268 1 6 1.000000
  6 -5.398051 50.465569 -2.422222 -0.843060 0.536964 -0.030307 0.816748 0.024146 1 6 1.000000
  6 -5.322499 50.270832 -2.086563 -0.827476 0.384429 0.409265 0.816884 0.002876 1 6 1.000000
flesh_hand_01
  6 -5.398051 50.465569 -2.422222 -0.843060 0.536964 -0.030307 0.816748 0.024146 1 6 1.000000
  6 -7.077541 49.641174 -2.665069 -0.485606 0.841630 0.236315 0.998201 0.006092 1 6 1.000000
  6 -5.322499 50.270832 -2.086563 -0.827476 0.384429 0.409265 0.816884 0.002876 1 6 1.000000
flesh_hand_01
  6 -7.077541 49.641174 -2.665069 -0.485606 0.841630 0.236315 0.998201 0.006092 1 6 1.000000
  6 -5.398051 50.465569 -2.422222 -0.843060 0.536964 -0.030307 0.816748 0.024146 1 6 1.000000
  6 -5.974957 49.983147 -4.295383 -0.339274 0.869904 -0.357994 0.995596 0.084097 1 6 1.000000
flesh_hand_01
  6 -5.974957 49.983147 -4.295383 -0.339274 0.869904 -0.357994 0.995596 0.084097 1 6 1.000000
  6 -5.398051 50.465569 -2.422222 -0.843060 0.536964 -0.030307 0.816748 0.024146 1 6 1.000000
  6 -4.819145 50.864841 -3.220741 -0.508112 0.678273 -0.530818 0.816370 0.083098 1 6 1.000000
flesh_hand_01
  6 -3.575981 46.592674 2.004295 -0.537647 -0.272322 0.797983 0.816884 0.002876 1 6 1.000000
  6 -5.055224 47.052841 0.947211 -0.793087 0.293537 0.533712 0.860869 0.062588 1 6 1.000000
  6 -4.602635 45.284573 0.527414 -0.458331 -0.314647 0.831222 0.998201 0.006092 1 6 1.000000
flesh_hand_01
  6 -4.602635 45.284573 0.527414 -0.458331 -0.314647 0.831222 0.998201 0.006092 1 6 1.000000
  6 -5.055224 47.052841 0.947211 -0.793087 0.293537 0.533712 0.860869 0.062588 1 6 1.000000
  6 -6.297634 45.699490 0.165487 -0.797886 0.229726 0.557318 0.995596 0.063893 1 6 1.000000
flesh_hand_01
  6 -5.055224 47.052841 0.947211 -0.793087 0.293537 0.533712 0.860869 0.062588 1 6 1.000000
  6 -4.985877 47.193405 -0.386659 -0.783513 0.621184 0.015384 0.904854 0.122299 1 6 1.000000
  6 -6.297634 45.699490 0.165487 -0.797886 0.229726 0.557318 0.995596 0.063893 1 6 1.000000
flesh_hand_01
  6 -6.297634 45.699490 0.165487 -0.797886 0.229726 0.557318 0.995596 0.063893 1 6 1.000000
  6 -4.985877 47.193405 -0.386659 -0.783513 0.621184 0.015384 0.904854 0.122299 1 6 1.000000
  6 -6.069732 45.946281 -1.278682 -0.749140 0.662300 0.012189 0.992991 0.121694 1 6 1.000000
flesh_hand_01
  6 -1.501393 47.158707 -0.853257 0.014349 -0.998261 -0.057172 0.568814 0.130527 1 6 1.000000
  6 -1.744575 47.203259 -2.315176 0.035700 -0.993950 -0.103865 0.574820 0.066365 1 6 1.000000
  6 0.009422 47.122646 -0.467371 0.014349 -0.998261 -0.057172 0.512617 0.146647 1 6 1.000000
flesh_hand_01
  6 0.009422 47.122646 -0.467371 0.014349 -0.998261 -0.057172 0.512617 0.146647 1 6 1.000000
  6 -1.744575 47.203259 -2.315176 0.035700 -0.993950 -0.103865 0.574820 0.066365 1 6 1.000000
  6 1.269285 47.215736 -1.153655 0.035700 -0.993950 -0.103865 0.463059 0.117067 1 6 1.000000
flesh_hand_01
  6 -1.744575 47.203259 -2.315176 0.035700 -0.993950 -0.103865 0.574820 0.066365 1 6 1.000000
  6 -0.502078 47.393642 -2.993407 0.056956 -0.987001 -0.150284 0.524884 0.036840 1 6 1.000000
  6 1.269285 47.215736 -1.153655 0.035700 -0.993950 -0.103865 0.463059 0.117067 1 6 1.000000
flesh_hand_01
  6 1.269285 47.215736 -1.153655 0.035700 -0.993950 -0.103865 0.463059 0.117067 1 6 1.000000
  6 -0.502078 47.393642 -2.993407 0.056956 -0.987001 -0.150284 0.524884 0.036840 1 6 1.000000
  6 0.951160 47.415936 -2.690278 0.056956 -0.987001 -0.150284 0.470585 0.050504 1 6 1.000000
flesh_hand_01
  6 -2.280458 47.793064 -4.449158 -0.098817 -0.995105 -0.000449 0.445101 0.178527 1 6 1.000000
  6 -0.752885 47.643719 1.437498 0.047290 -0.998728 -0.017484 0.197567 0.247063 1 6 1.000000
  6 -4.181125 48.018398 -3.262355 -0.111338 -0.993780 0.001988 0.403975 0.246962 1 6 1.000000
flesh_hand_01
  6 -4.181125 48.018398 -3.262355 -0.111338 -0.993780 0.001988 0.403975 0.246962 1 6 1.000000
  6 -0.752885 47.643719 1.437498 0.047290 -0.998728 -0.017484 0.197567 0.247063 1 6 1.000000
  6 -5.241206 48.130486 -1.593228 -0.068947 -0.995845 -0.059485 0.362797 0.315483 1 6 1.000000
flesh_hand_01
  6 -5.241206 48.130486 -1.593228 -0.068947 -0.995845 -0.059485 0.362797 0.315483 1 6 1.000000
  6 -0.752885 47.643719 1.437498 0.047290 -0.998728 -0.017484 0.197567 0.247063 1 6 1.000000
  6 -4.183241 47.596432 2.570736 -0.011161 -0.997092 -0.075388 0.191009 0.362583 1 6 1.000000
flesh_hand_01
  6 -4.183241 47.596432 2.570736 -0.011161 -0.997092 -0.075388 0.191009 0.362583 1 6 1.000000
  6 -0.752885 47.643719 1.437498 0.047290 -0.998728 -0.017484 0.197567 0.247063 1 6 1.000000
  6 0.013945 47.552959 4.562706 0.063585 -0.997393 -0.034129 0.073401 0.280074 1 6 1.000000
flesh_hand_01
  6 0.013945 47.552959 4.562706 0.063585 -0.997393 -0.034129 0.073401 0.280074 1 6 1.000000
  6 -0.752885 47.643719 1.437498 0.047290 -0.998728 -0.017484 0.197567 0.247063 1 6 1.000000
  6 4.283204 48.200317 3.214604 0.123066 -0.991664 -0.038159 0.079355 0.137703 1 6 1.000000
flesh_hand_01
  6 4.283204 48.200317 3.214604 0.123066 -0.991664 -0.038159 0.079355 0.137703 1 6 1.000000
  6 -0.752885 47.643719 1.437498 0.047290 -0.998728 -0.017484 0.197567 0.247063 1 6 1.000000
  6 5.338531 48.372173 0.445516 0.114038 -0.991779 -0.058055 0.166088 0.060608 1 6 1.000000
flesh_hand_01
  6 5.338531 48.372173 0.445516 0.114038 -0.991779 -0.058055 0.166088 0.060608 1 6 1.000000
  6 -0.752885 47.643719 1.437498 0.047290 -0.998728 -0.017484 0.197567 0.247063 1 6 1.000000
  6 4.594460 48.417957 -1.210773 0.104956 -0.991419 -0.077923 0.237845 0.060394 1 6 1.000000
flesh_hand_01
  6 4.594460 48.417957 -1.210773 0.104956 -0.991419 -0.077923 0.237845 0.060394 1 6 1.000000
  6 -0.752885 47.643719 1.437498 0.047290 -0.998728 -0.017484 0.197567 0.247063 1 6 1.000000
  6 3.335524 48.400414 -2.611645 0.214491 -0.976104 0.034857 0.307939 0.060185 1 6 1.000000
flesh_hand_01
  6 -0.752885 47.643719 1.437498 0.047290 -0.998728 -0.017484 0.197567 0.247063 1 6 1.000000
  6 1.227276 47.487572 -3.858310 0.119059 -0.990147 0.073712 0.366964 0.111111 1 6 1.000000
  6 3.335524 48.400414 -2.611645 0.214491 -0.976104 0.034857 0.307939 0.060185 1 6 1.000000
flesh_hand_01
  6 1.227276 47.487572 -3.858310 0.119059 -0.990147 0.073712 0.366964 0.111111 1 6 1.000000
  6 -0.752885 47.643719 1.437498 0.047290 -0.998728 -0.017484 0.197567 0.247063 1 6 1.000000
  6 -2.280458 47.793064 -4.449158 -0.098817 -0.995105 -0.000449 0.445101 0.178527 1 6 1.000000
flesh_hand_01
  6 0.708586 49.457264 -3.177899 0.553098 0.475675 -0.683971 0.686482 0.001268 1 6 1.000000
  6 3.882772 49.116680 -0.577901 0.553098 0.475675 -0.683971 0.687547 0.163929 1 6 1.000000
  6 1.227248 47.487549 -3.858309 0.565730 0.362746 -0.740517 0.816884 0.002876 1 6 1.000000
flesh_hand_01
  6 1.227248 47.487549 -3.858309 0.565730 0.362746 -0.740517 0.816884 0.002876 1 6 1.000000
  6 3.882772 49.116680 -0.577901 0.553098 0.475675 -0.683971 0.687547 0.163929 1 6 1.000000
  6 4.506818 47.905533 -1.185601 0.558619 0.418264 -0.716240 0.815857 0.163320 1 6 1.000000
flesh_hand_01
  6 4.264070 47.139122 -1.737680 0.623692 0.175690 -0.761670 0.876444 0.162904 1 6 1.000000
  6 1.227248 47.487549 -3.858309 0.565730 0.362746 -0.740517 0.816884 0.002876 1 6 1.000000
  6 4.506818 47.905533 -1.185601 0.558619 0.418264 -0.716240 0.815857 0.163320 1 6 1.000000
flesh_hand_01
  6 4.264070 47.139122 -1.737680 0.623692 0.175690 -0.761670 0.876444 0.162904 1 6 1.000000
  6 1.994832 45.891361 -3.801193 0.646219 0.079901 -0.758958 0.998201 0.006092 1 6 1.000000
  6 1.227248 47.487549 -3.858309 0.565730 0.362746 -0.740517 0.816884 0.002876 1 6 1.000000
flesh_hand_01
  6 1.994832 45.891361 -3.801193 0.646219 0.079901 -0.758958 0.998201 0.006092 1 6 1.000000
  6 4.264070 47.139122 -1.737680 0.623692 0.175690 -0.761670 0.876444 0.162904 1 6 1.000000
  6 4.599591 45.880009 -1.248290 0.696869 -0.090820 -0.711425 0.992991 0.162102 1 6 1.000000
flesh_hand_01
  6 6.087996 49.929462 -4.452080 0.047013 0.994602 -0.092502 0.995596 0.084097 1 6 1.000000
  6 5.351810 50.123474 -2.908880 0.242189 0.869988 -0.429495 0.816370 0.083098 1 6 1.000000
  6 7.669783 49.410934 -1.819772 0.310444 0.949777 -0.039340 0.992991 0.162102 1 6 1.000000
flesh_hand_01
  6 7.669783 49.410934 -1.819772 0.310444 0.949777 -0.039340 0.992991 0.162102 1 6 1.000000
  6 5.351810 50.123474 -2.908880 0.242189 0.869988 -0.429495 0.816370 0.083098 1 6 1.000000
  6 6.803887 49.831154 -1.176334 0.461299 0.863145 -0.205387 0.815857 0.163320 1 6 1.000000
flesh_hand_01
  6 5.351810 50.123474 -2.908880 0.242189 0.869988 -0.429495 0.816370 0.083098 1 6 1.000000
  6 5.872414 50.676281 -0.944060 0.585476 0.726593 -0.359556 0.687547 0.163929 1 6 1.000000
  6 6.803887 49.831154 -1.176334 0.461299 0.863145 -0.205387 0.815857 0.163320 1 6 1.000000
flesh_hand_01
  6 4.807056 50.915218 -2.237141 0.462353 0.740910 -0.487117 0.687014 0.082598 1 6 1.000000
  6 5.872414 50.676281 -0.944060 0.585476 0.726593 -0.359556 0.687547 0.163929 1 6 1.000000
  6 5.351810 50.123474 -2.908880 0.242189 0.869988 -0.429495 0.816370 0.083098 1 6 1.000000
flesh_hand_01
  6 5.351810 50.123474 -2.908880 0.242189 0.869988 -0.429495 0.816370 0.083098 1 6 1.000000
  6 4.492321 50.826885 -2.515484 0.150017 0.638799 -0.754606 0.686840 0.056044 1 6 1.000000
  6 4.807056 50.915218 -2.237141 0.462353 0.740910 -0.487117 0.687014 0.082598 1 6 1.000000
flesh_hand_01
  6 4.468462 49.726677 -3.296840 -0.143429 0.736132 -0.661467 0.816748 0.024146 1 6 1.000000
  6 4.492321 50.826885 -2.515484 0.150017 0.638799 -0.754606 0.686840 0.056044 1 6 1.000000
  6 5.351810 50.123474 -2.908880 0.242189 0.869988 -0.429495 0.816370 0.083098 1 6 1.000000
flesh_hand_01
  6 4.492321 50.826885 -2.515484 0.150017 0.638799 -0.754606 0.686840 0.056044 1 6 1.000000
  6 4.468462 49.726677 -3.296840 -0.143429 0.736132 -0.661467 0.816748 0.024146 1 6 1.000000
  6 3.609669 50.475056 -2.786313 -0.325854 0.248363 -0.912214 0.686482 0.001268 1 6 1.000000
flesh_hand_01
  6 3.609669 50.475056 -2.786313 -0.325854 0.248363 -0.912214 0.686482 0.001268 1 6 1.000000
  6 4.468462 49.726677 -3.296840 -0.143429 0.736132 -0.661467 0.816748 0.024146 1 6 1.000000
  6 4.203883 49.778526 -3.107757 -0.359858 0.639890 -0.679001 0.816884 0.002876 1 6 1.000000
flesh_hand_01
  6 4.468462 49.726677 -3.296840 -0.143429 0.736132 -0.661467 0.816748 0.024146 1 6 1.000000
  6 4.251952 49.561836 -5.073571 -0.051824 0.990905 -0.124184 0.998201 0.006092 1 6 1.000000
  6 4.203883 49.778526 -3.107757 -0.359858 0.639890 -0.679001 0.816884 0.002876 1 6 1.000000
flesh_hand_01
  6 4.251952 49.561836 -5.073571 -0.051824 0.990905 -0.124184 0.998201 0.006092 1 6 1.000000
  6 4.468462 49.726677 -3.296840 -0.143429 0.736132 -0.661467 0.816748 0.024146 1 6 1.000000
  6 6.087996 49.929462 -4.452080 0.047013 0.994602 -0.092502 0.995596 0.084097 1 6 1.000000
flesh_hand_01
  6 6.087996 49.929462 -4.452080 0.047013 0.994602 -0.092502 0.995596 0.084097 1 6 1.000000
  6 4.468462 49.726677 -3.296840 -0.143429 0.736132 -0.661467 0.816748 0.024146 1 6 1.000000
  6 5.351810 50.123474 -2.908880 0.242189 0.869988 -0.429495 0.816370 0.083098 1 6 1.000000
flesh_hand_01
  6 0.699250 48.884926 -3.780124 0.726950 0.244063 -0.641854 0.686482 0.001268 1 6 1.000000
  6 2.555619 49.531242 -1.733154 0.726950 0.244063 -0.641854 0.687547 0.163929 1 6 1.000000
  6 2.483023 46.834148 -2.840935 0.638379 0.386767 -0.665495 0.816884 0.002876 1 6 1.000000
flesh_hand_01
  6 2.483023 46.834148 -2.840935 0.638379 0.386767 -0.665495 0.816884 0.002876 1 6 1.000000
  6 2.555619 49.531242 -1.733154 0.726950 0.244063 -0.641854 0.687547 0.163929 1 6 1.000000
  6 3.537857 48.509869 -0.707795 0.662483 0.411208 -0.626118 0.815857 0.163320 1 6 1.000000
flesh_hand_01
  6 3.537857 48.509869 -0.707795 0.662483 0.411208 -0.626118 0.815857 0.163320 1 6 1.000000
  6 3.757614 46.822083 -1.839249 0.858727 0.089131 -0.504623 0.894375 0.004250 1 6 1.000000
  6 2.483023 46.834148 -2.840935 0.638379 0.386767 -0.665495 0.816884 0.002876 1 6 1.000000
flesh_hand_01
  6 4.817986 47.728851 0.296614 0.888681 0.037246 -0.457011 0.909941 0.162673 1 6 1.000000
  6 3.757614 46.822083 -1.839249 0.858727 0.089131 -0.504623 0.894375 0.004250 1 6 1.000000
  6 3.537857 48.509869 -0.707795 0.662483 0.411208 -0.626118 0.815857 0.163320 1 6 1.000000
flesh_hand_01
  6 3.757614 46.822083 -1.839249 0.858727 0.089131 -0.504623 0.894375 0.004250 1 6 1.000000
  6 4.817986 47.728851 0.296614 0.888681 0.037246 -0.457011 0.909941 0.162673 1 6 1.000000
  6 4.887971 47.157970 1.342978 0.899818 -0.330533 -0.284737 0.992991 0.162102 1 6 1.000000
flesh_hand_01
  6 3.757614 46.822083 -1.839249 0.858727 0.089131 -0.504623 0.894375 0.004250 1 6 1.000000
  6 4.887971 47.157970 1.342978 0.899818 -0.330533 -0.284737 0.992991 0.162102 1 6 1.000000
  6 3.642082 45.799633 -1.265606 0.915946 -0.270044 -0.296848 0.998201 0.006092 1 6 1.000000
flesh_hand_01
  6 -5.911292 51.090946 -1.385010 -0.703894 0.710218 -0.011120 0.904854 0.122299 1 6 1.000000
  6 -5.424898 51.347263 -1.782498 -0.599645 0.799584 -0.033028 0.860869 0.062588 1 6 1.000000
  6 -6.647332 50.127644 -2.297860 -0.703894 0.710218 -0.011120 0.992991 0.121694 1 6 1.000000
flesh_hand_01
  6 -6.647332 50.127644 -2.297860 -0.703894 0.710218 -0.011120 0.992991 0.121694 1 6 1.000000
  6 -5.424898 51.347263 -1.782498 -0.599645 0.799584 -0.033028 0.860869 0.062588 1 6 1.000000
  6 -6.479326 50.500889 -3.114952 -0.599645 0.799584 -0.033028 0.995596 0.063893 1 6 1.000000
flesh_hand_01
  6 -5.424898 51.347263 -1.782498 -0.599645 0.799584 -0.033028 0.860869 0.062588 1 6 1.000000
  6 -5.646568 51.091045 -3.929018 -0.483802 0.873491 -0.054298 0.998201 0.006092 1 6 1.000000
  6 -6.479326 50.500889 -3.114952 -0.599645 0.799584 -0.033028 0.995596 0.063893 1 6 1.000000
flesh_hand_01
  6 -4.507977 51.607498 -2.877930 -0.483802 0.873491 -0.054298 0.816884 0.002876 1 6 1.000000
  6 -5.646568 51.091045 -3.929018 -0.483802 0.873491 -0.054298 0.998201 0.006092 1 6 1.000000
  6 -5.424898 51.347263 -1.782498 -0.599645 0.799584 -0.033028 0.860869 0.062588 1 6 1.000000
flesh_hand_01
  6 -5.050384 45.607422 -0.162159 -0.883622 0.205273 0.420803 0.816884 0.002876 1 6 1.000000
  6 -5.656193 45.802643 -1.547853 -0.927461 0.368282 -0.064681 0.860869 0.062588 1 6 1.000000
  6 -5.690259 44.404423 -0.492365 -0.837984 0.341634 0.425522 0.998201 0.006092 1 6 1.000000
flesh_hand_01
  6 -5.690259 44.404423 -0.492365 -0.837984 0.341634 0.425522 0.998201 0.006092 1 6 1.000000
  6 -5.656193 45.802643 -1.547853 -0.927461 0.368282 -0.064681 0.860869 0.062588 1 6 1.000000
  6 -6.225446 44.700478 -1.748076 -0.917797 0.384434 -0.099294 0.995596 0.063893 1 6 1.000000
flesh_hand_01
  6 -5.656193 45.802643 -1.547853 -0.927461 0.368282 -0.064681 0.860869 0.062588 1 6 1.000000
  6 -5.340039 45.513855 -2.409192 -0.769092 0.374671 -0.517802 0.904854 0.122299 1 6 1.000000
  6 -6.225446 44.700478 -1.748076 -0.917797 0.384434 -0.099294 0.995596 0.063893 1 6 1.000000
flesh_hand_01
  6 -6.225446 44.700478 -1.748076 -0.917797 0.384434 -0.099294 0.995596 0.063893 1 6 1.000000
  6 -5.340039 45.513855 -2.409192 -0.769092 0.374671 -0.517802 0.904854 0.122299 1 6 1.000000
  6 -5.338212 44.460487 -2.657873 -0.737291 0.318195 -0.595947 0.992991 0.121694 1 6 1.000000
end
