// Created by Crowbar 0.74
version 1
nodes
  0 "bip_pelvis" -1
  1 "bip_hip_R" 0
  2 "bip_knee_R" 1
  3 "bip_foot_R" 2
  4 "bip_spine_0" 0
  5 "bip_spine_1" 4
  6 "bip_spine_2" 5
  7 "bip_spine_3" 6
  8 "bip_collar_R" 7
  9 "bip_upperArm_R" 8
  10 "bip_lowerArm_R" 9
  11 "bip_hand_R" 10
  12 "bip_Hand_Rotate1_R" 10
  13 "bip_hip_L" 0
  14 "bip_knee_L" 13
  15 "bip_foot_L" 14
  16 "bip_neck" 7
  17 "bip_head" 16
  18 "bip_collar_L" 7
  19 "bip_upperArm_L" 18
  20 "bip_lowerArm_L" 19
  21 "bip_hand_L" 20
  22 "bip_index_0_L" 21
  23 "bip_index_0_R" 11
  24 "bip_Hand_Rotate1_L" 20
  25 "bip_Arm_Rotate1_L" 19
  26 "bip_index_1_L" 22
  27 "bip_middle_0_L" 21
  28 "bip_middle_1_L" 27
  29 "bip_ring_0_L" 21
  30 "bip_ring_1_L" 29
  31 "bip_pinky_0_L" 21
  32 "bip_pinky_1_L" 31
  33 "bip_thumb_0_L" 21
  34 "bip_thumb_1_L" 33
  35 "bip_Hand_Rotate_L" 20
  36 "bip_Arm_Rotate_L" 19
  37 "bip_Pelvis_L" 13
  38 "bip_Arm_Rotate_R" 9
  39 "bip_Arm_Rotate1_R" 9
  40 "bip_kneeMid_L" 14
  41 "Elbow_R" 10
  42 "bip_Pelvis_R" 1
  43 "bip_kneeMid_R" 2
  44 "Elbow_L" 20
  45 "bip_index_1_R" 23
  46 "bip_middle_0_R" 11
  47 "bip_middle_1_R" 46
  48 "bip_ring_0_R" 11
  49 "bip_ring_1_R" 48
  50 "bip_pinky_0_R" 11
  51 "bip_pinky_1_R" 50
  52 "bip_thumb_0_R" 11
  53 "bip_thumb_1_R" 52
  54 "bip_Hand_Rotate_R" 10
  55 "bip_toeEnd_R" 3
  56 "bip_toeEnd_L" 15
  57 "bip_indexEnd_L" 26
  58 "bip_middleEnd_L" 28
  59 "bip_RingEnd_L" 30
  60 "bip_pinkyEnd_L" 32
  61 "bip_thumbEnd_L" 34
  62 "Wp_L" 21
  63 "bip_indexEnd_R" 45
  64 "bip_middleEnd_R" 47
  65 "bip_ringEnd_R" 49
  66 "bip_pinkyEnd_R" 51
  67 "bip_thumbEnd_R" 53
  68 "Wp_R" 11
  69 "bip_forward" 17
  70 "bip_clipbone" 11
end
skeleton
  time 0
    0 0.000000 39.563190 0.000000 0.000000 0.000000 0.000000
    1 -3.366135 -1.935646 1.480067 0.111246 0.039216 -1.700668
    2 16.045450 0.000000 0.000000 -0.000323 0.133775 -0.002420
    3 17.465778 0.000001 0.000001 -0.159390 -0.178530 1.736820
    4 0.000000 4.240540 1.190873 0.000000 0.000000 0.000000
    5 0.000000 5.143673 -0.566893 0.000000 0.000000 0.000000
    6 0.000000 4.011826 -0.435470 0.000000 0.000000 0.000000
    7 0.000000 3.724953 -0.655500 0.000000 0.000000 0.000000
    8 -2.166257 -0.155743 -0.180534 0.000000 0.000000 0.157080
    9 -4.301173 0.280510 -0.232197 1.514108 -0.019862 -2.351989
    10 11.236193 0.000000 0.000004 0.000001 -0.001411 0.443439
    11 9.693705 0.000000 0.000000 1.748300 -0.156891 3.091171
    12 7.480289 0.006109 -0.010555 1.740287 -0.001411 -3.140776
    13 3.366135 -1.935787 1.480067 -0.111239 0.039223 -1.440926
    14 16.045298 0.000001 0.000000 0.000323 0.133775 0.002421
    15 17.465788 0.000000 0.000000 2.982194 0.178536 1.404771
    16 0.000000 3.134243 -0.066059 0.000000 0.000000 0.000000
    17 0.063361 3.268921 0.898785 0.000000 0.000000 0.000000
    18 2.166257 -0.155926 -0.180536 3.141592 0.000000 -0.157080
    19 4.301145 -0.280594 0.232197 0.056693 0.019859 0.789599
    20 11.236181 -0.000027 -0.000006 0.000000 0.444256 0.000000
    21 9.693651 -0.013687 0.007915 0.169489 -0.050609 0.155683
    22 3.443607 -0.311180 -1.426107 0.025754 0.180665 0.039288
    23 -3.443645 0.311172 1.426091 0.025754 0.180665 0.039288
    24 7.480257 -0.000008 -0.000010 0.169489 0.000000 0.000000
    25 6.472908 -0.000031 -0.000001 -0.028346 0.000000 0.000000
    26 1.726654 -0.000004 0.000009 0.000000 0.000000 0.507966
    27 3.628399 -0.413433 -0.461199 -0.017992 0.035722 0.129722
    28 1.717384 -0.000019 -0.000012 0.000000 0.000000 0.296827
    29 3.622608 -0.257954 0.410928 -0.173205 -0.117278 0.214490
    30 1.717384 0.000017 0.000010 0.000000 0.000000 0.254297
    31 3.401308 0.004623 1.218914 -0.166412 -0.272554 0.134906
    32 1.462820 -0.000019 -0.000014 0.000000 0.000000 0.476304
    33 1.013556 0.134880 -1.638489 -0.195039 0.518495 0.573015
    34 1.567802 0.078053 0.000011 0.000000 0.302710 0.000000
    35 4.488096 -0.000061 -0.000023 0.084744 0.000000 0.000000
    36 3.480602 -0.000145 -0.000002 -0.043610 0.000000 0.000000
    37 2.222412 0.000015 -0.267579 -3.088133 -0.110996 1.564869
    38 3.480843 0.000000 0.000004 1.527190 0.000000 3.141593
    39 6.472961 0.000000 0.000000 1.542452 0.000000 3.141593
    40 0.000000 0.000000 0.000000 3.047043 0.186859 1.513152
    41 0.000002 -0.000001 0.000000 1.571107 -0.001377 2.920281
    42 2.222565 0.000001 -0.267583 0.053460 0.111003 1.576724
    43 0.000000 0.000000 0.000000 -0.094550 -0.186859 1.628441
    44 0.000000 0.000000 -0.000001 0.000000 -0.222128 0.000000
    45 -1.726627 0.000000 0.000000 0.000000 0.000000 0.507966
    46 -3.628420 0.413422 0.461190 -0.017992 0.035722 0.129722
    47 -1.717388 0.000000 0.000001 0.000000 0.000000 0.296827
    48 -3.622635 0.257938 -0.410944 -0.173205 -0.117278 0.214490
    49 -1.717390 -0.000002 0.000000 0.000000 0.000000 0.254297
    50 -3.401335 -0.004631 -1.218926 -0.166412 -0.272554 0.134906
    51 -1.462816 -0.000004 0.000000 0.000000 0.000000 0.476304
    52 -1.013588 -0.134895 1.638474 -0.195039 0.518495 0.573015
    53 -1.567801 -0.078051 0.000000 0.000000 0.302710 0.000000
    54 4.488173 0.003667 -0.006332 1.655541 -0.001411 -3.140776
    55 -0.035184 -3.529829 6.683560 0.000000 0.000000 0.000000
    56 0.035217 3.529826 -6.683582 0.000000 0.000000 0.000000
    57 1.878918 0.000004 -0.000005 -0.337833 0.000000 0.000000
    58 1.878918 0.000006 -0.000004 -0.337833 0.000000 0.000000
    59 1.878920 -0.000013 -0.000011 -0.337833 0.000000 0.000000
    60 1.878929 0.000004 0.000001 -0.337833 0.000000 0.000000
    61 1.490896 0.144535 -0.268490 -0.337833 0.000000 0.000000
    62 3.058685 1.032097 -0.605999 0.000000 0.334862 0.049595
    63 -1.878929 0.000002 0.000002 -0.337833 0.000000 0.000000
    64 -1.878931 0.000002 0.000001 -0.337833 0.000000 0.000000
    65 -1.878933 0.000002 0.000000 -0.337833 0.000000 0.000000
    66 -1.878937 0.000004 0.000000 -0.337833 0.000000 0.000000
    67 -1.490896 -0.144542 0.268478 -0.337833 0.000000 0.000000
    68 -3.058714 -1.032104 0.605986 0.000000 0.334862 0.049595
    69 0.000000 0.000000 4.750000 0.000000 -1.570796 -1.570796
    70 -2.849998 0.000000 0.000000 0.000000 0.000000 0.000000
end
triangles
flesh_hand_01
  19 10.375968 48.061794 -0.277022 -0.312367 -0.555605 0.770538 0.686482 0.001268 1 19 1.000000
  19 11.026155 48.505157 0.328451 -0.312367 -0.555605 0.770538 0.687547 0.163929 1 19 1.000000
  19 9.895090 48.609722 -0.054667 -0.246210 -0.565848 0.786890 0.816884 0.002876 1 19 1.000000
flesh_hand_01
  19 9.895090 48.609722 -0.054667 -0.246210 -0.565848 0.786890 0.816884 0.002876 1 19 1.000000
  19 11.026155 48.505157 0.328451 -0.312367 -0.555605 0.770538 0.687547 0.163929 1 19 1.000000
  19 10.675911 49.052444 0.558884 -0.301742 -0.558240 0.772865 0.815857 0.163320 1 19 1.000000
flesh_hand_01
  19 9.316081 48.921932 0.165918 -0.132685 -0.575389 0.807045 0.998201 0.006092 1 19 1.000000
  19 10.300130 49.335297 0.622416 -0.212582 -0.569975 0.793686 0.904854 0.122299 1 19 1.000000
  19 9.920127 49.767330 0.774779 -0.132685 -0.575389 0.807045 0.992991 0.121694 1 19 1.000000
flesh_hand_01
  19 9.895090 48.609722 -0.054667 -0.246210 -0.565848 0.786890 0.816884 0.002876 1 19 1.000000
  19 10.300130 49.335297 0.622416 -0.212582 -0.569975 0.793686 0.904854 0.122299 1 19 1.000000
  19 9.316081 48.921932 0.165918 -0.132685 -0.575389 0.807045 0.998201 0.006092 1 19 1.000000
flesh_hand_01
  19 10.300130 49.335297 0.622416 -0.212582 -0.569975 0.793686 0.904854 0.122299 1 19 1.000000
  19 9.895090 48.609722 -0.054667 -0.246210 -0.565848 0.786890 0.816884 0.002876 1 19 1.000000
  19 10.675911 49.052444 0.558884 -0.301742 -0.558240 0.772865 0.815857 0.122911 1 19 1.000000
flesh_hand_01
  19 11.932477 47.721474 -2.615591 0.001006 -0.239622 -0.970866 0.970142 0.732634 1 19 1.000000
  19 13.034481 48.765606 -2.135823 0.362190 0.045517 -0.930992 0.827393 0.733482 1 19 1.000000
  19 12.537861 46.927521 -2.572923 0.064213 -0.150717 -0.986489 0.971743 0.780083 1 19 1.000000
flesh_hand_01
  19 12.088935 48.793785 -2.613307 0.448352 -0.063520 -0.891597 0.904340 0.684839 1 19 1.000000
  19 13.034481 48.765606 -2.135823 0.362190 0.045517 -0.930992 0.827393 0.733482 1 19 1.000000
  19 11.932477 47.721474 -2.615591 0.001006 -0.239622 -0.970866 0.970142 0.732634 1 19 1.000000
flesh_hand_01
  19 11.460908 48.361897 -2.793280 -0.012157 -0.447836 -0.894033 0.968542 0.685186 1 19 1.000000
  19 12.088935 48.793785 -2.613307 0.387620 -0.100334 -0.916343 0.904340 0.684839 1 19 1.000000
  19 11.932477 47.721474 -2.615591 0.001006 -0.239622 -0.970866 0.970142 0.732634 1 19 1.000000
flesh_hand_01
  19 12.088935 48.793785 -2.613307 0.387620 -0.100334 -0.916343 0.904340 0.684839 1 19 1.000000
  19 11.460908 48.361897 -2.793280 -0.012157 -0.447836 -0.894033 0.968542 0.685186 1 19 1.000000
  19 11.710716 49.284641 -2.825711 0.468734 -0.157446 -0.869194 0.905459 0.631298 1 19 1.000000
flesh_hand_01
  19 11.710716 49.284641 -2.825711 0.468734 -0.157446 -0.869194 0.905459 0.631298 1 19 1.000000
  19 11.460908 48.361897 -2.793280 -0.012157 -0.447836 -0.894033 0.968542 0.685186 1 19 1.000000
  19 11.194844 48.638630 -3.067365 0.080720 -0.545048 -0.834510 0.972815 0.631600 1 19 1.000000
flesh_hand_01
  19 12.849371 46.880901 1.417887 -0.252532 0.225685 0.940900 0.468487 0.880451 1 19 1.000000
  19 12.056828 47.890324 1.383975 -0.107006 0.039344 0.993479 0.470255 0.784286 1 19 1.000000
  19 11.316864 46.889893 0.539384 -0.688612 -0.416309 0.593717 0.339086 0.783173 1 19 1.000000
flesh_hand_01
  19 12.849371 46.880901 1.417887 -0.252532 0.225685 0.940900 0.468487 0.880451 1 19 1.000000
  19 13.113163 48.668404 0.606063 0.498987 0.412604 0.762083 0.611874 0.796673 1 19 1.000000
  19 12.056828 47.890324 1.383975 -0.107006 0.039344 0.993479 0.470255 0.784286 1 19 1.000000
flesh_hand_01
  19 12.849371 46.880901 1.417887 -0.252532 0.225685 0.940900 0.468487 0.880451 1 19 1.000000
  19 13.875006 47.691448 0.868292 0.321577 0.713601 0.622384 0.607822 0.887128 1 19 1.000000
  19 13.113163 48.668404 0.606063 0.498987 0.412604 0.762083 0.611874 0.796673 1 19 1.000000
flesh_hand_01
  19 14.269692 47.847641 -0.205491 0.751629 0.658338 -0.040561 0.716031 0.881913 1 19 1.000000
  19 13.113163 48.668404 0.606063 0.498987 0.412604 0.762083 0.611874 0.796673 1 19 1.000000
  19 13.875006 47.691448 0.868292 0.321577 0.713601 0.622384 0.607822 0.887128 1 19 1.000000
flesh_hand_01
  19 14.269692 47.847641 -0.205491 0.751629 0.658338 -0.040561 0.716031 0.881913 1 19 1.000000
  19 13.875006 47.691448 0.868292 0.321577 0.713601 0.622384 0.607822 0.887128 1 19 1.000000
  19 14.584377 47.563774 -0.091417 0.523214 0.848793 -0.076145 0.714152 0.931788 1 19 1.000000
flesh_hand_01
  19 14.584377 47.563774 -0.091417 0.523214 0.848793 -0.076145 0.714152 0.931788 1 19 1.000000
  19 14.184663 47.214745 -1.459633 0.723259 0.471885 -0.504204 0.831392 0.880678 1 19 1.000000
  19 14.269692 47.847641 -0.205491 0.751629 0.658338 -0.040561 0.716031 0.881913 1 19 1.000000
flesh_hand_01
  19 15.504210 46.434570 -1.240433 0.497907 0.616399 -0.610034 0.825010 0.933990 1 19 1.000000
  19 14.184663 47.214745 -1.459633 0.723259 0.471885 -0.504204 0.831392 0.880678 1 19 1.000000
  19 14.584377 47.563774 -0.091417 0.523214 0.848793 -0.076145 0.714152 0.931788 1 19 1.000000
flesh_hand_01
  19 14.184663 47.214745 -1.459633 0.723259 0.471885 -0.504204 0.831392 0.880678 1 19 1.000000
  19 15.504210 46.434570 -1.240433 0.497907 0.616399 -0.610034 0.825010 0.933990 1 19 1.000000
  19 14.140334 46.390614 -1.922970 0.463012 0.202684 -0.862867 0.893167 0.878226 1 19 1.000000
flesh_hand_01
  19 14.140334 46.390614 -1.922970 0.463012 0.202684 -0.862867 0.893167 0.878226 1 19 1.000000
  19 15.504210 46.434570 -1.240433 0.497907 0.616399 -0.610034 0.825010 0.933990 1 19 1.000000
  19 14.741918 45.759628 -1.961233 0.289414 0.351393 -0.890372 0.896219 0.939299 1 19 1.000000
flesh_hand_01
  19 14.741918 45.759628 -1.961233 0.289414 0.351393 -0.890372 0.896219 0.939299 1 19 1.000000
  19 13.792854 45.081676 -2.353614 -0.281882 -0.126778 -0.951036 0.972753 0.945005 1 19 1.000000
  19 14.140334 46.390614 -1.922970 0.463012 0.202684 -0.862867 0.893167 0.878226 1 19 1.000000
flesh_hand_01
  19 14.140334 46.390614 -1.922970 0.463012 0.202684 -0.862867 0.893167 0.878226 1 19 1.000000
  19 13.792854 45.081676 -2.353614 -0.281882 -0.126778 -0.951036 0.972753 0.945005 1 19 1.000000
  19 13.329432 45.798859 -2.217668 -0.188508 -0.250488 -0.949589 0.974944 0.874979 1 19 1.000000
flesh_hand_01
  19 13.329432 45.798859 -2.217668 -0.188508 -0.250488 -0.949589 0.974944 0.874979 1 19 1.000000
  19 12.537861 46.927521 -2.572923 0.064213 -0.150717 -0.986489 0.971743 0.780083 1 19 1.000000
  19 14.140334 46.390614 -1.922970 0.463012 0.202684 -0.862867 0.893167 0.878226 1 19 1.000000
flesh_hand_01
  19 14.140334 46.390614 -1.922970 0.463012 0.202684 -0.862867 0.893167 0.878226 1 19 1.000000
  19 12.537861 46.927521 -2.572923 0.064213 -0.150717 -0.986489 0.971743 0.780083 1 19 1.000000
  19 13.640582 48.203186 -1.981703 0.756241 0.331697 -0.563982 0.828726 0.782547 1 19 1.000000
flesh_hand_01
  19 13.034481 48.765606 -2.135823 0.583762 0.495620 -0.643104 0.827393 0.733482 1 19 1.000000
  19 13.640582 48.203186 -1.981703 0.756241 0.331697 -0.563982 0.828726 0.782547 1 19 1.000000
  19 12.537861 46.927521 -2.572923 0.064213 -0.150717 -0.986489 0.971743 0.780083 1 19 1.000000
flesh_hand_01
  19 13.034481 48.765606 -2.135823 0.583762 0.495620 -0.643104 0.827393 0.733482 1 19 1.000000
  19 13.702146 48.810020 -0.397486 0.832252 0.532613 0.153880 0.715804 0.783411 1 19 1.000000
  19 13.640582 48.203186 -1.981703 0.756241 0.331697 -0.563982 0.828726 0.782547 1 19 1.000000
flesh_hand_01
  19 13.192234 49.574368 -0.633088 0.677611 0.727029 -0.110775 0.715691 0.734160 1 19 1.000000
  19 13.702146 48.810020 -0.397486 0.832252 0.532613 0.153880 0.715804 0.783411 1 19 1.000000
  19 13.034481 48.765606 -2.135823 0.583762 0.495620 -0.643104 0.827393 0.733482 1 19 1.000000
flesh_hand_01
  19 12.909994 49.302940 0.563697 0.533277 0.620763 0.574690 0.613899 0.751446 1 19 1.000000
  19 13.702146 48.810020 -0.397486 0.832252 0.532613 0.153880 0.715804 0.783411 1 19 1.000000
  19 13.192234 49.574368 -0.633088 0.677611 0.727029 -0.110775 0.715691 0.734160 1 19 1.000000
flesh_hand_01
  19 12.909994 49.302940 0.563697 0.533277 0.620763 0.574690 0.613899 0.751446 1 19 1.000000
  19 13.192234 49.574368 -0.633088 0.677611 0.727029 -0.110775 0.715691 0.734160 1 19 1.000000
  19 12.765773 49.821548 -0.824453 0.747838 0.663306 0.027643 0.715577 0.684909 1 19 1.000000
flesh_hand_01
  19 13.113163 48.668404 0.606063 0.498987 0.412604 0.762083 0.611874 0.796673 1 19 1.000000
  19 11.614310 48.437462 1.154839 -0.223891 0.126385 0.966385 0.471140 0.736204 1 19 1.000000
  19 12.056828 47.890324 1.383975 -0.107006 0.039344 0.993479 0.470255 0.784286 1 19 1.000000
flesh_hand_01
  19 11.614310 48.437462 1.154839 -0.223891 0.126385 0.966385 0.471140 0.736204 1 19 1.000000
  19 11.202624 48.956306 0.893234 -0.108667 -0.043917 0.993107 0.472024 0.688121 1 19 1.000000
  19 10.750092 48.663898 0.732672 -0.432333 -0.385158 0.815317 0.415282 0.687943 1 19 1.000000
flesh_hand_01
  19 11.202624 48.956306 0.893234 -0.108667 -0.043917 0.993107 0.472024 0.688121 1 19 1.000000
  19 11.614310 48.437462 1.154839 -0.223891 0.126385 0.966385 0.471140 0.736204 1 19 1.000000
  19 12.532494 49.643234 0.425942 0.583014 0.460092 0.669635 0.615925 0.706219 1 19 1.000000
flesh_hand_01
  19 12.532494 49.643234 0.425942 0.583014 0.460092 0.669635 0.615925 0.706219 1 19 1.000000
  19 11.614310 48.437462 1.154839 -0.223891 0.126385 0.966385 0.471140 0.736204 1 19 1.000000
  19 12.909994 49.302940 0.563697 0.533277 0.620763 0.574690 0.613899 0.751446 1 19 1.000000
flesh_hand_01
  19 12.909994 49.302940 0.563697 0.533277 0.620763 0.574690 0.613899 0.751446 1 19 1.000000
  19 11.614310 48.437462 1.154839 -0.223891 0.126385 0.966385 0.471140 0.736204 1 19 1.000000
  19 13.113163 48.668404 0.606063 0.498987 0.412604 0.762083 0.611874 0.796673 1 19 1.000000
flesh_hand_01
  19 13.113163 48.668404 0.606063 0.498987 0.412604 0.762083 0.611874 0.796673 1 19 1.000000
  19 13.702146 48.810020 -0.397486 0.832252 0.532613 0.153880 0.715804 0.783411 1 19 1.000000
  19 12.909994 49.302940 0.563697 0.533277 0.620763 0.574690 0.613899 0.751446 1 19 1.000000
flesh_hand_01
  19 13.702146 48.810020 -0.397486 0.832252 0.532613 0.153880 0.715804 0.783411 1 19 1.000000
  19 13.113163 48.668404 0.606063 0.498987 0.412604 0.762083 0.611874 0.796673 1 19 1.000000
  19 14.269692 47.847641 -0.205491 0.751629 0.658338 -0.040561 0.716031 0.881913 1 19 1.000000
flesh_hand_01
  19 14.269692 47.847641 -0.205491 0.751629 0.658338 -0.040561 0.716031 0.881913 1 19 1.000000
  19 13.640582 48.203186 -1.981703 0.756241 0.331697 -0.563982 0.828726 0.782547 1 19 1.000000
  19 13.702146 48.810020 -0.397486 0.832252 0.532613 0.153880 0.715804 0.783411 1 19 1.000000
flesh_hand_01
  19 14.184663 47.214745 -1.459633 0.723259 0.471885 -0.504204 0.831392 0.880678 1 19 1.000000
  19 13.640582 48.203186 -1.981703 0.756241 0.331697 -0.563982 0.828726 0.782547 1 19 1.000000
  19 14.269692 47.847641 -0.205491 0.751629 0.658338 -0.040561 0.716031 0.881913 1 19 1.000000
flesh_hand_01
  19 14.140334 46.390614 -1.922970 0.463012 0.202684 -0.862867 0.893167 0.878226 1 19 1.000000
  19 13.640582 48.203186 -1.981703 0.756241 0.331697 -0.563982 0.828726 0.782547 1 19 1.000000
  19 14.184663 47.214745 -1.459633 0.723259 0.471885 -0.504204 0.831392 0.880678 1 19 1.000000
flesh_hand_01
  19 12.909994 49.302940 0.563697 0.533277 0.620763 0.574690 0.613899 0.751446 1 19 1.000000
  19 12.765773 49.821548 -0.824453 0.747838 0.663306 0.027643 0.715577 0.684909 1 19 1.000000
  19 12.532494 49.643234 0.425942 0.583014 0.460092 0.669635 0.615925 0.706219 1 19 1.000000
flesh_hand_01
  19 12.532494 49.643234 0.425942 0.583014 0.460092 0.669635 0.615925 0.706219 1 19 1.000000
  19 12.765773 49.821548 -0.824453 0.747838 0.663306 0.027643 0.715577 0.684909 1 19 1.000000
  19 12.336997 50.007401 0.445931 0.730045 0.180781 0.659054 0.614120 0.634374 1 19 1.000000
flesh_hand_01
  19 12.336997 50.007401 0.445931 0.730045 0.180781 0.659054 0.614120 0.634374 1 19 1.000000
  19 11.202624 48.956306 0.893234 -0.108667 -0.043917 0.993107 0.472024 0.688121 1 19 1.000000
  19 12.532494 49.643234 0.425942 0.583014 0.460092 0.669635 0.615925 0.706219 1 19 1.000000
flesh_hand_01
  19 10.955204 49.273739 1.091026 0.065896 -0.245715 0.967100 0.470702 0.633632 1 19 1.000000
  19 11.202624 48.956306 0.893234 -0.108667 -0.043917 0.993107 0.472024 0.688121 1 19 1.000000
  19 12.336997 50.007401 0.445931 0.730045 0.180781 0.659054 0.614120 0.634374 1 19 1.000000
flesh_hand_01
  19 10.955204 49.273739 1.091026 0.065896 -0.245715 0.967100 0.470702 0.633632 1 19 1.000000
  19 10.750092 48.663898 0.732672 -0.432333 -0.385158 0.815317 0.415282 0.687943 1 19 1.000000
  19 11.202624 48.956306 0.893234 -0.108667 -0.043917 0.993107 0.472024 0.688121 1 19 1.000000
flesh_hand_01
  19 10.396194 49.044247 0.680684 -0.273894 -0.417112 0.866602 0.418035 0.633452 1 19 1.000000
  19 10.750092 48.663898 0.732672 -0.432333 -0.385158 0.815317 0.415282 0.687943 1 19 1.000000
  19 10.955204 49.273739 1.091026 0.065896 -0.245715 0.967100 0.470702 0.633632 1 19 1.000000
flesh_hand_01
  19 12.336997 50.007401 0.445931 0.730045 0.180781 0.659054 0.614120 0.634374 1 19 1.000000
  19 12.765773 49.821548 -0.824453 0.747838 0.663306 0.027643 0.715577 0.684909 1 19 1.000000
  19 12.473930 50.659531 -0.807400 0.940123 0.340817 0.003588 0.711277 0.631285 1 19 1.000000
flesh_hand_01
  19 12.473930 50.659531 -0.807400 0.940123 0.340817 0.003588 0.711277 0.631285 1 19 1.000000
  19 12.765773 49.821548 -0.824453 0.747838 0.663306 0.027643 0.715577 0.684909 1 19 1.000000
  19 12.309912 50.034996 -2.277299 0.840785 0.196289 -0.504531 0.827223 0.630948 1 19 1.000000
flesh_hand_01
  19 12.309912 50.034996 -2.277299 0.840785 0.196289 -0.504531 0.827223 0.630948 1 19 1.000000
  19 12.765773 49.821548 -0.824453 0.747838 0.663306 0.027643 0.715577 0.684909 1 19 1.000000
  19 12.606883 49.320377 -1.966717 0.693514 0.479976 -0.537271 0.826060 0.684416 1 19 1.000000
flesh_hand_01
  19 12.309912 50.034996 -2.277299 0.840785 0.196289 -0.504531 0.827223 0.630948 1 19 1.000000
  19 12.606883 49.320377 -1.966717 0.693514 0.479976 -0.537271 0.826060 0.684416 1 19 1.000000
  19 11.710716 49.284641 -2.825711 0.688630 0.072707 -0.721458 0.905459 0.631298 1 19 1.000000
flesh_hand_01
  19 11.710716 49.284641 -2.825711 0.688630 0.072707 -0.721458 0.905459 0.631298 1 19 1.000000
  19 12.606883 49.320377 -1.966717 0.693514 0.479976 -0.537271 0.826060 0.684416 1 19 1.000000
  19 12.088935 48.793785 -2.613307 0.562835 0.314429 -0.764429 0.904340 0.684839 1 19 1.000000
flesh_hand_01
  19 12.088935 48.793785 -2.613307 0.562835 0.314429 -0.764429 0.904340 0.684839 1 19 1.000000
  19 12.606883 49.320377 -1.966717 0.693514 0.479976 -0.537271 0.826060 0.684416 1 19 1.000000
  19 13.034481 48.765606 -2.135823 0.583762 0.495620 -0.643104 0.827393 0.733482 1 19 1.000000
flesh_hand_01
  19 12.606883 49.320377 -1.966717 0.693514 0.479976 -0.537271 0.826060 0.684416 1 19 1.000000
  19 13.192234 49.574368 -0.633088 0.677611 0.727029 -0.110775 0.715691 0.734160 1 19 1.000000
  19 13.034481 48.765606 -2.135823 0.583762 0.495620 -0.643104 0.827393 0.733482 1 19 1.000000
flesh_hand_01
  19 12.606883 49.320377 -1.966717 0.693514 0.479976 -0.537271 0.826060 0.684416 1 19 1.000000
  19 12.765773 49.821548 -0.824453 0.747838 0.663306 0.027643 0.715577 0.684909 1 19 1.000000
  19 13.192234 49.574368 -0.633088 0.677611 0.727029 -0.110775 0.715691 0.734160 1 19 1.000000
flesh_hand_01
  19 12.583494 45.196587 -0.962793 -0.623561 -0.576163 -0.528400 0.189073 0.935857 1 19 1.000000
  19 13.329432 45.798859 -2.217668 -0.188508 -0.250488 -0.949589 0.042868 0.874416 1 19 1.000000
  19 13.792854 45.081676 -2.353614 -0.281882 -0.126778 -0.951036 0.041986 0.946097 1 19 1.000000
flesh_hand_01
  19 12.199108 45.624142 -1.093657 -0.756597 -0.537243 -0.372734 0.187435 0.879626 1 19 1.000000
  19 13.329432 45.798859 -2.217668 -0.188508 -0.250488 -0.949589 0.042868 0.874416 1 19 1.000000
  19 12.583494 45.196587 -0.962793 -0.623561 -0.576163 -0.528400 0.189073 0.935857 1 19 1.000000
flesh_hand_01
  19 12.199108 45.624142 -1.093657 -0.756597 -0.537243 -0.372734 0.187435 0.879626 1 19 1.000000
  19 12.537861 46.927521 -2.572923 0.064213 -0.150717 -0.986489 0.041740 0.780646 1 19 1.000000
  19 13.329432 45.798859 -2.217668 -0.188508 -0.250488 -0.949589 0.042868 0.874416 1 19 1.000000
flesh_hand_01
  19 11.268141 46.556274 -1.199628 -0.714762 -0.629531 -0.304641 0.190416 0.781673 1 19 1.000000
  19 12.537861 46.927521 -2.572923 0.064213 -0.150717 -0.986489 0.041740 0.780646 1 19 1.000000
  19 12.199108 45.624142 -1.093657 -0.756597 -0.537243 -0.372734 0.187435 0.879626 1 19 1.000000
flesh_hand_01
  19 11.268141 46.556274 -1.199628 -0.714762 -0.629531 -0.304641 0.190416 0.781673 1 19 1.000000
  19 11.932477 47.721474 -2.615591 0.001006 -0.239622 -0.970866 0.041175 0.733761 1 19 1.000000
  19 12.537861 46.927521 -2.572923 0.064213 -0.150717 -0.986489 0.041740 0.780646 1 19 1.000000
flesh_hand_01
  19 10.575788 47.457108 -1.418197 -0.741103 -0.632426 -0.225397 0.191906 0.732696 1 19 1.000000
  19 11.932477 47.721474 -2.615591 0.001006 -0.239622 -0.970866 0.041175 0.733761 1 19 1.000000
  19 11.268141 46.556274 -1.199628 -0.714762 -0.629531 -0.304641 0.190416 0.781673 1 19 1.000000
flesh_hand_01
  19 10.575788 47.457108 -1.418197 -0.741103 -0.632426 -0.225397 0.191906 0.732696 1 19 1.000000
  19 11.460908 48.361897 -2.793280 -0.012157 -0.447836 -0.894033 0.040611 0.686876 1 19 1.000000
  19 11.932477 47.721474 -2.615591 0.001006 -0.239622 -0.970866 0.041175 0.733761 1 19 1.000000
flesh_hand_01
  19 10.107689 48.062534 -1.601443 -0.609062 -0.739802 -0.285896 0.193397 0.683719 1 19 1.000000
  19 11.460908 48.361897 -2.793280 -0.012157 -0.447836 -0.894033 0.040611 0.686876 1 19 1.000000
  19 10.575788 47.457108 -1.418197 -0.741103 -0.632426 -0.225397 0.191906 0.732696 1 19 1.000000
flesh_hand_01
  19 11.460908 48.361897 -2.793280 -0.012157 -0.447836 -0.894033 0.040611 0.686876 1 19 1.000000
  19 10.107689 48.062534 -1.601443 -0.609062 -0.739802 -0.285896 0.193397 0.683719 1 19 1.000000
  19 11.194844 48.638630 -3.067365 0.080720 -0.545048 -0.834510 0.039515 0.629027 1 19 1.000000
flesh_hand_01
  19 11.194844 48.638630 -3.067365 0.080720 -0.545048 -0.834510 0.039515 0.629027 1 19 1.000000
  19 10.107689 48.062534 -1.601443 -0.609062 -0.739802 -0.285896 0.193397 0.683719 1 19 1.000000
  19 9.729592 48.373966 -1.761975 -0.504191 -0.828633 -0.243226 0.194149 0.629834 1 19 1.000000
flesh_hand_01
  19 10.107689 48.062534 -1.601443 -0.609062 -0.739802 -0.285896 0.193397 0.683719 1 19 1.000000
  19 10.128733 48.262409 -0.054570 -0.698880 -0.593966 0.398462 0.337371 0.687698 1 19 1.000000
  19 9.729592 48.373966 -1.761975 -0.504191 -0.828633 -0.243226 0.194149 0.629834 1 19 1.000000
flesh_hand_01
  19 9.729592 48.373966 -1.761975 -0.504191 -0.828633 -0.243226 0.194149 0.629834 1 19 1.000000
  19 10.128733 48.262409 -0.054570 -0.698880 -0.593966 0.398462 0.337371 0.687698 1 19 1.000000
  19 9.546656 48.695480 0.057080 -0.553721 -0.708019 0.438294 0.337997 0.633179 1 19 1.000000
flesh_hand_01
  19 9.546656 48.695480 0.057080 -0.553721 -0.708019 0.438294 0.337997 0.633179 1 19 1.000000
  19 10.128733 48.262409 -0.054570 -0.698880 -0.593966 0.398462 0.337371 0.687698 1 19 1.000000
  19 10.396194 49.044247 0.680684 -0.422779 -0.539869 0.727873 0.418035 0.633452 1 19 1.000000
flesh_hand_01
  19 10.396194 49.044247 0.680684 -0.422779 -0.539869 0.727873 0.418035 0.633452 1 19 1.000000
  19 10.128733 48.262409 -0.054570 -0.698880 -0.593966 0.398462 0.337371 0.687698 1 19 1.000000
  19 10.750092 48.663898 0.732672 -0.432333 -0.385158 0.815317 0.415282 0.687943 1 19 1.000000
flesh_hand_01
  19 10.128733 48.262409 -0.054570 -0.698880 -0.593966 0.398462 0.337371 0.687698 1 19 1.000000
  19 10.688416 47.633442 0.372222 -0.740760 -0.442572 0.505376 0.338229 0.735435 1 19 1.000000
  19 10.750092 48.663898 0.732672 -0.432333 -0.385158 0.815317 0.415282 0.687943 1 19 1.000000
flesh_hand_01
  19 10.688416 47.633442 0.372222 -0.740760 -0.442572 0.505376 0.338229 0.735435 1 19 1.000000
  19 11.614310 48.437462 1.154839 -0.223891 0.126385 0.966385 0.471140 0.736204 1 19 1.000000
  19 10.750092 48.663898 0.732672 -0.432333 -0.385158 0.815317 0.415282 0.687943 1 19 1.000000
flesh_hand_01
  19 11.316864 46.889893 0.539384 -0.688612 -0.416309 0.593717 0.339086 0.783173 1 19 1.000000
  19 11.614310 48.437462 1.154839 -0.223891 0.126385 0.966385 0.471140 0.736204 1 19 1.000000
  19 10.688416 47.633442 0.372222 -0.740760 -0.442572 0.505376 0.338229 0.735435 1 19 1.000000
flesh_hand_01
  19 12.056828 47.890324 1.383975 -0.107006 0.039344 0.993479 0.470255 0.784286 1 19 1.000000
  19 11.614310 48.437462 1.154839 -0.223891 0.126385 0.966385 0.471140 0.736204 1 19 1.000000
  19 11.316864 46.889893 0.539384 -0.688612 -0.416309 0.593717 0.339086 0.783173 1 19 1.000000
flesh_hand_01
  19 12.849371 46.880901 1.417887 -0.252532 0.225685 0.940900 0.468487 0.880451 1 19 1.000000
  19 11.316864 46.889893 0.539384 -0.688612 -0.416309 0.593717 0.339086 0.783173 1 19 1.000000
  19 11.928394 45.907814 0.787940 -0.898331 -0.239699 0.368165 0.340801 0.878648 1 19 1.000000
flesh_hand_01
  19 11.316864 46.889893 0.539384 -0.688612 -0.416309 0.593717 0.339086 0.783173 1 19 1.000000
  19 11.268141 46.556274 -1.199628 -0.714762 -0.629531 -0.304641 0.190416 0.781673 1 19 1.000000
  19 11.928394 45.907814 0.787940 -0.898331 -0.239699 0.368165 0.340801 0.878648 1 19 1.000000
flesh_hand_01
  19 10.688416 47.633442 0.372222 -0.740760 -0.442572 0.505376 0.338229 0.735435 1 19 1.000000
  19 11.268141 46.556274 -1.199628 -0.714762 -0.629531 -0.304641 0.190416 0.781673 1 19 1.000000
  19 11.316864 46.889893 0.539384 -0.688612 -0.416309 0.593717 0.339086 0.783173 1 19 1.000000
flesh_hand_01
  19 10.575788 47.457108 -1.418197 -0.741103 -0.632426 -0.225397 0.191906 0.732696 1 19 1.000000
  19 11.268141 46.556274 -1.199628 -0.714762 -0.629531 -0.304641 0.190416 0.781673 1 19 1.000000
  19 10.688416 47.633442 0.372222 -0.740760 -0.442572 0.505376 0.338229 0.735435 1 19 1.000000
flesh_hand_01
  19 10.128733 48.262409 -0.054570 -0.698880 -0.593966 0.398462 0.337371 0.687698 1 19 1.000000
  19 10.575788 47.457108 -1.418197 -0.741103 -0.632426 -0.225397 0.191906 0.732696 1 19 1.000000
  19 10.688416 47.633442 0.372222 -0.740760 -0.442572 0.505376 0.338229 0.735435 1 19 1.000000
flesh_hand_01
  19 10.128733 48.262409 -0.054570 -0.698880 -0.593966 0.398462 0.337371 0.687698 1 19 1.000000
  19 10.107689 48.062534 -1.601443 -0.609062 -0.739802 -0.285896 0.193397 0.683719 1 19 1.000000
  19 10.575788 47.457108 -1.418197 -0.741103 -0.632426 -0.225397 0.191906 0.732696 1 19 1.000000
flesh_hand_01
  19 11.928394 45.907814 0.787940 -0.898331 -0.239699 0.368165 0.340801 0.878648 1 19 1.000000
  19 11.268141 46.556274 -1.199628 -0.714762 -0.629531 -0.304641 0.190416 0.781673 1 19 1.000000
  19 12.199108 45.624142 -1.093657 -0.756597 -0.537243 -0.372734 0.187435 0.879626 1 19 1.000000
flesh_hand_01
  19 14.584377 47.563774 -0.091417 0.523214 0.848793 -0.076145 0.714152 0.931788 1 19 1.000000
  19 13.875006 47.691448 0.868292 0.321577 0.713601 0.622384 0.607822 0.887128 1 19 1.000000
  19 14.329591 47.485367 1.181651 0.142780 0.860790 0.488523 0.608972 0.934274 1 19 1.000000
flesh_hand_01
  19 13.875006 47.691448 0.868292 0.321577 0.713601 0.622384 0.607822 0.887128 1 19 1.000000
  19 12.849371 46.880901 1.417887 -0.252532 0.225685 0.940900 0.468487 0.880451 1 19 1.000000
  19 14.329591 47.485367 1.181651 0.142780 0.860790 0.488523 0.608972 0.934274 1 19 1.000000
flesh_hand_01
  19 14.329591 47.485367 1.181651 0.142780 0.860790 0.488523 0.608972 0.934274 1 19 1.000000
  19 12.849371 46.880901 1.417887 -0.252532 0.225685 0.940900 0.468487 0.880451 1 19 1.000000
  19 12.980200 46.629539 1.726163 -0.484113 0.469005 0.738694 0.474044 0.934522 1 19 1.000000
flesh_hand_01
  19 12.849371 46.880901 1.417887 -0.252532 0.225685 0.940900 0.468487 0.880451 1 19 1.000000
  19 11.928394 45.907814 0.787940 -0.898331 -0.239699 0.368165 0.340801 0.878648 1 19 1.000000
  19 12.980200 46.629539 1.726163 -0.484113 0.469005 0.738694 0.474044 0.934522 1 19 1.000000
flesh_hand_01
  19 12.980200 46.629539 1.726163 -0.484113 0.469005 0.738694 0.474044 0.934522 1 19 1.000000
  19 11.928394 45.907814 0.787940 -0.898331 -0.239699 0.368165 0.340801 0.878648 1 19 1.000000
  19 12.303116 45.035091 1.281576 -0.896540 -0.093529 0.432976 0.347666 0.937840 1 19 1.000000
flesh_hand_01
  19 11.928394 45.907814 0.787940 -0.898331 -0.239699 0.368165 0.340801 0.878648 1 19 1.000000
  19 12.184703 44.913128 0.007826 -0.895806 -0.415981 -0.156499 0.264372 0.936798 1 19 1.000000
  19 12.303116 45.035091 1.281576 -0.896540 -0.093529 0.432976 0.347666 0.937840 1 19 1.000000
flesh_hand_01
  19 12.184703 44.913128 0.007826 -0.895806 -0.415981 -0.156499 0.264372 0.936798 1 19 1.000000
  19 11.928394 45.907814 0.787940 -0.898331 -0.239699 0.368165 0.340801 0.878648 1 19 1.000000
  19 12.199108 45.624142 -1.093657 -0.756597 -0.537243 -0.372734 0.187435 0.879626 1 19 1.000000
flesh_hand_01
  19 12.184703 44.913128 0.007826 -0.895806 -0.415981 -0.156499 0.264372 0.936798 1 19 1.000000
  19 12.199108 45.624142 -1.093657 -0.756597 -0.537243 -0.372734 0.187435 0.879626 1 19 1.000000
  19 12.583494 45.196587 -0.962793 -0.623561 -0.576163 -0.528400 0.189073 0.935857 1 19 1.000000
flesh_hand_01
  19 14.942176 46.645668 -0.958881 0.548723 0.622609 0.557908 0.860869 0.062588 1 19 1.000000
  19 14.409771 46.271343 -0.643103 0.440089 0.266334 0.857548 0.815857 0.122911 1 19 1.000000
  19 14.907305 46.150356 -0.785024 0.405587 0.261947 0.875718 0.904854 0.122299 1 19 1.000000
flesh_hand_01
  19 14.539112 46.858559 -0.895516 0.579282 0.567570 0.585062 0.778339 0.060839 1 19 1.000000
  19 14.409771 46.271343 -0.643103 0.440089 0.266334 0.857548 0.815857 0.122911 1 19 1.000000
  19 14.942176 46.645668 -0.958881 0.548723 0.622609 0.557908 0.860869 0.062588 1 19 1.000000
flesh_hand_01
  19 14.474716 47.109535 -1.340899 0.657051 0.722863 0.213898 0.740821 -0.001234 1 19 1.000000
  19 14.539112 46.858559 -0.895516 0.579282 0.567570 0.585062 0.778339 0.060839 1 19 1.000000
  19 14.761813 46.776978 -1.477301 0.553686 0.826845 0.098793 0.816884 0.002876 1 19 1.000000
flesh_hand_01
  19 14.761813 46.776978 -1.477301 0.553686 0.826845 0.098793 0.816884 0.002876 1 19 1.000000
  19 14.539112 46.858559 -0.895516 0.579282 0.567570 0.585062 0.778339 0.060839 1 19 1.000000
  19 14.942176 46.645668 -0.958881 0.548723 0.622609 0.557908 0.860869 0.062588 1 19 1.000000
flesh_hand_01
  19 14.761813 46.776978 -1.477301 0.553686 0.826845 0.098793 0.816884 0.002876 1 19 1.000000
  19 14.942176 46.645668 -0.958881 0.548723 0.622609 0.557908 0.860869 0.062588 1 19 1.000000
  19 15.359105 46.475975 -1.685301 0.461430 0.885276 0.058039 0.998201 0.006092 1 19 1.000000
flesh_hand_01
  19 15.359105 46.475975 -1.685301 0.461430 0.885276 0.058039 0.998201 0.006092 1 19 1.000000
  19 14.942176 46.645668 -0.958881 0.548723 0.622609 0.557908 0.860869 0.062588 1 19 1.000000
  19 15.464307 46.390606 -1.168994 0.555229 0.643140 0.527344 0.995596 0.063893 1 19 1.000000
flesh_hand_01
  19 14.942176 46.645668 -0.958881 0.548723 0.622609 0.557908 0.860869 0.062588 1 19 1.000000
  19 14.907305 46.150356 -0.785024 0.405587 0.261947 0.875718 0.904854 0.122299 1 19 1.000000
  19 15.464307 46.390606 -1.168994 0.555229 0.643140 0.527344 0.995596 0.063893 1 19 1.000000
flesh_hand_01
  19 15.464307 46.390606 -1.168994 0.555229 0.643140 0.527344 0.995596 0.063893 1 19 1.000000
  19 14.907305 46.150356 -0.785024 0.405587 0.261947 0.875718 0.904854 0.122299 1 19 1.000000
  19 15.336327 45.824375 -0.977188 0.489302 0.215988 0.844945 0.992991 0.121694 1 19 1.000000
flesh_hand_01
  19 12.485008 45.290707 -0.484751 -0.919207 -0.343193 -0.193070 0.869806 0.129743 1 19 1.000000
  19 12.363259 45.316261 0.078002 -0.799397 -0.438265 0.410959 0.835145 0.069680 1 19 1.000000
  19 12.043667 46.222656 -0.162145 -0.946530 -0.311382 0.084394 0.687547 0.163929 1 19 1.000000
flesh_hand_01
  19 12.043667 46.222656 -0.162145 -0.946530 -0.311382 0.084394 0.687547 0.163929 1 19 1.000000
  19 12.363259 45.316261 0.078002 -0.799397 -0.438265 0.410959 0.835145 0.069680 1 19 1.000000
  19 12.399430 46.064674 0.676534 -0.584146 -0.489521 0.647412 0.685842 0.036252 1 19 1.000000
flesh_hand_01
  19 12.399430 46.064674 0.676534 -0.584146 -0.489521 0.647412 0.685842 0.036252 1 19 1.000000
  19 12.363259 45.316261 0.078002 -0.799397 -0.438265 0.410959 0.835145 0.069680 1 19 1.000000
  19 12.861798 45.562180 0.338293 -0.233810 -0.432562 0.870760 0.805895 0.035328 1 19 1.000000
flesh_hand_01
  19 8.969236 48.749035 -2.089802 -0.508079 -0.209284 0.835497 0.998201 0.006092 1 19 1.000000
  19 9.633203 49.508595 -1.495771 -0.411153 -0.271274 0.870266 0.904854 0.122299 1 19 1.000000
  19 9.194308 49.854824 -1.782476 -0.508079 -0.209284 0.835497 0.992991 0.121694 1 19 1.000000
flesh_hand_01
  19 9.596870 48.529377 -1.869681 -0.504782 -0.191343 0.841774 0.816884 0.002876 1 19 1.000000
  19 9.633203 49.508595 -1.495771 -0.411153 -0.271274 0.870266 0.904854 0.122299 1 19 1.000000
  19 8.969236 48.749035 -2.089802 -0.508079 -0.209284 0.835497 0.998201 0.006092 1 19 1.000000
flesh_hand_01
  19 9.633203 49.508595 -1.495771 -0.411153 -0.271274 0.870266 0.904854 0.122299 1 19 1.000000
  19 9.596870 48.529377 -1.869681 -0.504782 -0.191343 0.841774 0.816884 0.002876 1 19 1.000000
  19 10.082782 49.320263 -1.409971 -0.543472 -0.142186 0.827297 0.815857 0.122911 1 19 1.000000
flesh_hand_01
  19 10.195567 48.037109 -1.425162 -0.616416 -0.063473 0.784858 0.686482 0.001268 1 19 1.000000
  19 10.603861 48.841331 -1.008083 -0.616416 -0.063473 0.784858 0.687547 0.163929 1 19 1.000000
  19 9.893110 48.263618 -1.613014 -0.641969 -0.043522 0.765494 0.750363 0.002056 1 19 1.000000
flesh_hand_01
  19 9.893110 48.263618 -1.613014 -0.641969 -0.043522 0.765494 0.750363 0.002056 1 19 1.000000
  19 10.603861 48.841331 -1.008083 -0.616416 -0.063473 0.784858 0.687547 0.163929 1 19 1.000000
  19 10.082782 49.320263 -1.409971 -0.543472 -0.142186 0.827297 0.815857 0.163320 1 19 1.000000
flesh_hand_01
  19 10.082782 49.320263 -1.409971 -0.543472 -0.142186 0.827297 0.815857 0.163320 1 19 1.000000
  19 9.596870 48.529377 -1.869681 -0.504782 -0.191343 0.841774 0.816884 0.002876 1 19 1.000000
  19 9.893110 48.263618 -1.613014 -0.641969 -0.043522 0.765494 0.750363 0.002056 1 19 1.000000
flesh_hand_01
  19 12.393838 46.422966 -1.008615 -0.314202 -0.644511 -0.697053 0.687547 0.163929 1 19 1.000000
  19 12.005835 46.072681 -0.163531 -0.499193 -0.840915 -0.208969 0.694612 0.032273 1 19 1.000000
  19 12.012179 46.172031 -0.663494 0.428773 -0.887110 -0.170851 0.687014 0.082598 1 19 1.000000
flesh_hand_01
  19 13.173706 45.300068 -0.935133 -0.307026 -0.272004 -0.912003 0.869806 0.129743 1 19 1.000000
  19 12.639242 45.237854 -0.728625 -0.741212 -0.473283 -0.476034 0.835145 0.069680 1 19 1.000000
  19 12.393838 46.422966 -1.008615 -0.314202 -0.644511 -0.697053 0.687547 0.163929 1 19 1.000000
flesh_hand_01
  19 12.393838 46.422966 -1.008615 -0.314202 -0.644511 -0.697053 0.687547 0.163929 1 19 1.000000
  19 12.639242 45.237854 -0.728625 -0.741212 -0.473283 -0.476034 0.835145 0.069680 1 19 1.000000
  19 12.005835 46.072681 -0.163531 -0.499193 -0.840915 -0.208969 0.694612 0.032273 1 19 1.000000
flesh_hand_01
  19 12.005835 46.072681 -0.163531 -0.499193 -0.840915 -0.208969 0.694612 0.032273 1 19 1.000000
  19 12.639242 45.237854 -0.728625 -0.741212 -0.473283 -0.476034 0.835145 0.069680 1 19 1.000000
  19 12.681450 45.375843 -0.132009 -0.807600 -0.558615 0.189026 0.822610 0.032289 1 19 1.000000
flesh_hand_01
  19 11.460908 48.361897 -2.793280 -0.227692 0.184996 -0.955998 0.937637 0.556319 1 19 1.000000
  19 11.330757 48.593311 -2.692817 -0.156336 -0.139406 -0.977816 0.932595 0.538226 1 19 1.000000
  19 12.606883 49.320377 -1.966717 0.428541 0.628942 -0.648679 0.800632 0.557551 1 19 1.000000
flesh_hand_01
  19 10.754717 49.305279 -2.684072 -0.062350 -0.025389 -0.997731 0.913919 0.471200 1 19 1.000000
  19 12.383714 49.521049 -1.946070 0.580180 0.484138 -0.654982 0.797692 0.534046 1 19 1.000000
  19 11.330757 48.593311 -2.692817 -0.156336 -0.139406 -0.977816 0.932595 0.538226 1 19 1.000000
flesh_hand_01
  19 12.606883 49.320377 -1.966717 0.428541 0.628942 -0.648679 0.800632 0.557551 1 19 1.000000
  19 11.330757 48.593311 -2.692817 -0.156336 -0.139406 -0.977816 0.932595 0.538226 1 19 1.000000
  19 12.383714 49.521049 -1.946070 0.580180 0.484138 -0.654982 0.797692 0.534046 1 19 1.000000
flesh_hand_01
  19 12.606883 49.320377 -1.966717 0.428541 0.628942 -0.648679 0.800632 0.557551 1 19 1.000000
  19 12.383714 49.521049 -1.946070 0.580180 0.484138 -0.654982 0.797692 0.534046 1 19 1.000000
  19 12.730356 49.821548 -0.768292 0.358305 0.930819 -0.072072 0.690767 0.557197 1 19 1.000000
flesh_hand_01
  19 12.532494 49.643234 0.425942 -0.072700 0.930762 0.358324 0.598051 0.557591 1 19 1.000000
  19 12.730356 49.821548 -0.768292 0.358305 0.930819 -0.072072 0.690767 0.557197 1 19 1.000000
  19 12.281549 49.638794 0.215116 0.273716 0.768856 0.577876 0.598802 0.539926 1 19 1.000000
flesh_hand_01
  19 12.281549 49.638794 0.215116 0.273716 0.768856 0.577876 0.598802 0.539926 1 19 1.000000
  19 12.730356 49.821548 -0.768292 0.358305 0.930819 -0.072072 0.690767 0.557197 1 19 1.000000
  19 12.541715 49.925930 -0.805181 0.749701 0.659969 -0.048876 0.690096 0.539652 1 19 1.000000
flesh_hand_01
  19 12.730356 49.821548 -0.768292 0.358305 0.930819 -0.072072 0.690767 0.557197 1 19 1.000000
  19 12.383714 49.521049 -1.946070 0.580180 0.484138 -0.654982 0.797692 0.534046 1 19 1.000000
  19 12.541715 49.925930 -0.805181 0.749701 0.659969 -0.048876 0.690096 0.539652 1 19 1.000000
flesh_hand_01
  19 12.210662 49.993092 -1.935801 0.707303 0.288361 -0.645423 0.793728 0.502352 1 19 1.000000
  19 12.541715 49.925930 -0.805181 0.749701 0.659969 -0.048876 0.690096 0.539652 1 19 1.000000
  19 12.383714 49.521049 -1.946070 0.580180 0.484138 -0.654982 0.797692 0.534046 1 19 1.000000
flesh_hand_01
  19 12.210662 49.993092 -1.935801 0.707303 0.288361 -0.645423 0.793728 0.502352 1 19 1.000000
  19 12.383714 49.521049 -1.946070 0.580180 0.484138 -0.654982 0.797692 0.534046 1 19 1.000000
  19 10.754717 49.305279 -2.684072 -0.062350 -0.025389 -0.997731 0.913919 0.471200 1 19 1.000000
flesh_hand_01
  19 12.210662 49.993092 -1.935801 0.707303 0.288361 -0.645423 0.793728 0.502352 1 19 1.000000
  19 10.754717 49.305279 -2.684072 -0.062350 -0.025389 -0.997731 0.913919 0.471200 1 19 1.000000
  19 11.926398 50.445091 -2.044288 0.640028 0.353915 -0.681988 0.789764 0.470659 1 19 1.000000
flesh_hand_01
  19 10.282155 50.253395 -2.617060 -0.248553 0.206604 -0.946328 0.895242 0.404174 1 19 1.000000
  19 11.926398 50.445091 -2.044288 0.640028 0.353915 -0.681988 0.789764 0.470659 1 19 1.000000
  19 10.754717 49.305279 -2.684072 -0.062350 -0.025389 -0.997731 0.913919 0.471200 1 19 1.000000
flesh_hand_01
  19 11.581227 50.978210 -2.000579 0.347720 0.612372 -0.709994 0.785799 0.438965 1 19 1.000000
  19 11.926398 50.445091 -2.044288 0.640028 0.353915 -0.681988 0.789764 0.470659 1 19 1.000000
  19 10.282155 50.253395 -2.617060 -0.248553 0.206604 -0.946328 0.895242 0.404174 1 19 1.000000
flesh_hand_01
  19 11.581227 50.978210 -2.000579 0.347720 0.612372 -0.709994 0.785799 0.438965 1 19 1.000000
  19 10.282155 50.253395 -2.617060 -0.248553 0.206604 -0.946328 0.895242 0.404174 1 19 1.000000
  19 10.900703 51.052967 -2.028231 0.113383 0.732644 -0.671102 0.781835 0.407272 1 19 1.000000
flesh_hand_01
  19 10.900703 51.052967 -2.028231 0.113383 0.732644 -0.671102 0.781835 0.407272 1 19 1.000000
  19 11.010533 51.512886 -1.147252 0.187493 0.977689 0.094713 0.685076 0.408264 1 19 1.000000
  19 11.581227 50.978210 -2.000579 0.347720 0.612372 -0.709994 0.785799 0.438965 1 19 1.000000
flesh_hand_01
  19 11.581227 50.978210 -2.000579 0.347720 0.612372 -0.709994 0.785799 0.438965 1 19 1.000000
  19 11.010533 51.512886 -1.147252 0.187493 0.977689 0.094713 0.685076 0.408264 1 19 1.000000
  19 11.606780 51.459114 -1.070964 0.507807 0.857100 0.086667 0.686331 0.441111 1 19 1.000000
flesh_hand_01
  19 11.010533 51.512886 -1.147252 0.187493 0.977689 0.094713 0.685076 0.408264 1 19 1.000000
  19 10.892207 51.047405 -0.354394 0.136480 0.659670 0.739059 0.604383 0.408558 1 19 1.000000
  19 11.606780 51.459114 -1.070964 0.507807 0.857100 0.086667 0.686331 0.441111 1 19 1.000000
flesh_hand_01
  19 11.606780 51.459114 -1.070964 0.507807 0.857100 0.086667 0.686331 0.441111 1 19 1.000000
  19 10.892207 51.047405 -0.354394 0.136480 0.659670 0.739059 0.604383 0.408558 1 19 1.000000
  19 11.879905 50.622974 -0.324928 0.421048 0.680323 0.599900 0.601592 0.474242 1 19 1.000000
flesh_hand_01
  19 11.879905 50.622974 -0.324928 0.421048 0.680323 0.599900 0.601592 0.474242 1 19 1.000000
  19 10.892207 51.047405 -0.354394 0.136480 0.659670 0.739059 0.604383 0.408558 1 19 1.000000
  19 12.291528 50.139877 0.098320 0.524031 0.524931 0.670701 0.600197 0.507084 1 19 1.000000
flesh_hand_01
  19 12.382197 50.361874 -0.892814 0.908145 0.418643 -0.003098 0.688841 0.506805 1 19 1.000000
  19 11.879905 50.622974 -0.324928 0.421048 0.680323 0.599900 0.601592 0.474242 1 19 1.000000
  19 12.291528 50.139877 0.098320 0.524031 0.524931 0.670701 0.600197 0.507084 1 19 1.000000
flesh_hand_01
  19 12.382197 50.361874 -0.892814 0.908145 0.418643 -0.003098 0.688841 0.506805 1 19 1.000000
  19 12.291528 50.139877 0.098320 0.524031 0.524931 0.670701 0.600197 0.507084 1 19 1.000000
  19 12.541715 49.925930 -0.805181 0.749701 0.659969 -0.048876 0.690096 0.539652 1 19 1.000000
flesh_hand_01
  19 12.382197 50.361874 -0.892814 0.908145 0.418643 -0.003098 0.688841 0.506805 1 19 1.000000
  19 12.541715 49.925930 -0.805181 0.749701 0.659969 -0.048876 0.690096 0.539652 1 19 1.000000
  19 12.210662 49.993092 -1.935801 0.707303 0.288361 -0.645423 0.793728 0.502352 1 19 1.000000
flesh_hand_01
  19 11.926398 50.445091 -2.044288 0.640028 0.353915 -0.681988 0.789764 0.470659 1 19 1.000000
  19 12.382197 50.361874 -0.892814 0.908145 0.418643 -0.003098 0.688841 0.506805 1 19 1.000000
  19 12.210662 49.993092 -1.935801 0.707303 0.288361 -0.645423 0.793728 0.502352 1 19 1.000000
flesh_hand_01
  19 12.291528 50.139877 0.098320 0.524031 0.524931 0.670701 0.600197 0.507084 1 19 1.000000
  19 10.892207 51.047405 -0.354394 0.136480 0.659670 0.739059 0.604383 0.408558 1 19 1.000000
  19 10.038880 50.418594 -0.011844 -0.167165 0.320345 0.932435 0.457983 0.406950 1 19 1.000000
flesh_hand_01
  19 9.398195 49.994343 -0.533406 -0.934236 -0.149974 0.323591 0.330316 0.405802 1 19 1.000000
  19 10.083286 48.578064 -0.163169 -0.891478 -0.194854 0.409021 0.334938 0.541579 1 19 1.000000
  19 10.038880 50.418594 -0.011844 -0.167165 0.320345 0.932435 0.457983 0.406950 1 19 1.000000
flesh_hand_01
  19 10.038880 50.418594 -0.011844 -0.167165 0.320345 0.932435 0.457983 0.406950 1 19 1.000000
  19 10.083286 48.578064 -0.163169 -0.891478 -0.194854 0.409021 0.334938 0.541579 1 19 1.000000
  19 11.092413 49.129211 0.624901 -0.420630 0.423448 0.802348 0.461030 0.539865 1 19 1.000000
flesh_hand_01
  19 11.092413 49.129211 0.624901 -0.420630 0.423448 0.802348 0.461030 0.539865 1 19 1.000000
  19 12.291528 50.139877 0.098320 0.524031 0.524931 0.670701 0.600197 0.507084 1 19 1.000000
  19 10.038880 50.418594 -0.011844 -0.167165 0.320345 0.932435 0.457983 0.406950 1 19 1.000000
flesh_hand_01
  19 12.281549 49.638794 0.215116 0.273716 0.768856 0.577876 0.598802 0.539926 1 19 1.000000
  19 12.291528 50.139877 0.098320 0.524031 0.524931 0.670701 0.600197 0.507084 1 19 1.000000
  19 11.092413 49.129211 0.624901 -0.420630 0.423448 0.802348 0.461030 0.539865 1 19 1.000000
flesh_hand_01
  19 12.541715 49.925930 -0.805181 0.749701 0.659969 -0.048876 0.690096 0.539652 1 19 1.000000
  19 12.291528 50.139877 0.098320 0.524031 0.524931 0.670701 0.600197 0.507084 1 19 1.000000
  19 12.281549 49.638794 0.215116 0.273716 0.768856 0.577876 0.598802 0.539926 1 19 1.000000
flesh_hand_01
  19 12.059061 50.961594 -1.003597 0.789760 0.612096 0.040222 0.687586 0.473958 1 19 1.000000
  19 12.382197 50.361874 -0.892814 0.908145 0.418643 -0.003098 0.688841 0.506805 1 19 1.000000
  19 11.926398 50.445091 -2.044288 0.640028 0.353915 -0.681988 0.789764 0.470659 1 19 1.000000
flesh_hand_01
  19 11.581227 50.978210 -2.000579 0.347720 0.612372 -0.709994 0.785799 0.438965 1 19 1.000000
  19 12.059061 50.961594 -1.003597 0.789760 0.612096 0.040222 0.687586 0.473958 1 19 1.000000
  19 11.926398 50.445091 -2.044288 0.640028 0.353915 -0.681988 0.789764 0.470659 1 19 1.000000
flesh_hand_01
  19 11.606780 51.459114 -1.070964 0.507807 0.857100 0.086667 0.686331 0.441111 1 19 1.000000
  19 12.059061 50.961594 -1.003597 0.789760 0.612096 0.040222 0.687586 0.473958 1 19 1.000000
  19 11.581227 50.978210 -2.000579 0.347720 0.612372 -0.709994 0.785799 0.438965 1 19 1.000000
flesh_hand_01
  19 11.879905 50.622974 -0.324928 0.421048 0.680323 0.599900 0.601592 0.474242 1 19 1.000000
  19 12.059061 50.961594 -1.003597 0.789760 0.612096 0.040222 0.687586 0.473958 1 19 1.000000
  19 11.606780 51.459114 -1.070964 0.507807 0.857100 0.086667 0.686331 0.441111 1 19 1.000000
flesh_hand_01
  19 12.059061 50.961594 -1.003597 0.789760 0.612096 0.040222 0.687586 0.473958 1 19 1.000000
  19 11.879905 50.622974 -0.324928 0.421048 0.680323 0.599900 0.601592 0.474242 1 19 1.000000
  19 12.382197 50.361874 -0.892814 0.908145 0.418643 -0.003098 0.688841 0.506805 1 19 1.000000
flesh_hand_01
  19 10.080891 48.300426 -1.601504 -0.799980 -0.507414 -0.320253 0.203408 0.543090 1 19 1.000000
  19 10.399596 48.346813 -1.918433 -0.518259 -0.518310 -0.680266 0.165491 0.541873 1 19 1.000000
  19 10.107689 48.062534 -1.601443 -0.841765 -0.124840 -0.525212 0.204412 0.557594 1 19 1.000000
flesh_hand_01
  19 10.399596 48.346813 -1.918433 -0.518259 -0.518310 -0.680266 0.165491 0.541873 1 19 1.000000
  19 11.460908 48.361897 -2.793280 -0.227692 0.184996 -0.955998 0.057761 0.556636 1 19 1.000000
  19 10.107689 48.062534 -1.601443 -0.841765 -0.124840 -0.525212 0.204412 0.557594 1 19 1.000000
flesh_hand_01
  19 11.330757 48.593311 -2.692817 -0.156336 -0.139406 -0.977816 0.060160 0.538489 1 19 1.000000
  19 11.460908 48.361897 -2.793280 -0.227692 0.184996 -0.955998 0.057761 0.556636 1 19 1.000000
  19 10.399596 48.346813 -1.918433 -0.518259 -0.518310 -0.680266 0.165491 0.541873 1 19 1.000000
flesh_hand_01
  19 10.399596 48.346813 -1.918433 -0.518259 -0.518310 -0.680266 0.165491 0.541873 1 19 1.000000
  19 10.138236 48.565762 -2.149408 -0.473004 -0.587640 -0.656465 0.157312 0.493276 1 19 1.000000
  19 11.330757 48.593311 -2.692817 -0.156336 -0.139406 -0.977816 0.060160 0.538489 1 19 1.000000
flesh_hand_01
  19 11.330757 48.593311 -2.692817 -0.156336 -0.139406 -0.977816 0.060160 0.538489 1 19 1.000000
  19 10.138236 48.565762 -2.149408 -0.473004 -0.587640 -0.656465 0.157312 0.493276 1 19 1.000000
  19 10.754717 49.305279 -2.684072 -0.062350 -0.025389 -0.997731 0.069048 0.471263 1 19 1.000000
flesh_hand_01
  19 10.754717 49.305279 -2.684072 -0.062350 -0.025389 -0.997731 0.069048 0.471263 1 19 1.000000
  19 10.138236 48.565762 -2.149408 -0.473004 -0.587640 -0.656465 0.157312 0.493276 1 19 1.000000
  19 9.381695 49.333004 -1.832184 -0.867811 -0.253647 -0.427279 0.199935 0.473439 1 19 1.000000
flesh_hand_01
  19 10.754717 49.305279 -2.684072 -0.062350 -0.025389 -0.997731 0.069048 0.471263 1 19 1.000000
  19 9.381695 49.333004 -1.832184 -0.867811 -0.253647 -0.427279 0.199935 0.473439 1 19 1.000000
  19 10.282155 50.253395 -2.617060 -0.248553 0.206604 -0.946328 0.077936 0.404036 1 19 1.000000
flesh_hand_01
  19 10.282155 50.253395 -2.617060 -0.248553 0.206604 -0.946328 0.077936 0.404036 1 19 1.000000
  19 9.381695 49.333004 -1.832184 -0.867811 -0.253647 -0.427279 0.199935 0.473439 1 19 1.000000
  19 9.513779 49.878151 -1.863161 -0.892062 0.192914 -0.408669 0.193856 0.405141 1 19 1.000000
flesh_hand_01
  19 9.381695 49.333004 -1.832184 -0.867811 -0.253647 -0.427279 0.199935 0.473439 1 19 1.000000
  19 9.398195 49.994343 -0.533406 -0.934236 -0.149974 0.323591 0.330316 0.405802 1 19 1.000000
  19 9.513779 49.878151 -1.863161 -0.892062 0.192914 -0.408669 0.193856 0.405141 1 19 1.000000
flesh_hand_01
  19 9.381695 49.333004 -1.832184 -0.867811 -0.253647 -0.427279 0.199935 0.473439 1 19 1.000000
  19 9.761066 48.794399 -0.894303 -0.881572 -0.436710 0.179206 0.269485 0.496106 1 19 1.000000
  19 9.398195 49.994343 -0.533406 -0.934236 -0.149974 0.323591 0.330316 0.405802 1 19 1.000000
flesh_hand_01
  19 9.398195 49.994343 -0.533406 -0.934236 -0.149974 0.323591 0.330316 0.405802 1 19 1.000000
  19 9.761066 48.794399 -0.894303 -0.881572 -0.436710 0.179206 0.269485 0.496106 1 19 1.000000
  19 10.083286 48.578064 -0.163169 -0.891478 -0.194854 0.409021 0.334938 0.541579 1 19 1.000000
flesh_hand_01
  19 9.761066 48.794399 -0.894303 -0.881572 -0.436710 0.179206 0.269485 0.496106 1 19 1.000000
  19 10.080891 48.300426 -1.601504 -0.799980 -0.507414 -0.320253 0.203408 0.543090 1 19 1.000000
  19 10.083286 48.578064 -0.163169 -0.891478 -0.194854 0.409021 0.334938 0.541579 1 19 1.000000
flesh_hand_01
  19 10.107689 48.062534 -1.601443 -0.841765 -0.124840 -0.525212 0.204412 0.557594 1 19 1.000000
  19 10.083286 48.578064 -0.163169 -0.891478 -0.194854 0.409021 0.334938 0.541579 1 19 1.000000
  19 10.080891 48.300426 -1.601504 -0.799980 -0.507414 -0.320253 0.203408 0.543090 1 19 1.000000
flesh_hand_01
  19 10.128733 48.333694 -0.054570 -0.925961 0.093311 0.365909 0.335490 0.557787 1 19 1.000000
  19 10.083286 48.578064 -0.163169 -0.891478 -0.194854 0.409021 0.334938 0.541579 1 19 1.000000
  19 10.107689 48.062534 -1.601443 -0.841765 -0.124840 -0.525212 0.204412 0.557594 1 19 1.000000
flesh_hand_01
  19 10.083286 48.578064 -0.163169 -0.891478 -0.194854 0.409021 0.334938 0.541579 1 19 1.000000
  19 10.128733 48.333694 -0.054570 -0.925961 0.093311 0.365909 0.335490 0.557787 1 19 1.000000
  19 11.092413 49.129211 0.624901 -0.420630 0.423448 0.802348 0.461030 0.539865 1 19 1.000000
flesh_hand_01
  19 11.092413 49.129211 0.624901 -0.420630 0.423448 0.802348 0.461030 0.539865 1 19 1.000000
  19 10.128733 48.333694 -0.054570 -0.925961 0.093311 0.365909 0.335490 0.557787 1 19 1.000000
  19 11.202624 48.956306 0.893234 -0.506054 0.622140 0.597370 0.461420 0.556888 1 19 1.000000
flesh_hand_01
  19 11.092413 49.129211 0.624901 -0.420630 0.423448 0.802348 0.461030 0.539865 1 19 1.000000
  19 11.202624 48.956306 0.893234 -0.506054 0.622140 0.597370 0.461420 0.556888 1 19 1.000000
  19 12.281549 49.638794 0.215116 0.273716 0.768856 0.577876 0.598802 0.539926 1 19 1.000000
flesh_hand_01
  19 12.281549 49.638794 0.215116 0.273716 0.768856 0.577876 0.598802 0.539926 1 19 1.000000
  19 11.202624 48.956306 0.893234 -0.506054 0.622140 0.597370 0.461420 0.556888 1 19 1.000000
  19 12.532494 49.643234 0.425942 -0.072700 0.930762 0.358324 0.598051 0.557591 1 19 1.000000
flesh_hand_01
  19 9.381695 49.333004 -1.832184 -0.867811 -0.253647 -0.427279 0.199935 0.473439 1 19 1.000000
  19 10.080891 48.300426 -1.601504 -0.799980 -0.507414 -0.320253 0.203408 0.543090 1 19 1.000000
  19 9.761066 48.794399 -0.894303 -0.881572 -0.436710 0.179206 0.269485 0.496106 1 19 1.000000
flesh_hand_01
  19 10.138236 48.565762 -2.149408 -0.473004 -0.587640 -0.656465 0.157312 0.493276 1 19 1.000000
  19 10.080891 48.300426 -1.601504 -0.799980 -0.507414 -0.320253 0.203408 0.543090 1 19 1.000000
  19 9.381695 49.333004 -1.832184 -0.867811 -0.253647 -0.427279 0.199935 0.473439 1 19 1.000000
flesh_hand_01
  19 10.138236 48.565762 -2.149408 -0.473004 -0.587640 -0.656465 0.157312 0.493276 1 19 1.000000
  19 10.399596 48.346813 -1.918433 -0.518259 -0.518310 -0.680266 0.165491 0.541873 1 19 1.000000
  19 10.080891 48.300426 -1.601504 -0.799980 -0.507414 -0.320253 0.203408 0.543090 1 19 1.000000
flesh_hand_01
  19 12.681450 45.375843 -0.132009 -0.807600 -0.558615 0.189026 0.816884 0.002876 1 19 1.000000
  19 12.639242 45.237854 -0.728625 -0.741212 -0.473283 -0.476034 0.860869 0.062588 1 19 1.000000
  19 13.074291 44.588280 -0.076704 -0.888486 -0.427424 0.167035 0.998201 0.006092 1 19 1.000000
flesh_hand_01
  19 13.074291 44.588280 -0.076704 -0.888486 -0.427424 0.167035 0.998201 0.006092 1 19 1.000000
  19 12.639242 45.237854 -0.728625 -0.741212 -0.473283 -0.476034 0.860869 0.062588 1 19 1.000000
  19 12.992053 44.526306 -0.653753 -0.757661 -0.442186 -0.480023 0.995596 0.063893 1 19 1.000000
flesh_hand_01
  19 12.639242 45.237854 -0.728625 -0.741212 -0.473283 -0.476034 0.860869 0.062588 1 19 1.000000
  19 13.173706 45.300068 -0.935133 -0.307026 -0.272004 -0.912003 0.904854 0.122299 1 19 1.000000
  19 12.992053 44.526306 -0.653753 -0.757661 -0.442186 -0.480023 0.995596 0.063893 1 19 1.000000
flesh_hand_01
  19 12.992053 44.526306 -0.653753 -0.757661 -0.442186 -0.480023 0.995596 0.063893 1 19 1.000000
  19 13.173706 45.300068 -0.935133 -0.307026 -0.272004 -0.912003 0.904854 0.122299 1 19 1.000000
  19 13.599275 44.680183 -0.878253 -0.296482 -0.264148 -0.917782 0.992991 0.121694 1 19 1.000000
flesh_hand_01
  19 11.806375 51.338017 -1.987580 0.936747 0.313296 0.156047 0.998201 0.006092 1 19 1.000000
  19 11.964809 50.687817 -1.780792 0.938155 0.339035 0.070146 0.816884 0.002876 1 19 1.000000
  19 11.918031 51.178181 -2.484484 0.903687 0.174978 -0.390811 0.995596 0.063893 1 19 1.000000
flesh_hand_01
  19 11.918031 51.178181 -2.484484 0.903687 0.174978 -0.390811 0.995596 0.063893 1 19 1.000000
  19 11.964809 50.687817 -1.780792 0.938155 0.339035 0.070146 0.816884 0.002876 1 19 1.000000
  19 12.111675 50.589344 -2.317185 0.902337 0.120449 -0.413859 0.860869 0.062588 1 19 1.000000
flesh_hand_01
  19 11.918031 51.178181 -2.484484 0.903687 0.174978 -0.390811 0.995596 0.063893 1 19 1.000000
  19 11.652473 50.534538 -2.659437 0.609384 -0.133180 -0.781610 0.904854 0.122299 1 19 1.000000
  19 11.426295 51.035328 -2.818513 0.582099 -0.019207 -0.812891 0.992991 0.121694 1 19 1.000000
flesh_hand_01
  19 12.111675 50.589344 -2.317185 0.902337 0.120449 -0.413859 0.860869 0.062588 1 19 1.000000
  19 11.652473 50.534538 -2.659437 0.609384 -0.133180 -0.781610 0.904854 0.122299 1 19 1.000000
  19 11.918031 51.178181 -2.484484 0.903687 0.174978 -0.390811 0.995596 0.063893 1 19 1.000000
flesh_hand_01
  19 12.111675 50.589344 -2.317185 0.902337 0.120449 -0.413859 0.860869 0.062588 1 19 1.000000
  19 11.657492 50.023190 -2.515170 0.635032 -0.099629 -0.766034 0.815857 0.122911 1 19 1.000000
  19 11.652473 50.534538 -2.659437 0.609384 -0.133180 -0.781610 0.904854 0.122299 1 19 1.000000
flesh_hand_01
  19 12.150107 50.195332 -2.124076 0.860863 0.161112 -0.482657 0.778339 0.060839 1 19 1.000000
  19 11.657492 50.023190 -2.515170 0.635032 -0.099629 -0.766034 0.815857 0.122911 1 19 1.000000
  19 12.111675 50.589344 -2.317185 0.902337 0.120449 -0.413859 0.860869 0.062588 1 19 1.000000
flesh_hand_01
  19 11.964809 50.687817 -1.780792 0.938155 0.339035 0.070146 0.816884 0.002876 1 19 1.000000
  19 12.150107 50.195332 -2.124076 0.860863 0.161112 -0.482657 0.778339 0.060839 1 19 1.000000
  19 12.111675 50.589344 -2.317185 0.902337 0.120449 -0.413859 0.860869 0.062588 1 19 1.000000
flesh_hand_01
  19 12.222066 50.335979 -1.633621 0.915397 0.388370 -0.105914 0.740821 -0.001234 1 19 1.000000
  19 12.150107 50.195332 -2.124076 0.860863 0.161112 -0.482657 0.778339 0.060839 1 19 1.000000
  19 11.964809 50.687817 -1.780792 0.938155 0.339035 0.070146 0.816884 0.002876 1 19 1.000000
flesh_hand_01
  19 9.379594 48.788742 -1.466751 -0.444748 -0.892528 0.074785 0.998201 0.006092 1 19 1.000000
  19 9.978059 48.595432 -0.214761 -0.582470 -0.806471 0.101652 0.815857 0.163320 1 19 1.000000
  19 9.277761 48.876785 -0.026289 -0.444748 -0.892528 0.074785 0.992991 0.162102 1 19 1.000000
flesh_hand_01
  19 9.886724 48.467403 -1.290584 -0.582470 -0.806471 0.101652 0.816884 0.002876 1 19 1.000000
  19 9.978059 48.595432 -0.214761 -0.582470 -0.806471 0.101652 0.815857 0.163320 1 19 1.000000
  19 9.379594 48.788742 -1.466751 -0.444748 -0.892528 0.074785 0.998201 0.006092 1 19 1.000000
flesh_hand_01
  19 9.886724 48.467403 -1.290584 -0.582470 -0.806471 0.101652 0.816884 0.002876 1 19 1.000000
  19 10.425089 48.103264 -0.297837 -0.704409 -0.698564 0.125765 0.687547 0.163929 1 19 1.000000
  19 9.978059 48.595432 -0.214761 -0.582470 -0.806471 0.101652 0.815857 0.163320 1 19 1.000000
flesh_hand_01
  19 10.422668 47.955376 -1.279691 -0.704409 -0.698564 0.125765 0.686482 0.001268 1 19 1.000000
  19 10.425089 48.103264 -0.297837 -0.704409 -0.698564 0.125765 0.687547 0.163929 1 19 1.000000
  19 9.886724 48.467403 -1.290584 -0.582470 -0.806471 0.101652 0.816884 0.002876 1 19 1.000000
flesh_hand_01
  19 9.055208 49.036366 -0.222076 -0.348975 -0.884581 0.309407 0.995596 0.084097 1 19 1.000000
  19 10.015374 49.021152 0.200427 -0.437161 -0.625836 0.645925 0.815857 0.163320 1 19 1.000000
  19 9.395815 49.460426 0.310018 -0.292137 -0.712241 0.638254 0.992991 0.162102 1 19 1.000000
flesh_hand_01
  19 9.886878 48.706261 -0.306804 -0.561075 -0.765391 0.315232 0.816370 0.083098 1 19 1.000000
  19 10.015374 49.021152 0.200427 -0.437161 -0.625836 0.645925 0.815857 0.163320 1 19 1.000000
  19 9.055208 49.036366 -0.222076 -0.348975 -0.884581 0.309407 0.995596 0.084097 1 19 1.000000
flesh_hand_01
  19 9.886878 48.706261 -0.306804 -0.561075 -0.765391 0.315232 0.816370 0.083098 1 19 1.000000
  19 10.518781 48.501339 0.091709 -0.569701 -0.521559 0.635151 0.687547 0.163929 1 19 1.000000
  19 10.015374 49.021152 0.200427 -0.437161 -0.625836 0.645925 0.815857 0.163320 1 19 1.000000
flesh_hand_01
  19 10.291000 48.119255 -0.292944 -0.740385 -0.600358 0.302325 0.687014 0.082598 1 19 1.000000
  19 10.518781 48.501339 0.091709 -0.569701 -0.521559 0.635151 0.687547 0.163929 1 19 1.000000
  19 9.886878 48.706261 -0.306804 -0.561075 -0.765391 0.315232 0.816370 0.083098 1 19 1.000000
flesh_hand_01
  19 9.886878 48.706261 -0.306804 -0.561075 -0.765391 0.315232 0.816370 0.083098 1 19 1.000000
  19 10.319896 48.179527 -0.790709 -0.802887 -0.591436 -0.074675 0.686482 0.001268 1 19 1.000000
  19 10.291000 48.119255 -0.292944 -0.740385 -0.600358 0.302325 0.687014 0.082598 1 19 1.000000
flesh_hand_01
  19 9.863405 48.769268 -0.843717 -0.604037 -0.793718 -0.071770 0.816884 0.002876 1 19 1.000000
  19 10.319896 48.179527 -0.790709 -0.802887 -0.591436 -0.074675 0.686482 0.001268 1 19 1.000000
  19 9.886878 48.706261 -0.306804 -0.561075 -0.765391 0.315232 0.816370 0.083098 1 19 1.000000
flesh_hand_01
  19 9.886878 48.706261 -0.306804 -0.561075 -0.765391 0.315232 0.816370 0.083098 1 19 1.000000
  19 9.251891 48.991066 -0.925857 -0.356582 -0.932131 -0.063089 0.998201 0.006092 1 19 1.000000
  19 9.863405 48.769268 -0.843717 -0.604037 -0.793718 -0.071770 0.816884 0.002876 1 19 1.000000
flesh_hand_01
  19 9.055208 49.036366 -0.222076 -0.348975 -0.884581 0.309407 0.995596 0.084097 1 19 1.000000
  19 9.251891 48.991066 -0.925857 -0.356582 -0.932131 -0.063089 0.998201 0.006092 1 19 1.000000
  19 9.886878 48.706261 -0.306804 -0.561075 -0.765391 0.315232 0.816370 0.083098 1 19 1.000000
flesh_hand_01
  19 12.074922 50.851883 -1.469951 0.877886 0.319927 0.356318 0.998201 0.006092 1 19 1.000000
  19 12.638267 50.198441 -2.271194 0.891695 0.129370 0.433754 0.904854 0.122299 1 19 1.000000
  19 12.475364 50.731018 -2.562152 0.877886 0.319927 0.356318 0.992991 0.121694 1 19 1.000000
flesh_hand_01
  19 12.132696 50.335209 -1.362518 0.902449 0.118399 0.414206 0.816884 0.002876 1 19 1.000000
  19 12.638267 50.198441 -2.271194 0.891695 0.129370 0.433754 0.904854 0.122299 1 19 1.000000
  19 12.074922 50.851883 -1.469951 0.877886 0.319927 0.356318 0.998201 0.006092 1 19 1.000000
flesh_hand_01
  19 12.638267 50.198441 -2.271194 0.891695 0.129370 0.433754 0.904854 0.122299 1 19 1.000000
  19 12.132696 50.335209 -1.362518 0.902449 0.118399 0.414206 0.816884 0.002876 1 19 1.000000
  19 12.541946 49.610229 -2.181209 0.903681 0.138378 0.405230 0.815857 0.122911 1 19 1.000000
flesh_hand_01
  19 12.217103 49.294991 -0.943090 0.867870 0.376888 0.323662 0.686482 0.001268 1 19 1.000000
  19 12.657033 48.933617 -1.757521 0.867870 0.376888 0.323662 0.687547 0.163929 1 19 1.000000
  19 12.111721 49.655346 -1.135739 0.904433 0.239328 0.353162 0.750363 0.002056 1 19 1.000000
flesh_hand_01
  19 12.111721 49.655346 -1.135739 0.904433 0.239328 0.353162 0.750363 0.002056 1 19 1.000000
  19 12.657033 48.933617 -1.757521 0.867870 0.376888 0.323662 0.687547 0.163929 1 19 1.000000
  19 12.541946 49.610229 -2.181209 0.903681 0.138378 0.405230 0.815857 0.163320 1 19 1.000000
flesh_hand_01
  19 12.541946 49.610229 -2.181209 0.903681 0.138378 0.405230 0.815857 0.163320 1 19 1.000000
  19 12.132696 50.335209 -1.362518 0.902449 0.118399 0.414206 0.816884 0.002876 1 19 1.000000
  19 12.111721 49.655346 -1.135739 0.904433 0.239328 0.353162 0.750363 0.002056 1 19 1.000000
flesh_hand_01
  19 14.409771 46.271343 -0.643103 0.440089 0.266334 0.857548 0.815857 0.163320 1 19 1.000000
  19 14.539112 46.858559 -0.895516 0.579282 0.567570 0.585062 0.783110 0.082688 1 19 1.000000
  19 13.707346 47.019379 -0.365094 0.540230 0.451168 0.710351 0.687547 0.163929 1 19 1.000000
flesh_hand_01
  19 13.707346 47.019379 -0.365094 0.540230 0.451168 0.710351 0.687547 0.163929 1 19 1.000000
  19 14.539112 46.858559 -0.895516 0.579282 0.567570 0.585062 0.783110 0.082688 1 19 1.000000
  19 13.971593 47.533035 -1.173648 0.590611 0.677636 0.438164 0.686482 0.001268 1 19 1.000000
flesh_hand_01
  19 13.971593 47.533035 -1.173648 0.590611 0.677636 0.438164 0.686482 0.001268 1 19 1.000000
  19 14.539112 46.858559 -0.895516 0.579282 0.567570 0.585062 0.783110 0.082688 1 19 1.000000
  19 14.474716 47.109535 -1.340899 0.657051 0.722863 0.213898 0.750363 0.002056 1 19 1.000000
flesh_hand_01
  19 11.485565 50.527615 -0.981727 0.373922 0.209742 -0.903433 0.815857 0.163320 1 19 1.000000
  19 12.287898 50.873898 -0.400181 0.594706 0.202569 -0.778004 0.816884 0.002876 1 19 1.000000
  19 12.570700 50.466278 -0.870297 0.141888 0.517145 -0.844055 0.750363 0.002056 1 19 1.000000
flesh_hand_01
  19 12.570700 50.466278 -0.870297 0.141888 0.517145 -0.844055 0.750363 0.002056 1 19 1.000000
  19 12.532910 49.913773 -0.928922 0.158875 0.187692 -0.969294 0.686482 0.001268 1 19 1.000000
  19 11.485565 50.527615 -0.981727 0.373922 0.209742 -0.903433 0.815857 0.163320 1 19 1.000000
flesh_hand_01
  19 11.485565 50.527615 -0.981727 0.373922 0.209742 -0.903433 0.815857 0.163320 1 19 1.000000
  19 12.532910 49.913773 -0.928922 0.158875 0.187692 -0.969294 0.686482 0.001268 1 19 1.000000
  19 11.611655 49.644825 -1.186554 0.158875 0.187692 -0.969294 0.687547 0.163929 1 19 1.000000
flesh_hand_01
  19 12.303229 51.658215 -0.344609 0.709403 0.175016 -0.682727 0.998201 0.006092 1 19 1.000000
  19 11.669578 51.028015 -1.164576 0.713859 -0.150555 -0.683914 0.904854 0.122299 1 19 1.000000
  19 11.521755 51.692101 -0.986517 0.709403 0.175016 -0.682727 0.992991 0.121694 1 19 1.000000
flesh_hand_01
  19 12.287898 50.873898 -0.400181 0.594706 0.202569 -0.778004 0.816884 0.002876 1 19 1.000000
  19 11.669578 51.028015 -1.164576 0.713859 -0.150555 -0.683914 0.904854 0.122299 1 19 1.000000
  19 12.303229 51.658215 -0.344609 0.709403 0.175016 -0.682727 0.998201 0.006092 1 19 1.000000
flesh_hand_01
  19 11.669578 51.028015 -1.164576 0.713859 -0.150555 -0.683914 0.904854 0.122299 1 19 1.000000
  19 12.287898 50.873898 -0.400181 0.594706 0.202569 -0.778004 0.816884 0.002876 1 19 1.000000
  19 11.485565 50.527615 -0.981727 0.373922 0.209742 -0.903433 0.815857 0.122911 1 19 1.000000
flesh_hand_01
  19 9.661808 49.267429 -2.890588 -0.206518 -0.935584 -0.286414 0.998201 0.006092 1 19 1.000000
  19 9.710240 49.014179 -2.098244 -0.250161 -0.866427 -0.432116 0.904854 0.122299 1 19 1.000000
  19 9.158891 49.275261 -2.327752 -0.206518 -0.935584 -0.286414 0.992991 0.121694 1 19 1.000000
flesh_hand_01
  19 10.285753 49.068169 -2.463789 -0.301833 -0.817028 -0.491286 0.816884 0.002876 1 19 1.000000
  19 9.710240 49.014179 -2.098244 -0.250161 -0.866427 -0.432116 0.904854 0.122299 1 19 1.000000
  19 9.661808 49.267429 -2.890588 -0.206518 -0.935584 -0.286414 0.998201 0.006092 1 19 1.000000
flesh_hand_01
  19 9.710240 49.014179 -2.098244 -0.250161 -0.866427 -0.432116 0.904854 0.122299 1 19 1.000000
  19 10.285753 49.068169 -2.463789 -0.301833 -0.817028 -0.491286 0.816884 0.002876 1 19 1.000000
  19 9.903754 48.755089 -1.842314 -0.361352 -0.756221 -0.545485 0.815857 0.122911 1 19 1.000000
flesh_hand_01
  19 11.009730 48.449001 -2.264205 -0.397287 -0.788593 -0.469345 0.686482 0.001268 1 19 1.000000
  19 10.521794 48.323002 -1.491564 -0.397287 -0.788593 -0.469345 0.687547 0.163929 1 19 1.000000
  19 10.643967 48.782013 -2.366212 -0.397881 -0.745987 -0.534036 0.750363 0.002056 1 19 1.000000
flesh_hand_01
  19 10.643967 48.782013 -2.366212 -0.397881 -0.745987 -0.534036 0.750363 0.002056 1 19 1.000000
  19 10.521794 48.323002 -1.491564 -0.397287 -0.788593 -0.469345 0.687547 0.163929 1 19 1.000000
  19 9.903754 48.755089 -1.842314 -0.361352 -0.756221 -0.545485 0.815857 0.163320 1 19 1.000000
flesh_hand_01
  19 9.903754 48.755089 -1.842314 -0.361352 -0.756221 -0.545485 0.815857 0.163320 1 19 1.000000
  19 10.285753 49.068169 -2.463789 -0.301833 -0.817028 -0.491286 0.816884 0.002876 1 19 1.000000
  19 10.643967 48.782013 -2.366212 -0.397881 -0.745987 -0.534036 0.750363 0.002056 1 19 1.000000
flesh_hand_01
  19 12.861798 45.562180 0.338293 -0.233810 -0.432562 0.870760 0.816884 0.002876 1 19 1.000000
  19 12.363259 45.316261 0.078002 -0.799397 -0.438265 0.410959 0.860869 0.062588 1 19 1.000000
  19 13.241014 44.446953 0.206354 -0.351650 -0.220747 0.909732 0.998201 0.006092 1 19 1.000000
flesh_hand_01
  19 13.241014 44.446953 0.206354 -0.351650 -0.220747 0.909732 0.998201 0.006092 1 19 1.000000
  19 12.363259 45.316261 0.078002 -0.799397 -0.438265 0.410959 0.860869 0.062588 1 19 1.000000
  19 12.727697 44.282581 -0.024037 -0.821752 -0.345766 0.452956 0.995596 0.063893 1 19 1.000000
flesh_hand_01
  19 12.363259 45.316261 0.078002 -0.799397 -0.438265 0.410959 0.860869 0.062588 1 19 1.000000
  19 12.485008 45.290707 -0.484751 -0.919207 -0.343193 -0.193070 0.904854 0.122299 1 19 1.000000
  19 12.727697 44.282581 -0.024037 -0.821752 -0.345766 0.452956 0.995596 0.063893 1 19 1.000000
flesh_hand_01
  19 12.727697 44.282581 -0.024037 -0.821752 -0.345766 0.452956 0.995596 0.063893 1 19 1.000000
  19 12.485008 45.290707 -0.484751 -0.919207 -0.343193 -0.193070 0.904854 0.122299 1 19 1.000000
  19 12.865039 44.336823 -0.672876 -0.925952 -0.316826 -0.205509 0.992991 0.121694 1 19 1.000000
flesh_hand_01
  19 12.506846 49.773296 -1.383142 0.890541 0.411198 -0.194556 0.686482 0.001268 1 19 1.000000
  19 12.569013 49.501251 -1.809758 0.816480 0.246901 -0.521920 0.687014 0.082598 1 19 1.000000
  19 12.222066 50.335979 -1.633621 0.915397 0.388370 -0.105914 0.750363 0.002056 1 19 1.000000
flesh_hand_01
  19 12.222066 50.335979 -1.633621 0.915397 0.388370 -0.105914 0.750363 0.002056 1 19 1.000000
  19 12.569013 49.501251 -1.809758 0.816480 0.246901 -0.521920 0.687014 0.082598 1 19 1.000000
  19 12.150107 50.195332 -2.124076 0.860863 0.161112 -0.482657 0.783110 0.082688 1 19 1.000000
flesh_hand_01
  19 12.569013 49.501251 -1.809758 0.816480 0.246901 -0.521920 0.687014 0.082598 1 19 1.000000
  19 12.210526 49.197712 -2.137011 0.628401 0.048125 -0.776400 0.687547 0.163929 1 19 1.000000
  19 12.150107 50.195332 -2.124076 0.860863 0.161112 -0.482657 0.783110 0.082688 1 19 1.000000
flesh_hand_01
  19 12.150107 50.195332 -2.124076 0.860863 0.161112 -0.482657 0.783110 0.082688 1 19 1.000000
  19 12.210526 49.197712 -2.137011 0.628401 0.048125 -0.776400 0.687547 0.163929 1 19 1.000000
  19 11.657492 50.023190 -2.515170 0.635032 -0.099629 -0.766034 0.815857 0.163320 1 19 1.000000
flesh_hand_01
  19 11.607506 51.444218 -2.248648 0.965607 0.199851 -0.166321 0.904854 0.122299 1 19 1.000000
  19 11.739598 51.366592 -1.211094 0.956264 0.230058 -0.180644 0.816884 0.002876 1 19 1.000000
  19 11.640610 50.958775 -2.158103 0.917062 0.320135 -0.237721 0.815857 0.122911 1 19 1.000000
flesh_hand_01
  19 11.607506 51.444218 -2.248648 0.965607 0.199851 -0.166321 0.904854 0.122299 1 19 1.000000
  19 11.634438 52.068207 -1.188694 0.942781 0.276298 -0.186609 0.998201 0.006092 1 19 1.000000
  19 11.739598 51.366592 -1.211094 0.956264 0.230058 -0.180644 0.816884 0.002876 1 19 1.000000
flesh_hand_01
  19 11.336724 52.003525 -2.317883 0.882264 0.395536 -0.255268 0.992991 0.121694 1 19 1.000000
  19 11.634438 52.068207 -1.188694 0.942781 0.276298 -0.186609 0.998201 0.006092 1 19 1.000000
  19 11.607506 51.444218 -2.248648 0.965607 0.199851 -0.166321 0.904854 0.122299 1 19 1.000000
flesh_hand_01
  19 12.172709 50.604069 -1.039855 0.865837 0.414235 -0.280597 0.686482 0.001268 1 19 1.000000
  19 12.052981 50.282139 -1.972299 0.865837 0.414235 -0.280597 0.687547 0.163929 1 19 1.000000
  19 11.995060 50.977299 -1.124791 0.847492 0.446660 -0.286795 0.750363 0.002056 1 19 1.000000
flesh_hand_01
  19 11.995060 50.977299 -1.124791 0.847492 0.446660 -0.286795 0.750363 0.002056 1 19 1.000000
  19 12.052981 50.282139 -1.972299 0.865837 0.414235 -0.280597 0.687547 0.163929 1 19 1.000000
  19 11.640610 50.958775 -2.158103 0.917062 0.320135 -0.237721 0.815857 0.163320 1 19 1.000000
flesh_hand_01
  19 11.640610 50.958775 -2.158103 0.917062 0.320135 -0.237721 0.815857 0.163320 1 19 1.000000
  19 11.739598 51.366592 -1.211094 0.956264 0.230058 -0.180644 0.816884 0.002876 1 19 1.000000
  19 11.995060 50.977299 -1.124791 0.847492 0.446660 -0.286795 0.750363 0.002056 1 19 1.000000
flesh_hand_01
  19 12.075010 50.704536 -2.459806 0.723742 -0.191291 -0.663028 0.998201 0.006092 1 19 1.000000
  19 11.463928 49.823780 -2.872738 0.746510 -0.148601 -0.648568 0.904854 0.122299 1 19 1.000000
  19 11.225910 50.306637 -3.158796 0.723742 -0.191291 -0.663028 0.992991 0.121694 1 19 1.000000
flesh_hand_01
  19 12.131059 50.085636 -2.106994 0.722640 -0.070142 -0.687656 0.816884 0.002876 1 19 1.000000
  19 11.463928 49.823780 -2.872738 0.746510 -0.148601 -0.648568 0.904854 0.122299 1 19 1.000000
  19 12.075010 50.704536 -2.459806 0.723742 -0.191291 -0.663028 0.998201 0.006092 1 19 1.000000
flesh_hand_01
  19 11.463928 49.823780 -2.872738 0.746510 -0.148601 -0.648568 0.904854 0.122299 1 19 1.000000
  19 12.131059 50.085636 -2.106994 0.722640 -0.070142 -0.687656 0.816884 0.002876 1 19 1.000000
  19 11.543442 49.393021 -2.704388 0.694577 0.024573 -0.718999 0.815857 0.122911 1 19 1.000000
flesh_hand_01
  19 12.549947 49.379524 -1.853156 0.643818 0.090387 -0.759822 0.686482 0.001268 1 19 1.000000
  19 11.968243 48.781925 -2.393454 0.643818 0.090387 -0.759822 0.687547 0.163929 1 19 1.000000
  19 12.336756 49.724770 -1.969042 0.650450 0.089355 -0.754275 0.750363 0.002056 1 19 1.000000
flesh_hand_01
  19 12.336756 49.724770 -1.969042 0.650450 0.089355 -0.754275 0.750363 0.002056 1 19 1.000000
  19 11.968243 48.781925 -2.393454 0.643818 0.090387 -0.759822 0.687547 0.163929 1 19 1.000000
  19 11.543442 49.393021 -2.704388 0.694577 0.024573 -0.718999 0.815857 0.163320 1 19 1.000000
flesh_hand_01
  19 11.543442 49.393021 -2.704388 0.694577 0.024573 -0.718999 0.815857 0.163320 1 19 1.000000
  19 12.131059 50.085636 -2.106994 0.722640 -0.070142 -0.687656 0.816884 0.002876 1 19 1.000000
  19 12.336756 49.724770 -1.969042 0.650450 0.089355 -0.754275 0.750363 0.002056 1 19 1.000000
flesh_hand_01
  19 13.106101 45.992275 0.135179 0.644325 -0.674268 0.360844 0.568814 0.130527 1 19 1.000000
  19 13.244768 45.775696 -0.453856 0.687742 -0.663567 0.294431 0.574820 0.066365 1 19 1.000000
  19 13.481878 46.404472 0.297669 0.644325 -0.674268 0.360844 0.512617 0.146647 1 19 1.000000
flesh_hand_01
  19 13.481878 46.404472 0.297669 0.644325 -0.674268 0.360844 0.512617 0.146647 1 19 1.000000
  19 13.244768 45.775696 -0.453856 0.687742 -0.663567 0.294431 0.574820 0.066365 1 19 1.000000
  19 13.896707 46.687279 0.022144 0.687742 -0.663567 0.294431 0.463059 0.117067 1 19 1.000000
flesh_hand_01
  19 13.616869 46.105122 -0.748331 0.726751 -0.648613 0.226130 0.524884 0.036840 1 19 1.000000
  19 13.896707 46.687279 0.022144 0.687742 -0.663567 0.294431 0.463059 0.117067 1 19 1.000000
  19 13.244768 45.775696 -0.453856 0.687742 -0.663567 0.294431 0.574820 0.066365 1 19 1.000000
flesh_hand_01
  19 13.961510 46.521187 -0.619064 0.726751 -0.648613 0.226130 0.470585 0.050504 1 19 1.000000
  19 13.896707 46.687279 0.022144 0.687742 -0.663567 0.294431 0.463059 0.117067 1 19 1.000000
  19 13.616869 46.105122 -0.748331 0.726751 -0.648613 0.226130 0.524884 0.036840 1 19 1.000000
flesh_hand_01
  19 12.849371 46.880901 1.417887 0.653535 -0.707944 0.267781 0.073401 0.280074 1 19 1.000000
  19 13.009426 46.520142 0.205783 0.640458 -0.704857 0.304944 0.197567 0.247063 1 19 1.000000
  19 13.875006 47.691448 0.868292 0.714709 -0.659655 0.232478 0.079355 0.137703 1 19 1.000000
flesh_hand_01
  19 13.875006 47.691448 0.868292 0.714709 -0.659655 0.232478 0.079355 0.137703 1 19 1.000000
  19 13.009426 46.520142 0.205783 0.640458 -0.704857 0.304944 0.197567 0.247063 1 19 1.000000
  19 14.269692 47.847641 -0.205491 0.727174 -0.640177 0.247772 0.166088 0.060608 1 19 1.000000
flesh_hand_01
  19 14.269692 47.847641 -0.205491 0.727174 -0.640177 0.247772 0.166088 0.060608 1 19 1.000000
  19 13.009426 46.520142 0.205783 0.640458 -0.704857 0.304944 0.197567 0.247063 1 19 1.000000
  19 14.184663 47.214745 -1.459633 0.801257 -0.470996 0.368984 0.307939 0.060185 1 19 1.000000
flesh_hand_01
  19 13.009426 46.520142 0.205783 0.640458 -0.704857 0.304944 0.197567 0.247063 1 19 1.000000
  19 14.140334 46.390614 -1.922970 0.695992 -0.592389 0.405795 0.366964 0.111111 1 19 1.000000
  19 14.184663 47.214745 -1.459633 0.801257 -0.470996 0.368984 0.307939 0.060185 1 19 1.000000
flesh_hand_01
  19 14.140334 46.390614 -1.922970 0.695992 -0.592389 0.405795 0.366964 0.111111 1 19 1.000000
  19 13.009426 46.520142 0.205783 0.640458 -0.704857 0.304944 0.197567 0.247063 1 19 1.000000
  19 13.329432 45.798859 -2.217668 0.461795 -0.831613 0.308489 0.445101 0.178527 1 19 1.000000
flesh_hand_01
  19 12.199108 45.624142 -1.093657 0.502117 -0.825922 0.256381 0.362797 0.315483 1 19 1.000000
  19 13.329432 45.798859 -2.217668 0.461795 -0.831613 0.308489 0.445101 0.178527 1 19 1.000000
  19 13.009426 46.520142 0.205783 0.640458 -0.704857 0.304944 0.197567 0.247063 1 19 1.000000
flesh_hand_01
  19 12.199108 45.624142 -1.093657 0.502117 -0.825922 0.256381 0.362797 0.315483 1 19 1.000000
  19 13.009426 46.520142 0.205783 0.640458 -0.704857 0.304944 0.197567 0.247063 1 19 1.000000
  19 11.928394 45.907814 0.787940 0.576099 -0.777602 0.251881 0.191009 0.362583 1 19 1.000000
flesh_hand_01
  19 11.928394 45.907814 0.787940 0.576099 -0.777602 0.251881 0.191009 0.362583 1 19 1.000000
  19 13.009426 46.520142 0.205783 0.640458 -0.704857 0.304944 0.197567 0.247063 1 19 1.000000
  19 12.849371 46.880901 1.417887 0.653535 -0.707944 0.267781 0.073401 0.280074 1 19 1.000000
flesh_hand_01
  19 15.013175 45.742577 -1.744712 0.639213 0.514510 -0.571565 0.998201 0.006092 1 19 1.000000
  19 14.820624 46.841278 -0.971023 0.598120 0.536340 -0.595476 0.876444 0.162904 1 19 1.000000
  19 15.398052 46.321941 -0.612943 0.730851 0.473943 -0.491156 0.992991 0.162102 1 19 1.000000
flesh_hand_01
  19 14.820624 46.841278 -0.971023 0.598120 0.536340 -0.595476 0.876444 0.162904 1 19 1.000000
  19 15.013175 45.742577 -1.744712 0.639213 0.514510 -0.571565 0.998201 0.006092 1 19 1.000000
  19 14.140334 46.390602 -1.922966 0.503265 0.587345 -0.633837 0.816884 0.002876 1 19 1.000000
flesh_hand_01
  19 14.820624 46.841278 -0.971023 0.598120 0.536340 -0.595476 0.876444 0.162904 1 19 1.000000
  19 14.140334 46.390602 -1.922966 0.503265 0.587345 -0.633837 0.816884 0.002876 1 19 1.000000
  19 14.475387 47.317413 -0.818634 0.485828 0.607111 -0.628799 0.815857 0.163320 1 19 1.000000
flesh_hand_01
  19 14.140334 46.390602 -1.922966 0.503265 0.587345 -0.633837 0.816884 0.002876 1 19 1.000000
  19 13.124523 47.337074 -1.801085 0.459036 0.637854 -0.618408 0.686482 0.001268 1 19 1.000000
  19 14.475387 47.317413 -0.818634 0.485828 0.607111 -0.628799 0.815857 0.163320 1 19 1.000000
flesh_hand_01
  19 14.475387 47.317413 -0.818634 0.485828 0.607111 -0.628799 0.815857 0.163320 1 19 1.000000
  19 13.124523 47.337074 -1.801085 0.459036 0.637854 -0.618408 0.686482 0.001268 1 19 1.000000
  19 13.771677 47.848438 -0.692929 0.459036 0.637854 -0.618408 0.687547 0.163929 1 19 1.000000
flesh_hand_01
  19 12.803820 49.567162 -0.769128 0.916104 0.399434 0.034718 0.974944 0.874979 1 19 1.000000
  19 12.591747 49.211838 -1.866826 0.810369 -0.024527 -0.585406 0.831392 0.880678 1 19 1.000000
  19 12.358525 50.380463 -1.220855 0.908991 0.405324 -0.097202 0.972753 0.945005 1 19 1.000000
flesh_hand_01
  19 12.358525 50.380463 -1.220855 0.908991 0.405324 -0.097202 0.972753 0.945005 1 19 1.000000
  19 12.591747 49.211838 -1.866826 0.810369 -0.024527 -0.585406 0.831392 0.880678 1 19 1.000000
  19 12.226224 50.231346 -2.255724 0.842181 0.135092 -0.521998 0.825010 0.933990 1 19 1.000000
flesh_hand_01
  19 12.591747 49.211838 -1.866826 0.810369 -0.024527 -0.585406 0.831392 0.880678 1 19 1.000000
  19 11.214960 48.622658 -3.013114 0.390232 -0.460213 -0.797448 0.714152 0.931788 1 19 1.000000
  19 12.226224 50.231346 -2.255724 0.842181 0.135092 -0.521998 0.825010 0.933990 1 19 1.000000
flesh_hand_01
  19 11.398600 48.391624 -2.708346 0.185096 -0.655961 -0.731748 0.716031 0.881913 1 19 1.000000
  19 11.214960 48.622658 -3.013114 0.390232 -0.460213 -0.797448 0.714152 0.931788 1 19 1.000000
  19 12.591747 49.211838 -1.866826 0.810369 -0.024527 -0.585406 0.831392 0.880678 1 19 1.000000
flesh_hand_01
  19 11.398600 48.391624 -2.708346 0.185096 -0.655961 -0.731748 0.716031 0.881913 1 19 1.000000
  19 10.461985 47.884186 -1.456589 -0.539318 -0.808537 -0.235381 0.607822 0.887128 1 19 1.000000
  19 11.214960 48.622658 -3.013114 0.390232 -0.460213 -0.797448 0.714152 0.931788 1 19 1.000000
flesh_hand_01
  19 11.214960 48.622658 -3.013114 0.390232 -0.460213 -0.797448 0.714152 0.931788 1 19 1.000000
  19 10.461985 47.884186 -1.456589 -0.539318 -0.808537 -0.235381 0.607822 0.887128 1 19 1.000000
  19 9.715171 48.550079 -1.741619 -0.539318 -0.808537 -0.235381 0.608972 0.934274 1 19 1.000000
flesh_hand_01
  19 9.715171 48.550079 -1.741619 -0.539318 -0.808537 -0.235381 0.608972 0.934274 1 19 1.000000
  19 10.461985 47.884186 -1.456589 -0.539318 -0.808537 -0.235381 0.607822 0.887128 1 19 1.000000
  19 9.860602 48.557880 -0.054496 -0.453803 -0.799578 0.393367 0.474044 0.934522 1 19 1.000000
flesh_hand_01
  19 9.860602 48.557880 -0.054496 -0.453803 -0.799578 0.393367 0.474044 0.934522 1 19 1.000000
  19 10.461985 47.884186 -1.456589 -0.539318 -0.808537 -0.235381 0.607822 0.887128 1 19 1.000000
  19 10.120471 48.424343 -0.114049 -0.453803 -0.799578 0.393367 0.468487 0.880451 1 19 1.000000
flesh_hand_01
  19 9.860602 48.557880 -0.054496 -0.453803 -0.799578 0.393367 0.474044 0.934522 1 19 1.000000
  19 10.120471 48.424343 -0.114049 -0.453803 -0.799578 0.393367 0.468487 0.880451 1 19 1.000000
  19 10.705352 49.015022 0.763885 0.020748 -0.501502 0.864907 0.347666 0.937840 1 19 1.000000
flesh_hand_01
  19 10.705352 49.015022 0.763885 0.020748 -0.501502 0.864907 0.347666 0.937840 1 19 1.000000
  19 10.120471 48.424343 -0.114049 -0.453803 -0.799578 0.393367 0.468487 0.880451 1 19 1.000000
  19 11.159552 48.665680 0.516252 0.020748 -0.501502 0.864907 0.340801 0.878648 1 19 1.000000
flesh_hand_01
  19 10.705352 49.015022 0.763885 0.020748 -0.501502 0.864907 0.347666 0.937840 1 19 1.000000
  19 11.159552 48.665680 0.516252 0.020748 -0.501502 0.864907 0.340801 0.878648 1 19 1.000000
  19 11.997641 49.917679 0.533906 0.520416 0.129014 0.844110 0.189073 0.935857 1 19 1.000000
flesh_hand_01
  19 11.997641 49.917679 0.533906 0.520416 0.129014 0.844110 0.189073 0.935857 1 19 1.000000
  19 11.159552 48.665680 0.516252 0.020748 -0.501502 0.864907 0.340801 0.878648 1 19 1.000000
  19 12.542244 49.323536 0.322647 0.688682 0.226519 0.688771 0.187435 0.879626 1 19 1.000000
flesh_hand_01
  19 12.542244 49.323536 0.322647 0.688682 0.226519 0.688771 0.187435 0.879626 1 19 1.000000
  19 12.140820 50.701607 -0.193963 0.840466 0.441293 0.314447 0.118399 0.940777 1 19 1.000000
  19 11.997641 49.917679 0.533906 0.520416 0.129014 0.844110 0.189073 0.935857 1 19 1.000000
flesh_hand_01
  19 12.803820 49.567162 -0.769128 0.916104 0.399434 0.034718 0.042868 0.874416 1 19 1.000000
  19 12.140820 50.701607 -0.193963 0.840466 0.441293 0.314447 0.118399 0.940777 1 19 1.000000
  19 12.542244 49.323536 0.322647 0.688682 0.226519 0.688771 0.187435 0.879626 1 19 1.000000
flesh_hand_01
  19 12.803820 49.567162 -0.769128 0.916104 0.399434 0.034718 0.042868 0.874416 1 19 1.000000
  19 12.358525 50.380463 -1.220855 0.908991 0.405324 -0.097202 0.041986 0.946097 1 19 1.000000
  19 12.140820 50.701607 -0.193963 0.840466 0.441293 0.314447 0.118399 0.940777 1 19 1.000000
flesh_hand_01
  19 14.120740 46.602585 2.026699 -0.245869 0.684414 0.686386 0.115529 0.940977 1 19 1.000000
  19 12.879543 46.859734 1.101320 -0.652431 0.347262 0.673605 0.042868 0.874416 1 19 1.000000
  19 13.460881 46.081608 2.105123 -0.652431 0.347262 0.673605 0.041986 0.946097 1 19 1.000000
flesh_hand_01
  19 13.245086 47.298512 0.898675 -0.245869 0.684414 0.686386 0.115152 0.877021 1 19 1.000000
  19 12.879543 46.859734 1.101320 -0.652431 0.347262 0.673605 0.042868 0.874416 1 19 1.000000
  19 14.120740 46.602585 2.026699 -0.245869 0.684414 0.686386 0.115529 0.940977 1 19 1.000000
flesh_hand_01
  19 14.209496 47.336483 1.000682 0.086075 0.861805 0.499884 0.189073 0.935857 1 19 1.000000
  19 13.245086 47.298512 0.898675 -0.245869 0.684414 0.686386 0.115152 0.877021 1 19 1.000000
  19 14.120740 46.602585 2.026699 -0.245869 0.684414 0.686386 0.115529 0.940977 1 19 1.000000
flesh_hand_01
  19 13.610630 47.737293 0.696028 0.086075 0.861805 0.499884 0.187435 0.879626 1 19 1.000000
  19 13.245086 47.298512 0.898675 -0.245869 0.684414 0.686386 0.115152 0.877021 1 19 1.000000
  19 14.209496 47.336483 1.000682 0.086075 0.861805 0.499884 0.189073 0.935857 1 19 1.000000
flesh_hand_01
  19 14.562843 47.636215 0.152002 0.274832 0.960849 -0.035169 0.268370 0.936848 1 19 1.000000
  19 13.610630 47.737293 0.696028 0.086075 0.861805 0.499884 0.187435 0.879626 1 19 1.000000
  19 14.209496 47.336483 1.000682 0.086075 0.861805 0.499884 0.189073 0.935857 1 19 1.000000
flesh_hand_01
  19 13.906254 47.754971 -0.035618 0.274832 0.960849 -0.035169 0.264118 0.879137 1 19 1.000000
  19 13.610630 47.737293 0.696028 0.086075 0.861805 0.499884 0.187435 0.879626 1 19 1.000000
  19 14.562843 47.636215 0.152002 0.274832 0.960849 -0.035169 0.268370 0.936848 1 19 1.000000
flesh_hand_01
  19 14.562843 47.636215 0.152002 0.274832 0.960849 -0.035169 0.268370 0.936848 1 19 1.000000
  19 13.959901 47.468048 -0.693800 0.320541 0.818574 -0.476645 0.340801 0.878648 1 19 1.000000
  19 13.906254 47.754971 -0.035618 0.274832 0.960849 -0.035169 0.264118 0.879137 1 19 1.000000
flesh_hand_01
  19 14.639823 47.296787 -0.660053 0.320541 0.818574 -0.476645 0.347666 0.937840 1 19 1.000000
  19 13.959901 47.468048 -0.693800 0.320541 0.818574 -0.476645 0.340801 0.878648 1 19 1.000000
  19 14.562843 47.636215 0.152002 0.274832 0.960849 -0.035169 0.268370 0.936848 1 19 1.000000
flesh_hand_01
  19 14.639823 47.296787 -0.660053 0.320541 0.818574 -0.476645 0.347666 0.937840 1 19 1.000000
  19 13.951434 47.206917 -1.219437 0.331578 0.651928 -0.681942 0.404644 0.879550 1 19 1.000000
  19 13.959901 47.468048 -0.693800 0.320541 0.818574 -0.476645 0.340801 0.878648 1 19 1.000000
flesh_hand_01
  19 14.571895 46.817131 -1.100237 0.331578 0.651928 -0.681942 0.410855 0.936181 1 19 1.000000
  19 13.951434 47.206917 -1.219437 0.331578 0.651928 -0.681942 0.404644 0.879550 1 19 1.000000
  19 14.639823 47.296787 -0.660053 0.320541 0.818574 -0.476645 0.347666 0.937840 1 19 1.000000
flesh_hand_01
  19 14.571895 46.817131 -1.100237 0.331578 0.651928 -0.681942 0.410855 0.936181 1 19 1.000000
  19 13.718612 46.641479 -1.539527 0.143954 0.500367 -0.853762 0.468487 0.880451 1 19 1.000000
  19 13.951434 47.206917 -1.219437 0.331578 0.651928 -0.681942 0.404644 0.879550 1 19 1.000000
flesh_hand_01
  19 14.548335 46.139622 -1.797659 0.143954 0.500367 -0.853762 0.474044 0.934522 1 19 1.000000
  19 13.718612 46.641479 -1.539527 0.143954 0.500367 -0.853762 0.468487 0.880451 1 19 1.000000
  19 14.571895 46.817131 -1.100237 0.331578 0.651928 -0.681942 0.410855 0.936181 1 19 1.000000
flesh_hand_01
  19 13.876702 45.549248 -2.032905 -0.171951 0.090404 -0.980948 0.541508 0.934398 1 19 1.000000
  19 13.718612 46.641479 -1.539527 0.143954 0.500367 -0.853762 0.468487 0.880451 1 19 1.000000
  19 14.548335 46.139622 -1.797659 0.143954 0.500367 -0.853762 0.474044 0.934522 1 19 1.000000
flesh_hand_01
  19 13.285548 46.093250 -1.825389 -0.171951 0.090404 -0.980948 0.537831 0.880558 1 19 1.000000
  19 13.718612 46.641479 -1.539527 0.143954 0.500367 -0.853762 0.468487 0.880451 1 19 1.000000
  19 13.876702 45.549248 -2.032905 -0.171951 0.090404 -0.980948 0.541508 0.934398 1 19 1.000000
flesh_hand_01
  19 13.184980 45.398346 -1.604039 -0.470894 -0.389795 -0.791403 0.608972 0.934274 1 19 1.000000
  19 13.285548 46.093250 -1.825389 -0.171951 0.090404 -0.980948 0.537831 0.880558 1 19 1.000000
  19 13.876702 45.549248 -2.032905 -0.171951 0.090404 -0.980948 0.541508 0.934398 1 19 1.000000
flesh_hand_01
  19 12.646700 46.050438 -1.729647 -0.470894 -0.389795 -0.791403 0.607176 0.880665 1 19 1.000000
  19 13.285548 46.093250 -1.825389 -0.171951 0.090404 -0.980948 0.537831 0.880558 1 19 1.000000
  19 13.184980 45.398346 -1.604039 -0.470894 -0.389795 -0.791403 0.608972 0.934274 1 19 1.000000
flesh_hand_01
  19 12.372543 45.404625 -0.938777 -0.838828 -0.452560 -0.302583 0.714152 0.931788 1 19 1.000000
  19 12.646700 46.050438 -1.729647 -0.470894 -0.389795 -0.791403 0.607176 0.880665 1 19 1.000000
  19 13.184980 45.398346 -1.604039 -0.470894 -0.389795 -0.791403 0.608972 0.934274 1 19 1.000000
flesh_hand_01
  19 12.241615 45.748608 -0.999672 -0.838828 -0.452560 -0.302583 0.716031 0.881913 1 19 1.000000
  19 12.646700 46.050438 -1.729647 -0.470894 -0.389795 -0.791403 0.607176 0.880665 1 19 1.000000
  19 12.372543 45.404625 -0.938777 -0.838828 -0.452560 -0.302583 0.714152 0.931788 1 19 1.000000
flesh_hand_01
  19 12.372543 45.404625 -0.938777 -0.838828 -0.452560 -0.302583 0.714152 0.931788 1 19 1.000000
  19 12.217435 46.136543 0.277551 -0.931265 -0.149605 0.332210 0.831392 0.880678 1 19 1.000000
  19 12.241615 45.748608 -0.999672 -0.838828 -0.452560 -0.302583 0.716031 0.881913 1 19 1.000000
flesh_hand_01
  19 12.471358 45.407413 0.582461 -0.931265 -0.149605 0.332210 0.825010 0.933990 1 19 1.000000
  19 12.217435 46.136543 0.277551 -0.931265 -0.149605 0.332210 0.831392 0.880678 1 19 1.000000
  19 12.372543 45.404625 -0.938777 -0.838828 -0.452560 -0.302583 0.714152 0.931788 1 19 1.000000
flesh_hand_01
  19 12.471358 45.407413 0.582461 -0.931265 -0.149605 0.332210 0.825010 0.933990 1 19 1.000000
  19 12.879543 46.859734 1.101320 -0.652431 0.347262 0.673605 0.974944 0.874979 1 19 1.000000
  19 12.217435 46.136543 0.277551 -0.931265 -0.149605 0.332210 0.831392 0.880678 1 19 1.000000
flesh_hand_01
  19 13.460881 46.081608 2.105123 -0.652431 0.347262 0.673605 0.972753 0.945005 1 19 1.000000
  19 12.879543 46.859734 1.101320 -0.652431 0.347262 0.673605 0.974944 0.874979 1 19 1.000000
  19 12.471358 45.407413 0.582461 -0.931265 -0.149605 0.332210 0.825010 0.933990 1 19 1.000000
flesh_hand_01
  19 12.703479 46.405888 -0.647133 -0.601228 -0.652928 -0.460662 0.714698 0.195427 1 19 1.000000
  19 13.106101 45.992275 0.135179 -0.718578 -0.366352 0.591128 0.778636 0.300714 1 19 1.000000
  19 12.513664 46.700359 -0.090970 -0.696222 -0.396524 0.598367 0.779297 0.194115 1 19 1.000000
flesh_hand_01
  19 13.106101 45.992275 0.135179 -0.718578 -0.366352 0.591128 0.778636 0.300714 1 19 1.000000
  19 13.481878 46.404472 0.297669 -0.146007 0.294251 0.944509 0.837127 0.300710 1 19 1.000000
  19 12.513664 46.700359 -0.090970 -0.696222 -0.396524 0.598367 0.779297 0.194115 1 19 1.000000
flesh_hand_01
  19 12.513664 46.700359 -0.090970 -0.696222 -0.396524 0.598367 0.779297 0.194115 1 19 1.000000
  19 13.481878 46.404472 0.297669 -0.146007 0.294251 0.944509 0.837127 0.300710 1 19 1.000000
  19 12.889439 47.112549 0.071520 -0.074540 0.246267 0.966331 0.837788 0.193943 1 19 1.000000
flesh_hand_01
  19 13.481878 46.404472 0.297669 -0.146007 0.294251 0.944509 0.837127 0.300710 1 19 1.000000
  19 13.896707 46.687279 0.022144 0.505297 0.753449 0.420701 0.894847 0.300709 1 19 1.000000
  19 12.889439 47.112549 0.071520 -0.074540 0.246267 0.966331 0.837788 0.193943 1 19 1.000000
flesh_hand_01
  19 12.889439 47.112549 0.071520 -0.074540 0.246267 0.966331 0.837788 0.193943 1 19 1.000000
  19 13.896707 46.687279 0.022144 0.505297 0.753449 0.420701 0.894847 0.300709 1 19 1.000000
  19 13.304267 47.395351 -0.204004 0.605991 0.652392 0.455149 0.895508 0.193908 1 19 1.000000
flesh_hand_01
  19 13.304267 47.395351 -0.204004 0.605991 0.652392 0.455149 0.895508 0.193908 1 19 1.000000
  19 13.896707 46.687279 0.022144 0.505297 0.753449 0.420701 0.894847 0.300709 1 19 1.000000
  19 13.369074 47.229263 -0.845213 0.685680 0.377702 -0.622241 0.962548 0.194053 1 19 1.000000
flesh_hand_01
  19 13.369074 47.229263 -0.845213 0.685680 0.377702 -0.622241 0.962548 0.194053 1 19 1.000000
  19 13.896707 46.687279 0.022144 0.505297 0.753449 0.420701 0.894847 0.300709 1 19 1.000000
  19 13.961510 46.521187 -0.619064 0.616032 0.442635 -0.651597 0.961888 0.300713 1 19 1.000000
flesh_hand_01
  19 13.961510 46.521187 -0.619064 0.616032 0.442635 -0.651597 0.961888 0.300713 1 19 1.000000
  19 13.896707 46.687279 0.022144 0.505297 0.753449 0.420701 0.894847 0.300709 1 19 1.000000
  19 14.126773 46.338654 -0.555320 0.543618 0.500686 -0.673642 0.961019 0.332573 1 19 1.000000
flesh_hand_01
  19 14.126773 46.338654 -0.555320 0.543618 0.500686 -0.673642 0.961019 0.332573 1 19 1.000000
  19 13.896707 46.687279 0.022144 0.505297 0.753449 0.420701 0.894847 0.300709 1 19 1.000000
  19 14.124702 46.601429 0.154805 0.387639 0.842226 0.374687 0.894484 0.332570 1 19 1.000000
flesh_hand_01
  19 14.124702 46.601429 0.154805 0.387639 0.842226 0.374687 0.894484 0.332570 1 19 1.000000
  19 13.896707 46.687279 0.022144 0.505297 0.753449 0.420701 0.894847 0.300709 1 19 1.000000
  19 13.647145 46.221943 0.361414 -0.214666 0.338858 0.916020 0.837560 0.332571 1 19 1.000000
flesh_hand_01
  19 13.647145 46.221943 0.361414 -0.214666 0.338858 0.916020 0.837560 0.332571 1 19 1.000000
  19 13.896707 46.687279 0.022144 0.505297 0.753449 0.420701 0.894847 0.300709 1 19 1.000000
  19 13.481878 46.404472 0.297669 -0.146007 0.294251 0.944509 0.837127 0.300710 1 19 1.000000
flesh_hand_01
  19 13.481878 46.404472 0.297669 -0.146007 0.294251 0.944509 0.837127 0.300710 1 19 1.000000
  19 13.106101 45.992275 0.135179 -0.718578 -0.366352 0.591128 0.778636 0.300714 1 19 1.000000
  19 13.647145 46.221943 0.361414 -0.214666 0.338858 0.916020 0.837560 0.332571 1 19 1.000000
flesh_hand_01
  19 13.647145 46.221943 0.361414 -0.214666 0.338858 0.916020 0.837560 0.332571 1 19 1.000000
  19 13.106101 45.992275 0.135179 -0.718578 -0.366352 0.591128 0.778636 0.300714 1 19 1.000000
  19 13.281161 45.768372 0.242350 -0.740141 -0.335256 0.582918 0.779281 0.332575 1 19 1.000000
flesh_hand_01
  19 13.106101 45.992275 0.135179 -0.718578 -0.366352 0.591128 0.778636 0.300714 1 19 1.000000
  19 13.244768 45.775696 -0.453856 -0.650629 -0.595278 -0.471514 0.714844 0.300728 1 19 1.000000
  19 13.281161 45.768372 0.242350 -0.740141 -0.335256 0.582918 0.779281 0.332575 1 19 1.000000
flesh_hand_01
  19 13.281161 45.768372 0.242350 -0.740141 -0.335256 0.582918 0.779281 0.332575 1 19 1.000000
  19 13.244768 45.775696 -0.453856 -0.650629 -0.595278 -0.471514 0.714844 0.300728 1 19 1.000000
  19 13.495820 45.430286 -0.437510 -0.695661 -0.534908 -0.479509 0.715410 0.332590 1 19 1.000000
flesh_hand_01
  19 13.495820 45.430286 -0.437510 -0.695661 -0.534908 -0.479509 0.715410 0.332590 1 19 1.000000
  19 13.244768 45.775696 -0.453856 -0.650629 -0.595278 -0.471514 0.714844 0.300728 1 19 1.000000
  19 13.867921 45.759712 -0.731981 -0.044635 -0.122990 -0.991404 0.657129 0.332583 1 19 1.000000
flesh_hand_01
  19 13.867921 45.759712 -0.731981 -0.044635 -0.122990 -0.991404 0.657129 0.332583 1 19 1.000000
  19 13.244768 45.775696 -0.453856 -0.650629 -0.595278 -0.471514 0.714844 0.300728 1 19 1.000000
  19 13.616869 46.105122 -0.748331 0.004493 -0.192329 -0.981320 0.656892 0.300721 1 19 1.000000
flesh_hand_01
  19 13.867921 45.759712 -0.731981 -0.044635 -0.122990 -0.991404 0.657129 0.332583 1 19 1.000000
  19 13.616869 46.105122 -0.748331 0.004493 -0.192329 -0.981320 0.656892 0.300721 1 19 1.000000
  19 14.126773 46.338654 -0.555320 0.543618 0.500686 -0.673642 0.600988 0.332576 1 19 1.000000
flesh_hand_01
  19 14.126773 46.338654 -0.555320 0.543618 0.500686 -0.673642 0.600988 0.332576 1 19 1.000000
  19 13.616869 46.105122 -0.748331 0.004493 -0.192329 -0.981320 0.656892 0.300721 1 19 1.000000
  19 13.961510 46.521187 -0.619064 0.616032 0.442635 -0.651597 0.601081 0.300715 1 19 1.000000
flesh_hand_01
  19 13.050005 46.774269 -0.958044 0.052881 -0.259292 -0.964350 0.653995 0.194773 1 19 1.000000
  19 13.961510 46.521187 -0.619064 0.616032 0.442635 -0.651597 0.601081 0.300715 1 19 1.000000
  19 13.616869 46.105122 -0.748331 0.004493 -0.192329 -0.981320 0.656892 0.300721 1 19 1.000000
flesh_hand_01
  19 13.369074 47.229263 -0.845213 0.685680 0.377702 -0.622241 0.597613 0.194190 1 19 1.000000
  19 13.961510 46.521187 -0.619064 0.616032 0.442635 -0.651597 0.601081 0.300715 1 19 1.000000
  19 13.050005 46.774269 -0.958044 0.052881 -0.259292 -0.964350 0.653995 0.194773 1 19 1.000000
flesh_hand_01
  19 13.050005 46.774269 -0.958044 0.052881 -0.259292 -0.964350 0.653995 0.194773 1 19 1.000000
  19 13.616869 46.105122 -0.748331 0.004493 -0.192329 -0.981320 0.656892 0.300721 1 19 1.000000
  19 12.703479 46.405888 -0.647133 -0.601228 -0.652928 -0.460662 0.714698 0.195427 1 19 1.000000
flesh_hand_01
  19 12.703479 46.405888 -0.647133 -0.601228 -0.652928 -0.460662 0.714698 0.195427 1 19 1.000000
  19 13.616869 46.105122 -0.748331 0.004493 -0.192329 -0.981320 0.656892 0.300721 1 19 1.000000
  19 13.244768 45.775696 -0.453856 -0.650629 -0.595278 -0.471514 0.714844 0.300728 1 19 1.000000
flesh_hand_01
  19 13.244768 45.775696 -0.453856 -0.650629 -0.595278 -0.471514 0.714844 0.300728 1 19 1.000000
  19 13.106101 45.992275 0.135179 -0.718578 -0.366352 0.591128 0.778636 0.300714 1 19 1.000000
  19 12.703479 46.405888 -0.647133 -0.601228 -0.652928 -0.460662 0.714698 0.195427 1 19 1.000000
flesh_hand_01
  19 14.002352 46.335354 -0.563382 0.477649 0.512891 -0.713298 0.961019 0.332573 1 19 1.000000
  19 13.881639 46.522835 -0.523810 0.477649 0.512891 -0.713298 0.961888 0.300713 1 19 1.000000
  19 14.039251 46.537529 0.027131 0.542163 0.774964 0.324792 0.894484 0.332570 1 19 1.000000
flesh_hand_01
  19 14.039251 46.537529 0.027131 0.542163 0.774964 0.324792 0.894484 0.332570 1 19 1.000000
  19 13.881639 46.522835 -0.523810 0.477649 0.512891 -0.713298 0.961888 0.300713 1 19 1.000000
  19 13.893959 46.658642 -0.056136 0.542163 0.774964 0.324792 0.894847 0.300709 1 19 1.000000
flesh_hand_01
  19 13.893959 46.658642 -0.056136 0.542163 0.774964 0.324792 0.894847 0.300709 1 19 1.000000
  19 13.557266 46.484451 0.151921 -0.209175 0.473886 0.855382 0.837127 0.300710 1 19 1.000000
  19 14.039251 46.537529 0.027131 0.542163 0.774964 0.324792 0.894484 0.332570 1 19 1.000000
flesh_hand_01
  19 14.039251 46.537529 0.027131 0.542163 0.774964 0.324792 0.894484 0.332570 1 19 1.000000
  19 13.557266 46.484451 0.151921 -0.209175 0.473886 0.855382 0.837127 0.300710 1 19 1.000000
  19 13.718197 46.199062 0.360892 -0.209175 0.473886 0.855382 0.837560 0.332571 1 19 1.000000
flesh_hand_01
  19 13.557266 46.484451 0.151921 -0.209175 0.473886 0.855382 0.837127 0.300710 1 19 1.000000
  19 13.205238 46.204750 0.040307 -0.866289 -0.013881 0.499350 0.778636 0.300714 1 19 1.000000
  19 13.718197 46.199062 0.360892 -0.209175 0.473886 0.855382 0.837560 0.332571 1 19 1.000000
flesh_hand_01
  19 13.718197 46.199062 0.360892 -0.209175 0.473886 0.855382 0.837560 0.332571 1 19 1.000000
  19 13.205238 46.204750 0.040307 -0.866289 -0.013881 0.499350 0.778636 0.300714 1 19 1.000000
  19 13.284121 45.887150 0.153842 -0.866289 -0.013881 0.499350 0.779281 0.332575 1 19 1.000000
flesh_hand_01
  19 13.205238 46.204750 0.040307 -0.866289 -0.013881 0.499350 0.778636 0.300714 1 19 1.000000
  19 13.235626 46.009865 -0.394389 -0.868255 -0.202529 -0.452896 0.714844 0.300728 1 19 1.000000
  19 13.284121 45.887150 0.153842 -0.866289 -0.013881 0.499350 0.779281 0.332575 1 19 1.000000
flesh_hand_01
  19 13.284121 45.887150 0.153842 -0.866289 -0.013881 0.499350 0.779281 0.332575 1 19 1.000000
  19 13.235626 46.009865 -0.394389 -0.868255 -0.202529 -0.452896 0.714844 0.300728 1 19 1.000000
  19 13.339060 45.664089 -0.402535 -0.868255 -0.202529 -0.452896 0.715410 0.332590 1 19 1.000000
flesh_hand_01
  19 13.339060 45.664089 -0.402535 -0.868255 -0.202529 -0.452896 0.715410 0.332590 1 19 1.000000
  19 13.235626 46.009865 -0.394389 -0.868255 -0.202529 -0.452896 0.714844 0.300728 1 19 1.000000
  19 13.696501 45.890194 -0.694592 -0.273044 0.081143 -0.958573 0.657129 0.332583 1 19 1.000000
flesh_hand_01
  19 13.696501 45.890194 -0.694592 -0.273044 0.081143 -0.958573 0.657129 0.332583 1 19 1.000000
  19 13.235626 46.009865 -0.394389 -0.868255 -0.202529 -0.452896 0.714844 0.300728 1 19 1.000000
  19 13.551621 46.232906 -0.612994 -0.273044 0.081143 -0.958573 0.656892 0.300721 1 19 1.000000
flesh_hand_01
  19 13.696501 45.890194 -0.694592 -0.273044 0.081143 -0.958573 0.657129 0.332583 1 19 1.000000
  19 13.551621 46.232906 -0.612994 -0.273044 0.081143 -0.958573 0.656892 0.300721 1 19 1.000000
  19 14.002352 46.335354 -0.563382 0.477649 0.512891 -0.713298 0.600988 0.332576 1 19 1.000000
flesh_hand_01
  19 14.002352 46.335354 -0.563382 0.477649 0.512891 -0.713298 0.600988 0.332576 1 19 1.000000
  19 13.551621 46.232906 -0.612994 -0.273044 0.081143 -0.958573 0.656892 0.300721 1 19 1.000000
  19 13.881639 46.522835 -0.523810 0.477649 0.512891 -0.713298 0.601081 0.300715 1 19 1.000000
flesh_hand_01
  19 14.864220 46.573696 -0.982693 0.706304 0.631071 -0.320755 0.894375 0.004250 1 19 1.000000
  19 14.654494 47.139309 0.293148 0.844655 0.526864 -0.094725 0.992991 0.162102 1 19 1.000000
  19 15.228540 46.087605 -0.612022 0.832405 0.544238 -0.104439 0.998201 0.006092 1 19 1.000000
flesh_hand_01
  19 14.864220 46.573696 -0.982693 0.706304 0.631071 -0.320755 0.894375 0.004250 1 19 1.000000
  19 14.442239 47.413773 -0.201544 0.726693 0.626685 -0.281395 0.909941 0.162673 1 19 1.000000
  19 14.654494 47.139309 0.293148 0.844655 0.526864 -0.094725 0.992991 0.162102 1 19 1.000000
flesh_hand_01
  19 14.442239 47.413773 -0.201544 0.726693 0.626685 -0.281395 0.909941 0.162673 1 19 1.000000
  19 14.864220 46.573696 -0.982693 0.706304 0.631071 -0.320755 0.894375 0.004250 1 19 1.000000
  19 13.959901 47.468048 -0.693800 0.556220 0.664015 -0.499704 0.815857 0.163320 1 19 1.000000
flesh_hand_01
  19 13.959901 47.468048 -0.693800 0.556220 0.664015 -0.499704 0.815857 0.163320 1 19 1.000000
  19 14.864220 46.573696 -0.982693 0.706304 0.631071 -0.320755 0.894375 0.004250 1 19 1.000000
  19 14.569393 46.396904 -1.423362 0.560378 0.644725 -0.519910 0.816884 0.002876 1 19 1.000000
flesh_hand_01
  19 14.569393 46.396904 -1.423362 0.560378 0.644725 -0.519910 0.816884 0.002876 1 19 1.000000
  19 13.434230 47.007797 -2.070167 0.643196 0.617865 -0.452263 0.686482 0.001268 1 19 1.000000
  19 13.959901 47.468048 -0.693800 0.556220 0.664015 -0.499704 0.815857 0.163320 1 19 1.000000
flesh_hand_01
  19 13.959901 47.468048 -0.693800 0.556220 0.664015 -0.499704 0.815857 0.163320 1 19 1.000000
  19 13.434230 47.007797 -2.070167 0.643196 0.617865 -0.452263 0.686482 0.001268 1 19 1.000000
  19 13.325317 47.854546 -1.201279 0.643196 0.617865 -0.452263 0.687547 0.163929 1 19 1.000000
flesh_hand_01
  19 13.924466 46.816666 0.071461 0.318827 0.852588 0.414058 0.189073 0.935857 1 19 1.000000
  19 13.195225 46.744781 0.202079 -0.299115 0.495455 0.815509 0.042868 0.874416 1 19 1.000000
  19 13.420045 46.530361 0.451972 -0.299115 0.495455 0.815509 0.041986 0.946097 1 19 1.000000
flesh_hand_01
  19 13.536249 47.095837 -0.113872 0.318827 0.852588 0.414058 0.187435 0.879626 1 19 1.000000
  19 13.195225 46.744781 0.202079 -0.299115 0.495455 0.815509 0.042868 0.874416 1 19 1.000000
  19 13.924466 46.816666 0.071461 0.318827 0.852588 0.414058 0.189073 0.935857 1 19 1.000000
flesh_hand_01
  19 13.997536 46.822811 -0.307690 0.500085 0.856463 -0.128010 0.347666 0.937840 1 19 1.000000
  19 13.536249 47.095837 -0.113872 0.318827 0.852588 0.414058 0.187435 0.879626 1 19 1.000000
  19 13.924466 46.816666 0.071461 0.318827 0.852588 0.414058 0.189073 0.935857 1 19 1.000000
flesh_hand_01
  19 13.564090 47.058437 -0.353483 0.500085 0.856463 -0.128010 0.340801 0.878648 1 19 1.000000
  19 13.536249 47.095837 -0.113872 0.318827 0.852588 0.414058 0.187435 0.879626 1 19 1.000000
  19 13.997536 46.822811 -0.307690 0.500085 0.856463 -0.128010 0.347666 0.937840 1 19 1.000000
flesh_hand_01
  19 13.997536 46.822811 -0.307690 0.500085 0.856463 -0.128010 0.347666 0.937840 1 19 1.000000
  19 13.626830 46.885593 -0.713200 0.307036 0.629645 -0.713636 0.468487 0.880451 1 19 1.000000
  19 13.564090 47.058437 -0.353483 0.500085 0.856463 -0.128010 0.340801 0.878648 1 19 1.000000
flesh_hand_01
  19 14.207416 46.533512 -0.830897 0.307036 0.629645 -0.713636 0.474044 0.934522 1 19 1.000000
  19 13.626830 46.885593 -0.713200 0.307036 0.629645 -0.713636 0.468487 0.880451 1 19 1.000000
  19 13.997536 46.822811 -0.307690 0.500085 0.856463 -0.128010 0.347666 0.937840 1 19 1.000000
flesh_hand_01
  19 13.736840 45.966763 -0.963620 -0.192700 0.044812 -0.980234 0.608972 0.934274 1 19 1.000000
  19 13.626830 46.885593 -0.713200 0.307036 0.629645 -0.713636 0.468487 0.880451 1 19 1.000000
  19 14.207416 46.533512 -0.830897 0.307036 0.629645 -0.713636 0.474044 0.934522 1 19 1.000000
flesh_hand_01
  19 13.184184 46.567856 -0.902257 -0.192700 0.044812 -0.980234 0.607176 0.880665 1 19 1.000000
  19 13.626830 46.885593 -0.713200 0.307036 0.629645 -0.713636 0.468487 0.880451 1 19 1.000000
  19 13.736840 45.966763 -0.963620 -0.192700 0.044812 -0.980234 0.608972 0.934274 1 19 1.000000
flesh_hand_01
  19 12.948254 45.802467 -0.622547 -0.809874 -0.329609 -0.485245 0.714152 0.931788 1 19 1.000000
  19 13.184184 46.567856 -0.902257 -0.192700 0.044812 -0.980234 0.607176 0.880665 1 19 1.000000
  19 13.736840 45.966763 -0.963620 -0.192700 0.044812 -0.980234 0.608972 0.934274 1 19 1.000000
flesh_hand_01
  19 12.890089 46.156841 -0.582696 -0.809874 -0.329609 -0.485245 0.716031 0.881913 1 19 1.000000
  19 13.184184 46.567856 -0.902257 -0.192700 0.044812 -0.980234 0.607176 0.880665 1 19 1.000000
  19 12.948254 45.802467 -0.622547 -0.809874 -0.329609 -0.485245 0.714152 0.931788 1 19 1.000000
flesh_hand_01
  19 12.948254 45.802467 -0.622547 -0.809874 -0.329609 -0.485245 0.714152 0.931788 1 19 1.000000
  19 12.789232 46.309277 0.017261 -0.874025 -0.095727 0.476357 0.831392 0.880678 1 19 1.000000
  19 12.890089 46.156841 -0.582696 -0.809874 -0.329609 -0.485245 0.716031 0.881913 1 19 1.000000
flesh_hand_01
  19 13.088284 45.816608 0.360683 -0.874025 -0.095727 0.476357 0.825010 0.933990 1 19 1.000000
  19 12.789232 46.309277 0.017261 -0.874025 -0.095727 0.476357 0.831392 0.880678 1 19 1.000000
  19 12.948254 45.802467 -0.622547 -0.809874 -0.329609 -0.485245 0.714152 0.931788 1 19 1.000000
flesh_hand_01
  19 13.420045 46.530361 0.451972 -0.299115 0.495455 0.815509 0.972753 0.945005 1 19 1.000000
  19 12.789232 46.309277 0.017261 -0.874025 -0.095727 0.476357 0.831392 0.880678 1 19 1.000000
  19 13.088284 45.816608 0.360683 -0.874025 -0.095727 0.476357 0.825010 0.933990 1 19 1.000000
flesh_hand_01
  19 13.195225 46.744781 0.202079 -0.299115 0.495455 0.815509 0.974944 0.874979 1 19 1.000000
  19 12.789232 46.309277 0.017261 -0.874025 -0.095727 0.476357 0.831392 0.880678 1 19 1.000000
  19 13.420045 46.530361 0.451972 -0.299115 0.495455 0.815509 0.972753 0.945005 1 19 1.000000
end
