// Created by Crowbar 0.74
version 1
nodes
  0 "bip_pelvis" -1
  1 "bip_hip_R" 0
  2 "bip_knee_R" 1
  3 "bip_foot_R" 2
  4 "bip_spine_0" 0
  5 "bip_spine_1" 4
  6 "bip_spine_2" 5
  7 "bip_spine_3" 6
  8 "bip_collar_R" 7
  9 "bip_upperArm_R" 8
  10 "bip_lowerArm_R" 9
  11 "bip_hand_R" 10
  12 "bip_Hand_Rotate1_R" 10
  13 "bip_hip_L" 0
  14 "bip_knee_L" 13
  15 "bip_foot_L" 14
  16 "bip_neck" 7
  17 "bip_head" 16
  18 "bip_collar_L" 7
  19 "bip_upperArm_L" 18
  20 "bip_lowerArm_L" 19
  21 "bip_hand_L" 20
  22 "bip_index_0_L" 21
  23 "bip_index_0_R" 11
  24 "bip_Hand_Rotate1_L" 20
  25 "bip_Arm_Rotate1_L" 19
  26 "bip_index_1_L" 22
  27 "bip_middle_0_L" 21
  28 "bip_middle_1_L" 27
  29 "bip_ring_0_L" 21
  30 "bip_ring_1_L" 29
  31 "bip_pinky_0_L" 21
  32 "bip_pinky_1_L" 31
  33 "bip_thumb_0_L" 21
  34 "bip_thumb_1_L" 33
  35 "bip_Hand_Rotate_L" 20
  36 "bip_Arm_Rotate_L" 19
  37 "bip_Pelvis_L" 13
  38 "bip_Arm_Rotate_R" 9
  39 "bip_Arm_Rotate1_R" 9
  40 "bip_kneeMid_L" 14
  41 "Elbow_R" 10
  42 "bip_Pelvis_R" 1
  43 "bip_kneeMid_R" 2
  44 "Elbow_L" 20
  45 "bip_index_1_R" 23
  46 "bip_middle_0_R" 11
  47 "bip_middle_1_R" 46
  48 "bip_ring_0_R" 11
  49 "bip_ring_1_R" 48
  50 "bip_pinky_0_R" 11
  51 "bip_pinky_1_R" 50
  52 "bip_thumb_0_R" 11
  53 "bip_thumb_1_R" 52
  54 "bip_Hand_Rotate_R" 10
  55 "bip_toeEnd_R" 3
  56 "bip_toeEnd_L" 15
  57 "bip_indexEnd_L" 26
  58 "bip_middleEnd_L" 28
  59 "bip_RingEnd_L" 30
  60 "bip_pinkyEnd_L" 32
  61 "bip_thumbEnd_L" 34
  62 "Wp_L" 21
  63 "bip_indexEnd_R" 45
  64 "bip_middleEnd_R" 47
  65 "bip_ringEnd_R" 49
  66 "bip_pinkyEnd_R" 51
  67 "bip_thumbEnd_R" 53
  68 "Wp_R" 11
  69 "bip_forward" 17
  70 "bip_clipbone" 11
end
skeleton
  time 0
    0 0.000000 39.563190 0.000000 0.000000 0.000000 0.000000
    1 -3.366135 -1.935646 1.480067 0.111246 0.039216 -1.700668
    2 16.045450 0.000000 0.000000 -0.000323 0.133775 -0.002420
    3 17.465778 0.000001 0.000001 -0.159390 -0.178530 1.736820
    4 0.000000 4.240540 1.190873 0.000000 0.000000 0.000000
    5 0.000000 5.143673 -0.566893 0.000000 0.000000 0.000000
    6 0.000000 4.011826 -0.435470 0.000000 0.000000 0.000000
    7 0.000000 3.724953 -0.655500 0.000000 0.000000 0.000000
    8 -2.166257 -0.155743 -0.180534 0.000000 0.000000 0.157080
    9 -4.301173 0.280510 -0.232197 1.514108 -0.019862 -2.351989
    10 11.236193 0.000000 0.000004 0.000001 -0.001411 0.443439
    11 9.693705 0.000000 0.000000 1.748300 -0.156891 3.091171
    12 7.480289 0.006109 -0.010555 1.740287 -0.001411 -3.140776
    13 3.366135 -1.935787 1.480067 -0.111239 0.039223 -1.440926
    14 16.045298 0.000001 0.000000 0.000323 0.133775 0.002421
    15 17.465788 0.000000 0.000000 2.982194 0.178536 1.404771
    16 0.000000 3.134243 -0.066059 0.000000 0.000000 0.000000
    17 0.063361 3.268921 0.898785 0.000000 0.000000 0.000000
    18 2.166257 -0.155926 -0.180536 3.141592 0.000000 -0.157080
    19 4.301145 -0.280594 0.232197 0.056693 0.019859 0.789599
    20 11.236181 -0.000027 -0.000006 0.000000 0.444256 0.000000
    21 9.693651 -0.013687 0.007915 0.169489 -0.050609 0.155683
    22 3.443607 -0.311180 -1.426107 0.025754 0.180665 0.039288
    23 -3.443645 0.311172 1.426091 0.025754 0.180665 0.039288
    24 7.480257 -0.000008 -0.000010 0.169489 0.000000 0.000000
    25 6.472908 -0.000031 -0.000001 -0.028346 0.000000 0.000000
    26 1.726654 -0.000004 0.000009 0.000000 0.000000 0.507966
    27 3.628399 -0.413433 -0.461199 -0.017992 0.035722 0.129722
    28 1.717384 -0.000019 -0.000012 0.000000 0.000000 0.296827
    29 3.622608 -0.257954 0.410928 -0.173205 -0.117278 0.214490
    30 1.717384 0.000017 0.000010 0.000000 0.000000 0.254297
    31 3.401308 0.004623 1.218914 -0.166412 -0.272554 0.134906
    32 1.462820 -0.000019 -0.000014 0.000000 0.000000 0.476304
    33 1.013556 0.134880 -1.638489 -0.195039 0.518495 0.573015
    34 1.567802 0.078053 0.000011 0.000000 0.302710 0.000000
    35 4.488096 -0.000061 -0.000023 0.084744 0.000000 0.000000
    36 3.480602 -0.000145 -0.000002 -0.043610 0.000000 0.000000
    37 2.222412 0.000015 -0.267579 -3.088133 -0.110996 1.564869
    38 3.480843 0.000000 0.000004 1.527190 0.000000 3.141593
    39 6.472961 0.000000 0.000000 1.542452 0.000000 3.141593
    40 0.000000 0.000000 0.000000 3.047043 0.186859 1.513152
    41 0.000002 -0.000001 0.000000 1.571107 -0.001377 2.920281
    42 2.222565 0.000001 -0.267583 0.053460 0.111003 1.576724
    43 0.000000 0.000000 0.000000 -0.094550 -0.186859 1.628441
    44 0.000000 0.000000 -0.000001 0.000000 -0.222128 0.000000
    45 -1.726627 0.000000 0.000000 0.000000 0.000000 0.507966
    46 -3.628420 0.413422 0.461190 -0.017992 0.035722 0.129722
    47 -1.717388 0.000000 0.000001 0.000000 0.000000 0.296827
    48 -3.622635 0.257938 -0.410944 -0.173205 -0.117278 0.214490
    49 -1.717390 -0.000002 0.000000 0.000000 0.000000 0.254297
    50 -3.401335 -0.004631 -1.218926 -0.166412 -0.272554 0.134906
    51 -1.462816 -0.000004 0.000000 0.000000 0.000000 0.476304
    52 -1.013588 -0.134895 1.638474 -0.195039 0.518495 0.573015
    53 -1.567801 -0.078051 0.000000 0.000000 0.302710 0.000000
    54 4.488173 0.003667 -0.006332 1.655541 -0.001411 -3.140776
    55 -0.035184 -3.529829 6.683560 0.000000 0.000000 0.000000
    56 0.035217 3.529826 -6.683582 0.000000 0.000000 0.000000
    57 1.878918 0.000004 -0.000005 -0.337833 0.000000 0.000000
    58 1.878918 0.000006 -0.000004 -0.337833 0.000000 0.000000
    59 1.878920 -0.000013 -0.000011 -0.337833 0.000000 0.000000
    60 1.878929 0.000004 0.000001 -0.337833 0.000000 0.000000
    61 1.490896 0.144535 -0.268490 -0.337833 0.000000 0.000000
    62 3.058685 1.032097 -0.605999 0.000000 0.334862 0.049595
    63 -1.878929 0.000002 0.000002 -0.337833 0.000000 0.000000
    64 -1.878931 0.000002 0.000001 -0.337833 0.000000 0.000000
    65 -1.878933 0.000002 0.000000 -0.337833 0.000000 0.000000
    66 -1.878937 0.000004 0.000000 -0.337833 0.000000 0.000000
    67 -1.490896 -0.144542 0.268478 -0.337833 0.000000 0.000000
    68 -3.058714 -1.032104 0.605986 0.000000 0.334862 0.049595
    69 0.000000 0.000000 4.750000 0.000000 -1.570796 -1.570796
    70 -2.849998 0.000000 0.000000 0.000000 0.000000 0.000000
end
triangles
hair_bum_m_02
  17 -2.597388 63.963894 -1.788082 -0.689769 -0.300114 -0.658901 0.714400 0.822500 1 17 1.000000
  17 -2.530172 65.633041 -1.987109 -0.801808 0.075507 -0.592792 0.722100 0.948000 1 17 1.000000
  17 -1.547610 65.263680 -2.659153 -0.581634 -0.073180 -0.810152 0.630433 0.958898 1 17 1.000000
hair_bum_m_02
  17 -3.209874 65.364998 -0.373168 -0.984414 0.039017 -0.171484 0.874800 0.893800 1 17 1.000000
  17 -2.974260 64.467583 -1.250575 -0.913610 -0.144970 -0.379870 0.809400 0.850000 1 17 1.000000
  17 -3.029317 64.286324 -1.018832 -0.915540 -0.181093 -0.359155 0.835300 0.812600 1 17 1.000000
hair_bum_m_02
  17 -3.209874 65.364998 -0.373168 -0.984414 0.039017 -0.171484 0.874800 0.893800 1 17 1.000000
  17 -3.120595 65.391167 -1.017209 -0.939926 0.181726 -0.288988 0.848300 0.927400 1 17 1.000000
  17 -2.974260 64.467583 -1.250575 -0.913610 -0.144970 -0.379870 0.809400 0.850000 1 17 1.000000
hair_bum_m_02
  17 -3.120595 65.391167 -1.017209 -0.939926 0.181726 -0.288988 0.848300 0.927400 1 17 1.000000
  17 -3.209874 65.364998 -0.373168 -0.984414 0.039017 -0.171484 0.874800 0.893800 1 17 1.000000
  17 -2.995255 66.518410 0.317102 -0.939211 0.300665 -0.165778 0.963100 0.968200 1 17 1.000000
hair_bum_m_02
  17 -2.995255 66.518410 0.317102 -0.939211 0.300665 -0.165778 0.963100 0.968200 1 17 1.000000
  17 -2.949837 65.984154 -0.776063 -0.874235 0.376434 -0.306610 0.859200 0.982500 1 17 1.000000
  17 -3.120595 65.391167 -1.017209 -0.939926 0.181726 -0.288988 0.848300 0.927400 1 17 1.000000
hair_bum_m_02
  17 -2.530172 65.633041 -1.987109 -0.801808 0.075507 -0.592792 0.722100 0.948000 1 17 1.000000
  17 -3.120595 65.391167 -1.017209 -0.939926 0.181726 -0.288988 0.848300 0.927400 1 17 1.000000
  17 -2.949837 65.984154 -0.776063 -0.874235 0.376434 -0.306610 0.859200 0.982500 1 17 1.000000
hair_bum_m_02
  17 -2.974260 64.467583 -1.250575 -0.913610 -0.144970 -0.379870 0.809400 0.850000 1 17 1.000000
  17 -3.120595 65.391167 -1.017209 -0.939926 0.181726 -0.288988 0.848300 0.927400 1 17 1.000000
  17 -2.530172 65.633041 -1.987109 -0.801808 0.075507 -0.592792 0.722100 0.948000 1 17 1.000000
hair_bum_m_02
  17 -2.530172 65.633041 -1.987109 -0.801808 0.075507 -0.592792 0.722100 0.948000 1 17 1.000000
  17 -2.597388 63.963894 -1.788082 -0.689769 -0.300114 -0.658901 0.714400 0.822500 1 17 1.000000
  17 -2.974260 64.467583 -1.250575 -0.913610 -0.144970 -0.379870 0.809400 0.850000 1 17 1.000000
hair_bum_m_02
  17 -2.974260 64.467583 -1.250575 -0.913610 -0.144970 -0.379870 0.809400 0.850000 1 17 1.000000
  17 -2.597388 63.963894 -1.788082 -0.689769 -0.300114 -0.658901 0.714400 0.822500 1 17 1.000000
  17 -2.701209 63.642597 -1.132438 -0.840486 -0.388078 -0.378126 0.780500 0.763300 1 17 1.000000
hair_bum_m_02
  17 -1.977235 62.414650 -1.091463 -0.671640 -0.510347 -0.537071 0.708400 0.687600 1 17 1.000000
  17 -2.701209 63.642597 -1.132438 -0.840486 -0.388078 -0.378126 0.780500 0.763300 1 17 1.000000
  17 -2.597388 63.963894 -1.788082 -0.689769 -0.300114 -0.658901 0.714400 0.822500 1 17 1.000000
hair_bum_m_02
  17 -1.230440 62.730049 -1.887468 -0.392638 -0.445543 -0.804566 0.614900 0.738200 1 17 1.000000
  17 -1.977235 62.414650 -1.091463 -0.671640 -0.510347 -0.537071 0.708400 0.687600 1 17 1.000000
  17 -2.597388 63.963894 -1.788082 -0.689769 -0.300114 -0.658901 0.714400 0.822500 1 17 1.000000
hair_bum_m_02
  17 -2.701209 63.642597 -1.132438 -0.840486 -0.388078 -0.378126 0.780500 0.763300 1 17 1.000000
  17 -3.029317 64.286324 -1.018832 -0.915540 -0.181093 -0.359155 0.835300 0.812600 1 17 1.000000
  17 -2.974260 64.467583 -1.250575 -0.913610 -0.144970 -0.379870 0.809400 0.850000 1 17 1.000000
hair_bum_m_02
  17 1.212485 62.730049 -1.933638 0.347168 -0.416363 -0.840307 0.379200 0.734500 1 17 1.000000
  17 2.497905 63.963894 -2.084862 0.636159 -0.319849 -0.702138 0.278400 0.825400 1 17 1.000000
  17 1.980940 62.414650 -1.091463 0.709236 -0.532727 -0.461721 0.283300 0.681900 1 17 1.000000
hair_bum_m_02
  17 2.497905 63.963894 -2.084862 0.636159 -0.319849 -0.702138 0.278400 0.825400 1 17 1.000000
  17 1.212485 62.730049 -1.933638 0.347168 -0.416363 -0.840307 0.379200 0.734500 1 17 1.000000
  17 1.463295 63.915627 -2.378614 0.263622 -0.381463 -0.885996 0.365703 0.830696 1 17 1.000000
hair_bum_m_02
  17 1.463295 63.915627 -2.378614 0.263622 -0.381463 -0.885996 0.365703 0.830696 1 17 1.000000
  17 1.532162 64.347160 -2.540600 0.278300 -0.240209 -0.929972 0.360993 0.868419 1 17 1.000000
  17 2.497905 63.963894 -2.084862 0.636159 -0.319849 -0.702138 0.278400 0.825400 1 17 1.000000
hair_bum_m_02
  17 0.025840 63.913635 -2.796121 0.026491 -0.342507 -0.939142 0.491000 0.843300 1 17 1.000000
  17 1.532162 64.347160 -2.540600 0.278300 -0.240209 -0.929972 0.360993 0.868419 1 17 1.000000
  17 1.463295 63.915627 -2.378614 0.263622 -0.381463 -0.885996 0.365703 0.830696 1 17 1.000000
hair_bum_m_02
  17 1.532162 64.347160 -2.540600 0.278300 -0.240209 -0.929972 0.360993 0.868419 1 17 1.000000
  17 0.025840 63.913635 -2.796121 0.026491 -0.342507 -0.939142 0.491000 0.843300 1 17 1.000000
  17 0.049305 64.407677 -2.907689 0.026109 -0.092407 -0.995379 0.487600 0.889000 1 17 1.000000
hair_bum_m_02
  17 -1.564669 64.347160 -2.635600 -0.345114 -0.204875 -0.915927 0.628261 0.889629 1 17 1.000000
  17 0.049305 64.407677 -2.907689 0.026109 -0.092407 -0.995379 0.487600 0.889000 1 17 1.000000
  17 0.025840 63.913635 -2.796121 0.026491 -0.342507 -0.939142 0.491000 0.843300 1 17 1.000000
hair_bum_m_02
  17 0.049305 64.407677 -2.907689 0.026109 -0.092407 -0.995379 0.487600 0.889000 1 17 1.000000
  17 -1.564669 64.347160 -2.635600 -0.345114 -0.204875 -0.915927 0.628261 0.889629 1 17 1.000000
  17 -1.547610 65.263680 -2.659153 -0.326729 -0.009509 -0.945070 0.630433 0.958898 1 17 1.000000
hair_bum_m_02
  17 -2.597388 63.963894 -1.788082 -0.689769 -0.300114 -0.658901 0.714400 0.822500 1 17 1.000000
  17 -1.547610 65.263680 -2.659153 -0.326729 -0.009509 -0.945070 0.630433 0.958898 1 17 1.000000
  17 -1.564669 64.347160 -2.635600 -0.345114 -0.204875 -0.915927 0.628261 0.889629 1 17 1.000000
hair_bum_m_02
  17 -1.545850 63.915627 -2.452429 -0.351029 -0.428025 -0.832811 0.629133 0.847505 1 17 1.000000
  17 -2.597388 63.963894 -1.788082 -0.689769 -0.300114 -0.658901 0.714400 0.822500 1 17 1.000000
  17 -1.564669 64.347160 -2.635600 -0.345114 -0.204875 -0.915927 0.628261 0.889629 1 17 1.000000
hair_bum_m_02
  17 -2.597388 63.963894 -1.788082 -0.689769 -0.300114 -0.658901 0.714400 0.822500 1 17 1.000000
  17 -1.545850 63.915627 -2.452429 -0.351029 -0.428025 -0.832811 0.629133 0.847505 1 17 1.000000
  17 -1.230440 62.730049 -1.887468 -0.392638 -0.445543 -0.804566 0.614900 0.738200 1 17 1.000000
hair_bum_m_02
  17 -1.230440 62.730049 -1.887468 -0.392638 -0.445543 -0.804566 0.614900 0.738200 1 17 1.000000
  17 -1.545850 63.915627 -2.452429 -0.351029 -0.428025 -0.832811 0.629133 0.847505 1 17 1.000000
  17 0.025840 63.913635 -2.796121 0.026491 -0.342507 -0.939142 0.491000 0.843300 1 17 1.000000
hair_bum_m_02
  17 0.025840 63.913635 -2.796121 0.026491 -0.342507 -0.939142 0.491000 0.843300 1 17 1.000000
  17 0.050255 62.790844 -2.425927 0.001879 -0.313089 -0.949722 0.490800 0.749100 1 17 1.000000
  17 -1.230440 62.730049 -1.887468 -0.392638 -0.445543 -0.804566 0.614900 0.738200 1 17 1.000000
hair_bum_m_02
  17 0.025840 63.913635 -2.796121 0.026491 -0.342507 -0.939142 0.491000 0.843300 1 17 1.000000
  17 1.212485 62.730049 -1.933638 0.347168 -0.416363 -0.840307 0.379200 0.734500 1 17 1.000000
  17 0.050255 62.790844 -2.425927 0.001879 -0.313089 -0.949722 0.490800 0.749100 1 17 1.000000
hair_bum_m_02
  17 1.212485 62.730049 -1.933638 0.347168 -0.416363 -0.840307 0.379200 0.734500 1 17 1.000000
  17 0.025840 63.913635 -2.796121 0.026491 -0.342507 -0.939142 0.491000 0.843300 1 17 1.000000
  17 1.463295 63.915627 -2.378614 0.263622 -0.381463 -0.885996 0.365703 0.830696 1 17 1.000000
hair_bum_m_02
  17 0.025840 63.913635 -2.796121 0.026491 -0.342507 -0.939142 0.491000 0.843300 1 17 1.000000
  17 -1.545850 63.915627 -2.452429 -0.351029 -0.428025 -0.832811 0.629133 0.847505 1 17 1.000000
  17 -1.564669 64.347160 -2.635600 -0.345114 -0.204875 -0.915927 0.628261 0.889629 1 17 1.000000
hair_bum_m_02
  17 -1.547610 65.263680 -2.659153 -0.326729 -0.009509 -0.945070 0.630433 0.958898 1 17 1.000000
  17 0.001900 65.256172 -2.898037 0.006643 0.011745 -0.999909 0.491100 0.971500 1 17 1.000000
  17 0.049305 64.407677 -2.907689 0.026109 -0.092407 -0.995379 0.487600 0.889000 1 17 1.000000
hair_bum_m_02
  17 1.554132 65.263680 -2.637382 0.265068 -0.064808 -0.962049 0.352042 0.958041 1 17 1.000000
  17 0.049305 64.407677 -2.907689 0.026109 -0.092407 -0.995379 0.487600 0.889000 1 17 1.000000
  17 0.001900 65.256172 -2.898037 0.006643 0.011745 -0.999909 0.491100 0.971500 1 17 1.000000
hair_bum_m_02
  17 0.049305 64.407677 -2.907689 0.026109 -0.092407 -0.995379 0.487600 0.889000 1 17 1.000000
  17 1.554132 65.263680 -2.637382 0.265068 -0.064808 -0.962049 0.352042 0.958041 1 17 1.000000
  17 1.532162 64.347160 -2.540600 0.278300 -0.240209 -0.929972 0.360993 0.868419 1 17 1.000000
hair_bum_m_02
  17 1.554132 65.263680 -2.637382 0.265068 -0.064808 -0.962049 0.352042 0.958041 1 17 1.000000
  17 2.497905 63.963894 -2.084862 0.636159 -0.319849 -0.702138 0.278400 0.825400 1 17 1.000000
  17 1.532162 64.347160 -2.540600 0.278300 -0.240209 -0.929972 0.360993 0.868419 1 17 1.000000
hair_bum_m_02
  17 1.554132 65.263680 -2.637382 0.512079 0.006706 -0.858912 0.352042 0.958041 1 17 1.000000
  17 2.576827 65.633041 -2.024779 0.848952 0.047558 -0.526326 0.259800 0.936400 1 17 1.000000
  17 2.497905 63.963894 -2.084862 0.636159 -0.319849 -0.702138 0.278400 0.825400 1 17 1.000000
hair_bum_m_02
  17 2.576827 65.633041 -2.024779 0.848952 0.047558 -0.526326 0.259800 0.936400 1 17 1.000000
  17 2.946519 64.467583 -1.163745 0.949925 -0.155678 -0.270937 0.174100 0.835800 1 17 1.000000
  17 2.497905 63.963894 -2.084862 0.636159 -0.319849 -0.702138 0.278400 0.825400 1 17 1.000000
hair_bum_m_02
  17 2.946519 64.467583 -1.163745 0.949925 -0.155678 -0.270937 0.174100 0.835800 1 17 1.000000
  17 2.576827 65.633041 -2.024779 0.848952 0.047558 -0.526326 0.259800 0.936400 1 17 1.000000
  17 3.001567 65.391167 -1.027279 0.972166 0.081736 -0.219572 0.142900 0.915600 1 17 1.000000
hair_bum_m_02
  17 2.576827 65.633041 -2.024779 0.848952 0.047558 -0.526326 0.259800 0.936400 1 17 1.000000
  17 2.956313 65.969154 -0.810738 0.959787 0.161244 -0.229804 0.132600 0.969600 1 17 1.000000
  17 3.001567 65.391167 -1.027279 0.972166 0.081736 -0.219572 0.142900 0.915600 1 17 1.000000
hair_bum_m_02
  17 3.018625 66.476425 0.265232 0.986044 0.120861 -0.114494 0.018200 0.988900 1 17 1.000000
  17 3.001567 65.391167 -1.027279 0.972166 0.081736 -0.219572 0.142900 0.915600 1 17 1.000000
  17 2.956313 65.969154 -0.810738 0.959787 0.161244 -0.229804 0.132600 0.969600 1 17 1.000000
hair_bum_m_02
  17 3.001567 65.391167 -1.027279 0.972166 0.081736 -0.219572 0.142900 0.915600 1 17 1.000000
  17 3.018625 66.476425 0.265232 0.986044 0.120861 -0.114494 0.018200 0.988900 1 17 1.000000
  17 3.088572 65.364998 -0.311703 0.992974 0.011001 -0.117821 0.109900 0.879300 1 17 1.000000
hair_bum_m_02
  17 3.088572 65.364998 -0.311703 0.992974 0.011001 -0.117821 0.109900 0.879300 1 17 1.000000
  17 2.946519 64.467583 -1.163745 0.949925 -0.155678 -0.270937 0.174100 0.835800 1 17 1.000000
  17 3.001567 65.391167 -1.027279 0.972166 0.081736 -0.219572 0.142900 0.915600 1 17 1.000000
hair_bum_m_02
  17 3.088572 65.364998 -0.311703 0.992974 0.011001 -0.117821 0.109900 0.879300 1 17 1.000000
  17 2.973172 64.278625 -0.854672 0.948226 -0.227967 -0.221128 0.141700 0.793700 1 17 1.000000
  17 2.946519 64.467583 -1.163745 0.949925 -0.155678 -0.270937 0.174100 0.835800 1 17 1.000000
hair_bum_m_02
  17 2.595569 63.642597 -1.082373 0.875771 -0.411396 -0.252545 0.203500 0.746500 1 17 1.000000
  17 2.946519 64.467583 -1.163745 0.949925 -0.155678 -0.270937 0.174100 0.835800 1 17 1.000000
  17 2.973172 64.278625 -0.854672 0.948226 -0.227967 -0.221128 0.141700 0.793700 1 17 1.000000
hair_bum_m_02
  17 2.946519 64.467583 -1.163745 0.949925 -0.155678 -0.270937 0.174100 0.835800 1 17 1.000000
  17 2.595569 63.642597 -1.082373 0.875771 -0.411396 -0.252545 0.203500 0.746500 1 17 1.000000
  17 2.497905 63.963894 -2.084862 0.636159 -0.319849 -0.702138 0.278400 0.825400 1 17 1.000000
hair_bum_m_02
  17 1.980940 62.414650 -1.091463 0.709236 -0.532727 -0.461721 0.283300 0.681900 1 17 1.000000
  17 2.497905 63.963894 -2.084862 0.636159 -0.319849 -0.702138 0.278400 0.825400 1 17 1.000000
  17 2.595569 63.642597 -1.082373 0.875771 -0.411396 -0.252545 0.203500 0.746500 1 17 1.000000
hair_bum_m_02
  17 3.081882 65.674156 1.244417 0.936614 0.161072 0.311143 0.826900 0.685100 1 17 1.000000
  17 3.045387 66.486778 0.851075 0.984589 0.170775 0.037689 0.857300 0.780100 1 17 1.000000
  17 2.990849 66.507019 1.150706 0.942643 0.178780 0.281888 0.826400 0.778000 1 17 1.000000
hair_bum_m_02
  17 3.220997 64.802269 1.280923 0.892512 0.338294 0.298295 0.841900 0.593500 1 17 1.000000
  17 3.649909 64.112923 1.309190 0.883214 0.467619 0.035574 0.885100 0.504700 1 17 1.000000
  17 3.295069 64.804520 1.027834 0.953440 0.297933 0.046777 0.878200 0.597000 1 17 1.000000
hair_bum_m_02
  17 3.220997 64.802269 1.280923 0.892512 0.338294 0.298295 0.841900 0.593500 1 17 1.000000
  17 3.295069 64.804520 1.027834 0.953440 0.297933 0.046777 0.878200 0.597000 1 17 1.000000
  17 3.081882 65.674156 1.244417 0.936614 0.161072 0.311143 0.826900 0.685100 1 17 1.000000
hair_bum_m_02
  17 3.081882 65.674156 1.244417 0.936614 0.161072 0.311143 0.826900 0.685100 1 17 1.000000
  17 3.295069 64.804520 1.027834 0.953440 0.297933 0.046777 0.878200 0.597000 1 17 1.000000
  17 3.219812 65.656456 0.924493 0.988598 0.143029 0.047085 0.865300 0.688300 1 17 1.000000
hair_bum_m_02
  17 3.219812 65.656456 0.924493 0.988598 0.143029 0.047085 0.865300 0.688300 1 17 1.000000
  17 3.045387 66.486778 0.851075 0.984589 0.170775 0.037689 0.857300 0.780100 1 17 1.000000
  17 3.081882 65.674156 1.244417 0.936614 0.161072 0.311143 0.826900 0.685100 1 17 1.000000
hair_bum_m_02
  17 3.219812 65.656456 0.924493 0.988598 0.143029 0.047085 0.865300 0.688300 1 17 1.000000
  17 3.012762 66.455399 0.549259 0.966025 0.152274 -0.208826 0.888000 0.783400 1 17 1.000000
  17 3.045387 66.486778 0.851075 0.984589 0.170775 0.037689 0.857300 0.780100 1 17 1.000000
hair_bum_m_02
  17 3.132018 65.608940 0.611717 0.968646 0.114575 -0.220447 0.903600 0.691900 1 17 1.000000
  17 3.012762 66.455399 0.549259 0.966025 0.152274 -0.208826 0.888000 0.783400 1 17 1.000000
  17 3.219812 65.656456 0.924493 0.988598 0.143029 0.047085 0.865300 0.688300 1 17 1.000000
hair_bum_m_02
  17 3.219812 65.656456 0.924493 0.988598 0.143029 0.047085 0.865300 0.688300 1 17 1.000000
  17 3.260209 64.785522 0.805289 0.949233 0.237647 -0.206107 0.911200 0.599500 1 17 1.000000
  17 3.132018 65.608940 0.611717 0.968646 0.114575 -0.220447 0.903600 0.691900 1 17 1.000000
hair_bum_m_02
  17 3.295069 64.804520 1.027834 0.953440 0.297933 0.046777 0.878200 0.597000 1 17 1.000000
  17 3.260209 64.785522 0.805289 0.949233 0.237647 -0.206107 0.911200 0.599500 1 17 1.000000
  17 3.219812 65.656456 0.924493 0.988598 0.143029 0.047085 0.865300 0.688300 1 17 1.000000
hair_bum_m_02
  17 3.295069 64.804520 1.027834 0.953440 0.297933 0.046777 0.878200 0.597000 1 17 1.000000
  17 3.649909 64.112923 1.309190 0.883214 0.467619 0.035574 0.885100 0.504700 1 17 1.000000
  17 3.260209 64.785522 0.805289 0.949233 0.237647 -0.206107 0.911200 0.599500 1 17 1.000000
hair_bum_m_02
  17 1.297643 67.265839 2.959214 0.367111 0.826713 0.426351 0.941100 0.896400 1 17 1.000000
  17 1.688960 66.767876 3.359043 0.762304 0.640693 0.091679 0.985000 0.803100 1 17 1.000000
  17 1.403084 67.241379 2.861032 0.718654 0.680309 0.143932 0.973000 0.898400 1 17 1.000000
hair_bum_m_02
  17 1.995034 65.671364 4.090620 0.471102 0.079471 0.878491 0.932000 0.609500 1 17 1.000000
  17 2.079239 65.109627 3.975831 0.813148 -0.084686 0.575863 0.947200 0.514800 1 17 1.000000
  17 2.103680 65.691765 4.026927 0.789262 0.073404 0.609654 0.958600 0.611000 1 17 1.000000
hair_bum_m_02
  17 2.103680 65.691765 4.026927 0.789262 0.073404 0.609654 0.958600 0.611000 1 17 1.000000
  17 2.079239 65.109627 3.975831 0.813148 -0.084686 0.575863 0.947200 0.514800 1 17 1.000000
  17 2.121840 65.641418 3.926825 0.969395 0.054853 0.239299 0.981600 0.611600 1 17 1.000000
hair_bum_m_02
  17 2.121840 65.641418 3.926825 0.969395 0.054853 0.239299 0.981600 0.611600 1 17 1.000000
  17 2.079865 66.241882 3.766477 0.904595 0.395589 0.158797 0.988700 0.707400 1 17 1.000000
  17 2.103680 65.691765 4.026927 0.789262 0.073404 0.609654 0.958600 0.611000 1 17 1.000000
hair_bum_m_02
  17 2.103680 65.691765 4.026927 0.789262 0.073404 0.609654 0.958600 0.611000 1 17 1.000000
  17 2.079865 66.241882 3.766477 0.904595 0.395589 0.158797 0.988700 0.707400 1 17 1.000000
  17 2.012501 66.298416 3.901764 0.664479 0.480431 0.572410 0.954500 0.706300 1 17 1.000000
hair_bum_m_02
  17 2.079865 66.241882 3.766477 0.904595 0.395589 0.158797 0.988700 0.707400 1 17 1.000000
  17 1.688960 66.767876 3.359043 0.762304 0.640693 0.091679 0.985000 0.803100 1 17 1.000000
  17 2.012501 66.298416 3.901764 0.664479 0.480431 0.572410 0.954500 0.706300 1 17 1.000000
hair_bum_m_02
  17 2.012501 66.298416 3.901764 0.664479 0.480431 0.572410 0.954500 0.706300 1 17 1.000000
  17 1.688960 66.767876 3.359043 0.762304 0.640693 0.091679 0.985000 0.803100 1 17 1.000000
  17 1.633289 66.856438 3.531131 0.449161 0.771749 0.450175 0.945300 0.801200 1 17 1.000000
hair_bum_m_02
  17 1.633289 66.856438 3.531131 0.449161 0.771749 0.450175 0.945300 0.801200 1 17 1.000000
  17 1.688960 66.767876 3.359043 0.762304 0.640693 0.091679 0.985000 0.803100 1 17 1.000000
  17 1.297643 67.265839 2.959214 0.367111 0.826713 0.426351 0.941100 0.896400 1 17 1.000000
hair_bum_m_02
  17 1.163384 67.227837 3.002772 -0.066949 0.787290 0.612937 0.909100 0.895600 1 17 1.000000
  17 1.633289 66.856438 3.531131 0.449161 0.771749 0.450175 0.945300 0.801200 1 17 1.000000
  17 1.297643 67.265839 2.959214 0.367111 0.826713 0.426351 0.941100 0.896400 1 17 1.000000
hair_bum_m_02
  17 1.450226 66.791801 3.584744 0.022864 0.713440 0.700343 0.905500 0.799700 1 17 1.000000
  17 1.633289 66.856438 3.531131 0.449161 0.771749 0.450175 0.945300 0.801200 1 17 1.000000
  17 1.163384 67.227837 3.002772 -0.066949 0.787290 0.612937 0.909100 0.895600 1 17 1.000000
hair_bum_m_02
  17 1.857115 66.264214 3.977139 0.268947 0.452183 0.850410 0.916800 0.704400 1 17 1.000000
  17 1.633289 66.856438 3.531131 0.449161 0.771749 0.450175 0.945300 0.801200 1 17 1.000000
  17 1.450226 66.791801 3.584744 0.022864 0.713440 0.700343 0.905500 0.799700 1 17 1.000000
hair_bum_m_02
  17 2.012501 66.298416 3.901764 0.664479 0.480431 0.572410 0.954500 0.706300 1 17 1.000000
  17 1.633289 66.856438 3.531131 0.449161 0.771749 0.450175 0.945300 0.801200 1 17 1.000000
  17 1.857115 66.264214 3.977139 0.268947 0.452183 0.850410 0.916800 0.704400 1 17 1.000000
hair_bum_m_02
  17 1.857115 66.264214 3.977139 0.268947 0.452183 0.850410 0.916800 0.704400 1 17 1.000000
  17 2.103680 65.691765 4.026927 0.789262 0.073404 0.609654 0.958600 0.611000 1 17 1.000000
  17 2.012501 66.298416 3.901764 0.664479 0.480431 0.572410 0.954500 0.706300 1 17 1.000000
hair_bum_m_02
  17 1.995034 65.671364 4.090620 0.471102 0.079471 0.878491 0.932000 0.609500 1 17 1.000000
  17 2.103680 65.691765 4.026927 0.789262 0.073404 0.609654 0.958600 0.611000 1 17 1.000000
  17 1.857115 66.264214 3.977139 0.268947 0.452183 0.850410 0.916800 0.704400 1 17 1.000000
hair_bum_m_02
  17 2.505573 66.222336 2.657543 0.644026 0.429675 0.632938 0.826900 0.685100 1 17 1.000000
  17 2.428665 66.879814 2.249927 0.825389 0.445549 0.346725 0.857300 0.780100 1 17 1.000000
  17 2.289635 66.890739 2.454034 0.659833 0.450176 0.601633 0.826400 0.778000 1 17 1.000000
hair_bum_m_02
  17 2.788346 65.533363 2.839272 0.555611 0.602837 0.572611 0.841900 0.593500 1 17 1.000000
  17 3.296125 65.082344 3.091683 0.634025 0.730185 0.254640 0.885100 0.504700 1 17 1.000000
  17 2.926908 65.548569 2.674080 0.752565 0.573767 0.323169 0.878200 0.597000 1 17 1.000000
hair_bum_m_02
  17 2.788346 65.533363 2.839272 0.555611 0.602837 0.572611 0.841900 0.593500 1 17 1.000000
  17 2.926908 65.548569 2.674080 0.752565 0.573767 0.323169 0.878200 0.597000 1 17 1.000000
  17 2.505573 66.222336 2.657543 0.644026 0.429675 0.632938 0.826900 0.685100 1 17 1.000000
hair_bum_m_02
  17 2.505573 66.222336 2.657543 0.644026 0.429675 0.632938 0.826900 0.685100 1 17 1.000000
  17 2.926908 65.548569 2.674080 0.752565 0.573767 0.323169 0.878200 0.597000 1 17 1.000000
  17 2.724146 66.237289 2.466439 0.833408 0.416745 0.362981 0.865300 0.688300 1 17 1.000000
hair_bum_m_02
  17 2.724146 66.237289 2.466439 0.833408 0.416745 0.362981 0.865300 0.688300 1 17 1.000000
  17 2.428665 66.879814 2.249927 0.825389 0.445549 0.346725 0.857300 0.780100 1 17 1.000000
  17 2.505573 66.222336 2.657543 0.644026 0.429675 0.632938 0.826900 0.685100 1 17 1.000000
hair_bum_m_02
  17 2.724146 66.237289 2.466439 0.833408 0.416745 0.362981 0.865300 0.688300 1 17 1.000000
  17 2.492858 66.833900 2.015722 0.914673 0.399749 0.059778 0.888000 0.783400 1 17 1.000000
  17 2.428665 66.879814 2.249927 0.825389 0.445549 0.346725 0.857300 0.780100 1 17 1.000000
hair_bum_m_02
  17 2.745489 66.161285 2.207075 0.932034 0.358411 0.053425 0.903600 0.691900 1 17 1.000000
  17 2.492858 66.833900 2.015722 0.914673 0.399749 0.059778 0.888000 0.783400 1 17 1.000000
  17 2.724146 66.237289 2.466439 0.833408 0.416745 0.362981 0.865300 0.688300 1 17 1.000000
hair_bum_m_02
  17 2.724146 66.237289 2.466439 0.833408 0.416745 0.362981 0.865300 0.688300 1 17 1.000000
  17 2.963769 65.515015 2.497187 0.872201 0.487229 0.043282 0.911200 0.599500 1 17 1.000000
  17 2.745489 66.161285 2.207075 0.932034 0.358411 0.053425 0.903600 0.691900 1 17 1.000000
hair_bum_m_02
  17 2.926908 65.548569 2.674080 0.752565 0.573767 0.323169 0.878200 0.597000 1 17 1.000000
  17 2.963769 65.515015 2.497187 0.872201 0.487229 0.043282 0.911200 0.599500 1 17 1.000000
  17 2.724146 66.237289 2.466439 0.833408 0.416745 0.362981 0.865300 0.688300 1 17 1.000000
hair_bum_m_02
  17 2.926908 65.548569 2.674080 0.752565 0.573767 0.323169 0.878200 0.597000 1 17 1.000000
  17 3.296125 65.082344 3.091683 0.634025 0.730185 0.254640 0.885100 0.504700 1 17 1.000000
  17 2.963769 65.515015 2.497187 0.872201 0.487229 0.043282 0.911200 0.599500 1 17 1.000000
hair_bum_m_02
  17 2.797859 65.947411 2.122756 0.708908 0.251434 0.658962 0.826900 0.685100 1 17 1.000000
  17 2.674951 66.691254 1.933260 0.857584 0.355010 0.372179 0.857300 0.780100 1 17 1.000000
  17 2.559294 66.638382 2.145176 0.721198 0.280523 0.633388 0.826400 0.778000 1 17 1.000000
hair_bum_m_02
  17 3.100610 65.245346 2.066670 0.613892 0.431410 0.661077 0.841900 0.593500 1 17 1.000000
  17 3.634105 64.758392 2.122999 0.656756 0.647266 0.386934 0.885100 0.504700 1 17 1.000000
  17 3.220108 65.312141 1.899378 0.782353 0.481989 0.394476 0.878200 0.597000 1 17 1.000000
hair_bum_m_02
  17 3.100610 65.245346 2.066670 0.613892 0.431410 0.661077 0.841900 0.593500 1 17 1.000000
  17 3.220108 65.312141 1.899378 0.782353 0.481989 0.394476 0.878200 0.597000 1 17 1.000000
  17 2.797859 65.947411 2.122756 0.708908 0.251434 0.658962 0.826900 0.685100 1 17 1.000000
hair_bum_m_02
  17 2.797859 65.947411 2.122756 0.708908 0.251434 0.658962 0.826900 0.685100 1 17 1.000000
  17 3.220108 65.312141 1.899378 0.782353 0.481989 0.394476 0.878200 0.597000 1 17 1.000000
  17 2.993956 66.024078 1.922328 0.867384 0.323098 0.378488 0.865300 0.688300 1 17 1.000000
hair_bum_m_02
  17 2.993956 66.024078 1.922328 0.867384 0.323098 0.378488 0.865300 0.688300 1 17 1.000000
  17 2.674951 66.691254 1.933260 0.857584 0.355010 0.372179 0.857300 0.780100 1 17 1.000000
  17 2.797859 65.947411 2.122756 0.708908 0.251434 0.658962 0.826900 0.685100 1 17 1.000000
hair_bum_m_02
  17 2.993956 66.024078 1.922328 0.867384 0.323098 0.378488 0.865300 0.688300 1 17 1.000000
  17 2.712979 66.716774 1.690301 0.914747 0.396701 0.076589 0.888000 0.783400 1 17 1.000000
  17 2.674951 66.691254 1.933260 0.857584 0.355010 0.372179 0.857300 0.780100 1 17 1.000000
hair_bum_m_02
  17 2.986802 66.026596 1.651335 0.931391 0.359575 0.056721 0.903600 0.691900 1 17 1.000000
  17 2.712979 66.716774 1.690301 0.914747 0.396701 0.076589 0.888000 0.783400 1 17 1.000000
  17 2.993956 66.024078 1.922328 0.867384 0.323098 0.378488 0.865300 0.688300 1 17 1.000000
hair_bum_m_02
  17 2.993956 66.024078 1.922328 0.867384 0.323098 0.378488 0.865300 0.688300 1 17 1.000000
  17 3.237210 65.332092 1.717416 0.870615 0.483599 0.090344 0.911200 0.599500 1 17 1.000000
  17 2.986802 66.026596 1.651335 0.931391 0.359575 0.056721 0.903600 0.691900 1 17 1.000000
hair_bum_m_02
  17 3.220108 65.312141 1.899378 0.782353 0.481989 0.394476 0.878200 0.597000 1 17 1.000000
  17 3.237210 65.332092 1.717416 0.870615 0.483599 0.090344 0.911200 0.599500 1 17 1.000000
  17 2.993956 66.024078 1.922328 0.867384 0.323098 0.378488 0.865300 0.688300 1 17 1.000000
hair_bum_m_02
  17 3.220108 65.312141 1.899378 0.782353 0.481989 0.394476 0.878200 0.597000 1 17 1.000000
  17 3.634105 64.758392 2.122999 0.656756 0.647266 0.386934 0.885100 0.504700 1 17 1.000000
  17 3.237210 65.332092 1.717416 0.870615 0.483599 0.090344 0.911200 0.599500 1 17 1.000000
hair_bum_m_02
  17 3.441716 65.031273 0.553277 0.932865 0.352032 -0.076400 0.076500 0.621000 1 17 1.000000
  17 3.262084 65.559113 0.378568 0.977402 0.192671 -0.086965 0.067100 0.720600 1 17 1.000000
  17 3.287460 65.148216 0.830066 0.887025 0.406743 0.218511 0.020400 0.621500 1 17 1.000000
hair_bum_m_02
  17 3.287460 65.148216 0.830066 0.887025 0.406743 0.218511 0.020400 0.621500 1 17 1.000000
  17 3.262084 65.559113 0.378568 0.977402 0.192671 -0.086965 0.067100 0.720600 1 17 1.000000
  17 3.193221 65.739037 0.736520 0.966537 0.224877 0.123433 0.007900 0.721600 1 17 1.000000
hair_bum_m_02
  17 3.287460 65.148216 0.830066 0.887025 0.406743 0.218511 0.020400 0.621500 1 17 1.000000
  17 3.760198 64.426697 0.805536 0.893529 0.444639 -0.062465 0.076400 0.521100 1 17 1.000000
  17 3.441716 65.031273 0.553277 0.932865 0.352032 -0.076400 0.076500 0.621000 1 17 1.000000
hair_bum_m_02
  17 3.441716 65.031273 0.553277 0.932865 0.352032 -0.076400 0.076500 0.621000 1 17 1.000000
  17 3.760198 64.426697 0.805536 0.893529 0.444639 -0.062465 0.076400 0.521100 1 17 1.000000
  17 3.384712 64.920410 0.310102 0.893527 0.265780 -0.361899 0.127400 0.620000 1 17 1.000000
hair_bum_m_02
  17 3.441716 65.031273 0.553277 0.932865 0.352032 -0.076400 0.076500 0.621000 1 17 1.000000
  17 3.384712 64.920410 0.310102 0.893527 0.265780 -0.361899 0.127400 0.620000 1 17 1.000000
  17 3.262084 65.559113 0.378568 0.977402 0.192671 -0.086965 0.067100 0.720600 1 17 1.000000
hair_bum_m_02
  17 3.262084 65.559113 0.378568 0.977402 0.192671 -0.086965 0.067100 0.720600 1 17 1.000000
  17 3.384712 64.920410 0.310102 0.893527 0.265780 -0.361899 0.127400 0.620000 1 17 1.000000
  17 3.109880 65.443489 -0.017123 0.943813 0.151668 -0.293622 0.126200 0.720000 1 17 1.000000
hair_bum_m_02
  17 3.109880 65.443489 -0.017123 0.943813 0.151668 -0.293622 0.126200 0.720000 1 17 1.000000
  17 3.081169 66.125214 -0.215190 0.973196 0.088283 -0.212355 0.112800 0.820100 1 17 1.000000
  17 3.262084 65.559113 0.378568 0.977402 0.192671 -0.086965 0.067100 0.720600 1 17 1.000000
hair_bum_m_02
  17 3.262084 65.559113 0.378568 0.977402 0.192671 -0.086965 0.067100 0.720600 1 17 1.000000
  17 3.081169 66.125214 -0.215190 0.973196 0.088283 -0.212355 0.112800 0.820100 1 17 1.000000
  17 3.108198 66.337067 0.346654 0.987912 0.130146 -0.084210 0.065200 0.820100 1 17 1.000000
hair_bum_m_02
  17 3.262084 65.559113 0.378568 0.977402 0.192671 -0.086965 0.067100 0.720600 1 17 1.000000
  17 3.108198 66.337067 0.346654 0.987912 0.130146 -0.084210 0.065200 0.820100 1 17 1.000000
  17 3.193221 65.739037 0.736520 0.966537 0.224877 0.123433 0.007900 0.721600 1 17 1.000000
hair_bum_m_02
  17 3.193221 65.739037 0.736520 0.966537 0.224877 0.123433 0.007900 0.721600 1 17 1.000000
  17 3.108198 66.337067 0.346654 0.987912 0.130146 -0.084210 0.065200 0.820100 1 17 1.000000
  17 3.085618 66.481369 0.758787 0.984460 0.169615 0.045484 0.017600 0.821400 1 17 1.000000
hair_bum_m_02
  17 -3.322351 64.592896 -0.818912 -0.945701 0.321976 -0.044500 0.020400 0.621500 1 17 1.000000
  17 -3.220805 65.096397 -1.232256 -0.900538 0.219359 -0.375384 0.067100 0.720600 1 17 1.000000
  17 -3.375185 64.475952 -1.172222 -0.895796 0.248398 -0.368576 0.076500 0.621000 1 17 1.000000
hair_bum_m_02
  17 -3.273321 65.276321 -0.826404 -0.948905 0.249252 -0.193526 0.007900 0.721600 1 17 1.000000
  17 -3.220805 65.096397 -1.232256 -0.900538 0.219359 -0.375384 0.067100 0.720600 1 17 1.000000
  17 -3.322351 64.592896 -0.818912 -0.945701 0.321976 -0.044500 0.020400 0.621500 1 17 1.000000
hair_bum_m_02
  17 -3.322351 64.592896 -0.818912 -0.945701 0.321976 -0.044500 0.020400 0.621500 1 17 1.000000
  17 -3.375185 64.475952 -1.172222 -0.895796 0.248398 -0.368576 0.076500 0.621000 1 17 1.000000
  17 -3.715727 63.871372 -0.965317 -0.857518 0.355879 -0.371501 0.076400 0.521100 1 17 1.000000
hair_bum_m_02
  17 -3.375185 64.475952 -1.172222 -0.895796 0.248398 -0.368576 0.076500 0.621000 1 17 1.000000
  17 -3.187208 64.365089 -1.407665 -0.747715 0.148472 -0.647208 0.127400 0.620000 1 17 1.000000
  17 -3.715727 63.871372 -0.965317 -0.857518 0.355879 -0.371501 0.076400 0.521100 1 17 1.000000
hair_bum_m_02
  17 -3.375185 64.475952 -1.172222 -0.895796 0.248398 -0.368576 0.076500 0.621000 1 17 1.000000
  17 -3.220805 65.096397 -1.232256 -0.900538 0.219359 -0.375384 0.067100 0.720600 1 17 1.000000
  17 -3.187208 64.365089 -1.407665 -0.747715 0.148472 -0.647208 0.127400 0.620000 1 17 1.000000
hair_bum_m_02
  17 -3.187208 64.365089 -1.407665 -0.747715 0.148472 -0.647208 0.127400 0.620000 1 17 1.000000
  17 -3.220805 65.096397 -1.232256 -0.900538 0.219359 -0.375384 0.067100 0.720600 1 17 1.000000
  17 -2.948339 64.980774 -1.601309 -0.820203 0.181814 -0.542412 0.126200 0.720000 1 17 1.000000
hair_bum_m_02
  17 -3.220805 65.096397 -1.232256 -0.900538 0.219359 -0.375384 0.067100 0.720600 1 17 1.000000
  17 -2.813631 65.662498 -1.703361 -0.859658 0.245464 -0.448035 0.112800 0.820100 1 17 1.000000
  17 -2.948339 64.980774 -1.601309 -0.820203 0.181814 -0.542412 0.126200 0.720000 1 17 1.000000
hair_bum_m_02
  17 -2.915806 65.874352 -1.174170 -0.874184 0.293804 -0.386628 0.065200 0.820100 1 17 1.000000
  17 -2.813631 65.662498 -1.703361 -0.859658 0.245464 -0.448035 0.112800 0.820100 1 17 1.000000
  17 -3.220805 65.096397 -1.232256 -0.900538 0.219359 -0.375384 0.067100 0.720600 1 17 1.000000
hair_bum_m_02
  17 -3.273321 65.276321 -0.826404 -0.948905 0.249252 -0.193526 0.007900 0.721600 1 17 1.000000
  17 -2.915806 65.874352 -1.174170 -0.874184 0.293804 -0.386628 0.065200 0.820100 1 17 1.000000
  17 -3.220805 65.096397 -1.232256 -0.900538 0.219359 -0.375384 0.067100 0.720600 1 17 1.000000
hair_bum_m_02
  17 -3.033107 66.018654 -0.773549 -0.883187 0.340287 -0.322779 0.017600 0.821400 1 17 1.000000
  17 -2.915806 65.874352 -1.174170 -0.874184 0.293804 -0.386628 0.065200 0.820100 1 17 1.000000
  17 -3.273321 65.276321 -0.826404 -0.948905 0.249252 -0.193526 0.007900 0.721600 1 17 1.000000
hair_bum_m_02
  17 3.166852 65.798927 1.510809 0.884453 0.309537 0.349184 0.865300 0.688300 1 17 1.000000
  17 2.935700 66.573463 1.100163 0.937985 0.332304 0.098779 0.888000 0.783400 1 17 1.000000
  17 2.870279 66.589203 1.397844 0.878318 0.336739 0.339359 0.857300 0.780100 1 17 1.000000
hair_bum_m_02
  17 3.186930 65.758484 1.185608 0.950956 0.296529 0.088055 0.903600 0.691900 1 17 1.000000
  17 2.935700 66.573463 1.100163 0.937985 0.332304 0.098779 0.888000 0.783400 1 17 1.000000
  17 3.166852 65.798927 1.510809 0.884453 0.309537 0.349184 0.865300 0.688300 1 17 1.000000
hair_bum_m_02
  17 3.166852 65.798927 1.510809 0.884453 0.309537 0.349184 0.865300 0.688300 1 17 1.000000
  17 3.403076 64.958672 1.398884 0.905495 0.413053 0.097295 0.911200 0.599500 1 17 1.000000
  17 3.186930 65.758484 1.185608 0.950956 0.296529 0.088055 0.903600 0.691900 1 17 1.000000
hair_bum_m_02
  17 3.365725 64.968079 1.621636 0.822680 0.455594 0.340046 0.878200 0.597000 1 17 1.000000
  17 3.403076 64.958672 1.398884 0.905495 0.413053 0.097295 0.911200 0.599500 1 17 1.000000
  17 3.166852 65.798927 1.510809 0.884453 0.309537 0.349184 0.865300 0.688300 1 17 1.000000
hair_bum_m_02
  17 3.365725 64.968079 1.621636 0.822680 0.455594 0.340046 0.878200 0.597000 1 17 1.000000
  17 3.743147 64.331200 1.989484 0.728573 0.610808 0.309991 0.885100 0.504700 1 17 1.000000
  17 3.403076 64.958672 1.398884 0.905495 0.413053 0.097295 0.911200 0.599500 1 17 1.000000
hair_bum_m_02
  17 3.221275 64.935532 1.839857 0.683042 0.467307 0.561318 0.841900 0.593500 1 17 1.000000
  17 3.743147 64.331200 1.989484 0.728573 0.610808 0.309991 0.885100 0.504700 1 17 1.000000
  17 3.365725 64.968079 1.621636 0.822680 0.455594 0.340046 0.878200 0.597000 1 17 1.000000
hair_bum_m_02
  17 3.221275 64.935532 1.839857 0.683042 0.467307 0.561318 0.841900 0.593500 1 17 1.000000
  17 3.365725 64.968079 1.621636 0.822680 0.455594 0.340046 0.878200 0.597000 1 17 1.000000
  17 2.938958 65.770248 1.773356 0.753609 0.300021 0.584859 0.826900 0.685100 1 17 1.000000
hair_bum_m_02
  17 2.938958 65.770248 1.773356 0.753609 0.300021 0.584859 0.826900 0.685100 1 17 1.000000
  17 3.365725 64.968079 1.621636 0.822680 0.455594 0.340046 0.878200 0.597000 1 17 1.000000
  17 3.166852 65.798927 1.510809 0.884453 0.309537 0.349184 0.865300 0.688300 1 17 1.000000
hair_bum_m_02
  17 3.166852 65.798927 1.510809 0.884453 0.309537 0.349184 0.865300 0.688300 1 17 1.000000
  17 2.870279 66.589203 1.397844 0.878318 0.336739 0.339359 0.857300 0.780100 1 17 1.000000
  17 2.938958 65.770248 1.773356 0.753609 0.300021 0.584859 0.826900 0.685100 1 17 1.000000
hair_bum_m_02
  17 2.938958 65.770248 1.773356 0.753609 0.300021 0.584859 0.826900 0.685100 1 17 1.000000
  17 2.870279 66.589203 1.397844 0.878318 0.336739 0.339359 0.857300 0.780100 1 17 1.000000
  17 2.726014 66.578949 1.666630 0.764670 0.320479 0.559083 0.826400 0.778000 1 17 1.000000
hair_bum_m_02
  17 -3.202881 66.004791 0.709072 -0.953607 0.281413 0.106954 0.945300 0.801200 1 17 1.000000
  17 -3.083858 65.574165 0.843990 -0.897685 -0.345299 0.273735 0.988700 0.707400 1 17 1.000000
  17 -2.996985 65.951584 1.244205 -0.958890 0.117801 0.258172 0.985000 0.803100 1 17 1.000000
hair_bum_m_02
  17 -3.244666 65.704956 0.358446 -0.991124 0.101859 0.085430 0.954500 0.706300 1 17 1.000000
  17 -3.083858 65.574165 0.843990 -0.897685 -0.345299 0.273735 0.988700 0.707400 1 17 1.000000
  17 -3.202881 66.004791 0.709072 -0.953607 0.281413 0.106954 0.945300 0.801200 1 17 1.000000
hair_bum_m_02
  17 -3.244666 65.704956 0.358446 -0.991124 0.101859 0.085430 0.954500 0.706300 1 17 1.000000
  17 -3.153517 65.314850 -0.188237 -0.761436 -0.613343 0.209822 0.981600 0.611600 1 17 1.000000
  17 -3.083858 65.574165 0.843990 -0.897685 -0.345299 0.273735 0.988700 0.707400 1 17 1.000000
hair_bum_m_02
  17 -3.363835 65.459732 -0.416617 -0.990566 -0.005404 0.136931 0.958600 0.611000 1 17 1.000000
  17 -3.153517 65.314850 -0.188237 -0.761436 -0.613343 0.209822 0.981600 0.611600 1 17 1.000000
  17 -3.244666 65.704956 0.358446 -0.991124 0.101859 0.085430 0.954500 0.706300 1 17 1.000000
hair_bum_m_02
  17 -3.363835 65.459732 -0.416617 -0.990566 -0.005404 0.136931 0.958600 0.611000 1 17 1.000000
  17 -3.482325 65.389954 -1.115568 -0.983706 -0.052332 0.172000 0.947200 0.514800 1 17 1.000000
  17 -3.153517 65.314850 -0.188237 -0.761436 -0.613343 0.209822 0.981600 0.611600 1 17 1.000000
hair_bum_m_02
  17 -3.246095 65.616928 -0.512187 -0.798448 0.602031 0.006289 0.932000 0.609500 1 17 1.000000
  17 -3.482325 65.389954 -1.115568 -0.983706 -0.052332 0.172000 0.947200 0.514800 1 17 1.000000
  17 -3.363835 65.459732 -0.416617 -0.990566 -0.005404 0.136931 0.958600 0.611000 1 17 1.000000
hair_bum_m_02
  17 -3.246095 65.616928 -0.512187 -0.798448 0.602031 0.006289 0.932000 0.609500 1 17 1.000000
  17 -3.363835 65.459732 -0.416617 -0.990566 -0.005404 0.136931 0.958600 0.611000 1 17 1.000000
  17 -3.132207 65.820015 -0.086249 -0.846532 0.518481 -0.120667 0.916800 0.704400 1 17 1.000000
hair_bum_m_02
  17 -3.132207 65.820015 -0.086249 -0.846532 0.518481 -0.120667 0.916800 0.704400 1 17 1.000000
  17 -3.363835 65.459732 -0.416617 -0.990566 -0.005404 0.136931 0.958600 0.611000 1 17 1.000000
  17 -3.244666 65.704956 0.358446 -0.991124 0.101859 0.085430 0.954500 0.706300 1 17 1.000000
hair_bum_m_02
  17 -3.132207 65.820015 -0.086249 -0.846532 0.518481 -0.120667 0.916800 0.704400 1 17 1.000000
  17 -3.244666 65.704956 0.358446 -0.991124 0.101859 0.085430 0.954500 0.706300 1 17 1.000000
  17 -3.025619 66.109680 0.325388 -0.903292 0.426690 -0.044713 0.905500 0.799700 1 17 1.000000
hair_bum_m_02
  17 -3.025619 66.109680 0.325388 -0.903292 0.426690 -0.044713 0.905500 0.799700 1 17 1.000000
  17 -3.244666 65.704956 0.358446 -0.991124 0.101859 0.085430 0.954500 0.706300 1 17 1.000000
  17 -3.202881 66.004791 0.709072 -0.953607 0.281413 0.106954 0.945300 0.801200 1 17 1.000000
hair_bum_m_02
  17 -3.025619 66.109680 0.325388 -0.903292 0.426690 -0.044713 0.905500 0.799700 1 17 1.000000
  17 -3.202881 66.004791 0.709072 -0.953607 0.281413 0.106954 0.945300 0.801200 1 17 1.000000
  17 -2.982676 66.526855 0.701438 -0.916732 0.388064 0.094912 0.909100 0.895600 1 17 1.000000
hair_bum_m_02
  17 -2.982676 66.526855 0.701438 -0.916732 0.388064 0.094912 0.909100 0.895600 1 17 1.000000
  17 -3.202881 66.004791 0.709072 -0.953607 0.281413 0.106954 0.945300 0.801200 1 17 1.000000
  17 -2.748691 66.550972 1.195913 -0.910369 0.388851 0.141506 0.941100 0.896400 1 17 1.000000
hair_bum_m_02
  17 -3.202881 66.004791 0.709072 -0.953607 0.281413 0.106954 0.945300 0.801200 1 17 1.000000
  17 -2.996985 65.951584 1.244205 -0.958890 0.117801 0.258172 0.985000 0.803100 1 17 1.000000
  17 -2.748691 66.550972 1.195913 -0.910369 0.388851 0.141506 0.941100 0.896400 1 17 1.000000
hair_bum_m_02
  17 -2.748691 66.550972 1.195913 -0.910369 0.388851 0.141506 0.941100 0.896400 1 17 1.000000
  17 -2.996985 65.951584 1.244205 -0.958890 0.117801 0.258172 0.985000 0.803100 1 17 1.000000
  17 -2.758579 66.643501 1.520813 -0.901991 0.388777 0.187788 0.973000 0.898400 1 17 1.000000
hair_bum_m_02
  17 0.631804 65.540146 4.631315 -0.173741 0.141288 0.974603 0.932000 0.609500 1 17 1.000000
  17 0.873336 64.869568 4.723598 0.096715 0.096246 0.990648 0.947200 0.514800 1 17 1.000000
  17 0.818885 65.621674 4.655845 0.077939 0.186694 0.979322 0.958600 0.611000 1 17 1.000000
hair_bum_m_02
  17 0.818885 65.621674 4.655845 0.077939 0.186694 0.979322 0.958600 0.611000 1 17 1.000000
  17 0.873336 64.869568 4.723598 0.096715 0.096246 0.990648 0.947200 0.514800 1 17 1.000000
  17 0.986397 65.618889 4.593282 0.325577 0.220003 0.919564 0.981600 0.611600 1 17 1.000000
hair_bum_m_02
  17 0.986397 65.618889 4.593282 0.325577 0.220003 0.919564 0.981600 0.611600 1 17 1.000000
  17 0.899597 66.203850 4.416066 0.283382 0.512614 0.810507 0.988700 0.707400 1 17 1.000000
  17 0.818885 65.621674 4.655845 0.077939 0.186694 0.979322 0.958600 0.611000 1 17 1.000000
hair_bum_m_02
  17 0.818885 65.621674 4.655845 0.077939 0.186694 0.979322 0.958600 0.611000 1 17 1.000000
  17 0.899597 66.203850 4.416066 0.283382 0.512614 0.810507 0.988700 0.707400 1 17 1.000000
  17 0.648361 66.194572 4.494852 0.005507 0.461159 0.887300 0.954500 0.706300 1 17 1.000000
hair_bum_m_02
  17 0.899597 66.203850 4.416066 0.283382 0.512614 0.810507 0.988700 0.707400 1 17 1.000000
  17 0.721267 66.735725 3.938120 0.231397 0.702631 0.672878 0.985000 0.803100 1 17 1.000000
  17 0.648361 66.194572 4.494852 0.005507 0.461159 0.887300 0.954500 0.706300 1 17 1.000000
hair_bum_m_02
  17 0.648361 66.194572 4.494852 0.005507 0.461159 0.887300 0.954500 0.706300 1 17 1.000000
  17 0.721267 66.735725 3.938120 0.231397 0.702631 0.672878 0.985000 0.803100 1 17 1.000000
  17 0.434768 66.749619 4.055228 -0.063460 0.663957 0.745073 0.945300 0.801200 1 17 1.000000
hair_bum_m_02
  17 0.721267 66.735725 3.938120 0.231397 0.702631 0.672878 0.985000 0.803100 1 17 1.000000
  17 0.508510 67.259865 3.463934 0.205003 0.728222 0.653962 0.973000 0.898400 1 17 1.000000
  17 0.434768 66.749619 4.055228 -0.063460 0.663957 0.745073 0.945300 0.801200 1 17 1.000000
hair_bum_m_02
  17 0.434768 66.749619 4.055228 -0.063460 0.663957 0.745073 0.945300 0.801200 1 17 1.000000
  17 0.508510 67.259865 3.463934 0.205003 0.728222 0.653962 0.973000 0.898400 1 17 1.000000
  17 0.269489 67.236229 3.522409 -0.077799 0.695611 0.714194 0.941100 0.896400 1 17 1.000000
hair_bum_m_02
  17 0.036204 67.155014 3.514575 -0.354014 0.604104 0.713956 0.909100 0.895600 1 17 1.000000
  17 0.434768 66.749619 4.055228 -0.063460 0.663957 0.745073 0.945300 0.801200 1 17 1.000000
  17 0.269489 67.236229 3.522409 -0.077799 0.695611 0.714194 0.941100 0.896400 1 17 1.000000
hair_bum_m_02
  17 0.163137 66.611786 3.998044 -0.352532 0.563031 0.747474 0.905500 0.799700 1 17 1.000000
  17 0.434768 66.749619 4.055228 -0.063460 0.663957 0.745073 0.945300 0.801200 1 17 1.000000
  17 0.036204 67.155014 3.514575 -0.354014 0.604104 0.713956 0.909100 0.895600 1 17 1.000000
hair_bum_m_02
  17 0.378803 66.088226 4.471943 -0.272665 0.370226 0.888024 0.916800 0.704400 1 17 1.000000
  17 0.434768 66.749619 4.055228 -0.063460 0.663957 0.745073 0.945300 0.801200 1 17 1.000000
  17 0.163137 66.611786 3.998044 -0.352532 0.563031 0.747474 0.905500 0.799700 1 17 1.000000
hair_bum_m_02
  17 0.648361 66.194572 4.494852 0.005507 0.461159 0.887300 0.954500 0.706300 1 17 1.000000
  17 0.434768 66.749619 4.055228 -0.063460 0.663957 0.745073 0.945300 0.801200 1 17 1.000000
  17 0.378803 66.088226 4.471943 -0.272665 0.370226 0.888024 0.916800 0.704400 1 17 1.000000
hair_bum_m_02
  17 0.378803 66.088226 4.471943 -0.272665 0.370226 0.888024 0.916800 0.704400 1 17 1.000000
  17 0.818885 65.621674 4.655845 0.077939 0.186694 0.979322 0.958600 0.611000 1 17 1.000000
  17 0.648361 66.194572 4.494852 0.005507 0.461159 0.887300 0.954500 0.706300 1 17 1.000000
hair_bum_m_02
  17 0.631804 65.540146 4.631315 -0.173741 0.141288 0.974603 0.932000 0.609500 1 17 1.000000
  17 0.818885 65.621674 4.655845 0.077939 0.186694 0.979322 0.958600 0.611000 1 17 1.000000
  17 0.378803 66.088226 4.471943 -0.272665 0.370226 0.888024 0.916800 0.704400 1 17 1.000000
hair_bum_m_02
  17 -2.143863 63.859951 -2.280080 -0.573976 0.057389 -0.816859 0.076500 0.621000 1 17 1.000000
  17 -2.234675 63.076580 -2.372497 -0.544012 0.160234 -0.823636 0.076400 0.521100 1 17 1.000000
  17 -2.396766 63.901779 -2.028713 -0.702616 0.081364 -0.706902 0.127400 0.620000 1 17 1.000000
hair_bum_m_02
  17 -1.785732 63.837936 -2.437215 -0.427875 0.031618 -0.903285 0.020400 0.621500 1 17 1.000000
  17 -2.234675 63.076580 -2.372497 -0.544012 0.160234 -0.823636 0.076400 0.521100 1 17 1.000000
  17 -2.143863 63.859951 -2.280080 -0.573976 0.057389 -0.816859 0.076500 0.621000 1 17 1.000000
hair_bum_m_02
  17 -2.143863 63.859951 -2.280080 -0.573976 0.057389 -0.816859 0.076500 0.621000 1 17 1.000000
  17 -2.065168 64.630852 -2.372234 -0.591116 -0.012471 -0.806490 0.067100 0.720600 1 17 1.000000
  17 -1.785732 63.837936 -2.437215 -0.427875 0.031618 -0.903285 0.020400 0.621500 1 17 1.000000
hair_bum_m_02
  17 -1.785732 63.837936 -2.437215 -0.427875 0.031618 -0.903285 0.020400 0.621500 1 17 1.000000
  17 -2.065168 64.630852 -2.372234 -0.591116 -0.012471 -0.806490 0.067100 0.720600 1 17 1.000000
  17 -1.604744 64.611382 -2.636700 -0.485646 -0.023815 -0.873831 0.007900 0.721600 1 17 1.000000
hair_bum_m_02
  17 -1.604744 64.611382 -2.636700 -0.485646 -0.023815 -0.873831 0.007900 0.721600 1 17 1.000000
  17 -2.065168 64.630852 -2.372234 -0.591116 -0.012471 -0.806490 0.067100 0.720600 1 17 1.000000
  17 -1.644766 65.395645 -2.583830 -0.509190 0.042063 -0.859626 0.017600 0.821400 1 17 1.000000
hair_bum_m_02
  17 -1.644766 65.395645 -2.583830 -0.509190 0.042063 -0.859626 0.017600 0.821400 1 17 1.000000
  17 -2.065168 64.630852 -2.372234 -0.591116 -0.012471 -0.806490 0.067100 0.720600 1 17 1.000000
  17 -2.004587 65.421082 -2.360240 -0.584306 0.020683 -0.811270 0.065200 0.820100 1 17 1.000000
hair_bum_m_02
  17 -2.065168 64.630852 -2.372234 -0.591116 -0.012471 -0.806490 0.067100 0.720600 1 17 1.000000
  17 -2.316102 65.461037 -2.155967 -0.654492 -0.000871 -0.756068 0.112800 0.820100 1 17 1.000000
  17 -2.004587 65.421082 -2.360240 -0.584306 0.020683 -0.811270 0.065200 0.820100 1 17 1.000000
hair_bum_m_02
  17 -2.398059 64.688637 -2.018783 -0.687109 -0.000948 -0.726554 0.126200 0.720000 1 17 1.000000
  17 -2.316102 65.461037 -2.155967 -0.654492 -0.000871 -0.756068 0.112800 0.820100 1 17 1.000000
  17 -2.065168 64.630852 -2.372234 -0.591116 -0.012471 -0.806490 0.067100 0.720600 1 17 1.000000
hair_bum_m_02
  17 -2.065168 64.630852 -2.372234 -0.591116 -0.012471 -0.806490 0.067100 0.720600 1 17 1.000000
  17 -2.396766 63.901779 -2.028713 -0.702616 0.081364 -0.706902 0.127400 0.620000 1 17 1.000000
  17 -2.398059 64.688637 -2.018783 -0.687109 -0.000948 -0.726554 0.126200 0.720000 1 17 1.000000
hair_bum_m_02
  17 -2.143863 63.859951 -2.280080 -0.573976 0.057389 -0.816859 0.076500 0.621000 1 17 1.000000
  17 -2.396766 63.901779 -2.028713 -0.702616 0.081364 -0.706902 0.127400 0.620000 1 17 1.000000
  17 -2.065168 64.630852 -2.372234 -0.591116 -0.012471 -0.806490 0.067100 0.720600 1 17 1.000000
hair_bum_m_02
  17 1.323744 66.406090 4.072483 0.031471 0.494927 0.868364 0.916800 0.704400 1 17 1.000000
  17 1.685789 65.938766 4.256528 0.455041 0.301064 0.838032 0.958600 0.611000 1 17 1.000000
  17 1.484444 66.466591 3.994676 0.401471 0.609377 0.683725 0.954500 0.706300 1 17 1.000000
hair_bum_m_02
  17 1.571081 65.887932 4.269797 0.092531 0.279603 0.955646 0.932000 0.609500 1 17 1.000000
  17 1.685789 65.938766 4.256528 0.455041 0.301064 0.838032 0.958600 0.611000 1 17 1.000000
  17 1.323744 66.406090 4.072483 0.031471 0.494927 0.868364 0.916800 0.704400 1 17 1.000000
hair_bum_m_02
  17 1.571081 65.887932 4.269797 0.092531 0.279603 0.955646 0.932000 0.609500 1 17 1.000000
  17 1.652495 65.293098 4.330347 0.437573 0.079834 0.895632 0.947200 0.514800 1 17 1.000000
  17 1.685789 65.938766 4.256528 0.455041 0.301064 0.838032 0.958600 0.611000 1 17 1.000000
hair_bum_m_02
  17 1.685789 65.938766 4.256528 0.455041 0.301064 0.838032 0.958600 0.611000 1 17 1.000000
  17 1.652495 65.293098 4.330347 0.437573 0.079834 0.895632 0.947200 0.514800 1 17 1.000000
  17 1.756614 65.896996 4.179837 0.755591 0.277880 0.593182 0.981600 0.611600 1 17 1.000000
hair_bum_m_02
  17 1.756614 65.896996 4.179837 0.755591 0.277880 0.593182 0.981600 0.611600 1 17 1.000000
  17 1.596319 66.419456 3.891119 0.699443 0.611205 0.370416 0.988700 0.707400 1 17 1.000000
  17 1.685789 65.938766 4.256528 0.455041 0.301064 0.838032 0.958600 0.611000 1 17 1.000000
hair_bum_m_02
  17 1.685789 65.938766 4.256528 0.455041 0.301064 0.838032 0.958600 0.611000 1 17 1.000000
  17 1.596319 66.419456 3.891119 0.699443 0.611205 0.370416 0.988700 0.707400 1 17 1.000000
  17 1.484444 66.466591 3.994676 0.401471 0.609377 0.683725 0.954500 0.706300 1 17 1.000000
hair_bum_m_02
  17 1.596319 66.419456 3.891119 0.699443 0.611205 0.370416 0.988700 0.707400 1 17 1.000000
  17 1.272060 66.800156 3.613348 0.636127 0.728774 0.253439 0.985000 0.803100 1 17 1.000000
  17 1.484444 66.466591 3.994676 0.401471 0.609377 0.683725 0.954500 0.706300 1 17 1.000000
hair_bum_m_02
  17 1.484444 66.466591 3.994676 0.401471 0.609377 0.683725 0.954500 0.706300 1 17 1.000000
  17 1.272060 66.800156 3.613348 0.636127 0.728774 0.253439 0.985000 0.803100 1 17 1.000000
  17 1.154752 66.882149 3.752388 0.306398 0.724093 0.617907 0.945300 0.801200 1 17 1.000000
hair_bum_m_02
  17 1.272060 66.800156 3.613348 0.636127 0.728774 0.253439 0.985000 0.803100 1 17 1.000000
  17 0.874364 67.265686 3.298280 0.609366 0.750012 0.257205 0.973000 0.898400 1 17 1.000000
  17 1.154752 66.882149 3.752388 0.306398 0.724093 0.617907 0.945300 0.801200 1 17 1.000000
hair_bum_m_02
  17 1.154752 66.882149 3.752388 0.306398 0.724093 0.617907 0.945300 0.801200 1 17 1.000000
  17 0.874364 67.265686 3.298280 0.609366 0.750012 0.257205 0.973000 0.898400 1 17 1.000000
  17 0.761647 67.293488 3.384061 0.267226 0.738483 0.619059 0.941100 0.896400 1 17 1.000000
hair_bum_m_02
  17 1.154752 66.882149 3.752388 0.306398 0.724093 0.617907 0.945300 0.801200 1 17 1.000000
  17 0.761647 67.293488 3.384061 0.267226 0.738483 0.619059 0.941100 0.896400 1 17 1.000000
  17 0.980010 66.785927 3.754912 -0.097520 0.544379 0.833152 0.905500 0.799700 1 17 1.000000
hair_bum_m_02
  17 0.980010 66.785927 3.754912 -0.097520 0.544379 0.833152 0.905500 0.799700 1 17 1.000000
  17 0.761647 67.293488 3.384061 0.267226 0.738483 0.619059 0.941100 0.896400 1 17 1.000000
  17 0.627120 67.253654 3.418158 -0.141222 0.543713 0.827304 0.909100 0.895600 1 17 1.000000
hair_bum_m_02
  17 1.484444 66.466591 3.994676 0.401471 0.609377 0.683725 0.954500 0.706300 1 17 1.000000
  17 1.154752 66.882149 3.752388 0.306398 0.724093 0.617907 0.945300 0.801200 1 17 1.000000
  17 1.323744 66.406090 4.072483 0.031471 0.494927 0.868364 0.916800 0.704400 1 17 1.000000
hair_bum_m_02
  17 1.323744 66.406090 4.072483 0.031471 0.494927 0.868364 0.916800 0.704400 1 17 1.000000
  17 1.154752 66.882149 3.752388 0.306398 0.724093 0.617907 0.945300 0.801200 1 17 1.000000
  17 0.980010 66.785927 3.754912 -0.097520 0.544379 0.833152 0.905500 0.799700 1 17 1.000000
hair_bum_m_02
  17 0.756936 63.841904 -2.884855 0.196862 0.177360 -0.964255 0.020400 0.621500 1 17 1.000000
  17 0.246012 63.176189 -3.187940 0.063455 0.284670 -0.956523 0.076400 0.521100 1 17 1.000000
  17 0.186218 63.847897 -2.992002 0.066720 0.181337 -0.981155 0.076500 0.621000 1 17 1.000000
hair_bum_m_02
  17 0.186218 63.847897 -2.992002 0.066720 0.181337 -0.981155 0.076500 0.621000 1 17 1.000000
  17 0.246012 63.176189 -3.187940 0.063455 0.284670 -0.956523 0.076400 0.521100 1 17 1.000000
  17 -0.342619 63.864311 -2.957824 -0.064280 0.182190 -0.981160 0.127400 0.620000 1 17 1.000000
hair_bum_m_02
  17 0.186218 63.847897 -2.992002 0.066720 0.181337 -0.981155 0.076500 0.621000 1 17 1.000000
  17 -0.342619 63.864311 -2.957824 -0.064280 0.182190 -0.981160 0.127400 0.620000 1 17 1.000000
  17 0.274472 64.522774 -2.946113 0.074425 0.052053 -0.995867 0.067100 0.720600 1 17 1.000000
hair_bum_m_02
  17 0.274472 64.522774 -2.946113 0.074425 0.052053 -0.995867 0.067100 0.720600 1 17 1.000000
  17 -0.342619 63.864311 -2.957824 -0.064280 0.182190 -0.981160 0.127400 0.620000 1 17 1.000000
  17 -0.441601 64.544991 -2.883556 -0.072318 0.056616 -0.995773 0.126200 0.720000 1 17 1.000000
hair_bum_m_02
  17 -0.441601 64.544991 -2.883556 -0.072318 0.056616 -0.995773 0.126200 0.720000 1 17 1.000000
  17 -0.316577 65.227982 -2.886387 -0.070091 0.025713 -0.997209 0.112800 0.820100 1 17 1.000000
  17 0.274472 64.522774 -2.946113 0.074425 0.052053 -0.995867 0.067100 0.720600 1 17 1.000000
hair_bum_m_02
  17 0.274472 64.522774 -2.946113 0.074425 0.052053 -0.995867 0.067100 0.720600 1 17 1.000000
  17 -0.316577 65.227982 -2.886387 -0.070091 0.025713 -0.997209 0.112800 0.820100 1 17 1.000000
  17 0.285595 65.213585 -2.917428 0.079570 0.028478 -0.996422 0.065200 0.820100 1 17 1.000000
hair_bum_m_02
  17 0.881382 65.206642 -2.782783 0.227448 0.030604 -0.973309 0.017600 0.821400 1 17 1.000000
  17 0.274472 64.522774 -2.946113 0.074425 0.052053 -0.995867 0.067100 0.720600 1 17 1.000000
  17 0.285595 65.213585 -2.917428 0.079570 0.028478 -0.996422 0.065200 0.820100 1 17 1.000000
hair_bum_m_02
  17 0.973743 64.519806 -2.778432 0.219517 0.046370 -0.974506 0.007900 0.721600 1 17 1.000000
  17 0.274472 64.522774 -2.946113 0.074425 0.052053 -0.995867 0.067100 0.720600 1 17 1.000000
  17 0.881382 65.206642 -2.782783 0.227448 0.030604 -0.973309 0.017600 0.821400 1 17 1.000000
hair_bum_m_02
  17 0.756936 63.841904 -2.884855 0.196862 0.177360 -0.964255 0.020400 0.621500 1 17 1.000000
  17 0.274472 64.522774 -2.946113 0.074425 0.052053 -0.995867 0.067100 0.720600 1 17 1.000000
  17 0.973743 64.519806 -2.778432 0.219517 0.046370 -0.974506 0.007900 0.721600 1 17 1.000000
hair_bum_m_02
  17 0.186218 63.847897 -2.992002 0.066720 0.181337 -0.981155 0.076500 0.621000 1 17 1.000000
  17 0.274472 64.522774 -2.946113 0.074425 0.052053 -0.995867 0.067100 0.720600 1 17 1.000000
  17 0.756936 63.841904 -2.884855 0.196862 0.177360 -0.964255 0.020400 0.621500 1 17 1.000000
hair_bum_m_02
  17 3.153759 64.504486 -1.091307 0.941708 0.277662 -0.189974 0.020400 0.621500 1 17 1.000000
  17 3.352724 63.881786 -1.634856 0.868260 0.410935 -0.277950 0.076400 0.521100 1 17 1.000000
  17 3.067729 64.520668 -1.580567 0.902087 0.297214 -0.312895 0.076500 0.621000 1 17 1.000000
hair_bum_m_02
  17 3.067729 64.520668 -1.580567 0.902087 0.297214 -0.312895 0.076500 0.621000 1 17 1.000000
  17 3.352724 63.881786 -1.634856 0.868260 0.410935 -0.277950 0.076400 0.521100 1 17 1.000000
  17 2.863200 64.528481 -1.986258 0.847488 0.311617 -0.429720 0.127400 0.620000 1 17 1.000000
hair_bum_m_02
  17 3.067729 64.520668 -1.580567 0.902087 0.297214 -0.312895 0.076500 0.621000 1 17 1.000000
  17 2.863200 64.528481 -1.986258 0.847488 0.311617 -0.429720 0.127400 0.620000 1 17 1.000000
  17 2.968981 65.183800 -1.462039 0.925321 0.183833 -0.331642 0.067100 0.720600 1 17 1.000000
hair_bum_m_02
  17 2.968981 65.183800 -1.462039 0.925321 0.183833 -0.331642 0.067100 0.720600 1 17 1.000000
  17 2.863200 64.528481 -1.986258 0.847488 0.311617 -0.429720 0.127400 0.620000 1 17 1.000000
  17 2.677015 65.192184 -2.005635 0.888280 0.179770 -0.422659 0.126200 0.720000 1 17 1.000000
hair_bum_m_02
  17 2.677015 65.192184 -2.005635 0.888280 0.179770 -0.422659 0.126200 0.720000 1 17 1.000000
  17 2.676149 65.876328 -1.890727 0.908058 0.139493 -0.394932 0.112800 0.820100 1 17 1.000000
  17 2.968981 65.183800 -1.462039 0.925321 0.183833 -0.331642 0.067100 0.720600 1 17 1.000000
hair_bum_m_02
  17 2.968981 65.183800 -1.462039 0.925321 0.183833 -0.331642 0.067100 0.720600 1 17 1.000000
  17 2.676149 65.876328 -1.890727 0.908058 0.139493 -0.394932 0.112800 0.820100 1 17 1.000000
  17 2.830518 65.866394 -1.414562 0.928385 0.188505 -0.320260 0.065200 0.820100 1 17 1.000000
hair_bum_m_02
  17 2.943367 65.852013 -0.912216 0.940922 0.235935 -0.242901 0.017600 0.821400 1 17 1.000000
  17 2.968981 65.183800 -1.462039 0.925321 0.183833 -0.331642 0.067100 0.720600 1 17 1.000000
  17 2.830518 65.866394 -1.414562 0.928385 0.188505 -0.320260 0.065200 0.820100 1 17 1.000000
hair_bum_m_02
  17 3.152664 65.163536 -0.849377 0.953410 0.186119 -0.237422 0.007900 0.721600 1 17 1.000000
  17 2.968981 65.183800 -1.462039 0.925321 0.183833 -0.331642 0.067100 0.720600 1 17 1.000000
  17 2.943367 65.852013 -0.912216 0.940922 0.235935 -0.242901 0.017600 0.821400 1 17 1.000000
hair_bum_m_02
  17 3.153759 64.504486 -1.091307 0.941708 0.277662 -0.189974 0.020400 0.621500 1 17 1.000000
  17 2.968981 65.183800 -1.462039 0.925321 0.183833 -0.331642 0.067100 0.720600 1 17 1.000000
  17 3.152664 65.163536 -0.849377 0.953410 0.186119 -0.237422 0.007900 0.721600 1 17 1.000000
hair_bum_m_02
  17 3.067729 64.520668 -1.580567 0.902087 0.297214 -0.312895 0.076500 0.621000 1 17 1.000000
  17 2.968981 65.183800 -1.462039 0.925321 0.183833 -0.331642 0.067100 0.720600 1 17 1.000000
  17 3.153759 64.504486 -1.091307 0.941708 0.277662 -0.189974 0.020400 0.621500 1 17 1.000000
hair_bum_m_02
  17 2.611613 65.810287 2.973732 0.790206 0.518094 0.327343 0.878200 0.597000 1 17 1.000000
  17 2.411499 66.505287 2.830760 0.843888 0.400231 0.357306 0.865300 0.688300 1 17 1.000000
  17 2.469419 65.797005 3.158244 0.632242 0.521637 0.572856 0.841900 0.593500 1 17 1.000000
hair_bum_m_02
  17 2.469419 65.797005 3.158244 0.632242 0.521637 0.572856 0.841900 0.593500 1 17 1.000000
  17 2.411499 66.505287 2.830760 0.843888 0.400231 0.357306 0.865300 0.688300 1 17 1.000000
  17 2.188679 66.492821 3.045774 0.673340 0.409238 0.615741 0.826900 0.685100 1 17 1.000000
hair_bum_m_02
  17 2.188679 66.492821 3.045774 0.673340 0.409238 0.615741 0.826900 0.685100 1 17 1.000000
  17 2.411499 66.505287 2.830760 0.843888 0.400231 0.357306 0.865300 0.688300 1 17 1.000000
  17 1.977388 67.158394 2.806220 0.664714 0.463835 0.585672 0.826400 0.778000 1 17 1.000000
hair_bum_m_02
  17 1.977388 67.158394 2.806220 0.664714 0.463835 0.585672 0.826400 0.778000 1 17 1.000000
  17 2.411499 66.505287 2.830760 0.843888 0.400231 0.357306 0.865300 0.688300 1 17 1.000000
  17 2.120361 67.147461 2.604856 0.824929 0.449201 0.343090 0.857300 0.780100 1 17 1.000000
hair_bum_m_02
  17 2.411499 66.505287 2.830760 0.843888 0.400231 0.357306 0.865300 0.688300 1 17 1.000000
  17 2.189002 67.101540 2.371943 0.915248 0.396506 0.071438 0.888000 0.783400 1 17 1.000000
  17 2.120361 67.147461 2.604856 0.824929 0.449201 0.343090 0.857300 0.780100 1 17 1.000000
hair_bum_m_02
  17 2.438701 66.425682 2.532514 0.933421 0.352875 0.064847 0.903600 0.691900 1 17 1.000000
  17 2.189002 67.101540 2.371943 0.915248 0.396506 0.071438 0.888000 0.783400 1 17 1.000000
  17 2.411499 66.505287 2.830760 0.843888 0.400231 0.357306 0.865300 0.688300 1 17 1.000000
hair_bum_m_02
  17 2.411499 66.505287 2.830760 0.843888 0.400231 0.357306 0.865300 0.688300 1 17 1.000000
  17 2.652411 65.774513 2.773374 0.880682 0.470551 0.054599 0.911200 0.599500 1 17 1.000000
  17 2.438701 66.425682 2.532514 0.933421 0.352875 0.064847 0.903600 0.691900 1 17 1.000000
hair_bum_m_02
  17 2.611613 65.810287 2.973732 0.790206 0.518094 0.327343 0.878200 0.597000 1 17 1.000000
  17 2.652411 65.774513 2.773374 0.880682 0.470551 0.054599 0.911200 0.599500 1 17 1.000000
  17 2.411499 66.505287 2.830760 0.843888 0.400231 0.357306 0.865300 0.688300 1 17 1.000000
hair_bum_m_02
  17 2.611613 65.810287 2.973732 0.790206 0.518094 0.327343 0.878200 0.597000 1 17 1.000000
  17 2.976259 65.327667 3.220623 0.694712 0.665062 0.273985 0.885100 0.504700 1 17 1.000000
  17 2.652411 65.774513 2.773374 0.880682 0.470551 0.054599 0.911200 0.599500 1 17 1.000000
hair_bum_m_02
  17 2.469419 65.797005 3.158244 0.632242 0.521637 0.572856 0.841900 0.593500 1 17 1.000000
  17 2.976259 65.327667 3.220623 0.694712 0.665062 0.273985 0.885100 0.504700 1 17 1.000000
  17 2.611613 65.810287 2.973732 0.790206 0.518094 0.327343 0.878200 0.597000 1 17 1.000000
hair_bum_m_02
  17 -2.574412 67.083351 1.886839 -0.925046 0.263946 0.273172 0.941100 0.896400 1 17 1.000000
  17 -2.632311 66.344803 2.034279 -0.854712 0.128399 0.502972 0.985000 0.803100 1 17 1.000000
  17 -2.353229 67.165009 2.203759 -0.821182 0.172945 0.543830 0.973000 0.898400 1 17 1.000000
hair_bum_m_02
  17 -2.820363 66.445389 1.727239 -0.950746 0.195819 0.240283 0.945300 0.801200 1 17 1.000000
  17 -2.632311 66.344803 2.034279 -0.854712 0.128399 0.502972 0.985000 0.803100 1 17 1.000000
  17 -2.574412 67.083351 1.886839 -0.925046 0.263946 0.273172 0.941100 0.896400 1 17 1.000000
hair_bum_m_02
  17 -2.820363 66.445389 1.727239 -0.950746 0.195819 0.240283 0.945300 0.801200 1 17 1.000000
  17 -2.812613 65.673050 1.881993 -0.888090 0.168098 0.427831 0.988700 0.707400 1 17 1.000000
  17 -2.632311 66.344803 2.034279 -0.854712 0.128399 0.502972 0.985000 0.803100 1 17 1.000000
hair_bum_m_02
  17 -2.916220 65.738914 1.597944 -0.951730 0.234217 0.198372 0.954500 0.706300 1 17 1.000000
  17 -2.812613 65.673050 1.881993 -0.888090 0.168098 0.427831 0.988700 0.707400 1 17 1.000000
  17 -2.820363 66.445389 1.727239 -0.950746 0.195819 0.240283 0.945300 0.801200 1 17 1.000000
hair_bum_m_02
  17 -2.916220 65.738914 1.597944 -0.951730 0.234217 0.198372 0.954500 0.706300 1 17 1.000000
  17 -3.128379 65.051193 1.560514 -0.900162 0.190259 0.391804 0.981600 0.611600 1 17 1.000000
  17 -2.812613 65.673050 1.881993 -0.888090 0.168098 0.427831 0.988700 0.707400 1 17 1.000000
hair_bum_m_02
  17 -3.202885 65.098282 1.370609 -0.926886 0.327558 0.183269 0.958600 0.611000 1 17 1.000000
  17 -3.128379 65.051193 1.560514 -0.900162 0.190259 0.391804 0.981600 0.611600 1 17 1.000000
  17 -2.916220 65.738914 1.597944 -0.951730 0.234217 0.198372 0.954500 0.706300 1 17 1.000000
hair_bum_m_02
  17 -3.202885 65.098282 1.370609 -0.926886 0.327558 0.183269 0.958600 0.611000 1 17 1.000000
  17 -3.523107 64.462303 0.830249 -0.931345 0.317607 0.178109 0.947200 0.514800 1 17 1.000000
  17 -3.128379 65.051193 1.560514 -0.900162 0.190259 0.391804 0.981600 0.611600 1 17 1.000000
hair_bum_m_02
  17 -3.180461 65.115463 1.133014 -0.895233 0.444093 -0.036586 0.932000 0.609500 1 17 1.000000
  17 -3.523107 64.462303 0.830249 -0.931345 0.317607 0.178109 0.947200 0.514800 1 17 1.000000
  17 -3.202885 65.098282 1.370609 -0.926886 0.327558 0.183269 0.958600 0.611000 1 17 1.000000
hair_bum_m_02
  17 -3.180461 65.115463 1.133014 -0.895233 0.444093 -0.036586 0.932000 0.609500 1 17 1.000000
  17 -3.202885 65.098282 1.370609 -0.926886 0.327558 0.183269 0.958600 0.611000 1 17 1.000000
  17 -2.901846 65.768745 1.261074 -0.957142 0.286219 -0.044250 0.916800 0.704400 1 17 1.000000
hair_bum_m_02
  17 -2.901846 65.768745 1.261074 -0.957142 0.286219 -0.044250 0.916800 0.704400 1 17 1.000000
  17 -3.202885 65.098282 1.370609 -0.926886 0.327558 0.183269 0.958600 0.611000 1 17 1.000000
  17 -2.916220 65.738914 1.597944 -0.951730 0.234217 0.198372 0.954500 0.706300 1 17 1.000000
hair_bum_m_02
  17 -2.901846 65.768745 1.261074 -0.957142 0.286219 -0.044250 0.916800 0.704400 1 17 1.000000
  17 -2.916220 65.738914 1.597944 -0.951730 0.234217 0.198372 0.954500 0.706300 1 17 1.000000
  17 -2.781266 66.454102 1.321019 -0.968046 0.247099 -0.042765 0.905500 0.799700 1 17 1.000000
hair_bum_m_02
  17 -2.781266 66.454102 1.321019 -0.968046 0.247099 -0.042765 0.905500 0.799700 1 17 1.000000
  17 -2.916220 65.738914 1.597944 -0.951730 0.234217 0.198372 0.954500 0.706300 1 17 1.000000
  17 -2.820363 66.445389 1.727239 -0.950746 0.195819 0.240283 0.945300 0.801200 1 17 1.000000
hair_bum_m_02
  17 -2.781266 66.454102 1.321019 -0.968046 0.247099 -0.042765 0.905500 0.799700 1 17 1.000000
  17 -2.820363 66.445389 1.727239 -0.950746 0.195819 0.240283 0.945300 0.801200 1 17 1.000000
  17 -2.578677 67.116081 1.449174 -0.943505 0.330579 -0.022707 0.909100 0.895600 1 17 1.000000
hair_bum_m_02
  17 -2.578677 67.116081 1.449174 -0.943505 0.330579 -0.022707 0.909100 0.895600 1 17 1.000000
  17 -2.820363 66.445389 1.727239 -0.950746 0.195819 0.240283 0.945300 0.801200 1 17 1.000000
  17 -2.574412 67.083351 1.886839 -0.925046 0.263946 0.273172 0.941100 0.896400 1 17 1.000000
hair_bum_m_02
  17 -1.662575 65.526451 4.521201 -0.472152 0.171106 0.864751 0.958600 0.611000 1 17 1.000000
  17 -2.167591 64.851616 4.176709 -0.552885 -0.011569 0.833177 0.947200 0.514800 1 17 1.000000
  17 -1.503682 65.408936 4.590498 -0.355131 0.078256 0.931535 0.981600 0.611600 1 17 1.000000
hair_bum_m_02
  17 -1.841677 65.571411 4.368917 -0.575913 0.258833 0.775454 0.932000 0.609500 1 17 1.000000
  17 -2.167591 64.851616 4.176709 -0.552885 -0.011569 0.833177 0.947200 0.514800 1 17 1.000000
  17 -1.662575 65.526451 4.521201 -0.472152 0.171106 0.864751 0.958600 0.611000 1 17 1.000000
hair_bum_m_02
  17 -1.841677 65.571411 4.368917 -0.575913 0.258833 0.775454 0.932000 0.609500 1 17 1.000000
  17 -1.662575 65.526451 4.521201 -0.472152 0.171106 0.864751 0.958600 0.611000 1 17 1.000000
  17 -1.412656 66.299980 4.248286 -0.407214 0.598994 0.689480 0.916800 0.704400 1 17 1.000000
hair_bum_m_02
  17 -1.412656 66.299980 4.248286 -0.407214 0.598994 0.689480 0.916800 0.704400 1 17 1.000000
  17 -1.662575 65.526451 4.521201 -0.472152 0.171106 0.864751 0.958600 0.611000 1 17 1.000000
  17 -1.155383 66.221687 4.453806 -0.229291 0.520484 0.822510 0.954500 0.706300 1 17 1.000000
hair_bum_m_02
  17 -1.412656 66.299980 4.248286 -0.407214 0.598994 0.689480 0.916800 0.704400 1 17 1.000000
  17 -1.155383 66.221687 4.453806 -0.229291 0.520484 0.822510 0.954500 0.706300 1 17 1.000000
  17 -0.859830 66.886246 3.770051 -0.251036 0.783019 0.569089 0.905500 0.799700 1 17 1.000000
hair_bum_m_02
  17 -0.859830 66.886246 3.770051 -0.251036 0.783019 0.569089 0.905500 0.799700 1 17 1.000000
  17 -1.155383 66.221687 4.453806 -0.229291 0.520484 0.822510 0.954500 0.706300 1 17 1.000000
  17 -0.601826 66.831146 3.990561 -0.033307 0.696663 0.716625 0.945300 0.801200 1 17 1.000000
hair_bum_m_02
  17 -0.859830 66.886246 3.770051 -0.251036 0.783019 0.569089 0.905500 0.799700 1 17 1.000000
  17 -0.601826 66.831146 3.990561 -0.033307 0.696663 0.716625 0.945300 0.801200 1 17 1.000000
  17 -0.231479 67.394386 3.277206 -0.201736 0.816934 0.540298 0.909100 0.895600 1 17 1.000000
hair_bum_m_02
  17 -0.231479 67.394386 3.277206 -0.201736 0.816934 0.540298 0.909100 0.895600 1 17 1.000000
  17 -0.601826 66.831146 3.990561 -0.033307 0.696663 0.716625 0.945300 0.801200 1 17 1.000000
  17 -0.009482 67.313446 3.441616 0.005167 0.722105 0.691764 0.941100 0.896400 1 17 1.000000
hair_bum_m_02
  17 -0.601826 66.831146 3.990561 -0.033307 0.696663 0.716625 0.945300 0.801200 1 17 1.000000
  17 0.214062 67.158264 3.535438 0.211684 0.573304 0.791525 0.973000 0.898400 1 17 1.000000
  17 -0.009482 67.313446 3.441616 0.005167 0.722105 0.691764 0.941100 0.896400 1 17 1.000000
hair_bum_m_02
  17 -0.336631 66.593903 4.050266 0.186619 0.557190 0.809143 0.985000 0.803100 1 17 1.000000
  17 0.214062 67.158264 3.535438 0.211684 0.573304 0.791525 0.973000 0.898400 1 17 1.000000
  17 -0.601826 66.831146 3.990561 -0.033307 0.696663 0.716625 0.945300 0.801200 1 17 1.000000
hair_bum_m_02
  17 -1.155383 66.221687 4.453806 -0.229291 0.520484 0.822510 0.954500 0.706300 1 17 1.000000
  17 -0.336631 66.593903 4.050266 0.186619 0.557190 0.809143 0.985000 0.803100 1 17 1.000000
  17 -0.601826 66.831146 3.990561 -0.033307 0.696663 0.716625 0.945300 0.801200 1 17 1.000000
hair_bum_m_02
  17 -0.918005 66.054443 4.560620 -0.036515 0.411760 0.910560 0.988700 0.707400 1 17 1.000000
  17 -0.336631 66.593903 4.050266 0.186619 0.557190 0.809143 0.985000 0.803100 1 17 1.000000
  17 -1.155383 66.221687 4.453806 -0.229291 0.520484 0.822510 0.954500 0.706300 1 17 1.000000
hair_bum_m_02
  17 -1.155383 66.221687 4.453806 -0.229291 0.520484 0.822510 0.954500 0.706300 1 17 1.000000
  17 -1.503682 65.408936 4.590498 -0.355131 0.078256 0.931535 0.981600 0.611600 1 17 1.000000
  17 -0.918005 66.054443 4.560620 -0.036515 0.411760 0.910560 0.988700 0.707400 1 17 1.000000
hair_bum_m_02
  17 -1.662575 65.526451 4.521201 -0.472152 0.171106 0.864751 0.958600 0.611000 1 17 1.000000
  17 -1.503682 65.408936 4.590498 -0.355131 0.078256 0.931535 0.981600 0.611600 1 17 1.000000
  17 -1.155383 66.221687 4.453806 -0.229291 0.520484 0.822510 0.954500 0.706300 1 17 1.000000
hair_bum_m_02
  17 -2.073814 65.775375 3.858038 -0.807774 0.127435 0.575553 0.932000 0.609500 1 17 1.000000
  17 -2.210991 65.184982 3.563745 -0.750954 -0.166169 0.639106 0.947200 0.514800 1 17 1.000000
  17 -1.973614 65.789207 3.999775 -0.738354 0.064155 0.671355 0.958600 0.611000 1 17 1.000000
hair_bum_m_02
  17 -1.973614 65.789207 3.999775 -0.738354 0.064155 0.671355 0.958600 0.611000 1 17 1.000000
  17 -2.210991 65.184982 3.563745 -0.750954 -0.166169 0.639106 0.947200 0.514800 1 17 1.000000
  17 -1.862898 65.744118 4.094887 -0.655430 -0.000433 0.755255 0.981600 0.611600 1 17 1.000000
hair_bum_m_02
  17 -1.973614 65.789207 3.999775 -0.738354 0.064155 0.671355 0.958600 0.611000 1 17 1.000000
  17 -1.862898 65.744118 4.094887 -0.655430 -0.000433 0.755255 0.981600 0.611600 1 17 1.000000
  17 -1.646662 66.379311 4.072033 -0.568547 0.539558 0.620992 0.954500 0.706300 1 17 1.000000
hair_bum_m_02
  17 -1.646662 66.379311 4.072033 -0.568547 0.539558 0.620992 0.954500 0.706300 1 17 1.000000
  17 -1.862898 65.744118 4.094887 -0.655430 -0.000433 0.755255 0.981600 0.611600 1 17 1.000000
  17 -1.426943 66.296341 4.264210 -0.409667 0.486445 0.771715 0.988700 0.707400 1 17 1.000000
hair_bum_m_02
  17 -1.426943 66.296341 4.264210 -0.409667 0.486445 0.771715 0.988700 0.707400 1 17 1.000000
  17 -0.986815 66.713585 3.917956 -0.160017 0.720558 0.674679 0.985000 0.803100 1 17 1.000000
  17 -1.646662 66.379311 4.072033 -0.568547 0.539558 0.620992 0.954500 0.706300 1 17 1.000000
hair_bum_m_02
  17 -1.646662 66.379311 4.072033 -0.568547 0.539558 0.620992 0.954500 0.706300 1 17 1.000000
  17 -0.986815 66.713585 3.917956 -0.160017 0.720558 0.674679 0.985000 0.803100 1 17 1.000000
  17 -1.252033 66.858116 3.745725 -0.364494 0.783549 0.503185 0.945300 0.801200 1 17 1.000000
hair_bum_m_02
  17 -0.986815 66.713585 3.917956 -0.160017 0.720558 0.674679 0.985000 0.803100 1 17 1.000000
  17 -0.596086 67.153656 3.539444 -0.127816 0.742592 0.657434 0.973000 0.898400 1 17 1.000000
  17 -1.252033 66.858116 3.745725 -0.364494 0.783549 0.503185 0.945300 0.801200 1 17 1.000000
hair_bum_m_02
  17 -1.252033 66.858116 3.745725 -0.364494 0.783549 0.503185 0.945300 0.801200 1 17 1.000000
  17 -0.596086 67.153656 3.539444 -0.127816 0.742592 0.657434 0.973000 0.898400 1 17 1.000000
  17 -0.783631 67.223465 3.381555 -0.324175 0.814898 0.480470 0.941100 0.896400 1 17 1.000000
hair_bum_m_02
  17 -0.943389 67.225739 3.182849 -0.496187 0.826005 0.267421 0.909100 0.895600 1 17 1.000000
  17 -1.252033 66.858116 3.745725 -0.364494 0.783549 0.503185 0.945300 0.801200 1 17 1.000000
  17 -0.783631 67.223465 3.381555 -0.324175 0.814898 0.480470 0.941100 0.896400 1 17 1.000000
hair_bum_m_02
  17 -1.436913 66.806992 3.455823 -0.541763 0.787593 0.293581 0.905500 0.799700 1 17 1.000000
  17 -1.252033 66.858116 3.745725 -0.364494 0.783549 0.503185 0.945300 0.801200 1 17 1.000000
  17 -0.943389 67.225739 3.182849 -0.496187 0.826005 0.267421 0.909100 0.895600 1 17 1.000000
hair_bum_m_02
  17 -1.845416 66.366364 3.807325 -0.696298 0.565039 0.442607 0.916800 0.704400 1 17 1.000000
  17 -1.252033 66.858116 3.745725 -0.364494 0.783549 0.503185 0.945300 0.801200 1 17 1.000000
  17 -1.436913 66.806992 3.455823 -0.541763 0.787593 0.293581 0.905500 0.799700 1 17 1.000000
hair_bum_m_02
  17 -1.646662 66.379311 4.072033 -0.568547 0.539558 0.620992 0.954500 0.706300 1 17 1.000000
  17 -1.252033 66.858116 3.745725 -0.364494 0.783549 0.503185 0.945300 0.801200 1 17 1.000000
  17 -1.845416 66.366364 3.807325 -0.696298 0.565039 0.442607 0.916800 0.704400 1 17 1.000000
hair_bum_m_02
  17 -1.845416 66.366364 3.807325 -0.696298 0.565039 0.442607 0.916800 0.704400 1 17 1.000000
  17 -1.973614 65.789207 3.999775 -0.738354 0.064155 0.671355 0.958600 0.611000 1 17 1.000000
  17 -1.646662 66.379311 4.072033 -0.568547 0.539558 0.620992 0.954500 0.706300 1 17 1.000000
hair_bum_m_02
  17 -2.073814 65.775375 3.858038 -0.807774 0.127435 0.575553 0.932000 0.609500 1 17 1.000000
  17 -1.973614 65.789207 3.999775 -0.738354 0.064155 0.671355 0.958600 0.611000 1 17 1.000000
  17 -1.845416 66.366364 3.807325 -0.696298 0.565039 0.442607 0.916800 0.704400 1 17 1.000000
hair_bum_m_02
  17 -3.255320 65.659119 1.993824 -0.765230 0.643681 0.009887 0.932000 0.609500 1 17 1.000000
  17 -3.719836 65.180275 1.503425 -0.836825 0.514941 0.185903 0.947200 0.514800 1 17 1.000000
  17 -3.282333 65.629021 2.229762 -0.843320 0.502283 0.191109 0.958600 0.611000 1 17 1.000000
hair_bum_m_02
  17 -3.282333 65.629021 2.229762 -0.843320 0.502283 0.191109 0.958600 0.611000 1 17 1.000000
  17 -3.719836 65.180275 1.503425 -0.836825 0.514941 0.185903 0.947200 0.514800 1 17 1.000000
  17 -3.245832 65.526451 2.408563 -0.871706 0.331554 0.360833 0.981600 0.611600 1 17 1.000000
hair_bum_m_02
  17 -3.282333 65.629021 2.229762 -0.843320 0.502283 0.191109 0.958600 0.611000 1 17 1.000000
  17 -3.245832 65.526451 2.408563 -0.871706 0.331554 0.360833 0.981600 0.611600 1 17 1.000000
  17 -2.865407 66.175537 2.645186 -0.785051 0.568066 0.246974 0.954500 0.706300 1 17 1.000000
hair_bum_m_02
  17 -2.865407 66.175537 2.645186 -0.785051 0.568066 0.246974 0.954500 0.706300 1 17 1.000000
  17 -3.245832 65.526451 2.408563 -0.871706 0.331554 0.360833 0.981600 0.611600 1 17 1.000000
  17 -2.814540 66.030251 2.913598 -0.758969 0.456670 0.464132 0.988700 0.707400 1 17 1.000000
hair_bum_m_02
  17 -2.814540 66.030251 2.913598 -0.758969 0.456670 0.464132 0.988700 0.707400 1 17 1.000000
  17 -2.201749 66.551254 3.058984 -0.613482 0.558322 0.558495 0.985000 0.803100 1 17 1.000000
  17 -2.865407 66.175537 2.645186 -0.785051 0.568066 0.246974 0.954500 0.706300 1 17 1.000000
hair_bum_m_02
  17 -2.865407 66.175537 2.645186 -0.785051 0.568066 0.246974 0.954500 0.706300 1 17 1.000000
  17 -2.201749 66.551254 3.058984 -0.613482 0.558322 0.558495 0.985000 0.803100 1 17 1.000000
  17 -2.310977 66.763496 2.788400 -0.665315 0.677092 0.314487 0.945300 0.801200 1 17 1.000000
hair_bum_m_02
  17 -2.201749 66.551254 3.058984 -0.613482 0.558322 0.558495 0.985000 0.803100 1 17 1.000000
  17 -1.603210 67.094360 3.174616 -0.582094 0.580247 0.569632 0.973000 0.898400 1 17 1.000000
  17 -2.310977 66.763496 2.788400 -0.665315 0.677092 0.314487 0.945300 0.801200 1 17 1.000000
hair_bum_m_02
  17 -2.310977 66.763496 2.788400 -0.665315 0.677092 0.314487 0.945300 0.801200 1 17 1.000000
  17 -1.603210 67.094360 3.174616 -0.582094 0.580247 0.569632 0.973000 0.898400 1 17 1.000000
  17 -1.656078 67.229301 2.925917 -0.619179 0.711412 0.332432 0.941100 0.896400 1 17 1.000000
hair_bum_m_02
  17 -1.644574 67.291206 2.645080 -0.609922 0.789332 0.070352 0.909100 0.895600 1 17 1.000000
  17 -2.310977 66.763496 2.788400 -0.665315 0.677092 0.314487 0.945300 0.801200 1 17 1.000000
  17 -1.656078 67.229301 2.925917 -0.619179 0.711412 0.332432 0.941100 0.896400 1 17 1.000000
hair_bum_m_02
  17 -2.269997 66.797447 2.448751 -0.666309 0.744263 0.045881 0.905500 0.799700 1 17 1.000000
  17 -2.310977 66.763496 2.788400 -0.665315 0.677092 0.314487 0.945300 0.801200 1 17 1.000000
  17 -1.644574 67.291206 2.645080 -0.609922 0.789332 0.070352 0.909100 0.895600 1 17 1.000000
hair_bum_m_02
  17 -2.269997 66.797447 2.448751 -0.666309 0.744263 0.045881 0.905500 0.799700 1 17 1.000000
  17 -2.865407 66.175537 2.645186 -0.785051 0.568066 0.246974 0.954500 0.706300 1 17 1.000000
  17 -2.310977 66.763496 2.788400 -0.665315 0.677092 0.314487 0.945300 0.801200 1 17 1.000000
hair_bum_m_02
  17 -2.838529 66.232224 2.312540 -0.764327 0.644591 0.017533 0.916800 0.704400 1 17 1.000000
  17 -2.865407 66.175537 2.645186 -0.785051 0.568066 0.246974 0.954500 0.706300 1 17 1.000000
  17 -2.269997 66.797447 2.448751 -0.666309 0.744263 0.045881 0.905500 0.799700 1 17 1.000000
hair_bum_m_02
  17 -2.838529 66.232224 2.312540 -0.764327 0.644591 0.017533 0.916800 0.704400 1 17 1.000000
  17 -3.282333 65.629021 2.229762 -0.843320 0.502283 0.191109 0.958600 0.611000 1 17 1.000000
  17 -2.865407 66.175537 2.645186 -0.785051 0.568066 0.246974 0.954500 0.706300 1 17 1.000000
hair_bum_m_02
  17 -3.255320 65.659119 1.993824 -0.765230 0.643681 0.009887 0.932000 0.609500 1 17 1.000000
  17 -3.282333 65.629021 2.229762 -0.843320 0.502283 0.191109 0.958600 0.611000 1 17 1.000000
  17 -2.838529 66.232224 2.312540 -0.764327 0.644591 0.017533 0.916800 0.704400 1 17 1.000000
baseball_cap_05
  17 -0.368278 69.406158 -1.689801 0.225114 -0.804377 0.549819 0.927571 0.123231 1 17 1.000000
  17 0.313083 69.406158 -1.689801 -0.225050 -0.804305 0.549951 0.931037 0.074636 1 17 1.000000
  17 -0.026752 70.177315 -0.191384 0.000023 -0.943135 0.332411 0.974644 0.099219 1 17 1.000000
baseball_cap_05
  17 -0.368278 69.406158 -1.689801 0.225114 -0.804377 0.549819 0.927571 0.123231 1 17 1.000000
  17 -0.845173 69.514725 -1.117175 0.336051 -0.843297 0.419427 0.924312 0.165864 1 17 1.000000
  17 -0.675611 68.747841 -2.264670 0.239408 -0.585478 0.774531 0.892285 0.120683 1 17 1.000000
baseball_cap_05
  17 -0.845173 69.514725 -1.117175 0.336051 -0.843297 0.419427 0.924312 0.165864 1 17 1.000000
  17 -0.368278 69.406158 -1.689801 0.225114 -0.804377 0.549819 0.927571 0.123231 1 17 1.000000
  17 -0.026752 70.177315 -0.191384 0.000023 -0.943135 0.332411 0.974644 0.143344 1 17 1.000000
baseball_cap_05
  17 -0.988840 69.869690 -0.144025 0.370994 -0.849136 0.375941 0.929114 0.212041 1 17 1.000000
  17 -0.845173 69.514725 -1.117175 0.336051 -0.843297 0.419427 0.924312 0.165864 1 17 1.000000
  17 -0.026752 70.177315 -0.191384 0.000023 -0.943135 0.332411 0.974644 0.187470 1 17 1.000000
baseball_cap_05
  17 -0.818981 70.179443 0.291899 0.286671 -0.948341 0.135897 0.930519 0.253658 1 17 1.000000
  17 -0.988840 69.869690 -0.144025 0.370994 -0.849136 0.375941 0.929114 0.212041 1 17 1.000000
  17 -0.026752 70.177315 -0.191384 0.000023 -0.943135 0.332411 0.974644 0.231595 1 17 1.000000
baseball_cap_05
  17 -0.332737 70.249626 0.573414 0.081266 -0.978884 -0.187570 0.930519 0.297783 1 17 1.000000
  17 -0.818981 70.179443 0.291899 0.286671 -0.948341 0.135897 0.930519 0.253658 1 17 1.000000
  17 -0.026752 70.177315 -0.191384 0.000023 -0.943135 0.332411 0.974644 0.275720 1 17 1.000000
baseball_cap_05
  17 -0.873136 67.932480 -2.608496 0.195258 -0.366291 0.909783 0.852186 0.123857 1 17 1.000000
  17 -2.501780 67.221718 -1.978591 0.821330 -0.223050 0.525038 0.802640 0.165907 1 17 1.000000
  17 -0.966533 66.915062 -2.884148 0.263262 -0.127752 0.956228 0.802393 0.124124 1 17 1.000000
baseball_cap_05
  17 -2.241246 68.201950 -1.994534 0.683048 -0.464728 0.563448 0.851142 0.172788 1 17 1.000000
  17 -2.501780 67.221718 -1.978591 0.821330 -0.223050 0.525038 0.802640 0.165907 1 17 1.000000
  17 -0.873136 67.932480 -2.608496 0.195258 -0.366291 0.909783 0.852186 0.123857 1 17 1.000000
baseball_cap_05
  17 -0.675611 68.747841 -2.264670 0.239408 -0.585478 0.774531 0.892285 0.120683 1 17 1.000000
  17 -2.241246 68.201950 -1.994534 0.683048 -0.464728 0.563448 0.851142 0.172788 1 17 1.000000
  17 -0.873136 67.932480 -2.608496 0.195258 -0.366291 0.909783 0.852186 0.123857 1 17 1.000000
baseball_cap_05
  17 -1.724118 68.954361 -1.445080 0.484939 -0.721396 0.494391 0.885607 0.176439 1 17 1.000000
  17 -2.241246 68.201950 -1.994534 0.683048 -0.464728 0.563448 0.851142 0.172788 1 17 1.000000
  17 -0.675611 68.747841 -2.264670 0.239408 -0.585478 0.774531 0.892285 0.120683 1 17 1.000000
baseball_cap_05
  17 -0.675611 68.747841 -2.264670 0.239408 -0.585478 0.774531 0.892285 0.120683 1 17 1.000000
  17 -0.845173 69.514725 -1.117175 0.336051 -0.843297 0.419427 0.924312 0.165864 1 17 1.000000
  17 -1.724118 68.954361 -1.445080 0.484939 -0.721396 0.494391 0.885607 0.176439 1 17 1.000000
baseball_cap_05
  17 -0.845173 69.514725 -1.117175 0.336051 -0.843297 0.419427 0.924312 0.165864 1 17 1.000000
  17 -1.856751 69.467934 -0.043858 0.641784 -0.739668 0.202495 0.886365 0.211204 1 17 1.000000
  17 -1.724118 68.954361 -1.445080 0.484939 -0.721396 0.494391 0.885607 0.176439 1 17 1.000000
baseball_cap_05
  17 -0.988840 69.869690 -0.144025 0.370994 -0.849136 0.375941 0.929114 0.212041 1 17 1.000000
  17 -1.856751 69.467934 -0.043858 0.641784 -0.739668 0.202495 0.886365 0.211204 1 17 1.000000
  17 -0.845173 69.514725 -1.117175 0.336051 -0.843297 0.419427 0.924312 0.165864 1 17 1.000000
baseball_cap_05
  17 -0.988840 69.869690 -0.144025 0.370994 -0.849136 0.375941 0.929114 0.212041 1 17 1.000000
  17 -1.552626 69.859924 0.721948 0.534079 -0.819267 -0.208714 0.886394 0.253658 1 17 1.000000
  17 -1.856751 69.467934 -0.043858 0.641784 -0.739668 0.202495 0.886365 0.211204 1 17 1.000000
baseball_cap_05
  17 -0.818981 70.179443 0.291899 0.286671 -0.948341 0.135897 0.930519 0.253658 1 17 1.000000
  17 -1.552626 69.859924 0.721948 0.534079 -0.819267 -0.208714 0.886394 0.253658 1 17 1.000000
  17 -0.988840 69.869690 -0.144025 0.370994 -0.849136 0.375941 0.929114 0.212041 1 17 1.000000
baseball_cap_05
  17 -0.818981 70.179443 0.291899 0.286671 -0.948341 0.135897 0.930519 0.253658 1 17 1.000000
  17 -0.621450 69.798065 1.280286 0.171351 -0.834956 -0.522959 0.888666 0.296442 1 17 1.000000
  17 -1.552626 69.859924 0.721948 0.534079 -0.819267 -0.208714 0.886394 0.253658 1 17 1.000000
baseball_cap_05
  17 -0.332737 70.249626 0.573414 0.081266 -0.978884 -0.187570 0.930519 0.297783 1 17 1.000000
  17 -0.621450 69.798065 1.280286 0.171351 -0.834956 -0.522959 0.888666 0.296442 1 17 1.000000
  17 -0.818981 70.179443 0.291899 0.286671 -0.948341 0.135897 0.930519 0.253658 1 17 1.000000
baseball_cap_05
  17 -0.332737 70.249626 0.573414 0.081266 -0.978884 -0.187570 0.930519 0.297783 1 17 1.000000
  17 0.278900 70.249626 0.573414 -0.081263 -0.978878 -0.187599 0.930519 0.341909 1 17 1.000000
  17 -0.621450 69.798065 1.280286 0.171351 -0.834956 -0.522959 0.888666 0.296442 1 17 1.000000
baseball_cap_05
  17 0.278900 70.249626 0.573414 -0.081263 -0.978878 -0.187599 0.930519 0.341909 1 17 1.000000
  17 -0.332737 70.249626 0.573414 0.081266 -0.978884 -0.187570 0.930519 0.297783 1 17 1.000000
  17 -0.026752 70.177315 -0.191384 0.000023 -0.943135 0.332411 0.974644 0.319846 1 17 1.000000
baseball_cap_05
  17 0.765272 70.179443 0.291899 -0.286670 -0.948357 0.135788 0.930519 0.386034 1 17 1.000000
  17 0.278900 70.249626 0.573414 -0.081263 -0.978878 -0.187599 0.930519 0.341909 1 17 1.000000
  17 -0.026752 70.177315 -0.191384 0.000023 -0.943135 0.332411 0.974644 0.363971 1 17 1.000000
baseball_cap_05
  17 0.935336 69.869690 -0.144025 -0.371024 -0.849100 0.375993 0.930519 0.430159 1 17 1.000000
  17 0.765272 70.179443 0.291899 -0.286670 -0.948357 0.135788 0.930519 0.386034 1 17 1.000000
  17 -0.026752 70.177315 -0.191384 0.000023 -0.943135 0.332411 0.974644 0.408096 1 17 1.000000
baseball_cap_05
  17 1.922747 69.060806 1.163451 -0.688138 -0.604362 -0.401514 0.842268 0.386034 1 17 1.000000
  17 1.803248 69.467934 -0.043858 -0.640955 -0.740215 0.203121 0.886393 0.430159 1 17 1.000000
  17 2.296690 68.829308 0.234936 -0.857457 -0.514540 0.004031 0.842268 0.430159 1 17 1.000000
baseball_cap_05
  17 1.498767 69.859924 0.721948 -0.533391 -0.819780 -0.208459 0.886394 0.386034 1 17 1.000000
  17 1.803248 69.467934 -0.043858 -0.640955 -0.740215 0.203121 0.886393 0.430159 1 17 1.000000
  17 1.922747 69.060806 1.163451 -0.688138 -0.604362 -0.401514 0.842268 0.386034 1 17 1.000000
baseball_cap_05
  17 1.498767 69.859924 0.721948 -0.533391 -0.819780 -0.208459 0.886394 0.386034 1 17 1.000000
  17 0.935336 69.869690 -0.144025 -0.371024 -0.849100 0.375993 0.930519 0.430159 1 17 1.000000
  17 1.803248 69.467934 -0.043858 -0.640955 -0.740215 0.203121 0.886393 0.430159 1 17 1.000000
baseball_cap_05
  17 0.765272 70.179443 0.291899 -0.286670 -0.948357 0.135788 0.930519 0.386034 1 17 1.000000
  17 0.935336 69.869690 -0.144025 -0.371024 -0.849100 0.375993 0.930519 0.430159 1 17 1.000000
  17 1.498767 69.859924 0.721948 -0.533391 -0.819780 -0.208459 0.886394 0.386034 1 17 1.000000
baseball_cap_05
  17 0.567354 69.798065 1.280286 -0.171149 -0.835026 -0.522915 0.886394 0.341908 1 17 1.000000
  17 0.765272 70.179443 0.291899 -0.286670 -0.948357 0.135788 0.930519 0.386034 1 17 1.000000
  17 1.498767 69.859924 0.721948 -0.533391 -0.819780 -0.208459 0.886394 0.386034 1 17 1.000000
baseball_cap_05
  17 0.278900 70.249626 0.573414 -0.081263 -0.978878 -0.187599 0.930519 0.341909 1 17 1.000000
  17 0.765272 70.179443 0.291899 -0.286670 -0.948357 0.135788 0.930519 0.386034 1 17 1.000000
  17 0.567354 69.798065 1.280286 -0.171149 -0.835026 -0.522915 0.886394 0.341908 1 17 1.000000
baseball_cap_05
  17 -0.621450 69.798065 1.280286 0.171351 -0.834956 -0.522959 0.888666 0.296442 1 17 1.000000
  17 0.278900 70.249626 0.573414 -0.081263 -0.978878 -0.187599 0.930519 0.341909 1 17 1.000000
  17 0.567354 69.798065 1.280286 -0.171149 -0.835026 -0.522915 0.886394 0.341908 1 17 1.000000
baseball_cap_05
  17 1.498767 69.859924 0.721948 -0.533391 -0.819780 -0.208459 0.886394 0.386034 1 17 1.000000
  17 1.922747 69.060806 1.163451 -0.688138 -0.604362 -0.401514 0.842268 0.386034 1 17 1.000000
  17 0.567354 69.798065 1.280286 -0.171149 -0.835026 -0.522915 0.886394 0.341908 1 17 1.000000
baseball_cap_05
  17 -2.241246 68.201950 -1.994534 0.683048 -0.464728 0.563448 0.851142 0.172788 1 17 1.000000
  17 -2.750293 67.984818 0.632841 0.935907 -0.347072 -0.060164 0.798143 0.209532 1 17 1.000000
  17 -2.501780 67.221718 -1.978591 0.821330 -0.223050 0.525038 0.802640 0.165907 1 17 1.000000
baseball_cap_05
  17 -2.347216 68.829308 0.234936 0.864573 -0.502502 0.002407 0.844780 0.209089 1 17 1.000000
  17 -2.750293 67.984818 0.632841 0.935907 -0.347072 -0.060164 0.798143 0.209532 1 17 1.000000
  17 -2.241246 68.201950 -1.994534 0.683048 -0.464728 0.563448 0.851142 0.172788 1 17 1.000000
baseball_cap_05
  17 -1.724118 68.954361 -1.445080 0.484939 -0.721396 0.494391 0.885607 0.176439 1 17 1.000000
  17 -2.347216 68.829308 0.234936 0.864573 -0.502502 0.002407 0.844780 0.209089 1 17 1.000000
  17 -2.241246 68.201950 -1.994534 0.683048 -0.464728 0.563448 0.851142 0.172788 1 17 1.000000
baseball_cap_05
  17 -1.856751 69.467934 -0.043858 0.641784 -0.739668 0.202495 0.886365 0.211204 1 17 1.000000
  17 -2.347216 68.829308 0.234936 0.864573 -0.502502 0.002407 0.844780 0.209089 1 17 1.000000
  17 -1.724118 68.954361 -1.445080 0.484939 -0.721396 0.494391 0.885607 0.176439 1 17 1.000000
baseball_cap_05
  17 -1.856751 69.467934 -0.043858 0.641784 -0.739668 0.202495 0.886365 0.211204 1 17 1.000000
  17 -1.973691 69.060806 1.163451 0.690611 -0.600025 -0.403766 0.844031 0.253613 1 17 1.000000
  17 -2.347216 68.829308 0.234936 0.864573 -0.502502 0.002407 0.844780 0.209089 1 17 1.000000
baseball_cap_05
  17 -1.552626 69.859924 0.721948 0.534079 -0.819267 -0.208714 0.886394 0.253658 1 17 1.000000
  17 -1.973691 69.060806 1.163451 0.690611 -0.600025 -0.403766 0.844031 0.253613 1 17 1.000000
  17 -1.856751 69.467934 -0.043858 0.641784 -0.739668 0.202495 0.886365 0.211204 1 17 1.000000
baseball_cap_05
  17 -1.552626 69.859924 0.721948 0.534079 -0.819267 -0.208714 0.886394 0.253658 1 17 1.000000
  17 -0.621450 69.798065 1.280286 0.171351 -0.834956 -0.522959 0.888666 0.296442 1 17 1.000000
  17 -1.973691 69.060806 1.163451 0.690611 -0.600025 -0.403766 0.844031 0.253613 1 17 1.000000
baseball_cap_05
  17 -1.973691 69.060806 1.163451 0.690611 -0.600025 -0.403766 0.844031 0.253613 1 17 1.000000
  17 -0.621450 69.798065 1.280286 0.171351 -0.834956 -0.522959 0.888666 0.296442 1 17 1.000000
  17 -0.802634 69.293007 2.026084 0.261632 -0.712958 -0.650569 0.845194 0.297229 1 17 1.000000
baseball_cap_05
  17 -0.621450 69.798065 1.280286 0.171351 -0.834956 -0.522959 0.888666 0.296442 1 17 1.000000
  17 0.567354 69.798065 1.280286 -0.171149 -0.835026 -0.522915 0.886394 0.341908 1 17 1.000000
  17 -0.802634 69.293007 2.026084 0.261632 -0.712958 -0.650569 0.845194 0.297229 1 17 1.000000
baseball_cap_05
  17 -0.802634 69.293007 2.026084 0.261632 -0.712958 -0.650569 0.845194 0.297229 1 17 1.000000
  17 0.567354 69.798065 1.280286 -0.171149 -0.835026 -0.522915 0.886394 0.341908 1 17 1.000000
  17 0.748538 69.293007 2.026084 -0.260648 -0.714371 -0.649413 0.842268 0.341908 1 17 1.000000
baseball_cap_05
  17 0.567354 69.798065 1.280286 -0.171149 -0.835026 -0.522915 0.886394 0.341908 1 17 1.000000
  17 1.922747 69.060806 1.163451 -0.688138 -0.604362 -0.401514 0.842268 0.386034 1 17 1.000000
  17 0.748538 69.293007 2.026084 -0.260648 -0.714371 -0.649413 0.842268 0.341908 1 17 1.000000
baseball_cap_05
  17 1.922747 69.060806 1.163451 -0.688138 -0.604362 -0.401514 0.842268 0.386034 1 17 1.000000
  17 2.176168 68.242271 1.663628 -0.732482 -0.465073 -0.497169 0.798143 0.386034 1 17 1.000000
  17 0.748538 69.293007 2.026084 -0.260648 -0.714371 -0.649413 0.842268 0.341908 1 17 1.000000
baseball_cap_05
  17 1.922747 69.060806 1.163451 -0.688138 -0.604362 -0.401514 0.842268 0.386034 1 17 1.000000
  17 2.711933 67.984818 0.632841 -0.933238 -0.353333 -0.064985 0.798142 0.430159 1 17 1.000000
  17 2.176168 68.242271 1.663628 -0.732482 -0.465073 -0.497169 0.798143 0.386034 1 17 1.000000
baseball_cap_05
  17 2.296690 68.829308 0.234936 -0.857457 -0.514540 0.004031 0.842268 0.430159 1 17 1.000000
  17 2.711933 67.984818 0.632841 -0.933238 -0.353333 -0.064985 0.798142 0.430159 1 17 1.000000
  17 1.922747 69.060806 1.163451 -0.688138 -0.604362 -0.401514 0.842268 0.386034 1 17 1.000000
baseball_cap_05
  17 2.296690 68.829308 0.234936 -0.857457 -0.514540 0.004031 0.842268 0.430159 1 17 1.000000
  17 2.186052 68.201950 -1.994534 -0.669941 -0.483469 0.563415 0.842199 0.467254 1 17 1.000000
  17 2.711933 67.984818 0.632841 -0.933238 -0.353333 -0.064985 0.798142 0.430159 1 17 1.000000
baseball_cap_05
  17 2.296690 68.829308 0.234936 -0.857457 -0.514540 0.004031 0.842268 0.430159 1 17 1.000000
  17 1.668922 68.954361 -1.445080 -0.484509 -0.721387 0.494825 0.881715 0.461259 1 17 1.000000
  17 2.186052 68.201950 -1.994534 -0.669941 -0.483469 0.563415 0.842199 0.467254 1 17 1.000000
baseball_cap_05
  17 1.803248 69.467934 -0.043858 -0.640955 -0.740215 0.203121 0.886393 0.430159 1 17 1.000000
  17 1.668922 68.954361 -1.445080 -0.484509 -0.721387 0.494825 0.881715 0.461259 1 17 1.000000
  17 2.296690 68.829308 0.234936 -0.857457 -0.514540 0.004031 0.842268 0.430159 1 17 1.000000
baseball_cap_05
  17 1.803248 69.467934 -0.043858 -0.640955 -0.740215 0.203121 0.886393 0.430159 1 17 1.000000
  17 0.791076 69.514725 -1.117175 -0.336018 -0.843179 0.419692 0.930402 0.463450 1 17 1.000000
  17 1.668922 68.954361 -1.445080 -0.484509 -0.721387 0.494825 0.881715 0.461259 1 17 1.000000
baseball_cap_05
  17 0.935336 69.869690 -0.144025 -0.371024 -0.849100 0.375993 0.930519 0.430159 1 17 1.000000
  17 0.791076 69.514725 -1.117175 -0.336018 -0.843179 0.419692 0.930402 0.463450 1 17 1.000000
  17 1.803248 69.467934 -0.043858 -0.640955 -0.740215 0.203121 0.886393 0.430159 1 17 1.000000
baseball_cap_05
  17 0.791076 69.514725 -1.117175 -0.336018 -0.843179 0.419692 0.930402 0.463450 1 17 1.000000
  17 0.935336 69.869690 -0.144025 -0.371024 -0.849100 0.375993 0.930519 0.430159 1 17 1.000000
  17 -0.026752 70.177315 -0.191384 0.000023 -0.943135 0.332411 0.974644 0.452222 1 17 1.000000
baseball_cap_05
  17 2.711933 67.984818 0.632841 -0.933238 -0.353333 -0.064985 0.798142 0.430159 1 17 1.000000
  17 2.186052 68.201950 -1.994534 -0.669941 -0.483469 0.563415 0.842199 0.467254 1 17 1.000000
  17 2.533659 67.167137 -2.027907 -0.821750 -0.222873 0.524456 0.801853 0.472405 1 17 1.000000
baseball_cap_05
  17 -2.347216 68.829308 0.234936 0.864573 -0.502502 0.002407 0.844780 0.209089 1 17 1.000000
  17 -1.973691 69.060806 1.163451 0.690611 -0.600025 -0.403766 0.844031 0.253613 1 17 1.000000
  17 -2.750293 67.984818 0.632841 0.935907 -0.347072 -0.060164 0.798143 0.209532 1 17 1.000000
baseball_cap_05
  17 -2.750293 67.984818 0.632841 0.935907 -0.347072 -0.060164 0.798143 0.209532 1 17 1.000000
  17 -1.973691 69.060806 1.163451 0.690611 -0.600025 -0.403766 0.844031 0.253613 1 17 1.000000
  17 -2.214493 68.242271 1.663628 0.733777 -0.461619 -0.498476 0.798143 0.253658 1 17 1.000000
baseball_cap_05
  17 -1.973691 69.060806 1.163451 0.690611 -0.600025 -0.403766 0.844031 0.253613 1 17 1.000000
  17 -0.802634 69.293007 2.026084 0.261632 -0.712958 -0.650569 0.845194 0.297229 1 17 1.000000
  17 -2.214493 68.242271 1.663628 0.733777 -0.461619 -0.498476 0.798143 0.253658 1 17 1.000000
baseball_cap_05
  17 -2.214493 68.242271 1.663628 0.733777 -0.461619 -0.498476 0.798143 0.253658 1 17 1.000000
  17 -0.802634 69.293007 2.026084 0.261632 -0.712958 -0.650569 0.845194 0.297229 1 17 1.000000
  17 -0.888304 68.482384 2.704956 0.309356 -0.562419 -0.766801 0.798143 0.297783 1 17 1.000000
baseball_cap_05
  17 -0.802634 69.293007 2.026084 0.261632 -0.712958 -0.650569 0.845194 0.297229 1 17 1.000000
  17 0.748538 69.293007 2.026084 -0.260648 -0.714371 -0.649413 0.842268 0.341908 1 17 1.000000
  17 -0.888304 68.482384 2.704956 0.309356 -0.562419 -0.766801 0.798143 0.297783 1 17 1.000000
baseball_cap_05
  17 -0.888304 68.482384 2.704956 0.309356 -0.562419 -0.766801 0.798143 0.297783 1 17 1.000000
  17 0.748538 69.293007 2.026084 -0.260648 -0.714371 -0.649413 0.842268 0.341908 1 17 1.000000
  17 0.847354 68.482384 2.704955 -0.308588 -0.563833 -0.766072 0.798143 0.341908 1 17 1.000000
baseball_cap_05
  17 0.748538 69.293007 2.026084 -0.260648 -0.714371 -0.649413 0.842268 0.341908 1 17 1.000000
  17 2.176168 68.242271 1.663628 -0.732482 -0.465073 -0.497169 0.798143 0.386034 1 17 1.000000
  17 0.847354 68.482384 2.704955 -0.308588 -0.563833 -0.766072 0.798143 0.341908 1 17 1.000000
baseball_cap_05
  17 -0.020977 65.115181 -3.012568 -0.000001 0.016197 0.999869 0.749019 0.099891 1 17 1.000000
  17 -0.966533 66.915062 -2.884148 0.263262 -0.127752 0.956228 0.802393 0.124124 1 17 1.000000
  17 -1.472169 65.171356 -2.718977 0.305159 -0.022313 0.952040 0.748811 0.134144 1 17 1.000000
baseball_cap_05
  17 -0.966533 66.915062 -2.884148 0.263262 -0.127752 0.956228 0.802393 0.124124 1 17 1.000000
  17 -2.501780 67.221718 -1.978591 0.821330 -0.223050 0.525038 0.802640 0.165907 1 17 1.000000
  17 -1.472169 65.171356 -2.718977 0.305159 -0.022313 0.952040 0.748811 0.134144 1 17 1.000000
baseball_cap_05
  17 -1.472169 65.171356 -2.718977 0.305159 -0.022313 0.952040 0.748811 0.134144 1 17 1.000000
  17 -2.501780 67.221718 -1.978591 0.821330 -0.223050 0.525038 0.802640 0.165907 1 17 1.000000
  17 -2.796490 65.481422 -1.990080 0.771817 -0.111555 0.625982 0.751279 0.167863 1 17 1.000000
baseball_cap_05
  17 -2.501780 67.221718 -1.978591 0.821330 -0.223050 0.525038 0.802640 0.165907 1 17 1.000000
  17 -3.204038 66.020973 -0.407335 0.955664 -0.236283 0.175720 0.754049 0.189460 1 17 1.000000
  17 -2.796490 65.481422 -1.990080 0.771817 -0.111555 0.625982 0.751279 0.167863 1 17 1.000000
baseball_cap_05
  17 -2.501780 67.221718 -1.978591 0.821330 -0.223050 0.525038 0.802640 0.165907 1 17 1.000000
  17 -2.750293 67.984818 0.632841 0.935907 -0.347072 -0.060164 0.798143 0.209532 1 17 1.000000
  17 -3.204038 66.020973 -0.407335 0.955664 -0.236283 0.175720 0.754049 0.189460 1 17 1.000000
baseball_cap_05
  17 -3.204038 66.020973 -0.407335 0.955664 -0.236283 0.175720 0.754049 0.189460 1 17 1.000000
  17 -2.750293 67.984818 0.632841 0.935907 -0.347072 -0.060164 0.798143 0.209532 1 17 1.000000
  17 -3.148319 66.484573 1.201259 0.934917 -0.304159 -0.182803 0.754018 0.209532 1 17 1.000000
baseball_cap_05
  17 -2.750293 67.984818 0.632841 0.935907 -0.347072 -0.060164 0.798143 0.209532 1 17 1.000000
  17 -2.214493 68.242271 1.663628 0.733777 -0.461619 -0.498476 0.798143 0.253658 1 17 1.000000
  17 -3.148319 66.484573 1.201259 0.934917 -0.304159 -0.182803 0.754018 0.209532 1 17 1.000000
baseball_cap_05
  17 -3.148319 66.484573 1.201259 0.934917 -0.304159 -0.182803 0.754018 0.209532 1 17 1.000000
  17 -2.214493 68.242271 1.663628 0.733777 -0.461619 -0.498476 0.798143 0.253658 1 17 1.000000
  17 -2.458053 66.637703 2.464082 0.741397 -0.395013 -0.542489 0.754018 0.253658 1 17 1.000000
baseball_cap_05
  17 -2.214493 68.242271 1.663628 0.733777 -0.461619 -0.498476 0.798143 0.253658 1 17 1.000000
  17 -0.888304 68.482384 2.704956 0.309356 -0.562419 -0.766801 0.798143 0.297783 1 17 1.000000
  17 -2.458053 66.637703 2.464082 0.741397 -0.395013 -0.542489 0.754018 0.253658 1 17 1.000000
baseball_cap_05
  17 -2.458053 66.637703 2.464082 0.741397 -0.395013 -0.542489 0.754018 0.253658 1 17 1.000000
  17 -0.888304 68.482384 2.704956 0.309356 -0.562419 -0.766801 0.798143 0.297783 1 17 1.000000
  17 -0.951857 67.069748 3.542296 0.318989 -0.494136 -0.808749 0.754018 0.297783 1 17 1.000000
baseball_cap_05
  17 -0.888304 68.482384 2.704956 0.309356 -0.562419 -0.766801 0.798143 0.297783 1 17 1.000000
  17 0.847354 68.482384 2.704955 -0.308588 -0.563833 -0.766072 0.798143 0.341908 1 17 1.000000
  17 -0.951857 67.069748 3.542296 0.318989 -0.494136 -0.808749 0.754018 0.297783 1 17 1.000000
baseball_cap_05
  17 -0.951857 67.069748 3.542296 0.318989 -0.494136 -0.808749 0.754018 0.297783 1 17 1.000000
  17 0.847354 68.482384 2.704955 -0.308588 -0.563833 -0.766072 0.798143 0.341908 1 17 1.000000
  17 0.909903 67.069748 3.542296 -0.318840 -0.493780 -0.809026 0.754018 0.341908 1 17 1.000000
baseball_cap_05
  17 0.847354 68.482384 2.704955 -0.308588 -0.563833 -0.766072 0.798143 0.341908 1 17 1.000000
  17 2.416099 66.637703 2.464082 -0.741549 -0.393880 -0.543106 0.754017 0.386034 1 17 1.000000
  17 0.909903 67.069748 3.542296 -0.318840 -0.493780 -0.809026 0.754018 0.341908 1 17 1.000000
baseball_cap_05
  17 2.176168 68.242271 1.663628 -0.732482 -0.465073 -0.497169 0.798143 0.386034 1 17 1.000000
  17 2.416099 66.637703 2.464082 -0.741549 -0.393880 -0.543106 0.754017 0.386034 1 17 1.000000
  17 0.847354 68.482384 2.704955 -0.308588 -0.563833 -0.766072 0.798143 0.341908 1 17 1.000000
baseball_cap_05
  17 2.176168 68.242271 1.663628 -0.732482 -0.465073 -0.497169 0.798143 0.386034 1 17 1.000000
  17 3.106366 66.484573 1.201258 -0.935197 -0.302517 -0.184091 0.754017 0.430159 1 17 1.000000
  17 2.416099 66.637703 2.464082 -0.741549 -0.393880 -0.543106 0.754017 0.386034 1 17 1.000000
baseball_cap_05
  17 2.711933 67.984818 0.632841 -0.933238 -0.353333 -0.064985 0.798142 0.430159 1 17 1.000000
  17 3.106366 66.484573 1.201258 -0.935197 -0.302517 -0.184091 0.754017 0.430159 1 17 1.000000
  17 2.176168 68.242271 1.663628 -0.732482 -0.465073 -0.497169 0.798143 0.386034 1 17 1.000000
baseball_cap_05
  17 2.711933 67.984818 0.632841 -0.933238 -0.353333 -0.064985 0.798142 0.430159 1 17 1.000000
  17 3.163916 66.027756 -0.384115 -0.962682 -0.217125 0.161555 0.754037 0.449949 1 17 1.000000
  17 3.106366 66.484573 1.201258 -0.935197 -0.302517 -0.184091 0.754017 0.430159 1 17 1.000000
baseball_cap_05
  17 2.711933 67.984818 0.632841 -0.933238 -0.353333 -0.064985 0.798142 0.430159 1 17 1.000000
  17 2.533659 67.167137 -2.027907 -0.821750 -0.222873 0.524456 0.801853 0.472405 1 17 1.000000
  17 3.163916 66.027756 -0.384115 -0.962682 -0.217125 0.161555 0.754037 0.449949 1 17 1.000000
baseball_cap_05
  17 3.163916 66.027756 -0.384115 -0.962682 -0.217125 0.161555 0.754037 0.449949 1 17 1.000000
  17 2.533659 67.167137 -2.027907 -0.821750 -0.222873 0.524456 0.801853 0.472405 1 17 1.000000
  17 2.754536 65.481422 -1.990082 -0.774911 -0.074955 0.627610 0.752075 0.470397 1 17 1.000000
baseball_cap_05
  17 2.533659 67.167137 -2.027907 -0.821750 -0.222873 0.524456 0.801855 0.033413 1 17 1.000000
  17 1.430215 65.171356 -2.787285 -0.296713 -0.008727 0.954927 0.748562 0.066870 1 17 1.000000
  17 2.754536 65.481422 -1.990082 -0.774911 -0.074955 0.627610 0.750614 0.037725 1 17 1.000000
baseball_cap_05
  17 0.925670 66.915062 -2.884148 -0.252620 -0.129112 0.958912 0.802579 0.075430 1 17 1.000000
  17 1.430215 65.171356 -2.787285 -0.296713 -0.008727 0.954927 0.748562 0.066870 1 17 1.000000
  17 2.533659 67.167137 -2.027907 -0.821750 -0.222873 0.524456 0.801855 0.033413 1 17 1.000000
baseball_cap_05
  17 0.925670 66.915062 -2.884148 -0.252620 -0.129112 0.958912 0.802579 0.075430 1 17 1.000000
  17 -0.020977 65.115181 -3.012568 -0.000001 0.016197 0.999869 0.749019 0.099891 1 17 1.000000
  17 1.430215 65.171356 -2.787285 -0.296713 -0.008727 0.954927 0.748562 0.066870 1 17 1.000000
baseball_cap_05
  17 -0.020432 66.915062 -2.884148 0.000000 -0.124184 0.992259 0.805247 0.099774 1 17 1.000000
  17 -0.020977 65.115181 -3.012568 -0.000001 0.016197 0.999869 0.749019 0.099891 1 17 1.000000
  17 0.925670 66.915062 -2.884148 -0.252620 -0.129112 0.958912 0.802579 0.075430 1 17 1.000000
baseball_cap_05
  17 0.817940 67.932480 -2.608496 -0.188224 -0.373578 0.908301 0.851096 0.075779 1 17 1.000000
  17 -0.020432 66.915062 -2.884148 0.000000 -0.124184 0.992259 0.805247 0.099774 1 17 1.000000
  17 0.925670 66.915062 -2.884148 -0.252620 -0.129112 0.958912 0.802579 0.075430 1 17 1.000000
baseball_cap_05
  17 -0.027598 67.932480 -2.608496 0.000000 -0.325764 0.945451 0.852111 0.099961 1 17 1.000000
  17 -0.020432 66.915062 -2.884148 0.000000 -0.124184 0.992259 0.805247 0.099774 1 17 1.000000
  17 0.817940 67.932480 -2.608496 -0.188224 -0.373578 0.908301 0.851096 0.075779 1 17 1.000000
baseball_cap_05
  17 0.620415 68.747841 -2.264670 -0.239400 -0.585425 0.774574 0.892377 0.074004 1 17 1.000000
  17 -0.027598 67.932480 -2.608496 0.000000 -0.325764 0.945451 0.852111 0.099961 1 17 1.000000
  17 0.817940 67.932480 -2.608496 -0.188224 -0.373578 0.908301 0.851096 0.075779 1 17 1.000000
baseball_cap_05
  17 -0.027598 68.747841 -2.264670 0.000000 -0.484845 0.874600 0.894261 0.099474 1 17 1.000000
  17 -0.027598 67.932480 -2.608496 0.000000 -0.325764 0.945451 0.852111 0.099961 1 17 1.000000
  17 0.620415 68.747841 -2.264670 -0.239400 -0.585425 0.774574 0.892377 0.074004 1 17 1.000000
baseball_cap_05
  17 0.313083 69.406158 -1.689801 -0.225050 -0.804305 0.549951 0.931037 0.074636 1 17 1.000000
  17 -0.027598 68.747841 -2.264670 0.000000 -0.484845 0.874600 0.894261 0.099474 1 17 1.000000
  17 0.620415 68.747841 -2.264670 -0.239400 -0.585425 0.774574 0.892377 0.074004 1 17 1.000000
baseball_cap_05
  17 -0.027598 69.406158 -2.003270 0.000000 -0.719191 0.694812 0.929194 0.099077 1 17 1.000000
  17 -0.027598 68.747841 -2.264670 0.000000 -0.484845 0.874600 0.894261 0.099474 1 17 1.000000
  17 0.313083 69.406158 -1.689801 -0.225050 -0.804305 0.549951 0.931037 0.074636 1 17 1.000000
baseball_cap_05
  17 -0.027598 69.406158 -2.003270 0.000000 -0.719191 0.694812 0.929194 0.099077 1 17 1.000000
  17 0.313083 69.406158 -1.689801 -0.225050 -0.804305 0.549951 0.931037 0.074636 1 17 1.000000
  17 -0.368278 69.406158 -1.689801 0.225114 -0.804377 0.549819 0.927571 0.123231 1 17 1.000000
baseball_cap_05
  17 -0.027598 69.406158 -2.003270 0.000000 -0.719191 0.694812 0.929194 0.099077 1 17 1.000000
  17 -0.368278 69.406158 -1.689801 0.225114 -0.804377 0.549819 0.927571 0.123231 1 17 1.000000
  17 -0.027598 68.747841 -2.264670 0.000000 -0.484845 0.874600 0.894261 0.099474 1 17 1.000000
baseball_cap_05
  17 -0.027598 68.747841 -2.264670 0.000000 -0.484845 0.874600 0.894261 0.099474 1 17 1.000000
  17 -0.368278 69.406158 -1.689801 0.225114 -0.804377 0.549819 0.927571 0.123231 1 17 1.000000
  17 -0.675611 68.747841 -2.264670 0.239408 -0.585478 0.774531 0.892285 0.120683 1 17 1.000000
baseball_cap_05
  17 -0.027598 68.747841 -2.264670 0.000000 -0.484845 0.874600 0.894261 0.099474 1 17 1.000000
  17 -0.675611 68.747841 -2.264670 0.239408 -0.585478 0.774531 0.892285 0.120683 1 17 1.000000
  17 -0.027598 67.932480 -2.608496 0.000000 -0.325764 0.945451 0.852111 0.099961 1 17 1.000000
baseball_cap_05
  17 -0.027598 67.932480 -2.608496 0.000000 -0.325764 0.945451 0.852111 0.099961 1 17 1.000000
  17 -0.675611 68.747841 -2.264670 0.239408 -0.585478 0.774531 0.892285 0.120683 1 17 1.000000
  17 -0.873136 67.932480 -2.608496 0.195258 -0.366291 0.909783 0.852186 0.123857 1 17 1.000000
baseball_cap_05
  17 -0.027598 67.932480 -2.608496 0.000000 -0.325764 0.945451 0.852111 0.099961 1 17 1.000000
  17 -0.873136 67.932480 -2.608496 0.195258 -0.366291 0.909783 0.852186 0.123857 1 17 1.000000
  17 -0.020432 66.915062 -2.884148 0.000000 -0.124184 0.992259 0.805247 0.099774 1 17 1.000000
baseball_cap_05
  17 -0.020432 66.915062 -2.884148 0.000000 -0.124184 0.992259 0.805247 0.099774 1 17 1.000000
  17 -0.873136 67.932480 -2.608496 0.195258 -0.366291 0.909783 0.852186 0.123857 1 17 1.000000
  17 -0.966533 66.915062 -2.884148 0.263262 -0.127752 0.956228 0.802393 0.124124 1 17 1.000000
baseball_cap_05
  17 -0.020432 66.915062 -2.884148 0.000000 -0.124184 0.992259 0.805247 0.099774 1 17 1.000000
  17 -0.966533 66.915062 -2.884148 0.263262 -0.127752 0.956228 0.802393 0.124124 1 17 1.000000
  17 -0.020977 65.115181 -3.012568 -0.000001 0.016197 0.999869 0.749019 0.099891 1 17 1.000000
baseball_cap_05
  17 0.313083 69.406158 -1.689801 -0.225050 -0.804305 0.549951 0.931037 0.074636 1 17 1.000000
  17 0.791076 69.514725 -1.117175 -0.336018 -0.843179 0.419692 0.935083 0.031617 1 17 1.000000
  17 -0.026752 70.177315 -0.191384 0.000023 -0.943135 0.332411 0.974644 0.055094 1 17 1.000000
baseball_cap_05
  17 0.313083 69.406158 -1.689801 -0.225050 -0.804305 0.549951 0.931037 0.074636 1 17 1.000000
  17 0.620415 68.747841 -2.264670 -0.239400 -0.585425 0.774574 0.892377 0.074004 1 17 1.000000
  17 0.791076 69.514725 -1.117175 -0.336018 -0.843179 0.419692 0.935083 0.031617 1 17 1.000000
baseball_cap_05
  17 0.791076 69.514725 -1.117175 -0.336018 -0.843179 0.419692 0.935083 0.031617 1 17 1.000000
  17 0.620415 68.747841 -2.264670 -0.239400 -0.585425 0.774574 0.892377 0.074004 1 17 1.000000
  17 1.668922 68.954361 -1.445080 -0.484509 -0.721387 0.494825 0.896294 0.003910 1 17 1.000000
baseball_cap_05
  17 1.668922 68.954361 -1.445080 -0.484509 -0.721387 0.494825 0.896294 0.003910 1 17 1.000000
  17 0.620415 68.747841 -2.264670 -0.239400 -0.585425 0.774574 0.892377 0.074004 1 17 1.000000
  17 2.186052 68.201950 -1.994534 -0.669941 -0.483469 0.563415 0.852772 0.028408 1 17 1.000000
baseball_cap_05
  17 2.186052 68.201950 -1.994534 -0.669941 -0.483469 0.563415 0.852772 0.028408 1 17 1.000000
  17 0.620415 68.747841 -2.264670 -0.239400 -0.585425 0.774574 0.892377 0.074004 1 17 1.000000
  17 0.817940 67.932480 -2.608496 -0.188224 -0.373578 0.908301 0.851096 0.075779 1 17 1.000000
baseball_cap_05
  17 2.186052 68.201950 -1.994534 -0.669941 -0.483469 0.563415 0.852772 0.028408 1 17 1.000000
  17 0.817940 67.932480 -2.608496 -0.188224 -0.373578 0.908301 0.851096 0.075779 1 17 1.000000
  17 2.533659 67.167137 -2.027907 -0.821750 -0.222873 0.524456 0.801855 0.033413 1 17 1.000000
baseball_cap_05
  17 2.533659 67.167137 -2.027907 -0.821750 -0.222873 0.524456 0.801855 0.033413 1 17 1.000000
  17 0.817940 67.932480 -2.608496 -0.188224 -0.373578 0.908301 0.851096 0.075779 1 17 1.000000
  17 0.925670 66.915062 -2.884148 -0.252620 -0.129112 0.958912 0.802579 0.075430 1 17 1.000000
baseball_cap_05
  17 -0.924940 69.856567 -1.187682 -0.225306 0.842182 -0.489864 0.488068 0.368518 1 17 1.000000
  17 -2.146724 69.423447 -0.983430 -0.583018 0.758503 -0.291141 0.580383 0.296948 1 17 1.000000
  17 -1.122539 69.952652 -0.872060 -0.291925 0.904318 -0.311430 0.534416 0.381332 1 17 1.000000
baseball_cap_05
  17 2.521922 68.964294 0.266922 0.848019 0.518185 0.111120 0.055504 0.228720 1 17 1.000000
  17 2.083400 69.398605 -1.083099 0.578054 0.756898 -0.304892 0.157836 0.295718 1 17 1.000000
  17 1.980692 69.655884 -0.051138 0.616177 0.786562 -0.040577 0.092523 0.328710 1 17 1.000000
baseball_cap_05
  17 2.083400 69.398605 -1.083099 0.578054 0.756898 -0.304892 0.157836 0.295718 1 17 1.000000
  17 1.045110 69.937569 -0.932554 0.284151 0.901964 -0.325145 0.205378 0.379491 1 17 1.000000
  17 1.980692 69.655884 -0.051138 0.616177 0.786562 -0.040577 0.092523 0.328710 1 17 1.000000
baseball_cap_05
  17 1.045110 69.937569 -0.932554 0.284151 0.901964 -0.325145 0.205378 0.379491 1 17 1.000000
  17 2.083400 69.398605 -1.083099 0.578054 0.756898 -0.304892 0.157836 0.295718 1 17 1.000000
  17 0.870228 69.856567 -1.187683 0.219028 0.839979 -0.496449 0.241020 0.370233 1 17 1.000000
baseball_cap_05
  17 -0.027735 70.289268 -0.440601 0.000472 0.966795 -0.255552 0.367453 0.468897 1 17 1.000000
  17 1.045110 69.937569 -0.932554 0.284151 0.901964 -0.325145 0.205378 0.379491 1 17 1.000000
  17 0.870228 69.856567 -1.187683 0.219028 0.839979 -0.496449 0.241020 0.370233 1 17 1.000000
baseball_cap_05
  17 0.870228 69.856567 -1.187683 0.219028 0.839979 -0.496449 0.241020 0.370233 1 17 1.000000
  17 0.345838 69.692253 -1.646034 0.114438 0.835610 -0.537271 0.320689 0.350950 1 17 1.000000
  17 -0.027735 70.289268 -0.440601 0.000472 0.966795 -0.255552 0.367453 0.468897 1 17 1.000000
baseball_cap_05
  17 0.345838 69.692253 -1.646034 0.114438 0.835610 -0.537271 0.320689 0.350950 1 17 1.000000
  17 -0.401700 69.692253 -1.646034 -0.114584 0.835624 -0.537217 0.410424 0.348822 1 17 1.000000
  17 -0.027735 70.289268 -0.440601 0.000472 0.966795 -0.255552 0.367453 0.468897 1 17 1.000000
baseball_cap_05
  17 -0.401700 69.692253 -1.646034 -0.114584 0.835624 -0.537217 0.410424 0.348822 1 17 1.000000
  17 -0.924940 69.856567 -1.187682 -0.225306 0.842182 -0.489864 0.488068 0.368518 1 17 1.000000
  17 -0.027735 70.289268 -0.440601 0.000472 0.966795 -0.255552 0.367453 0.468897 1 17 1.000000
baseball_cap_05
  17 -0.924940 69.856567 -1.187682 -0.225306 0.842182 -0.489864 0.488068 0.368518 1 17 1.000000
  17 -1.122539 69.952652 -0.872060 -0.291925 0.904318 -0.311430 0.534416 0.381332 1 17 1.000000
  17 -0.027735 70.289268 -0.440601 0.000472 0.966795 -0.255552 0.367453 0.468897 1 17 1.000000
baseball_cap_05
  17 -1.122539 69.952652 -0.872060 -0.291925 0.904318 -0.311430 0.534416 0.381332 1 17 1.000000
  17 -1.082575 70.095390 -0.299521 -0.323180 0.932841 -0.159258 0.579981 0.406450 1 17 1.000000
  17 -0.027735 70.289268 -0.440601 0.000472 0.966795 -0.255552 0.367453 0.468897 1 17 1.000000
baseball_cap_05
  17 -1.122539 69.952652 -0.872060 -0.291925 0.904318 -0.311430 0.534416 0.381332 1 17 1.000000
  17 -2.034782 69.664726 -0.015688 -0.619776 0.784095 -0.032755 0.637643 0.325933 1 17 1.000000
  17 -1.082575 70.095390 -0.299521 -0.323180 0.932841 -0.159258 0.579981 0.406450 1 17 1.000000
baseball_cap_05
  17 -2.146724 69.423447 -0.983430 -0.583018 0.758503 -0.291141 0.580383 0.296948 1 17 1.000000
  17 -2.034782 69.664726 -0.015688 -0.619776 0.784095 -0.032755 0.637643 0.325933 1 17 1.000000
  17 -1.122539 69.952652 -0.872060 -0.291925 0.904318 -0.311430 0.534416 0.381332 1 17 1.000000
baseball_cap_05
  17 -2.146724 69.423447 -0.983430 -0.583018 0.758503 -0.291141 0.580383 0.296948 1 17 1.000000
  17 -2.573019 68.968903 0.285408 -0.862984 0.491313 0.117774 0.673432 0.227590 1 17 1.000000
  17 -2.034782 69.664726 -0.015688 -0.619776 0.784095 -0.032755 0.637643 0.325933 1 17 1.000000
baseball_cap_05
  17 1.028484 70.089218 -0.324288 0.322139 0.932546 -0.163049 0.147172 0.408769 1 17 1.000000
  17 1.045110 69.937569 -0.932554 0.284151 0.901964 -0.325145 0.205378 0.379491 1 17 1.000000
  17 -0.027735 70.289268 -0.440601 0.000472 0.966795 -0.255552 0.367453 0.468897 1 17 1.000000
baseball_cap_05
  17 1.980692 69.655884 -0.051138 0.616177 0.786562 -0.040577 0.092523 0.328710 1 17 1.000000
  17 1.045110 69.937569 -0.932554 0.284151 0.901964 -0.325145 0.205378 0.379491 1 17 1.000000
  17 1.028484 70.089218 -0.324288 0.322139 0.932546 -0.163049 0.147172 0.408769 1 17 1.000000
baseball_cap_05
  17 1.338482 66.722565 -2.906561 0.317253 0.015053 -0.948221 0.278453 0.111727 1 17 1.000000
  17 -0.020977 65.115181 -3.012568 0.000001 -0.108916 -0.994051 0.365732 0.014462 1 17 1.000000
  17 -0.020429 66.671425 -3.111675 -0.000290 -0.004402 -0.999990 0.365127 0.108248 1 17 1.000000
baseball_cap_05
  17 1.430215 65.171356 -2.787285 0.333928 -0.110673 -0.936079 0.272180 0.014212 1 17 1.000000
  17 -0.020977 65.115181 -3.012568 0.000001 -0.108916 -0.994051 0.365732 0.014462 1 17 1.000000
  17 1.338482 66.722565 -2.906561 0.317253 0.015053 -0.948221 0.278453 0.111727 1 17 1.000000
baseball_cap_05
  17 1.430215 65.171356 -2.787285 0.333928 -0.110673 -0.936079 0.272180 0.014212 1 17 1.000000
  17 1.338482 66.722565 -2.906561 0.317253 0.015053 -0.948221 0.278453 0.111727 1 17 1.000000
  17 2.754536 65.481422 -1.990082 0.797407 -0.090194 -0.596664 0.180815 0.020088 1 17 1.000000
baseball_cap_05
  17 2.754536 65.481422 -1.990082 0.797407 -0.090194 -0.596664 0.180815 0.020088 1 17 1.000000
  17 1.338482 66.722565 -2.906561 0.317253 0.015053 -0.948221 0.278453 0.111727 1 17 1.000000
  17 2.773748 66.973297 -2.163842 0.767228 0.073612 -0.637136 0.180830 0.119829 1 17 1.000000
baseball_cap_05
  17 2.773748 66.973297 -2.163842 0.767228 0.073612 -0.637136 0.180830 0.119829 1 17 1.000000
  17 3.163916 66.027756 -0.384115 0.996263 0.014199 -0.085193 0.101997 0.026287 1 17 1.000000
  17 2.754536 65.481422 -1.990082 0.797407 -0.090194 -0.596664 0.180815 0.020088 1 17 1.000000
baseball_cap_05
  17 3.169534 67.432922 -0.714947 0.979563 0.164481 -0.115769 0.104090 0.126772 1 17 1.000000
  17 3.163916 66.027756 -0.384115 0.996263 0.014199 -0.085193 0.101997 0.026287 1 17 1.000000
  17 2.773748 66.973297 -2.163842 0.767228 0.073612 -0.637136 0.180830 0.119829 1 17 1.000000
baseball_cap_05
  17 3.163916 66.027756 -0.384115 0.996263 0.014199 -0.085193 0.101997 0.026287 1 17 1.000000
  17 3.169534 67.432922 -0.714947 0.979563 0.164481 -0.115769 0.104090 0.126772 1 17 1.000000
  17 3.106366 66.484573 1.201258 0.961651 0.166135 0.218236 0.019098 0.026120 1 17 1.000000
baseball_cap_05
  17 3.106366 66.484573 1.201258 0.961651 0.166135 0.218236 0.019098 0.026120 1 17 1.000000
  17 3.169534 67.432922 -0.714947 0.979563 0.164481 -0.115769 0.104090 0.126772 1 17 1.000000
  17 2.925157 67.823296 0.765823 0.940815 0.275681 0.197148 0.031847 0.126772 1 17 1.000000
baseball_cap_05
  17 2.925157 67.823296 0.765823 0.940815 0.275681 0.197148 0.031847 0.126772 1 17 1.000000
  17 3.169534 67.432922 -0.714947 0.979563 0.164481 -0.115769 0.104090 0.126772 1 17 1.000000
  17 2.521922 68.964294 0.266922 0.848019 0.518185 0.111120 0.055504 0.228720 1 17 1.000000
baseball_cap_05
  17 2.521922 68.964294 0.266922 0.848019 0.518185 0.111120 0.055504 0.228720 1 17 1.000000
  17 3.169534 67.432922 -0.714947 0.979563 0.164481 -0.115769 0.104090 0.126772 1 17 1.000000
  17 2.737203 68.668732 -1.003587 0.853578 0.479246 -0.204276 0.126827 0.214014 1 17 1.000000
baseball_cap_05
  17 2.737203 68.668732 -1.003587 0.853578 0.479246 -0.204276 0.126827 0.214014 1 17 1.000000
  17 2.083400 69.398605 -1.083099 0.578054 0.756898 -0.304892 0.157836 0.295718 1 17 1.000000
  17 2.521922 68.964294 0.266922 0.848019 0.518185 0.111120 0.055504 0.228720 1 17 1.000000
baseball_cap_05
  17 2.083400 69.398605 -1.083099 0.578054 0.756898 -0.304892 0.157836 0.295718 1 17 1.000000
  17 2.737203 68.668732 -1.003587 0.853578 0.479246 -0.204276 0.126827 0.214014 1 17 1.000000
  17 1.833362 69.101387 -1.761258 0.416294 0.648109 -0.637694 0.207553 0.274390 1 17 1.000000
baseball_cap_05
  17 0.870228 69.856567 -1.187683 0.219028 0.839979 -0.496449 0.241020 0.370233 1 17 1.000000
  17 2.083400 69.398605 -1.083099 0.578054 0.756898 -0.304892 0.157836 0.295718 1 17 1.000000
  17 1.833362 69.101387 -1.761258 0.416294 0.648109 -0.637694 0.207553 0.274390 1 17 1.000000
baseball_cap_05
  17 1.833362 69.101387 -1.761258 0.416294 0.648109 -0.637694 0.207553 0.274390 1 17 1.000000
  17 0.683020 68.927994 -2.483096 0.236234 0.640157 -0.731021 0.308415 0.267912 1 17 1.000000
  17 0.870228 69.856567 -1.187683 0.219028 0.839979 -0.496449 0.241020 0.370233 1 17 1.000000
baseball_cap_05
  17 0.870228 69.856567 -1.187683 0.219028 0.839979 -0.496449 0.241020 0.370233 1 17 1.000000
  17 0.683020 68.927994 -2.483096 0.236234 0.640157 -0.731021 0.308415 0.267912 1 17 1.000000
  17 0.345838 69.692253 -1.646034 0.114438 0.835610 -0.537271 0.320689 0.350950 1 17 1.000000
baseball_cap_05
  17 0.683020 68.927994 -2.483096 0.236234 0.640157 -0.731021 0.308415 0.267912 1 17 1.000000
  17 -0.027931 69.628235 -1.836808 0.000000 0.795244 -0.606289 0.364123 0.339167 1 17 1.000000
  17 0.345838 69.692253 -1.646034 0.114438 0.835610 -0.537271 0.320689 0.350950 1 17 1.000000
baseball_cap_05
  17 -0.027931 69.628235 -1.836808 0.000000 0.795244 -0.606289 0.364123 0.339167 1 17 1.000000
  17 -0.401700 69.692253 -1.646034 -0.114584 0.835624 -0.537217 0.410424 0.348822 1 17 1.000000
  17 0.345838 69.692253 -1.646034 0.114438 0.835610 -0.537271 0.320689 0.350950 1 17 1.000000
baseball_cap_05
  17 -0.027931 69.628235 -1.836808 0.000000 0.795244 -0.606289 0.364123 0.339167 1 17 1.000000
  17 -0.738882 68.927994 -2.483096 -0.237193 0.638879 -0.731829 0.415945 0.263952 1 17 1.000000
  17 -0.401700 69.692253 -1.646034 -0.114584 0.835624 -0.537217 0.410424 0.348822 1 17 1.000000
baseball_cap_05
  17 -0.027931 68.858727 -2.581082 -0.000311 0.575827 -0.817572 0.364234 0.261608 1 17 1.000000
  17 -0.027932 67.969742 -2.984764 -0.000601 0.253731 -0.967275 0.365118 0.194425 1 17 1.000000
  17 -0.738882 68.927994 -2.483096 -0.237193 0.638879 -0.731829 0.415945 0.263952 1 17 1.000000
baseball_cap_05
  17 -0.027931 68.858727 -2.581082 -0.000311 0.575827 -0.817572 0.364234 0.261608 1 17 1.000000
  17 -0.738882 68.927994 -2.483096 -0.237193 0.638879 -0.731829 0.415945 0.263952 1 17 1.000000
  17 -0.027931 69.628235 -1.836808 0.000000 0.795244 -0.606289 0.364123 0.339167 1 17 1.000000
baseball_cap_05
  17 -0.027931 68.858727 -2.581082 -0.000311 0.575827 -0.817572 0.364234 0.261608 1 17 1.000000
  17 -0.027931 69.628235 -1.836808 0.000000 0.795244 -0.606289 0.364123 0.339167 1 17 1.000000
  17 0.683020 68.927994 -2.483096 0.236234 0.640157 -0.731021 0.308415 0.267912 1 17 1.000000
baseball_cap_05
  17 0.683020 68.927994 -2.483096 0.236234 0.640157 -0.731021 0.308415 0.267912 1 17 1.000000
  17 -0.027932 67.969742 -2.984764 -0.000601 0.253731 -0.967275 0.365118 0.194425 1 17 1.000000
  17 -0.027931 68.858727 -2.581082 -0.000311 0.575827 -0.817572 0.364234 0.261608 1 17 1.000000
baseball_cap_05
  17 1.019176 68.038116 -2.818743 0.296914 0.339856 -0.892379 0.298191 0.199594 1 17 1.000000
  17 -0.027932 67.969742 -2.984764 -0.000601 0.253731 -0.967275 0.365118 0.194425 1 17 1.000000
  17 0.683020 68.927994 -2.483096 0.236234 0.640157 -0.731021 0.308415 0.267912 1 17 1.000000
baseball_cap_05
  17 1.019176 68.038116 -2.818743 0.296914 0.339856 -0.892379 0.298191 0.199594 1 17 1.000000
  17 -0.020429 66.671425 -3.111675 -0.000290 -0.004402 -0.999990 0.365127 0.108248 1 17 1.000000
  17 -0.027932 67.969742 -2.984764 -0.000601 0.253731 -0.967275 0.365118 0.194425 1 17 1.000000
baseball_cap_05
  17 1.338482 66.722565 -2.906561 0.317253 0.015053 -0.948221 0.278453 0.111727 1 17 1.000000
  17 -0.020429 66.671425 -3.111675 -0.000290 -0.004402 -0.999990 0.365127 0.108248 1 17 1.000000
  17 1.019176 68.038116 -2.818743 0.296914 0.339856 -0.892379 0.298191 0.199594 1 17 1.000000
baseball_cap_05
  17 2.400717 68.283691 -2.066986 0.624978 0.415119 -0.661120 0.189854 0.209002 1 17 1.000000
  17 1.338482 66.722565 -2.906561 0.317253 0.015053 -0.948221 0.278453 0.111727 1 17 1.000000
  17 1.019176 68.038116 -2.818743 0.296914 0.339856 -0.892379 0.298191 0.199594 1 17 1.000000
baseball_cap_05
  17 2.773748 66.973297 -2.163842 0.767228 0.073612 -0.637136 0.180830 0.119829 1 17 1.000000
  17 1.338482 66.722565 -2.906561 0.317253 0.015053 -0.948221 0.278453 0.111727 1 17 1.000000
  17 2.400717 68.283691 -2.066986 0.624978 0.415119 -0.661120 0.189854 0.209002 1 17 1.000000
baseball_cap_05
  17 2.400717 68.283691 -2.066986 0.624978 0.415119 -0.661120 0.189854 0.209002 1 17 1.000000
  17 3.169534 67.432922 -0.714947 0.979563 0.164481 -0.115769 0.104090 0.126772 1 17 1.000000
  17 2.773748 66.973297 -2.163842 0.767228 0.073612 -0.637136 0.180830 0.119829 1 17 1.000000
baseball_cap_05
  17 2.737203 68.668732 -1.003587 0.853578 0.479246 -0.204276 0.126827 0.214014 1 17 1.000000
  17 3.169534 67.432922 -0.714947 0.979563 0.164481 -0.115769 0.104090 0.126772 1 17 1.000000
  17 2.400717 68.283691 -2.066986 0.624978 0.415119 -0.661120 0.189854 0.209002 1 17 1.000000
baseball_cap_05
  17 1.833362 69.101387 -1.761258 0.416294 0.648109 -0.637694 0.207553 0.274390 1 17 1.000000
  17 2.737203 68.668732 -1.003587 0.853578 0.479246 -0.204276 0.126827 0.214014 1 17 1.000000
  17 2.400717 68.283691 -2.066986 0.624978 0.415119 -0.661120 0.189854 0.209002 1 17 1.000000
baseball_cap_05
  17 2.400717 68.283691 -2.066986 0.624978 0.415119 -0.661120 0.189854 0.209002 1 17 1.000000
  17 1.019176 68.038116 -2.818743 0.296914 0.339856 -0.892379 0.298191 0.199594 1 17 1.000000
  17 1.833362 69.101387 -1.761258 0.416294 0.648109 -0.637694 0.207553 0.274390 1 17 1.000000
baseball_cap_05
  17 1.833362 69.101387 -1.761258 0.416294 0.648109 -0.637694 0.207553 0.274390 1 17 1.000000
  17 1.019176 68.038116 -2.818743 0.296914 0.339856 -0.892379 0.298191 0.199594 1 17 1.000000
  17 0.683020 68.927994 -2.483096 0.236234 0.640157 -0.731021 0.308415 0.267912 1 17 1.000000
baseball_cap_05
  17 -0.738882 68.927994 -2.483096 -0.237193 0.638879 -0.731829 0.415945 0.263952 1 17 1.000000
  17 -0.924940 69.856567 -1.187682 -0.225306 0.842182 -0.489864 0.488068 0.368518 1 17 1.000000
  17 -0.401700 69.692253 -1.646034 -0.114584 0.835624 -0.537217 0.410424 0.348822 1 17 1.000000
baseball_cap_05
  17 -0.738882 68.927994 -2.483096 -0.237193 0.638879 -0.731829 0.415945 0.263952 1 17 1.000000
  17 -1.889224 69.101387 -1.761257 -0.419312 0.650811 -0.632947 0.521454 0.272314 1 17 1.000000
  17 -0.924940 69.856567 -1.187682 -0.225306 0.842182 -0.489864 0.488068 0.368518 1 17 1.000000
baseball_cap_05
  17 -1.889224 69.101387 -1.761257 -0.419312 0.650811 -0.632947 0.521454 0.272314 1 17 1.000000
  17 -2.146724 69.423447 -0.983430 -0.583018 0.758503 -0.291141 0.580383 0.296948 1 17 1.000000
  17 -0.924940 69.856567 -1.187682 -0.225306 0.842182 -0.489864 0.488068 0.368518 1 17 1.000000
baseball_cap_05
  17 -1.889224 69.101387 -1.761257 -0.419312 0.650811 -0.632947 0.521454 0.272314 1 17 1.000000
  17 -2.792146 68.664719 -1.019672 -0.870750 0.451210 -0.195458 0.605639 0.211302 1 17 1.000000
  17 -2.146724 69.423447 -0.983430 -0.583018 0.758503 -0.291141 0.580383 0.296948 1 17 1.000000
baseball_cap_05
  17 -2.792146 68.664719 -1.019672 -0.870750 0.451210 -0.195458 0.605639 0.211302 1 17 1.000000
  17 -2.573019 68.968903 0.285408 -0.862984 0.491313 0.117774 0.673432 0.227590 1 17 1.000000
  17 -2.146724 69.423447 -0.983430 -0.583018 0.758503 -0.291141 0.580383 0.296948 1 17 1.000000
baseball_cap_05
  17 -3.116818 67.465210 -0.760473 -0.979819 0.159541 -0.120423 0.625118 0.126772 1 17 1.000000
  17 -2.573019 68.968903 0.285408 -0.862984 0.491313 0.117774 0.673432 0.227590 1 17 1.000000
  17 -2.792146 68.664719 -1.019672 -0.870750 0.451210 -0.195458 0.605639 0.211302 1 17 1.000000
baseball_cap_05
  17 -2.881379 67.863098 0.755898 -0.946045 0.267366 0.183068 0.702343 0.126772 1 17 1.000000
  17 -2.573019 68.968903 0.285408 -0.862984 0.491313 0.117774 0.673432 0.227590 1 17 1.000000
  17 -3.116818 67.465210 -0.760473 -0.979819 0.159541 -0.120423 0.625118 0.126772 1 17 1.000000
baseball_cap_05
  17 -3.116818 67.465210 -0.760473 -0.979819 0.159541 -0.120423 0.625118 0.126772 1 17 1.000000
  17 -3.148319 66.484573 1.201259 -0.960702 0.203753 0.188511 0.712955 0.026120 1 17 1.000000
  17 -2.881379 67.863098 0.755898 -0.946045 0.267366 0.183068 0.702343 0.126772 1 17 1.000000
baseball_cap_05
  17 -3.204038 66.020973 -0.407335 -0.991754 0.070210 -0.107208 0.629124 0.026254 1 17 1.000000
  17 -3.148319 66.484573 1.201259 -0.960702 0.203753 0.188511 0.712955 0.026120 1 17 1.000000
  17 -3.116818 67.465210 -0.760473 -0.979819 0.159541 -0.120423 0.625118 0.126772 1 17 1.000000
baseball_cap_05
  17 -2.737923 67.030830 -2.108121 -0.774159 0.073053 -0.628762 0.548107 0.119461 1 17 1.000000
  17 -3.204038 66.020973 -0.407335 -0.991754 0.070210 -0.107208 0.629124 0.026254 1 17 1.000000
  17 -3.116818 67.465210 -0.760473 -0.979819 0.159541 -0.120423 0.625118 0.126772 1 17 1.000000
baseball_cap_05
  17 -2.796490 65.481422 -1.990080 -0.799875 -0.042194 -0.598681 0.549820 0.019721 1 17 1.000000
  17 -3.204038 66.020973 -0.407335 -0.991754 0.070210 -0.107208 0.629124 0.026254 1 17 1.000000
  17 -2.737923 67.030830 -2.108121 -0.774159 0.073053 -0.628762 0.548107 0.119461 1 17 1.000000
baseball_cap_05
  17 -1.379339 66.722565 -2.906561 -0.329277 0.016872 -0.944083 0.451862 0.110707 1 17 1.000000
  17 -2.796490 65.481422 -1.990080 -0.799875 -0.042194 -0.598681 0.549820 0.019721 1 17 1.000000
  17 -2.737923 67.030830 -2.108121 -0.774159 0.073053 -0.628762 0.548107 0.119461 1 17 1.000000
baseball_cap_05
  17 -1.472169 65.171356 -2.718977 -0.345694 -0.094360 -0.933591 0.459003 0.014149 1 17 1.000000
  17 -2.796490 65.481422 -1.990080 -0.799875 -0.042194 -0.598681 0.549820 0.019721 1 17 1.000000
  17 -1.379339 66.722565 -2.906561 -0.329277 0.016872 -0.944083 0.451862 0.110707 1 17 1.000000
baseball_cap_05
  17 -1.379339 66.722565 -2.906561 -0.329277 0.016872 -0.944083 0.451862 0.110707 1 17 1.000000
  17 -0.020977 65.115181 -3.012568 0.000001 -0.108916 -0.994051 0.365732 0.014462 1 17 1.000000
  17 -1.472169 65.171356 -2.718977 -0.345694 -0.094360 -0.933591 0.459003 0.014149 1 17 1.000000
baseball_cap_05
  17 -0.020429 66.671425 -3.111675 -0.000290 -0.004402 -0.999990 0.365127 0.108248 1 17 1.000000
  17 -0.020977 65.115181 -3.012568 0.000001 -0.108916 -0.994051 0.365732 0.014462 1 17 1.000000
  17 -1.379339 66.722565 -2.906561 -0.329277 0.016872 -0.944083 0.451862 0.110707 1 17 1.000000
baseball_cap_05
  17 -1.056609 68.038116 -2.818743 -0.302653 0.333228 -0.892950 0.431312 0.197321 1 17 1.000000
  17 -0.020429 66.671425 -3.111675 -0.000290 -0.004402 -0.999990 0.365127 0.108248 1 17 1.000000
  17 -1.379339 66.722565 -2.906561 -0.329277 0.016872 -0.944083 0.451862 0.110707 1 17 1.000000
baseball_cap_05
  17 -0.027932 67.969742 -2.984764 -0.000601 0.253731 -0.967275 0.365118 0.194425 1 17 1.000000
  17 -0.020429 66.671425 -3.111675 -0.000290 -0.004402 -0.999990 0.365127 0.108248 1 17 1.000000
  17 -1.056609 68.038116 -2.818743 -0.302653 0.333228 -0.892950 0.431312 0.197321 1 17 1.000000
baseball_cap_05
  17 -0.738882 68.927994 -2.483096 -0.237193 0.638879 -0.731829 0.415945 0.263952 1 17 1.000000
  17 -0.027932 67.969742 -2.984764 -0.000601 0.253731 -0.967275 0.365118 0.194425 1 17 1.000000
  17 -1.056609 68.038116 -2.818743 -0.302653 0.333228 -0.892950 0.431312 0.197321 1 17 1.000000
baseball_cap_05
  17 -1.056609 68.038116 -2.818743 -0.302653 0.333228 -0.892950 0.431312 0.197321 1 17 1.000000
  17 -1.889224 69.101387 -1.761257 -0.419312 0.650811 -0.632947 0.521454 0.272314 1 17 1.000000
  17 -0.738882 68.927994 -2.483096 -0.237193 0.638879 -0.731829 0.415945 0.263952 1 17 1.000000
baseball_cap_05
  17 -1.056609 68.038116 -2.818743 -0.302653 0.333228 -0.892950 0.431312 0.197321 1 17 1.000000
  17 -2.456578 68.283691 -2.066986 -0.638124 0.397563 -0.659349 0.538574 0.204455 1 17 1.000000
  17 -1.889224 69.101387 -1.761257 -0.419312 0.650811 -0.632947 0.521454 0.272314 1 17 1.000000
baseball_cap_05
  17 -2.456578 68.283691 -2.066986 -0.638124 0.397563 -0.659349 0.538574 0.204455 1 17 1.000000
  17 -2.792146 68.664719 -1.019672 -0.870750 0.451210 -0.195458 0.605639 0.211302 1 17 1.000000
  17 -1.889224 69.101387 -1.761257 -0.419312 0.650811 -0.632947 0.521454 0.272314 1 17 1.000000
baseball_cap_05
  17 -2.456578 68.283691 -2.066986 -0.638124 0.397563 -0.659349 0.538574 0.204455 1 17 1.000000
  17 -3.116818 67.465210 -0.760473 -0.979819 0.159541 -0.120423 0.625118 0.126772 1 17 1.000000
  17 -2.792146 68.664719 -1.019672 -0.870750 0.451210 -0.195458 0.605639 0.211302 1 17 1.000000
baseball_cap_05
  17 -2.737923 67.030830 -2.108121 -0.774159 0.073053 -0.628762 0.548107 0.119461 1 17 1.000000
  17 -3.116818 67.465210 -0.760473 -0.979819 0.159541 -0.120423 0.625118 0.126772 1 17 1.000000
  17 -2.456578 68.283691 -2.066986 -0.638124 0.397563 -0.659349 0.538574 0.204455 1 17 1.000000
baseball_cap_05
  17 -2.737923 67.030830 -2.108121 -0.774159 0.073053 -0.628762 0.548107 0.119461 1 17 1.000000
  17 -2.456578 68.283691 -2.066986 -0.638124 0.397563 -0.659349 0.538574 0.204455 1 17 1.000000
  17 -1.379339 66.722565 -2.906561 -0.329277 0.016872 -0.944083 0.451862 0.110707 1 17 1.000000
baseball_cap_05
  17 -1.379339 66.722565 -2.906561 -0.329277 0.016872 -0.944083 0.451862 0.110707 1 17 1.000000
  17 -2.456578 68.283691 -2.066986 -0.638124 0.397563 -0.659349 0.538574 0.204455 1 17 1.000000
  17 -1.056609 68.038116 -2.818743 -0.302653 0.333228 -0.892950 0.431312 0.197321 1 17 1.000000
baseball_cap_05
  17 -3.148319 66.484573 1.201259 -0.960702 0.203753 0.188511 0.925328 0.512047 1 17 1.000000
  17 -2.549867 67.113426 2.321690 -0.784985 0.348227 0.512383 0.940126 0.583273 1 17 1.000000
  17 -2.881379 67.863098 0.755898 -0.946045 0.267366 0.183068 0.826287 0.527694 1 17 1.000000
baseball_cap_05
  17 2.115984 69.214813 1.271738 0.688484 0.600732 0.406338 0.776059 0.897898 1 17 1.000000
  17 2.925157 67.823296 0.765823 0.940815 0.275681 0.197148 0.829216 0.980811 1 17 1.000000
  17 2.521922 68.964294 0.266922 0.848019 0.518185 0.111120 0.737468 0.948725 1 17 1.000000
baseball_cap_05
  17 2.394806 68.141739 1.873479 0.761411 0.407416 0.504247 0.851011 0.918192 1 17 1.000000
  17 2.925157 67.823296 0.765823 0.940815 0.275681 0.197148 0.829216 0.980811 1 17 1.000000
  17 2.115984 69.214813 1.271738 0.688484 0.600732 0.406338 0.776059 0.897898 1 17 1.000000
baseball_cap_05
  17 2.516237 67.019211 2.352650 0.779606 0.332737 0.530566 0.940126 0.928321 1 17 1.000000
  17 2.925157 67.823296 0.765823 0.940815 0.275681 0.197148 0.829216 0.980811 1 17 1.000000
  17 2.394806 68.141739 1.873479 0.761411 0.407416 0.504247 0.851011 0.918192 1 17 1.000000
baseball_cap_05
  17 0.931642 68.395302 2.970077 0.309329 0.550564 0.775368 0.860957 0.818632 1 17 1.000000
  17 2.516237 67.019211 2.352650 0.779606 0.332737 0.530566 0.940126 0.928321 1 17 1.000000
  17 2.394806 68.141739 1.873479 0.761411 0.407416 0.504247 0.851011 0.918192 1 17 1.000000
baseball_cap_05
  17 0.945156 67.508438 3.568942 0.325717 0.510567 0.795757 0.940126 0.823623 1 17 1.000000
  17 2.516237 67.019211 2.352650 0.779606 0.332737 0.530566 0.940126 0.928321 1 17 1.000000
  17 0.931642 68.395302 2.970077 0.309329 0.550564 0.775368 0.860957 0.818632 1 17 1.000000
baseball_cap_05
  17 0.945156 67.508438 3.568942 0.325717 0.510567 0.795757 0.940126 0.823623 1 17 1.000000
  17 0.931642 68.395302 2.970077 0.309329 0.550564 0.775368 0.860957 0.818632 1 17 1.000000
  17 -0.986442 67.522720 3.563530 -0.323148 0.514303 0.794398 0.940126 0.695205 1 17 1.000000
baseball_cap_05
  17 -0.986442 67.522720 3.563530 -0.323148 0.514303 0.794398 0.940126 0.695205 1 17 1.000000
  17 0.931642 68.395302 2.970077 0.309329 0.550564 0.775368 0.860957 0.818632 1 17 1.000000
  17 -0.972590 68.395302 2.970077 -0.308573 0.551055 0.775320 0.861469 0.694135 1 17 1.000000
baseball_cap_05
  17 -0.986442 67.522720 3.563530 -0.323148 0.514303 0.794398 0.940126 0.695205 1 17 1.000000
  17 -0.972590 68.395302 2.970077 -0.308573 0.551055 0.775320 0.861469 0.694135 1 17 1.000000
  17 -2.549867 67.113426 2.321690 -0.784985 0.348227 0.512383 0.940126 0.583273 1 17 1.000000
baseball_cap_05
  17 -2.549867 67.113426 2.321690 -0.784985 0.348227 0.512383 0.940126 0.583273 1 17 1.000000
  17 -0.972590 68.395302 2.970077 -0.308573 0.551055 0.775320 0.861469 0.694135 1 17 1.000000
  17 -2.433125 68.141739 1.873480 -0.769816 0.404112 0.494041 0.853477 0.593452 1 17 1.000000
baseball_cap_05
  17 -2.881379 67.863098 0.755898 -0.946045 0.267366 0.183068 0.826287 0.527694 1 17 1.000000
  17 -2.549867 67.113426 2.321690 -0.784985 0.348227 0.512383 0.940126 0.583273 1 17 1.000000
  17 -2.433125 68.141739 1.873480 -0.769816 0.404112 0.494041 0.853477 0.593452 1 17 1.000000
baseball_cap_05
  17 -2.433125 68.141739 1.873480 -0.769816 0.404112 0.494041 0.853477 0.593452 1 17 1.000000
  17 -2.167544 69.214813 1.271738 -0.696112 0.590285 0.408646 0.775703 0.608252 1 17 1.000000
  17 -2.881379 67.863098 0.755898 -0.946045 0.267366 0.183068 0.826287 0.527694 1 17 1.000000
baseball_cap_05
  17 -2.881379 67.863098 0.755898 -0.946045 0.267366 0.183068 0.826287 0.527694 1 17 1.000000
  17 -2.167544 69.214813 1.271738 -0.696112 0.590285 0.408646 0.775703 0.608252 1 17 1.000000
  17 -2.573019 68.968903 0.285408 -0.862984 0.491313 0.117774 0.738742 0.550206 1 17 1.000000
baseball_cap_05
  17 -2.167544 69.214813 1.271738 -0.696112 0.590285 0.408646 0.775703 0.608252 1 17 1.000000
  17 -1.703741 69.871536 0.813850 -0.505807 0.837173 0.208088 0.714934 0.639441 1 17 1.000000
  17 -2.573019 68.968903 0.285408 -0.862984 0.491313 0.117774 0.738742 0.550206 1 17 1.000000
baseball_cap_05
  17 -2.573019 68.968903 0.285408 -0.862984 0.491313 0.117774 0.738742 0.550206 1 17 1.000000
  17 -1.703741 69.871536 0.813850 -0.505807 0.837173 0.208088 0.714934 0.639441 1 17 1.000000
  17 -2.034782 69.664726 -0.015688 -0.619776 0.784095 -0.032755 0.670887 0.593613 1 17 1.000000
baseball_cap_05
  17 -2.034782 69.664726 -0.015688 -0.619776 0.784095 -0.032755 0.670887 0.593613 1 17 1.000000
  17 -1.703741 69.871536 0.813850 -0.505807 0.837173 0.208088 0.714934 0.639441 1 17 1.000000
  17 -1.082575 70.095390 -0.299521 -0.323180 0.932841 -0.159258 0.637391 0.664966 1 17 1.000000
baseball_cap_05
  17 -1.082575 70.095390 -0.299521 -0.323180 0.932841 -0.159258 0.637391 0.664966 1 17 1.000000
  17 -1.703741 69.871536 0.813850 -0.505807 0.837173 0.208088 0.714934 0.639441 1 17 1.000000
  17 -0.896943 70.229622 0.238844 -0.267694 0.963168 -0.025436 0.671820 0.689140 1 17 1.000000
baseball_cap_05
  17 -1.082575 70.095390 -0.299521 -0.323180 0.932841 -0.159258 0.637391 0.664966 1 17 1.000000
  17 -0.896943 70.229622 0.238844 -0.267694 0.963168 -0.025436 0.671820 0.689140 1 17 1.000000
  17 -0.027735 70.289268 -0.440601 0.000472 0.966795 -0.255552 0.635250 0.747892 1 17 1.000000
baseball_cap_05
  17 -0.896943 70.229622 0.238844 -0.267694 0.963168 -0.025436 0.671820 0.689140 1 17 1.000000
  17 -0.363196 70.329391 0.639018 -0.107309 0.987664 0.114037 0.688589 0.727514 1 17 1.000000
  17 -0.027735 70.289268 -0.440601 0.000472 0.966795 -0.255552 0.635250 0.747892 1 17 1.000000
baseball_cap_05
  17 3.106366 66.484573 1.201258 0.961651 0.166135 0.218236 0.940126 0.990587 1 17 1.000000
  17 2.925157 67.823296 0.765823 0.940815 0.275681 0.197148 0.829216 0.980811 1 17 1.000000
  17 2.516237 67.019211 2.352650 0.779606 0.332737 0.530566 0.940126 0.928321 1 17 1.000000
baseball_cap_05
  17 -0.363196 70.329391 0.639018 -0.107309 0.987664 0.114037 0.688589 0.727514 1 17 1.000000
  17 0.308740 70.329391 0.639018 0.112237 0.987853 0.107464 0.688439 0.772545 1 17 1.000000
  17 -0.027735 70.289268 -0.440601 0.000472 0.966795 -0.255552 0.635250 0.747892 1 17 1.000000
baseball_cap_05
  17 -0.363196 70.329391 0.639018 -0.107309 0.987664 0.114037 0.688589 0.727514 1 17 1.000000
  17 0.624777 70.028465 1.443255 0.195625 0.880974 0.430832 0.729482 0.794485 1 17 1.000000
  17 0.308740 70.329391 0.639018 0.112237 0.987853 0.107464 0.688439 0.772545 1 17 1.000000
baseball_cap_05
  17 0.624777 70.028465 1.443255 0.195625 0.880974 0.430832 0.729482 0.794485 1 17 1.000000
  17 0.842627 70.213821 0.175453 0.271359 0.961986 -0.030789 0.665793 0.811806 1 17 1.000000
  17 0.308740 70.329391 0.639018 0.112237 0.987853 0.107464 0.688439 0.772545 1 17 1.000000
baseball_cap_05
  17 1.649260 69.871536 0.813850 0.505751 0.839182 0.199972 0.714218 0.861370 1 17 1.000000
  17 0.842627 70.213821 0.175453 0.271359 0.961986 -0.030789 0.665793 0.811806 1 17 1.000000
  17 0.624777 70.028465 1.443255 0.195625 0.880974 0.430832 0.729482 0.794485 1 17 1.000000
baseball_cap_05
  17 1.649260 69.871536 0.813850 0.505751 0.839182 0.199972 0.714218 0.861370 1 17 1.000000
  17 1.980692 69.655884 -0.051138 0.616177 0.786562 -0.040577 0.669264 0.906083 1 17 1.000000
  17 0.842627 70.213821 0.175453 0.271359 0.961986 -0.030789 0.665793 0.811806 1 17 1.000000
baseball_cap_05
  17 1.649260 69.871536 0.813850 0.505751 0.839182 0.199972 0.714218 0.861370 1 17 1.000000
  17 2.521922 68.964294 0.266922 0.848019 0.518185 0.111120 0.737468 0.948725 1 17 1.000000
  17 1.980692 69.655884 -0.051138 0.616177 0.786562 -0.040577 0.669264 0.906083 1 17 1.000000
baseball_cap_05
  17 2.115984 69.214813 1.271738 0.688484 0.600732 0.406338 0.776059 0.897898 1 17 1.000000
  17 2.521922 68.964294 0.266922 0.848019 0.518185 0.111120 0.737468 0.948725 1 17 1.000000
  17 1.649260 69.871536 0.813850 0.505751 0.839182 0.199972 0.714218 0.861370 1 17 1.000000
baseball_cap_05
  17 2.115984 69.214813 1.271738 0.688484 0.600732 0.406338 0.776059 0.897898 1 17 1.000000
  17 1.649260 69.871536 0.813850 0.505751 0.839182 0.199972 0.714218 0.861370 1 17 1.000000
  17 0.823559 69.459229 2.167090 0.266230 0.692435 0.670564 0.784014 0.811047 1 17 1.000000
baseball_cap_05
  17 0.823559 69.459229 2.167090 0.266230 0.692435 0.670564 0.784014 0.811047 1 17 1.000000
  17 2.394806 68.141739 1.873479 0.761411 0.407416 0.504247 0.851011 0.918192 1 17 1.000000
  17 2.115984 69.214813 1.271738 0.688484 0.600732 0.406338 0.776059 0.897898 1 17 1.000000
baseball_cap_05
  17 0.931642 68.395302 2.970077 0.309329 0.550564 0.775368 0.860957 0.818632 1 17 1.000000
  17 2.394806 68.141739 1.873479 0.761411 0.407416 0.504247 0.851011 0.918192 1 17 1.000000
  17 0.823559 69.459229 2.167090 0.266230 0.692435 0.670564 0.784014 0.811047 1 17 1.000000
baseball_cap_05
  17 0.931642 68.395302 2.970077 0.309329 0.550564 0.775368 0.860957 0.818632 1 17 1.000000
  17 0.823559 69.459229 2.167090 0.266230 0.692435 0.670564 0.784014 0.811047 1 17 1.000000
  17 -0.972590 68.395302 2.970077 -0.308573 0.551055 0.775320 0.861469 0.694135 1 17 1.000000
baseball_cap_05
  17 -0.972590 68.395302 2.970077 -0.308573 0.551055 0.775320 0.861469 0.694135 1 17 1.000000
  17 0.823559 69.459229 2.167090 0.266230 0.692435 0.670564 0.784014 0.811047 1 17 1.000000
  17 -0.878270 69.459229 2.167090 -0.267037 0.691213 0.671503 0.782883 0.696452 1 17 1.000000
baseball_cap_05
  17 -0.972590 68.395302 2.970077 -0.308573 0.551055 0.775320 0.861469 0.694135 1 17 1.000000
  17 -0.878270 69.459229 2.167090 -0.267037 0.691213 0.671503 0.782883 0.696452 1 17 1.000000
  17 -2.433125 68.141739 1.873480 -0.769816 0.404112 0.494041 0.853477 0.593452 1 17 1.000000
baseball_cap_05
  17 -2.433125 68.141739 1.873480 -0.769816 0.404112 0.494041 0.853477 0.593452 1 17 1.000000
  17 -0.878270 69.459229 2.167090 -0.267037 0.691213 0.671503 0.782883 0.696452 1 17 1.000000
  17 -2.167544 69.214813 1.271738 -0.696112 0.590285 0.408646 0.775703 0.608252 1 17 1.000000
baseball_cap_05
  17 -2.167544 69.214813 1.271738 -0.696112 0.590285 0.408646 0.775703 0.608252 1 17 1.000000
  17 -0.878270 69.459229 2.167090 -0.267037 0.691213 0.671503 0.782883 0.696452 1 17 1.000000
  17 -1.703741 69.871536 0.813850 -0.505807 0.837173 0.208088 0.714934 0.639441 1 17 1.000000
baseball_cap_05
  17 -1.703741 69.871536 0.813850 -0.505807 0.837173 0.208088 0.714934 0.639441 1 17 1.000000
  17 -0.878270 69.459229 2.167090 -0.267037 0.691213 0.671503 0.782883 0.696452 1 17 1.000000
  17 -0.679488 70.028465 1.443256 -0.194549 0.878813 0.435704 0.728843 0.708686 1 17 1.000000
baseball_cap_05
  17 -1.703741 69.871536 0.813850 -0.505807 0.837173 0.208088 0.714934 0.639441 1 17 1.000000
  17 -0.679488 70.028465 1.443256 -0.194549 0.878813 0.435704 0.728843 0.708686 1 17 1.000000
  17 -0.896943 70.229622 0.238844 -0.267694 0.963168 -0.025436 0.671820 0.689140 1 17 1.000000
baseball_cap_05
  17 -0.896943 70.229622 0.238844 -0.267694 0.963168 -0.025436 0.671820 0.689140 1 17 1.000000
  17 -0.679488 70.028465 1.443256 -0.194549 0.878813 0.435704 0.728843 0.708686 1 17 1.000000
  17 -0.363196 70.329391 0.639018 -0.107309 0.987664 0.114037 0.688589 0.727514 1 17 1.000000
baseball_cap_05
  17 -0.679488 70.028465 1.443256 -0.194549 0.878813 0.435704 0.728843 0.708686 1 17 1.000000
  17 0.624777 70.028465 1.443255 0.195625 0.880974 0.430832 0.729482 0.794485 1 17 1.000000
  17 -0.363196 70.329391 0.639018 -0.107309 0.987664 0.114037 0.688589 0.727514 1 17 1.000000
baseball_cap_05
  17 -0.679488 70.028465 1.443256 -0.194549 0.878813 0.435704 0.728843 0.708686 1 17 1.000000
  17 0.823559 69.459229 2.167090 0.266230 0.692435 0.670564 0.784014 0.811047 1 17 1.000000
  17 0.624777 70.028465 1.443255 0.195625 0.880974 0.430832 0.729482 0.794485 1 17 1.000000
baseball_cap_05
  17 0.823559 69.459229 2.167090 0.266230 0.692435 0.670564 0.784014 0.811047 1 17 1.000000
  17 1.649260 69.871536 0.813850 0.505751 0.839182 0.199972 0.714218 0.861370 1 17 1.000000
  17 0.624777 70.028465 1.443255 0.195625 0.880974 0.430832 0.729482 0.794485 1 17 1.000000
baseball_cap_05
  17 -0.878270 69.459229 2.167090 -0.267037 0.691213 0.671503 0.782883 0.696452 1 17 1.000000
  17 0.823559 69.459229 2.167090 0.266230 0.692435 0.670564 0.784014 0.811047 1 17 1.000000
  17 -0.679488 70.028465 1.443256 -0.194549 0.878813 0.435704 0.728843 0.708686 1 17 1.000000
baseball_cap_05
  17 0.308740 70.329391 0.639018 0.112237 0.987853 0.107464 0.688439 0.772545 1 17 1.000000
  17 0.842627 70.213821 0.175453 0.271359 0.961986 -0.030789 0.665793 0.811806 1 17 1.000000
  17 -0.027735 70.289268 -0.440601 0.000472 0.966795 -0.255552 0.635250 0.747892 1 17 1.000000
baseball_cap_05
  17 0.842627 70.213821 0.175453 0.271359 0.961986 -0.030789 0.665793 0.811806 1 17 1.000000
  17 1.028484 70.089218 -0.324288 0.322139 0.932546 -0.163049 0.634526 0.831233 1 17 1.000000
  17 -0.027735 70.289268 -0.440601 0.000472 0.966795 -0.255552 0.635250 0.747892 1 17 1.000000
baseball_cap_05
  17 0.842627 70.213821 0.175453 0.271359 0.961986 -0.030789 0.665793 0.811806 1 17 1.000000
  17 1.980692 69.655884 -0.051138 0.616177 0.786562 -0.040577 0.669264 0.906083 1 17 1.000000
  17 1.028484 70.089218 -0.324288 0.322139 0.932546 -0.163049 0.634526 0.831233 1 17 1.000000
baseball_cap_05
  17 2.646563 66.231476 5.035755 -0.789256 -0.606842 -0.093903 0.384929 0.948222 1 17 1.000000
  17 3.106366 66.484573 1.201258 -0.781224 -0.609716 -0.133923 0.679744 0.982233 1 17 1.000000
  17 2.732845 66.036095 4.628457 -0.977976 -0.164745 -0.128145 0.417679 0.967736 1 17 1.000000
baseball_cap_05
  17 2.646563 66.231476 5.035755 -0.789256 -0.606842 -0.093903 0.384929 0.948222 1 17 1.000000
  17 2.416099 66.637703 2.464082 -0.518564 -0.854834 -0.018700 0.621329 0.930323 1 17 1.000000
  17 3.106366 66.484573 1.201258 -0.781224 -0.609716 -0.133923 0.679744 0.982233 1 17 1.000000
baseball_cap_05
  17 2.416099 66.637703 2.464082 -0.518564 -0.854834 -0.018700 0.621329 0.930323 1 17 1.000000
  17 2.646563 66.231476 5.035755 -0.789256 -0.606842 -0.093903 0.384929 0.948222 1 17 1.000000
  17 2.137109 66.879639 5.873110 -0.575980 -0.816967 0.028494 0.339928 0.892516 1 17 1.000000
baseball_cap_05
  17 2.416099 66.637703 2.464082 -0.518564 -0.854834 -0.018700 0.621329 0.930323 1 17 1.000000
  17 2.137109 66.879639 5.873110 -0.575980 -0.816967 0.028494 0.339928 0.892516 1 17 1.000000
  17 0.909903 67.069748 3.542296 -0.148695 -0.983251 0.105387 0.560169 0.809425 1 17 1.000000
baseball_cap_05
  17 0.909903 67.069748 3.542296 -0.148695 -0.983251 0.105387 0.560169 0.809425 1 17 1.000000
  17 2.137109 66.879639 5.873110 -0.575980 -0.816967 0.028494 0.339928 0.892516 1 17 1.000000
  17 0.803338 67.462746 6.509923 -0.148695 -0.983251 0.105387 0.304673 0.802400 1 17 1.000000
baseball_cap_05
  17 -0.845292 67.462746 6.509923 0.148696 -0.983251 0.105387 0.304677 0.691253 1 17 1.000000
  17 0.909903 67.069748 3.542296 -0.148695 -0.983251 0.105387 0.560169 0.809425 1 17 1.000000
  17 0.803338 67.462746 6.509923 -0.148695 -0.983251 0.105387 0.304673 0.802400 1 17 1.000000
baseball_cap_05
  17 -0.951857 67.069748 3.542296 0.148696 -0.983251 0.105387 0.560174 0.683908 1 17 1.000000
  17 0.909903 67.069748 3.542296 -0.148695 -0.983251 0.105387 0.560169 0.809425 1 17 1.000000
  17 -0.845292 67.462746 6.509923 0.148696 -0.983251 0.105387 0.304677 0.691253 1 17 1.000000
baseball_cap_05
  17 -2.179062 66.879639 5.873111 0.575980 -0.816967 0.028494 0.339938 0.601528 1 17 1.000000
  17 -0.951857 67.069748 3.542296 0.148696 -0.983251 0.105387 0.560174 0.683908 1 17 1.000000
  17 -0.845292 67.462746 6.509923 0.148696 -0.983251 0.105387 0.304677 0.691253 1 17 1.000000
baseball_cap_05
  17 -2.458053 66.637703 2.464082 0.518563 -0.854835 -0.018700 0.621340 0.563179 1 17 1.000000
  17 -0.951857 67.069748 3.542296 0.148696 -0.983251 0.105387 0.560174 0.683908 1 17 1.000000
  17 -2.179062 66.879639 5.873111 0.575980 -0.816967 0.028494 0.339938 0.601528 1 17 1.000000
baseball_cap_05
  17 -2.688516 66.231476 5.035755 0.793663 -0.601069 -0.093891 0.384942 0.546359 1 17 1.000000
  17 -2.458053 66.637703 2.464082 0.518563 -0.854835 -0.018700 0.621340 0.563179 1 17 1.000000
  17 -2.179062 66.879639 5.873111 0.575980 -0.816967 0.028494 0.339938 0.601528 1 17 1.000000
baseball_cap_05
  17 -2.688516 66.231476 5.035755 0.793663 -0.601069 -0.093891 0.384942 0.546359 1 17 1.000000
  17 -3.148319 66.484573 1.201259 0.788129 -0.600712 -0.134156 0.679758 0.511101 1 17 1.000000
  17 -2.458053 66.637703 2.464082 0.518563 -0.854835 -0.018700 0.621340 0.563179 1 17 1.000000
baseball_cap_05
  17 -2.773831 66.035172 4.596757 0.981619 -0.142365 -0.127105 0.419125 0.527098 1 17 1.000000
  17 -3.148319 66.484573 1.201259 0.788129 -0.600712 -0.134156 0.679758 0.511101 1 17 1.000000
  17 -2.688516 66.231476 5.035755 0.793663 -0.601069 -0.093891 0.384942 0.546359 1 17 1.000000
baseball_cap_05
  17 2.732845 66.036095 4.628457 0.977976 0.164745 0.128145 0.123184 0.972607 1 17 1.000000
  17 3.106366 66.484573 1.201258 0.911871 0.387664 0.134933 0.395114 0.982233 1 17 1.000000
  17 2.646563 66.231476 5.035755 0.891881 0.433955 0.127400 0.090434 0.953093 1 17 1.000000
baseball_cap_05
  17 2.646563 66.231476 5.035755 0.891881 0.433955 0.127400 0.090434 0.953093 1 17 1.000000
  17 3.106366 66.484573 1.201258 0.911871 0.387664 0.134933 0.395114 0.982233 1 17 1.000000
  17 2.516237 67.019211 2.352650 0.700689 0.705677 0.105140 0.322527 0.923041 1 17 1.000000
baseball_cap_05
  17 2.646563 66.231476 5.035755 0.891881 0.433955 0.127400 0.090434 0.953093 1 17 1.000000
  17 2.516237 67.019211 2.352650 0.700689 0.705677 0.105140 0.322527 0.923041 1 17 1.000000
  17 2.137109 66.879639 5.873110 0.643735 0.760085 0.088750 0.045433 0.892516 1 17 1.000000
baseball_cap_05
  17 2.516237 67.019211 2.352650 0.700689 0.705677 0.105140 0.322527 0.923041 1 17 1.000000
  17 0.945156 67.508438 3.568942 0.194336 0.980193 0.038147 0.267281 0.811602 1 17 1.000000
  17 2.137109 66.879639 5.873110 0.643735 0.760085 0.088750 0.045433 0.892516 1 17 1.000000
baseball_cap_05
  17 2.137109 66.879639 5.873110 0.643735 0.760085 0.088750 0.045433 0.892516 1 17 1.000000
  17 0.945156 67.508438 3.568942 0.194336 0.980193 0.038147 0.267281 0.811602 1 17 1.000000
  17 0.803338 67.462746 6.509923 0.194336 0.980193 0.038147 0.010178 0.802400 1 17 1.000000
baseball_cap_05
  17 0.945156 67.508438 3.568942 0.194336 0.980193 0.038147 0.267281 0.811602 1 17 1.000000
  17 -0.845292 67.462746 6.509923 -0.183304 0.982020 0.045118 0.010182 0.691253 1 17 1.000000
  17 0.803338 67.462746 6.509923 0.194336 0.980193 0.038147 0.010178 0.802400 1 17 1.000000
baseball_cap_05
  17 -0.986442 67.522720 3.563530 -0.183304 0.982020 0.045118 0.267364 0.681370 1 17 1.000000
  17 -0.845292 67.462746 6.509923 -0.183304 0.982020 0.045118 0.010182 0.691253 1 17 1.000000
  17 0.945156 67.508438 3.568942 0.194336 0.980193 0.038147 0.267281 0.811602 1 17 1.000000
baseball_cap_05
  17 -0.986442 67.522720 3.563530 -0.183304 0.982020 0.045118 0.267364 0.681370 1 17 1.000000
  17 -2.179062 66.879639 5.873111 -0.641648 0.760187 0.101998 0.045443 0.601528 1 17 1.000000
  17 -0.845292 67.462746 6.509923 -0.183304 0.982020 0.045118 0.010182 0.691253 1 17 1.000000
baseball_cap_05
  17 -2.549867 67.113426 2.321690 -0.712217 0.692554 0.114525 0.327780 0.555999 1 17 1.000000
  17 -2.179062 66.879639 5.873111 -0.641648 0.760187 0.101998 0.045443 0.601528 1 17 1.000000
  17 -0.986442 67.522720 3.563530 -0.183304 0.982020 0.045118 0.267364 0.681370 1 17 1.000000
baseball_cap_05
  17 -2.549867 67.113426 2.321690 -0.712217 0.692554 0.114525 0.327780 0.555999 1 17 1.000000
  17 -2.688516 66.231476 5.035755 -0.903802 0.407485 0.130759 0.090447 0.546359 1 17 1.000000
  17 -2.179062 66.879639 5.873111 -0.641648 0.760187 0.101998 0.045443 0.601528 1 17 1.000000
baseball_cap_05
  17 -2.688516 66.231476 5.035755 -0.903802 0.407485 0.130759 0.090447 0.546359 1 17 1.000000
  17 -2.549867 67.113426 2.321690 -0.712217 0.692554 0.114525 0.327780 0.555999 1 17 1.000000
  17 -3.148319 66.484573 1.201259 -0.926117 0.352513 0.134320 0.395128 0.511101 1 17 1.000000
baseball_cap_05
  17 -2.688516 66.231476 5.035755 -0.903802 0.407485 0.130759 0.090447 0.546359 1 17 1.000000
  17 -3.148319 66.484573 1.201259 -0.926117 0.352513 0.134320 0.395128 0.511101 1 17 1.000000
  17 -2.773831 66.035172 4.596757 -0.981619 0.142365 0.127105 0.124630 0.527098 1 17 1.000000
end
