// Created by Crowbar 0.74
version 1
nodes
  0 "bip_pelvis" -1
  1 "bip_hip_R" 0
  2 "bip_knee_R" 1
  3 "bip_foot_R" 2
  4 "bip_spine_0" 0
  5 "bip_spine_1" 4
  6 "bip_spine_2" 5
  7 "bip_spine_3" 6
  8 "bip_collar_R" 7
  9 "bip_upperArm_R" 8
  10 "bip_lowerArm_R" 9
  11 "bip_hand_R" 10
  12 "bip_Hand_Rotate1_R" 10
  13 "bip_hip_L" 0
  14 "bip_knee_L" 13
  15 "bip_foot_L" 14
  16 "bip_neck" 7
  17 "bip_head" 16
  18 "bip_collar_L" 7
  19 "bip_upperArm_L" 18
  20 "bip_lowerArm_L" 19
  21 "bip_hand_L" 20
  22 "bip_index_0_L" 21
  23 "bip_index_0_R" 11
  24 "bip_Hand_Rotate1_L" 20
  25 "bip_Arm_Rotate1_L" 19
  26 "bip_index_1_L" 22
  27 "bip_middle_0_L" 21
  28 "bip_middle_1_L" 27
  29 "bip_ring_0_L" 21
  30 "bip_ring_1_L" 29
  31 "bip_pinky_0_L" 21
  32 "bip_pinky_1_L" 31
  33 "bip_thumb_0_L" 21
  34 "bip_thumb_1_L" 33
  35 "bip_Hand_Rotate_L" 20
  36 "bip_Arm_Rotate_L" 19
  37 "bip_Pelvis_L" 13
  38 "bip_Arm_Rotate_R" 9
  39 "bip_Arm_Rotate1_R" 9
  40 "bip_kneeMid_L" 14
  41 "Elbow_R" 10
  42 "bip_Pelvis_R" 1
  43 "bip_kneeMid_R" 2
  44 "Elbow_L" 20
  45 "bip_index_1_R" 23
  46 "bip_middle_0_R" 11
  47 "bip_middle_1_R" 46
  48 "bip_ring_0_R" 11
  49 "bip_ring_1_R" 48
  50 "bip_pinky_0_R" 11
  51 "bip_pinky_1_R" 50
  52 "bip_thumb_0_R" 11
  53 "bip_thumb_1_R" 52
  54 "bip_Hand_Rotate_R" 10
  55 "bip_toeEnd_R" 3
  56 "bip_toeEnd_L" 15
  57 "bip_indexEnd_L" 26
  58 "bip_middleEnd_L" 28
  59 "bip_RingEnd_L" 30
  60 "bip_pinkyEnd_L" 32
  61 "bip_thumbEnd_L" 34
  62 "Wp_L" 21
  63 "bip_indexEnd_R" 45
  64 "bip_middleEnd_R" 47
  65 "bip_ringEnd_R" 49
  66 "bip_pinkyEnd_R" 51
  67 "bip_thumbEnd_R" 53
  68 "Wp_R" 11
  69 "bip_forward" 17
  70 "bip_clipbone" 11
end
skeleton
  time 0
    0 0.000000 39.563190 0.000000 0.000000 0.000000 0.000000
    1 -3.366135 -1.935646 1.480067 0.111246 0.039216 -1.700668
    2 16.045450 0.000000 0.000000 -0.000323 0.133775 -0.002420
    3 17.465778 0.000001 0.000001 -0.159390 -0.178530 1.736820
    4 0.000000 4.240540 1.190873 0.000000 0.000000 0.000000
    5 0.000000 5.143673 -0.566893 0.000000 0.000000 0.000000
    6 0.000000 4.011826 -0.435470 0.000000 0.000000 0.000000
    7 0.000000 3.724953 -0.655500 0.000000 0.000000 0.000000
    8 -2.166257 -0.155743 -0.180534 0.000000 0.000000 0.157080
    9 -4.301173 0.280510 -0.232197 1.514108 -0.019862 -2.351989
    10 11.236193 0.000000 0.000004 0.000001 -0.001411 0.443439
    11 9.693705 0.000000 0.000000 1.748300 -0.156891 3.091171
    12 7.480289 0.006109 -0.010555 1.740287 -0.001411 -3.140776
    13 3.366135 -1.935787 1.480067 -0.111239 0.039223 -1.440926
    14 16.045298 0.000001 0.000000 0.000323 0.133775 0.002421
    15 17.465788 0.000000 0.000000 2.982194 0.178536 1.404771
    16 0.000000 3.134243 -0.066059 0.000000 0.000000 0.000000
    17 0.063361 3.268921 0.898785 0.000000 0.000000 0.000000
    18 2.166257 -0.155926 -0.180536 3.141592 0.000000 -0.157080
    19 4.301145 -0.280594 0.232197 0.056693 0.019859 0.789599
    20 11.236181 -0.000027 -0.000006 0.000000 0.444256 0.000000
    21 9.693651 -0.013687 0.007915 0.169489 -0.050609 0.155683
    22 3.443607 -0.311180 -1.426107 0.025754 0.180665 0.039288
    23 -3.443645 0.311172 1.426091 0.025754 0.180665 0.039288
    24 7.480257 -0.000008 -0.000010 0.169489 0.000000 0.000000
    25 6.472908 -0.000031 -0.000001 -0.028346 0.000000 0.000000
    26 1.726654 -0.000004 0.000009 0.000000 0.000000 0.507966
    27 3.628399 -0.413433 -0.461199 -0.017992 0.035722 0.129722
    28 1.717384 -0.000019 -0.000012 0.000000 0.000000 0.296827
    29 3.622608 -0.257954 0.410928 -0.173205 -0.117278 0.214490
    30 1.717384 0.000017 0.000010 0.000000 0.000000 0.254297
    31 3.401308 0.004623 1.218914 -0.166412 -0.272554 0.134906
    32 1.462820 -0.000019 -0.000014 0.000000 0.000000 0.476304
    33 1.013556 0.134880 -1.638489 -0.195039 0.518495 0.573015
    34 1.567802 0.078053 0.000011 0.000000 0.302710 0.000000
    35 4.488096 -0.000061 -0.000023 0.084744 0.000000 0.000000
    36 3.480602 -0.000145 -0.000002 -0.043610 0.000000 0.000000
    37 2.222412 0.000015 -0.267579 -3.088133 -0.110996 1.564869
    38 3.480843 0.000000 0.000004 1.527190 0.000000 3.141593
    39 6.472961 0.000000 0.000000 1.542452 0.000000 3.141593
    40 0.000000 0.000000 0.000000 3.047043 0.186859 1.513152
    41 0.000002 -0.000001 0.000000 1.571107 -0.001377 2.920281
    42 2.222565 0.000001 -0.267583 0.053460 0.111003 1.576724
    43 0.000000 0.000000 0.000000 -0.094550 -0.186859 1.628441
    44 0.000000 0.000000 -0.000001 0.000000 -0.222128 0.000000
    45 -1.726627 0.000000 0.000000 0.000000 0.000000 0.507966
    46 -3.628420 0.413422 0.461190 -0.017992 0.035722 0.129722
    47 -1.717388 0.000000 0.000001 0.000000 0.000000 0.296827
    48 -3.622635 0.257938 -0.410944 -0.173205 -0.117278 0.214490
    49 -1.717390 -0.000002 0.000000 0.000000 0.000000 0.254297
    50 -3.401335 -0.004631 -1.218926 -0.166412 -0.272554 0.134906
    51 -1.462816 -0.000004 0.000000 0.000000 0.000000 0.476304
    52 -1.013588 -0.134895 1.638474 -0.195039 0.518495 0.573015
    53 -1.567801 -0.078051 0.000000 0.000000 0.302710 0.000000
    54 4.488173 0.003667 -0.006332 1.655541 -0.001411 -3.140776
    55 -0.035184 -3.529829 6.683560 0.000000 0.000000 0.000000
    56 0.035217 3.529826 -6.683582 0.000000 0.000000 0.000000
    57 1.878918 0.000004 -0.000005 -0.337833 0.000000 0.000000
    58 1.878918 0.000006 -0.000004 -0.337833 0.000000 0.000000
    59 1.878920 -0.000013 -0.000011 -0.337833 0.000000 0.000000
    60 1.878929 0.000004 0.000001 -0.337833 0.000000 0.000000
    61 1.490896 0.144535 -0.268490 -0.337833 0.000000 0.000000
    62 3.058685 1.032097 -0.605999 0.000000 0.334862 0.049595
    63 -1.878929 0.000002 0.000002 -0.337833 0.000000 0.000000
    64 -1.878931 0.000002 0.000001 -0.337833 0.000000 0.000000
    65 -1.878933 0.000002 0.000000 -0.337833 0.000000 0.000000
    66 -1.878937 0.000004 0.000000 -0.337833 0.000000 0.000000
    67 -1.490896 -0.144542 0.268478 -0.337833 0.000000 0.000000
    68 -3.058714 -1.032104 0.605986 0.000000 0.334862 0.049595
    69 0.000000 0.000000 4.750000 0.000000 -1.570796 -1.570796
    70 -2.849998 0.000000 0.000000 0.000000 0.000000 0.000000
end
triangles
models\Characters\Eyes\eyeball_l
  17 1.085755 64.994156 4.023819 -0.319280 0.045509 0.946567 0.259657 0.467992 1 17 1.000000
  17 1.135440 65.183105 4.029425 -0.049763 -0.354088 0.933887 0.268610 0.736592 1 17 1.000000
  17 0.982205 65.078232 3.963590 -0.130297 -0.259198 0.956995 0.187911 0.617324 1 17 1.000000
models\Characters\Eyes\eyeball_l
  17 0.848065 64.906380 3.902315 0.136679 0.219095 0.966083 0.121225 0.408417 1 17 1.000000
  17 0.929290 64.895447 3.950005 -0.305677 0.436532 0.846168 0.192193 0.357018 1 17 1.000000
  17 0.982205 65.078232 3.963590 -0.130297 -0.259198 0.956995 0.187911 0.617324 1 17 1.000000
models\Characters\Eyes\eyeball_l
  17 0.929290 64.895447 3.950005 -0.305677 0.436532 0.846168 0.192193 0.357018 1 17 1.000000
  17 1.085755 64.994156 4.023819 -0.319280 0.045509 0.946567 0.259657 0.467992 1 17 1.000000
  17 0.982205 65.078232 3.963590 -0.130297 -0.259198 0.956995 0.187911 0.617324 1 17 1.000000
models\Characters\Eyes\eyeball_l
  17 1.058490 64.853836 4.018405 -0.156186 0.431245 0.888613 0.260690 0.260687 1 17 1.000000
  17 1.085755 64.994156 4.023819 -0.319280 0.045509 0.946567 0.259657 0.467992 1 17 1.000000
  17 0.929290 64.895447 3.950005 -0.305677 0.436532 0.846168 0.192193 0.357018 1 17 1.000000
models\Characters\Eyes\eyeball_l
  17 1.320310 64.822205 4.044150 0.106484 0.319485 0.941589 0.412553 0.221086 1 17 1.000000
  17 1.085755 64.994156 4.023819 -0.319280 0.045509 0.946567 0.259657 0.467992 1 17 1.000000
  17 1.058490 64.853836 4.018405 -0.156186 0.431245 0.888613 0.260690 0.260687 1 17 1.000000
models\Characters\Eyes\eyeball_l
  17 1.352420 64.996246 4.060109 0.084619 -0.021685 0.996177 0.414275 0.497262 1 17 1.000000
  17 1.085755 64.994156 4.023819 -0.319280 0.045509 0.946567 0.259657 0.467992 1 17 1.000000
  17 1.320310 64.822205 4.044150 0.106484 0.319485 0.941589 0.412553 0.221086 1 17 1.000000
models\Characters\Eyes\eyeball_l
  17 1.085755 64.994156 4.023819 -0.319280 0.045509 0.946567 0.259657 0.467992 1 17 1.000000
  17 1.352420 64.996246 4.060109 0.084619 -0.021685 0.996177 0.414275 0.497262 1 17 1.000000
  17 1.135440 65.183105 4.029425 -0.049763 -0.354088 0.933887 0.268610 0.736592 1 17 1.000000
models\Characters\Eyes\eyeball_l
  17 1.135440 65.183105 4.029425 -0.049763 -0.354088 0.933887 0.268610 0.736592 1 17 1.000000
  17 1.352420 64.996246 4.060109 0.084619 -0.021685 0.996177 0.414275 0.497262 1 17 1.000000
  17 1.372085 65.236122 4.036360 0.114522 -0.359789 0.925979 0.396593 0.843629 1 17 1.000000
models\Characters\Eyes\eyeball_l
  17 1.352420 64.996246 4.060109 0.084619 -0.021685 0.996177 0.414275 0.497262 1 17 1.000000
  17 1.667060 65.024277 3.969289 0.557541 -0.077752 0.826500 0.594375 0.521367 1 17 1.000000
  17 1.372085 65.236122 4.036360 0.114522 -0.359789 0.925979 0.396593 0.843629 1 17 1.000000
models\Characters\Eyes\eyeball_l
  17 1.372085 65.236122 4.036360 0.114522 -0.359789 0.925979 0.396593 0.843629 1 17 1.000000
  17 1.667060 65.024277 3.969289 0.557541 -0.077752 0.826500 0.594375 0.521367 1 17 1.000000
  17 1.662310 65.228333 3.967485 0.405025 -0.415783 0.814297 0.571992 0.859710 1 17 1.000000
models\Characters\Eyes\eyeball_l
  17 1.662310 65.228333 3.967485 0.405025 -0.415783 0.814297 0.571992 0.859710 1 17 1.000000
  17 1.667060 65.024277 3.969289 0.557541 -0.077752 0.826500 0.594375 0.521367 1 17 1.000000
  17 1.830935 65.151947 3.762570 0.647491 -0.477525 0.593907 0.759203 0.785777 1 17 1.000000
models\Characters\Eyes\eyeball_l
  17 1.830935 65.151947 3.762570 0.647491 -0.477525 0.593907 0.759203 0.785777 1 17 1.000000
  17 1.667060 65.024277 3.969289 0.557541 -0.077752 0.826500 0.594375 0.521367 1 17 1.000000
  17 1.825710 65.030350 3.772259 0.865934 -0.120297 0.485475 0.776541 0.555459 1 17 1.000000
models\Characters\Eyes\eyeball_l
  17 1.830935 65.151947 3.762570 0.647491 -0.477525 0.593907 0.759203 0.785777 1 17 1.000000
  17 1.825710 65.030350 3.772259 0.865934 -0.120297 0.485475 0.776541 0.555459 1 17 1.000000
  17 1.883660 65.073380 3.603825 0.634010 -0.478076 0.607845 0.852839 0.715632 1 17 1.000000
models\Characters\Eyes\eyeball_l
  17 1.883660 65.073380 3.603825 0.634010 -0.478076 0.607845 0.852839 0.715632 1 17 1.000000
  17 1.825710 65.030350 3.772259 0.865934 -0.120297 0.485475 0.776541 0.555459 1 17 1.000000
  17 1.881380 64.998901 3.615890 0.768324 0.230628 0.597067 0.877199 0.537598 1 17 1.000000
models\Characters\Eyes\eyeball_l
  17 1.883660 65.073380 3.603825 0.634010 -0.478076 0.607845 0.852839 0.715632 1 17 1.000000
  17 1.881380 64.998901 3.615890 0.768324 0.230628 0.597067 0.877199 0.537598 1 17 1.000000
  17 1.919285 65.040421 3.558605 0.493546 -0.058894 0.867723 0.886586 0.658124 1 17 1.000000
models\Characters\Eyes\eyeball_l
  17 1.320310 64.822205 4.044150 0.106484 0.319485 0.941589 0.412553 0.221086 1 17 1.000000
  17 1.648155 64.859825 3.949340 0.494702 0.230878 0.837834 0.608374 0.250431 1 17 1.000000
  17 1.352420 64.996246 4.060109 0.084619 -0.021685 0.996177 0.414275 0.497262 1 17 1.000000
models\Characters\Eyes\eyeball_l
  17 1.352420 64.996246 4.060109 0.084619 -0.021685 0.996177 0.414275 0.497262 1 17 1.000000
  17 1.648155 64.859825 3.949340 0.494702 0.230878 0.837834 0.608374 0.250431 1 17 1.000000
  17 1.667060 65.024277 3.969289 0.557541 -0.077752 0.826500 0.594375 0.521367 1 17 1.000000
models\Characters\Eyes\eyeball_l
  17 1.648155 64.859825 3.949340 0.494702 0.230878 0.837834 0.608374 0.250431 1 17 1.000000
  17 1.810510 64.942574 3.743570 0.765449 0.196729 0.612688 0.791693 0.379835 1 17 1.000000
  17 1.667060 65.024277 3.969289 0.557541 -0.077752 0.826500 0.594375 0.521367 1 17 1.000000
models\Characters\Eyes\eyeball_l
  17 1.667060 65.024277 3.969289 0.557541 -0.077752 0.826500 0.594375 0.521367 1 17 1.000000
  17 1.810510 64.942574 3.743570 0.765449 0.196729 0.612688 0.791693 0.379835 1 17 1.000000
  17 1.825710 65.030350 3.772259 0.865934 -0.120297 0.485475 0.776541 0.555459 1 17 1.000000
models\Characters\Eyes\eyeball_l
  17 1.810510 64.942574 3.743570 0.765449 0.196729 0.612688 0.791693 0.379835 1 17 1.000000
  17 1.881380 64.998901 3.615890 0.768324 0.230628 0.597067 0.877199 0.537598 1 17 1.000000
  17 1.825710 65.030350 3.772259 0.865934 -0.120297 0.485475 0.776541 0.555459 1 17 1.000000
models\Characters\Eyes\template_head
  17 1.635235 61.835495 4.090558 -0.009570 -0.393563 0.919248 0.752200 0.268950 1 17 1.000000
  17 1.090125 62.415852 4.580995 -0.293243 -0.762636 0.576537 0.692900 0.303300 1 17 1.000000
  17 1.005483 62.186195 4.234150 -0.009570 -0.393563 0.919248 0.702450 0.278700 1 17 1.000000
models\Characters\Eyes\template_head
  17 1.005483 62.186195 4.234150 -0.009570 -0.393563 0.919248 0.702450 0.278700 1 17 1.000000
  17 0.810730 61.662270 4.349432 0.277301 0.107013 0.954805 0.684450 0.234850 1 17 1.000000
  17 1.635235 61.835495 4.090558 -0.009570 -0.393563 0.919248 0.752200 0.268950 1 17 1.000000
models\Characters\Eyes\template_head
  17 -0.930430 59.763268 3.688469 -0.494135 -0.802202 -0.335116 0.465300 0.096100 1 17 1.000000
  17 -1.307485 60.733883 1.990439 -0.611877 -0.790798 -0.015659 0.319500 0.142200 1 17 1.000000
  17 0.001900 60.118950 2.734859 0.000112 -0.988856 -0.148874 0.379200 0.027600 1 17 1.000000
models\Characters\Eyes\template_head
  17 -2.165145 61.200710 1.951109 -0.683989 -0.679371 -0.265734 0.314700 0.210500 1 17 1.000000
  17 -1.307485 60.733883 1.990439 -0.611877 -0.790798 -0.015659 0.319500 0.142200 1 17 1.000000
  17 -0.930430 59.763268 3.688469 -0.494135 -0.802202 -0.335116 0.465300 0.096100 1 17 1.000000
models\Characters\Eyes\template_head
  17 -1.307485 60.733883 1.990439 -0.611877 -0.790798 -0.015659 0.319500 0.142200 1 17 1.000000
  17 -2.165145 61.200710 1.951109 -0.683989 -0.679371 -0.265734 0.314700 0.210500 1 17 1.000000
  17 -2.028915 61.664883 1.270244 -0.815364 -0.524235 -0.245678 0.246400 0.218500 1 17 1.000000
models\Characters\Eyes\template_head
  17 -2.028915 61.664883 1.270244 -0.815364 -0.524235 -0.245678 0.246400 0.218500 1 17 1.000000
  17 -2.165145 61.200710 1.951109 -0.683989 -0.679371 -0.265734 0.314700 0.210500 1 17 1.000000
  17 -2.587325 61.993584 1.563319 -0.854007 -0.394778 -0.338853 0.273000 0.267800 1 17 1.000000
models\Characters\Eyes\template_head
  17 -2.587325 61.993584 1.563319 -0.854007 -0.394778 -0.338853 0.273000 0.267800 1 17 1.000000
  17 -2.558635 63.117527 0.971754 -0.909383 -0.284800 -0.303169 0.209200 0.337400 1 17 1.000000
  17 -2.028915 61.664883 1.270244 -0.815364 -0.524235 -0.245678 0.246400 0.218500 1 17 1.000000
models\Characters\Eyes\template_head
  17 -2.728115 63.343910 1.371040 -0.898727 -0.286769 -0.331743 0.241900 0.355800 1 17 1.000000
  17 -2.558635 63.117527 0.971754 -0.909383 -0.284800 -0.303169 0.209200 0.337400 1 17 1.000000
  17 -2.587325 61.993584 1.563319 -0.854007 -0.394778 -0.338853 0.273000 0.267800 1 17 1.000000
models\Characters\Eyes\template_head
  17 -2.728115 63.343910 1.371040 -0.898727 -0.286769 -0.331743 0.241900 0.355800 1 17 1.000000
  17 -2.667315 63.530491 0.920834 -0.942978 -0.235305 -0.235423 0.205700 0.371300 1 17 1.000000
  17 -2.558635 63.117527 0.971754 -0.909383 -0.284800 -0.303169 0.209200 0.337400 1 17 1.000000
models\Characters\Eyes\template_head
  17 -2.686885 63.807037 0.796289 -0.528656 -0.487329 -0.695006 0.195700 0.393700 1 17 1.000000
  17 -2.667315 63.530491 0.920834 -0.942978 -0.235305 -0.235423 0.205700 0.371300 1 17 1.000000
  17 -2.728115 63.343910 1.371040 -0.898727 -0.286769 -0.331743 0.241900 0.355800 1 17 1.000000
models\Characters\Eyes\template_head
  17 -2.767065 65.191467 1.780110 -0.940471 0.071724 0.332219 0.276100 0.553000 1 17 1.000000
  17 -2.480640 66.091599 2.993259 -0.930545 0.025917 0.365259 0.360900 0.670100 1 17 1.000000
  17 -2.905575 66.262497 1.980939 -0.969192 0.010656 0.246075 0.306300 0.668400 1 17 1.000000
models\Characters\Eyes\template_head
  17 -2.397420 65.106636 2.946852 -0.901682 -0.064405 0.427577 0.349450 0.570100 1 17 1.000000
  17 -2.480640 66.091599 2.993259 -0.930545 0.025917 0.365259 0.360900 0.670100 1 17 1.000000
  17 -2.767065 65.191467 1.780110 -0.940471 0.071724 0.332219 0.276100 0.553000 1 17 1.000000
models\Characters\Eyes\template_head
  17 -2.767065 65.191467 1.780110 -0.940471 0.071724 0.332219 0.276100 0.553000 1 17 1.000000
  17 -2.764975 64.649963 1.699835 -0.991356 0.029532 0.127832 0.266500 0.494900 1 17 1.000000
  17 -2.397420 65.106636 2.946852 -0.901682 -0.064405 0.427577 0.349450 0.570100 1 17 1.000000
models\Characters\Eyes\template_head
  17 -2.397420 65.106636 2.946852 -0.901682 -0.064405 0.427577 0.349450 0.570100 1 17 1.000000
  17 -2.764975 64.649963 1.699835 -0.991356 0.029532 0.127832 0.266500 0.494900 1 17 1.000000
  17 -2.452235 64.336090 3.016629 -0.915862 0.023523 0.400803 0.352200 0.478200 1 17 1.000000
models\Characters\Eyes\template_head
  17 -2.901680 63.534485 1.940564 -0.983948 -0.033219 0.175335 0.265100 0.386300 1 17 1.000000
  17 -2.452235 64.336090 3.016629 -0.915862 0.023523 0.400803 0.352200 0.478200 1 17 1.000000
  17 -2.764975 64.649963 1.699835 -0.991356 0.029532 0.127832 0.266500 0.494900 1 17 1.000000
models\Characters\Eyes\template_head
  17 -2.901680 63.534485 1.940564 -0.983948 -0.033219 0.175335 0.265100 0.386300 1 17 1.000000
  17 -2.678715 62.131809 2.411574 -0.957503 -0.175903 0.228575 0.326800 0.292700 1 17 1.000000
  17 -2.452235 64.336090 3.016629 -0.915862 0.023523 0.400803 0.352200 0.478200 1 17 1.000000
models\Characters\Eyes\template_head
  17 -2.901680 63.534485 1.940564 -0.983948 -0.033219 0.175335 0.265100 0.386300 1 17 1.000000
  17 -2.728115 63.343910 1.371040 -0.898727 -0.286769 -0.331743 0.241900 0.355800 1 17 1.000000
  17 -2.678715 62.131809 2.411574 -0.957503 -0.175903 0.228575 0.326800 0.292700 1 17 1.000000
models\Characters\Eyes\template_head
  17 -2.678715 62.131809 2.411574 -0.957503 -0.175903 0.228575 0.326800 0.292700 1 17 1.000000
  17 -2.728115 63.343910 1.371040 -0.898727 -0.286769 -0.331743 0.241900 0.355800 1 17 1.000000
  17 -2.587325 61.993584 1.563319 -0.854007 -0.394778 -0.338853 0.273000 0.267800 1 17 1.000000
models\Characters\Eyes\template_head
  17 -2.587325 61.993584 1.563319 -0.854007 -0.394778 -0.338853 0.273000 0.267800 1 17 1.000000
  17 -2.165145 61.200710 1.951109 -0.683989 -0.679371 -0.265734 0.314700 0.210500 1 17 1.000000
  17 -2.678715 62.131809 2.411574 -0.957503 -0.175903 0.228575 0.326800 0.292700 1 17 1.000000
models\Characters\Eyes\template_head
  17 -2.678715 62.131809 2.411574 -0.957503 -0.175903 0.228575 0.326800 0.292700 1 17 1.000000
  17 -2.165145 61.200710 1.951109 -0.683989 -0.679371 -0.265734 0.314700 0.210500 1 17 1.000000
  17 -2.293870 61.318794 2.858929 -0.894208 -0.377904 0.239961 0.373500 0.236100 1 17 1.000000
models\Characters\Eyes\template_head
  17 -2.293870 61.318794 2.858929 -0.894208 -0.377904 0.239961 0.373500 0.236100 1 17 1.000000
  17 -1.631435 61.835495 4.090558 -0.780536 0.027371 0.624512 0.471050 0.268950 1 17 1.000000
  17 -2.678715 62.131809 2.411574 -0.957503 -0.175903 0.228575 0.326800 0.292700 1 17 1.000000
models\Characters\Eyes\template_head
  17 -2.678715 62.131809 2.411574 -0.957503 -0.175903 0.228575 0.326800 0.292700 1 17 1.000000
  17 -1.631435 61.835495 4.090558 -0.780536 0.027371 0.624512 0.471050 0.268950 1 17 1.000000
  17 -1.519240 62.942348 4.111695 -0.780536 0.027371 0.624512 0.468800 0.360100 1 17 1.000000
models\Characters\Eyes\template_head
  17 -1.631435 61.835495 4.090558 -0.780536 0.027371 0.624512 0.471050 0.268950 1 17 1.000000
  17 -1.086325 62.415852 4.580995 -0.609844 -0.025136 0.792123 0.530300 0.303300 1 17 1.000000
  17 -1.519240 62.942348 4.111695 -0.780536 0.027371 0.624512 0.468800 0.360100 1 17 1.000000
models\Characters\Eyes\template_head
  17 -2.452235 64.336090 3.016629 -0.915862 0.023523 0.400803 0.352200 0.478200 1 17 1.000000
  17 -2.678715 62.131809 2.411574 -0.957503 -0.175903 0.228575 0.326800 0.292700 1 17 1.000000
  17 -1.519240 62.942348 4.111695 -0.849111 -0.056904 0.525141 0.468800 0.360100 1 17 1.000000
models\Characters\Eyes\template_head
  17 -0.247190 65.281342 4.554014 -0.414451 -0.047816 0.908815 0.585300 0.571900 1 17 1.000000
  17 -0.783275 64.886230 4.001115 -0.545825 0.121164 0.829093 0.506200 0.549700 1 17 1.000000
  17 -0.267045 63.996750 5.183579 -0.653744 0.387402 0.650029 0.587100 0.456300 1 17 1.000000
models\Characters\Eyes\template_head
  17 -0.267045 63.996750 5.183579 -0.653744 0.387402 0.650029 0.587100 0.456300 1 17 1.000000
  17 -0.783275 64.886230 4.001115 -0.545825 0.121164 0.829093 0.506200 0.549700 1 17 1.000000
  17 -0.817356 63.589043 4.469975 -0.650141 0.182513 0.737567 0.522125 0.414313 1 17 1.000000
models\Characters\Eyes\template_head
  17 -0.783275 64.886230 4.001115 -0.545825 0.121164 0.829093 0.506200 0.549700 1 17 1.000000
  17 -0.942352 64.816360 4.060680 -0.011425 0.674094 0.738557 0.494250 0.536850 1 17 1.000000
  17 -0.817356 63.589043 4.469975 -0.650141 0.182513 0.737567 0.522125 0.414313 1 17 1.000000
models\Characters\Eyes\template_head
  17 -0.817356 63.589043 4.469975 -0.650141 0.182513 0.737567 0.522125 0.414313 1 17 1.000000
  17 -0.942352 64.816360 4.060680 -0.011425 0.674094 0.738557 0.494250 0.536850 1 17 1.000000
  17 -1.470505 64.744591 4.075832 -0.307297 0.326388 0.893890 0.456900 0.529850 1 17 1.000000
models\Characters\Eyes\template_head
  17 -0.817356 63.589043 4.469975 -0.650141 0.182513 0.737567 0.522125 0.414313 1 17 1.000000
  17 -1.470505 64.744591 4.075832 -0.307297 0.326388 0.893890 0.456900 0.529850 1 17 1.000000
  17 -1.519240 62.942352 4.111694 -0.560421 -0.031232 0.827619 0.468800 0.360100 1 17 1.000000
models\Characters\Eyes\template_head
  17 -1.519240 62.942352 4.111694 -0.560421 -0.031232 0.827619 0.468800 0.360100 1 17 1.000000
  17 -1.470505 64.744591 4.075832 -0.307297 0.326388 0.893890 0.456900 0.529850 1 17 1.000000
  17 -1.882092 64.907372 3.711508 -0.627078 0.269733 0.730765 0.413400 0.541500 1 17 1.000000
models\Characters\Eyes\template_head
  17 -2.452235 64.336090 3.016629 -0.915862 0.023523 0.400803 0.352200 0.478200 1 17 1.000000
  17 -1.519240 62.942352 4.111694 -0.560421 -0.031232 0.827619 0.468800 0.360100 1 17 1.000000
  17 -1.882092 64.907372 3.711508 -0.627078 0.269733 0.730765 0.413400 0.541500 1 17 1.000000
models\Characters\Eyes\template_head
  17 -1.882092 64.907372 3.711508 -0.627078 0.269733 0.730765 0.413400 0.541500 1 17 1.000000
  17 -1.988065 65.050583 3.550720 -0.602143 -0.156271 0.782945 0.401000 0.559100 1 17 1.000000
  17 -2.452235 64.336090 3.016629 -0.915862 0.023523 0.400803 0.352200 0.478200 1 17 1.000000
models\Characters\Eyes\template_head
  17 -2.452235 64.336090 3.016629 -0.915862 0.023523 0.400803 0.352200 0.478200 1 17 1.000000
  17 -1.988065 65.050583 3.550720 -0.602143 -0.156271 0.782945 0.401000 0.559100 1 17 1.000000
  17 -2.397420 65.106636 2.946852 -0.901682 -0.064405 0.427577 0.349450 0.570100 1 17 1.000000
models\Characters\Eyes\template_head
  17 -1.988065 65.050583 3.550720 -0.602143 -0.156271 0.782945 0.401000 0.559100 1 17 1.000000
  17 -2.313060 65.739716 3.546159 -0.896435 -0.043751 0.441010 0.397900 0.650900 1 17 1.000000
  17 -2.397420 65.106636 2.946852 -0.901682 -0.064405 0.427577 0.349450 0.570100 1 17 1.000000
models\Characters\Eyes\template_head
  17 -2.313060 65.739716 3.546159 -0.896435 -0.043751 0.441010 0.397900 0.650900 1 17 1.000000
  17 -2.480640 66.091599 2.993259 -0.930545 0.025917 0.365259 0.360900 0.670100 1 17 1.000000
  17 -2.397420 65.106636 2.946852 -0.901682 -0.064405 0.427577 0.349450 0.570100 1 17 1.000000
models\Characters\Eyes\template_head
  17 -2.313060 65.739716 3.546159 -0.896435 -0.043751 0.441010 0.397900 0.650900 1 17 1.000000
  17 -2.240575 66.914398 3.239024 -0.800025 0.251735 0.544600 0.403000 0.748000 1 17 1.000000
  17 -2.480640 66.091599 2.993259 -0.930545 0.025917 0.365259 0.360900 0.670100 1 17 1.000000
models\Characters\Eyes\template_head
  17 -1.658510 65.228333 3.967485 -0.405139 -0.415694 0.814285 0.447700 0.566900 1 17 1.000000
  17 -1.368285 65.236122 4.036360 -0.114521 -0.359787 0.925980 0.468900 0.566400 1 17 1.000000
  17 -1.503898 65.306801 4.083242 -0.346612 -0.549941 0.759885 0.463350 0.578200 1 17 1.000000
models\Characters\Eyes\template_head
  17 -1.368285 65.236122 4.036360 -0.114521 -0.359787 0.925980 0.468900 0.566400 1 17 1.000000
  17 -1.027900 65.195366 4.073742 -0.361588 -0.619801 0.696491 0.494700 0.570500 1 17 1.000000
  17 -1.503898 65.306801 4.083242 -0.346612 -0.549941 0.759885 0.463350 0.578200 1 17 1.000000
models\Characters\Eyes\template_head
  17 -1.131640 65.183105 4.029425 0.049768 -0.354081 0.933890 0.485100 0.562700 1 17 1.000000
  17 -1.027900 65.195366 4.073742 -0.361588 -0.619801 0.696491 0.494700 0.570500 1 17 1.000000
  17 -1.368285 65.236122 4.036360 -0.114521 -0.359787 0.925980 0.468900 0.566400 1 17 1.000000
models\Characters\Eyes\template_head
  17 -0.978405 65.078232 3.963590 0.130118 -0.259194 0.957020 0.494700 0.557100 1 17 1.000000
  17 -1.027900 65.195366 4.073742 -0.361588 -0.619801 0.696491 0.494700 0.570500 1 17 1.000000
  17 -1.131640 65.183105 4.029425 0.049768 -0.354081 0.933890 0.485100 0.562700 1 17 1.000000
models\Characters\Eyes\template_head
  17 -1.027900 65.195366 4.073742 -0.361588 -0.619801 0.696491 0.494700 0.570500 1 17 1.000000
  17 -0.978405 65.078232 3.963590 0.130118 -0.259194 0.957020 0.494700 0.557100 1 17 1.000000
  17 -0.783275 64.886230 4.001115 -0.545825 0.121164 0.829093 0.506200 0.549700 1 17 1.000000
models\Characters\Eyes\template_head
  17 -0.783275 64.886230 4.001115 -0.545825 0.121164 0.829093 0.506200 0.549700 1 17 1.000000
  17 -0.978405 65.078232 3.963590 0.130118 -0.259194 0.957020 0.494700 0.557100 1 17 1.000000
  17 -0.844265 64.906380 3.902410 -0.175349 0.194514 0.965099 0.503100 0.546800 1 17 1.000000
models\Characters\Eyes\template_head
  17 -0.844265 64.906380 3.902410 -0.175349 0.194514 0.965099 0.503100 0.546800 1 17 1.000000
  17 -0.925490 64.895447 3.950005 0.312175 0.436939 0.843582 0.496600 0.543600 1 17 1.000000
  17 -0.783275 64.886230 4.001115 -0.545825 0.121164 0.829093 0.506200 0.549700 1 17 1.000000
models\Characters\Eyes\template_head
  17 -0.783275 64.886230 4.001115 -0.545825 0.121164 0.829093 0.506200 0.549700 1 17 1.000000
  17 -0.925490 64.895447 3.950005 0.312175 0.436939 0.843582 0.496600 0.543600 1 17 1.000000
  17 -0.942352 64.816360 4.060680 -0.011425 0.674094 0.738557 0.494250 0.536850 1 17 1.000000
models\Characters\Eyes\template_head
  17 -1.054690 64.853836 4.018405 0.156186 0.431246 0.888613 0.486000 0.539500 1 17 1.000000
  17 -0.942352 64.816360 4.060680 -0.011425 0.674094 0.738557 0.494250 0.536850 1 17 1.000000
  17 -0.925490 64.895447 3.950005 0.312175 0.436939 0.843582 0.496600 0.543600 1 17 1.000000
models\Characters\Eyes\template_head
  17 -1.054690 64.853836 4.018405 0.156186 0.431246 0.888613 0.486000 0.539500 1 17 1.000000
  17 -1.316510 64.822205 4.044150 -0.106484 0.319488 0.941588 0.467300 0.537600 1 17 1.000000
  17 -0.942352 64.816360 4.060680 -0.011425 0.674094 0.738557 0.494250 0.536850 1 17 1.000000
models\Characters\Eyes\template_head
  17 -0.942352 64.816360 4.060680 -0.011425 0.674094 0.738557 0.494250 0.536850 1 17 1.000000
  17 -1.316510 64.822205 4.044150 -0.106484 0.319488 0.941588 0.467300 0.537600 1 17 1.000000
  17 -1.470505 64.744591 4.075832 -0.307297 0.326388 0.893890 0.456900 0.529850 1 17 1.000000
models\Characters\Eyes\template_head
  17 -1.644355 64.859825 3.949340 -0.494699 0.230879 0.837835 0.442800 0.540200 1 17 1.000000
  17 -1.470505 64.744591 4.075832 -0.307297 0.326388 0.893890 0.456900 0.529850 1 17 1.000000
  17 -1.316510 64.822205 4.044150 -0.106484 0.319488 0.941588 0.467300 0.537600 1 17 1.000000
models\Characters\Eyes\template_head
  17 -1.644355 64.859825 3.949340 -0.494699 0.230879 0.837835 0.442800 0.540200 1 17 1.000000
  17 -1.882092 64.907372 3.711508 -0.627078 0.269733 0.730765 0.413400 0.541500 1 17 1.000000
  17 -1.470505 64.744591 4.075832 -0.307297 0.326388 0.893890 0.456900 0.529850 1 17 1.000000
models\Characters\Eyes\template_head
  17 -1.806710 64.942574 3.743570 -0.765446 0.196728 0.612691 0.420600 0.545400 1 17 1.000000
  17 -1.882092 64.907372 3.711508 -0.627078 0.269733 0.730765 0.413400 0.541500 1 17 1.000000
  17 -1.644355 64.859825 3.949340 -0.494699 0.230879 0.837835 0.442800 0.540200 1 17 1.000000
models\Characters\Eyes\template_head
  17 -1.882092 64.907372 3.711508 -0.627078 0.269733 0.730765 0.413400 0.541500 1 17 1.000000
  17 -1.806710 64.942574 3.743570 -0.765446 0.196728 0.612691 0.420600 0.545400 1 17 1.000000
  17 -1.877580 64.998901 3.615890 -0.768334 0.230630 0.597054 0.409400 0.551800 1 17 1.000000
models\Characters\Eyes\template_head
  17 -1.877580 64.998901 3.615890 -0.768334 0.230630 0.597054 0.409400 0.551800 1 17 1.000000
  17 -1.988065 65.050583 3.550720 -0.602143 -0.156271 0.782945 0.401000 0.559100 1 17 1.000000
  17 -1.882092 64.907372 3.711508 -0.627078 0.269733 0.730765 0.413400 0.541500 1 17 1.000000
models\Characters\Eyes\template_head
  17 -1.915485 65.040421 3.558605 -0.493596 -0.058724 0.867706 0.406500 0.557700 1 17 1.000000
  17 -1.988065 65.050583 3.550720 -0.602143 -0.156271 0.782945 0.401000 0.559100 1 17 1.000000
  17 -1.877580 64.998901 3.615890 -0.768334 0.230630 0.597054 0.409400 0.551800 1 17 1.000000
models\Characters\Eyes\template_head
  17 -1.915485 65.040421 3.558605 -0.493596 -0.058724 0.867706 0.406500 0.557700 1 17 1.000000
  17 -1.879860 65.073380 3.603825 -0.634263 -0.477735 0.607848 0.410600 0.560500 1 17 1.000000
  17 -1.988065 65.050583 3.550720 -0.602143 -0.156271 0.782945 0.401000 0.559100 1 17 1.000000
models\Characters\Eyes\template_head
  17 -1.879860 65.073380 3.603825 -0.634263 -0.477735 0.607848 0.410600 0.560500 1 17 1.000000
  17 -1.827135 65.151947 3.762570 -0.647770 -0.477226 0.593842 0.424300 0.563700 1 17 1.000000
  17 -1.899002 65.169861 3.761762 -0.482614 -0.589851 0.647425 0.420650 0.571200 1 17 1.000000
models\Characters\Eyes\template_head
  17 -1.658510 65.228333 3.967485 -0.405139 -0.415694 0.814285 0.447700 0.566900 1 17 1.000000
  17 -1.899002 65.169861 3.761762 -0.482614 -0.589851 0.647425 0.420650 0.571200 1 17 1.000000
  17 -1.827135 65.151947 3.762570 -0.647770 -0.477226 0.593842 0.424300 0.563700 1 17 1.000000
models\Characters\Eyes\template_head
  17 -1.503898 65.306801 4.083242 -0.346612 -0.549941 0.759885 0.463350 0.578200 1 17 1.000000
  17 -1.899002 65.169861 3.761762 -0.482614 -0.589851 0.647425 0.420650 0.571200 1 17 1.000000
  17 -1.658510 65.228333 3.967485 -0.405139 -0.415694 0.814285 0.447700 0.566900 1 17 1.000000
models\Characters\Eyes\template_head
  17 -1.530735 65.938461 4.355084 -0.473708 -0.014713 0.880559 0.487800 0.652000 1 17 1.000000
  17 -1.899002 65.169861 3.761762 -0.482614 -0.589851 0.647425 0.420650 0.571200 1 17 1.000000
  17 -1.503898 65.306801 4.083242 -0.346612 -0.549941 0.759885 0.463350 0.578200 1 17 1.000000
models\Characters\Eyes\template_head
  17 -1.027900 65.195366 4.073742 -0.361588 -0.619801 0.696491 0.494700 0.570500 1 17 1.000000
  17 -1.530735 65.938461 4.355084 -0.473708 -0.014713 0.880559 0.487800 0.652000 1 17 1.000000
  17 -1.503898 65.306801 4.083242 -0.346612 -0.549941 0.759885 0.463350 0.578200 1 17 1.000000
models\Characters\Eyes\template_head
  17 -0.447165 65.856293 4.631724 -0.154645 -0.097370 0.983160 0.569700 0.621500 1 17 1.000000
  17 -1.530735 65.938461 4.355084 -0.473708 -0.014713 0.880559 0.487800 0.652000 1 17 1.000000
  17 -1.027900 65.195366 4.073742 -0.361588 -0.619801 0.696491 0.494700 0.570500 1 17 1.000000
models\Characters\Eyes\template_head
  17 0.001900 67.551559 4.306254 0.000000 0.352705 0.935735 0.611600 0.757300 1 17 1.000000
  17 -1.530735 65.938461 4.355084 -0.473708 -0.014713 0.880559 0.487800 0.652000 1 17 1.000000
  17 -0.447165 65.856293 4.631724 -0.154645 -0.097370 0.983160 0.569700 0.621500 1 17 1.000000
models\Characters\Eyes\template_head
  17 -1.475540 67.623856 3.722099 -0.574253 0.324481 0.751628 0.492900 0.786500 1 17 1.000000
  17 -1.530735 65.938461 4.355084 -0.473708 -0.014713 0.880559 0.487800 0.652000 1 17 1.000000
  17 0.001900 67.551559 4.306254 0.000000 0.352705 0.935735 0.611600 0.757300 1 17 1.000000
models\Characters\Eyes\template_head
  17 -1.988065 65.050583 3.550720 -0.602143 -0.156271 0.782945 0.401000 0.559100 1 17 1.000000
  17 -1.879860 65.073380 3.603825 -0.634263 -0.477735 0.607848 0.410600 0.560500 1 17 1.000000
  17 -1.899002 65.169861 3.761762 -0.482614 -0.589851 0.647425 0.420650 0.571200 1 17 1.000000
models\Characters\Eyes\template_head
  17 -1.899002 65.169861 3.761762 -0.482614 -0.589851 0.647425 0.420650 0.571200 1 17 1.000000
  17 -2.313060 65.739716 3.546159 -0.896435 -0.043751 0.441010 0.397900 0.650900 1 17 1.000000
  17 -1.988065 65.050583 3.550720 -0.602143 -0.156271 0.782945 0.401000 0.559100 1 17 1.000000
models\Characters\Eyes\template_head
  17 -2.313060 65.739716 3.546159 -0.896435 -0.043751 0.441010 0.397900 0.650900 1 17 1.000000
  17 -1.899002 65.169861 3.761762 -0.482614 -0.589851 0.647425 0.420650 0.571200 1 17 1.000000
  17 -1.530735 65.938461 4.355084 -0.473708 -0.014713 0.880559 0.487800 0.652000 1 17 1.000000
models\Characters\Eyes\template_head
  17 -2.240575 66.914398 3.239024 -0.800025 0.251735 0.544600 0.403000 0.748000 1 17 1.000000
  17 -2.313060 65.739716 3.546159 -0.896435 -0.043751 0.441010 0.397900 0.650900 1 17 1.000000
  17 -1.530735 65.938461 4.355084 -0.473708 -0.014713 0.880559 0.487800 0.652000 1 17 1.000000
models\Characters\Eyes\template_head
  17 -1.475540 67.623856 3.722099 -0.574253 0.324481 0.751628 0.492900 0.786500 1 17 1.000000
  17 -2.240575 66.914398 3.239024 -0.800025 0.251735 0.544600 0.403000 0.748000 1 17 1.000000
  17 -1.530735 65.938461 4.355084 -0.473708 -0.014713 0.880559 0.487800 0.652000 1 17 1.000000
models\Characters\Eyes\template_head
  17 -2.002220 67.786118 3.157989 -0.733059 0.377154 0.566020 0.445100 0.809200 1 17 1.000000
  17 -2.240575 66.914398 3.239024 -0.800025 0.251735 0.544600 0.403000 0.748000 1 17 1.000000
  17 -1.475540 67.623856 3.722099 -0.574253 0.324481 0.751628 0.492900 0.786500 1 17 1.000000
models\Characters\Eyes\template_head
  17 -2.002220 67.786118 3.157989 -0.733059 0.377154 0.566020 0.445100 0.809200 1 17 1.000000
  17 -1.475540 67.623856 3.722099 -0.574253 0.324481 0.751628 0.492900 0.786500 1 17 1.000000
  17 -1.498055 68.396774 3.246054 -0.554921 0.587336 0.589151 0.484100 0.856900 1 17 1.000000
models\Characters\Eyes\template_head
  17 -1.475540 67.623856 3.722099 -0.574253 0.324481 0.751628 0.492900 0.786500 1 17 1.000000
  17 0.001900 67.551559 4.306254 0.000000 0.352705 0.935735 0.611600 0.757300 1 17 1.000000
  17 -1.498055 68.396774 3.246054 -0.554921 0.587336 0.589151 0.484100 0.856900 1 17 1.000000
models\Characters\Eyes\template_head
  17 -1.498055 68.396774 3.246054 -0.554921 0.587336 0.589151 0.484100 0.856900 1 17 1.000000
  17 0.001900 67.551559 4.306254 0.000000 0.352705 0.935735 0.611600 0.757300 1 17 1.000000
  17 0.001900 69.046570 3.157229 0.000006 0.831842 0.555012 0.611600 0.903400 1 17 1.000000
models\Characters\Eyes\template_head
  17 0.001900 69.046570 3.157229 0.000006 0.831842 0.555012 0.611600 0.903400 1 17 1.000000
  17 0.001900 67.551559 4.306254 0.000000 0.352705 0.935735 0.611600 0.757300 1 17 1.000000
  17 1.501855 68.396774 3.246054 0.554919 0.587339 0.589150 0.739200 0.856900 1 17 1.000000
models\Characters\Eyes\template_head
  17 1.501855 68.396774 3.246054 0.554919 0.587339 0.589150 0.739200 0.856900 1 17 1.000000
  17 0.001900 67.551559 4.306254 0.000000 0.352705 0.935735 0.611600 0.757300 1 17 1.000000
  17 1.479340 67.623856 3.722099 0.574254 0.324482 0.751627 0.730300 0.786500 1 17 1.000000
models\Characters\Eyes\template_head
  17 1.479340 67.623856 3.722099 0.574254 0.324482 0.751627 0.730300 0.786500 1 17 1.000000
  17 2.006020 67.786118 3.157989 0.733060 0.377154 0.566019 0.778200 0.809200 1 17 1.000000
  17 1.501855 68.396774 3.246054 0.554919 0.587339 0.589150 0.739200 0.856900 1 17 1.000000
models\Characters\Eyes\template_head
  17 2.006020 67.786118 3.157989 0.733060 0.377154 0.566019 0.778200 0.809200 1 17 1.000000
  17 1.479340 67.623856 3.722099 0.574254 0.324482 0.751627 0.730300 0.786500 1 17 1.000000
  17 2.244375 66.914398 3.239024 0.800038 0.251792 0.544554 0.820300 0.748000 1 17 1.000000
models\Characters\Eyes\template_head
  17 1.479340 67.623856 3.722099 0.574254 0.324482 0.751627 0.730300 0.786500 1 17 1.000000
  17 1.534535 65.938461 4.355084 0.473635 -0.014805 0.880597 0.735500 0.652000 1 17 1.000000
  17 2.244375 66.914398 3.239024 0.800038 0.251792 0.544554 0.820300 0.748000 1 17 1.000000
models\Characters\Eyes\template_head
  17 1.534535 65.938461 4.355084 0.473635 -0.014805 0.880597 0.735500 0.652000 1 17 1.000000
  17 2.316860 65.739716 3.546159 0.896442 -0.043999 0.440971 0.825300 0.650900 1 17 1.000000
  17 2.244375 66.914398 3.239024 0.800038 0.251792 0.544554 0.820300 0.748000 1 17 1.000000
models\Characters\Eyes\template_head
  17 2.316860 65.739716 3.546159 0.896442 -0.043999 0.440971 0.825300 0.650900 1 17 1.000000
  17 1.534535 65.938461 4.355084 0.473635 -0.014805 0.880597 0.735500 0.652000 1 17 1.000000
  17 1.902802 65.169762 3.761762 0.482285 -0.590177 0.647374 0.802550 0.571200 1 17 1.000000
models\Characters\Eyes\template_head
  17 1.902802 65.169762 3.761762 0.482285 -0.590177 0.647374 0.802550 0.571200 1 17 1.000000
  17 1.991865 65.050583 3.550720 0.602145 -0.156408 0.782916 0.822200 0.559100 1 17 1.000000
  17 2.316860 65.739716 3.546159 0.896442 -0.043999 0.440971 0.825300 0.650900 1 17 1.000000
models\Characters\Eyes\template_head
  17 1.883660 65.073380 3.603825 0.634010 -0.478076 0.607845 0.812600 0.560500 1 17 1.000000
  17 1.991865 65.050583 3.550720 0.602145 -0.156408 0.782916 0.822200 0.559100 1 17 1.000000
  17 1.902802 65.169762 3.761762 0.482285 -0.590177 0.647374 0.802550 0.571200 1 17 1.000000
models\Characters\Eyes\template_head
  17 0.001900 67.551559 4.306254 0.000000 0.352705 0.935735 0.611600 0.757300 1 17 1.000000
  17 1.534535 65.938461 4.355084 0.473635 -0.014805 0.880597 0.735500 0.652000 1 17 1.000000
  17 1.479340 67.623856 3.722099 0.574254 0.324482 0.751627 0.730300 0.786500 1 17 1.000000
models\Characters\Eyes\template_head
  17 0.450965 65.856293 4.631629 0.154649 -0.097362 0.983160 0.653500 0.621500 1 17 1.000000
  17 1.534535 65.938461 4.355084 0.473635 -0.014805 0.880597 0.735500 0.652000 1 17 1.000000
  17 0.001900 67.551559 4.306254 0.000000 0.352705 0.935735 0.611600 0.757300 1 17 1.000000
models\Characters\Eyes\template_head
  17 0.450965 65.856293 4.631629 0.154649 -0.097362 0.983160 0.653500 0.621500 1 17 1.000000
  17 1.031700 65.195366 4.073742 0.361593 -0.619801 0.696489 0.728500 0.570500 1 17 1.000000
  17 1.534535 65.938461 4.355084 0.473635 -0.014805 0.880597 0.735500 0.652000 1 17 1.000000
models\Characters\Eyes\template_head
  17 1.534535 65.938461 4.355084 0.473635 -0.014805 0.880597 0.735500 0.652000 1 17 1.000000
  17 1.031700 65.195366 4.073742 0.361593 -0.619801 0.696489 0.728500 0.570500 1 17 1.000000
  17 1.507697 65.306801 4.083242 0.346495 -0.550059 0.759853 0.759900 0.578200 1 17 1.000000
models\Characters\Eyes\template_head
  17 1.902802 65.169762 3.761762 0.482285 -0.590177 0.647374 0.802550 0.571200 1 17 1.000000
  17 1.534535 65.938461 4.355084 0.473635 -0.014805 0.880597 0.735500 0.652000 1 17 1.000000
  17 1.507697 65.306801 4.083242 0.346495 -0.550059 0.759853 0.759900 0.578200 1 17 1.000000
models\Characters\Eyes\template_head
  17 1.919285 65.040421 3.558605 0.493546 -0.058894 0.867723 0.816900 0.557700 1 17 1.000000
  17 1.991865 65.050583 3.550720 0.602145 -0.156408 0.782916 0.822200 0.559100 1 17 1.000000
  17 1.883660 65.073380 3.603825 0.634010 -0.478076 0.607845 0.812600 0.560500 1 17 1.000000
models\Characters\Eyes\template_head
  17 1.919285 65.040421 3.558605 0.493546 -0.058894 0.867723 0.816900 0.557700 1 17 1.000000
  17 1.881380 64.998901 3.615890 0.768324 0.230628 0.597067 0.813900 0.551800 1 17 1.000000
  17 1.991865 65.050583 3.550720 0.602145 -0.156408 0.782916 0.822200 0.559100 1 17 1.000000
models\Characters\Eyes\template_head
  17 1.991865 65.050583 3.550720 0.602145 -0.156408 0.782916 0.822200 0.559100 1 17 1.000000
  17 1.881380 64.998901 3.615890 0.768324 0.230628 0.597067 0.813900 0.551800 1 17 1.000000
  17 1.885893 64.907372 3.711508 0.627078 0.269733 0.730765 0.809800 0.541500 1 17 1.000000
models\Characters\Eyes\template_head
  17 1.885893 64.907372 3.711508 0.627078 0.269733 0.730765 0.809800 0.541500 1 17 1.000000
  17 1.881380 64.998901 3.615890 0.768324 0.230628 0.597067 0.813900 0.551800 1 17 1.000000
  17 1.810510 64.942574 3.743570 0.765449 0.196729 0.612688 0.802600 0.545400 1 17 1.000000
models\Characters\Eyes\template_head
  17 1.810510 64.942574 3.743570 0.765449 0.196729 0.612688 0.802600 0.545400 1 17 1.000000
  17 1.648155 64.859825 3.949340 0.494702 0.230878 0.837834 0.780400 0.540200 1 17 1.000000
  17 1.885893 64.907372 3.711508 0.627078 0.269733 0.730765 0.809800 0.541500 1 17 1.000000
models\Characters\Eyes\template_head
  17 1.885893 64.907372 3.711508 0.627078 0.269733 0.730765 0.809800 0.541500 1 17 1.000000
  17 1.648155 64.859825 3.949340 0.494702 0.230878 0.837834 0.780400 0.540200 1 17 1.000000
  17 1.474305 64.744591 4.075832 0.307301 0.326393 0.893887 0.766400 0.529850 1 17 1.000000
models\Characters\Eyes\template_head
  17 1.474305 64.744591 4.075832 0.307301 0.326393 0.893887 0.766400 0.529850 1 17 1.000000
  17 1.648155 64.859825 3.949340 0.494702 0.230878 0.837834 0.780400 0.540200 1 17 1.000000
  17 1.320310 64.822205 4.044150 0.106484 0.319485 0.941589 0.755900 0.537600 1 17 1.000000
models\Characters\Eyes\template_head
  17 1.320310 64.822205 4.044150 0.106484 0.319485 0.941589 0.755900 0.537600 1 17 1.000000
  17 0.946152 64.816360 4.060680 0.011408 0.674134 0.738521 0.728950 0.536850 1 17 1.000000
  17 1.474305 64.744591 4.075832 0.307301 0.326393 0.893887 0.766400 0.529850 1 17 1.000000
models\Characters\Eyes\template_head
  17 1.058490 64.853836 4.018405 -0.156186 0.431245 0.888613 0.737300 0.539500 1 17 1.000000
  17 0.946152 64.816360 4.060680 0.011408 0.674134 0.738521 0.728950 0.536850 1 17 1.000000
  17 1.320310 64.822205 4.044150 0.106484 0.319485 0.941589 0.755900 0.537600 1 17 1.000000
models\Characters\Eyes\template_head
  17 0.946152 64.816360 4.060680 0.011408 0.674134 0.738521 0.728950 0.536850 1 17 1.000000
  17 1.058490 64.853836 4.018405 -0.156186 0.431245 0.888613 0.737300 0.539500 1 17 1.000000
  17 0.929290 64.895447 3.950005 -0.312365 0.437028 0.843466 0.726700 0.543600 1 17 1.000000
models\Characters\Eyes\template_head
  17 0.929290 64.895447 3.950005 -0.312365 0.437028 0.843466 0.726700 0.543600 1 17 1.000000
  17 0.787075 64.886230 4.001115 0.545854 0.121209 0.829067 0.717100 0.549700 1 17 1.000000
  17 0.946152 64.816360 4.060680 0.011408 0.674134 0.738521 0.728950 0.536850 1 17 1.000000
models\Characters\Eyes\template_head
  17 0.848065 64.906380 3.902315 0.174982 0.194782 0.965112 0.720100 0.546800 1 17 1.000000
  17 0.787075 64.886230 4.001115 0.545854 0.121209 0.829067 0.717100 0.549700 1 17 1.000000
  17 0.929290 64.895447 3.950005 -0.312365 0.437028 0.843466 0.726700 0.543600 1 17 1.000000
models\Characters\Eyes\template_head
  17 0.982205 65.078232 3.963590 -0.130297 -0.259198 0.956995 0.728700 0.557100 1 17 1.000000
  17 0.787075 64.886230 4.001115 0.545854 0.121209 0.829067 0.717100 0.549700 1 17 1.000000
  17 0.848065 64.906380 3.902315 0.174982 0.194782 0.965112 0.720100 0.546800 1 17 1.000000
models\Characters\Eyes\template_head
  17 1.031700 65.195366 4.073742 0.361593 -0.619801 0.696489 0.728500 0.570500 1 17 1.000000
  17 0.787075 64.886230 4.001115 0.545854 0.121209 0.829067 0.717100 0.549700 1 17 1.000000
  17 0.982205 65.078232 3.963590 -0.130297 -0.259198 0.956995 0.728700 0.557100 1 17 1.000000
models\Characters\Eyes\template_head
  17 0.982205 65.078232 3.963590 -0.130297 -0.259198 0.956995 0.728700 0.557100 1 17 1.000000
  17 1.135440 65.183105 4.029425 -0.049763 -0.354088 0.933887 0.738200 0.562700 1 17 1.000000
  17 1.031700 65.195366 4.073742 0.361593 -0.619801 0.696489 0.728500 0.570500 1 17 1.000000
models\Characters\Eyes\template_head
  17 1.372085 65.236122 4.036360 0.114522 -0.359789 0.925979 0.754300 0.566400 1 17 1.000000
  17 1.031700 65.195366 4.073742 0.361593 -0.619801 0.696489 0.728500 0.570500 1 17 1.000000
  17 1.135440 65.183105 4.029425 -0.049763 -0.354088 0.933887 0.738200 0.562700 1 17 1.000000
models\Characters\Eyes\template_head
  17 1.507697 65.306801 4.083242 0.346495 -0.550059 0.759853 0.759900 0.578200 1 17 1.000000
  17 1.031700 65.195366 4.073742 0.361593 -0.619801 0.696489 0.728500 0.570500 1 17 1.000000
  17 1.372085 65.236122 4.036360 0.114522 -0.359789 0.925979 0.754300 0.566400 1 17 1.000000
models\Characters\Eyes\template_head
  17 1.507697 65.306801 4.083242 0.346495 -0.550059 0.759853 0.759900 0.578200 1 17 1.000000
  17 1.372085 65.236122 4.036360 0.114522 -0.359789 0.925979 0.754300 0.566400 1 17 1.000000
  17 1.662310 65.228333 3.967485 0.405025 -0.415783 0.814297 0.775500 0.566900 1 17 1.000000
models\Characters\Eyes\template_head
  17 1.507697 65.306801 4.083242 0.346495 -0.550059 0.759853 0.759900 0.578200 1 17 1.000000
  17 1.662310 65.228333 3.967485 0.405025 -0.415783 0.814297 0.775500 0.566900 1 17 1.000000
  17 1.902802 65.169762 3.761762 0.482285 -0.590177 0.647374 0.802550 0.571200 1 17 1.000000
models\Characters\Eyes\template_head
  17 1.902802 65.169762 3.761762 0.482285 -0.590177 0.647374 0.802550 0.571200 1 17 1.000000
  17 1.662310 65.228333 3.967485 0.405025 -0.415783 0.814297 0.775500 0.566900 1 17 1.000000
  17 1.830935 65.151947 3.762570 0.647491 -0.477525 0.593907 0.799000 0.563700 1 17 1.000000
models\Characters\Eyes\template_head
  17 1.883660 65.073380 3.603825 0.634010 -0.478076 0.607845 0.812600 0.560500 1 17 1.000000
  17 1.902802 65.169762 3.761762 0.482285 -0.590177 0.647374 0.802550 0.571200 1 17 1.000000
  17 1.830935 65.151947 3.762570 0.647491 -0.477525 0.593907 0.799000 0.563700 1 17 1.000000
models\Characters\Eyes\template_head
  17 2.244375 66.914398 3.239024 0.800038 0.251792 0.544554 0.820300 0.748000 1 17 1.000000
  17 2.316860 65.739716 3.546159 0.896442 -0.043999 0.440971 0.825300 0.650900 1 17 1.000000
  17 2.484440 66.091599 2.993259 0.930580 0.025898 0.365171 0.862300 0.670100 1 17 1.000000
models\Characters\Eyes\template_head
  17 2.484440 66.091599 2.993259 0.930580 0.025898 0.365171 0.862300 0.670100 1 17 1.000000
  17 2.316860 65.739716 3.546159 0.896442 -0.043999 0.440971 0.825300 0.650900 1 17 1.000000
  17 2.401220 65.106636 2.946852 0.901685 -0.064407 0.427570 0.873850 0.570100 1 17 1.000000
models\Characters\Eyes\template_head
  17 2.316860 65.739716 3.546159 0.896442 -0.043999 0.440971 0.825300 0.650900 1 17 1.000000
  17 1.991865 65.050583 3.550720 0.602145 -0.156408 0.782916 0.822200 0.559100 1 17 1.000000
  17 2.401220 65.106636 2.946852 0.901685 -0.064407 0.427570 0.873850 0.570100 1 17 1.000000
models\Characters\Eyes\template_head
  17 2.456035 64.336090 3.016629 0.915861 0.023523 0.400804 0.871100 0.478200 1 17 1.000000
  17 2.401220 65.106636 2.946852 0.901685 -0.064407 0.427570 0.873850 0.570100 1 17 1.000000
  17 1.991865 65.050583 3.550720 0.602145 -0.156408 0.782916 0.822200 0.559100 1 17 1.000000
models\Characters\Eyes\template_head
  17 1.885893 64.907372 3.711508 0.627078 0.269733 0.730765 0.809800 0.541500 1 17 1.000000
  17 2.456035 64.336090 3.016629 0.915861 0.023523 0.400804 0.871100 0.478200 1 17 1.000000
  17 1.991865 65.050583 3.550720 0.602145 -0.156408 0.782916 0.822200 0.559100 1 17 1.000000
models\Characters\Eyes\template_head
  17 1.523040 62.942352 4.111694 0.560422 -0.031232 0.827618 0.754400 0.360100 1 17 1.000000
  17 2.456035 64.336090 3.016629 0.915861 0.023523 0.400804 0.871100 0.478200 1 17 1.000000
  17 1.885893 64.907372 3.711508 0.627078 0.269733 0.730765 0.809800 0.541500 1 17 1.000000
models\Characters\Eyes\template_head
  17 1.885893 64.907372 3.711508 0.627078 0.269733 0.730765 0.809800 0.541500 1 17 1.000000
  17 1.474305 64.744591 4.075832 0.307301 0.326393 0.893887 0.766400 0.529850 1 17 1.000000
  17 1.523040 62.942352 4.111694 0.560422 -0.031232 0.827618 0.754400 0.360100 1 17 1.000000
models\Characters\Eyes\template_head
  17 1.523040 62.942352 4.111694 0.560422 -0.031232 0.827618 0.754400 0.360100 1 17 1.000000
  17 1.474305 64.744591 4.075832 0.307301 0.326393 0.893887 0.766400 0.529850 1 17 1.000000
  17 0.821156 63.589043 4.469975 0.650140 0.182513 0.737568 0.701175 0.414313 1 17 1.000000
models\Characters\Eyes\template_head
  17 0.821156 63.589043 4.469975 0.650140 0.182513 0.737568 0.701175 0.414313 1 17 1.000000
  17 1.474305 64.744591 4.075832 0.307301 0.326393 0.893887 0.766400 0.529850 1 17 1.000000
  17 0.946152 64.816360 4.060680 0.011408 0.674134 0.738521 0.728950 0.536850 1 17 1.000000
models\Characters\Eyes\template_head
  17 0.787075 64.886230 4.001115 0.545854 0.121209 0.829067 0.717100 0.549700 1 17 1.000000
  17 0.821156 63.589043 4.469975 0.650140 0.182513 0.737568 0.701175 0.414313 1 17 1.000000
  17 0.946152 64.816360 4.060680 0.011408 0.674134 0.738521 0.728950 0.536850 1 17 1.000000
models\Characters\Eyes\template_head
  17 2.768775 64.649963 1.699835 0.991353 0.029546 0.127854 0.956700 0.494900 1 17 1.000000
  17 2.401220 65.106636 2.946852 0.901685 -0.064407 0.427570 0.873850 0.570100 1 17 1.000000
  17 2.456035 64.336090 3.016629 0.915861 0.023523 0.400804 0.871100 0.478200 1 17 1.000000
models\Characters\Eyes\template_head
  17 2.770865 65.191467 1.780110 0.940475 0.071730 0.332206 0.947100 0.553000 1 17 1.000000
  17 2.401220 65.106636 2.946852 0.901685 -0.064407 0.427570 0.873850 0.570100 1 17 1.000000
  17 2.768775 64.649963 1.699835 0.991353 0.029546 0.127854 0.956700 0.494900 1 17 1.000000
models\Characters\Eyes\template_head
  17 2.401220 65.106636 2.946852 0.901685 -0.064407 0.427570 0.873850 0.570100 1 17 1.000000
  17 2.770865 65.191467 1.780110 0.940475 0.071730 0.332206 0.947100 0.553000 1 17 1.000000
  17 2.484440 66.091599 2.993259 0.930580 0.025898 0.365171 0.862300 0.670100 1 17 1.000000
models\Characters\Eyes\template_head
  17 2.484440 66.091599 2.993259 0.930580 0.025898 0.365171 0.862300 0.670100 1 17 1.000000
  17 2.770865 65.191467 1.780110 0.940475 0.071730 0.332206 0.947100 0.553000 1 17 1.000000
  17 2.909375 66.262497 1.980939 0.969192 0.010656 0.246075 0.916900 0.668400 1 17 1.000000
models\Characters\Eyes\template_head
  17 2.682515 62.131809 2.411574 0.957497 -0.175916 0.228588 0.896400 0.292700 1 17 1.000000
  17 2.456035 64.336090 3.016629 0.915861 0.023523 0.400804 0.871100 0.478200 1 17 1.000000
  17 1.523040 62.942348 4.111695 0.849111 -0.056904 0.525140 0.754400 0.360100 1 17 1.000000
models\Characters\Eyes\template_head
  17 0.001900 61.967075 4.757790 -0.000481 -0.148594 0.988898 0.611600 0.252400 1 17 1.000000
  17 0.810730 61.662270 4.349432 0.497717 0.027737 0.866896 0.684450 0.234850 1 17 1.000000
  17 1.005483 62.186195 4.234150 0.404807 -0.137038 0.904075 0.702450 0.278700 1 17 1.000000
models\Characters\Eyes\template_head
  17 0.001900 61.580708 4.591730 -0.000237 0.040513 0.999179 0.611600 0.216900 1 17 1.000000
  17 0.810730 61.662270 4.349432 0.497717 0.027737 0.866896 0.684450 0.234850 1 17 1.000000
  17 0.001900 61.967075 4.757790 -0.000481 -0.148594 0.988898 0.611600 0.252400 1 17 1.000000
models\Characters\Eyes\template_head
  17 0.001900 61.580708 4.591730 -0.000237 0.040513 0.999179 0.611600 0.216900 1 17 1.000000
  17 0.001900 61.967075 4.757790 -0.000481 -0.148594 0.988898 0.611600 0.252400 1 17 1.000000
  17 -0.806930 61.662270 4.349432 -0.327110 0.038892 0.944185 0.538800 0.234850 1 17 1.000000
models\Characters\Eyes\template_head
  17 -0.428640 59.397041 4.970210 -0.576743 -0.183129 0.796135 0.576000 0.075900 1 17 1.000000
  17 0.001900 61.580708 4.591730 -0.000237 0.040513 0.999179 0.611600 0.216900 1 17 1.000000
  17 -0.806930 61.662270 4.349432 -0.327110 0.038892 0.944185 0.538800 0.234850 1 17 1.000000
models\Characters\Eyes\template_head
  17 0.001900 59.326645 5.070245 0.000030 -0.104825 0.994491 0.611600 0.070500 1 17 1.000000
  17 0.001900 61.580708 4.591730 -0.000237 0.040513 0.999179 0.611600 0.216900 1 17 1.000000
  17 -0.428640 59.397041 4.970210 -0.576743 -0.183129 0.796135 0.576000 0.075900 1 17 1.000000
models\Characters\Eyes\template_head
  17 -0.428640 59.397041 4.970210 -0.576743 -0.183129 0.796135 0.576000 0.075900 1 17 1.000000
  17 0.001900 58.816399 4.931830 0.000002 -0.947890 0.318597 0.611600 0.039000 1 17 1.000000
  17 0.001900 59.326645 5.070245 0.000030 -0.104825 0.994491 0.611600 0.070500 1 17 1.000000
models\Characters\Eyes\template_head
  17 0.001900 59.326645 5.070245 0.000030 -0.104825 0.994491 0.611600 0.070500 1 17 1.000000
  17 0.001900 58.816399 4.931830 0.000002 -0.947890 0.318597 0.611600 0.039000 1 17 1.000000
  17 0.432440 59.397041 4.970210 0.576754 -0.183108 0.796132 0.647200 0.075900 1 17 1.000000
models\Characters\Eyes\template_head
  17 0.432440 59.397041 4.970210 0.576754 -0.183108 0.796132 0.647200 0.075900 1 17 1.000000
  17 0.001900 58.816399 4.931830 0.000002 -0.947890 0.318597 0.611600 0.039000 1 17 1.000000
  17 0.607810 59.121162 4.584034 0.622134 -0.782686 -0.018731 0.676100 0.054000 1 17 1.000000
models\Characters\Eyes\template_head
  17 0.432440 59.397041 4.970210 0.576754 -0.183108 0.796132 0.647200 0.075900 1 17 1.000000
  17 0.607810 59.121162 4.584034 0.622134 -0.782686 -0.018731 0.676100 0.054000 1 17 1.000000
  17 1.287155 60.118855 4.224649 0.844452 -0.419006 0.333668 0.730200 0.137600 1 17 1.000000
models\Characters\Eyes\template_head
  17 1.287155 60.118855 4.224649 0.844452 -0.419006 0.333668 0.730200 0.137600 1 17 1.000000
  17 0.607810 59.121162 4.584034 0.622134 -0.782686 -0.018731 0.676100 0.054000 1 17 1.000000
  17 0.934230 59.763268 3.688469 0.494135 -0.802202 -0.335116 0.758000 0.096100 1 17 1.000000
models\Characters\Eyes\template_head
  17 1.287155 60.118855 4.224649 0.844452 -0.419006 0.333668 0.730200 0.137600 1 17 1.000000
  17 0.934230 59.763268 3.688469 0.494135 -0.802202 -0.335116 0.758000 0.096100 1 17 1.000000
  17 2.297670 61.318794 2.858834 0.894207 -0.377913 0.239949 0.849800 0.236100 1 17 1.000000
models\Characters\Eyes\template_head
  17 2.297670 61.318794 2.858834 0.894207 -0.377913 0.239949 0.849800 0.236100 1 17 1.000000
  17 0.934230 59.763268 3.688469 0.494135 -0.802202 -0.335116 0.758000 0.096100 1 17 1.000000
  17 2.168945 61.200710 1.951109 0.683988 -0.679371 -0.265734 0.908600 0.210500 1 17 1.000000
models\Characters\Eyes\template_head
  17 2.168945 61.200710 1.951109 0.683988 -0.679371 -0.265734 0.908600 0.210500 1 17 1.000000
  17 2.682515 62.131809 2.411574 0.957497 -0.175916 0.228588 0.896400 0.292700 1 17 1.000000
  17 2.297670 61.318794 2.858834 0.894207 -0.377913 0.239949 0.849800 0.236100 1 17 1.000000
models\Characters\Eyes\template_head
  17 2.591125 61.993584 1.563319 0.854003 -0.394791 -0.338848 0.950300 0.267800 1 17 1.000000
  17 2.682515 62.131809 2.411574 0.957497 -0.175916 0.228588 0.896400 0.292700 1 17 1.000000
  17 2.168945 61.200710 1.951109 0.683988 -0.679371 -0.265734 0.908600 0.210500 1 17 1.000000
models\Characters\Eyes\template_head
  17 2.732010 63.343910 1.371040 0.898722 -0.286778 -0.331749 0.981400 0.355800 1 17 1.000000
  17 2.682515 62.131809 2.411574 0.957497 -0.175916 0.228588 0.896400 0.292700 1 17 1.000000
  17 2.591125 61.993584 1.563319 0.854003 -0.394791 -0.338848 0.950300 0.267800 1 17 1.000000
models\Characters\Eyes\template_head
  17 2.905480 63.534485 1.940564 0.983945 -0.033206 0.175358 0.958200 0.386300 1 17 1.000000
  17 2.682515 62.131809 2.411574 0.957497 -0.175916 0.228588 0.896400 0.292700 1 17 1.000000
  17 2.732010 63.343910 1.371040 0.898722 -0.286778 -0.331749 0.981400 0.355800 1 17 1.000000
models\Characters\Eyes\template_head
  17 2.905480 63.534485 1.940564 0.983945 -0.033206 0.175358 0.958200 0.386300 1 17 1.000000
  17 2.456035 64.336090 3.016629 0.915861 0.023523 0.400804 0.871100 0.478200 1 17 1.000000
  17 2.682515 62.131809 2.411574 0.957497 -0.175916 0.228588 0.896400 0.292700 1 17 1.000000
models\Characters\Eyes\template_head
  17 2.456035 64.336090 3.016629 0.915861 0.023523 0.400804 0.871100 0.478200 1 17 1.000000
  17 2.905480 63.534485 1.940564 0.983945 -0.033206 0.175358 0.958200 0.386300 1 17 1.000000
  17 2.768775 64.649963 1.699835 0.991353 0.029546 0.127854 0.956700 0.494900 1 17 1.000000
models\Characters\Eyes\template_head
  17 1.635235 61.835495 4.090558 0.695500 -0.085295 0.713445 0.752200 0.268950 1 17 1.000000
  17 1.287155 60.118855 4.224649 0.844452 -0.419006 0.333668 0.730200 0.137600 1 17 1.000000
  17 2.297670 61.318794 2.858834 0.894207 -0.377913 0.239949 0.849800 0.236100 1 17 1.000000
models\Characters\Eyes\template_head
  17 0.810730 61.662270 4.349432 0.497717 0.027737 0.866896 0.684450 0.234850 1 17 1.000000
  17 1.287155 60.118855 4.224649 0.844452 -0.419006 0.333668 0.730200 0.137600 1 17 1.000000
  17 1.635235 61.835495 4.090558 0.695500 -0.085295 0.713445 0.752200 0.268950 1 17 1.000000
models\Characters\Eyes\template_head
  17 1.287155 60.118855 4.224649 0.844452 -0.419006 0.333668 0.730200 0.137600 1 17 1.000000
  17 0.810730 61.662270 4.349432 0.497717 0.027737 0.866896 0.684450 0.234850 1 17 1.000000
  17 0.432440 59.397041 4.970210 0.576754 -0.183108 0.796132 0.647200 0.075900 1 17 1.000000
models\Characters\Eyes\template_head
  17 0.001900 61.580708 4.591730 -0.000237 0.040513 0.999179 0.611600 0.216900 1 17 1.000000
  17 0.432440 59.397041 4.970210 0.576754 -0.183108 0.796132 0.647200 0.075900 1 17 1.000000
  17 0.810730 61.662270 4.349432 0.497717 0.027737 0.866896 0.684450 0.234850 1 17 1.000000
models\Characters\Eyes\template_head
  17 0.001900 59.326645 5.070245 0.000030 -0.104825 0.994491 0.611600 0.070500 1 17 1.000000
  17 0.432440 59.397041 4.970210 0.576754 -0.183108 0.796132 0.647200 0.075900 1 17 1.000000
  17 0.001900 61.580708 4.591730 -0.000237 0.040513 0.999179 0.611600 0.216900 1 17 1.000000
models\Characters\Eyes\template_head
  17 -0.604010 59.121162 4.584034 -0.622136 -0.782684 -0.018749 0.547100 0.054000 1 17 1.000000
  17 0.001900 58.816399 4.931830 0.000002 -0.947890 0.318597 0.611600 0.039000 1 17 1.000000
  17 -0.428640 59.397041 4.970210 -0.576743 -0.183129 0.796135 0.576000 0.075900 1 17 1.000000
models\Characters\Eyes\template_head
  17 -0.604010 59.121162 4.584034 -0.622136 -0.782684 -0.018749 0.547100 0.054000 1 17 1.000000
  17 0.001900 59.048679 4.299699 0.000000 -0.889396 -0.457138 0.545300 0.015200 1 17 1.000000
  17 0.001900 58.816399 4.931830 0.000002 -0.947890 0.318597 0.611600 0.039000 1 17 1.000000
models\Characters\Eyes\template_head
  17 0.001900 59.048679 4.299699 0.000000 -0.889396 -0.457138 0.545300 0.015200 1 17 1.000000
  17 0.607810 59.121162 4.584034 0.622134 -0.782686 -0.018731 0.547100 0.054000 1 17 1.000000
  17 0.001900 58.816399 4.931830 0.000002 -0.947890 0.318597 0.611600 0.039000 1 17 1.000000
models\Characters\Eyes\template_head
  17 0.607810 59.121162 4.584034 0.622134 -0.782686 -0.018731 0.547100 0.054000 1 17 1.000000
  17 0.001900 59.048679 4.299699 0.000000 -0.889396 -0.457138 0.545300 0.015200 1 17 1.000000
  17 0.934230 59.763268 3.688469 0.494135 -0.802202 -0.335116 0.465300 0.096100 1 17 1.000000
models\Characters\Eyes\template_head
  17 2.297670 61.318794 2.858834 0.894207 -0.377913 0.239949 0.849800 0.236100 1 17 1.000000
  17 2.682515 62.131809 2.411574 0.957497 -0.175916 0.228588 0.896400 0.292700 1 17 1.000000
  17 1.635235 61.835495 4.090558 0.780538 0.027357 0.624509 0.752200 0.268950 1 17 1.000000
models\Characters\Eyes\template_head
  17 1.635235 61.835495 4.090558 0.780538 0.027357 0.624509 0.752200 0.268950 1 17 1.000000
  17 2.682515 62.131809 2.411574 0.957497 -0.175916 0.228588 0.896400 0.292700 1 17 1.000000
  17 1.523040 62.942348 4.111695 0.780538 0.027357 0.624509 0.754400 0.360100 1 17 1.000000
models\Characters\Eyes\template_head
  17 1.523040 62.942348 4.111695 0.780538 0.027357 0.624509 0.754400 0.360100 1 17 1.000000
  17 1.090125 62.415852 4.580995 0.609390 -0.021444 0.792581 0.692900 0.303300 1 17 1.000000
  17 1.635235 61.835495 4.090558 0.780538 0.027357 0.624509 0.752200 0.268950 1 17 1.000000
models\Characters\Eyes\template_head
  17 2.690685 63.807037 0.796289 0.528609 -0.487333 -0.695038 0.195700 0.393700 1 17 1.000000
  17 2.732010 63.343910 1.371040 0.898722 -0.286778 -0.331749 0.241900 0.355800 1 17 1.000000
  17 2.671115 63.530491 0.920834 0.942946 -0.235326 -0.235529 0.205700 0.371300 1 17 1.000000
models\Characters\Eyes\template_head
  17 2.671115 63.530491 0.920834 0.942946 -0.235326 -0.235529 0.205700 0.371300 1 17 1.000000
  17 2.732010 63.343910 1.371040 0.898722 -0.286778 -0.331749 0.241900 0.355800 1 17 1.000000
  17 2.562435 63.117527 0.971754 0.909362 -0.284813 -0.303220 0.209200 0.337400 1 17 1.000000
models\Characters\Eyes\template_head
  17 2.591125 61.993584 1.563319 0.854003 -0.394791 -0.338848 0.273000 0.267800 1 17 1.000000
  17 2.562435 63.117527 0.971754 0.909362 -0.284813 -0.303220 0.209200 0.337400 1 17 1.000000
  17 2.732010 63.343910 1.371040 0.898722 -0.286778 -0.331749 0.241900 0.355800 1 17 1.000000
models\Characters\Eyes\template_head
  17 2.032715 61.664883 1.270244 0.814699 -0.524806 -0.246663 0.246400 0.218500 1 17 1.000000
  17 2.562435 63.117527 0.971754 0.909362 -0.284813 -0.303220 0.209200 0.337400 1 17 1.000000
  17 2.591125 61.993584 1.563319 0.854003 -0.394791 -0.338848 0.273000 0.267800 1 17 1.000000
models\Characters\Eyes\template_head
  17 2.168945 61.200710 1.951109 0.683988 -0.679371 -0.265734 0.314700 0.210500 1 17 1.000000
  17 2.032715 61.664883 1.270244 0.814699 -0.524806 -0.246663 0.246400 0.218500 1 17 1.000000
  17 2.591125 61.993584 1.563319 0.854003 -0.394791 -0.338848 0.273000 0.267800 1 17 1.000000
models\Characters\Eyes\template_head
  17 1.311285 60.733883 1.990439 0.611421 -0.791123 -0.016996 0.319500 0.142200 1 17 1.000000
  17 2.032715 61.664883 1.270244 0.814699 -0.524806 -0.246663 0.246400 0.218500 1 17 1.000000
  17 2.168945 61.200710 1.951109 0.683988 -0.679371 -0.265734 0.314700 0.210500 1 17 1.000000
models\Characters\Eyes\template_head
  17 2.168945 61.200710 1.951109 0.683988 -0.679371 -0.265734 0.314700 0.210500 1 17 1.000000
  17 0.934230 59.763268 3.688469 0.494135 -0.802202 -0.335116 0.465300 0.096100 1 17 1.000000
  17 1.311285 60.733883 1.990439 0.611421 -0.791123 -0.016996 0.319500 0.142200 1 17 1.000000
models\Characters\Eyes\template_head
  17 1.311285 60.733883 1.990439 0.611421 -0.791123 -0.016996 0.319500 0.142200 1 17 1.000000
  17 0.934230 59.763268 3.688469 0.494135 -0.802202 -0.335116 0.465300 0.096100 1 17 1.000000
  17 0.001900 60.118950 2.734859 0.000112 -0.988856 -0.148874 0.379200 0.027600 1 17 1.000000
models\Characters\Eyes\template_head
  17 0.934230 59.763268 3.688469 0.494135 -0.802202 -0.335116 0.465300 0.096100 1 17 1.000000
  17 0.001900 59.048679 4.299699 0.000000 -0.889396 -0.457138 0.545300 0.015200 1 17 1.000000
  17 0.001900 60.118950 2.734859 0.000112 -0.988856 -0.148874 0.379200 0.027600 1 17 1.000000
models\Characters\Eyes\template_head
  17 0.001900 59.048679 4.299699 0.000000 -0.889396 -0.457138 0.545300 0.015200 1 17 1.000000
  17 -0.930430 59.763268 3.688469 -0.494135 -0.802202 -0.335116 0.465300 0.096100 1 17 1.000000
  17 0.001900 60.118950 2.734859 0.000112 -0.988856 -0.148874 0.379200 0.027600 1 17 1.000000
models\Characters\Eyes\template_head
  17 -0.604010 59.121162 4.584034 -0.622136 -0.782684 -0.018749 0.547100 0.054000 1 17 1.000000
  17 -0.930430 59.763268 3.688469 -0.494135 -0.802202 -0.335116 0.465300 0.096100 1 17 1.000000
  17 0.001900 59.048679 4.299699 0.000000 -0.889396 -0.457138 0.545300 0.015200 1 17 1.000000
models\Characters\Eyes\template_head
  17 -0.604010 59.121162 4.584034 -0.622136 -0.782684 -0.018749 0.547100 0.054000 1 17 1.000000
  17 -1.283355 60.118855 4.224649 -0.844452 -0.419006 0.333668 0.493000 0.137600 1 17 1.000000
  17 -0.930430 59.763268 3.688469 -0.494135 -0.802202 -0.335116 0.465300 0.096100 1 17 1.000000
models\Characters\Eyes\template_head
  17 -0.428640 59.397041 4.970210 -0.576743 -0.183129 0.796135 0.576000 0.075900 1 17 1.000000
  17 -1.283355 60.118855 4.224649 -0.844452 -0.419006 0.333668 0.493000 0.137600 1 17 1.000000
  17 -0.604010 59.121162 4.584034 -0.622136 -0.782684 -0.018749 0.547100 0.054000 1 17 1.000000
models\Characters\Eyes\template_head
  17 -0.428640 59.397041 4.970210 -0.576743 -0.183129 0.796135 0.576000 0.075900 1 17 1.000000
  17 -0.806930 61.662270 4.349432 -0.649404 0.016949 0.760254 0.538800 0.234850 1 17 1.000000
  17 -1.283355 60.118855 4.224649 -0.844452 -0.419006 0.333668 0.493000 0.137600 1 17 1.000000
models\Characters\Eyes\template_head
  17 -0.806930 61.662270 4.349432 -0.649404 0.016949 0.760254 0.538800 0.234850 1 17 1.000000
  17 -1.631435 61.835495 4.090558 -0.695479 -0.085289 0.713467 0.471050 0.268950 1 17 1.000000
  17 -1.283355 60.118855 4.224649 -0.844452 -0.419006 0.333668 0.493000 0.137600 1 17 1.000000
models\Characters\Eyes\template_head
  17 -1.283355 60.118855 4.224649 -0.844452 -0.419006 0.333668 0.493000 0.137600 1 17 1.000000
  17 -1.631435 61.835495 4.090558 -0.695479 -0.085289 0.713467 0.471050 0.268950 1 17 1.000000
  17 -2.293870 61.318794 2.858929 -0.894208 -0.377904 0.239961 0.373500 0.236100 1 17 1.000000
models\Characters\Eyes\template_head
  17 -1.283355 60.118855 4.224649 -0.844452 -0.419006 0.333668 0.493000 0.137600 1 17 1.000000
  17 -2.293870 61.318794 2.858929 -0.894208 -0.377904 0.239961 0.373500 0.236100 1 17 1.000000
  17 -0.930430 59.763268 3.688469 -0.494135 -0.802202 -0.335116 0.465300 0.096100 1 17 1.000000
models\Characters\Eyes\template_head
  17 -0.930430 59.763268 3.688469 -0.494135 -0.802202 -0.335116 0.465300 0.096100 1 17 1.000000
  17 -2.293870 61.318794 2.858929 -0.894208 -0.377904 0.239961 0.373500 0.236100 1 17 1.000000
  17 -2.165145 61.200710 1.951109 -0.683989 -0.679371 -0.265734 0.314700 0.210500 1 17 1.000000
models\Characters\Eyes\template_head
  17 2.893890 63.209766 1.026095 0.241700 -0.941023 -0.236763 0.945300 0.750700 1 17 1.000000
  17 2.961245 63.530205 0.720005 -0.235273 -0.705906 -0.668090 0.904900 0.749800 1 17 1.000000
  17 2.732010 63.343910 1.371040 0.898722 -0.286778 -0.331749 0.975600 0.768400 1 17 1.000000
models\Characters\Eyes\template_head
  17 2.732010 63.343910 1.371040 0.898722 -0.286778 -0.331749 0.885700 0.692700 1 17 1.000000
  17 2.690685 63.807037 0.796289 0.528609 -0.487333 -0.695038 0.857600 0.747900 1 17 1.000000
  17 2.893890 63.209766 1.026095 0.241700 -0.941023 -0.236763 0.900000 0.715700 1 17 1.000000
models\Characters\Eyes\template_head
  17 2.893890 63.209766 1.026095 0.241700 -0.941023 -0.236763 0.900000 0.715700 1 17 1.000000
  17 2.690685 63.807037 0.796289 0.528609 -0.487333 -0.695038 0.857600 0.747900 1 17 1.000000
  17 2.961245 63.530205 0.720005 -0.235273 -0.705906 -0.668090 0.904900 0.749800 1 17 1.000000
models\Characters\Eyes\template_head
  17 2.768775 64.649963 1.699835 0.991353 0.029546 0.127854 0.974000 0.894000 1 17 1.000000
  17 2.905480 63.534485 1.940564 0.983945 -0.033206 0.175358 0.999400 0.805400 1 17 1.000000
  17 2.732010 63.343910 1.371040 0.898722 -0.286778 -0.331749 0.975600 0.768400 1 17 1.000000
models\Characters\Eyes\template_head
  17 2.732010 63.343910 1.371040 0.898722 -0.286778 -0.331749 0.975600 0.768400 1 17 1.000000
  17 2.961245 63.530205 0.720005 -0.235273 -0.705906 -0.668090 0.904900 0.749800 1 17 1.000000
  17 2.768775 64.649963 1.699835 0.991353 0.029546 0.127854 0.974000 0.894000 1 17 1.000000
models\Characters\Eyes\template_head
  17 2.961245 63.530205 0.720005 -0.235273 -0.705906 -0.668090 0.904900 0.749800 1 17 1.000000
  17 3.006180 64.231888 0.386079 0.115638 -0.344056 -0.931801 0.854900 0.805000 1 17 1.000000
  17 2.768775 64.649963 1.699835 0.991353 0.029546 0.127854 0.974000 0.894000 1 17 1.000000
models\Characters\Eyes\template_head
  17 2.961245 63.530205 0.720005 -0.235273 -0.705906 -0.668090 0.904900 0.749800 1 17 1.000000
  17 2.690685 63.807037 0.796289 0.528609 -0.487333 -0.695038 0.857600 0.747900 1 17 1.000000
  17 3.006180 64.231888 0.386079 0.115638 -0.344056 -0.931801 0.854900 0.805000 1 17 1.000000
models\Characters\Eyes\template_head
  17 3.006180 64.231888 0.386079 0.115638 -0.344056 -0.931801 0.854900 0.805000 1 17 1.000000
  17 2.690685 63.807037 0.796289 0.528609 -0.487333 -0.695038 0.857600 0.747900 1 17 1.000000
  17 2.644705 64.529892 0.397669 0.300104 -0.116186 -0.946804 0.807200 0.812700 1 17 1.000000
models\Characters\Eyes\template_head
  17 2.644705 64.529892 0.397669 0.300104 -0.116186 -0.946804 0.807200 0.812700 1 17 1.000000
  17 3.222495 65.024841 0.252794 -0.003556 0.157560 -0.987503 0.834500 0.877300 1 17 1.000000
  17 3.006180 64.231888 0.386079 0.115638 -0.344056 -0.931801 0.854900 0.805000 1 17 1.000000
models\Characters\Eyes\template_head
  17 3.222495 65.024841 0.252794 -0.003556 0.157560 -0.987503 0.834500 0.877300 1 17 1.000000
  17 2.644705 64.529892 0.397669 0.300104 -0.116186 -0.946804 0.807200 0.812700 1 17 1.000000
  17 3.007320 65.206009 0.437569 -0.474899 0.406343 -0.780613 0.809800 0.895200 1 17 1.000000
models\Characters\Eyes\template_head
  17 3.007320 65.206009 0.437569 -0.474899 0.406343 -0.780613 0.809800 0.895200 1 17 1.000000
  17 3.281205 65.645187 0.570000 -0.214105 0.754017 -0.620981 0.827900 0.947700 1 17 1.000000
  17 3.222495 65.024841 0.252794 -0.003556 0.157560 -0.987503 0.834500 0.877300 1 17 1.000000
models\Characters\Eyes\template_head
  17 3.281205 65.645187 0.570000 -0.214105 0.754017 -0.620981 0.827900 0.947700 1 17 1.000000
  17 3.007320 65.206009 0.437569 -0.474899 0.406343 -0.780613 0.809800 0.895200 1 17 1.000000
  17 2.863965 65.540497 0.804745 0.618597 0.741629 -0.259468 0.768700 0.917600 1 17 1.000000
models\Characters\Eyes\template_head
  17 3.281205 65.645187 0.570000 -0.214105 0.754017 -0.620981 0.827900 0.947700 1 17 1.000000
  17 2.863965 65.540497 0.804745 0.618597 0.741629 -0.259468 0.768700 0.917600 1 17 1.000000
  17 3.337160 65.821045 0.960354 0.436899 0.891497 0.119802 0.782200 0.974500 1 17 1.000000
models\Characters\Eyes\template_head
  17 3.337160 65.821045 0.960354 0.436899 0.891497 0.119802 0.782200 0.974500 1 17 1.000000
  17 2.863965 65.540497 0.804745 0.618597 0.741629 -0.259468 0.768700 0.917600 1 17 1.000000
  17 3.074105 65.639870 1.317080 -0.171584 0.962273 0.211160 0.741000 0.975000 1 17 1.000000
models\Characters\Eyes\template_head
  17 2.770865 65.191467 1.780110 0.940475 0.071730 0.332206 0.694000 0.956500 1 17 1.000000
  17 3.074105 65.639870 1.317080 -0.171584 0.962273 0.211160 0.741000 0.975000 1 17 1.000000
  17 2.863965 65.540497 0.804745 0.618597 0.741629 -0.259468 0.768700 0.917600 1 17 1.000000
models\Characters\Eyes\template_head
  17 2.863965 65.540497 0.804745 0.618597 0.741629 -0.259468 0.768700 0.917600 1 17 1.000000
  17 3.007320 65.206009 0.437569 -0.474899 0.406343 -0.780613 0.809800 0.895200 1 17 1.000000
  17 2.644705 64.529892 0.397669 0.300104 -0.116186 -0.946804 0.807200 0.812700 1 17 1.000000
models\Characters\Eyes\template_head
  17 3.006180 64.231888 0.386079 0.115638 -0.344056 -0.931801 0.854900 0.805000 1 17 1.000000
  17 3.222495 65.024841 0.252794 -0.003556 0.157560 -0.987503 0.834500 0.877300 1 17 1.000000
  17 2.768775 64.649963 1.699835 0.991353 0.029546 0.127854 0.974000 0.894000 1 17 1.000000
models\Characters\Eyes\template_head
  17 3.222495 65.024841 0.252794 -0.003556 0.157560 -0.987503 0.834500 0.877300 1 17 1.000000
  17 3.281205 65.645187 0.570000 -0.214105 0.754017 -0.620981 0.827900 0.947700 1 17 1.000000
  17 2.768775 64.649963 1.699835 0.991353 0.029546 0.127854 0.974000 0.894000 1 17 1.000000
models\Characters\Eyes\template_head
  17 3.281205 65.645187 0.570000 -0.214105 0.754017 -0.620981 0.827900 0.947700 1 17 1.000000
  17 3.337160 65.821045 0.960354 0.436899 0.891497 0.119802 0.880500 0.977500 1 17 1.000000
  17 2.768775 64.649963 1.699835 0.991353 0.029546 0.127854 0.974000 0.894000 1 17 1.000000
models\Characters\Eyes\template_head
  17 3.337160 65.821045 0.960354 0.436899 0.891497 0.119802 0.880500 0.977500 1 17 1.000000
  17 3.074105 65.639870 1.317080 -0.171584 0.962273 0.211160 0.931900 0.975000 1 17 1.000000
  17 2.768775 64.649963 1.699835 0.991353 0.029546 0.127854 0.974000 0.894000 1 17 1.000000
models\Characters\Eyes\template_head
  17 3.074105 65.639870 1.317080 -0.171584 0.962273 0.211160 0.931900 0.975000 1 17 1.000000
  17 2.770865 65.191467 1.780110 0.940475 0.071730 0.332206 0.977400 0.947200 1 17 1.000000
  17 2.768775 64.649963 1.699835 0.991353 0.029546 0.127854 0.974000 0.894000 1 17 1.000000
models\Characters\Eyes\template_head
  17 2.644705 64.529892 0.397669 0.300104 -0.116186 -0.946804 0.207200 0.469300 1 17 1.000000
  17 2.690685 63.807037 0.796289 0.528609 -0.487333 -0.695038 0.187000 0.424700 1 17 1.000000
  17 2.417560 63.890259 0.057949 0.900161 -0.263225 -0.347019 0.150200 0.475500 1 17 1.000000
models\Characters\Eyes\template_head
  17 2.417560 63.890259 0.057949 0.900161 -0.263225 -0.347019 0.150200 0.475500 1 17 1.000000
  17 2.538780 63.510735 0.435289 0.904287 -0.204096 -0.374979 0.134100 0.423100 1 17 1.000000
  17 1.663165 63.428276 -0.860701 0.759270 -0.263471 -0.595057 0.103600 0.524700 1 17 1.000000
models\Characters\Eyes\template_head
  17 2.417560 63.890259 0.057949 0.900161 -0.263225 -0.347019 0.150200 0.475500 1 17 1.000000
  17 2.690685 63.807037 0.796289 0.528609 -0.487333 -0.695038 0.187000 0.424700 1 17 1.000000
  17 2.538780 63.510735 0.435289 0.904287 -0.204096 -0.374979 0.134100 0.423100 1 17 1.000000
models\Characters\Eyes\template_head
  17 2.671115 63.530491 0.920834 0.942946 -0.235326 -0.235529 0.167700 0.404100 1 17 1.000000
  17 2.538780 63.510735 0.435289 0.904287 -0.204096 -0.374979 0.134100 0.423100 1 17 1.000000
  17 2.690685 63.807037 0.796289 0.528609 -0.487333 -0.695038 0.187000 0.424700 1 17 1.000000
models\Characters\Eyes\template_head
  17 2.562435 63.117527 0.971754 0.909362 -0.284813 -0.303220 0.148500 0.383400 1 17 1.000000
  17 2.538780 63.510735 0.435289 0.904287 -0.204096 -0.374979 0.134100 0.423100 1 17 1.000000
  17 2.671115 63.530491 0.920834 0.942946 -0.235326 -0.235529 0.167700 0.404100 1 17 1.000000
models\Characters\Eyes\template_head
  17 2.538780 63.510735 0.435289 0.904287 -0.204096 -0.374979 0.134100 0.423100 1 17 1.000000
  17 2.562435 63.117527 0.971754 0.909362 -0.284813 -0.303220 0.148500 0.383400 1 17 1.000000
  16 1.907600 62.083450 -0.655501 0.898061 0.058004 -0.436030 0.018800 0.438400 1 16 1.000000
models\Characters\Eyes\template_head
  16 1.907600 62.083450 -0.655501 0.898061 0.058004 -0.436030 0.018800 0.438400 1 16 1.000000
  17 2.562435 63.117527 0.971754 0.909362 -0.284813 -0.303220 0.148500 0.383400 1 17 1.000000
  16 2.015900 61.500153 0.208999 0.989748 -0.130967 0.056985 0.018800 0.342100 1 16 1.000000
models\Characters\Eyes\template_head
  17 2.032715 61.664883 1.270244 0.814699 -0.524806 -0.246663 0.071000 0.291400 1 17 1.000000
  16 2.015900 61.500153 0.208999 0.989748 -0.130967 0.056985 0.018800 0.342100 1 16 1.000000
  17 2.562435 63.117527 0.971754 0.909362 -0.284813 -0.303220 0.148500 0.383400 1 17 1.000000
models\Characters\Eyes\template_head
  16 1.658700 60.809505 0.880649 0.877245 -0.274077 0.394110 0.018800 0.247400 1 16 1.000000
  16 2.015900 61.500153 0.208999 0.989748 -0.130967 0.056985 0.018800 0.342100 1 16 1.000000
  17 2.032715 61.664883 1.270244 0.814699 -0.524806 -0.246663 0.071000 0.291400 1 17 1.000000
models\Characters\Eyes\template_head
  17 1.311285 60.733883 1.990439 0.611421 -0.791123 -0.016996 0.061600 0.182400 1 17 1.000000
  16 1.658700 60.809505 0.880649 0.877245 -0.274077 0.394110 0.018800 0.247400 1 16 1.000000
  17 2.032715 61.664883 1.270244 0.814699 -0.524806 -0.246663 0.071000 0.291400 1 17 1.000000
models\Characters\Eyes\template_head
  16 0.830300 59.937401 1.669149 0.685975 -0.318988 0.653976 0.018800 0.126800 1 16 1.000000
  16 1.658700 60.809505 0.880649 0.877245 -0.274077 0.394110 0.018800 0.247400 1 16 1.000000
  17 1.311285 60.733883 1.990439 0.611421 -0.791123 -0.016996 0.061600 0.182400 1 17 1.000000
models\Characters\Eyes\template_head
  17 0.001900 60.118950 2.734859 0.000112 -0.988856 -0.148874 0.058800 0.030800 1 17 1.000000
  16 0.830300 59.937401 1.669149 0.685975 -0.318988 0.653976 0.018800 0.126800 1 16 1.000000
  17 1.311285 60.733883 1.990439 0.611421 -0.791123 -0.016996 0.061600 0.182400 1 17 1.000000
models\Characters\Eyes\template_head
  16 0.001900 59.627701 2.267649 0.001000 -0.416964 0.908922 0.018900 0.030700 1 16 1.000000
  16 0.830300 59.937401 1.669149 0.685975 -0.318988 0.653976 0.018800 0.126800 1 16 1.000000
  17 0.001900 60.118950 2.734859 0.000112 -0.988856 -0.148874 0.058800 0.030800 1 17 1.000000
models\Characters\Eyes\template_head
  17 0.001900 60.118950 2.734859 0.000112 -0.988856 -0.148874 0.058800 0.030800 1 17 1.000000
  16 -0.830300 59.937401 1.669149 -0.685745 -0.317882 0.654756 0.018800 0.126800 1 16 1.000000
  16 0.001900 59.627701 2.267649 0.001000 -0.416964 0.908922 0.018900 0.030700 1 16 1.000000
models\Characters\Eyes\template_head
  17 -1.307485 60.733883 1.990439 -0.611877 -0.790798 -0.015659 0.061600 0.182400 1 17 1.000000
  16 -0.830300 59.937401 1.669149 -0.685745 -0.317882 0.654756 0.018800 0.126800 1 16 1.000000
  17 0.001900 60.118950 2.734859 0.000112 -0.988856 -0.148874 0.058800 0.030800 1 17 1.000000
models\Characters\Eyes\template_head
  16 -0.830300 59.937401 1.669149 -0.685745 -0.317882 0.654756 0.018800 0.126800 1 16 1.000000
  17 -1.307485 60.733883 1.990439 -0.611877 -0.790798 -0.015659 0.061600 0.182400 1 17 1.000000
  16 -1.658700 60.809505 0.880649 -0.877139 -0.273043 0.395063 0.018800 0.247400 1 16 1.000000
models\Characters\Eyes\template_head
  16 -1.658700 60.809505 0.880649 -0.877139 -0.273043 0.395063 0.018800 0.247400 1 16 1.000000
  17 -1.307485 60.733883 1.990439 -0.611877 -0.790798 -0.015659 0.061600 0.182400 1 17 1.000000
  17 -2.028915 61.664883 1.270244 -0.815364 -0.524235 -0.245678 0.071000 0.291400 1 17 1.000000
models\Characters\Eyes\template_head
  17 -2.028915 61.664883 1.270244 -0.815364 -0.524235 -0.245678 0.071000 0.291400 1 17 1.000000
  16 -2.015900 61.500153 0.208999 -0.989710 -0.126963 0.065981 0.018800 0.342100 1 16 1.000000
  16 -1.658700 60.809505 0.880649 -0.877139 -0.273043 0.395063 0.018800 0.247400 1 16 1.000000
models\Characters\Eyes\template_head
  17 -2.558635 63.117527 0.971754 -0.909383 -0.284800 -0.303169 0.148500 0.383400 1 17 1.000000
  16 -2.015900 61.500153 0.208999 -0.989710 -0.126963 0.065981 0.018800 0.342100 1 16 1.000000
  17 -2.028915 61.664883 1.270244 -0.815364 -0.524235 -0.245678 0.071000 0.291400 1 17 1.000000
models\Characters\Eyes\template_head
  16 -1.907600 62.083450 -0.655501 -0.895062 0.066005 -0.441030 0.018800 0.438400 1 16 1.000000
  17 -1.659365 63.428276 -0.860701 -0.759589 -0.262683 -0.594998 0.103600 0.524700 1 17 1.000000
  16 -1.136200 62.398853 -1.296751 -0.496105 0.181038 -0.849179 0.018600 0.528700 1 16 1.000000
models\Characters\Eyes\template_head
  16 -1.136200 62.398853 -1.296751 -0.496105 0.181038 -0.849179 0.018600 0.528700 1 16 1.000000
  17 -1.659365 63.428276 -0.860701 -0.759589 -0.262683 -0.594998 0.103600 0.524700 1 17 1.000000
  17 -1.007190 63.212910 -1.363821 -0.510776 -0.351708 -0.784480 0.113700 0.581200 1 17 1.000000
models\Characters\Eyes\template_head
  16 -1.136200 62.398853 -1.296751 -0.496105 0.181038 -0.849179 0.018600 0.528700 1 16 1.000000
  17 -1.007190 63.212910 -1.363821 -0.510776 -0.351708 -0.784480 0.113700 0.581200 1 17 1.000000
  16 0.002850 62.459656 -1.738501 0.000000 0.043003 -0.999075 0.019100 0.609400 1 16 1.000000
models\Characters\Eyes\template_head
  16 0.002850 62.459656 -1.738501 0.000000 0.043003 -0.999075 0.019100 0.609400 1 16 1.000000
  17 -1.007190 63.212910 -1.363821 -0.510776 -0.351708 -0.784480 0.113700 0.581200 1 17 1.000000
  17 0.001900 63.206448 -1.649675 0.000214 -0.344341 -0.938845 0.065800 0.646600 1 17 1.000000
models\Characters\Eyes\template_head
  17 1.010990 63.212910 -1.363821 0.510801 -0.352309 -0.784194 0.113700 0.581200 1 17 1.000000
  16 0.002850 62.459656 -1.738501 0.000000 0.043003 -0.999075 0.019100 0.609400 1 16 1.000000
  17 0.001900 63.206448 -1.649675 0.000214 -0.344341 -0.938845 0.065800 0.646600 1 17 1.000000
models\Characters\Eyes\template_head
  16 1.136200 62.398853 -1.296751 0.505170 0.174059 -0.845285 0.018600 0.528700 1 16 1.000000
  16 0.002850 62.459656 -1.738501 0.000000 0.043003 -0.999075 0.019100 0.609400 1 16 1.000000
  17 1.010990 63.212910 -1.363821 0.510801 -0.352309 -0.784194 0.113700 0.581200 1 17 1.000000
models\Characters\Eyes\template_head
  17 1.663165 63.428276 -0.860701 0.759270 -0.263471 -0.595057 0.103600 0.524700 1 17 1.000000
  16 1.136200 62.398853 -1.296751 0.505170 0.174059 -0.845285 0.018600 0.528700 1 16 1.000000
  17 1.010990 63.212910 -1.363821 0.510801 -0.352309 -0.784194 0.113700 0.581200 1 17 1.000000
models\Characters\Eyes\template_head
  16 1.907600 62.083450 -0.655501 0.898061 0.058004 -0.436030 0.018800 0.438400 1 16 1.000000
  16 1.136200 62.398853 -1.296751 0.505170 0.174059 -0.845285 0.018600 0.528700 1 16 1.000000
  17 1.663165 63.428276 -0.860701 0.759270 -0.263471 -0.595057 0.103600 0.524700 1 17 1.000000
models\Characters\Eyes\template_head
  17 1.663165 63.428276 -0.860701 0.759270 -0.263471 -0.595057 0.103600 0.524700 1 17 1.000000
  17 2.538780 63.510735 0.435289 0.904287 -0.204096 -0.374979 0.134100 0.423100 1 17 1.000000
  16 1.907600 62.083450 -0.655501 0.898061 0.058004 -0.436030 0.018800 0.438400 1 16 1.000000
models\Characters\Eyes\template_head
  17 -2.558635 63.117527 0.971754 -0.909383 -0.284800 -0.303169 0.148500 0.383400 1 17 1.000000
  16 -1.907600 62.083450 -0.655501 -0.895062 0.066005 -0.441030 0.018800 0.438400 1 16 1.000000
  16 -2.015900 61.500153 0.208999 -0.989710 -0.126963 0.065981 0.018800 0.342100 1 16 1.000000
models\Characters\Eyes\template_head
  17 -2.534980 63.510735 0.435289 -0.904287 -0.204096 -0.374979 0.134100 0.423100 1 17 1.000000
  16 -1.907600 62.083450 -0.655501 -0.895062 0.066005 -0.441030 0.018800 0.438400 1 16 1.000000
  17 -2.558635 63.117527 0.971754 -0.909383 -0.284800 -0.303169 0.148500 0.383400 1 17 1.000000
models\Characters\Eyes\template_head
  17 -2.534980 63.510735 0.435289 -0.904287 -0.204096 -0.374979 0.134100 0.423100 1 17 1.000000
  17 -1.659365 63.428276 -0.860701 -0.759589 -0.262683 -0.594998 0.103600 0.524700 1 17 1.000000
  16 -1.907600 62.083450 -0.655501 -0.895062 0.066005 -0.441030 0.018800 0.438400 1 16 1.000000
models\Characters\Eyes\template_head
  17 -2.413760 63.890259 0.057949 -0.900161 -0.263225 -0.347019 0.150200 0.475500 1 17 1.000000
  17 -1.659365 63.428276 -0.860701 -0.759589 -0.262683 -0.594998 0.103600 0.524700 1 17 1.000000
  17 -2.534980 63.510735 0.435289 -0.904287 -0.204096 -0.374979 0.134100 0.423100 1 17 1.000000
models\Characters\Eyes\template_head
  17 -2.686885 63.807037 0.796289 -0.528656 -0.487329 -0.695006 0.187000 0.424700 1 17 1.000000
  17 -2.413760 63.890259 0.057949 -0.900161 -0.263225 -0.347019 0.150200 0.475500 1 17 1.000000
  17 -2.534980 63.510735 0.435289 -0.904287 -0.204096 -0.374979 0.134100 0.423100 1 17 1.000000
models\Characters\Eyes\template_head
  17 -2.640905 64.529892 0.397669 -0.300121 -0.116167 -0.946801 0.207200 0.469300 1 17 1.000000
  17 -2.413760 63.890259 0.057949 -0.900161 -0.263225 -0.347019 0.150200 0.475500 1 17 1.000000
  17 -2.686885 63.807037 0.796289 -0.528656 -0.487329 -0.695006 0.187000 0.424700 1 17 1.000000
models\Characters\Eyes\template_head
  17 -2.686885 63.807037 0.796289 -0.528656 -0.487329 -0.695006 0.187000 0.424700 1 17 1.000000
  17 -2.534980 63.510735 0.435289 -0.904287 -0.204096 -0.374979 0.134100 0.423100 1 17 1.000000
  17 -2.667315 63.530491 0.920834 -0.942978 -0.235305 -0.235423 0.167700 0.404100 1 17 1.000000
models\Characters\Eyes\template_head
  17 -2.667315 63.530491 0.920834 -0.942978 -0.235305 -0.235423 0.167700 0.404100 1 17 1.000000
  17 -2.534980 63.510735 0.435289 -0.904287 -0.204096 -0.374979 0.134100 0.423100 1 17 1.000000
  17 -2.558635 63.117527 0.971754 -0.909383 -0.284800 -0.303169 0.148500 0.383400 1 17 1.000000
models\Characters\Eyes\template_head
  17 -0.998400 62.194645 4.234293 -0.393590 0.282448 0.874820 0.520800 0.278700 1 17 1.000000
  17 0.001900 61.967075 4.757790 0.001629 0.303934 0.952692 0.611600 0.252400 1 17 1.000000
  17 0.003613 62.130100 4.681219 0.000962 0.374192 0.927351 0.611600 0.265600 1 17 1.000000
models\Characters\Eyes\template_head
  17 0.001900 61.967075 4.757790 0.001629 0.303934 0.952692 0.611600 0.252400 1 17 1.000000
  17 1.005483 62.186195 4.234150 0.396583 0.275963 0.875537 0.702450 0.278700 1 17 1.000000
  17 0.003613 62.130100 4.681219 0.000962 0.374192 0.927351 0.611600 0.265600 1 17 1.000000
models\Characters\Eyes\template_head
  17 -1.086325 62.415852 4.580995 0.305822 -0.765564 0.566025 0.530300 0.303300 1 17 1.000000
  17 -1.631435 61.835495 4.090558 0.017170 -0.397438 0.917468 0.471050 0.268950 1 17 1.000000
  17 -0.998400 62.194645 4.234293 0.017170 -0.397438 0.917468 0.520800 0.278700 1 17 1.000000
models\Characters\Eyes\template_head
  17 -0.806930 61.662270 4.349432 -0.277361 0.106750 0.954817 0.538800 0.234850 1 17 1.000000
  17 -0.998400 62.194645 4.234293 0.017170 -0.397438 0.917468 0.520800 0.278700 1 17 1.000000
  17 -1.631435 61.835495 4.090558 0.017170 -0.397438 0.917468 0.471050 0.268950 1 17 1.000000
models\Characters\Eyes\template_head
  17 -2.764975 64.649963 1.699835 -0.991356 0.029532 0.127832 0.974000 0.894000 1 17 1.000000
  17 -2.728115 63.343910 1.371040 -0.898727 -0.286769 -0.331743 0.975600 0.768400 1 17 1.000000
  17 -2.901680 63.534485 1.940564 -0.983948 -0.033219 0.175335 0.999400 0.805400 1 17 1.000000
models\Characters\Eyes\template_head
  17 -2.890090 63.209766 1.026095 -0.241750 -0.940992 -0.236836 0.945300 0.750700 1 17 1.000000
  17 -2.728115 63.343910 1.371040 -0.898727 -0.286769 -0.331743 0.975600 0.768400 1 17 1.000000
  17 -2.957445 63.530205 0.720005 0.235228 -0.705904 -0.668107 0.904900 0.749800 1 17 1.000000
models\Characters\Eyes\template_head
  17 -2.728115 63.343910 1.371040 -0.898727 -0.286769 -0.331743 0.975600 0.768400 1 17 1.000000
  17 -2.764975 64.649963 1.699835 -0.991356 0.029532 0.127832 0.974000 0.894000 1 17 1.000000
  17 -2.957445 63.530205 0.720005 0.235228 -0.705904 -0.668107 0.904900 0.749800 1 17 1.000000
models\Characters\Eyes\template_head
  17 -2.957445 63.530205 0.720005 0.235228 -0.705904 -0.668107 0.904900 0.749800 1 17 1.000000
  17 -2.764975 64.649963 1.699835 -0.991356 0.029532 0.127832 0.974000 0.894000 1 17 1.000000
  17 -3.002380 64.231888 0.386079 -0.115637 -0.344054 -0.931802 0.854900 0.805000 1 17 1.000000
models\Characters\Eyes\template_head
  17 -3.002380 64.231888 0.386079 -0.115637 -0.344054 -0.931802 0.854900 0.805000 1 17 1.000000
  17 -2.764975 64.649963 1.699835 -0.991356 0.029532 0.127832 0.974000 0.894000 1 17 1.000000
  17 -3.218695 65.024841 0.252794 0.003534 0.157600 -0.987496 0.834500 0.877300 1 17 1.000000
models\Characters\Eyes\template_head
  17 -3.218695 65.024841 0.252794 0.003534 0.157600 -0.987496 0.834500 0.877300 1 17 1.000000
  17 -2.640905 64.529892 0.397669 -0.300121 -0.116167 -0.946801 0.807200 0.812700 1 17 1.000000
  17 -3.002380 64.231888 0.386079 -0.115637 -0.344054 -0.931802 0.854900 0.805000 1 17 1.000000
models\Characters\Eyes\template_head
  17 -2.686885 63.807037 0.796289 -0.528656 -0.487329 -0.695006 0.857600 0.747900 1 17 1.000000
  17 -3.002380 64.231888 0.386079 -0.115637 -0.344054 -0.931802 0.854900 0.805000 1 17 1.000000
  17 -2.640905 64.529892 0.397669 -0.300121 -0.116167 -0.946801 0.807200 0.812700 1 17 1.000000
models\Characters\Eyes\template_head
  17 -2.957445 63.530205 0.720005 0.235228 -0.705904 -0.668107 0.904900 0.749800 1 17 1.000000
  17 -3.002380 64.231888 0.386079 -0.115637 -0.344054 -0.931802 0.854900 0.805000 1 17 1.000000
  17 -2.686885 63.807037 0.796289 -0.528656 -0.487329 -0.695006 0.857600 0.747900 1 17 1.000000
models\Characters\Eyes\template_head
  17 -2.686885 63.807037 0.796289 -0.528656 -0.487329 -0.695006 0.857600 0.747900 1 17 1.000000
  17 -2.890090 63.209766 1.026095 -0.241750 -0.940992 -0.236836 0.900000 0.715700 1 17 1.000000
  17 -2.957445 63.530205 0.720005 0.235228 -0.705904 -0.668107 0.904900 0.749800 1 17 1.000000
models\Characters\Eyes\template_head
  17 -2.728115 63.343910 1.371040 -0.898727 -0.286769 -0.331743 0.885700 0.692700 1 17 1.000000
  17 -2.890090 63.209766 1.026095 -0.241750 -0.940992 -0.236836 0.900000 0.715700 1 17 1.000000
  17 -2.686885 63.807037 0.796289 -0.528656 -0.487329 -0.695006 0.857600 0.747900 1 17 1.000000
models\Characters\Eyes\template_head
  17 -2.764975 64.649963 1.699835 -0.991356 0.029532 0.127832 0.974000 0.894000 1 17 1.000000
  17 -2.767065 65.191467 1.780110 -0.940471 0.071724 0.332219 0.977400 0.947200 1 17 1.000000
  17 -3.070305 65.639870 1.317080 0.171582 0.962278 0.211141 0.931900 0.975000 1 17 1.000000
models\Characters\Eyes\template_head
  17 -3.333360 65.821045 0.960354 -0.436947 0.891472 0.119816 0.880500 0.977500 1 17 1.000000
  17 -2.764975 64.649963 1.699835 -0.991356 0.029532 0.127832 0.974000 0.894000 1 17 1.000000
  17 -3.070305 65.639870 1.317080 0.171582 0.962278 0.211141 0.931900 0.975000 1 17 1.000000
models\Characters\Eyes\template_head
  17 -3.277500 65.645187 0.570095 0.213983 0.754065 -0.620965 0.827900 0.947700 1 17 1.000000
  17 -2.764975 64.649963 1.699835 -0.991356 0.029532 0.127832 0.974000 0.894000 1 17 1.000000
  17 -3.333360 65.821045 0.960354 -0.436947 0.891472 0.119816 0.880500 0.977500 1 17 1.000000
models\Characters\Eyes\template_head
  17 -3.218695 65.024841 0.252794 0.003534 0.157600 -0.987496 0.834500 0.877300 1 17 1.000000
  17 -2.764975 64.649963 1.699835 -0.991356 0.029532 0.127832 0.974000 0.894000 1 17 1.000000
  17 -3.277500 65.645187 0.570095 0.213983 0.754065 -0.620965 0.827900 0.947700 1 17 1.000000
models\Characters\Eyes\template_head
  17 -3.277500 65.645187 0.570095 0.213983 0.754065 -0.620965 0.827900 0.947700 1 17 1.000000
  17 -3.003520 65.206009 0.437569 0.474824 0.406418 -0.780619 0.809800 0.895200 1 17 1.000000
  17 -3.218695 65.024841 0.252794 0.003534 0.157600 -0.987496 0.834500 0.877300 1 17 1.000000
models\Characters\Eyes\template_head
  17 -3.003520 65.206009 0.437569 0.474824 0.406418 -0.780619 0.809800 0.895200 1 17 1.000000
  17 -2.640905 64.529892 0.397669 -0.300121 -0.116167 -0.946801 0.807200 0.812700 1 17 1.000000
  17 -3.218695 65.024841 0.252794 0.003534 0.157600 -0.987496 0.834500 0.877300 1 17 1.000000
models\Characters\Eyes\template_head
  17 -2.640905 64.529892 0.397669 -0.300121 -0.116167 -0.946801 0.807200 0.812700 1 17 1.000000
  17 -3.003520 65.206009 0.437569 0.474824 0.406418 -0.780619 0.809800 0.895200 1 17 1.000000
  17 -2.860165 65.540497 0.804745 -0.618606 0.741609 -0.259505 0.768700 0.917600 1 17 1.000000
models\Characters\Eyes\template_head
  17 -2.860165 65.540497 0.804745 -0.618606 0.741609 -0.259505 0.768700 0.917600 1 17 1.000000
  17 -3.003520 65.206009 0.437569 0.474824 0.406418 -0.780619 0.809800 0.895200 1 17 1.000000
  17 -3.277500 65.645187 0.570095 0.213983 0.754065 -0.620965 0.827900 0.947700 1 17 1.000000
models\Characters\Eyes\template_head
  17 -3.333360 65.821045 0.960354 -0.436947 0.891472 0.119816 0.782200 0.974500 1 17 1.000000
  17 -2.860165 65.540497 0.804745 -0.618606 0.741609 -0.259505 0.768700 0.917600 1 17 1.000000
  17 -3.277500 65.645187 0.570095 0.213983 0.754065 -0.620965 0.827900 0.947700 1 17 1.000000
models\Characters\Eyes\template_head
  17 -3.070305 65.639870 1.317080 0.171582 0.962278 0.211141 0.741000 0.975000 1 17 1.000000
  17 -2.860165 65.540497 0.804745 -0.618606 0.741609 -0.259505 0.768700 0.917600 1 17 1.000000
  17 -3.333360 65.821045 0.960354 -0.436947 0.891472 0.119816 0.782200 0.974500 1 17 1.000000
models\Characters\Eyes\template_head
  17 -3.070305 65.639870 1.317080 0.171582 0.962278 0.211141 0.741000 0.975000 1 17 1.000000
  17 -2.767065 65.191467 1.780110 -0.940471 0.071724 0.332219 0.694000 0.956500 1 17 1.000000
  17 -2.860165 65.540497 0.804745 -0.618606 0.741609 -0.259505 0.768700 0.917600 1 17 1.000000
models\Characters\Eyes\template_head
  17 -0.998400 62.194645 4.234293 -0.231741 -0.728498 0.644660 0.520800 0.278700 1 17 1.000000
  17 0.003609 62.207237 4.705729 -0.003618 -0.643344 0.765568 0.611600 0.272200 1 17 1.000000
  17 -1.086325 62.415852 4.580995 -0.430972 -0.110212 0.895609 0.530300 0.303300 1 17 1.000000
models\Characters\Eyes\template_head
  17 -1.519240 62.942352 4.111694 -0.560421 -0.031232 0.827619 0.468800 0.360100 1 17 1.000000
  17 -0.669655 63.180412 4.547080 -0.660802 -0.248517 0.708223 0.542500 0.368300 1 17 1.000000
  17 -0.817356 63.589043 4.469975 -0.650141 0.182513 0.737567 0.522125 0.414313 1 17 1.000000
models\Characters\Eyes\template_head
  17 -1.086325 62.415852 4.580995 -0.430972 -0.110212 0.895609 0.530300 0.303300 1 17 1.000000
  17 -0.669655 63.180412 4.547080 -0.660802 -0.248517 0.708223 0.542500 0.368300 1 17 1.000000
  17 -1.519240 62.942352 4.111694 -0.560421 -0.031232 0.827619 0.468800 0.360100 1 17 1.000000
models\Characters\Eyes\template_head
  17 -1.086325 62.415852 4.580995 -0.430972 -0.110212 0.895609 0.530300 0.303300 1 17 1.000000
  17 0.001805 62.584862 5.034809 -0.000030 -0.181926 0.983312 0.611600 0.309600 1 17 1.000000
  17 -0.669655 63.180412 4.547080 -0.660802 -0.248517 0.708223 0.542500 0.368300 1 17 1.000000
models\Characters\Eyes\template_head
  17 -1.086325 62.415852 4.580995 -0.430972 -0.110212 0.895609 0.530300 0.303300 1 17 1.000000
  17 0.003609 62.207237 4.705729 -0.003618 -0.643344 0.765568 0.611600 0.272200 1 17 1.000000
  17 0.001805 62.584862 5.034809 -0.000030 -0.181926 0.983312 0.611600 0.309600 1 17 1.000000
models\Characters\Eyes\template_head
  17 0.003609 62.207237 4.705729 -0.003618 -0.643344 0.765568 0.611600 0.272200 1 17 1.000000
  17 1.090125 62.415852 4.580995 0.430214 -0.107990 0.896244 0.692900 0.303300 1 17 1.000000
  17 0.001805 62.584862 5.034809 -0.000030 -0.181926 0.983312 0.611600 0.309600 1 17 1.000000
models\Characters\Eyes\template_head
  17 1.005483 62.186195 4.234150 0.231863 -0.723077 0.650692 0.702450 0.278700 1 17 1.000000
  17 1.090125 62.415852 4.580995 0.430214 -0.107990 0.896244 0.692900 0.303300 1 17 1.000000
  17 0.003609 62.207237 4.705729 -0.003618 -0.643344 0.765568 0.611600 0.272200 1 17 1.000000
models\Characters\Eyes\template_head
  17 -0.817356 63.589043 4.469975 -0.650141 0.182513 0.737567 0.522125 0.414313 1 17 1.000000
  17 -0.344850 63.613708 5.460790 -0.662244 0.087757 0.744132 0.589100 0.425600 1 17 1.000000
  17 -0.267045 63.996750 5.183579 -0.653744 0.387402 0.650029 0.587100 0.456300 1 17 1.000000
models\Characters\Eyes\template_head
  17 -0.669655 63.180412 4.547080 -0.660802 -0.248517 0.708223 0.542500 0.368300 1 17 1.000000
  17 -0.344850 63.613708 5.460790 -0.662244 0.087757 0.744132 0.589100 0.425600 1 17 1.000000
  17 -0.817356 63.589043 4.469975 -0.650141 0.182513 0.737567 0.522125 0.414313 1 17 1.000000
models\Characters\Eyes\template_head
  17 -0.282435 63.117050 5.290930 -0.500198 -0.674434 0.543084 0.591200 0.383800 1 17 1.000000
  17 -0.344850 63.613708 5.460790 -0.662244 0.087757 0.744132 0.589100 0.425600 1 17 1.000000
  17 -0.669655 63.180412 4.547080 -0.660802 -0.248517 0.708223 0.542500 0.368300 1 17 1.000000
models\Characters\Eyes\template_head
  17 -0.669655 63.180412 4.547080 -0.660802 -0.248517 0.708223 0.542500 0.368300 1 17 1.000000
  17 0.001900 63.020435 4.933255 -0.000015 -0.574798 0.818295 0.611600 0.339300 1 17 1.000000
  17 -0.282435 63.117050 5.290930 -0.500198 -0.674434 0.543084 0.591200 0.383800 1 17 1.000000
models\Characters\Eyes\template_head
  17 -0.669655 63.180412 4.547080 -0.660802 -0.248517 0.708223 0.542500 0.368300 1 17 1.000000
  17 0.001805 62.584862 5.034809 -0.000030 -0.181926 0.983312 0.611600 0.309600 1 17 1.000000
  17 0.001900 63.020435 4.933255 -0.000015 -0.574798 0.818295 0.611600 0.339300 1 17 1.000000
models\Characters\Eyes\template_head
  17 0.001805 62.584862 5.034809 -0.000030 -0.181926 0.983312 0.611600 0.309600 1 17 1.000000
  17 0.673455 63.180412 4.547080 0.660792 -0.248538 0.708225 0.680700 0.368300 1 17 1.000000
  17 0.001900 63.020435 4.933255 -0.000015 -0.574798 0.818295 0.611600 0.339300 1 17 1.000000
models\Characters\Eyes\template_head
  17 1.090125 62.415852 4.580995 0.430214 -0.107990 0.896244 0.692900 0.303300 1 17 1.000000
  17 0.673455 63.180412 4.547080 0.660792 -0.248538 0.708225 0.680700 0.368300 1 17 1.000000
  17 0.001805 62.584862 5.034809 -0.000030 -0.181926 0.983312 0.611600 0.309600 1 17 1.000000
models\Characters\Eyes\template_head
  17 1.523040 62.942348 4.111695 0.489752 0.192745 0.850290 0.754400 0.360100 1 17 1.000000
  17 0.673455 63.180412 4.547080 0.660792 -0.248538 0.708225 0.680700 0.368300 1 17 1.000000
  17 1.090125 62.415852 4.580995 0.430214 -0.107990 0.896244 0.692900 0.303300 1 17 1.000000
models\Characters\Eyes\template_head
  17 0.821156 63.589043 4.469975 0.650140 0.182513 0.737568 0.701175 0.414313 1 17 1.000000
  17 0.673455 63.180412 4.547080 0.660792 -0.248538 0.708225 0.680700 0.368300 1 17 1.000000
  17 1.523040 62.942348 4.111695 0.489752 0.192745 0.850290 0.754400 0.360100 1 17 1.000000
models\Characters\Eyes\template_head
  17 -0.783275 64.886230 4.001115 -0.545825 0.121164 0.829093 0.506200 0.549700 1 17 1.000000
  17 -0.247190 65.281342 4.554014 -0.414451 -0.047816 0.908815 0.585300 0.571900 1 17 1.000000
  17 -1.027900 65.195366 4.073742 -0.361588 -0.619801 0.696491 0.494700 0.570500 1 17 1.000000
models\Characters\Eyes\template_head
  17 -1.027900 65.195366 4.073742 -0.361588 -0.619801 0.696491 0.494700 0.570500 1 17 1.000000
  17 -0.247190 65.281342 4.554014 -0.414451 -0.047816 0.908815 0.585300 0.571900 1 17 1.000000
  17 -0.447165 65.856293 4.631724 -0.154645 -0.097370 0.983160 0.569700 0.621500 1 17 1.000000
models\Characters\Eyes\template_head
  17 -0.247190 65.281342 4.554014 -0.414451 -0.047816 0.908815 0.585300 0.571900 1 17 1.000000
  17 0.001900 65.826736 4.604935 0.000066 0.034275 0.999412 0.611600 0.607700 1 17 1.000000
  17 -0.447165 65.856293 4.631724 -0.154645 -0.097370 0.983160 0.569700 0.621500 1 17 1.000000
models\Characters\Eyes\template_head
  17 0.001900 67.551559 4.306255 0.000102 0.170626 0.985336 0.611600 0.757300 1 17 1.000000
  17 -0.447165 65.856293 4.631724 -0.154645 -0.097370 0.983160 0.569700 0.621500 1 17 1.000000
  17 0.001900 65.826736 4.604935 0.000066 0.034275 0.999412 0.611600 0.607700 1 17 1.000000
models\Characters\Eyes\template_head
  17 0.450965 65.856293 4.631629 0.154649 -0.097362 0.983160 0.653500 0.621500 1 17 1.000000
  17 0.001900 67.551559 4.306255 0.000102 0.170626 0.985336 0.611600 0.757300 1 17 1.000000
  17 0.001900 65.826736 4.604935 0.000066 0.034275 0.999412 0.611600 0.607700 1 17 1.000000
models\Characters\Eyes\template_head
  17 0.001900 65.826736 4.604935 0.000066 0.034275 0.999412 0.611600 0.607700 1 17 1.000000
  17 0.250990 65.281342 4.554014 0.414463 -0.047771 0.908811 0.638000 0.571900 1 17 1.000000
  17 0.450965 65.856293 4.631629 0.154649 -0.097362 0.983160 0.653500 0.621500 1 17 1.000000
models\Characters\Eyes\template_head
  17 0.250990 65.281342 4.554014 0.414463 -0.047771 0.908811 0.638000 0.571900 1 17 1.000000
  17 1.031700 65.195366 4.073742 0.361593 -0.619801 0.696489 0.728500 0.570500 1 17 1.000000
  17 0.450965 65.856293 4.631629 0.154649 -0.097362 0.983160 0.653500 0.621500 1 17 1.000000
models\Characters\Eyes\template_head
  17 0.787075 64.886230 4.001115 0.545854 0.121209 0.829067 0.717100 0.549700 1 17 1.000000
  17 1.031700 65.195366 4.073742 0.361593 -0.619801 0.696489 0.728500 0.570500 1 17 1.000000
  17 0.250990 65.281342 4.554014 0.414463 -0.047771 0.908811 0.638000 0.571900 1 17 1.000000
models\Characters\Eyes\template_head
  17 0.270845 63.996750 5.183579 0.653766 0.387397 0.650010 0.636200 0.456300 1 17 1.000000
  17 0.787075 64.886230 4.001115 0.545854 0.121209 0.829067 0.717100 0.549700 1 17 1.000000
  17 0.250990 65.281342 4.554014 0.414463 -0.047771 0.908811 0.638000 0.571900 1 17 1.000000
models\Characters\Eyes\template_head
  17 0.821156 63.589043 4.469975 0.650140 0.182513 0.737568 0.701175 0.414313 1 17 1.000000
  17 0.787075 64.886230 4.001115 0.545854 0.121209 0.829067 0.717100 0.549700 1 17 1.000000
  17 0.270845 63.996750 5.183579 0.653766 0.387397 0.650010 0.636200 0.456300 1 17 1.000000
models\Characters\Eyes\template_head
  17 0.348650 63.613708 5.460790 0.662240 0.087756 0.744135 0.634100 0.425600 1 17 1.000000
  17 0.821156 63.589043 4.469975 0.650140 0.182513 0.737568 0.701175 0.414313 1 17 1.000000
  17 0.270845 63.996750 5.183579 0.653766 0.387397 0.650010 0.636200 0.456300 1 17 1.000000
models\Characters\Eyes\template_head
  17 0.348650 63.613708 5.460790 0.662240 0.087756 0.744135 0.634100 0.425600 1 17 1.000000
  17 0.673455 63.180412 4.547080 0.660792 -0.248538 0.708225 0.680700 0.368300 1 17 1.000000
  17 0.821156 63.589043 4.469975 0.650140 0.182513 0.737568 0.701175 0.414313 1 17 1.000000
models\Characters\Eyes\template_head
  17 0.286235 63.117050 5.290930 0.500199 -0.674436 0.543080 0.632000 0.383800 1 17 1.000000
  17 0.673455 63.180412 4.547080 0.660792 -0.248538 0.708225 0.680700 0.368300 1 17 1.000000
  17 0.348650 63.613708 5.460790 0.662240 0.087756 0.744135 0.634100 0.425600 1 17 1.000000
models\Characters\Eyes\template_head
  17 0.673455 63.180412 4.547080 0.660792 -0.248538 0.708225 0.680700 0.368300 1 17 1.000000
  17 0.286235 63.117050 5.290930 0.500199 -0.674436 0.543080 0.632000 0.383800 1 17 1.000000
  17 0.001900 63.020435 4.933255 -0.000015 -0.574798 0.818295 0.611600 0.339300 1 17 1.000000
models\Characters\Eyes\template_head
  17 0.001900 63.020435 4.933255 -0.000015 -0.574798 0.818295 0.611600 0.339300 1 17 1.000000
  17 0.286235 63.117050 5.290930 0.500199 -0.674436 0.543080 0.632000 0.383800 1 17 1.000000
  17 0.001900 63.021954 5.185670 0.000000 -0.840109 0.542417 0.611600 0.369600 1 17 1.000000
models\Characters\Eyes\template_head
  17 -0.282435 63.117050 5.290930 -0.500198 -0.674434 0.543084 0.591200 0.383800 1 17 1.000000
  17 0.001900 63.020435 4.933255 -0.000015 -0.574798 0.818295 0.611600 0.339300 1 17 1.000000
  17 0.001900 63.021954 5.185670 0.000000 -0.840109 0.542417 0.611600 0.369600 1 17 1.000000
models\Characters\Eyes\template_head
  17 0.001900 63.021954 5.185670 0.000000 -0.840109 0.542417 0.611600 0.369600 1 17 1.000000
  17 0.001900 63.627769 5.596165 0.000000 0.057028 0.998372 0.611600 0.428800 1 17 1.000000
  17 -0.282435 63.117050 5.290930 -0.500198 -0.674434 0.543084 0.591200 0.383800 1 17 1.000000
models\Characters\Eyes\template_head
  17 -0.282435 63.117050 5.290930 -0.500198 -0.674434 0.543084 0.591200 0.383800 1 17 1.000000
  17 0.001900 63.627769 5.596165 0.000000 0.057028 0.998372 0.611600 0.428800 1 17 1.000000
  17 -0.344850 63.613708 5.460790 -0.662244 0.087757 0.744132 0.589100 0.425600 1 17 1.000000
models\Characters\Eyes\template_head
  17 0.001900 63.627769 5.596165 0.000000 0.057028 0.998372 0.611600 0.428800 1 17 1.000000
  17 0.001900 64.037888 5.312685 0.000001 0.537851 0.843040 0.611600 0.466700 1 17 1.000000
  17 -0.344850 63.613708 5.460790 -0.662244 0.087757 0.744132 0.589100 0.425600 1 17 1.000000
models\Characters\Eyes\template_head
  17 -0.344850 63.613708 5.460790 -0.662244 0.087757 0.744132 0.589100 0.425600 1 17 1.000000
  17 0.001900 64.037888 5.312685 0.000001 0.537851 0.843040 0.611600 0.466700 1 17 1.000000
  17 -0.267045 63.996750 5.183579 -0.653744 0.387402 0.650029 0.587100 0.456300 1 17 1.000000
models\Characters\Eyes\template_head
  17 0.001900 64.037888 5.312685 0.000001 0.537851 0.843040 0.611600 0.466700 1 17 1.000000
  17 0.001900 65.290466 4.594295 0.000036 0.086977 0.996210 0.611600 0.567000 1 17 1.000000
  17 -0.267045 63.996750 5.183579 -0.653744 0.387402 0.650029 0.587100 0.456300 1 17 1.000000
models\Characters\Eyes\template_head
  17 -0.267045 63.996750 5.183579 -0.653744 0.387402 0.650029 0.587100 0.456300 1 17 1.000000
  17 0.001900 65.290466 4.594295 0.000036 0.086977 0.996210 0.611600 0.567000 1 17 1.000000
  17 -0.247190 65.281342 4.554014 -0.414451 -0.047816 0.908815 0.585300 0.571900 1 17 1.000000
models\Characters\Eyes\template_head
  17 0.001900 65.290466 4.594295 0.000036 0.086977 0.996210 0.611600 0.567000 1 17 1.000000
  17 0.001900 65.826736 4.604935 0.000066 0.034275 0.999412 0.611600 0.607700 1 17 1.000000
  17 -0.247190 65.281342 4.554014 -0.414451 -0.047816 0.908815 0.585300 0.571900 1 17 1.000000
models\Characters\Eyes\template_head
  17 0.001900 65.290466 4.594295 0.000036 0.086977 0.996210 0.611600 0.567000 1 17 1.000000
  17 0.250990 65.281342 4.554014 0.414463 -0.047771 0.908811 0.638000 0.571900 1 17 1.000000
  17 0.001900 65.826736 4.604935 0.000066 0.034275 0.999412 0.611600 0.607700 1 17 1.000000
models\Characters\Eyes\template_head
  17 0.001900 65.290466 4.594295 0.000036 0.086977 0.996210 0.611600 0.567000 1 17 1.000000
  17 0.270845 63.996750 5.183579 0.653766 0.387397 0.650010 0.636200 0.456300 1 17 1.000000
  17 0.250990 65.281342 4.554014 0.414463 -0.047771 0.908811 0.638000 0.571900 1 17 1.000000
models\Characters\Eyes\template_head
  17 0.001900 64.037888 5.312685 0.000001 0.537851 0.843040 0.611600 0.466700 1 17 1.000000
  17 0.270845 63.996750 5.183579 0.653766 0.387397 0.650010 0.636200 0.456300 1 17 1.000000
  17 0.001900 65.290466 4.594295 0.000036 0.086977 0.996210 0.611600 0.567000 1 17 1.000000
models\Characters\Eyes\template_head
  17 0.001900 64.037888 5.312685 0.000001 0.537851 0.843040 0.611600 0.466700 1 17 1.000000
  17 0.348650 63.613708 5.460790 0.662240 0.087756 0.744135 0.634100 0.425600 1 17 1.000000
  17 0.270845 63.996750 5.183579 0.653766 0.387397 0.650010 0.636200 0.456300 1 17 1.000000
models\Characters\Eyes\template_head
  17 0.001900 63.627769 5.596165 0.000000 0.057028 0.998372 0.611600 0.428800 1 17 1.000000
  17 0.348650 63.613708 5.460790 0.662240 0.087756 0.744135 0.634100 0.425600 1 17 1.000000
  17 0.001900 64.037888 5.312685 0.000001 0.537851 0.843040 0.611600 0.466700 1 17 1.000000
models\Characters\Eyes\template_head
  17 0.001900 63.627769 5.596165 0.000000 0.057028 0.998372 0.611600 0.428800 1 17 1.000000
  17 0.286235 63.117050 5.290930 0.500199 -0.674436 0.543080 0.632000 0.383800 1 17 1.000000
  17 0.348650 63.613708 5.460790 0.662240 0.087756 0.744135 0.634100 0.425600 1 17 1.000000
models\Characters\Eyes\template_head
  17 0.001900 63.021954 5.185670 0.000000 -0.840109 0.542417 0.611600 0.369600 1 17 1.000000
  17 0.286235 63.117050 5.290930 0.500199 -0.674436 0.543080 0.632000 0.383800 1 17 1.000000
  17 0.001900 63.627769 5.596165 0.000000 0.057028 0.998372 0.611600 0.428800 1 17 1.000000
models\Characters\Eyes\template_head
  17 0.001900 63.206448 -1.649675 0.000214 -0.344341 -0.938845 0.021600 0.692700 1 17 1.000000
  17 1.043575 64.440216 -2.432381 0.471835 -0.405890 -0.782704 0.084400 0.752100 1 17 1.000000
  17 1.010990 63.212910 -1.363821 0.510801 -0.352309 -0.784194 0.078000 0.677400 1 17 1.000000
models\Characters\Eyes\template_head
  17 0.001900 69.564987 1.967924 0.000007 0.965644 0.259866 0.325900 0.989400 1 17 1.000000
  17 -1.836635 69.102341 0.625099 -0.620940 0.783050 -0.035576 0.278600 0.898700 1 17 1.000000
  17 -1.830270 68.873672 2.022359 -0.630751 0.725707 0.274777 0.342000 0.896500 1 17 1.000000
models\Characters\Eyes\template_head
  17 -2.898165 67.364502 0.721809 -0.957606 0.284297 0.046533 0.294400 0.808400 1 17 1.000000
  17 -1.830270 68.873672 2.022359 -0.630751 0.725707 0.274777 0.342000 0.896500 1 17 1.000000
  17 -1.836635 69.102341 0.625099 -0.620940 0.783050 -0.035576 0.278600 0.898700 1 17 1.000000
models\Characters\Eyes\template_head
  17 -2.898165 67.364502 0.721809 -0.957606 0.284297 0.046533 0.294400 0.808400 1 17 1.000000
  17 -1.836635 69.102341 0.625099 -0.620940 0.783050 -0.035576 0.278600 0.898700 1 17 1.000000
  17 -2.850380 67.366974 -0.669656 -0.916615 0.298656 -0.265746 0.234400 0.813800 1 17 1.000000
models\Characters\Eyes\template_head
  17 -2.850380 67.366974 -0.669656 -0.916615 0.298656 -0.265746 0.234400 0.813800 1 17 1.000000
  17 -3.041615 66.028336 -0.339531 -0.978003 -0.116295 -0.173165 0.231300 0.764600 1 17 1.000000
  17 -2.898165 67.364502 0.721809 -0.957606 0.284297 0.046533 0.294400 0.808400 1 17 1.000000
models\Characters\Eyes\template_head
  17 -3.041615 66.028336 -0.339531 -0.978003 -0.116295 -0.173165 0.231300 0.764600 1 17 1.000000
  17 -2.850380 67.366974 -0.669656 -0.916615 0.298656 -0.265746 0.234400 0.813800 1 17 1.000000
  17 -2.307740 65.968948 -1.943986 -0.776649 -0.080671 -0.624746 0.153700 0.783500 1 17 1.000000
models\Characters\Eyes\template_head
  17 -2.307740 65.968948 -1.943986 -0.776649 -0.080671 -0.624746 0.153700 0.783500 1 17 1.000000
  17 -2.687550 64.811188 -0.278636 -0.919986 -0.328119 -0.214391 0.217200 0.713500 1 17 1.000000
  17 -3.041615 66.028336 -0.339531 -0.978003 -0.116295 -0.173165 0.231300 0.764600 1 17 1.000000
models\Characters\Eyes\template_head
  17 -1.982080 64.561630 -1.580611 -0.741374 -0.399937 -0.538902 0.140800 0.734700 1 17 1.000000
  17 -2.687550 64.811188 -0.278636 -0.919986 -0.328119 -0.214391 0.217200 0.713500 1 17 1.000000
  17 -2.307740 65.968948 -1.943986 -0.776649 -0.080671 -0.624746 0.153700 0.783500 1 17 1.000000
models\Characters\Eyes\template_head
  17 -1.659365 63.428276 -0.860701 -0.759589 -0.262683 -0.594998 0.130500 0.676200 1 17 1.000000
  17 -2.687550 64.811188 -0.278636 -0.919986 -0.328119 -0.214391 0.217200 0.713500 1 17 1.000000
  17 -1.982080 64.561630 -1.580611 -0.741374 -0.399937 -0.538902 0.140800 0.734700 1 17 1.000000
models\Characters\Eyes\template_head
  17 -1.659365 63.428276 -0.860701 -0.759589 -0.262683 -0.594998 0.130500 0.676200 1 17 1.000000
  17 -1.982080 64.561630 -1.580611 -0.741374 -0.399937 -0.538902 0.140800 0.734700 1 17 1.000000
  17 -1.007190 63.212910 -1.363821 -0.510776 -0.351708 -0.784480 0.078000 0.677400 1 17 1.000000
models\Characters\Eyes\template_head
  17 -1.007190 63.212910 -1.363821 -0.510776 -0.351708 -0.784480 0.078000 0.677400 1 17 1.000000
  17 -1.982080 64.561630 -1.580611 -0.741374 -0.399937 -0.538902 0.140800 0.734700 1 17 1.000000
  17 -1.039775 64.440216 -2.432381 -0.471847 -0.405869 -0.782707 0.084400 0.752100 1 17 1.000000
models\Characters\Eyes\template_head
  17 -1.039775 64.440216 -2.432381 -0.471847 -0.405869 -0.782707 0.084400 0.752100 1 17 1.000000
  17 0.001900 63.206448 -1.649675 0.000214 -0.344341 -0.938845 0.021600 0.692700 1 17 1.000000
  17 -1.007190 63.212910 -1.363821 -0.510776 -0.351708 -0.784480 0.078000 0.677400 1 17 1.000000
models\Characters\Eyes\template_head
  17 0.001900 64.354904 -2.711111 -0.000019 -0.393588 -0.919287 0.020200 0.764700 1 17 1.000000
  17 0.001900 63.206448 -1.649675 0.000214 -0.344341 -0.938845 0.021600 0.692700 1 17 1.000000
  17 -1.039775 64.440216 -2.432381 -0.471847 -0.405869 -0.782707 0.084400 0.752100 1 17 1.000000
models\Characters\Eyes\template_head
  17 0.001900 64.354904 -2.711111 -0.000019 -0.393588 -0.919287 0.020200 0.764700 1 17 1.000000
  17 1.043575 64.440216 -2.432381 0.471835 -0.405890 -0.782704 0.084400 0.752100 1 17 1.000000
  17 0.001900 63.206448 -1.649675 0.000214 -0.344341 -0.938845 0.021600 0.692700 1 17 1.000000
models\Characters\Eyes\template_head
  17 0.001900 64.354904 -2.711111 -0.000019 -0.393588 -0.919287 0.020200 0.764700 1 17 1.000000
  17 0.001900 65.936935 -3.026416 -0.000018 0.009717 -0.999953 0.033100 0.820900 1 17 1.000000
  17 1.043575 64.440216 -2.432381 0.471835 -0.405890 -0.782704 0.084400 0.752100 1 17 1.000000
models\Characters\Eyes\template_head
  17 0.001900 64.354904 -2.711111 -0.000019 -0.393588 -0.919287 0.020200 0.764700 1 17 1.000000
  17 -1.039775 64.440216 -2.432381 -0.471847 -0.405869 -0.782707 0.084400 0.752100 1 17 1.000000
  17 0.001900 65.936935 -3.026416 -0.000018 0.009717 -0.999953 0.033100 0.820900 1 17 1.000000
models\Characters\Eyes\template_head
  17 0.001900 65.936935 -3.026416 -0.000018 0.009717 -0.999953 0.033100 0.820900 1 17 1.000000
  17 -1.039775 64.440216 -2.432381 -0.471847 -0.405869 -0.782707 0.084400 0.752100 1 17 1.000000
  17 -1.328575 65.951569 -2.691541 -0.449223 -0.022144 -0.893145 0.099000 0.799700 1 17 1.000000
models\Characters\Eyes\template_head
  17 -1.039775 64.440216 -2.432381 -0.471847 -0.405869 -0.782707 0.084400 0.752100 1 17 1.000000
  17 -1.982080 64.561630 -1.580611 -0.741374 -0.399937 -0.538902 0.140800 0.734700 1 17 1.000000
  17 -1.328575 65.951569 -2.691541 -0.449223 -0.022144 -0.893145 0.099000 0.799700 1 17 1.000000
models\Characters\Eyes\template_head
  17 -1.328575 65.951569 -2.691541 -0.449223 -0.022144 -0.893145 0.099000 0.799700 1 17 1.000000
  17 -1.982080 64.561630 -1.580611 -0.741374 -0.399937 -0.538902 0.140800 0.734700 1 17 1.000000
  17 -2.307740 65.968948 -1.943986 -0.776649 -0.080671 -0.624746 0.153700 0.783500 1 17 1.000000
models\Characters\Eyes\template_head
  17 -2.701705 67.221619 2.102444 -0.927084 0.248762 0.280414 0.355100 0.806200 1 17 1.000000
  17 -1.830270 68.873672 2.022359 -0.630751 0.725707 0.274777 0.342000 0.896500 1 17 1.000000
  17 -2.898165 67.364502 0.721809 -0.957606 0.284297 0.046533 0.294400 0.808400 1 17 1.000000
models\Characters\Eyes\template_head
  17 -2.898165 67.364502 0.721809 -0.957606 0.284297 0.046533 0.294400 0.808400 1 17 1.000000
  17 -3.039145 66.288635 0.791254 -0.998200 -0.023507 0.055177 0.298100 0.757900 1 17 1.000000
  17 -2.701705 67.221619 2.102444 -0.927084 0.248762 0.280414 0.355100 0.806200 1 17 1.000000
models\Characters\Eyes\template_head
  17 -2.898165 67.364502 0.721809 -0.957606 0.284297 0.046533 0.294400 0.808400 1 17 1.000000
  17 -3.041615 66.028336 -0.339531 -0.978003 -0.116295 -0.173165 0.231300 0.764600 1 17 1.000000
  17 -3.039145 66.288635 0.791254 -0.998200 -0.023507 0.055177 0.298100 0.757900 1 17 1.000000
models\Characters\Eyes\template_head
  17 0.001900 69.046570 3.157229 0.000006 0.831842 0.555012 0.394900 0.984200 1 17 1.000000
  17 -1.830270 68.873672 2.022359 -0.630751 0.725707 0.274777 0.342000 0.896500 1 17 1.000000
  17 -1.498055 68.396774 3.246054 -0.554921 0.587336 0.589151 0.405500 0.897200 1 17 1.000000
models\Characters\Eyes\template_head
  17 -1.830270 68.873672 2.022359 -0.630751 0.725707 0.274777 0.342000 0.896500 1 17 1.000000
  17 -2.002220 67.786118 3.157989 -0.733059 0.377154 0.566020 0.409300 0.852300 1 17 1.000000
  17 -1.498055 68.396774 3.246054 -0.554921 0.587336 0.589151 0.405500 0.897200 1 17 1.000000
models\Characters\Eyes\template_head
  17 -2.701705 67.221619 2.102444 -0.927084 0.248762 0.280414 0.355100 0.806200 1 17 1.000000
  17 -2.002220 67.786118 3.157989 -0.733059 0.377154 0.566020 0.409300 0.852300 1 17 1.000000
  17 -1.830270 68.873672 2.022359 -0.630751 0.725707 0.274777 0.342000 0.896500 1 17 1.000000
models\Characters\Eyes\template_head
  17 -2.701705 67.221619 2.102444 -0.927084 0.248762 0.280414 0.355100 0.806200 1 17 1.000000
  17 -2.240575 66.914398 3.239024 -0.800025 0.251735 0.544600 0.407100 0.806500 1 17 1.000000
  17 -2.002220 67.786118 3.157989 -0.733059 0.377154 0.566020 0.409300 0.852300 1 17 1.000000
models\Characters\Eyes\template_head
  17 -2.701705 67.221619 2.102444 -0.927084 0.248762 0.280414 0.355100 0.806200 1 17 1.000000
  17 -2.480640 66.091599 2.993259 -0.930545 0.025917 0.365259 0.396200 0.764400 1 17 1.000000
  17 -2.240575 66.914398 3.239024 -0.800025 0.251735 0.544600 0.407100 0.806500 1 17 1.000000
models\Characters\Eyes\template_head
  17 -2.905575 66.262497 1.980939 -0.969192 0.010656 0.246075 0.351900 0.760000 1 17 1.000000
  17 -2.480640 66.091599 2.993259 -0.930545 0.025917 0.365259 0.396200 0.764400 1 17 1.000000
  17 -2.701705 67.221619 2.102444 -0.927084 0.248762 0.280414 0.355100 0.806200 1 17 1.000000
models\Characters\Eyes\template_head
  17 -2.701705 67.221619 2.102444 -0.927084 0.248762 0.280414 0.355100 0.806200 1 17 1.000000
  17 -3.039145 66.288635 0.791254 -0.998200 -0.023507 0.055177 0.298100 0.757900 1 17 1.000000
  17 -2.905575 66.262497 1.980939 -0.969192 0.010656 0.246075 0.351900 0.760000 1 17 1.000000
models\Characters\Eyes\template_head
  17 -2.860165 65.540497 0.804745 -0.618606 0.741609 -0.259505 0.292400 0.707100 1 17 1.000000
  17 -2.905575 66.262497 1.980939 -0.969192 0.010656 0.246075 0.351900 0.760000 1 17 1.000000
  17 -3.039145 66.288635 0.791254 -0.998200 -0.023507 0.055177 0.298100 0.757900 1 17 1.000000
models\Characters\Eyes\template_head
  17 -3.039145 66.288635 0.791254 -0.998200 -0.023507 0.055177 0.298100 0.757900 1 17 1.000000
  17 -3.041615 66.028336 -0.339531 -0.978003 -0.116295 -0.173165 0.231300 0.764600 1 17 1.000000
  17 -2.860165 65.540497 0.804745 -0.618606 0.741609 -0.259505 0.292400 0.707100 1 17 1.000000
models\Characters\Eyes\template_head
  17 -3.041615 66.028336 -0.339531 -0.978003 -0.116295 -0.173165 0.231300 0.764600 1 17 1.000000
  17 -2.687550 64.811188 -0.278636 -0.919986 -0.328119 -0.214391 0.217200 0.713500 1 17 1.000000
  17 -2.860165 65.540497 0.804745 -0.618606 0.741609 -0.259505 0.292400 0.707100 1 17 1.000000
models\Characters\Eyes\template_head
  17 -2.860165 65.540497 0.804745 -0.618606 0.741609 -0.259505 0.292400 0.707100 1 17 1.000000
  17 -2.687550 64.811188 -0.278636 -0.919986 -0.328119 -0.214391 0.217200 0.713500 1 17 1.000000
  17 -2.640905 64.529892 0.397669 -0.300121 -0.116167 -0.946801 0.244300 0.671300 1 17 1.000000
models\Characters\Eyes\template_head
  17 -2.640905 64.529892 0.397669 -0.300121 -0.116167 -0.946801 0.244300 0.671300 1 17 1.000000
  17 -2.687550 64.811188 -0.278636 -0.919986 -0.328119 -0.214391 0.217200 0.713500 1 17 1.000000
  17 -2.413760 63.890259 0.057949 -0.900161 -0.263225 -0.347019 0.203500 0.669900 1 17 1.000000
models\Characters\Eyes\template_head
  17 -2.413760 63.890259 0.057949 -0.900161 -0.263225 -0.347019 0.203500 0.669900 1 17 1.000000
  17 -2.687550 64.811188 -0.278636 -0.919986 -0.328119 -0.214391 0.217200 0.713500 1 17 1.000000
  17 -1.659365 63.428276 -0.860701 -0.759589 -0.262683 -0.594998 0.130500 0.676200 1 17 1.000000
models\Characters\Eyes\template_head
  17 -2.767065 65.191467 1.780110 -0.940471 0.071724 0.332219 0.339300 0.701600 1 17 1.000000
  17 -2.905575 66.262497 1.980939 -0.969192 0.010656 0.246075 0.351900 0.760000 1 17 1.000000
  17 -2.860165 65.540497 0.804745 -0.618606 0.741609 -0.259505 0.292400 0.707100 1 17 1.000000
models\Characters\Eyes\template_head
  17 1.601795 68.901031 -0.842176 0.543036 0.741535 -0.394003 0.208000 0.898200 1 17 1.000000
  17 1.343490 67.807579 -2.077650 0.433628 0.473469 -0.766677 0.142600 0.867250 1 17 1.000000
  17 0.001900 69.304504 -0.976791 0.000000 0.908440 -0.418016 0.174200 0.971300 1 17 1.000000
models\Characters\Eyes\template_head
  17 0.001900 69.304504 -0.976791 0.000000 0.908440 -0.418016 0.174200 0.971300 1 17 1.000000
  17 0.001900 69.712433 0.593559 0.000002 0.997521 -0.070363 0.257800 0.987800 1 17 1.000000
  17 1.601795 68.901031 -0.842176 0.543036 0.741535 -0.394003 0.208000 0.898200 1 17 1.000000
models\Characters\Eyes\template_head
  17 0.001900 69.304504 -0.976791 0.000000 0.908440 -0.418016 0.174200 0.971300 1 17 1.000000
  17 -1.597995 68.901031 -0.842176 -0.543039 0.741530 -0.394006 0.208000 0.898200 1 17 1.000000
  17 0.001900 69.712433 0.593559 0.000002 0.997521 -0.070363 0.257800 0.987800 1 17 1.000000
models\Characters\Eyes\template_head
  17 0.001900 69.304504 -0.976791 0.000000 0.908440 -0.418016 0.174200 0.971300 1 17 1.000000
  17 -1.339690 67.807579 -2.077650 -0.433638 0.473456 -0.766680 0.142600 0.867250 1 17 1.000000
  17 -1.597995 68.901031 -0.842176 -0.543039 0.741530 -0.394006 0.208000 0.898200 1 17 1.000000
models\Characters\Eyes\template_head
  17 -2.174930 67.480591 -1.705061 -0.700515 0.365336 -0.613032 0.174600 0.831900 1 17 1.000000
  17 -1.597995 68.901031 -0.842176 -0.543039 0.741530 -0.394006 0.208000 0.898200 1 17 1.000000
  17 -1.339690 67.807579 -2.077650 -0.433638 0.473456 -0.766680 0.142600 0.867250 1 17 1.000000
models\Characters\Eyes\template_head
  17 -1.328575 65.951569 -2.691541 -0.449223 -0.022144 -0.893145 0.099000 0.799700 1 17 1.000000
  17 -2.174930 67.480591 -1.705061 -0.700515 0.365336 -0.613032 0.174600 0.831900 1 17 1.000000
  17 -1.339690 67.807579 -2.077650 -0.433638 0.473456 -0.766680 0.142600 0.867250 1 17 1.000000
models\Characters\Eyes\template_head
  17 -1.339690 67.807579 -2.077650 -0.433638 0.473456 -0.766680 0.142600 0.867250 1 17 1.000000
  17 0.001900 67.985001 -2.363695 -0.000008 0.533196 -0.845992 0.091150 0.907400 1 17 1.000000
  17 -1.328575 65.951569 -2.691541 -0.449223 -0.022144 -0.893145 0.099000 0.799700 1 17 1.000000
models\Characters\Eyes\template_head
  17 -1.328575 65.951569 -2.691541 -0.449223 -0.022144 -0.893145 0.099000 0.799700 1 17 1.000000
  17 0.001900 67.985001 -2.363695 -0.000008 0.533196 -0.845992 0.091150 0.907400 1 17 1.000000
  17 0.001900 65.936935 -3.026416 -0.000018 0.009717 -0.999953 0.033100 0.820900 1 17 1.000000
models\Characters\Eyes\template_head
  17 0.001900 65.936935 -3.026416 -0.000018 0.009717 -0.999953 0.033100 0.820900 1 17 1.000000
  17 0.001900 67.985001 -2.363695 -0.000008 0.533196 -0.845992 0.091150 0.907400 1 17 1.000000
  17 1.332375 65.951569 -2.691636 0.449214 -0.022149 -0.893150 0.099000 0.799700 1 17 1.000000
models\Characters\Eyes\template_head
  17 1.332375 65.951569 -2.691636 0.449214 -0.022149 -0.893150 0.099000 0.799700 1 17 1.000000
  17 0.001900 67.985001 -2.363695 -0.000008 0.533196 -0.845992 0.091150 0.907400 1 17 1.000000
  17 1.343490 67.807579 -2.077650 0.433628 0.473469 -0.766677 0.142600 0.867250 1 17 1.000000
models\Characters\Eyes\template_head
  17 0.001900 69.304504 -0.976791 0.000000 0.908440 -0.418016 0.174200 0.971300 1 17 1.000000
  17 1.343490 67.807579 -2.077650 0.433628 0.473469 -0.766677 0.142600 0.867250 1 17 1.000000
  17 0.001900 67.985001 -2.363695 -0.000008 0.533196 -0.845992 0.091150 0.907400 1 17 1.000000
models\Characters\Eyes\template_head
  17 0.001900 67.985001 -2.363695 -0.000008 0.533196 -0.845992 0.091150 0.907400 1 17 1.000000
  17 -1.339690 67.807579 -2.077650 -0.433638 0.473456 -0.766680 0.142600 0.867250 1 17 1.000000
  17 0.001900 69.304504 -0.976791 0.000000 0.908440 -0.418016 0.174200 0.971300 1 17 1.000000
models\Characters\Eyes\template_head
  17 2.854180 67.366974 -0.669656 0.916619 0.298654 -0.265734 0.234400 0.813800 1 17 1.000000
  17 2.311540 65.968948 -1.943986 0.776655 -0.080681 -0.624737 0.153700 0.783500 1 17 1.000000
  17 2.178730 67.480591 -1.705156 0.700509 0.365347 -0.613032 0.174600 0.831900 1 17 1.000000
models\Characters\Eyes\template_head
  17 2.178730 67.480591 -1.705156 0.700509 0.365347 -0.613032 0.174600 0.831900 1 17 1.000000
  17 1.601795 68.901031 -0.842176 0.543036 0.741535 -0.394003 0.208000 0.898200 1 17 1.000000
  17 2.854180 67.366974 -0.669656 0.916619 0.298654 -0.265734 0.234400 0.813800 1 17 1.000000
models\Characters\Eyes\template_head
  17 1.840435 69.102341 0.625099 0.620939 0.783051 -0.035574 0.278600 0.898700 1 17 1.000000
  17 2.854180 67.366974 -0.669656 0.916619 0.298654 -0.265734 0.234400 0.813800 1 17 1.000000
  17 1.601795 68.901031 -0.842176 0.543036 0.741535 -0.394003 0.208000 0.898200 1 17 1.000000
models\Characters\Eyes\template_head
  17 1.601795 68.901031 -0.842176 0.543036 0.741535 -0.394003 0.208000 0.898200 1 17 1.000000
  17 0.001900 69.712433 0.593559 0.000002 0.997521 -0.070363 0.257800 0.987800 1 17 1.000000
  17 1.840435 69.102341 0.625099 0.620939 0.783051 -0.035574 0.278600 0.898700 1 17 1.000000
models\Characters\Eyes\template_head
  17 -2.307740 65.968948 -1.943986 -0.776649 -0.080671 -0.624746 0.153700 0.783500 1 17 1.000000
  17 -2.174930 67.480591 -1.705061 -0.700515 0.365336 -0.613032 0.174600 0.831900 1 17 1.000000
  17 -1.328575 65.951569 -2.691541 -0.449223 -0.022144 -0.893145 0.099000 0.799700 1 17 1.000000
models\Characters\Eyes\template_head
  17 -2.307740 65.968948 -1.943986 -0.776649 -0.080671 -0.624746 0.153700 0.783500 1 17 1.000000
  17 -2.850380 67.366974 -0.669656 -0.916615 0.298656 -0.265746 0.234400 0.813800 1 17 1.000000
  17 -2.174930 67.480591 -1.705061 -0.700515 0.365336 -0.613032 0.174600 0.831900 1 17 1.000000
models\Characters\Eyes\template_head
  17 -2.850380 67.366974 -0.669656 -0.916615 0.298656 -0.265746 0.234400 0.813800 1 17 1.000000
  17 -1.597995 68.901031 -0.842176 -0.543039 0.741530 -0.394006 0.208000 0.898200 1 17 1.000000
  17 -2.174930 67.480591 -1.705061 -0.700515 0.365336 -0.613032 0.174600 0.831900 1 17 1.000000
models\Characters\Eyes\template_head
  17 -2.850380 67.366974 -0.669656 -0.916615 0.298656 -0.265746 0.234400 0.813800 1 17 1.000000
  17 -1.836635 69.102341 0.625099 -0.620940 0.783050 -0.035576 0.278600 0.898700 1 17 1.000000
  17 -1.597995 68.901031 -0.842176 -0.543039 0.741530 -0.394006 0.208000 0.898200 1 17 1.000000
models\Characters\Eyes\template_head
  17 0.001900 69.712433 0.593559 0.000002 0.997521 -0.070363 0.257800 0.987800 1 17 1.000000
  17 -1.597995 68.901031 -0.842176 -0.543039 0.741530 -0.394006 0.208000 0.898200 1 17 1.000000
  17 -1.836635 69.102341 0.625099 -0.620940 0.783050 -0.035576 0.278600 0.898700 1 17 1.000000
models\Characters\Eyes\template_head
  17 0.001900 69.712433 0.593559 0.000002 0.997521 -0.070363 0.257800 0.987800 1 17 1.000000
  17 -1.836635 69.102341 0.625099 -0.620940 0.783050 -0.035576 0.278600 0.898700 1 17 1.000000
  17 0.001900 69.564987 1.967924 0.000007 0.965644 0.259866 0.325900 0.989400 1 17 1.000000
models\Characters\Eyes\template_head
  17 0.001900 69.712433 0.593559 0.000002 0.997521 -0.070363 0.257800 0.987800 1 17 1.000000
  17 0.001900 69.564987 1.967924 0.000007 0.965644 0.259866 0.325900 0.989400 1 17 1.000000
  17 1.840435 69.102341 0.625099 0.620939 0.783051 -0.035574 0.278600 0.898700 1 17 1.000000
models\Characters\Eyes\template_head
  17 1.840435 69.102341 0.625099 0.620939 0.783051 -0.035574 0.278600 0.898700 1 17 1.000000
  17 0.001900 69.564987 1.967924 0.000007 0.965644 0.259866 0.325900 0.989400 1 17 1.000000
  17 1.834070 68.873672 2.022359 0.630747 0.725711 0.274776 0.342000 0.896500 1 17 1.000000
models\Characters\Eyes\template_head
  17 1.834070 68.873672 2.022359 0.630747 0.725711 0.274776 0.342000 0.896500 1 17 1.000000
  17 2.901965 67.364502 0.721809 0.957606 0.284297 0.046534 0.294400 0.808400 1 17 1.000000
  17 1.840435 69.102341 0.625099 0.620939 0.783051 -0.035574 0.278600 0.898700 1 17 1.000000
models\Characters\Eyes\template_head
  17 2.901965 67.364502 0.721809 0.957606 0.284297 0.046534 0.294400 0.808400 1 17 1.000000
  17 2.854180 67.366974 -0.669656 0.916619 0.298654 -0.265734 0.234400 0.813800 1 17 1.000000
  17 1.840435 69.102341 0.625099 0.620939 0.783051 -0.035574 0.278600 0.898700 1 17 1.000000
models\Characters\Eyes\template_head
  17 2.901965 67.364502 0.721809 0.957606 0.284297 0.046534 0.294400 0.808400 1 17 1.000000
  17 3.045415 66.028336 -0.339531 0.978003 -0.116298 -0.173162 0.231300 0.764600 1 17 1.000000
  17 2.854180 67.366974 -0.669656 0.916619 0.298654 -0.265734 0.234400 0.813800 1 17 1.000000
models\Characters\Eyes\template_head
  17 3.045415 66.028336 -0.339531 0.978003 -0.116298 -0.173162 0.231300 0.764600 1 17 1.000000
  17 2.311540 65.968948 -1.943986 0.776655 -0.080681 -0.624737 0.153700 0.783500 1 17 1.000000
  17 2.854180 67.366974 -0.669656 0.916619 0.298654 -0.265734 0.234400 0.813800 1 17 1.000000
models\Characters\Eyes\template_head
  17 2.691350 64.811188 -0.278636 0.919986 -0.328119 -0.214391 0.217200 0.713500 1 17 1.000000
  17 2.311540 65.968948 -1.943986 0.776655 -0.080681 -0.624737 0.153700 0.783500 1 17 1.000000
  17 3.045415 66.028336 -0.339531 0.978003 -0.116298 -0.173162 0.231300 0.764600 1 17 1.000000
models\Characters\Eyes\template_head
  17 1.985880 64.561630 -1.580611 0.741377 -0.399942 -0.538894 0.140800 0.734700 1 17 1.000000
  17 2.311540 65.968948 -1.943986 0.776655 -0.080681 -0.624737 0.153700 0.783500 1 17 1.000000
  17 2.691350 64.811188 -0.278636 0.919986 -0.328119 -0.214391 0.217200 0.713500 1 17 1.000000
models\Characters\Eyes\template_head
  17 1.985880 64.561630 -1.580611 0.741377 -0.399942 -0.538894 0.140800 0.734700 1 17 1.000000
  17 1.332375 65.951569 -2.691636 0.449214 -0.022149 -0.893150 0.099000 0.799700 1 17 1.000000
  17 2.311540 65.968948 -1.943986 0.776655 -0.080681 -0.624737 0.153700 0.783500 1 17 1.000000
models\Characters\Eyes\template_head
  17 2.311540 65.968948 -1.943986 0.776655 -0.080681 -0.624737 0.153700 0.783500 1 17 1.000000
  17 1.332375 65.951569 -2.691636 0.449214 -0.022149 -0.893150 0.099000 0.799700 1 17 1.000000
  17 2.178730 67.480591 -1.705156 0.700509 0.365347 -0.613032 0.174600 0.831900 1 17 1.000000
models\Characters\Eyes\template_head
  17 2.178730 67.480591 -1.705156 0.700509 0.365347 -0.613032 0.174600 0.831900 1 17 1.000000
  17 1.332375 65.951569 -2.691636 0.449214 -0.022149 -0.893150 0.099000 0.799700 1 17 1.000000
  17 1.343490 67.807579 -2.077650 0.433628 0.473469 -0.766677 0.142600 0.867250 1 17 1.000000
models\Characters\Eyes\template_head
  17 1.343490 67.807579 -2.077650 0.433628 0.473469 -0.766677 0.142600 0.867250 1 17 1.000000
  17 1.601795 68.901031 -0.842176 0.543036 0.741535 -0.394003 0.208000 0.898200 1 17 1.000000
  17 2.178730 67.480591 -1.705156 0.700509 0.365347 -0.613032 0.174600 0.831900 1 17 1.000000
models\Characters\Eyes\template_head
  17 1.043575 64.440216 -2.432381 0.471835 -0.405890 -0.782704 0.084400 0.752100 1 17 1.000000
  17 0.001900 65.936935 -3.026416 -0.000018 0.009717 -0.999953 0.033100 0.820900 1 17 1.000000
  17 1.332375 65.951569 -2.691636 0.449214 -0.022149 -0.893150 0.099000 0.799700 1 17 1.000000
models\Characters\Eyes\template_head
  17 1.043575 64.440216 -2.432381 0.471835 -0.405890 -0.782704 0.084400 0.752100 1 17 1.000000
  17 1.332375 65.951569 -2.691636 0.449214 -0.022149 -0.893150 0.099000 0.799700 1 17 1.000000
  17 1.985880 64.561630 -1.580611 0.741377 -0.399942 -0.538894 0.140800 0.734700 1 17 1.000000
models\Characters\Eyes\template_head
  17 1.043575 64.440216 -2.432381 0.471835 -0.405890 -0.782704 0.084400 0.752100 1 17 1.000000
  17 1.985880 64.561630 -1.580611 0.741377 -0.399942 -0.538894 0.140800 0.734700 1 17 1.000000
  17 1.010990 63.212910 -1.363821 0.510801 -0.352309 -0.784194 0.078000 0.677400 1 17 1.000000
models\Characters\Eyes\template_head
  17 1.010990 63.212910 -1.363821 0.510801 -0.352309 -0.784194 0.078000 0.677400 1 17 1.000000
  17 1.985880 64.561630 -1.580611 0.741377 -0.399942 -0.538894 0.140800 0.734700 1 17 1.000000
  17 1.663165 63.428276 -0.860701 0.759270 -0.263471 -0.595057 0.130500 0.676200 1 17 1.000000
models\Characters\Eyes\template_head
  17 2.691350 64.811188 -0.278636 0.919986 -0.328119 -0.214391 0.217200 0.713500 1 17 1.000000
  17 1.663165 63.428276 -0.860701 0.759270 -0.263471 -0.595057 0.130500 0.676200 1 17 1.000000
  17 1.985880 64.561630 -1.580611 0.741377 -0.399942 -0.538894 0.140800 0.734700 1 17 1.000000
models\Characters\Eyes\template_head
  17 2.417560 63.890259 0.057949 0.900161 -0.263225 -0.347019 0.203500 0.669900 1 17 1.000000
  17 1.663165 63.428276 -0.860701 0.759270 -0.263471 -0.595057 0.130500 0.676200 1 17 1.000000
  17 2.691350 64.811188 -0.278636 0.919986 -0.328119 -0.214391 0.217200 0.713500 1 17 1.000000
models\Characters\Eyes\template_head
  17 2.691350 64.811188 -0.278636 0.919986 -0.328119 -0.214391 0.217200 0.713500 1 17 1.000000
  17 2.644705 64.529892 0.397669 0.300104 -0.116186 -0.946804 0.244300 0.671300 1 17 1.000000
  17 2.417560 63.890259 0.057949 0.900161 -0.263225 -0.347019 0.203500 0.669900 1 17 1.000000
models\Characters\Eyes\template_head
  17 2.644705 64.529892 0.397669 0.300104 -0.116186 -0.946804 0.244300 0.671300 1 17 1.000000
  17 2.691350 64.811188 -0.278636 0.919986 -0.328119 -0.214391 0.217200 0.713500 1 17 1.000000
  17 2.863965 65.540497 0.804745 0.618597 0.741629 -0.259468 0.292400 0.707100 1 17 1.000000
models\Characters\Eyes\template_head
  17 2.863965 65.540497 0.804745 0.618597 0.741629 -0.259468 0.292400 0.707100 1 17 1.000000
  17 2.691350 64.811188 -0.278636 0.919986 -0.328119 -0.214391 0.217200 0.713500 1 17 1.000000
  17 3.045415 66.028336 -0.339531 0.978003 -0.116298 -0.173162 0.231300 0.764600 1 17 1.000000
models\Characters\Eyes\template_head
  17 3.045415 66.028336 -0.339531 0.978003 -0.116298 -0.173162 0.231300 0.764600 1 17 1.000000
  17 3.042945 66.288635 0.791254 0.998200 -0.023507 0.055177 0.298100 0.757900 1 17 1.000000
  17 2.863965 65.540497 0.804745 0.618597 0.741629 -0.259468 0.292400 0.707100 1 17 1.000000
models\Characters\Eyes\template_head
  17 3.042945 66.288635 0.791254 0.998200 -0.023507 0.055177 0.298100 0.757900 1 17 1.000000
  17 3.045415 66.028336 -0.339531 0.978003 -0.116298 -0.173162 0.231300 0.764600 1 17 1.000000
  17 2.901965 67.364502 0.721809 0.957606 0.284297 0.046534 0.294400 0.808400 1 17 1.000000
models\Characters\Eyes\template_head
  17 2.901965 67.364502 0.721809 0.957606 0.284297 0.046534 0.294400 0.808400 1 17 1.000000
  17 2.705505 67.221619 2.102444 0.927084 0.248762 0.280415 0.355100 0.806200 1 17 1.000000
  17 3.042945 66.288635 0.791254 0.998200 -0.023507 0.055177 0.298100 0.757900 1 17 1.000000
models\Characters\Eyes\template_head
  17 2.705505 67.221619 2.102444 0.927084 0.248762 0.280415 0.355100 0.806200 1 17 1.000000
  17 2.901965 67.364502 0.721809 0.957606 0.284297 0.046534 0.294400 0.808400 1 17 1.000000
  17 1.834070 68.873672 2.022359 0.630747 0.725711 0.274776 0.342000 0.896500 1 17 1.000000
models\Characters\Eyes\template_head
  17 2.705505 67.221619 2.102444 0.927084 0.248762 0.280415 0.355100 0.806200 1 17 1.000000
  17 1.834070 68.873672 2.022359 0.630747 0.725711 0.274776 0.342000 0.896500 1 17 1.000000
  17 2.006020 67.786118 3.157989 0.733060 0.377154 0.566019 0.409300 0.852300 1 17 1.000000
models\Characters\Eyes\template_head
  17 2.006020 67.786118 3.157989 0.733060 0.377154 0.566019 0.409300 0.852300 1 17 1.000000
  17 1.834070 68.873672 2.022359 0.630747 0.725711 0.274776 0.342000 0.896500 1 17 1.000000
  17 1.501855 68.396774 3.246054 0.554919 0.587339 0.589150 0.405500 0.897200 1 17 1.000000
models\Characters\Eyes\template_head
  17 1.834070 68.873672 2.022359 0.630747 0.725711 0.274776 0.342000 0.896500 1 17 1.000000
  17 0.001900 69.046570 3.157229 0.000006 0.831842 0.555012 0.394900 0.984200 1 17 1.000000
  17 1.501855 68.396774 3.246054 0.554919 0.587339 0.589150 0.405500 0.897200 1 17 1.000000
models\Characters\Eyes\template_head
  17 0.001900 69.564987 1.967924 0.000007 0.965644 0.259866 0.325900 0.989400 1 17 1.000000
  17 0.001900 69.046570 3.157229 0.000006 0.831842 0.555012 0.394900 0.984200 1 17 1.000000
  17 1.834070 68.873672 2.022359 0.630747 0.725711 0.274776 0.342000 0.896500 1 17 1.000000
models\Characters\Eyes\template_head
  17 0.001900 69.564987 1.967924 0.000007 0.965644 0.259866 0.325900 0.989400 1 17 1.000000
  17 -1.830270 68.873672 2.022359 -0.630751 0.725707 0.274777 0.342000 0.896500 1 17 1.000000
  17 0.001900 69.046570 3.157229 0.000006 0.831842 0.555012 0.394900 0.984200 1 17 1.000000
models\Characters\Eyes\template_head
  17 2.006020 67.786118 3.157989 0.733060 0.377154 0.566019 0.409300 0.852300 1 17 1.000000
  17 2.244375 66.914398 3.239024 0.800038 0.251792 0.544554 0.407100 0.806500 1 17 1.000000
  17 2.705505 67.221619 2.102444 0.927084 0.248762 0.280415 0.355100 0.806200 1 17 1.000000
models\Characters\Eyes\template_head
  17 2.484440 66.091599 2.993259 0.930580 0.025898 0.365171 0.396200 0.764400 1 17 1.000000
  17 2.705505 67.221619 2.102444 0.927084 0.248762 0.280415 0.355100 0.806200 1 17 1.000000
  17 2.244375 66.914398 3.239024 0.800038 0.251792 0.544554 0.407100 0.806500 1 17 1.000000
models\Characters\Eyes\template_head
  17 2.909375 66.262497 1.980939 0.969192 0.010656 0.246075 0.351900 0.760000 1 17 1.000000
  17 2.705505 67.221619 2.102444 0.927084 0.248762 0.280415 0.355100 0.806200 1 17 1.000000
  17 2.484440 66.091599 2.993259 0.930580 0.025898 0.365171 0.396200 0.764400 1 17 1.000000
models\Characters\Eyes\template_head
  17 3.042945 66.288635 0.791254 0.998200 -0.023507 0.055177 0.298100 0.757900 1 17 1.000000
  17 2.705505 67.221619 2.102444 0.927084 0.248762 0.280415 0.355100 0.806200 1 17 1.000000
  17 2.909375 66.262497 1.980939 0.969192 0.010656 0.246075 0.351900 0.760000 1 17 1.000000
models\Characters\Eyes\template_head
  17 2.909375 66.262497 1.980939 0.969192 0.010656 0.246075 0.351900 0.760000 1 17 1.000000
  17 2.863965 65.540497 0.804745 0.618597 0.741629 -0.259468 0.292400 0.707100 1 17 1.000000
  17 3.042945 66.288635 0.791254 0.998200 -0.023507 0.055177 0.298100 0.757900 1 17 1.000000
models\Characters\Eyes\template_head
  17 2.770865 65.191467 1.780110 0.940475 0.071730 0.332206 0.339300 0.701600 1 17 1.000000
  17 2.863965 65.540497 0.804745 0.618597 0.741629 -0.259468 0.292400 0.707100 1 17 1.000000
  17 2.909375 66.262497 1.980939 0.969192 0.010656 0.246075 0.351900 0.760000 1 17 1.000000
models\Characters\Eyes\template_head
  17 -0.806930 61.662270 4.349432 -0.327110 0.038892 0.944185 0.538800 0.234850 1 17 1.000000
  17 0.001900 61.967075 4.757790 -0.000481 -0.148594 0.988898 0.611600 0.252400 1 17 1.000000
  17 -0.998400 62.194645 4.234293 -0.405686 -0.134653 0.904039 0.520800 0.278700 1 17 1.000000
models\Characters\Eyes\eyeball_r
  17 -1.827135 65.151947 3.762570 -0.647770 -0.477226 0.593842 0.233954 0.778411 1 17 1.000000
  17 -1.879860 65.073380 3.603825 -0.634263 -0.477735 0.607848 0.129201 0.710950 1 17 1.000000
  17 -1.821910 65.030350 3.772259 -0.865933 -0.120297 0.485477 0.219491 0.564387 1 17 1.000000
models\Characters\Eyes\eyeball_r
  17 -1.877580 64.998901 3.615890 -0.768334 0.230630 0.597054 0.119215 0.542114 1 17 1.000000
  17 -1.879860 65.073380 3.603825 -0.634263 -0.477735 0.607848 0.129201 0.710950 1 17 1.000000
  17 -1.915485 65.040421 3.558605 -0.493596 -0.058724 0.867706 0.095454 0.653442 1 17 1.000000
models\Characters\Eyes\eyeball_r
  17 -1.821910 65.030350 3.772259 -0.865933 -0.120297 0.485477 0.219491 0.564387 1 17 1.000000
  17 -1.879860 65.073380 3.603825 -0.634263 -0.477735 0.607848 0.129201 0.710950 1 17 1.000000
  17 -1.877580 64.998901 3.615890 -0.768334 0.230630 0.597054 0.119215 0.542114 1 17 1.000000
models\Characters\Eyes\eyeball_r
  17 -1.877580 64.998901 3.615890 -0.768334 0.230630 0.597054 0.119215 0.542114 1 17 1.000000
  17 -1.806710 64.942574 3.743570 -0.765446 0.196728 0.612691 0.204339 0.388763 1 17 1.000000
  17 -1.821910 65.030350 3.772259 -0.865933 -0.120297 0.485477 0.219491 0.564387 1 17 1.000000
models\Characters\Eyes\eyeball_r
  17 -1.806710 64.942574 3.743570 -0.765446 0.196728 0.612691 0.204339 0.388763 1 17 1.000000
  17 -1.663260 65.024277 3.969289 -0.557538 -0.077751 0.826502 0.401657 0.530295 1 17 1.000000
  17 -1.821910 65.030350 3.772259 -0.865933 -0.120297 0.485477 0.219491 0.564387 1 17 1.000000
models\Characters\Eyes\eyeball_r
  17 -1.821910 65.030350 3.772259 -0.865933 -0.120297 0.485477 0.219491 0.564387 1 17 1.000000
  17 -1.663260 65.024277 3.969289 -0.557538 -0.077751 0.826502 0.401657 0.530295 1 17 1.000000
  17 -1.827135 65.151947 3.762570 -0.647770 -0.477226 0.593842 0.233954 0.778411 1 17 1.000000
models\Characters\Eyes\eyeball_r
  17 -1.827135 65.151947 3.762570 -0.647770 -0.477226 0.593842 0.233954 0.778411 1 17 1.000000
  17 -1.663260 65.024277 3.969289 -0.557538 -0.077751 0.826502 0.401657 0.530295 1 17 1.000000
  17 -1.658510 65.228333 3.967485 -0.405139 -0.415694 0.814285 0.420975 0.855792 1 17 1.000000
models\Characters\Eyes\eyeball_r
  17 -1.663260 65.024277 3.969289 -0.557538 -0.077751 0.826502 0.401657 0.530295 1 17 1.000000
  17 -1.368285 65.236122 4.036360 -0.114521 -0.359787 0.925980 0.596565 0.842395 1 17 1.000000
  17 -1.658510 65.228333 3.967485 -0.405139 -0.415694 0.814285 0.420975 0.855792 1 17 1.000000
models\Characters\Eyes\eyeball_r
  17 -1.348620 64.996246 4.060109 -0.084619 -0.021684 0.996177 0.581757 0.506190 1 17 1.000000
  17 -1.368285 65.236122 4.036360 -0.114521 -0.359787 0.925980 0.596565 0.842395 1 17 1.000000
  17 -1.663260 65.024277 3.969289 -0.557538 -0.077751 0.826502 0.401657 0.530295 1 17 1.000000
models\Characters\Eyes\eyeball_r
  17 -1.368285 65.236122 4.036360 -0.114521 -0.359787 0.925980 0.596565 0.842395 1 17 1.000000
  17 -1.348620 64.996246 4.060109 -0.084619 -0.021684 0.996177 0.581757 0.506190 1 17 1.000000
  17 -1.131640 65.183105 4.029425 0.049768 -0.354081 0.933890 0.727421 0.745520 1 17 1.000000
models\Characters\Eyes\eyeball_r
  17 -1.131640 65.183105 4.029425 0.049768 -0.354081 0.933890 0.727421 0.745520 1 17 1.000000
  17 -1.348620 64.996246 4.060109 -0.084619 -0.021684 0.996177 0.581757 0.506190 1 17 1.000000
  17 -1.081955 64.994156 4.023819 0.319283 0.045510 0.946566 0.736375 0.476919 1 17 1.000000
models\Characters\Eyes\eyeball_r
  17 -1.131640 65.183105 4.029425 0.049768 -0.354081 0.933890 0.727421 0.745520 1 17 1.000000
  17 -1.081955 64.994156 4.023819 0.319283 0.045510 0.946566 0.736375 0.476919 1 17 1.000000
  17 -0.978405 65.078232 3.963590 0.130118 -0.259194 0.957020 0.805247 0.629126 1 17 1.000000
models\Characters\Eyes\eyeball_r
  17 -1.081955 64.994156 4.023819 0.319283 0.045510 0.946566 0.736375 0.476919 1 17 1.000000
  17 -0.925490 64.895447 3.950005 0.305478 0.436426 0.846295 0.821087 0.351572 1 17 1.000000
  17 -0.978405 65.078232 3.963590 0.130118 -0.259194 0.957020 0.805247 0.629126 1 17 1.000000
models\Characters\Eyes\eyeball_r
  17 -0.925490 64.895447 3.950005 0.305478 0.436426 0.846295 0.821087 0.351572 1 17 1.000000
  17 -0.844265 64.906380 3.902410 -0.137013 0.218840 0.966093 0.874807 0.417345 1 17 1.000000
  17 -0.978405 65.078232 3.963590 0.130118 -0.259194 0.957020 0.805247 0.629126 1 17 1.000000
models\Characters\Eyes\eyeball_r
  17 -1.644355 64.859825 3.949340 -0.494699 0.230879 0.837835 0.384783 0.257830 1 17 1.000000
  17 -1.663260 65.024277 3.969289 -0.557538 -0.077751 0.826502 0.401657 0.530295 1 17 1.000000
  17 -1.806710 64.942574 3.743570 -0.765446 0.196728 0.612691 0.204339 0.388763 1 17 1.000000
models\Characters\Eyes\eyeball_r
  17 -1.644355 64.859825 3.949340 -0.494699 0.230879 0.837835 0.384783 0.257830 1 17 1.000000
  17 -1.348620 64.996246 4.060109 -0.084619 -0.021684 0.996177 0.581757 0.506190 1 17 1.000000
  17 -1.663260 65.024277 3.969289 -0.557538 -0.077751 0.826502 0.401657 0.530295 1 17 1.000000
models\Characters\Eyes\eyeball_r
  17 -1.316510 64.822205 4.044150 -0.106484 0.319488 0.941588 0.583479 0.230013 1 17 1.000000
  17 -1.348620 64.996246 4.060109 -0.084619 -0.021684 0.996177 0.581757 0.506190 1 17 1.000000
  17 -1.644355 64.859825 3.949340 -0.494699 0.230879 0.837835 0.384783 0.257830 1 17 1.000000
models\Characters\Eyes\eyeball_r
  17 -1.316510 64.822205 4.044150 -0.106484 0.319488 0.941588 0.583479 0.230013 1 17 1.000000
  17 -1.081955 64.994156 4.023819 0.319283 0.045510 0.946566 0.736375 0.476919 1 17 1.000000
  17 -1.348620 64.996246 4.060109 -0.084619 -0.021684 0.996177 0.581757 0.506190 1 17 1.000000
models\Characters\Eyes\eyeball_r
  17 -1.054690 64.853836 4.018405 0.156186 0.431246 0.888613 0.735342 0.269615 1 17 1.000000
  17 -1.081955 64.994156 4.023819 0.319283 0.045510 0.946566 0.736375 0.476919 1 17 1.000000
  17 -1.316510 64.822205 4.044150 -0.106484 0.319488 0.941588 0.583479 0.230013 1 17 1.000000
models\Characters\Eyes\eyeball_r
  17 -1.081955 64.994156 4.023819 0.319283 0.045510 0.946566 0.736375 0.476919 1 17 1.000000
  17 -1.054690 64.853836 4.018405 0.156186 0.431246 0.888613 0.735342 0.269615 1 17 1.000000
  17 -0.925490 64.895447 3.950005 0.305478 0.436426 0.846295 0.821087 0.351572 1 17 1.000000
end
