// Created by Crowbar 0.74
version 1
nodes
  0 "bip_pelvis" -1
  1 "bip_hip_R" 0
  2 "bip_knee_R" 1
  3 "bip_foot_R" 2
  4 "bip_spine_0" 0
  5 "bip_spine_1" 4
  6 "bip_spine_2" 5
  7 "bip_spine_3" 6
  8 "bip_collar_R" 7
  9 "bip_upperArm_R" 8
  10 "bip_lowerArm_R" 9
  11 "bip_hand_R" 10
  12 "bip_Hand_Rotate1_R" 10
  13 "bip_hip_L" 0
  14 "bip_knee_L" 13
  15 "bip_foot_L" 14
  16 "bip_neck" 7
  17 "bip_head" 16
  18 "bip_collar_L" 7
  19 "bip_upperArm_L" 18
  20 "bip_lowerArm_L" 19
  21 "bip_hand_L" 20
  22 "bip_index_0_L" 21
  23 "bip_index_0_R" 11
  24 "bip_Hand_Rotate1_L" 20
  25 "bip_Arm_Rotate1_L" 19
  26 "bip_index_1_L" 22
  27 "bip_middle_0_L" 21
  28 "bip_middle_1_L" 27
  29 "bip_ring_0_L" 21
  30 "bip_ring_1_L" 29
  31 "bip_pinky_0_L" 21
  32 "bip_pinky_1_L" 31
  33 "bip_thumb_0_L" 21
  34 "bip_thumb_1_L" 33
  35 "bip_Hand_Rotate_L" 20
  36 "bip_Arm_Rotate_L" 19
  37 "bip_Pelvis_L" 13
  38 "bip_Arm_Rotate_R" 9
  39 "bip_Arm_Rotate1_R" 9
  40 "bip_kneeMid_L" 14
  41 "Elbow_R" 10
  42 "bip_Pelvis_R" 1
  43 "bip_kneeMid_R" 2
  44 "Elbow_L" 20
  45 "bip_index_1_R" 23
  46 "bip_middle_0_R" 11
  47 "bip_middle_1_R" 46
  48 "bip_ring_0_R" 11
  49 "bip_ring_1_R" 48
  50 "bip_pinky_0_R" 11
  51 "bip_pinky_1_R" 50
  52 "bip_thumb_0_R" 11
  53 "bip_thumb_1_R" 52
  54 "bip_Hand_Rotate_R" 10
  55 "bip_toeEnd_R" 3
  56 "bip_toeEnd_L" 15
  57 "bip_indexEnd_L" 26
  58 "bip_middleEnd_L" 28
  59 "bip_RingEnd_L" 30
  60 "bip_pinkyEnd_L" 32
  61 "bip_thumbEnd_L" 34
  62 "Wp_L" 21
  63 "bip_indexEnd_R" 45
  64 "bip_middleEnd_R" 47
  65 "bip_ringEnd_R" 49
  66 "bip_pinkyEnd_R" 51
  67 "bip_thumbEnd_R" 53
  68 "Wp_R" 11
  69 "bip_forward" 17
  70 "bip_clipbone" 11
end
skeleton
  time 0
    0 0.000000 39.563190 0.000000 0.000000 0.000000 0.000000
    1 -3.366135 -1.935646 1.480067 0.111246 0.039216 -1.700668
    2 16.045450 0.000000 0.000000 -0.000323 0.133775 -0.002420
    3 17.465778 0.000001 0.000001 -0.159390 -0.178530 1.736820
    4 0.000000 4.240540 1.190873 0.000000 0.000000 0.000000
    5 0.000000 5.143673 -0.566893 0.000000 0.000000 0.000000
    6 0.000000 4.011826 -0.435470 0.000000 0.000000 0.000000
    7 0.000000 3.724953 -0.655500 0.000000 0.000000 0.000000
    8 -2.166257 -0.155743 -0.180534 0.000000 0.000000 0.157080
    9 -4.301173 0.280510 -0.232197 1.514108 -0.019862 -2.351989
    10 11.236193 0.000000 0.000004 0.000001 -0.001411 0.443439
    11 9.693705 0.000000 0.000000 1.748300 -0.156891 3.091171
    12 7.480289 0.006109 -0.010555 1.740287 -0.001411 -3.140776
    13 3.366135 -1.935787 1.480067 -0.111239 0.039223 -1.440926
    14 16.045298 0.000001 0.000000 0.000323 0.133775 0.002421
    15 17.465788 0.000000 0.000000 2.982194 0.178536 1.404771
    16 0.000000 3.134243 -0.066059 0.000000 0.000000 0.000000
    17 0.063361 3.268921 0.898785 0.000000 0.000000 0.000000
    18 2.166257 -0.155926 -0.180536 3.141592 0.000000 -0.157080
    19 4.301145 -0.280594 0.232197 0.056693 0.019859 0.789599
    20 11.236181 -0.000027 -0.000006 0.000000 0.444256 0.000000
    21 9.693651 -0.013687 0.007915 0.169489 -0.050609 0.155683
    22 3.443607 -0.311180 -1.426107 0.025754 0.180665 0.039288
    23 -3.443645 0.311172 1.426091 0.025754 0.180665 0.039288
    24 7.480257 -0.000008 -0.000010 0.169489 0.000000 0.000000
    25 6.472908 -0.000031 -0.000001 -0.028346 0.000000 0.000000
    26 1.726654 -0.000004 0.000009 0.000000 0.000000 0.507966
    27 3.628399 -0.413433 -0.461199 -0.017992 0.035722 0.129722
    28 1.717384 -0.000019 -0.000012 0.000000 0.000000 0.296827
    29 3.622608 -0.257954 0.410928 -0.173205 -0.117278 0.214490
    30 1.717384 0.000017 0.000010 0.000000 0.000000 0.254297
    31 3.401308 0.004623 1.218914 -0.166412 -0.272554 0.134906
    32 1.462820 -0.000019 -0.000014 0.000000 0.000000 0.476304
    33 1.013556 0.134880 -1.638489 -0.195039 0.518495 0.573015
    34 1.567802 0.078053 0.000011 0.000000 0.302710 0.000000
    35 4.488096 -0.000061 -0.000023 0.084744 0.000000 0.000000
    36 3.480602 -0.000145 -0.000002 -0.043610 0.000000 0.000000
    37 2.222412 0.000015 -0.267579 -3.088133 -0.110996 1.564869
    38 3.480843 0.000000 0.000004 1.527190 0.000000 3.141593
    39 6.472961 0.000000 0.000000 1.542452 0.000000 3.141593
    40 0.000000 0.000000 0.000000 3.047043 0.186859 1.513152
    41 0.000002 -0.000001 0.000000 1.571107 -0.001377 2.920281
    42 2.222565 0.000001 -0.267583 0.053460 0.111003 1.576724
    43 0.000000 0.000000 0.000000 -0.094550 -0.186859 1.628441
    44 0.000000 0.000000 -0.000001 0.000000 -0.222128 0.000000
    45 -1.726627 0.000000 0.000000 0.000000 0.000000 0.507966
    46 -3.628420 0.413422 0.461190 -0.017992 0.035722 0.129722
    47 -1.717388 0.000000 0.000001 0.000000 0.000000 0.296827
    48 -3.622635 0.257938 -0.410944 -0.173205 -0.117278 0.214490
    49 -1.717390 -0.000002 0.000000 0.000000 0.000000 0.254297
    50 -3.401335 -0.004631 -1.218926 -0.166412 -0.272554 0.134906
    51 -1.462816 -0.000004 0.000000 0.000000 0.000000 0.476304
    52 -1.013588 -0.134895 1.638474 -0.195039 0.518495 0.573015
    53 -1.567801 -0.078051 0.000000 0.000000 0.302710 0.000000
    54 4.488173 0.003667 -0.006332 1.655541 -0.001411 -3.140776
    55 -0.035184 -3.529829 6.683560 0.000000 0.000000 0.000000
    56 0.035217 3.529826 -6.683582 0.000000 0.000000 0.000000
    57 1.878918 0.000004 -0.000005 -0.337833 0.000000 0.000000
    58 1.878918 0.000006 -0.000004 -0.337833 0.000000 0.000000
    59 1.878920 -0.000013 -0.000011 -0.337833 0.000000 0.000000
    60 1.878929 0.000004 0.000001 -0.337833 0.000000 0.000000
    61 1.490896 0.144535 -0.268490 -0.337833 0.000000 0.000000
    62 3.058685 1.032097 -0.605999 0.000000 0.334862 0.049595
    63 -1.878929 0.000002 0.000002 -0.337833 0.000000 0.000000
    64 -1.878931 0.000002 0.000001 -0.337833 0.000000 0.000000
    65 -1.878933 0.000002 0.000000 -0.337833 0.000000 0.000000
    66 -1.878937 0.000004 0.000000 -0.337833 0.000000 0.000000
    67 -1.490896 -0.144542 0.268478 -0.337833 0.000000 0.000000
    68 -3.058714 -1.032104 0.605986 0.000000 0.334862 0.049595
    69 0.000000 0.000000 4.750000 0.000000 -1.570796 -1.570796
    70 -2.849998 0.000000 0.000000 0.000000 0.000000 0.000000
end
triangles
template_skin
  11 -19.931271 36.707401 6.120119 -0.945416 0.013720 0.325577 0.625731 0.642054 1 11 1.000000
  11 -19.359468 36.479191 6.372187 0.012150 -0.218405 0.975782 0.634908 0.659534 1 11 1.000000
  11 -19.549240 36.947624 6.489437 -0.783968 0.048954 0.618868 0.617572 0.661236 1 11 1.000000
template_skin
  11 -16.302010 38.295452 6.686385 0.910621 0.251455 -0.327933 0.526279 0.756458 1 11 1.000000
  11 -16.895424 38.936401 6.638352 0.497783 0.739733 0.452777 0.529010 0.727870 1 11 1.000000
  11 -16.571644 38.445423 7.029930 0.432438 0.750715 0.499424 0.538611 0.747204 1 11 1.000000
template_skin
  11 -16.895424 38.936401 6.638352 0.497783 0.739733 0.452777 0.529010 0.727870 1 11 1.000000
  11 -16.944473 38.260181 7.277898 -0.443715 0.362447 0.819603 0.553738 0.742210 1 11 1.000000
  11 -16.571644 38.445423 7.029930 0.432438 0.750715 0.499424 0.538611 0.747204 1 11 1.000000
template_skin
  11 -17.453472 38.703529 6.795097 -0.277453 0.202831 0.939084 0.546345 0.715692 1 11 1.000000
  11 -16.944473 38.260181 7.277898 -0.443715 0.362447 0.819603 0.553738 0.742210 1 11 1.000000
  11 -16.895424 38.936401 6.638352 0.497783 0.739733 0.452777 0.529010 0.727870 1 11 1.000000
template_skin
  11 -17.307775 39.798172 5.974207 0.124205 0.788691 0.602113 0.507659 0.696549 1 11 1.000000
  11 -17.453472 38.703529 6.795097 -0.277453 0.202831 0.939084 0.546345 0.715692 1 11 1.000000
  11 -16.895424 38.936401 6.638352 0.497783 0.739733 0.452777 0.529010 0.727870 1 11 1.000000
template_skin
  11 -17.307775 39.798172 5.974207 0.124205 0.788691 0.602113 0.507659 0.696549 1 11 1.000000
  11 -18.696623 38.979691 5.842119 -0.558486 0.567218 0.605274 0.541412 0.664050 1 11 1.000000
  11 -17.453472 38.703529 6.795097 -0.277453 0.202831 0.939084 0.546345 0.715692 1 11 1.000000
template_skin
  11 -18.866137 37.141125 7.243574 0.197602 0.279366 0.939632 0.604808 0.694150 1 11 1.000000
  11 -17.453472 38.703529 6.795097 -0.277453 0.202831 0.939084 0.546345 0.715692 1 11 1.000000
  11 -18.696623 38.979691 5.842119 -0.558486 0.567218 0.605274 0.541412 0.664050 1 11 1.000000
template_skin
  11 -18.866137 37.141125 7.243574 0.197602 0.279366 0.939632 0.604808 0.694150 1 11 1.000000
  11 -18.696623 38.979691 5.842119 -0.558486 0.567218 0.605274 0.541412 0.664050 1 11 1.000000
  11 -19.549240 36.947624 6.489437 -0.783968 0.048954 0.618868 0.617572 0.661236 1 11 1.000000
template_skin
  11 -19.549240 36.947624 6.489437 -0.783968 0.048954 0.618868 0.617572 0.661236 1 11 1.000000
  11 -18.696623 38.979691 5.842119 -0.558486 0.567218 0.605274 0.541412 0.664050 1 11 1.000000
  11 -19.916473 37.039059 5.996531 -0.914653 0.293278 0.278206 0.613694 0.641531 1 11 1.000000
template_skin
  11 -19.549240 36.947624 6.489437 -0.783968 0.048954 0.618868 0.617572 0.661236 1 11 1.000000
  11 -19.916473 37.039059 5.996531 -0.914653 0.293278 0.278206 0.613694 0.641531 1 11 1.000000
  11 -19.931271 36.707401 6.120119 -0.945416 0.013720 0.325577 0.625731 0.642054 1 11 1.000000
template_skin
  11 -19.931271 36.707401 6.120119 -0.945416 0.013720 0.325577 0.625731 0.642054 1 11 1.000000
  11 -19.916473 37.039059 5.996531 -0.914653 0.293278 0.278206 0.613694 0.641531 1 11 1.000000
  11 -19.809666 36.634460 5.531526 -0.870201 -0.389342 0.301932 0.623068 0.623565 1 11 1.000000
template_skin
  11 -19.809666 36.634460 5.531526 -0.870201 -0.389342 0.301932 0.623068 0.623565 1 11 1.000000
  11 -19.764318 36.390099 5.636549 -0.713749 -0.136195 -0.687033 0.631471 0.628323 1 11 1.000000
  11 -19.931271 36.707401 6.120119 -0.945416 0.013720 0.325577 0.625731 0.642054 1 11 1.000000
template_skin
  11 -17.307775 39.798172 5.974207 0.124205 0.788691 0.602113 0.507659 0.696549 1 11 1.000000
  11 -17.505659 39.955944 5.474329 0.519925 0.592378 0.615440 0.495607 0.687850 1 11 1.000000
  11 -18.696623 38.979691 5.842119 -0.558486 0.567218 0.605274 0.541412 0.664050 1 11 1.000000
template_skin
  11 -16.275759 37.677715 7.912200 -0.265912 0.192268 0.944629 0.563450 0.777048 1 11 1.000000
  11 -16.944473 38.260181 7.277898 -0.443715 0.362447 0.819603 0.553738 0.742210 1 11 1.000000
  11 -17.096483 37.949894 7.064993 -0.843302 -0.498452 0.200966 0.567771 0.738504 1 11 1.000000
template_skin
  11 -16.944473 38.260181 7.277898 -0.443715 0.362447 0.819603 0.553738 0.742210 1 11 1.000000
  11 -17.453472 38.703529 6.795097 -0.277453 0.202831 0.939084 0.546345 0.715692 1 11 1.000000
  11 -17.096483 37.949894 7.064993 -0.843302 -0.498452 0.200966 0.567771 0.738504 1 11 1.000000
template_skin
  11 -17.317181 38.032112 6.673365 -0.420677 -0.819274 0.389641 0.566599 0.723003 1 11 1.000000
  11 -17.096483 37.949894 7.064993 -0.843302 -0.498452 0.200966 0.567771 0.738504 1 11 1.000000
  11 -17.453472 38.703529 6.795097 -0.277453 0.202831 0.939084 0.546345 0.715692 1 11 1.000000
template_skin
  11 -17.907587 37.962635 6.625023 0.574479 -0.614912 0.540239 0.570349 0.710024 1 11 1.000000
  11 -17.317181 38.032112 6.673365 -0.420677 -0.819274 0.389641 0.566599 0.723003 1 11 1.000000
  11 -17.453472 38.703529 6.795097 -0.277453 0.202831 0.939084 0.546345 0.715692 1 11 1.000000
template_skin
  11 -17.907587 37.962635 6.625023 0.574479 -0.614912 0.540239 0.570349 0.710024 1 11 1.000000
  11 -17.453472 38.703529 6.795097 -0.277453 0.202831 0.939084 0.546345 0.715692 1 11 1.000000
  11 -18.866137 37.141125 7.243574 0.197602 0.279366 0.939632 0.604808 0.694150 1 11 1.000000
template_skin
  11 -18.866137 37.141125 7.243574 0.197602 0.279366 0.939632 0.604808 0.694150 1 11 1.000000
  11 -18.339088 37.173256 6.690237 0.914989 -0.194122 0.353712 0.590980 0.711644 1 11 1.000000
  11 -17.907587 37.962635 6.625023 0.574479 -0.614912 0.540239 0.570349 0.710024 1 11 1.000000
template_skin
  11 -18.866137 37.141125 7.243574 0.197602 0.279366 0.939632 0.604808 0.694150 1 11 1.000000
  11 -18.363075 36.912827 6.843499 0.937011 -0.271469 0.219808 0.600182 0.713998 1 11 1.000000
  11 -18.339088 37.173256 6.690237 0.914989 -0.194122 0.353712 0.590980 0.711644 1 11 1.000000
template_skin
  11 -18.525099 36.665813 6.951769 0.825963 -0.345282 0.445607 0.610332 0.710016 1 11 1.000000
  11 -18.363075 36.912827 6.843499 0.937011 -0.271469 0.219808 0.600182 0.713998 1 11 1.000000
  11 -18.866137 37.141125 7.243574 0.197602 0.279366 0.939632 0.604808 0.694150 1 11 1.000000
template_skin
  11 -18.866137 37.141125 7.243574 0.197602 0.279366 0.939632 0.604808 0.694150 1 11 1.000000
  11 -18.898539 36.879028 7.240950 -0.016749 0.239495 0.970753 0.613440 0.696300 1 11 1.000000
  11 -18.525099 36.665813 6.951769 0.825963 -0.345282 0.445607 0.610332 0.710016 1 11 1.000000
template_skin
  11 -19.308857 36.921101 7.006889 -0.806400 0.116129 0.579856 0.618060 0.678782 1 11 1.000000
  11 -18.898539 36.879028 7.240950 -0.016749 0.239495 0.970753 0.613440 0.696300 1 11 1.000000
  11 -18.866137 37.141125 7.243574 0.197602 0.279366 0.939632 0.604808 0.694150 1 11 1.000000
template_skin
  11 -19.308857 36.921101 7.006889 -0.806400 0.116129 0.579856 0.618060 0.678782 1 11 1.000000
  11 -18.866137 37.141125 7.243574 0.197602 0.279366 0.939632 0.604808 0.694150 1 11 1.000000
  11 -19.549240 36.947624 6.489437 -0.783968 0.048954 0.618868 0.617572 0.661236 1 11 1.000000
template_skin
  11 -19.549240 36.947624 6.489437 -0.783968 0.048954 0.618868 0.617572 0.661236 1 11 1.000000
  11 -19.211510 36.639217 6.543435 -0.655122 -0.396934 -0.642852 0.630406 0.668208 1 11 1.000000
  11 -19.308857 36.921101 7.006889 -0.806400 0.116129 0.579856 0.618060 0.678782 1 11 1.000000
template_skin
  11 -17.096483 37.949894 7.064993 -0.843302 -0.498452 0.200966 0.567771 0.738504 1 11 1.000000
  11 -16.762877 37.392658 7.458789 -0.681236 -0.680881 0.268922 0.578885 0.754809 1 11 1.000000
  11 -16.275759 37.677715 7.912200 -0.265912 0.192268 0.944629 0.563450 0.777048 1 11 1.000000
template_skin
  11 -16.762877 37.392658 7.458789 -0.681236 -0.680881 0.268922 0.578885 0.754809 1 11 1.000000
  11 -16.245531 37.257656 7.771840 -0.054321 -0.854538 0.516541 0.578775 0.775910 1 11 1.000000
  11 -16.275759 37.677715 7.912200 -0.265912 0.192268 0.944629 0.563450 0.777048 1 11 1.000000
template_skin
  11 -17.505659 39.955944 5.474329 0.519925 0.592378 0.615440 0.495607 0.687850 1 11 1.000000
  10 -17.232645 39.717133 4.827288 0.977435 -0.209374 0.027968 0.473482 0.705099 2 10 0.499966 11 0.500034
  10 -15.873557 41.280872 3.315397 0.811662 -0.501437 0.299609 0.397463 0.719164 1 10 1.000000
template_skin
  11 -20.284472 36.720295 5.175163 -0.900640 0.342814 0.267069 0.621842 0.604379 1 11 1.000000
  11 -19.931343 36.406063 5.499718 -0.183930 0.103169 0.977510 0.629421 0.618710 1 11 1.000000
  11 -19.809666 36.634460 5.531526 -0.870201 -0.389342 0.301932 0.623068 0.623565 1 11 1.000000
template_skin
  9 -9.830532 50.014034 -2.300384 0.442352 -0.593674 -0.672217 0.083037 0.799422 1 9 1.000000
  9 -8.932589 50.693172 -2.386931 0.448683 -0.668781 -0.592803 0.046831 0.803665 1 9 1.000000
  9 -8.592178 50.426529 -0.573820 0.678670 -0.733977 0.026157 0.055673 0.749188 1 9 1.000000
template_skin
  9 -8.592178 50.426529 -0.573820 0.678670 -0.733977 0.026157 0.055673 0.749188 1 9 1.000000
  9 -9.258915 49.755852 -0.447601 0.761112 -0.623649 0.178243 0.084064 0.741073 1 9 1.000000
  9 -9.830532 50.014034 -2.300384 0.442352 -0.593674 -0.672217 0.083037 0.799422 1 9 1.000000
template_skin
  9 -10.962058 48.071392 -1.616411 0.623252 -0.555716 -0.550215 0.131605 0.787785 1 9 1.000000
  9 -9.830532 50.014034 -2.300384 0.442352 -0.593674 -0.672217 0.083037 0.799422 1 9 1.000000
  9 -9.258915 49.755852 -0.447601 0.761112 -0.623649 0.178243 0.084064 0.741073 1 9 1.000000
template_skin
  9 -9.258915 49.755852 -0.447601 0.761112 -0.623649 0.178243 0.084064 0.741073 1 9 1.000000
  9 -11.203173 47.101532 -0.075283 0.870667 -0.448551 0.201841 0.173458 0.744461 1 9 1.000000
  9 -10.962058 48.071392 -1.616411 0.623252 -0.555716 -0.550215 0.131605 0.787785 1 9 1.000000
template_skin
  9 -11.630624 47.302673 -1.618161 0.613673 -0.485844 -0.622383 0.157285 0.791908 1 9 1.000000
  9 -10.962058 48.071392 -1.616411 0.623252 -0.555716 -0.550215 0.131605 0.787785 1 9 1.000000
  9 -11.203173 47.101532 -0.075283 0.870667 -0.448551 0.201841 0.173458 0.744461 1 9 1.000000
template_skin
  10 -12.486917 45.827377 -1.329323 0.556240 -0.545171 -0.627204 0.205557 0.794854 1 10 1.000000
  9 -11.630624 47.302673 -1.618161 0.613673 -0.485844 -0.622383 0.157285 0.791908 1 9 1.000000
  9 -11.203173 47.101532 -0.075283 0.870667 -0.448551 0.201841 0.173458 0.744461 1 9 1.000000
template_skin
  9 -11.203173 47.101532 -0.075283 0.870667 -0.448551 0.201841 0.173458 0.744461 1 9 1.000000
  10 -12.760933 44.565804 1.150878 0.803172 -0.562078 0.197441 0.261933 0.736569 1 10 1.000000
  10 -12.486917 45.827377 -1.329323 0.556240 -0.545171 -0.627204 0.205557 0.794854 1 10 1.000000
template_skin
  10 -13.598709 44.302814 -0.628407 0.364624 -0.698609 -0.615625 0.266559 0.790210 1 10 1.000000
  10 -12.486917 45.827377 -1.329323 0.556240 -0.545171 -0.627204 0.205557 0.794854 1 10 1.000000
  10 -12.760933 44.565804 1.150878 0.803172 -0.562078 0.197441 0.261933 0.736569 1 10 1.000000
template_skin
  10 -15.055920 42.458614 0.747428 0.404507 -0.778211 -0.480376 0.335660 0.773573 1 10 1.000000
  10 -13.598709 44.302814 -0.628407 0.364624 -0.698609 -0.615625 0.266559 0.790210 1 10 1.000000
  10 -12.760933 44.565804 1.150878 0.803172 -0.562078 0.197441 0.261933 0.736569 1 10 1.000000
template_skin
  10 -12.760933 44.565804 1.150878 0.803172 -0.562078 0.197441 0.261933 0.736569 1 10 1.000000
  10 -15.873557 41.280872 3.315397 0.811662 -0.501437 0.299609 0.397463 0.719164 1 10 1.000000
  10 -15.055920 42.458614 0.747428 0.404507 -0.778211 -0.480376 0.335660 0.773573 1 10 1.000000
template_skin
  10 -16.400896 41.056396 2.198455 0.458217 -0.787479 -0.412207 0.388873 0.760213 1 10 1.000000
  10 -15.055920 42.458614 0.747428 0.404507 -0.778211 -0.480376 0.335660 0.773573 1 10 1.000000
  10 -15.873557 41.280872 3.315397 0.811662 -0.501437 0.299609 0.397463 0.719164 1 10 1.000000
template_skin
  10 -17.329659 39.968060 3.330987 0.607970 -0.712178 -0.350963 0.444289 0.747505 1 10 1.000000
  10 -16.400896 41.056396 2.198455 0.458217 -0.787479 -0.412207 0.388873 0.760213 1 10 1.000000
  10 -15.873557 41.280872 3.315397 0.811662 -0.501437 0.299609 0.397463 0.719164 1 10 1.000000
template_skin
  10 -15.873557 41.280872 3.315397 0.811662 -0.501437 0.299609 0.397463 0.719164 1 10 1.000000
  10 -17.232645 39.717133 4.827288 0.977435 -0.209374 0.027968 0.473482 0.705099 2 10 0.499966 11 0.500034
  10 -17.329659 39.968060 3.330987 0.607970 -0.712178 -0.350963 0.444289 0.747505 1 10 1.000000
template_skin
  10 -17.693867 39.351055 3.837262 0.783345 -0.442674 -0.436360 0.464290 0.742264 1 10 1.000000
  10 -17.329659 39.968060 3.330987 0.607970 -0.712178 -0.350963 0.444289 0.747505 1 10 1.000000
  10 -17.232645 39.717133 4.827288 0.977435 -0.209374 0.027968 0.473482 0.705099 2 10 0.499966 11 0.500034
template_skin
  10 -17.738367 39.080379 3.867920 0.821605 -0.257087 -0.508795 0.473092 0.745070 1 10 1.000000
  10 -17.693867 39.351055 3.837262 0.783345 -0.442674 -0.436360 0.464290 0.742264 1 10 1.000000
  10 -17.232645 39.717133 4.827288 0.977435 -0.209374 0.027968 0.473482 0.705099 2 10 0.499966 11 0.500034
template_skin
  10 -17.232645 39.717133 4.827288 0.977435 -0.209374 0.027968 0.473482 0.705099 2 10 0.499966 11 0.500034
  11 -17.192127 39.496605 5.069887 0.883241 0.357096 -0.303921 0.484390 0.705162 1 11 1.000000
  10 -17.738367 39.080379 3.867920 0.821605 -0.257087 -0.508795 0.473092 0.745070 1 10 1.000000
template_skin
  11 -17.505659 39.955944 5.474329 0.519925 0.592378 0.615440 0.495607 0.687850 1 11 1.000000
  11 -17.192127 39.496605 5.069887 0.883241 0.357096 -0.303921 0.484390 0.705162 1 11 1.000000
  10 -17.232645 39.717133 4.827288 0.977435 -0.209374 0.027968 0.473482 0.705099 2 10 0.499966 11 0.500034
template_skin
  11 -16.944263 39.602119 5.669647 0.812835 0.582353 -0.012807 0.492651 0.716379 1 11 1.000000
  11 -17.192127 39.496605 5.069887 0.883241 0.357096 -0.303921 0.484390 0.705162 1 11 1.000000
  11 -17.505659 39.955944 5.474329 0.519925 0.592378 0.615440 0.495607 0.687850 1 11 1.000000
template_skin
  11 -20.050257 36.663609 4.582073 -0.965425 -0.186890 0.181730 0.616512 0.586600 1 11 1.000000
  11 -20.177675 36.370026 4.727488 -0.629102 -0.086957 -0.772444 0.628434 0.586928 1 11 1.000000
  11 -20.284472 36.720295 5.175163 -0.900640 0.342814 0.267069 0.621842 0.604379 1 11 1.000000
template_skin
  11 -20.284472 36.720295 5.175163 -0.900640 0.342814 0.267069 0.621842 0.604379 1 11 1.000000
  11 -20.188839 36.915562 5.127640 -0.904184 0.229392 0.360319 0.612875 0.606591 1 11 1.000000
  11 -20.050257 36.663609 4.582073 -0.965425 -0.186890 0.181730 0.616512 0.586600 1 11 1.000000
template_skin
  11 -19.809666 36.634460 5.531526 -0.870201 -0.389342 0.301932 0.623068 0.623565 1 11 1.000000
  11 -20.188839 36.915562 5.127640 -0.904184 0.229392 0.360319 0.612875 0.606591 1 11 1.000000
  11 -20.284472 36.720295 5.175163 -0.900640 0.342814 0.267069 0.621842 0.604379 1 11 1.000000
template_skin
  11 -19.809666 36.634460 5.531526 -0.870201 -0.389342 0.301932 0.623068 0.623565 1 11 1.000000
  11 -19.810659 37.082188 5.411337 -0.933145 0.173265 0.314992 0.607625 0.623187 1 11 1.000000
  11 -20.188839 36.915562 5.127640 -0.904184 0.229392 0.360319 0.612875 0.606591 1 11 1.000000
template_skin
  11 -19.916473 37.039059 5.996531 -0.914653 0.293278 0.278206 0.613694 0.641531 1 11 1.000000
  11 -19.810659 37.082188 5.411337 -0.933145 0.173265 0.314992 0.607625 0.623187 1 11 1.000000
  11 -19.809666 36.634460 5.531526 -0.870201 -0.389342 0.301932 0.623068 0.623565 1 11 1.000000
template_skin
  11 -19.916473 37.039059 5.996531 -0.914653 0.293278 0.278206 0.613694 0.641531 1 11 1.000000
  11 -19.322420 39.314075 4.708292 -0.820549 0.472546 0.321558 0.528780 0.625259 1 11 1.000000
  11 -19.810659 37.082188 5.411337 -0.933145 0.173265 0.314992 0.607625 0.623187 1 11 1.000000
template_skin
  11 -19.916473 37.039059 5.996531 -0.914653 0.293278 0.278206 0.613694 0.641531 1 11 1.000000
  11 -18.696623 38.979691 5.842119 -0.558486 0.567218 0.605274 0.541412 0.664050 1 11 1.000000
  11 -19.322420 39.314075 4.708292 -0.820549 0.472546 0.321558 0.528780 0.625259 1 11 1.000000
template_skin
  11 -18.174397 40.264565 5.032510 -0.325313 0.588867 0.739869 0.498388 0.658795 1 11 1.000000
  11 -19.322420 39.314075 4.708292 -0.820549 0.472546 0.321558 0.528780 0.625259 1 11 1.000000
  11 -18.696623 38.979691 5.842119 -0.558486 0.567218 0.605274 0.541412 0.664050 1 11 1.000000
template_skin
  11 -18.174397 40.264565 5.032510 -0.325313 0.588867 0.739869 0.498388 0.658795 1 11 1.000000
  11 -18.696623 38.979691 5.842119 -0.558486 0.567218 0.605274 0.541412 0.664050 1 11 1.000000
  11 -17.505659 39.955944 5.474329 0.519925 0.592378 0.615440 0.495607 0.687850 1 11 1.000000
template_skin
  11 -17.505659 39.955944 5.474329 0.519925 0.592378 0.615440 0.495607 0.687850 1 11 1.000000
  10 -16.188461 41.922100 4.011443 0.442655 0.165423 0.881301 0.399028 0.688076 1 10 1.000000
  11 -18.174397 40.264565 5.032510 -0.325313 0.588867 0.739869 0.498388 0.658795 1 11 1.000000
template_skin
  10 -15.873557 41.280872 3.315397 0.811662 -0.501437 0.299609 0.397463 0.719164 1 10 1.000000
  10 -16.188461 41.922100 4.011443 0.442655 0.165423 0.881301 0.399028 0.688076 1 10 1.000000
  11 -17.505659 39.955944 5.474329 0.519925 0.592378 0.615440 0.495607 0.687850 1 11 1.000000
template_skin
  10 -16.188461 41.922100 4.011443 0.442655 0.165423 0.881301 0.399028 0.688076 1 10 1.000000
  10 -15.873557 41.280872 3.315397 0.811662 -0.501437 0.299609 0.397463 0.719164 1 10 1.000000
  10 -12.760933 44.565804 1.150878 0.803172 -0.562078 0.197441 0.261933 0.736569 1 10 1.000000
template_skin
  10 -12.760933 44.565804 1.150878 0.803172 -0.562078 0.197441 0.261933 0.736569 1 10 1.000000
  9 -11.742766 47.680069 0.972347 0.432661 0.017207 0.901392 0.179110 0.703651 1 9 1.000000
  10 -16.188461 41.922100 4.011443 0.442655 0.165423 0.881301 0.399028 0.688076 1 10 1.000000
template_skin
  9 -11.742766 47.680069 0.972347 0.432661 0.017207 0.901392 0.179110 0.703651 1 9 1.000000
  10 -12.760933 44.565804 1.150878 0.803172 -0.562078 0.197441 0.261933 0.736569 1 10 1.000000
  9 -11.203173 47.101532 -0.075283 0.870667 -0.448551 0.201841 0.173458 0.744461 1 9 1.000000
template_skin
  9 -9.997813 50.130451 0.627779 0.303661 -0.185980 0.934452 0.095043 0.702578 1 9 1.000000
  9 -11.742766 47.680069 0.972347 0.432661 0.017207 0.901392 0.179110 0.703651 1 9 1.000000
  9 -11.203173 47.101532 -0.075283 0.870667 -0.448551 0.201841 0.173458 0.744461 1 9 1.000000
template_skin
  9 -11.203173 47.101532 -0.075283 0.870667 -0.448551 0.201841 0.173458 0.744461 1 9 1.000000
  9 -9.258915 49.755852 -0.447601 0.761112 -0.623649 0.178243 0.084064 0.741073 1 9 1.000000
  9 -9.997813 50.130451 0.627779 0.303661 -0.185980 0.934452 0.095043 0.702578 1 9 1.000000
template_skin
  9 -9.467411 50.797134 0.666822 0.431090 -0.382517 0.817216 0.075034 0.702727 1 9 1.000000
  9 -9.997813 50.130451 0.627779 0.303661 -0.185980 0.934452 0.095043 0.702578 1 9 1.000000
  9 -9.258915 49.755852 -0.447601 0.761112 -0.623649 0.178243 0.084064 0.741073 1 9 1.000000
template_skin
  9 -9.258915 49.755852 -0.447601 0.761112 -0.623649 0.178243 0.084064 0.741073 1 9 1.000000
  9 -8.592178 50.426529 -0.573820 0.678670 -0.733977 0.026157 0.055673 0.749188 1 9 1.000000
  9 -9.467411 50.797134 0.666822 0.431090 -0.382517 0.817216 0.075034 0.702727 1 9 1.000000
template_skin
  11 -20.188839 36.915562 5.127640 -0.904184 0.229392 0.360319 0.612875 0.606591 1 11 1.000000
  11 -20.376417 36.855820 4.161766 -0.974330 0.138533 -0.177453 0.600963 0.573799 1 11 1.000000
  11 -20.050257 36.663609 4.582073 -0.965425 -0.186890 0.181730 0.616512 0.586600 1 11 1.000000
template_skin
  11 -19.322420 39.314075 4.708292 -0.820549 0.472546 0.321558 0.528780 0.625259 1 11 1.000000
  11 -20.376417 36.855820 4.161766 -0.974330 0.138533 -0.177453 0.600963 0.573799 1 11 1.000000
  11 -20.188839 36.915562 5.127640 -0.904184 0.229392 0.360319 0.612875 0.606591 1 11 1.000000
template_skin
  11 -19.810659 37.082188 5.411337 -0.933145 0.173265 0.314992 0.607625 0.623187 1 11 1.000000
  11 -19.322420 39.314075 4.708292 -0.820549 0.472546 0.321558 0.528780 0.625259 1 11 1.000000
  11 -20.188839 36.915562 5.127640 -0.904184 0.229392 0.360319 0.612875 0.606591 1 11 1.000000
template_skin
  9 -12.940242 48.478024 0.973868 -0.178527 0.519901 0.835363 0.181792 0.658299 1 9 1.000000
  11 -18.174397 40.264565 5.032510 -0.325313 0.588867 0.739869 0.498388 0.658795 1 11 1.000000
  10 -16.188461 41.922100 4.011443 0.442655 0.165423 0.881301 0.399028 0.688076 1 10 1.000000
template_skin
  10 -16.188461 41.922100 4.011443 0.442655 0.165423 0.881301 0.399028 0.688076 1 10 1.000000
  9 -11.742766 47.680069 0.972347 0.432661 0.017207 0.901392 0.179110 0.703651 1 9 1.000000
  9 -12.940242 48.478024 0.973868 -0.178527 0.519901 0.835363 0.181792 0.658299 1 9 1.000000
template_skin
  9 -11.550701 51.088745 0.512810 -0.461412 0.353795 0.813590 0.100949 0.651731 1 9 1.000000
  9 -12.940242 48.478024 0.973868 -0.178527 0.519901 0.835363 0.181792 0.658299 1 9 1.000000
  9 -11.742766 47.680069 0.972347 0.432661 0.017207 0.901392 0.179110 0.703651 1 9 1.000000
template_skin
  9 -11.742766 47.680069 0.972347 0.432661 0.017207 0.901392 0.179110 0.703651 1 9 1.000000
  9 -9.997813 50.130451 0.627779 0.303661 -0.185980 0.934452 0.095043 0.702578 1 9 1.000000
  9 -11.550701 51.088745 0.512810 -0.461412 0.353795 0.813590 0.100949 0.651731 1 9 1.000000
template_skin
  9 -11.058304 51.711231 0.537540 -0.427577 0.296187 0.854079 0.082622 0.654223 1 9 1.000000
  9 -11.550701 51.088745 0.512810 -0.461412 0.353795 0.813590 0.100949 0.651731 1 9 1.000000
  9 -9.997813 50.130451 0.627779 0.303661 -0.185980 0.934452 0.095043 0.702578 1 9 1.000000
template_skin
  9 -9.997813 50.130451 0.627779 0.303661 -0.185980 0.934452 0.095043 0.702578 1 9 1.000000
  9 -9.467411 50.797134 0.666822 0.431090 -0.382517 0.817216 0.075034 0.702727 1 9 1.000000
  9 -11.058304 51.711231 0.537540 -0.427577 0.296187 0.854079 0.082622 0.654223 1 9 1.000000
template_skin
  11 -20.447666 36.455894 4.134277 -0.994629 0.030730 0.098836 0.608545 0.566594 1 11 1.000000
  11 -20.140314 36.282776 4.465530 -0.212201 -0.294042 0.931939 0.623316 0.574994 1 11 1.000000
  11 -20.050257 36.663609 4.582073 -0.965425 -0.186890 0.181730 0.616512 0.586600 1 11 1.000000
template_skin
  11 -20.050257 36.663609 4.582073 -0.965425 -0.186890 0.181730 0.616512 0.586600 1 11 1.000000
  11 -20.376417 36.855820 4.161766 -0.974330 0.138533 -0.177453 0.600963 0.573799 1 11 1.000000
  11 -20.447666 36.455894 4.134277 -0.994629 0.030730 0.098836 0.608545 0.566594 1 11 1.000000
template_skin
  11 -20.376417 36.855820 4.161766 -0.974330 0.138533 -0.177453 0.600963 0.573799 1 11 1.000000
  11 -20.169909 36.384674 3.704708 -0.489522 -0.163112 -0.856600 0.599853 0.549653 1 11 1.000000
  11 -20.447666 36.455894 4.134277 -0.994629 0.030730 0.098836 0.608545 0.566594 1 11 1.000000
template_skin
  11 -19.353481 36.732990 3.562550 0.521348 -0.686408 -0.506991 0.579048 0.537140 1 11 1.000000
  11 -19.722656 36.430195 3.761825 0.590630 -0.418068 -0.690199 0.607897 0.530602 1 11 1.000000
  11 -20.169909 36.384674 3.704708 -0.489522 -0.163112 -0.856600 0.599853 0.549653 1 11 1.000000
template_skin
  11 -20.169909 36.384674 3.704708 -0.489522 -0.163112 -0.856600 0.599853 0.549653 1 11 1.000000
  10 -18.652702 38.166504 3.068267 0.402289 -0.343919 -0.848459 0.527010 0.557314 2 10 0.149569 11 0.850431
  11 -19.353481 36.732990 3.562550 0.521348 -0.686408 -0.506991 0.579048 0.537140 1 11 1.000000
template_skin
  10 -18.652702 38.166504 3.068267 0.402289 -0.343919 -0.848459 0.527010 0.557314 2 10 0.149569 11 0.850431
  11 -20.169909 36.384674 3.704708 -0.489522 -0.163112 -0.856600 0.599853 0.549653 1 11 1.000000
  11 -18.575722 39.185646 2.999482 0.051116 -0.327839 -0.943350 0.498969 0.575634 1 11 1.000000
template_skin
  11 -20.169909 36.384674 3.704708 -0.489522 -0.163112 -0.856600 0.599853 0.549653 1 11 1.000000
  11 -20.376417 36.855820 4.161766 -0.974330 0.138533 -0.177453 0.600963 0.573799 1 11 1.000000
  11 -18.575722 39.185646 2.999482 0.051116 -0.327839 -0.943350 0.498969 0.575634 1 11 1.000000
template_skin
  11 -20.376417 36.855820 4.161766 -0.974330 0.138533 -0.177453 0.600963 0.573799 1 11 1.000000
  10 -18.831789 40.054699 3.515963 -0.868040 0.385803 -0.312511 0.483408 0.605993 1 10 1.000000
  11 -18.575722 39.185646 2.999482 0.051116 -0.327839 -0.943350 0.498969 0.575634 1 11 1.000000
template_skin
  11 -19.322420 39.314075 4.708292 -0.820549 0.472546 0.321558 0.528780 0.625259 1 11 1.000000
  10 -18.831789 40.054699 3.515963 -0.868040 0.385803 -0.312511 0.483408 0.605993 1 10 1.000000
  11 -20.376417 36.855820 4.161766 -0.974330 0.138533 -0.177453 0.600963 0.573799 1 11 1.000000
template_skin
  10 -18.831789 40.054699 3.515963 -0.868040 0.385803 -0.312511 0.483408 0.605993 1 10 1.000000
  11 -19.322420 39.314075 4.708292 -0.820549 0.472546 0.321558 0.528780 0.625259 1 11 1.000000
  11 -18.812019 40.262005 4.260683 -0.810413 0.541628 0.223314 0.493977 0.625386 1 11 1.000000
template_skin
  11 -18.812019 40.262005 4.260683 -0.810413 0.541628 0.223314 0.493977 0.625386 1 11 1.000000
  11 -19.322420 39.314075 4.708292 -0.820549 0.472546 0.321558 0.528780 0.625259 1 11 1.000000
  11 -18.174397 40.264565 5.032510 -0.325313 0.588867 0.739869 0.498388 0.658795 1 11 1.000000
template_skin
  11 -18.174397 40.264565 5.032510 -0.325313 0.588867 0.739869 0.498388 0.658795 1 11 1.000000
  10 -15.447334 46.510986 1.309901 -0.684828 0.622533 0.378766 0.264550 0.626221 1 10 1.000000
  11 -18.812019 40.262005 4.260683 -0.810413 0.541628 0.223314 0.493977 0.625386 1 11 1.000000
template_skin
  10 -15.447334 46.510986 1.309901 -0.684828 0.622533 0.378766 0.264550 0.626221 1 10 1.000000
  11 -18.174397 40.264565 5.032510 -0.325313 0.588867 0.739869 0.498388 0.658795 1 11 1.000000
  9 -12.940242 48.478024 0.973868 -0.178527 0.519901 0.835363 0.181792 0.658299 1 9 1.000000
template_skin
  9 -12.940242 48.478024 0.973868 -0.178527 0.519901 0.835363 0.181792 0.658299 1 9 1.000000
  9 -13.455484 48.765514 0.154908 -0.730233 0.638572 0.242869 0.178068 0.625025 1 9 1.000000
  10 -15.447334 46.510986 1.309901 -0.684828 0.622533 0.378766 0.264550 0.626221 1 10 1.000000
template_skin
  9 -13.455484 48.765514 0.154908 -0.730233 0.638572 0.242869 0.178068 0.625025 1 9 1.000000
  9 -12.940242 48.478024 0.973868 -0.178527 0.519901 0.835363 0.181792 0.658299 1 9 1.000000
  9 -11.550701 51.088745 0.512810 -0.461412 0.353795 0.813590 0.100949 0.651731 1 9 1.000000
template_skin
  9 -11.550701 51.088745 0.512810 -0.461412 0.353795 0.813590 0.100949 0.651731 1 9 1.000000
  9 -11.977230 51.437813 -0.410566 -0.816004 0.534945 0.219023 0.096649 0.622605 1 9 1.000000
  9 -13.455484 48.765514 0.154908 -0.730233 0.638572 0.242869 0.178068 0.625025 1 9 1.000000
template_skin
  9 -11.977230 51.437813 -0.410566 -0.816004 0.534945 0.219023 0.096649 0.622605 1 9 1.000000
  9 -11.550701 51.088745 0.512810 -0.461412 0.353795 0.813590 0.100949 0.651731 1 9 1.000000
  9 -11.058304 51.711231 0.537540 -0.427577 0.296187 0.854079 0.082622 0.654223 1 9 1.000000
template_skin
  9 -11.058304 51.711231 0.537540 -0.427577 0.296187 0.854079 0.082622 0.654223 1 9 1.000000
  9 -11.546852 52.071621 -0.466929 -0.839501 0.520536 0.155821 0.080775 0.624270 1 9 1.000000
  9 -11.977230 51.437813 -0.410566 -0.816004 0.534945 0.219023 0.096649 0.622605 1 9 1.000000
template_skin
  9 -13.015398 49.345703 -1.180703 -0.848099 0.449980 -0.279723 0.152468 0.586231 1 9 1.000000
  9 -11.977230 51.437813 -0.410566 -0.816004 0.534945 0.219023 0.096649 0.622605 1 9 1.000000
  9 -11.546852 52.071621 -0.466929 -0.839501 0.520536 0.155821 0.080775 0.624270 1 9 1.000000
template_skin
  9 -11.546852 52.071621 -0.466929 -0.839501 0.520536 0.155821 0.080775 0.624270 1 9 1.000000
  9 -11.661776 51.901409 -1.989165 -0.832317 0.275446 -0.481018 0.078637 0.583276 1 9 1.000000
  9 -13.015398 49.345703 -1.180703 -0.848099 0.449980 -0.279723 0.152468 0.586231 1 9 1.000000
template_skin
  9 -12.236712 48.748325 -2.343392 -0.249327 -0.030614 -0.967935 0.144073 0.539657 2 9 0.500140 10 0.499860
  9 -13.015398 49.345703 -1.180703 -0.848099 0.449980 -0.279723 0.152468 0.586231 1 9 1.000000
  9 -11.661776 51.901409 -1.989165 -0.832317 0.275446 -0.481018 0.078637 0.583276 1 9 1.000000
template_skin
  9 -11.661776 51.901409 -1.989165 -0.832317 0.275446 -0.481018 0.078637 0.583276 1 9 1.000000
  9 -10.502710 51.418510 -3.207708 -0.109670 -0.276530 -0.954727 0.061606 0.537346 1 9 1.000000
  9 -12.236712 48.748325 -2.343392 -0.249327 -0.030614 -0.967935 0.144073 0.539657 2 9 0.500140 10 0.499860
template_skin
  10 -18.831789 40.054699 3.515963 -0.868040 0.385803 -0.312511 0.483408 0.605993 1 10 1.000000
  11 -18.812019 40.262005 4.260683 -0.810413 0.541628 0.223314 0.493977 0.625386 1 11 1.000000
  10 -15.447334 46.510986 1.309901 -0.684828 0.622533 0.378766 0.264550 0.626221 1 10 1.000000
template_skin
  10 -15.447334 46.510986 1.309901 -0.684828 0.622533 0.378766 0.264550 0.626221 1 10 1.000000
  10 -15.780149 46.222168 -0.055080 -0.866063 0.348211 -0.358724 0.263045 0.589378 1 10 1.000000
  10 -18.831789 40.054699 3.515963 -0.868040 0.385803 -0.312511 0.483408 0.605993 1 10 1.000000
template_skin
  10 -15.780149 46.222168 -0.055080 -0.866063 0.348211 -0.358724 0.263045 0.589378 1 10 1.000000
  10 -15.447334 46.510986 1.309901 -0.684828 0.622533 0.378766 0.264550 0.626221 1 10 1.000000
  9 -13.455484 48.765514 0.154908 -0.730233 0.638572 0.242869 0.178068 0.625025 1 9 1.000000
template_skin
  10 -18.831789 40.054699 3.515963 -0.868040 0.385803 -0.312511 0.483408 0.605993 1 10 1.000000
  10 -16.088182 42.945919 0.223549 -0.398806 -0.361041 -0.842973 0.340669 0.550879 1 10 1.000000
  11 -18.575722 39.185646 2.999482 0.051116 -0.327839 -0.943350 0.498969 0.575634 1 11 1.000000
template_skin
  10 -16.088182 42.945919 0.223549 -0.398806 -0.361041 -0.842973 0.340669 0.550879 1 10 1.000000
  10 -18.831789 40.054699 3.515963 -0.868040 0.385803 -0.312511 0.483408 0.605993 1 10 1.000000
  10 -15.780149 46.222168 -0.055080 -0.866063 0.348211 -0.358724 0.263045 0.589378 1 10 1.000000
template_skin
  10 -15.780149 46.222168 -0.055080 -0.866063 0.348211 -0.358724 0.263045 0.589378 1 10 1.000000
  10 -13.921827 46.160351 -1.815851 -0.225274 -0.267110 -0.936965 0.225352 0.533507 1 10 1.000000
  10 -16.088182 42.945919 0.223549 -0.398806 -0.361041 -0.842973 0.340669 0.550879 1 10 1.000000
template_skin
  9 -12.236712 48.748325 -2.343392 -0.249327 -0.030614 -0.967935 0.144073 0.539657 2 9 0.500140 10 0.499860
  10 -13.921827 46.160351 -1.815851 -0.225274 -0.267110 -0.936965 0.225352 0.533507 1 10 1.000000
  10 -15.780149 46.222168 -0.055080 -0.866063 0.348211 -0.358724 0.263045 0.589378 1 10 1.000000
template_skin
  10 -15.780149 46.222168 -0.055080 -0.866063 0.348211 -0.358724 0.263045 0.589378 1 10 1.000000
  9 -13.015398 49.345703 -1.180703 -0.848099 0.449980 -0.279723 0.152468 0.586231 1 9 1.000000
  9 -12.236712 48.748325 -2.343392 -0.249327 -0.030614 -0.967935 0.144073 0.539657 2 9 0.500140 10 0.499860
template_skin
  9 -13.455484 48.765514 0.154908 -0.730233 0.638572 0.242869 0.178068 0.625025 1 9 1.000000
  9 -13.015398 49.345703 -1.180703 -0.848099 0.449980 -0.279723 0.152468 0.586231 1 9 1.000000
  10 -15.780149 46.222168 -0.055080 -0.866063 0.348211 -0.358724 0.263045 0.589378 1 10 1.000000
template_skin
  9 -13.015398 49.345703 -1.180703 -0.848099 0.449980 -0.279723 0.152468 0.586231 1 9 1.000000
  9 -13.455484 48.765514 0.154908 -0.730233 0.638572 0.242869 0.178068 0.625025 1 9 1.000000
  9 -11.977230 51.437813 -0.410566 -0.816004 0.534945 0.219023 0.096649 0.622605 1 9 1.000000
template_skin
  9 -10.502710 51.418510 -3.207708 -0.109670 -0.276530 -0.954727 0.061606 0.537346 1 9 1.000000
  9 -8.932589 50.693172 -2.386931 0.448683 -0.668781 -0.592803 0.046245 0.488198 1 9 1.000000
  9 -9.830532 50.014034 -2.300384 0.442352 -0.593674 -0.672217 0.080969 0.495406 1 9 1.000000
template_skin
  9 -9.830532 50.014034 -2.300384 0.442352 -0.593674 -0.672217 0.080969 0.495406 1 9 1.000000
  9 -12.236712 48.748325 -2.343392 -0.249327 -0.030614 -0.967935 0.144073 0.539657 2 9 0.500140 10 0.499860
  9 -10.502710 51.418510 -3.207708 -0.109670 -0.276530 -0.954727 0.061606 0.537346 1 9 1.000000
template_skin
  9 -9.830532 50.014034 -2.300384 0.442352 -0.593674 -0.672217 0.080969 0.495406 1 9 1.000000
  9 -10.962058 48.071392 -1.616411 0.623252 -0.555716 -0.550215 0.133931 0.492334 1 9 1.000000
  9 -12.236712 48.748325 -2.343392 -0.249327 -0.030614 -0.967935 0.144073 0.539657 2 9 0.500140 10 0.499860
template_skin
  9 -12.236712 48.748325 -2.343392 -0.249327 -0.030614 -0.967935 0.144073 0.539657 2 9 0.500140 10 0.499860
  9 -10.962058 48.071392 -1.616411 0.623252 -0.555716 -0.550215 0.133931 0.492334 1 9 1.000000
  9 -11.630624 47.302673 -1.618161 0.613673 -0.485844 -0.622383 0.163413 0.495200 1 9 1.000000
template_skin
  9 -12.236712 48.748325 -2.343392 -0.249327 -0.030614 -0.967935 0.144073 0.539657 2 9 0.500140 10 0.499860
  9 -11.630624 47.302673 -1.618161 0.613673 -0.485844 -0.622383 0.163413 0.495200 1 9 1.000000
  10 -12.486917 45.827377 -1.329323 0.556240 -0.545171 -0.627204 0.217571 0.492309 1 10 1.000000
template_skin
  10 -12.486917 45.827377 -1.329323 0.556240 -0.545171 -0.627204 0.217571 0.492309 1 10 1.000000
  10 -13.921827 46.160351 -1.815851 -0.225274 -0.267110 -0.936965 0.225352 0.533507 1 10 1.000000
  9 -12.236712 48.748325 -2.343392 -0.249327 -0.030614 -0.967935 0.144073 0.539657 2 9 0.500140 10 0.499860
template_skin
  10 -13.921827 46.160351 -1.815851 -0.225274 -0.267110 -0.936965 0.225352 0.533507 1 10 1.000000
  10 -12.486917 45.827377 -1.329323 0.556240 -0.545171 -0.627204 0.217571 0.492309 1 10 1.000000
  10 -13.598709 44.302814 -0.628407 0.364624 -0.698609 -0.615625 0.277520 0.496895 1 10 1.000000
template_skin
  10 -16.088182 42.945919 0.223549 -0.398806 -0.361041 -0.842973 0.340669 0.550879 1 10 1.000000
  10 -13.921827 46.160351 -1.815851 -0.225274 -0.267110 -0.936965 0.225352 0.533507 1 10 1.000000
  10 -13.598709 44.302814 -0.628407 0.364624 -0.698609 -0.615625 0.277520 0.496895 1 10 1.000000
template_skin
  10 -13.598709 44.302814 -0.628407 0.364624 -0.698609 -0.615625 0.277520 0.496895 1 10 1.000000
  10 -15.055920 42.458614 0.747428 0.404507 -0.778211 -0.480376 0.348122 0.512710 1 10 1.000000
  10 -16.088182 42.945919 0.223549 -0.398806 -0.361041 -0.842973 0.340669 0.550879 1 10 1.000000
template_skin
  10 -15.055920 42.458614 0.747428 0.404507 -0.778211 -0.480376 0.348122 0.512710 1 10 1.000000
  10 -16.400896 41.056396 2.198455 0.458217 -0.787479 -0.412207 0.401706 0.526903 1 10 1.000000
  10 -16.088182 42.945919 0.223549 -0.398806 -0.361041 -0.842973 0.340669 0.550879 1 10 1.000000
template_skin
  11 -18.575722 39.185646 2.999482 0.051116 -0.327839 -0.943350 0.498969 0.575634 1 11 1.000000
  10 -16.088182 42.945919 0.223549 -0.398806 -0.361041 -0.842973 0.340669 0.550879 1 10 1.000000
  10 -16.400896 41.056396 2.198455 0.458217 -0.787479 -0.412207 0.401706 0.526903 1 10 1.000000
template_skin
  10 -16.400896 41.056396 2.198455 0.458217 -0.787479 -0.412207 0.401706 0.526903 1 10 1.000000
  10 -17.329659 39.968060 3.330987 0.607970 -0.712178 -0.350963 0.455365 0.542263 1 10 1.000000
  11 -18.575722 39.185646 2.999482 0.051116 -0.327839 -0.943350 0.498969 0.575634 1 11 1.000000
template_skin
  10 -17.329659 39.968060 3.330987 0.607970 -0.712178 -0.350963 0.455365 0.542263 1 10 1.000000
  10 -17.693867 39.351055 3.837262 0.783345 -0.442674 -0.436360 0.482027 0.544282 1 10 1.000000
  11 -18.575722 39.185646 2.999482 0.051116 -0.327839 -0.943350 0.498969 0.575634 1 11 1.000000
template_skin
  10 -17.693867 39.351055 3.837262 0.783345 -0.442674 -0.436360 0.482027 0.544282 1 10 1.000000
  10 -17.738367 39.080379 3.867920 0.821605 -0.257087 -0.508795 0.491132 0.544093 1 10 1.000000
  11 -18.575722 39.185646 2.999482 0.051116 -0.327839 -0.943350 0.498969 0.575634 1 11 1.000000
template_skin
  10 -18.652702 38.166504 3.068267 0.402289 -0.343919 -0.848459 0.527010 0.557314 2 10 0.149569 11 0.850431
  11 -18.575722 39.185646 2.999482 0.051116 -0.327839 -0.943350 0.498969 0.575634 1 11 1.000000
  10 -17.738367 39.080379 3.867920 0.821605 -0.257087 -0.508795 0.491132 0.544093 1 10 1.000000
template_skin
  10 -17.738367 39.080379 3.867920 0.821605 -0.257087 -0.508795 0.491132 0.544093 1 10 1.000000
  11 -18.072678 38.042637 4.564531 0.721983 -0.643757 -0.253609 0.520425 0.514405 1 11 1.000000
  10 -18.652702 38.166504 3.068267 0.402289 -0.343919 -0.848459 0.527010 0.557314 2 10 0.149569 11 0.850431
template_skin
  11 -19.353481 36.732990 3.562550 0.521348 -0.686408 -0.506991 0.579048 0.537140 1 11 1.000000
  10 -18.652702 38.166504 3.068267 0.402289 -0.343919 -0.848459 0.527010 0.557314 2 10 0.149569 11 0.850431
  11 -18.072678 38.042637 4.564531 0.721983 -0.643757 -0.253609 0.520425 0.514405 1 11 1.000000
template_skin
  11 -19.495333 36.491211 4.567845 0.558848 -0.800831 -0.215308 0.593780 0.498213 1 11 1.000000
  11 -19.353481 36.732990 3.562550 0.521348 -0.686408 -0.506991 0.579048 0.537140 1 11 1.000000
  11 -18.072678 38.042637 4.564531 0.721983 -0.643757 -0.253609 0.520425 0.514405 1 11 1.000000
template_skin
  11 -18.072678 38.042637 4.564531 0.721983 -0.643757 -0.253609 0.520425 0.514405 1 11 1.000000
  11 -19.271299 36.527138 5.189786 0.685600 -0.690752 -0.229814 0.581163 0.480845 1 11 1.000000
  11 -19.495333 36.491211 4.567845 0.558848 -0.800831 -0.215308 0.593780 0.498213 1 11 1.000000
template_skin
  11 -19.722656 36.430195 3.761825 0.590630 -0.418068 -0.690199 0.607897 0.530602 1 11 1.000000
  11 -19.353481 36.732990 3.562550 0.521348 -0.686408 -0.506991 0.579048 0.537140 1 11 1.000000
  11 -19.495333 36.491211 4.567845 0.558848 -0.800831 -0.215308 0.593780 0.498213 1 11 1.000000
template_skin
  11 -19.495333 36.491211 4.567845 0.558848 -0.800831 -0.215308 0.593780 0.498213 1 11 1.000000
  11 -19.631090 36.387764 4.218938 0.880267 -0.390290 0.269820 0.610106 0.518200 1 11 1.000000
  11 -19.722656 36.430195 3.761825 0.590630 -0.418068 -0.690199 0.607897 0.530602 1 11 1.000000
template_skin
  11 -19.495333 36.491211 4.567845 0.558848 -0.800831 -0.215308 0.593780 0.498213 1 11 1.000000
  11 -20.140314 36.282776 4.465530 -0.330207 -0.299097 0.895268 0.621223 0.507083 1 11 1.000000
  11 -19.631090 36.387764 4.218938 0.880267 -0.390290 0.269820 0.610106 0.518200 1 11 1.000000
template_skin
  11 -20.050257 36.663609 4.582073 -0.965425 -0.186890 0.181730 0.625878 0.493701 1 11 1.000000
  11 -20.140314 36.282776 4.465530 -0.330207 -0.299097 0.895268 0.621223 0.507083 1 11 1.000000
  11 -19.495333 36.491211 4.567845 0.558848 -0.800831 -0.215308 0.593780 0.498213 1 11 1.000000
template_skin
  11 -19.495333 36.491211 4.567845 0.558848 -0.800831 -0.215308 0.593780 0.498213 1 11 1.000000
  11 -20.177675 36.370026 4.727488 -0.629102 -0.086957 -0.772444 0.613010 0.488733 1 11 1.000000
  11 -20.050257 36.663609 4.582073 -0.965425 -0.186890 0.181730 0.625878 0.493701 1 11 1.000000
template_skin
  11 -19.572744 36.315567 4.708412 0.471492 -0.535849 -0.700401 0.596824 0.490739 1 11 1.000000
  11 -20.177675 36.370026 4.727488 -0.629102 -0.086957 -0.772444 0.613010 0.488733 1 11 1.000000
  11 -19.495333 36.491211 4.567845 0.558848 -0.800831 -0.215308 0.593780 0.498213 1 11 1.000000
template_skin
  11 -19.572744 36.315567 4.708412 0.471492 -0.535849 -0.700401 0.596824 0.490739 1 11 1.000000
  11 -19.495333 36.491211 4.567845 0.558848 -0.800831 -0.215308 0.593780 0.498213 1 11 1.000000
  11 -19.271299 36.527138 5.189786 0.685600 -0.690752 -0.229814 0.581163 0.480845 1 11 1.000000
template_skin
  11 -19.271299 36.527138 5.189786 0.685600 -0.690752 -0.229814 0.581163 0.480845 1 11 1.000000
  11 -19.429110 36.343559 5.208083 0.764122 -0.414919 0.493923 0.591116 0.479869 1 11 1.000000
  11 -19.572744 36.315567 4.708412 0.471492 -0.535849 -0.700401 0.596824 0.490739 1 11 1.000000
template_skin
  11 -19.809666 36.634460 5.531526 -0.883909 -0.253078 0.393263 0.596521 0.457961 1 11 1.000000
  11 -19.429110 36.343559 5.208083 0.764122 -0.414919 0.493923 0.591116 0.479869 1 11 1.000000
  11 -19.271299 36.527138 5.189786 0.685600 -0.690752 -0.229814 0.581163 0.480845 1 11 1.000000
template_skin
  11 -19.931343 36.406063 5.499718 -0.183930 0.103169 0.977510 0.598946 0.464348 1 11 1.000000
  11 -19.429110 36.343559 5.208083 0.764122 -0.414919 0.493923 0.591116 0.479869 1 11 1.000000
  11 -19.809666 36.634460 5.531526 -0.883909 -0.253078 0.393263 0.596521 0.457961 1 11 1.000000
template_skin
  11 -17.041557 38.354950 5.604364 0.753808 -0.526277 -0.393454 0.485707 0.487020 1 11 1.000000
  10 -17.738367 39.080379 3.867920 0.821605 -0.257087 -0.508795 0.491132 0.544093 1 10 1.000000
  11 -17.052483 38.964161 4.906087 0.908880 -0.059896 -0.412734 0.474669 0.515542 1 11 1.000000
template_skin
  10 -17.738367 39.080379 3.867920 0.821605 -0.257087 -0.508795 0.491132 0.544093 1 10 1.000000
  11 -17.041557 38.354950 5.604364 0.753808 -0.526277 -0.393454 0.485707 0.487020 1 11 1.000000
  11 -18.072678 38.042637 4.564531 0.721983 -0.643757 -0.253609 0.520425 0.514405 1 11 1.000000
template_skin
  11 -18.072678 38.042637 4.564531 0.721983 -0.643757 -0.253609 0.520425 0.514405 1 11 1.000000
  11 -17.041557 38.354950 5.604364 0.753808 -0.526277 -0.393454 0.485707 0.487020 1 11 1.000000
  11 -17.835314 37.913692 5.828881 0.530059 -0.842668 -0.094599 0.509520 0.477136 1 11 1.000000
template_skin
  11 -18.072678 38.042637 4.564531 0.721983 -0.643757 -0.253609 0.520425 0.514405 1 11 1.000000
  11 -17.835314 37.913692 5.828881 0.530059 -0.842668 -0.094599 0.509520 0.477136 1 11 1.000000
  11 -18.610392 36.674267 6.345718 0.675177 -0.716233 -0.176482 0.540661 0.451322 1 11 1.000000
template_skin
  11 -18.610392 36.674267 6.345718 0.675177 -0.716233 -0.176482 0.540661 0.451322 1 11 1.000000
  11 -19.271299 36.527138 5.189786 0.685600 -0.690752 -0.229814 0.581163 0.480845 1 11 1.000000
  11 -18.072678 38.042637 4.564531 0.721983 -0.643757 -0.253609 0.520425 0.514405 1 11 1.000000
template_skin
  11 -19.271299 36.527138 5.189786 0.685600 -0.690752 -0.229814 0.581163 0.480845 1 11 1.000000
  11 -18.610392 36.674267 6.345718 0.675177 -0.716233 -0.176482 0.540661 0.451322 1 11 1.000000
  11 -19.035089 36.222378 6.086908 0.860150 -0.483763 0.161600 0.565322 0.451549 1 11 1.000000
template_skin
  11 -19.035089 36.222378 6.086908 0.860150 -0.483763 0.161600 0.565322 0.451549 1 11 1.000000
  11 -19.253523 36.128902 5.643455 0.207451 -0.525112 -0.825361 0.575826 0.461593 1 11 1.000000
  11 -19.271299 36.527138 5.189786 0.685600 -0.690752 -0.229814 0.581163 0.480845 1 11 1.000000
template_skin
  11 -19.271299 36.527138 5.189786 0.685600 -0.690752 -0.229814 0.581163 0.480845 1 11 1.000000
  11 -19.253523 36.128902 5.643455 0.207451 -0.525112 -0.825361 0.575826 0.461593 1 11 1.000000
  11 -19.809666 36.634460 5.531526 -0.883909 -0.253078 0.393263 0.596521 0.457961 1 11 1.000000
template_skin
  11 -19.809666 36.634460 5.531526 -0.883909 -0.253078 0.393263 0.596521 0.457961 1 11 1.000000
  11 -19.253523 36.128902 5.643455 0.207451 -0.525112 -0.825361 0.575826 0.461593 1 11 1.000000
  11 -19.764318 36.390099 5.636549 -0.713749 -0.136195 -0.687033 0.590550 0.454128 1 11 1.000000
template_skin
  11 -19.211510 36.639217 6.543435 -0.655122 -0.396934 -0.642852 0.546869 0.432354 1 11 1.000000
  11 -18.610392 36.674267 6.345718 0.675177 -0.716233 -0.176482 0.540661 0.451322 1 11 1.000000
  11 -18.735682 36.422703 6.563505 0.371712 -0.663556 -0.649249 0.540359 0.443896 1 11 1.000000
template_skin
  11 -18.610392 36.674267 6.345718 0.675177 -0.716233 -0.176482 0.540661 0.451322 1 11 1.000000
  11 -19.211510 36.639217 6.543435 -0.655122 -0.396934 -0.642852 0.546869 0.432354 1 11 1.000000
  11 -19.549240 36.947624 6.489437 -0.783968 0.048954 0.618868 0.558974 0.427594 1 11 1.000000
template_skin
  11 -19.549240 36.947624 6.489437 -0.783968 0.048954 0.618868 0.558974 0.427594 1 11 1.000000
  11 -19.359468 36.479191 6.372187 0.012150 -0.218405 0.975782 0.563695 0.442735 1 11 1.000000
  11 -18.610392 36.674267 6.345718 0.675177 -0.716233 -0.176482 0.540661 0.451322 1 11 1.000000
template_skin
  11 -18.610392 36.674267 6.345718 0.675177 -0.716233 -0.176482 0.540661 0.451322 1 11 1.000000
  11 -19.359468 36.479191 6.372187 0.012150 -0.218405 0.975782 0.563695 0.442735 1 11 1.000000
  11 -19.035089 36.222378 6.086908 0.860150 -0.483763 0.161600 0.565322 0.451549 1 11 1.000000
template_skin
  11 -17.052483 38.964161 4.906087 0.908880 -0.059896 -0.412734 0.474669 0.515542 1 11 1.000000
  10 -17.738367 39.080379 3.867920 0.821605 -0.257087 -0.508795 0.491132 0.544093 1 10 1.000000
  11 -17.192127 39.496605 5.069887 0.883241 0.357096 -0.303921 0.455496 0.522234 1 11 1.000000
template_skin
  11 -17.192127 39.496605 5.069887 0.883241 0.357096 -0.303921 0.455496 0.522234 1 11 1.000000
  11 -16.944263 39.602119 5.669647 0.812835 0.582353 -0.012807 0.446850 0.507063 1 11 1.000000
  11 -17.052483 38.964161 4.906087 0.908880 -0.059896 -0.412734 0.474669 0.515542 1 11 1.000000
template_skin
  11 -17.052483 38.964161 4.906087 0.908880 -0.059896 -0.412734 0.474669 0.515542 1 11 1.000000
  11 -16.944263 39.602119 5.669647 0.812835 0.582353 -0.012807 0.446850 0.507063 1 11 1.000000
  11 -16.813311 39.130463 5.944772 0.956996 0.290094 -0.001925 0.455735 0.490292 1 11 1.000000
template_skin
  11 -17.041557 38.354950 5.604364 0.753808 -0.526277 -0.393454 0.485707 0.487020 1 11 1.000000
  11 -17.052483 38.964161 4.906087 0.908880 -0.059896 -0.412734 0.474669 0.515542 1 11 1.000000
  11 -16.813311 39.130463 5.944772 0.956996 0.290094 -0.001925 0.455735 0.490292 1 11 1.000000
template_skin
  11 -16.576204 38.531414 6.336084 0.889787 0.026138 -0.455626 0.462398 0.472381 1 11 1.000000
  11 -17.041557 38.354950 5.604364 0.753808 -0.526277 -0.393454 0.485707 0.487020 1 11 1.000000
  11 -16.813311 39.130463 5.944772 0.956996 0.290094 -0.001925 0.455735 0.490292 1 11 1.000000
template_skin
  11 -16.920866 38.028042 6.256454 0.337136 -0.825195 -0.453203 0.483778 0.469717 1 11 1.000000
  11 -17.041557 38.354950 5.604364 0.753808 -0.526277 -0.393454 0.485707 0.487020 1 11 1.000000
  11 -16.576204 38.531414 6.336084 0.889787 0.026138 -0.455626 0.462398 0.472381 1 11 1.000000
template_skin
  11 -17.835314 37.913692 5.828881 0.530059 -0.842668 -0.094599 0.509520 0.477136 1 11 1.000000
  11 -17.041557 38.354950 5.604364 0.753808 -0.526277 -0.393454 0.485707 0.487020 1 11 1.000000
  11 -16.920866 38.028042 6.256454 0.337136 -0.825195 -0.453203 0.483778 0.469717 1 11 1.000000
template_skin
  11 -17.317181 38.032112 6.673365 -0.420677 -0.819274 0.389641 0.491679 0.462147 1 11 1.000000
  11 -17.835314 37.913692 5.828881 0.530059 -0.842668 -0.094599 0.509520 0.477136 1 11 1.000000
  11 -16.920866 38.028042 6.256454 0.337136 -0.825195 -0.453203 0.483778 0.469717 1 11 1.000000
template_skin
  11 -17.835314 37.913692 5.828881 0.530059 -0.842668 -0.094599 0.509520 0.477136 1 11 1.000000
  11 -17.317181 38.032112 6.673365 -0.420677 -0.819274 0.389641 0.491679 0.462147 1 11 1.000000
  11 -17.907587 37.962635 6.625023 0.574479 -0.614912 0.540239 0.503145 0.457828 1 11 1.000000
template_skin
  11 -17.835314 37.913692 5.828881 0.530059 -0.842668 -0.094599 0.509520 0.477136 1 11 1.000000
  11 -17.907587 37.962635 6.625023 0.574479 -0.614912 0.540239 0.503145 0.457828 1 11 1.000000
  11 -18.339088 37.173256 6.690237 0.914989 -0.194122 0.353712 0.518730 0.449381 1 11 1.000000
template_skin
  11 -18.339088 37.173256 6.690237 0.914989 -0.194122 0.353712 0.518730 0.449381 1 11 1.000000
  11 -18.610392 36.674267 6.345718 0.675177 -0.716233 -0.176482 0.540661 0.451322 1 11 1.000000
  11 -17.835314 37.913692 5.828881 0.530059 -0.842668 -0.094599 0.509520 0.477136 1 11 1.000000
template_skin
  11 -18.339088 37.173256 6.690237 0.914989 -0.194122 0.353712 0.518730 0.449381 1 11 1.000000
  11 -18.363075 36.912827 6.843499 0.937011 -0.271469 0.219808 0.524491 0.445732 1 11 1.000000
  11 -18.610392 36.674267 6.345718 0.675177 -0.716233 -0.176482 0.540661 0.451322 1 11 1.000000
template_skin
  11 -18.735682 36.422703 6.563505 0.371712 -0.663556 -0.649249 0.540359 0.443896 1 11 1.000000
  11 -18.610392 36.674267 6.345718 0.675177 -0.716233 -0.176482 0.540661 0.451322 1 11 1.000000
  11 -18.363075 36.912827 6.843499 0.937011 -0.271469 0.219808 0.524491 0.445732 1 11 1.000000
template_skin
  11 -18.363075 36.912827 6.843499 0.937011 -0.271469 0.219808 0.524491 0.445732 1 11 1.000000
  11 -18.525099 36.665813 6.951769 0.825963 -0.345282 0.445607 0.526914 0.439736 1 11 1.000000
  11 -18.735682 36.422703 6.563505 0.371712 -0.663556 -0.649249 0.540359 0.443896 1 11 1.000000
template_skin
  11 -19.617184 33.408707 6.368592 0.377010 -0.844383 -0.380633 0.653044 0.834838 1 11 1.000000
  11 -19.823778 33.485298 6.995415 -0.180847 -0.618359 0.764805 0.635710 0.841715 1 11 1.000000
  11 -20.063513 33.364437 6.419812 -0.659581 -0.551862 -0.510296 0.639860 0.826534 1 11 1.000000
template_skin
  11 -19.503115 33.469044 6.697839 0.873375 -0.451787 0.181945 0.651556 0.842915 1 11 1.000000
  11 -19.823778 33.485298 6.995415 -0.180847 -0.618359 0.764805 0.635710 0.841715 1 11 1.000000
  11 -19.617184 33.408707 6.368592 0.377010 -0.844383 -0.380633 0.653044 0.834838 1 11 1.000000
template_skin
  11 -20.063513 33.364437 6.419812 -0.659581 -0.551862 -0.510296 0.639860 0.826534 1 11 1.000000
  11 -19.823778 33.485298 6.995415 -0.180847 -0.618359 0.764805 0.635710 0.841715 1 11 1.000000
  11 -20.144051 34.500496 6.572435 -0.954672 0.027115 0.296423 0.613557 0.829490 1 11 1.000000
template_skin
  11 -20.064867 34.428883 6.143652 -0.687703 -0.171857 -0.705358 0.616316 0.818084 1 11 1.000000
  11 -20.063513 33.364437 6.419812 -0.659581 -0.551862 -0.510296 0.639860 0.826534 1 11 1.000000
  11 -20.144051 34.500496 6.572435 -0.954672 0.027115 0.296423 0.613557 0.829490 1 11 1.000000
template_skin
  11 -20.144051 34.500496 6.572435 -0.954672 0.027115 0.296423 0.613557 0.829490 1 11 1.000000
  11 -20.041452 35.477551 5.882583 -0.276306 -0.234164 -0.932106 0.586326 0.812307 1 11 1.000000
  11 -20.064867 34.428883 6.143652 -0.687703 -0.171857 -0.705358 0.616316 0.818084 1 11 1.000000
template_skin
  11 -20.040747 35.479958 5.881868 -0.877641 -0.036546 -0.477923 0.586257 0.812306 1 11 1.000000
  11 -20.041452 35.477551 5.882583 -0.276306 -0.234164 -0.932106 0.586326 0.812307 1 11 1.000000
  11 -20.144051 34.500496 6.572435 -0.954672 0.027115 0.296423 0.613557 0.829490 1 11 1.000000
template_skin
  11 -20.127687 35.620155 6.353502 -0.902099 0.195586 0.384660 0.585936 0.825759 1 11 1.000000
  11 -20.144051 34.500496 6.572435 -0.954672 0.027115 0.296423 0.613557 0.829490 1 11 1.000000
  11 -19.706591 35.550430 6.636166 0.290249 0.098066 0.951913 0.585893 0.840781 1 11 1.000000
template_skin
  11 -19.706591 35.550430 6.636166 0.290249 0.098066 0.951913 0.585893 0.840781 1 11 1.000000
  11 -20.144051 34.500496 6.572435 -0.954672 0.027115 0.296423 0.613557 0.829490 1 11 1.000000
  11 -19.764206 34.547539 6.809661 0.107891 0.167619 0.979930 0.611257 0.840393 1 11 1.000000
template_skin
  11 -19.764206 34.547539 6.809661 0.107891 0.167619 0.979930 0.611257 0.840393 1 11 1.000000
  11 -19.429310 34.540573 6.484174 0.990984 -0.015474 0.133079 0.608781 0.852735 1 11 1.000000
  11 -19.706591 35.550430 6.636166 0.290249 0.098066 0.951913 0.585893 0.840781 1 11 1.000000
template_skin
  11 -19.706591 35.550430 6.636166 0.290249 0.098066 0.951913 0.585893 0.840781 1 11 1.000000
  11 -19.429310 34.540573 6.484174 0.990984 -0.015474 0.133079 0.608781 0.852735 1 11 1.000000
  11 -19.404272 35.518753 6.310492 0.980113 -0.187743 0.064277 0.586339 0.852757 1 11 1.000000
template_skin
  11 -19.404272 35.518753 6.310492 0.980113 -0.187743 0.064277 0.586339 0.852757 1 11 1.000000
  11 -19.429310 34.540573 6.484174 0.990984 -0.015474 0.133079 0.608781 0.852735 1 11 1.000000
  11 -19.597095 34.518810 6.097387 0.358072 -0.088797 -0.929462 0.609002 0.864155 1 11 1.000000
template_skin
  11 -20.144051 34.500496 6.572435 -0.954672 0.027115 0.296423 0.613557 0.829490 1 11 1.000000
  11 -20.127687 35.620155 6.353502 -0.902099 0.195586 0.384660 0.585936 0.825759 1 11 1.000000
  11 -20.040747 35.479958 5.881868 -0.877641 -0.036546 -0.477923 0.586257 0.812306 1 11 1.000000
template_skin
  11 -20.040747 35.479958 5.881868 -0.877641 -0.036546 -0.477923 0.586257 0.812306 1 11 1.000000
  11 -20.127687 35.620155 6.353502 -0.902099 0.195586 0.384660 0.585936 0.825759 1 11 1.000000
  11 -19.764318 36.390099 5.636549 -0.713749 -0.136195 -0.687033 0.550150 0.811558 1 11 1.000000
template_skin
  11 -19.764318 36.390099 5.636549 -0.713749 -0.136195 -0.687033 0.550150 0.811558 1 11 1.000000
  11 -20.127687 35.620155 6.353502 -0.902099 0.195586 0.384660 0.585936 0.825759 1 11 1.000000
  11 -19.931271 36.707401 6.120119 -0.945416 0.013720 0.325577 0.549980 0.823397 1 11 1.000000
template_skin
  11 -20.127687 35.620155 6.353502 -0.902099 0.195586 0.384660 0.585936 0.825759 1 11 1.000000
  11 -19.359468 36.479191 6.372187 0.012150 -0.218405 0.975782 0.549429 0.840229 1 11 1.000000
  11 -19.931271 36.707401 6.120119 -0.945416 0.013720 0.325577 0.549980 0.823397 1 11 1.000000
template_skin
  11 -19.706591 35.550430 6.636166 0.290249 0.098066 0.951913 0.585893 0.840781 1 11 1.000000
  11 -19.359468 36.479191 6.372187 0.012150 -0.218405 0.975782 0.549429 0.840229 1 11 1.000000
  11 -20.127687 35.620155 6.353502 -0.902099 0.195586 0.384660 0.585936 0.825759 1 11 1.000000
template_skin
  11 -19.035089 36.222378 6.086906 0.837430 -0.508164 0.201199 0.550097 0.851810 1 11 1.000000
  11 -19.359468 36.479191 6.372187 0.012150 -0.218405 0.975782 0.549429 0.840229 1 11 1.000000
  11 -19.706591 35.550430 6.636166 0.290249 0.098066 0.951913 0.585893 0.840781 1 11 1.000000
template_skin
  11 -19.706591 35.550430 6.636166 0.290249 0.098066 0.951913 0.585893 0.840781 1 11 1.000000
  11 -19.404272 35.518753 6.310492 0.980113 -0.187743 0.064277 0.586339 0.852757 1 11 1.000000
  11 -19.035089 36.222378 6.086906 0.837430 -0.508164 0.201199 0.550097 0.851810 1 11 1.000000
template_skin
  11 -19.035089 36.222378 6.086906 0.837430 -0.508164 0.201199 0.550097 0.851810 1 11 1.000000
  11 -19.404272 35.518753 6.310492 0.980113 -0.187743 0.064277 0.586339 0.852757 1 11 1.000000
  11 -19.602911 35.438984 5.897652 0.603812 -0.392485 -0.693806 0.586552 0.864307 1 11 1.000000
template_skin
  11 -19.404272 35.518753 6.310492 0.980113 -0.187743 0.064277 0.586339 0.852757 1 11 1.000000
  11 -19.597095 34.518810 6.097387 0.358072 -0.088797 -0.929462 0.609002 0.864155 1 11 1.000000
  11 -19.602911 35.438984 5.897652 0.603812 -0.392485 -0.693806 0.586552 0.864307 1 11 1.000000
template_skin
  11 -20.041452 35.477551 5.882583 -0.276306 -0.234164 -0.932106 0.585864 0.877498 1 11 1.000000
  11 -19.602911 35.438984 5.897652 0.603812 -0.392485 -0.693806 0.586552 0.864307 1 11 1.000000
  11 -19.597095 34.518810 6.097387 0.358072 -0.088797 -0.929462 0.609002 0.864155 1 11 1.000000
template_skin
  11 -20.064867 34.428883 6.143652 -0.687703 -0.171857 -0.705358 0.611753 0.875806 1 11 1.000000
  11 -20.041452 35.477551 5.882583 -0.276306 -0.234164 -0.932106 0.585864 0.877498 1 11 1.000000
  11 -19.597095 34.518810 6.097387 0.358072 -0.088797 -0.929462 0.609002 0.864155 1 11 1.000000
template_skin
  11 -20.064867 34.428883 6.143652 -0.687703 -0.171857 -0.705358 0.611753 0.875806 1 11 1.000000
  11 -19.597095 34.518810 6.097387 0.358072 -0.088797 -0.929462 0.609002 0.864155 1 11 1.000000
  11 -20.063513 33.364437 6.419812 -0.659581 -0.551862 -0.510296 0.637781 0.874037 1 11 1.000000
template_skin
  11 -20.063513 33.364437 6.419812 -0.659581 -0.551862 -0.510296 0.637781 0.874037 1 11 1.000000
  11 -19.597095 34.518810 6.097387 0.358072 -0.088797 -0.929462 0.609002 0.864155 1 11 1.000000
  11 -19.617184 33.408707 6.368592 0.377010 -0.844383 -0.380633 0.634982 0.862255 1 11 1.000000
template_skin
  11 -19.597095 34.518810 6.097387 0.358072 -0.088797 -0.929462 0.609002 0.864155 1 11 1.000000
  11 -19.429310 34.540573 6.484174 0.990984 -0.015474 0.133079 0.608781 0.852735 1 11 1.000000
  11 -19.617184 33.408707 6.368592 0.377010 -0.844383 -0.380633 0.634982 0.862255 1 11 1.000000
template_skin
  11 -19.617184 33.408707 6.368592 0.377010 -0.844383 -0.380633 0.634982 0.862255 1 11 1.000000
  11 -19.429310 34.540573 6.484174 0.990984 -0.015474 0.133079 0.608781 0.852735 1 11 1.000000
  11 -19.503115 33.469044 6.697839 0.873375 -0.451787 0.181945 0.633976 0.852923 1 11 1.000000
template_skin
  11 -19.429310 34.540573 6.484174 0.990984 -0.015474 0.133079 0.608781 0.852735 1 11 1.000000
  11 -19.764206 34.547539 6.809661 0.107891 0.167619 0.979930 0.611257 0.840393 1 11 1.000000
  11 -19.503115 33.469044 6.697839 0.873375 -0.451787 0.181945 0.633976 0.852923 1 11 1.000000
template_skin
  11 -19.503115 33.469044 6.697839 0.873375 -0.451787 0.181945 0.633976 0.852923 1 11 1.000000
  11 -19.764206 34.547539 6.809661 0.107891 0.167619 0.979930 0.611257 0.840393 1 11 1.000000
  11 -19.823778 33.485298 6.995415 -0.180847 -0.618359 0.764805 0.635710 0.841715 1 11 1.000000
template_skin
  11 -20.144051 34.500496 6.572435 -0.954672 0.027115 0.296423 0.613557 0.829490 1 11 1.000000
  11 -19.823778 33.485298 6.995415 -0.180847 -0.618359 0.764805 0.635710 0.841715 1 11 1.000000
  11 -19.764206 34.547539 6.809661 0.107891 0.167619 0.979930 0.611257 0.840393 1 11 1.000000
template_skin
  11 -19.253523 36.128902 5.643455 0.207451 -0.525112 -0.825361 0.550162 0.864327 1 11 1.000000
  11 -20.040747 35.479958 5.881868 -0.877641 -0.036546 -0.477923 0.585795 0.877503 1 11 1.000000
  11 -19.764318 36.390099 5.636549 -0.713749 -0.136195 -0.687033 0.550136 0.879707 1 11 1.000000
template_skin
  11 -20.041452 35.477551 5.882583 -0.276306 -0.234164 -0.932106 0.585864 0.877498 1 11 1.000000
  11 -20.040747 35.479958 5.881868 -0.877641 -0.036546 -0.477923 0.585795 0.877503 1 11 1.000000
  11 -19.253523 36.128902 5.643455 0.207451 -0.525112 -0.825361 0.550162 0.864327 1 11 1.000000
template_skin
  11 -19.253523 36.128902 5.643455 0.207451 -0.525112 -0.825361 0.550162 0.864327 1 11 1.000000
  11 -19.602911 35.438984 5.897652 0.603812 -0.392485 -0.693806 0.586552 0.864307 1 11 1.000000
  11 -20.041452 35.477551 5.882583 -0.276306 -0.234164 -0.932106 0.585864 0.877498 1 11 1.000000
template_skin
  11 -19.602911 35.438984 5.897652 0.603812 -0.392485 -0.693806 0.586552 0.864307 1 11 1.000000
  11 -19.253523 36.128902 5.643455 0.207451 -0.525112 -0.825361 0.550162 0.864327 1 11 1.000000
  11 -19.035089 36.222378 6.086906 0.837430 -0.508164 0.201199 0.550097 0.851810 1 11 1.000000
template_skin
  11 -19.734217 33.398029 5.326282 0.736155 -0.675303 0.045188 0.474041 0.811017 1 11 1.000000
  11 -20.035925 34.407532 5.594261 -0.032947 -0.041901 0.998578 0.450363 0.796082 1 11 1.000000
  11 -19.951826 33.368736 5.542734 0.003218 -0.798424 0.602087 0.477385 0.804010 1 11 1.000000
template_skin
  11 -20.226173 34.354752 4.867508 -0.688307 -0.103138 -0.718050 0.451837 0.833300 1 11 1.000000
  11 -20.348938 34.380383 5.289980 -0.955689 -0.105587 0.274792 0.451669 0.844375 1 11 1.000000
  11 -20.440311 35.721939 4.837990 -0.485600 -0.032179 -0.873588 0.419331 0.836354 1 11 1.000000
template_skin
  11 -20.440311 35.721939 4.837990 -0.485600 -0.032179 -0.873588 0.419331 0.836354 1 11 1.000000
  11 -20.348938 34.380383 5.289980 -0.955689 -0.105587 0.274792 0.451669 0.844375 1 11 1.000000
  11 -20.531870 35.819954 5.319150 -0.931114 0.227689 0.284928 0.418373 0.849672 1 11 1.000000
template_skin
  11 -20.035925 34.407532 5.594261 -0.032947 -0.041901 0.998578 0.452759 0.857355 1 11 1.000000
  11 -20.531870 35.819954 5.319150 -0.931114 0.227689 0.284928 0.418373 0.849672 1 11 1.000000
  11 -20.348938 34.380383 5.289980 -0.955689 -0.105587 0.274792 0.451669 0.844375 1 11 1.000000
template_skin
  11 -20.531870 35.819954 5.319150 -0.931114 0.227689 0.284928 0.418373 0.849672 1 11 1.000000
  11 -20.035925 34.407532 5.594261 -0.032947 -0.041901 0.998578 0.452759 0.857355 1 11 1.000000
  11 -20.246943 35.761070 5.605358 0.030708 0.046538 0.998444 0.420457 0.861250 1 11 1.000000
template_skin
  11 -20.531870 35.819954 5.319150 -0.931114 0.227689 0.284928 0.418373 0.849672 1 11 1.000000
  11 -20.246943 35.761070 5.605358 0.030708 0.046538 0.998444 0.420457 0.861250 1 11 1.000000
  11 -19.931343 36.406063 5.499718 -0.183930 0.103169 0.977510 0.391907 0.862084 1 11 1.000000
template_skin
  11 -19.931343 36.406063 5.499718 -0.183930 0.103169 0.977510 0.391907 0.862084 1 11 1.000000
  11 -20.284472 36.720295 5.175163 -0.900640 0.342814 0.267069 0.391844 0.848552 1 11 1.000000
  11 -20.531870 35.819954 5.319150 -0.931114 0.227689 0.284928 0.418373 0.849672 1 11 1.000000
template_skin
  11 -20.531870 35.819954 5.319150 -0.931114 0.227689 0.284928 0.418373 0.849672 1 11 1.000000
  11 -20.284472 36.720295 5.175163 -0.900640 0.342814 0.267069 0.391844 0.848552 1 11 1.000000
  11 -20.177675 36.370026 4.727488 -0.629102 -0.086957 -0.772444 0.391912 0.834131 1 11 1.000000
template_skin
  11 -20.177675 36.370026 4.727488 -0.629102 -0.086957 -0.772444 0.391912 0.834131 1 11 1.000000
  11 -20.440311 35.721939 4.837990 -0.485600 -0.032179 -0.873588 0.419331 0.836354 1 11 1.000000
  11 -20.531870 35.819954 5.319150 -0.931114 0.227689 0.284928 0.418373 0.849672 1 11 1.000000
template_skin
  11 -20.440311 35.721939 4.837990 -0.485600 -0.032179 -0.873588 0.419331 0.836354 1 11 1.000000
  11 -20.177675 36.370026 4.727488 -0.629102 -0.086957 -0.772444 0.391912 0.834131 1 11 1.000000
  11 -19.572744 36.315567 4.708412 0.471492 -0.535849 -0.700401 0.391661 0.819696 1 11 1.000000
template_skin
  11 -19.572744 36.315567 4.708412 0.471492 -0.535849 -0.700401 0.391661 0.819696 1 11 1.000000
  11 -19.913942 35.507011 4.896421 0.722087 -0.202414 -0.661527 0.422764 0.821331 1 11 1.000000
  11 -20.440311 35.721939 4.837990 -0.485600 -0.032179 -0.873588 0.419331 0.836354 1 11 1.000000
template_skin
  11 -19.913942 35.507011 4.896421 0.722087 -0.202414 -0.661527 0.422764 0.821331 1 11 1.000000
  11 -19.572744 36.315567 4.708412 0.471492 -0.535849 -0.700401 0.391661 0.819696 1 11 1.000000
  11 -19.429110 36.343559 5.208083 0.764122 -0.414919 0.493923 0.391721 0.805680 1 11 1.000000
template_skin
  11 -19.429110 36.343559 5.208083 0.764122 -0.414919 0.493923 0.391721 0.805680 1 11 1.000000
  11 -19.806566 35.555115 5.339108 0.852293 -0.074183 0.517777 0.422708 0.807739 1 11 1.000000
  11 -19.913942 35.507011 4.896421 0.722087 -0.202414 -0.661527 0.422764 0.821331 1 11 1.000000
template_skin
  11 -20.246943 35.761070 5.605358 0.030708 0.046538 0.998444 0.420037 0.794233 1 11 1.000000
  11 -19.806566 35.555115 5.339108 0.852293 -0.074183 0.517777 0.422708 0.807739 1 11 1.000000
  11 -19.429110 36.343559 5.208083 0.764122 -0.414919 0.493923 0.391721 0.805680 1 11 1.000000
template_skin
  11 -19.806566 35.555115 5.339108 0.852293 -0.074183 0.517777 0.422708 0.807739 1 11 1.000000
  11 -20.246943 35.761070 5.605358 0.030708 0.046538 0.998444 0.420037 0.794233 1 11 1.000000
  11 -20.035925 34.407532 5.594261 -0.032947 -0.041901 0.998578 0.450363 0.796082 1 11 1.000000
template_skin
  11 -19.691530 34.433044 5.336462 0.945483 0.031985 0.324098 0.447707 0.808686 1 11 1.000000
  11 -19.806566 35.555115 5.339108 0.852293 -0.074183 0.517777 0.422708 0.807739 1 11 1.000000
  11 -20.035925 34.407532 5.594261 -0.032947 -0.041901 0.998578 0.450363 0.796082 1 11 1.000000
template_skin
  11 -19.691530 34.433044 5.336462 0.945483 0.031985 0.324098 0.447707 0.808686 1 11 1.000000
  11 -20.035925 34.407532 5.594261 -0.032947 -0.041901 0.998578 0.450363 0.796082 1 11 1.000000
  11 -19.734217 33.398029 5.326282 0.736155 -0.675303 0.045188 0.474041 0.811017 1 11 1.000000
template_skin
  11 -19.691530 34.433044 5.336462 0.945483 0.031985 0.324098 0.447707 0.808686 1 11 1.000000
  11 -19.734217 33.398029 5.326282 0.736155 -0.675303 0.045188 0.474041 0.811017 1 11 1.000000
  11 -19.792101 34.342728 4.901475 0.647522 0.016079 -0.761877 0.449404 0.821019 1 11 1.000000
template_skin
  11 -19.792101 34.342728 4.901475 0.647522 0.016079 -0.761877 0.449404 0.821019 1 11 1.000000
  11 -19.734217 33.398029 5.326282 0.736155 -0.675303 0.045188 0.474041 0.811017 1 11 1.000000
  11 -19.791229 33.370140 4.987687 0.605373 -0.622823 -0.495595 0.473839 0.819749 1 11 1.000000
template_skin
  11 -19.806566 35.555115 5.339108 0.852293 -0.074183 0.517777 0.422708 0.807739 1 11 1.000000
  11 -19.691530 34.433044 5.336462 0.945483 0.031985 0.324098 0.447707 0.808686 1 11 1.000000
  11 -19.913942 35.507011 4.896421 0.722087 -0.202414 -0.661527 0.422764 0.821331 1 11 1.000000
template_skin
  11 -19.913942 35.507011 4.896421 0.722087 -0.202414 -0.661527 0.422764 0.821331 1 11 1.000000
  11 -19.691530 34.433044 5.336462 0.945483 0.031985 0.324098 0.447707 0.808686 1 11 1.000000
  11 -19.792101 34.342728 4.901475 0.647522 0.016079 -0.761877 0.449404 0.821019 1 11 1.000000
template_skin
  11 -19.792101 34.342728 4.901475 0.647522 0.016079 -0.761877 0.449404 0.821019 1 11 1.000000
  11 -20.226173 34.354752 4.867508 -0.688307 -0.103138 -0.718050 0.451837 0.833300 1 11 1.000000
  11 -19.913942 35.507011 4.896421 0.722087 -0.202414 -0.661527 0.422764 0.821331 1 11 1.000000
template_skin
  11 -19.913942 35.507011 4.896421 0.722087 -0.202414 -0.661527 0.422764 0.821331 1 11 1.000000
  11 -20.226173 34.354752 4.867508 -0.688307 -0.103138 -0.718050 0.451837 0.833300 1 11 1.000000
  11 -20.440311 35.721939 4.837990 -0.485600 -0.032179 -0.873588 0.419331 0.836354 1 11 1.000000
template_skin
  11 -19.429110 36.343559 5.208083 0.764122 -0.414919 0.493923 0.391721 0.805680 1 11 1.000000
  11 -19.931343 36.406063 5.499718 -0.183930 0.103169 0.977510 0.391735 0.790250 1 11 1.000000
  11 -20.246943 35.761070 5.605358 0.030708 0.046538 0.998444 0.420037 0.794233 1 11 1.000000
template_skin
  11 -19.792101 34.342728 4.901475 0.647522 0.016079 -0.761877 0.449404 0.821019 1 11 1.000000
  11 -19.791229 33.370140 4.987687 0.605373 -0.622823 -0.495595 0.473839 0.819749 1 11 1.000000
  11 -20.226173 34.354752 4.867508 -0.688307 -0.103138 -0.718050 0.451837 0.833300 1 11 1.000000
template_skin
  11 -20.226173 34.354752 4.867508 -0.688307 -0.103138 -0.718050 0.451837 0.833300 1 11 1.000000
  11 -19.791229 33.370140 4.987687 0.605373 -0.622823 -0.495595 0.473839 0.819749 1 11 1.000000
  11 -20.133059 33.367874 4.951832 -0.214025 -0.900752 -0.377940 0.479125 0.831184 1 11 1.000000
template_skin
  11 -20.226173 34.354752 4.867508 -0.688307 -0.103138 -0.718050 0.451837 0.833300 1 11 1.000000
  11 -20.133059 33.367874 4.951832 -0.214025 -0.900752 -0.377940 0.479125 0.831184 1 11 1.000000
  11 -20.270180 33.402470 5.304261 -0.870478 -0.425908 0.246721 0.477826 0.840213 1 11 1.000000
template_skin
  11 -20.270180 33.402470 5.304261 -0.870478 -0.425908 0.246721 0.477826 0.840213 1 11 1.000000
  11 -20.133059 33.367874 4.951832 -0.214025 -0.900752 -0.377940 0.479125 0.831184 1 11 1.000000
  11 -19.951826 33.368736 5.542734 0.003218 -0.798424 0.602087 0.484083 0.846329 1 11 1.000000
template_skin
  11 -20.270180 33.402470 5.304261 -0.870478 -0.425908 0.246721 0.477826 0.840213 1 11 1.000000
  11 -19.951826 33.368736 5.542734 0.003218 -0.798424 0.602087 0.484083 0.846329 1 11 1.000000
  11 -20.035925 34.407532 5.594261 -0.032947 -0.041901 0.998578 0.452759 0.857355 1 11 1.000000
template_skin
  11 -20.348938 34.380383 5.289980 -0.955689 -0.105587 0.274792 0.451669 0.844375 1 11 1.000000
  11 -20.270180 33.402470 5.304261 -0.870478 -0.425908 0.246721 0.477826 0.840213 1 11 1.000000
  11 -20.035925 34.407532 5.594261 -0.032947 -0.041901 0.998578 0.452759 0.857355 1 11 1.000000
template_skin
  11 -20.226173 34.354752 4.867508 -0.688307 -0.103138 -0.718050 0.451837 0.833300 1 11 1.000000
  11 -20.270180 33.402470 5.304261 -0.870478 -0.425908 0.246721 0.477826 0.840213 1 11 1.000000
  11 -20.348938 34.380383 5.289980 -0.955689 -0.105587 0.274792 0.451669 0.844375 1 11 1.000000
template_skin
  11 -20.133059 33.367874 4.951832 -0.214025 -0.900752 -0.377940 0.479125 0.831184 1 11 1.000000
  11 -19.734217 33.398029 5.326282 0.736155 -0.675303 0.045188 0.493491 0.840524 1 11 1.000000
  11 -19.951826 33.368736 5.542734 0.003218 -0.798424 0.602087 0.484083 0.846329 1 11 1.000000
template_skin
  11 -19.734217 33.398029 5.326282 0.736155 -0.675303 0.045188 0.493491 0.840524 1 11 1.000000
  11 -20.133059 33.367874 4.951832 -0.214025 -0.900752 -0.377940 0.479125 0.831184 1 11 1.000000
  11 -19.791229 33.370140 4.987687 0.605373 -0.622823 -0.495595 0.491099 0.831011 1 11 1.000000
template_skin
  7 -2.065335 60.523258 -1.520137 -0.507722 0.858313 0.074275 0.132364 0.907265 1 7 1.000000
  16 -1.206800 61.433083 -1.632323 -0.521527 0.393944 -0.756847 0.089060 0.938836 2 16 0.684390 7 0.315610
  7 -1.233662 60.642639 -2.116473 -0.215141 0.948177 -0.233827 0.097041 0.905617 1 7 1.000000
template_skin
  16 -1.662785 60.162224 0.598756 -0.862024 -0.061760 0.503090 0.215458 0.943364 2 16 0.684404 7 0.315596
  16 -1.942624 60.817699 -0.121150 -0.986075 0.028837 0.163781 0.168659 0.943102 2 16 0.684396 7 0.315604
  7 -2.140359 59.872253 -0.382531 -0.838338 0.340812 0.425484 0.175255 0.907515 1 7 1.000000
template_skin
  16 -1.942624 60.817699 -0.121150 -0.986075 0.028837 0.163781 0.168659 0.943102 2 16 0.684396 7 0.315604
  7 -2.065335 60.523258 -1.520137 -0.507722 0.858313 0.074275 0.132364 0.907265 1 7 1.000000
  7 -2.140359 59.872253 -0.382531 -0.838338 0.340812 0.425484 0.175255 0.907515 1 7 1.000000
template_skin
  16 -1.894923 61.199055 -1.031083 -0.931255 0.218567 -0.291534 0.126301 0.936670 2 16 0.684394 7 0.315606
  7 -2.065335 60.523258 -1.520137 -0.507722 0.858313 0.074275 0.132364 0.907265 1 7 1.000000
  16 -1.942624 60.817699 -0.121150 -0.986075 0.028837 0.163781 0.168659 0.943102 2 16 0.684396 7 0.315604
template_skin
  16 -1.894923 61.199055 -1.031083 -0.931255 0.218567 -0.291534 0.126301 0.936670 2 16 0.684394 7 0.315606
  16 -1.206800 61.433083 -1.632323 -0.521527 0.393944 -0.756847 0.089060 0.938836 2 16 0.684390 7 0.315610
  7 -2.065335 60.523258 -1.520137 -0.507722 0.858313 0.074275 0.132364 0.907265 1 7 1.000000
template_skin
  16 -1.894923 61.199055 -1.031083 -0.931255 0.218567 -0.291534 0.126301 0.936670 2 16 0.684394 7 0.315606
  16 -1.906094 62.083721 -0.655056 -0.864441 -0.074038 -0.497253 0.116597 0.975172 1 16 1.000000
  16 -1.206800 61.433083 -1.632323 -0.521527 0.393944 -0.756847 0.089060 0.938836 2 16 0.684390 7 0.315610
template_skin
  16 -1.206800 61.433083 -1.632323 -0.521527 0.393944 -0.756847 0.089060 0.938836 2 16 0.684390 7 0.315610
  16 -1.906094 62.083721 -0.655056 -0.864441 -0.074038 -0.497253 0.116597 0.975172 1 16 1.000000
  16 -1.133625 62.399479 -1.294228 -0.501946 0.082991 -0.860908 0.073832 0.978015 1 16 1.000000
template_skin
  16 0.000000 62.459942 -1.737205 0.000000 0.099999 -0.994987 0.028581 0.977479 1 16 1.000000
  16 -1.206800 61.433083 -1.632323 -0.521527 0.393944 -0.756847 0.089060 0.938836 2 16 0.684390 7 0.315610
  16 -1.133625 62.399479 -1.294228 -0.501946 0.082991 -0.860908 0.073832 0.978015 1 16 1.000000
template_skin
  16 0.000000 61.472256 -2.053935 0.000000 0.406698 -0.913563 0.042201 0.936638 2 16 0.684351 7 0.315649
  16 -1.206800 61.433083 -1.632323 -0.521527 0.393944 -0.756847 0.089060 0.938836 2 16 0.684390 7 0.315610
  16 0.000000 62.459942 -1.737205 0.000000 0.099999 -0.994987 0.028581 0.977479 1 16 1.000000
template_skin
  16 0.000000 61.472256 -2.053935 0.000000 0.406698 -0.913563 0.042201 0.936638 2 16 0.684351 7 0.315649
  7 -1.233662 60.642639 -2.116473 -0.215141 0.948177 -0.233827 0.097041 0.905617 1 7 1.000000
  16 -1.206800 61.433083 -1.632323 -0.521527 0.393944 -0.756847 0.089060 0.938836 2 16 0.684390 7 0.315610
template_skin
  7 0.000000 60.589596 -2.414356 0.000000 0.964785 -0.263040 0.052397 0.905338 1 7 1.000000
  7 -1.233662 60.642639 -2.116473 -0.215141 0.948177 -0.233827 0.097041 0.905617 1 7 1.000000
  16 0.000000 61.472256 -2.053935 0.000000 0.406698 -0.913563 0.042201 0.936638 2 16 0.684351 7 0.315649
template_skin
  16 -1.894923 61.199055 -1.031083 -0.931255 0.218567 -0.291534 0.126301 0.936670 2 16 0.684394 7 0.315606
  16 -2.013233 61.499931 0.213422 -0.974438 -0.220099 0.045020 0.162720 0.977287 1 16 1.000000
  16 -1.906094 62.083721 -0.655056 -0.864441 -0.074038 -0.497253 0.116597 0.975172 1 16 1.000000
template_skin
  16 -1.942624 60.817699 -0.121150 -0.986075 0.028837 0.163781 0.168659 0.943102 2 16 0.684396 7 0.315604
  16 -2.013233 61.499931 0.213422 -0.974438 -0.220099 0.045020 0.162720 0.977287 1 16 1.000000
  16 -1.894923 61.199055 -1.031083 -0.931255 0.218567 -0.291534 0.126301 0.936670 2 16 0.684394 7 0.315606
template_skin
  16 -1.942624 60.817699 -0.121150 -0.986075 0.028837 0.163781 0.168659 0.943102 2 16 0.684396 7 0.315604
  16 -1.654111 60.810097 0.884733 -0.871163 -0.312058 0.379071 0.210349 0.977516 1 16 1.000000
  16 -2.013233 61.499931 0.213422 -0.974438 -0.220099 0.045020 0.162720 0.977287 1 16 1.000000
template_skin
  16 -1.662785 60.162224 0.598756 -0.862024 -0.061760 0.503090 0.215458 0.943364 2 16 0.684404 7 0.315596
  16 -1.654111 60.810097 0.884733 -0.871163 -0.312058 0.379071 0.210349 0.977516 1 16 1.000000
  16 -1.942624 60.817699 -0.121150 -0.986075 0.028837 0.163781 0.168659 0.943102 2 16 0.684396 7 0.315604
template_skin
  16 -1.662785 60.162224 0.598756 -0.862024 -0.061760 0.503090 0.215458 0.943364 2 16 0.684404 7 0.315596
  16 -0.830070 59.937176 1.667776 -0.694980 -0.351990 0.626982 0.271888 0.968059 1 16 1.000000
  16 -1.654111 60.810097 0.884733 -0.871163 -0.312058 0.379071 0.210349 0.977516 1 16 1.000000
template_skin
  16 -0.768948 59.399055 1.522312 -0.658455 -0.000384 0.752620 0.275079 0.939674 2 16 0.684398 7 0.315602
  16 -0.830070 59.937176 1.667776 -0.694980 -0.351990 0.626982 0.271888 0.968059 1 16 1.000000
  16 -1.662785 60.162224 0.598756 -0.862024 -0.061760 0.503090 0.215458 0.943364 2 16 0.684404 7 0.315596
template_skin
  16 -0.768948 59.399055 1.522312 -0.658455 -0.000384 0.752620 0.275079 0.939674 2 16 0.684398 7 0.315602
  16 0.000000 59.628197 2.266845 0.000000 -0.448812 0.893626 0.313464 0.970026 1 16 1.000000
  16 -0.830070 59.937176 1.667776 -0.694980 -0.351990 0.626982 0.271888 0.968059 1 16 1.000000
template_skin
  16 0.000000 61.472256 -2.053935 0.000000 0.406698 -0.913563 0.583498 0.936638 2 16 0.684351 7 0.315649
  7 1.233662 60.642639 -2.116473 0.215140 0.948177 -0.233827 0.530709 0.906121 1 7 1.000000
  7 0.000000 60.589596 -2.414356 0.000000 0.964785 -0.263040 0.575079 0.905338 1 7 1.000000
template_skin
  16 1.206800 61.433079 -1.632323 0.521527 0.393944 -0.756847 0.538690 0.938793 2 16 0.684343 7 0.315657
  7 1.233662 60.642639 -2.116473 0.215140 0.948177 -0.233827 0.530709 0.906121 1 7 1.000000
  16 0.000000 61.472256 -2.053935 0.000000 0.406698 -0.913563 0.583498 0.936638 2 16 0.684351 7 0.315649
template_skin
  16 0.000000 62.459942 -1.737205 0.000000 0.099999 -0.994987 0.598074 0.976931 1 16 1.000000
  16 1.206800 61.433079 -1.632323 0.521527 0.393944 -0.756847 0.538690 0.938793 2 16 0.684343 7 0.315657
  16 0.000000 61.472256 -2.053935 0.000000 0.406698 -0.913563 0.583498 0.936638 2 16 0.684351 7 0.315649
template_skin
  16 1.133625 62.399479 -1.294228 0.501946 0.082991 -0.860908 0.551729 0.976876 1 16 1.000000
  16 1.206800 61.433079 -1.632323 0.521527 0.393944 -0.756847 0.538690 0.938793 2 16 0.684343 7 0.315657
  16 0.000000 62.459942 -1.737205 0.000000 0.099999 -0.994987 0.598074 0.976931 1 16 1.000000
template_skin
  16 1.133625 62.399479 -1.294228 0.501946 0.082991 -0.860908 0.551729 0.976876 1 16 1.000000
  16 1.906094 62.083721 -0.655056 0.864441 -0.074038 -0.497253 0.509237 0.975402 1 16 1.000000
  16 1.206800 61.433079 -1.632323 0.521527 0.393944 -0.756847 0.538690 0.938793 2 16 0.684343 7 0.315657
template_skin
  16 1.206800 61.433079 -1.632323 0.521527 0.393944 -0.756847 0.538690 0.938793 2 16 0.684343 7 0.315657
  16 1.906094 62.083721 -0.655056 0.864441 -0.074038 -0.497253 0.509237 0.975402 1 16 1.000000
  16 1.894923 61.199051 -1.031083 0.931255 0.218567 -0.291534 0.501175 0.937175 2 16 0.684365 7 0.315635
template_skin
  16 1.906094 62.083721 -0.655056 0.864441 -0.074038 -0.497253 0.509237 0.975402 1 16 1.000000
  16 2.013233 61.499931 0.213422 0.974438 -0.220099 0.045020 0.464756 0.977516 1 16 1.000000
  16 1.894923 61.199051 -1.031083 0.931255 0.218567 -0.291534 0.501175 0.937175 2 16 0.684365 7 0.315635
template_skin
  16 1.894923 61.199051 -1.031083 0.931255 0.218567 -0.291534 0.501175 0.937175 2 16 0.684365 7 0.315635
  16 2.013233 61.499931 0.213422 0.974438 -0.220099 0.045020 0.464756 0.977516 1 16 1.000000
  16 1.942624 60.817699 -0.121150 0.986089 0.014277 0.165605 0.458817 0.942511 2 16 0.684339 7 0.315661
template_skin
  16 2.013233 61.499931 0.213422 0.974438 -0.220099 0.045020 0.464756 0.977516 1 16 1.000000
  16 1.654111 60.810097 0.884733 0.871163 -0.312058 0.379071 0.417402 0.977746 1 16 1.000000
  16 1.942624 60.817699 -0.121150 0.986089 0.014277 0.165605 0.458817 0.942511 2 16 0.684339 7 0.315661
template_skin
  16 1.942624 60.817699 -0.121150 0.986089 0.014277 0.165605 0.458817 0.942511 2 16 0.684339 7 0.315661
  16 1.654111 60.810097 0.884733 0.871163 -0.312058 0.379071 0.417402 0.977746 1 16 1.000000
  16 1.662785 60.162224 0.598756 0.862024 -0.061760 0.503090 0.412293 0.943594 2 16 0.684309 7 0.315691
template_skin
  16 1.654111 60.810097 0.884733 0.871163 -0.312058 0.379071 0.417402 0.977746 1 16 1.000000
  16 0.830070 59.937176 1.667776 0.694980 -0.351990 0.626982 0.354767 0.967742 1 16 1.000000
  16 1.662785 60.162224 0.598756 0.862024 -0.061760 0.503090 0.412293 0.943594 2 16 0.684309 7 0.315691
template_skin
  16 1.662785 60.162224 0.598756 0.862024 -0.061760 0.503090 0.412293 0.943594 2 16 0.684309 7 0.315691
  16 0.830070 59.937176 1.667776 0.694980 -0.351990 0.626982 0.354767 0.967742 1 16 1.000000
  16 0.768948 59.399055 1.522312 0.658455 -0.000384 0.752620 0.350207 0.938809 2 16 0.684318 7 0.315682
template_skin
  16 0.830070 59.937176 1.667776 0.694980 -0.351990 0.626982 0.354767 0.967742 1 16 1.000000
  16 0.000000 59.628197 2.266845 0.000000 -0.448812 0.893626 0.313464 0.970026 1 16 1.000000
  16 0.768948 59.399055 1.522312 0.658455 -0.000384 0.752620 0.350207 0.938809 2 16 0.684318 7 0.315682
template_skin
  16 0.768948 59.399055 1.522312 0.658455 -0.000384 0.752620 0.350207 0.938809 2 16 0.684318 7 0.315682
  16 0.000000 59.628197 2.266845 0.000000 -0.448812 0.893626 0.313464 0.970026 1 16 1.000000
  16 0.000000 59.088444 1.969241 0.000000 0.050179 0.998740 0.313520 0.934550 2 16 0.684317 7 0.315683
template_skin
  16 0.000000 59.088444 1.969241 0.000000 0.050179 0.998740 0.313520 0.934550 2 16 0.684317 7 0.315683
  16 0.000000 59.628197 2.266845 0.000000 -0.448812 0.893626 0.313464 0.970026 1 16 1.000000
  16 -0.768948 59.399055 1.522312 -0.658455 -0.000384 0.752620 0.275079 0.939674 2 16 0.684398 7 0.315602
template_skin
  16 -0.768948 59.399055 1.522312 -0.658455 -0.000384 0.752620 0.275079 0.939674 2 16 0.684398 7 0.315602
  7 -1.097528 58.753304 1.680767 -0.596903 0.236547 0.766650 0.278457 0.907407 1 7 1.000000
  16 0.000000 59.088444 1.969241 0.000000 0.050179 0.998740 0.313520 0.934550 2 16 0.684317 7 0.315683
template_skin
  7 -1.097528 58.753304 1.680767 -0.596903 0.236547 0.766650 0.278457 0.907407 1 7 1.000000
  16 -0.768948 59.399055 1.522312 -0.658455 -0.000384 0.752620 0.275079 0.939674 2 16 0.684398 7 0.315602
  16 -1.662785 60.162224 0.598756 -0.862024 -0.061760 0.503090 0.215458 0.943364 2 16 0.684404 7 0.315596
template_skin
  7 -1.097528 58.753304 1.680767 -0.596903 0.236547 0.766650 0.278457 0.907407 1 7 1.000000
  16 -1.662785 60.162224 0.598756 -0.862024 -0.061760 0.503090 0.215458 0.943364 2 16 0.684404 7 0.315596
  7 -2.140359 59.872253 -0.382531 -0.838338 0.340812 0.425484 0.175255 0.907515 1 7 1.000000
template_skin
  7 1.233662 60.642639 -2.116473 0.215140 0.948177 -0.233827 0.530709 0.906121 1 7 1.000000
  16 1.206800 61.433079 -1.632323 0.521527 0.393944 -0.756847 0.538690 0.938793 2 16 0.684343 7 0.315657
  7 2.065335 60.523258 -1.520137 0.507722 0.858313 0.074275 0.495660 0.907494 1 7 1.000000
template_skin
  7 2.065335 60.523258 -1.520137 0.507722 0.858313 0.074275 0.495660 0.907494 1 7 1.000000
  16 1.206800 61.433079 -1.632323 0.521527 0.393944 -0.756847 0.538690 0.938793 2 16 0.684343 7 0.315657
  16 1.894923 61.199051 -1.031083 0.931255 0.218567 -0.291534 0.501175 0.937175 2 16 0.684365 7 0.315635
template_skin
  16 1.894923 61.199051 -1.031083 0.931255 0.218567 -0.291534 0.501175 0.937175 2 16 0.684365 7 0.315635
  16 1.942624 60.817699 -0.121150 0.986089 0.014277 0.165605 0.458817 0.942511 2 16 0.684339 7 0.315661
  7 2.065335 60.523258 -1.520137 0.507722 0.858313 0.074275 0.495660 0.907494 1 7 1.000000
template_skin
  7 2.065335 60.523258 -1.520137 0.507722 0.858313 0.074275 0.495660 0.907494 1 7 1.000000
  16 1.942624 60.817699 -0.121150 0.986089 0.014277 0.165605 0.458817 0.942511 2 16 0.684339 7 0.315661
  7 2.140359 59.872253 -0.382531 0.838338 0.340812 0.425483 0.452222 0.907744 1 7 1.000000
template_skin
  7 2.140359 59.872253 -0.382531 0.838338 0.340812 0.425483 0.452222 0.907744 1 7 1.000000
  16 1.942624 60.817699 -0.121150 0.986089 0.014277 0.165605 0.458817 0.942511 2 16 0.684339 7 0.315661
  16 1.662785 60.162224 0.598756 0.862024 -0.061760 0.503090 0.412293 0.943594 2 16 0.684309 7 0.315691
template_skin
  7 2.140359 59.872253 -0.382531 0.838338 0.340812 0.425483 0.452222 0.907744 1 7 1.000000
  16 1.662785 60.162224 0.598756 0.862024 -0.061760 0.503090 0.412293 0.943594 2 16 0.684309 7 0.315691
  7 1.097528 58.753304 1.680767 0.596903 0.236547 0.766650 0.344640 0.907090 1 7 1.000000
template_skin
  16 1.662785 60.162224 0.598756 0.862024 -0.061760 0.503090 0.412293 0.943594 2 16 0.684309 7 0.315691
  16 0.768948 59.399055 1.522312 0.658455 -0.000384 0.752620 0.350207 0.938809 2 16 0.684318 7 0.315682
  7 1.097528 58.753304 1.680767 0.596903 0.236547 0.766650 0.344640 0.907090 1 7 1.000000
template_skin
  16 0.768948 59.399055 1.522312 0.658455 -0.000384 0.752620 0.350207 0.938809 2 16 0.684318 7 0.315682
  16 0.000000 59.088444 1.969241 0.000000 0.050179 0.998740 0.313520 0.934550 2 16 0.684317 7 0.315683
  7 1.097528 58.753304 1.680767 0.596903 0.236547 0.766650 0.344640 0.907090 1 7 1.000000
template_skin
  7 1.097528 58.753304 1.680767 0.596903 0.236547 0.766650 0.344640 0.907090 1 7 1.000000
  16 0.000000 59.088444 1.969241 0.000000 0.050179 0.998740 0.313520 0.934550 2 16 0.684317 7 0.315683
  7 0.000000 58.434025 2.063727 0.000000 0.142900 0.989737 0.313738 0.907565 1 7 1.000000
template_skin
  16 0.000000 59.088444 1.969241 0.000000 0.050179 0.998740 0.313520 0.934550 2 16 0.684317 7 0.315683
  7 -1.097528 58.753304 1.680767 -0.596903 0.236547 0.766650 0.278457 0.907407 1 7 1.000000
  7 0.000000 58.434025 2.063727 0.000000 0.142900 0.989737 0.313738 0.907565 1 7 1.000000
template_skin
  21 18.875221 36.838112 6.329207 -0.496563 -0.867840 -0.016694 0.124744 0.442161 1 21 1.000000
  21 17.835314 37.674042 5.828881 -0.397240 -0.912890 -0.093979 0.155885 0.416346 1 21 1.000000
  20 18.072678 37.802986 4.564531 -0.664946 -0.698055 -0.265644 0.144980 0.379077 2 20 0.149560 21 0.850440
template_skin
  20 18.072678 37.802986 4.564531 -0.664946 -0.698055 -0.265644 0.144980 0.379077 2 20 0.149560 21 0.850440
  21 19.271299 36.527138 5.189786 -0.745733 -0.662148 -0.073768 0.084242 0.412637 1 21 1.000000
  21 18.875221 36.838112 6.329207 -0.496563 -0.867840 -0.016694 0.124744 0.442161 1 21 1.000000
template_skin
  21 19.468752 36.788235 6.545770 0.709851 -0.396894 -0.581882 0.118536 0.461128 1 21 1.000000
  21 18.983076 36.594723 6.564882 -0.415693 -0.719039 -0.556940 0.125046 0.449586 1 21 1.000000
  21 18.875221 36.838112 6.329207 -0.496563 -0.867840 -0.016694 0.124744 0.442161 1 21 1.000000
template_skin
  21 19.787344 37.142128 6.489437 0.899140 0.067061 0.432493 0.106431 0.465888 1 21 1.000000
  21 19.468752 36.788235 6.545770 0.709851 -0.396894 -0.581882 0.118536 0.461128 1 21 1.000000
  21 18.875221 36.838112 6.329207 -0.496563 -0.867840 -0.016694 0.124744 0.442161 1 21 1.000000
template_skin
  21 18.875221 36.838112 6.329207 -0.496563 -0.867840 -0.016694 0.124744 0.442161 1 21 1.000000
  21 19.597570 36.673695 6.372187 0.101740 -0.088299 0.990884 0.101710 0.450747 1 21 1.000000
  21 19.787344 37.142128 6.489437 0.899140 0.067061 0.432493 0.106431 0.465888 1 21 1.000000
template_skin
  21 18.875221 36.838112 6.329207 -0.496563 -0.867840 -0.016694 0.124744 0.442161 1 21 1.000000
  21 19.273191 36.416882 6.086906 -0.880636 -0.246082 0.404876 0.100083 0.441933 1 21 1.000000
  21 19.597570 36.673695 6.372187 0.101740 -0.088299 0.990884 0.101710 0.450747 1 21 1.000000
template_skin
  21 19.273191 36.416882 6.086906 -0.880636 -0.246082 0.404876 0.100083 0.441933 1 21 1.000000
  21 18.875221 36.838112 6.329207 -0.496563 -0.867840 -0.016694 0.124744 0.442161 1 21 1.000000
  21 19.271299 36.527138 5.189786 -0.745733 -0.662148 -0.073768 0.084242 0.412637 1 21 1.000000
template_skin
  21 19.271299 36.527138 5.189786 -0.745733 -0.662148 -0.073768 0.084242 0.412637 1 21 1.000000
  21 19.253523 36.128902 5.643455 -0.320371 -0.553452 -0.768800 0.089579 0.431889 1 21 1.000000
  21 19.273191 36.416882 6.086906 -0.880636 -0.246082 0.404876 0.100083 0.441933 1 21 1.000000
template_skin
  21 19.809666 36.634460 5.531526 0.883909 -0.253079 0.393264 0.068884 0.435521 1 21 1.000000
  21 19.253523 36.128902 5.643455 -0.320371 -0.553452 -0.768800 0.089579 0.431889 1 21 1.000000
  21 19.271299 36.527138 5.189786 -0.745733 -0.662148 -0.073768 0.084242 0.412637 1 21 1.000000
template_skin
  21 19.809666 36.634460 5.531526 0.883909 -0.253079 0.393264 0.068884 0.435521 1 21 1.000000
  21 19.764318 36.390099 5.636549 0.724027 -0.176704 -0.666753 0.074855 0.439354 1 21 1.000000
  21 19.253523 36.128902 5.643455 -0.320371 -0.553452 -0.768800 0.089579 0.431889 1 21 1.000000
template_skin
  21 18.575722 39.185646 2.999482 -0.026483 -0.322154 -0.946317 0.166436 0.317849 1 21 1.000000
  21 17.693867 39.111408 3.837262 -0.757210 -0.450721 -0.472740 0.185467 0.349896 1 21 1.000000
  20 17.329659 39.728413 3.330987 -0.592344 -0.691038 -0.414240 0.210040 0.351220 1 20 1.000000
template_skin
  21 18.575722 39.185646 2.999482 -0.026483 -0.322154 -0.946317 0.166436 0.317849 1 21 1.000000
  21 17.738367 38.840729 3.867920 -0.803064 -0.273409 -0.529467 0.172881 0.351130 1 21 1.000000
  21 17.693867 39.111408 3.837262 -0.757210 -0.450721 -0.472740 0.185467 0.349896 1 21 1.000000
template_skin
  20 18.652702 38.166504 3.068264 -0.572800 -0.372861 -0.729983 0.138395 0.336168 2 20 0.149510 21 0.850490
  21 17.738367 38.840729 3.867920 -0.803064 -0.273409 -0.529467 0.172881 0.351130 1 21 1.000000
  21 18.575722 39.185646 2.999482 -0.026483 -0.322154 -0.946317 0.166436 0.317849 1 21 1.000000
template_skin
  21 17.738367 38.840729 3.867920 -0.803064 -0.273409 -0.529467 0.172881 0.351130 1 21 1.000000
  20 18.652702 38.166504 3.068264 -0.572800 -0.372861 -0.729983 0.138395 0.336168 2 20 0.149510 21 0.850490
  20 18.072678 37.802986 4.564531 -0.664946 -0.698055 -0.265644 0.144980 0.379077 2 20 0.149560 21 0.850440
template_skin
  21 17.738367 38.840729 3.867920 -0.803064 -0.273409 -0.529467 0.172881 0.351130 1 21 1.000000
  20 18.072678 37.802986 4.564531 -0.664946 -0.698055 -0.265644 0.144980 0.379077 2 20 0.149560 21 0.850440
  21 17.104467 37.891594 5.591071 -0.713156 -0.664195 -0.224174 0.179698 0.406462 1 21 1.000000
template_skin
  21 17.835314 37.674042 5.828881 -0.397240 -0.912890 -0.093979 0.155885 0.416346 1 21 1.000000
  21 17.104467 37.891594 5.591071 -0.713156 -0.664195 -0.224174 0.179698 0.406462 1 21 1.000000
  20 18.072678 37.802986 4.564531 -0.664946 -0.698055 -0.265644 0.144980 0.379077 2 20 0.149560 21 0.850440
template_skin
  21 17.835314 37.674042 5.828881 -0.397240 -0.912890 -0.093979 0.155885 0.416346 1 21 1.000000
  21 17.183281 37.885448 6.265402 -0.426747 -0.854901 -0.295012 0.181627 0.423766 1 21 1.000000
  21 17.104467 37.891594 5.591071 -0.713156 -0.664195 -0.224174 0.179698 0.406462 1 21 1.000000
template_skin
  21 17.559324 37.665810 6.712142 0.121143 -0.980264 0.156229 0.173726 0.431335 1 21 1.000000
  21 17.183281 37.885448 6.265402 -0.426747 -0.854901 -0.295012 0.181627 0.423766 1 21 1.000000
  21 17.835314 37.674042 5.828881 -0.397240 -0.912890 -0.093979 0.155885 0.416346 1 21 1.000000
template_skin
  21 17.835314 37.674042 5.828881 -0.397240 -0.912890 -0.093979 0.155885 0.416346 1 21 1.000000
  21 17.908466 37.518555 6.694540 -0.457703 -0.641228 0.615902 0.162931 0.435406 1 21 1.000000
  21 17.559324 37.665810 6.712142 0.121143 -0.980264 0.156229 0.173726 0.431335 1 21 1.000000
template_skin
  21 18.339088 37.173256 6.690240 -0.518107 -0.767161 0.378192 0.146675 0.444101 1 21 1.000000
  21 17.908466 37.518555 6.694540 -0.457703 -0.641228 0.615902 0.162931 0.435406 1 21 1.000000
  21 17.835314 37.674042 5.828881 -0.397240 -0.912890 -0.093979 0.155885 0.416346 1 21 1.000000
template_skin
  21 17.835314 37.674042 5.828881 -0.397240 -0.912890 -0.093979 0.155885 0.416346 1 21 1.000000
  21 18.875221 36.838112 6.329207 -0.496563 -0.867840 -0.016694 0.124744 0.442161 1 21 1.000000
  21 18.339088 37.173256 6.690240 -0.518107 -0.767161 0.378192 0.146675 0.444101 1 21 1.000000
template_skin
  21 18.875221 36.838112 6.329207 -0.496563 -0.867840 -0.016694 0.124744 0.442161 1 21 1.000000
  21 18.626354 37.116856 6.804842 -0.719772 -0.566044 0.401899 0.140914 0.447750 1 21 1.000000
  21 18.339088 37.173256 6.690240 -0.518107 -0.767161 0.378192 0.146675 0.444101 1 21 1.000000
template_skin
  21 18.626354 37.116856 6.804842 -0.719772 -0.566044 0.401899 0.140914 0.447750 1 21 1.000000
  21 18.875221 36.838112 6.329207 -0.496563 -0.867840 -0.016694 0.124744 0.442161 1 21 1.000000
  21 18.983076 36.594723 6.564882 -0.415693 -0.719039 -0.556940 0.125046 0.449586 1 21 1.000000
template_skin
  21 18.983076 36.594723 6.564882 -0.415693 -0.719039 -0.556940 0.125046 0.449586 1 21 1.000000
  21 18.773941 36.869801 6.932019 -0.873842 -0.229609 0.428579 0.138491 0.453746 1 21 1.000000
  21 18.626354 37.116856 6.804842 -0.719772 -0.566044 0.401899 0.140914 0.447750 1 21 1.000000
template_skin
  21 17.183281 37.885448 6.265402 -0.426747 -0.854901 -0.295012 0.181627 0.423766 1 21 1.000000
  21 16.792000 38.356266 6.326607 -0.949540 -0.134869 -0.283167 0.203007 0.421101 1 21 1.000000
  21 17.104467 37.891594 5.591071 -0.713156 -0.664195 -0.224174 0.179698 0.406462 1 21 1.000000
template_skin
  21 16.792000 38.356266 6.326607 -0.949540 -0.134869 -0.283167 0.203007 0.421101 1 21 1.000000
  21 16.808943 38.660667 5.892048 -0.982159 0.186968 0.020174 0.209670 0.403190 1 21 1.000000
  21 17.104467 37.891594 5.591071 -0.713156 -0.664195 -0.224174 0.179698 0.406462 1 21 1.000000
template_skin
  21 17.104467 37.891594 5.591071 -0.713156 -0.664195 -0.224174 0.179698 0.406462 1 21 1.000000
  21 16.808943 38.660667 5.892048 -0.982159 0.186968 0.020174 0.209670 0.403190 1 21 1.000000
  21 17.052483 38.724514 4.906087 -0.893531 -0.092419 -0.439387 0.190736 0.377940 1 21 1.000000
template_skin
  21 17.052483 38.724514 4.906087 -0.893531 -0.092419 -0.439387 0.190736 0.377940 1 21 1.000000
  21 16.808943 38.660667 5.892048 -0.982159 0.186968 0.020174 0.209670 0.403190 1 21 1.000000
  21 16.883722 39.124634 5.584731 -0.882644 0.469990 -0.006991 0.219773 0.386419 1 21 1.000000
template_skin
  21 17.052483 38.724514 4.906087 -0.893531 -0.092419 -0.439387 0.190736 0.377940 1 21 1.000000
  21 16.883722 39.124634 5.584731 -0.882644 0.469990 -0.006991 0.219773 0.386419 1 21 1.000000
  20 17.192127 39.256958 5.069887 -0.897762 0.344989 -0.273871 0.210779 0.369682 2 20 0.500155 21 0.499845
template_skin
  20 17.192127 39.256958 5.069887 -0.897762 0.344989 -0.273871 0.210779 0.369682 2 20 0.500155 21 0.499845
  21 17.738367 38.840729 3.867920 -0.803064 -0.273409 -0.529467 0.172881 0.351130 1 21 1.000000
  21 17.052483 38.724514 4.906087 -0.893531 -0.092419 -0.439387 0.190736 0.377940 1 21 1.000000
template_skin
  21 17.104467 37.891594 5.591071 -0.713156 -0.664195 -0.224174 0.179698 0.406462 1 21 1.000000
  21 17.052483 38.724514 4.906087 -0.893531 -0.092419 -0.439387 0.190736 0.377940 1 21 1.000000
  21 17.738367 38.840729 3.867920 -0.803064 -0.273409 -0.529467 0.172881 0.351130 1 21 1.000000
template_skin
  21 19.931343 36.406063 5.499718 0.210710 0.033746 0.976966 0.066459 0.429135 1 21 1.000000
  21 19.809666 36.634460 5.531526 0.883909 -0.253079 0.393264 0.068884 0.435521 1 21 1.000000
  21 19.429110 36.343559 5.208083 -0.793934 -0.369618 0.482755 0.074289 0.413613 1 21 1.000000
template_skin
  21 19.271299 36.527138 5.189786 -0.745733 -0.662148 -0.073768 0.084242 0.412637 1 21 1.000000
  21 19.429110 36.343559 5.208083 -0.793934 -0.369618 0.482755 0.074289 0.413613 1 21 1.000000
  21 19.809666 36.634460 5.531526 0.883909 -0.253079 0.393264 0.068884 0.435521 1 21 1.000000
template_skin
  21 19.572744 36.315567 4.708412 -0.501729 -0.472817 -0.724370 0.068581 0.402744 1 21 1.000000
  21 19.429110 36.343559 5.208083 -0.793934 -0.369618 0.482755 0.074289 0.413613 1 21 1.000000
  21 19.271299 36.527138 5.189786 -0.745733 -0.662148 -0.073768 0.084242 0.412637 1 21 1.000000
template_skin
  21 19.271299 36.527138 5.189786 -0.745733 -0.662148 -0.073768 0.084242 0.412637 1 21 1.000000
  21 19.495333 36.491211 4.567845 -0.538898 -0.814702 -0.214126 0.071625 0.395270 1 21 1.000000
  21 19.572744 36.315567 4.708412 -0.501729 -0.472817 -0.724370 0.068581 0.402744 1 21 1.000000
template_skin
  21 19.495333 36.491211 4.567845 -0.538898 -0.814702 -0.214126 0.071625 0.395270 1 21 1.000000
  21 19.271299 36.527138 5.189786 -0.745733 -0.662148 -0.073768 0.084242 0.412637 1 21 1.000000
  20 18.072678 37.802986 4.564531 -0.664946 -0.698055 -0.265644 0.144980 0.379077 2 20 0.149560 21 0.850440
template_skin
  20 18.072678 37.802986 4.564531 -0.664946 -0.698055 -0.265644 0.144980 0.379077 2 20 0.149560 21 0.850440
  21 19.353481 36.732990 3.562550 -0.470605 -0.688863 -0.551361 0.086357 0.356343 1 21 1.000000
  21 19.495333 36.491211 4.567845 -0.538898 -0.814702 -0.214126 0.071625 0.395270 1 21 1.000000
template_skin
  20 18.072678 37.802986 4.564531 -0.664946 -0.698055 -0.265644 0.144980 0.379077 2 20 0.149560 21 0.850440
  20 18.652702 38.166504 3.068264 -0.572800 -0.372861 -0.729983 0.138395 0.336168 2 20 0.149510 21 0.850490
  21 19.353481 36.732990 3.562550 -0.470605 -0.688863 -0.551361 0.086357 0.356343 1 21 1.000000
template_skin
  20 18.652702 38.166504 3.068264 -0.572800 -0.372861 -0.729983 0.138395 0.336168 2 20 0.149510 21 0.850490
  21 20.169909 36.384674 3.704708 0.474278 -0.133743 -0.870157 0.066944 0.343307 1 21 1.000000
  21 19.353481 36.732990 3.562550 -0.470605 -0.688863 -0.551361 0.086357 0.356343 1 21 1.000000
template_skin
  21 18.575722 39.185646 2.999482 -0.026483 -0.322154 -0.946317 0.166436 0.317849 1 21 1.000000
  21 20.169909 36.384674 3.704708 0.474278 -0.133743 -0.870157 0.066944 0.343307 1 21 1.000000
  20 18.652702 38.166504 3.068264 -0.572800 -0.372861 -0.729983 0.138395 0.336168 2 20 0.149510 21 0.850490
template_skin
  21 18.575722 39.185646 2.999482 -0.026483 -0.322154 -0.946317 0.166436 0.317849 1 21 1.000000
  21 20.376417 36.855820 4.161766 0.974330 0.138533 -0.177453 0.064442 0.319683 1 21 1.000000
  21 20.169909 36.384674 3.704708 0.474278 -0.133743 -0.870157 0.066944 0.343307 1 21 1.000000
template_skin
  21 20.376417 36.855820 4.161766 0.974330 0.138533 -0.177453 0.064442 0.319683 1 21 1.000000
  21 18.575722 39.185646 2.999482 -0.026483 -0.322154 -0.946317 0.166436 0.317849 1 21 1.000000
  20 18.831789 40.054699 3.515963 0.868040 0.385803 -0.312511 0.181997 0.287490 1 20 1.000000
template_skin
  21 20.376417 36.855820 4.161766 0.974330 0.138533 -0.177453 0.064442 0.319683 1 21 1.000000
  20 18.831789 40.054699 3.515963 0.868040 0.385803 -0.312511 0.181997 0.287490 1 20 1.000000
  21 19.322420 39.314075 4.708292 0.820549 0.472546 0.321558 0.136625 0.268223 1 21 1.000000
template_skin
  21 18.800522 40.283356 4.250598 0.754259 0.584784 0.298533 0.172212 0.268093 1 21 1.000000
  21 19.322420 39.314075 4.708292 0.820549 0.472546 0.321558 0.136625 0.268223 1 21 1.000000
  20 18.831789 40.054699 3.515963 0.868040 0.385803 -0.312511 0.181997 0.287490 1 20 1.000000
template_skin
  21 18.019127 40.041306 4.950176 0.311114 0.607077 0.731208 0.170754 0.232437 1 21 1.000000
  21 19.322420 39.314075 4.708292 0.820549 0.472546 0.321558 0.136625 0.268223 1 21 1.000000
  21 18.800522 40.283356 4.250598 0.754259 0.584784 0.298533 0.172212 0.268093 1 21 1.000000
template_skin
  20 15.447333 46.510986 1.309901 0.701631 0.600299 0.383868 0.400855 0.267261 1 20 1.000000
  21 18.019127 40.041306 4.950176 0.311114 0.607077 0.731208 0.170754 0.232437 1 21 1.000000
  21 18.800522 40.283356 4.250598 0.754259 0.584784 0.298533 0.172212 0.268093 1 21 1.000000
template_skin
  19 12.940246 48.478031 0.973868 0.178527 0.519901 0.835363 0.483613 0.235184 1 19 1.000000
  21 18.019127 40.041306 4.950176 0.311114 0.607077 0.731208 0.170754 0.232437 1 21 1.000000
  20 15.447333 46.510986 1.309901 0.701631 0.600299 0.383868 0.400855 0.267261 1 20 1.000000
template_skin
  20 15.447333 46.510986 1.309901 0.701631 0.600299 0.383868 0.400855 0.267261 1 20 1.000000
  19 13.455488 48.765522 0.154908 0.730233 0.638572 0.242869 0.487337 0.268458 1 19 1.000000
  19 12.940246 48.478031 0.973868 0.178527 0.519901 0.835363 0.483613 0.235184 1 19 1.000000
template_skin
  19 11.550705 51.088753 0.512810 0.461412 0.353795 0.813590 0.564456 0.241751 1 19 1.000000
  19 12.940246 48.478031 0.973868 0.178527 0.519901 0.835363 0.483613 0.235184 1 19 1.000000
  19 13.455488 48.765522 0.154908 0.730233 0.638572 0.242869 0.487337 0.268458 1 19 1.000000
template_skin
  20 15.447333 46.510986 1.309901 0.701631 0.600299 0.383868 0.400855 0.267261 1 20 1.000000
  21 18.800522 40.283356 4.250598 0.754259 0.584784 0.298533 0.172212 0.268093 1 21 1.000000
  20 18.831789 40.054699 3.515963 0.868040 0.385803 -0.312511 0.181997 0.287490 1 20 1.000000
template_skin
  21 18.696623 38.979691 5.842119 0.511582 0.643820 0.569016 0.123993 0.229432 1 21 1.000000
  21 19.322420 39.314075 4.708292 0.820549 0.472546 0.321558 0.136625 0.268223 1 21 1.000000
  21 18.019127 40.041306 4.950176 0.311114 0.607077 0.731208 0.170754 0.232437 1 21 1.000000
template_skin
  21 19.322420 39.314075 4.708292 0.820549 0.472546 0.321558 0.136625 0.268223 1 21 1.000000
  21 20.188839 36.915562 5.127640 0.904184 0.229392 0.360320 0.052530 0.286891 1 21 1.000000
  21 20.376417 36.855820 4.161766 0.974330 0.138533 -0.177453 0.064442 0.319683 1 21 1.000000
template_skin
  21 20.447666 36.455894 4.134277 0.992989 0.061195 0.101132 0.057904 0.327062 1 21 1.000000
  21 20.169909 36.384674 3.704708 0.474278 -0.133743 -0.870157 0.066944 0.343307 1 21 1.000000
  21 20.376417 36.855820 4.161766 0.974330 0.138533 -0.177453 0.064442 0.319683 1 21 1.000000
template_skin
  21 20.447666 36.455894 4.134277 0.992989 0.061195 0.101132 0.057904 0.327062 1 21 1.000000
  21 20.376417 36.855820 4.161766 0.974330 0.138533 -0.177453 0.064442 0.319683 1 21 1.000000
  21 20.050257 36.663609 4.582073 0.965425 -0.186890 0.181730 0.050460 0.307753 1 21 1.000000
template_skin
  21 20.188839 36.915562 5.127640 0.904184 0.229392 0.360320 0.052530 0.286891 1 21 1.000000
  21 20.050257 36.663609 4.582073 0.965425 -0.186890 0.181730 0.050460 0.307753 1 21 1.000000
  21 20.376417 36.855820 4.161766 0.974330 0.138533 -0.177453 0.064442 0.319683 1 21 1.000000
template_skin
  21 20.050257 36.663609 4.582073 0.965425 -0.186890 0.181730 0.050460 0.307753 1 21 1.000000
  21 20.140314 36.282776 4.465530 0.208691 -0.275168 0.938472 0.042089 0.317966 1 21 1.000000
  21 20.447666 36.455894 4.134277 0.992989 0.061195 0.101132 0.057904 0.327062 1 21 1.000000
template_skin
  21 19.916473 37.039059 5.996531 0.962894 0.267559 0.035302 0.051711 0.251951 1 21 1.000000
  21 19.322420 39.314075 4.708292 0.820549 0.472546 0.321558 0.136625 0.268223 1 21 1.000000
  21 18.696623 38.979691 5.842119 0.511582 0.643820 0.569016 0.123993 0.229432 1 21 1.000000
template_skin
  21 19.916473 37.039059 5.996531 0.962894 0.267559 0.035302 0.051711 0.251951 1 21 1.000000
  21 19.809666 36.634460 5.531529 0.897176 -0.206828 0.390253 0.042337 0.269917 1 21 1.000000
  21 19.322420 39.314075 4.708292 0.820549 0.472546 0.321558 0.136625 0.268223 1 21 1.000000
template_skin
  21 19.809666 36.634460 5.531529 0.897176 -0.206828 0.390253 0.042337 0.269917 1 21 1.000000
  21 20.188839 36.915562 5.127640 0.904184 0.229392 0.360320 0.052530 0.286891 1 21 1.000000
  21 19.322420 39.314075 4.708292 0.820549 0.472546 0.321558 0.136625 0.268223 1 21 1.000000
template_skin
  21 20.284472 36.720295 5.175163 0.913176 0.308695 0.266114 0.043563 0.289103 1 21 1.000000
  21 20.188839 36.915562 5.127640 0.904184 0.229392 0.360320 0.052530 0.286891 1 21 1.000000
  21 19.809666 36.634460 5.531529 0.897176 -0.206828 0.390253 0.042337 0.269917 1 21 1.000000
template_skin
  21 20.050257 36.663609 4.582073 0.965425 -0.186890 0.181730 0.050460 0.307753 1 21 1.000000
  21 20.188839 36.915562 5.127640 0.904184 0.229392 0.360320 0.052530 0.286891 1 21 1.000000
  21 20.284472 36.720295 5.175163 0.913176 0.308695 0.266114 0.043563 0.289103 1 21 1.000000
template_skin
  21 20.284472 36.720295 5.175163 0.913176 0.308695 0.266114 0.043563 0.289103 1 21 1.000000
  21 20.177675 36.370026 4.727488 0.638168 -0.095080 -0.764003 0.037841 0.305510 1 21 1.000000
  21 20.050257 36.663609 4.582073 0.965425 -0.186890 0.181730 0.050460 0.307753 1 21 1.000000
template_skin
  21 19.809666 36.634460 5.531529 0.897176 -0.206828 0.390253 0.042337 0.269917 1 21 1.000000
  21 19.931343 36.406063 5.499718 0.210710 0.033746 0.976966 0.036506 0.275991 1 21 1.000000
  21 20.284472 36.720295 5.175163 0.913176 0.308695 0.266114 0.043563 0.289103 1 21 1.000000
template_skin
  19 11.977234 51.437820 -0.410566 0.816004 0.534945 0.219023 0.568756 0.270877 1 19 1.000000
  19 13.455488 48.765522 0.154908 0.730233 0.638572 0.242869 0.487337 0.268458 1 19 1.000000
  19 13.015402 49.345711 -1.180702 0.848099 0.449980 -0.279723 0.512937 0.307251 1 19 1.000000
template_skin
  20 15.780148 46.222164 -0.055081 0.854711 0.364508 -0.369598 0.402360 0.304105 1 20 1.000000
  19 13.015402 49.345711 -1.180702 0.848099 0.449980 -0.279723 0.512937 0.307251 1 19 1.000000
  19 13.455488 48.765522 0.154908 0.730233 0.638572 0.242869 0.487337 0.268458 1 19 1.000000
template_skin
  19 13.455488 48.765522 0.154908 0.730233 0.638572 0.242869 0.487337 0.268458 1 19 1.000000
  20 15.447333 46.510986 1.309901 0.701631 0.600299 0.383868 0.400855 0.267261 1 20 1.000000
  20 15.780148 46.222164 -0.055081 0.854711 0.364508 -0.369598 0.402360 0.304105 1 20 1.000000
template_skin
  20 18.831789 40.054699 3.515963 0.868040 0.385803 -0.312511 0.181997 0.287490 1 20 1.000000
  20 15.780148 46.222164 -0.055081 0.854711 0.364508 -0.369598 0.402360 0.304105 1 20 1.000000
  20 15.447333 46.510986 1.309901 0.701631 0.600299 0.383868 0.400855 0.267261 1 20 1.000000
template_skin
  20 15.780148 46.222164 -0.055081 0.854711 0.364508 -0.369598 0.402360 0.304105 1 20 1.000000
  20 18.831789 40.054699 3.515963 0.868040 0.385803 -0.312511 0.181997 0.287490 1 20 1.000000
  20 16.088182 42.945919 0.223549 0.398806 -0.361041 -0.842973 0.324736 0.342603 1 20 1.000000
template_skin
  21 18.575722 39.185646 2.999482 -0.026483 -0.322154 -0.946317 0.166436 0.317849 1 21 1.000000
  20 16.088182 42.945919 0.223549 0.398806 -0.361041 -0.842973 0.324736 0.342603 1 20 1.000000
  20 18.831789 40.054699 3.515963 0.868040 0.385803 -0.312511 0.181997 0.287490 1 20 1.000000
template_skin
  20 16.400896 41.056396 2.198455 -0.460096 -0.768196 -0.445182 0.263699 0.365709 1 20 1.000000
  20 16.088182 42.945919 0.223549 0.398806 -0.361041 -0.842973 0.324736 0.342603 1 20 1.000000
  21 18.575722 39.185646 2.999482 -0.026483 -0.322154 -0.946317 0.166436 0.317849 1 21 1.000000
template_skin
  21 18.575722 39.185646 2.999482 -0.026483 -0.322154 -0.946317 0.166436 0.317849 1 21 1.000000
  20 17.329659 39.728413 3.330987 -0.592344 -0.691038 -0.414240 0.210040 0.351220 1 20 1.000000
  20 16.400896 41.056396 2.198455 -0.460096 -0.768196 -0.445182 0.263699 0.365709 1 20 1.000000
template_skin
  20 16.088182 42.945919 0.223549 0.398806 -0.361041 -0.842973 0.324736 0.342603 1 20 1.000000
  20 13.921825 46.160347 -1.815852 0.225274 -0.267110 -0.936965 0.440053 0.359975 1 20 1.000000
  20 15.780148 46.222164 -0.055081 0.854711 0.364508 -0.369598 0.402360 0.304105 1 20 1.000000
template_skin
  20 15.780148 46.222164 -0.055081 0.854711 0.364508 -0.369598 0.402360 0.304105 1 20 1.000000
  20 13.921825 46.160347 -1.815852 0.225274 -0.267110 -0.936965 0.440053 0.359975 1 20 1.000000
  19 12.236714 48.748329 -2.343392 0.249327 -0.030614 -0.967935 0.521332 0.353825 2 19 0.500002 20 0.499998
template_skin
  19 12.236714 48.748329 -2.343392 0.249327 -0.030614 -0.967935 0.521332 0.353825 2 19 0.500002 20 0.499998
  19 13.015402 49.345711 -1.180702 0.848099 0.449980 -0.279723 0.512937 0.307251 1 19 1.000000
  20 15.780148 46.222164 -0.055081 0.854711 0.364508 -0.369598 0.402360 0.304105 1 20 1.000000
template_skin
  19 12.236714 48.748329 -2.343392 0.249327 -0.030614 -0.967935 0.521332 0.353825 2 19 0.500002 20 0.499998
  19 10.962062 48.071400 -1.616411 -0.623252 -0.555716 -0.550215 0.531474 0.401148 1 19 1.000000
  19 9.830536 50.014042 -2.300384 -0.442352 -0.593674 -0.672217 0.584436 0.398076 1 19 1.000000
template_skin
  19 11.630629 47.302681 -1.618161 -0.613673 -0.485844 -0.622383 0.501992 0.398282 1 19 1.000000
  19 10.962062 48.071400 -1.616411 -0.623252 -0.555716 -0.550215 0.531474 0.401148 1 19 1.000000
  19 12.236714 48.748329 -2.343392 0.249327 -0.030614 -0.967935 0.521332 0.353825 2 19 0.500002 20 0.499998
template_skin
  20 12.486916 45.827374 -1.329324 -0.556240 -0.545171 -0.627204 0.448704 0.401869 1 20 1.000000
  19 11.630629 47.302681 -1.618161 -0.613673 -0.485844 -0.622383 0.501992 0.398282 1 19 1.000000
  19 12.236714 48.748329 -2.343392 0.249327 -0.030614 -0.967935 0.521332 0.353825 2 19 0.500002 20 0.499998
template_skin
  19 12.236714 48.748329 -2.343392 0.249327 -0.030614 -0.967935 0.521332 0.353825 2 19 0.500002 20 0.499998
  20 13.921825 46.160347 -1.815852 0.225274 -0.267110 -0.936965 0.440053 0.359975 1 20 1.000000
  20 12.486916 45.827374 -1.329324 -0.556240 -0.545171 -0.627204 0.448704 0.401869 1 20 1.000000
template_skin
  20 13.598707 44.302811 -0.628410 -0.388682 -0.670413 -0.632039 0.386841 0.397284 1 20 1.000000
  20 12.486916 45.827374 -1.329324 -0.556240 -0.545171 -0.627204 0.448704 0.401869 1 20 1.000000
  20 13.921825 46.160347 -1.815852 0.225274 -0.267110 -0.936965 0.440053 0.359975 1 20 1.000000
template_skin
  20 13.598707 44.302811 -0.628410 -0.388682 -0.670413 -0.632039 0.386841 0.397284 1 20 1.000000
  20 13.921825 46.160347 -1.815852 0.225274 -0.267110 -0.936965 0.440053 0.359975 1 20 1.000000
  20 16.088182 42.945919 0.223549 0.398806 -0.361041 -0.842973 0.324736 0.342603 1 20 1.000000
template_skin
  20 16.088182 42.945919 0.223549 0.398806 -0.361041 -0.842973 0.324736 0.342603 1 20 1.000000
  20 15.055920 42.458614 0.747428 -0.404507 -0.778211 -0.480376 0.318154 0.379379 1 20 1.000000
  20 13.598707 44.302811 -0.628410 -0.388682 -0.670413 -0.632039 0.386841 0.397284 1 20 1.000000
template_skin
  20 16.088182 42.945919 0.223549 0.398806 -0.361041 -0.842973 0.324736 0.342603 1 20 1.000000
  20 16.400896 41.056396 2.198455 -0.460096 -0.768196 -0.445182 0.263699 0.365709 1 20 1.000000
  20 15.055920 42.458614 0.747428 -0.404507 -0.778211 -0.480376 0.318154 0.379379 1 20 1.000000
template_skin
  19 13.455488 48.765522 0.154908 0.730233 0.638572 0.242869 0.487337 0.268458 1 19 1.000000
  19 11.977234 51.437820 -0.410566 0.816004 0.534945 0.219023 0.568756 0.270877 1 19 1.000000
  19 11.550705 51.088753 0.512810 0.461412 0.353795 0.813590 0.564456 0.241751 1 19 1.000000
template_skin
  19 11.058308 51.711239 0.537541 0.427577 0.296187 0.854079 0.582783 0.239259 1 19 1.000000
  19 11.550705 51.088753 0.512810 0.461412 0.353795 0.813590 0.564456 0.241751 1 19 1.000000
  19 11.977234 51.437820 -0.410566 0.816004 0.534945 0.219023 0.568756 0.270877 1 19 1.000000
template_skin
  19 11.977234 51.437820 -0.410566 0.816004 0.534945 0.219023 0.568756 0.270877 1 19 1.000000
  19 11.546856 52.071629 -0.466928 0.839501 0.520536 0.155821 0.584630 0.269212 1 19 1.000000
  19 11.058308 51.711239 0.537541 0.427577 0.296187 0.854079 0.582783 0.239259 1 19 1.000000
template_skin
  19 11.546856 52.071629 -0.466928 0.839501 0.520536 0.155821 0.584630 0.269212 1 19 1.000000
  19 11.977234 51.437820 -0.410566 0.816004 0.534945 0.219023 0.568756 0.270877 1 19 1.000000
  19 13.015402 49.345711 -1.180702 0.848099 0.449980 -0.279723 0.512937 0.307251 1 19 1.000000
template_skin
  19 13.015402 49.345711 -1.180702 0.848099 0.449980 -0.279723 0.512937 0.307251 1 19 1.000000
  19 11.661779 51.901417 -1.989165 0.832317 0.275446 -0.481018 0.586768 0.310207 1 19 1.000000
  19 11.546856 52.071629 -0.466928 0.839501 0.520536 0.155821 0.584630 0.269212 1 19 1.000000
template_skin
  19 11.661779 51.901417 -1.989165 0.832317 0.275446 -0.481018 0.586768 0.310207 1 19 1.000000
  19 13.015402 49.345711 -1.180702 0.848099 0.449980 -0.279723 0.512937 0.307251 1 19 1.000000
  19 12.236714 48.748329 -2.343392 0.249327 -0.030614 -0.967935 0.521332 0.353825 2 19 0.500002 20 0.499998
template_skin
  19 12.236714 48.748329 -2.343392 0.249327 -0.030614 -0.967935 0.521332 0.353825 2 19 0.500002 20 0.499998
  19 10.502714 51.418518 -3.207707 0.109670 -0.276530 -0.954727 0.603799 0.356136 1 19 1.000000
  19 11.661779 51.901417 -1.989165 0.832317 0.275446 -0.481018 0.586768 0.310207 1 19 1.000000
template_skin
  19 10.502714 51.418518 -3.207707 0.109670 -0.276530 -0.954727 0.603799 0.356136 1 19 1.000000
  19 12.236714 48.748329 -2.343392 0.249327 -0.030614 -0.967935 0.521332 0.353825 2 19 0.500002 20 0.499998
  19 9.830536 50.014042 -2.300384 -0.442352 -0.593674 -0.672217 0.584436 0.398076 1 19 1.000000
template_skin
  19 9.830536 50.014042 -2.300384 -0.442352 -0.593674 -0.672217 0.584436 0.398076 1 19 1.000000
  19 8.932592 50.693180 -2.386930 -0.448683 -0.668781 -0.592803 0.619160 0.405284 1 19 1.000000
  19 10.502714 51.418518 -3.207707 0.109670 -0.276530 -0.954727 0.603799 0.356136 1 19 1.000000
template_skin
  19 11.550705 51.088753 0.512810 0.461412 0.353795 0.813590 0.564456 0.241751 1 19 1.000000
  19 9.997817 50.130459 0.627779 -0.303661 -0.185980 0.934452 0.570362 0.190904 1 19 1.000000
  19 11.742770 47.680077 0.972347 -0.432661 0.017207 0.901392 0.486295 0.189831 1 19 1.000000
template_skin
  19 9.997817 50.130459 0.627779 -0.303661 -0.185980 0.934452 0.570362 0.190904 1 19 1.000000
  19 11.550705 51.088753 0.512810 0.461412 0.353795 0.813590 0.564456 0.241751 1 19 1.000000
  19 11.058308 51.711239 0.537541 0.427577 0.296187 0.854079 0.582783 0.239259 1 19 1.000000
template_skin
  19 11.058308 51.711239 0.537541 0.427577 0.296187 0.854079 0.582783 0.239259 1 19 1.000000
  19 9.467415 50.797142 0.666822 -0.431090 -0.382517 0.817216 0.590371 0.190755 1 19 1.000000
  19 9.997817 50.130459 0.627779 -0.303661 -0.185980 0.934452 0.570362 0.190904 1 19 1.000000
template_skin
  19 9.258919 49.755859 -0.447601 -0.761112 -0.623649 0.178243 0.581341 0.152409 1 19 1.000000
  19 9.997817 50.130459 0.627779 -0.303661 -0.185980 0.934452 0.570362 0.190904 1 19 1.000000
  19 9.467415 50.797142 0.666822 -0.431090 -0.382517 0.817216 0.590371 0.190755 1 19 1.000000
template_skin
  19 9.467415 50.797142 0.666822 -0.431090 -0.382517 0.817216 0.590371 0.190755 1 19 1.000000
  19 8.592182 50.426537 -0.573819 -0.678670 -0.733978 0.026157 0.609732 0.144294 1 19 1.000000
  19 9.258919 49.755859 -0.447601 -0.761112 -0.623649 0.178243 0.581341 0.152409 1 19 1.000000
template_skin
  19 9.830536 50.014042 -2.300384 -0.442352 -0.593674 -0.672217 0.582368 0.094060 1 19 1.000000
  19 9.258919 49.755859 -0.447601 -0.761112 -0.623649 0.178243 0.581341 0.152409 1 19 1.000000
  19 8.592182 50.426537 -0.573819 -0.678670 -0.733978 0.026157 0.609732 0.144294 1 19 1.000000
template_skin
  19 8.592182 50.426537 -0.573819 -0.678670 -0.733978 0.026157 0.609732 0.144294 1 19 1.000000
  19 8.932592 50.693180 -2.386930 -0.448683 -0.668781 -0.592803 0.618574 0.089817 1 19 1.000000
  19 9.830536 50.014042 -2.300384 -0.442352 -0.593674 -0.672217 0.582368 0.094060 1 19 1.000000
template_skin
  20 15.873557 41.280872 3.315397 -0.829124 -0.477290 0.291113 0.267942 0.174318 1 20 1.000000
  20 17.232645 39.477486 4.827288 -0.979892 -0.197560 0.027951 0.191923 0.188383 2 20 0.500155 21 0.499845
  21 17.505659 39.716293 5.474329 -0.566910 0.564964 0.599523 0.169798 0.205632 1 21 1.000000
template_skin
  21 17.505659 39.716293 5.474329 -0.566910 0.564964 0.599523 0.169798 0.205632 1 21 1.000000
  20 16.188461 41.922100 4.011443 -0.565176 0.032570 0.824327 0.266377 0.205406 1 20 1.000000
  20 15.873557 41.280872 3.315397 -0.829124 -0.477290 0.291113 0.267942 0.174318 1 20 1.000000
template_skin
  20 12.760931 44.565800 1.150878 -0.813558 -0.522587 0.255003 0.403472 0.156913 1 20 1.000000
  20 15.873557 41.280872 3.315397 -0.829124 -0.477290 0.291113 0.267942 0.174318 1 20 1.000000
  20 16.188461 41.922100 4.011443 -0.565176 0.032570 0.824327 0.266377 0.205406 1 20 1.000000
template_skin
  20 16.188461 41.922100 4.011443 -0.565176 0.032570 0.824327 0.266377 0.205406 1 20 1.000000
  19 11.742770 47.680077 0.972347 -0.432661 0.017207 0.901392 0.486295 0.189831 1 19 1.000000
  20 12.760931 44.565800 1.150878 -0.813558 -0.522587 0.255003 0.403472 0.156913 1 20 1.000000
template_skin
  19 11.203177 47.101540 -0.075283 -0.870667 -0.448551 0.201841 0.491947 0.149021 1 19 1.000000
  20 12.760931 44.565800 1.150878 -0.813558 -0.522587 0.255003 0.403472 0.156913 1 20 1.000000
  19 11.742770 47.680077 0.972347 -0.432661 0.017207 0.901392 0.486295 0.189831 1 19 1.000000
template_skin
  19 11.203177 47.101540 -0.075283 -0.870667 -0.448551 0.201841 0.491947 0.149021 1 19 1.000000
  19 11.742770 47.680077 0.972347 -0.432661 0.017207 0.901392 0.486295 0.189831 1 19 1.000000
  19 9.997817 50.130459 0.627779 -0.303661 -0.185980 0.934452 0.570362 0.190904 1 19 1.000000
template_skin
  19 9.997817 50.130459 0.627779 -0.303661 -0.185980 0.934452 0.570362 0.190904 1 19 1.000000
  19 9.258919 49.755859 -0.447601 -0.761112 -0.623649 0.178243 0.581341 0.152409 1 19 1.000000
  19 11.203177 47.101540 -0.075283 -0.870667 -0.448551 0.201841 0.491947 0.149021 1 19 1.000000
template_skin
  19 10.962062 48.071400 -1.616411 -0.623252 -0.555716 -0.550215 0.533800 0.105697 1 19 1.000000
  19 11.203177 47.101540 -0.075283 -0.870667 -0.448551 0.201841 0.491947 0.149021 1 19 1.000000
  19 9.258919 49.755859 -0.447601 -0.761112 -0.623649 0.178243 0.581341 0.152409 1 19 1.000000
template_skin
  19 9.258919 49.755859 -0.447601 -0.761112 -0.623649 0.178243 0.581341 0.152409 1 19 1.000000
  19 9.830536 50.014042 -2.300384 -0.442352 -0.593674 -0.672217 0.582368 0.094060 1 19 1.000000
  19 10.962062 48.071400 -1.616411 -0.623252 -0.555716 -0.550215 0.533800 0.105697 1 19 1.000000
template_skin
  20 12.486916 45.827374 -1.329324 -0.556240 -0.545171 -0.627204 0.459848 0.098628 1 20 1.000000
  20 12.760931 44.565800 1.150878 -0.813558 -0.522587 0.255003 0.403472 0.156913 1 20 1.000000
  19 11.203177 47.101540 -0.075283 -0.870667 -0.448551 0.201841 0.491947 0.149021 1 19 1.000000
template_skin
  19 11.203177 47.101540 -0.075283 -0.870667 -0.448551 0.201841 0.491947 0.149021 1 19 1.000000
  19 11.630629 47.302681 -1.618161 -0.613673 -0.485844 -0.622383 0.508119 0.101574 1 19 1.000000
  20 12.486916 45.827374 -1.329324 -0.556240 -0.545171 -0.627204 0.459848 0.098628 1 20 1.000000
template_skin
  19 11.203177 47.101540 -0.075283 -0.870667 -0.448551 0.201841 0.491947 0.149021 1 19 1.000000
  19 10.962062 48.071400 -1.616411 -0.623252 -0.555716 -0.550215 0.533800 0.105697 1 19 1.000000
  19 11.630629 47.302681 -1.618161 -0.613673 -0.485844 -0.622383 0.508119 0.101574 1 19 1.000000
template_skin
  21 16.880018 37.503525 6.745317 -0.254968 -0.799730 -0.543529 0.151098 0.118284 1 21 1.000000
  21 16.462109 38.072094 6.844445 -0.935481 0.265186 -0.233564 0.135321 0.132208 1 21 1.000000
  21 16.792000 38.356266 6.326607 -0.949540 -0.134869 -0.283167 0.147167 0.150940 1 21 1.000000
template_skin
  21 17.077221 38.809143 6.592752 -0.588875 0.679846 0.437075 0.136395 0.165612 1 21 1.000000
  21 16.792000 38.356266 6.326607 -0.949540 -0.134869 -0.283167 0.147167 0.150940 1 21 1.000000
  21 16.462109 38.072094 6.844445 -0.935481 0.265186 -0.233564 0.135321 0.132208 1 21 1.000000
template_skin
  21 16.808943 38.660667 5.892048 -0.982159 0.186968 0.020174 0.155898 0.166933 1 21 1.000000
  21 16.792000 38.356266 6.326607 -0.949540 -0.134869 -0.283167 0.147167 0.150940 1 21 1.000000
  21 17.077221 38.809143 6.592752 -0.588875 0.679846 0.437075 0.136395 0.165612 1 21 1.000000
template_skin
  21 17.077221 38.809143 6.592752 -0.588875 0.679846 0.437075 0.136395 0.165612 1 21 1.000000
  21 17.307775 39.558525 5.974207 -0.330787 0.809172 0.485613 0.157746 0.196933 1 21 1.000000
  21 16.808943 38.660667 5.892048 -0.982159 0.186968 0.020174 0.155898 0.166933 1 21 1.000000
template_skin
  21 16.883722 39.124634 5.584731 -0.882644 0.469990 -0.006991 0.173973 0.176755 1 21 1.000000
  21 16.808943 38.660667 5.892048 -0.982159 0.186968 0.020174 0.155898 0.166933 1 21 1.000000
  21 17.307775 39.558525 5.974207 -0.330787 0.809172 0.485613 0.157746 0.196933 1 21 1.000000
template_skin
  21 16.883722 39.124634 5.584731 -0.882644 0.469990 -0.006991 0.173973 0.176755 1 21 1.000000
  21 17.307775 39.558525 5.974207 -0.330787 0.809172 0.485613 0.157746 0.196933 1 21 1.000000
  21 17.505659 39.716293 5.474329 -0.566910 0.564964 0.599523 0.169798 0.205632 1 21 1.000000
template_skin
  21 17.505659 39.716293 5.474329 -0.566910 0.564964 0.599523 0.169798 0.205632 1 21 1.000000
  20 17.192127 39.256958 5.069887 -0.897762 0.344989 -0.273871 0.181015 0.187624 2 20 0.500155 21 0.499845
  21 16.883722 39.124634 5.584731 -0.882644 0.469990 -0.006991 0.173973 0.176755 1 21 1.000000
template_skin
  20 17.232645 39.477486 4.827288 -0.979892 -0.197560 0.027951 0.191923 0.188383 2 20 0.500155 21 0.499845
  20 17.192127 39.256958 5.069887 -0.897762 0.344989 -0.273871 0.181015 0.187624 2 20 0.500155 21 0.499845
  21 17.505659 39.716293 5.474329 -0.566910 0.564964 0.599523 0.169798 0.205632 1 21 1.000000
template_skin
  21 17.738367 38.840729 3.867920 -0.803064 -0.273409 -0.529467 0.192313 0.148413 1 21 1.000000
  20 17.192127 39.256958 5.069887 -0.897762 0.344989 -0.273871 0.181015 0.187624 2 20 0.500155 21 0.499845
  20 17.232645 39.477486 4.827288 -0.979892 -0.197560 0.027951 0.191923 0.188383 2 20 0.500155 21 0.499845
template_skin
  20 17.232645 39.477486 4.827288 -0.979892 -0.197560 0.027951 0.191923 0.188383 2 20 0.500155 21 0.499845
  21 17.693867 39.111408 3.837262 -0.757210 -0.450721 -0.472740 0.202681 0.150000 1 21 1.000000
  21 17.738367 38.840729 3.867920 -0.803064 -0.273409 -0.529467 0.192313 0.148413 1 21 1.000000
template_skin
  20 17.232645 39.477486 4.827288 -0.979892 -0.197560 0.027951 0.191923 0.188383 2 20 0.500155 21 0.499845
  20 17.329659 39.728413 3.330987 -0.592344 -0.691038 -0.414240 0.221116 0.145977 1 20 1.000000
  21 17.693867 39.111408 3.837262 -0.757210 -0.450721 -0.472740 0.202681 0.150000 1 21 1.000000
template_skin
  20 17.329659 39.728413 3.330987 -0.592344 -0.691038 -0.414240 0.221116 0.145977 1 20 1.000000
  20 17.232645 39.477486 4.827288 -0.979892 -0.197560 0.027951 0.191923 0.188383 2 20 0.500155 21 0.499845
  20 15.873557 41.280872 3.315397 -0.829124 -0.477290 0.291113 0.267942 0.174318 1 20 1.000000
template_skin
  20 15.873557 41.280872 3.315397 -0.829124 -0.477290 0.291113 0.267942 0.174318 1 20 1.000000
  20 16.400896 41.056396 2.198455 -0.460096 -0.768196 -0.445182 0.276532 0.133269 1 20 1.000000
  20 17.329659 39.728413 3.330987 -0.592344 -0.691038 -0.414240 0.221116 0.145977 1 20 1.000000
template_skin
  20 15.873557 41.280872 3.315397 -0.829124 -0.477290 0.291113 0.267942 0.174318 1 20 1.000000
  20 15.055920 42.458614 0.747428 -0.404507 -0.778211 -0.480376 0.329745 0.119909 1 20 1.000000
  20 16.400896 41.056396 2.198455 -0.460096 -0.768196 -0.445182 0.276532 0.133269 1 20 1.000000
template_skin
  20 15.055920 42.458614 0.747428 -0.404507 -0.778211 -0.480376 0.329745 0.119909 1 20 1.000000
  20 15.873557 41.280872 3.315397 -0.829124 -0.477290 0.291113 0.267942 0.174318 1 20 1.000000
  20 12.760931 44.565800 1.150878 -0.813558 -0.522587 0.255003 0.403472 0.156913 1 20 1.000000
template_skin
  20 12.760931 44.565800 1.150878 -0.813558 -0.522587 0.255003 0.403472 0.156913 1 20 1.000000
  20 13.598707 44.302811 -0.628410 -0.388682 -0.670413 -0.632039 0.398846 0.103272 1 20 1.000000
  20 15.055920 42.458614 0.747428 -0.404507 -0.778211 -0.480376 0.329745 0.119909 1 20 1.000000
template_skin
  20 12.760931 44.565800 1.150878 -0.813558 -0.522587 0.255003 0.403472 0.156913 1 20 1.000000
  20 12.486916 45.827374 -1.329324 -0.556240 -0.545171 -0.627204 0.459848 0.098628 1 20 1.000000
  20 13.598707 44.302811 -0.628410 -0.388682 -0.670413 -0.632039 0.398846 0.103272 1 20 1.000000
template_skin
  21 16.792000 38.356266 6.326607 -0.949540 -0.134869 -0.283167 0.147167 0.150940 1 21 1.000000
  21 17.183281 37.885448 6.265402 -0.426747 -0.854901 -0.295012 0.164783 0.136420 1 21 1.000000
  21 16.880018 37.503525 6.745317 -0.254968 -0.799730 -0.543529 0.151098 0.118284 1 21 1.000000
template_skin
  21 16.880018 37.503525 6.745317 -0.254968 -0.799730 -0.543529 0.151098 0.118284 1 21 1.000000
  21 17.183281 37.885448 6.265402 -0.426747 -0.854901 -0.295012 0.164783 0.136420 1 21 1.000000
  21 17.559324 37.665810 6.712142 0.121143 -0.980264 0.156229 0.177523 0.122368 1 21 1.000000
template_skin
  21 17.559324 37.665810 6.712142 0.121143 -0.980264 0.156229 0.177523 0.122368 1 21 1.000000
  21 17.365826 37.553883 7.177598 0.761887 -0.519141 0.387326 0.162470 0.108439 1 21 1.000000
  21 16.880018 37.503525 6.745317 -0.254968 -0.799730 -0.543529 0.151098 0.118284 1 21 1.000000
template_skin
  21 16.880018 37.503525 6.745317 -0.254968 -0.799730 -0.543529 0.151098 0.118284 1 21 1.000000
  21 17.365826 37.553883 7.177598 0.761887 -0.519141 0.387326 0.162470 0.108439 1 21 1.000000
  21 16.737455 37.187672 7.846835 0.155011 -0.810612 0.564695 0.133544 0.087452 1 21 1.000000
template_skin
  21 16.737455 37.187672 7.846835 0.155011 -0.810612 0.564695 0.133544 0.087452 1 21 1.000000
  21 16.442524 37.127926 7.595912 -0.405069 -0.913259 -0.043327 0.125755 0.096907 1 21 1.000000
  21 16.880018 37.503525 6.745317 -0.254968 -0.799730 -0.543529 0.151098 0.118284 1 21 1.000000
template_skin
  21 16.880018 37.503525 6.745317 -0.254968 -0.799730 -0.543529 0.151098 0.118284 1 21 1.000000
  21 16.442524 37.127926 7.595912 -0.405069 -0.913259 -0.043327 0.125755 0.096907 1 21 1.000000
  21 16.230194 37.402145 7.687366 -0.946122 -0.160226 0.281392 0.113896 0.107748 1 21 1.000000
template_skin
  21 16.230194 37.402145 7.687366 -0.946122 -0.160226 0.281392 0.113896 0.107748 1 21 1.000000
  21 16.462109 38.072094 6.844445 -0.935481 0.265186 -0.233564 0.135321 0.132208 1 21 1.000000
  21 16.880018 37.503525 6.745317 -0.254968 -0.799730 -0.543529 0.151098 0.118284 1 21 1.000000
template_skin
  21 16.462109 38.072094 6.844445 -0.935481 0.265186 -0.233564 0.135321 0.132208 1 21 1.000000
  21 16.230194 37.402145 7.687366 -0.946122 -0.160226 0.281392 0.113896 0.107748 1 21 1.000000
  21 16.736298 38.288464 7.154186 -0.459814 0.753075 0.470583 0.124353 0.142205 1 21 1.000000
template_skin
  21 16.736298 38.288464 7.154186 -0.459814 0.753075 0.470583 0.124353 0.142205 1 21 1.000000
  21 17.077221 38.809143 6.592752 -0.588875 0.679846 0.437075 0.136395 0.165612 1 21 1.000000
  21 16.462109 38.072094 6.844445 -0.935481 0.265186 -0.233564 0.135321 0.132208 1 21 1.000000
template_skin
  21 16.736298 38.288464 7.154186 -0.459814 0.753075 0.470583 0.124353 0.142205 1 21 1.000000
  21 17.630589 38.353764 6.788554 0.235857 0.383428 0.892947 0.119059 0.177790 1 21 1.000000
  21 17.077221 38.809143 6.592752 -0.588875 0.679846 0.437075 0.136395 0.165612 1 21 1.000000
template_skin
  21 17.307775 39.558525 5.974207 -0.330787 0.809172 0.485613 0.157746 0.196933 1 21 1.000000
  21 17.077221 38.809143 6.592752 -0.588875 0.679846 0.437075 0.136395 0.165612 1 21 1.000000
  21 17.630589 38.353764 6.788554 0.235857 0.383428 0.892947 0.119059 0.177790 1 21 1.000000
template_skin
  21 17.630589 38.353764 6.788554 0.235857 0.383428 0.892947 0.119059 0.177790 1 21 1.000000
  21 18.696623 38.979691 5.842119 0.511582 0.643820 0.569016 0.123993 0.229432 1 21 1.000000
  21 17.307775 39.558525 5.974207 -0.330787 0.809172 0.485613 0.157746 0.196933 1 21 1.000000
template_skin
  21 17.505659 39.716293 5.474329 -0.566910 0.564964 0.599523 0.169798 0.205632 1 21 1.000000
  21 17.307775 39.558525 5.974207 -0.330787 0.809172 0.485613 0.157746 0.196933 1 21 1.000000
  21 18.696623 38.979691 5.842119 0.511582 0.643820 0.569016 0.123993 0.229432 1 21 1.000000
template_skin
  21 17.505659 39.716293 5.474329 -0.566910 0.564964 0.599523 0.169798 0.205632 1 21 1.000000
  21 18.696623 38.979691 5.842119 0.511582 0.643820 0.569016 0.123993 0.229432 1 21 1.000000
  21 18.019127 40.041306 4.950176 0.311114 0.607077 0.731208 0.170754 0.232437 1 21 1.000000
template_skin
  21 18.019127 40.041306 4.950176 0.311114 0.607077 0.731208 0.170754 0.232437 1 21 1.000000
  20 16.188461 41.922100 4.011443 -0.565176 0.032570 0.824327 0.266377 0.205406 1 20 1.000000
  21 17.505659 39.716293 5.474329 -0.566910 0.564964 0.599523 0.169798 0.205632 1 21 1.000000
template_skin
  19 12.940246 48.478031 0.973868 0.178527 0.519901 0.835363 0.483613 0.235184 1 19 1.000000
  20 16.188461 41.922100 4.011443 -0.565176 0.032570 0.824327 0.266377 0.205406 1 20 1.000000
  21 18.019127 40.041306 4.950176 0.311114 0.607077 0.731208 0.170754 0.232437 1 21 1.000000
template_skin
  19 12.940246 48.478031 0.973868 0.178527 0.519901 0.835363 0.483613 0.235184 1 19 1.000000
  19 11.742770 47.680077 0.972347 -0.432661 0.017207 0.901392 0.486295 0.189831 1 19 1.000000
  20 16.188461 41.922100 4.011443 -0.565176 0.032570 0.824327 0.266377 0.205406 1 20 1.000000
template_skin
  19 11.742770 47.680077 0.972347 -0.432661 0.017207 0.901392 0.486295 0.189831 1 19 1.000000
  19 12.940246 48.478031 0.973868 0.178527 0.519901 0.835363 0.483613 0.235184 1 19 1.000000
  19 11.550705 51.088753 0.512810 0.461412 0.353795 0.813590 0.564456 0.241751 1 19 1.000000
template_skin
  21 19.931271 36.707401 6.120119 0.982751 -0.009350 0.184697 0.040196 0.250384 1 21 1.000000
  21 19.764318 36.390099 5.636549 0.724027 -0.176704 -0.666753 0.034282 0.266203 1 21 1.000000
  21 19.809666 36.634460 5.531529 0.897176 -0.206828 0.390253 0.042337 0.269917 1 21 1.000000
template_skin
  21 19.809666 36.634460 5.531529 0.897176 -0.206828 0.390253 0.042337 0.269917 1 21 1.000000
  21 19.916473 37.039059 5.996531 0.962894 0.267559 0.035302 0.051711 0.251951 1 21 1.000000
  21 19.931271 36.707401 6.120119 0.982751 -0.009350 0.184697 0.040196 0.250384 1 21 1.000000
template_skin
  21 19.931271 36.707401 6.120119 0.982751 -0.009350 0.184697 0.040196 0.250384 1 21 1.000000
  21 19.916473 37.039059 5.996531 0.962894 0.267559 0.035302 0.051711 0.251951 1 21 1.000000
  21 19.787344 37.142128 6.489437 0.899140 0.067061 0.432493 0.047833 0.232247 1 21 1.000000
template_skin
  21 19.787344 37.142128 6.489437 0.899140 0.067061 0.432493 0.047833 0.232247 1 21 1.000000
  21 19.916473 37.039059 5.996531 0.962894 0.267559 0.035302 0.051711 0.251951 1 21 1.000000
  21 18.696623 38.979691 5.842119 0.511582 0.643820 0.569016 0.123993 0.229432 1 21 1.000000
template_skin
  21 19.128874 37.346088 7.205064 -0.197775 0.189294 0.961797 0.060597 0.199332 1 21 1.000000
  21 19.787344 37.142128 6.489437 0.899140 0.067061 0.432493 0.047833 0.232247 1 21 1.000000
  21 18.696623 38.979691 5.842119 0.511582 0.643820 0.569016 0.123993 0.229432 1 21 1.000000
template_skin
  21 18.696623 38.979691 5.842119 0.511582 0.643820 0.569016 0.123993 0.229432 1 21 1.000000
  21 17.630589 38.353764 6.788554 0.235857 0.383428 0.892947 0.119059 0.177790 1 21 1.000000
  21 19.128874 37.346088 7.205064 -0.197775 0.189294 0.961797 0.060597 0.199332 1 21 1.000000
template_skin
  21 19.128874 37.346088 7.205064 -0.197775 0.189294 0.961797 0.060597 0.199332 1 21 1.000000
  21 17.630589 38.353764 6.788554 0.235857 0.383428 0.892947 0.119059 0.177790 1 21 1.000000
  21 17.908466 37.518555 6.694540 -0.457703 -0.641228 0.615902 0.093907 0.182060 1 21 1.000000
template_skin
  21 17.630589 38.353764 6.788554 0.235857 0.383428 0.892947 0.119059 0.177790 1 21 1.000000
  21 17.559324 37.665810 6.712142 0.121143 -0.980264 0.156229 0.101242 0.170828 1 21 1.000000
  21 17.908466 37.518555 6.694540 -0.457703 -0.641228 0.615902 0.093907 0.182060 1 21 1.000000
template_skin
  21 17.559324 37.665810 6.712142 0.121143 -0.980264 0.156229 0.101242 0.170828 1 21 1.000000
  21 17.630589 38.353764 6.788554 0.235857 0.383428 0.892947 0.119059 0.177790 1 21 1.000000
  21 17.365826 37.553883 7.177598 0.761887 -0.519141 0.387326 0.090230 0.147417 1 21 1.000000
template_skin
  21 17.365826 37.553883 7.177598 0.761887 -0.519141 0.387326 0.090230 0.147417 1 21 1.000000
  21 17.630589 38.353764 6.788554 0.235857 0.383428 0.892947 0.119059 0.177790 1 21 1.000000
  21 17.127331 38.193954 7.388782 0.482459 0.483966 0.730075 0.111736 0.146360 1 21 1.000000
template_skin
  21 17.127331 38.193954 7.388782 0.482459 0.483966 0.730075 0.111736 0.146360 1 21 1.000000
  21 17.630589 38.353764 6.788554 0.235857 0.383428 0.892947 0.119059 0.177790 1 21 1.000000
  21 16.736298 38.288464 7.154186 -0.459814 0.753075 0.470583 0.124353 0.142205 1 21 1.000000
template_skin
  21 16.736298 38.288464 7.154186 -0.459814 0.753075 0.470583 0.124353 0.142205 1 21 1.000000
  21 16.656551 37.553368 8.015895 0.087385 0.265522 0.960136 0.101265 0.113476 1 21 1.000000
  21 17.127331 38.193954 7.388782 0.482459 0.483966 0.730075 0.111736 0.146360 1 21 1.000000
template_skin
  21 16.736298 38.288464 7.154186 -0.459814 0.753075 0.470583 0.124353 0.142205 1 21 1.000000
  21 16.230194 37.402145 7.687366 -0.946122 -0.160226 0.281392 0.113896 0.107748 1 21 1.000000
  21 16.656551 37.553368 8.015895 0.087385 0.265522 0.960136 0.101265 0.113476 1 21 1.000000
template_skin
  21 16.230194 37.402145 7.687366 -0.946122 -0.160226 0.281392 0.113896 0.107748 1 21 1.000000
  21 16.737455 37.187672 7.846835 0.152082 -0.865588 0.477104 0.098603 0.102695 1 21 1.000000
  21 16.656551 37.553368 8.015895 0.087385 0.265522 0.960136 0.101265 0.113476 1 21 1.000000
template_skin
  21 16.737455 37.187672 7.846835 0.152082 -0.865588 0.477104 0.098603 0.102695 1 21 1.000000
  21 16.230194 37.402145 7.687366 -0.946122 -0.160226 0.281392 0.113896 0.107748 1 21 1.000000
  21 16.442524 37.127926 7.595912 -0.405069 -0.913259 -0.043327 0.109622 0.096323 1 21 1.000000
template_skin
  21 19.787344 37.142128 6.489437 0.899140 0.067061 0.432493 0.047833 0.232247 1 21 1.000000
  21 19.597570 36.673695 6.372187 0.101740 -0.088299 0.990884 0.032238 0.235341 1 21 1.000000
  21 19.931271 36.707401 6.120119 0.982751 -0.009350 0.184697 0.040196 0.250384 1 21 1.000000
template_skin
  21 16.656551 37.553368 8.015895 0.087385 0.265522 0.960136 0.101265 0.113476 1 21 1.000000
  21 17.365826 37.553883 7.177598 0.761887 -0.519141 0.387326 0.090498 0.150924 1 21 1.000000
  21 17.127331 38.193954 7.388782 0.482459 0.483966 0.730075 0.111736 0.146360 1 21 1.000000
template_skin
  21 16.656551 37.553368 8.015895 0.087385 0.265522 0.960136 0.101265 0.113476 1 21 1.000000
  21 16.737455 37.187672 7.846835 0.155011 -0.810612 0.564695 0.086630 0.117572 1 21 1.000000
  21 17.365826 37.553883 7.177598 0.761887 -0.519141 0.387326 0.090498 0.150924 1 21 1.000000
template_skin
  21 17.908466 37.518555 6.694540 -0.457703 -0.641228 0.615902 0.093907 0.182060 1 21 1.000000
  21 18.339088 37.173256 6.690240 -0.518107 -0.767161 0.378192 0.074599 0.181316 1 21 1.000000
  21 19.128874 37.346088 7.205064 -0.197775 0.189294 0.961797 0.060597 0.199332 1 21 1.000000
template_skin
  21 18.339088 37.173256 6.690240 -0.518107 -0.767161 0.378192 0.074599 0.181316 1 21 1.000000
  21 18.626354 37.116856 6.804842 -0.719772 -0.566044 0.401899 0.065223 0.176700 1 21 1.000000
  21 19.128874 37.346088 7.205064 -0.197775 0.189294 0.961797 0.060597 0.199332 1 21 1.000000
template_skin
  21 19.128874 37.346088 7.205064 -0.197775 0.189294 0.961797 0.060597 0.199332 1 21 1.000000
  21 18.626354 37.116856 6.804842 -0.719772 -0.566044 0.401899 0.065223 0.176700 1 21 1.000000
  21 18.773941 36.869801 6.932019 -0.873842 -0.229609 0.428579 0.055073 0.183466 1 21 1.000000
template_skin
  21 18.773941 36.869801 6.932019 -0.873842 -0.229609 0.428579 0.055073 0.183466 1 21 1.000000
  21 19.149199 37.083122 7.218757 -0.015941 0.390701 0.920380 0.053357 0.197704 1 21 1.000000
  21 19.128874 37.346088 7.205064 -0.197775 0.189294 0.961797 0.060597 0.199332 1 21 1.000000
template_skin
  21 19.128874 37.346088 7.205064 -0.197775 0.189294 0.961797 0.060597 0.199332 1 21 1.000000
  21 19.149199 37.083122 7.218757 -0.015941 0.390701 0.920380 0.053357 0.197704 1 21 1.000000
  21 19.566954 37.092773 6.994476 0.812980 0.141250 0.564900 0.049956 0.214701 1 21 1.000000
template_skin
  21 19.787344 37.142128 6.489437 0.899140 0.067061 0.432493 0.047833 0.232247 1 21 1.000000
  21 19.128874 37.346088 7.205064 -0.197775 0.189294 0.961797 0.060597 0.199332 1 21 1.000000
  21 19.566954 37.092773 6.994476 0.812980 0.141250 0.564900 0.049956 0.214701 1 21 1.000000
template_skin
  21 19.566954 37.092773 6.994476 0.812980 0.141250 0.564900 0.049956 0.214701 1 21 1.000000
  21 19.468752 36.788235 6.545770 0.709851 -0.396894 -0.581882 0.035347 0.223708 1 21 1.000000
  21 19.787344 37.142128 6.489437 0.899140 0.067061 0.432493 0.047833 0.232247 1 21 1.000000
template_skin
  21 20.185772 33.528954 3.889636 0.480831 -0.813747 -0.326523 0.030596 0.055875 1 21 1.000000
  21 20.121809 33.574730 4.440955 0.454890 -0.554065 0.697200 0.025476 0.069517 1 21 1.000000
  21 19.762802 33.600735 4.227096 -0.641698 -0.701906 0.309114 0.016910 0.062260 1 21 1.000000
template_skin
  21 19.762802 33.600735 4.227096 -0.641698 -0.701906 0.309114 0.016910 0.062260 1 21 1.000000
  21 19.810202 33.578709 3.941265 -0.624272 -0.564151 -0.540388 0.019397 0.055345 1 21 1.000000
  21 20.185772 33.528954 3.889636 0.480831 -0.813747 -0.326523 0.030596 0.055875 1 21 1.000000
template_skin
  21 19.825445 34.328758 3.824176 -0.693252 -0.068660 -0.717417 0.050403 0.049738 1 21 1.000000
  21 19.791594 34.372295 4.195238 -0.899123 0.039508 0.435910 0.050085 0.038509 1 21 1.000000
  21 19.839939 35.041706 3.712879 -0.673107 -0.057622 -0.737297 0.068336 0.052231 1 21 1.000000
template_skin
  21 19.825445 34.328758 3.824176 -0.693252 -0.068660 -0.717417 0.050403 0.049738 1 21 1.000000
  21 19.810202 33.578709 3.941265 -0.596994 -0.633950 -0.491635 0.031537 0.047116 1 21 1.000000
  21 19.791594 34.372295 4.195238 -0.899123 0.039508 0.435910 0.050085 0.038509 1 21 1.000000
template_skin
  21 19.825445 34.328758 3.824176 -0.693252 -0.068660 -0.717417 0.050403 0.049738 1 21 1.000000
  21 20.287205 34.245720 3.805387 0.537298 -0.181618 -0.823605 0.048375 0.059262 1 21 1.000000
  21 19.810202 33.578709 3.941265 -0.596994 -0.633950 -0.491635 0.031537 0.047116 1 21 1.000000
template_skin
  21 19.810202 33.578709 3.941265 -0.596994 -0.633950 -0.491635 0.031537 0.047116 1 21 1.000000
  21 20.287205 34.245720 3.805387 0.537298 -0.181618 -0.823605 0.048375 0.059262 1 21 1.000000
  21 20.185772 33.528954 3.889636 0.480831 -0.813747 -0.326523 0.030596 0.055875 1 21 1.000000
template_skin
  21 20.407433 34.292480 4.136887 0.971756 -0.181549 0.150766 0.046046 0.067901 1 21 1.000000
  21 20.185772 33.528954 3.889636 0.480831 -0.813747 -0.326523 0.030596 0.055875 1 21 1.000000
  21 20.287205 34.245720 3.805387 0.537298 -0.181618 -0.823605 0.048375 0.059262 1 21 1.000000
template_skin
  21 20.121809 33.574730 4.440955 0.454890 -0.554065 0.697200 0.025476 0.069517 1 21 1.000000
  21 20.185772 33.528954 3.889636 0.480831 -0.813747 -0.326523 0.030596 0.055875 1 21 1.000000
  21 20.407433 34.292480 4.136887 0.971756 -0.181549 0.150766 0.046046 0.067901 1 21 1.000000
template_skin
  21 20.170263 34.333229 4.446660 0.157740 -0.005999 0.987462 0.044134 0.079547 1 21 1.000000
  21 20.121809 33.574730 4.440955 0.454890 -0.554065 0.697200 0.025476 0.069517 1 21 1.000000
  21 20.407433 34.292480 4.136887 0.971756 -0.181549 0.150766 0.046046 0.067901 1 21 1.000000
template_skin
  21 20.170263 34.333229 4.446660 0.157740 -0.005999 0.987462 0.044134 0.079547 1 21 1.000000
  21 20.407433 34.292480 4.136887 0.971756 -0.181549 0.150766 0.046046 0.067901 1 21 1.000000
  21 20.568573 35.162453 4.076299 0.972813 0.006386 0.231503 0.066822 0.073466 1 21 1.000000
template_skin
  21 20.254210 35.221401 4.415107 0.007116 -0.029207 0.999548 0.067465 0.086996 1 21 1.000000
  21 20.170263 34.333229 4.446660 0.157740 -0.005999 0.987462 0.044134 0.079547 1 21 1.000000
  21 20.568573 35.162453 4.076299 0.972813 0.006386 0.231503 0.066822 0.073466 1 21 1.000000
template_skin
  21 20.140314 36.282776 4.465530 0.208691 -0.275168 0.938472 0.100762 0.090894 1 21 1.000000
  21 20.254210 35.221401 4.415107 0.007116 -0.029207 0.999548 0.067465 0.086996 1 21 1.000000
  21 20.568573 35.162453 4.076299 0.972813 0.006386 0.231503 0.066822 0.073466 1 21 1.000000
template_skin
  21 20.568573 35.162453 4.076299 0.972813 0.006386 0.231503 0.066822 0.073466 1 21 1.000000
  21 20.447666 36.455894 4.134277 0.992989 0.061195 0.101132 0.100662 0.076957 1 21 1.000000
  21 20.140314 36.282776 4.465530 0.208691 -0.275168 0.938472 0.100762 0.090894 1 21 1.000000
template_skin
  21 20.169909 36.384674 3.704708 0.474278 -0.133743 -0.870157 0.100913 0.063923 1 21 1.000000
  21 20.447666 36.455894 4.134277 0.992989 0.061195 0.101132 0.100662 0.076957 1 21 1.000000
  21 20.568573 35.162453 4.076299 0.972813 0.006386 0.231503 0.066822 0.073466 1 21 1.000000
template_skin
  21 20.568573 35.162453 4.076299 0.972813 0.006386 0.231503 0.066822 0.073466 1 21 1.000000
  21 20.404160 35.175789 3.718125 0.406986 -0.029704 -0.912951 0.071144 0.063722 1 21 1.000000
  21 20.169909 36.384674 3.704708 0.474278 -0.133743 -0.870157 0.100913 0.063923 1 21 1.000000
template_skin
  21 19.722656 36.430195 3.761827 -0.520456 -0.509035 -0.685572 0.100810 0.049538 1 21 1.000000
  21 20.169909 36.384674 3.704708 0.474278 -0.133743 -0.870157 0.100913 0.063923 1 21 1.000000
  21 20.404160 35.175789 3.718125 0.406986 -0.029704 -0.912951 0.071144 0.063722 1 21 1.000000
template_skin
  21 20.404160 35.175789 3.718125 0.406986 -0.029704 -0.912951 0.071144 0.063722 1 21 1.000000
  21 19.839939 35.041706 3.712879 -0.673107 -0.057622 -0.737297 0.068336 0.052231 1 21 1.000000
  21 19.722656 36.430195 3.761827 -0.520456 -0.509035 -0.685572 0.100810 0.049538 1 21 1.000000
template_skin
  21 19.839939 35.041706 3.712879 -0.673107 -0.057622 -0.737297 0.068336 0.052231 1 21 1.000000
  21 19.819118 35.109978 4.164777 -0.828896 -0.014017 0.559227 0.067633 0.037441 1 21 1.000000
  21 19.722656 36.430195 3.761827 -0.520456 -0.509035 -0.685572 0.100810 0.049538 1 21 1.000000
template_skin
  21 19.839939 35.041706 3.712879 -0.673107 -0.057622 -0.737297 0.068336 0.052231 1 21 1.000000
  21 19.791594 34.372295 4.195238 -0.899123 0.039508 0.435910 0.050085 0.038509 1 21 1.000000
  21 19.819118 35.109978 4.164777 -0.828896 -0.014017 0.559227 0.067633 0.037441 1 21 1.000000
template_skin
  21 20.170263 34.333229 4.446660 0.157740 -0.005999 0.987462 0.048502 0.024958 1 21 1.000000
  21 19.819118 35.109978 4.164777 -0.828896 -0.014017 0.559227 0.067633 0.037441 1 21 1.000000
  21 19.791594 34.372295 4.195238 -0.899123 0.039508 0.435910 0.050085 0.038509 1 21 1.000000
template_skin
  21 19.791594 34.372295 4.195238 -0.899123 0.039508 0.435910 0.050085 0.038509 1 21 1.000000
  21 19.762802 33.600735 4.227096 -0.641698 -0.701906 0.309114 0.031732 0.039626 1 21 1.000000
  21 20.170263 34.333229 4.446660 0.157740 -0.005999 0.987462 0.048502 0.024958 1 21 1.000000
template_skin
  21 20.170263 34.333229 4.446660 0.157740 -0.005999 0.987462 0.048502 0.024958 1 21 1.000000
  21 19.762802 33.600735 4.227096 -0.641698 -0.701906 0.309114 0.031732 0.039626 1 21 1.000000
  21 20.121809 33.574730 4.440955 0.454890 -0.554065 0.697200 0.031177 0.027063 1 21 1.000000
template_skin
  21 20.568573 35.162453 4.076299 0.972813 0.006386 0.231503 0.066822 0.073466 1 21 1.000000
  21 20.407433 34.292480 4.136887 0.971756 -0.181549 0.150766 0.046046 0.067901 1 21 1.000000
  21 20.404160 35.175789 3.718125 0.406986 -0.029704 -0.912951 0.071144 0.063722 1 21 1.000000
template_skin
  21 20.404160 35.175789 3.718125 0.406986 -0.029704 -0.912951 0.071144 0.063722 1 21 1.000000
  21 20.407433 34.292480 4.136887 0.971756 -0.181549 0.150766 0.046046 0.067901 1 21 1.000000
  21 20.287205 34.245720 3.805387 0.537298 -0.181618 -0.823605 0.048375 0.059262 1 21 1.000000
template_skin
  21 20.287205 34.245720 3.805387 0.537298 -0.181618 -0.823605 0.048375 0.059262 1 21 1.000000
  21 19.839939 35.041706 3.712879 -0.673107 -0.057622 -0.737297 0.068336 0.052231 1 21 1.000000
  21 20.404160 35.175789 3.718125 0.406986 -0.029704 -0.912951 0.071144 0.063722 1 21 1.000000
template_skin
  21 19.825445 34.328758 3.824176 -0.693252 -0.068660 -0.717417 0.050403 0.049738 1 21 1.000000
  21 19.839939 35.041706 3.712879 -0.673107 -0.057622 -0.737297 0.068336 0.052231 1 21 1.000000
  21 20.287205 34.245720 3.805387 0.537298 -0.181618 -0.823605 0.048375 0.059262 1 21 1.000000
template_skin
  21 19.791594 34.372295 4.195238 -0.899123 0.039508 0.435910 0.050085 0.038509 1 21 1.000000
  21 19.810202 33.578709 3.941265 -0.596994 -0.633950 -0.491635 0.031537 0.047116 1 21 1.000000
  21 19.762802 33.600735 4.227096 -0.641698 -0.701906 0.309114 0.031732 0.039626 1 21 1.000000
template_skin
  21 20.254210 35.221401 4.415107 0.007116 -0.029207 0.999548 0.071663 0.024751 1 21 1.000000
  21 19.819118 35.109978 4.164777 -0.828896 -0.014017 0.559227 0.067633 0.037441 1 21 1.000000
  21 20.170263 34.333229 4.446660 0.157740 -0.005999 0.987462 0.048502 0.024958 1 21 1.000000
template_skin
  21 19.631090 36.387764 4.218939 -0.819720 -0.448938 0.355689 0.100663 0.036967 1 21 1.000000
  21 19.819118 35.109978 4.164777 -0.828896 -0.014017 0.559227 0.067633 0.037441 1 21 1.000000
  21 20.254210 35.221401 4.415107 0.007116 -0.029207 0.999548 0.071663 0.024751 1 21 1.000000
template_skin
  21 19.722656 36.430195 3.761827 -0.520456 -0.509035 -0.685572 0.100810 0.049538 1 21 1.000000
  21 19.819118 35.109978 4.164777 -0.828896 -0.014017 0.559227 0.067633 0.037441 1 21 1.000000
  21 19.631090 36.387764 4.218939 -0.819720 -0.448938 0.355689 0.100663 0.036967 1 21 1.000000
template_skin
  21 20.254210 35.221401 4.415107 0.007116 -0.029207 0.999548 0.071663 0.024751 1 21 1.000000
  21 20.140314 36.282776 4.465530 0.208691 -0.275168 0.938472 0.100765 0.022908 1 21 1.000000
  21 19.631090 36.387764 4.218939 -0.819720 -0.448938 0.355689 0.100663 0.036967 1 21 1.000000
template_skin
  14 5.104861 22.722271 -2.542617 -0.336678 -0.051991 -0.940183 0.905226 0.910019 1 14 1.000000
  14 4.049195 21.158077 -1.742406 -0.793294 0.071610 -0.604613 0.936528 0.877193 1 14 1.000000
  13 3.684717 23.922657 -1.621659 -0.813618 -0.216135 -0.539733 0.942370 0.938547 1 13 1.000000
template_skin
  14 8.234200 8.703914 -1.106359 0.869913 0.236588 0.432756 0.783790 0.605738 1 14 1.000000
  14 8.392320 15.424060 -0.149797 0.853235 -0.010841 0.521414 0.786268 0.754441 1 14 1.000000
  14 6.962149 15.083495 0.950909 0.231314 -0.136015 0.963324 0.753979 0.751925 1 14 1.000000
template_skin
  14 8.506416 11.327502 -2.332572 0.998059 -0.053452 -0.031948 0.817829 0.660811 1 14 1.000000
  14 8.392320 15.424060 -0.149797 0.853235 -0.010841 0.521414 0.786268 0.754441 1 14 1.000000
  14 8.234200 8.703914 -1.106359 0.869913 0.236588 0.432756 0.783790 0.605738 1 14 1.000000
template_skin
  14 8.506416 11.327502 -2.332572 0.998059 -0.053452 -0.031948 0.817829 0.660811 1 14 1.000000
  14 9.007339 15.697165 -2.338305 0.967684 0.044009 -0.248297 0.824451 0.752783 1 14 1.000000
  14 8.392320 15.424060 -0.149797 0.853235 -0.010841 0.521414 0.786268 0.754441 1 14 1.000000
template_skin
  14 9.007339 15.697165 -2.338305 0.967684 0.044009 -0.248297 0.824451 0.752783 1 14 1.000000
  14 8.506416 11.327502 -2.332572 0.998059 -0.053452 -0.031948 0.817829 0.660811 1 14 1.000000
  14 7.892834 11.298364 -3.510703 0.603769 -0.093220 -0.791690 0.847820 0.659274 1 14 1.000000
template_skin
  14 9.007339 15.697165 -2.338305 0.967684 0.044009 -0.248297 0.824451 0.752783 1 14 1.000000
  14 7.892834 11.298364 -3.510703 0.603769 -0.093220 -0.791690 0.847820 0.659274 1 14 1.000000
  14 7.958384 15.687852 -4.177998 0.491089 0.025968 -0.870722 0.856003 0.749389 1 14 1.000000
template_skin
  14 7.958384 15.687852 -4.177998 0.491089 0.025968 -0.870722 0.856003 0.749389 1 14 1.000000
  14 7.892834 11.298364 -3.510703 0.603769 -0.093220 -0.791690 0.847820 0.659274 1 14 1.000000
  14 6.448162 11.152559 -3.843637 -0.285796 -0.163992 -0.944154 0.881921 0.655558 1 14 1.000000
template_skin
  14 6.448162 11.152559 -3.843637 -0.285796 -0.163992 -0.944154 0.881921 0.655558 1 14 1.000000
  14 5.572504 15.583896 -4.519294 -0.268103 -0.012700 -0.963306 0.892090 0.746821 1 14 1.000000
  14 7.958384 15.687852 -4.177998 0.491089 0.025968 -0.870722 0.856003 0.749389 1 14 1.000000
template_skin
  14 5.572504 15.583896 -4.519294 -0.268103 -0.012700 -0.963306 0.892090 0.746821 1 14 1.000000
  14 6.448162 11.152559 -3.843637 -0.285796 -0.163992 -0.944154 0.881921 0.655558 1 14 1.000000
  14 5.254822 10.930902 -2.903222 -0.832728 -0.252502 -0.492755 0.915918 0.648190 1 14 1.000000
template_skin
  14 5.254822 10.930902 -2.903222 -0.832728 -0.252502 -0.492755 0.915918 0.648190 1 14 1.000000
  14 3.846971 15.140993 -3.058116 -0.871489 -0.140975 -0.469716 0.936520 0.740102 1 14 1.000000
  14 5.572504 15.583896 -4.519294 -0.268103 -0.012700 -0.963306 0.892090 0.746821 1 14 1.000000
template_skin
  14 3.846971 15.140993 -3.058116 -0.871489 -0.140975 -0.469716 0.936520 0.740102 1 14 1.000000
  14 5.254822 10.930902 -2.903222 -0.832728 -0.252502 -0.492755 0.915918 0.648190 1 14 1.000000
  14 4.453491 12.621856 -1.123617 -0.899011 -0.343865 0.271174 0.962081 0.680142 1 14 1.000000
template_skin
  14 4.453491 12.621856 -1.123617 -0.899011 -0.343865 0.271174 0.962081 0.680142 1 14 1.000000
  14 3.698944 14.908878 -0.680076 -0.887461 -0.199781 0.415332 0.979478 0.734179 1 14 1.000000
  14 3.846971 15.140993 -3.058116 -0.871489 -0.140975 -0.469716 0.936520 0.740102 1 14 1.000000
template_skin
  14 3.698944 14.908878 -0.680076 -0.887461 -0.199781 0.415332 0.979478 0.734179 1 14 1.000000
  14 3.622172 16.939852 -0.388231 -0.896183 0.023980 0.443036 0.983551 0.786383 1 14 1.000000
  14 3.846971 15.140993 -3.058116 -0.871489 -0.140975 -0.469716 0.936520 0.740102 1 14 1.000000
template_skin
  14 4.049195 21.158077 -1.742406 -0.793294 0.071610 -0.604613 0.936528 0.877193 1 14 1.000000
  14 3.846971 15.140993 -3.058116 -0.871489 -0.140975 -0.469716 0.936520 0.740102 1 14 1.000000
  14 3.622172 16.939852 -0.388231 -0.896183 0.023980 0.443036 0.983551 0.786383 1 14 1.000000
template_skin
  14 3.622172 16.939852 -0.388231 -0.896183 0.023980 0.443036 0.983551 0.786383 1 14 1.000000
  14 3.943562 19.349527 -0.244737 -0.889813 -0.050255 0.453550 0.976810 0.842331 1 14 1.000000
  14 4.049195 21.158077 -1.742406 -0.793294 0.071610 -0.604613 0.936528 0.877193 1 14 1.000000
template_skin
  14 4.049195 21.158077 -1.742406 -0.793294 0.071610 -0.604613 0.936528 0.877193 1 14 1.000000
  14 3.943562 19.349527 -0.244737 -0.889813 -0.050255 0.453550 0.976810 0.842331 1 14 1.000000
  14 3.793312 20.976706 -0.129993 -0.950143 -0.138835 0.279200 0.972217 0.875095 1 14 1.000000
template_skin
  14 3.793312 20.976706 -0.129993 -0.950143 -0.138835 0.279200 0.972217 0.875095 1 14 1.000000
  13 3.519679 22.615191 -0.000537 -0.976009 -0.146917 0.160689 0.974482 0.909491 1 13 1.000000
  14 4.049195 21.158077 -1.742406 -0.793294 0.071610 -0.604613 0.936528 0.877193 1 14 1.000000
template_skin
  13 3.684717 23.922657 -1.621659 -0.813618 -0.216135 -0.539733 0.942370 0.938547 1 13 1.000000
  14 4.049195 21.158077 -1.742406 -0.793294 0.071610 -0.604613 0.936528 0.877193 1 14 1.000000
  13 3.519679 22.615191 -0.000537 -0.976009 -0.146917 0.160689 0.974482 0.909491 1 13 1.000000
template_skin
  13 3.519679 22.615191 -0.000537 -0.976009 -0.146917 0.160689 0.974482 0.909491 1 13 1.000000
  13 3.373404 23.861334 0.095503 -0.916803 -0.272565 0.291857 0.979190 0.934142 1 13 1.000000
  13 3.684717 23.922657 -1.621659 -0.813618 -0.216135 -0.539733 0.942370 0.938547 1 13 1.000000
template_skin
  14 8.234200 8.703914 -1.106359 0.869913 0.236588 0.432756 0.783790 0.605738 1 14 1.000000
  14 8.486401 8.791396 -2.492994 0.901890 0.298293 -0.312434 0.817726 0.605734 1 14 1.000000
  14 8.506416 11.327502 -2.332572 0.998059 -0.053452 -0.031948 0.817829 0.660811 1 14 1.000000
template_skin
  14 7.892834 11.298364 -3.510703 0.603769 -0.093220 -0.791690 0.847820 0.659274 1 14 1.000000
  14 8.506416 11.327502 -2.332572 0.998059 -0.053452 -0.031948 0.817829 0.660811 1 14 1.000000
  14 8.486401 8.791396 -2.492994 0.901890 0.298293 -0.312434 0.817726 0.605734 1 14 1.000000
template_skin
  14 8.486401 8.791396 -2.492994 0.901890 0.298293 -0.312434 0.817726 0.605734 1 14 1.000000
  14 7.776154 8.870152 -3.411928 0.578842 0.281902 -0.765162 0.845827 0.603894 1 14 1.000000
  14 7.892834 11.298364 -3.510703 0.603769 -0.093220 -0.791690 0.847820 0.659274 1 14 1.000000
template_skin
  14 7.892834 11.298364 -3.510703 0.603769 -0.093220 -0.791690 0.847820 0.659274 1 14 1.000000
  14 7.776154 8.870152 -3.411928 0.578842 0.281902 -0.765162 0.845827 0.603894 1 14 1.000000
  14 6.755559 8.948960 -3.768256 -0.260079 0.276473 -0.925160 0.873858 0.600111 1 14 1.000000
template_skin
  14 6.755559 8.948960 -3.768256 -0.260079 0.276473 -0.925160 0.873858 0.600111 1 14 1.000000
  14 6.448162 11.152559 -3.843637 -0.285796 -0.163992 -0.944154 0.881921 0.655558 1 14 1.000000
  14 7.892834 11.298364 -3.510703 0.603769 -0.093220 -0.791690 0.847820 0.659274 1 14 1.000000
template_skin
  14 5.254822 10.930902 -2.903222 -0.832728 -0.252502 -0.492755 0.915918 0.648190 1 14 1.000000
  14 6.448162 11.152559 -3.843637 -0.285796 -0.163992 -0.944154 0.881921 0.655558 1 14 1.000000
  14 6.755559 8.948960 -3.768256 -0.260079 0.276473 -0.925160 0.873858 0.600111 1 14 1.000000
template_skin
  14 6.755559 8.948960 -3.768256 -0.260079 0.276473 -0.925160 0.873858 0.600111 1 14 1.000000
  14 6.044274 8.656205 -2.938954 -0.939659 0.059580 -0.336883 0.903068 0.595431 1 14 1.000000
  14 5.254822 10.930902 -2.903222 -0.832728 -0.252502 -0.492755 0.915918 0.648190 1 14 1.000000
template_skin
  14 5.016087 10.762180 -1.418638 -0.892962 -0.327742 0.308551 0.946819 0.643100 1 14 1.000000
  14 5.254822 10.930902 -2.903222 -0.832728 -0.252502 -0.492755 0.915918 0.648190 1 14 1.000000
  14 6.044274 8.656205 -2.938954 -0.939659 0.059580 -0.336883 0.903068 0.595431 1 14 1.000000
template_skin
  14 5.016087 10.762180 -1.418638 -0.892962 -0.327742 0.308551 0.946819 0.643100 1 14 1.000000
  14 4.453491 12.621856 -1.123617 -0.899011 -0.343865 0.271174 0.962081 0.680142 1 14 1.000000
  14 5.254822 10.930902 -2.903222 -0.832728 -0.252502 -0.492755 0.915918 0.648190 1 14 1.000000
template_skin
  14 6.044274 8.656205 -2.938954 -0.939659 0.059580 -0.336883 0.903068 0.595431 1 14 1.000000
  14 5.783108 8.508679 -1.604469 -0.923549 -0.002014 0.383476 0.932506 0.591676 1 14 1.000000
  14 5.016087 10.762180 -1.418638 -0.892962 -0.327742 0.308551 0.946819 0.643100 1 14 1.000000
template_skin
  13 3.684717 23.922657 -1.621659 -0.813618 -0.216135 -0.539733 0.942370 0.938547 1 13 1.000000
  13 3.373404 23.861334 0.095503 -0.916803 -0.272565 0.291857 0.979190 0.934142 1 13 1.000000
  13 2.860227 25.211161 -0.088743 -0.940504 -0.339493 0.014036 0.982055 0.964730 1 13 1.000000
template_skin
  13 2.860227 25.211161 -0.088743 -0.940504 -0.339493 0.014036 0.982055 0.964730 1 13 1.000000
  13 3.307313 25.249104 -2.060048 -0.707748 -0.394960 -0.585747 0.943162 0.971349 1 13 1.000000
  13 3.684717 23.922657 -1.621659 -0.813618 -0.216135 -0.539733 0.942370 0.938547 1 13 1.000000
template_skin
  13 3.684717 23.922657 -1.621659 -0.813618 -0.216135 -0.539733 0.942370 0.938547 1 13 1.000000
  13 3.307313 25.249104 -2.060048 -0.707748 -0.394960 -0.585747 0.943162 0.971349 1 13 1.000000
  13 4.884571 25.301394 -2.763554 -0.372801 -0.179235 -0.910436 0.909208 0.968624 1 13 1.000000
template_skin
  13 4.884571 25.301394 -2.763554 -0.372801 -0.179235 -0.910436 0.909208 0.968624 1 13 1.000000
  14 5.104861 22.722271 -2.542617 -0.336678 -0.051991 -0.940183 0.905226 0.910019 1 14 1.000000
  13 3.684717 23.922657 -1.621659 -0.813618 -0.216135 -0.539733 0.942370 0.938547 1 13 1.000000
template_skin
  14 5.104861 22.722271 -2.542617 -0.336678 -0.051991 -0.940183 0.905226 0.910019 1 14 1.000000
  13 4.884571 25.301394 -2.763554 -0.372801 -0.179235 -0.910436 0.909208 0.968624 1 13 1.000000
  13 6.674309 25.319340 -2.905432 0.305358 -0.098720 -0.947106 0.875089 0.970523 1 13 1.000000
template_skin
  13 6.674309 25.319340 -2.905432 0.305358 -0.098720 -0.947106 0.875089 0.970523 1 13 1.000000
  13 6.859320 22.721577 -2.403129 0.506311 0.008031 -0.862313 0.866601 0.910318 1 13 1.000000
  14 5.104861 22.722271 -2.542617 -0.336678 -0.051991 -0.940183 0.905226 0.910019 1 14 1.000000
template_skin
  13 6.674309 25.319340 -2.905432 0.305358 -0.098720 -0.947106 0.875089 0.970523 1 13 1.000000
  13 7.615701 25.314707 -1.541213 0.919335 -0.005459 -0.393437 0.843969 0.969646 1 13 1.000000
  13 6.859320 22.721577 -2.403129 0.506311 0.008031 -0.862313 0.866601 0.910318 1 13 1.000000
template_skin
  13 7.615701 25.314707 -1.541213 0.919335 -0.005459 -0.393437 0.843969 0.969646 1 13 1.000000
  13 7.734015 23.939260 -1.142109 0.984290 -0.049326 -0.169526 0.834158 0.938979 1 13 1.000000
  13 6.859320 22.721577 -2.403129 0.506311 0.008031 -0.862313 0.866601 0.910318 1 13 1.000000
template_skin
  13 7.734015 23.939260 -1.142109 0.984290 -0.049326 -0.169526 0.834158 0.938979 1 13 1.000000
  13 7.615701 25.314707 -1.541213 0.919335 -0.005459 -0.393437 0.843969 0.969646 1 13 1.000000
  13 7.762650 25.250582 0.512278 0.970667 -0.046128 0.235959 0.804278 0.973682 1 13 1.000000
template_skin
  13 7.762650 25.250582 0.512278 0.970667 -0.046128 0.235959 0.804278 0.973682 1 13 1.000000
  14 7.067132 21.488846 0.848652 0.847861 -0.061648 0.526623 0.780458 0.894075 1 14 1.000000
  13 7.734015 23.939260 -1.142109 0.984290 -0.049326 -0.169526 0.834158 0.938979 1 13 1.000000
template_skin
  14 7.067132 21.488846 0.848652 0.847861 -0.061648 0.526623 0.780458 0.894075 1 14 1.000000
  13 7.762650 25.250582 0.512278 0.970667 -0.046128 0.235959 0.804278 0.973682 1 13 1.000000
  13 6.184853 25.126886 2.623736 0.279281 -0.220702 0.934501 0.752526 0.980320 1 13 1.000000
template_skin
  13 6.184853 25.126886 2.623736 0.279281 -0.220702 0.934501 0.752526 0.980320 1 13 1.000000
  13 6.077333 23.816988 2.287030 0.214642 -0.180872 0.959799 0.750189 0.950006 1 13 1.000000
  14 7.067132 21.488846 0.848652 0.847861 -0.061648 0.526623 0.780458 0.894075 1 14 1.000000
template_skin
  13 5.060627 22.559401 1.708691 -0.530686 -0.166533 0.831047 0.725037 0.922850 2 13 0.799931 14 0.200069
  13 6.077333 23.816988 2.287030 0.214642 -0.180872 0.959799 0.750189 0.950006 1 13 1.000000
  13 6.184853 25.126886 2.623736 0.279281 -0.220702 0.934501 0.752526 0.980320 1 13 1.000000
template_skin
  14 6.188173 21.122185 2.025347 0.221561 -0.127086 0.966830 0.749217 0.892003 1 14 1.000000
  13 6.077333 23.816988 2.287030 0.214642 -0.180872 0.959799 0.750189 0.950006 1 13 1.000000
  13 5.060627 22.559401 1.708691 -0.530686 -0.166533 0.831047 0.725037 0.922850 2 13 0.799931 14 0.200069
template_skin
  13 5.060627 22.559401 1.708691 -0.530686 -0.166533 0.831047 0.725037 0.922850 2 13 0.799931 14 0.200069
  14 5.168865 20.991055 1.604416 -0.546075 -0.239646 0.802728 0.726787 0.888832 1 14 1.000000
  14 6.188173 21.122185 2.025347 0.221561 -0.127086 0.966830 0.749217 0.892003 1 14 1.000000
template_skin
  14 6.529020 18.673136 1.214848 0.203823 -0.129183 0.970447 0.752605 0.836814 1 14 1.000000
  14 6.188173 21.122185 2.025347 0.221561 -0.127086 0.966830 0.749217 0.892003 1 14 1.000000
  14 5.168865 20.991055 1.604416 -0.546075 -0.239646 0.802728 0.726787 0.888832 1 14 1.000000
template_skin
  14 4.902928 18.699678 0.625406 -0.593564 -0.065680 0.802102 0.716004 0.835465 1 14 1.000000
  14 6.529020 18.673136 1.214848 0.203823 -0.129183 0.970447 0.752605 0.836814 1 14 1.000000
  14 5.168865 20.991055 1.604416 -0.546075 -0.239646 0.802728 0.726787 0.888832 1 14 1.000000
template_skin
  14 6.529020 18.673136 1.214848 0.203823 -0.129183 0.970447 0.752605 0.836814 1 14 1.000000
  14 4.902928 18.699678 0.625406 -0.593564 -0.065680 0.802102 0.716004 0.835465 1 14 1.000000
  14 5.127481 16.873524 0.749302 -0.412106 -0.092316 0.906447 0.719027 0.796243 1 14 1.000000
template_skin
  14 6.962149 15.083495 0.950909 0.231314 -0.136015 0.963324 0.753979 0.751925 1 14 1.000000
  14 6.529020 18.673136 1.214848 0.203823 -0.129183 0.970447 0.752605 0.836814 1 14 1.000000
  14 5.127481 16.873524 0.749302 -0.412106 -0.092316 0.906447 0.719027 0.796243 1 14 1.000000
template_skin
  14 5.127481 16.873524 0.749302 -0.412106 -0.092316 0.906447 0.719027 0.796243 1 14 1.000000
  14 6.316098 10.730405 -0.296680 -0.517382 -0.231527 0.823839 0.727728 0.655321 1 14 1.000000
  14 6.962149 15.083495 0.950909 0.231314 -0.136015 0.963324 0.753979 0.751925 1 14 1.000000
template_skin
  13 6.184853 25.126886 2.623736 0.279281 -0.220702 0.934501 0.752526 0.980320 1 13 1.000000
  13 3.964545 25.134075 2.056530 -0.687751 -0.320681 0.651277 0.706853 0.981614 1 13 1.000000
  13 5.060627 22.559401 1.708691 -0.530686 -0.166533 0.831047 0.725037 0.922850 2 13 0.799931 14 0.200069
template_skin
  14 6.529020 18.673136 1.214848 0.203823 -0.129183 0.970447 0.752605 0.836814 1 14 1.000000
  14 6.962149 15.083495 0.950909 0.231314 -0.136015 0.963324 0.753979 0.751925 1 14 1.000000
  14 8.392320 15.424060 -0.149797 0.853235 -0.010841 0.521414 0.786268 0.754441 1 14 1.000000
template_skin
  13 3.964545 25.134075 2.056530 -0.687751 -0.320681 0.651277 0.706853 0.981614 1 13 1.000000
  13 2.860227 25.211161 -0.088743 -0.940504 -0.339493 0.014036 0.658156 0.973152 1 13 1.000000
  13 3.373404 23.861334 0.095503 -0.916803 -0.272565 0.291857 0.671808 0.945122 1 13 1.000000
template_skin
  13 3.373404 23.861334 0.095503 -0.916803 -0.272565 0.291857 0.671808 0.945122 1 13 1.000000
  13 5.060627 22.559401 1.708691 -0.530686 -0.166533 0.831047 0.725037 0.922850 2 13 0.799931 14 0.200069
  13 3.964545 25.134075 2.056530 -0.687751 -0.320681 0.651277 0.706853 0.981614 1 13 1.000000
template_skin
  13 3.373404 23.861334 0.095503 -0.916803 -0.272565 0.291857 0.671808 0.945122 1 13 1.000000
  13 3.519679 22.615191 -0.000537 -0.976009 -0.146917 0.160689 0.675867 0.918545 1 13 1.000000
  13 5.060627 22.559401 1.708691 -0.530686 -0.166533 0.831047 0.725037 0.922850 2 13 0.799931 14 0.200069
template_skin
  13 5.060627 22.559401 1.708691 -0.530686 -0.166533 0.831047 0.725037 0.922850 2 13 0.799931 14 0.200069
  13 3.519679 22.615191 -0.000537 -0.976009 -0.146917 0.160689 0.675867 0.918545 1 13 1.000000
  14 3.793312 20.976706 -0.129993 -0.950143 -0.138835 0.279200 0.681458 0.882956 1 14 1.000000
template_skin
  14 3.793312 20.976706 -0.129993 -0.950143 -0.138835 0.279200 0.681458 0.882956 1 14 1.000000
  14 5.168865 20.991055 1.604416 -0.546075 -0.239646 0.802728 0.726787 0.888832 1 14 1.000000
  13 5.060627 22.559401 1.708691 -0.530686 -0.166533 0.831047 0.725037 0.922850 2 13 0.799931 14 0.200069
template_skin
  14 3.793312 20.976706 -0.129993 -0.950143 -0.138835 0.279200 0.681458 0.882956 1 14 1.000000
  14 3.943562 19.349527 -0.244737 -0.889813 -0.050255 0.453550 0.684769 0.847849 1 14 1.000000
  14 5.168865 20.991055 1.604416 -0.546075 -0.239646 0.802728 0.726787 0.888832 1 14 1.000000
template_skin
  14 4.902928 18.699678 0.625406 -0.593564 -0.065680 0.802102 0.716004 0.835465 1 14 1.000000
  14 5.168865 20.991055 1.604416 -0.546075 -0.239646 0.802728 0.726787 0.888832 1 14 1.000000
  14 3.943562 19.349527 -0.244737 -0.889813 -0.050255 0.453550 0.684769 0.847849 1 14 1.000000
template_skin
  14 4.902928 18.699678 0.625406 -0.593564 -0.065680 0.802102 0.716004 0.835465 1 14 1.000000
  14 3.943562 19.349527 -0.244737 -0.889813 -0.050255 0.453550 0.684769 0.847849 1 14 1.000000
  14 3.622172 16.939852 -0.388231 -0.896183 0.023980 0.443036 0.680393 0.795460 1 14 1.000000
template_skin
  14 3.622172 16.939852 -0.388231 -0.896183 0.023980 0.443036 0.680393 0.795460 1 14 1.000000
  14 5.127481 16.873524 0.749302 -0.412106 -0.092316 0.906447 0.719027 0.796243 1 14 1.000000
  14 4.902928 18.699678 0.625406 -0.593564 -0.065680 0.802102 0.716004 0.835465 1 14 1.000000
template_skin
  14 5.127481 16.873524 0.749302 -0.412106 -0.092316 0.906447 0.719027 0.796243 1 14 1.000000
  14 3.622172 16.939852 -0.388231 -0.896183 0.023980 0.443036 0.680393 0.795460 1 14 1.000000
  14 3.698944 14.908878 -0.680076 -0.887461 -0.199781 0.415332 0.678749 0.746794 1 14 1.000000
template_skin
  14 5.127481 16.873524 0.749302 -0.412106 -0.092316 0.906447 0.719027 0.796243 1 14 1.000000
  14 3.698944 14.908878 -0.680076 -0.887461 -0.199781 0.415332 0.678749 0.746794 1 14 1.000000
  14 4.453491 12.621856 -1.123617 -0.899011 -0.343865 0.271174 0.685963 0.692863 1 14 1.000000
template_skin
  14 4.453491 12.621856 -1.123617 -0.899011 -0.343865 0.271174 0.685963 0.692863 1 14 1.000000
  14 6.316098 10.730405 -0.296680 -0.517382 -0.231527 0.823839 0.727728 0.655321 1 14 1.000000
  14 5.127481 16.873524 0.749302 -0.412106 -0.092316 0.906447 0.719027 0.796243 1 14 1.000000
template_skin
  14 6.316098 10.730405 -0.296680 -0.517382 -0.231527 0.823839 0.727728 0.655321 1 14 1.000000
  14 4.453491 12.621856 -1.123617 -0.899011 -0.343865 0.271174 0.685963 0.692863 1 14 1.000000
  14 5.016087 10.762180 -1.418638 -0.892962 -0.327742 0.308551 0.693484 0.652698 1 14 1.000000
template_skin
  14 6.316098 10.730405 -0.296680 -0.517382 -0.231527 0.823839 0.727728 0.655321 1 14 1.000000
  14 5.016087 10.762180 -1.418638 -0.892962 -0.327742 0.308551 0.693484 0.652698 1 14 1.000000
  14 5.783108 8.508679 -1.604469 -0.923549 -0.002014 0.383476 0.701630 0.599714 1 14 1.000000
template_skin
  14 5.783108 8.508679 -1.604469 -0.923549 -0.002014 0.383476 0.701630 0.599714 1 14 1.000000
  14 6.596054 8.500722 -0.675486 -0.619686 0.244531 0.745784 0.730052 0.600983 1 14 1.000000
  14 6.316098 10.730405 -0.296680 -0.517382 -0.231527 0.823839 0.727728 0.655321 1 14 1.000000
template_skin
  14 6.316098 10.730405 -0.296680 -0.517382 -0.231527 0.823839 0.727728 0.655321 1 14 1.000000
  14 6.596054 8.500722 -0.675486 -0.619686 0.244531 0.745784 0.730052 0.600983 1 14 1.000000
  14 7.441038 8.548322 -0.295530 0.054763 0.349622 0.935289 0.756864 0.603108 1 14 1.000000
template_skin
  14 7.441038 8.548322 -0.295530 0.054763 0.349622 0.935289 0.756864 0.603108 1 14 1.000000
  14 6.962149 15.083495 0.950909 0.231314 -0.136015 0.963324 0.753979 0.751925 1 14 1.000000
  14 6.316098 10.730405 -0.296680 -0.517382 -0.231527 0.823839 0.727728 0.655321 1 14 1.000000
template_skin
  14 6.962149 15.083495 0.950909 0.231314 -0.136015 0.963324 0.753979 0.751925 1 14 1.000000
  14 7.441038 8.548322 -0.295530 0.054763 0.349622 0.935289 0.756864 0.603108 1 14 1.000000
  14 8.234200 8.703914 -1.106359 0.869913 0.236588 0.432756 0.783790 0.605738 1 14 1.000000
template_skin
  14 7.645751 21.344093 -0.870001 0.992242 0.109609 0.058669 0.820158 0.883558 1 14 1.000000
  14 7.008400 20.816563 -2.546711 0.511920 0.277438 -0.812998 0.862877 0.867081 1 14 1.000000
  13 7.734015 23.939260 -1.142109 0.984290 -0.049326 -0.169526 0.834158 0.938979 1 13 1.000000
template_skin
  14 7.008400 20.816563 -2.546711 0.511920 0.277438 -0.812998 0.862877 0.867081 1 14 1.000000
  13 6.859320 22.721577 -2.403129 0.506311 0.008031 -0.862313 0.866601 0.910318 1 13 1.000000
  13 7.734015 23.939260 -1.142109 0.984290 -0.049326 -0.169526 0.834158 0.938979 1 13 1.000000
template_skin
  13 6.859320 22.721577 -2.403129 0.506311 0.008031 -0.862313 0.866601 0.910318 1 13 1.000000
  14 7.008400 20.816563 -2.546711 0.511920 0.277438 -0.812998 0.862877 0.867081 1 14 1.000000
  14 5.104861 22.722271 -2.542617 -0.336678 -0.051991 -0.940183 0.905226 0.910019 1 14 1.000000
template_skin
  14 7.008400 20.816563 -2.546711 0.511920 0.277438 -0.812998 0.862877 0.867081 1 14 1.000000
  14 4.049195 21.158077 -1.742406 -0.793294 0.071610 -0.604613 0.936528 0.877193 1 14 1.000000
  14 5.104861 22.722271 -2.542617 -0.336678 -0.051991 -0.940183 0.905226 0.910019 1 14 1.000000
template_skin
  14 7.008400 20.816563 -2.546711 0.511920 0.277438 -0.812998 0.862877 0.867081 1 14 1.000000
  14 5.373759 17.598841 -4.116704 -0.440329 0.239567 -0.865285 0.896138 0.793242 1 14 1.000000
  14 4.049195 21.158077 -1.742406 -0.793294 0.071610 -0.604613 0.936528 0.877193 1 14 1.000000
template_skin
  14 5.373759 17.598841 -4.116704 -0.440329 0.239567 -0.865285 0.896138 0.793242 1 14 1.000000
  14 3.846971 15.140993 -3.058116 -0.871489 -0.140975 -0.469716 0.936520 0.740102 1 14 1.000000
  14 4.049195 21.158077 -1.742406 -0.793294 0.071610 -0.604613 0.936528 0.877193 1 14 1.000000
template_skin
  14 3.846971 15.140993 -3.058116 -0.871489 -0.140975 -0.469716 0.936520 0.740102 1 14 1.000000
  14 5.373759 17.598841 -4.116704 -0.440329 0.239567 -0.865285 0.896138 0.793242 1 14 1.000000
  14 5.572504 15.583896 -4.519294 -0.268103 -0.012700 -0.963306 0.892090 0.746821 1 14 1.000000
template_skin
  14 5.572504 15.583896 -4.519294 -0.268103 -0.012700 -0.963306 0.892090 0.746821 1 14 1.000000
  14 5.373759 17.598841 -4.116704 -0.440329 0.239567 -0.865285 0.896138 0.793242 1 14 1.000000
  14 7.664979 17.825796 -3.843599 0.462254 0.322941 -0.825851 0.860765 0.797086 1 14 1.000000
template_skin
  14 7.664979 17.825796 -3.843599 0.462254 0.322941 -0.825851 0.860765 0.797086 1 14 1.000000
  14 7.958384 15.687852 -4.177998 0.491089 0.025968 -0.870722 0.856003 0.749389 1 14 1.000000
  14 5.572504 15.583896 -4.519294 -0.268103 -0.012700 -0.963306 0.892090 0.746821 1 14 1.000000
template_skin
  14 9.007339 15.697165 -2.338305 0.967684 0.044009 -0.248297 0.824451 0.752783 1 14 1.000000
  14 7.958384 15.687852 -4.177998 0.491089 0.025968 -0.870722 0.856003 0.749389 1 14 1.000000
  14 7.664979 17.825796 -3.843599 0.462254 0.322941 -0.825851 0.860765 0.797086 1 14 1.000000
template_skin
  14 7.664979 17.825796 -3.843599 0.462254 0.322941 -0.825851 0.860765 0.797086 1 14 1.000000
  14 8.697754 17.758339 -2.005994 0.961498 0.262481 -0.081397 0.826330 0.801419 1 14 1.000000
  14 9.007339 15.697165 -2.338305 0.967684 0.044009 -0.248297 0.824451 0.752783 1 14 1.000000
template_skin
  14 8.392320 15.424060 -0.149797 0.853235 -0.010841 0.521414 0.786268 0.754441 1 14 1.000000
  14 9.007339 15.697165 -2.338305 0.967684 0.044009 -0.248297 0.824451 0.752783 1 14 1.000000
  14 8.697754 17.758339 -2.005994 0.961498 0.262481 -0.081397 0.826330 0.801419 1 14 1.000000
template_skin
  14 8.697754 17.758339 -2.005994 0.961498 0.262481 -0.081397 0.826330 0.801419 1 14 1.000000
  14 7.704480 19.193237 0.189355 0.841657 0.055042 0.537200 0.788799 0.841317 1 14 1.000000
  14 8.392320 15.424060 -0.149797 0.853235 -0.010841 0.521414 0.786268 0.754441 1 14 1.000000
template_skin
  14 8.392320 15.424060 -0.149797 0.853235 -0.010841 0.521414 0.786268 0.754441 1 14 1.000000
  14 7.704480 19.193237 0.189355 0.841657 0.055042 0.537200 0.788799 0.841317 1 14 1.000000
  14 6.529020 18.673136 1.214848 0.203823 -0.129183 0.970447 0.752605 0.836814 1 14 1.000000
template_skin
  14 7.067132 21.488846 0.848652 0.847861 -0.061648 0.526623 0.780458 0.894075 1 14 1.000000
  14 6.529020 18.673136 1.214848 0.203823 -0.129183 0.970447 0.752605 0.836814 1 14 1.000000
  14 7.704480 19.193237 0.189355 0.841657 0.055042 0.537200 0.788799 0.841317 1 14 1.000000
template_skin
  14 7.067132 21.488846 0.848652 0.847861 -0.061648 0.526623 0.780458 0.894075 1 14 1.000000
  14 6.188173 21.122185 2.025347 0.221561 -0.127086 0.966830 0.749217 0.892003 1 14 1.000000
  14 6.529020 18.673136 1.214848 0.203823 -0.129183 0.970447 0.752605 0.836814 1 14 1.000000
template_skin
  14 7.067132 21.488846 0.848652 0.847861 -0.061648 0.526623 0.780458 0.894075 1 14 1.000000
  13 6.077333 23.816988 2.287030 0.214642 -0.180872 0.959799 0.750189 0.950006 1 13 1.000000
  14 6.188173 21.122185 2.025347 0.221561 -0.127086 0.966830 0.749217 0.892003 1 14 1.000000
template_skin
  14 5.373759 17.598841 -4.116704 -0.440329 0.239567 -0.865285 0.896138 0.793242 1 14 1.000000
  14 7.008400 20.816563 -2.546711 0.511920 0.277438 -0.812998 0.862877 0.867081 1 14 1.000000
  14 7.664979 17.825796 -3.843599 0.462254 0.322941 -0.825851 0.860765 0.797086 1 14 1.000000
template_skin
  14 8.697754 17.758339 -2.005994 0.961498 0.262481 -0.081397 0.826330 0.801419 1 14 1.000000
  14 7.664979 17.825796 -3.843599 0.462254 0.322941 -0.825851 0.860765 0.797086 1 14 1.000000
  14 7.008400 20.816563 -2.546711 0.511920 0.277438 -0.812998 0.862877 0.867081 1 14 1.000000
template_skin
  14 7.008400 20.816563 -2.546711 0.511920 0.277438 -0.812998 0.862877 0.867081 1 14 1.000000
  14 7.645751 21.344093 -0.870001 0.992242 0.109609 0.058669 0.820158 0.883558 1 14 1.000000
  14 8.697754 17.758339 -2.005994 0.961498 0.262481 -0.081397 0.826330 0.801419 1 14 1.000000
template_skin
  14 7.704480 19.193237 0.189355 0.841657 0.055042 0.537200 0.788799 0.841317 1 14 1.000000
  14 8.697754 17.758339 -2.005994 0.961498 0.262481 -0.081397 0.826330 0.801419 1 14 1.000000
  14 7.645751 21.344093 -0.870001 0.992242 0.109609 0.058669 0.820158 0.883558 1 14 1.000000
template_skin
  14 7.704480 19.193237 0.189355 0.841657 0.055042 0.537200 0.788799 0.841317 1 14 1.000000
  14 7.645751 21.344093 -0.870001 0.992242 0.109609 0.058669 0.820158 0.883558 1 14 1.000000
  14 7.067132 21.488846 0.848652 0.847861 -0.061648 0.526623 0.780458 0.894075 1 14 1.000000
template_skin
  13 7.734015 23.939260 -1.142109 0.984290 -0.049326 -0.169526 0.834158 0.938979 1 13 1.000000
  14 7.067132 21.488846 0.848652 0.847861 -0.061648 0.526623 0.780458 0.894075 1 14 1.000000
  14 7.645751 21.344093 -0.870001 0.992242 0.109609 0.058669 0.820158 0.883558 1 14 1.000000
template_skin
  1 -3.684716 23.922655 -1.621659 0.813618 -0.216135 -0.539733 0.703397 0.440721 1 1 1.000000
  2 -4.049194 21.158073 -1.742405 0.793294 0.071610 -0.604613 0.709238 0.379366 1 2 1.000000
  2 -5.104860 22.722267 -2.542616 0.336678 -0.051991 -0.940183 0.740540 0.412193 1 2 1.000000
template_skin
  2 -4.049194 21.158073 -1.742405 0.793294 0.071610 -0.604613 0.709238 0.379366 1 2 1.000000
  2 -3.943562 19.349527 -0.244737 0.889813 -0.050255 0.453550 0.668957 0.344504 1 2 1.000000
  2 -3.622172 16.939848 -0.388231 0.896183 0.023980 0.443036 0.662216 0.288557 1 2 1.000000
template_skin
  2 -3.793312 20.976702 -0.129992 0.950143 -0.138835 0.279200 0.673550 0.377268 1 2 1.000000
  2 -3.943562 19.349527 -0.244737 0.889813 -0.050255 0.453550 0.668957 0.344504 1 2 1.000000
  2 -4.049194 21.158073 -1.742405 0.793294 0.071610 -0.604613 0.709238 0.379366 1 2 1.000000
template_skin
  2 -4.049194 21.158073 -1.742405 0.793294 0.071610 -0.604613 0.709238 0.379366 1 2 1.000000
  1 -3.519678 22.615191 -0.000537 0.976009 -0.146916 0.160689 0.671284 0.411664 1 1 1.000000
  2 -3.793312 20.976702 -0.129992 0.950143 -0.138835 0.279200 0.673550 0.377268 1 2 1.000000
template_skin
  1 -3.519678 22.615191 -0.000537 0.976009 -0.146916 0.160689 0.671284 0.411664 1 1 1.000000
  2 -4.049194 21.158073 -1.742405 0.793294 0.071610 -0.604613 0.709238 0.379366 1 2 1.000000
  1 -3.684716 23.922655 -1.621659 0.813618 -0.216135 -0.539733 0.703397 0.440721 1 1 1.000000
template_skin
  1 -3.684716 23.922655 -1.621659 0.813618 -0.216135 -0.539733 0.703397 0.440721 1 1 1.000000
  1 -3.373403 23.861334 0.095504 0.916803 -0.272565 0.291857 0.666577 0.436316 1 1 1.000000
  1 -3.519678 22.615191 -0.000537 0.976009 -0.146916 0.160689 0.671284 0.411664 1 1 1.000000
template_skin
  1 -2.860227 25.211161 -0.088743 0.940504 -0.339493 0.014036 0.663712 0.466904 1 1 1.000000
  1 -3.373403 23.861334 0.095504 0.916803 -0.272565 0.291857 0.666577 0.436316 1 1 1.000000
  1 -3.684716 23.922655 -1.621659 0.813618 -0.216135 -0.539733 0.703397 0.440721 1 1 1.000000
template_skin
  1 -3.684716 23.922655 -1.621659 0.813618 -0.216135 -0.539733 0.703397 0.440721 1 1 1.000000
  1 -3.307313 25.249104 -2.060048 0.707748 -0.394960 -0.585747 0.702605 0.473522 1 1 1.000000
  1 -2.860227 25.211161 -0.088743 0.940504 -0.339493 0.014036 0.663712 0.466904 1 1 1.000000
template_skin
  1 -4.884571 25.301394 -2.763554 0.372801 -0.179235 -0.910436 0.736559 0.470797 1 1 1.000000
  1 -3.307313 25.249104 -2.060048 0.707748 -0.394960 -0.585747 0.702605 0.473522 1 1 1.000000
  1 -3.684716 23.922655 -1.621659 0.813618 -0.216135 -0.539733 0.703397 0.440721 1 1 1.000000
template_skin
  1 -3.684716 23.922655 -1.621659 0.813618 -0.216135 -0.539733 0.703397 0.440721 1 1 1.000000
  2 -5.104860 22.722267 -2.542616 0.336678 -0.051991 -0.940183 0.740540 0.412193 1 2 1.000000
  1 -4.884571 25.301394 -2.763554 0.372801 -0.179235 -0.910436 0.736559 0.470797 1 1 1.000000
template_skin
  1 -6.674309 25.319340 -2.905432 -0.305358 -0.098720 -0.947106 0.770678 0.472696 1 1 1.000000
  1 -4.884571 25.301394 -2.763554 0.372801 -0.179235 -0.910436 0.736559 0.470797 1 1 1.000000
  2 -5.104860 22.722267 -2.542616 0.336678 -0.051991 -0.940183 0.740540 0.412193 1 2 1.000000
template_skin
  2 -3.622172 16.939848 -0.388231 0.896183 0.023980 0.443036 0.662216 0.288557 1 2 1.000000
  2 -3.846971 15.140989 -3.058115 0.871489 -0.140975 -0.469716 0.709247 0.242276 1 2 1.000000
  2 -4.049194 21.158073 -1.742405 0.793294 0.071610 -0.604613 0.709238 0.379366 1 2 1.000000
template_skin
  2 -3.846971 15.140989 -3.058115 0.871489 -0.140975 -0.469716 0.709247 0.242276 1 2 1.000000
  2 -3.622172 16.939848 -0.388231 0.896183 0.023980 0.443036 0.662216 0.288557 1 2 1.000000
  2 -3.698944 14.908875 -0.680075 0.887461 -0.199781 0.415332 0.666289 0.236352 1 2 1.000000
template_skin
  2 -3.846971 15.140989 -3.058115 0.871489 -0.140975 -0.469716 0.709247 0.242276 1 2 1.000000
  2 -3.698944 14.908875 -0.680075 0.887461 -0.199781 0.415332 0.666289 0.236352 1 2 1.000000
  2 -4.453491 12.621851 -1.123616 0.899011 -0.343865 0.271174 0.683686 0.182315 1 2 1.000000
template_skin
  2 -4.453491 12.621851 -1.123616 0.899011 -0.343865 0.271174 0.683686 0.182315 1 2 1.000000
  2 -5.254823 10.930898 -2.903221 0.832728 -0.252502 -0.492755 0.729848 0.150363 1 2 1.000000
  2 -3.846971 15.140989 -3.058115 0.871489 -0.140975 -0.469716 0.709247 0.242276 1 2 1.000000
template_skin
  2 -5.254823 10.930898 -2.903221 0.832728 -0.252502 -0.492755 0.729848 0.150363 1 2 1.000000
  2 -4.453491 12.621851 -1.123616 0.899011 -0.343865 0.271174 0.683686 0.182315 1 2 1.000000
  2 -5.016087 10.762177 -1.418637 0.892962 -0.327743 0.308551 0.698948 0.145273 1 2 1.000000
template_skin
  2 -6.044274 8.656200 -2.938953 0.939659 0.059580 -0.336883 0.742698 0.097604 1 2 1.000000
  2 -5.254823 10.930898 -2.903221 0.832728 -0.252502 -0.492755 0.729848 0.150363 1 2 1.000000
  2 -5.016087 10.762177 -1.418637 0.892962 -0.327743 0.308551 0.698948 0.145273 1 2 1.000000
template_skin
  2 -5.016087 10.762177 -1.418637 0.892962 -0.327743 0.308551 0.698948 0.145273 1 2 1.000000
  2 -5.783109 8.508675 -1.604468 0.923549 -0.002014 0.383476 0.713261 0.093849 1 2 1.000000
  2 -6.044274 8.656200 -2.938953 0.939659 0.059580 -0.336883 0.742698 0.097604 1 2 1.000000
template_skin
  2 -5.254823 10.930898 -2.903221 0.832728 -0.252502 -0.492755 0.729848 0.150363 1 2 1.000000
  2 -6.044274 8.656200 -2.938953 0.939659 0.059580 -0.336883 0.742698 0.097604 1 2 1.000000
  2 -6.755559 8.948956 -3.768255 0.260079 0.276473 -0.925160 0.771908 0.102284 1 2 1.000000
template_skin
  2 -7.664979 17.825792 -3.843598 -0.462254 0.322941 -0.825851 0.785002 0.299259 1 2 1.000000
  2 -7.008400 20.816559 -2.546710 -0.511920 0.277438 -0.812998 0.782890 0.369255 1 2 1.000000
  2 -5.373759 17.598837 -4.116704 0.440329 0.239567 -0.865285 0.749628 0.295415 1 2 1.000000
template_skin
  2 -7.008400 20.816559 -2.546710 -0.511920 0.277438 -0.812998 0.782890 0.369255 1 2 1.000000
  2 -7.664979 17.825792 -3.843598 -0.462254 0.322941 -0.825851 0.785002 0.299259 1 2 1.000000
  2 -8.697753 17.758335 -2.005993 -0.961498 0.262481 -0.081397 0.819436 0.303593 1 2 1.000000
template_skin
  2 -9.007338 15.697162 -2.338305 -0.967684 0.044009 -0.248297 0.821316 0.254956 1 2 1.000000
  2 -8.697753 17.758335 -2.005993 -0.961498 0.262481 -0.081397 0.819436 0.303593 1 2 1.000000
  2 -7.664979 17.825792 -3.843598 -0.462254 0.322941 -0.825851 0.785002 0.299259 1 2 1.000000
template_skin
  2 -8.697753 17.758335 -2.005993 -0.961498 0.262481 -0.081397 0.819436 0.303593 1 2 1.000000
  2 -9.007338 15.697162 -2.338305 -0.967684 0.044009 -0.248297 0.821316 0.254956 1 2 1.000000
  2 -8.392320 15.424057 -0.149797 -0.853235 -0.010841 0.521414 0.859498 0.256615 1 2 1.000000
template_skin
  2 -8.392320 15.424057 -0.149797 -0.853235 -0.010841 0.521414 0.859498 0.256615 1 2 1.000000
  2 -9.007338 15.697162 -2.338305 -0.967684 0.044009 -0.248297 0.821316 0.254956 1 2 1.000000
  2 -8.506416 11.327498 -2.332571 -0.998059 -0.053452 -0.031948 0.827937 0.162985 1 2 1.000000
template_skin
  2 -8.234200 8.703910 -1.106358 -0.869913 0.236588 0.432756 0.861977 0.107911 1 2 1.000000
  2 -8.392320 15.424057 -0.149797 -0.853235 -0.010841 0.521414 0.859498 0.256615 1 2 1.000000
  2 -8.506416 11.327498 -2.332571 -0.998059 -0.053452 -0.031948 0.827937 0.162985 1 2 1.000000
template_skin
  2 -8.506416 11.327498 -2.332571 -0.998059 -0.053452 -0.031948 0.827937 0.162985 1 2 1.000000
  2 -8.486401 8.791393 -2.492993 -0.901890 0.298292 -0.312435 0.828040 0.107907 1 2 1.000000
  2 -8.234200 8.703910 -1.106358 -0.869913 0.236588 0.432756 0.861977 0.107911 1 2 1.000000
template_skin
  2 -8.486401 8.791393 -2.492993 -0.901890 0.298292 -0.312435 0.828040 0.107907 1 2 1.000000
  2 -8.506416 11.327498 -2.332571 -0.998059 -0.053452 -0.031948 0.827937 0.162985 1 2 1.000000
  2 -7.892834 11.298361 -3.510702 -0.603769 -0.093220 -0.791690 0.797946 0.161447 1 2 1.000000
template_skin
  2 -7.892834 11.298361 -3.510702 -0.603769 -0.093220 -0.791690 0.797946 0.161447 1 2 1.000000
  2 -7.776154 8.870148 -3.411927 -0.578842 0.281902 -0.765162 0.799940 0.106068 1 2 1.000000
  2 -8.486401 8.791393 -2.492993 -0.901890 0.298292 -0.312435 0.828040 0.107907 1 2 1.000000
template_skin
  2 -6.755559 8.948956 -3.768255 0.260079 0.276473 -0.925160 0.771908 0.102284 1 2 1.000000
  2 -7.776154 8.870148 -3.411927 -0.578842 0.281902 -0.765162 0.799940 0.106068 1 2 1.000000
  2 -7.892834 11.298361 -3.510702 -0.603769 -0.093220 -0.791690 0.797946 0.161447 1 2 1.000000
template_skin
  2 -7.892834 11.298361 -3.510702 -0.603769 -0.093220 -0.791690 0.797946 0.161447 1 2 1.000000
  2 -6.448162 11.152556 -3.843636 0.285796 -0.163992 -0.944154 0.763845 0.157732 1 2 1.000000
  2 -6.755559 8.948956 -3.768255 0.260079 0.276473 -0.925160 0.771908 0.102284 1 2 1.000000
template_skin
  2 -6.755559 8.948956 -3.768255 0.260079 0.276473 -0.925160 0.771908 0.102284 1 2 1.000000
  2 -6.448162 11.152556 -3.843636 0.285796 -0.163992 -0.944154 0.763845 0.157732 1 2 1.000000
  2 -5.254823 10.930898 -2.903221 0.832728 -0.252502 -0.492755 0.729848 0.150363 1 2 1.000000
template_skin
  2 -5.254823 10.930898 -2.903221 0.832728 -0.252502 -0.492755 0.729848 0.150363 1 2 1.000000
  2 -6.448162 11.152556 -3.843636 0.285796 -0.163992 -0.944154 0.763845 0.157732 1 2 1.000000
  2 -5.572503 15.583892 -4.519293 0.268103 -0.012700 -0.963306 0.753677 0.248995 1 2 1.000000
template_skin
  2 -5.572503 15.583892 -4.519293 0.268103 -0.012700 -0.963306 0.753677 0.248995 1 2 1.000000
  2 -3.846971 15.140989 -3.058115 0.871489 -0.140975 -0.469716 0.709247 0.242276 1 2 1.000000
  2 -5.254823 10.930898 -2.903221 0.832728 -0.252502 -0.492755 0.729848 0.150363 1 2 1.000000
template_skin
  2 -5.572503 15.583892 -4.519293 0.268103 -0.012700 -0.963306 0.753677 0.248995 1 2 1.000000
  2 -5.373759 17.598837 -4.116704 0.440329 0.239567 -0.865285 0.749628 0.295415 1 2 1.000000
  2 -3.846971 15.140989 -3.058115 0.871489 -0.140975 -0.469716 0.709247 0.242276 1 2 1.000000
template_skin
  2 -4.049194 21.158073 -1.742405 0.793294 0.071610 -0.604613 0.709238 0.379366 1 2 1.000000
  2 -3.846971 15.140989 -3.058115 0.871489 -0.140975 -0.469716 0.709247 0.242276 1 2 1.000000
  2 -5.373759 17.598837 -4.116704 0.440329 0.239567 -0.865285 0.749628 0.295415 1 2 1.000000
template_skin
  2 -4.049194 21.158073 -1.742405 0.793294 0.071610 -0.604613 0.709238 0.379366 1 2 1.000000
  2 -5.373759 17.598837 -4.116704 0.440329 0.239567 -0.865285 0.749628 0.295415 1 2 1.000000
  2 -7.008400 20.816559 -2.546710 -0.511920 0.277438 -0.812998 0.782890 0.369255 1 2 1.000000
template_skin
  2 -5.104860 22.722267 -2.542616 0.336678 -0.051991 -0.940183 0.740540 0.412193 1 2 1.000000
  2 -4.049194 21.158073 -1.742405 0.793294 0.071610 -0.604613 0.709238 0.379366 1 2 1.000000
  2 -7.008400 20.816559 -2.546710 -0.511920 0.277438 -0.812998 0.782890 0.369255 1 2 1.000000
template_skin
  2 -7.664979 17.825792 -3.843598 -0.462254 0.322941 -0.825851 0.785002 0.299259 1 2 1.000000
  2 -5.373759 17.598837 -4.116704 0.440329 0.239567 -0.865285 0.749628 0.295415 1 2 1.000000
  2 -5.572503 15.583892 -4.519293 0.268103 -0.012700 -0.963306 0.753677 0.248995 1 2 1.000000
template_skin
  2 -5.572503 15.583892 -4.519293 0.268103 -0.012700 -0.963306 0.753677 0.248995 1 2 1.000000
  2 -7.958383 15.687847 -4.177997 -0.491089 0.025968 -0.870722 0.789763 0.251562 1 2 1.000000
  2 -7.664979 17.825792 -3.843598 -0.462254 0.322941 -0.825851 0.785002 0.299259 1 2 1.000000
template_skin
  2 -7.958383 15.687847 -4.177997 -0.491089 0.025968 -0.870722 0.789763 0.251562 1 2 1.000000
  2 -5.572503 15.583892 -4.519293 0.268103 -0.012700 -0.963306 0.753677 0.248995 1 2 1.000000
  2 -6.448162 11.152556 -3.843636 0.285796 -0.163992 -0.944154 0.763845 0.157732 1 2 1.000000
template_skin
  2 -6.448162 11.152556 -3.843636 0.285796 -0.163992 -0.944154 0.763845 0.157732 1 2 1.000000
  2 -7.892834 11.298361 -3.510702 -0.603769 -0.093220 -0.791690 0.797946 0.161447 1 2 1.000000
  2 -7.958383 15.687847 -4.177997 -0.491089 0.025968 -0.870722 0.789763 0.251562 1 2 1.000000
template_skin
  2 -7.958383 15.687847 -4.177997 -0.491089 0.025968 -0.870722 0.789763 0.251562 1 2 1.000000
  2 -7.892834 11.298361 -3.510702 -0.603769 -0.093220 -0.791690 0.797946 0.161447 1 2 1.000000
  2 -9.007338 15.697162 -2.338305 -0.967684 0.044009 -0.248297 0.821316 0.254956 1 2 1.000000
template_skin
  2 -7.892834 11.298361 -3.510702 -0.603769 -0.093220 -0.791690 0.797946 0.161447 1 2 1.000000
  2 -8.506416 11.327498 -2.332571 -0.998059 -0.053452 -0.031948 0.827937 0.162985 1 2 1.000000
  2 -9.007338 15.697162 -2.338305 -0.967684 0.044009 -0.248297 0.821316 0.254956 1 2 1.000000
template_skin
  2 -7.664979 17.825792 -3.843598 -0.462254 0.322941 -0.825851 0.785002 0.299259 1 2 1.000000
  2 -7.958383 15.687847 -4.177997 -0.491089 0.025968 -0.870722 0.789763 0.251562 1 2 1.000000
  2 -9.007338 15.697162 -2.338305 -0.967684 0.044009 -0.248297 0.821316 0.254956 1 2 1.000000
template_skin
  2 -8.392320 15.424057 -0.149797 -0.853235 -0.010841 0.521414 0.859498 0.256615 1 2 1.000000
  2 -7.704479 19.193233 0.189355 -0.841657 0.055042 0.537200 0.856967 0.343490 1 2 1.000000
  2 -8.697753 17.758335 -2.005993 -0.961498 0.262481 -0.081397 0.819436 0.303593 1 2 1.000000
template_skin
  2 -7.645751 21.344093 -0.870001 -0.992242 0.109609 0.058669 0.825446 0.385131 1 2 1.000000
  2 -8.697753 17.758335 -2.005993 -0.961498 0.262481 -0.081397 0.819436 0.303593 1 2 1.000000
  2 -7.704479 19.193233 0.189355 -0.841657 0.055042 0.537200 0.856967 0.343490 1 2 1.000000
template_skin
  2 -8.697753 17.758335 -2.005993 -0.961498 0.262481 -0.081397 0.819436 0.303593 1 2 1.000000
  2 -7.645751 21.344093 -0.870001 -0.992242 0.109609 0.058669 0.825446 0.385131 1 2 1.000000
  2 -7.008400 20.816559 -2.546710 -0.511920 0.277438 -0.812998 0.782890 0.369255 1 2 1.000000
template_skin
  2 -5.016087 10.762177 -1.418637 0.892962 -0.327743 0.308551 0.952282 0.154871 1 2 1.000000
  2 -4.453491 12.621851 -1.123616 0.899011 -0.343865 0.271174 0.959803 0.195037 1 2 1.000000
  2 -6.316098 10.730402 -0.296679 0.517382 -0.231527 0.823839 0.918039 0.157495 1 2 1.000000
template_skin
  2 -5.783109 8.508675 -1.604468 0.923549 -0.002014 0.383476 0.944136 0.101887 1 2 1.000000
  2 -5.016087 10.762177 -1.418637 0.892962 -0.327743 0.308551 0.952282 0.154871 1 2 1.000000
  2 -6.316098 10.730402 -0.296679 0.517382 -0.231527 0.823839 0.918039 0.157495 1 2 1.000000
template_skin
  2 -6.316098 10.730402 -0.296679 0.517382 -0.231527 0.823839 0.918039 0.157495 1 2 1.000000
  2 -6.596054 8.500719 -0.675485 0.619686 0.244531 0.745784 0.915715 0.103156 1 2 1.000000
  2 -5.783109 8.508675 -1.604468 0.923549 -0.002014 0.383476 0.944136 0.101887 1 2 1.000000
template_skin
  2 -7.441038 8.548319 -0.295530 -0.054763 0.349622 0.935289 0.888902 0.105281 1 2 1.000000
  2 -6.596054 8.500719 -0.675485 0.619686 0.244531 0.745784 0.915715 0.103156 1 2 1.000000
  2 -6.316098 10.730402 -0.296679 0.517382 -0.231527 0.823839 0.918039 0.157495 1 2 1.000000
template_skin
  2 -6.316098 10.730402 -0.296679 0.517382 -0.231527 0.823839 0.918039 0.157495 1 2 1.000000
  2 -6.962149 15.083492 0.950909 -0.231314 -0.136015 0.963324 0.891788 0.254099 1 2 1.000000
  2 -7.441038 8.548319 -0.295530 -0.054763 0.349622 0.935289 0.888902 0.105281 1 2 1.000000
template_skin
  2 -8.234200 8.703910 -1.106358 -0.869913 0.236588 0.432756 0.861977 0.107911 1 2 1.000000
  2 -7.441038 8.548319 -0.295530 -0.054763 0.349622 0.935289 0.888902 0.105281 1 2 1.000000
  2 -6.962149 15.083492 0.950909 -0.231314 -0.136015 0.963324 0.891788 0.254099 1 2 1.000000
template_skin
  2 -6.962149 15.083492 0.950909 -0.231314 -0.136015 0.963324 0.891788 0.254099 1 2 1.000000
  2 -8.392320 15.424057 -0.149797 -0.853235 -0.010841 0.521414 0.859498 0.256615 1 2 1.000000
  2 -8.234200 8.703910 -1.106358 -0.869913 0.236588 0.432756 0.861977 0.107911 1 2 1.000000
template_skin
  2 -8.392320 15.424057 -0.149797 -0.853235 -0.010841 0.521414 0.859498 0.256615 1 2 1.000000
  2 -6.962149 15.083492 0.950909 -0.231314 -0.136015 0.963324 0.891788 0.254099 1 2 1.000000
  2 -6.529020 18.673132 1.214848 -0.203823 -0.129183 0.970447 0.893162 0.338987 1 2 1.000000
template_skin
  2 -6.529020 18.673132 1.214848 -0.203823 -0.129183 0.970447 0.893162 0.338987 1 2 1.000000
  2 -7.704479 19.193233 0.189355 -0.841657 0.055042 0.537200 0.856967 0.343490 1 2 1.000000
  2 -8.392320 15.424057 -0.149797 -0.853235 -0.010841 0.521414 0.859498 0.256615 1 2 1.000000
template_skin
  2 -7.704479 19.193233 0.189355 -0.841657 0.055042 0.537200 0.856967 0.343490 1 2 1.000000
  2 -6.529020 18.673132 1.214848 -0.203823 -0.129183 0.970447 0.893162 0.338987 1 2 1.000000
  2 -7.067132 21.488846 0.848652 -0.847861 -0.061648 0.526623 0.865414 0.395847 1 2 1.000000
template_skin
  2 -7.067132 21.488846 0.848652 -0.847861 -0.061648 0.526623 0.865414 0.395847 1 2 1.000000
  2 -7.645751 21.344093 -0.870001 -0.992242 0.109609 0.058669 0.825446 0.385131 1 2 1.000000
  2 -7.704479 19.193233 0.189355 -0.841657 0.055042 0.537200 0.856967 0.343490 1 2 1.000000
template_skin
  2 -7.645751 21.344093 -0.870001 -0.992242 0.109609 0.058669 0.825446 0.385131 1 2 1.000000
  2 -7.067132 21.488846 0.848652 -0.847861 -0.061648 0.526623 0.865414 0.395847 1 2 1.000000
  1 -7.734014 23.939260 -1.142109 -0.984290 -0.049326 -0.169526 0.811608 0.441153 1 1 1.000000
template_skin
  1 -7.734014 23.939260 -1.142109 -0.984290 -0.049326 -0.169526 0.811608 0.441153 1 1 1.000000
  2 -7.008400 20.816559 -2.546710 -0.511920 0.277438 -0.812998 0.782890 0.369255 1 2 1.000000
  2 -7.645751 21.344093 -0.870001 -0.992242 0.109609 0.058669 0.825446 0.385131 1 2 1.000000
template_skin
  1 -7.734014 23.939260 -1.142109 -0.984290 -0.049326 -0.169526 0.811608 0.441153 1 1 1.000000
  2 -6.859319 22.721577 -2.403128 -0.506311 0.008031 -0.862313 0.779165 0.412491 1 2 1.000000
  2 -7.008400 20.816559 -2.546710 -0.511920 0.277438 -0.812998 0.782890 0.369255 1 2 1.000000
template_skin
  2 -5.127481 16.873520 0.749302 0.412106 -0.092316 0.906447 0.926739 0.298417 1 2 1.000000
  2 -6.529020 18.673132 1.214848 -0.203823 -0.129183 0.970447 0.893162 0.338987 1 2 1.000000
  2 -6.962149 15.083492 0.950909 -0.231314 -0.136015 0.963324 0.891788 0.254099 1 2 1.000000
template_skin
  2 -6.962149 15.083492 0.950909 -0.231314 -0.136015 0.963324 0.891788 0.254099 1 2 1.000000
  2 -6.316098 10.730402 -0.296679 0.517382 -0.231527 0.823839 0.918039 0.157495 1 2 1.000000
  2 -5.127481 16.873520 0.749302 0.412106 -0.092316 0.906447 0.926739 0.298417 1 2 1.000000
template_skin
  2 -6.529020 18.673132 1.214848 -0.203823 -0.129183 0.970447 0.893162 0.338987 1 2 1.000000
  2 -6.188172 21.122181 2.025347 -0.221561 -0.127086 0.966830 0.896549 0.394176 1 2 1.000000
  2 -7.067132 21.488846 0.848652 -0.847861 -0.061648 0.526623 0.865414 0.395847 1 2 1.000000
template_skin
  2 -6.188172 21.122181 2.025347 -0.221561 -0.127086 0.966830 0.896549 0.394176 1 2 1.000000
  1 -6.077332 23.816988 2.287030 -0.214642 -0.180872 0.959799 0.895577 0.452179 1 1 1.000000
  2 -7.067132 21.488846 0.848652 -0.847861 -0.061648 0.526623 0.865414 0.395847 1 2 1.000000
template_skin
  2 -5.104860 22.722267 -2.542616 0.336678 -0.051991 -0.940183 0.740540 0.412193 1 2 1.000000
  2 -7.008400 20.816559 -2.546710 -0.511920 0.277438 -0.812998 0.782890 0.369255 1 2 1.000000
  2 -6.859319 22.721577 -2.403128 -0.506311 0.008031 -0.862313 0.779165 0.412491 1 2 1.000000
template_skin
  2 -5.104860 22.722267 -2.542616 0.336678 -0.051991 -0.940183 0.740540 0.412193 1 2 1.000000
  2 -6.859319 22.721577 -2.403128 -0.506311 0.008031 -0.862313 0.779165 0.412491 1 2 1.000000
  1 -6.674309 25.319340 -2.905432 -0.305358 -0.098720 -0.947106 0.770678 0.472696 1 1 1.000000
template_skin
  1 -6.674309 25.319340 -2.905432 -0.305358 -0.098720 -0.947106 0.770678 0.472696 1 1 1.000000
  2 -6.859319 22.721577 -2.403128 -0.506311 0.008031 -0.862313 0.779165 0.412491 1 2 1.000000
  1 -7.615701 25.314707 -1.541213 -0.919335 -0.005459 -0.393438 0.801797 0.471819 1 1 1.000000
template_skin
  1 -7.615701 25.314707 -1.541213 -0.919335 -0.005459 -0.393438 0.801797 0.471819 1 1 1.000000
  2 -6.859319 22.721577 -2.403128 -0.506311 0.008031 -0.862313 0.779165 0.412491 1 2 1.000000
  1 -7.734014 23.939260 -1.142109 -0.984290 -0.049326 -0.169526 0.811608 0.441153 1 1 1.000000
template_skin
  1 -7.762650 25.250582 0.512278 -0.970667 -0.046128 0.235959 0.841488 0.475856 1 1 1.000000
  1 -7.615701 25.314707 -1.541213 -0.919335 -0.005459 -0.393438 0.801797 0.471819 1 1 1.000000
  1 -7.734014 23.939260 -1.142109 -0.984290 -0.049326 -0.169526 0.811608 0.441153 1 1 1.000000
template_skin
  1 -7.734014 23.939260 -1.142109 -0.984290 -0.049326 -0.169526 0.811608 0.441153 1 1 1.000000
  2 -7.067132 21.488846 0.848652 -0.847861 -0.061648 0.526623 0.865414 0.395847 1 2 1.000000
  1 -7.762650 25.250582 0.512278 -0.970667 -0.046128 0.235959 0.841488 0.475856 1 1 1.000000
template_skin
  1 -6.184853 25.126886 2.623736 -0.279281 -0.220702 0.934501 0.893241 0.482493 1 1 1.000000
  1 -7.762650 25.250582 0.512278 -0.970667 -0.046128 0.235959 0.841488 0.475856 1 1 1.000000
  2 -7.067132 21.488846 0.848652 -0.847861 -0.061648 0.526623 0.865414 0.395847 1 2 1.000000
template_skin
  2 -7.067132 21.488846 0.848652 -0.847861 -0.061648 0.526623 0.865414 0.395847 1 2 1.000000
  1 -6.077332 23.816988 2.287030 -0.214642 -0.180872 0.959799 0.895577 0.452179 1 1 1.000000
  1 -6.184853 25.126886 2.623736 -0.279281 -0.220702 0.934501 0.893241 0.482493 1 1 1.000000
template_skin
  1 -6.184853 25.126886 2.623736 -0.279281 -0.220702 0.934501 0.893241 0.482493 1 1 1.000000
  1 -6.077332 23.816988 2.287030 -0.214642 -0.180872 0.959799 0.895577 0.452179 1 1 1.000000
  1 -5.060627 22.559401 1.708691 0.530686 -0.166533 0.831047 0.920729 0.425023 2 1 0.799953 2 0.200047
template_skin
  1 -5.060627 22.559401 1.708691 0.530686 -0.166533 0.831047 0.920729 0.425023 2 1 0.799953 2 0.200047
  1 -6.077332 23.816988 2.287030 -0.214642 -0.180872 0.959799 0.895577 0.452179 1 1 1.000000
  2 -6.188172 21.122181 2.025347 -0.221561 -0.127086 0.966830 0.896549 0.394176 1 2 1.000000
template_skin
  2 -6.188172 21.122181 2.025347 -0.221561 -0.127086 0.966830 0.896549 0.394176 1 2 1.000000
  2 -5.168864 20.991051 1.604416 0.546075 -0.239646 0.802728 0.918980 0.391006 1 2 1.000000
  1 -5.060627 22.559401 1.708691 0.530686 -0.166533 0.831047 0.920729 0.425023 2 1 0.799953 2 0.200047
template_skin
  2 -5.168864 20.991051 1.604416 0.546075 -0.239646 0.802728 0.918980 0.391006 1 2 1.000000
  2 -6.188172 21.122181 2.025347 -0.221561 -0.127086 0.966830 0.896549 0.394176 1 2 1.000000
  2 -6.529020 18.673132 1.214848 -0.203823 -0.129183 0.970447 0.893162 0.338987 1 2 1.000000
template_skin
  2 -5.168864 20.991051 1.604416 0.546075 -0.239646 0.802728 0.918980 0.391006 1 2 1.000000
  2 -6.529020 18.673132 1.214848 -0.203823 -0.129183 0.970447 0.893162 0.338987 1 2 1.000000
  2 -4.902928 18.699675 0.625406 0.593564 -0.065680 0.802102 0.929762 0.337638 1 2 1.000000
template_skin
  2 -5.127481 16.873520 0.749302 0.412106 -0.092316 0.906447 0.926739 0.298417 1 2 1.000000
  2 -4.902928 18.699675 0.625406 0.593564 -0.065680 0.802102 0.929762 0.337638 1 2 1.000000
  2 -6.529020 18.673132 1.214848 -0.203823 -0.129183 0.970447 0.893162 0.338987 1 2 1.000000
template_skin
  2 -4.902928 18.699675 0.625406 0.593564 -0.065680 0.802102 0.929762 0.337638 1 2 1.000000
  2 -5.127481 16.873520 0.749302 0.412106 -0.092316 0.906447 0.926739 0.298417 1 2 1.000000
  2 -3.622172 16.939848 -0.388231 0.896183 0.023980 0.443036 0.965373 0.297634 1 2 1.000000
template_skin
  2 -3.698944 14.908875 -0.680075 0.887461 -0.199781 0.415332 0.967017 0.248967 1 2 1.000000
  2 -3.622172 16.939848 -0.388231 0.896183 0.023980 0.443036 0.965373 0.297634 1 2 1.000000
  2 -5.127481 16.873520 0.749302 0.412106 -0.092316 0.906447 0.926739 0.298417 1 2 1.000000
template_skin
  2 -4.453491 12.621851 -1.123616 0.899011 -0.343865 0.271174 0.959803 0.195037 1 2 1.000000
  2 -3.698944 14.908875 -0.680075 0.887461 -0.199781 0.415332 0.967017 0.248967 1 2 1.000000
  2 -5.127481 16.873520 0.749302 0.412106 -0.092316 0.906447 0.926739 0.298417 1 2 1.000000
template_skin
  2 -5.127481 16.873520 0.749302 0.412106 -0.092316 0.906447 0.926739 0.298417 1 2 1.000000
  2 -6.316098 10.730402 -0.296679 0.517382 -0.231527 0.823839 0.918039 0.157495 1 2 1.000000
  2 -4.453491 12.621851 -1.123616 0.899011 -0.343865 0.271174 0.959803 0.195037 1 2 1.000000
template_skin
  1 -5.060627 22.559401 1.708691 0.530686 -0.166533 0.831047 0.920729 0.425023 2 1 0.799953 2 0.200047
  1 -3.964545 25.134075 2.056530 0.687751 -0.320681 0.651278 0.938913 0.483787 1 1 1.000000
  1 -6.184853 25.126886 2.623736 -0.279281 -0.220702 0.934501 0.893241 0.482493 1 1 1.000000
template_skin
  2 -3.622172 16.939848 -0.388231 0.896183 0.023980 0.443036 0.965373 0.297634 1 2 1.000000
  2 -3.943562 19.349527 -0.244737 0.889813 -0.050255 0.453550 0.960997 0.350022 1 2 1.000000
  2 -4.902928 18.699675 0.625406 0.593564 -0.065680 0.802102 0.929762 0.337638 1 2 1.000000
template_skin
  2 -3.943562 19.349527 -0.244737 0.889813 -0.050255 0.453550 0.960997 0.350022 1 2 1.000000
  2 -5.168864 20.991051 1.604416 0.546075 -0.239646 0.802728 0.918980 0.391006 1 2 1.000000
  2 -4.902928 18.699675 0.625406 0.593564 -0.065680 0.802102 0.929762 0.337638 1 2 1.000000
template_skin
  2 -5.168864 20.991051 1.604416 0.546075 -0.239646 0.802728 0.918980 0.391006 1 2 1.000000
  2 -3.943562 19.349527 -0.244737 0.889813 -0.050255 0.453550 0.960997 0.350022 1 2 1.000000
  2 -3.793312 20.976702 -0.129992 0.950143 -0.138835 0.279200 0.964308 0.385129 1 2 1.000000
template_skin
  1 -5.060627 22.559401 1.708691 0.530686 -0.166533 0.831047 0.920729 0.425023 2 1 0.799953 2 0.200047
  2 -5.168864 20.991051 1.604416 0.546075 -0.239646 0.802728 0.918980 0.391006 1 2 1.000000
  2 -3.793312 20.976702 -0.129992 0.950143 -0.138835 0.279200 0.964308 0.385129 1 2 1.000000
template_skin
  2 -3.793312 20.976702 -0.129992 0.950143 -0.138835 0.279200 0.964308 0.385129 1 2 1.000000
  1 -3.519678 22.615191 -0.000537 0.976009 -0.146916 0.160689 0.969899 0.420718 1 1 1.000000
  1 -5.060627 22.559401 1.708691 0.530686 -0.166533 0.831047 0.920729 0.425023 2 1 0.799953 2 0.200047
template_skin
  1 -5.060627 22.559401 1.708691 0.530686 -0.166533 0.831047 0.920729 0.425023 2 1 0.799953 2 0.200047
  1 -3.519678 22.615191 -0.000537 0.976009 -0.146916 0.160689 0.969899 0.420718 1 1 1.000000
  1 -3.373403 23.861334 0.095504 0.916803 -0.272565 0.291857 0.973959 0.447295 1 1 1.000000
template_skin
  1 -3.964545 25.134075 2.056530 0.687751 -0.320681 0.651278 0.938913 0.483787 1 1 1.000000
  1 -5.060627 22.559401 1.708691 0.530686 -0.166533 0.831047 0.920729 0.425023 2 1 0.799953 2 0.200047
  1 -3.373403 23.861334 0.095504 0.916803 -0.272565 0.291857 0.973959 0.447295 1 1 1.000000
template_skin
  1 -3.373403 23.861334 0.095504 0.916803 -0.272565 0.291857 0.973959 0.447295 1 1 1.000000
  1 -2.860227 25.211161 -0.088743 0.940504 -0.339493 0.014036 0.987610 0.475325 1 1 1.000000
  1 -3.964545 25.134075 2.056530 0.687751 -0.320681 0.651278 0.938913 0.483787 1 1 1.000000
template_skin
  21 18.773941 36.869801 6.932019 -0.873842 -0.229609 0.428579 0.435389 0.458219 1 21 1.000000
  21 18.983076 36.594723 6.564882 -0.415693 -0.719039 -0.556940 0.434481 0.471272 1 21 1.000000
  21 19.407145 35.912350 7.152617 -0.550032 -0.551916 -0.626781 0.407153 0.470552 1 21 1.000000
template_skin
  21 19.822277 35.971889 7.185853 0.620929 -0.334126 -0.709089 0.406498 0.483258 1 21 1.000000
  21 19.407145 35.912350 7.152617 -0.550032 -0.551916 -0.626781 0.407153 0.470552 1 21 1.000000
  21 18.983076 36.594723 6.564882 -0.415693 -0.719039 -0.556940 0.434481 0.471272 1 21 1.000000
template_skin
  21 19.822277 35.971889 7.185853 0.620929 -0.334126 -0.709089 0.406498 0.483258 1 21 1.000000
  21 19.745451 34.952950 7.598549 0.686521 -0.361178 -0.631062 0.378160 0.480321 1 21 1.000000
  21 19.407145 35.912350 7.152617 -0.550032 -0.551916 -0.626781 0.407153 0.470552 1 21 1.000000
template_skin
  21 18.983076 36.594723 6.564882 -0.415693 -0.719039 -0.556940 0.434481 0.471272 1 21 1.000000
  21 19.468752 36.788235 6.545770 0.709851 -0.396894 -0.581882 0.435273 0.484017 1 21 1.000000
  21 19.822277 35.971889 7.185853 0.620929 -0.334126 -0.709089 0.406498 0.483258 1 21 1.000000
template_skin
  21 19.327330 34.947109 7.523688 -0.526958 -0.252239 -0.811597 0.375066 0.469054 1 21 1.000000
  21 19.225674 34.070107 7.888429 -0.368795 -0.876709 -0.308823 0.354118 0.467295 1 21 1.000000
  21 19.117666 35.085800 7.866311 -0.992132 0.105580 0.067276 0.375522 0.457387 1 21 1.000000
template_skin
  21 19.117666 35.085800 7.866311 -0.992132 0.105580 0.067276 0.375522 0.457387 1 21 1.000000
  21 19.225674 34.070107 7.888429 -0.368795 -0.876709 -0.308823 0.354118 0.467295 1 21 1.000000
  21 19.088379 34.155510 8.139371 -0.911371 -0.410706 0.026903 0.353654 0.457658 1 21 1.000000
template_skin
  21 19.088379 34.155510 8.139371 -0.911371 -0.410706 0.026903 0.353654 0.457658 1 21 1.000000
  21 19.357111 35.222054 8.105099 -0.371310 0.276150 0.886493 0.377720 0.446190 1 21 1.000000
  21 19.117666 35.085800 7.866311 -0.992132 0.105580 0.067276 0.375522 0.457387 1 21 1.000000
template_skin
  21 19.343710 34.193287 8.447968 -0.044471 -0.527631 0.848309 0.349863 0.446713 1 21 1.000000
  21 19.357111 35.222054 8.105099 -0.371310 0.276150 0.886493 0.377720 0.446190 1 21 1.000000
  21 19.088379 34.155510 8.139371 -0.911371 -0.410706 0.026903 0.353654 0.457658 1 21 1.000000
template_skin
  21 19.357111 35.222054 8.105099 -0.371310 0.276150 0.886493 0.377720 0.446190 1 21 1.000000
  21 19.343710 34.193287 8.447968 -0.044471 -0.527631 0.848309 0.349863 0.446713 1 21 1.000000
  21 19.882755 35.184174 8.037065 0.871281 0.042456 0.488944 0.377217 0.435837 1 21 1.000000
template_skin
  21 19.343710 34.193287 8.447968 -0.044471 -0.527631 0.848309 0.349863 0.446713 1 21 1.000000
  21 19.631540 34.034737 7.978498 0.708733 -0.695638 -0.117409 0.347660 0.432585 1 21 1.000000
  21 19.882755 35.184174 8.037065 0.871281 0.042456 0.488944 0.377217 0.435837 1 21 1.000000
template_skin
  21 19.631540 34.034737 7.978498 0.708733 -0.695638 -0.117409 0.347660 0.432585 1 21 1.000000
  21 19.745451 34.952950 7.598549 0.686521 -0.361178 -0.631062 0.374827 0.422236 1 21 1.000000
  21 19.882755 35.184174 8.037065 0.871281 0.042456 0.488944 0.377217 0.435837 1 21 1.000000
template_skin
  21 19.882755 35.184174 8.037065 0.871281 0.042456 0.488944 0.377217 0.435837 1 21 1.000000
  21 19.745451 34.952950 7.598549 0.686521 -0.361178 -0.631062 0.374827 0.422236 1 21 1.000000
  21 19.822277 35.971889 7.185853 0.620929 -0.334126 -0.709089 0.407452 0.415142 1 21 1.000000
template_skin
  21 19.822277 35.971889 7.185853 0.620929 -0.334126 -0.709089 0.407452 0.415142 1 21 1.000000
  21 19.889439 36.201962 7.622356 0.858733 0.397088 0.323881 0.407136 0.430214 1 21 1.000000
  21 19.882755 35.184174 8.037065 0.871281 0.042456 0.488944 0.377217 0.435837 1 21 1.000000
template_skin
  21 19.889439 36.201962 7.622356 0.858733 0.397088 0.323881 0.407136 0.430214 1 21 1.000000
  21 19.822277 35.971889 7.185853 0.620929 -0.334126 -0.709089 0.407452 0.415142 1 21 1.000000
  21 19.468752 36.788235 6.545770 0.709851 -0.396894 -0.581882 0.435187 0.413374 1 21 1.000000
template_skin
  21 19.468752 36.788235 6.545770 0.709851 -0.396894 -0.581882 0.435187 0.413374 1 21 1.000000
  21 19.566954 37.092773 6.994476 0.812980 0.141250 0.564900 0.434952 0.428674 1 21 1.000000
  21 19.889439 36.201962 7.622356 0.858733 0.397088 0.323881 0.407136 0.430214 1 21 1.000000
template_skin
  21 19.889439 36.201962 7.622356 0.858733 0.397088 0.323881 0.407136 0.430214 1 21 1.000000
  21 19.566954 37.092773 6.994476 0.812980 0.141250 0.564900 0.434952 0.428674 1 21 1.000000
  21 19.149199 37.083122 7.218757 -0.015941 0.390701 0.920380 0.435146 0.442831 1 21 1.000000
template_skin
  21 19.149199 37.083122 7.218757 -0.015941 0.390701 0.920380 0.435146 0.442831 1 21 1.000000
  21 19.456301 36.248772 7.826811 -0.230986 0.377118 0.896899 0.406957 0.444277 1 21 1.000000
  21 19.889439 36.201962 7.622356 0.858733 0.397088 0.323881 0.407136 0.430214 1 21 1.000000
template_skin
  21 19.456301 36.248772 7.826811 -0.230986 0.377118 0.896899 0.406957 0.444277 1 21 1.000000
  21 19.149199 37.083122 7.218757 -0.015941 0.390701 0.920380 0.435146 0.442831 1 21 1.000000
  21 18.773941 36.869801 6.932019 -0.873842 -0.229609 0.428579 0.435389 0.458219 1 21 1.000000
template_skin
  21 18.773941 36.869801 6.932019 -0.873842 -0.229609 0.428579 0.435389 0.458219 1 21 1.000000
  21 19.186573 36.060276 7.506416 -0.992075 -0.125626 -0.002036 0.407041 0.456808 1 21 1.000000
  21 19.456301 36.248772 7.826811 -0.230986 0.377118 0.896899 0.406957 0.444277 1 21 1.000000
template_skin
  21 19.407145 35.912350 7.152617 -0.550032 -0.551916 -0.626781 0.407153 0.470552 1 21 1.000000
  21 19.186573 36.060276 7.506416 -0.992075 -0.125626 -0.002036 0.407041 0.456808 1 21 1.000000
  21 18.773941 36.869801 6.932019 -0.873842 -0.229609 0.428579 0.435389 0.458219 1 21 1.000000
template_skin
  21 19.407145 35.912350 7.152617 -0.550032 -0.551916 -0.626781 0.407153 0.470552 1 21 1.000000
  21 19.117666 35.085800 7.866311 -0.992132 0.105580 0.067276 0.375522 0.457387 1 21 1.000000
  21 19.186573 36.060276 7.506416 -0.992075 -0.125626 -0.002036 0.407041 0.456808 1 21 1.000000
template_skin
  21 19.327330 34.947109 7.523688 -0.526958 -0.252239 -0.811597 0.375066 0.469054 1 21 1.000000
  21 19.117666 35.085800 7.866311 -0.992132 0.105580 0.067276 0.375522 0.457387 1 21 1.000000
  21 19.407145 35.912350 7.152617 -0.550032 -0.551916 -0.626781 0.407153 0.470552 1 21 1.000000
template_skin
  21 19.407145 35.912350 7.152617 -0.550032 -0.551916 -0.626781 0.407153 0.470552 1 21 1.000000
  21 19.745451 34.952950 7.598549 0.686521 -0.361178 -0.631062 0.378160 0.480321 1 21 1.000000
  21 19.327330 34.947109 7.523688 -0.526958 -0.252239 -0.811597 0.375066 0.469054 1 21 1.000000
template_skin
  21 19.631540 34.034737 7.978498 0.708733 -0.695638 -0.117409 0.351336 0.478566 1 21 1.000000
  21 19.327330 34.947109 7.523688 -0.526958 -0.252239 -0.811597 0.375066 0.469054 1 21 1.000000
  21 19.745451 34.952950 7.598549 0.686521 -0.361178 -0.631062 0.378160 0.480321 1 21 1.000000
template_skin
  21 19.225674 34.070107 7.888429 -0.368795 -0.876709 -0.308823 0.354118 0.467295 1 21 1.000000
  21 19.327330 34.947109 7.523688 -0.526958 -0.252239 -0.811597 0.375066 0.469054 1 21 1.000000
  21 19.631540 34.034737 7.978498 0.708733 -0.695638 -0.117409 0.351336 0.478566 1 21 1.000000
template_skin
  21 19.882755 35.184174 8.037065 0.871281 0.042456 0.488944 0.377217 0.435837 1 21 1.000000
  21 19.889439 36.201962 7.622356 0.858733 0.397088 0.323881 0.407136 0.430214 1 21 1.000000
  21 19.456301 36.248772 7.826811 -0.230986 0.377118 0.896899 0.406957 0.444277 1 21 1.000000
template_skin
  21 19.882755 35.184174 8.037065 0.871281 0.042456 0.488944 0.377217 0.435837 1 21 1.000000
  21 19.456301 36.248772 7.826811 -0.230986 0.377118 0.896899 0.406957 0.444277 1 21 1.000000
  21 19.357111 35.222054 8.105099 -0.371310 0.276150 0.886493 0.377720 0.446190 1 21 1.000000
template_skin
  21 19.186573 36.060276 7.506416 -0.992075 -0.125626 -0.002036 0.407041 0.456808 1 21 1.000000
  21 19.357111 35.222054 8.105099 -0.371310 0.276150 0.886493 0.377720 0.446190 1 21 1.000000
  21 19.456301 36.248772 7.826811 -0.230986 0.377118 0.896899 0.406957 0.444277 1 21 1.000000
template_skin
  21 19.117666 35.085800 7.866311 -0.992132 0.105580 0.067276 0.375522 0.457387 1 21 1.000000
  21 19.357111 35.222054 8.105099 -0.371310 0.276150 0.886493 0.377720 0.446190 1 21 1.000000
  21 19.186573 36.060276 7.506416 -0.992075 -0.125626 -0.002036 0.407041 0.456808 1 21 1.000000
template_skin
  21 19.088379 34.155510 8.139374 -0.891896 -0.410932 0.188828 0.334658 0.446707 1 21 1.000000
  21 19.225674 34.070107 7.888429 -0.368795 -0.876709 -0.308823 0.333425 0.438138 1 21 1.000000
  21 19.343710 34.193287 8.447968 -0.044471 -0.527631 0.848309 0.349863 0.446713 1 21 1.000000
template_skin
  21 19.225674 34.070107 7.888429 -0.368795 -0.876709 -0.308823 0.333425 0.438138 1 21 1.000000
  21 19.631540 34.034737 7.978498 0.708733 -0.695638 -0.117409 0.347660 0.432585 1 21 1.000000
  21 19.343710 34.193287 8.447968 -0.044471 -0.527631 0.848309 0.349863 0.446713 1 21 1.000000
template_skin
  21 20.280495 35.295956 6.560249 0.948776 0.195104 0.248513 0.274919 0.421716 1 21 1.000000
  21 20.242199 34.102238 6.429539 0.822235 -0.168707 -0.543570 0.246492 0.416267 1 21 1.000000
  21 20.112547 35.053902 6.141988 0.447473 -0.200789 -0.871465 0.273961 0.410090 1 21 1.000000
template_skin
  21 20.280495 35.295956 6.560249 0.948776 0.195104 0.248513 0.274919 0.421716 1 21 1.000000
  21 20.112547 35.053902 6.141988 0.447473 -0.200789 -0.871465 0.273961 0.410090 1 21 1.000000
  21 19.764318 36.390099 5.636549 0.724027 -0.176704 -0.666753 0.311510 0.407976 1 21 1.000000
template_skin
  21 19.764318 36.390099 5.636549 0.724027 -0.176704 -0.666753 0.311510 0.407976 1 21 1.000000
  21 19.931271 36.707401 6.120119 0.982751 -0.009350 0.184697 0.311574 0.420536 1 21 1.000000
  21 20.280495 35.295956 6.560249 0.948776 0.195104 0.248513 0.274919 0.421716 1 21 1.000000
template_skin
  21 20.280495 35.295956 6.560249 0.948776 0.195104 0.248513 0.274919 0.421716 1 21 1.000000
  21 19.931271 36.707401 6.120119 0.982751 -0.009350 0.184697 0.311574 0.420536 1 21 1.000000
  21 19.597570 36.673695 6.372187 0.101740 -0.088299 0.990884 0.312118 0.437368 1 21 1.000000
template_skin
  21 19.597570 36.673695 6.372187 0.101740 -0.088299 0.990884 0.312118 0.437368 1 21 1.000000
  21 19.765127 35.219070 6.809933 -0.284489 0.220361 0.933010 0.274925 0.437938 1 21 1.000000
  21 20.280495 35.295956 6.560249 0.948776 0.195104 0.248513 0.274919 0.421716 1 21 1.000000
template_skin
  21 19.765127 35.219070 6.809933 -0.284489 0.220361 0.933010 0.274925 0.437938 1 21 1.000000
  21 19.597570 36.673695 6.372187 0.101740 -0.088299 0.990884 0.312118 0.437368 1 21 1.000000
  21 19.273191 36.416882 6.086906 -0.880636 -0.246082 0.404876 0.311459 0.448948 1 21 1.000000
template_skin
  21 19.886677 34.241211 7.046248 -0.080785 0.175523 0.981155 0.250302 0.436538 1 21 1.000000
  21 20.235023 34.251198 6.795563 0.871224 -0.014933 0.490659 0.249584 0.425841 1 21 1.000000
  21 19.765127 35.219070 6.809933 -0.284489 0.220361 0.933010 0.274925 0.437938 1 21 1.000000
template_skin
  21 19.765127 35.219070 6.809933 -0.284489 0.220361 0.933010 0.274925 0.437938 1 21 1.000000
  21 20.235023 34.251198 6.795563 0.871224 -0.014933 0.490659 0.249584 0.425841 1 21 1.000000
  21 20.280495 35.295956 6.560249 0.948776 0.195104 0.248513 0.274919 0.421716 1 21 1.000000
template_skin
  21 19.451561 34.310345 6.707855 -0.987567 0.039925 0.152041 0.253693 0.449329 1 21 1.000000
  21 19.658199 34.099598 6.317868 -0.385967 -0.236504 -0.891681 0.251275 0.460154 1 21 1.000000
  21 19.496744 33.189354 6.901619 -0.850160 -0.498643 0.169068 0.227649 0.450473 1 21 1.000000
template_skin
  21 19.496744 33.189354 6.901619 -0.850160 -0.498643 0.169068 0.227649 0.450473 1 21 1.000000
  21 19.658199 34.099598 6.317868 -0.385967 -0.236504 -0.891681 0.251275 0.460154 1 21 1.000000
  21 19.635334 33.113655 6.612767 -0.515886 -0.729689 -0.448794 0.227686 0.459393 1 21 1.000000
template_skin
  21 20.056414 33.045460 6.648697 0.657763 -0.626368 -0.418344 0.225922 0.468212 1 21 1.000000
  21 19.635334 33.113655 6.612767 -0.515886 -0.729689 -0.448794 0.227686 0.459393 1 21 1.000000
  21 19.658199 34.099598 6.317868 -0.385967 -0.236504 -0.891681 0.251275 0.460154 1 21 1.000000
template_skin
  21 20.242199 34.102238 6.429539 0.822235 -0.168707 -0.543570 0.249560 0.476204 1 21 1.000000
  21 20.056414 33.045460 6.648697 0.657763 -0.626368 -0.418344 0.225922 0.468212 1 21 1.000000
  21 19.658199 34.099598 6.317868 -0.385967 -0.236504 -0.891681 0.251275 0.460154 1 21 1.000000
template_skin
  21 20.242199 34.102238 6.429539 0.822235 -0.168707 -0.543570 0.249560 0.476204 1 21 1.000000
  21 19.658199 34.099598 6.317868 -0.385967 -0.236504 -0.891681 0.251275 0.460154 1 21 1.000000
  21 20.112547 35.053902 6.141988 0.447473 -0.200789 -0.871465 0.273499 0.474579 1 21 1.000000
template_skin
  21 20.112547 35.053902 6.141988 0.447473 -0.200789 -0.871465 0.273499 0.474579 1 21 1.000000
  21 19.658199 34.099598 6.317868 -0.385967 -0.236504 -0.891681 0.251275 0.460154 1 21 1.000000
  21 19.629215 34.984230 6.115645 -0.680112 -0.307144 -0.665665 0.272352 0.459959 1 21 1.000000
template_skin
  21 20.112547 35.053902 6.141988 0.447473 -0.200789 -0.871465 0.273499 0.474579 1 21 1.000000
  21 19.629215 34.984230 6.115645 -0.680112 -0.307144 -0.665665 0.272352 0.459959 1 21 1.000000
  21 19.253523 36.128902 5.643455 -0.320371 -0.553452 -0.768800 0.311395 0.461465 1 21 1.000000
template_skin
  21 19.273191 36.416882 6.086906 -0.880636 -0.246082 0.404876 0.311459 0.448948 1 21 1.000000
  21 19.253523 36.128902 5.643455 -0.320371 -0.553452 -0.768800 0.311395 0.461465 1 21 1.000000
  21 19.629215 34.984230 6.115645 -0.680112 -0.307144 -0.665665 0.272352 0.459959 1 21 1.000000
template_skin
  21 19.629215 34.984230 6.115645 -0.680112 -0.307144 -0.665665 0.272352 0.459959 1 21 1.000000
  21 19.428139 35.086178 6.522377 -0.996950 -0.050652 0.059367 0.271638 0.449781 1 21 1.000000
  21 19.273191 36.416882 6.086906 -0.880636 -0.246082 0.404876 0.311459 0.448948 1 21 1.000000
template_skin
  21 19.273191 36.416882 6.086906 -0.880636 -0.246082 0.404876 0.311459 0.448948 1 21 1.000000
  21 19.428139 35.086178 6.522377 -0.996950 -0.050652 0.059367 0.271638 0.449781 1 21 1.000000
  21 19.765127 35.219070 6.809933 -0.284489 0.220361 0.933010 0.274925 0.437938 1 21 1.000000
template_skin
  21 19.428139 35.086178 6.522377 -0.996950 -0.050652 0.059367 0.271638 0.449781 1 21 1.000000
  21 19.451561 34.310345 6.707855 -0.987567 0.039925 0.152041 0.253693 0.449329 1 21 1.000000
  21 19.765127 35.219070 6.809933 -0.284489 0.220361 0.933010 0.274925 0.437938 1 21 1.000000
template_skin
  21 19.765127 35.219070 6.809933 -0.284489 0.220361 0.933010 0.274925 0.437938 1 21 1.000000
  21 19.451561 34.310345 6.707855 -0.987567 0.039925 0.152041 0.253693 0.449329 1 21 1.000000
  21 19.886677 34.241211 7.046248 -0.080785 0.175523 0.981155 0.250302 0.436538 1 21 1.000000
template_skin
  21 19.451561 34.310345 6.707855 -0.987567 0.039925 0.152041 0.253693 0.449329 1 21 1.000000
  21 19.496744 33.189354 6.901619 -0.850160 -0.498643 0.169068 0.227649 0.450473 1 21 1.000000
  21 19.886677 34.241211 7.046248 -0.080785 0.175523 0.981155 0.250302 0.436538 1 21 1.000000
template_skin
  21 19.886677 34.241211 7.046248 -0.080785 0.175523 0.981155 0.250302 0.436538 1 21 1.000000
  21 19.496744 33.189354 6.901619 -0.850160 -0.498643 0.169068 0.227649 0.450473 1 21 1.000000
  21 19.813498 33.196369 7.215812 0.156180 -0.620655 0.768372 0.226163 0.438483 1 21 1.000000
template_skin
  21 19.886677 34.241211 7.046248 -0.080785 0.175523 0.981155 0.250302 0.436538 1 21 1.000000
  21 19.813498 33.196369 7.215812 0.156180 -0.620655 0.768372 0.226163 0.438483 1 21 1.000000
  21 20.235023 34.251198 6.795563 0.871224 -0.014933 0.490659 0.249584 0.425841 1 21 1.000000
template_skin
  21 19.813498 33.196369 7.215812 0.156180 -0.620655 0.768372 0.226163 0.438483 1 21 1.000000
  21 20.056414 33.045460 6.648697 0.657763 -0.626368 -0.418344 0.222406 0.424625 1 21 1.000000
  21 20.235023 34.251198 6.795563 0.871224 -0.014933 0.490659 0.249584 0.425841 1 21 1.000000
template_skin
  21 20.056414 33.045460 6.648697 0.657763 -0.626368 -0.418344 0.222406 0.424625 1 21 1.000000
  21 20.242199 34.102238 6.429539 0.822235 -0.168707 -0.543570 0.246492 0.416267 1 21 1.000000
  21 20.235023 34.251198 6.795563 0.871224 -0.014933 0.490659 0.249584 0.425841 1 21 1.000000
template_skin
  21 20.242199 34.102238 6.429539 0.822235 -0.168707 -0.543570 0.246492 0.416267 1 21 1.000000
  21 20.280495 35.295956 6.560249 0.948776 0.195104 0.248513 0.274919 0.421716 1 21 1.000000
  21 20.235023 34.251198 6.795563 0.871224 -0.014933 0.490659 0.249584 0.425841 1 21 1.000000
template_skin
  21 19.451561 34.310345 6.707855 -0.987567 0.039925 0.152041 0.253693 0.449329 1 21 1.000000
  21 19.428139 35.086178 6.522377 -0.996950 -0.050652 0.059367 0.271638 0.449781 1 21 1.000000
  21 19.658199 34.099598 6.317868 -0.385967 -0.236504 -0.891681 0.251275 0.460154 1 21 1.000000
template_skin
  21 19.629215 34.984230 6.115645 -0.680112 -0.307144 -0.665665 0.272352 0.459959 1 21 1.000000
  21 19.658199 34.099598 6.317868 -0.385967 -0.236504 -0.891681 0.251275 0.460154 1 21 1.000000
  21 19.428139 35.086178 6.522377 -0.996950 -0.050652 0.059367 0.271638 0.449781 1 21 1.000000
template_skin
  21 19.253523 36.128902 5.643455 -0.320371 -0.553452 -0.768800 0.311395 0.461465 1 21 1.000000
  21 19.764318 36.390099 5.636549 0.724027 -0.176704 -0.666753 0.311421 0.476845 1 21 1.000000
  21 20.112547 35.053902 6.141988 0.447473 -0.200789 -0.871465 0.273499 0.474579 1 21 1.000000
template_skin
  21 19.496744 33.189354 6.901619 -0.850777 -0.465337 0.244213 0.211948 0.439744 1 21 1.000000
  21 19.635334 33.113655 6.612767 -0.423823 -0.830555 -0.361320 0.210582 0.430638 1 21 1.000000
  21 19.813498 33.196369 7.215812 0.156180 -0.620655 0.768372 0.226163 0.438483 1 21 1.000000
template_skin
  21 19.635334 33.113655 6.612767 -0.423823 -0.830555 -0.361320 0.210582 0.430638 1 21 1.000000
  21 20.056414 33.045460 6.648697 0.657763 -0.626368 -0.418344 0.222406 0.424625 1 21 1.000000
  21 19.813498 33.196369 7.215812 0.156180 -0.620655 0.768372 0.226163 0.438483 1 21 1.000000
template_skin
  21 20.177675 36.370026 4.727488 0.638168 -0.095080 -0.764003 0.298005 0.066071 1 21 1.000000
  21 20.284472 36.720295 5.175163 0.913176 0.308695 0.266114 0.298073 0.080491 1 21 1.000000
  21 20.538532 35.322357 5.283837 0.923970 0.086507 0.372554 0.267795 0.081391 1 21 1.000000
template_skin
  21 20.538532 35.322357 5.283837 0.923970 0.086507 0.372554 0.267795 0.081391 1 21 1.000000
  21 20.284472 36.720295 5.175163 0.913176 0.308695 0.266114 0.298073 0.080491 1 21 1.000000
  21 19.931343 36.406063 5.499718 0.210710 0.033746 0.976966 0.298010 0.094023 1 21 1.000000
template_skin
  21 19.931343 36.406063 5.499718 0.210710 0.033746 0.976966 0.298010 0.094023 1 21 1.000000
  21 20.248758 35.274094 5.567153 -0.050245 0.021226 0.998511 0.266479 0.093617 1 21 1.000000
  21 20.538532 35.322357 5.283837 0.923970 0.086507 0.372554 0.267795 0.081391 1 21 1.000000
template_skin
  21 20.248758 35.274094 5.567153 -0.050245 0.021226 0.998511 0.266479 0.093617 1 21 1.000000
  21 20.101400 34.221828 5.618010 0.010155 -0.001297 0.999947 0.237042 0.088424 1 21 1.000000
  21 20.538532 35.322357 5.283837 0.923970 0.086507 0.372554 0.267795 0.081391 1 21 1.000000
template_skin
  21 19.885380 33.191994 5.068263 -0.558462 -0.637875 -0.530317 0.217122 0.051862 1 21 1.000000
  21 19.799250 33.205364 5.378344 -0.657315 -0.729271 0.190002 0.216747 0.042957 1 21 1.000000
  21 19.823351 34.132015 4.917388 -0.650381 -0.089428 -0.754326 0.240522 0.051936 1 21 1.000000
template_skin
  21 20.304214 34.070339 4.915249 0.580990 -0.147738 -0.800390 0.235851 0.064403 1 21 1.000000
  21 19.885380 33.191994 5.068263 -0.558462 -0.637875 -0.530317 0.217122 0.051862 1 21 1.000000
  21 19.823351 34.132015 4.917388 -0.650381 -0.089428 -0.754326 0.240522 0.051936 1 21 1.000000
template_skin
  21 20.203926 33.161255 5.011615 0.222722 -0.915448 -0.335185 0.210444 0.061557 1 21 1.000000
  21 19.885380 33.191994 5.068263 -0.558462 -0.637875 -0.530317 0.217122 0.051862 1 21 1.000000
  21 20.304214 34.070339 4.915249 0.580990 -0.147738 -0.800390 0.235851 0.064403 1 21 1.000000
template_skin
  21 20.203926 33.161255 5.011615 0.222722 -0.915448 -0.335185 0.210444 0.061557 1 21 1.000000
  21 20.304214 34.070339 4.915249 0.580990 -0.147738 -0.800390 0.235851 0.064403 1 21 1.000000
  21 20.335516 33.206818 5.364907 0.796943 -0.403255 0.449742 0.211917 0.070760 1 21 1.000000
template_skin
  21 20.335516 33.206818 5.364907 0.796943 -0.403255 0.449742 0.211917 0.070760 1 21 1.000000
  21 20.013203 33.182266 5.599149 -0.015603 -0.777990 0.628083 0.206356 0.078269 1 21 1.000000
  21 20.203926 33.161255 5.011615 0.222722 -0.915448 -0.335185 0.210444 0.061557 1 21 1.000000
template_skin
  21 20.101400 34.221828 5.618010 0.010155 -0.001297 0.999947 0.237042 0.088424 1 21 1.000000
  21 20.013203 33.182266 5.599149 -0.015603 -0.777990 0.628083 0.206356 0.078269 1 21 1.000000
  21 20.335516 33.206818 5.364907 0.796943 -0.403255 0.449742 0.211917 0.070760 1 21 1.000000
template_skin
  21 20.101400 34.221828 5.618010 0.010155 -0.001297 0.999947 0.237042 0.088424 1 21 1.000000
  21 20.335516 33.206818 5.364907 0.796943 -0.403255 0.449742 0.211917 0.070760 1 21 1.000000
  21 20.419342 34.185772 5.319799 0.955045 -0.082314 0.284805 0.237754 0.075392 1 21 1.000000
template_skin
  21 20.101400 34.221828 5.618010 0.010155 -0.001297 0.999947 0.237042 0.088424 1 21 1.000000
  21 20.419342 34.185772 5.319799 0.955045 -0.082314 0.284805 0.237754 0.075392 1 21 1.000000
  21 20.538532 35.322357 5.283837 0.923970 0.086507 0.372554 0.267795 0.081391 1 21 1.000000
template_skin
  21 20.419342 34.185772 5.319799 0.955045 -0.082314 0.284805 0.237754 0.075392 1 21 1.000000
  21 20.454273 35.209003 4.804719 0.484313 -0.046203 -0.873674 0.267812 0.068221 1 21 1.000000
  21 20.538532 35.322357 5.283837 0.923970 0.086507 0.372554 0.267795 0.081391 1 21 1.000000
template_skin
  21 20.538532 35.322357 5.283837 0.923970 0.086507 0.372554 0.267795 0.081391 1 21 1.000000
  21 20.454273 35.209003 4.804719 0.484313 -0.046203 -0.873674 0.267812 0.068221 1 21 1.000000
  21 20.177675 36.370026 4.727488 0.638168 -0.095080 -0.764003 0.298005 0.066071 1 21 1.000000
template_skin
  21 19.572744 36.315567 4.708412 -0.501729 -0.472817 -0.724370 0.298256 0.051636 1 21 1.000000
  21 20.177675 36.370026 4.727488 0.638168 -0.095080 -0.764003 0.298005 0.066071 1 21 1.000000
  21 20.454273 35.209003 4.804719 0.484313 -0.046203 -0.873674 0.267812 0.068221 1 21 1.000000
template_skin
  21 20.454273 35.209003 4.804719 0.484313 -0.046203 -0.873674 0.267812 0.068221 1 21 1.000000
  21 19.913069 35.102474 4.840380 -0.728978 -0.150315 -0.667830 0.267153 0.053270 1 21 1.000000
  21 19.572744 36.315567 4.708412 -0.501729 -0.472817 -0.724370 0.298256 0.051636 1 21 1.000000
template_skin
  21 19.429110 36.343559 5.208083 -0.793934 -0.369618 0.482755 0.298196 0.037620 1 21 1.000000
  21 19.572744 36.315567 4.708412 -0.501729 -0.472817 -0.724370 0.298256 0.051636 1 21 1.000000
  21 19.913069 35.102474 4.840380 -0.728978 -0.150315 -0.667830 0.267153 0.053270 1 21 1.000000
template_skin
  21 19.913069 35.102474 4.840380 -0.728978 -0.150315 -0.667830 0.267153 0.053270 1 21 1.000000
  21 19.798807 35.165527 5.279447 -0.870695 -0.045797 0.489687 0.267209 0.039679 1 21 1.000000
  21 19.429110 36.343559 5.208083 -0.793934 -0.369618 0.482755 0.298196 0.037620 1 21 1.000000
template_skin
  21 19.429110 36.343559 5.208083 -0.793934 -0.369618 0.482755 0.298196 0.037620 1 21 1.000000
  21 19.798807 35.165527 5.279447 -0.870695 -0.045797 0.489687 0.267209 0.039679 1 21 1.000000
  21 20.248758 35.274094 5.567153 -0.050245 0.021226 0.998511 0.267361 0.025442 1 21 1.000000
template_skin
  21 19.798807 35.165527 5.279447 -0.870695 -0.045797 0.489687 0.267209 0.039679 1 21 1.000000
  21 20.101400 34.221828 5.618010 0.010155 -0.001297 0.999947 0.240193 0.027267 1 21 1.000000
  21 20.248758 35.274094 5.567153 -0.050245 0.021226 0.998511 0.267361 0.025442 1 21 1.000000
template_skin
  21 20.101400 34.221828 5.618010 0.010155 -0.001297 0.999947 0.240193 0.027267 1 21 1.000000
  21 19.798807 35.165527 5.279447 -0.870695 -0.045797 0.489687 0.267209 0.039679 1 21 1.000000
  21 19.759689 34.199947 5.357203 -0.950040 0.022445 0.311321 0.241119 0.040667 1 21 1.000000
template_skin
  21 20.101400 34.221828 5.618010 0.010155 -0.001297 0.999947 0.240193 0.027267 1 21 1.000000
  21 19.759689 34.199947 5.357203 -0.950040 0.022445 0.311321 0.241119 0.040667 1 21 1.000000
  21 20.013203 33.182266 5.599149 -0.015603 -0.777990 0.628083 0.213750 0.036124 1 21 1.000000
template_skin
  21 19.913069 35.102474 4.840380 -0.728978 -0.150315 -0.667830 0.267153 0.053270 1 21 1.000000
  21 19.759689 34.199947 5.357203 -0.950040 0.022445 0.311321 0.241119 0.040667 1 21 1.000000
  21 19.798807 35.165527 5.279447 -0.870695 -0.045797 0.489687 0.267209 0.039679 1 21 1.000000
template_skin
  21 20.013203 33.182266 5.599149 -0.015603 -0.777990 0.628083 0.213750 0.036124 1 21 1.000000
  21 19.759689 34.199947 5.357203 -0.950040 0.022445 0.311321 0.241119 0.040667 1 21 1.000000
  21 19.799250 33.205364 5.378344 -0.657315 -0.729271 0.190002 0.216747 0.042957 1 21 1.000000
template_skin
  21 19.823351 34.132015 4.917388 -0.650381 -0.089428 -0.754326 0.240522 0.051936 1 21 1.000000
  21 19.799250 33.205364 5.378344 -0.657315 -0.729271 0.190002 0.216747 0.042957 1 21 1.000000
  21 19.759689 34.199947 5.357203 -0.950040 0.022445 0.311321 0.241119 0.040667 1 21 1.000000
template_skin
  21 19.823351 34.132015 4.917388 -0.650381 -0.089428 -0.754326 0.240522 0.051936 1 21 1.000000
  21 19.759689 34.199947 5.357203 -0.950040 0.022445 0.311321 0.241119 0.040667 1 21 1.000000
  21 19.913069 35.102474 4.840380 -0.728978 -0.150315 -0.667830 0.267153 0.053270 1 21 1.000000
template_skin
  21 19.823351 34.132015 4.917388 -0.650381 -0.089428 -0.754326 0.240522 0.051936 1 21 1.000000
  21 19.913069 35.102474 4.840380 -0.728978 -0.150315 -0.667830 0.267153 0.053270 1 21 1.000000
  21 20.304214 34.070339 4.915249 0.580990 -0.147738 -0.800390 0.235851 0.064403 1 21 1.000000
template_skin
  21 20.304214 34.070339 4.915249 0.580990 -0.147738 -0.800390 0.235851 0.064403 1 21 1.000000
  21 19.913069 35.102474 4.840380 -0.728978 -0.150315 -0.667830 0.267153 0.053270 1 21 1.000000
  21 20.454273 35.209003 4.804719 0.484313 -0.046203 -0.873674 0.267812 0.068221 1 21 1.000000
template_skin
  21 20.304214 34.070339 4.915249 0.580990 -0.147738 -0.800390 0.235851 0.064403 1 21 1.000000
  21 20.454273 35.209003 4.804719 0.484313 -0.046203 -0.873674 0.267812 0.068221 1 21 1.000000
  21 20.419342 34.185772 5.319799 0.955045 -0.082314 0.284805 0.237754 0.075392 1 21 1.000000
template_skin
  21 20.335516 33.206818 5.364907 0.796943 -0.403255 0.449742 0.211917 0.070760 1 21 1.000000
  21 20.304214 34.070339 4.915249 0.580990 -0.147738 -0.800390 0.235851 0.064403 1 21 1.000000
  21 20.419342 34.185772 5.319799 0.955045 -0.082314 0.284805 0.237754 0.075392 1 21 1.000000
template_skin
  21 20.248758 35.274094 5.567153 -0.050245 0.021226 0.998511 0.267361 0.025442 1 21 1.000000
  21 19.931343 36.406063 5.499718 0.210710 0.033746 0.976966 0.298182 0.022190 1 21 1.000000
  21 19.429110 36.343559 5.208083 -0.793934 -0.369618 0.482755 0.298196 0.037620 1 21 1.000000
template_skin
  21 19.799250 33.205364 5.378344 -0.657315 -0.729271 0.190002 0.196774 0.071941 1 21 1.000000
  21 19.885380 33.191994 5.068263 -0.598609 -0.542361 -0.589501 0.198643 0.062950 1 21 1.000000
  21 20.203926 33.161255 5.011615 0.222722 -0.915448 -0.335185 0.210444 0.061557 1 21 1.000000
template_skin
  21 20.203926 33.161255 5.011615 0.222722 -0.915448 -0.335185 0.210444 0.061557 1 21 1.000000
  21 20.013203 33.182266 5.599149 -0.015603 -0.777990 0.628083 0.206356 0.078269 1 21 1.000000
  21 19.799250 33.205364 5.378344 -0.657315 -0.729271 0.190002 0.196774 0.071941 1 21 1.000000
template_skin
  11 -16.245531 37.257656 7.771840 -0.054321 -0.854538 0.516541 0.566802 0.788873 1 11 1.000000
  11 -15.955032 37.243145 7.509323 0.769939 -0.621249 -0.145755 0.555609 0.795419 1 11 1.000000
  11 -15.948183 37.500000 7.783939 0.810306 0.170239 0.560734 0.557099 0.784434 1 11 1.000000
template_skin
  11 -15.948183 37.500000 7.783939 0.810306 0.170239 0.560734 0.557099 0.784434 1 11 1.000000
  11 -16.275759 37.677715 7.912200 -0.265912 0.192268 0.944629 0.563450 0.777048 1 11 1.000000
  11 -16.245531 37.257656 7.771840 -0.054321 -0.854538 0.516541 0.566802 0.788873 1 11 1.000000
template_skin
  11 -17.505659 39.955944 5.474329 0.519925 0.592378 0.615440 0.495607 0.687850 1 11 1.000000
  11 -17.307775 39.798172 5.974207 0.124205 0.788691 0.602113 0.507659 0.696549 1 11 1.000000
  11 -16.944263 39.602119 5.669647 0.812835 0.582353 -0.012807 0.492651 0.716379 1 11 1.000000
template_skin
  11 -16.944263 39.602119 5.669647 0.812835 0.582353 -0.012807 0.492651 0.716379 1 11 1.000000
  11 -17.307775 39.798172 5.974207 0.124205 0.788691 0.602113 0.507659 0.696549 1 11 1.000000
  11 -16.813311 39.130463 5.944772 0.956996 0.290094 -0.001925 0.511421 0.726375 1 11 1.000000
template_skin
  11 -16.895424 38.936401 6.638352 0.497783 0.739733 0.452777 0.529010 0.727870 1 11 1.000000
  11 -16.813311 39.130463 5.944772 0.956996 0.290094 -0.001925 0.511421 0.726375 1 11 1.000000
  11 -17.307775 39.798172 5.974207 0.124205 0.788691 0.602113 0.507659 0.696549 1 11 1.000000
template_skin
  11 -16.813311 39.130463 5.944772 0.956996 0.290094 -0.001925 0.511421 0.726375 1 11 1.000000
  11 -16.895424 38.936401 6.638352 0.497783 0.739733 0.452777 0.529010 0.727870 1 11 1.000000
  11 -16.576204 38.531414 6.336084 0.889787 0.026138 -0.455626 0.518760 0.740105 1 11 1.000000
template_skin
  11 -16.302010 38.295452 6.686385 0.910621 0.251455 -0.327933 0.526279 0.756458 1 11 1.000000
  11 -16.576204 38.531414 6.336084 0.889787 0.026138 -0.455626 0.518760 0.740105 1 11 1.000000
  11 -16.895424 38.936401 6.638352 0.497783 0.739733 0.452777 0.529010 0.727870 1 11 1.000000
template_skin
  11 -16.576204 38.531414 6.336084 0.889787 0.026138 -0.455626 0.518760 0.740105 1 11 1.000000
  11 -16.302010 38.295452 6.686385 0.910621 0.251455 -0.327933 0.526279 0.756458 1 11 1.000000
  11 -16.920866 38.028042 6.256454 0.337136 -0.825195 -0.453203 0.500622 0.757063 1 11 1.000000
template_skin
  11 -16.920866 38.028042 6.256454 0.337136 -0.825195 -0.453203 0.500622 0.757063 1 11 1.000000
  11 -16.302010 38.295452 6.686385 0.910621 0.251455 -0.327933 0.526279 0.756458 1 11 1.000000
  11 -16.609955 37.727306 6.627939 0.103687 -0.773479 -0.625283 0.512231 0.770699 1 11 1.000000
template_skin
  11 -16.609955 37.727306 6.627939 0.103687 -0.773479 -0.625283 0.512231 0.770699 1 11 1.000000
  11 -17.317181 38.032112 6.673365 -0.420677 -0.819274 0.389641 0.488230 0.770244 1 11 1.000000
  11 -16.920866 38.028042 6.256454 0.337136 -0.825195 -0.453203 0.500622 0.757063 1 11 1.000000
template_skin
  11 -17.096483 37.949894 7.064993 -0.843302 -0.498452 0.200966 0.498004 0.781019 1 11 1.000000
  11 -17.317181 38.032112 6.673365 -0.420677 -0.819274 0.389641 0.488230 0.770244 1 11 1.000000
  11 -16.609955 37.727306 6.627939 0.103687 -0.773479 -0.625283 0.512231 0.770699 1 11 1.000000
template_skin
  11 -16.609955 37.727306 6.627939 0.103687 -0.773479 -0.625283 0.512231 0.770699 1 11 1.000000
  11 -16.289783 37.417622 7.010487 0.150680 -0.808137 -0.569395 0.524186 0.784741 1 11 1.000000
  11 -17.096483 37.949894 7.064993 -0.843302 -0.498452 0.200966 0.498004 0.781019 1 11 1.000000
template_skin
  11 -16.289783 37.417622 7.010487 0.150680 -0.808137 -0.569395 0.524186 0.784741 1 11 1.000000
  11 -16.762877 37.392658 7.458789 -0.719528 -0.579526 0.382662 0.512721 0.794196 1 11 1.000000
  11 -17.096483 37.949894 7.064993 -0.843302 -0.498452 0.200966 0.498004 0.781019 1 11 1.000000
template_skin
  11 -16.245531 37.257656 7.771840 -0.054321 -0.854538 0.516541 0.532035 0.804464 1 11 1.000000
  11 -16.762877 37.392658 7.458789 -0.719528 -0.579526 0.382662 0.512721 0.794196 1 11 1.000000
  11 -16.289783 37.417622 7.010487 0.150680 -0.808137 -0.569395 0.524186 0.784741 1 11 1.000000
template_skin
  11 -16.289783 37.417622 7.010487 0.150680 -0.808137 -0.569395 0.524186 0.784741 1 11 1.000000
  11 -15.955032 37.243145 7.509323 0.769939 -0.621249 -0.145755 0.539476 0.795879 1 11 1.000000
  11 -16.245531 37.257656 7.771840 -0.054321 -0.854538 0.516541 0.532035 0.804464 1 11 1.000000
template_skin
  11 -15.955032 37.243145 7.509323 0.769939 -0.621249 -0.145755 0.539476 0.795879 1 11 1.000000
  11 -16.289783 37.417622 7.010487 0.150680 -0.808137 -0.569395 0.524186 0.784741 1 11 1.000000
  11 -16.302010 38.295452 6.686385 0.910621 0.251455 -0.327933 0.526279 0.756458 1 11 1.000000
template_skin
  11 -15.948183 37.500000 7.783939 0.810306 0.170239 0.560734 0.557099 0.784434 1 11 1.000000
  11 -15.955032 37.243145 7.509323 0.769939 -0.621249 -0.145755 0.539476 0.795879 1 11 1.000000
  11 -16.302010 38.295452 6.686385 0.910621 0.251455 -0.327933 0.526279 0.756458 1 11 1.000000
template_skin
  11 -16.302010 38.295452 6.686385 0.910621 0.251455 -0.327933 0.526279 0.756458 1 11 1.000000
  11 -16.571644 38.445423 7.029930 0.432438 0.750715 0.499424 0.538611 0.747204 1 11 1.000000
  11 -15.948183 37.500000 7.783939 0.810306 0.170239 0.560734 0.557099 0.784434 1 11 1.000000
template_skin
  11 -15.948183 37.500000 7.783939 0.810306 0.170239 0.560734 0.557099 0.784434 1 11 1.000000
  11 -16.571644 38.445423 7.029930 0.432438 0.750715 0.499424 0.538611 0.747204 1 11 1.000000
  11 -16.275759 37.677715 7.912200 -0.265912 0.192268 0.944629 0.563450 0.777048 1 11 1.000000
template_skin
  11 -16.571644 38.445423 7.029930 0.432438 0.750715 0.499424 0.538611 0.747204 1 11 1.000000
  11 -16.944473 38.260181 7.277898 -0.443715 0.362447 0.819603 0.553738 0.742210 1 11 1.000000
  11 -16.275759 37.677715 7.912200 -0.265912 0.192268 0.944629 0.563450 0.777048 1 11 1.000000
template_skin
  11 -16.289783 37.417622 7.010487 0.150680 -0.808137 -0.569395 0.524186 0.784741 1 11 1.000000
  11 -16.609955 37.727306 6.627939 0.103687 -0.773479 -0.625283 0.512231 0.770699 1 11 1.000000
  11 -16.302010 38.295452 6.686385 0.910621 0.251455 -0.327933 0.526279 0.756458 1 11 1.000000
template_skin
  11 -19.056242 33.995327 7.393445 0.310655 -0.873322 -0.375236 0.234543 0.832071 1 11 1.000000
  11 -19.220274 34.084240 8.012026 -0.005760 -0.580732 0.814074 0.216719 0.840805 1 11 1.000000
  11 -19.508221 33.981228 7.527394 -0.760417 -0.623323 -0.182303 0.219083 0.829095 1 11 1.000000
template_skin
  11 -18.953741 34.060497 7.684901 0.865114 -0.488882 0.112124 0.233310 0.840639 1 11 1.000000
  11 -19.220274 34.084240 8.012026 -0.005760 -0.580732 0.814074 0.216719 0.840805 1 11 1.000000
  11 -19.056242 33.995327 7.393445 0.310655 -0.873322 -0.375236 0.234543 0.832071 1 11 1.000000
template_skin
  11 -18.892757 35.049866 7.453049 0.994085 0.059948 0.090561 0.188609 0.851795 1 11 1.000000
  11 -18.953741 34.060497 7.684901 0.865114 -0.488882 0.112124 0.214499 0.851508 1 11 1.000000
  11 -19.087681 34.950840 7.089517 0.412035 -0.238831 -0.879310 0.188569 0.863317 1 11 1.000000
template_skin
  11 -18.892757 35.049866 7.453049 0.994085 0.059948 0.090561 0.188609 0.851795 1 11 1.000000
  11 -19.140928 35.134106 7.710461 0.425602 0.193398 0.884002 0.189541 0.840647 1 11 1.000000
  11 -18.953741 34.060497 7.684901 0.865114 -0.488882 0.112124 0.214499 0.851508 1 11 1.000000
template_skin
  11 -18.953741 34.060497 7.684901 0.865114 -0.488882 0.112124 0.214499 0.851508 1 11 1.000000
  11 -19.140928 35.134106 7.710461 0.425602 0.193398 0.884002 0.189541 0.840647 1 11 1.000000
  11 -19.220274 34.084240 8.012026 -0.005760 -0.580732 0.814074 0.216719 0.840805 1 11 1.000000
template_skin
  11 -19.685719 35.136040 7.600768 -0.922533 0.147103 0.356782 0.191153 0.829636 1 11 1.000000
  11 -19.220274 34.084240 8.012026 -0.005760 -0.580732 0.814074 0.216719 0.840805 1 11 1.000000
  11 -19.140928 35.134106 7.710461 0.425602 0.193398 0.884002 0.189541 0.840647 1 11 1.000000
template_skin
  11 -19.508221 33.981228 7.527394 -0.760417 -0.623323 -0.182303 0.219083 0.829095 1 11 1.000000
  11 -19.220274 34.084240 8.012026 -0.005760 -0.580732 0.814074 0.216719 0.840805 1 11 1.000000
  11 -19.685719 35.136040 7.600768 -0.922533 0.147103 0.356782 0.191153 0.829636 1 11 1.000000
template_skin
  11 -19.509289 34.949860 7.145943 -0.703750 -0.209715 -0.678790 0.194343 0.815403 1 11 1.000000
  11 -19.508221 33.981228 7.527394 -0.760417 -0.623323 -0.182303 0.219083 0.829095 1 11 1.000000
  11 -19.685719 35.136040 7.600768 -0.922533 0.147103 0.356782 0.191153 0.829636 1 11 1.000000
template_skin
  11 -19.431953 35.932613 6.946474 -0.620307 -0.175737 -0.764418 0.161855 0.809878 1 11 1.000000
  11 -19.509289 34.949860 7.145943 -0.703750 -0.209715 -0.678790 0.194343 0.815403 1 11 1.000000
  11 -19.685719 35.136040 7.600768 -0.922533 0.147103 0.356782 0.191153 0.829636 1 11 1.000000
template_skin
  11 -19.685719 35.136040 7.600768 -0.922533 0.147103 0.356782 0.191153 0.829636 1 11 1.000000
  11 -19.623331 36.169781 7.313695 -0.903947 0.325441 0.277430 0.161234 0.824682 1 11 1.000000
  11 -19.431953 35.932613 6.946474 -0.620307 -0.175737 -0.764418 0.161855 0.809878 1 11 1.000000
template_skin
  11 -19.211510 36.639217 6.543435 -0.655122 -0.396934 -0.642852 0.132020 0.807843 1 11 1.000000
  11 -19.431953 35.932613 6.946474 -0.620307 -0.175737 -0.764418 0.161855 0.809878 1 11 1.000000
  11 -19.623331 36.169781 7.313695 -0.903947 0.325441 0.277430 0.161234 0.824682 1 11 1.000000
template_skin
  11 -19.623331 36.169781 7.313695 -0.903947 0.325441 0.277430 0.161234 0.824682 1 11 1.000000
  11 -19.308857 36.921101 7.006889 -0.806400 0.116129 0.579856 0.132254 0.823142 1 11 1.000000
  11 -19.211510 36.639217 6.543435 -0.655122 -0.396934 -0.642852 0.132020 0.807843 1 11 1.000000
template_skin
  11 -18.898539 36.879028 7.240950 -0.016749 0.239495 0.970753 0.132060 0.837299 1 11 1.000000
  11 -19.308857 36.921101 7.006889 -0.806400 0.116129 0.579856 0.132254 0.823142 1 11 1.000000
  11 -19.623331 36.169781 7.313695 -0.903947 0.325441 0.277430 0.161234 0.824682 1 11 1.000000
template_skin
  11 -19.623331 36.169781 7.313695 -0.903947 0.325441 0.277430 0.161234 0.824682 1 11 1.000000
  11 -19.191425 36.178848 7.525772 0.204283 0.210416 0.956030 0.160475 0.838746 1 11 1.000000
  11 -18.898539 36.879028 7.240950 -0.016749 0.239495 0.970753 0.132060 0.837299 1 11 1.000000
template_skin
  11 -18.525099 36.665813 6.951769 0.825963 -0.345282 0.445607 0.131817 0.852688 1 11 1.000000
  11 -18.898539 36.879028 7.240950 -0.016749 0.239495 0.970753 0.132060 0.837299 1 11 1.000000
  11 -19.191425 36.178848 7.525772 0.204283 0.210416 0.956030 0.160475 0.838746 1 11 1.000000
template_skin
  11 -19.191425 36.178848 7.525772 0.204283 0.210416 0.956030 0.160475 0.838746 1 11 1.000000
  11 -18.925734 36.007984 7.192383 0.979397 -0.201760 0.008610 0.160392 0.851277 1 11 1.000000
  11 -18.525099 36.665813 6.951769 0.825963 -0.345282 0.445607 0.131817 0.852688 1 11 1.000000
template_skin
  11 -18.525099 36.665813 6.951769 0.825963 -0.345282 0.445607 0.131817 0.852688 1 11 1.000000
  11 -18.925734 36.007984 7.192383 0.979397 -0.201760 0.008610 0.160392 0.851277 1 11 1.000000
  11 -19.147617 35.902218 6.824565 0.457497 -0.489471 -0.742371 0.160279 0.865020 1 11 1.000000
template_skin
  11 -18.925734 36.007984 7.192383 0.979397 -0.201760 0.008610 0.160392 0.851277 1 11 1.000000
  11 -18.892757 35.049866 7.453049 0.994085 0.059948 0.090561 0.188609 0.851795 1 11 1.000000
  11 -19.147617 35.902218 6.824565 0.457497 -0.489471 -0.742371 0.160279 0.865020 1 11 1.000000
template_skin
  11 -19.147617 35.902218 6.824565 0.457497 -0.489471 -0.742371 0.160279 0.865020 1 11 1.000000
  11 -18.892757 35.049866 7.453049 0.994085 0.059948 0.090561 0.188609 0.851795 1 11 1.000000
  11 -19.087681 34.950840 7.089517 0.412035 -0.238831 -0.879310 0.188569 0.863317 1 11 1.000000
template_skin
  11 -19.087681 34.950840 7.089517 0.412035 -0.238831 -0.879310 0.188569 0.863317 1 11 1.000000
  11 -19.431953 35.932613 6.946474 -0.620307 -0.175737 -0.764418 0.160934 0.877727 1 11 1.000000
  11 -19.147617 35.902218 6.824565 0.457497 -0.489471 -0.742371 0.160279 0.865020 1 11 1.000000
template_skin
  11 -19.509289 34.949860 7.145943 -0.703750 -0.209715 -0.678790 0.188372 0.875044 1 11 1.000000
  11 -19.431953 35.932613 6.946474 -0.620307 -0.175737 -0.764418 0.160934 0.877727 1 11 1.000000
  11 -19.087681 34.950840 7.089517 0.412035 -0.238831 -0.879310 0.188569 0.863317 1 11 1.000000
template_skin
  11 -19.087681 34.950840 7.089517 0.412035 -0.238831 -0.879310 0.188569 0.863317 1 11 1.000000
  11 -19.056242 33.995327 7.393445 0.310655 -0.873322 -0.375236 0.214035 0.861145 1 11 1.000000
  11 -19.509289 34.949860 7.145943 -0.703750 -0.209715 -0.678790 0.188372 0.875044 1 11 1.000000
template_skin
  11 -19.509289 34.949860 7.145943 -0.703750 -0.209715 -0.678790 0.188372 0.875044 1 11 1.000000
  11 -19.056242 33.995327 7.393445 0.310655 -0.873322 -0.375236 0.214035 0.861145 1 11 1.000000
  11 -19.508221 33.981228 7.527394 -0.760417 -0.623323 -0.182303 0.216080 0.875519 1 11 1.000000
template_skin
  11 -19.087681 34.950840 7.089517 0.412035 -0.238831 -0.879310 0.188569 0.863317 1 11 1.000000
  11 -18.953741 34.060497 7.684901 0.865114 -0.488882 0.112124 0.214499 0.851508 1 11 1.000000
  11 -19.056242 33.995327 7.393445 0.310655 -0.873322 -0.375236 0.214035 0.861145 1 11 1.000000
template_skin
  11 -18.892757 35.049866 7.453049 0.994085 0.059948 0.090561 0.188609 0.851795 1 11 1.000000
  11 -18.925734 36.007984 7.192383 0.979397 -0.201760 0.008610 0.160392 0.851277 1 11 1.000000
  11 -19.140928 35.134106 7.710461 0.425602 0.193398 0.884002 0.189541 0.840647 1 11 1.000000
template_skin
  11 -19.140928 35.134106 7.710461 0.425602 0.193398 0.884002 0.189541 0.840647 1 11 1.000000
  11 -18.925734 36.007984 7.192383 0.979397 -0.201760 0.008610 0.160392 0.851277 1 11 1.000000
  11 -19.191425 36.178848 7.525772 0.204283 0.210416 0.956030 0.160475 0.838746 1 11 1.000000
template_skin
  11 -19.685719 35.136040 7.600768 -0.922533 0.147103 0.356782 0.191153 0.829636 1 11 1.000000
  11 -19.140928 35.134106 7.710461 0.425602 0.193398 0.884002 0.189541 0.840647 1 11 1.000000
  11 -19.191425 36.178848 7.525772 0.204283 0.210416 0.956030 0.160475 0.838746 1 11 1.000000
template_skin
  11 -19.191425 36.178848 7.525772 0.204283 0.210416 0.956030 0.160475 0.838746 1 11 1.000000
  11 -19.623331 36.169781 7.313695 -0.903947 0.325441 0.277430 0.161234 0.824682 1 11 1.000000
  11 -19.685719 35.136040 7.600768 -0.922533 0.147103 0.356782 0.191153 0.829636 1 11 1.000000
template_skin
  11 -19.147617 35.902218 6.824565 0.457497 -0.489471 -0.742371 0.160279 0.865020 1 11 1.000000
  11 -18.735682 36.422703 6.563505 0.371712 -0.663556 -0.649249 0.132726 0.865740 1 11 1.000000
  11 -18.525099 36.665813 6.951769 0.825963 -0.345282 0.445607 0.131817 0.852688 1 11 1.000000
template_skin
  11 -18.735682 36.422703 6.563505 0.371712 -0.663556 -0.649249 0.132726 0.865740 1 11 1.000000
  11 -19.147617 35.902218 6.824565 0.457497 -0.489471 -0.742371 0.160279 0.865020 1 11 1.000000
  11 -19.431953 35.932613 6.946474 -0.620307 -0.175737 -0.764418 0.160934 0.877727 1 11 1.000000
template_skin
  11 -19.431953 35.932613 6.946474 -0.620307 -0.175737 -0.764418 0.160934 0.877727 1 11 1.000000
  11 -19.211510 36.639217 6.543435 -0.655122 -0.396934 -0.642852 0.131934 0.878485 1 11 1.000000
  11 -18.735682 36.422703 6.563505 0.371712 -0.663556 -0.649249 0.132726 0.865740 1 11 1.000000
template_skin
  11 -20.324593 35.389599 3.700095 -0.510289 0.052624 -0.858391 0.308778 0.847378 1 11 1.000000
  11 -19.722656 36.430195 3.761827 0.501685 -0.503067 -0.703730 0.278470 0.833194 1 11 1.000000
  11 -19.886189 35.353699 3.681237 0.613255 0.024184 -0.789515 0.309650 0.837629 1 11 1.000000
template_skin
  11 -20.324593 35.389599 3.700095 -0.510289 0.052624 -0.858391 0.308778 0.847378 1 11 1.000000
  11 -20.169909 36.384674 3.704708 -0.489522 -0.163112 -0.856600 0.278365 0.847578 1 11 1.000000
  11 -19.722656 36.430195 3.761827 0.501685 -0.503067 -0.703730 0.278470 0.833194 1 11 1.000000
template_skin
  11 -20.324593 35.389599 3.700095 -0.510289 0.052624 -0.858391 0.308778 0.847378 1 11 1.000000
  11 -19.886189 35.353699 3.681237 0.613255 0.024184 -0.789515 0.309650 0.837629 1 11 1.000000
  11 -20.204964 34.651421 3.660573 -0.636942 -0.064701 -0.768192 0.328359 0.843434 1 11 1.000000
template_skin
  11 -20.204964 34.651421 3.660573 -0.636942 -0.064701 -0.768192 0.328359 0.843434 1 11 1.000000
  11 -19.886189 35.353699 3.681237 0.613255 0.024184 -0.789515 0.309650 0.837629 1 11 1.000000
  11 -19.840408 34.614151 3.669477 0.620398 0.073011 -0.780882 0.327397 0.832597 1 11 1.000000
template_skin
  11 -19.775324 35.293388 4.147597 0.862769 -0.061101 0.501892 0.311008 0.819847 1 11 1.000000
  11 -19.840408 34.614151 3.669477 0.620398 0.073011 -0.780882 0.327397 0.832597 1 11 1.000000
  11 -19.886189 35.353699 3.681237 0.613255 0.024184 -0.789515 0.309650 0.837629 1 11 1.000000
template_skin
  11 -19.722656 36.430195 3.761827 0.501685 -0.503067 -0.703730 0.278470 0.833194 1 11 1.000000
  11 -19.775324 35.293388 4.147597 0.862769 -0.061101 0.501892 0.311008 0.819847 1 11 1.000000
  11 -19.886189 35.353699 3.681237 0.613255 0.024184 -0.789515 0.309650 0.837629 1 11 1.000000
template_skin
  11 -19.631090 36.387764 4.218939 0.827943 -0.432787 0.356659 0.278621 0.820622 1 11 1.000000
  11 -19.775324 35.293388 4.147597 0.862769 -0.061101 0.501892 0.311008 0.819847 1 11 1.000000
  11 -19.722656 36.430195 3.761827 0.501685 -0.503067 -0.703730 0.278470 0.833194 1 11 1.000000
template_skin
  11 -20.144903 35.372578 4.400707 0.056696 -0.107626 0.992573 0.307071 0.808163 1 11 1.000000
  11 -19.775324 35.293388 4.147597 0.862769 -0.061101 0.501892 0.311008 0.819847 1 11 1.000000
  11 -19.631090 36.387764 4.218939 0.827943 -0.432787 0.356659 0.278621 0.820622 1 11 1.000000
template_skin
  11 -19.631090 36.387764 4.218939 0.827943 -0.432787 0.356659 0.278621 0.820622 1 11 1.000000
  11 -20.140314 36.282776 4.465530 -0.212201 -0.294042 0.931939 0.278517 0.807593 1 11 1.000000
  11 -20.144903 35.372578 4.400707 0.056696 -0.107626 0.992573 0.307071 0.808163 1 11 1.000000
template_skin
  11 -20.120260 34.643856 4.315284 -0.324086 -0.177410 0.929244 0.327967 0.809565 1 11 1.000000
  11 -19.775324 35.293388 4.147597 0.862769 -0.061101 0.501892 0.311008 0.819847 1 11 1.000000
  11 -20.144903 35.372578 4.400707 0.056696 -0.107626 0.992573 0.307071 0.808163 1 11 1.000000
template_skin
  11 -19.711332 34.620068 4.069230 0.868541 0.030664 0.494667 0.327418 0.821554 1 11 1.000000
  11 -19.775324 35.293388 4.147597 0.862769 -0.061101 0.501892 0.311008 0.819847 1 11 1.000000
  11 -20.120260 34.643856 4.315284 -0.324086 -0.177410 0.929244 0.327967 0.809565 1 11 1.000000
template_skin
  11 -19.711332 34.620068 4.069230 0.868541 0.030664 0.494667 0.327418 0.821554 1 11 1.000000
  11 -19.840408 34.614151 3.669477 0.620398 0.073011 -0.780882 0.327397 0.832597 1 11 1.000000
  11 -19.775324 35.293388 4.147597 0.862769 -0.061101 0.501892 0.311008 0.819847 1 11 1.000000
template_skin
  11 -19.711332 34.620068 4.069230 0.868541 0.030664 0.494667 0.327418 0.821554 1 11 1.000000
  11 -19.780165 33.759701 3.684145 0.645161 -0.460661 -0.609556 0.349243 0.830772 1 11 1.000000
  11 -19.840408 34.614151 3.669477 0.620398 0.073011 -0.780882 0.327397 0.832597 1 11 1.000000
template_skin
  11 -20.056643 33.736179 3.611572 -0.403033 -0.661981 -0.631938 0.352636 0.838543 1 11 1.000000
  11 -19.840408 34.614151 3.669477 0.620398 0.073011 -0.780882 0.327397 0.832597 1 11 1.000000
  11 -19.780165 33.759701 3.684145 0.645161 -0.460661 -0.609556 0.349243 0.830772 1 11 1.000000
template_skin
  11 -19.840408 34.614151 3.669477 0.620398 0.073011 -0.780882 0.327397 0.832597 1 11 1.000000
  11 -20.056643 33.736179 3.611572 -0.403033 -0.661981 -0.631938 0.352636 0.838543 1 11 1.000000
  11 -20.204964 34.651421 3.660573 -0.636942 -0.064701 -0.768192 0.328359 0.843434 1 11 1.000000
template_skin
  11 -20.204964 34.651421 3.660573 -0.636942 -0.064701 -0.768192 0.328359 0.843434 1 11 1.000000
  11 -20.056643 33.736179 3.611572 -0.403033 -0.661981 -0.631938 0.352636 0.838543 1 11 1.000000
  11 -20.338568 34.647160 4.005515 -0.981124 -0.161279 0.106702 0.329498 0.852228 1 11 1.000000
template_skin
  11 -20.204964 34.651421 3.660573 -0.636942 -0.064701 -0.768192 0.328359 0.843434 1 11 1.000000
  11 -20.338568 34.647160 4.005515 -0.981124 -0.161279 0.106702 0.329498 0.852228 1 11 1.000000
  11 -20.324593 35.389599 3.700095 -0.510289 0.052624 -0.858391 0.308778 0.847378 1 11 1.000000
template_skin
  11 -20.324593 35.389599 3.700095 -0.510289 0.052624 -0.858391 0.308778 0.847378 1 11 1.000000
  11 -20.338568 34.647160 4.005515 -0.981124 -0.161279 0.106702 0.329498 0.852228 1 11 1.000000
  11 -20.473448 35.421082 4.090571 -0.967705 -0.060067 0.244823 0.310935 0.857474 1 11 1.000000
template_skin
  11 -20.169909 36.384674 3.704708 -0.489522 -0.163112 -0.856600 0.278365 0.847578 1 11 1.000000
  11 -20.324593 35.389599 3.700095 -0.510289 0.052624 -0.858391 0.308778 0.847378 1 11 1.000000
  11 -20.473448 35.421082 4.090571 -0.967705 -0.060067 0.244823 0.310935 0.857474 1 11 1.000000
template_skin
  11 -20.473448 35.421082 4.090571 -0.967705 -0.060067 0.244823 0.310935 0.857474 1 11 1.000000
  11 -20.447666 36.455894 4.134277 -0.994629 0.030730 0.098836 0.278622 0.860612 1 11 1.000000
  11 -20.169909 36.384674 3.704708 -0.489522 -0.163112 -0.856600 0.278365 0.847578 1 11 1.000000
template_skin
  11 -20.140314 36.282776 4.465530 -0.212201 -0.294042 0.931939 0.278109 0.876022 1 11 1.000000
  11 -20.447666 36.455894 4.134277 -0.994629 0.030730 0.098836 0.278622 0.860612 1 11 1.000000
  11 -20.473448 35.421082 4.090571 -0.967705 -0.060067 0.244823 0.310935 0.857474 1 11 1.000000
template_skin
  11 -20.473448 35.421082 4.090571 -0.967705 -0.060067 0.244823 0.310935 0.857474 1 11 1.000000
  11 -20.144903 35.372578 4.400707 0.056696 -0.107626 0.992573 0.312118 0.871151 1 11 1.000000
  11 -20.140314 36.282776 4.465530 -0.212201 -0.294042 0.931939 0.278109 0.876022 1 11 1.000000
template_skin
  11 -20.473448 35.421082 4.090571 -0.967705 -0.060067 0.244823 0.310935 0.857474 1 11 1.000000
  11 -20.120260 34.643856 4.315284 -0.324086 -0.177410 0.929244 0.332143 0.864172 1 11 1.000000
  11 -20.144903 35.372578 4.400707 0.056696 -0.107626 0.992573 0.312118 0.871151 1 11 1.000000
template_skin
  11 -20.120260 34.643856 4.315284 -0.324086 -0.177410 0.929244 0.332143 0.864172 1 11 1.000000
  11 -20.473448 35.421082 4.090571 -0.967705 -0.060067 0.244823 0.310935 0.857474 1 11 1.000000
  11 -20.338568 34.647160 4.005515 -0.981124 -0.161279 0.106702 0.329498 0.852228 1 11 1.000000
template_skin
  11 -19.982189 33.701725 4.162400 -0.465453 -0.666065 0.582847 0.357114 0.851951 1 11 1.000000
  11 -20.120260 34.643856 4.315284 -0.324086 -0.177410 0.929244 0.332143 0.864172 1 11 1.000000
  11 -20.338568 34.647160 4.005515 -0.981124 -0.161279 0.106702 0.329498 0.852228 1 11 1.000000
template_skin
  11 -20.056643 33.736179 3.611572 -0.403033 -0.661981 -0.631938 0.352636 0.838543 1 11 1.000000
  11 -19.982189 33.701725 4.162400 -0.465453 -0.666065 0.582847 0.357114 0.851951 1 11 1.000000
  11 -20.338568 34.647160 4.005515 -0.981124 -0.161279 0.106702 0.329498 0.852228 1 11 1.000000
template_skin
  11 -20.056643 33.736179 3.611572 -0.403033 -0.661981 -0.631938 0.352636 0.838543 1 11 1.000000
  11 -19.754923 33.728359 3.941983 0.718403 -0.637287 0.278860 0.363539 0.847341 1 11 1.000000
  11 -19.982189 33.701725 4.162400 -0.465453 -0.666065 0.582847 0.357114 0.851951 1 11 1.000000
template_skin
  11 -19.754923 33.728359 3.941983 0.718403 -0.637287 0.278860 0.363539 0.847341 1 11 1.000000
  11 -20.056643 33.736179 3.611572 -0.403033 -0.661981 -0.631938 0.352636 0.838543 1 11 1.000000
  11 -19.780165 33.759701 3.684145 0.645161 -0.460661 -0.609556 0.361889 0.838604 1 11 1.000000
template_skin
  11 -20.120260 34.643856 4.315284 -0.324086 -0.177410 0.929244 0.327967 0.809565 1 11 1.000000
  11 -19.982189 33.701725 4.162400 -0.465453 -0.666065 0.582847 0.350230 0.813540 1 11 1.000000
  11 -19.711332 34.620068 4.069230 0.868541 0.030664 0.494667 0.327418 0.821554 1 11 1.000000
template_skin
  11 -19.711332 34.620068 4.069230 0.868541 0.030664 0.494667 0.327418 0.821554 1 11 1.000000
  11 -19.982189 33.701725 4.162400 -0.465453 -0.666065 0.582847 0.350230 0.813540 1 11 1.000000
  11 -19.754923 33.728359 3.941983 0.718403 -0.637287 0.278860 0.349044 0.823281 1 11 1.000000
template_skin
  11 -19.754923 33.728359 3.941983 0.718403 -0.637287 0.278860 0.349044 0.823281 1 11 1.000000
  11 -19.780165 33.759701 3.684145 0.645161 -0.460661 -0.609556 0.349243 0.830772 1 11 1.000000
  11 -19.711332 34.620068 4.069230 0.868541 0.030664 0.494667 0.327418 0.821554 1 11 1.000000
template_skin
  21 20.169909 36.384674 3.704708 0.474278 -0.133743 -0.870157 0.066944 0.343307 1 21 1.000000
  21 19.722656 36.430195 3.761825 -0.594557 -0.413998 -0.689280 0.057508 0.363054 1 21 1.000000
  21 19.353481 36.732990 3.562550 -0.470605 -0.688863 -0.551361 0.086357 0.356343 1 21 1.000000
template_skin
  21 19.495333 36.491211 4.567845 -0.538898 -0.814702 -0.214126 0.071625 0.395270 1 21 1.000000
  21 19.353481 36.732990 3.562550 -0.470605 -0.688863 -0.551361 0.086357 0.356343 1 21 1.000000
  21 19.722656 36.430195 3.761825 -0.594557 -0.413998 -0.689280 0.057508 0.363054 1 21 1.000000
template_skin
  21 19.722656 36.430195 3.761825 -0.594557 -0.413998 -0.689280 0.057508 0.363054 1 21 1.000000
  21 19.631090 36.387764 4.218938 -0.866613 -0.390153 0.311066 0.057735 0.376675 1 21 1.000000
  21 19.495333 36.491211 4.567845 -0.538898 -0.814702 -0.214126 0.071625 0.395270 1 21 1.000000
template_skin
  21 19.495333 36.491211 4.567845 -0.538898 -0.814702 -0.214126 0.071625 0.395270 1 21 1.000000
  21 19.631090 36.387764 4.218938 -0.866613 -0.390153 0.311066 0.057735 0.376675 1 21 1.000000
  21 20.140314 36.282776 4.465530 0.332040 -0.288116 0.898186 0.045226 0.386921 1 21 1.000000
template_skin
  21 19.495333 36.491211 4.567845 -0.538898 -0.814702 -0.214126 0.071625 0.395270 1 21 1.000000
  21 20.140314 36.282776 4.465530 0.332040 -0.288116 0.898186 0.045226 0.386921 1 21 1.000000
  21 20.050257 36.663609 4.582073 0.965425 -0.186890 0.181730 0.040572 0.400303 1 21 1.000000
template_skin
  21 20.050257 36.663609 4.582073 0.965425 -0.186890 0.181730 0.040572 0.400303 1 21 1.000000
  21 20.177675 36.370026 4.727488 0.638168 -0.095080 -0.764003 0.053440 0.405272 1 21 1.000000
  21 19.495333 36.491211 4.567845 -0.538898 -0.814702 -0.214126 0.071625 0.395270 1 21 1.000000
template_skin
  21 19.572744 36.315567 4.708412 -0.501729 -0.472817 -0.724370 0.068581 0.402744 1 21 1.000000
  21 19.495333 36.491211 4.567845 -0.538898 -0.814702 -0.214126 0.071625 0.395270 1 21 1.000000
  21 20.177675 36.370026 4.727488 0.638168 -0.095080 -0.764003 0.053440 0.405272 1 21 1.000000
template_body
  7 -2.065335 60.523258 -1.520137 -0.507722 0.858313 0.074275 0.413834 0.972094 1 7 1.000000
  7 -2.295846 60.559628 -1.575181 0.050125 0.916905 0.395945 0.410400 0.971694 1 7 1.000000
  7 -2.140359 59.872253 -0.382531 -0.838338 0.340812 0.425484 0.422454 0.951001 1 7 1.000000
template_body
  19 8.932592 50.693180 -2.386930 0.770289 -0.409865 0.488533 0.045704 0.922929 1 19 1.000000
  19 8.592182 50.426537 -0.573819 0.836592 -0.497830 -0.228647 0.033519 0.961921 1 19 1.000000
  19 8.074911 49.662449 -0.489365 0.885179 -0.464878 0.018621 0.056284 0.977358 1 19 1.000000
template_body
  19 8.074911 49.662449 -0.489365 0.885179 -0.464878 0.018621 0.056284 0.977358 1 19 1.000000
  19 8.984994 49.982414 -3.062054 0.762353 -0.415263 0.496362 0.061228 0.921104 1 19 1.000000
  19 8.932592 50.693180 -2.386930 0.770289 -0.409865 0.488533 0.045704 0.922929 1 19 1.000000
template_body
  19 8.932592 50.693180 -2.386930 0.770289 -0.409865 0.488533 0.045704 0.922929 1 19 1.000000
  19 8.984994 49.982414 -3.062054 0.762353 -0.415263 0.496362 0.061228 0.921104 1 19 1.000000
  19 10.642998 50.783543 -3.543162 0.207264 -0.522904 0.826809 0.057855 0.883734 1 19 1.000000
template_body
  19 10.642998 50.783543 -3.543162 0.207264 -0.522904 0.826809 0.057855 0.883734 1 19 1.000000
  19 10.502714 51.418518 -3.207707 -0.107056 -0.571100 0.813870 0.044211 0.879911 1 19 1.000000
  19 8.932592 50.693180 -2.386930 0.770289 -0.409865 0.488533 0.045704 0.922929 1 19 1.000000
template_body
  19 10.502714 51.418518 -3.207707 -0.107056 -0.571100 0.813870 0.044211 0.879911 1 19 1.000000
  19 10.642998 50.783543 -3.543162 0.207264 -0.522904 0.826809 0.057855 0.883734 1 19 1.000000
  19 11.940655 51.664242 -2.104135 -0.490979 -0.688934 0.533208 0.053179 0.840469 1 19 1.000000
template_body
  19 11.940655 51.664242 -2.104135 -0.490979 -0.688934 0.533208 0.053179 0.840469 1 19 1.000000
  19 11.661779 51.901417 -1.989165 -0.411398 -0.856429 0.311900 0.041787 0.840459 1 19 1.000000
  19 10.502714 51.418518 -3.207707 -0.107056 -0.571100 0.813870 0.044211 0.879911 1 19 1.000000
template_body
  19 11.661779 51.901417 -1.989165 -0.411398 -0.856429 0.311900 0.041787 0.840459 1 19 1.000000
  19 11.940655 51.664242 -2.104135 -0.490979 -0.688934 0.533208 0.053179 0.840469 1 19 1.000000
  19 12.157487 51.926170 -0.375798 -0.324048 -0.932748 -0.158029 0.053310 0.805806 1 19 1.000000
template_body
  19 12.157487 51.926170 -0.375798 -0.324048 -0.932748 -0.158029 0.053310 0.805806 1 19 1.000000
  19 11.546856 52.071629 -0.466928 -0.206050 -0.965344 -0.160172 0.039681 0.805609 1 19 1.000000
  19 11.661779 51.901417 -1.989165 -0.411398 -0.856429 0.311900 0.041787 0.840459 1 19 1.000000
template_body
  19 11.058308 51.711239 0.537541 -0.001182 -0.868102 -0.496384 0.046915 0.776823 1 19 1.000000
  19 11.546856 52.071629 -0.466928 -0.206050 -0.965344 -0.160172 0.039681 0.805609 1 19 1.000000
  19 12.157487 51.926170 -0.375798 -0.324048 -0.932748 -0.158029 0.053310 0.805806 1 19 1.000000
template_body
  19 12.157487 51.926170 -0.375798 -0.324048 -0.932748 -0.158029 0.053310 0.805806 1 19 1.000000
  19 11.141882 51.484570 0.901244 0.186150 -0.813459 -0.551029 0.055106 0.772443 1 19 1.000000
  19 11.058308 51.711239 0.537541 -0.001182 -0.868102 -0.496384 0.046915 0.776823 1 19 1.000000
template_body
  19 9.467415 50.797142 0.666822 0.518318 -0.691399 -0.503302 0.044964 0.736096 1 19 1.000000
  19 11.058308 51.711239 0.537541 -0.001182 -0.868102 -0.496384 0.046915 0.776823 1 19 1.000000
  19 11.141882 51.484570 0.901244 0.186150 -0.813459 -0.551029 0.055106 0.772443 1 19 1.000000
template_body
  19 11.141882 51.484570 0.901244 0.186150 -0.813459 -0.551029 0.055106 0.772443 1 19 1.000000
  19 9.372380 50.524830 1.112020 0.625546 -0.699962 -0.344595 0.058704 0.732288 1 19 1.000000
  19 9.467415 50.797142 0.666822 0.518318 -0.691399 -0.503302 0.044964 0.736096 1 19 1.000000
template_body
  19 8.592182 50.426537 -0.573819 0.836592 -0.497830 -0.228647 0.030561 0.707457 1 19 1.000000
  19 9.467415 50.797142 0.666822 0.518318 -0.691399 -0.503302 0.044964 0.736096 1 19 1.000000
  19 9.372380 50.524830 1.112020 0.625546 -0.699962 -0.344595 0.058704 0.732288 1 19 1.000000
template_body
  19 9.372380 50.524830 1.112020 0.625546 -0.699962 -0.344595 0.058704 0.732288 1 19 1.000000
  19 8.074911 49.662449 -0.489365 0.885179 -0.464878 0.018621 0.055199 0.687893 1 19 1.000000
  19 8.592182 50.426537 -0.573819 0.836592 -0.497830 -0.228647 0.030561 0.707457 1 19 1.000000
template_body
  9 -8.984990 49.982410 -3.062060 -0.567672 -0.754386 0.329621 0.054257 0.598667 1 9 1.000000
  9 -8.074911 49.662445 -0.489365 0.117569 -0.990516 0.071106 0.049313 0.654921 1 9 1.000000
  9 -8.188399 49.650887 -0.487901 -0.639683 -0.761850 0.101937 0.041115 0.650778 1 9 1.000000
template_body
  9 -8.932589 50.693172 -2.386931 -0.770289 -0.409865 0.488533 0.038733 0.600492 1 9 1.000000
  9 -8.984990 49.982410 -3.062060 -0.567672 -0.754386 0.329621 0.054257 0.598667 1 9 1.000000
  9 -8.188399 49.650887 -0.487901 -0.639683 -0.761850 0.101937 0.041115 0.650778 1 9 1.000000
template_body
  9 -10.642994 50.783535 -3.543163 -0.207264 -0.522904 0.826809 0.050884 0.561297 1 9 1.000000
  9 -8.984990 49.982410 -3.062060 -0.567672 -0.754386 0.329621 0.054257 0.598667 1 9 1.000000
  9 -8.932589 50.693172 -2.386931 -0.770289 -0.409865 0.488533 0.038733 0.600492 1 9 1.000000
template_body
  9 -8.932589 50.693172 -2.386931 -0.770289 -0.409865 0.488533 0.038733 0.600492 1 9 1.000000
  9 -10.502710 51.418510 -3.207708 0.107056 -0.571100 0.813870 0.037240 0.557474 1 9 1.000000
  9 -10.642994 50.783535 -3.543163 -0.207264 -0.522904 0.826809 0.050884 0.561297 1 9 1.000000
template_body
  9 -11.940651 51.664234 -2.104135 0.490979 -0.688933 0.533208 0.046209 0.518032 1 9 1.000000
  9 -10.642994 50.783535 -3.543163 -0.207264 -0.522904 0.826809 0.050884 0.561297 1 9 1.000000
  9 -10.502710 51.418510 -3.207708 0.107056 -0.571100 0.813870 0.037240 0.557474 1 9 1.000000
template_body
  9 -10.502710 51.418510 -3.207708 0.107056 -0.571100 0.813870 0.037240 0.557474 1 9 1.000000
  9 -11.661776 51.901409 -1.989165 0.411398 -0.856429 0.311900 0.034816 0.518022 1 9 1.000000
  9 -11.940651 51.664234 -2.104135 0.490979 -0.688933 0.533208 0.046209 0.518032 1 9 1.000000
template_body
  9 -12.157483 51.926163 -0.375798 0.324048 -0.932748 -0.158029 0.046339 0.483370 1 9 1.000000
  9 -11.940651 51.664234 -2.104135 0.490979 -0.688933 0.533208 0.046209 0.518032 1 9 1.000000
  9 -11.661776 51.901409 -1.989165 0.411398 -0.856429 0.311900 0.034816 0.518022 1 9 1.000000
template_body
  9 -11.661776 51.901409 -1.989165 0.411398 -0.856429 0.311900 0.034816 0.518022 1 9 1.000000
  9 -11.546852 52.071621 -0.466929 0.206050 -0.965344 -0.160172 0.032710 0.483173 1 9 1.000000
  9 -12.157483 51.926163 -0.375798 0.324048 -0.932748 -0.158029 0.046339 0.483370 1 9 1.000000
template_body
  9 -12.157483 51.926163 -0.375798 0.324048 -0.932748 -0.158029 0.046339 0.483370 1 9 1.000000
  9 -11.546852 52.071621 -0.466929 0.206050 -0.965344 -0.160172 0.032710 0.483173 1 9 1.000000
  9 -11.058304 51.711231 0.537540 0.001182 -0.868102 -0.496384 0.039944 0.454386 1 9 1.000000
template_body
  9 -11.058304 51.711231 0.537540 0.001182 -0.868102 -0.496384 0.039944 0.454386 1 9 1.000000
  9 -11.141878 51.484562 0.901244 -0.186150 -0.813459 -0.551029 0.048135 0.450006 1 9 1.000000
  9 -12.157483 51.926163 -0.375798 0.324048 -0.932748 -0.158029 0.046339 0.483370 1 9 1.000000
template_body
  9 -11.141878 51.484562 0.901244 -0.186150 -0.813459 -0.551029 0.048135 0.450006 1 9 1.000000
  9 -11.058304 51.711231 0.537540 0.001182 -0.868102 -0.496384 0.039944 0.454386 1 9 1.000000
  9 -9.467411 50.797134 0.666822 -0.518318 -0.691399 -0.503302 0.037993 0.413659 1 9 1.000000
template_body
  9 -9.467411 50.797134 0.666822 -0.518318 -0.691399 -0.503302 0.037993 0.413659 1 9 1.000000
  9 -9.372380 50.524830 1.112020 -0.531968 -0.833099 -0.151513 0.051733 0.409851 1 9 1.000000
  9 -11.141878 51.484562 0.901244 -0.186150 -0.813459 -0.551029 0.048135 0.450006 1 9 1.000000
template_body
  9 -9.372380 50.524830 1.112020 -0.531968 -0.833099 -0.151513 0.051733 0.409851 1 9 1.000000
  9 -9.467411 50.797134 0.666822 -0.518318 -0.691399 -0.503302 0.037993 0.413659 1 9 1.000000
  9 -8.592178 50.426529 -0.573820 -0.836592 -0.497830 -0.228647 0.023590 0.385020 1 9 1.000000
template_body
  9 -8.592178 50.426529 -0.573820 -0.836592 -0.497830 -0.228647 0.023590 0.385020 1 9 1.000000
  9 -8.188399 49.650887 -0.487901 -0.639683 -0.761850 0.101937 0.040439 0.368862 1 9 1.000000
  9 -9.372380 50.524830 1.112020 -0.531968 -0.833099 -0.151513 0.051733 0.409851 1 9 1.000000
template_body
  9 -8.188399 49.650887 -0.487901 -0.639683 -0.761850 0.101937 0.040439 0.368862 1 9 1.000000
  9 -8.074911 49.662445 -0.489365 0.117569 -0.990516 0.071106 0.048228 0.365456 1 9 1.000000
  9 -9.372380 50.524830 1.112020 -0.531968 -0.833099 -0.151513 0.051733 0.409851 1 9 1.000000
template_body
  9 -8.188399 49.650887 -0.487901 -0.639683 -0.761850 0.101937 0.041115 0.650778 1 9 1.000000
  9 -8.592178 50.426529 -0.573820 -0.836592 -0.497830 -0.228647 0.026548 0.639484 1 9 1.000000
  9 -8.932589 50.693172 -2.386931 -0.770289 -0.409865 0.488533 0.038733 0.600492 1 9 1.000000
template_body
  8 -9.186655 54.674824 0.477195 -0.560107 0.328436 0.760532 0.130532 0.453100 2 8 0.100092 9 0.899908
  8 -8.104126 57.614845 -0.477954 -0.688282 0.710726 0.145383 0.193377 0.477920 2 8 0.500000 9 0.500000
  8 -9.762289 54.980366 -0.771919 -0.820118 0.548672 0.162377 0.130082 0.484034 2 8 0.100012 9 0.899988
template_body
  8 -8.104126 57.614845 -0.477954 -0.688282 0.710726 0.145383 0.193377 0.477920 2 8 0.500000 9 0.500000
  8 -9.186655 54.674824 0.477195 -0.560107 0.328436 0.760532 0.130532 0.453100 2 8 0.100092 9 0.899908
  8 -7.736212 57.119064 0.649941 -0.553598 0.506576 0.660992 0.189836 0.453995 2 8 0.800059 9 0.199941
template_body
  8 -6.917893 58.388416 -0.427807 -0.374500 0.894553 0.243977 0.221878 0.473489 1 8 1.000000
  8 -8.104126 57.614845 -0.477954 -0.688282 0.710726 0.145383 0.193377 0.477920 2 8 0.500000 9 0.500000
  8 -7.736212 57.119064 0.649941 -0.553598 0.506576 0.660992 0.189836 0.453995 2 8 0.800059 9 0.199941
template_body
  8 -7.736212 57.119064 0.649941 -0.553598 0.506576 0.660992 0.189836 0.453995 2 8 0.800059 9 0.199941
  8 -6.679561 57.856514 0.689781 -0.260522 0.707542 0.656896 0.215739 0.447678 1 8 1.000000
  8 -6.917893 58.388416 -0.427807 -0.374500 0.894553 0.243977 0.221878 0.473489 1 8 1.000000
template_body
  8 -6.255074 56.936558 1.319190 -0.310408 0.419683 0.852944 0.205511 0.425711 1 8 1.000000
  8 -6.679561 57.856514 0.689781 -0.260522 0.707542 0.656896 0.215739 0.447678 1 8 1.000000
  8 -7.736212 57.119064 0.649941 -0.553598 0.506576 0.660992 0.189836 0.453995 2 8 0.800059 9 0.199941
template_body
  8 -5.988307 55.534973 1.741950 -0.531320 0.214643 0.819529 0.184628 0.404913 1 8 1.000000
  8 -6.255074 56.936558 1.319190 -0.310408 0.419683 0.852944 0.205511 0.425711 1 8 1.000000
  8 -7.736212 57.119064 0.649941 -0.553598 0.506576 0.660992 0.189836 0.453995 2 8 0.800059 9 0.199941
template_body
  8 -5.988307 55.534973 1.741950 -0.531320 0.214643 0.819529 0.184628 0.404913 1 8 1.000000
  8 -7.736212 57.119064 0.649941 -0.553598 0.506576 0.660992 0.189836 0.453995 2 8 0.800059 9 0.199941
  8 -9.186655 54.674824 0.477195 -0.560107 0.328436 0.760532 0.130532 0.453100 2 8 0.100092 9 0.899908
template_body
  8 -9.186655 54.674824 0.477195 -0.560107 0.328436 0.760532 0.130532 0.453100 2 8 0.100092 9 0.899908
  8 -6.541252 54.217514 1.550937 -0.576336 -0.154522 0.802471 0.156482 0.400522 2 8 0.651039 6 0.348961
  8 -5.988307 55.534973 1.741950 -0.531320 0.214643 0.819529 0.184628 0.404913 1 8 1.000000
template_body
  8 -6.541252 54.217514 1.550937 -0.576336 -0.154522 0.802471 0.156482 0.400522 2 8 0.651039 6 0.348961
  8 -9.186655 54.674824 0.477195 -0.560107 0.328436 0.760532 0.130532 0.453100 2 8 0.100092 9 0.899908
  8 -7.973357 53.683605 0.919187 -0.203202 -0.014752 0.979026 0.126969 0.417595 2 8 0.100145 9 0.899856
template_body
  8 -7.973357 53.683605 0.919187 -0.203202 -0.014752 0.979026 0.126969 0.417595 2 8 0.100145 9 0.899856
  6 -6.781313 53.139530 0.871891 -0.073713 -0.441721 0.894119 0.133674 0.388660 2 6 0.300000 9 0.700000
  8 -6.541252 54.217514 1.550937 -0.576336 -0.154522 0.802471 0.156482 0.400522 2 8 0.651039 6 0.348961
template_body
  6 -6.781313 53.139530 0.871891 -0.073713 -0.441721 0.894119 0.133674 0.388660 2 6 0.300000 9 0.700000
  8 -7.973357 53.683605 0.919187 -0.203202 -0.014752 0.979026 0.126969 0.417595 2 8 0.100145 9 0.899856
  9 -8.488736 52.527977 1.082261 0.121450 -0.044459 0.991601 0.100368 0.414004 1 9 1.000000
template_body
  9 -8.488736 52.527977 1.082261 0.121450 -0.044459 0.991601 0.100368 0.414004 1 9 1.000000
  9 -7.338138 51.387440 -0.237578 0.751396 -0.569328 0.333572 0.093098 0.370166 1 9 1.000000
  6 -6.781313 53.139530 0.871891 -0.073713 -0.441721 0.894119 0.133674 0.388660 2 6 0.300000 9 0.700000
template_body
  9 -7.338138 51.387440 -0.237578 0.751396 -0.569328 0.333572 0.093098 0.370166 1 9 1.000000
  9 -7.114869 51.549141 -0.414488 0.012895 -0.935180 0.353937 0.100407 0.361863 2 9 0.700000 6 0.300000
  6 -6.781313 53.139530 0.871891 -0.073713 -0.441721 0.894119 0.133674 0.388660 2 6 0.300000 9 0.700000
template_body
  6 -6.781313 53.139530 0.871891 -0.073713 -0.441721 0.894119 0.133674 0.388660 2 6 0.300000 9 0.700000
  9 -7.114869 51.549141 -0.414488 0.012895 -0.935180 0.353937 0.100407 0.361863 2 9 0.700000 6 0.300000
  6 -6.406713 52.920185 1.114645 -0.826958 -0.245803 0.505689 0.140069 0.381724 1 6 1.000000
template_body
  6 -6.406713 52.920185 1.114645 -0.826958 -0.245803 0.505689 0.140069 0.381724 1 6 1.000000
  9 -7.114869 51.549141 -0.414488 0.012895 -0.935180 0.353937 0.100407 0.361863 2 9 0.700000 6 0.300000
  6 -6.973910 51.337574 -0.445974 -0.809204 -0.583903 0.065161 0.105120 0.352143 2 6 0.800000 9 0.200000
template_body
  8 -9.186655 54.674824 0.477195 -0.560107 0.328436 0.760532 0.130532 0.453100 2 8 0.100092 9 0.899908
  9 -8.488736 52.527977 1.082261 0.121450 -0.044459 0.991601 0.100368 0.414004 1 9 1.000000
  8 -7.973357 53.683605 0.919187 -0.203202 -0.014752 0.979026 0.126969 0.417595 2 8 0.100145 9 0.899856
template_body
  6 -6.781313 53.139530 0.871891 -0.073713 -0.441721 0.894119 0.133674 0.388660 2 6 0.300000 9 0.700000
  6 -6.406713 52.920185 1.114645 -0.826958 -0.245803 0.505689 0.140069 0.381724 1 6 1.000000
  8 -6.541252 54.217514 1.550937 -0.576336 -0.154522 0.802471 0.156482 0.400522 2 8 0.651039 6 0.348961
template_body
  8 -8.104126 57.614845 -0.477954 -0.688282 0.710726 0.145383 0.193377 0.477920 2 8 0.500000 9 0.500000
  8 -6.917893 58.388416 -0.427807 -0.374500 0.894553 0.243977 0.221878 0.473489 1 8 1.000000
  8 -6.916344 58.326290 -2.374134 -0.466910 0.853278 -0.232188 0.223128 0.514399 1 8 1.000000
template_body
  9 -9.372380 50.524830 1.112020 0.471646 -0.251277 0.845228 0.051733 0.409851 1 9 1.000000
  9 -8.074911 49.662449 -0.489365 0.886980 -0.460290 0.037402 0.048228 0.365456 1 9 1.000000
  9 -7.741964 50.378887 -0.407509 0.873597 -0.419769 0.246217 0.068137 0.367510 1 9 1.000000
template_body
  9 -9.372380 50.524830 1.112020 0.471646 -0.251277 0.845228 0.051733 0.409851 1 9 1.000000
  9 -7.741964 50.378887 -0.407509 0.873597 -0.419769 0.246217 0.068137 0.367510 1 9 1.000000
  9 -7.338138 51.387440 -0.237578 0.751396 -0.569328 0.333572 0.093098 0.370166 1 9 1.000000
template_body
  9 -7.338138 51.387440 -0.237578 0.751396 -0.569328 0.333572 0.093098 0.370166 1 9 1.000000
  9 -8.488736 52.527977 1.082261 0.121450 -0.044459 0.991601 0.100368 0.414004 1 9 1.000000
  9 -9.372380 50.524830 1.112020 0.471646 -0.251277 0.845228 0.051733 0.409851 1 9 1.000000
template_body
  9 -11.141878 51.484566 0.901243 -0.300708 0.259473 0.917741 0.048135 0.450006 1 9 1.000000
  9 -9.372380 50.524830 1.112020 0.471646 -0.251277 0.845228 0.051733 0.409851 1 9 1.000000
  9 -8.488736 52.527977 1.082261 0.121450 -0.044459 0.991601 0.100368 0.414004 1 9 1.000000
template_body
  9 -8.488736 52.527977 1.082261 0.121450 -0.044459 0.991601 0.100368 0.414004 1 9 1.000000
  8 -9.186655 54.674824 0.477195 -0.560107 0.328436 0.760532 0.130532 0.453100 2 8 0.100092 9 0.899908
  9 -11.141878 51.484566 0.901243 -0.300708 0.259473 0.917741 0.048135 0.450006 1 9 1.000000
template_body
  9 -12.157483 51.926167 -0.375797 -0.738621 0.618821 0.267394 0.046339 0.483370 1 9 1.000000
  9 -11.141878 51.484566 0.901243 -0.300708 0.259473 0.917741 0.048135 0.450006 1 9 1.000000
  8 -9.186655 54.674824 0.477195 -0.560107 0.328436 0.760532 0.130532 0.453100 2 8 0.100092 9 0.899908
template_body
  8 -9.186655 54.674824 0.477195 -0.560107 0.328436 0.760532 0.130532 0.453100 2 8 0.100092 9 0.899908
  8 -9.762289 54.980366 -0.771919 -0.820118 0.548672 0.162377 0.130082 0.484034 2 8 0.100012 9 0.899988
  9 -12.157483 51.926167 -0.375797 -0.738621 0.618821 0.267394 0.046339 0.483370 1 9 1.000000
template_body
  9 -11.940651 51.664238 -2.104130 -0.771953 0.461683 -0.436965 0.046209 0.518032 1 9 1.000000
  9 -12.157483 51.926167 -0.375797 -0.738621 0.618821 0.267394 0.046339 0.483370 1 9 1.000000
  8 -9.762289 54.980366 -0.771919 -0.820118 0.548672 0.162377 0.130082 0.484034 2 8 0.100012 9 0.899988
template_body
  8 -9.762289 54.980366 -0.771919 -0.820118 0.548672 0.162377 0.130082 0.484034 2 8 0.100012 9 0.899988
  8 -8.873140 56.216137 -2.540775 -0.805778 0.479953 -0.346940 0.162884 0.520020 2 8 0.500054 9 0.499946
  9 -11.940651 51.664238 -2.104130 -0.771953 0.461683 -0.436965 0.046209 0.518032 1 9 1.000000
template_body
  8 -9.762289 54.980366 -0.771919 -0.820118 0.548672 0.162377 0.130082 0.484034 2 8 0.100012 9 0.899988
  8 -8.104126 57.614845 -0.477954 -0.688282 0.710726 0.145383 0.193377 0.477920 2 8 0.500000 9 0.500000
  8 -8.873140 56.216137 -2.540775 -0.805778 0.479953 -0.346940 0.162884 0.520020 2 8 0.500054 9 0.499946
template_body
  8 -7.832782 57.576607 -2.516359 -0.717682 0.632802 -0.290679 0.198127 0.517888 2 8 0.800044 9 0.199956
  8 -8.873140 56.216137 -2.540775 -0.805778 0.479953 -0.346940 0.162884 0.520020 2 8 0.500054 9 0.499946
  8 -8.104126 57.614845 -0.477954 -0.688282 0.710726 0.145383 0.193377 0.477920 2 8 0.500000 9 0.500000
template_body
  8 -6.916344 58.326290 -2.374134 -0.466910 0.853278 -0.232188 0.223128 0.514399 1 8 1.000000
  8 -7.832782 57.576607 -2.516359 -0.717682 0.632802 -0.290679 0.198127 0.517888 2 8 0.800044 9 0.199956
  8 -8.104126 57.614845 -0.477954 -0.688282 0.710726 0.145383 0.193377 0.477920 2 8 0.500000 9 0.500000
template_body
  8 -7.360784 57.328667 -3.547989 -0.484000 0.535658 -0.691964 0.201350 0.539588 2 8 0.800077 9 0.199923
  8 -7.832782 57.576607 -2.516359 -0.717682 0.632802 -0.290679 0.198127 0.517888 2 8 0.800044 9 0.199956
  8 -6.916344 58.326290 -2.374134 -0.466910 0.853278 -0.232188 0.223128 0.514399 1 8 1.000000
template_body
  8 -6.916344 58.326290 -2.374134 -0.466910 0.853278 -0.232188 0.223128 0.514399 1 8 1.000000
  8 -6.497669 57.993740 -3.489112 -0.230173 0.675154 -0.700848 0.223879 0.540096 1 8 1.000000
  8 -7.360784 57.328667 -3.547989 -0.484000 0.535658 -0.691964 0.201350 0.539588 2 8 0.800077 9 0.199923
template_body
  8 -6.363109 55.880859 -4.158293 -0.196381 0.103888 -0.975008 0.195135 0.576479 1 8 1.000000
  8 -7.360784 57.328667 -3.547989 -0.484000 0.535658 -0.691964 0.201350 0.539588 2 8 0.800077 9 0.199923
  8 -6.497669 57.993740 -3.489112 -0.230173 0.675154 -0.700848 0.223879 0.540096 1 8 1.000000
template_body
  8 -6.363109 55.880859 -4.158293 -0.196381 0.103888 -0.975008 0.195135 0.576479 1 8 1.000000
  8 -8.211421 55.946545 -3.642188 -0.527272 0.247368 -0.812892 0.169103 0.546232 2 8 0.500147 9 0.499853
  8 -7.360784 57.328667 -3.547989 -0.484000 0.535658 -0.691964 0.201350 0.539588 2 8 0.800077 9 0.199923
template_body
  8 -8.211421 55.946545 -3.642188 -0.527272 0.247368 -0.812892 0.169103 0.546232 2 8 0.500147 9 0.499853
  8 -6.363109 55.880859 -4.158293 -0.196381 0.103888 -0.975008 0.195135 0.576479 1 8 1.000000
  8 -7.037981 53.991844 -3.780194 0.003751 -0.331821 -0.943335 0.155353 0.592102 2 8 0.800072 9 0.199928
template_body
  8 -8.211421 55.946545 -3.642188 -0.527272 0.247368 -0.812892 0.169103 0.546232 2 8 0.500147 9 0.499853
  8 -7.037981 53.991844 -3.780194 0.003751 -0.331821 -0.943335 0.155353 0.592102 2 8 0.800072 9 0.199928
  8 -7.582307 52.881569 -3.474435 0.212246 -0.386476 -0.897545 0.126878 0.594765 2 8 0.500078 9 0.499922
template_body
  8 -7.582307 52.881569 -3.474435 0.212246 -0.386476 -0.897545 0.126878 0.594765 2 8 0.500078 9 0.499922
  8 -7.037981 53.991844 -3.780194 0.003751 -0.331821 -0.943335 0.155353 0.592102 2 8 0.800072 9 0.199928
  6 -6.973910 51.337574 -0.445974 -0.809204 -0.583903 0.065161 0.097538 0.658012 2 6 0.800000 9 0.200000
template_body
  6 -6.973910 51.337574 -0.445974 -0.809204 -0.583903 0.065161 0.097538 0.658012 2 6 0.800000 9 0.200000
  9 -7.114869 51.549141 -0.414488 0.012895 -0.935180 0.353937 0.095760 0.653787 2 9 0.700000 6 0.300000
  8 -7.582307 52.881569 -3.474435 0.212246 -0.386476 -0.897545 0.126878 0.594765 2 8 0.500078 9 0.499922
template_body
  9 -10.642994 50.783539 -3.543163 -0.231630 0.081889 -0.969351 0.050884 0.561297 1 9 1.000000
  9 -11.940651 51.664238 -2.104130 -0.771953 0.461683 -0.436965 0.046209 0.518032 1 9 1.000000
  8 -8.873140 56.216137 -2.540775 -0.805778 0.479953 -0.346940 0.162884 0.520020 2 8 0.500054 9 0.499946
template_body
  6 -6.973910 51.337574 -0.445974 -0.809204 -0.583903 0.065161 0.097538 0.658012 2 6 0.800000 9 0.200000
  8 -7.037981 53.991844 -3.780194 0.003751 -0.331821 -0.943335 0.155353 0.592102 2 8 0.800072 9 0.199928
  6 -6.429940 53.830582 -3.760019 -0.543496 -0.203985 -0.814249 0.164299 0.604957 2 6 0.500039 8 0.499962
template_body
  8 -7.037981 53.991844 -3.780194 0.003751 -0.331821 -0.943335 0.155353 0.592102 2 8 0.800072 9 0.199928
  8 -6.363109 55.880859 -4.158293 -0.196381 0.103888 -0.975008 0.195135 0.576479 1 8 1.000000
  6 -6.429940 53.830582 -3.760019 -0.543496 -0.203985 -0.814249 0.164299 0.604957 2 6 0.500039 8 0.499962
template_body
  9 -7.975622 51.827671 -3.459145 0.692282 -0.458933 -0.556889 0.099497 0.598498 1 9 1.000000
  8 -7.582307 52.881569 -3.474435 0.212246 -0.386476 -0.897545 0.126878 0.594765 2 8 0.500078 9 0.499922
  9 -7.114869 51.549141 -0.414488 0.012895 -0.935180 0.353937 0.095760 0.653787 2 9 0.700000 6 0.300000
template_body
  9 -7.114869 51.549141 -0.414488 0.012895 -0.935180 0.353937 0.095760 0.653787 2 9 0.700000 6 0.300000
  9 -7.338138 51.387440 -0.237578 0.751396 -0.569328 0.333572 0.091507 0.653037 1 9 1.000000
  9 -7.975622 51.827671 -3.459145 0.692282 -0.458933 -0.556889 0.099497 0.598498 1 9 1.000000
template_body
  9 -7.338138 51.387440 -0.237578 0.751396 -0.569328 0.333572 0.091507 0.653037 1 9 1.000000
  9 -7.741964 50.378887 -0.407509 0.873597 -0.419769 0.246217 0.073775 0.656193 1 9 1.000000
  9 -7.975622 51.827671 -3.459145 0.692282 -0.458933 -0.556889 0.099497 0.598498 1 9 1.000000
template_body
  9 -7.975622 51.827671 -3.459145 0.692282 -0.458933 -0.556889 0.099497 0.598498 1 9 1.000000
  9 -7.741964 50.378887 -0.407509 0.873597 -0.419769 0.246217 0.073775 0.656193 1 9 1.000000
  9 -8.074911 49.662449 -0.489365 0.886980 -0.460290 0.037402 0.049313 0.654921 1 9 1.000000
template_body
  9 -8.074911 49.662449 -0.489365 0.886980 -0.460290 0.037402 0.049313 0.654921 1 9 1.000000
  9 -8.984990 49.982410 -3.062060 0.523969 -0.443141 -0.727381 0.054257 0.598667 1 9 1.000000
  9 -7.975622 51.827671 -3.459145 0.692282 -0.458933 -0.556889 0.099497 0.598498 1 9 1.000000
template_body
  9 -10.642994 50.783539 -3.543163 -0.231630 0.081889 -0.969351 0.050884 0.561297 1 9 1.000000
  9 -7.975622 51.827671 -3.459145 0.692282 -0.458933 -0.556889 0.099497 0.598498 1 9 1.000000
  9 -8.984990 49.982410 -3.062060 0.523969 -0.443141 -0.727381 0.054257 0.598667 1 9 1.000000
template_body
  8 -7.582307 52.881569 -3.474435 0.212246 -0.386476 -0.897545 0.126878 0.594765 2 8 0.500078 9 0.499922
  9 -7.975622 51.827671 -3.459145 0.692282 -0.458933 -0.556889 0.099497 0.598498 1 9 1.000000
  9 -10.642994 50.783539 -3.543163 -0.231630 0.081889 -0.969351 0.050884 0.561297 1 9 1.000000
template_body
  9 -10.642994 50.783539 -3.543163 -0.231630 0.081889 -0.969351 0.050884 0.561297 1 9 1.000000
  8 -8.211421 55.946545 -3.642188 -0.527272 0.247368 -0.812892 0.169103 0.546232 2 8 0.500147 9 0.499853
  8 -7.582307 52.881569 -3.474435 0.212246 -0.386476 -0.897545 0.126878 0.594765 2 8 0.500078 9 0.499922
template_body
  8 -8.873140 56.216137 -2.540775 -0.805778 0.479953 -0.346940 0.162884 0.520020 2 8 0.500054 9 0.499946
  8 -8.211421 55.946545 -3.642188 -0.527272 0.247368 -0.812892 0.169103 0.546232 2 8 0.500147 9 0.499853
  9 -10.642994 50.783539 -3.543163 -0.231630 0.081889 -0.969351 0.050884 0.561297 1 9 1.000000
template_body
  8 -8.211421 55.946545 -3.642188 -0.527272 0.247368 -0.812892 0.169103 0.546232 2 8 0.500147 9 0.499853
  8 -8.873140 56.216137 -2.540775 -0.805778 0.479953 -0.346940 0.162884 0.520020 2 8 0.500054 9 0.499946
  8 -7.832782 57.576607 -2.516359 -0.717682 0.632802 -0.290679 0.198127 0.517888 2 8 0.800044 9 0.199956
template_body
  8 -7.832782 57.576607 -2.516359 -0.717682 0.632802 -0.290679 0.198127 0.517888 2 8 0.800044 9 0.199956
  8 -7.360784 57.328667 -3.547989 -0.484000 0.535658 -0.691964 0.201350 0.539588 2 8 0.800077 9 0.199923
  8 -8.211421 55.946545 -3.642188 -0.527272 0.247368 -0.812892 0.169103 0.546232 2 8 0.500147 9 0.499853
template_body
  14 8.526352 6.153131 -2.391780 0.978639 0.097548 -0.180967 0.312432 0.405409 1 14 1.000000
  14 8.638330 8.575195 -2.547149 0.932009 0.291954 -0.214759 0.310498 0.454098 1 14 1.000000
  14 8.363311 8.488152 -1.006507 0.836058 0.330173 0.438170 0.341311 0.453135 1 14 1.000000
template_body
  14 7.840926 8.653901 -3.561147 0.539840 0.342983 -0.768723 0.285280 0.456338 1 14 1.000000
  14 8.638330 8.575195 -2.547149 0.932009 0.291954 -0.214759 0.310498 0.454098 1 14 1.000000
  14 8.526352 6.153131 -2.391780 0.978639 0.097548 -0.180967 0.312432 0.405409 1 14 1.000000
template_body
  14 8.526352 6.153131 -2.391780 0.978639 0.097548 -0.180967 0.312432 0.405409 1 14 1.000000
  14 7.819141 6.071609 -3.410249 0.652435 0.057886 -0.755631 0.284747 0.404462 1 14 1.000000
  14 7.840926 8.653901 -3.561147 0.539840 0.342983 -0.768723 0.285280 0.456338 1 14 1.000000
template_body
  14 6.741513 8.729258 -3.958677 -0.278525 0.303390 -0.911251 0.262680 0.459118 1 14 1.000000
  14 7.840926 8.653901 -3.561147 0.539840 0.342983 -0.768723 0.285280 0.456338 1 14 1.000000
  14 7.819141 6.071609 -3.410249 0.652435 0.057886 -0.755631 0.284747 0.404462 1 14 1.000000
template_body
  14 7.819141 6.071609 -3.410249 0.652435 0.057886 -0.755631 0.284747 0.404462 1 14 1.000000
  14 6.928712 5.964791 -3.761332 -0.252491 0.054029 -0.966090 0.262717 0.403672 1 14 1.000000
  14 6.741513 8.729258 -3.958677 -0.278525 0.303390 -0.911251 0.262680 0.459118 1 14 1.000000
template_body
  14 5.693529 8.300627 -1.571161 -0.909491 0.175758 0.376742 0.413681 0.459249 1 14 1.000000
  14 6.051233 5.739471 -1.675289 -0.990658 -0.066425 0.119094 0.414555 0.405480 1 14 1.000000
  14 6.722849 5.759814 -0.698734 -0.567964 0.036960 0.822223 0.389534 0.403469 1 14 1.000000
template_body
  14 6.722849 5.759814 -0.698734 -0.567964 0.036960 0.822223 0.389534 0.403469 1 14 1.000000
  14 6.558707 8.288180 -0.515196 -0.585944 0.198993 0.785539 0.386086 0.454383 1 14 1.000000
  14 5.693529 8.300627 -1.571161 -0.909491 0.175758 0.376742 0.413681 0.459249 1 14 1.000000
template_body
  14 6.558707 8.288180 -0.515196 -0.585944 0.198993 0.785539 0.386086 0.454383 1 14 1.000000
  14 6.722849 5.759814 -0.698734 -0.567964 0.036960 0.822223 0.389534 0.403469 1 14 1.000000
  14 7.498056 8.334683 -0.117406 0.286998 0.276492 0.917161 0.365882 0.452477 1 14 1.000000
template_body
  14 6.558707 8.288180 -0.515196 -0.585944 0.198993 0.785539 0.386086 0.454383 1 14 1.000000
  14 7.498056 8.334683 -0.117406 0.286998 0.276492 0.917161 0.365882 0.452477 1 14 1.000000
  14 7.441038 8.548322 -0.295530 0.054763 0.349622 0.935289 0.365864 0.458060 1 14 1.000000
template_body
  14 8.234200 8.703914 -1.106359 0.869913 0.236588 0.432756 0.340761 0.458921 1 14 1.000000
  14 7.441038 8.548322 -0.295530 0.054763 0.349622 0.935289 0.365864 0.458060 1 14 1.000000
  14 7.498056 8.334683 -0.117406 0.286998 0.276492 0.917161 0.365882 0.452477 1 14 1.000000
template_body
  14 7.498056 8.334683 -0.117406 0.286998 0.276492 0.917161 0.365882 0.452477 1 14 1.000000
  14 8.363311 8.488152 -1.006507 0.836058 0.330173 0.438170 0.341311 0.453135 1 14 1.000000
  14 8.234200 8.703914 -1.106359 0.869913 0.236588 0.432756 0.340761 0.458921 1 14 1.000000
template_body
  14 8.486401 8.791396 -2.492994 0.901890 0.298293 -0.312434 0.310801 0.459719 1 14 1.000000
  14 8.234200 8.703914 -1.106359 0.869913 0.236588 0.432756 0.340761 0.458921 1 14 1.000000
  14 8.363311 8.488152 -1.006507 0.836058 0.330173 0.438170 0.341311 0.453135 1 14 1.000000
template_body
  14 8.363311 8.488152 -1.006507 0.836058 0.330173 0.438170 0.341311 0.453135 1 14 1.000000
  14 8.638330 8.575195 -2.547149 0.932009 0.291954 -0.214759 0.310498 0.454098 1 14 1.000000
  14 8.486401 8.791396 -2.492994 0.901890 0.298293 -0.312434 0.310801 0.459719 1 14 1.000000
template_body
  14 7.776154 8.870152 -3.411928 0.578842 0.281902 -0.765162 0.286097 0.462189 1 14 1.000000
  14 8.486401 8.791396 -2.492994 0.901890 0.298293 -0.312434 0.310801 0.459719 1 14 1.000000
  14 8.638330 8.575195 -2.547149 0.932009 0.291954 -0.214759 0.310498 0.454098 1 14 1.000000
template_body
  14 8.638330 8.575195 -2.547149 0.932009 0.291954 -0.214759 0.310498 0.454098 1 14 1.000000
  14 7.840926 8.653901 -3.561147 0.539840 0.342983 -0.768723 0.285280 0.456338 1 14 1.000000
  14 7.776154 8.870152 -3.411928 0.578842 0.281902 -0.765162 0.286097 0.462189 1 14 1.000000
template_body
  14 6.755559 8.948960 -3.768256 -0.260079 0.276473 -0.925160 0.262457 0.464851 1 14 1.000000
  14 7.776154 8.870152 -3.411928 0.578842 0.281902 -0.765162 0.286097 0.462189 1 14 1.000000
  14 7.840926 8.653901 -3.561147 0.539840 0.342983 -0.768723 0.285280 0.456338 1 14 1.000000
template_body
  14 7.840926 8.653901 -3.561147 0.539840 0.342983 -0.768723 0.285280 0.456338 1 14 1.000000
  14 6.741513 8.729258 -3.958677 -0.278525 0.303390 -0.911251 0.262680 0.459118 1 14 1.000000
  14 6.755559 8.948960 -3.768256 -0.260079 0.276473 -0.925160 0.262457 0.464851 1 14 1.000000
template_body
  14 6.044274 8.656205 -2.938954 -0.939659 0.059580 -0.336883 0.240371 0.461859 1 14 1.000000
  14 6.755559 8.948960 -3.768256 -0.260079 0.276473 -0.925160 0.262457 0.464851 1 14 1.000000
  14 6.741513 8.729258 -3.958677 -0.278525 0.303390 -0.911251 0.262680 0.459118 1 14 1.000000
template_body
  14 6.741513 8.729258 -3.958677 -0.278525 0.303390 -0.911251 0.262680 0.459118 1 14 1.000000
  14 5.984195 8.447385 -3.045762 -0.871518 0.166554 -0.461212 0.240215 0.456408 1 14 1.000000
  14 6.044274 8.656205 -2.938954 -0.939659 0.059580 -0.336883 0.240371 0.461859 1 14 1.000000
template_body
  14 5.984195 8.447385 -3.045762 -0.871518 0.166554 -0.461212 0.240215 0.456408 1 14 1.000000
  14 6.741513 8.729258 -3.958677 -0.278525 0.303390 -0.911251 0.262680 0.459118 1 14 1.000000
  14 6.928712 5.964791 -3.761332 -0.252491 0.054029 -0.966090 0.262717 0.403672 1 14 1.000000
template_body
  14 6.928712 5.964791 -3.761332 -0.252491 0.054029 -0.966090 0.262717 0.403672 1 14 1.000000
  14 6.301672 5.804538 -2.981212 -0.945593 0.021522 -0.324638 0.238748 0.401570 1 14 1.000000
  14 5.984195 8.447385 -3.045762 -0.871518 0.166554 -0.461212 0.240215 0.456408 1 14 1.000000
template_body
  14 6.122822 4.571456 -3.270981 -0.843744 0.175000 -0.507416 0.238115 0.375774 1 14 1.000000
  14 6.301672 5.804538 -2.981212 -0.945593 0.021522 -0.324638 0.238748 0.401570 1 14 1.000000
  14 6.928712 5.964791 -3.761332 -0.252491 0.054029 -0.966090 0.262717 0.403672 1 14 1.000000
template_body
  14 6.928712 5.964791 -3.761332 -0.252491 0.054029 -0.966090 0.262717 0.403672 1 14 1.000000
  14 6.933019 4.534720 -3.920662 -0.232734 0.106996 -0.966637 0.260737 0.373886 1 14 1.000000
  14 6.122822 4.571456 -3.270981 -0.843744 0.175000 -0.507416 0.238115 0.375774 1 14 1.000000
template_body
  14 8.048788 4.581982 -3.687520 0.577460 0.194273 -0.792968 0.283307 0.373206 1 14 1.000000
  14 6.933019 4.534720 -3.920662 -0.232734 0.106996 -0.966637 0.260737 0.373886 1 14 1.000000
  14 6.928712 5.964791 -3.761332 -0.252491 0.054029 -0.966090 0.262717 0.403672 1 14 1.000000
template_body
  14 6.928712 5.964791 -3.761332 -0.252491 0.054029 -0.966090 0.262717 0.403672 1 14 1.000000
  14 7.819141 6.071609 -3.410249 0.652435 0.057886 -0.755631 0.284747 0.404462 1 14 1.000000
  14 8.048788 4.581982 -3.687520 0.577460 0.194273 -0.792968 0.283307 0.373206 1 14 1.000000
template_body
  14 8.800621 4.447842 -2.505533 0.958356 0.169470 -0.229854 0.311627 0.370720 1 14 1.000000
  14 8.048788 4.581982 -3.687520 0.577460 0.194273 -0.792968 0.283307 0.373206 1 14 1.000000
  14 7.819141 6.071609 -3.410249 0.652435 0.057886 -0.755631 0.284747 0.404462 1 14 1.000000
template_body
  14 7.819141 6.071609 -3.410249 0.652435 0.057886 -0.755631 0.284747 0.404462 1 14 1.000000
  14 8.526352 6.153131 -2.391780 0.978639 0.097548 -0.180967 0.312432 0.405409 1 14 1.000000
  14 8.800621 4.447842 -2.505533 0.958356 0.169470 -0.229854 0.311627 0.370720 1 14 1.000000
template_body
  14 8.800621 4.447842 -2.505533 0.958356 0.169470 -0.229854 0.311627 0.370720 1 14 1.000000
  14 8.526352 6.153131 -2.391780 0.978639 0.097548 -0.180967 0.312432 0.405409 1 14 1.000000
  14 8.374504 6.095131 -0.942190 0.856868 0.082818 0.508841 0.344119 0.405259 1 14 1.000000
template_body
  14 8.363311 8.488152 -1.006507 0.836058 0.330173 0.438170 0.341311 0.453135 1 14 1.000000
  14 8.374504 6.095131 -0.942190 0.856868 0.082818 0.508841 0.344119 0.405259 1 14 1.000000
  14 8.526352 6.153131 -2.391780 0.978639 0.097548 -0.180967 0.312432 0.405409 1 14 1.000000
template_body
  14 8.374504 6.095131 -0.942190 0.856868 0.082818 0.508841 0.344119 0.405259 1 14 1.000000
  14 8.363311 8.488152 -1.006507 0.836058 0.330173 0.438170 0.341311 0.453135 1 14 1.000000
  14 7.498056 8.334683 -0.117406 0.286998 0.276492 0.917161 0.365882 0.452477 1 14 1.000000
template_body
  14 8.374504 6.095131 -0.942190 0.856868 0.082818 0.508841 0.344119 0.405259 1 14 1.000000
  14 7.498056 8.334683 -0.117406 0.286998 0.276492 0.917161 0.365882 0.452477 1 14 1.000000
  14 7.700099 4.661808 -0.246730 0.165834 0.115861 0.979324 0.368679 0.377626 1 14 1.000000
template_body
  14 7.700099 4.661808 -0.246730 0.165834 0.115861 0.979324 0.368679 0.377626 1 14 1.000000
  14 7.498056 8.334683 -0.117406 0.286998 0.276492 0.917161 0.365882 0.452477 1 14 1.000000
  14 6.722849 5.759814 -0.698734 -0.567964 0.036960 0.822223 0.389534 0.403469 1 14 1.000000
template_body
  14 6.722849 5.759814 -0.698734 -0.567964 0.036960 0.822223 0.389534 0.403469 1 14 1.000000
  14 6.687871 4.524450 -0.413033 -0.683333 0.143830 0.715799 0.388890 0.376203 1 14 1.000000
  14 7.700099 4.661808 -0.246730 0.165834 0.115861 0.979324 0.368679 0.377626 1 14 1.000000
template_body
  14 5.970074 4.374176 -1.773822 -0.993656 0.087859 0.070201 0.420918 0.377079 1 14 1.000000
  14 6.687871 4.524450 -0.413033 -0.683333 0.143830 0.715799 0.388890 0.376203 1 14 1.000000
  14 6.722849 5.759814 -0.698734 -0.567964 0.036960 0.822223 0.389534 0.403469 1 14 1.000000
template_body
  14 6.722849 5.759814 -0.698734 -0.567964 0.036960 0.822223 0.389534 0.403469 1 14 1.000000
  14 6.051233 5.739471 -1.675289 -0.990658 -0.066425 0.119094 0.414555 0.405480 1 14 1.000000
  14 5.970074 4.374176 -1.773822 -0.993656 0.087859 0.070201 0.420918 0.377079 1 14 1.000000
template_body
  14 5.970074 4.374176 -1.773822 -0.993656 0.087859 0.070201 0.420918 0.377079 1 14 1.000000
  14 6.051233 5.739471 -1.675289 -0.990658 -0.066425 0.119094 0.414555 0.405480 1 14 1.000000
  14 6.301672 5.804538 -2.981212 -0.945593 0.021522 -0.324638 0.443310 0.408698 1 14 1.000000
template_body
  14 5.984195 8.447385 -3.045762 -0.871518 0.166554 -0.461212 0.444871 0.460957 1 14 1.000000
  14 6.301672 5.804538 -2.981212 -0.945593 0.021522 -0.324638 0.443310 0.408698 1 14 1.000000
  14 6.051233 5.739471 -1.675289 -0.990658 -0.066425 0.119094 0.414555 0.405480 1 14 1.000000
template_body
  14 6.051233 5.739471 -1.675289 -0.990658 -0.066425 0.119094 0.414555 0.405480 1 14 1.000000
  14 5.693529 8.300627 -1.571161 -0.909491 0.175758 0.376742 0.413681 0.459249 1 14 1.000000
  14 5.984195 8.447385 -3.045762 -0.871518 0.166554 -0.461212 0.444871 0.460957 1 14 1.000000
template_body
  14 5.984195 8.447385 -3.045762 -0.871518 0.166554 -0.461212 0.444871 0.460957 1 14 1.000000
  14 5.693529 8.300627 -1.571161 -0.909491 0.175758 0.376742 0.413681 0.459249 1 14 1.000000
  14 5.783108 8.508679 -1.604469 -0.923549 -0.002014 0.383476 0.413712 0.463983 1 14 1.000000
template_body
  14 6.596054 8.500722 -0.675486 -0.619686 0.244531 0.745784 0.386514 0.460078 1 14 1.000000
  14 5.783108 8.508679 -1.604469 -0.923549 -0.002014 0.383476 0.413712 0.463983 1 14 1.000000
  14 5.693529 8.300627 -1.571161 -0.909491 0.175758 0.376742 0.413681 0.459249 1 14 1.000000
template_body
  14 5.693529 8.300627 -1.571161 -0.909491 0.175758 0.376742 0.413681 0.459249 1 14 1.000000
  14 6.558707 8.288180 -0.515196 -0.585944 0.198993 0.785539 0.386086 0.454383 1 14 1.000000
  14 6.596054 8.500722 -0.675486 -0.619686 0.244531 0.745784 0.386514 0.460078 1 14 1.000000
template_body
  14 7.441038 8.548322 -0.295530 0.054763 0.349622 0.935289 0.365864 0.458060 1 14 1.000000
  14 6.596054 8.500722 -0.675486 -0.619686 0.244531 0.745784 0.386514 0.460078 1 14 1.000000
  14 6.558707 8.288180 -0.515196 -0.585944 0.198993 0.785539 0.386086 0.454383 1 14 1.000000
template_body
  14 5.783108 8.508679 -1.604469 -0.923549 -0.002014 0.383476 0.413712 0.463983 1 14 1.000000
  14 6.044274 8.656205 -2.938954 -0.939659 0.059580 -0.336883 0.444754 0.465653 1 14 1.000000
  14 5.984195 8.447385 -3.045762 -0.871518 0.166554 -0.461212 0.444871 0.460957 1 14 1.000000
template_body
  14 6.301672 5.804538 -2.981212 -0.945593 0.021522 -0.324638 0.443310 0.408698 1 14 1.000000
  14 6.122822 4.571456 -3.270981 -0.843744 0.175000 -0.507416 0.442974 0.377118 1 14 1.000000
  14 5.970074 4.374176 -1.773822 -0.993656 0.087859 0.070201 0.420918 0.377079 1 14 1.000000
template_body
  14 7.700099 4.661808 -0.246730 0.165834 0.115861 0.979324 0.368679 0.377626 1 14 1.000000
  14 8.625469 4.734881 -0.844367 0.862255 0.149595 0.483877 0.345920 0.376074 1 14 1.000000
  14 8.374504 6.095131 -0.942190 0.856868 0.082818 0.508841 0.344119 0.405259 1 14 1.000000
template_body
  14 8.374504 6.095131 -0.942190 0.856868 0.082818 0.508841 0.344119 0.405259 1 14 1.000000
  14 8.625469 4.734881 -0.844367 0.862255 0.149595 0.483877 0.345920 0.376074 1 14 1.000000
  14 8.800621 4.447842 -2.505533 0.958356 0.169470 -0.229854 0.311627 0.370720 1 14 1.000000
template_body
  0 8.265367 39.173237 2.087689 0.686526 -0.697915 0.203954 0.631935 0.539358 1 0 1.000000
  0 8.379115 40.042690 2.136630 0.968021 0.104544 0.228048 0.631620 0.555778 1 0 1.000000
  0 6.691833 38.517212 4.791440 0.489701 -0.788927 0.371196 0.583396 0.534733 1 0 1.000000
template_body
  0 7.853822 43.851189 1.745541 0.978285 0.106059 0.178074 0.635487 0.627316 2 0 0.500000 4 0.500000
  0 8.379115 40.042690 2.136630 0.968021 0.104544 0.228048 0.631620 0.555778 1 0 1.000000
  0 7.646502 42.051563 -1.227803 0.937802 0.150244 -0.312977 0.684246 0.595690 2 0 0.700000 4 0.300000
template_body
  0 8.379115 40.042690 2.136630 0.968021 0.104544 0.228048 0.631620 0.555778 1 0 1.000000
  0 8.058960 39.802925 -1.803392 0.902344 -0.076767 -0.424125 0.691150 0.554439 1 0 1.000000
  0 7.646502 42.051563 -1.227803 0.937802 0.150244 -0.312977 0.684246 0.595690 2 0 0.700000 4 0.300000
template_body
  0 8.058960 39.802925 -1.803392 0.902344 -0.076767 -0.424125 0.691150 0.554439 1 0 1.000000
  0 8.379115 40.042690 2.136630 0.968021 0.104544 0.228048 0.631620 0.555778 1 0 1.000000
  0 8.265367 39.173237 2.087689 0.686526 -0.697915 0.203954 0.631935 0.539358 1 0 1.000000
template_body
  0 8.265367 39.173237 2.087689 0.686526 -0.697915 0.203954 0.631935 0.539358 1 0 1.000000
  0 7.461083 38.541645 -1.682935 0.263210 -0.952585 -0.152652 0.693728 0.529618 1 0 1.000000
  0 8.058960 39.802925 -1.803392 0.902344 -0.076767 -0.424125 0.691150 0.554439 1 0 1.000000
template_body
  0 7.461083 38.541645 -1.682935 0.263210 -0.952585 -0.152652 0.693728 0.529618 1 0 1.000000
  0 8.265367 39.173237 2.087689 0.686526 -0.697915 0.203954 0.631935 0.539358 1 0 1.000000
  0 7.380045 38.818913 -1.085724 0.669932 -0.729142 -0.139796 0.684774 0.522378 1 0 1.000000
template_body
  0 8.265367 39.173237 2.087689 0.686526 -0.697915 0.203954 0.631935 0.539358 1 0 1.000000
  0 7.520510 39.023834 2.024735 0.837526 -0.544041 0.050699 0.630673 0.526109 1 0 1.000000
  0 7.380045 38.818913 -1.085724 0.669932 -0.729142 -0.139796 0.684774 0.522378 1 0 1.000000
template_body
  0 7.520510 39.023834 2.024735 0.837526 -0.544041 0.050699 0.630673 0.526109 1 0 1.000000
  0 8.265367 39.173237 2.087689 0.686526 -0.697915 0.203954 0.631935 0.539358 1 0 1.000000
  0 6.691833 38.517212 4.791440 0.489701 -0.788927 0.371196 0.583396 0.534733 1 0 1.000000
template_body
  0 6.691833 38.517212 4.791440 0.489701 -0.788927 0.371196 0.583396 0.534733 1 0 1.000000
  0 6.198876 38.464790 4.368455 0.502583 -0.711254 0.491455 0.582858 0.523241 1 0 1.000000
  0 7.520510 39.023834 2.024735 0.837526 -0.544041 0.050699 0.630673 0.526109 1 0 1.000000
template_body
  0 2.811146 38.153309 5.613418 0.290242 -0.614108 0.733915 0.522832 0.518264 1 0 1.000000
  0 6.198876 38.464790 4.368455 0.502583 -0.711254 0.491455 0.582858 0.523241 1 0 1.000000
  0 6.691833 38.517212 4.791440 0.489701 -0.788927 0.371196 0.583396 0.534733 1 0 1.000000
template_body
  0 6.691833 38.517212 4.791440 0.489701 -0.788927 0.371196 0.583396 0.534733 1 0 1.000000
  0 2.820482 38.210472 6.253275 0.205084 -0.847183 0.490124 0.519275 0.528998 1 0 1.000000
  0 2.811146 38.153309 5.613418 0.290242 -0.614108 0.733915 0.522832 0.518264 1 0 1.000000
template_body
  0 0.000000 37.724133 5.981745 0.000000 -0.741591 0.670852 0.477161 0.509098 1 0 1.000000
  0 2.811146 38.153309 5.613418 0.290242 -0.614108 0.733915 0.522832 0.518264 1 0 1.000000
  0 2.820482 38.210472 6.253275 0.205084 -0.847183 0.490124 0.519275 0.528998 1 0 1.000000
template_body
  0 5.082352 39.327080 6.241735 0.494048 -0.206162 0.844638 0.552655 0.548451 1 0 1.000000
  0 2.820482 38.210472 6.253275 0.205084 -0.847183 0.490124 0.519275 0.528998 1 0 1.000000
  0 6.691833 38.517212 4.791440 0.489701 -0.788927 0.371196 0.583396 0.534733 1 0 1.000000
template_body
  0 3.309178 40.936058 7.287716 0.384788 -0.088158 0.918785 0.524140 0.577171 2 0 0.800004 4 0.199996
  0 5.082352 39.327080 6.241735 0.494048 -0.206162 0.844638 0.552655 0.548451 1 0 1.000000
  4 5.634290 45.228161 4.819779 0.750361 0.200792 0.629794 0.573473 0.652670 2 4 0.600001 5 0.399999
template_body
  0 6.691833 38.517212 4.791440 0.489701 -0.788927 0.371196 0.583396 0.534733 1 0 1.000000
  4 5.634290 45.228161 4.819779 0.750361 0.200792 0.629794 0.573473 0.652670 2 4 0.600001 5 0.399999
  0 5.082352 39.327080 6.241735 0.494048 -0.206162 0.844638 0.552655 0.548451 1 0 1.000000
template_body
  0 7.853822 43.851189 1.745541 0.978285 0.106059 0.178074 0.635487 0.627316 2 0 0.500000 4 0.500000
  4 5.634290 45.228161 4.819779 0.750361 0.200792 0.629794 0.573473 0.652670 2 4 0.600001 5 0.399999
  0 6.691833 38.517212 4.791440 0.489701 -0.788927 0.371196 0.583396 0.534733 1 0 1.000000
template_body
  0 6.691833 38.517212 4.791440 0.489701 -0.788927 0.371196 0.583396 0.534733 1 0 1.000000
  0 8.379115 40.042690 2.136630 0.968021 0.104544 0.228048 0.631620 0.555778 1 0 1.000000
  0 7.853822 43.851189 1.745541 0.978285 0.106059 0.178074 0.635487 0.627316 2 0 0.500000 4 0.500000
template_body
  0 7.461083 38.541645 -1.682935 0.263210 -0.952585 -0.152652 0.693728 0.529618 1 0 1.000000
  0 7.380045 38.818913 -1.085724 0.669932 -0.729142 -0.139796 0.684774 0.522378 1 0 1.000000
  0 5.987360 38.879284 -2.869560 0.117896 -0.854397 -0.506069 0.725286 0.520118 1 0 1.000000
template_body
  0 5.987360 38.879284 -2.869560 0.117896 -0.854397 -0.506069 0.725286 0.520118 1 0 1.000000
  0 1.574599 38.796314 -3.656090 0.002820 -0.521598 -0.853186 0.803075 0.521601 1 0 1.000000
  0 1.944194 38.793900 -4.332948 0.013781 -0.795036 -0.606406 0.797469 0.534035 1 0 1.000000
template_body
  0 1.944194 38.793900 -4.332948 0.013781 -0.795036 -0.606406 0.797469 0.534035 1 0 1.000000
  0 6.003632 38.650311 -3.774292 0.202911 -0.873366 -0.442785 0.732688 0.533482 1 0 1.000000
  0 5.987360 38.879284 -2.869560 0.117896 -0.854397 -0.506069 0.725286 0.520118 1 0 1.000000
template_body
  0 5.987360 38.879284 -2.869560 0.117896 -0.854397 -0.506069 0.725286 0.520118 1 0 1.000000
  0 6.003632 38.650311 -3.774292 0.202911 -0.873366 -0.442785 0.732688 0.533482 1 0 1.000000
  0 7.461083 38.541645 -1.682935 0.263210 -0.952585 -0.152652 0.693728 0.529618 1 0 1.000000
template_body
  0 7.461083 38.541645 -1.682935 0.263210 -0.952585 -0.152652 0.693728 0.529618 1 0 1.000000
  0 6.003632 38.650311 -3.774292 0.202911 -0.873366 -0.442785 0.732688 0.533482 1 0 1.000000
  0 5.877342 39.760765 -4.038905 0.354341 -0.039940 -0.934263 0.736796 0.553470 1 0 1.000000
template_body
  0 5.877342 39.760765 -4.038905 0.354341 -0.039940 -0.934263 0.736796 0.553470 1 0 1.000000
  0 8.058960 39.802925 -1.803392 0.902344 -0.076767 -0.424125 0.691150 0.554439 1 0 1.000000
  0 7.461083 38.541645 -1.682935 0.263210 -0.952585 -0.152652 0.693728 0.529618 1 0 1.000000
template_body
  0 8.058960 39.802925 -1.803392 0.902344 -0.076767 -0.424125 0.691150 0.554439 1 0 1.000000
  0 5.877342 39.760765 -4.038905 0.354341 -0.039940 -0.934263 0.736796 0.553470 1 0 1.000000
  0 6.011432 42.125507 -3.674975 0.516592 0.255276 -0.817292 0.731053 0.595247 2 0 0.600006 4 0.399994
template_body
  0 6.011432 42.125507 -3.674975 0.516592 0.255276 -0.817292 0.731053 0.595247 2 0 0.600006 4 0.399994
  0 7.646502 42.051563 -1.227803 0.937802 0.150244 -0.312977 0.684246 0.595690 2 0 0.700000 4 0.300000
  0 8.058960 39.802925 -1.803392 0.902344 -0.076767 -0.424125 0.691150 0.554439 1 0 1.000000
template_body
  4 7.815830 43.897556 -0.975770 0.949797 0.075479 -0.303625 0.679495 0.630050 2 4 0.699999 0 0.300001
  0 7.646502 42.051563 -1.227803 0.937802 0.150244 -0.312977 0.684246 0.595690 2 0 0.700000 4 0.300000
  0 6.011432 42.125507 -3.674975 0.516592 0.255276 -0.817292 0.731053 0.595247 2 0 0.600006 4 0.399994
template_body
  0 7.646502 42.051563 -1.227803 0.937802 0.150244 -0.312977 0.684246 0.595690 2 0 0.700000 4 0.300000
  4 7.815830 43.897556 -0.975770 0.949797 0.075479 -0.303625 0.679495 0.630050 2 4 0.699999 0 0.300001
  0 7.853822 43.851189 1.745541 0.978285 0.106059 0.178074 0.635487 0.627316 2 0 0.500000 4 0.500000
template_body
  4 7.285749 46.344975 1.508858 0.933806 0.241372 0.264095 0.633716 0.674014 2 4 0.600004 5 0.399996
  0 7.853822 43.851189 1.745541 0.978285 0.106059 0.178074 0.635487 0.627316 2 0 0.500000 4 0.500000
  4 7.815830 43.897556 -0.975770 0.949797 0.075479 -0.303625 0.679495 0.630050 2 4 0.699999 0 0.300001
template_body
  4 5.634290 45.228161 4.819779 0.750361 0.200792 0.629794 0.573473 0.652670 2 4 0.600001 5 0.399999
  0 7.853822 43.851189 1.745541 0.978285 0.106059 0.178074 0.635487 0.627316 2 0 0.500000 4 0.500000
  4 7.285749 46.344975 1.508858 0.933806 0.241372 0.264095 0.633716 0.674014 2 4 0.600004 5 0.399996
template_body
  4 5.634290 45.228161 4.819779 0.750361 0.200792 0.629794 0.573473 0.652670 2 4 0.600001 5 0.399999
  4 7.285749 46.344975 1.508858 0.933806 0.241372 0.264095 0.633716 0.674014 2 4 0.600004 5 0.399996
  5 6.640659 48.300514 1.193808 0.932395 0.227094 0.281189 0.630834 0.712958 2 5 0.799997 4 0.200003
template_body
  5 6.640659 48.300514 1.193808 0.932395 0.227094 0.281189 0.630834 0.712958 2 5 0.799997 4 0.200003
  4 7.285749 46.344975 1.508858 0.933806 0.241372 0.264095 0.633716 0.674014 2 4 0.600004 5 0.399996
  5 7.100051 48.046440 -1.175861 0.940041 0.062916 -0.335208 0.676435 0.709265 2 5 0.800000 4 0.200000
template_body
  5 6.640659 48.300514 1.193808 0.932395 0.227094 0.281189 0.630834 0.712958 2 5 0.799997 4 0.200003
  5 7.100051 48.046440 -1.175861 0.940041 0.062916 -0.335208 0.676435 0.709265 2 5 0.800000 4 0.200000
  5 7.060786 50.324337 -1.641249 0.985699 -0.069165 -0.153664 0.678000 0.752827 3 5 0.411765 7 0.300000 4 0.288235
template_body
  5 7.060786 50.324337 -1.641249 0.985699 -0.069165 -0.153664 0.678000 0.752827 3 5 0.411765 7 0.300000 4 0.288235
  5 7.100051 48.046440 -1.175861 0.940041 0.062916 -0.335208 0.676435 0.709265 2 5 0.800000 4 0.200000
  4 5.163502 50.012711 -4.277371 0.487814 -0.144332 -0.860933 0.736984 0.748677 3 4 0.350000 5 0.350000 7 0.300000
template_body
  4 5.635523 46.147446 -3.035136 0.523883 -0.079711 -0.848052 0.726521 0.673824 2 4 0.600002 5 0.399998
  4 5.163502 50.012711 -4.277371 0.487814 -0.144332 -0.860933 0.736984 0.748677 3 4 0.350000 5 0.350000 7 0.300000
  5 7.100051 48.046440 -1.175861 0.940041 0.062916 -0.335208 0.676435 0.709265 2 5 0.800000 4 0.200000
template_body
  4 5.163502 50.012711 -4.277371 0.487814 -0.144332 -0.860933 0.736984 0.748677 3 4 0.350000 5 0.350000 7 0.300000
  4 5.635523 46.147446 -3.035136 0.523883 -0.079711 -0.848052 0.726521 0.673824 2 4 0.600002 5 0.399998
  4 2.796173 46.137455 -3.753544 0.145475 -0.237619 -0.960403 0.777905 0.673305 2 4 0.800000 5 0.200000
template_body
  4 2.796173 46.137455 -3.753544 0.145475 -0.237619 -0.960403 0.777905 0.673305 2 4 0.800000 5 0.200000
  4 2.865051 49.955845 -4.764584 0.059332 -0.080331 -0.995001 0.777586 0.747266 3 4 0.350000 5 0.350000 7 0.300000
  4 5.163502 50.012711 -4.277371 0.487814 -0.144332 -0.860933 0.736984 0.748677 3 4 0.350000 5 0.350000 7 0.300000
template_body
  4 5.163502 50.012711 -4.277371 0.487814 -0.144332 -0.860933 0.736984 0.748677 3 4 0.350000 5 0.350000 7 0.300000
  4 2.865051 49.955845 -4.764584 0.059332 -0.080331 -0.995001 0.777586 0.747266 3 4 0.350000 5 0.350000 7 0.300000
  6 2.547050 55.605309 -4.778139 0.031635 0.154870 -0.987428 0.784644 0.848032 2 6 0.900000 18 0.100000
template_body
  5 0.000000 52.967464 -4.818164 0.000000 -0.006479 -0.999979 0.826255 0.800774 2 5 0.700000 6 0.300000
  6 2.547050 55.605309 -4.778139 0.031635 0.154870 -0.987428 0.784644 0.848032 2 6 0.900000 18 0.100000
  4 2.865051 49.955845 -4.764584 0.059332 -0.080331 -0.995001 0.777586 0.747266 3 4 0.350000 5 0.350000 7 0.300000
template_body
  6 2.547050 55.605309 -4.778139 0.031635 0.154870 -0.987428 0.784644 0.848032 2 6 0.900000 18 0.100000
  5 0.000000 52.967464 -4.818164 0.000000 -0.006479 -0.999979 0.826255 0.800774 2 5 0.700000 6 0.300000
  6 0.000000 55.488411 -4.556503 0.000000 0.140105 -0.990137 0.827233 0.846786 1 6 1.000000
template_body
  4 7.815830 43.897556 -0.975770 0.949797 0.075479 -0.303625 0.679495 0.630050 2 4 0.699999 0 0.300001
  5 7.100051 48.046440 -1.175861 0.940041 0.062916 -0.335208 0.676435 0.709265 2 5 0.800000 4 0.200000
  4 7.285749 46.344975 1.508858 0.933806 0.241372 0.264095 0.633716 0.674014 2 4 0.600004 5 0.399996
template_body
  4 2.865051 49.955845 -4.764584 0.059332 -0.080331 -0.995001 0.777586 0.747266 3 4 0.350000 5 0.350000 7 0.300000
  4 0.000000 49.926712 -4.462550 0.000000 -0.131947 -0.991257 0.825348 0.745658 3 4 0.350000 5 0.350000 7 0.300000
  5 0.000000 52.967464 -4.818164 0.000000 -0.006479 -0.999979 0.826255 0.800774 2 5 0.700000 6 0.300000
template_body
  0 6.011432 42.125507 -3.674975 0.516592 0.255276 -0.817292 0.731053 0.595247 2 0 0.600006 4 0.399994
  4 5.728755 44.302898 -2.875338 0.587782 0.118476 -0.800297 0.727025 0.637811 2 4 0.699999 0 0.300001
  4 7.815830 43.897556 -0.975770 0.949797 0.075479 -0.303625 0.679495 0.630050 2 4 0.699999 0 0.300001
template_body
  5 7.100051 48.046440 -1.175861 0.940041 0.062916 -0.335208 0.676435 0.709265 2 5 0.800000 4 0.200000
  4 7.815830 43.897556 -0.975770 0.949797 0.075479 -0.303625 0.679495 0.630050 2 4 0.699999 0 0.300001
  4 5.728755 44.302898 -2.875338 0.587782 0.118476 -0.800297 0.727025 0.637811 2 4 0.699999 0 0.300001
template_body
  4 5.728755 44.302898 -2.875338 0.587782 0.118476 -0.800297 0.727025 0.637811 2 4 0.699999 0 0.300001
  4 5.635523 46.147446 -3.035136 0.523883 -0.079711 -0.848052 0.726521 0.673824 2 4 0.600002 5 0.399998
  5 7.100051 48.046440 -1.175861 0.940041 0.062916 -0.335208 0.676435 0.709265 2 5 0.800000 4 0.200000
template_body
  4 5.635523 46.147446 -3.035136 0.523883 -0.079711 -0.848052 0.726521 0.673824 2 4 0.600002 5 0.399998
  4 5.728755 44.302898 -2.875338 0.587782 0.118476 -0.800297 0.727025 0.637811 2 4 0.699999 0 0.300001
  4 2.699807 44.343235 -3.607908 0.127794 0.085593 -0.988100 0.780637 0.638805 2 4 0.700000 0 0.300000
template_body
  4 2.699807 44.343235 -3.607908 0.127794 0.085593 -0.988100 0.780637 0.638805 2 4 0.700000 0 0.300000
  4 2.796173 46.137455 -3.753544 0.145475 -0.237619 -0.960403 0.777905 0.673305 2 4 0.800000 5 0.200000
  4 5.635523 46.147446 -3.035136 0.523883 -0.079711 -0.848052 0.726521 0.673824 2 4 0.600002 5 0.399998
template_body
  4 0.000000 46.222111 -3.788958 0.000000 -0.161424 -0.986885 0.825324 0.674354 2 4 0.800000 5 0.200000
  4 2.796173 46.137455 -3.753544 0.145475 -0.237619 -0.960403 0.777905 0.673305 2 4 0.800000 5 0.200000
  4 2.699807 44.343235 -3.607908 0.127794 0.085593 -0.988100 0.780637 0.638805 2 4 0.700000 0 0.300000
template_body
  4 2.865051 49.955845 -4.764584 0.059332 -0.080331 -0.995001 0.777586 0.747266 3 4 0.350000 5 0.350000 7 0.300000
  4 2.796173 46.137455 -3.753544 0.145475 -0.237619 -0.960403 0.777905 0.673305 2 4 0.800000 5 0.200000
  4 0.000000 46.222111 -3.788958 0.000000 -0.161424 -0.986885 0.825324 0.674354 2 4 0.800000 5 0.200000
template_body
  4 0.000000 46.222111 -3.788958 0.000000 -0.161424 -0.986885 0.825324 0.674354 2 4 0.800000 5 0.200000
  4 0.000000 48.070313 -4.008182 0.000000 -0.178101 -0.984012 0.825215 0.709391 2 4 0.500000 5 0.500000
  4 2.865051 49.955845 -4.764584 0.059332 -0.080331 -0.995001 0.777586 0.747266 3 4 0.350000 5 0.350000 7 0.300000
template_body
  4 2.865051 49.955845 -4.764584 0.059332 -0.080331 -0.995001 0.777586 0.747266 3 4 0.350000 5 0.350000 7 0.300000
  4 0.000000 48.070313 -4.008182 0.000000 -0.178101 -0.984012 0.825215 0.709391 2 4 0.500000 5 0.500000
  4 0.000000 49.926712 -4.462550 0.000000 -0.131947 -0.991257 0.825348 0.745658 3 4 0.350000 5 0.350000 7 0.300000
template_body
  4 0.000000 49.926712 -4.462550 0.000000 -0.131947 -0.991257 0.825348 0.745658 3 4 0.350000 5 0.350000 7 0.300000
  4 0.000000 48.070313 -4.008182 0.000000 -0.178101 -0.984012 0.825215 0.709391 2 4 0.500000 5 0.500000
  4 -2.865051 49.955845 -4.764584 -0.059332 -0.080331 -0.995001 0.872419 0.746606 3 4 0.350000 5 0.350000 7 0.300000
template_body
  5 0.000000 52.967464 -4.818164 0.000000 -0.006479 -0.999979 0.826255 0.800774 2 5 0.700000 6 0.300000
  4 0.000000 49.926712 -4.462550 0.000000 -0.131947 -0.991257 0.825348 0.745658 3 4 0.350000 5 0.350000 7 0.300000
  4 -2.865051 49.955845 -4.764584 -0.059332 -0.080331 -0.995001 0.872419 0.746606 3 4 0.350000 5 0.350000 7 0.300000
template_body
  4 -2.865051 49.955845 -4.764584 -0.059332 -0.080331 -0.995001 0.872419 0.746606 3 4 0.350000 5 0.350000 7 0.300000
  6 -2.547050 55.605309 -4.778139 -0.031635 0.154870 -0.987428 0.869471 0.847865 2 6 0.900000 8 0.100000
  5 0.000000 52.967464 -4.818164 0.000000 -0.006479 -0.999979 0.826255 0.800774 2 5 0.700000 6 0.300000
template_body
  6 0.000000 55.488411 -4.556503 0.000000 0.140105 -0.990137 0.827233 0.846786 1 6 1.000000
  5 0.000000 52.967464 -4.818164 0.000000 -0.006479 -0.999979 0.826255 0.800774 2 5 0.700000 6 0.300000
  6 -2.547050 55.605309 -4.778139 -0.031635 0.154870 -0.987428 0.869471 0.847865 2 6 0.900000 8 0.100000
template_body
  6 0.000000 55.488411 -4.556503 0.000000 0.140105 -0.990137 0.827233 0.846786 1 6 1.000000
  6 -2.547050 55.605309 -4.778139 -0.031635 0.154870 -0.987428 0.869471 0.847865 2 6 0.900000 8 0.100000
  7 -2.201826 58.209232 -3.971208 -0.111489 0.499247 -0.859257 0.864350 0.896473 2 7 0.500000 8 0.500000
template_body
  6 -2.547050 55.605309 -4.778139 -0.031635 0.154870 -0.987428 0.869471 0.847865 2 6 0.900000 8 0.100000
  8 -4.994860 55.740192 -4.547515 -0.239036 0.111966 -0.964534 0.910362 0.849827 2 8 0.799975 6 0.200025
  7 -2.201826 58.209232 -3.971208 -0.111489 0.499247 -0.859257 0.864350 0.896473 2 7 0.500000 8 0.500000
template_body
  7 -2.201826 58.209232 -3.971208 -0.111489 0.499247 -0.859257 0.864350 0.896473 2 7 0.500000 8 0.500000
  8 -4.994860 55.740192 -4.547515 -0.239036 0.111966 -0.964534 0.910362 0.849827 2 8 0.799975 6 0.200025
  8 -6.363109 55.880859 -4.158293 -0.196381 0.103888 -0.975008 0.934304 0.852355 1 8 1.000000
template_body
  6 -6.429940 53.830582 -3.760019 -0.543496 -0.203985 -0.814249 0.936991 0.813409 2 6 0.500039 8 0.499962
  8 -6.363109 55.880859 -4.158293 -0.196381 0.103888 -0.975008 0.934304 0.852355 1 8 1.000000
  8 -4.994860 55.740192 -4.547515 -0.239036 0.111966 -0.964534 0.910362 0.849827 2 8 0.799975 6 0.200025
template_body
  6 -6.429940 53.830582 -3.760019 -0.543496 -0.203985 -0.814249 0.936991 0.813409 2 6 0.500039 8 0.499962
  8 -4.994860 55.740192 -4.547515 -0.239036 0.111966 -0.964534 0.910362 0.849827 2 8 0.799975 6 0.200025
  4 -5.163502 50.012711 -4.277371 -0.487814 -0.144332 -0.860933 0.910583 0.747378 3 4 0.350000 5 0.350000 7 0.300000
template_body
  4 -5.163502 50.012711 -4.277371 -0.487814 -0.144332 -0.860933 0.910583 0.747378 3 4 0.350000 5 0.350000 7 0.300000
  4 -7.060786 50.324333 -1.641249 -0.985700 -0.069165 -0.153663 0.964029 0.744277 3 4 0.455000 7 0.300000 5 0.245000
  6 -6.429940 53.830582 -3.760019 -0.543496 -0.203985 -0.814249 0.936991 0.813409 2 6 0.500039 8 0.499962
template_body
  4 2.699807 44.343235 -3.607908 0.127794 0.085593 -0.988100 0.780637 0.638805 2 4 0.700000 0 0.300000
  4 0.000000 44.357922 -3.591289 0.000000 0.100442 -0.994943 0.826054 0.638996 2 4 0.700000 0 0.300000
  4 0.000000 46.222111 -3.788958 0.000000 -0.161424 -0.986885 0.825324 0.674354 2 4 0.800000 5 0.200000
template_body
  7 -2.201826 58.209232 -3.971208 -0.111489 0.499247 -0.859257 0.864350 0.896473 2 7 0.500000 8 0.500000
  8 -5.202761 58.790203 -2.231200 -0.212622 0.948711 -0.233964 0.918178 0.921351 2 8 0.700000 7 0.300000
  7 -3.699214 59.344910 -2.025611 -0.350572 0.890068 -0.291339 0.893534 0.933167 2 7 0.700000 8 0.300000
template_body
  8 -6.497669 57.993740 -3.489112 -0.230173 0.675154 -0.700848 0.937612 0.893040 1 8 1.000000
  8 -5.202761 58.790203 -2.231200 -0.212622 0.948711 -0.233964 0.918178 0.921351 2 8 0.700000 7 0.300000
  7 -2.201826 58.209232 -3.971208 -0.111489 0.499247 -0.859257 0.864350 0.896473 2 7 0.500000 8 0.500000
template_body
  8 -6.363109 55.880859 -4.158293 -0.196381 0.103888 -0.975008 0.934304 0.852355 1 8 1.000000
  8 -6.497669 57.993740 -3.489112 -0.230173 0.675154 -0.700848 0.937612 0.893040 1 8 1.000000
  7 -2.201826 58.209232 -3.971208 -0.111489 0.499247 -0.859257 0.864350 0.896473 2 7 0.500000 8 0.500000
template_body
  8 -6.916344 58.326290 -2.374134 -0.466910 0.853278 -0.232188 0.947209 0.912429 1 8 1.000000
  8 -5.202761 58.790203 -2.231200 -0.212622 0.948711 -0.233964 0.918178 0.921351 2 8 0.700000 7 0.300000
  8 -6.497669 57.993740 -3.489112 -0.230173 0.675154 -0.700848 0.937612 0.893040 1 8 1.000000
template_body
  4 0.000000 44.357922 -3.591289 0.000000 0.100442 -0.994943 0.826054 0.638996 2 4 0.700000 0 0.300000
  4 2.699807 44.343235 -3.607908 0.127794 0.085593 -0.988100 0.780637 0.638805 2 4 0.700000 0 0.300000
  0 2.638047 41.948997 -4.333982 0.024374 0.186860 -0.982084 0.785523 0.593152 2 0 0.500000 4 0.500000
template_body
  0 2.638047 41.948997 -4.333982 0.024374 0.186860 -0.982084 0.785523 0.593152 2 0 0.500000 4 0.500000
  0 0.000000 41.843384 -3.876302 0.000000 0.222992 -0.974820 0.826607 0.593184 2 0 0.500000 4 0.500000
  4 0.000000 44.357922 -3.591289 0.000000 0.100442 -0.994943 0.826054 0.638996 2 4 0.700000 0 0.300000
template_body
  0 0.000000 40.148273 -4.506390 0.000000 0.158876 -0.987298 0.827255 0.559054 2 0 0.800000 4 0.200000
  0 0.000000 41.843384 -3.876302 0.000000 0.222992 -0.974820 0.826607 0.593184 2 0 0.500000 4 0.500000
  0 2.638047 41.948997 -4.333982 0.024374 0.186860 -0.982084 0.785523 0.593152 2 0 0.500000 4 0.500000
template_body
  0 -2.638047 41.948997 -4.333982 -0.024374 0.186860 -0.982084 0.868319 0.592520 2 0 0.500000 4 0.500000
  0 0.000000 41.843384 -3.876302 0.000000 0.222992 -0.974820 0.826607 0.593184 2 0 0.500000 4 0.500000
  0 0.000000 40.148273 -4.506390 0.000000 0.158876 -0.987298 0.827255 0.559054 2 0 0.800000 4 0.200000
template_body
  4 0.000000 44.357922 -3.591289 0.000000 0.100442 -0.994943 0.826054 0.638996 2 4 0.700000 0 0.300000
  0 0.000000 41.843384 -3.876302 0.000000 0.222992 -0.974820 0.826607 0.593184 2 0 0.500000 4 0.500000
  0 -2.638047 41.948997 -4.333982 -0.024374 0.186860 -0.982084 0.868319 0.592520 2 0 0.500000 4 0.500000
template_body
  0 -2.638047 41.948997 -4.333982 -0.024374 0.186860 -0.982084 0.868319 0.592520 2 0 0.500000 4 0.500000
  4 -2.699807 44.343235 -3.607908 -0.127794 0.085593 -0.988100 0.870824 0.638175 2 4 0.700000 0 0.300000
  4 0.000000 44.357922 -3.591289 0.000000 0.100442 -0.994943 0.826054 0.638996 2 4 0.700000 0 0.300000
template_body
  4 0.000000 46.222111 -3.788958 0.000000 -0.161424 -0.986885 0.825324 0.674354 2 4 0.800000 5 0.200000
  4 0.000000 44.357922 -3.591289 0.000000 0.100442 -0.994943 0.826054 0.638996 2 4 0.700000 0 0.300000
  4 -2.699807 44.343235 -3.607908 -0.127794 0.085593 -0.988100 0.870824 0.638175 2 4 0.700000 0 0.300000
template_body
  4 -2.699807 44.343235 -3.607908 -0.127794 0.085593 -0.988100 0.870824 0.638175 2 4 0.700000 0 0.300000
  4 -2.796173 46.137455 -3.753544 -0.145475 -0.237619 -0.960403 0.872206 0.672524 2 4 0.800000 5 0.200000
  4 0.000000 46.222111 -3.788958 0.000000 -0.161424 -0.986885 0.825324 0.674354 2 4 0.800000 5 0.200000
template_body
  4 0.000000 46.222111 -3.788958 0.000000 -0.161424 -0.986885 0.825324 0.674354 2 4 0.800000 5 0.200000
  4 -2.796173 46.137455 -3.753544 -0.145475 -0.237619 -0.960403 0.872206 0.672524 2 4 0.800000 5 0.200000
  4 -2.865051 49.955845 -4.764584 -0.059332 -0.080331 -0.995001 0.872419 0.746606 3 4 0.350000 5 0.350000 7 0.300000
template_body
  4 -2.865051 49.955845 -4.764584 -0.059332 -0.080331 -0.995001 0.872419 0.746606 3 4 0.350000 5 0.350000 7 0.300000
  4 0.000000 48.070313 -4.008182 0.000000 -0.178101 -0.984012 0.825215 0.709391 2 4 0.500000 5 0.500000
  4 0.000000 46.222111 -3.788958 0.000000 -0.161424 -0.986885 0.825324 0.674354 2 4 0.800000 5 0.200000
template_body
  0 2.638047 41.948997 -4.333982 0.024374 0.186860 -0.982084 0.785523 0.593152 2 0 0.500000 4 0.500000
  0 1.905594 40.000862 -4.603945 0.008532 0.027654 -0.999581 0.799393 0.557143 2 0 0.800000 4 0.200000
  0 0.000000 40.148273 -4.506390 0.000000 0.158876 -0.987298 0.827255 0.559054 2 0 0.800000 4 0.200000
template_body
  4 -5.163502 50.012711 -4.277371 -0.487814 -0.144332 -0.860933 0.910583 0.747378 3 4 0.350000 5 0.350000 7 0.300000
  8 -4.994860 55.740192 -4.547515 -0.239036 0.111966 -0.964534 0.910362 0.849827 2 8 0.799975 6 0.200025
  6 -2.547050 55.605309 -4.778139 -0.031635 0.154870 -0.987428 0.869471 0.847865 2 6 0.900000 8 0.100000
template_body
  6 -2.547050 55.605309 -4.778139 -0.031635 0.154870 -0.987428 0.869471 0.847865 2 6 0.900000 8 0.100000
  4 -2.865051 49.955845 -4.764584 -0.059332 -0.080331 -0.995001 0.872419 0.746606 3 4 0.350000 5 0.350000 7 0.300000
  4 -5.163502 50.012711 -4.277371 -0.487814 -0.144332 -0.860933 0.910583 0.747378 3 4 0.350000 5 0.350000 7 0.300000
template_body
  4 -5.163502 50.012711 -4.277371 -0.487814 -0.144332 -0.860933 0.910583 0.747378 3 4 0.350000 5 0.350000 7 0.300000
  4 -2.865051 49.955845 -4.764584 -0.059332 -0.080331 -0.995001 0.872419 0.746606 3 4 0.350000 5 0.350000 7 0.300000
  4 -2.796173 46.137455 -3.753544 -0.145475 -0.237619 -0.960403 0.872206 0.672524 2 4 0.800000 5 0.200000
template_body
  4 -2.796173 46.137455 -3.753544 -0.145475 -0.237619 -0.960403 0.872206 0.672524 2 4 0.800000 5 0.200000
  4 -5.635523 46.147446 -3.035136 -0.523883 -0.079711 -0.848052 0.921455 0.671568 2 4 0.600000 5 0.400000
  4 -5.163502 50.012711 -4.277371 -0.487814 -0.144332 -0.860933 0.910583 0.747378 3 4 0.350000 5 0.350000 7 0.300000
template_body
  4 -5.635523 46.147446 -3.035136 -0.523883 -0.079711 -0.848052 0.921455 0.671568 2 4 0.600000 5 0.400000
  4 -2.796173 46.137455 -3.753544 -0.145475 -0.237619 -0.960403 0.872206 0.672524 2 4 0.800000 5 0.200000
  4 -2.699807 44.343235 -3.607908 -0.127794 0.085593 -0.988100 0.870824 0.638175 2 4 0.700000 0 0.300000
template_body
  4 -2.699807 44.343235 -3.607908 -0.127794 0.085593 -0.988100 0.870824 0.638175 2 4 0.700000 0 0.300000
  4 -5.728755 44.302898 -2.875338 -0.587782 0.118476 -0.800297 0.923784 0.636239 2 4 0.700000 0 0.300000
  4 -5.635523 46.147446 -3.035136 -0.523883 -0.079711 -0.848052 0.921455 0.671568 2 4 0.600000 5 0.400000
template_body
  0 -6.011432 42.125507 -3.674975 -0.516592 0.255276 -0.817292 0.923612 0.594493 2 0 0.599997 4 0.400003
  4 -5.728755 44.302898 -2.875338 -0.587782 0.118476 -0.800297 0.923784 0.636239 2 4 0.700000 0 0.300000
  4 -2.699807 44.343235 -3.607908 -0.127794 0.085593 -0.988100 0.870824 0.638175 2 4 0.700000 0 0.300000
template_body
  4 -2.699807 44.343235 -3.607908 -0.127794 0.085593 -0.988100 0.870824 0.638175 2 4 0.700000 0 0.300000
  0 -2.638047 41.948997 -4.333982 -0.024374 0.186860 -0.982084 0.868319 0.592520 2 0 0.500000 4 0.500000
  0 -6.011432 42.125507 -3.674975 -0.516592 0.255276 -0.817292 0.923612 0.594493 2 0 0.599997 4 0.400003
template_body
  0 -5.877342 39.760765 -4.038905 -0.354341 -0.039940 -0.934263 0.920007 0.553099 1 0 1.000000
  0 -6.011432 42.125507 -3.674975 -0.516592 0.255276 -0.817292 0.923612 0.594493 2 0 0.599997 4 0.400003
  0 -2.638047 41.948997 -4.333982 -0.024374 0.186860 -0.982084 0.868319 0.592520 2 0 0.500000 4 0.500000
template_body
  0 -2.638047 41.948997 -4.333982 -0.024374 0.186860 -0.982084 0.868319 0.592520 2 0 0.500000 4 0.500000
  0 -1.905594 40.000862 -4.603945 -0.008532 0.027654 -0.999581 0.855450 0.556762 2 0 0.800000 4 0.200000
  0 -5.877342 39.760765 -4.038905 -0.354341 -0.039940 -0.934263 0.920007 0.553099 1 0 1.000000
template_body
  0 0.000000 40.148273 -4.506390 0.000000 0.158876 -0.987298 0.827255 0.559054 2 0 0.800000 4 0.200000
  0 -1.905594 40.000862 -4.603945 -0.008532 0.027654 -0.999581 0.855450 0.556762 2 0 0.800000 4 0.200000
  0 -2.638047 41.948997 -4.333982 -0.024374 0.186860 -0.982084 0.868319 0.592520 2 0 0.500000 4 0.500000
template_body
  0 -1.905594 40.000862 -4.603945 -0.008532 0.027654 -0.999581 0.855450 0.556762 2 0 0.800000 4 0.200000
  0 0.000000 40.148273 -4.506390 0.000000 0.158876 -0.987298 0.827255 0.559054 2 0 0.800000 4 0.200000
  0 0.000000 39.136192 -4.468902 0.000000 -0.708269 -0.705943 0.827409 0.539059 1 0 1.000000
template_body
  0 0.000000 39.136192 -4.468902 0.000000 -0.708269 -0.705943 0.827409 0.539059 1 0 1.000000
  0 0.000000 40.148273 -4.506390 0.000000 0.158876 -0.987298 0.827255 0.559054 2 0 0.800000 4 0.200000
  0 1.905594 40.000862 -4.603945 0.008532 0.027654 -0.999581 0.799393 0.557143 2 0 0.800000 4 0.200000
template_body
  0 1.905594 40.000862 -4.603945 0.008532 0.027654 -0.999581 0.799393 0.557143 2 0 0.800000 4 0.200000
  0 1.944194 38.793900 -4.332948 0.013781 -0.795036 -0.606406 0.797469 0.534035 1 0 1.000000
  0 0.000000 39.136192 -4.468902 0.000000 -0.708269 -0.705943 0.827409 0.539059 1 0 1.000000
template_body
  0 1.944194 38.793900 -4.332948 0.013781 -0.795036 -0.606406 0.797469 0.534035 1 0 1.000000
  0 1.905594 40.000862 -4.603945 0.008532 0.027654 -0.999581 0.799393 0.557143 2 0 0.800000 4 0.200000
  0 5.877342 39.760765 -4.038905 0.354341 -0.039940 -0.934263 0.736796 0.553470 1 0 1.000000
template_body
  0 5.877342 39.760765 -4.038905 0.354341 -0.039940 -0.934263 0.736796 0.553470 1 0 1.000000
  0 1.905594 40.000862 -4.603945 0.008532 0.027654 -0.999581 0.799393 0.557143 2 0 0.800000 4 0.200000
  0 2.638047 41.948997 -4.333982 0.024374 0.186860 -0.982084 0.785523 0.593152 2 0 0.500000 4 0.500000
template_body
  0 2.638047 41.948997 -4.333982 0.024374 0.186860 -0.982084 0.785523 0.593152 2 0 0.500000 4 0.500000
  0 6.011432 42.125507 -3.674975 0.516592 0.255276 -0.817292 0.731053 0.595247 2 0 0.600006 4 0.399994
  0 5.877342 39.760765 -4.038905 0.354341 -0.039940 -0.934263 0.736796 0.553470 1 0 1.000000
template_body
  0 6.011432 42.125507 -3.674975 0.516592 0.255276 -0.817292 0.731053 0.595247 2 0 0.600006 4 0.399994
  0 2.638047 41.948997 -4.333982 0.024374 0.186860 -0.982084 0.785523 0.593152 2 0 0.500000 4 0.500000
  4 2.699807 44.343235 -3.607908 0.127794 0.085593 -0.988100 0.780637 0.638805 2 4 0.700000 0 0.300000
template_body
  4 2.699807 44.343235 -3.607908 0.127794 0.085593 -0.988100 0.780637 0.638805 2 4 0.700000 0 0.300000
  4 5.728755 44.302898 -2.875338 0.587782 0.118476 -0.800297 0.727025 0.637811 2 4 0.699999 0 0.300001
  0 6.011432 42.125507 -3.674975 0.516592 0.255276 -0.817292 0.731053 0.595247 2 0 0.600006 4 0.399994
template_body
  0 5.877342 39.760765 -4.038905 0.354341 -0.039940 -0.934263 0.736796 0.553470 1 0 1.000000
  0 6.003632 38.650311 -3.774292 0.202911 -0.873366 -0.442785 0.732688 0.533482 1 0 1.000000
  0 1.944194 38.793900 -4.332948 0.013781 -0.795036 -0.606406 0.797469 0.534035 1 0 1.000000
template_body
  0 0.000000 39.136192 -4.468902 0.000000 -0.708269 -0.705943 0.827409 0.539059 1 0 1.000000
  0 -1.944194 38.793900 -4.332948 -0.013781 -0.795036 -0.606406 0.857497 0.533801 1 0 1.000000
  0 -1.905594 40.000862 -4.603945 -0.008532 0.027654 -0.999581 0.855450 0.556762 2 0 0.800000 4 0.200000
template_body
  0 -5.877342 39.760765 -4.038905 -0.354341 -0.039940 -0.934263 0.920007 0.553099 1 0 1.000000
  0 -1.905594 40.000862 -4.603945 -0.008532 0.027654 -0.999581 0.855450 0.556762 2 0 0.800000 4 0.200000
  0 -1.944194 38.793900 -4.332948 -0.013781 -0.795036 -0.606406 0.857497 0.533801 1 0 1.000000
template_body
  0 -1.944194 38.793900 -4.332948 -0.013781 -0.795036 -0.606406 0.857497 0.533801 1 0 1.000000
  0 -6.003632 38.650311 -3.774292 -0.202911 -0.873366 -0.442785 0.923490 0.533950 1 0 1.000000
  0 -5.877342 39.760765 -4.038905 -0.354341 -0.039940 -0.934263 0.920007 0.553099 1 0 1.000000
template_body
  4 -5.163502 50.012711 -4.277371 -0.487814 -0.144332 -0.860933 0.910583 0.747378 3 4 0.350000 5 0.350000 7 0.300000
  5 -7.100051 48.046440 -1.175861 -0.940041 0.062916 -0.335208 0.965445 0.702699 2 5 0.800000 4 0.200000
  4 -7.060786 50.324333 -1.641249 -0.985700 -0.069165 -0.153663 0.964029 0.744277 3 4 0.455000 7 0.300000 5 0.245000
template_body
  5 -7.100051 48.046440 -1.175861 -0.940041 0.062916 -0.335208 0.965445 0.702699 2 5 0.800000 4 0.200000
  4 -5.163502 50.012711 -4.277371 -0.487814 -0.144332 -0.860933 0.910583 0.747378 3 4 0.350000 5 0.350000 7 0.300000
  4 -5.635523 46.147446 -3.035136 -0.523883 -0.079711 -0.848052 0.921455 0.671568 2 4 0.600000 5 0.400000
template_body
  4 -5.635523 46.147446 -3.035136 -0.523883 -0.079711 -0.848052 0.921455 0.671568 2 4 0.600000 5 0.400000
  4 -7.575429 46.248241 -0.967770 -0.932955 0.159641 -0.322659 0.969816 0.671176 2 4 0.600000 5 0.400000
  5 -7.100051 48.046440 -1.175861 -0.940041 0.062916 -0.335208 0.965445 0.702699 2 5 0.800000 4 0.200000
template_body
  4 -7.575429 46.248241 -0.967770 -0.932955 0.159641 -0.322659 0.969816 0.671176 2 4 0.600000 5 0.400000
  4 -5.635523 46.147446 -3.035136 -0.523883 -0.079711 -0.848052 0.921455 0.671568 2 4 0.600000 5 0.400000
  4 -5.728755 44.302898 -2.875338 -0.587782 0.118476 -0.800297 0.923784 0.636239 2 4 0.700000 0 0.300000
template_body
  4 -5.728755 44.302898 -2.875338 -0.587782 0.118476 -0.800297 0.923784 0.636239 2 4 0.700000 0 0.300000
  4 -7.815829 43.897560 -0.975770 -0.949797 0.075479 -0.303625 0.972575 0.630841 2 4 0.700001 0 0.299999
  4 -7.575429 46.248241 -0.967770 -0.932955 0.159641 -0.322659 0.969816 0.671176 2 4 0.600000 5 0.400000
template_body
  4 -7.815829 43.897560 -0.975770 -0.949797 0.075479 -0.303625 0.972575 0.630841 2 4 0.700001 0 0.299999
  4 -5.728755 44.302898 -2.875338 -0.587782 0.118476 -0.800297 0.923784 0.636239 2 4 0.700000 0 0.300000
  0 -6.011432 42.125507 -3.674975 -0.516592 0.255276 -0.817292 0.923612 0.594493 2 0 0.599997 4 0.400003
template_body
  0 -6.011432 42.125507 -3.674975 -0.516592 0.255276 -0.817292 0.923612 0.594493 2 0 0.599997 4 0.400003
  0 -7.646502 42.051563 -1.227803 -0.937802 0.150244 -0.312977 0.971514 0.597801 2 0 0.700000 4 0.300000
  4 -7.815829 43.897560 -0.975770 -0.949797 0.075479 -0.303625 0.972575 0.630841 2 4 0.700001 0 0.299999
template_body
  0 -8.058960 39.802925 -1.803392 -0.902344 -0.076767 -0.424125 0.971731 0.554748 1 0 1.000000
  0 -7.646502 42.051563 -1.227803 -0.937802 0.150244 -0.312977 0.971514 0.597801 2 0 0.700000 4 0.300000
  0 -6.011432 42.125507 -3.674975 -0.516592 0.255276 -0.817292 0.923612 0.594493 2 0 0.599997 4 0.400003
template_body
  0 -6.011432 42.125507 -3.674975 -0.516592 0.255276 -0.817292 0.923612 0.594493 2 0 0.599997 4 0.400003
  0 -5.877342 39.760765 -4.038905 -0.354341 -0.039940 -0.934263 0.920007 0.553099 1 0 1.000000
  0 -8.058960 39.802925 -1.803392 -0.902344 -0.076767 -0.424125 0.971731 0.554748 1 0 1.000000
template_body
  0 -7.461083 38.541645 -1.682935 -0.263210 -0.952585 -0.152652 0.965088 0.529044 1 0 1.000000
  0 -8.058960 39.802925 -1.803392 -0.902344 -0.076767 -0.424125 0.971731 0.554748 1 0 1.000000
  0 -5.877342 39.760765 -4.038905 -0.354341 -0.039940 -0.934263 0.920007 0.553099 1 0 1.000000
template_body
  0 -5.877342 39.760765 -4.038905 -0.354341 -0.039940 -0.934263 0.920007 0.553099 1 0 1.000000
  0 -6.003632 38.650311 -3.774292 -0.202911 -0.873366 -0.442785 0.923490 0.533950 1 0 1.000000
  0 -7.461083 38.541645 -1.682935 -0.263210 -0.952585 -0.152652 0.965088 0.529044 1 0 1.000000
template_body
  0 -7.461083 38.541645 -1.682935 -0.263210 -0.952585 -0.152652 0.965088 0.529044 1 0 1.000000
  0 -6.003632 38.650311 -3.774292 -0.202911 -0.873366 -0.442785 0.923490 0.533950 1 0 1.000000
  0 -5.987360 38.879284 -2.869560 -0.117896 -0.854397 -0.506069 0.930090 0.520447 1 0 1.000000
template_body
  0 -5.987360 38.879284 -2.869560 -0.117896 -0.854397 -0.506069 0.930090 0.520447 1 0 1.000000
  0 -6.003632 38.650311 -3.774292 -0.202911 -0.873366 -0.442785 0.923490 0.533950 1 0 1.000000
  0 -1.944194 38.793900 -4.332948 -0.013781 -0.795036 -0.606406 0.857497 0.533801 1 0 1.000000
template_body
  0 -1.944194 38.793900 -4.332948 -0.013781 -0.795036 -0.606406 0.857497 0.533801 1 0 1.000000
  0 -1.574599 38.796314 -3.656090 -0.002820 -0.521598 -0.853186 0.851867 0.521235 1 0 1.000000
  0 -5.987360 38.879284 -2.869560 -0.117896 -0.854397 -0.506069 0.930090 0.520447 1 0 1.000000
template_body
  0 -1.574599 38.796314 -3.656090 -0.002820 -0.521598 -0.853186 0.851867 0.521235 1 0 1.000000
  0 -1.944194 38.793900 -4.332948 -0.013781 -0.795036 -0.606406 0.857497 0.533801 1 0 1.000000
  0 0.000000 39.136192 -4.468902 0.000000 -0.708269 -0.705943 0.827409 0.539059 1 0 1.000000
template_body
  0 0.000000 39.136192 -4.468902 0.000000 -0.708269 -0.705943 0.827409 0.539059 1 0 1.000000
  0 0.000000 39.028198 -3.757012 0.000000 -0.201618 -0.979464 0.827367 0.525872 1 0 1.000000
  0 -1.574599 38.796314 -3.656090 -0.002820 -0.521598 -0.853186 0.851867 0.521235 1 0 1.000000
template_body
  0 1.574599 38.796314 -3.656090 0.002820 -0.521598 -0.853186 0.803075 0.521601 1 0 1.000000
  0 0.000000 39.028198 -3.757012 0.000000 -0.201618 -0.979464 0.827367 0.525872 1 0 1.000000
  0 0.000000 39.136192 -4.468902 0.000000 -0.708269 -0.705943 0.827409 0.539059 1 0 1.000000
template_body
  0 0.000000 39.136192 -4.468902 0.000000 -0.708269 -0.705943 0.827409 0.539059 1 0 1.000000
  0 1.944194 38.793900 -4.332948 0.013781 -0.795036 -0.606406 0.797469 0.534035 1 0 1.000000
  0 1.574599 38.796314 -3.656090 0.002820 -0.521598 -0.853186 0.803075 0.521601 1 0 1.000000
template_body
  0 -5.987360 38.879284 -2.869560 -0.117896 -0.854397 -0.506069 0.930090 0.520447 1 0 1.000000
  0 -7.380045 38.818913 -1.085724 -0.669932 -0.729142 -0.139797 0.970742 0.518991 1 0 1.000000
  0 -7.461083 38.541645 -1.682935 -0.263210 -0.952585 -0.152652 0.965088 0.529044 1 0 1.000000
template_body
  0 -3.309178 40.936058 7.287716 -0.384788 -0.088158 0.918785 0.429806 0.577443 2 0 0.799998 4 0.200002
  0 -3.018877 43.872002 7.378750 -0.326773 0.169462 0.929786 0.433862 0.627798 2 0 0.300001 4 0.699999
  4 -5.634290 45.228161 4.819779 -0.750361 0.200792 0.629794 0.383352 0.653072 2 4 0.600002 5 0.399998
template_body
  5 -2.531083 50.529858 5.106614 -0.359986 0.383248 0.850606 0.433100 0.752229 2 5 0.800000 6 0.200000
  5 0.000000 51.930721 5.171209 0.000000 0.247253 0.968951 0.477365 0.778857 2 5 0.400000 6 0.600000
  5 -1.333753 51.942924 4.922096 -0.221371 0.148587 0.963803 0.452982 0.779916 2 5 0.600000 6 0.400000
template_body
  5 0.000000 49.526772 5.832607 0.000000 0.345510 0.938415 0.477608 0.732124 2 5 0.800001 4 0.199999
  5 0.000000 51.930721 5.171209 0.000000 0.247253 0.968951 0.477365 0.778857 2 5 0.400000 6 0.600000
  5 -2.531083 50.529858 5.106614 -0.359986 0.383248 0.850606 0.433100 0.752229 2 5 0.800000 6 0.200000
template_body
  5 2.531083 50.529858 5.106614 0.359986 0.383248 0.850606 0.522330 0.751418 2 5 0.800000 6 0.200000
  5 0.000000 51.930721 5.171209 0.000000 0.247253 0.968951 0.477365 0.778857 2 5 0.400000 6 0.600000
  5 0.000000 49.526772 5.832607 0.000000 0.345510 0.938415 0.477608 0.732124 2 5 0.800001 4 0.199999
template_body
  5 2.531083 50.529858 5.106614 0.359986 0.383248 0.850606 0.522330 0.751418 2 5 0.800000 6 0.200000
  5 0.000000 49.526772 5.832607 0.000000 0.345510 0.938415 0.477608 0.732124 2 5 0.800001 4 0.199999
  4 0.000000 46.939407 6.861054 0.000000 0.305504 0.952191 0.477372 0.683002 2 4 0.600000 5 0.400000
template_body
  4 0.000000 46.939407 6.861054 0.000000 0.305504 0.952191 0.477372 0.683002 2 4 0.600000 5 0.400000
  5 0.000000 49.526772 5.832607 0.000000 0.345510 0.938415 0.477608 0.732124 2 5 0.800001 4 0.199999
  5 -2.531083 50.529858 5.106614 -0.359986 0.383248 0.850606 0.433100 0.752229 2 5 0.800000 6 0.200000
template_body
  5 -2.531083 50.529858 5.106614 -0.359986 0.383248 0.850606 0.433100 0.752229 2 5 0.800000 6 0.200000
  0 -3.018877 43.872002 7.378750 -0.326773 0.169462 0.929786 0.433862 0.627798 2 0 0.300001 4 0.699999
  4 0.000000 46.939407 6.861054 0.000000 0.305504 0.952191 0.477372 0.683002 2 4 0.600000 5 0.400000
template_body
  0 -3.018877 43.872002 7.378750 -0.326773 0.169462 0.929786 0.433862 0.627798 2 0 0.300001 4 0.699999
  5 -2.531083 50.529858 5.106614 -0.359986 0.383248 0.850606 0.433100 0.752229 2 5 0.800000 6 0.200000
  6 -4.603900 51.313736 3.553457 -0.632424 -0.227480 0.740468 0.389669 0.768481 2 6 0.649992 4 0.350008
template_body
  6 -4.603900 51.313736 3.553457 -0.632424 -0.227480 0.740468 0.389669 0.768481 2 6 0.649992 4 0.350008
  4 -5.634290 45.228161 4.819779 -0.750361 0.200792 0.629794 0.383352 0.653072 2 4 0.600002 5 0.399998
  0 -3.018877 43.872002 7.378750 -0.326773 0.169462 0.929786 0.433862 0.627798 2 0 0.300001 4 0.699999
template_body
  4 -5.634290 45.228161 4.819779 -0.750361 0.200792 0.629794 0.383352 0.653072 2 4 0.600002 5 0.399998
  6 -4.603900 51.313736 3.553457 -0.632424 -0.227480 0.740468 0.389669 0.768481 2 6 0.649992 4 0.350008
  5 -6.640659 48.300518 1.193808 -0.932395 0.227094 0.281189 0.330244 0.714145 1 5 1.000000
template_body
  5 -6.640659 48.300518 1.193808 -0.932395 0.227094 0.281189 0.330244 0.714145 1 5 1.000000
  4 -7.285749 46.344975 1.508858 -0.933806 0.241372 0.264095 0.325774 0.675475 2 4 0.599997 5 0.400003
  4 -5.634290 45.228161 4.819779 -0.750361 0.200792 0.629794 0.383352 0.653072 2 4 0.600002 5 0.399998
template_body
  4 -7.285749 46.344975 1.508858 -0.933806 0.241372 0.264095 0.325774 0.675475 2 4 0.599997 5 0.400003
  0 -7.853822 43.851185 1.745541 -0.978285 0.106059 0.178074 0.320916 0.628905 2 0 0.500002 4 0.499999
  4 -5.634290 45.228161 4.819779 -0.750361 0.200792 0.629794 0.383352 0.653072 2 4 0.600002 5 0.399998
template_body
  6 -4.603900 51.313736 3.553457 -0.632424 -0.227480 0.740468 0.389669 0.768481 2 6 0.649992 4 0.350008
  5 -2.531083 50.529858 5.106614 -0.359986 0.383248 0.850606 0.433100 0.752229 2 5 0.800000 6 0.200000
  5 -1.333753 51.942924 4.922096 -0.221371 0.148587 0.963803 0.452982 0.779916 2 5 0.600000 6 0.400000
template_body
  6 -4.603900 51.313736 3.553457 -0.632424 -0.227480 0.740468 0.389669 0.768481 2 6 0.649992 4 0.350008
  5 -1.333753 51.942924 4.922096 -0.221371 0.148587 0.963803 0.452982 0.779916 2 5 0.600000 6 0.400000
  6 -2.910361 52.131222 4.639725 -0.284455 -0.119113 0.951261 0.425932 0.785167 2 6 0.799998 5 0.200002
template_body
  6 -2.910361 52.131222 4.639725 -0.284455 -0.119113 0.951261 0.425932 0.785167 2 6 0.799998 5 0.200002
  6 -5.101356 52.180168 3.791399 -0.576339 -0.198298 0.792787 0.386942 0.786995 1 6 1.000000
  6 -4.603900 51.313736 3.553457 -0.632424 -0.227480 0.740468 0.389669 0.768481 2 6 0.649992 4 0.350008
template_body
  6 -5.101356 52.180168 3.791399 -0.576339 -0.198298 0.792787 0.386942 0.786995 1 6 1.000000
  6 -2.910361 52.131222 4.639725 -0.284455 -0.119113 0.951261 0.425932 0.785167 2 6 0.799998 5 0.200002
  6 -3.004677 54.052475 4.478777 -0.233541 0.268134 0.934646 0.425681 0.818482 3 6 0.609525 7 0.200001 5 0.190474
template_body
  6 -3.004677 54.052475 4.478777 -0.233541 0.268134 0.934646 0.425681 0.818482 3 6 0.609525 7 0.200001 5 0.190474
  6 -2.910361 52.131222 4.639725 -0.284455 -0.119113 0.951261 0.425932 0.785167 2 6 0.799998 5 0.200002
  5 -1.333753 51.942924 4.922096 -0.221371 0.148587 0.963803 0.452982 0.779916 2 5 0.600000 6 0.400000
template_body
  5 -1.333753 51.942924 4.922096 -0.221371 0.148587 0.963803 0.452982 0.779916 2 5 0.600000 6 0.400000
  6 0.000000 53.952557 4.738008 0.000000 0.381310 0.924447 0.476690 0.817012 3 6 0.609527 7 0.199997 5 0.190476
  6 -3.004677 54.052475 4.478777 -0.233541 0.268134 0.934646 0.425681 0.818482 3 6 0.609525 7 0.200001 5 0.190474
template_body
  6 0.000000 53.952557 4.738008 0.000000 0.381310 0.924447 0.476690 0.817012 3 6 0.609527 7 0.199997 5 0.190476
  5 -1.333753 51.942924 4.922096 -0.221371 0.148587 0.963803 0.452982 0.779916 2 5 0.600000 6 0.400000
  5 0.000000 51.930721 5.171209 0.000000 0.247253 0.968951 0.477365 0.778857 2 5 0.400000 6 0.600000
template_body
  5 0.000000 51.930721 5.171209 0.000000 0.247253 0.968951 0.477365 0.778857 2 5 0.400000 6 0.600000
  5 1.333753 51.942924 4.922096 0.221371 0.148587 0.963803 0.500739 0.779315 2 5 0.600000 6 0.400000
  6 0.000000 53.952557 4.738008 0.000000 0.381310 0.924447 0.476690 0.817012 3 6 0.609527 7 0.199997 5 0.190476
template_body
  5 1.333753 51.942924 4.922096 0.221371 0.148587 0.963803 0.500739 0.779315 2 5 0.600000 6 0.400000
  5 0.000000 51.930721 5.171209 0.000000 0.247253 0.968951 0.477365 0.778857 2 5 0.400000 6 0.600000
  5 2.531083 50.529858 5.106614 0.359986 0.383248 0.850606 0.522330 0.751418 2 5 0.800000 6 0.200000
template_body
  5 1.333753 51.942924 4.922096 0.221371 0.148587 0.963803 0.500739 0.779315 2 5 0.600000 6 0.400000
  5 2.531083 50.529858 5.106614 0.359986 0.383248 0.850606 0.522330 0.751418 2 5 0.800000 6 0.200000
  6 4.603900 51.313740 3.553457 0.632424 -0.227480 0.740468 0.567088 0.767678 2 6 0.649994 4 0.350007
template_body
  6 4.603900 51.313740 3.553457 0.632424 -0.227480 0.740468 0.567088 0.767678 2 6 0.649994 4 0.350007
  5 2.531083 50.529858 5.106614 0.359986 0.383248 0.850606 0.522330 0.751418 2 5 0.800000 6 0.200000
  0 3.018877 43.872002 7.378750 0.326773 0.169462 0.929786 0.520646 0.627318 2 0 0.300006 4 0.699994
template_body
  4 0.000000 46.939407 6.861054 0.000000 0.305504 0.952191 0.477372 0.683002 2 4 0.600000 5 0.400000
  0 3.018877 43.872002 7.378750 0.326773 0.169462 0.929786 0.520646 0.627318 2 0 0.300006 4 0.699994
  5 2.531083 50.529858 5.106614 0.359986 0.383248 0.850606 0.522330 0.751418 2 5 0.800000 6 0.200000
template_body
  0 3.018877 43.872002 7.378750 0.326773 0.169462 0.929786 0.520646 0.627318 2 0 0.300006 4 0.699994
  4 0.000000 46.939407 6.861054 0.000000 0.305504 0.952191 0.477372 0.683002 2 4 0.600000 5 0.400000
  4 0.000000 43.921089 7.607929 0.000000 0.155156 0.987890 0.477102 0.629255 2 4 0.700000 0 0.300000
template_body
  4 0.000000 43.921089 7.607929 0.000000 0.155156 0.987890 0.477102 0.629255 2 4 0.700000 0 0.300000
  4 0.000000 46.939407 6.861054 0.000000 0.305504 0.952191 0.477372 0.683002 2 4 0.600000 5 0.400000
  0 -3.018877 43.872002 7.378750 -0.326773 0.169462 0.929786 0.433862 0.627798 2 0 0.300001 4 0.699999
template_body
  0 0.000000 40.783249 7.496430 0.000000 -0.075831 0.997121 0.476954 0.575324 2 0 0.800001 4 0.199999
  4 0.000000 43.921089 7.607929 0.000000 0.155156 0.987890 0.477102 0.629255 2 4 0.700000 0 0.300000
  0 -3.018877 43.872002 7.378750 -0.326773 0.169462 0.929786 0.433862 0.627798 2 0 0.300001 4 0.699999
template_body
  0 -3.018877 43.872002 7.378750 -0.326773 0.169462 0.929786 0.433862 0.627798 2 0 0.300001 4 0.699999
  0 -3.309178 40.936058 7.287716 -0.384788 -0.088158 0.918785 0.429806 0.577443 2 0 0.799998 4 0.200002
  0 0.000000 40.783249 7.496430 0.000000 -0.075831 0.997121 0.476954 0.575324 2 0 0.800001 4 0.199999
template_body
  0 0.000000 40.783249 7.496430 0.000000 -0.075831 0.997121 0.476954 0.575324 2 0 0.800001 4 0.199999
  0 -3.309178 40.936058 7.287716 -0.384788 -0.088158 0.918785 0.429806 0.577443 2 0 0.799998 4 0.200002
  0 -5.082352 39.327080 6.241735 -0.494049 -0.206162 0.844638 0.401213 0.548111 1 0 1.000000
template_body
  4 -5.634290 45.228161 4.819779 -0.750361 0.200792 0.629794 0.383352 0.653072 2 4 0.600002 5 0.399998
  0 -5.082352 39.327080 6.241735 -0.494049 -0.206162 0.844638 0.401213 0.548111 1 0 1.000000
  0 -3.309178 40.936058 7.287716 -0.384788 -0.088158 0.918785 0.429806 0.577443 2 0 0.799998 4 0.200002
template_body
  0 3.018877 43.872002 7.378750 0.326773 0.169462 0.929786 0.520646 0.627318 2 0 0.300006 4 0.699994
  4 0.000000 43.921089 7.607929 0.000000 0.155156 0.987890 0.477102 0.629255 2 4 0.700000 0 0.300000
  0 0.000000 40.783249 7.496430 0.000000 -0.075831 0.997121 0.476954 0.575324 2 0 0.800001 4 0.199999
template_body
  0 -5.082352 39.327080 6.241735 -0.494049 -0.206162 0.844638 0.401213 0.548111 1 0 1.000000
  0 0.000000 38.864414 7.171708 0.000000 -0.343799 0.939043 0.476771 0.541747 1 0 1.000000
  0 0.000000 40.783249 7.496430 0.000000 -0.075831 0.997121 0.476954 0.575324 2 0 0.800001 4 0.199999
template_body
  0 0.000000 38.864414 7.171708 0.000000 -0.343799 0.939043 0.476771 0.541747 1 0 1.000000
  0 -5.082352 39.327080 6.241735 -0.494049 -0.206162 0.844638 0.401213 0.548111 1 0 1.000000
  0 -2.820482 38.210472 6.253275 -0.205084 -0.847184 0.490123 0.434252 0.526842 1 0 1.000000
template_body
  0 -6.691833 38.517212 4.791440 -0.489701 -0.788927 0.371196 0.369790 0.529748 1 0 1.000000
  0 -2.820482 38.210472 6.253275 -0.205084 -0.847184 0.490123 0.434252 0.526842 1 0 1.000000
  0 -5.082352 39.327080 6.241735 -0.494049 -0.206162 0.844638 0.401213 0.548111 1 0 1.000000
template_body
  0 -5.082352 39.327080 6.241735 -0.494049 -0.206162 0.844638 0.401213 0.548111 1 0 1.000000
  4 -5.634290 45.228161 4.819779 -0.750361 0.200792 0.629794 0.383352 0.653072 2 4 0.600002 5 0.399998
  0 -6.691833 38.517212 4.791440 -0.489701 -0.788927 0.371196 0.369790 0.529748 1 0 1.000000
template_body
  0 -6.691833 38.517212 4.791440 -0.489701 -0.788927 0.371196 0.369790 0.529748 1 0 1.000000
  4 -5.634290 45.228161 4.819779 -0.750361 0.200792 0.629794 0.383352 0.653072 2 4 0.600002 5 0.399998
  0 -7.853822 43.851185 1.745541 -0.978285 0.106059 0.178074 0.320916 0.628905 2 0 0.500002 4 0.499999
template_body
  0 -7.853822 43.851185 1.745541 -0.978285 0.106059 0.178074 0.320916 0.628905 2 0 0.500002 4 0.499999
  0 -8.379115 40.042690 2.136630 -0.968021 0.104544 0.228048 0.320870 0.557026 1 0 1.000000
  0 -6.691833 38.517212 4.791440 -0.489701 -0.788927 0.371196 0.369790 0.529748 1 0 1.000000
template_body
  0 -6.691833 38.517212 4.791440 -0.489701 -0.788927 0.371196 0.369790 0.529748 1 0 1.000000
  0 -8.379115 40.042690 2.136630 -0.968021 0.104544 0.228048 0.320870 0.557026 1 0 1.000000
  0 -8.265367 39.173237 2.087689 -0.686526 -0.697915 0.203954 0.321260 0.540438 1 0 1.000000
template_body
  0 -2.820482 38.210472 6.253275 -0.205084 -0.847184 0.490123 0.434252 0.526842 1 0 1.000000
  0 0.000000 37.777950 6.676332 0.000000 -0.820616 0.571479 0.476937 0.520994 1 0 1.000000
  0 0.000000 38.864414 7.171708 0.000000 -0.343799 0.939043 0.476771 0.541747 1 0 1.000000
template_body
  0 -7.646502 42.051563 -1.227803 -0.937802 0.150244 -0.312977 0.267678 0.599454 2 0 0.700000 4 0.300000
  0 -8.379115 40.042690 2.136630 -0.968021 0.104544 0.228048 0.320870 0.557026 1 0 1.000000
  0 -7.853822 43.851185 1.745541 -0.978285 0.106059 0.178074 0.320916 0.628905 2 0 0.500002 4 0.499999
template_body
  0 -7.646502 42.051563 -1.227803 -0.937802 0.150244 -0.312977 0.267678 0.599454 2 0 0.700000 4 0.300000
  0 -8.058960 39.802925 -1.803392 -0.902344 -0.076767 -0.424125 0.255474 0.555595 1 0 1.000000
  0 -8.379115 40.042690 2.136630 -0.968021 0.104544 0.228048 0.320870 0.557026 1 0 1.000000
template_body
  0 -8.265367 39.173237 2.087689 -0.686526 -0.697915 0.203954 0.321260 0.540438 1 0 1.000000
  0 -8.379115 40.042690 2.136630 -0.968021 0.104544 0.228048 0.320870 0.557026 1 0 1.000000
  0 -8.058960 39.802925 -1.803392 -0.902344 -0.076767 -0.424125 0.255474 0.555595 1 0 1.000000
template_body
  0 -8.058960 39.802925 -1.803392 -0.902344 -0.076767 -0.424125 0.255474 0.555595 1 0 1.000000
  0 -7.461083 38.541645 -1.682935 -0.263210 -0.952585 -0.152652 0.256603 0.528100 1 0 1.000000
  0 -8.265367 39.173237 2.087689 -0.686526 -0.697915 0.203954 0.321260 0.540438 1 0 1.000000
template_body
  0 -7.461083 38.541645 -1.682935 -0.263210 -0.952585 -0.152652 0.256603 0.528100 1 0 1.000000
  0 -7.380045 38.818913 -1.085724 -0.669932 -0.729142 -0.139797 0.268869 0.523027 1 0 1.000000
  0 -8.265367 39.173237 2.087689 -0.686526 -0.697915 0.203954 0.321260 0.540438 1 0 1.000000
template_body
  0 -8.265367 39.173237 2.087689 -0.686526 -0.697915 0.203954 0.321260 0.540438 1 0 1.000000
  0 -7.380045 38.818913 -1.085724 -0.669932 -0.729142 -0.139797 0.268869 0.523027 1 0 1.000000
  0 -7.520510 39.023834 2.024735 -0.837526 -0.544041 0.050699 0.322981 0.526957 1 0 1.000000
template_body
  0 -6.691833 38.517212 4.791440 -0.489701 -0.788927 0.371196 0.369790 0.529748 1 0 1.000000
  0 -8.265367 39.173237 2.087689 -0.686526 -0.697915 0.203954 0.321260 0.540438 1 0 1.000000
  0 -7.520510 39.023834 2.024735 -0.837526 -0.544041 0.050699 0.322981 0.526957 1 0 1.000000
template_body
  0 -7.520510 39.023834 2.024735 -0.837526 -0.544041 0.050699 0.322981 0.526957 1 0 1.000000
  0 -6.198876 38.464790 4.368455 -0.502583 -0.711255 0.491454 0.370317 0.518740 1 0 1.000000
  0 -6.691833 38.517212 4.791440 -0.489701 -0.788927 0.371196 0.369790 0.529748 1 0 1.000000
template_body
  0 -6.691833 38.517212 4.791440 -0.489701 -0.788927 0.371196 0.369790 0.529748 1 0 1.000000
  0 -6.198876 38.464790 4.368455 -0.502583 -0.711255 0.491454 0.370317 0.518740 1 0 1.000000
  0 -2.811146 38.153309 5.613418 -0.290242 -0.614109 0.733914 0.431077 0.516181 1 0 1.000000
template_body
  0 -2.811146 38.153309 5.613418 -0.290242 -0.614109 0.733914 0.431077 0.516181 1 0 1.000000
  0 -2.820482 38.210472 6.253275 -0.205084 -0.847184 0.490123 0.434252 0.526842 1 0 1.000000
  0 -6.691833 38.517212 4.791440 -0.489701 -0.788927 0.371196 0.369790 0.529748 1 0 1.000000
template_body
  0 -2.820482 38.210472 6.253275 -0.205084 -0.847184 0.490123 0.434252 0.526842 1 0 1.000000
  0 -2.811146 38.153309 5.613418 -0.290242 -0.614109 0.733914 0.431077 0.516181 1 0 1.000000
  0 0.000000 37.724133 5.981745 0.000000 -0.741591 0.670852 0.477161 0.509098 1 0 1.000000
template_body
  0 0.000000 37.724133 5.981745 0.000000 -0.741591 0.670852 0.477161 0.509098 1 0 1.000000
  0 0.000000 37.777950 6.676332 0.000000 -0.820616 0.571479 0.476937 0.520994 1 0 1.000000
  0 -2.820482 38.210472 6.253275 -0.205084 -0.847184 0.490123 0.434252 0.526842 1 0 1.000000
template_body
  0 2.820482 38.210472 6.253275 0.205084 -0.847183 0.490124 0.519275 0.528998 1 0 1.000000
  0 0.000000 37.777950 6.676332 0.000000 -0.820616 0.571479 0.476937 0.520994 1 0 1.000000
  0 0.000000 37.724133 5.981745 0.000000 -0.741591 0.670852 0.477161 0.509098 1 0 1.000000
template_body
  0 0.000000 38.864414 7.171708 0.000000 -0.343799 0.939043 0.476771 0.541747 1 0 1.000000
  0 0.000000 37.777950 6.676332 0.000000 -0.820616 0.571479 0.476937 0.520994 1 0 1.000000
  0 2.820482 38.210472 6.253275 0.205084 -0.847183 0.490124 0.519275 0.528998 1 0 1.000000
template_body
  0 2.820482 38.210472 6.253275 0.205084 -0.847183 0.490124 0.519275 0.528998 1 0 1.000000
  0 5.082352 39.327080 6.241735 0.494048 -0.206162 0.844638 0.552655 0.548451 1 0 1.000000
  0 0.000000 38.864414 7.171708 0.000000 -0.343799 0.939043 0.476771 0.541747 1 0 1.000000
template_body
  0 0.000000 40.783249 7.496430 0.000000 -0.075831 0.997121 0.476954 0.575324 2 0 0.800001 4 0.199999
  0 0.000000 38.864414 7.171708 0.000000 -0.343799 0.939043 0.476771 0.541747 1 0 1.000000
  0 5.082352 39.327080 6.241735 0.494048 -0.206162 0.844638 0.552655 0.548451 1 0 1.000000
template_body
  0 5.082352 39.327080 6.241735 0.494048 -0.206162 0.844638 0.552655 0.548451 1 0 1.000000
  0 3.309178 40.936058 7.287716 0.384788 -0.088158 0.918785 0.524140 0.577171 2 0 0.800004 4 0.199996
  0 0.000000 40.783249 7.496430 0.000000 -0.075831 0.997121 0.476954 0.575324 2 0 0.800001 4 0.199999
template_body
  0 0.000000 40.783249 7.496430 0.000000 -0.075831 0.997121 0.476954 0.575324 2 0 0.800001 4 0.199999
  0 3.309178 40.936058 7.287716 0.384788 -0.088158 0.918785 0.524140 0.577171 2 0 0.800004 4 0.199996
  0 3.018877 43.872002 7.378750 0.326773 0.169462 0.929786 0.520646 0.627318 2 0 0.300006 4 0.699994
template_body
  7 -2.140359 59.872253 -0.382531 -0.751997 0.502337 0.426800 0.422454 0.951001 1 7 1.000000
  7 -2.295846 60.559628 -1.575177 -0.786874 0.561747 -0.255477 0.410400 0.971694 1 7 1.000000
  7 -2.628425 60.018505 -1.740661 -0.636313 0.761591 -0.122824 0.402651 0.966542 1 7 1.000000
template_body
  7 -2.628425 60.018505 -1.740661 -0.636313 0.761591 -0.122824 0.402651 0.966542 1 7 1.000000
  7 -2.559685 59.400570 -0.462127 -0.418556 0.812805 0.405165 0.412550 0.944018 1 7 1.000000
  7 -2.140359 59.872253 -0.382531 -0.751997 0.502337 0.426800 0.422454 0.951001 1 7 1.000000
template_body
  7 -2.140359 59.872253 -0.382531 -0.751997 0.502337 0.426800 0.422454 0.951001 1 7 1.000000
  7 -2.559685 59.400570 -0.462127 -0.418556 0.812805 0.405165 0.412550 0.944018 1 7 1.000000
  7 -1.097528 58.753304 1.680767 -0.246025 0.590000 0.769007 0.455117 0.919414 1 7 1.000000
template_body
  7 -1.097528 58.753304 1.680767 -0.246025 0.590000 0.769007 0.455117 0.919414 1 7 1.000000
  7 -2.559685 59.400570 -0.462127 -0.418556 0.812805 0.405165 0.412550 0.944018 1 7 1.000000
  7 -4.864406 57.214287 1.864124 -0.353749 0.584933 0.729873 0.385011 0.881166 2 7 0.500115 8 0.499885
template_body
  7 -4.864406 57.214287 1.864124 -0.353749 0.584933 0.729873 0.385011 0.881166 2 7 0.500115 8 0.499885
  6 -3.004677 54.052475 4.478777 -0.233541 0.268134 0.934646 0.425681 0.818482 3 6 0.609525 7 0.200001 5 0.190474
  7 -1.097528 58.753304 1.680767 -0.246025 0.590000 0.769007 0.455117 0.919414 1 7 1.000000
template_body
  6 -3.004677 54.052475 4.478777 -0.233541 0.268134 0.934646 0.425681 0.818482 3 6 0.609525 7 0.200001 5 0.190474
  7 -4.864406 57.214287 1.864124 -0.353749 0.584933 0.729873 0.385011 0.881166 2 7 0.500115 8 0.499885
  6 -5.219615 54.094494 3.701283 -0.678801 0.170080 0.714354 0.387006 0.819886 3 6 0.609525 7 0.200001 5 0.190474
template_body
  6 -3.004677 54.052475 4.478777 -0.233541 0.268134 0.934646 0.425681 0.818482 3 6 0.609525 7 0.200001 5 0.190474
  6 -5.219615 54.094494 3.701283 -0.678801 0.170080 0.714354 0.387006 0.819886 3 6 0.609525 7 0.200001 5 0.190474
  6 -5.101356 52.180168 3.791399 -0.576339 -0.198298 0.792787 0.386942 0.786995 1 6 1.000000
template_body
  6 -6.152161 52.276840 1.984300 -0.888063 -0.190122 0.418566 0.352789 0.789634 1 6 1.000000
  6 -5.101356 52.180168 3.791399 -0.576339 -0.198298 0.792787 0.386942 0.786995 1 6 1.000000
  6 -5.219615 54.094494 3.701283 -0.678801 0.170080 0.714354 0.387006 0.819886 3 6 0.609525 7 0.200001 5 0.190474
template_body
  6 -4.603900 51.313736 3.553457 -0.632424 -0.227480 0.740468 0.389669 0.768481 2 6 0.649992 4 0.350008
  6 -5.101356 52.180168 3.791399 -0.576339 -0.198298 0.792787 0.386942 0.786995 1 6 1.000000
  6 -6.152161 52.276840 1.984300 -0.888063 -0.190122 0.418566 0.352789 0.789634 1 6 1.000000
template_body
  6 -6.152161 52.276840 1.984300 -0.888063 -0.190122 0.418566 0.352789 0.789634 1 6 1.000000
  5 -6.166338 51.165119 1.287665 -0.900875 -0.010780 0.433945 0.341604 0.766507 2 5 0.500000 6 0.500000
  6 -4.603900 51.313736 3.553457 -0.632424 -0.227480 0.740468 0.389669 0.768481 2 6 0.649992 4 0.350008
template_body
  6 -4.603900 51.313736 3.553457 -0.632424 -0.227480 0.740468 0.389669 0.768481 2 6 0.649992 4 0.350008
  5 -6.166338 51.165119 1.287665 -0.900875 -0.010780 0.433945 0.341604 0.766507 2 5 0.500000 6 0.500000
  5 -6.640659 48.300518 1.193808 -0.932395 0.227094 0.281189 0.330244 0.714145 1 5 1.000000
template_body
  5 -6.640659 48.300518 1.193808 -0.932395 0.227094 0.281189 0.330244 0.714145 1 5 1.000000
  5 -6.166338 51.165119 1.287665 -0.900875 -0.010780 0.433945 0.341604 0.766507 2 5 0.500000 6 0.500000
  4 -7.060786 50.324333 -1.641249 -0.985700 -0.069165 -0.153663 0.287835 0.754453 3 4 0.455000 7 0.300000 5 0.245000
template_body
  4 -7.060786 50.324333 -1.641249 -0.985700 -0.069165 -0.153663 0.287835 0.754453 3 4 0.455000 7 0.300000 5 0.245000
  5 -7.100051 48.046440 -1.175861 -0.940041 0.062916 -0.335208 0.289097 0.714556 2 5 0.800000 4 0.200000
  5 -6.640659 48.300518 1.193808 -0.932395 0.227094 0.281189 0.330244 0.714145 1 5 1.000000
template_body
  5 -6.640659 48.300518 1.193808 -0.932395 0.227094 0.281189 0.330244 0.714145 1 5 1.000000
  5 -7.100051 48.046440 -1.175861 -0.940041 0.062916 -0.335208 0.289097 0.714556 2 5 0.800000 4 0.200000
  4 -7.575429 46.248241 -0.967770 -0.932955 0.159641 -0.322659 0.284538 0.679953 2 4 0.600000 5 0.400000
template_body
  4 -7.575429 46.248241 -0.967770 -0.932955 0.159641 -0.322659 0.284538 0.679953 2 4 0.600000 5 0.400000
  4 -7.285749 46.344975 1.508858 -0.933806 0.241372 0.264095 0.325774 0.675475 2 4 0.599997 5 0.400003
  5 -6.640659 48.300518 1.193808 -0.932395 0.227094 0.281189 0.330244 0.714145 1 5 1.000000
template_body
  4 -7.285749 46.344975 1.508858 -0.933806 0.241372 0.264095 0.325774 0.675475 2 4 0.599997 5 0.400003
  4 -7.575429 46.248241 -0.967770 -0.932955 0.159641 -0.322659 0.284538 0.679953 2 4 0.600000 5 0.400000
  4 -7.815829 43.897560 -0.975770 -0.949797 0.075479 -0.303625 0.276348 0.635425 2 4 0.700001 0 0.299999
template_body
  4 -7.815829 43.897560 -0.975770 -0.949797 0.075479 -0.303625 0.276348 0.635425 2 4 0.700001 0 0.299999
  0 -7.853822 43.851185 1.745541 -0.978285 0.106059 0.178074 0.320916 0.628905 2 0 0.500002 4 0.499999
  4 -7.285749 46.344975 1.508858 -0.933806 0.241372 0.264095 0.325774 0.675475 2 4 0.599997 5 0.400003
template_body
  0 -7.853822 43.851185 1.745541 -0.978285 0.106059 0.178074 0.320916 0.628905 2 0 0.500002 4 0.499999
  4 -7.815829 43.897560 -0.975770 -0.949797 0.075479 -0.303625 0.276348 0.635425 2 4 0.700001 0 0.299999
  0 -7.646502 42.051563 -1.227803 -0.937802 0.150244 -0.312977 0.267678 0.599454 2 0 0.700000 4 0.300000
template_body
  8 -5.202761 58.790203 -2.231200 -0.212622 0.948711 -0.233964 0.358503 0.954561 2 8 0.700000 7 0.300000
  8 -6.916344 58.326290 -2.374134 -0.466910 0.853278 -0.232188 0.329487 0.946741 1 8 1.000000
  8 -6.917893 58.388416 -0.427807 -0.374500 0.894553 0.243977 0.341476 0.916124 1 8 1.000000
template_body
  8 -6.917893 58.388416 -0.427807 -0.374500 0.894553 0.243977 0.341476 0.916124 1 8 1.000000
  7 -2.559685 59.400570 -0.462127 -0.418556 0.812805 0.405165 0.412550 0.944018 1 7 1.000000
  8 -5.202761 58.790203 -2.231200 -0.212622 0.948711 -0.233964 0.358503 0.954561 2 8 0.700000 7 0.300000
template_body
  7 -2.559685 59.400570 -0.462127 -0.418556 0.812805 0.405165 0.412550 0.944018 1 7 1.000000
  8 -6.917893 58.388416 -0.427807 -0.374500 0.894553 0.243977 0.341476 0.916124 1 8 1.000000
  8 -6.679561 57.856514 0.689781 -0.260522 0.707542 0.656896 0.350377 0.897459 1 8 1.000000
template_body
  8 -6.679561 57.856514 0.689781 -0.260522 0.707542 0.656896 0.350377 0.897459 1 8 1.000000
  7 -4.864406 57.214287 1.864124 -0.353749 0.584933 0.729873 0.385011 0.881166 2 7 0.500115 8 0.499885
  7 -2.559685 59.400570 -0.462127 -0.418556 0.812805 0.405165 0.412550 0.944018 1 7 1.000000
template_body
  7 -4.864406 57.214287 1.864124 -0.353749 0.584933 0.729873 0.385011 0.881166 2 7 0.500115 8 0.499885
  8 -6.679561 57.856514 0.689781 -0.260522 0.707542 0.656896 0.350377 0.897459 1 8 1.000000
  8 -6.255074 56.936558 1.319190 -0.310408 0.419683 0.852944 0.359391 0.880878 1 8 1.000000
template_body
  8 -5.988307 55.534973 1.741950 -0.531320 0.214643 0.819529 0.359775 0.852769 1 8 1.000000
  7 -4.864406 57.214287 1.864124 -0.353749 0.584933 0.729873 0.385011 0.881166 2 7 0.500115 8 0.499885
  8 -6.255074 56.936558 1.319190 -0.310408 0.419683 0.852944 0.359391 0.880878 1 8 1.000000
template_body
  7 -4.864406 57.214287 1.864124 -0.353749 0.584933 0.729873 0.385011 0.881166 2 7 0.500115 8 0.499885
  8 -5.988307 55.534973 1.741950 -0.531320 0.214643 0.819529 0.359775 0.852769 1 8 1.000000
  6 -5.219615 54.094494 3.701283 -0.678801 0.170080 0.714354 0.387006 0.819886 3 6 0.609525 7 0.200001 5 0.190474
template_body
  8 -6.541252 54.217514 1.550937 -0.576336 -0.154522 0.802471 0.345729 0.826554 2 8 0.651039 6 0.348961
  6 -5.219615 54.094494 3.701283 -0.678801 0.170080 0.714354 0.387006 0.819886 3 6 0.609525 7 0.200001 5 0.190474
  8 -5.988307 55.534973 1.741950 -0.531320 0.214643 0.819529 0.359775 0.852769 1 8 1.000000
template_body
  6 -6.152161 52.276840 1.984300 -0.888063 -0.190122 0.418566 0.352789 0.789634 1 6 1.000000
  6 -5.219615 54.094494 3.701283 -0.678801 0.170080 0.714354 0.387006 0.819886 3 6 0.609525 7 0.200001 5 0.190474
  8 -6.541252 54.217514 1.550937 -0.576336 -0.154522 0.802471 0.345729 0.826554 2 8 0.651039 6 0.348961
template_body
  8 -6.541252 54.217514 1.550937 -0.576336 -0.154522 0.802471 0.345729 0.826554 2 8 0.651039 6 0.348961
  6 -6.406713 52.920185 1.114645 -0.826958 -0.245803 0.505689 0.337406 0.799436 1 6 1.000000
  6 -6.152161 52.276840 1.984300 -0.888063 -0.190122 0.418566 0.352789 0.789634 1 6 1.000000
template_body
  6 -6.152161 52.276840 1.984300 -0.888063 -0.190122 0.418566 0.352789 0.789634 1 6 1.000000
  6 -6.406713 52.920185 1.114645 -0.826958 -0.245803 0.505689 0.337406 0.799436 1 6 1.000000
  5 -6.166338 51.165119 1.287665 -0.900875 -0.010780 0.433945 0.341604 0.766507 2 5 0.500000 6 0.500000
template_body
  5 -6.166338 51.165119 1.287665 -0.900875 -0.010780 0.433945 0.341604 0.766507 2 5 0.500000 6 0.500000
  6 -6.406713 52.920185 1.114645 -0.826958 -0.245803 0.505689 0.337406 0.799436 1 6 1.000000
  6 -6.973910 51.337574 -0.445974 -0.809204 -0.583903 0.065161 0.309499 0.770524 2 6 0.800000 9 0.200000
template_body
  4 -7.060786 50.324333 -1.641249 -0.985700 -0.069165 -0.153663 0.287835 0.754453 3 4 0.455000 7 0.300000 5 0.245000
  5 -6.166338 51.165119 1.287665 -0.900875 -0.010780 0.433945 0.341604 0.766507 2 5 0.500000 6 0.500000
  6 -6.973910 51.337574 -0.445974 -0.809204 -0.583903 0.065161 0.309499 0.770524 2 6 0.800000 9 0.200000
template_body
  4 -7.060786 50.324333 -1.641249 -0.985700 -0.069165 -0.153663 0.287835 0.754453 3 4 0.455000 7 0.300000 5 0.245000
  6 -6.973910 51.337574 -0.445974 -0.809204 -0.583903 0.065161 0.309499 0.770524 2 6 0.800000 9 0.200000
  6 -6.429940 53.830582 -3.760019 -0.543496 -0.203985 -0.814249 0.257667 0.819012 2 6 0.500039 8 0.499962
template_body
  7 -2.628425 60.018505 -1.740661 -0.636313 0.761591 -0.122824 0.402651 0.966542 1 7 1.000000
  7 -3.699214 59.344910 -2.025611 -0.350572 0.890068 -0.291339 0.383767 0.960518 2 7 0.700000 8 0.300000
  7 -2.559685 59.400570 -0.462127 -0.418556 0.812805 0.405165 0.412550 0.944018 1 7 1.000000
template_body
  7 -3.699214 59.344910 -2.025611 -0.350572 0.890068 -0.291339 0.383767 0.960518 2 7 0.700000 8 0.300000
  8 -5.202761 58.790203 -2.231200 -0.212622 0.948711 -0.233964 0.358503 0.954561 2 8 0.700000 7 0.300000
  7 -2.559685 59.400570 -0.462127 -0.418556 0.812805 0.405165 0.412550 0.944018 1 7 1.000000
template_body
  6 6.406713 52.920185 1.114645 0.826957 -0.245802 0.505690 0.147040 0.704161 1 6 1.000000
  6 6.973910 51.337578 -0.445974 0.809204 -0.583903 0.065163 0.112091 0.674579 2 6 0.800000 19 0.200000
  6 7.114866 51.549145 -0.414488 -0.012897 -0.935180 0.353939 0.107378 0.684300 2 6 0.300000 19 0.700000
template_body
  19 7.338141 51.387447 -0.237577 -0.751396 -0.569328 0.333571 0.100069 0.692603 1 19 1.000000
  6 6.781310 53.139530 0.871891 0.073713 -0.441722 0.894119 0.140644 0.711096 2 6 0.300000 19 0.700000
  6 7.114866 51.549145 -0.414488 -0.012897 -0.935180 0.353939 0.107378 0.684300 2 6 0.300000 19 0.700000
template_body
  6 6.781310 53.139530 0.871891 0.073713 -0.441722 0.894119 0.140644 0.711096 2 6 0.300000 19 0.700000
  6 6.406713 52.920185 1.114645 0.826957 -0.245802 0.505690 0.147040 0.704161 1 6 1.000000
  6 7.114866 51.549145 -0.414488 -0.012897 -0.935180 0.353939 0.107378 0.684300 2 6 0.300000 19 0.700000
template_body
  6 6.781310 53.139530 0.871891 0.073713 -0.441722 0.894119 0.140644 0.711096 2 6 0.300000 19 0.700000
  18 6.541252 54.217518 1.550937 0.576336 -0.154522 0.802471 0.163453 0.722959 2 18 0.651187 6 0.348814
  6 6.406713 52.920185 1.114645 0.826957 -0.245802 0.505690 0.147040 0.704161 1 6 1.000000
template_body
  18 6.916345 58.326290 -2.374134 0.466910 0.853278 -0.232188 0.230099 0.836836 1 18 1.000000
  18 6.917894 58.388416 -0.427807 0.374500 0.894553 0.243977 0.228849 0.795926 1 18 1.000000
  18 8.104123 57.614845 -0.477954 0.688281 0.710727 0.145383 0.200348 0.800356 2 18 0.500000 19 0.500000
template_body
  18 7.736211 57.119064 0.649940 0.553598 0.506576 0.660992 0.196807 0.776432 2 18 0.799913 19 0.200087
  18 8.104123 57.614845 -0.477954 0.688281 0.710727 0.145383 0.200348 0.800356 2 18 0.500000 19 0.500000
  18 6.917894 58.388416 -0.427807 0.374500 0.894553 0.243977 0.228849 0.795926 1 18 1.000000
template_body
  18 6.917894 58.388416 -0.427807 0.374500 0.894553 0.243977 0.228849 0.795926 1 18 1.000000
  18 6.679562 57.856514 0.689781 0.260522 0.707542 0.656896 0.222710 0.770115 1 18 1.000000
  18 7.736211 57.119064 0.649940 0.553598 0.506576 0.660992 0.196807 0.776432 2 18 0.799913 19 0.200087
template_body
  18 7.736211 57.119064 0.649940 0.553598 0.506576 0.660992 0.196807 0.776432 2 18 0.799913 19 0.200087
  18 6.679562 57.856514 0.689781 0.260522 0.707542 0.656896 0.222710 0.770115 1 18 1.000000
  18 6.255074 56.936558 1.319190 0.310408 0.419683 0.852944 0.212482 0.748147 1 18 1.000000
template_body
  18 5.988307 55.534973 1.741950 0.531320 0.214643 0.819529 0.191599 0.727350 1 18 1.000000
  18 7.736211 57.119064 0.649940 0.553598 0.506576 0.660992 0.196807 0.776432 2 18 0.799913 19 0.200087
  18 6.255074 56.936558 1.319190 0.310408 0.419683 0.852944 0.212482 0.748147 1 18 1.000000
template_body
  18 9.186649 54.674824 0.477194 0.560107 0.328436 0.760532 0.137503 0.775537 2 18 0.100040 19 0.899960
  18 7.736211 57.119064 0.649940 0.553598 0.506576 0.660992 0.196807 0.776432 2 18 0.799913 19 0.200087
  18 5.988307 55.534973 1.741950 0.531320 0.214643 0.819529 0.191599 0.727350 1 18 1.000000
template_body
  18 5.988307 55.534973 1.741950 0.531320 0.214643 0.819529 0.191599 0.727350 1 18 1.000000
  18 6.541252 54.217518 1.550937 0.576336 -0.154522 0.802471 0.163453 0.722959 2 18 0.651187 6 0.348814
  18 9.186649 54.674824 0.477194 0.560107 0.328436 0.760532 0.137503 0.775537 2 18 0.100040 19 0.899960
template_body
  18 7.973351 53.683605 0.919187 0.203202 -0.014752 0.979026 0.133940 0.740032 2 18 0.100062 19 0.899938
  18 9.186649 54.674824 0.477194 0.560107 0.328436 0.760532 0.137503 0.775537 2 18 0.100040 19 0.899960
  18 6.541252 54.217518 1.550937 0.576336 -0.154522 0.802471 0.163453 0.722959 2 18 0.651187 6 0.348814
template_body
  18 6.541252 54.217518 1.550937 0.576336 -0.154522 0.802471 0.163453 0.722959 2 18 0.651187 6 0.348814
  6 6.781310 53.139530 0.871891 0.073713 -0.441722 0.894119 0.140644 0.711096 2 6 0.300000 19 0.700000
  18 7.973351 53.683605 0.919187 0.203202 -0.014752 0.979026 0.133940 0.740032 2 18 0.100062 19 0.899938
template_body
  19 8.488730 52.527977 1.082261 -0.121450 -0.044459 0.991601 0.107339 0.736441 1 19 1.000000
  18 7.973351 53.683605 0.919187 0.203202 -0.014752 0.979026 0.133940 0.740032 2 18 0.100062 19 0.899938
  6 6.781310 53.139530 0.871891 0.073713 -0.441722 0.894119 0.140644 0.711096 2 6 0.300000 19 0.700000
template_body
  6 6.781310 53.139530 0.871891 0.073713 -0.441722 0.894119 0.140644 0.711096 2 6 0.300000 19 0.700000
  19 7.338141 51.387447 -0.237577 -0.751396 -0.569328 0.333571 0.100069 0.692603 1 19 1.000000
  19 8.488730 52.527977 1.082261 -0.121450 -0.044459 0.991601 0.107339 0.736441 1 19 1.000000
template_body
  19 9.372380 50.524830 1.112020 -0.471646 -0.251277 0.845228 0.058704 0.732288 1 19 1.000000
  19 8.488730 52.527977 1.082261 -0.121450 -0.044459 0.991601 0.107339 0.736441 1 19 1.000000
  19 7.338141 51.387447 -0.237577 -0.751396 -0.569328 0.333571 0.100069 0.692603 1 19 1.000000
template_body
  19 7.338141 51.387447 -0.237577 -0.751396 -0.569328 0.333571 0.100069 0.692603 1 19 1.000000
  19 7.741968 50.378895 -0.407509 -0.873597 -0.419769 0.246217 0.075108 0.689947 1 19 1.000000
  19 9.372380 50.524830 1.112020 -0.471646 -0.251277 0.845228 0.058704 0.732288 1 19 1.000000
template_body
  19 7.741968 50.378895 -0.407509 -0.873597 -0.419769 0.246217 0.075108 0.689947 1 19 1.000000
  19 8.074911 49.662449 -0.489365 -0.886980 -0.460290 0.037402 0.055199 0.687893 1 19 1.000000
  19 9.372380 50.524830 1.112020 -0.471646 -0.251277 0.845228 0.058704 0.732288 1 19 1.000000
template_body
  18 7.973351 53.683605 0.919187 0.203202 -0.014752 0.979026 0.133940 0.740032 2 18 0.100062 19 0.899938
  19 8.488730 52.527977 1.082261 -0.121450 -0.044459 0.991601 0.107339 0.736441 1 19 1.000000
  18 9.186649 54.674824 0.477194 0.560107 0.328436 0.760532 0.137503 0.775537 2 18 0.100040 19 0.899960
template_body
  18 8.873137 56.216137 -2.540775 0.805778 0.479953 -0.346940 0.169855 0.842457 2 18 0.499994 19 0.500006
  19 11.940651 51.664238 -2.104130 0.771953 0.461683 -0.436965 0.053179 0.840469 1 19 1.000000
  19 10.642994 50.783539 -3.543163 0.231630 0.081889 -0.969351 0.057855 0.883734 1 19 1.000000
template_body
  19 11.940651 51.664238 -2.104130 0.771953 0.461683 -0.436965 0.053179 0.840469 1 19 1.000000
  18 8.873137 56.216137 -2.540775 0.805778 0.479953 -0.346940 0.169855 0.842457 2 18 0.499994 19 0.500006
  18 9.762284 54.980370 -0.771919 0.820117 0.548672 0.162377 0.137053 0.806471 2 18 0.100012 19 0.899988
template_body
  18 8.873137 56.216137 -2.540775 0.805778 0.479953 -0.346940 0.169855 0.842457 2 18 0.499994 19 0.500006
  18 8.104123 57.614845 -0.477954 0.688281 0.710727 0.145383 0.200348 0.800356 2 18 0.500000 19 0.500000
  18 9.762284 54.980370 -0.771919 0.820117 0.548672 0.162377 0.137053 0.806471 2 18 0.100012 19 0.899988
template_body
  18 9.762284 54.980370 -0.771919 0.820117 0.548672 0.162377 0.137053 0.806471 2 18 0.100012 19 0.899988
  18 8.104123 57.614845 -0.477954 0.688281 0.710727 0.145383 0.200348 0.800356 2 18 0.500000 19 0.500000
  18 9.186649 54.674824 0.477194 0.560107 0.328436 0.760532 0.137503 0.775537 2 18 0.100040 19 0.899960
template_body
  18 7.736211 57.119064 0.649940 0.553598 0.506576 0.660992 0.196807 0.776432 2 18 0.799913 19 0.200087
  18 9.186649 54.674824 0.477194 0.560107 0.328436 0.760532 0.137503 0.775537 2 18 0.100040 19 0.899960
  18 8.104123 57.614845 -0.477954 0.688281 0.710727 0.145383 0.200348 0.800356 2 18 0.500000 19 0.500000
template_body
  19 8.488730 52.527977 1.082261 -0.121450 -0.044459 0.991601 0.107339 0.736441 1 19 1.000000
  19 9.372380 50.524830 1.112020 -0.471646 -0.251277 0.845228 0.058704 0.732288 1 19 1.000000
  19 11.141878 51.484566 0.901243 0.300708 0.259473 0.917741 0.055106 0.772443 1 19 1.000000
template_body
  19 11.141878 51.484566 0.901243 0.300708 0.259473 0.917741 0.055106 0.772443 1 19 1.000000
  18 9.186649 54.674824 0.477194 0.560107 0.328436 0.760532 0.137503 0.775537 2 18 0.100040 19 0.899960
  19 8.488730 52.527977 1.082261 -0.121450 -0.044459 0.991601 0.107339 0.736441 1 19 1.000000
template_body
  18 9.186649 54.674824 0.477194 0.560107 0.328436 0.760532 0.137503 0.775537 2 18 0.100040 19 0.899960
  19 11.141878 51.484566 0.901243 0.300708 0.259473 0.917741 0.055106 0.772443 1 19 1.000000
  19 12.157483 51.926167 -0.375797 0.738621 0.618821 0.267394 0.053310 0.805806 1 19 1.000000
template_body
  19 12.157483 51.926167 -0.375797 0.738621 0.618821 0.267394 0.053310 0.805806 1 19 1.000000
  18 9.762284 54.980370 -0.771919 0.820117 0.548672 0.162377 0.137053 0.806471 2 18 0.100012 19 0.899988
  18 9.186649 54.674824 0.477194 0.560107 0.328436 0.760532 0.137503 0.775537 2 18 0.100040 19 0.899960
template_body
  18 9.762284 54.980370 -0.771919 0.820117 0.548672 0.162377 0.137053 0.806471 2 18 0.100012 19 0.899988
  19 12.157483 51.926167 -0.375797 0.738621 0.618821 0.267394 0.053310 0.805806 1 19 1.000000
  19 11.940651 51.664238 -2.104130 0.771953 0.461683 -0.436965 0.053179 0.840469 1 19 1.000000
template_body
  18 6.363109 55.880859 -4.158293 0.196381 0.103888 -0.975009 0.202106 0.898916 1 18 1.000000
  18 6.497670 57.993740 -3.489113 0.230173 0.675154 -0.700848 0.230850 0.862533 1 18 1.000000
  18 7.360783 57.328663 -3.547988 0.484000 0.535658 -0.691964 0.208321 0.862024 2 18 0.799998 19 0.200002
template_body
  18 6.363109 55.880859 -4.158293 0.196381 0.103888 -0.975009 0.202106 0.898916 1 18 1.000000
  18 7.360783 57.328663 -3.547988 0.484000 0.535658 -0.691964 0.208321 0.862024 2 18 0.799998 19 0.200002
  18 8.211418 55.946552 -3.642188 0.527272 0.247368 -0.812892 0.176074 0.868669 2 18 0.500055 19 0.499945
template_body
  18 8.211418 55.946552 -3.642188 0.527272 0.247368 -0.812892 0.176074 0.868669 2 18 0.500055 19 0.499945
  18 7.037980 53.991840 -3.780194 -0.003751 -0.331821 -0.943335 0.162324 0.914539 2 18 0.799872 19 0.200128
  18 6.363109 55.880859 -4.158293 0.196381 0.103888 -0.975009 0.202106 0.898916 1 18 1.000000
template_body
  18 7.582304 52.881569 -3.474435 -0.212246 -0.386476 -0.897545 0.133848 0.917202 2 18 0.499965 19 0.500036
  18 7.037980 53.991840 -3.780194 -0.003751 -0.331821 -0.943335 0.162324 0.914539 2 18 0.799872 19 0.200128
  18 8.211418 55.946552 -3.642188 0.527272 0.247368 -0.812892 0.176074 0.868669 2 18 0.500055 19 0.499945
template_body
  6 6.973910 51.337578 -0.445974 0.809204 -0.583903 0.065163 0.104509 0.980449 2 6 0.800000 19 0.200000
  18 7.037980 53.991840 -3.780194 -0.003751 -0.331821 -0.943335 0.162324 0.914539 2 18 0.799872 19 0.200128
  18 7.582304 52.881569 -3.474435 -0.212246 -0.386476 -0.897545 0.133848 0.917202 2 18 0.499965 19 0.500036
template_body
  18 7.582304 52.881569 -3.474435 -0.212246 -0.386476 -0.897545 0.133848 0.917202 2 18 0.499965 19 0.500036
  6 7.114866 51.549145 -0.414488 -0.012897 -0.935180 0.353939 0.102731 0.976224 2 6 0.300000 19 0.700000
  6 6.973910 51.337578 -0.445974 0.809204 -0.583903 0.065163 0.104509 0.980449 2 6 0.800000 19 0.200000
template_body
  6 7.114866 51.549145 -0.414488 -0.012897 -0.935180 0.353939 0.102731 0.976224 2 6 0.300000 19 0.700000
  18 7.582304 52.881569 -3.474435 -0.212246 -0.386476 -0.897545 0.133848 0.917202 2 18 0.499965 19 0.500036
  19 7.975622 51.827671 -3.459145 -0.692282 -0.458933 -0.556889 0.106468 0.920935 1 19 1.000000
template_body
  19 7.975622 51.827671 -3.459145 -0.692282 -0.458933 -0.556889 0.106468 0.920935 1 19 1.000000
  19 7.338141 51.387447 -0.237577 -0.751396 -0.569328 0.333571 0.098478 0.975474 1 19 1.000000
  6 7.114866 51.549145 -0.414488 -0.012897 -0.935180 0.353939 0.102731 0.976224 2 6 0.300000 19 0.700000
template_body
  19 7.975622 51.827671 -3.459145 -0.692282 -0.458933 -0.556889 0.106468 0.920935 1 19 1.000000
  19 7.741968 50.378895 -0.407509 -0.873597 -0.419769 0.246217 0.080746 0.978630 1 19 1.000000
  19 7.338141 51.387447 -0.237577 -0.751396 -0.569328 0.333571 0.098478 0.975474 1 19 1.000000
template_body
  19 8.074911 49.662449 -0.489365 -0.886980 -0.460290 0.037402 0.056284 0.977358 1 19 1.000000
  19 7.741968 50.378895 -0.407509 -0.873597 -0.419769 0.246217 0.080746 0.978630 1 19 1.000000
  19 7.975622 51.827671 -3.459145 -0.692282 -0.458933 -0.556889 0.106468 0.920935 1 19 1.000000
template_body
  19 7.975622 51.827671 -3.459145 -0.692282 -0.458933 -0.556889 0.106468 0.920935 1 19 1.000000
  19 8.984990 49.982410 -3.062060 -0.523969 -0.443141 -0.727381 0.061228 0.921104 1 19 1.000000
  19 8.074911 49.662449 -0.489365 -0.886980 -0.460290 0.037402 0.056284 0.977358 1 19 1.000000
template_body
  19 8.984990 49.982410 -3.062060 -0.523969 -0.443141 -0.727381 0.061228 0.921104 1 19 1.000000
  19 7.975622 51.827671 -3.459145 -0.692282 -0.458933 -0.556889 0.106468 0.920935 1 19 1.000000
  19 10.642994 50.783539 -3.543163 0.231630 0.081889 -0.969351 0.057855 0.883734 1 19 1.000000
template_body
  19 10.642994 50.783539 -3.543163 0.231630 0.081889 -0.969351 0.057855 0.883734 1 19 1.000000
  19 7.975622 51.827671 -3.459145 -0.692282 -0.458933 -0.556889 0.106468 0.920935 1 19 1.000000
  18 7.582304 52.881569 -3.474435 -0.212246 -0.386476 -0.897545 0.133848 0.917202 2 18 0.499965 19 0.500036
template_body
  18 7.582304 52.881569 -3.474435 -0.212246 -0.386476 -0.897545 0.133848 0.917202 2 18 0.499965 19 0.500036
  18 8.211418 55.946552 -3.642188 0.527272 0.247368 -0.812892 0.176074 0.868669 2 18 0.500055 19 0.499945
  19 10.642994 50.783539 -3.543163 0.231630 0.081889 -0.969351 0.057855 0.883734 1 19 1.000000
template_body
  19 10.642994 50.783539 -3.543163 0.231630 0.081889 -0.969351 0.057855 0.883734 1 19 1.000000
  18 8.211418 55.946552 -3.642188 0.527272 0.247368 -0.812892 0.176074 0.868669 2 18 0.500055 19 0.499945
  18 8.873137 56.216137 -2.540775 0.805778 0.479953 -0.346940 0.169855 0.842457 2 18 0.499994 19 0.500006
template_body
  18 7.832781 57.576607 -2.516359 0.717682 0.632802 -0.290679 0.205098 0.840325 2 18 0.799973 19 0.200027
  18 8.873137 56.216137 -2.540775 0.805778 0.479953 -0.346940 0.169855 0.842457 2 18 0.499994 19 0.500006
  18 8.211418 55.946552 -3.642188 0.527272 0.247368 -0.812892 0.176074 0.868669 2 18 0.500055 19 0.499945
template_body
  18 8.104123 57.614845 -0.477954 0.688281 0.710727 0.145383 0.200348 0.800356 2 18 0.500000 19 0.500000
  18 8.873137 56.216137 -2.540775 0.805778 0.479953 -0.346940 0.169855 0.842457 2 18 0.499994 19 0.500006
  18 7.832781 57.576607 -2.516359 0.717682 0.632802 -0.290679 0.205098 0.840325 2 18 0.799973 19 0.200027
template_body
  18 8.104123 57.614845 -0.477954 0.688281 0.710727 0.145383 0.200348 0.800356 2 18 0.500000 19 0.500000
  18 7.832781 57.576607 -2.516359 0.717682 0.632802 -0.290679 0.205098 0.840325 2 18 0.799973 19 0.200027
  18 6.916345 58.326290 -2.374134 0.466910 0.853278 -0.232188 0.230099 0.836836 1 18 1.000000
template_body
  18 8.211418 55.946552 -3.642188 0.527272 0.247368 -0.812892 0.176074 0.868669 2 18 0.500055 19 0.499945
  18 7.360783 57.328663 -3.547988 0.484000 0.535658 -0.691964 0.208321 0.862024 2 18 0.799998 19 0.200002
  18 7.832781 57.576607 -2.516359 0.717682 0.632802 -0.290679 0.205098 0.840325 2 18 0.799973 19 0.200027
template_body
  18 6.916345 58.326290 -2.374134 0.466910 0.853278 -0.232188 0.230099 0.836836 1 18 1.000000
  18 7.832781 57.576607 -2.516359 0.717682 0.632802 -0.290679 0.205098 0.840325 2 18 0.799973 19 0.200027
  18 7.360783 57.328663 -3.547988 0.484000 0.535658 -0.691964 0.208321 0.862024 2 18 0.799998 19 0.200002
template_body
  18 7.360783 57.328663 -3.547988 0.484000 0.535658 -0.691964 0.208321 0.862024 2 18 0.799998 19 0.200002
  18 6.497670 57.993740 -3.489113 0.230173 0.675154 -0.700848 0.230850 0.862533 1 18 1.000000
  18 6.916345 58.326290 -2.374134 0.466910 0.853278 -0.232188 0.230099 0.836836 1 18 1.000000
template_body
  6 6.973910 51.337578 -0.445974 0.809204 -0.583903 0.065163 0.104509 0.980449 2 6 0.800000 19 0.200000
  18 6.429941 53.830582 -3.760019 0.543496 -0.203985 -0.814249 0.171270 0.927394 2 18 0.500205 6 0.499795
  18 7.037980 53.991840 -3.780194 -0.003751 -0.331821 -0.943335 0.162324 0.914539 2 18 0.799872 19 0.200128
template_body
  18 7.037980 53.991840 -3.780194 -0.003751 -0.331821 -0.943335 0.162324 0.914539 2 18 0.799872 19 0.200128
  18 6.429941 53.830582 -3.760019 0.543496 -0.203985 -0.814249 0.171270 0.927394 2 18 0.500205 6 0.499795
  18 6.363109 55.880859 -4.158293 0.196381 0.103888 -0.975009 0.202106 0.898916 1 18 1.000000
template_body
  14 9.975597 0.007622 0.240036 -0.184266 -0.766290 -0.615505 0.605187 0.459902 1 14 1.000000
  14 6.519475 0.032295 1.253420 -0.184511 -0.770210 -0.610518 0.604369 0.396476 1 14 1.000000
  14 6.633090 0.581280 0.526502 -0.102042 -0.938920 -0.328658 0.589153 0.402142 1 14 1.000000
template_body
  14 6.633090 0.581280 0.526502 -0.102042 -0.938920 -0.328658 0.589153 0.402142 1 14 1.000000
  14 9.596836 0.553053 -0.317782 -0.103893 -0.937053 -0.333372 0.590381 0.456403 1 14 1.000000
  14 9.975597 0.007622 0.240036 -0.184266 -0.766290 -0.615505 0.605187 0.459902 1 14 1.000000
template_body
  14 9.596836 0.553053 -0.317782 -0.103893 -0.937053 -0.333372 0.590381 0.456403 1 14 1.000000
  14 6.633090 0.581280 0.526502 -0.102042 -0.938920 -0.328658 0.589153 0.402142 1 14 1.000000
  14 5.998770 0.582241 -1.094281 0.089018 -0.924582 0.370436 0.558512 0.399952 1 14 1.000000
template_body
  14 5.998770 0.582241 -1.094281 0.089018 -0.924582 0.370436 0.558512 0.399952 1 14 1.000000
  14 9.078123 0.569111 -1.884384 0.184722 -0.582731 0.791393 0.561378 0.455868 1 14 1.000000
  14 9.596836 0.553053 -0.317782 -0.103893 -0.937053 -0.333372 0.590381 0.456403 1 14 1.000000
template_body
  14 9.078123 0.569111 -1.884384 0.184722 -0.582731 0.791393 0.561378 0.455868 1 14 1.000000
  14 5.998770 0.582241 -1.094281 0.089018 -0.924582 0.370436 0.558512 0.399952 1 14 1.000000
  14 5.878596 0.023140 -1.242737 0.224975 -0.196932 0.954256 0.548310 0.399124 1 14 1.000000
template_body
  14 5.878596 0.023140 -1.242737 0.224975 -0.196932 0.954256 0.548310 0.399124 1 14 1.000000
  14 9.185128 0.004730 -1.962894 0.211335 -0.095250 0.972761 0.551589 0.458612 1 14 1.000000
  14 9.078123 0.569111 -1.884384 0.184722 -0.582731 0.791393 0.561378 0.455868 1 14 1.000000
template_body
  14 5.638003 0.022519 -2.078865 -0.976985 -0.007494 0.213177 0.783055 0.467610 1 14 1.000000
  14 5.878592 0.023142 -1.242736 -0.952624 0.132002 0.274012 0.796699 0.469472 1 14 1.000000
  14 5.998767 0.582245 -1.094281 -0.932609 -0.171691 0.317431 0.800840 0.460561 1 14 1.000000
template_body
  14 5.883072 4.213346 -3.580492 -0.751681 0.410250 -0.516402 0.766982 0.397067 1 14 1.000000
  14 6.122822 4.571456 -3.270981 -0.622404 0.755644 -0.204001 0.770724 0.389777 1 14 1.000000
  14 6.933019 4.534720 -3.920662 -0.138796 0.790778 -0.596159 0.754230 0.384252 1 14 1.000000
template_body
  14 6.933019 4.534720 -3.920662 -0.138796 0.790778 -0.596159 0.754230 0.384252 1 14 1.000000
  14 6.805285 4.171315 -4.437143 -0.096729 0.380320 -0.919783 0.747484 0.392450 1 14 1.000000
  14 5.883072 4.213346 -3.580492 -0.751681 0.410250 -0.516402 0.766982 0.397067 1 14 1.000000
template_body
  14 5.883072 4.213346 -3.580492 -0.751681 0.410250 -0.516402 0.766982 0.397067 1 14 1.000000
  14 6.805285 4.171315 -4.437143 -0.096729 0.380320 -0.919783 0.747484 0.392450 1 14 1.000000
  14 6.765507 3.495239 -4.402951 -0.243321 0.189858 -0.951183 0.745681 0.403410 1 14 1.000000
template_body
  14 5.883072 4.213346 -3.580492 -0.751681 0.410250 -0.516402 0.766982 0.397067 1 14 1.000000
  14 6.765507 3.495239 -4.402951 -0.243321 0.189858 -0.951183 0.745681 0.403410 1 14 1.000000
  14 6.567108 2.704651 -4.693903 -0.286284 0.227487 -0.930748 0.741108 0.416770 1 14 1.000000
template_body
  14 6.567108 2.704651 -4.693903 -0.286284 0.227487 -0.930748 0.741108 0.416770 1 14 1.000000
  14 5.460701 1.506821 -3.621235 -0.939538 0.006063 -0.342391 0.761496 0.440713 1 14 1.000000
  14 5.883072 4.213346 -3.580492 -0.751681 0.410250 -0.516402 0.766982 0.397067 1 14 1.000000
template_body
  14 6.567108 2.704651 -4.693903 -0.286284 0.227487 -0.930748 0.741108 0.416770 1 14 1.000000
  14 6.557798 1.555275 -4.773654 -0.204326 -0.028301 -0.978494 0.736347 0.435256 1 14 1.000000
  14 5.460701 1.506821 -3.621235 -0.939538 0.006063 -0.342391 0.761496 0.440713 1 14 1.000000
template_body
  14 5.460701 1.506821 -3.621235 -0.939538 0.006063 -0.342391 0.761496 0.440713 1 14 1.000000
  14 6.557798 1.555275 -4.773654 -0.204326 -0.028301 -0.978494 0.736347 0.435256 1 14 1.000000
  14 6.606829 0.008594 -4.647559 -0.297582 -0.081796 -0.951186 0.733082 0.460541 1 14 1.000000
template_body
  14 6.606829 0.008594 -4.647559 -0.297582 -0.081796 -0.951186 0.733082 0.460541 1 14 1.000000
  14 5.462380 0.022302 -3.532190 -0.943018 -0.020986 -0.332079 0.759018 0.464498 1 14 1.000000
  14 5.460701 1.506821 -3.621235 -0.939538 0.006063 -0.342391 0.761496 0.440713 1 14 1.000000
template_body
  14 5.460701 1.506821 -3.621235 -0.939538 0.006063 -0.342391 0.761496 0.440713 1 14 1.000000
  14 5.462380 0.022302 -3.532190 -0.943018 -0.020986 -0.332079 0.759018 0.464498 1 14 1.000000
  14 5.638003 0.022519 -2.078865 -0.976985 -0.007494 0.213177 0.783055 0.467610 1 14 1.000000
template_body
  14 5.638003 0.022519 -2.078865 -0.976985 -0.007494 0.213177 0.783055 0.467610 1 14 1.000000
  14 5.550025 1.575892 -1.872276 -0.983629 -0.041122 0.175453 0.789250 0.442918 1 14 1.000000
  14 5.460701 1.506821 -3.621235 -0.939538 0.006063 -0.342391 0.761496 0.440713 1 14 1.000000
template_body
  14 5.998767 0.582245 -1.094281 -0.932609 -0.171691 0.317431 0.800840 0.460561 1 14 1.000000
  14 5.550025 1.575892 -1.872276 -0.983629 -0.041122 0.175453 0.789250 0.442918 1 14 1.000000
  14 5.638003 0.022519 -2.078865 -0.976985 -0.007494 0.213177 0.783055 0.467610 1 14 1.000000
template_body
  14 6.308300 1.382292 0.847942 -0.975495 -0.187893 0.114481 0.832787 0.448846 1 14 1.000000
  14 5.550025 1.575892 -1.872276 -0.983629 -0.041122 0.175453 0.789250 0.442918 1 14 1.000000
  14 5.998767 0.582245 -1.094281 -0.932609 -0.171691 0.317431 0.800840 0.460561 1 14 1.000000
template_body
  14 5.998767 0.582245 -1.094281 -0.932609 -0.171691 0.317431 0.800840 0.460561 1 14 1.000000
  14 6.633090 0.581280 0.526502 -0.926870 -0.375380 -0.001104 0.827402 0.462561 1 14 1.000000
  14 6.308300 1.382292 0.847942 -0.975495 -0.187893 0.114481 0.832787 0.448846 1 14 1.000000
template_body
  14 6.519472 0.032297 1.253419 -0.983579 -0.143666 -0.109231 0.836155 0.471694 1 14 1.000000
  14 6.308300 1.382292 0.847942 -0.975495 -0.187893 0.114481 0.832787 0.448846 1 14 1.000000
  14 6.633090 0.581280 0.526502 -0.926870 -0.375380 -0.001104 0.827402 0.462561 1 14 1.000000
template_body
  14 6.470168 0.036529 2.215595 -0.998642 -0.051674 0.006648 0.849815 0.474237 1 14 1.000000
  14 6.308300 1.382292 0.847942 -0.975495 -0.187893 0.114481 0.832787 0.448846 1 14 1.000000
  14 6.519472 0.032297 1.253419 -0.983579 -0.143666 -0.109231 0.836155 0.471694 1 14 1.000000
template_body
  14 6.308300 1.382292 0.847942 -0.975495 -0.187893 0.114481 0.832787 0.448846 1 14 1.000000
  14 6.470168 0.036529 2.215595 -0.998642 -0.051674 0.006648 0.849815 0.474237 1 14 1.000000
  14 6.583152 0.118427 4.043567 -0.975402 -0.136983 0.172701 0.879444 0.479897 1 14 1.000000
template_body
  14 6.583152 0.118427 4.043567 -0.975402 -0.136983 0.172701 0.879444 0.479897 1 14 1.000000
  14 6.390344 1.216144 4.082912 -0.947720 0.019984 0.318476 0.881230 0.462175 1 14 1.000000
  14 6.308300 1.382292 0.847942 -0.975495 -0.187893 0.114481 0.832787 0.448846 1 14 1.000000
template_body
  14 7.270628 1.428674 5.746751 -0.732622 0.155022 0.662746 0.910442 0.462752 1 14 1.000000
  14 6.390344 1.216144 4.082912 -0.947720 0.019984 0.318476 0.881230 0.462175 1 14 1.000000
  14 6.583152 0.118427 4.043567 -0.975402 -0.136983 0.172701 0.879444 0.479897 1 14 1.000000
template_body
  14 5.883072 4.213346 -3.580492 -0.751681 0.410250 -0.516402 0.766982 0.397067 1 14 1.000000
  14 5.460701 1.506821 -3.621235 -0.939538 0.006063 -0.342391 0.761496 0.440713 1 14 1.000000
  14 5.622772 4.127319 -1.806763 -0.887230 0.453749 0.083273 0.794762 0.399963 1 14 1.000000
template_body
  14 5.550025 1.575892 -1.872276 -0.983629 -0.041122 0.175453 0.789250 0.442918 1 14 1.000000
  14 5.622772 4.127319 -1.806763 -0.887230 0.453749 0.083273 0.794762 0.399963 1 14 1.000000
  14 5.460701 1.506821 -3.621235 -0.939538 0.006063 -0.342391 0.761496 0.440713 1 14 1.000000
template_body
  14 6.086423 2.637600 0.409714 -0.952288 0.161539 0.258945 0.828906 0.426121 1 14 1.000000
  14 5.622772 4.127319 -1.806763 -0.887230 0.453749 0.083273 0.794762 0.399963 1 14 1.000000
  14 5.550025 1.575892 -1.872276 -0.983629 -0.041122 0.175453 0.789250 0.442918 1 14 1.000000
template_body
  14 5.550025 1.575892 -1.872276 -0.983629 -0.041122 0.175453 0.789250 0.442918 1 14 1.000000
  14 6.308300 1.382292 0.847942 -0.975495 -0.187893 0.114481 0.832787 0.448846 1 14 1.000000
  14 6.086423 2.637600 0.409714 -0.952288 0.161539 0.258945 0.828906 0.426121 1 14 1.000000
template_body
  14 6.522922 2.118738 3.998797 -0.884815 0.418390 0.205068 0.881690 0.447863 1 14 1.000000
  14 6.086423 2.637600 0.409714 -0.952288 0.161539 0.258945 0.828906 0.426121 1 14 1.000000
  14 6.308300 1.382292 0.847942 -0.975495 -0.187893 0.114481 0.832787 0.448846 1 14 1.000000
template_body
  14 6.308300 1.382292 0.847942 -0.975495 -0.187893 0.114481 0.832787 0.448846 1 14 1.000000
  14 6.390344 1.216144 4.082912 -0.947720 0.019984 0.318476 0.881230 0.462175 1 14 1.000000
  14 6.522922 2.118738 3.998797 -0.884815 0.418390 0.205068 0.881690 0.447863 1 14 1.000000
template_body
  14 5.622772 4.127319 -1.806763 -0.887230 0.453749 0.083273 0.794762 0.399963 1 14 1.000000
  14 6.086423 2.637600 0.409714 -0.952288 0.161539 0.258945 0.828906 0.426121 1 14 1.000000
  14 6.394878 4.681870 -0.083721 -0.514706 0.843527 0.153430 0.825888 0.387495 1 14 1.000000
template_body
  14 7.022933 2.935870 2.160643 -0.564801 0.727043 0.390395 0.861839 0.419944 1 14 1.000000
  14 6.394878 4.681870 -0.083721 -0.514706 0.843527 0.153430 0.825888 0.387495 1 14 1.000000
  14 6.086423 2.637600 0.409714 -0.952288 0.161539 0.258945 0.828906 0.426121 1 14 1.000000
template_body
  14 6.086423 2.637600 0.409714 -0.952288 0.161539 0.258945 0.828906 0.426121 1 14 1.000000
  14 6.522922 2.118738 3.998797 -0.884815 0.418390 0.205068 0.881690 0.447863 1 14 1.000000
  14 7.022933 2.935870 2.160643 -0.564801 0.727043 0.390395 0.861839 0.419944 1 14 1.000000
template_body
  14 8.146864 4.212800 1.126948 0.136688 0.810708 0.569271 0.860638 0.384459 1 14 1.000000
  14 6.394878 4.681870 -0.083721 -0.514706 0.843527 0.153430 0.825888 0.387495 1 14 1.000000
  14 7.022933 2.935870 2.160643 -0.564801 0.727043 0.390395 0.861839 0.419944 1 14 1.000000
template_body
  14 7.270628 1.428674 5.746751 -0.732622 0.155022 0.662746 0.910442 0.462752 1 14 1.000000
  14 8.291607 1.544890 6.515129 -0.154952 0.267444 0.951033 0.929176 0.456926 1 14 1.000000
  14 8.201604 2.518176 5.963140 -0.359151 0.750671 0.554530 0.918338 0.444406 1 14 1.000000
template_body
  14 6.583152 0.118427 4.043567 -0.975402 -0.136983 0.172701 0.879444 0.479897 1 14 1.000000
  14 7.468519 0.370792 5.836751 -0.817059 -0.120104 0.563906 0.915495 0.478969 1 14 1.000000
  14 7.270628 1.428674 5.746751 -0.732622 0.155022 0.662746 0.910442 0.462752 1 14 1.000000
template_body
  14 7.270628 1.428674 5.746751 -0.732622 0.155022 0.662746 0.910442 0.462752 1 14 1.000000
  14 7.468519 0.370792 5.836751 -0.817059 -0.120104 0.563906 0.915495 0.478969 1 14 1.000000
  14 8.235558 0.485648 6.547151 -0.430482 0.006840 0.902573 0.936596 0.471267 1 14 1.000000
template_body
  14 8.235558 0.485648 6.547151 -0.430482 0.006840 0.902573 0.936596 0.471267 1 14 1.000000
  14 8.291607 1.544890 6.515129 -0.154952 0.267444 0.951033 0.929176 0.456926 1 14 1.000000
  14 7.270628 1.428674 5.746751 -0.732622 0.155022 0.662746 0.910442 0.462752 1 14 1.000000
template_body
  14 8.291607 1.544890 6.515129 -0.154952 0.267444 0.951033 0.929176 0.456926 1 14 1.000000
  14 8.235558 0.485648 6.547151 -0.430482 0.006840 0.902573 0.936596 0.471267 1 14 1.000000
  14 9.670977 0.463852 6.444919 0.210055 0.028240 0.977282 0.958435 0.451746 1 14 1.000000
template_body
  14 6.390344 1.216144 4.082912 -0.947720 0.019984 0.318476 0.881230 0.462175 1 14 1.000000
  14 7.270628 1.428674 5.746751 -0.732622 0.155022 0.662746 0.910442 0.462752 1 14 1.000000
  14 6.522922 2.118738 3.998797 -0.884815 0.418390 0.205068 0.881690 0.447863 1 14 1.000000
template_body
  14 8.201604 2.518176 5.963140 -0.359151 0.750671 0.554530 0.918338 0.444406 1 14 1.000000
  14 6.522922 2.118738 3.998797 -0.884815 0.418390 0.205068 0.881690 0.447863 1 14 1.000000
  14 7.270628 1.428674 5.746751 -0.732622 0.155022 0.662746 0.910442 0.462752 1 14 1.000000
template_body
  14 8.201604 2.518176 5.963140 -0.359151 0.750671 0.554530 0.918338 0.444406 1 14 1.000000
  14 7.022933 2.935870 2.160643 -0.564801 0.727043 0.390395 0.861839 0.419944 1 14 1.000000
  14 6.522922 2.118738 3.998797 -0.884815 0.418390 0.205068 0.881690 0.447863 1 14 1.000000
template_body
  14 8.933047 3.172375 3.525245 0.062562 0.978535 0.196353 0.898494 0.409775 1 14 1.000000
  14 7.022933 2.935870 2.160643 -0.564801 0.727043 0.390395 0.861839 0.419944 1 14 1.000000
  14 8.201604 2.518176 5.963140 -0.359151 0.750671 0.554530 0.918338 0.444406 1 14 1.000000
template_body
  14 8.933047 3.172375 3.525245 0.062562 0.978535 0.196353 0.898494 0.409775 1 14 1.000000
  14 8.146864 4.212800 1.126948 0.136688 0.810708 0.569271 0.860638 0.384459 1 14 1.000000
  14 7.022933 2.935870 2.160643 -0.564801 0.727043 0.390395 0.861839 0.419944 1 14 1.000000
template_body
  14 10.051185 2.972937 1.255601 0.669465 0.742515 0.022096 0.897496 0.369679 1 14 1.000000
  14 8.146864 4.212800 1.126948 0.136688 0.810708 0.569271 0.860638 0.384459 1 14 1.000000
  14 8.933047 3.172375 3.525245 0.062562 0.978535 0.196353 0.898494 0.409775 1 14 1.000000
template_body
  14 10.051185 2.972937 1.255601 0.669465 0.742515 0.022096 0.897496 0.369679 1 14 1.000000
  14 9.065630 4.385833 -0.702410 0.863032 0.500193 -0.070589 0.858504 0.348720 1 14 1.000000
  14 8.146864 4.212800 1.126948 0.136688 0.810708 0.569271 0.860638 0.384459 1 14 1.000000
template_body
  14 11.422768 1.184495 2.812474 0.989229 -0.028862 -0.143499 0.944441 0.376673 1 14 1.000000
  14 9.065630 4.385833 -0.702410 0.863032 0.500193 -0.070589 0.858504 0.348720 1 14 1.000000
  14 10.051185 2.972937 1.255601 0.669465 0.742515 0.022096 0.897496 0.369679 1 14 1.000000
template_body
  14 9.065630 4.385833 -0.702410 0.863032 0.500193 -0.070589 0.858504 0.348720 1 14 1.000000
  14 11.422768 1.184495 2.812474 0.989229 -0.028862 -0.143499 0.944441 0.376673 1 14 1.000000
  14 9.125855 3.170926 -2.539307 0.903123 0.236429 -0.358428 0.868556 0.314192 1 14 1.000000
template_body
  14 9.125855 3.170926 -2.539307 0.903123 0.236429 -0.358428 0.868556 0.314192 1 14 1.000000
  14 11.422768 1.184495 2.812474 0.989229 -0.028862 -0.143499 0.944441 0.376673 1 14 1.000000
  14 10.172896 1.290252 -0.327612 0.865044 -0.191602 -0.463667 0.915200 0.332625 1 14 1.000000
template_body
  14 10.617465 0.007693 1.127292 0.893637 -0.204536 -0.399471 0.946197 0.342658 1 14 1.000000
  14 10.172896 1.290252 -0.327612 0.865044 -0.191602 -0.463667 0.915200 0.332625 1 14 1.000000
  14 11.422768 1.184495 2.812474 0.989229 -0.028862 -0.143499 0.944441 0.376673 1 14 1.000000
template_body
  14 10.617465 0.007693 1.127292 0.893637 -0.204536 -0.399471 0.946197 0.342658 1 14 1.000000
  14 9.975595 0.007623 0.240035 0.730042 -0.323071 -0.602216 0.938001 0.327675 1 14 1.000000
  14 10.172896 1.290252 -0.327612 0.865044 -0.191602 -0.463667 0.915200 0.332625 1 14 1.000000
template_body
  14 9.975595 0.007623 0.240035 0.730042 -0.323071 -0.602216 0.938001 0.327675 1 14 1.000000
  14 9.596836 0.553053 -0.317782 0.665872 -0.527361 -0.527736 0.926525 0.322290 1 14 1.000000
  14 10.172896 1.290252 -0.327612 0.865044 -0.191602 -0.463667 0.915200 0.332625 1 14 1.000000
template_body
  14 10.172896 1.290252 -0.327612 0.865044 -0.191602 -0.463667 0.915200 0.332625 1 14 1.000000
  14 9.596836 0.553053 -0.317782 0.665872 -0.527361 -0.527736 0.926525 0.322290 1 14 1.000000
  14 9.078120 0.569114 -1.884384 0.928277 -0.247115 -0.277915 0.913447 0.300697 1 14 1.000000
template_body
  14 9.025783 4.198154 -2.541347 0.825281 0.497528 -0.267165 0.852763 0.319362 1 14 1.000000
  14 9.065630 4.385833 -0.702410 0.863032 0.500193 -0.070589 0.858504 0.348720 1 14 1.000000
  14 9.125855 3.170926 -2.539307 0.903123 0.236429 -0.358428 0.868556 0.314192 1 14 1.000000
template_body
  14 11.422768 1.184495 2.812474 0.989229 -0.028862 -0.143499 0.944441 0.376673 1 14 1.000000
  14 11.203793 0.012892 2.884609 0.967673 -0.191001 -0.164704 0.962346 0.369453 1 14 1.000000
  14 10.617465 0.007693 1.127292 0.893637 -0.204536 -0.399471 0.946197 0.342658 1 14 1.000000
template_body
  14 11.257304 0.160091 4.505072 0.977171 -0.193498 0.087719 0.971620 0.398204 1 14 1.000000
  14 11.203793 0.012892 2.884609 0.967673 -0.191001 -0.164704 0.962346 0.369453 1 14 1.000000
  14 11.422768 1.184495 2.812474 0.989229 -0.028862 -0.143499 0.944441 0.376673 1 14 1.000000
template_body
  14 11.422768 1.184495 2.812474 0.989229 -0.028862 -0.143499 0.944441 0.376673 1 14 1.000000
  14 11.465117 1.278839 4.640718 0.976696 0.066251 0.204148 0.954343 0.403125 1 14 1.000000
  14 11.257304 0.160091 4.505072 0.977171 -0.193498 0.087719 0.971620 0.398204 1 14 1.000000
template_body
  14 10.893958 0.348658 5.813584 0.743773 -0.095270 0.661608 0.970354 0.425888 1 14 1.000000
  14 11.257304 0.160091 4.505072 0.977171 -0.193498 0.087719 0.971620 0.398204 1 14 1.000000
  14 11.465117 1.278839 4.640718 0.976696 0.066251 0.204148 0.954343 0.403125 1 14 1.000000
template_body
  14 11.465117 1.278839 4.640718 0.976696 0.066251 0.204148 0.954343 0.403125 1 14 1.000000
  14 11.047412 1.472976 5.784506 0.735753 0.194711 0.648656 0.953933 0.421755 1 14 1.000000
  14 10.893958 0.348658 5.813584 0.743773 -0.095270 0.661608 0.970354 0.425888 1 14 1.000000
template_body
  14 9.670977 0.463852 6.444919 0.210055 0.028240 0.977282 0.958435 0.451746 1 14 1.000000
  14 10.893958 0.348658 5.813584 0.743773 -0.095270 0.661608 0.970354 0.425888 1 14 1.000000
  14 11.047412 1.472976 5.784506 0.735753 0.194711 0.648656 0.953933 0.421755 1 14 1.000000
template_body
  14 11.047412 1.472976 5.784506 0.735753 0.194711 0.648656 0.953933 0.421755 1 14 1.000000
  14 9.763062 1.491169 6.387116 0.320520 0.260800 0.910632 0.945915 0.441692 1 14 1.000000
  14 9.670977 0.463852 6.444919 0.210055 0.028240 0.977282 0.958435 0.451746 1 14 1.000000
template_body
  14 9.670977 0.463852 6.444919 0.210055 0.028240 0.977282 0.958435 0.451746 1 14 1.000000
  14 9.763062 1.491169 6.387116 0.320520 0.260800 0.910632 0.945915 0.441692 1 14 1.000000
  14 8.291607 1.544890 6.515129 -0.154952 0.267444 0.951033 0.929176 0.456926 1 14 1.000000
template_body
  14 8.291607 1.544890 6.515129 -0.154952 0.267444 0.951033 0.929176 0.456926 1 14 1.000000
  14 9.763062 1.491169 6.387116 0.320520 0.260800 0.910632 0.945915 0.441692 1 14 1.000000
  14 9.632213 2.640471 5.752987 0.177537 0.747154 0.640501 0.929655 0.429913 1 14 1.000000
template_body
  14 9.632213 2.640471 5.752987 0.177537 0.747154 0.640501 0.929655 0.429913 1 14 1.000000
  14 8.201604 2.518176 5.963140 -0.359151 0.750671 0.554530 0.918338 0.444406 1 14 1.000000
  14 8.291607 1.544890 6.515129 -0.154952 0.267444 0.951033 0.929176 0.456926 1 14 1.000000
template_body
  14 9.632213 2.640471 5.752987 0.177537 0.747154 0.640501 0.929655 0.429913 1 14 1.000000
  14 8.933047 3.172375 3.525245 0.062562 0.978535 0.196353 0.898494 0.409775 1 14 1.000000
  14 8.201604 2.518176 5.963140 -0.359151 0.750671 0.554530 0.918338 0.444406 1 14 1.000000
template_body
  14 9.632213 2.640471 5.752987 0.177537 0.747154 0.640501 0.929655 0.429913 1 14 1.000000
  14 10.859097 2.353321 5.303368 0.613825 0.690504 0.382653 0.940033 0.416553 1 14 1.000000
  14 8.933047 3.172375 3.525245 0.062562 0.978535 0.196353 0.898494 0.409775 1 14 1.000000
template_body
  14 10.859097 2.353321 5.303368 0.613825 0.690504 0.382653 0.940033 0.416553 1 14 1.000000
  14 11.264482 2.158117 2.894090 0.865031 0.472810 -0.167848 0.930343 0.383513 1 14 1.000000
  14 8.933047 3.172375 3.525245 0.062562 0.978535 0.196353 0.898494 0.409775 1 14 1.000000
template_body
  14 11.465117 1.278839 4.640718 0.976696 0.066251 0.204148 0.954343 0.403125 1 14 1.000000
  14 11.264482 2.158117 2.894090 0.865031 0.472810 -0.167848 0.930343 0.383513 1 14 1.000000
  14 10.859097 2.353321 5.303368 0.613825 0.690504 0.382653 0.940033 0.416553 1 14 1.000000
template_body
  14 11.264482 2.158117 2.894090 0.865031 0.472810 -0.167848 0.930343 0.383513 1 14 1.000000
  14 11.465117 1.278839 4.640718 0.976696 0.066251 0.204148 0.954343 0.403125 1 14 1.000000
  14 11.422768 1.184495 2.812474 0.989229 -0.028862 -0.143499 0.944441 0.376673 1 14 1.000000
template_body
  14 11.422768 1.184495 2.812474 0.989229 -0.028862 -0.143499 0.944441 0.376673 1 14 1.000000
  14 10.051185 2.972937 1.255601 0.669465 0.742515 0.022096 0.897496 0.369679 1 14 1.000000
  14 11.264482 2.158117 2.894090 0.865031 0.472810 -0.167848 0.930343 0.383513 1 14 1.000000
template_body
  14 8.933047 3.172375 3.525245 0.062562 0.978535 0.196353 0.898494 0.409775 1 14 1.000000
  14 11.264482 2.158117 2.894090 0.865031 0.472810 -0.167848 0.930343 0.383513 1 14 1.000000
  14 10.051185 2.972937 1.255601 0.669465 0.742515 0.022096 0.897496 0.369679 1 14 1.000000
template_body
  14 10.859097 2.353321 5.303368 0.613825 0.690504 0.382653 0.940033 0.416553 1 14 1.000000
  14 11.047412 1.472976 5.784506 0.735753 0.194711 0.648656 0.953933 0.421755 1 14 1.000000
  14 11.465117 1.278839 4.640718 0.976696 0.066251 0.204148 0.954343 0.403125 1 14 1.000000
template_body
  14 9.763062 1.491169 6.387116 0.320520 0.260800 0.910632 0.945915 0.441692 1 14 1.000000
  14 11.047412 1.472976 5.784506 0.735753 0.194711 0.648656 0.953933 0.421755 1 14 1.000000
  14 10.859097 2.353321 5.303368 0.613825 0.690504 0.382653 0.940033 0.416553 1 14 1.000000
template_body
  14 10.859097 2.353321 5.303368 0.613825 0.690504 0.382653 0.940033 0.416553 1 14 1.000000
  14 9.632213 2.640471 5.752987 0.177537 0.747154 0.640501 0.929655 0.429913 1 14 1.000000
  14 9.763062 1.491169 6.387116 0.320520 0.260800 0.910632 0.945915 0.441692 1 14 1.000000
template_body
  14 9.078120 0.569114 -1.884384 0.928277 -0.247115 -0.277915 0.913447 0.300697 1 14 1.000000
  14 9.119763 1.363818 -2.612383 0.908176 -0.072393 -0.412280 0.896734 0.297912 1 14 1.000000
  14 10.172896 1.290252 -0.327612 0.865044 -0.191602 -0.463667 0.915200 0.332625 1 14 1.000000
template_body
  14 10.172896 1.290252 -0.327612 0.865044 -0.191602 -0.463667 0.915200 0.332625 1 14 1.000000
  14 9.119763 1.363818 -2.612383 0.908176 -0.072393 -0.412280 0.896734 0.297912 1 14 1.000000
  14 9.125855 3.170926 -2.539307 0.903123 0.236429 -0.358428 0.868556 0.314192 1 14 1.000000
template_body
  14 8.074672 4.222675 -4.053602 0.490414 0.453471 -0.744216 0.842608 0.293165 1 14 1.000000
  14 9.125855 3.170926 -2.539307 0.903123 0.236429 -0.358428 0.868556 0.314192 1 14 1.000000
  14 9.119763 1.363818 -2.612383 0.908176 -0.072393 -0.412280 0.896734 0.297912 1 14 1.000000
template_body
  14 8.074672 4.222675 -4.053602 0.490414 0.453471 -0.744216 0.842608 0.293165 1 14 1.000000
  14 9.025783 4.198154 -2.541347 0.825281 0.497528 -0.267165 0.852763 0.319362 1 14 1.000000
  14 9.125855 3.170926 -2.539307 0.903123 0.236429 -0.358428 0.868556 0.314192 1 14 1.000000
template_body
  14 9.025783 4.198154 -2.541347 0.825281 0.497528 -0.267165 0.852763 0.319362 1 14 1.000000
  14 8.074672 4.222675 -4.053602 0.490414 0.453471 -0.744216 0.842608 0.293165 1 14 1.000000
  14 8.048788 4.581982 -3.687520 0.533455 0.662039 -0.526432 0.837241 0.299204 1 14 1.000000
template_body
  14 8.048788 4.581982 -3.687520 0.533455 0.662039 -0.526432 0.837241 0.299204 1 14 1.000000
  14 8.800621 4.447842 -2.505533 0.686202 0.707403 -0.169435 0.847462 0.320646 1 14 1.000000
  14 9.025783 4.198154 -2.541347 0.825281 0.497528 -0.267165 0.852763 0.319362 1 14 1.000000
template_body
  14 9.025783 4.198154 -2.541347 0.825281 0.497528 -0.267165 0.852763 0.319362 1 14 1.000000
  14 8.800621 4.447842 -2.505533 0.686202 0.707403 -0.169435 0.847462 0.320646 1 14 1.000000
  14 8.625472 4.734879 -0.844369 0.471604 0.852878 -0.224029 0.847263 0.349059 1 14 1.000000
template_body
  14 8.625472 4.734879 -0.844369 0.471604 0.852878 -0.224029 0.847263 0.349059 1 14 1.000000
  14 9.065630 4.385833 -0.702410 0.863032 0.500193 -0.070589 0.858504 0.348720 1 14 1.000000
  14 9.025783 4.198154 -2.541347 0.825281 0.497528 -0.267165 0.852763 0.319362 1 14 1.000000
template_body
  14 8.339561 5.186760 0.103830 0.318440 0.946951 0.043351 0.846614 0.366019 1 14 1.000000
  14 9.065630 4.385833 -0.702410 0.863032 0.500193 -0.070589 0.858504 0.348720 1 14 1.000000
  14 8.625472 4.734879 -0.844369 0.471604 0.852878 -0.224029 0.847263 0.349059 1 14 1.000000
template_body
  14 9.065630 4.385833 -0.702410 0.863032 0.500193 -0.070589 0.858504 0.348720 1 14 1.000000
  14 8.339561 5.186760 0.103830 0.318440 0.946951 0.043351 0.846614 0.366019 1 14 1.000000
  14 8.146864 4.212800 1.126948 0.136688 0.810708 0.569271 0.860638 0.384459 1 14 1.000000
template_body
  14 8.339561 5.186760 0.103830 0.318440 0.946951 0.043351 0.846614 0.366019 1 14 1.000000
  14 7.500636 5.160320 0.344117 -0.222576 0.972440 0.069431 0.840004 0.376055 1 14 1.000000
  14 8.146864 4.212800 1.126948 0.136688 0.810708 0.569271 0.860638 0.384459 1 14 1.000000
template_body
  14 8.146864 4.212800 1.126948 0.136688 0.810708 0.569271 0.860638 0.384459 1 14 1.000000
  14 7.500636 5.160320 0.344117 -0.222576 0.972440 0.069431 0.840004 0.376055 1 14 1.000000
  14 6.394878 4.681870 -0.083721 -0.514706 0.843527 0.153430 0.825888 0.387495 1 14 1.000000
template_body
  14 6.394878 4.681870 -0.083721 -0.514706 0.843527 0.153430 0.825888 0.387495 1 14 1.000000
  14 7.500636 5.160320 0.344117 -0.222576 0.972440 0.069431 0.840004 0.376055 1 14 1.000000
  14 7.700099 4.661808 -0.246730 -0.179545 0.795401 -0.578879 0.831291 0.365178 1 14 1.000000
template_body
  14 7.700099 4.661808 -0.246730 -0.179545 0.795401 -0.578879 0.831291 0.365178 1 14 1.000000
  14 6.687874 4.524448 -0.413031 -0.189314 0.957428 -0.217927 0.820569 0.385109 1 14 1.000000
  14 6.394878 4.681870 -0.083721 -0.514706 0.843527 0.153430 0.825888 0.387495 1 14 1.000000
template_body
  14 5.622772 4.127319 -1.806763 -0.887230 0.453749 0.083273 0.794762 0.399963 1 14 1.000000
  14 6.394878 4.681870 -0.083721 -0.514706 0.843527 0.153430 0.825888 0.387495 1 14 1.000000
  14 6.687874 4.524448 -0.413031 -0.189314 0.957428 -0.217927 0.820569 0.385109 1 14 1.000000
template_body
  14 6.687874 4.524448 -0.413031 -0.189314 0.957428 -0.217927 0.820569 0.385109 1 14 1.000000
  14 5.970074 4.374176 -1.773822 -0.582541 0.801734 0.133671 0.795835 0.393130 1 14 1.000000
  14 5.622772 4.127319 -1.806763 -0.887230 0.453749 0.083273 0.794762 0.399963 1 14 1.000000
template_body
  14 5.622772 4.127319 -1.806763 -0.887230 0.453749 0.083273 0.794762 0.399963 1 14 1.000000
  14 5.970074 4.374176 -1.773822 -0.582541 0.801734 0.133671 0.795835 0.393130 1 14 1.000000
  14 6.122822 4.571456 -3.270981 -0.622404 0.755644 -0.204001 0.770724 0.389777 1 14 1.000000
template_body
  14 6.122822 4.571456 -3.270981 -0.622404 0.755644 -0.204001 0.770724 0.389777 1 14 1.000000
  14 5.883072 4.213346 -3.580492 -0.751681 0.410250 -0.516402 0.766982 0.397067 1 14 1.000000
  14 5.622772 4.127319 -1.806763 -0.887230 0.453749 0.083273 0.794762 0.399963 1 14 1.000000
template_body
  14 8.625472 4.734879 -0.844369 0.471604 0.852878 -0.224029 0.847263 0.349059 1 14 1.000000
  14 7.700099 4.661808 -0.246730 -0.179545 0.795401 -0.578879 0.831291 0.365178 1 14 1.000000
  14 8.339561 5.186760 0.103830 0.318440 0.946951 0.043351 0.846614 0.366019 1 14 1.000000
template_body
  14 8.339561 5.186760 0.103830 0.318440 0.946951 0.043351 0.846614 0.366019 1 14 1.000000
  14 7.700099 4.661808 -0.246730 -0.179545 0.795401 -0.578879 0.831291 0.365178 1 14 1.000000
  14 7.500636 5.160320 0.344117 -0.222576 0.972440 0.069431 0.840004 0.376055 1 14 1.000000
template_body
  14 9.078120 0.569114 -1.884384 0.928277 -0.247115 -0.277915 0.913447 0.300697 1 14 1.000000
  14 9.185125 0.004732 -1.962895 0.931656 0.217166 -0.291300 0.921262 0.296392 1 14 1.000000
  14 8.879125 0.001736 -2.943804 0.931426 -0.001112 -0.363930 0.913697 0.281752 1 14 1.000000
template_body
  14 8.879125 0.001736 -2.943804 0.931426 -0.001112 -0.363930 0.913697 0.281752 1 14 1.000000
  14 9.119763 1.363818 -2.612383 0.908176 -0.072393 -0.412280 0.896734 0.297912 1 14 1.000000
  14 9.078120 0.569114 -1.884384 0.928277 -0.247115 -0.277915 0.913447 0.300697 1 14 1.000000
template_body
  14 8.008954 1.512187 -4.513651 0.525135 0.004757 -0.851006 0.879339 0.267958 1 14 1.000000
  14 9.119763 1.363818 -2.612383 0.908176 -0.072393 -0.412280 0.896734 0.297912 1 14 1.000000
  14 8.879125 0.001736 -2.943804 0.931426 -0.001112 -0.363930 0.913697 0.281752 1 14 1.000000
template_body
  14 9.119763 1.363818 -2.612383 0.908176 -0.072393 -0.412280 0.896734 0.297912 1 14 1.000000
  14 8.008954 1.512187 -4.513651 0.525135 0.004757 -0.851006 0.879339 0.267958 1 14 1.000000
  14 8.074672 4.222675 -4.053602 0.490414 0.453471 -0.744216 0.842608 0.293165 1 14 1.000000
template_body
  14 6.567108 2.704651 -4.693903 -0.286284 0.227487 -0.930748 0.850988 0.257864 1 14 1.000000
  14 8.074672 4.222675 -4.053602 0.490414 0.453471 -0.744216 0.842608 0.293165 1 14 1.000000
  14 8.008954 1.512187 -4.513651 0.525135 0.004757 -0.851006 0.879339 0.267958 1 14 1.000000
template_body
  14 8.074672 4.222675 -4.053602 0.490414 0.453471 -0.744216 0.842608 0.293165 1 14 1.000000
  14 6.567108 2.704651 -4.693903 -0.286284 0.227487 -0.930748 0.850988 0.257864 1 14 1.000000
  14 6.765507 3.495239 -4.402951 -0.243321 0.189858 -0.951183 0.841832 0.268619 1 14 1.000000
template_body
  14 8.074672 4.222675 -4.053602 0.490414 0.453471 -0.744216 0.842608 0.293165 1 14 1.000000
  14 6.765507 3.495239 -4.402951 -0.243321 0.189858 -0.951183 0.841832 0.268619 1 14 1.000000
  14 6.805285 4.171315 -4.437143 -0.096729 0.380320 -0.919783 0.832480 0.274581 1 14 1.000000
template_body
  14 8.074672 4.222675 -4.053602 0.490414 0.453471 -0.744216 0.842608 0.293165 1 14 1.000000
  14 6.805285 4.171315 -4.437143 -0.096729 0.380320 -0.919783 0.832480 0.274581 1 14 1.000000
  14 6.933019 4.534720 -3.920662 -0.138796 0.790778 -0.596159 0.826538 0.283407 1 14 1.000000
template_body
  14 6.933019 4.534720 -3.920662 -0.138796 0.790778 -0.596159 0.826538 0.283407 1 14 1.000000
  14 8.048788 4.581982 -3.687520 0.533455 0.662039 -0.526432 0.837241 0.299204 1 14 1.000000
  14 8.074672 4.222675 -4.053602 0.490414 0.453471 -0.744216 0.842608 0.293165 1 14 1.000000
template_body
  14 8.008954 1.512187 -4.513651 0.525135 0.004757 -0.851006 0.879339 0.267958 1 14 1.000000
  14 6.557798 1.555275 -4.773654 -0.204326 -0.028301 -0.978494 0.867135 0.247597 1 14 1.000000
  14 6.567108 2.704651 -4.693903 -0.286284 0.227487 -0.930748 0.850988 0.257864 1 14 1.000000
template_body
  14 6.557798 1.555275 -4.773654 -0.204326 -0.028301 -0.978494 0.867135 0.247597 1 14 1.000000
  14 8.008954 1.512187 -4.513651 0.525135 0.004757 -0.851006 0.879339 0.267958 1 14 1.000000
  14 8.017785 0.000065 -4.369579 0.572429 -0.074458 -0.816566 0.901377 0.257577 1 14 1.000000
template_body
  14 8.879125 0.001736 -2.943804 0.931426 -0.001112 -0.363930 0.913697 0.281752 1 14 1.000000
  14 8.017785 0.000065 -4.369579 0.572429 -0.074458 -0.816566 0.901377 0.257577 1 14 1.000000
  14 8.008954 1.512187 -4.513651 0.525135 0.004757 -0.851006 0.879339 0.267958 1 14 1.000000
template_body
  14 8.017785 0.000065 -4.369579 0.572429 -0.074458 -0.816566 0.901377 0.257577 1 14 1.000000
  14 6.606829 0.008594 -4.647559 -0.297582 -0.081796 -0.951186 0.890254 0.236680 1 14 1.000000
  14 6.557798 1.555275 -4.773654 -0.204326 -0.028301 -0.978494 0.867135 0.247597 1 14 1.000000
template_body
  14 11.257304 0.160091 4.505072 -0.007234 -0.991390 0.130738 0.683564 0.459685 1 14 1.000000
  14 10.893958 0.348658 5.813584 -0.022890 -0.990394 0.136367 0.703972 0.446831 1 14 1.000000
  14 9.670977 0.463852 6.444919 -0.009017 -0.988460 0.151210 0.708550 0.422942 1 14 1.000000
template_body
  14 8.235558 0.485648 6.547151 -0.003362 -0.986597 0.163141 0.702987 0.398214 1 14 1.000000
  14 7.468519 0.370792 5.836751 -0.003114 -0.988216 0.153033 0.686930 0.388951 1 14 1.000000
  14 9.670977 0.463852 6.444919 -0.009017 -0.988460 0.151210 0.708550 0.422942 1 14 1.000000
template_body
  14 9.670977 0.463852 6.444919 -0.009017 -0.988460 0.151210 0.708550 0.422942 1 14 1.000000
  14 7.468519 0.370792 5.836751 -0.003114 -0.988216 0.153033 0.686930 0.388951 1 14 1.000000
  14 11.257304 0.160091 4.505072 -0.007234 -0.991390 0.130738 0.683564 0.459685 1 14 1.000000
template_body
  14 11.257304 0.160091 4.505072 -0.007234 -0.991390 0.130738 0.683564 0.459685 1 14 1.000000
  14 7.468519 0.370792 5.836751 -0.003114 -0.988216 0.153033 0.686930 0.388951 1 14 1.000000
  14 6.583152 0.118427 4.043567 -0.005555 -0.995681 0.092672 0.651879 0.383247 1 14 1.000000
template_body
  14 6.583152 0.118427 4.043567 -0.005555 -0.995681 0.092672 0.651879 0.383247 1 14 1.000000
  14 11.203793 0.012892 2.884609 -0.005719 -0.998881 0.046956 0.655903 0.467067 1 14 1.000000
  14 11.257304 0.160091 4.505072 -0.007234 -0.991390 0.130738 0.683564 0.459685 1 14 1.000000
template_body
  14 10.617465 0.007693 1.127292 -0.005753 -0.999973 0.004574 0.623370 0.466150 1 14 1.000000
  14 11.203793 0.012892 2.884609 -0.005719 -0.998881 0.046956 0.655903 0.467067 1 14 1.000000
  14 6.583152 0.118427 4.043567 -0.005555 -0.995681 0.092672 0.651879 0.383247 1 14 1.000000
template_body
  14 6.583152 0.118427 4.043567 -0.005555 -0.995681 0.092672 0.651879 0.383247 1 14 1.000000
  14 6.470168 0.036529 2.215595 -0.007215 -0.999866 0.014677 0.620398 0.390699 1 14 1.000000
  14 10.617465 0.007693 1.127292 -0.005753 -0.999973 0.004574 0.623370 0.466150 1 14 1.000000
template_body
  14 9.975597 0.007622 0.240036 -0.005883 -0.999974 0.004193 0.605187 0.459902 1 14 1.000000
  14 10.617465 0.007693 1.127292 -0.005753 -0.999973 0.004574 0.623370 0.466150 1 14 1.000000
  14 6.470168 0.036529 2.215595 -0.007215 -0.999866 0.014677 0.620398 0.390699 1 14 1.000000
template_body
  14 6.470168 0.036529 2.215595 -0.007215 -0.999866 0.014677 0.620398 0.390699 1 14 1.000000
  14 6.519475 0.032295 1.253420 -0.005939 -0.999974 0.004093 0.604369 0.396476 1 14 1.000000
  14 9.975597 0.007622 0.240036 -0.005883 -0.999974 0.004193 0.605187 0.459902 1 14 1.000000
template_body
  13 4.053100 22.616583 2.384248 0.568125 -0.407045 -0.715226 0.884234 0.066040 2 13 0.900000 14 0.100000
  13 3.964545 25.134075 2.056530 0.734897 -0.055878 -0.675873 0.867397 0.088138 1 13 1.000000
  13 6.184853 25.126886 2.623736 -0.201242 -0.361143 -0.910537 0.887646 0.103536 1 13 1.000000
template_body
  13 3.770805 21.144545 4.119575 0.319924 -0.699603 -0.638908 0.903901 0.051396 2 13 0.800000 14 0.200000
  13 4.053100 22.616583 2.384248 0.568125 -0.407045 -0.715226 0.884234 0.066040 2 13 0.900000 14 0.100000
  13 6.847044 22.473034 3.439581 -0.239176 -0.457579 -0.856397 0.911280 0.084846 2 13 0.900000 14 0.100000
template_body
  13 4.053100 22.616583 2.384248 0.568125 -0.407045 -0.715226 0.884234 0.066040 2 13 0.900000 14 0.100000
  13 3.770805 21.144545 4.119575 0.319924 -0.699603 -0.638908 0.903901 0.051396 2 13 0.800000 14 0.200000
  13 2.377628 21.279657 1.893144 0.647450 -0.705711 -0.287716 0.880677 0.043579 2 13 0.800000 14 0.200000
template_body
  13 4.053100 22.616583 2.384248 0.568125 -0.407045 -0.715226 0.884234 0.066040 2 13 0.900000 14 0.100000
  13 2.377628 21.279657 1.893144 0.647450 -0.705711 -0.287716 0.880677 0.043579 2 13 0.800000 14 0.200000
  13 2.081678 21.414768 -0.333288 0.835900 -0.548881 0.000361 0.857454 0.035762 2 13 0.500000 14 0.500000
template_body
  13 2.081678 21.414768 -0.333288 0.835900 -0.548881 0.000361 0.857454 0.035762 2 13 0.500000 14 0.500000
  13 2.758721 22.881344 -0.229389 0.960916 -0.247556 -0.123923 0.854628 0.053308 2 13 0.800000 14 0.200000
  13 4.053100 22.616583 2.384248 0.568125 -0.407045 -0.715226 0.884234 0.066040 2 13 0.900000 14 0.100000
template_body
  13 3.964545 25.134075 2.056530 0.734897 -0.055878 -0.675873 0.867397 0.088138 1 13 1.000000
  13 4.053100 22.616583 2.384248 0.568125 -0.407045 -0.715226 0.884234 0.066040 2 13 0.900000 14 0.100000
  13 2.758721 22.881344 -0.229389 0.960916 -0.247556 -0.123923 0.854628 0.053308 2 13 0.800000 14 0.200000
template_body
  13 2.758721 22.881344 -0.229389 0.960916 -0.247556 -0.123923 0.854628 0.053308 2 13 0.800000 14 0.200000
  13 2.860227 25.211161 -0.088743 0.998330 0.006214 0.057429 0.844459 0.076045 1 13 1.000000
  13 3.964545 25.134075 2.056530 0.734897 -0.055878 -0.675873 0.867397 0.088138 1 13 1.000000
template_body
  13 6.697201 22.356796 -3.920221 -0.130267 -0.769444 0.625289 0.952143 0.169048 2 13 0.700000 14 0.300000
  14 6.636496 23.143557 -2.942261 -0.373378 -0.366332 0.852285 0.938354 0.167576 1 14 1.000000
  14 4.743748 23.074203 -2.998544 0.356231 -0.385648 0.851102 0.941886 0.188938 1 14 1.000000
template_body
  14 6.636496 23.143557 -2.942261 -0.373378 -0.366332 0.852285 0.938354 0.167576 1 14 1.000000
  13 6.697201 22.356796 -3.920221 -0.130267 -0.769444 0.625289 0.952143 0.169048 2 13 0.700000 14 0.300000
  13 9.128590 22.205938 -2.260266 -0.589878 -0.698612 0.404952 0.950999 0.141997 2 13 0.700000 14 0.300000
template_body
  13 9.128590 22.205938 -2.260266 -0.589878 -0.698612 0.404952 0.950999 0.141997 2 13 0.700000 14 0.300000
  13 8.501767 23.235680 -1.395624 -0.842434 -0.445372 0.303229 0.934166 0.141549 2 13 0.800000 14 0.200000
  14 6.636496 23.143557 -2.942261 -0.373378 -0.366332 0.852285 0.938354 0.167576 1 14 1.000000
template_body
  13 8.501767 23.235680 -1.395624 -0.842434 -0.445372 0.303229 0.934166 0.141549 2 13 0.800000 14 0.200000
  13 9.128590 22.205938 -2.260266 -0.589878 -0.698612 0.404952 0.950999 0.141997 2 13 0.700000 14 0.300000
  13 9.519393 21.944811 1.532950 -0.774601 -0.550377 -0.311574 0.938672 0.106803 2 13 0.800000 14 0.200000
template_body
  13 9.519393 21.944811 1.532950 -0.774601 -0.550377 -0.311574 0.938672 0.106803 2 13 0.800000 14 0.200000
  13 8.831505 23.217741 1.303830 -0.812630 -0.447991 -0.372741 0.924191 0.114176 2 13 0.900000 14 0.100000
  13 8.501767 23.235680 -1.395624 -0.842434 -0.445372 0.303229 0.934166 0.141549 2 13 0.800000 14 0.200000
template_body
  13 6.847044 22.473034 3.439581 -0.239176 -0.457579 -0.856397 0.911280 0.084846 2 13 0.900000 14 0.100000
  13 8.831505 23.217741 1.303830 -0.812630 -0.447991 -0.372741 0.924191 0.114176 2 13 0.900000 14 0.100000
  13 9.519393 21.944811 1.532950 -0.774601 -0.550377 -0.311574 0.938672 0.106803 2 13 0.800000 14 0.200000
template_body
  13 9.519393 21.944811 1.532950 -0.774601 -0.550377 -0.311574 0.938672 0.106803 2 13 0.800000 14 0.200000
  13 7.038497 21.325464 4.356887 -0.241726 -0.630153 -0.737886 0.922253 0.074861 2 13 0.800000 14 0.200000
  13 6.847044 22.473034 3.439581 -0.239176 -0.457579 -0.856397 0.911280 0.084846 2 13 0.900000 14 0.100000
template_body
  13 6.847044 22.473034 3.439581 -0.239176 -0.457579 -0.856397 0.911280 0.084846 2 13 0.900000 14 0.100000
  13 7.038497 21.325464 4.356887 -0.241726 -0.630153 -0.737886 0.922253 0.074861 2 13 0.800000 14 0.200000
  13 3.770805 21.144545 4.119575 0.319924 -0.699603 -0.638908 0.903901 0.051396 2 13 0.800000 14 0.200000
template_body
  14 4.743748 23.074203 -2.998544 0.356231 -0.385648 0.851102 0.941886 0.188938 1 14 1.000000
  13 4.684862 22.205299 -4.003151 0.320696 -0.725617 0.608798 0.955358 0.184685 2 13 0.700000 14 0.300000
  13 6.697201 22.356796 -3.920221 -0.130267 -0.769444 0.625289 0.952143 0.169048 2 13 0.700000 14 0.300000
template_body
  13 2.850760 21.650036 -2.596634 0.668063 -0.595313 0.446424 0.960704 0.207565 2 13 0.700000 14 0.300000
  13 4.684862 22.205299 -4.003151 0.320696 -0.725617 0.608798 0.955358 0.184685 2 13 0.700000 14 0.300000
  14 4.743748 23.074203 -2.998544 0.356231 -0.385648 0.851102 0.941886 0.188938 1 14 1.000000
template_body
  14 4.743748 23.074203 -2.998544 0.356231 -0.385648 0.851102 0.941886 0.188938 1 14 1.000000
  14 3.501570 22.920769 -1.942824 0.859615 -0.199407 0.470424 0.943472 0.207657 1 14 1.000000
  13 2.850760 21.650036 -2.596634 0.668063 -0.595313 0.446424 0.960704 0.207565 2 13 0.700000 14 0.300000
template_body
  13 2.081678 21.414768 -0.333288 0.835900 -0.548881 0.000361 0.960245 0.230459 2 13 0.500000 14 0.500000
  13 2.850760 21.650036 -2.596634 0.668063 -0.595313 0.446424 0.960704 0.207565 2 13 0.700000 14 0.300000
  14 3.501570 22.920769 -1.942824 0.859615 -0.199407 0.470424 0.943472 0.207657 1 14 1.000000
template_body
  14 3.501570 22.920769 -1.942824 0.859615 -0.199407 0.470424 0.943472 0.207657 1 14 1.000000
  13 2.758721 22.881344 -0.229389 0.960916 -0.247556 -0.123923 0.942937 0.228201 2 13 0.800000 14 0.200000
  13 2.081678 21.414768 -0.333288 0.835900 -0.548881 0.000361 0.960245 0.230459 2 13 0.500000 14 0.500000
template_body
  13 2.860227 25.211161 -0.088743 0.998330 0.006214 0.057429 0.918471 0.228167 1 13 1.000000
  13 2.758721 22.881344 -0.229389 0.960916 -0.247556 -0.123923 0.942937 0.228201 2 13 0.800000 14 0.200000
  14 3.501570 22.920769 -1.942824 0.859615 -0.199407 0.470424 0.943472 0.207657 1 14 1.000000
template_body
  14 3.501570 22.920769 -1.942824 0.859615 -0.199407 0.470424 0.943472 0.207657 1 14 1.000000
  13 3.307313 25.249104 -2.060048 0.729229 0.022646 0.683895 0.918546 0.206922 1 13 1.000000
  13 2.860227 25.211161 -0.088743 0.998330 0.006214 0.057429 0.918471 0.228167 1 13 1.000000
template_body
  13 3.307313 25.249104 -2.060048 0.729229 0.022646 0.683895 0.918546 0.206922 1 13 1.000000
  14 3.501570 22.920769 -1.942824 0.859615 -0.199407 0.470424 0.943472 0.207657 1 14 1.000000
  14 4.743748 23.074203 -2.998544 0.356231 -0.385648 0.851102 0.941886 0.188938 1 14 1.000000
template_body
  14 4.743748 23.074203 -2.998544 0.356231 -0.385648 0.851102 0.941886 0.188938 1 14 1.000000
  13 4.884571 25.301394 -2.763554 0.156702 -0.082511 0.984193 0.917883 0.189341 1 13 1.000000
  13 3.307313 25.249104 -2.060048 0.729229 0.022646 0.683895 0.918546 0.206922 1 13 1.000000
template_body
  13 4.884571 25.301394 -2.763554 0.156702 -0.082511 0.984193 0.917883 0.189341 1 13 1.000000
  14 4.743748 23.074203 -2.998544 0.356231 -0.385648 0.851102 0.941886 0.188938 1 14 1.000000
  14 6.636496 23.143557 -2.942261 -0.373378 -0.366332 0.852285 0.938354 0.167576 1 14 1.000000
template_body
  14 6.636496 23.143557 -2.942261 -0.373378 -0.366332 0.852285 0.938354 0.167576 1 14 1.000000
  13 6.674309 25.319340 -2.905432 -0.429343 -0.007824 0.903107 0.915505 0.170217 1 13 1.000000
  13 4.884571 25.301394 -2.763554 0.156702 -0.082511 0.984193 0.917883 0.189341 1 13 1.000000
template_body
  13 7.615701 25.314707 -1.541213 -0.843760 -0.212255 0.492968 0.912076 0.152095 1 13 1.000000
  13 6.674309 25.319340 -2.905432 -0.429343 -0.007824 0.903107 0.915505 0.170217 1 13 1.000000
  14 6.636496 23.143557 -2.942261 -0.373378 -0.366332 0.852285 0.938354 0.167576 1 14 1.000000
template_body
  14 6.636496 23.143557 -2.942261 -0.373378 -0.366332 0.852285 0.938354 0.167576 1 14 1.000000
  13 8.501767 23.235680 -1.395624 -0.842434 -0.445372 0.303229 0.934166 0.141549 2 13 0.800000 14 0.200000
  13 7.615701 25.314707 -1.541213 -0.843760 -0.212255 0.492968 0.912076 0.152095 1 13 1.000000
template_body
  13 7.762650 25.250582 0.512278 -0.868212 -0.479714 -0.126815 0.904008 0.129567 1 13 1.000000
  13 7.615701 25.314707 -1.541213 -0.843760 -0.212255 0.492968 0.912076 0.152095 1 13 1.000000
  13 8.501767 23.235680 -1.395624 -0.842434 -0.445372 0.303229 0.934166 0.141549 2 13 0.800000 14 0.200000
template_body
  13 8.501767 23.235680 -1.395624 -0.842434 -0.445372 0.303229 0.934166 0.141549 2 13 0.800000 14 0.200000
  13 8.831505 23.217741 1.303830 -0.812630 -0.447991 -0.372741 0.924191 0.114176 2 13 0.900000 14 0.100000
  13 7.762650 25.250582 0.512278 -0.868212 -0.479714 -0.126815 0.904008 0.129567 1 13 1.000000
template_body
  13 6.184853 25.126886 2.623736 -0.201242 -0.361143 -0.910537 0.887646 0.103536 1 13 1.000000
  13 7.762650 25.250582 0.512278 -0.868212 -0.479714 -0.126815 0.904008 0.129567 1 13 1.000000
  13 8.831505 23.217741 1.303830 -0.812630 -0.447991 -0.372741 0.924191 0.114176 2 13 0.900000 14 0.100000
template_body
  13 8.831505 23.217741 1.303830 -0.812630 -0.447991 -0.372741 0.924191 0.114176 2 13 0.900000 14 0.100000
  13 6.847044 22.473034 3.439581 -0.239176 -0.457579 -0.856397 0.911280 0.084846 2 13 0.900000 14 0.100000
  13 6.184853 25.126886 2.623736 -0.201242 -0.361143 -0.910537 0.887646 0.103536 1 13 1.000000
template_body
  13 6.184853 25.126886 2.623736 -0.201242 -0.361143 -0.910537 0.887646 0.103536 1 13 1.000000
  13 6.847044 22.473034 3.439581 -0.239176 -0.457579 -0.856397 0.911280 0.084846 2 13 0.900000 14 0.100000
  13 4.053100 22.616583 2.384248 0.568125 -0.407045 -0.715226 0.884234 0.066040 2 13 0.900000 14 0.100000
template_body
  13 1.970922 22.736771 0.291139 -0.985810 -0.131034 -0.104917 0.424260 0.059622 2 13 0.800000 14 0.200000
  13 2.081678 21.414768 -0.333288 -0.984911 -0.002503 -0.173042 0.417079 0.022356 2 13 0.500000 14 0.500000
  13 2.377626 21.279657 1.893142 -0.951949 -0.133852 0.275458 0.390491 0.045377 2 13 0.800000 14 0.200000
template_body
  13 2.041983 24.117706 2.545372 -0.911914 -0.105510 0.396586 0.393578 0.094630 1 13 1.000000
  13 2.377626 21.279657 1.893142 -0.951949 -0.133852 0.275458 0.390491 0.045377 2 13 0.800000 14 0.200000
  13 3.770805 21.144545 4.119575 -0.477973 -0.057341 0.876501 0.357973 0.059502 2 13 0.800000 14 0.200000
template_body
  13 2.377626 21.279657 1.893142 -0.951949 -0.133852 0.275458 0.390491 0.045377 2 13 0.800000 14 0.200000
  13 2.041983 24.117706 2.545372 -0.911914 -0.105510 0.396586 0.393578 0.094630 1 13 1.000000
  13 1.970922 22.736771 0.291139 -0.985810 -0.131034 -0.104917 0.424260 0.059622 2 13 0.800000 14 0.200000
template_body
  13 1.526214 24.030001 0.455358 -0.990162 -0.113531 -0.081793 0.424011 0.083766 1 13 1.000000
  13 1.970922 22.736771 0.291139 -0.985810 -0.131034 -0.104917 0.424260 0.059622 2 13 0.800000 14 0.200000
  13 2.041983 24.117706 2.545372 -0.911914 -0.105510 0.396586 0.393578 0.094630 1 13 1.000000
template_body
  13 1.801925 25.525843 0.591378 -0.994130 -0.094447 -0.052765 0.424241 0.109354 1 13 1.000000
  13 1.526214 24.030001 0.455358 -0.990162 -0.113531 -0.081793 0.424011 0.083766 1 13 1.000000
  13 2.041983 24.117706 2.545372 -0.911914 -0.105510 0.396586 0.393578 0.094630 1 13 1.000000
template_body
  13 7.020677 22.889484 4.128609 0.538012 -0.003788 0.842929 0.310734 0.087147 2 13 0.900000 14 0.100000
  13 7.038496 21.325462 4.356887 0.256816 0.052884 0.965012 0.313185 0.065022 2 13 0.800000 14 0.200000
  13 9.519393 21.944809 1.532950 0.929864 0.178352 0.321781 0.261079 0.065768 2 13 0.800000 14 0.200000
template_body
  13 3.770805 21.144545 4.119575 -0.477973 -0.057341 0.876501 0.357973 0.059502 2 13 0.800000 14 0.200000
  13 7.038496 21.325462 4.356887 0.256816 0.052884 0.965012 0.313185 0.065022 2 13 0.800000 14 0.200000
  13 7.020677 22.889484 4.128609 0.538012 -0.003788 0.842929 0.310734 0.087147 2 13 0.900000 14 0.100000
template_body
  13 7.020677 22.889484 4.128609 0.538012 -0.003788 0.842929 0.310734 0.087147 2 13 0.900000 14 0.100000
  13 3.500088 24.205414 4.635386 -0.531156 -0.160854 0.831865 0.363145 0.105493 1 13 1.000000
  13 3.770805 21.144545 4.119575 -0.477973 -0.057341 0.876501 0.357973 0.059502 2 13 0.800000 14 0.200000
template_body
  13 3.770805 21.144545 4.119575 -0.477973 -0.057341 0.876501 0.357973 0.059502 2 13 0.800000 14 0.200000
  13 3.500088 24.205414 4.635386 -0.531156 -0.160854 0.831865 0.363145 0.105493 1 13 1.000000
  13 2.041983 24.117706 2.545372 -0.911914 -0.105510 0.396586 0.393578 0.094630 1 13 1.000000
template_body
  13 2.090611 25.793528 2.695650 -0.906176 -0.130359 0.402308 0.394653 0.121170 1 13 1.000000
  13 2.041983 24.117706 2.545372 -0.911914 -0.105510 0.396586 0.393578 0.094630 1 13 1.000000
  13 3.500088 24.205414 4.635386 -0.531156 -0.160854 0.831865 0.363145 0.105493 1 13 1.000000
template_body
  13 2.041983 24.117706 2.545372 -0.911914 -0.105510 0.396586 0.393578 0.094630 1 13 1.000000
  13 2.090611 25.793528 2.695650 -0.906176 -0.130359 0.402308 0.394653 0.121170 1 13 1.000000
  13 1.801925 25.525843 0.591378 -0.994130 -0.094447 -0.052765 0.424241 0.109354 1 13 1.000000
template_body
  13 1.092973 27.123835 0.760321 -0.973098 -0.230144 0.010709 0.426240 0.133061 1 13 1.000000
  13 1.801925 25.525843 0.591378 -0.994130 -0.094447 -0.052765 0.424241 0.109354 1 13 1.000000
  13 2.090611 25.793528 2.695650 -0.906176 -0.130359 0.402308 0.394653 0.121170 1 13 1.000000
template_body
  13 1.092973 27.123835 0.760321 -0.973098 -0.230144 0.010709 0.426240 0.133061 1 13 1.000000
  13 2.090611 25.793528 2.695650 -0.906176 -0.130359 0.402308 0.394653 0.121170 1 13 1.000000
  13 3.344072 26.061209 4.799922 -0.342509 -0.128890 0.930631 0.365064 0.132987 1 13 1.000000
template_body
  13 3.500088 24.205414 4.635386 -0.531156 -0.160854 0.831865 0.363145 0.105493 1 13 1.000000
  13 3.344072 26.061209 4.799922 -0.342509 -0.128890 0.930631 0.365064 0.132987 1 13 1.000000
  13 2.090611 25.793528 2.695650 -0.906176 -0.130359 0.402308 0.394653 0.121170 1 13 1.000000
template_body
  13 3.344072 26.061209 4.799922 -0.342509 -0.128890 0.930631 0.365064 0.132987 1 13 1.000000
  13 3.500088 24.205414 4.635386 -0.531156 -0.160854 0.831865 0.363145 0.105493 1 13 1.000000
  13 6.662303 24.706682 4.484408 0.375016 -0.096498 0.921982 0.314610 0.113801 1 13 1.000000
template_body
  13 3.500088 24.205414 4.635386 -0.531156 -0.160854 0.831865 0.363145 0.105493 1 13 1.000000
  13 7.020677 22.889484 4.128609 0.538012 -0.003788 0.842929 0.310734 0.087147 2 13 0.900000 14 0.100000
  13 6.662303 24.706682 4.484408 0.375016 -0.096498 0.921982 0.314610 0.113801 1 13 1.000000
template_body
  13 6.662303 24.706682 4.484408 0.375016 -0.096498 0.921982 0.314610 0.113801 1 13 1.000000
  13 7.020677 22.889484 4.128609 0.538012 -0.003788 0.842929 0.310734 0.087147 2 13 0.900000 14 0.100000
  13 9.191404 23.358505 1.708838 0.908632 0.042276 0.415453 0.261280 0.087763 2 13 0.900000 14 0.100000
template_body
  13 9.519393 21.944809 1.532950 0.929864 0.178352 0.321781 0.261079 0.065768 2 13 0.800000 14 0.200000
  13 9.191404 23.358505 1.708838 0.908632 0.042276 0.415453 0.261280 0.087763 2 13 0.900000 14 0.100000
  13 7.020677 22.889484 4.128609 0.538012 -0.003788 0.842929 0.310734 0.087147 2 13 0.900000 14 0.100000
template_body
  13 8.871002 23.503309 -1.738142 0.875335 0.187211 -0.445803 0.210087 0.081616 2 13 0.800000 14 0.200000
  13 9.191404 23.358505 1.708838 0.908632 0.042276 0.415453 0.261280 0.087763 2 13 0.900000 14 0.100000
  13 9.519393 21.944809 1.532950 0.929864 0.178352 0.321781 0.261079 0.065768 2 13 0.800000 14 0.200000
template_body
  13 9.519393 21.944809 1.532950 0.929864 0.178352 0.321781 0.261079 0.065768 2 13 0.800000 14 0.200000
  13 9.128590 22.205940 -2.260263 0.750153 0.339539 -0.567436 0.208843 0.060213 2 13 0.700000 14 0.300000
  13 8.871002 23.503309 -1.738142 0.875335 0.187211 -0.445803 0.210087 0.081616 2 13 0.800000 14 0.200000
template_body
  13 6.872517 23.409277 -3.367276 0.357686 0.199803 -0.912217 0.171975 0.075352 2 13 0.800000 14 0.200000
  13 8.871002 23.503309 -1.738142 0.875335 0.187211 -0.445803 0.210087 0.081616 2 13 0.800000 14 0.200000
  13 9.128590 22.205940 -2.260263 0.750153 0.339539 -0.567436 0.208843 0.060213 2 13 0.700000 14 0.300000
template_body
  13 9.128590 22.205940 -2.260263 0.750153 0.339539 -0.567436 0.208843 0.060213 2 13 0.700000 14 0.300000
  13 6.697201 22.356796 -3.920220 0.208723 0.398608 -0.893054 0.169024 0.055224 2 13 0.700000 14 0.300000
  13 6.872517 23.409277 -3.367276 0.357686 0.199803 -0.912217 0.171975 0.075352 2 13 0.800000 14 0.200000
template_body
  13 9.161198 24.996798 2.173407 0.933619 0.092751 0.346052 0.263602 0.112682 1 13 1.000000
  13 9.191404 23.358505 1.708838 0.908632 0.042276 0.415453 0.261280 0.087763 2 13 0.900000 14 0.100000
  13 8.871002 23.503309 -1.738142 0.875335 0.187211 -0.445803 0.210087 0.081616 2 13 0.800000 14 0.200000
template_body
  13 9.191404 23.358505 1.708838 0.908632 0.042276 0.415453 0.261280 0.087763 2 13 0.900000 14 0.100000
  13 9.161198 24.996798 2.173407 0.933619 0.092751 0.346052 0.263602 0.112682 1 13 1.000000
  13 6.662303 24.706682 4.484408 0.375016 -0.096498 0.921982 0.314610 0.113801 1 13 1.000000
template_body
  13 4.622765 23.195101 -3.596486 -0.280331 0.198383 -0.939180 0.138064 0.069329 2 13 0.800000 14 0.200000
  13 4.684862 22.205299 -4.003155 -0.412862 0.272379 -0.869111 0.141902 0.051028 2 13 0.700000 14 0.300000
  13 2.850759 21.650036 -2.596635 -0.819114 0.091154 -0.566342 0.109539 0.042860 2 13 0.700000 14 0.300000
template_body
  13 6.697201 22.356796 -3.920220 0.208723 0.398608 -0.893054 0.169024 0.055224 2 13 0.700000 14 0.300000
  13 4.684862 22.205299 -4.003155 -0.412862 0.272379 -0.869111 0.141902 0.051028 2 13 0.700000 14 0.300000
  13 4.622765 23.195101 -3.596486 -0.280331 0.198383 -0.939180 0.138064 0.069329 2 13 0.800000 14 0.200000
template_body
  13 4.622765 23.195101 -3.596486 -0.280331 0.198383 -0.939180 0.138064 0.069329 2 13 0.800000 14 0.200000
  13 6.872517 23.409277 -3.367276 0.357686 0.199803 -0.912217 0.171975 0.075352 2 13 0.800000 14 0.200000
  13 6.697201 22.356796 -3.920220 0.208723 0.398608 -0.893054 0.169024 0.055224 2 13 0.700000 14 0.300000
template_body
  13 4.622765 23.195101 -3.596486 -0.280331 0.198383 -0.939180 0.138064 0.069329 2 13 0.800000 14 0.200000
  13 6.901062 24.905148 -3.369565 0.396833 0.146700 -0.906092 0.170877 0.099742 1 13 1.000000
  13 6.872517 23.409277 -3.367276 0.357686 0.199803 -0.912217 0.171975 0.075352 2 13 0.800000 14 0.200000
template_body
  13 8.871002 23.503309 -1.738142 0.875335 0.187211 -0.445803 0.210087 0.081616 2 13 0.800000 14 0.200000
  13 6.872517 23.409277 -3.367276 0.357686 0.199803 -0.912217 0.171975 0.075352 2 13 0.800000 14 0.200000
  13 6.901062 24.905148 -3.369565 0.396833 0.146700 -0.906092 0.170877 0.099742 1 13 1.000000
template_body
  13 6.901062 24.905148 -3.369565 0.396833 0.146700 -0.906092 0.170877 0.099742 1 13 1.000000
  13 8.376656 26.845390 -1.066244 0.916748 0.128630 -0.378190 0.210628 0.135362 1 13 1.000000
  13 8.871002 23.503309 -1.738142 0.875335 0.187211 -0.445803 0.210087 0.081616 2 13 0.800000 14 0.200000
template_body
  13 9.161198 24.996798 2.173407 0.933619 0.092751 0.346052 0.263602 0.112682 1 13 1.000000
  13 8.871002 23.503309 -1.738142 0.875335 0.187211 -0.445803 0.210087 0.081616 2 13 0.800000 14 0.200000
  13 8.376656 26.845390 -1.066244 0.916748 0.128630 -0.378190 0.210628 0.135362 1 13 1.000000
template_body
  13 8.376656 26.845390 -1.066244 0.916748 0.128630 -0.378190 0.210628 0.135362 1 13 1.000000
  13 8.597597 27.126543 2.382599 0.951505 0.010438 0.307456 0.264788 0.144805 1 13 1.000000
  13 9.161198 24.996798 2.173407 0.933619 0.092751 0.346052 0.263602 0.112682 1 13 1.000000
template_body
  13 6.662303 24.706682 4.484408 0.375016 -0.096498 0.921982 0.314610 0.113801 1 13 1.000000
  13 9.161198 24.996798 2.173407 0.933619 0.092751 0.346052 0.263602 0.112682 1 13 1.000000
  13 8.597597 27.126543 2.382599 0.951505 0.010438 0.307456 0.264788 0.144805 1 13 1.000000
template_body
  13 8.597597 27.126543 2.382599 0.951505 0.010438 0.307456 0.264788 0.144805 1 13 1.000000
  13 7.094549 27.256617 4.641787 0.489293 -0.078695 0.868562 0.307189 0.150637 1 13 1.000000
  13 6.662303 24.706682 4.484408 0.375016 -0.096498 0.921982 0.314610 0.113801 1 13 1.000000
template_body
  13 6.662303 24.706682 4.484408 0.375016 -0.096498 0.921982 0.314610 0.113801 1 13 1.000000
  13 7.094549 27.256617 4.641787 0.489293 -0.078695 0.868562 0.307189 0.150637 1 13 1.000000
  13 3.344072 26.061209 4.799922 -0.342509 -0.128890 0.930631 0.365064 0.132987 1 13 1.000000
template_body
  13 2.835854 30.245115 5.182832 -0.429726 -0.118137 0.895198 0.372498 0.197492 1 13 1.000000
  13 3.344072 26.061209 4.799922 -0.342509 -0.128890 0.930631 0.365064 0.132987 1 13 1.000000
  13 7.094549 27.256617 4.641787 0.489293 -0.078695 0.868562 0.307189 0.150637 1 13 1.000000
template_body
  13 3.344072 26.061209 4.799922 -0.342509 -0.128890 0.930631 0.365064 0.132987 1 13 1.000000
  13 2.835854 30.245115 5.182832 -0.429726 -0.118137 0.895198 0.372498 0.197492 1 13 1.000000
  13 1.092973 27.123835 0.760321 -0.973098 -0.230144 0.010709 0.426240 0.133061 1 13 1.000000
template_body
  13 0.937184 28.550415 1.164834 -0.964684 -0.241735 0.104633 0.426997 0.155634 1 13 1.000000
  13 1.092973 27.123835 0.760321 -0.973098 -0.230144 0.010709 0.426240 0.133061 1 13 1.000000
  13 2.835854 30.245115 5.182832 -0.429726 -0.118137 0.895198 0.372498 0.197492 1 13 1.000000
template_body
  13 0.458834 29.763086 1.401451 -0.876650 -0.399973 0.267406 0.427720 0.168544 1 13 1.000000
  13 0.937184 28.550415 1.164834 -0.964684 -0.241735 0.104633 0.426997 0.155634 1 13 1.000000
  13 2.835854 30.245115 5.182832 -0.429726 -0.118137 0.895198 0.372498 0.197492 1 13 1.000000
template_body
  13 2.835854 30.245115 5.182832 -0.429726 -0.118137 0.895198 0.372498 0.197492 1 13 1.000000
  0 2.538635 32.204521 5.098356 -0.192558 -0.181269 0.964398 0.382005 0.228761 2 0 0.399997 13 0.600003
  13 0.458834 29.763086 1.401451 -0.876650 -0.399973 0.267406 0.427720 0.168544 1 13 1.000000
template_body
  13 0.458834 29.763086 1.401451 -0.876650 -0.399973 0.267406 0.427720 0.168544 1 13 1.000000
  0 2.538635 32.204521 5.098356 -0.192558 -0.181269 0.964398 0.382005 0.228761 2 0 0.399997 13 0.600003
  0 1.404871 31.613285 4.295700 -0.164381 -0.664544 0.728945 0.406372 0.220848 2 0 0.399997 13 0.600003
template_body
  0 2.538635 32.204521 5.098356 -0.192558 -0.181269 0.964398 0.382005 0.228761 2 0 0.399997 13 0.600003
  0 2.402188 33.564514 5.177485 0.091073 -0.273189 0.957639 0.385107 0.252941 2 0 0.399997 13 0.600003
  0 1.404871 31.613285 4.295700 -0.164381 -0.664544 0.728945 0.406372 0.220848 2 0 0.399997 13 0.600003
template_body
  0 8.063185 32.374653 2.744861 0.916348 0.071326 0.393979 0.269703 0.224292 2 0 0.399999 13 0.600001
  0 6.376112 34.112782 4.538959 0.448940 0.060201 0.891532 0.317104 0.253127 2 0 0.399995 13 0.600005
  13 7.094549 27.256617 4.641787 0.489293 -0.078695 0.868562 0.307189 0.150637 1 13 1.000000
template_body
  13 7.094549 27.256617 4.641787 0.489293 -0.078695 0.868562 0.307189 0.150637 1 13 1.000000
  13 8.580919 29.732231 2.715276 0.943093 0.083067 0.321987 0.266872 0.183911 1 13 1.000000
  0 8.063185 32.374653 2.744861 0.916348 0.071326 0.393979 0.269703 0.224292 2 0 0.399999 13 0.600001
template_body
  13 7.094549 27.256617 4.641787 0.489293 -0.078695 0.868562 0.307189 0.150637 1 13 1.000000
  13 8.597597 27.126543 2.382599 0.951505 0.010438 0.307456 0.264788 0.144805 1 13 1.000000
  13 8.580919 29.732231 2.715276 0.943093 0.083067 0.321987 0.266872 0.183911 1 13 1.000000
template_body
  13 8.581054 29.290020 -0.841904 0.937006 0.064566 -0.343295 0.212334 0.173182 2 13 0.800005 0 0.199995
  13 8.580919 29.732231 2.715276 0.943093 0.083067 0.321987 0.266872 0.183911 1 13 1.000000
  13 8.597597 27.126543 2.382599 0.951505 0.010438 0.307456 0.264788 0.144805 1 13 1.000000
template_body
  13 8.597597 27.126543 2.382599 0.951505 0.010438 0.307456 0.264788 0.144805 1 13 1.000000
  13 8.376656 26.845390 -1.066244 0.916748 0.128630 -0.378190 0.210628 0.135362 1 13 1.000000
  13 8.581054 29.290020 -0.841904 0.937006 0.064566 -0.343295 0.212334 0.173182 2 13 0.800005 0 0.199995
template_body
  13 7.058821 28.620016 -2.747005 0.492831 0.049895 -0.868693 0.173862 0.160333 2 13 0.800001 0 0.199999
  13 8.581054 29.290020 -0.841904 0.937006 0.064566 -0.343295 0.212334 0.173182 2 13 0.800005 0 0.199995
  13 8.376656 26.845390 -1.066244 0.916748 0.128630 -0.378190 0.210628 0.135362 1 13 1.000000
template_body
  13 8.376656 26.845390 -1.066244 0.916748 0.128630 -0.378190 0.210628 0.135362 1 13 1.000000
  13 6.901062 24.905148 -3.369565 0.396833 0.146700 -0.906092 0.170877 0.099742 1 13 1.000000
  13 7.058821 28.620016 -2.747005 0.492831 0.049895 -0.868693 0.173862 0.160333 2 13 0.800001 0 0.199999
template_body
  13 4.454092 25.975643 -3.266984 -0.278875 0.086656 -0.956410 0.133192 0.116277 1 13 1.000000
  13 7.058821 28.620016 -2.747005 0.492831 0.049895 -0.868693 0.173862 0.160333 2 13 0.800001 0 0.199999
  13 6.901062 24.905148 -3.369565 0.396833 0.146700 -0.906092 0.170877 0.099742 1 13 1.000000
template_body
  13 6.901062 24.905148 -3.369565 0.396833 0.146700 -0.906092 0.170877 0.099742 1 13 1.000000
  13 4.622765 23.195101 -3.596486 -0.280331 0.198383 -0.939180 0.138064 0.069329 2 13 0.800000 14 0.200000
  13 4.454092 25.975643 -3.266984 -0.278875 0.086656 -0.956410 0.133192 0.116277 1 13 1.000000
template_body
  13 4.454092 25.975643 -3.266984 -0.278875 0.086656 -0.956410 0.133192 0.116277 1 13 1.000000
  13 4.622765 23.195101 -3.596486 -0.280331 0.198383 -0.939180 0.138064 0.069329 2 13 0.800000 14 0.200000
  13 2.886886 22.941704 -2.440989 -0.805608 0.100102 -0.583931 0.106101 0.063777 2 13 0.700000 14 0.300000
template_body
  13 2.850759 21.650036 -2.596635 -0.819114 0.091154 -0.566342 0.109539 0.042860 2 13 0.700000 14 0.300000
  13 2.886886 22.941704 -2.440989 -0.805608 0.100102 -0.583931 0.106101 0.063777 2 13 0.700000 14 0.300000
  13 4.622765 23.195101 -3.596486 -0.280331 0.198383 -0.939180 0.138064 0.069329 2 13 0.800000 14 0.200000
template_body
  13 2.886886 22.941704 -2.440989 -0.805608 0.100102 -0.583931 0.106101 0.063777 2 13 0.700000 14 0.300000
  13 2.850759 21.650036 -2.596635 -0.819114 0.091154 -0.566342 0.109539 0.042860 2 13 0.700000 14 0.300000
  13 2.081677 21.414768 -0.333294 -0.984911 -0.002503 -0.173042 0.075510 0.032147 2 13 0.500000 14 0.500000
template_body
  13 2.081677 21.414768 -0.333294 -0.984911 -0.002503 -0.173042 0.075510 0.032147 2 13 0.500000 14 0.500000
  13 1.970922 22.736771 0.291139 -0.985810 -0.131034 -0.104917 0.062779 0.054848 2 13 0.800000 14 0.200000
  13 2.886886 22.941704 -2.440989 -0.805608 0.100102 -0.583931 0.106101 0.063777 2 13 0.700000 14 0.300000
template_body
  13 2.886886 22.941704 -2.440989 -0.805608 0.100102 -0.583931 0.106101 0.063777 2 13 0.700000 14 0.300000
  13 1.970922 22.736771 0.291139 -0.985810 -0.131034 -0.104917 0.062779 0.054848 2 13 0.800000 14 0.200000
  13 1.526214 24.030001 0.455358 -0.990162 -0.113531 -0.081793 0.057080 0.077927 1 13 1.000000
template_body
  13 2.484930 25.580267 -2.139302 -0.818645 -0.040154 -0.572895 0.097562 0.108069 1 13 1.000000
  13 2.886886 22.941704 -2.440989 -0.805608 0.100102 -0.583931 0.106101 0.063777 2 13 0.700000 14 0.300000
  13 1.526214 24.030001 0.455358 -0.990162 -0.113531 -0.081793 0.057080 0.077927 1 13 1.000000
template_body
  13 1.526214 24.030001 0.455358 -0.990162 -0.113531 -0.081793 0.057080 0.077927 1 13 1.000000
  13 1.801925 25.525843 0.591378 -0.994130 -0.094447 -0.052765 0.054892 0.100871 1 13 1.000000
  13 2.484930 25.580267 -2.139302 -0.818645 -0.040154 -0.572895 0.097562 0.108069 1 13 1.000000
template_body
  0 1.869575 28.932158 -2.163977 -0.742975 -0.097523 -0.662177 0.087635 0.162677 2 0 0.411010 13 0.588990
  13 2.484930 25.580267 -2.139302 -0.818645 -0.040154 -0.572895 0.097562 0.108069 1 13 1.000000
  13 1.801925 25.525843 0.591378 -0.994130 -0.094447 -0.052765 0.054892 0.100871 1 13 1.000000
template_body
  13 1.801925 25.525843 0.591378 -0.994130 -0.094447 -0.052765 0.054892 0.100871 1 13 1.000000
  13 1.092973 27.123835 0.760321 -0.973098 -0.230144 0.010709 0.046432 0.125756 1 13 1.000000
  0 1.869575 28.932158 -2.163977 -0.742975 -0.097523 -0.662177 0.087635 0.162677 2 0 0.411010 13 0.588990
template_body
  0 4.032589 31.372662 -3.202125 0.014628 -0.229228 -0.973263 0.123960 0.204597 2 0 0.699987 13 0.300013
  0 1.869575 28.932158 -2.163977 -0.742975 -0.097523 -0.662177 0.087635 0.162677 2 0 0.411010 13 0.588990
  0 1.286289 30.633392 -1.730512 -0.669590 -0.471941 -0.573516 0.073057 0.189364 2 0 0.699997 13 0.300003
template_body
  0 1.869575 28.932158 -2.163977 -0.742975 -0.097523 -0.662177 0.087635 0.162677 2 0 0.411010 13 0.588990
  0 4.032589 31.372662 -3.202125 0.014628 -0.229228 -0.973263 0.123960 0.204597 2 0 0.699987 13 0.300013
  13 4.454092 25.975643 -3.266984 -0.278875 0.086656 -0.956410 0.133192 0.116277 1 13 1.000000
template_body
  13 4.454092 25.975643 -3.266984 -0.278875 0.086656 -0.956410 0.133192 0.116277 1 13 1.000000
  13 2.484930 25.580267 -2.139302 -0.818645 -0.040154 -0.572895 0.097562 0.108069 1 13 1.000000
  0 1.869575 28.932158 -2.163977 -0.742975 -0.097523 -0.662177 0.087635 0.162677 2 0 0.411010 13 0.588990
template_body
  13 2.886886 22.941704 -2.440989 -0.805608 0.100102 -0.583931 0.106101 0.063777 2 13 0.700000 14 0.300000
  13 2.484930 25.580267 -2.139302 -0.818645 -0.040154 -0.572895 0.097562 0.108069 1 13 1.000000
  13 4.454092 25.975643 -3.266984 -0.278875 0.086656 -0.956410 0.133192 0.116277 1 13 1.000000
template_body
  13 7.058821 28.620016 -2.747005 0.492831 0.049895 -0.868693 0.173862 0.160333 2 13 0.800001 0 0.199999
  13 4.454092 25.975643 -3.266984 -0.278875 0.086656 -0.956410 0.133192 0.116277 1 13 1.000000
  0 4.032589 31.372662 -3.202125 0.014628 -0.229228 -0.973263 0.123960 0.204597 2 0 0.699987 13 0.300013
template_body
  13 1.092973 27.123835 0.760321 -0.973098 -0.230144 0.010709 0.046432 0.125756 1 13 1.000000
  13 0.937184 28.550415 1.164834 -0.964684 -0.241735 0.104633 0.037111 0.145421 1 13 1.000000
  0 1.869575 28.932158 -2.163977 -0.742975 -0.097523 -0.662177 0.087635 0.162677 2 0 0.411010 13 0.588990
template_body
  0 1.286289 30.633392 -1.730512 -0.669590 -0.471941 -0.573516 0.073057 0.189364 2 0 0.699997 13 0.300003
  0 1.869575 28.932158 -2.163977 -0.742975 -0.097523 -0.662177 0.087635 0.162677 2 0 0.411010 13 0.588990
  13 0.937184 28.550415 1.164834 -0.964684 -0.241735 0.104633 0.037111 0.145421 1 13 1.000000
template_body
  13 0.937184 28.550415 1.164834 -0.964684 -0.241735 0.104633 0.037111 0.145421 1 13 1.000000
  13 0.458834 29.763086 1.401451 -0.876650 -0.399973 0.267406 0.028306 0.161611 1 13 1.000000
  0 1.286289 30.633392 -1.730512 -0.669590 -0.471941 -0.573516 0.073057 0.189364 2 0 0.699997 13 0.300003
template_body
  0 0.354234 30.386446 1.241789 -0.756164 -0.654315 -0.009306 0.027949 0.169880 2 0 0.399989 13 0.600011
  0 1.286289 30.633392 -1.730512 -0.669590 -0.471941 -0.573516 0.073057 0.189364 2 0 0.699997 13 0.300003
  13 0.458834 29.763086 1.401451 -0.876650 -0.399973 0.267406 0.028306 0.161611 1 13 1.000000
template_body
  0 0.000001 31.218851 -0.794080 0.000000 -0.939814 -0.341685 0.048041 0.194700 2 0 0.699990 1 0.300010
  0 1.286289 30.633392 -1.730512 -0.669590 -0.471941 -0.573516 0.073057 0.189364 2 0 0.699997 13 0.300003
  0 0.354234 30.386446 1.241789 -0.756164 -0.654315 -0.009306 0.027949 0.169880 2 0 0.399989 13 0.600011
template_body
  0 0.354234 30.386446 1.241789 -0.756164 -0.654315 -0.009306 0.027949 0.169880 2 0 0.399989 13 0.600011
  0 0.000001 30.548820 1.159652 0.000000 -0.991500 0.130104 0.025508 0.174652 2 0 0.699990 1 0.300010
  0 0.000001 31.218851 -0.794080 0.000000 -0.939814 -0.341685 0.048041 0.194700 2 0 0.699990 1 0.300010
template_body
  0 7.721681 37.209095 -0.617755 0.980863 0.096763 -0.168951 0.220186 0.298309 1 0 1.000000
  0 7.949422 37.385273 2.430035 0.905724 0.055671 0.420196 0.270699 0.301781 1 0 1.000000
  0 8.209264 34.260448 2.590821 0.918580 0.138764 0.370074 0.269895 0.252976 2 0 0.399999 13 0.600001
template_body
  0 8.209264 34.260448 2.590821 0.918580 0.138764 0.370074 0.269895 0.252976 2 0 0.399999 13 0.600001
  0 8.185857 34.057728 -0.551652 0.970060 0.001719 -0.242859 0.218584 0.247589 2 0 0.699985 13 0.300015
  0 7.721681 37.209095 -0.617755 0.980863 0.096763 -0.168951 0.220186 0.298309 1 0 1.000000
template_body
  0 8.185857 34.057728 -0.551652 0.970060 0.001719 -0.242859 0.218584 0.247589 2 0 0.699985 13 0.300015
  0 8.209264 34.260448 2.590821 0.918580 0.138764 0.370074 0.269895 0.252976 2 0 0.399999 13 0.600001
  0 8.063185 32.374653 2.744861 0.916348 0.071326 0.393979 0.269703 0.224292 2 0 0.399999 13 0.600001
template_body
  0 8.063185 32.374653 2.744861 0.916348 0.071326 0.393979 0.269703 0.224292 2 0 0.399999 13 0.600001
  0 8.139264 32.101856 -0.553437 0.951071 0.093449 -0.294501 0.213246 0.216719 2 0 0.699985 13 0.300015
  0 8.185857 34.057728 -0.551652 0.970060 0.001719 -0.242859 0.218584 0.247589 2 0 0.699985 13 0.300015
template_body
  0 8.139264 32.101856 -0.553437 0.951071 0.093449 -0.294501 0.213246 0.216719 2 0 0.699985 13 0.300015
  0 8.063185 32.374653 2.744861 0.916348 0.071326 0.393979 0.269703 0.224292 2 0 0.399999 13 0.600001
  13 8.580919 29.732231 2.715276 0.943093 0.083067 0.321987 0.266872 0.183911 1 13 1.000000
template_body
  13 8.580919 29.732231 2.715276 0.943093 0.083067 0.321987 0.266872 0.183911 1 13 1.000000
  13 8.581054 29.290020 -0.841904 0.937006 0.064566 -0.343295 0.212334 0.173182 2 13 0.800005 0 0.199995
  0 8.139264 32.101856 -0.553437 0.951071 0.093449 -0.294501 0.213246 0.216719 2 0 0.699985 13 0.300015
template_body
  13 7.058821 28.620016 -2.747005 0.492831 0.049895 -0.868693 0.173862 0.160333 2 13 0.800001 0 0.199999
  0 8.139264 32.101856 -0.553437 0.951071 0.093449 -0.294501 0.213246 0.216719 2 0 0.699985 13 0.300015
  13 8.581054 29.290020 -0.841904 0.937006 0.064566 -0.343295 0.212334 0.173182 2 13 0.800005 0 0.199995
template_body
  0 8.139264 32.101856 -0.553437 0.951071 0.093449 -0.294501 0.213246 0.216719 2 0 0.699985 13 0.300015
  13 7.058821 28.620016 -2.747005 0.492831 0.049895 -0.868693 0.173862 0.160333 2 13 0.800001 0 0.199999
  0 6.780544 32.715397 -2.625459 0.612648 -0.164765 -0.772991 0.171104 0.224675 2 0 0.699985 13 0.300015
template_body
  0 4.032589 31.372662 -3.202125 0.014628 -0.229228 -0.973263 0.123960 0.204597 2 0 0.699987 13 0.300013
  0 6.780544 32.715397 -2.625459 0.612648 -0.164765 -0.772991 0.171104 0.224675 2 0 0.699985 13 0.300015
  13 7.058821 28.620016 -2.747005 0.492831 0.049895 -0.868693 0.173862 0.160333 2 13 0.800001 0 0.199999
template_body
  0 6.893307 34.058472 -3.249435 0.672592 -0.179817 -0.717834 0.172169 0.248793 1 0 1.000000
  0 6.780544 32.715397 -2.625459 0.612648 -0.164765 -0.772991 0.171104 0.224675 2 0 0.699985 13 0.300015
  0 4.032589 31.372662 -3.202125 0.014628 -0.229228 -0.973263 0.123960 0.204597 2 0 0.699987 13 0.300013
template_body
  0 4.032589 31.372662 -3.202125 0.014628 -0.229228 -0.973263 0.123960 0.204597 2 0 0.699987 13 0.300013
  0 4.118675 34.103996 -4.200925 0.192314 -0.213626 -0.957799 0.128927 0.253518 1 0 1.000000
  0 6.893307 34.058472 -3.249435 0.672592 -0.179817 -0.717834 0.172169 0.248793 1 0 1.000000
template_body
  0 4.118675 34.103996 -4.200925 0.192314 -0.213626 -0.957799 0.128927 0.253518 1 0 1.000000
  0 4.049666 36.415642 -4.463731 0.227905 0.177773 -0.957317 0.132060 0.289198 1 0 1.000000
  0 6.893307 34.058472 -3.249435 0.672592 -0.179817 -0.717834 0.172169 0.248793 1 0 1.000000
template_body
  0 0.882134 36.176800 -4.680227 -0.034824 0.089969 -0.995335 0.084920 0.290878 1 0 1.000000
  0 4.049666 36.415642 -4.463731 0.227905 0.177773 -0.957317 0.132060 0.289198 1 0 1.000000
  0 4.118675 34.103996 -4.200925 0.192314 -0.213626 -0.957799 0.128927 0.253518 1 0 1.000000
template_body
  0 4.118675 34.103996 -4.200925 0.192314 -0.213626 -0.957799 0.128927 0.253518 1 0 1.000000
  0 0.848942 33.750965 -4.319642 -0.100287 -0.326759 -0.939772 0.080277 0.253020 1 0 1.000000
  0 0.882134 36.176800 -4.680227 -0.034824 0.089969 -0.995335 0.084920 0.290878 1 0 1.000000
template_body
  0 0.848942 33.750965 -4.319642 -0.100287 -0.326759 -0.939772 0.080277 0.253020 1 0 1.000000
  0 4.118675 34.103996 -4.200925 0.192314 -0.213626 -0.957799 0.128927 0.253518 1 0 1.000000
  0 4.032589 31.372662 -3.202125 0.014628 -0.229228 -0.973263 0.123960 0.204597 2 0 0.699987 13 0.300013
template_body
  0 4.032589 31.372662 -3.202125 0.014628 -0.229228 -0.973263 0.123960 0.204597 2 0 0.699987 13 0.300013
  0 1.035165 32.094303 -3.303922 -0.205646 -0.574210 -0.792459 0.080855 0.221621 1 0 1.000000
  0 0.848942 33.750965 -4.319642 -0.100287 -0.326759 -0.939772 0.080277 0.253020 1 0 1.000000
template_body
  0 4.032589 31.372662 -3.202125 0.014628 -0.229228 -0.973263 0.123960 0.204597 2 0 0.699987 13 0.300013
  0 1.286289 30.633392 -1.730512 -0.669590 -0.471941 -0.573516 0.073057 0.189364 2 0 0.699997 13 0.300003
  0 1.035165 32.094303 -3.303922 -0.205646 -0.574210 -0.792459 0.080855 0.221621 1 0 1.000000
template_body
  0 0.000001 32.070892 -2.620567 0.000000 -0.784575 -0.620034 0.061992 0.219434 1 0 1.000000
  0 1.035165 32.094303 -3.303922 -0.205646 -0.574210 -0.792459 0.080855 0.221621 1 0 1.000000
  0 1.286289 30.633392 -1.730512 -0.669590 -0.471941 -0.573516 0.073057 0.189364 2 0 0.699997 13 0.300003
template_body
  0 1.286289 30.633392 -1.730512 -0.669590 -0.471941 -0.573516 0.073057 0.189364 2 0 0.699997 13 0.300003
  0 0.000001 31.218851 -0.794080 0.000000 -0.939814 -0.341685 0.048041 0.194700 2 0 0.699990 1 0.300010
  0 0.000001 32.070892 -2.620567 0.000000 -0.784575 -0.620034 0.061992 0.219434 1 0 1.000000
template_body
  0 8.185857 34.057728 -0.551652 0.970060 0.001719 -0.242859 0.218584 0.247589 2 0 0.699985 13 0.300015
  0 8.139264 32.101856 -0.553437 0.951071 0.093449 -0.294501 0.213246 0.216719 2 0 0.699985 13 0.300015
  0 6.780544 32.715397 -2.625459 0.612648 -0.164765 -0.772991 0.171104 0.224675 2 0 0.699985 13 0.300015
template_body
  0 4.049666 36.415642 -4.463731 0.227905 0.177773 -0.957317 0.132060 0.289198 1 0 1.000000
  0 6.654952 36.850819 -3.281740 0.760537 0.186341 -0.621981 0.175753 0.293198 1 0 1.000000
  0 6.893307 34.058472 -3.249435 0.672592 -0.179817 -0.717834 0.172169 0.248793 1 0 1.000000
template_body
  0 6.893307 34.058472 -3.249435 0.672592 -0.179817 -0.717834 0.172169 0.248793 1 0 1.000000
  0 6.654952 36.850819 -3.281740 0.760537 0.186341 -0.621981 0.175753 0.293198 1 0 1.000000
  0 7.721681 37.209095 -0.617755 0.980863 0.096763 -0.168951 0.220186 0.298309 1 0 1.000000
template_body
  0 7.721681 37.209095 -0.617755 0.980863 0.096763 -0.168951 0.220186 0.298309 1 0 1.000000
  0 8.185857 34.057728 -0.551652 0.970060 0.001719 -0.242859 0.218584 0.247589 2 0 0.699985 13 0.300015
  0 6.893307 34.058472 -3.249435 0.672592 -0.179817 -0.717834 0.172169 0.248793 1 0 1.000000
template_body
  0 6.780544 32.715397 -2.625459 0.612648 -0.164765 -0.772991 0.171104 0.224675 2 0 0.699985 13 0.300015
  0 6.893307 34.058472 -3.249435 0.672592 -0.179817 -0.717834 0.172169 0.248793 1 0 1.000000
  0 8.185857 34.057728 -0.551652 0.970060 0.001719 -0.242859 0.218584 0.247589 2 0 0.699985 13 0.300015
template_body
  0 1.035165 32.094303 -3.303922 -0.205646 -0.574210 -0.792459 0.080855 0.221621 1 0 1.000000
  0 0.000001 32.070892 -2.620567 0.000000 -0.784575 -0.620034 0.061992 0.219434 1 0 1.000000
  0 0.000000 33.676022 -4.047355 0.000000 -0.467550 -0.883967 0.066528 0.252031 1 0 1.000000
template_body
  0 0.000000 33.676022 -4.047355 0.000000 -0.467550 -0.883967 0.066528 0.252031 1 0 1.000000
  0 0.848942 33.750965 -4.319642 -0.100287 -0.326759 -0.939772 0.080277 0.253020 1 0 1.000000
  0 1.035165 32.094303 -3.303922 -0.205646 -0.574210 -0.792459 0.080855 0.221621 1 0 1.000000
template_body
  0 0.848942 33.750965 -4.319642 -0.100287 -0.326759 -0.939772 0.080277 0.253020 1 0 1.000000
  0 0.000000 33.676022 -4.047355 0.000000 -0.467550 -0.883967 0.066528 0.252031 1 0 1.000000
  0 0.000000 36.089367 -4.463931 0.000000 -0.027008 -0.999635 0.070864 0.290839 1 0 1.000000
template_body
  0 0.000000 36.089367 -4.463931 0.000000 -0.027008 -0.999635 0.070864 0.290839 1 0 1.000000
  0 0.882134 36.176800 -4.680227 -0.034824 0.089969 -0.995335 0.084920 0.290878 1 0 1.000000
  0 0.848942 33.750965 -4.319642 -0.100287 -0.326759 -0.939772 0.080277 0.253020 1 0 1.000000
template_body
  0 0.882134 36.176800 -4.680227 -0.034824 0.089969 -0.995335 0.084920 0.290878 1 0 1.000000
  0 0.000000 36.089367 -4.463931 0.000000 -0.027008 -0.999635 0.070864 0.290839 1 0 1.000000
  0 0.000000 39.028198 -3.757012 0.000000 -0.201618 -0.979464 0.076100 0.337769 1 0 1.000000
template_body
  0 0.000000 39.028198 -3.757012 0.000000 -0.201618 -0.979464 0.076100 0.337769 1 0 1.000000
  0 1.574599 38.796314 -3.656090 0.002820 -0.521598 -0.853186 0.100867 0.332222 1 0 1.000000
  0 0.882134 36.176800 -4.680227 -0.034824 0.089969 -0.995335 0.084920 0.290878 1 0 1.000000
template_body
  0 4.049666 36.415642 -4.463731 0.227905 0.177773 -0.957317 0.132060 0.289198 1 0 1.000000
  0 0.882134 36.176800 -4.680227 -0.034824 0.089969 -0.995335 0.084920 0.290878 1 0 1.000000
  0 1.574599 38.796314 -3.656090 0.002820 -0.521598 -0.853186 0.100867 0.332222 1 0 1.000000
template_body
  0 1.574599 38.796314 -3.656090 0.002820 -0.521598 -0.853186 0.100867 0.332222 1 0 1.000000
  0 5.987360 38.879284 -2.869560 0.117896 -0.854397 -0.506069 0.172464 0.325859 1 0 1.000000
  0 4.049666 36.415642 -4.463731 0.227905 0.177773 -0.957317 0.132060 0.289198 1 0 1.000000
template_body
  0 5.987360 38.879284 -2.869560 0.117896 -0.854397 -0.506069 0.172464 0.325859 1 0 1.000000
  0 6.654952 36.850819 -3.281740 0.760537 0.186341 -0.621981 0.175753 0.293198 1 0 1.000000
  0 4.049666 36.415642 -4.463731 0.227905 0.177773 -0.957317 0.132060 0.289198 1 0 1.000000
template_body
  0 6.654952 36.850819 -3.281740 0.760537 0.186341 -0.621981 0.175753 0.293198 1 0 1.000000
  0 5.987360 38.879284 -2.869560 0.117896 -0.854397 -0.506069 0.172464 0.325859 1 0 1.000000
  0 7.380045 38.818913 -1.085724 0.669932 -0.729142 -0.139796 0.212050 0.323810 1 0 1.000000
template_body
  0 7.380045 38.818913 -1.085724 0.669932 -0.729142 -0.139796 0.212050 0.323810 1 0 1.000000
  0 7.721681 37.209095 -0.617755 0.980863 0.096763 -0.168951 0.220186 0.298309 1 0 1.000000
  0 6.654952 36.850819 -3.281740 0.760537 0.186341 -0.621981 0.175753 0.293198 1 0 1.000000
template_body
  0 7.721681 37.209095 -0.617755 0.980863 0.096763 -0.168951 0.220186 0.298309 1 0 1.000000
  0 7.380045 38.818913 -1.085724 0.669932 -0.729142 -0.139796 0.212050 0.323810 1 0 1.000000
  0 7.520510 39.023834 2.024735 0.837526 -0.544041 0.050699 0.264562 0.325469 1 0 1.000000
template_body
  0 7.520510 39.023834 2.024735 0.837526 -0.544041 0.050699 0.264562 0.325469 1 0 1.000000
  0 7.949422 37.385273 2.430035 0.905724 0.055671 0.420196 0.270699 0.301781 1 0 1.000000
  0 7.721681 37.209095 -0.617755 0.980863 0.096763 -0.168951 0.220186 0.298309 1 0 1.000000
template_body
  0 7.949422 37.385273 2.430035 0.905724 0.055671 0.420196 0.270699 0.301781 1 0 1.000000
  0 7.520510 39.023834 2.024735 0.837526 -0.544041 0.050699 0.264562 0.325469 1 0 1.000000
  0 6.198876 38.464790 4.368455 0.502583 -0.711254 0.491455 0.311846 0.324416 1 0 1.000000
template_body
  0 6.198876 38.464790 4.368455 0.502583 -0.711254 0.491455 0.311846 0.324416 1 0 1.000000
  0 5.853914 36.943687 4.129754 0.516082 -0.060568 0.854395 0.317444 0.300041 1 0 1.000000
  0 7.949422 37.385273 2.430035 0.905724 0.055671 0.420196 0.270699 0.301781 1 0 1.000000
template_body
  0 8.209264 34.260448 2.590821 0.918580 0.138764 0.370074 0.269895 0.252976 2 0 0.399999 13 0.600001
  0 7.949422 37.385273 2.430035 0.905724 0.055671 0.420196 0.270699 0.301781 1 0 1.000000
  0 5.853914 36.943687 4.129754 0.516082 -0.060568 0.854395 0.317444 0.300041 1 0 1.000000
template_body
  0 5.853914 36.943687 4.129754 0.516082 -0.060568 0.854395 0.317444 0.300041 1 0 1.000000
  0 6.376112 34.112782 4.538959 0.448940 0.060201 0.891532 0.317104 0.253127 2 0 0.399995 13 0.600005
  0 8.209264 34.260448 2.590821 0.918580 0.138764 0.370074 0.269895 0.252976 2 0 0.399999 13 0.600001
template_body
  0 8.063185 32.374653 2.744861 0.916348 0.071326 0.393979 0.269703 0.224292 2 0 0.399999 13 0.600001
  0 8.209264 34.260448 2.590821 0.918580 0.138764 0.370074 0.269895 0.252976 2 0 0.399999 13 0.600001
  0 6.376112 34.112782 4.538959 0.448940 0.060201 0.891532 0.317104 0.253127 2 0 0.399995 13 0.600005
template_body
  0 2.811146 38.153309 5.613418 0.290242 -0.614108 0.733915 0.374427 0.328427 1 0 1.000000
  0 2.714938 36.302902 5.356801 0.235616 -0.027009 0.971471 0.377546 0.299731 1 0 1.000000
  0 5.853914 36.943687 4.129754 0.516082 -0.060568 0.854395 0.317444 0.300041 1 0 1.000000
template_body
  0 5.853914 36.943687 4.129754 0.516082 -0.060568 0.854395 0.317444 0.300041 1 0 1.000000
  0 6.198876 38.464790 4.368455 0.502583 -0.711254 0.491455 0.311846 0.324416 1 0 1.000000
  0 2.811146 38.153309 5.613418 0.290242 -0.614108 0.733915 0.374427 0.328427 1 0 1.000000
template_body
  0 2.714938 36.302902 5.356801 0.235616 -0.027009 0.971471 0.377546 0.299731 1 0 1.000000
  0 2.517180 34.795521 5.575587 0.207407 0.009909 0.978204 0.382664 0.275765 1 0 1.000000
  0 5.853914 36.943687 4.129754 0.516082 -0.060568 0.854395 0.317444 0.300041 1 0 1.000000
template_body
  0 2.517180 34.795521 5.575587 0.207407 0.009909 0.978204 0.382664 0.275765 1 0 1.000000
  0 2.714938 36.302902 5.356801 0.235616 -0.027009 0.971471 0.377546 0.299731 1 0 1.000000
  0 0.000001 35.994999 5.587167 0.000000 0.050645 0.998717 0.431270 0.299250 1 0 1.000000
template_body
  0 0.000000 37.724133 5.981745 0.000000 -0.741591 0.670852 0.431270 0.326466 1 0 1.000000
  0 0.000001 35.994999 5.587167 0.000000 0.050645 0.998717 0.431270 0.299250 1 0 1.000000
  0 2.714938 36.302902 5.356801 0.235616 -0.027009 0.971471 0.377546 0.299731 1 0 1.000000
template_body
  0 2.714938 36.302902 5.356801 0.235616 -0.027009 0.971471 0.377546 0.299731 1 0 1.000000
  0 2.811146 38.153309 5.613418 0.290242 -0.614108 0.733915 0.374427 0.328427 1 0 1.000000
  0 0.000000 37.724133 5.981745 0.000000 -0.741591 0.670852 0.431270 0.326466 1 0 1.000000
template_body
  13 7.094549 27.256617 4.641787 0.489293 -0.078695 0.868562 0.307189 0.150637 1 13 1.000000
  0 6.376112 34.112782 4.538959 0.448940 0.060201 0.891532 0.317104 0.253127 2 0 0.399995 13 0.600005
  13 2.835854 30.245115 5.182832 -0.429726 -0.118137 0.895198 0.372498 0.197492 1 13 1.000000
template_body
  0 2.538635 32.204521 5.098356 -0.192558 -0.181269 0.964398 0.382005 0.228761 2 0 0.399997 13 0.600003
  13 2.835854 30.245115 5.182832 -0.429726 -0.118137 0.895198 0.372498 0.197492 1 13 1.000000
  0 6.376112 34.112782 4.538959 0.448940 0.060201 0.891532 0.317104 0.253127 2 0 0.399995 13 0.600005
template_body
  0 2.538635 32.204521 5.098356 -0.192558 -0.181269 0.964398 0.382005 0.228761 2 0 0.399997 13 0.600003
  0 6.376112 34.112782 4.538959 0.448940 0.060201 0.891532 0.317104 0.253127 2 0 0.399995 13 0.600005
  0 2.402188 33.564514 5.177485 0.091073 -0.273189 0.957639 0.385107 0.252941 2 0 0.399997 13 0.600003
template_body
  0 2.402188 33.564514 5.177485 0.091073 -0.273189 0.957639 0.385107 0.252941 2 0 0.399997 13 0.600003
  0 6.376112 34.112782 4.538959 0.448940 0.060201 0.891532 0.317104 0.253127 2 0 0.399995 13 0.600005
  0 5.853914 36.943687 4.129754 0.516082 -0.060568 0.854395 0.317444 0.300041 1 0 1.000000
template_body
  0 5.853914 36.943687 4.129754 0.516082 -0.060568 0.854395 0.317444 0.300041 1 0 1.000000
  0 2.517180 34.795521 5.575587 0.207407 0.009909 0.978204 0.382664 0.275765 1 0 1.000000
  0 2.402188 33.564514 5.177485 0.091073 -0.273189 0.957639 0.385107 0.252941 2 0 0.399997 13 0.600003
template_body
  0 2.402188 33.564514 5.177485 0.091073 -0.273189 0.957639 0.385107 0.252941 2 0 0.399997 13 0.600003
  0 2.517180 34.795521 5.575587 0.207407 0.009909 0.978204 0.382664 0.275765 1 0 1.000000
  0 0.000001 34.392624 5.977268 0.000000 -0.120384 0.992727 0.431270 0.274212 1 0 1.000000
template_body
  0 0.000001 35.994999 5.587167 0.000000 0.050645 0.998717 0.431270 0.299250 1 0 1.000000
  0 0.000001 34.392624 5.977268 0.000000 -0.120384 0.992727 0.431270 0.274212 1 0 1.000000
  0 2.517180 34.795521 5.575587 0.207407 0.009909 0.978204 0.382664 0.275765 1 0 1.000000
template_body
  0 -2.517179 34.795517 5.575587 -0.207407 0.009909 0.978204 0.479876 0.275765 1 0 1.000000
  0 0.000001 34.392624 5.977268 0.000000 -0.120384 0.992727 0.431270 0.274212 1 0 1.000000
  0 0.000001 35.994999 5.587167 0.000000 0.050645 0.998717 0.431270 0.299250 1 0 1.000000
template_body
  0 0.000001 35.994999 5.587167 0.000000 0.050645 0.998717 0.431270 0.299250 1 0 1.000000
  0 -2.714937 36.302898 5.356802 -0.235616 -0.027009 0.971471 0.484995 0.299731 1 0 1.000000
  0 -2.517179 34.795517 5.575587 -0.207407 0.009909 0.978204 0.479876 0.275765 1 0 1.000000
template_body
  0 -2.714937 36.302898 5.356802 -0.235616 -0.027009 0.971471 0.484995 0.299731 1 0 1.000000
  0 0.000001 35.994999 5.587167 0.000000 0.050645 0.998717 0.431270 0.299250 1 0 1.000000
  0 0.000000 37.724133 5.981745 0.000000 -0.741591 0.670852 0.431270 0.326466 1 0 1.000000
template_body
  0 0.000000 37.724133 5.981745 0.000000 -0.741591 0.670852 0.431270 0.326466 1 0 1.000000
  0 -2.811146 38.153309 5.613418 -0.290242 -0.614109 0.733914 0.488114 0.328427 1 0 1.000000
  0 -2.714937 36.302898 5.356802 -0.235616 -0.027009 0.971471 0.484995 0.299731 1 0 1.000000
template_body
  0 1.404871 31.613285 4.295700 -0.164381 -0.664544 0.728945 0.406372 0.220848 2 0 0.399997 13 0.600003
  0 2.402188 33.564514 5.177485 0.091073 -0.273189 0.957639 0.385107 0.252941 2 0 0.399997 13 0.600003
  0 0.000001 32.867386 5.555226 0.000000 -0.416292 0.909231 0.431270 0.250425 1 0 1.000000
template_body
  0 0.000001 34.392624 5.977268 0.000000 -0.120384 0.992727 0.431270 0.274212 1 0 1.000000
  0 0.000001 32.867386 5.555226 0.000000 -0.416292 0.909231 0.431270 0.250425 1 0 1.000000
  0 2.402188 33.564514 5.177485 0.091073 -0.273189 0.957639 0.385107 0.252941 2 0 0.399997 13 0.600003
template_body
  0 -2.402187 33.564510 5.177486 -0.091074 -0.273189 0.957639 0.477434 0.252941 2 0 0.700007 1 0.299993
  0 0.000001 32.867386 5.555226 0.000000 -0.416292 0.909231 0.431270 0.250425 1 0 1.000000
  0 0.000001 34.392624 5.977268 0.000000 -0.120384 0.992727 0.431270 0.274212 1 0 1.000000
template_body
  0 0.000001 34.392624 5.977268 0.000000 -0.120384 0.992727 0.431270 0.274212 1 0 1.000000
  0 -2.517179 34.795517 5.575587 -0.207407 0.009909 0.978204 0.479876 0.275765 1 0 1.000000
  0 -2.402187 33.564510 5.177486 -0.091074 -0.273189 0.957639 0.477434 0.252941 2 0 0.700007 1 0.299993
template_body
  0 -2.402187 33.564510 5.177486 -0.091074 -0.273189 0.957639 0.477434 0.252941 2 0 0.700007 1 0.299993
  0 -2.517179 34.795517 5.575587 -0.207407 0.009909 0.978204 0.479876 0.275765 1 0 1.000000
  0 -5.995855 35.825768 4.228750 -0.508067 0.177180 0.842897 0.544300 0.280524 1 0 1.000000
template_body
  0 -5.995855 35.825768 4.228750 -0.508067 0.177180 0.842897 0.544300 0.280524 1 0 1.000000
  0 -2.517179 34.795517 5.575587 -0.207407 0.009909 0.978204 0.479876 0.275765 1 0 1.000000
  0 -2.714937 36.302898 5.356802 -0.235616 -0.027009 0.971471 0.484995 0.299731 1 0 1.000000
template_body
  0 -2.714937 36.302898 5.356802 -0.235616 -0.027009 0.971471 0.484995 0.299731 1 0 1.000000
  0 -5.853911 36.943684 4.129753 -0.516082 -0.060568 0.854395 0.545097 0.300041 1 0 1.000000
  0 -5.995855 35.825768 4.228750 -0.508067 0.177180 0.842897 0.544300 0.280524 1 0 1.000000
template_body
  0 -5.853911 36.943684 4.129753 -0.516082 -0.060568 0.854395 0.545097 0.300041 1 0 1.000000
  0 -2.714937 36.302898 5.356802 -0.235616 -0.027009 0.971471 0.484995 0.299731 1 0 1.000000
  0 -2.811146 38.153309 5.613418 -0.290242 -0.614109 0.733914 0.488114 0.328427 1 0 1.000000
template_body
  0 -2.811146 38.153309 5.613418 -0.290242 -0.614109 0.733914 0.488114 0.328427 1 0 1.000000
  0 -6.198876 38.464790 4.368455 -0.502583 -0.711255 0.491454 0.550695 0.324416 1 0 1.000000
  0 -5.853911 36.943684 4.129753 -0.516082 -0.060568 0.854395 0.545097 0.300041 1 0 1.000000
template_body
  0 -7.949419 37.385269 2.430035 -0.905724 0.055671 0.420196 0.591841 0.301781 1 0 1.000000
  0 -5.853911 36.943684 4.129753 -0.516082 -0.060568 0.854395 0.545097 0.300041 1 0 1.000000
  0 -6.198876 38.464790 4.368455 -0.502583 -0.711255 0.491454 0.550695 0.324416 1 0 1.000000
template_body
  0 -6.198876 38.464790 4.368455 -0.502583 -0.711255 0.491454 0.550695 0.324416 1 0 1.000000
  0 -7.520510 39.023834 2.024735 -0.837526 -0.544041 0.050699 0.597979 0.325469 1 0 1.000000
  0 -7.949419 37.385269 2.430035 -0.905724 0.055671 0.420196 0.591841 0.301781 1 0 1.000000
template_body
  0 -7.721681 37.209095 -0.617756 -0.980863 0.096763 -0.168951 0.642355 0.298309 1 0 1.000000
  0 -7.949419 37.385269 2.430035 -0.905724 0.055671 0.420196 0.591841 0.301781 1 0 1.000000
  0 -7.520510 39.023834 2.024735 -0.837526 -0.544041 0.050699 0.597979 0.325469 1 0 1.000000
template_body
  0 -7.520510 39.023834 2.024735 -0.837526 -0.544041 0.050699 0.597979 0.325469 1 0 1.000000
  0 -7.380045 38.818913 -1.085724 -0.669932 -0.729142 -0.139797 0.650491 0.323810 1 0 1.000000
  0 -7.721681 37.209095 -0.617756 -0.980863 0.096763 -0.168951 0.642355 0.298309 1 0 1.000000
template_body
  0 -6.654952 36.850822 -3.281740 -0.760537 0.186341 -0.621981 0.686788 0.293198 1 0 1.000000
  0 -7.721681 37.209095 -0.617756 -0.980863 0.096763 -0.168951 0.642355 0.298309 1 0 1.000000
  0 -7.380045 38.818913 -1.085724 -0.669932 -0.729142 -0.139797 0.650491 0.323810 1 0 1.000000
template_body
  0 -7.380045 38.818913 -1.085724 -0.669932 -0.729142 -0.139797 0.650491 0.323810 1 0 1.000000
  0 -5.987360 38.879284 -2.869560 -0.117896 -0.854397 -0.506069 0.690077 0.325859 1 0 1.000000
  0 -6.654952 36.850822 -3.281740 -0.760537 0.186341 -0.621981 0.686788 0.293198 1 0 1.000000
template_body
  0 -5.987360 38.879284 -2.869560 -0.117896 -0.854397 -0.506069 0.690077 0.325859 1 0 1.000000
  0 -4.049666 36.415642 -4.463731 -0.227905 0.177773 -0.957317 0.730481 0.289198 1 0 1.000000
  0 -6.654952 36.850822 -3.281740 -0.760537 0.186341 -0.621981 0.686788 0.293198 1 0 1.000000
template_body
  0 -4.049666 36.415642 -4.463731 -0.227905 0.177773 -0.957317 0.730481 0.289198 1 0 1.000000
  0 -5.987360 38.879284 -2.869560 -0.117896 -0.854397 -0.506069 0.690077 0.325859 1 0 1.000000
  0 -1.574599 38.796314 -3.656090 -0.002820 -0.521598 -0.853186 0.761674 0.332222 1 0 1.000000
template_body
  0 -1.574599 38.796314 -3.656090 -0.002820 -0.521598 -0.853186 0.761674 0.332222 1 0 1.000000
  0 -0.882134 36.176800 -4.680227 0.034824 0.089969 -0.995335 0.777621 0.290878 1 0 1.000000
  0 -4.049666 36.415642 -4.463731 -0.227905 0.177773 -0.957317 0.730481 0.289198 1 0 1.000000
template_body
  0 -7.949419 37.385269 2.430035 -0.905724 0.055671 0.420196 0.591841 0.301781 1 0 1.000000
  0 -5.995855 35.825768 4.228750 -0.508067 0.177180 0.842897 0.544300 0.280524 1 0 1.000000
  0 -5.853911 36.943684 4.129753 -0.516082 -0.060568 0.854395 0.545097 0.300041 1 0 1.000000
template_body
  0 -6.376111 34.112782 4.538960 -0.448940 0.060201 0.891532 0.545437 0.253127 2 0 0.700012 1 0.299988
  1 -2.835854 30.245115 5.182832 0.429726 -0.118137 0.895198 0.490042 0.197492 1 1 1.000000
  0 -2.538633 32.204521 5.098357 0.192558 -0.181269 0.964398 0.480536 0.228761 2 0 0.700007 1 0.299993
template_body
  0 -2.538633 32.204521 5.098357 0.192558 -0.181269 0.964398 0.480536 0.228761 2 0 0.700007 1 0.299993
  0 -2.402187 33.564510 5.177486 -0.091074 -0.273189 0.957639 0.477434 0.252941 2 0 0.700007 1 0.299993
  0 -6.376111 34.112782 4.538960 -0.448940 0.060201 0.891532 0.545437 0.253127 2 0 0.700012 1 0.299988
template_body
  0 -5.995855 35.825768 4.228750 -0.508067 0.177180 0.842897 0.544300 0.280524 1 0 1.000000
  0 -6.376111 34.112782 4.538960 -0.448940 0.060201 0.891532 0.545437 0.253127 2 0 0.700012 1 0.299988
  0 -2.402187 33.564510 5.177486 -0.091074 -0.273189 0.957639 0.477434 0.252941 2 0 0.700007 1 0.299993
template_body
  0 -8.209262 34.260448 2.590821 -0.918580 0.138764 0.370074 0.592646 0.252976 2 0 0.700007 1 0.299993
  0 -6.376111 34.112782 4.538960 -0.448940 0.060201 0.891532 0.545437 0.253127 2 0 0.700012 1 0.299988
  0 -5.995855 35.825768 4.228750 -0.508067 0.177180 0.842897 0.544300 0.280524 1 0 1.000000
template_body
  0 -5.995855 35.825768 4.228750 -0.508067 0.177180 0.842897 0.544300 0.280524 1 0 1.000000
  0 -7.949419 37.385269 2.430035 -0.905724 0.055671 0.420196 0.591841 0.301781 1 0 1.000000
  0 -8.209262 34.260448 2.590821 -0.918580 0.138764 0.370074 0.592646 0.252976 2 0 0.700007 1 0.299993
template_body
  0 -8.209262 34.260448 2.590821 -0.918580 0.138764 0.370074 0.592646 0.252976 2 0 0.700007 1 0.299993
  0 -7.949419 37.385269 2.430035 -0.905724 0.055671 0.420196 0.591841 0.301781 1 0 1.000000
  0 -7.721681 37.209095 -0.617756 -0.980863 0.096763 -0.168951 0.642355 0.298309 1 0 1.000000
template_body
  0 1.404871 31.613285 4.295700 -0.164381 -0.664544 0.728945 0.406372 0.220848 2 0 0.399997 13 0.600003
  0 0.354234 30.386446 1.241789 -0.756164 -0.654315 -0.009306 0.428660 0.172337 2 0 0.399989 13 0.600011
  13 0.458834 29.763086 1.401451 -0.876650 -0.399973 0.267406 0.427720 0.168544 1 13 1.000000
template_body
  0 0.000001 30.548820 1.159652 0.000000 -0.991500 0.130104 0.431270 0.172655 2 0 0.699990 1 0.300010
  0 0.354234 30.386446 1.241789 -0.756164 -0.654315 -0.009306 0.428660 0.172337 2 0 0.399989 13 0.600011
  0 1.404871 31.613285 4.295700 -0.164381 -0.664544 0.728945 0.406372 0.220848 2 0 0.399997 13 0.600003
template_body
  0 1.404871 31.613285 4.295700 -0.164381 -0.664544 0.728945 0.406372 0.220848 2 0 0.399997 13 0.600003
  0 0.000001 31.248459 4.747757 0.000000 -0.800000 0.600000 0.431270 0.224668 2 0 0.700007 1 0.299993
  0 0.000001 30.548820 1.159652 0.000000 -0.991500 0.130104 0.431270 0.172655 2 0 0.699990 1 0.300010
template_body
  0 0.000001 32.867386 5.555226 0.000000 -0.416292 0.909231 0.431270 0.250425 1 0 1.000000
  0 0.000001 31.248459 4.747757 0.000000 -0.800000 0.600000 0.431270 0.224668 2 0 0.700007 1 0.299993
  0 1.404871 31.613285 4.295700 -0.164381 -0.664544 0.728945 0.406372 0.220848 2 0 0.399997 13 0.600003
template_body
  0 -1.404870 31.613285 4.295700 0.164381 -0.664544 0.728945 0.456169 0.220848 2 0 0.700007 1 0.299993
  0 0.000001 31.248459 4.747757 0.000000 -0.800000 0.600000 0.431270 0.224668 2 0 0.700007 1 0.299993
  0 0.000001 32.867386 5.555226 0.000000 -0.416292 0.909231 0.431270 0.250425 1 0 1.000000
template_body
  0 0.000001 32.867386 5.555226 0.000000 -0.416292 0.909231 0.431270 0.250425 1 0 1.000000
  0 -2.402187 33.564510 5.177486 -0.091074 -0.273189 0.957639 0.477434 0.252941 2 0 0.700007 1 0.299993
  0 -1.404870 31.613285 4.295700 0.164381 -0.664544 0.728945 0.456169 0.220848 2 0 0.700007 1 0.299993
template_body
  0 -2.538633 32.204521 5.098357 0.192558 -0.181269 0.964398 0.480536 0.228761 2 0 0.700007 1 0.299993
  0 -1.404870 31.613285 4.295700 0.164381 -0.664544 0.728945 0.456169 0.220848 2 0 0.700007 1 0.299993
  0 -2.402187 33.564510 5.177486 -0.091074 -0.273189 0.957639 0.477434 0.252941 2 0 0.700007 1 0.299993
template_body
  0 -1.404870 31.613285 4.295700 0.164381 -0.664544 0.728945 0.456169 0.220848 2 0 0.700007 1 0.299993
  0 -2.538633 32.204521 5.098357 0.192558 -0.181269 0.964398 0.480536 0.228761 2 0 0.700007 1 0.299993
  1 -0.458834 29.763086 1.401451 0.876650 -0.399973 0.267406 0.434821 0.168544 1 1 1.000000
template_body
  1 -0.458834 29.763086 1.401451 0.876650 -0.399973 0.267406 0.434821 0.168544 1 1 1.000000
  0 -2.538633 32.204521 5.098357 0.192558 -0.181269 0.964398 0.480536 0.228761 2 0 0.700007 1 0.299993
  1 -2.835854 30.245115 5.182832 0.429726 -0.118137 0.895198 0.490042 0.197492 1 1 1.000000
template_body
  1 -2.835854 30.245115 5.182832 0.429726 -0.118137 0.895198 0.490042 0.197492 1 1 1.000000
  1 -0.937183 28.550415 1.164835 0.964684 -0.241735 0.104633 0.435544 0.155634 1 1 1.000000
  1 -0.458834 29.763086 1.401451 0.876650 -0.399973 0.267406 0.434821 0.168544 1 1 1.000000
template_body
  1 -2.835854 30.245115 5.182832 0.429726 -0.118137 0.895198 0.490042 0.197492 1 1 1.000000
  1 -1.092973 27.123835 0.760321 0.973098 -0.230144 0.010709 0.436301 0.133061 1 1 1.000000
  1 -0.937183 28.550415 1.164835 0.964684 -0.241735 0.104633 0.435544 0.155634 1 1 1.000000
template_body
  0 0.000001 30.548820 1.159652 0.000000 -0.991500 0.130104 0.431270 0.172655 2 0 0.699990 1 0.300010
  0 0.000001 31.248459 4.747757 0.000000 -0.800000 0.600000 0.431270 0.224668 2 0 0.700007 1 0.299993
  0 -1.404870 31.613285 4.295700 0.164381 -0.664544 0.728945 0.456169 0.220848 2 0 0.700007 1 0.299993
template_body
  0 -1.404870 31.613285 4.295700 0.164381 -0.664544 0.728945 0.456169 0.220848 2 0 0.700007 1 0.299993
  0 -0.354233 30.386444 1.241789 0.756165 -0.654315 -0.009306 0.433881 0.172337 2 0 0.699990 1 0.300010
  0 0.000001 30.548820 1.159652 0.000000 -0.991500 0.130104 0.431270 0.172655 2 0 0.699990 1 0.300010
template_body
  1 -0.458834 29.763086 1.401451 0.876650 -0.399973 0.267406 0.434821 0.168544 1 1 1.000000
  0 -0.354233 30.386444 1.241789 0.756165 -0.654315 -0.009306 0.433881 0.172337 2 0 0.699990 1 0.300010
  0 -1.404870 31.613285 4.295700 0.164381 -0.664544 0.728945 0.456169 0.220848 2 0 0.700007 1 0.299993
template_body
  0 -0.882134 36.176800 -4.680227 0.034824 0.089969 -0.995335 0.777621 0.290878 1 0 1.000000
  0 -1.574599 38.796314 -3.656090 -0.002820 -0.521598 -0.853186 0.761674 0.332222 1 0 1.000000
  0 0.000000 39.028198 -3.757012 0.000000 -0.201618 -0.979464 0.786441 0.337769 1 0 1.000000
template_body
  0 0.000000 39.028198 -3.757012 0.000000 -0.201618 -0.979464 0.786441 0.337769 1 0 1.000000
  0 0.000000 36.089367 -4.463931 0.000000 -0.027008 -0.999635 0.791677 0.290839 1 0 1.000000
  0 -0.882134 36.176800 -4.680227 0.034824 0.089969 -0.995335 0.777621 0.290878 1 0 1.000000
template_body
  0 -0.848941 33.750961 -4.319642 0.100287 -0.326759 -0.939772 0.782263 0.253020 1 0 1.000000
  0 -0.882134 36.176800 -4.680227 0.034824 0.089969 -0.995335 0.777621 0.290878 1 0 1.000000
  0 0.000000 36.089367 -4.463931 0.000000 -0.027008 -0.999635 0.791677 0.290839 1 0 1.000000
template_body
  0 0.000000 36.089367 -4.463931 0.000000 -0.027008 -0.999635 0.791677 0.290839 1 0 1.000000
  0 0.000000 33.676022 -4.047355 0.000000 -0.467550 -0.883967 0.796013 0.252031 1 0 1.000000
  0 -0.848941 33.750961 -4.319642 0.100287 -0.326759 -0.939772 0.782263 0.253020 1 0 1.000000
template_body
  0 -1.035164 32.094303 -3.303922 0.205646 -0.574210 -0.792459 0.781686 0.221621 1 0 1.000000
  0 -0.848941 33.750961 -4.319642 0.100287 -0.326759 -0.939772 0.782263 0.253020 1 0 1.000000
  0 0.000000 33.676022 -4.047355 0.000000 -0.467550 -0.883967 0.796013 0.252031 1 0 1.000000
template_body
  0 0.000000 33.676022 -4.047355 0.000000 -0.467550 -0.883967 0.796013 0.252031 1 0 1.000000
  0 0.000001 32.070892 -2.620567 0.000000 -0.784575 -0.620034 0.800549 0.219434 1 0 1.000000
  0 -1.035164 32.094303 -3.303922 0.205646 -0.574210 -0.792459 0.781686 0.221621 1 0 1.000000
template_body
  0 -1.286288 30.633390 -1.730512 0.669590 -0.471941 -0.573516 0.789484 0.189364 2 0 0.799987 1 0.200013
  0 -1.035164 32.094303 -3.303922 0.205646 -0.574210 -0.792459 0.781686 0.221621 1 0 1.000000
  0 0.000001 32.070892 -2.620567 0.000000 -0.784575 -0.620034 0.800549 0.219434 1 0 1.000000
template_body
  0 0.000001 32.070892 -2.620567 0.000000 -0.784575 -0.620034 0.800549 0.219434 1 0 1.000000
  0 0.000001 31.218851 -0.794080 0.000000 -0.939814 -0.341685 0.814499 0.194700 2 0 0.699990 1 0.300010
  0 -1.286288 30.633390 -1.730512 0.669590 -0.471941 -0.573516 0.789484 0.189364 2 0 0.799987 1 0.200013
template_body
  0 -0.354233 30.386444 1.241789 0.756165 -0.654315 -0.009306 0.834592 0.169880 2 0 0.699990 1 0.300010
  0 -1.286288 30.633390 -1.730512 0.669590 -0.471941 -0.573516 0.789484 0.189364 2 0 0.799987 1 0.200013
  0 0.000001 31.218851 -0.794080 0.000000 -0.939814 -0.341685 0.814499 0.194700 2 0 0.699990 1 0.300010
template_body
  0 0.000001 31.218851 -0.794080 0.000000 -0.939814 -0.341685 0.814499 0.194700 2 0 0.699990 1 0.300010
  0 0.000001 30.548820 1.159652 0.000000 -0.991500 0.130104 0.837033 0.174652 2 0 0.699990 1 0.300010
  0 -0.354233 30.386444 1.241789 0.756165 -0.654315 -0.009306 0.834592 0.169880 2 0 0.699990 1 0.300010
template_body
  0 -1.286288 30.633390 -1.730512 0.669590 -0.471941 -0.573516 0.789484 0.189364 2 0 0.799987 1 0.200013
  1 -0.458834 29.763086 1.401451 0.876650 -0.399973 0.267406 0.834235 0.161611 1 1 1.000000
  1 -0.937183 28.550415 1.164835 0.964684 -0.241735 0.104633 0.825430 0.145421 1 1 1.000000
template_body
  0 -0.354233 30.386444 1.241789 0.756165 -0.654315 -0.009306 0.834592 0.169880 2 0 0.699990 1 0.300010
  1 -0.458834 29.763086 1.401451 0.876650 -0.399973 0.267406 0.834235 0.161611 1 1 1.000000
  0 -1.286288 30.633390 -1.730512 0.669590 -0.471941 -0.573516 0.789484 0.189364 2 0 0.799987 1 0.200013
template_body
  1 -7.094549 27.256615 4.641787 -0.489293 -0.078695 0.868562 0.555352 0.150637 1 1 1.000000
  1 -3.344072 26.061209 4.799923 0.342510 -0.128890 0.930631 0.497477 0.132987 1 1 1.000000
  1 -2.835854 30.245115 5.182832 0.429726 -0.118137 0.895198 0.490042 0.197492 1 1 1.000000
template_body
  1 -2.835854 30.245115 5.182832 0.429726 -0.118137 0.895198 0.490042 0.197492 1 1 1.000000
  0 -6.376111 34.112782 4.538960 -0.448940 0.060201 0.891532 0.545437 0.253127 2 0 0.700012 1 0.299988
  1 -7.094549 27.256615 4.641787 -0.489293 -0.078695 0.868562 0.555352 0.150637 1 1 1.000000
template_body
  1 -7.094549 27.256615 4.641787 -0.489293 -0.078695 0.868562 0.555352 0.150637 1 1 1.000000
  0 -6.376111 34.112782 4.538960 -0.448940 0.060201 0.891532 0.545437 0.253127 2 0 0.700012 1 0.299988
  0 -8.063183 32.374653 2.744861 -0.916348 0.071326 0.393979 0.592838 0.224292 2 0 0.700007 1 0.299993
template_body
  0 -6.376111 34.112782 4.538960 -0.448940 0.060201 0.891532 0.545437 0.253127 2 0 0.700012 1 0.299988
  0 -8.209262 34.260448 2.590821 -0.918580 0.138764 0.370074 0.592646 0.252976 2 0 0.700007 1 0.299993
  0 -8.063183 32.374653 2.744861 -0.916348 0.071326 0.393979 0.592838 0.224292 2 0 0.700007 1 0.299993
template_body
  0 -8.063183 32.374653 2.744861 -0.916348 0.071326 0.393979 0.592838 0.224292 2 0 0.700007 1 0.299993
  0 -8.209262 34.260448 2.590821 -0.918580 0.138764 0.370074 0.592646 0.252976 2 0 0.700007 1 0.299993
  0 -8.185854 34.057728 -0.551652 -0.970060 0.001719 -0.242859 0.643956 0.247589 2 0 0.800009 1 0.199991
template_body
  0 -7.721681 37.209095 -0.617756 -0.980863 0.096763 -0.168951 0.642355 0.298309 1 0 1.000000
  0 -8.185854 34.057728 -0.551652 -0.970060 0.001719 -0.242859 0.643956 0.247589 2 0 0.800009 1 0.199991
  0 -8.209262 34.260448 2.590821 -0.918580 0.138764 0.370074 0.592646 0.252976 2 0 0.700007 1 0.299993
template_body
  0 -6.893305 34.058472 -3.249435 -0.672592 -0.179817 -0.717834 0.690372 0.248793 1 0 1.000000
  0 -8.185854 34.057728 -0.551652 -0.970060 0.001719 -0.242859 0.643956 0.247589 2 0 0.800009 1 0.199991
  0 -7.721681 37.209095 -0.617756 -0.980863 0.096763 -0.168951 0.642355 0.298309 1 0 1.000000
template_body
  0 -7.721681 37.209095 -0.617756 -0.980863 0.096763 -0.168951 0.642355 0.298309 1 0 1.000000
  0 -6.654952 36.850822 -3.281740 -0.760537 0.186341 -0.621981 0.686788 0.293198 1 0 1.000000
  0 -6.893305 34.058472 -3.249435 -0.672592 -0.179817 -0.717834 0.690372 0.248793 1 0 1.000000
template_body
  0 -4.049666 36.415642 -4.463731 -0.227905 0.177773 -0.957317 0.730481 0.289198 1 0 1.000000
  0 -6.893305 34.058472 -3.249435 -0.672592 -0.179817 -0.717834 0.690372 0.248793 1 0 1.000000
  0 -6.654952 36.850822 -3.281740 -0.760537 0.186341 -0.621981 0.686788 0.293198 1 0 1.000000
template_body
  0 -4.118674 34.103996 -4.200925 -0.192314 -0.213626 -0.957799 0.733614 0.253518 1 0 1.000000
  0 -6.893305 34.058472 -3.249435 -0.672592 -0.179817 -0.717834 0.690372 0.248793 1 0 1.000000
  0 -4.049666 36.415642 -4.463731 -0.227905 0.177773 -0.957317 0.730481 0.289198 1 0 1.000000
template_body
  0 -4.118674 34.103996 -4.200925 -0.192314 -0.213626 -0.957799 0.733614 0.253518 1 0 1.000000
  0 -4.049666 36.415642 -4.463731 -0.227905 0.177773 -0.957317 0.730481 0.289198 1 0 1.000000
  0 -0.882134 36.176800 -4.680227 0.034824 0.089969 -0.995335 0.777621 0.290878 1 0 1.000000
template_body
  0 -0.882134 36.176800 -4.680227 0.034824 0.089969 -0.995335 0.777621 0.290878 1 0 1.000000
  0 -0.848941 33.750961 -4.319642 0.100287 -0.326759 -0.939772 0.782263 0.253020 1 0 1.000000
  0 -4.118674 34.103996 -4.200925 -0.192314 -0.213626 -0.957799 0.733614 0.253518 1 0 1.000000
template_body
  0 -4.032588 31.372658 -3.202125 -0.014629 -0.229228 -0.973263 0.738581 0.204597 2 0 0.800005 1 0.199995
  0 -4.118674 34.103996 -4.200925 -0.192314 -0.213626 -0.957799 0.733614 0.253518 1 0 1.000000
  0 -0.848941 33.750961 -4.319642 0.100287 -0.326759 -0.939772 0.782263 0.253020 1 0 1.000000
template_body
  0 -0.848941 33.750961 -4.319642 0.100287 -0.326759 -0.939772 0.782263 0.253020 1 0 1.000000
  0 -1.035164 32.094303 -3.303922 0.205646 -0.574210 -0.792459 0.781686 0.221621 1 0 1.000000
  0 -4.032588 31.372658 -3.202125 -0.014629 -0.229228 -0.973263 0.738581 0.204597 2 0 0.800005 1 0.199995
template_body
  0 -1.035164 32.094303 -3.303922 0.205646 -0.574210 -0.792459 0.781686 0.221621 1 0 1.000000
  0 -1.286288 30.633390 -1.730512 0.669590 -0.471941 -0.573516 0.789484 0.189364 2 0 0.799987 1 0.200013
  0 -4.032588 31.372658 -3.202125 -0.014629 -0.229228 -0.973263 0.738581 0.204597 2 0 0.800005 1 0.199995
template_body
  0 -1.286288 30.633390 -1.730512 0.669590 -0.471941 -0.573516 0.789484 0.189364 2 0 0.799987 1 0.200013
  0 -1.869575 28.932154 -2.163977 0.742974 -0.097523 -0.662177 0.774906 0.162677 2 0 0.410988 1 0.589012
  0 -4.032588 31.372658 -3.202125 -0.014629 -0.229228 -0.973263 0.738581 0.204597 2 0 0.800005 1 0.199995
template_body
  1 -0.937183 28.550415 1.164835 0.964684 -0.241735 0.104633 0.825430 0.145421 1 1 1.000000
  0 -1.869575 28.932154 -2.163977 0.742974 -0.097523 -0.662177 0.774906 0.162677 2 0 0.410988 1 0.589012
  0 -1.286288 30.633390 -1.730512 0.669590 -0.471941 -0.573516 0.789484 0.189364 2 0 0.799987 1 0.200013
template_body
  0 -1.869575 28.932154 -2.163977 0.742974 -0.097523 -0.662177 0.774906 0.162677 2 0 0.410988 1 0.589012
  1 -0.937183 28.550415 1.164835 0.964684 -0.241735 0.104633 0.825430 0.145421 1 1 1.000000
  1 -1.092973 27.123835 0.760321 0.973098 -0.230144 0.010709 0.816109 0.125756 1 1 1.000000
template_body
  0 -8.063183 32.374653 2.744861 -0.916348 0.071326 0.393979 0.592838 0.224292 2 0 0.700007 1 0.299993
  1 -8.580918 29.732231 2.715276 -0.943093 0.083067 0.321987 0.595669 0.183911 1 1 1.000000
  1 -7.094549 27.256615 4.641787 -0.489293 -0.078695 0.868562 0.555352 0.150637 1 1 1.000000
template_body
  0 -6.893305 34.058472 -3.249435 -0.672592 -0.179817 -0.717834 0.690372 0.248793 1 0 1.000000
  0 -4.118674 34.103996 -4.200925 -0.192314 -0.213626 -0.957799 0.733614 0.253518 1 0 1.000000
  0 -4.032588 31.372658 -3.202125 -0.014629 -0.229228 -0.973263 0.738581 0.204597 2 0 0.800005 1 0.199995
template_body
  0 -4.032588 31.372658 -3.202125 -0.014629 -0.229228 -0.973263 0.738581 0.204597 2 0 0.800005 1 0.199995
  0 -6.780542 32.715397 -2.625459 -0.612648 -0.164766 -0.772991 0.691437 0.224675 2 0 0.800011 1 0.199989
  0 -6.893305 34.058472 -3.249435 -0.672592 -0.179817 -0.717834 0.690372 0.248793 1 0 1.000000
template_body
  0 -8.185854 34.057728 -0.551652 -0.970060 0.001719 -0.242859 0.643956 0.247589 2 0 0.800009 1 0.199991
  0 -6.893305 34.058472 -3.249435 -0.672592 -0.179817 -0.717834 0.690372 0.248793 1 0 1.000000
  0 -6.780542 32.715397 -2.625459 -0.612648 -0.164766 -0.772991 0.691437 0.224675 2 0 0.800011 1 0.199989
template_body
  0 -6.780542 32.715397 -2.625459 -0.612648 -0.164766 -0.772991 0.691437 0.224675 2 0 0.800011 1 0.199989
  0 -8.139262 32.101852 -0.553437 -0.951071 0.093449 -0.294501 0.649295 0.216719 2 0 0.800009 1 0.199991
  0 -8.185854 34.057728 -0.551652 -0.970060 0.001719 -0.242859 0.643956 0.247589 2 0 0.800009 1 0.199991
template_body
  0 -8.185854 34.057728 -0.551652 -0.970060 0.001719 -0.242859 0.643956 0.247589 2 0 0.800009 1 0.199991
  0 -8.139262 32.101852 -0.553437 -0.951071 0.093449 -0.294501 0.649295 0.216719 2 0 0.800009 1 0.199991
  0 -8.063183 32.374653 2.744861 -0.916348 0.071326 0.393979 0.592838 0.224292 2 0 0.700007 1 0.299993
template_body
  1 -8.580918 29.732231 2.715276 -0.943093 0.083067 0.321987 0.595669 0.183911 1 1 1.000000
  0 -8.063183 32.374653 2.744861 -0.916348 0.071326 0.393979 0.592838 0.224292 2 0 0.700007 1 0.299993
  0 -8.139262 32.101852 -0.553437 -0.951071 0.093449 -0.294501 0.649295 0.216719 2 0 0.800009 1 0.199991
template_body
  0 -8.139262 32.101852 -0.553437 -0.951071 0.093449 -0.294501 0.649295 0.216719 2 0 0.800009 1 0.199991
  1 -8.581053 29.290018 -0.841904 -0.937006 0.064566 -0.343295 0.650207 0.173182 2 1 0.799994 0 0.200006
  1 -8.580918 29.732231 2.715276 -0.943093 0.083067 0.321987 0.595669 0.183911 1 1 1.000000
template_body
  1 -8.597596 27.126541 2.382598 -0.951505 0.010438 0.307456 0.597753 0.144805 1 1 1.000000
  1 -8.580918 29.732231 2.715276 -0.943093 0.083067 0.321987 0.595669 0.183911 1 1 1.000000
  1 -8.581053 29.290018 -0.841904 -0.937006 0.064566 -0.343295 0.650207 0.173182 2 1 0.799994 0 0.200006
template_body
  1 -8.580918 29.732231 2.715276 -0.943093 0.083067 0.321987 0.595669 0.183911 1 1 1.000000
  1 -8.597596 27.126541 2.382598 -0.951505 0.010438 0.307456 0.597753 0.144805 1 1 1.000000
  1 -7.094549 27.256615 4.641787 -0.489293 -0.078695 0.868562 0.555352 0.150637 1 1 1.000000
template_body
  1 -6.662302 24.706682 4.484408 -0.375016 -0.096498 0.921982 0.547930 0.113801 1 1 1.000000
  1 -7.094549 27.256615 4.641787 -0.489293 -0.078695 0.868562 0.555352 0.150637 1 1 1.000000
  1 -8.597596 27.126541 2.382598 -0.951505 0.010438 0.307456 0.597753 0.144805 1 1 1.000000
template_body
  1 -3.344072 26.061209 4.799923 0.342510 -0.128890 0.930631 0.497477 0.132987 1 1 1.000000
  1 -7.094549 27.256615 4.641787 -0.489293 -0.078695 0.868562 0.555352 0.150637 1 1 1.000000
  1 -6.662302 24.706682 4.484408 -0.375016 -0.096498 0.921982 0.547930 0.113801 1 1 1.000000
template_body
  1 -6.662302 24.706682 4.484408 -0.375016 -0.096498 0.921982 0.547930 0.113801 1 1 1.000000
  1 -3.500087 24.205416 4.635386 0.531157 -0.160854 0.831864 0.499396 0.105493 1 1 1.000000
  1 -3.344072 26.061209 4.799923 0.342510 -0.128890 0.930631 0.497477 0.132987 1 1 1.000000
template_body
  1 -2.090611 25.793528 2.695651 0.906176 -0.130359 0.402308 0.467888 0.121170 1 1 1.000000
  1 -3.344072 26.061209 4.799923 0.342510 -0.128890 0.930631 0.497477 0.132987 1 1 1.000000
  1 -3.500087 24.205416 4.635386 0.531157 -0.160854 0.831864 0.499396 0.105493 1 1 1.000000
template_body
  1 -6.662302 24.706682 4.484408 -0.375016 -0.096498 0.921982 0.547930 0.113801 1 1 1.000000
  1 -7.020676 22.889484 4.128609 -0.538012 -0.003788 0.842929 0.551807 0.087147 2 1 0.900000 2 0.100000
  1 -3.500087 24.205416 4.635386 0.531157 -0.160854 0.831864 0.499396 0.105493 1 1 1.000000
template_body
  1 -7.058821 28.620016 -2.747005 -0.492831 0.049895 -0.868693 0.688679 0.160333 2 1 0.799989 0 0.200011
  0 -6.780542 32.715397 -2.625459 -0.612648 -0.164766 -0.772991 0.691437 0.224675 2 0 0.800011 1 0.199989
  0 -4.032588 31.372658 -3.202125 -0.014629 -0.229228 -0.973263 0.738581 0.204597 2 0 0.800005 1 0.199995
template_body
  0 -8.139262 32.101852 -0.553437 -0.951071 0.093449 -0.294501 0.649295 0.216719 2 0 0.800009 1 0.199991
  0 -6.780542 32.715397 -2.625459 -0.612648 -0.164766 -0.772991 0.691437 0.224675 2 0 0.800011 1 0.199989
  1 -7.058821 28.620016 -2.747005 -0.492831 0.049895 -0.868693 0.688679 0.160333 2 1 0.799989 0 0.200011
template_body
  1 -8.581053 29.290018 -0.841904 -0.937006 0.064566 -0.343295 0.650207 0.173182 2 1 0.799994 0 0.200006
  0 -8.139262 32.101852 -0.553437 -0.951071 0.093449 -0.294501 0.649295 0.216719 2 0 0.800009 1 0.199991
  1 -7.058821 28.620016 -2.747005 -0.492831 0.049895 -0.868693 0.688679 0.160333 2 1 0.799989 0 0.200011
template_body
  1 -8.376655 26.845388 -1.066244 -0.916748 0.128630 -0.378190 0.651913 0.135362 1 1 1.000000
  1 -8.581053 29.290018 -0.841904 -0.937006 0.064566 -0.343295 0.650207 0.173182 2 1 0.799994 0 0.200006
  1 -7.058821 28.620016 -2.747005 -0.492831 0.049895 -0.868693 0.688679 0.160333 2 1 0.799989 0 0.200011
template_body
  1 -8.581053 29.290018 -0.841904 -0.937006 0.064566 -0.343295 0.650207 0.173182 2 1 0.799994 0 0.200006
  1 -8.376655 26.845388 -1.066244 -0.916748 0.128630 -0.378190 0.651913 0.135362 1 1 1.000000
  1 -8.597596 27.126541 2.382598 -0.951505 0.010438 0.307456 0.597753 0.144805 1 1 1.000000
template_body
  1 -9.161197 24.996798 2.173406 -0.933619 0.092751 0.346052 0.598939 0.112682 1 1 1.000000
  1 -8.597596 27.126541 2.382598 -0.951505 0.010438 0.307456 0.597753 0.144805 1 1 1.000000
  1 -8.376655 26.845388 -1.066244 -0.916748 0.128630 -0.378190 0.651913 0.135362 1 1 1.000000
template_body
  1 -8.597596 27.126541 2.382598 -0.951505 0.010438 0.307456 0.597753 0.144805 1 1 1.000000
  1 -9.161197 24.996798 2.173406 -0.933619 0.092751 0.346052 0.598939 0.112682 1 1 1.000000
  1 -6.662302 24.706682 4.484408 -0.375016 -0.096498 0.921982 0.547930 0.113801 1 1 1.000000
template_body
  1 -6.662302 24.706682 4.484408 -0.375016 -0.096498 0.921982 0.547930 0.113801 1 1 1.000000
  1 -9.161197 24.996798 2.173406 -0.933619 0.092751 0.346052 0.598939 0.112682 1 1 1.000000
  1 -9.191404 23.358505 1.708838 -0.908632 0.042276 0.415453 0.601261 0.087763 2 1 0.900000 2 0.100000
template_body
  1 -9.191404 23.358505 1.708838 -0.908632 0.042276 0.415453 0.601261 0.087763 2 1 0.900000 2 0.100000
  1 -7.020676 22.889484 4.128609 -0.538012 -0.003788 0.842929 0.551807 0.087147 2 1 0.900000 2 0.100000
  1 -6.662302 24.706682 4.484408 -0.375016 -0.096498 0.921982 0.547930 0.113801 1 1 1.000000
template_body
  1 -7.020676 22.889484 4.128609 -0.538012 -0.003788 0.842929 0.551807 0.087147 2 1 0.900000 2 0.100000
  1 -9.191404 23.358505 1.708838 -0.908632 0.042276 0.415453 0.601261 0.087763 2 1 0.900000 2 0.100000
  1 -9.519391 21.944809 1.532950 -0.929864 0.178352 0.321781 0.601462 0.065768 2 1 0.800000 2 0.200000
template_body
  1 -9.519391 21.944809 1.532950 -0.929864 0.178352 0.321781 0.601462 0.065768 2 1 0.800000 2 0.200000
  1 -7.038496 21.325462 4.356887 -0.256816 0.052884 0.965012 0.549355 0.065022 2 1 0.800000 2 0.200000
  1 -7.020676 22.889484 4.128609 -0.538012 -0.003788 0.842929 0.551807 0.087147 2 1 0.900000 2 0.100000
template_body
  1 -7.020676 22.889484 4.128609 -0.538012 -0.003788 0.842929 0.551807 0.087147 2 1 0.900000 2 0.100000
  1 -7.038496 21.325462 4.356887 -0.256816 0.052884 0.965012 0.549355 0.065022 2 1 0.800000 2 0.200000
  1 -3.770805 21.144545 4.119575 0.477973 -0.057341 0.876501 0.504568 0.059502 2 1 0.800000 2 0.200000
template_body
  1 -3.770805 21.144545 4.119575 0.477973 -0.057341 0.876501 0.504568 0.059502 2 1 0.800000 2 0.200000
  1 -3.500087 24.205416 4.635386 0.531157 -0.160854 0.831864 0.499396 0.105493 1 1 1.000000
  1 -7.020676 22.889484 4.128609 -0.538012 -0.003788 0.842929 0.551807 0.087147 2 1 0.900000 2 0.100000
template_body
  1 -2.041983 24.117706 2.545372 0.911914 -0.105510 0.396586 0.468963 0.094630 1 1 1.000000
  1 -3.500087 24.205416 4.635386 0.531157 -0.160854 0.831864 0.499396 0.105493 1 1 1.000000
  1 -3.770805 21.144545 4.119575 0.477973 -0.057341 0.876501 0.504568 0.059502 2 1 0.800000 2 0.200000
template_body
  1 -3.500087 24.205416 4.635386 0.531157 -0.160854 0.831864 0.499396 0.105493 1 1 1.000000
  1 -2.041983 24.117706 2.545372 0.911914 -0.105510 0.396586 0.468963 0.094630 1 1 1.000000
  1 -2.090611 25.793528 2.695651 0.906176 -0.130359 0.402308 0.467888 0.121170 1 1 1.000000
template_body
  1 -1.801925 25.525841 0.591379 0.994130 -0.094447 -0.052765 0.438300 0.109354 1 1 1.000000
  1 -2.090611 25.793528 2.695651 0.906176 -0.130359 0.402308 0.467888 0.121170 1 1 1.000000
  1 -2.041983 24.117706 2.545372 0.911914 -0.105510 0.396586 0.468963 0.094630 1 1 1.000000
template_body
  1 -2.090611 25.793528 2.695651 0.906176 -0.130359 0.402308 0.467888 0.121170 1 1 1.000000
  1 -1.801925 25.525841 0.591379 0.994130 -0.094447 -0.052765 0.438300 0.109354 1 1 1.000000
  1 -1.092973 27.123835 0.760321 0.973098 -0.230144 0.010709 0.436301 0.133061 1 1 1.000000
template_body
  1 -3.344072 26.061209 4.799923 0.342510 -0.128890 0.930631 0.497477 0.132987 1 1 1.000000
  1 -2.090611 25.793528 2.695651 0.906176 -0.130359 0.402308 0.467888 0.121170 1 1 1.000000
  1 -1.092973 27.123835 0.760321 0.973098 -0.230144 0.010709 0.436301 0.133061 1 1 1.000000
template_body
  1 -1.092973 27.123835 0.760321 0.973098 -0.230144 0.010709 0.436301 0.133061 1 1 1.000000
  1 -2.835854 30.245115 5.182832 0.429726 -0.118137 0.895198 0.490042 0.197492 1 1 1.000000
  1 -3.344072 26.061209 4.799923 0.342510 -0.128890 0.930631 0.497477 0.132987 1 1 1.000000
template_body
  1 -3.770805 21.144545 4.119575 0.477973 -0.057341 0.876501 0.504568 0.059502 2 1 0.800000 2 0.200000
  1 -2.377626 21.279657 1.893142 0.951949 -0.133852 0.275458 0.472050 0.045377 2 1 0.800000 2 0.200000
  1 -2.041983 24.117706 2.545372 0.911914 -0.105510 0.396586 0.468963 0.094630 1 1 1.000000
template_body
  1 -2.041983 24.117706 2.545372 0.911914 -0.105510 0.396586 0.468963 0.094630 1 1 1.000000
  1 -1.526214 24.029999 0.455359 0.990162 -0.113531 -0.081793 0.438530 0.083766 1 1 1.000000
  1 -1.801925 25.525841 0.591379 0.994130 -0.094447 -0.052765 0.438300 0.109354 1 1 1.000000
template_body
  1 -2.041983 24.117706 2.545372 0.911914 -0.105510 0.396586 0.468963 0.094630 1 1 1.000000
  1 -1.970922 22.736769 0.291140 0.985811 -0.131034 -0.104916 0.438281 0.059622 2 1 0.800000 2 0.200000
  1 -1.526214 24.029999 0.455359 0.990162 -0.113531 -0.081793 0.438530 0.083766 1 1 1.000000
template_body
  1 -1.970922 22.736769 0.291140 0.985811 -0.131034 -0.104916 0.438281 0.059622 2 1 0.800000 2 0.200000
  1 -2.041983 24.117706 2.545372 0.911914 -0.105510 0.396586 0.468963 0.094630 1 1 1.000000
  1 -2.377626 21.279657 1.893142 0.951949 -0.133852 0.275458 0.472050 0.045377 2 1 0.800000 2 0.200000
template_body
  1 -2.377626 21.279657 1.893142 0.951949 -0.133852 0.275458 0.472050 0.045377 2 1 0.800000 2 0.200000
  1 -2.081677 21.414766 -0.333293 0.984911 -0.002503 -0.173042 0.439531 0.031253 2 1 0.500000 2 0.500000
  1 -1.970922 22.736769 0.291140 0.985811 -0.131034 -0.104916 0.438281 0.059622 2 1 0.800000 2 0.200000
template_body
  1 -7.058821 28.620016 -2.747005 -0.492831 0.049895 -0.868693 0.688679 0.160333 2 1 0.799989 0 0.200011
  1 -6.901061 24.905148 -3.369565 -0.396833 0.146700 -0.906092 0.691664 0.099742 1 1 1.000000
  1 -8.376655 26.845388 -1.066244 -0.916748 0.128630 -0.378190 0.651913 0.135362 1 1 1.000000
template_body
  1 -6.901061 24.905148 -3.369565 -0.396833 0.146700 -0.906092 0.691664 0.099742 1 1 1.000000
  1 -7.058821 28.620016 -2.747005 -0.492831 0.049895 -0.868693 0.688679 0.160333 2 1 0.799989 0 0.200011
  1 -4.454091 25.975641 -3.266983 0.278875 0.086656 -0.956410 0.729349 0.116277 1 1 1.000000
template_body
  0 -4.032588 31.372658 -3.202125 -0.014629 -0.229228 -0.973263 0.738581 0.204597 2 0 0.800005 1 0.199995
  1 -4.454091 25.975641 -3.266983 0.278875 0.086656 -0.956410 0.729349 0.116277 1 1 1.000000
  1 -7.058821 28.620016 -2.747005 -0.492831 0.049895 -0.868693 0.688679 0.160333 2 1 0.799989 0 0.200011
template_body
  1 -4.454091 25.975641 -3.266983 0.278875 0.086656 -0.956410 0.729349 0.116277 1 1 1.000000
  0 -4.032588 31.372658 -3.202125 -0.014629 -0.229228 -0.973263 0.738581 0.204597 2 0 0.800005 1 0.199995
  0 -1.869575 28.932154 -2.163977 0.742974 -0.097523 -0.662177 0.774906 0.162677 2 0 0.410988 1 0.589012
template_body
  0 -1.869575 28.932154 -2.163977 0.742974 -0.097523 -0.662177 0.774906 0.162677 2 0 0.410988 1 0.589012
  1 -2.484929 25.580267 -2.139301 0.818645 -0.040154 -0.572895 0.764979 0.108069 1 1 1.000000
  1 -4.454091 25.975641 -3.266983 0.278875 0.086656 -0.956410 0.729349 0.116277 1 1 1.000000
template_body
  1 -4.454091 25.975641 -3.266983 0.278875 0.086656 -0.956410 0.729349 0.116277 1 1 1.000000
  1 -2.484929 25.580267 -2.139301 0.818645 -0.040154 -0.572895 0.764979 0.108069 1 1 1.000000
  1 -2.886885 22.941702 -2.440988 0.805608 0.100102 -0.583931 0.756440 0.063777 2 1 0.800000 2 0.200000
template_body
  1 -2.886885 22.941702 -2.440988 0.805608 0.100102 -0.583931 0.756440 0.063777 2 1 0.800000 2 0.200000
  1 -4.622763 23.195097 -3.596485 0.280331 0.198384 -0.939180 0.724477 0.069329 2 1 0.800000 2 0.200000
  1 -4.454091 25.975641 -3.266983 0.278875 0.086656 -0.956410 0.729349 0.116277 1 1 1.000000
template_body
  1 -4.454091 25.975641 -3.266983 0.278875 0.086656 -0.956410 0.729349 0.116277 1 1 1.000000
  1 -4.622763 23.195097 -3.596485 0.280331 0.198384 -0.939180 0.724477 0.069329 2 1 0.800000 2 0.200000
  1 -6.901061 24.905148 -3.369565 -0.396833 0.146700 -0.906092 0.691664 0.099742 1 1 1.000000
template_body
  1 -6.872515 23.409275 -3.367276 -0.357686 0.199803 -0.912217 0.690566 0.075352 2 1 0.800000 2 0.200000
  1 -6.901061 24.905148 -3.369565 -0.396833 0.146700 -0.906092 0.691664 0.099742 1 1 1.000000
  1 -4.622763 23.195097 -3.596485 0.280331 0.198384 -0.939180 0.724477 0.069329 2 1 0.800000 2 0.200000
template_body
  1 -6.901061 24.905148 -3.369565 -0.396833 0.146700 -0.906092 0.691664 0.099742 1 1 1.000000
  1 -6.872515 23.409275 -3.367276 -0.357686 0.199803 -0.912217 0.690566 0.075352 2 1 0.800000 2 0.200000
  1 -8.871001 23.503307 -1.738142 -0.875335 0.187210 -0.445803 0.652454 0.081616 2 1 0.800000 2 0.200000
template_body
  0 -1.869575 28.932154 -2.163977 0.742974 -0.097523 -0.662177 0.774906 0.162677 2 0 0.410988 1 0.589012
  1 -1.092973 27.123835 0.760321 0.973098 -0.230144 0.010709 0.816109 0.125756 1 1 1.000000
  1 -1.801925 25.525841 0.591379 0.994130 -0.094447 -0.052765 0.807649 0.100871 1 1 1.000000
template_body
  1 -1.801925 25.525841 0.591379 0.994130 -0.094447 -0.052765 0.807649 0.100871 1 1 1.000000
  1 -2.484929 25.580267 -2.139301 0.818645 -0.040154 -0.572895 0.764979 0.108069 1 1 1.000000
  0 -1.869575 28.932154 -2.163977 0.742974 -0.097523 -0.662177 0.774906 0.162677 2 0 0.410988 1 0.589012
template_body
  1 -2.484929 25.580267 -2.139301 0.818645 -0.040154 -0.572895 0.764979 0.108069 1 1 1.000000
  1 -1.801925 25.525841 0.591379 0.994130 -0.094447 -0.052765 0.807649 0.100871 1 1 1.000000
  1 -1.526214 24.029999 0.455359 0.990162 -0.113531 -0.081793 0.805461 0.077927 1 1 1.000000
template_body
  1 -1.526214 24.029999 0.455359 0.990162 -0.113531 -0.081793 0.805461 0.077927 1 1 1.000000
  1 -2.886885 22.941702 -2.440988 0.805608 0.100102 -0.583931 0.756440 0.063777 2 1 0.800000 2 0.200000
  1 -2.484929 25.580267 -2.139301 0.818645 -0.040154 -0.572895 0.764979 0.108069 1 1 1.000000
template_body
  1 -1.526214 24.029999 0.455359 0.990162 -0.113531 -0.081793 0.805461 0.077927 1 1 1.000000
  1 -1.970922 22.736769 0.291140 0.985811 -0.131034 -0.104916 0.799762 0.054848 2 1 0.800000 2 0.200000
  1 -2.886885 22.941702 -2.440988 0.805608 0.100102 -0.583931 0.756440 0.063777 2 1 0.800000 2 0.200000
template_body
  1 -2.886885 22.941702 -2.440988 0.805608 0.100102 -0.583931 0.756440 0.063777 2 1 0.800000 2 0.200000
  1 -1.970922 22.736769 0.291140 0.985811 -0.131034 -0.104916 0.799762 0.054848 2 1 0.800000 2 0.200000
  1 -2.081677 21.414766 -0.333293 0.984911 -0.002503 -0.173042 0.787031 0.032147 2 1 0.500000 2 0.500000
template_body
  1 -2.081677 21.414766 -0.333293 0.984911 -0.002503 -0.173042 0.787031 0.032147 2 1 0.500000 2 0.500000
  1 -2.850759 21.650034 -2.596634 0.819114 0.091154 -0.566342 0.753002 0.042860 2 1 0.700000 2 0.300000
  1 -2.886885 22.941702 -2.440988 0.805608 0.100102 -0.583931 0.756440 0.063777 2 1 0.800000 2 0.200000
template_body
  1 -4.622763 23.195097 -3.596485 0.280331 0.198384 -0.939180 0.724477 0.069329 2 1 0.800000 2 0.200000
  1 -2.886885 22.941702 -2.440988 0.805608 0.100102 -0.583931 0.756440 0.063777 2 1 0.800000 2 0.200000
  1 -2.850759 21.650034 -2.596634 0.819114 0.091154 -0.566342 0.753002 0.042860 2 1 0.700000 2 0.300000
template_body
  1 -2.850759 21.650034 -2.596634 0.819114 0.091154 -0.566342 0.753002 0.042860 2 1 0.700000 2 0.300000
  1 -4.684860 22.205297 -4.003154 0.412861 0.272379 -0.869112 0.720639 0.051028 2 1 0.700000 2 0.300000
  1 -4.622763 23.195097 -3.596485 0.280331 0.198384 -0.939180 0.724477 0.069329 2 1 0.800000 2 0.200000
template_body
  1 -4.622763 23.195097 -3.596485 0.280331 0.198384 -0.939180 0.724477 0.069329 2 1 0.800000 2 0.200000
  1 -4.684860 22.205297 -4.003154 0.412861 0.272379 -0.869112 0.720639 0.051028 2 1 0.700000 2 0.300000
  1 -6.697199 22.356794 -3.920220 -0.208723 0.398608 -0.893054 0.693517 0.055224 2 1 0.700000 2 0.300000
template_body
  1 -6.697199 22.356794 -3.920220 -0.208723 0.398608 -0.893054 0.693517 0.055224 2 1 0.700000 2 0.300000
  1 -6.872515 23.409275 -3.367276 -0.357686 0.199803 -0.912217 0.690566 0.075352 2 1 0.800000 2 0.200000
  1 -4.622763 23.195097 -3.596485 0.280331 0.198384 -0.939180 0.724477 0.069329 2 1 0.800000 2 0.200000
template_body
  1 -6.872515 23.409275 -3.367276 -0.357686 0.199803 -0.912217 0.690566 0.075352 2 1 0.800000 2 0.200000
  1 -6.697199 22.356794 -3.920220 -0.208723 0.398608 -0.893054 0.693517 0.055224 2 1 0.700000 2 0.300000
  1 -9.128588 22.205936 -2.260263 -0.750153 0.339539 -0.567436 0.653698 0.060213 2 1 0.800000 2 0.200000
template_body
  1 -9.128588 22.205936 -2.260263 -0.750153 0.339539 -0.567436 0.653698 0.060213 2 1 0.800000 2 0.200000
  1 -8.871001 23.503307 -1.738142 -0.875335 0.187210 -0.445803 0.652454 0.081616 2 1 0.800000 2 0.200000
  1 -6.872515 23.409275 -3.367276 -0.357686 0.199803 -0.912217 0.690566 0.075352 2 1 0.800000 2 0.200000
template_body
  1 -8.871001 23.503307 -1.738142 -0.875335 0.187210 -0.445803 0.652454 0.081616 2 1 0.800000 2 0.200000
  1 -9.128588 22.205936 -2.260263 -0.750153 0.339539 -0.567436 0.653698 0.060213 2 1 0.800000 2 0.200000
  1 -9.519391 21.944809 1.532950 -0.929864 0.178352 0.321781 0.601462 0.065768 2 1 0.800000 2 0.200000
template_body
  1 -9.519391 21.944809 1.532950 -0.929864 0.178352 0.321781 0.601462 0.065768 2 1 0.800000 2 0.200000
  1 -9.191404 23.358505 1.708838 -0.908632 0.042276 0.415453 0.601261 0.087763 2 1 0.900000 2 0.100000
  1 -8.871001 23.503307 -1.738142 -0.875335 0.187210 -0.445803 0.652454 0.081616 2 1 0.800000 2 0.200000
template_body
  1 -8.871001 23.503307 -1.738142 -0.875335 0.187210 -0.445803 0.652454 0.081616 2 1 0.800000 2 0.200000
  1 -9.191404 23.358505 1.708838 -0.908632 0.042276 0.415453 0.601261 0.087763 2 1 0.900000 2 0.100000
  1 -9.161197 24.996798 2.173406 -0.933619 0.092751 0.346052 0.598939 0.112682 1 1 1.000000
template_body
  1 -8.376655 26.845388 -1.066244 -0.916748 0.128630 -0.378190 0.651913 0.135362 1 1 1.000000
  1 -8.871001 23.503307 -1.738142 -0.875335 0.187210 -0.445803 0.652454 0.081616 2 1 0.800000 2 0.200000
  1 -9.161197 24.996798 2.173406 -0.933619 0.092751 0.346052 0.598939 0.112682 1 1 1.000000
template_body
  1 -8.871001 23.503307 -1.738142 -0.875335 0.187210 -0.445803 0.652454 0.081616 2 1 0.800000 2 0.200000
  1 -8.376655 26.845388 -1.066244 -0.916748 0.128630 -0.378190 0.651913 0.135362 1 1 1.000000
  1 -6.901061 24.905148 -3.369565 -0.396833 0.146700 -0.906092 0.691664 0.099742 1 1 1.000000
template_body
  2 -6.741513 8.729254 -3.958676 0.278524 0.303390 -0.911251 0.262680 0.459118 1 2 1.000000
  2 -6.928713 5.964787 -3.761331 0.252491 0.054029 -0.966090 0.262717 0.403672 1 2 1.000000
  2 -7.819142 6.071605 -3.410248 -0.652435 0.057886 -0.755631 0.284747 0.404462 1 2 1.000000
template_body
  2 -7.840926 8.653897 -3.561146 -0.539840 0.342983 -0.768723 0.285280 0.456338 1 2 1.000000
  2 -7.819142 6.071605 -3.410248 -0.652435 0.057886 -0.755631 0.284747 0.404462 1 2 1.000000
  2 -8.526352 6.153128 -2.391779 -0.978639 0.097548 -0.180967 0.312432 0.405409 1 2 1.000000
template_body
  2 -7.819142 6.071605 -3.410248 -0.652435 0.057886 -0.755631 0.284747 0.404462 1 2 1.000000
  2 -7.840926 8.653897 -3.561146 -0.539840 0.342983 -0.768723 0.285280 0.456338 1 2 1.000000
  2 -6.741513 8.729254 -3.958676 0.278524 0.303390 -0.911251 0.262680 0.459118 1 2 1.000000
template_body
  2 -6.755559 8.948956 -3.768255 0.260079 0.276473 -0.925160 0.262457 0.464851 1 2 1.000000
  2 -6.741513 8.729254 -3.958676 0.278524 0.303390 -0.911251 0.262680 0.459118 1 2 1.000000
  2 -7.840926 8.653897 -3.561146 -0.539840 0.342983 -0.768723 0.285280 0.456338 1 2 1.000000
template_body
  2 -6.741513 8.729254 -3.958676 0.278524 0.303390 -0.911251 0.262680 0.459118 1 2 1.000000
  2 -6.755559 8.948956 -3.768255 0.260079 0.276473 -0.925160 0.262457 0.464851 1 2 1.000000
  2 -6.044274 8.656200 -2.938953 0.939659 0.059580 -0.336883 0.240371 0.461859 1 2 1.000000
template_body
  2 -6.044274 8.656200 -2.938953 0.939659 0.059580 -0.336883 0.240371 0.461859 1 2 1.000000
  2 -5.984196 8.447380 -3.045762 0.871518 0.166554 -0.461212 0.240215 0.456408 1 2 1.000000
  2 -6.741513 8.729254 -3.958676 0.278524 0.303390 -0.911251 0.262680 0.459118 1 2 1.000000
template_body
  2 -6.928713 5.964787 -3.761331 0.252491 0.054029 -0.966090 0.262717 0.403672 1 2 1.000000
  2 -6.741513 8.729254 -3.958676 0.278524 0.303390 -0.911251 0.262680 0.459118 1 2 1.000000
  2 -5.984196 8.447380 -3.045762 0.871518 0.166554 -0.461212 0.240215 0.456408 1 2 1.000000
template_body
  2 -5.984196 8.447380 -3.045762 0.871518 0.166554 -0.461212 0.240215 0.456408 1 2 1.000000
  2 -6.301672 5.804534 -2.981211 0.945593 0.021522 -0.324638 0.238748 0.401570 1 2 1.000000
  2 -6.928713 5.964787 -3.761331 0.252491 0.054029 -0.966090 0.262717 0.403672 1 2 1.000000
template_body
  2 -6.928713 5.964787 -3.761331 0.252491 0.054029 -0.966090 0.262717 0.403672 1 2 1.000000
  2 -6.301672 5.804534 -2.981211 0.945593 0.021522 -0.324638 0.238748 0.401570 1 2 1.000000
  2 -6.122822 4.571451 -3.270980 0.843744 0.175000 -0.507416 0.238115 0.375774 1 2 1.000000
template_body
  2 -6.122822 4.571451 -3.270980 0.843744 0.175000 -0.507416 0.238115 0.375774 1 2 1.000000
  2 -6.933019 4.534715 -3.920660 0.232734 0.106996 -0.966637 0.260737 0.373886 1 2 1.000000
  2 -6.928713 5.964787 -3.761331 0.252491 0.054029 -0.966090 0.262717 0.403672 1 2 1.000000
template_body
  2 -6.928713 5.964787 -3.761331 0.252491 0.054029 -0.966090 0.262717 0.403672 1 2 1.000000
  2 -6.933019 4.534715 -3.920660 0.232734 0.106996 -0.966637 0.260737 0.373886 1 2 1.000000
  2 -8.048788 4.581977 -3.687518 -0.577461 0.194272 -0.792967 0.283307 0.373206 1 2 1.000000
template_body
  2 -8.048788 4.581977 -3.687518 -0.577461 0.194272 -0.792967 0.283307 0.373206 1 2 1.000000
  2 -7.819142 6.071605 -3.410248 -0.652435 0.057886 -0.755631 0.284747 0.404462 1 2 1.000000
  2 -6.928713 5.964787 -3.761331 0.252491 0.054029 -0.966090 0.262717 0.403672 1 2 1.000000
template_body
  2 -7.819142 6.071605 -3.410248 -0.652435 0.057886 -0.755631 0.284747 0.404462 1 2 1.000000
  2 -8.048788 4.581977 -3.687518 -0.577461 0.194272 -0.792967 0.283307 0.373206 1 2 1.000000
  2 -8.800620 4.447836 -2.505531 -0.958356 0.169470 -0.229854 0.311627 0.370720 1 2 1.000000
template_body
  2 -8.800620 4.447836 -2.505531 -0.958356 0.169470 -0.229854 0.311627 0.370720 1 2 1.000000
  2 -8.526352 6.153128 -2.391779 -0.978639 0.097548 -0.180967 0.312432 0.405409 1 2 1.000000
  2 -7.819142 6.071605 -3.410248 -0.652435 0.057886 -0.755631 0.284747 0.404462 1 2 1.000000
template_body
  2 -8.374504 6.095128 -0.942189 -0.856868 0.082818 0.508841 0.344119 0.405259 1 2 1.000000
  2 -8.526352 6.153128 -2.391779 -0.978639 0.097548 -0.180967 0.312432 0.405409 1 2 1.000000
  2 -8.800620 4.447836 -2.505531 -0.958356 0.169470 -0.229854 0.311627 0.370720 1 2 1.000000
template_body
  2 -8.526352 6.153128 -2.391779 -0.978639 0.097548 -0.180967 0.312432 0.405409 1 2 1.000000
  2 -8.374504 6.095128 -0.942189 -0.856868 0.082818 0.508841 0.344119 0.405259 1 2 1.000000
  2 -8.363311 8.488147 -1.006507 -0.836058 0.330173 0.438170 0.341311 0.453135 1 2 1.000000
template_body
  2 -7.498056 8.334681 -0.117405 -0.286998 0.276492 0.917161 0.365882 0.452477 1 2 1.000000
  2 -8.363311 8.488147 -1.006507 -0.836058 0.330173 0.438170 0.341311 0.453135 1 2 1.000000
  2 -8.374504 6.095128 -0.942189 -0.856868 0.082818 0.508841 0.344119 0.405259 1 2 1.000000
template_body
  2 -8.234200 8.703910 -1.106358 -0.869913 0.236588 0.432756 0.340761 0.458921 1 2 1.000000
  2 -8.363311 8.488147 -1.006507 -0.836058 0.330173 0.438170 0.341311 0.453135 1 2 1.000000
  2 -7.498056 8.334681 -0.117405 -0.286998 0.276492 0.917161 0.365882 0.452477 1 2 1.000000
template_body
  2 -7.498056 8.334681 -0.117405 -0.286998 0.276492 0.917161 0.365882 0.452477 1 2 1.000000
  2 -7.441038 8.548319 -0.295530 -0.054763 0.349622 0.935289 0.365864 0.458060 1 2 1.000000
  2 -8.234200 8.703910 -1.106358 -0.869913 0.236588 0.432756 0.340761 0.458921 1 2 1.000000
template_body
  2 -7.840926 8.653897 -3.561146 -0.539840 0.342983 -0.768723 0.285280 0.456338 1 2 1.000000
  2 -7.776154 8.870148 -3.411927 -0.578842 0.281902 -0.765162 0.286097 0.462189 1 2 1.000000
  2 -6.755559 8.948956 -3.768255 0.260079 0.276473 -0.925160 0.262457 0.464851 1 2 1.000000
template_body
  2 -7.776154 8.870148 -3.411927 -0.578842 0.281902 -0.765162 0.286097 0.462189 1 2 1.000000
  2 -7.840926 8.653897 -3.561146 -0.539840 0.342983 -0.768723 0.285280 0.456338 1 2 1.000000
  2 -8.638330 8.575191 -2.547148 -0.932010 0.291953 -0.214759 0.310498 0.454098 1 2 1.000000
template_body
  2 -8.526352 6.153128 -2.391779 -0.978639 0.097548 -0.180967 0.312432 0.405409 1 2 1.000000
  2 -8.638330 8.575191 -2.547148 -0.932010 0.291953 -0.214759 0.310498 0.454098 1 2 1.000000
  2 -7.840926 8.653897 -3.561146 -0.539840 0.342983 -0.768723 0.285280 0.456338 1 2 1.000000
template_body
  2 -8.363311 8.488147 -1.006507 -0.836058 0.330173 0.438170 0.341311 0.453135 1 2 1.000000
  2 -8.638330 8.575191 -2.547148 -0.932010 0.291953 -0.214759 0.310498 0.454098 1 2 1.000000
  2 -8.526352 6.153128 -2.391779 -0.978639 0.097548 -0.180967 0.312432 0.405409 1 2 1.000000
template_body
  2 -8.486401 8.791393 -2.492993 -0.901890 0.298292 -0.312435 0.310801 0.459719 1 2 1.000000
  2 -8.638330 8.575191 -2.547148 -0.932010 0.291953 -0.214759 0.310498 0.454098 1 2 1.000000
  2 -8.363311 8.488147 -1.006507 -0.836058 0.330173 0.438170 0.341311 0.453135 1 2 1.000000
template_body
  2 -8.363311 8.488147 -1.006507 -0.836058 0.330173 0.438170 0.341311 0.453135 1 2 1.000000
  2 -8.234200 8.703910 -1.106358 -0.869913 0.236588 0.432756 0.340761 0.458921 1 2 1.000000
  2 -8.486401 8.791393 -2.492993 -0.901890 0.298292 -0.312435 0.310801 0.459719 1 2 1.000000
template_body
  2 -8.638330 8.575191 -2.547148 -0.932010 0.291953 -0.214759 0.310498 0.454098 1 2 1.000000
  2 -8.486401 8.791393 -2.492993 -0.901890 0.298292 -0.312435 0.310801 0.459719 1 2 1.000000
  2 -7.776154 8.870148 -3.411927 -0.578842 0.281902 -0.765162 0.286097 0.462189 1 2 1.000000
template_body
  2 -5.970075 4.374171 -1.773821 0.993656 0.087859 0.070201 0.420918 0.377079 1 2 1.000000
  2 -6.122822 4.571451 -3.270980 0.843744 0.175000 -0.507416 0.442974 0.377118 1 2 1.000000
  2 -6.301672 5.804534 -2.981211 0.945593 0.021522 -0.324638 0.443310 0.408698 1 2 1.000000
template_body
  2 -6.301672 5.804534 -2.981211 0.945593 0.021522 -0.324638 0.443310 0.408698 1 2 1.000000
  2 -6.051233 5.739471 -1.675289 0.990658 -0.066425 0.119094 0.414555 0.405480 1 2 1.000000
  2 -5.970075 4.374171 -1.773821 0.993656 0.087859 0.070201 0.420918 0.377079 1 2 1.000000
template_body
  2 -6.051233 5.739471 -1.675289 0.990658 -0.066425 0.119094 0.414555 0.405480 1 2 1.000000
  2 -6.301672 5.804534 -2.981211 0.945593 0.021522 -0.324638 0.443310 0.408698 1 2 1.000000
  2 -5.984196 8.447380 -3.045762 0.871518 0.166554 -0.461212 0.444871 0.460957 1 2 1.000000
template_body
  2 -5.984196 8.447380 -3.045762 0.871518 0.166554 -0.461212 0.444871 0.460957 1 2 1.000000
  2 -5.693529 8.300627 -1.571161 0.909491 0.175758 0.376742 0.413681 0.459249 1 2 1.000000
  2 -6.051233 5.739471 -1.675289 0.990658 -0.066425 0.119094 0.414555 0.405480 1 2 1.000000
template_body
  2 -6.722850 5.759810 -0.698733 0.567964 0.036960 0.822223 0.389534 0.403469 1 2 1.000000
  2 -6.051233 5.739471 -1.675289 0.990658 -0.066425 0.119094 0.414555 0.405480 1 2 1.000000
  2 -5.693529 8.300627 -1.571161 0.909491 0.175758 0.376742 0.413681 0.459249 1 2 1.000000
template_body
  2 -5.693529 8.300627 -1.571161 0.909491 0.175758 0.376742 0.413681 0.459249 1 2 1.000000
  2 -6.558708 8.288177 -0.515195 0.585944 0.198993 0.785539 0.386086 0.454383 1 2 1.000000
  2 -6.722850 5.759810 -0.698733 0.567964 0.036960 0.822223 0.389534 0.403469 1 2 1.000000
template_body
  2 -7.498056 8.334681 -0.117405 -0.286998 0.276492 0.917161 0.365882 0.452477 1 2 1.000000
  2 -6.722850 5.759810 -0.698733 0.567964 0.036960 0.822223 0.389534 0.403469 1 2 1.000000
  2 -6.558708 8.288177 -0.515195 0.585944 0.198993 0.785539 0.386086 0.454383 1 2 1.000000
template_body
  2 -6.722850 5.759810 -0.698733 0.567964 0.036960 0.822223 0.389534 0.403469 1 2 1.000000
  2 -7.498056 8.334681 -0.117405 -0.286998 0.276492 0.917161 0.365882 0.452477 1 2 1.000000
  2 -7.700099 4.661808 -0.246730 -0.165834 0.115861 0.979324 0.368679 0.377626 1 2 1.000000
template_body
  2 -7.700099 4.661808 -0.246730 -0.165834 0.115861 0.979324 0.368679 0.377626 1 2 1.000000
  2 -7.498056 8.334681 -0.117405 -0.286998 0.276492 0.917161 0.365882 0.452477 1 2 1.000000
  2 -8.374504 6.095128 -0.942189 -0.856868 0.082818 0.508841 0.344119 0.405259 1 2 1.000000
template_body
  2 -8.374504 6.095128 -0.942189 -0.856868 0.082818 0.508841 0.344119 0.405259 1 2 1.000000
  2 -8.625469 4.734877 -0.844365 -0.862255 0.149595 0.483877 0.345920 0.376074 1 2 1.000000
  2 -7.700099 4.661808 -0.246730 -0.165834 0.115861 0.979324 0.368679 0.377626 1 2 1.000000
template_body
  2 -8.800620 4.447836 -2.505531 -0.958356 0.169470 -0.229854 0.311627 0.370720 1 2 1.000000
  2 -8.625469 4.734877 -0.844365 -0.862255 0.149595 0.483877 0.345920 0.376074 1 2 1.000000
  2 -8.374504 6.095128 -0.942189 -0.856868 0.082818 0.508841 0.344119 0.405259 1 2 1.000000
template_body
  2 -7.700099 4.661808 -0.246730 -0.165834 0.115861 0.979324 0.368679 0.377626 1 2 1.000000
  2 -6.687871 4.524446 -0.413031 0.683333 0.143830 0.715799 0.388890 0.376203 1 2 1.000000
  2 -6.722850 5.759810 -0.698733 0.567964 0.036960 0.822223 0.389534 0.403469 1 2 1.000000
template_body
  2 -6.722850 5.759810 -0.698733 0.567964 0.036960 0.822223 0.389534 0.403469 1 2 1.000000
  2 -6.687871 4.524446 -0.413031 0.683333 0.143830 0.715799 0.388890 0.376203 1 2 1.000000
  2 -5.970075 4.374171 -1.773821 0.993656 0.087859 0.070201 0.420918 0.377079 1 2 1.000000
template_body
  2 -5.970075 4.374171 -1.773821 0.993656 0.087859 0.070201 0.420918 0.377079 1 2 1.000000
  2 -6.051233 5.739471 -1.675289 0.990658 -0.066425 0.119094 0.414555 0.405480 1 2 1.000000
  2 -6.722850 5.759810 -0.698733 0.567964 0.036960 0.822223 0.389534 0.403469 1 2 1.000000
template_body
  2 -7.441038 8.548319 -0.295530 -0.054763 0.349622 0.935289 0.365864 0.458060 1 2 1.000000
  2 -7.498056 8.334681 -0.117405 -0.286998 0.276492 0.917161 0.365882 0.452477 1 2 1.000000
  2 -6.558708 8.288177 -0.515195 0.585944 0.198993 0.785539 0.386086 0.454383 1 2 1.000000
template_body
  2 -6.558708 8.288177 -0.515195 0.585944 0.198993 0.785539 0.386086 0.454383 1 2 1.000000
  2 -6.596054 8.500719 -0.675485 0.619686 0.244531 0.745784 0.386514 0.460078 1 2 1.000000
  2 -7.441038 8.548319 -0.295530 -0.054763 0.349622 0.935289 0.365864 0.458060 1 2 1.000000
template_body
  2 -6.596054 8.500719 -0.675485 0.619686 0.244531 0.745784 0.386514 0.460078 1 2 1.000000
  2 -6.558708 8.288177 -0.515195 0.585944 0.198993 0.785539 0.386086 0.454383 1 2 1.000000
  2 -5.693529 8.300627 -1.571161 0.909491 0.175758 0.376742 0.413681 0.459249 1 2 1.000000
template_body
  2 -5.693529 8.300627 -1.571161 0.909491 0.175758 0.376742 0.413681 0.459249 1 2 1.000000
  2 -5.783109 8.508675 -1.604468 0.923549 -0.002014 0.383476 0.413712 0.463983 1 2 1.000000
  2 -6.596054 8.500719 -0.675485 0.619686 0.244531 0.745784 0.386514 0.460078 1 2 1.000000
template_body
  2 -5.783109 8.508675 -1.604468 0.923549 -0.002014 0.383476 0.413712 0.463983 1 2 1.000000
  2 -5.693529 8.300627 -1.571161 0.909491 0.175758 0.376742 0.413681 0.459249 1 2 1.000000
  2 -5.984196 8.447380 -3.045762 0.871518 0.166554 -0.461212 0.444871 0.460957 1 2 1.000000
template_body
  2 -5.984196 8.447380 -3.045762 0.871518 0.166554 -0.461212 0.444871 0.460957 1 2 1.000000
  2 -6.044274 8.656200 -2.938953 0.939659 0.059580 -0.336883 0.444754 0.465653 1 2 1.000000
  2 -5.783109 8.508675 -1.604468 0.923549 -0.002014 0.383476 0.413712 0.463983 1 2 1.000000
template_body
  2 -5.998766 0.582241 -1.094278 0.932609 -0.171691 0.317431 0.800840 0.460561 1 2 1.000000
  2 -5.878592 0.023138 -1.242733 0.952624 0.132002 0.274012 0.796699 0.469472 1 2 1.000000
  2 -5.638002 0.022515 -2.078861 0.976985 -0.007494 0.213177 0.783055 0.467610 1 2 1.000000
template_body
  2 -6.583152 0.118424 4.043571 0.975402 -0.136983 0.172701 0.879444 0.479897 1 2 1.000000
  2 -6.470167 0.036525 2.215598 0.998642 -0.051674 0.006648 0.849815 0.474237 1 2 1.000000
  2 -6.308299 1.382288 0.847944 0.975495 -0.187893 0.114481 0.832787 0.448846 1 2 1.000000
template_body
  2 -6.470167 0.036525 2.215598 0.998642 -0.051674 0.006648 0.849815 0.474237 1 2 1.000000
  2 -6.519471 0.032294 1.253422 0.983579 -0.143666 -0.109231 0.836155 0.471694 1 2 1.000000
  2 -6.308299 1.382288 0.847944 0.975495 -0.187893 0.114481 0.832787 0.448846 1 2 1.000000
template_body
  2 -6.519471 0.032294 1.253422 0.983579 -0.143666 -0.109231 0.836155 0.471694 1 2 1.000000
  2 -6.633090 0.581276 0.526505 0.926870 -0.375380 -0.001104 0.827402 0.462561 1 2 1.000000
  2 -6.308299 1.382288 0.847944 0.975495 -0.187893 0.114481 0.832787 0.448846 1 2 1.000000
template_body
  2 -6.308299 1.382288 0.847944 0.975495 -0.187893 0.114481 0.832787 0.448846 1 2 1.000000
  2 -6.633090 0.581276 0.526505 0.926870 -0.375380 -0.001104 0.827402 0.462561 1 2 1.000000
  2 -5.998766 0.582241 -1.094278 0.932609 -0.171691 0.317431 0.800840 0.460561 1 2 1.000000
template_body
  2 -5.998766 0.582241 -1.094278 0.932609 -0.171691 0.317431 0.800840 0.460561 1 2 1.000000
  2 -5.550025 1.575888 -1.872274 0.983629 -0.041122 0.175453 0.789250 0.442918 1 2 1.000000
  2 -6.308299 1.382288 0.847944 0.975495 -0.187893 0.114481 0.832787 0.448846 1 2 1.000000
template_body
  2 -5.638002 0.022515 -2.078861 0.976985 -0.007494 0.213177 0.783055 0.467610 1 2 1.000000
  2 -5.550025 1.575888 -1.872274 0.983629 -0.041122 0.175453 0.789250 0.442918 1 2 1.000000
  2 -5.998766 0.582241 -1.094278 0.932609 -0.171691 0.317431 0.800840 0.460561 1 2 1.000000
template_body
  2 -5.460701 1.506816 -3.621232 0.939538 0.006063 -0.342391 0.761496 0.440713 1 2 1.000000
  2 -5.550025 1.575888 -1.872274 0.983629 -0.041122 0.175453 0.789250 0.442918 1 2 1.000000
  2 -5.638002 0.022515 -2.078861 0.976985 -0.007494 0.213177 0.783055 0.467610 1 2 1.000000
template_body
  2 -5.638002 0.022515 -2.078861 0.976985 -0.007494 0.213177 0.783055 0.467610 1 2 1.000000
  2 -5.462379 0.022297 -3.532187 0.943018 -0.020986 -0.332079 0.759018 0.464498 1 2 1.000000
  2 -5.460701 1.506816 -3.621232 0.939538 0.006063 -0.342391 0.761496 0.440713 1 2 1.000000
template_body
  2 -5.460701 1.506816 -3.621232 0.939538 0.006063 -0.342391 0.761496 0.440713 1 2 1.000000
  2 -5.462379 0.022297 -3.532187 0.943018 -0.020986 -0.332079 0.759018 0.464498 1 2 1.000000
  2 -6.606828 0.008589 -4.647556 0.297582 -0.081796 -0.951186 0.733082 0.460541 1 2 1.000000
template_body
  2 -6.606828 0.008589 -4.647556 0.297582 -0.081796 -0.951186 0.733082 0.460541 1 2 1.000000
  2 -6.557798 1.555275 -4.773654 0.204326 -0.028301 -0.978494 0.736347 0.435256 1 2 1.000000
  2 -5.460701 1.506816 -3.621232 0.939538 0.006063 -0.342391 0.761496 0.440713 1 2 1.000000
template_body
  2 -5.460701 1.506816 -3.621232 0.939538 0.006063 -0.342391 0.761496 0.440713 1 2 1.000000
  2 -6.557798 1.555275 -4.773654 0.204326 -0.028301 -0.978494 0.736347 0.435256 1 2 1.000000
  2 -6.567108 2.704646 -4.693902 0.286284 0.227487 -0.930748 0.741108 0.416770 1 2 1.000000
template_body
  2 -6.086423 2.637595 0.409716 0.952288 0.161538 0.258945 0.828906 0.426121 1 2 1.000000
  2 -6.308299 1.382288 0.847944 0.975495 -0.187893 0.114481 0.832787 0.448846 1 2 1.000000
  2 -5.550025 1.575888 -1.872274 0.983629 -0.041122 0.175453 0.789250 0.442918 1 2 1.000000
template_body
  2 -5.550025 1.575888 -1.872274 0.983629 -0.041122 0.175453 0.789250 0.442918 1 2 1.000000
  2 -5.622773 4.127314 -1.806761 0.887230 0.453749 0.083273 0.794762 0.399963 1 2 1.000000
  2 -6.086423 2.637595 0.409716 0.952288 0.161538 0.258945 0.828906 0.426121 1 2 1.000000
template_body
  2 -5.460701 1.506816 -3.621232 0.939538 0.006063 -0.342391 0.761496 0.440713 1 2 1.000000
  2 -5.622773 4.127314 -1.806761 0.887230 0.453749 0.083273 0.794762 0.399963 1 2 1.000000
  2 -5.550025 1.575888 -1.872274 0.983629 -0.041122 0.175453 0.789250 0.442918 1 2 1.000000
template_body
  2 -5.622773 4.127314 -1.806761 0.887230 0.453749 0.083273 0.794762 0.399963 1 2 1.000000
  2 -5.460701 1.506816 -3.621232 0.939538 0.006063 -0.342391 0.761496 0.440713 1 2 1.000000
  2 -5.883073 4.213342 -3.580491 0.751681 0.410250 -0.516402 0.766982 0.397067 1 2 1.000000
template_body
  2 -5.883073 4.213342 -3.580491 0.751681 0.410250 -0.516402 0.766982 0.397067 1 2 1.000000
  2 -5.460701 1.506816 -3.621232 0.939538 0.006063 -0.342391 0.761496 0.440713 1 2 1.000000
  2 -6.567108 2.704646 -4.693902 0.286284 0.227487 -0.930748 0.741108 0.416770 1 2 1.000000
template_body
  2 -6.567108 2.704646 -4.693902 0.286284 0.227487 -0.930748 0.741108 0.416770 1 2 1.000000
  2 -6.765507 3.495234 -4.402949 0.243321 0.189858 -0.951183 0.745681 0.403410 1 2 1.000000
  2 -5.883073 4.213342 -3.580491 0.751681 0.410250 -0.516402 0.766982 0.397067 1 2 1.000000
template_body
  2 -6.765507 3.495234 -4.402949 0.243321 0.189858 -0.951183 0.745681 0.403410 1 2 1.000000
  2 -6.805284 4.171309 -4.437141 0.096729 0.380320 -0.919783 0.747484 0.392450 1 2 1.000000
  2 -5.883073 4.213342 -3.580491 0.751681 0.410250 -0.516402 0.766982 0.397067 1 2 1.000000
template_body
  2 -5.883073 4.213342 -3.580491 0.751681 0.410250 -0.516402 0.766982 0.397067 1 2 1.000000
  2 -6.805284 4.171309 -4.437141 0.096729 0.380320 -0.919783 0.747484 0.392450 1 2 1.000000
  2 -6.933019 4.534715 -3.920660 0.138796 0.790778 -0.596159 0.754230 0.384252 1 2 1.000000
template_body
  2 -6.933019 4.534715 -3.920660 0.138796 0.790778 -0.596159 0.754230 0.384252 1 2 1.000000
  2 -6.122822 4.571451 -3.270980 0.622404 0.755644 -0.204001 0.770724 0.389777 1 2 1.000000
  2 -5.883073 4.213342 -3.580491 0.751681 0.410250 -0.516402 0.766982 0.397067 1 2 1.000000
template_body
  2 -5.622773 4.127314 -1.806761 0.887230 0.453749 0.083273 0.794762 0.399963 1 2 1.000000
  2 -5.883073 4.213342 -3.580491 0.751681 0.410250 -0.516402 0.766982 0.397067 1 2 1.000000
  2 -6.122822 4.571451 -3.270980 0.622404 0.755644 -0.204001 0.770724 0.389777 1 2 1.000000
template_body
  2 -6.122822 4.571451 -3.270980 0.622404 0.755644 -0.204001 0.770724 0.389777 1 2 1.000000
  2 -5.970075 4.374171 -1.773821 0.582541 0.801734 0.133671 0.795835 0.393130 1 2 1.000000
  2 -5.622773 4.127314 -1.806761 0.887230 0.453749 0.083273 0.794762 0.399963 1 2 1.000000
template_body
  2 -5.622773 4.127314 -1.806761 0.887230 0.453749 0.083273 0.794762 0.399963 1 2 1.000000
  2 -5.970075 4.374171 -1.773821 0.582541 0.801734 0.133671 0.795835 0.393130 1 2 1.000000
  2 -6.687874 4.524448 -0.413031 0.189314 0.957428 -0.217927 0.820569 0.385109 1 2 1.000000
template_body
  2 -6.687874 4.524448 -0.413031 0.189314 0.957428 -0.217927 0.820569 0.385109 1 2 1.000000
  2 -6.394878 4.681870 -0.083721 0.514706 0.843527 0.153430 0.825888 0.387495 1 2 1.000000
  2 -5.622773 4.127314 -1.806761 0.887230 0.453749 0.083273 0.794762 0.399963 1 2 1.000000
template_body
  2 -6.394878 4.681870 -0.083721 0.514706 0.843527 0.153430 0.825888 0.387495 1 2 1.000000
  2 -6.687874 4.524448 -0.413031 0.189314 0.957428 -0.217927 0.820569 0.385109 1 2 1.000000
  2 -7.700099 4.661808 -0.246730 0.179545 0.795401 -0.578879 0.831291 0.365178 1 2 1.000000
template_body
  2 -7.700099 4.661808 -0.246730 0.179545 0.795401 -0.578879 0.831291 0.365178 1 2 1.000000
  2 -7.500636 5.160320 0.344117 0.222576 0.972440 0.069431 0.840004 0.376055 1 2 1.000000
  2 -6.394878 4.681870 -0.083721 0.514706 0.843527 0.153430 0.825888 0.387495 1 2 1.000000
template_body
  2 -8.339561 5.186760 0.103830 -0.318440 0.946951 0.043351 0.846614 0.366019 1 2 1.000000
  2 -7.500636 5.160320 0.344117 0.222576 0.972440 0.069431 0.840004 0.376055 1 2 1.000000
  2 -7.700099 4.661808 -0.246730 0.179545 0.795401 -0.578879 0.831291 0.365178 1 2 1.000000
template_body
  2 -8.339561 5.186760 0.103830 -0.318440 0.946951 0.043351 0.846614 0.366019 1 2 1.000000
  2 -8.146863 4.212796 1.126950 -0.136688 0.810708 0.569271 0.860638 0.384459 1 2 1.000000
  2 -7.500636 5.160320 0.344117 0.222576 0.972440 0.069431 0.840004 0.376055 1 2 1.000000
template_body
  2 -8.146863 4.212796 1.126950 -0.136688 0.810708 0.569271 0.860638 0.384459 1 2 1.000000
  2 -8.339561 5.186760 0.103830 -0.318440 0.946951 0.043351 0.846614 0.366019 1 2 1.000000
  2 -9.065630 4.385829 -0.702409 -0.863032 0.500193 -0.070589 0.858504 0.348720 1 2 1.000000
template_body
  2 -6.394878 4.681870 -0.083721 0.514706 0.843527 0.153430 0.825888 0.387495 1 2 1.000000
  2 -6.086423 2.637595 0.409716 0.952288 0.161538 0.258945 0.828906 0.426121 1 2 1.000000
  2 -5.622773 4.127314 -1.806761 0.887230 0.453749 0.083273 0.794762 0.399963 1 2 1.000000
template_body
  2 -8.146863 4.212796 1.126950 -0.136688 0.810708 0.569271 0.860638 0.384459 1 2 1.000000
  2 -9.065630 4.385829 -0.702409 -0.863032 0.500193 -0.070589 0.858504 0.348720 1 2 1.000000
  2 -10.051184 2.972932 1.255603 -0.669465 0.742515 0.022096 0.897496 0.369679 1 2 1.000000
template_body
  2 -10.051184 2.972932 1.255603 -0.669465 0.742515 0.022096 0.897496 0.369679 1 2 1.000000
  2 -9.065630 4.385829 -0.702409 -0.863032 0.500193 -0.070589 0.858504 0.348720 1 2 1.000000
  2 -11.422767 1.184491 2.812477 -0.989229 -0.028862 -0.143499 0.944441 0.376673 1 2 1.000000
template_body
  2 -11.264482 2.158113 2.894093 -0.865030 0.472810 -0.167848 0.930343 0.383513 1 2 1.000000
  2 -10.051184 2.972932 1.255603 -0.669465 0.742515 0.022096 0.897496 0.369679 1 2 1.000000
  2 -11.422767 1.184491 2.812477 -0.989229 -0.028862 -0.143499 0.944441 0.376673 1 2 1.000000
template_body
  2 -11.422767 1.184491 2.812477 -0.989229 -0.028862 -0.143499 0.944441 0.376673 1 2 1.000000
  2 -11.465117 1.278836 4.640721 -0.976696 0.066251 0.204148 0.954343 0.403125 1 2 1.000000
  2 -11.264482 2.158113 2.894093 -0.865030 0.472810 -0.167848 0.930343 0.383513 1 2 1.000000
template_body
  2 -10.859096 2.353317 5.303370 -0.613825 0.690504 0.382653 0.940033 0.416553 1 2 1.000000
  2 -11.264482 2.158113 2.894093 -0.865030 0.472810 -0.167848 0.930343 0.383513 1 2 1.000000
  2 -11.465117 1.278836 4.640721 -0.976696 0.066251 0.204148 0.954343 0.403125 1 2 1.000000
template_body
  2 -11.465117 1.278836 4.640721 -0.976696 0.066251 0.204148 0.954343 0.403125 1 2 1.000000
  2 -11.047411 1.472972 5.784509 -0.735753 0.194711 0.648656 0.953933 0.421755 1 2 1.000000
  2 -10.859096 2.353317 5.303370 -0.613825 0.690504 0.382653 0.940033 0.416553 1 2 1.000000
template_body
  2 -10.859096 2.353317 5.303370 -0.613825 0.690504 0.382653 0.940033 0.416553 1 2 1.000000
  2 -11.047411 1.472972 5.784509 -0.735753 0.194711 0.648656 0.953933 0.421755 1 2 1.000000
  2 -9.763062 1.491166 6.387120 -0.320520 0.260800 0.910632 0.945915 0.441692 1 2 1.000000
template_body
  2 -9.670975 0.463849 6.444922 -0.210055 0.028240 0.977282 0.958435 0.451746 1 2 1.000000
  2 -9.763062 1.491166 6.387120 -0.320520 0.260800 0.910632 0.945915 0.441692 1 2 1.000000
  2 -11.047411 1.472972 5.784509 -0.735753 0.194711 0.648656 0.953933 0.421755 1 2 1.000000
template_body
  2 -8.291607 1.544887 6.515132 0.154952 0.267444 0.951033 0.929176 0.456926 1 2 1.000000
  2 -9.763062 1.491166 6.387120 -0.320520 0.260800 0.910632 0.945915 0.441692 1 2 1.000000
  2 -9.670975 0.463849 6.444922 -0.210055 0.028240 0.977282 0.958435 0.451746 1 2 1.000000
template_body
  2 -9.670975 0.463849 6.444922 -0.210055 0.028240 0.977282 0.958435 0.451746 1 2 1.000000
  2 -8.235557 0.485645 6.547153 0.430482 0.006840 0.902573 0.936596 0.471267 1 2 1.000000
  2 -8.291607 1.544887 6.515132 0.154952 0.267444 0.951033 0.929176 0.456926 1 2 1.000000
template_body
  2 -7.270627 1.428671 5.746755 0.732622 0.155022 0.662746 0.910442 0.462752 1 2 1.000000
  2 -8.291607 1.544887 6.515132 0.154952 0.267444 0.951033 0.929176 0.456926 1 2 1.000000
  2 -8.235557 0.485645 6.547153 0.430482 0.006840 0.902573 0.936596 0.471267 1 2 1.000000
template_body
  2 -8.235557 0.485645 6.547153 0.430482 0.006840 0.902573 0.936596 0.471267 1 2 1.000000
  2 -7.468518 0.370789 5.836754 0.817059 -0.120104 0.563906 0.915495 0.478969 1 2 1.000000
  2 -7.270627 1.428671 5.746755 0.732622 0.155022 0.662746 0.910442 0.462752 1 2 1.000000
template_body
  2 -7.270627 1.428671 5.746755 0.732622 0.155022 0.662746 0.910442 0.462752 1 2 1.000000
  2 -7.468518 0.370789 5.836754 0.817059 -0.120104 0.563906 0.915495 0.478969 1 2 1.000000
  2 -6.583152 0.118424 4.043571 0.975402 -0.136983 0.172701 0.879444 0.479897 1 2 1.000000
template_body
  2 -6.583152 0.118424 4.043571 0.975402 -0.136983 0.172701 0.879444 0.479897 1 2 1.000000
  2 -6.390344 1.216141 4.082916 0.947720 0.019984 0.318476 0.881230 0.462175 1 2 1.000000
  2 -7.270627 1.428671 5.746755 0.732622 0.155022 0.662746 0.910442 0.462752 1 2 1.000000
template_body
  2 -6.308299 1.382288 0.847944 0.975495 -0.187893 0.114481 0.832787 0.448846 1 2 1.000000
  2 -6.390344 1.216141 4.082916 0.947720 0.019984 0.318476 0.881230 0.462175 1 2 1.000000
  2 -6.583152 0.118424 4.043571 0.975402 -0.136983 0.172701 0.879444 0.479897 1 2 1.000000
template_body
  2 -6.522922 2.118734 3.998800 0.884815 0.418390 0.205068 0.881690 0.447863 1 2 1.000000
  2 -6.390344 1.216141 4.082916 0.947720 0.019984 0.318476 0.881230 0.462175 1 2 1.000000
  2 -6.308299 1.382288 0.847944 0.975495 -0.187893 0.114481 0.832787 0.448846 1 2 1.000000
template_body
  2 -6.308299 1.382288 0.847944 0.975495 -0.187893 0.114481 0.832787 0.448846 1 2 1.000000
  2 -6.086423 2.637595 0.409716 0.952288 0.161538 0.258945 0.828906 0.426121 1 2 1.000000
  2 -6.522922 2.118734 3.998800 0.884815 0.418390 0.205068 0.881690 0.447863 1 2 1.000000
template_body
  2 -7.022933 2.935866 2.160645 0.564801 0.727043 0.390395 0.861839 0.419944 1 2 1.000000
  2 -6.522922 2.118734 3.998800 0.884815 0.418390 0.205068 0.881690 0.447863 1 2 1.000000
  2 -6.086423 2.637595 0.409716 0.952288 0.161538 0.258945 0.828906 0.426121 1 2 1.000000
template_body
  2 -6.086423 2.637595 0.409716 0.952288 0.161538 0.258945 0.828906 0.426121 1 2 1.000000
  2 -6.394878 4.681870 -0.083721 0.514706 0.843527 0.153430 0.825888 0.387495 1 2 1.000000
  2 -7.022933 2.935866 2.160645 0.564801 0.727043 0.390395 0.861839 0.419944 1 2 1.000000
template_body
  2 -7.022933 2.935866 2.160645 0.564801 0.727043 0.390395 0.861839 0.419944 1 2 1.000000
  2 -6.394878 4.681870 -0.083721 0.514706 0.843527 0.153430 0.825888 0.387495 1 2 1.000000
  2 -8.146863 4.212796 1.126950 -0.136688 0.810708 0.569271 0.860638 0.384459 1 2 1.000000
template_body
  2 -6.394878 4.681870 -0.083721 0.514706 0.843527 0.153430 0.825888 0.387495 1 2 1.000000
  2 -7.500636 5.160320 0.344117 0.222576 0.972440 0.069431 0.840004 0.376055 1 2 1.000000
  2 -8.146863 4.212796 1.126950 -0.136688 0.810708 0.569271 0.860638 0.384459 1 2 1.000000
template_body
  2 -6.522922 2.118734 3.998800 0.884815 0.418390 0.205068 0.881690 0.447863 1 2 1.000000
  2 -7.270627 1.428671 5.746755 0.732622 0.155022 0.662746 0.910442 0.462752 1 2 1.000000
  2 -6.390344 1.216141 4.082916 0.947720 0.019984 0.318476 0.881230 0.462175 1 2 1.000000
template_body
  2 -7.270627 1.428671 5.746755 0.732622 0.155022 0.662746 0.910442 0.462752 1 2 1.000000
  2 -6.522922 2.118734 3.998800 0.884815 0.418390 0.205068 0.881690 0.447863 1 2 1.000000
  2 -8.201604 2.518173 5.963143 0.359150 0.750672 0.554530 0.918338 0.444406 1 2 1.000000
template_body
  2 -8.201604 2.518173 5.963143 0.359150 0.750672 0.554530 0.918338 0.444406 1 2 1.000000
  2 -8.291607 1.544887 6.515132 0.154952 0.267444 0.951033 0.929176 0.456926 1 2 1.000000
  2 -7.270627 1.428671 5.746755 0.732622 0.155022 0.662746 0.910442 0.462752 1 2 1.000000
template_body
  2 -8.291607 1.544887 6.515132 0.154952 0.267444 0.951033 0.929176 0.456926 1 2 1.000000
  2 -8.201604 2.518173 5.963143 0.359150 0.750672 0.554530 0.918338 0.444406 1 2 1.000000
  2 -9.632212 2.640467 5.752990 -0.177537 0.747154 0.640501 0.929655 0.429913 1 2 1.000000
template_body
  2 -9.632212 2.640467 5.752990 -0.177537 0.747154 0.640501 0.929655 0.429913 1 2 1.000000
  2 -9.763062 1.491166 6.387120 -0.320520 0.260800 0.910632 0.945915 0.441692 1 2 1.000000
  2 -8.291607 1.544887 6.515132 0.154952 0.267444 0.951033 0.929176 0.456926 1 2 1.000000
template_body
  2 -9.763062 1.491166 6.387120 -0.320520 0.260800 0.910632 0.945915 0.441692 1 2 1.000000
  2 -9.632212 2.640467 5.752990 -0.177537 0.747154 0.640501 0.929655 0.429913 1 2 1.000000
  2 -10.859096 2.353317 5.303370 -0.613825 0.690504 0.382653 0.940033 0.416553 1 2 1.000000
template_body
  2 -9.632212 2.640467 5.752990 -0.177537 0.747154 0.640501 0.929655 0.429913 1 2 1.000000
  2 -8.933046 3.172371 3.525247 -0.062562 0.978535 0.196353 0.898494 0.409775 1 2 1.000000
  2 -10.859096 2.353317 5.303370 -0.613825 0.690504 0.382653 0.940033 0.416553 1 2 1.000000
template_body
  2 -10.859096 2.353317 5.303370 -0.613825 0.690504 0.382653 0.940033 0.416553 1 2 1.000000
  2 -8.933046 3.172371 3.525247 -0.062562 0.978535 0.196353 0.898494 0.409775 1 2 1.000000
  2 -11.264482 2.158113 2.894093 -0.865030 0.472810 -0.167848 0.930343 0.383513 1 2 1.000000
template_body
  2 -10.051184 2.972932 1.255603 -0.669465 0.742515 0.022096 0.897496 0.369679 1 2 1.000000
  2 -11.264482 2.158113 2.894093 -0.865030 0.472810 -0.167848 0.930343 0.383513 1 2 1.000000
  2 -8.933046 3.172371 3.525247 -0.062562 0.978535 0.196353 0.898494 0.409775 1 2 1.000000
template_body
  2 -8.933046 3.172371 3.525247 -0.062562 0.978535 0.196353 0.898494 0.409775 1 2 1.000000
  2 -8.146863 4.212796 1.126950 -0.136688 0.810708 0.569271 0.860638 0.384459 1 2 1.000000
  2 -10.051184 2.972932 1.255603 -0.669465 0.742515 0.022096 0.897496 0.369679 1 2 1.000000
template_body
  2 -7.022933 2.935866 2.160645 0.564801 0.727043 0.390395 0.861839 0.419944 1 2 1.000000
  2 -8.146863 4.212796 1.126950 -0.136688 0.810708 0.569271 0.860638 0.384459 1 2 1.000000
  2 -8.933046 3.172371 3.525247 -0.062562 0.978535 0.196353 0.898494 0.409775 1 2 1.000000
template_body
  2 -9.632212 2.640467 5.752990 -0.177537 0.747154 0.640501 0.929655 0.429913 1 2 1.000000
  2 -8.201604 2.518173 5.963143 0.359150 0.750672 0.554530 0.918338 0.444406 1 2 1.000000
  2 -8.933046 3.172371 3.525247 -0.062562 0.978535 0.196353 0.898494 0.409775 1 2 1.000000
template_body
  2 -8.933046 3.172371 3.525247 -0.062562 0.978535 0.196353 0.898494 0.409775 1 2 1.000000
  2 -8.201604 2.518173 5.963143 0.359150 0.750672 0.554530 0.918338 0.444406 1 2 1.000000
  2 -7.022933 2.935866 2.160645 0.564801 0.727043 0.390395 0.861839 0.419944 1 2 1.000000
template_body
  2 -8.201604 2.518173 5.963143 0.359150 0.750672 0.554530 0.918338 0.444406 1 2 1.000000
  2 -6.522922 2.118734 3.998800 0.884815 0.418390 0.205068 0.881690 0.447863 1 2 1.000000
  2 -7.022933 2.935866 2.160645 0.564801 0.727043 0.390395 0.861839 0.419944 1 2 1.000000
template_body
  14 8.879125 0.001736 -2.943804 -0.005204 -0.999979 0.003746 0.533544 0.458055 1 14 1.000000
  14 9.185128 0.004730 -1.962894 -0.004590 -0.999979 0.004487 0.551589 0.458612 1 14 1.000000
  14 5.878596 0.023140 -1.242737 -0.005180 -0.999981 0.003446 0.548310 0.399124 1 14 1.000000
template_body
  14 5.878596 0.023140 -1.242737 -0.005180 -0.999981 0.003446 0.548310 0.399124 1 14 1.000000
  14 5.638003 0.022519 -2.078865 -0.006449 -0.999976 0.002635 0.532937 0.398979 1 14 1.000000
  14 8.879125 0.001736 -2.943804 -0.005204 -0.999979 0.003746 0.533544 0.458055 1 14 1.000000
template_body
  14 8.017785 0.000065 -4.369579 -0.006873 -0.999970 0.003521 0.505308 0.450193 1 14 1.000000
  14 8.879125 0.001736 -2.943804 -0.005204 -0.999979 0.003746 0.533544 0.458055 1 14 1.000000
  14 5.638003 0.022519 -2.078865 -0.006449 -0.999976 0.002635 0.532937 0.398979 1 14 1.000000
template_body
  14 5.638003 0.022519 -2.078865 -0.006449 -0.999976 0.002635 0.532937 0.398979 1 14 1.000000
  14 5.462380 0.022302 -3.532190 -0.007683 -0.999966 0.003109 0.507422 0.402879 1 14 1.000000
  14 8.017785 0.000065 -4.369579 -0.006873 -0.999970 0.003521 0.505308 0.450193 1 14 1.000000
template_body
  14 5.462380 0.022302 -3.532190 -0.007683 -0.999966 0.003109 0.507422 0.402879 1 14 1.000000
  14 6.606829 0.008594 -4.647559 -0.007042 -0.999962 0.005063 0.493916 0.427580 1 14 1.000000
  14 8.017785 0.000065 -4.369579 -0.006873 -0.999970 0.003521 0.505308 0.450193 1 14 1.000000
template_body
  2 -8.879124 0.001731 -2.943801 -0.931426 -0.001112 -0.363930 0.913697 0.281752 1 2 1.000000
  2 -9.185124 0.004727 -1.962892 -0.931656 0.217166 -0.291300 0.921262 0.296392 1 2 1.000000
  2 -9.078119 0.569109 -1.884381 -0.928277 -0.247115 -0.277915 0.913447 0.300697 1 2 1.000000
template_body
  2 -9.078119 0.569109 -1.884381 -0.928277 -0.247115 -0.277915 0.913447 0.300697 1 2 1.000000
  2 -9.119762 1.363813 -2.612381 -0.908176 -0.072393 -0.412280 0.896734 0.297912 1 2 1.000000
  2 -8.879124 0.001731 -2.943801 -0.931426 -0.001112 -0.363930 0.913697 0.281752 1 2 1.000000
template_body
  2 -10.172895 1.290247 -0.327609 -0.865044 -0.191602 -0.463667 0.915200 0.332625 1 2 1.000000
  2 -9.119762 1.363813 -2.612381 -0.908176 -0.072393 -0.412280 0.896734 0.297912 1 2 1.000000
  2 -9.078119 0.569109 -1.884381 -0.928277 -0.247115 -0.277915 0.913447 0.300697 1 2 1.000000
template_body
  2 -9.078119 0.569109 -1.884381 -0.928277 -0.247115 -0.277915 0.913447 0.300697 1 2 1.000000
  2 -9.596835 0.553048 -0.317779 -0.665872 -0.527361 -0.527736 0.926525 0.322290 1 2 1.000000
  2 -10.172895 1.290247 -0.327609 -0.865044 -0.191602 -0.463667 0.915200 0.332625 1 2 1.000000
template_body
  2 -9.975594 0.007619 0.240038 -0.730042 -0.323070 -0.602216 0.938001 0.327675 1 2 1.000000
  2 -10.172895 1.290247 -0.327609 -0.865044 -0.191602 -0.463667 0.915200 0.332625 1 2 1.000000
  2 -9.596835 0.553048 -0.317779 -0.665872 -0.527361 -0.527736 0.926525 0.322290 1 2 1.000000
template_body
  2 -10.617464 0.007688 1.127295 -0.893637 -0.204536 -0.399471 0.946197 0.342658 1 2 1.000000
  2 -10.172895 1.290247 -0.327609 -0.865044 -0.191602 -0.463667 0.915200 0.332625 1 2 1.000000
  2 -9.975594 0.007619 0.240038 -0.730042 -0.323070 -0.602216 0.938001 0.327675 1 2 1.000000
template_body
  2 -11.422767 1.184491 2.812477 -0.989229 -0.028862 -0.143499 0.944441 0.376673 1 2 1.000000
  2 -10.172895 1.290247 -0.327609 -0.865044 -0.191602 -0.463667 0.915200 0.332625 1 2 1.000000
  2 -10.617464 0.007688 1.127295 -0.893637 -0.204536 -0.399471 0.946197 0.342658 1 2 1.000000
template_body
  2 -10.617464 0.007688 1.127295 -0.893637 -0.204536 -0.399471 0.946197 0.342658 1 2 1.000000
  2 -11.203791 0.012888 2.884613 -0.967673 -0.191001 -0.164704 0.962346 0.369453 1 2 1.000000
  2 -11.422767 1.184491 2.812477 -0.989229 -0.028862 -0.143499 0.944441 0.376673 1 2 1.000000
template_body
  2 -11.422767 1.184491 2.812477 -0.989229 -0.028862 -0.143499 0.944441 0.376673 1 2 1.000000
  2 -11.203791 0.012888 2.884613 -0.967673 -0.191001 -0.164704 0.962346 0.369453 1 2 1.000000
  2 -11.257302 0.160088 4.505075 -0.977171 -0.193498 0.087719 0.971620 0.398204 1 2 1.000000
template_body
  2 -11.257302 0.160088 4.505075 -0.977171 -0.193498 0.087719 0.971620 0.398204 1 2 1.000000
  2 -11.465117 1.278836 4.640721 -0.976696 0.066251 0.204148 0.954343 0.403125 1 2 1.000000
  2 -11.422767 1.184491 2.812477 -0.989229 -0.028862 -0.143499 0.944441 0.376673 1 2 1.000000
template_body
  2 -11.465117 1.278836 4.640721 -0.976696 0.066251 0.204148 0.954343 0.403125 1 2 1.000000
  2 -11.257302 0.160088 4.505075 -0.977171 -0.193498 0.087719 0.971620 0.398204 1 2 1.000000
  2 -10.893956 0.348655 5.813587 -0.743773 -0.095270 0.661608 0.970354 0.425888 1 2 1.000000
template_body
  2 -10.893956 0.348655 5.813587 -0.743773 -0.095270 0.661608 0.970354 0.425888 1 2 1.000000
  2 -11.047411 1.472972 5.784509 -0.735753 0.194711 0.648656 0.953933 0.421755 1 2 1.000000
  2 -11.465117 1.278836 4.640721 -0.976696 0.066251 0.204148 0.954343 0.403125 1 2 1.000000
template_body
  2 -11.047411 1.472972 5.784509 -0.735753 0.194711 0.648656 0.953933 0.421755 1 2 1.000000
  2 -10.893956 0.348655 5.813587 -0.743773 -0.095270 0.661608 0.970354 0.425888 1 2 1.000000
  2 -9.670975 0.463849 6.444922 -0.210055 0.028240 0.977282 0.958435 0.451746 1 2 1.000000
template_body
  2 -9.125854 3.170920 -2.539305 -0.903123 0.236428 -0.358428 0.868556 0.314192 1 2 1.000000
  2 -11.422767 1.184491 2.812477 -0.989229 -0.028862 -0.143499 0.944441 0.376673 1 2 1.000000
  2 -9.065630 4.385829 -0.702409 -0.863032 0.500193 -0.070589 0.858504 0.348720 1 2 1.000000
template_body
  2 -10.172895 1.290247 -0.327609 -0.865044 -0.191602 -0.463667 0.915200 0.332625 1 2 1.000000
  2 -11.422767 1.184491 2.812477 -0.989229 -0.028862 -0.143499 0.944441 0.376673 1 2 1.000000
  2 -9.125854 3.170920 -2.539305 -0.903123 0.236428 -0.358428 0.868556 0.314192 1 2 1.000000
template_body
  2 -9.125854 3.170920 -2.539305 -0.903123 0.236428 -0.358428 0.868556 0.314192 1 2 1.000000
  2 -9.119762 1.363813 -2.612381 -0.908176 -0.072393 -0.412280 0.896734 0.297912 1 2 1.000000
  2 -10.172895 1.290247 -0.327609 -0.865044 -0.191602 -0.463667 0.915200 0.332625 1 2 1.000000
template_body
  2 -6.557798 1.555275 -4.773654 0.204326 -0.028301 -0.978494 0.867135 0.247597 1 2 1.000000
  2 -6.606828 0.008589 -4.647556 0.297582 -0.081796 -0.951186 0.890254 0.236680 1 2 1.000000
  2 -8.017784 0.000060 -4.369576 -0.572429 -0.074458 -0.816566 0.901377 0.257577 1 2 1.000000
template_body
  2 -8.017784 0.000060 -4.369576 -0.572429 -0.074458 -0.816566 0.901377 0.257577 1 2 1.000000
  2 -8.008953 1.512182 -4.513649 -0.525135 0.004757 -0.851005 0.879339 0.267958 1 2 1.000000
  2 -6.557798 1.555275 -4.773654 0.204326 -0.028301 -0.978494 0.867135 0.247597 1 2 1.000000
template_body
  2 -8.008953 1.512182 -4.513649 -0.525135 0.004757 -0.851005 0.879339 0.267958 1 2 1.000000
  2 -8.017784 0.000060 -4.369576 -0.572429 -0.074458 -0.816566 0.901377 0.257577 1 2 1.000000
  2 -8.879124 0.001731 -2.943801 -0.931426 -0.001112 -0.363930 0.913697 0.281752 1 2 1.000000
template_body
  2 -8.879124 0.001731 -2.943801 -0.931426 -0.001112 -0.363930 0.913697 0.281752 1 2 1.000000
  2 -9.119762 1.363813 -2.612381 -0.908176 -0.072393 -0.412280 0.896734 0.297912 1 2 1.000000
  2 -8.008953 1.512182 -4.513649 -0.525135 0.004757 -0.851005 0.879339 0.267958 1 2 1.000000
template_body
  2 -8.074673 4.222670 -4.053600 -0.490414 0.453471 -0.744216 0.842608 0.293165 1 2 1.000000
  2 -8.008953 1.512182 -4.513649 -0.525135 0.004757 -0.851005 0.879339 0.267958 1 2 1.000000
  2 -9.119762 1.363813 -2.612381 -0.908176 -0.072393 -0.412280 0.896734 0.297912 1 2 1.000000
template_body
  2 -9.119762 1.363813 -2.612381 -0.908176 -0.072393 -0.412280 0.896734 0.297912 1 2 1.000000
  2 -9.125854 3.170920 -2.539305 -0.903123 0.236428 -0.358428 0.868556 0.314192 1 2 1.000000
  2 -8.074673 4.222670 -4.053600 -0.490414 0.453471 -0.744216 0.842608 0.293165 1 2 1.000000
template_body
  2 -9.125854 3.170920 -2.539305 -0.903123 0.236428 -0.358428 0.868556 0.314192 1 2 1.000000
  2 -9.025783 4.198154 -2.541347 -0.825281 0.497528 -0.267165 0.852763 0.319362 1 2 1.000000
  2 -8.074673 4.222670 -4.053600 -0.490414 0.453471 -0.744216 0.842608 0.293165 1 2 1.000000
template_body
  2 -9.025783 4.198154 -2.541347 -0.825281 0.497528 -0.267165 0.852763 0.319362 1 2 1.000000
  2 -9.125854 3.170920 -2.539305 -0.903123 0.236428 -0.358428 0.868556 0.314192 1 2 1.000000
  2 -9.065630 4.385829 -0.702409 -0.863032 0.500193 -0.070589 0.858504 0.348720 1 2 1.000000
template_body
  2 -9.025783 4.198154 -2.541347 -0.825281 0.497528 -0.267165 0.852763 0.319362 1 2 1.000000
  2 -9.065630 4.385829 -0.702409 -0.863032 0.500193 -0.070589 0.858504 0.348720 1 2 1.000000
  2 -8.625472 4.734879 -0.844369 -0.471604 0.852878 -0.224029 0.847263 0.349059 1 2 1.000000
template_body
  2 -8.625472 4.734879 -0.844369 -0.471604 0.852878 -0.224029 0.847263 0.349059 1 2 1.000000
  2 -9.065630 4.385829 -0.702409 -0.863032 0.500193 -0.070589 0.858504 0.348720 1 2 1.000000
  2 -8.339561 5.186760 0.103830 -0.318440 0.946951 0.043351 0.846614 0.366019 1 2 1.000000
template_body
  2 -8.339561 5.186760 0.103830 -0.318440 0.946951 0.043351 0.846614 0.366019 1 2 1.000000
  2 -7.700099 4.661808 -0.246730 0.179545 0.795401 -0.578879 0.831291 0.365178 1 2 1.000000
  2 -8.625472 4.734879 -0.844369 -0.471604 0.852878 -0.224029 0.847263 0.349059 1 2 1.000000
template_body
  2 -8.625472 4.734879 -0.844369 -0.471604 0.852878 -0.224029 0.847263 0.349059 1 2 1.000000
  2 -8.800620 4.447836 -2.505531 -0.686201 0.707403 -0.169435 0.847462 0.320646 1 2 1.000000
  2 -9.025783 4.198154 -2.541347 -0.825281 0.497528 -0.267165 0.852763 0.319362 1 2 1.000000
template_body
  2 -9.025783 4.198154 -2.541347 -0.825281 0.497528 -0.267165 0.852763 0.319362 1 2 1.000000
  2 -8.800620 4.447836 -2.505531 -0.686201 0.707403 -0.169435 0.847462 0.320646 1 2 1.000000
  2 -8.048788 4.581977 -3.687518 -0.533455 0.662039 -0.526432 0.837241 0.299204 1 2 1.000000
template_body
  2 -8.048788 4.581977 -3.687518 -0.533455 0.662039 -0.526432 0.837241 0.299204 1 2 1.000000
  2 -8.074673 4.222670 -4.053600 -0.490414 0.453471 -0.744216 0.842608 0.293165 1 2 1.000000
  2 -9.025783 4.198154 -2.541347 -0.825281 0.497528 -0.267165 0.852763 0.319362 1 2 1.000000
template_body
  2 -8.074673 4.222670 -4.053600 -0.490414 0.453471 -0.744216 0.842608 0.293165 1 2 1.000000
  2 -8.048788 4.581977 -3.687518 -0.533455 0.662039 -0.526432 0.837241 0.299204 1 2 1.000000
  2 -6.933019 4.534715 -3.920660 0.138796 0.790778 -0.596159 0.826538 0.283407 1 2 1.000000
template_body
  2 -6.933019 4.534715 -3.920660 0.138796 0.790778 -0.596159 0.826538 0.283407 1 2 1.000000
  2 -6.805284 4.171309 -4.437141 0.096729 0.380320 -0.919783 0.832480 0.274581 1 2 1.000000
  2 -8.074673 4.222670 -4.053600 -0.490414 0.453471 -0.744216 0.842608 0.293165 1 2 1.000000
template_body
  2 -6.805284 4.171309 -4.437141 0.096729 0.380320 -0.919783 0.832480 0.274581 1 2 1.000000
  2 -6.765507 3.495234 -4.402949 0.243321 0.189858 -0.951183 0.841832 0.268619 1 2 1.000000
  2 -8.074673 4.222670 -4.053600 -0.490414 0.453471 -0.744216 0.842608 0.293165 1 2 1.000000
template_body
  2 -6.765507 3.495234 -4.402949 0.243321 0.189858 -0.951183 0.841832 0.268619 1 2 1.000000
  2 -6.567108 2.704646 -4.693902 0.286284 0.227487 -0.930748 0.850988 0.257864 1 2 1.000000
  2 -8.074673 4.222670 -4.053600 -0.490414 0.453471 -0.744216 0.842608 0.293165 1 2 1.000000
template_body
  2 -8.008953 1.512182 -4.513649 -0.525135 0.004757 -0.851005 0.879339 0.267958 1 2 1.000000
  2 -8.074673 4.222670 -4.053600 -0.490414 0.453471 -0.744216 0.842608 0.293165 1 2 1.000000
  2 -6.567108 2.704646 -4.693902 0.286284 0.227487 -0.930748 0.850988 0.257864 1 2 1.000000
template_body
  2 -6.567108 2.704646 -4.693902 0.286284 0.227487 -0.930748 0.850988 0.257864 1 2 1.000000
  2 -6.557798 1.555275 -4.773654 0.204326 -0.028301 -0.978494 0.867135 0.247597 1 2 1.000000
  2 -8.008953 1.512182 -4.513649 -0.525135 0.004757 -0.851005 0.879339 0.267958 1 2 1.000000
template_body
  2 -9.670975 0.463849 6.444922 0.009017 -0.988460 0.151210 0.708550 0.422942 1 2 1.000000
  2 -10.893956 0.348655 5.813587 0.022890 -0.990394 0.136367 0.703972 0.446831 1 2 1.000000
  2 -11.257302 0.160088 4.505075 0.007234 -0.991390 0.130738 0.683564 0.459685 1 2 1.000000
template_body
  2 -9.078123 0.569111 -1.884384 -0.184722 -0.582731 0.791393 0.561378 0.455868 1 2 1.000000
  2 -9.185128 0.004730 -1.962894 -0.211335 -0.095250 0.972761 0.551589 0.458612 1 2 1.000000
  2 -5.878596 0.023140 -1.242737 -0.224975 -0.196932 0.954256 0.548310 0.399124 1 2 1.000000
template_body
  2 -5.878596 0.023140 -1.242737 -0.224975 -0.196932 0.954256 0.548310 0.399124 1 2 1.000000
  2 -5.998770 0.582241 -1.094281 -0.089018 -0.924582 0.370436 0.558512 0.399952 1 2 1.000000
  2 -9.078123 0.569111 -1.884384 -0.184722 -0.582731 0.791393 0.561378 0.455868 1 2 1.000000
template_body
  2 -9.596835 0.553048 -0.317779 0.103893 -0.937053 -0.333372 0.590381 0.456403 1 2 1.000000
  2 -9.078123 0.569111 -1.884384 -0.184722 -0.582731 0.791393 0.561378 0.455868 1 2 1.000000
  2 -5.998770 0.582241 -1.094281 -0.089018 -0.924582 0.370436 0.558512 0.399952 1 2 1.000000
template_body
  2 -5.998770 0.582241 -1.094281 -0.089018 -0.924582 0.370436 0.558512 0.399952 1 2 1.000000
  2 -6.633090 0.581276 0.526505 0.102042 -0.938920 -0.328658 0.589153 0.402142 1 2 1.000000
  2 -9.596835 0.553048 -0.317779 0.103893 -0.937053 -0.333372 0.590381 0.456403 1 2 1.000000
template_body
  2 -9.975594 0.007619 0.240038 0.101211 -0.940149 -0.325385 0.605187 0.459902 1 2 1.000000
  2 -9.596835 0.553048 -0.317779 0.103893 -0.937053 -0.333372 0.590381 0.456403 1 2 1.000000
  2 -6.633090 0.581276 0.526505 0.102042 -0.938920 -0.328658 0.589153 0.402142 1 2 1.000000
template_body
  2 -6.633090 0.581276 0.526505 0.102042 -0.938920 -0.328658 0.589153 0.402142 1 2 1.000000
  2 -6.519471 0.032294 1.253422 0.101258 -0.941165 -0.322422 0.604369 0.396476 1 2 1.000000
  2 -9.975594 0.007619 0.240038 0.101211 -0.940149 -0.325385 0.605187 0.459902 1 2 1.000000
template_body
  2 -9.975594 0.007619 0.240038 0.101211 -0.940149 -0.325385 0.605187 0.459902 1 2 1.000000
  2 -6.519471 0.032294 1.253422 0.101258 -0.941165 -0.322422 0.604369 0.396476 1 2 1.000000
  2 -6.470167 0.036525 2.215598 0.007215 -0.999866 0.014677 0.620398 0.390699 1 2 1.000000
template_body
  2 -6.470167 0.036525 2.215598 0.007215 -0.999866 0.014677 0.620398 0.390699 1 2 1.000000
  2 -10.617464 0.007688 1.127295 0.005753 -0.999973 0.004574 0.623370 0.466150 1 2 1.000000
  2 -9.975594 0.007619 0.240038 0.101211 -0.940149 -0.325385 0.605187 0.459902 1 2 1.000000
template_body
  2 -10.617464 0.007688 1.127295 0.005753 -0.999973 0.004574 0.623370 0.466150 1 2 1.000000
  2 -6.470167 0.036525 2.215598 0.007215 -0.999866 0.014677 0.620398 0.390699 1 2 1.000000
  2 -6.583152 0.118424 4.043571 0.005555 -0.995681 0.092672 0.651879 0.383247 1 2 1.000000
template_body
  2 -6.583152 0.118424 4.043571 0.005555 -0.995681 0.092672 0.651879 0.383247 1 2 1.000000
  2 -11.203791 0.012888 2.884613 0.005719 -0.998880 0.046956 0.655903 0.467067 1 2 1.000000
  2 -10.617464 0.007688 1.127295 0.005753 -0.999973 0.004574 0.623370 0.466150 1 2 1.000000
template_body
  2 -11.257302 0.160088 4.505075 0.007234 -0.991390 0.130738 0.683564 0.459685 1 2 1.000000
  2 -11.203791 0.012888 2.884613 0.005719 -0.998880 0.046956 0.655903 0.467067 1 2 1.000000
  2 -6.583152 0.118424 4.043571 0.005555 -0.995681 0.092672 0.651879 0.383247 1 2 1.000000
template_body
  2 -6.583152 0.118424 4.043571 0.005555 -0.995681 0.092672 0.651879 0.383247 1 2 1.000000
  2 -7.468518 0.370789 5.836754 0.003114 -0.988216 0.153033 0.686930 0.388951 1 2 1.000000
  2 -11.257302 0.160088 4.505075 0.007234 -0.991390 0.130738 0.683564 0.459685 1 2 1.000000
template_body
  2 -11.257302 0.160088 4.505075 0.007234 -0.991390 0.130738 0.683564 0.459685 1 2 1.000000
  2 -7.468518 0.370789 5.836754 0.003114 -0.988216 0.153033 0.686930 0.388951 1 2 1.000000
  2 -9.670975 0.463849 6.444922 0.009017 -0.988460 0.151210 0.708550 0.422942 1 2 1.000000
template_body
  2 -8.235557 0.485645 6.547153 0.003362 -0.986597 0.163141 0.702987 0.398214 1 2 1.000000
  2 -9.670975 0.463849 6.444922 0.009017 -0.988460 0.151210 0.708550 0.422942 1 2 1.000000
  2 -7.468518 0.370789 5.836754 0.003114 -0.988216 0.153033 0.686930 0.388951 1 2 1.000000
template_body
  2 -5.462379 0.022297 -3.532187 0.007683 -0.999966 0.003109 0.507422 0.402879 1 2 1.000000
  2 -8.017784 0.000060 -4.369576 0.006873 -0.999970 0.003521 0.505308 0.450193 1 2 1.000000
  2 -6.606828 0.008589 -4.647556 0.007042 -0.999962 0.005063 0.493916 0.427580 1 2 1.000000
template_body
  2 -8.017784 0.000060 -4.369576 0.006873 -0.999970 0.003521 0.505308 0.450193 1 2 1.000000
  2 -5.462379 0.022297 -3.532187 0.007683 -0.999966 0.003109 0.507422 0.402879 1 2 1.000000
  2 -5.638002 0.022515 -2.078861 0.006449 -0.999976 0.002635 0.532937 0.398979 1 2 1.000000
template_body
  2 -5.638002 0.022515 -2.078861 0.006449 -0.999976 0.002635 0.532937 0.398979 1 2 1.000000
  2 -8.879124 0.001731 -2.943801 0.005204 -0.999979 0.003746 0.533544 0.458055 1 2 1.000000
  2 -8.017784 0.000060 -4.369576 0.006873 -0.999970 0.003521 0.505308 0.450193 1 2 1.000000
template_body
  2 -8.879124 0.001731 -2.943801 0.005204 -0.999979 0.003746 0.533544 0.458055 1 2 1.000000
  2 -5.638002 0.022515 -2.078861 0.006449 -0.999976 0.002635 0.532937 0.398979 1 2 1.000000
  2 -5.878596 0.023140 -1.242737 0.005180 -0.999981 0.003446 0.548310 0.399124 1 2 1.000000
template_body
  2 -5.878596 0.023140 -1.242737 0.005180 -0.999981 0.003446 0.548310 0.399124 1 2 1.000000
  2 -9.185128 0.004730 -1.962894 0.004590 -0.999979 0.004487 0.551589 0.458612 1 2 1.000000
  2 -8.879124 0.001731 -2.943801 0.005204 -0.999979 0.003746 0.533544 0.458055 1 2 1.000000
template_body
  1 -6.184853 25.126886 2.623736 0.201242 -0.361143 -0.910537 0.887646 0.103536 1 1 1.000000
  1 -3.964545 25.134075 2.056530 -0.734897 -0.055878 -0.675873 0.867397 0.088138 1 1 1.000000
  1 -4.053099 22.616581 2.384248 -0.568125 -0.407045 -0.715226 0.884234 0.066040 2 1 0.900000 2 0.100000
template_body
  1 -6.847044 22.473034 3.439582 0.239176 -0.457579 -0.856397 0.911280 0.084846 2 1 0.900000 2 0.100000
  1 -4.053099 22.616581 2.384248 -0.568125 -0.407045 -0.715226 0.884234 0.066040 2 1 0.900000 2 0.100000
  1 -3.770805 21.144545 4.119575 -0.319924 -0.699603 -0.638908 0.903901 0.051396 2 1 0.800000 2 0.200000
template_body
  1 -2.377628 21.279657 1.893144 -0.647450 -0.705711 -0.287716 0.880677 0.043579 2 1 0.800000 2 0.200000
  1 -3.770805 21.144545 4.119575 -0.319924 -0.699603 -0.638908 0.903901 0.051396 2 1 0.800000 2 0.200000
  1 -4.053099 22.616581 2.384248 -0.568125 -0.407045 -0.715226 0.884234 0.066040 2 1 0.900000 2 0.100000
template_body
  1 -2.081678 21.414768 -0.333288 -0.835900 -0.548881 0.000361 0.857454 0.035762 2 1 0.500000 2 0.500000
  1 -2.377628 21.279657 1.893144 -0.647450 -0.705711 -0.287716 0.880677 0.043579 2 1 0.800000 2 0.200000
  1 -4.053099 22.616581 2.384248 -0.568125 -0.407045 -0.715226 0.884234 0.066040 2 1 0.900000 2 0.100000
template_body
  1 -4.053099 22.616581 2.384248 -0.568125 -0.407045 -0.715226 0.884234 0.066040 2 1 0.900000 2 0.100000
  1 -2.758721 22.881344 -0.229388 -0.960916 -0.247556 -0.123923 0.854628 0.053308 2 1 0.500000 2 0.500000
  1 -2.081678 21.414768 -0.333288 -0.835900 -0.548881 0.000361 0.857454 0.035762 2 1 0.500000 2 0.500000
template_body
  1 -2.758721 22.881344 -0.229388 -0.960916 -0.247556 -0.123923 0.854628 0.053308 2 1 0.500000 2 0.500000
  1 -4.053099 22.616581 2.384248 -0.568125 -0.407045 -0.715226 0.884234 0.066040 2 1 0.900000 2 0.100000
  1 -3.964545 25.134075 2.056530 -0.734897 -0.055878 -0.675873 0.867397 0.088138 1 1 1.000000
template_body
  1 -3.964545 25.134075 2.056530 -0.734897 -0.055878 -0.675873 0.867397 0.088138 1 1 1.000000
  1 -2.860227 25.211161 -0.088743 -0.998330 0.006214 0.057429 0.844459 0.076045 1 1 1.000000
  1 -2.758721 22.881344 -0.229388 -0.960916 -0.247556 -0.123923 0.854628 0.053308 2 1 0.500000 2 0.500000
template_body
  1 -3.770805 21.144545 4.119575 -0.319924 -0.699603 -0.638908 0.903901 0.051396 2 1 0.800000 2 0.200000
  1 -7.038497 21.325464 4.356887 0.241726 -0.630153 -0.737886 0.922253 0.074861 2 1 0.800000 2 0.200000
  1 -6.847044 22.473034 3.439582 0.239176 -0.457579 -0.856397 0.911280 0.084846 2 1 0.900000 2 0.100000
template_body
  1 -6.847044 22.473034 3.439582 0.239176 -0.457579 -0.856397 0.911280 0.084846 2 1 0.900000 2 0.100000
  1 -7.038497 21.325464 4.356887 0.241726 -0.630153 -0.737886 0.922253 0.074861 2 1 0.800000 2 0.200000
  1 -9.519393 21.944811 1.532950 0.774601 -0.550377 -0.311574 0.938672 0.106803 2 1 0.800000 2 0.200000
template_body
  1 -9.519393 21.944811 1.532950 0.774601 -0.550377 -0.311574 0.938672 0.106803 2 1 0.800000 2 0.200000
  1 -8.831504 23.217739 1.303830 0.812630 -0.447991 -0.372741 0.924191 0.114176 2 1 0.900000 2 0.100000
  1 -6.847044 22.473034 3.439582 0.239176 -0.457579 -0.856397 0.911280 0.084846 2 1 0.900000 2 0.100000
template_body
  1 -8.501765 23.235676 -1.395624 0.842434 -0.445372 0.303229 0.934166 0.141549 2 1 0.900000 2 0.100000
  1 -8.831504 23.217739 1.303830 0.812630 -0.447991 -0.372741 0.924191 0.114176 2 1 0.900000 2 0.100000
  1 -9.519393 21.944811 1.532950 0.774601 -0.550377 -0.311574 0.938672 0.106803 2 1 0.800000 2 0.200000
template_body
  1 -9.519393 21.944811 1.532950 0.774601 -0.550377 -0.311574 0.938672 0.106803 2 1 0.800000 2 0.200000
  1 -9.128590 22.205938 -2.260266 0.589878 -0.698612 0.404952 0.950999 0.141997 2 1 0.800000 2 0.200000
  1 -8.501765 23.235676 -1.395624 0.842434 -0.445372 0.303229 0.934166 0.141549 2 1 0.900000 2 0.100000
template_body
  2 -6.636495 23.143553 -2.942260 0.373378 -0.366332 0.852285 0.938354 0.167576 1 2 1.000000
  1 -8.501765 23.235676 -1.395624 0.842434 -0.445372 0.303229 0.934166 0.141549 2 1 0.900000 2 0.100000
  1 -9.128590 22.205938 -2.260266 0.589878 -0.698612 0.404952 0.950999 0.141997 2 1 0.800000 2 0.200000
template_body
  1 -9.128590 22.205938 -2.260266 0.589878 -0.698612 0.404952 0.950999 0.141997 2 1 0.800000 2 0.200000
  1 -6.697201 22.356796 -3.920221 0.130267 -0.769444 0.625289 0.952143 0.169048 2 1 0.700000 2 0.300000
  2 -6.636495 23.143553 -2.942260 0.373378 -0.366332 0.852285 0.938354 0.167576 1 2 1.000000
template_body
  2 -4.743747 23.074200 -2.998544 -0.356231 -0.385648 0.851102 0.941886 0.188938 1 2 1.000000
  2 -6.636495 23.143553 -2.942260 0.373378 -0.366332 0.852285 0.938354 0.167576 1 2 1.000000
  1 -6.697201 22.356796 -3.920221 0.130267 -0.769444 0.625289 0.952143 0.169048 2 1 0.700000 2 0.300000
template_body
  1 -6.697201 22.356796 -3.920221 0.130267 -0.769444 0.625289 0.952143 0.169048 2 1 0.700000 2 0.300000
  1 -4.684862 22.205299 -4.003151 -0.320696 -0.725617 0.608798 0.955358 0.184685 2 1 0.700000 2 0.300000
  2 -4.743747 23.074200 -2.998544 -0.356231 -0.385648 0.851102 0.941886 0.188938 1 2 1.000000
template_body
  2 -4.743747 23.074200 -2.998544 -0.356231 -0.385648 0.851102 0.941886 0.188938 1 2 1.000000
  1 -4.684862 22.205299 -4.003151 -0.320696 -0.725617 0.608798 0.955358 0.184685 2 1 0.700000 2 0.300000
  1 -2.850760 21.650036 -2.596634 -0.668063 -0.595313 0.446424 0.960704 0.207565 2 1 0.700000 2 0.300000
template_body
  1 -2.850760 21.650036 -2.596634 -0.668063 -0.595313 0.446424 0.960704 0.207565 2 1 0.700000 2 0.300000
  2 -3.501569 22.920765 -1.942823 -0.859615 -0.199407 0.470424 0.943472 0.207657 1 2 1.000000
  2 -4.743747 23.074200 -2.998544 -0.356231 -0.385648 0.851102 0.941886 0.188938 1 2 1.000000
template_body
  2 -3.501569 22.920765 -1.942823 -0.859615 -0.199407 0.470424 0.943472 0.207657 1 2 1.000000
  1 -2.850760 21.650036 -2.596634 -0.668063 -0.595313 0.446424 0.960704 0.207565 2 1 0.700000 2 0.300000
  1 -2.081678 21.414768 -0.333288 -0.835900 -0.548881 0.000361 0.960245 0.230459 2 1 0.500000 2 0.500000
template_body
  1 -2.081678 21.414768 -0.333288 -0.835900 -0.548881 0.000361 0.960245 0.230459 2 1 0.500000 2 0.500000
  1 -2.758721 22.881344 -0.229388 -0.960916 -0.247556 -0.123923 0.942937 0.228201 2 1 0.500000 2 0.500000
  2 -3.501569 22.920765 -1.942823 -0.859615 -0.199407 0.470424 0.943472 0.207657 1 2 1.000000
template_body
  2 -3.501569 22.920765 -1.942823 -0.859615 -0.199407 0.470424 0.943472 0.207657 1 2 1.000000
  1 -2.758721 22.881344 -0.229388 -0.960916 -0.247556 -0.123923 0.942937 0.228201 2 1 0.500000 2 0.500000
  1 -2.860227 25.211161 -0.088743 -0.998330 0.006214 0.057429 0.918471 0.228167 1 1 1.000000
template_body
  1 -2.860227 25.211161 -0.088743 -0.998330 0.006214 0.057429 0.918471 0.228167 1 1 1.000000
  1 -3.307313 25.249104 -2.060048 -0.729229 0.022646 0.683895 0.918546 0.206922 1 1 1.000000
  2 -3.501569 22.920765 -1.942823 -0.859615 -0.199407 0.470424 0.943472 0.207657 1 2 1.000000
template_body
  2 -4.743747 23.074200 -2.998544 -0.356231 -0.385648 0.851102 0.941886 0.188938 1 2 1.000000
  2 -3.501569 22.920765 -1.942823 -0.859615 -0.199407 0.470424 0.943472 0.207657 1 2 1.000000
  1 -3.307313 25.249104 -2.060048 -0.729229 0.022646 0.683895 0.918546 0.206922 1 1 1.000000
template_body
  1 -3.307313 25.249104 -2.060048 -0.729229 0.022646 0.683895 0.918546 0.206922 1 1 1.000000
  1 -4.884571 25.301394 -2.763554 -0.156702 -0.082511 0.984193 0.917883 0.189341 1 1 1.000000
  2 -4.743747 23.074200 -2.998544 -0.356231 -0.385648 0.851102 0.941886 0.188938 1 2 1.000000
template_body
  2 -6.636495 23.143553 -2.942260 0.373378 -0.366332 0.852285 0.938354 0.167576 1 2 1.000000
  2 -4.743747 23.074200 -2.998544 -0.356231 -0.385648 0.851102 0.941886 0.188938 1 2 1.000000
  1 -4.884571 25.301394 -2.763554 -0.156702 -0.082511 0.984193 0.917883 0.189341 1 1 1.000000
template_body
  1 -4.884571 25.301394 -2.763554 -0.156702 -0.082511 0.984193 0.917883 0.189341 1 1 1.000000
  1 -6.674309 25.319340 -2.905432 0.429343 -0.007824 0.903107 0.915505 0.170217 1 1 1.000000
  2 -6.636495 23.143553 -2.942260 0.373378 -0.366332 0.852285 0.938354 0.167576 1 2 1.000000
template_body
  2 -6.636495 23.143553 -2.942260 0.373378 -0.366332 0.852285 0.938354 0.167576 1 2 1.000000
  1 -6.674309 25.319340 -2.905432 0.429343 -0.007824 0.903107 0.915505 0.170217 1 1 1.000000
  1 -7.615701 25.314707 -1.541213 0.843760 -0.212255 0.492968 0.912076 0.152095 1 1 1.000000
template_body
  1 -7.615701 25.314707 -1.541213 0.843760 -0.212255 0.492968 0.912076 0.152095 1 1 1.000000
  1 -8.501765 23.235676 -1.395624 0.842434 -0.445372 0.303229 0.934166 0.141549 2 1 0.900000 2 0.100000
  2 -6.636495 23.143553 -2.942260 0.373378 -0.366332 0.852285 0.938354 0.167576 1 2 1.000000
template_body
  1 -8.501765 23.235676 -1.395624 0.842434 -0.445372 0.303229 0.934166 0.141549 2 1 0.900000 2 0.100000
  1 -7.615701 25.314707 -1.541213 0.843760 -0.212255 0.492968 0.912076 0.152095 1 1 1.000000
  1 -7.762650 25.250582 0.512278 0.868212 -0.479714 -0.126815 0.904008 0.129567 1 1 1.000000
template_body
  1 -7.762650 25.250582 0.512278 0.868212 -0.479714 -0.126815 0.904008 0.129567 1 1 1.000000
  1 -8.831504 23.217739 1.303830 0.812630 -0.447991 -0.372741 0.924191 0.114176 2 1 0.900000 2 0.100000
  1 -8.501765 23.235676 -1.395624 0.842434 -0.445372 0.303229 0.934166 0.141549 2 1 0.900000 2 0.100000
template_body
  1 -8.831504 23.217739 1.303830 0.812630 -0.447991 -0.372741 0.924191 0.114176 2 1 0.900000 2 0.100000
  1 -7.762650 25.250582 0.512278 0.868212 -0.479714 -0.126815 0.904008 0.129567 1 1 1.000000
  1 -6.184853 25.126886 2.623736 0.201242 -0.361143 -0.910537 0.887646 0.103536 1 1 1.000000
template_body
  1 -6.184853 25.126886 2.623736 0.201242 -0.361143 -0.910537 0.887646 0.103536 1 1 1.000000
  1 -6.847044 22.473034 3.439582 0.239176 -0.457579 -0.856397 0.911280 0.084846 2 1 0.900000 2 0.100000
  1 -8.831504 23.217739 1.303830 0.812630 -0.447991 -0.372741 0.924191 0.114176 2 1 0.900000 2 0.100000
template_body
  1 -4.053099 22.616581 2.384248 -0.568125 -0.407045 -0.715226 0.884234 0.066040 2 1 0.900000 2 0.100000
  1 -6.847044 22.473034 3.439582 0.239176 -0.457579 -0.856397 0.911280 0.084846 2 1 0.900000 2 0.100000
  1 -6.184853 25.126886 2.623736 0.201242 -0.361143 -0.910537 0.887646 0.103536 1 1 1.000000
template_body
  7 2.140359 59.872253 -0.382531 0.838338 0.340812 0.425483 0.530583 0.951069 1 7 1.000000
  7 2.295846 60.559628 -1.575181 -0.050125 0.916905 0.395945 0.542993 0.971600 1 7 1.000000
  7 2.065335 60.523258 -1.520137 0.507722 0.858313 0.074275 0.539519 0.972058 1 7 1.000000
template_body
  18 4.994860 55.740192 -4.547515 0.239036 0.111966 -0.964534 0.743627 0.850737 2 18 0.800040 6 0.199960
  18 6.363109 55.880859 -4.158293 0.196381 0.103888 -0.975009 0.720083 0.854559 1 18 1.000000
  18 6.429941 53.830582 -3.760019 0.543496 -0.203985 -0.814249 0.713898 0.815954 2 18 0.500205 6 0.499795
template_body
  18 6.363109 55.880859 -4.158293 0.196381 0.103888 -0.975009 0.720083 0.854559 1 18 1.000000
  18 4.994860 55.740192 -4.547515 0.239036 0.111966 -0.964534 0.743627 0.850737 2 18 0.800040 6 0.199960
  7 2.201827 58.209232 -3.971208 0.111489 0.499247 -0.859257 0.791196 0.896700 2 7 0.500000 18 0.500000
template_body
  7 2.201827 58.209232 -3.971208 0.111489 0.499247 -0.859257 0.791196 0.896700 2 7 0.500000 18 0.500000
  18 6.497670 57.993740 -3.489113 0.230173 0.675154 -0.700848 0.718483 0.894150 1 18 1.000000
  18 6.363109 55.880859 -4.158293 0.196381 0.103888 -0.975009 0.720083 0.854559 1 18 1.000000
template_body
  18 6.497670 57.993740 -3.489113 0.230173 0.675154 -0.700848 0.718483 0.894150 1 18 1.000000
  7 2.201827 58.209232 -3.971208 0.111489 0.499247 -0.859257 0.791196 0.896700 2 7 0.500000 18 0.500000
  18 5.202761 58.790203 -2.231201 0.212622 0.948711 -0.233963 0.738168 0.921922 2 18 0.700000 7 0.300000
template_body
  18 6.916345 58.326290 -2.374134 0.466910 0.853278 -0.232188 0.709109 0.913298 1 18 1.000000
  18 6.497670 57.993740 -3.489113 0.230173 0.675154 -0.700848 0.718483 0.894150 1 18 1.000000
  18 5.202761 58.790203 -2.231201 0.212622 0.948711 -0.233963 0.738168 0.921922 2 18 0.700000 7 0.300000
template_body
  4 5.634290 45.228161 4.819779 0.750361 0.200792 0.629794 0.573473 0.652670 2 4 0.600001 5 0.399999
  0 3.018877 43.872002 7.378750 0.326773 0.169462 0.929786 0.520646 0.627318 2 0 0.300006 4 0.699994
  0 3.309178 40.936058 7.287716 0.384788 -0.088158 0.918785 0.524140 0.577171 2 0 0.800004 4 0.199996
template_body
  6 4.603900 51.313740 3.553457 0.632424 -0.227480 0.740468 0.567088 0.767678 2 6 0.649994 4 0.350007
  0 3.018877 43.872002 7.378750 0.326773 0.169462 0.929786 0.520646 0.627318 2 0 0.300006 4 0.699994
  4 5.634290 45.228161 4.819779 0.750361 0.200792 0.629794 0.573473 0.652670 2 4 0.600001 5 0.399999
template_body
  5 6.640659 48.300514 1.193808 0.932395 0.227094 0.281189 0.630834 0.712958 2 5 0.799997 4 0.200003
  6 4.603900 51.313740 3.553457 0.632424 -0.227480 0.740468 0.567088 0.767678 2 6 0.649994 4 0.350007
  4 5.634290 45.228161 4.819779 0.750361 0.200792 0.629794 0.573473 0.652670 2 4 0.600001 5 0.399999
template_body
  5 6.640659 48.300514 1.193808 0.932395 0.227094 0.281189 0.630834 0.712958 2 5 0.799997 4 0.200003
  5 6.166338 51.165119 1.287665 0.900875 -0.010780 0.433945 0.618692 0.765282 2 5 0.500000 6 0.500000
  6 4.603900 51.313740 3.553457 0.632424 -0.227480 0.740468 0.567088 0.767678 2 6 0.649994 4 0.350007
template_body
  5 7.060786 50.324337 -1.641249 0.985699 -0.069165 -0.153664 0.678000 0.752827 3 5 0.411765 7 0.300000 4 0.288235
  5 6.166338 51.165119 1.287665 0.900875 -0.010780 0.433945 0.618692 0.765282 2 5 0.500000 6 0.500000
  5 6.640659 48.300514 1.193808 0.932395 0.227094 0.281189 0.630834 0.712958 2 5 0.799997 4 0.200003
template_body
  5 7.060786 50.324337 -1.641249 0.985699 -0.069165 -0.153664 0.678000 0.752827 3 5 0.411765 7 0.300000 4 0.288235
  6 6.973910 51.337578 -0.445974 0.809204 -0.583903 0.065163 0.653860 0.771330 2 6 0.800000 19 0.200000
  5 6.166338 51.165119 1.287665 0.900875 -0.010780 0.433945 0.618692 0.765282 2 5 0.500000 6 0.500000
template_body
  5 7.060786 50.324337 -1.641249 0.985699 -0.069165 -0.153664 0.678000 0.752827 3 5 0.411765 7 0.300000 4 0.288235
  18 6.429941 53.830582 -3.760019 0.543496 -0.203985 -0.814249 0.713898 0.815954 2 18 0.500205 6 0.499795
  6 6.973910 51.337578 -0.445974 0.809204 -0.583903 0.065163 0.653860 0.771330 2 6 0.800000 19 0.200000
template_body
  18 6.429941 53.830582 -3.760019 0.543496 -0.203985 -0.814249 0.713898 0.815954 2 18 0.500205 6 0.499795
  5 7.060786 50.324337 -1.641249 0.985699 -0.069165 -0.153664 0.678000 0.752827 3 5 0.411765 7 0.300000 4 0.288235
  4 5.163502 50.012711 -4.277371 0.487814 -0.144332 -0.860933 0.736984 0.748677 3 4 0.350000 5 0.350000 7 0.300000
template_body
  4 5.163502 50.012711 -4.277371 0.487814 -0.144332 -0.860933 0.736984 0.748677 3 4 0.350000 5 0.350000 7 0.300000
  18 4.994860 55.740192 -4.547515 0.239036 0.111966 -0.964534 0.743627 0.850737 2 18 0.800040 6 0.199960
  18 6.429941 53.830582 -3.760019 0.543496 -0.203985 -0.814249 0.713898 0.815954 2 18 0.500205 6 0.499795
template_body
  6 2.547050 55.605309 -4.778139 0.031635 0.154870 -0.987428 0.784644 0.848032 2 6 0.900000 18 0.100000
  18 4.994860 55.740192 -4.547515 0.239036 0.111966 -0.964534 0.743627 0.850737 2 18 0.800040 6 0.199960
  4 5.163502 50.012711 -4.277371 0.487814 -0.144332 -0.860933 0.736984 0.748677 3 4 0.350000 5 0.350000 7 0.300000
template_body
  7 2.201827 58.209232 -3.971208 0.111489 0.499247 -0.859257 0.791196 0.896700 2 7 0.500000 18 0.500000
  18 4.994860 55.740192 -4.547515 0.239036 0.111966 -0.964534 0.743627 0.850737 2 18 0.800040 6 0.199960
  6 2.547050 55.605309 -4.778139 0.031635 0.154870 -0.987428 0.784644 0.848032 2 6 0.900000 18 0.100000
template_body
  7 2.201827 58.209232 -3.971208 0.111489 0.499247 -0.859257 0.791196 0.896700 2 7 0.500000 18 0.500000
  6 2.547050 55.605309 -4.778139 0.031635 0.154870 -0.987428 0.784644 0.848032 2 6 0.900000 18 0.100000
  6 0.000000 55.488411 -4.556503 0.000000 0.140105 -0.990137 0.827233 0.846786 1 6 1.000000
template_body
  6 0.000000 55.488411 -4.556503 0.000000 0.140105 -0.990137 0.827233 0.846786 1 6 1.000000
  7 0.000000 58.239128 -4.044880 0.000000 0.471315 -0.881965 0.827780 0.897043 1 7 1.000000
  7 2.201827 58.209232 -3.971208 0.111489 0.499247 -0.859257 0.791196 0.896700 2 7 0.500000 18 0.500000
template_body
  7 -2.201826 58.209232 -3.971208 -0.111489 0.499247 -0.859257 0.864350 0.896473 2 7 0.500000 8 0.500000
  7 0.000000 58.239128 -4.044880 0.000000 0.471315 -0.881965 0.827780 0.897043 1 7 1.000000
  6 0.000000 55.488411 -4.556503 0.000000 0.140105 -0.990137 0.827233 0.846786 1 6 1.000000
template_body
  7 0.000000 58.239128 -4.044880 0.000000 0.471315 -0.881965 0.827780 0.897043 1 7 1.000000
  7 -2.201826 58.209232 -3.971208 -0.111489 0.499247 -0.859257 0.864350 0.896473 2 7 0.500000 8 0.500000
  7 -1.233662 60.642639 -2.116473 -0.303004 0.596029 -0.743598 0.849989 0.956701 1 7 1.000000
template_body
  7 -3.699214 59.344910 -2.025611 -0.350572 0.890068 -0.291339 0.893534 0.933167 2 7 0.700000 8 0.300000
  7 -1.233662 60.642639 -2.116473 -0.303004 0.596029 -0.743598 0.849989 0.956701 1 7 1.000000
  7 -2.201826 58.209232 -3.971208 -0.111489 0.499247 -0.859257 0.864350 0.896473 2 7 0.500000 8 0.500000
template_body
  7 -1.233662 60.642639 -2.116473 -0.303004 0.596029 -0.743598 0.849989 0.956701 1 7 1.000000
  7 -3.699214 59.344910 -2.025611 -0.350572 0.890068 -0.291339 0.893534 0.933167 2 7 0.700000 8 0.300000
  7 -2.628425 60.018505 -1.740661 -0.636313 0.761591 -0.122824 0.876338 0.948487 1 7 1.000000
template_body
  7 -1.233662 60.642639 -2.116473 -0.303004 0.596029 -0.743598 0.849989 0.956701 1 7 1.000000
  7 -2.628425 60.018505 -1.740661 -0.636313 0.761591 -0.122824 0.876338 0.948487 1 7 1.000000
  7 -2.295846 60.559628 -1.575177 -0.786874 0.561747 -0.255477 0.870251 0.959118 1 7 1.000000
template_body
  6 4.603900 51.313740 3.553457 0.632424 -0.227480 0.740468 0.567088 0.767678 2 6 0.649994 4 0.350007
  5 6.166338 51.165119 1.287665 0.900875 -0.010780 0.433945 0.618692 0.765282 2 5 0.500000 6 0.500000
  6 6.152161 52.276840 1.984300 0.888063 -0.190122 0.418567 0.603939 0.789044 1 6 1.000000
template_body
  6 6.152161 52.276840 1.984300 0.888063 -0.190122 0.418567 0.603939 0.789044 1 6 1.000000
  5 6.166338 51.165119 1.287665 0.900875 -0.010780 0.433945 0.618692 0.765282 2 5 0.500000 6 0.500000
  6 6.406713 52.920185 1.114645 0.826957 -0.245802 0.505690 0.619416 0.799127 1 6 1.000000
template_body
  5 6.166338 51.165119 1.287665 0.900875 -0.010780 0.433945 0.618692 0.765282 2 5 0.500000 6 0.500000
  6 6.973910 51.337578 -0.445974 0.809204 -0.583903 0.065163 0.653860 0.771330 2 6 0.800000 19 0.200000
  6 6.406713 52.920185 1.114645 0.826957 -0.245802 0.505690 0.619416 0.799127 1 6 1.000000
template_body
  6 6.152161 52.276840 1.984300 0.888063 -0.190122 0.418567 0.603939 0.789044 1 6 1.000000
  6 6.406713 52.920185 1.114645 0.826957 -0.245802 0.505690 0.619416 0.799127 1 6 1.000000
  18 6.541252 54.217518 1.550937 0.576336 -0.154522 0.802471 0.608847 0.826431 2 18 0.651187 6 0.348814
template_body
  7 2.201827 58.209232 -3.971208 0.111489 0.499247 -0.859257 0.791196 0.896700 2 7 0.500000 18 0.500000
  7 3.699214 59.344910 -2.025611 0.350572 0.890068 -0.291340 0.762555 0.933776 2 7 0.700000 18 0.300000
  18 5.202761 58.790203 -2.231201 0.212622 0.948711 -0.233963 0.738168 0.921922 2 18 0.700000 7 0.300000
template_body
  7 2.201827 58.209232 -3.971208 0.111489 0.499247 -0.859257 0.791196 0.896700 2 7 0.500000 18 0.500000
  7 1.233662 60.642639 -2.116473 0.339937 0.438389 -0.832020 0.806434 0.956595 1 7 1.000000
  7 3.699214 59.344910 -2.025611 0.350572 0.890068 -0.291340 0.762555 0.933776 2 7 0.700000 18 0.300000
template_body
  7 1.233662 60.642639 -2.116473 0.339937 0.438389 -0.832020 0.806434 0.956595 1 7 1.000000
  7 2.201827 58.209232 -3.971208 0.111489 0.499247 -0.859257 0.791196 0.896700 2 7 0.500000 18 0.500000
  7 0.000000 58.239128 -4.044880 0.000000 0.471315 -0.881965 0.827780 0.897043 1 7 1.000000
template_body
  7 0.000000 58.239128 -4.044880 0.000000 0.471315 -0.881965 0.827780 0.897043 1 7 1.000000
  7 0.000000 59.612827 -3.124201 0.000000 0.625305 -0.780380 0.828126 0.927746 1 7 1.000000
  7 1.233662 60.642639 -2.116473 0.339937 0.438389 -0.832020 0.806434 0.956595 1 7 1.000000
template_body
  7 -1.233662 60.642639 -2.116473 -0.303004 0.596029 -0.743598 0.849989 0.956701 1 7 1.000000
  7 0.000000 59.612827 -3.124201 0.000000 0.625305 -0.780380 0.828126 0.927746 1 7 1.000000
  7 0.000000 58.239128 -4.044880 0.000000 0.471315 -0.881965 0.827780 0.897043 1 7 1.000000
template_body
  7 -1.233662 60.642639 -2.116473 -0.303004 0.596029 -0.743598 0.849989 0.956701 1 7 1.000000
  7 0.000000 60.209499 -2.736424 0.000000 0.417048 -0.908884 0.828163 0.941824 1 7 1.000000
  7 0.000000 59.612827 -3.124201 0.000000 0.625305 -0.780380 0.828126 0.927746 1 7 1.000000
template_body
  7 -1.233662 60.642639 -2.116473 -0.303004 0.596029 -0.743598 0.849989 0.956701 1 7 1.000000
  7 0.000000 60.677116 -2.558401 0.000000 0.355794 -0.934564 0.828202 0.951731 1 7 1.000000
  7 0.000000 60.209499 -2.736424 0.000000 0.417048 -0.908884 0.828163 0.941824 1 7 1.000000
template_body
  7 0.000000 60.209499 -2.736424 0.000000 0.417048 -0.908884 0.828163 0.941824 1 7 1.000000
  7 0.000000 60.677116 -2.558401 0.000000 0.355794 -0.934564 0.828202 0.951731 1 7 1.000000
  7 1.233662 60.642639 -2.116473 0.339937 0.438389 -0.832020 0.806434 0.956595 1 7 1.000000
template_body
  7 0.000000 59.612827 -3.124201 0.000000 0.625305 -0.780380 0.828126 0.927746 1 7 1.000000
  7 0.000000 60.209499 -2.736424 0.000000 0.417048 -0.908884 0.828163 0.941824 1 7 1.000000
  7 1.233662 60.642639 -2.116473 0.339937 0.438389 -0.832020 0.806434 0.956595 1 7 1.000000
template_body
  7 2.295846 60.559628 -1.575177 0.786874 0.561747 -0.255477 0.786211 0.959057 1 7 1.000000
  7 2.628425 60.018505 -1.740661 0.636313 0.761591 -0.122824 0.780093 0.948597 1 7 1.000000
  7 1.233662 60.642639 -2.116473 0.460305 0.699503 -0.546639 0.806434 0.956595 1 7 1.000000
template_body
  7 2.628425 60.018505 -1.740661 0.636313 0.761591 -0.122824 0.780093 0.948597 1 7 1.000000
  7 3.699214 59.344910 -2.025611 0.350572 0.890068 -0.291340 0.762555 0.933776 2 7 0.700000 18 0.300000
  7 1.233662 60.642639 -2.116473 0.460305 0.699503 -0.546639 0.806434 0.956595 1 7 1.000000
template_body
  6 -3.004677 54.052475 4.478777 -0.233541 0.268134 0.934646 0.425681 0.818482 3 6 0.609525 7 0.200001 5 0.190474
  6 0.000000 53.952557 4.738008 0.000000 0.381310 0.924447 0.476690 0.817012 3 6 0.609527 7 0.199997 5 0.190476
  7 -1.097528 58.753304 1.680767 -0.246025 0.590000 0.769007 0.455117 0.919414 1 7 1.000000
template_body
  7 0.000000 57.069317 2.786798 0.000000 0.551899 0.833911 0.476505 0.882282 2 7 0.699995 6 0.300005
  7 -1.097528 58.753304 1.680767 -0.246025 0.590000 0.769007 0.455117 0.919414 1 7 1.000000
  6 0.000000 53.952557 4.738008 0.000000 0.381310 0.924447 0.476690 0.817012 3 6 0.609527 7 0.199997 5 0.190476
template_body
  7 0.000000 57.069317 2.786798 0.000000 0.551899 0.833911 0.476505 0.882282 2 7 0.699995 6 0.300005
  7 0.000000 58.434025 2.063729 0.000000 0.468182 0.883632 0.476540 0.911003 1 7 1.000000
  7 -1.097528 58.753304 1.680767 -0.246025 0.590000 0.769007 0.455117 0.919414 1 7 1.000000
template_body
  7 0.000000 57.069317 2.786798 0.000000 0.551899 0.833911 0.476505 0.882282 2 7 0.699995 6 0.300005
  7 1.097528 58.753304 1.680767 0.246025 0.590000 0.769007 0.497958 0.919465 1 7 1.000000
  7 0.000000 58.434025 2.063729 0.000000 0.468182 0.883632 0.476540 0.911003 1 7 1.000000
template_body
  6 0.000000 53.952557 4.738008 0.000000 0.381310 0.924447 0.476690 0.817012 3 6 0.609527 7 0.199997 5 0.190476
  7 1.097528 58.753304 1.680767 0.246025 0.590000 0.769007 0.497958 0.919465 1 7 1.000000
  7 0.000000 57.069317 2.786798 0.000000 0.551899 0.833911 0.476505 0.882282 2 7 0.699995 6 0.300005
template_body
  7 1.097528 58.753304 1.680767 0.246025 0.590000 0.769007 0.497958 0.919465 1 7 1.000000
  6 0.000000 53.952557 4.738008 0.000000 0.381310 0.924447 0.476690 0.817012 3 6 0.609527 7 0.199997 5 0.190476
  6 3.004677 54.052475 4.478777 0.233541 0.268134 0.934646 0.527976 0.818013 3 6 0.609529 7 0.199994 5 0.190477
template_body
  6 3.004677 54.052475 4.478777 0.233541 0.268134 0.934646 0.527976 0.818013 3 6 0.609529 7 0.199994 5 0.190477
  6 0.000000 53.952557 4.738008 0.000000 0.381310 0.924447 0.476690 0.817012 3 6 0.609527 7 0.199997 5 0.190476
  5 1.333753 51.942924 4.922096 0.221371 0.148587 0.963803 0.500739 0.779315 2 5 0.600000 6 0.400000
template_body
  5 1.333753 51.942924 4.922096 0.221371 0.148587 0.963803 0.500739 0.779315 2 5 0.600000 6 0.400000
  6 2.910361 52.131222 4.639725 0.284455 -0.119113 0.951261 0.528231 0.784519 2 6 0.800025 5 0.199975
  6 3.004677 54.052475 4.478777 0.233541 0.268134 0.934646 0.527976 0.818013 3 6 0.609529 7 0.199994 5 0.190477
template_body
  6 2.910361 52.131222 4.639725 0.284455 -0.119113 0.951261 0.528231 0.784519 2 6 0.800025 5 0.199975
  5 1.333753 51.942924 4.922096 0.221371 0.148587 0.963803 0.500739 0.779315 2 5 0.600000 6 0.400000
  6 4.603900 51.313740 3.553457 0.632424 -0.227480 0.740468 0.567088 0.767678 2 6 0.649994 4 0.350007
template_body
  6 4.603900 51.313740 3.553457 0.632424 -0.227480 0.740468 0.567088 0.767678 2 6 0.649994 4 0.350007
  6 5.101356 52.180168 3.791399 0.576339 -0.198298 0.792787 0.568532 0.786191 1 6 1.000000
  6 2.910361 52.131222 4.639725 0.284455 -0.119113 0.951261 0.528231 0.784519 2 6 0.800025 5 0.199975
template_body
  6 6.152161 52.276840 1.984300 0.888063 -0.190122 0.418567 0.603939 0.789044 1 6 1.000000
  6 5.101356 52.180168 3.791399 0.576339 -0.198298 0.792787 0.568532 0.786191 1 6 1.000000
  6 4.603900 51.313740 3.553457 0.632424 -0.227480 0.740468 0.567088 0.767678 2 6 0.649994 4 0.350007
template_body
  6 5.219614 54.094490 3.701283 0.678801 0.170080 0.714354 0.566946 0.819384 3 6 0.609572 7 0.199975 5 0.190453
  6 5.101356 52.180168 3.791399 0.576339 -0.198298 0.792787 0.568532 0.786191 1 6 1.000000
  6 6.152161 52.276840 1.984300 0.888063 -0.190122 0.418567 0.603939 0.789044 1 6 1.000000
template_body
  18 6.541252 54.217518 1.550937 0.576336 -0.154522 0.802471 0.608847 0.826431 2 18 0.651187 6 0.348814
  6 5.219614 54.094490 3.701283 0.678801 0.170080 0.714354 0.566946 0.819384 3 6 0.609572 7 0.199975 5 0.190453
  6 6.152161 52.276840 1.984300 0.888063 -0.190122 0.418567 0.603939 0.789044 1 6 1.000000
template_body
  18 6.541252 54.217518 1.550937 0.576336 -0.154522 0.802471 0.608847 0.826431 2 18 0.651187 6 0.348814
  18 5.988307 55.534973 1.741950 0.531320 0.214643 0.819529 0.593439 0.852567 1 18 1.000000
  6 5.219614 54.094490 3.701283 0.678801 0.170080 0.714354 0.566946 0.819384 3 6 0.609572 7 0.199975 5 0.190453
template_body
  6 5.219614 54.094490 3.701283 0.678801 0.170080 0.714354 0.566946 0.819384 3 6 0.609572 7 0.199975 5 0.190453
  18 5.988307 55.534973 1.741950 0.531320 0.214643 0.819529 0.593439 0.852567 1 18 1.000000
  18 4.864406 57.214287 1.864124 0.353749 0.584933 0.729873 0.568170 0.881376 2 18 0.500053 7 0.499947
template_body
  18 5.988307 55.534973 1.741950 0.531320 0.214643 0.819529 0.593439 0.852567 1 18 1.000000
  18 6.255074 56.936558 1.319190 0.310408 0.419683 0.852944 0.594273 0.880102 1 18 1.000000
  18 4.864406 57.214287 1.864124 0.353749 0.584933 0.729873 0.568170 0.881376 2 18 0.500053 7 0.499947
template_body
  18 6.255074 56.936558 1.319190 0.310408 0.419683 0.852944 0.594273 0.880102 1 18 1.000000
  18 6.679562 57.856514 0.689781 0.260522 0.707542 0.656896 0.602745 0.897993 1 18 1.000000
  18 4.864406 57.214287 1.864124 0.353749 0.584933 0.729873 0.568170 0.881376 2 18 0.500053 7 0.499947
template_body
  7 2.559685 59.400570 -0.462127 0.418556 0.812805 0.405165 0.540425 0.944103 1 7 1.000000
  18 4.864406 57.214287 1.864124 0.353749 0.584933 0.729873 0.568170 0.881376 2 18 0.500053 7 0.499947
  18 6.679562 57.856514 0.689781 0.260522 0.707542 0.656896 0.602745 0.897993 1 18 1.000000
template_body
  18 6.679562 57.856514 0.689781 0.260522 0.707542 0.656896 0.602745 0.897993 1 18 1.000000
  18 6.917894 58.388416 -0.427807 0.374500 0.894553 0.243977 0.611670 0.916465 1 18 1.000000
  7 2.559685 59.400570 -0.462127 0.418556 0.812805 0.405165 0.540425 0.944103 1 7 1.000000
template_body
  18 5.202761 58.790203 -2.231201 0.212622 0.948711 -0.233963 0.594339 0.954699 2 18 0.700000 7 0.300000
  7 2.559685 59.400570 -0.462127 0.418556 0.812805 0.405165 0.540425 0.944103 1 7 1.000000
  18 6.917894 58.388416 -0.427807 0.374500 0.894553 0.243977 0.611670 0.916465 1 18 1.000000
template_body
  18 6.917894 58.388416 -0.427807 0.374500 0.894553 0.243977 0.611670 0.916465 1 18 1.000000
  18 6.916345 58.326290 -2.374134 0.466910 0.853278 -0.232188 0.623295 0.947300 1 18 1.000000
  18 5.202761 58.790203 -2.231201 0.212622 0.948711 -0.233963 0.594339 0.954699 2 18 0.700000 7 0.300000
template_body
  7 2.628425 60.018505 -1.740661 0.636313 0.761591 -0.122824 0.550811 0.966088 1 7 1.000000
  7 2.295846 60.559628 -1.575177 0.786874 0.561747 -0.255477 0.542993 0.971600 1 7 1.000000
  7 2.140359 59.872253 -0.382531 0.751997 0.502337 0.426800 0.530583 0.951069 1 7 1.000000
template_body
  7 2.140359 59.872253 -0.382531 0.751997 0.502337 0.426800 0.530583 0.951069 1 7 1.000000
  7 2.559685 59.400570 -0.462127 0.418556 0.812805 0.405165 0.540425 0.944103 1 7 1.000000
  7 2.628425 60.018505 -1.740661 0.636313 0.761591 -0.122824 0.550811 0.966088 1 7 1.000000
template_body
  7 1.097528 58.753304 1.680767 0.246025 0.590000 0.769007 0.497958 0.919465 1 7 1.000000
  7 2.559685 59.400570 -0.462127 0.418556 0.812805 0.405165 0.540425 0.944103 1 7 1.000000
  7 2.140359 59.872253 -0.382531 0.751997 0.502337 0.426800 0.530583 0.951069 1 7 1.000000
template_body
  7 1.097528 58.753304 1.680767 0.246025 0.590000 0.769007 0.497958 0.919465 1 7 1.000000
  18 4.864406 57.214287 1.864124 0.353749 0.584933 0.729873 0.568170 0.881376 2 18 0.500053 7 0.499947
  7 2.559685 59.400570 -0.462127 0.418556 0.812805 0.405165 0.540425 0.944103 1 7 1.000000
template_body
  7 1.097528 58.753304 1.680767 0.246025 0.590000 0.769007 0.497958 0.919465 1 7 1.000000
  6 3.004677 54.052475 4.478777 0.233541 0.268134 0.934646 0.527976 0.818013 3 6 0.609529 7 0.199994 5 0.190477
  18 4.864406 57.214287 1.864124 0.353749 0.584933 0.729873 0.568170 0.881376 2 18 0.500053 7 0.499947
template_body
  6 5.219614 54.094490 3.701283 0.678801 0.170080 0.714354 0.566946 0.819384 3 6 0.609572 7 0.199975 5 0.190453
  18 4.864406 57.214287 1.864124 0.353749 0.584933 0.729873 0.568170 0.881376 2 18 0.500053 7 0.499947
  6 3.004677 54.052475 4.478777 0.233541 0.268134 0.934646 0.527976 0.818013 3 6 0.609529 7 0.199994 5 0.190477
template_body
  6 5.101356 52.180168 3.791399 0.576339 -0.198298 0.792787 0.568532 0.786191 1 6 1.000000
  6 5.219614 54.094490 3.701283 0.678801 0.170080 0.714354 0.566946 0.819384 3 6 0.609572 7 0.199975 5 0.190453
  6 3.004677 54.052475 4.478777 0.233541 0.268134 0.934646 0.527976 0.818013 3 6 0.609529 7 0.199994 5 0.190477
template_body
  6 3.004677 54.052475 4.478777 0.233541 0.268134 0.934646 0.527976 0.818013 3 6 0.609529 7 0.199994 5 0.190477
  6 2.910361 52.131222 4.639725 0.284455 -0.119113 0.951261 0.528231 0.784519 2 6 0.800025 5 0.199975
  6 5.101356 52.180168 3.791399 0.576339 -0.198298 0.792787 0.568532 0.786191 1 6 1.000000
template_body
  7 2.559685 59.400570 -0.462127 0.418556 0.812805 0.405165 0.540425 0.944103 1 7 1.000000
  7 3.699214 59.344910 -2.025611 0.350572 0.890068 -0.291340 0.569209 0.960521 2 7 0.700000 18 0.300000
  7 2.628425 60.018505 -1.740661 0.636313 0.761591 -0.122824 0.550811 0.966088 1 7 1.000000
template_body
  7 2.559685 59.400570 -0.462127 0.418556 0.812805 0.405165 0.540425 0.944103 1 7 1.000000
  18 5.202761 58.790203 -2.231201 0.212622 0.948711 -0.233963 0.594339 0.954699 2 18 0.700000 7 0.300000
  7 3.699214 59.344910 -2.025611 0.350572 0.890068 -0.291340 0.569209 0.960521 2 7 0.700000 18 0.300000
template_body
  7 -1.233662 60.642639 -2.116473 -0.215141 0.948177 -0.233827 0.849989 0.956701 1 7 1.000000
  7 -2.295846 60.559628 -1.575181 0.050125 0.916905 0.395945 0.870251 0.959118 1 7 1.000000
  7 -2.065335 60.523258 -1.520137 -0.507722 0.858313 0.074275 0.866904 0.961930 1 7 1.000000
template_body
  7 -1.233662 60.642639 -2.116473 -0.215141 0.948177 -0.233827 0.849989 0.956701 1 7 1.000000
  7 0.000000 60.589596 -2.414356 0.000000 0.964785 -0.263040 0.828209 0.954982 1 7 1.000000
  7 0.000000 60.677116 -2.558401 0.000000 0.921157 0.389191 0.828202 0.951731 1 7 1.000000
template_body
  7 0.000000 60.677116 -2.558401 0.000000 0.921157 0.389191 0.828202 0.951731 1 7 1.000000
  7 0.000000 60.589596 -2.414356 0.000000 0.964785 -0.263040 0.828209 0.954982 1 7 1.000000
  7 1.233662 60.642639 -2.116473 0.215140 0.948177 -0.233827 0.806434 0.956595 1 7 1.000000
template_body
  7 2.065335 60.523258 -1.520137 0.507722 0.858313 0.074275 0.789541 0.961864 1 7 1.000000
  7 2.295846 60.559628 -1.575181 -0.050125 0.916905 0.395945 0.786211 0.959057 1 7 1.000000
  7 1.233662 60.642639 -2.116473 0.215140 0.948177 -0.233827 0.806434 0.956595 1 7 1.000000
end
