// Created by Crowbar 0.74
version 1
nodes
  0 "polySurface21" -1
end
skeleton
  time 0
    0 0.000000 0.000000 0.000000 0.000000 0.000000 0.000000
end
triangles
barracuda
  0 -65.608551 39.569496 11.141335 -0.149699 -0.927371 -0.342890 0.086415 0.881113 1 0 1.000000
  0 -84.802094 39.937214 14.064919 -0.113351 -0.751776 -0.649603 0.035091 0.873296 1 0 1.000000
  0 -84.843689 42.186684 11.468901 -0.149699 -0.927371 -0.342890 0.034980 0.880237 1 0 1.000000
barracuda
  0 -18.006594 35.915848 10.451031 0.875715 0.218585 -0.430515 0.646745 0.055653 1 0 1.000000
  0 -17.069773 34.293224 12.917789 0.564168 0.762598 0.316478 0.643958 0.055766 1 0 1.000000
  0 -16.803240 33.831573 12.470499 0.941843 0.104049 -0.319540 0.644100 0.055074 1 0 1.000000
barracuda
  0 -18.180561 36.217163 11.053665 0.627158 0.649100 0.430514 0.646634 0.056182 1 0 1.000000
  0 -17.069773 34.293224 12.917789 0.564168 0.762598 0.316478 0.643958 0.055766 1 0 1.000000
  0 -18.006594 35.915848 10.451031 0.875715 0.218585 -0.430515 0.646745 0.055653 1 0 1.000000
barracuda
  0 -19.482729 38.472588 9.376490 0.794598 0.359084 -0.489564 0.648754 0.056081 1 0 1.000000
  0 -18.180561 36.217163 11.053665 0.627158 0.649100 0.430514 0.646634 0.056182 1 0 1.000000
  0 -18.006594 35.915848 10.451031 0.875715 0.218585 -0.430515 0.646745 0.055653 1 0 1.000000
barracuda
  0 -19.543146 38.577232 10.061785 0.708274 0.508600 0.489564 0.648673 0.056483 1 0 1.000000
  0 -18.180561 36.217163 11.053665 0.627158 0.649100 0.430514 0.646634 0.056182 1 0 1.000000
  0 -19.482729 38.472588 9.376490 0.794598 0.359084 -0.489564 0.648754 0.056081 1 0 1.000000
barracuda
  0 -21.053596 41.193413 9.376482 0.708274 0.508600 -0.489565 0.650277 0.056383 1 0 1.000000
  0 -19.543146 38.577232 10.061785 0.708274 0.508600 0.489564 0.648673 0.056483 1 0 1.000000
  0 -19.482729 38.472588 9.376490 0.794598 0.359084 -0.489564 0.648754 0.056081 1 0 1.000000
barracuda
  0 -20.993177 41.088760 10.061785 0.798156 0.360992 0.482319 0.650226 0.056691 1 0 1.000000
  0 -19.543146 38.577232 10.061785 0.708274 0.508600 0.489564 0.648673 0.056483 1 0 1.000000
  0 -21.053596 41.193413 9.376482 0.708274 0.508600 -0.489565 0.650277 0.056383 1 0 1.000000
barracuda
  0 -22.529728 43.750145 10.451025 0.627157 0.649100 -0.430515 0.651459 0.056555 1 0 1.000000
  0 -20.993177 41.088760 10.061785 0.798156 0.360992 0.482319 0.650226 0.056691 1 0 1.000000
  0 -21.053596 41.193413 9.376482 0.708274 0.508600 -0.489565 0.650277 0.056383 1 0 1.000000
barracuda
  0 -23.733086 45.834419 12.470499 0.561031 0.763636 -0.319538 0.652370 0.056751 1 0 1.000000
  0 -22.355762 43.448830 11.053663 0.876508 0.212463 0.431964 0.651419 0.056792 1 0 1.000000
  0 -22.529728 43.750145 10.451025 0.627157 0.649100 -0.430515 0.651459 0.056555 1 0 1.000000
barracuda
  0 -22.355762 43.448830 11.053663 0.876508 0.212463 0.431964 0.651419 0.056792 1 0 1.000000
  0 -20.993177 41.088760 10.061785 0.798156 0.360992 0.482319 0.650226 0.056691 1 0 1.000000
  0 -22.529728 43.750145 10.451025 0.627157 0.649100 -0.430515 0.651459 0.056555 1 0 1.000000
barracuda
  0 -22.355762 43.448830 11.053663 0.876508 0.212463 0.431964 0.651419 0.056792 1 0 1.000000
  0 -21.484867 40.735123 10.404432 0.100882 -0.158286 0.982226 0.650198 0.057025 1 0 1.000000
  0 -20.993177 41.088760 10.061785 0.798156 0.360992 0.482319 0.650226 0.056691 1 0 1.000000
barracuda
  0 -21.484867 40.735123 10.404432 0.100882 -0.158286 0.982226 0.650198 0.057025 1 0 1.000000
  0 -20.095257 38.328232 10.404430 -0.086826 0.150383 0.984808 0.648621 0.056921 1 0 1.000000
  0 -20.993177 41.088760 10.061785 0.798156 0.360992 0.482319 0.650226 0.056691 1 0 1.000000
barracuda
  0 -20.993177 41.088760 10.061785 0.798156 0.360992 0.482319 0.650226 0.056691 1 0 1.000000
  0 -20.095257 38.328232 10.404430 -0.086826 0.150383 0.984808 0.648621 0.056921 1 0 1.000000
  0 -19.543146 38.577232 10.061785 0.708274 0.508600 0.489564 0.648673 0.056483 1 0 1.000000
barracuda
  0 -20.095257 38.328232 10.404430 -0.086826 0.150383 0.984808 0.648621 0.056921 1 0 1.000000
  0 -18.789446 36.066505 11.354990 -0.250002 0.433012 0.866025 0.646559 0.056759 1 0 1.000000
  0 -19.543146 38.577232 10.061785 0.708274 0.508600 0.489564 0.648673 0.056483 1 0 1.000000
barracuda
  0 -19.543146 38.577232 10.061785 0.708274 0.508600 0.489564 0.648673 0.056483 1 0 1.000000
  0 -18.789446 36.066505 11.354990 -0.250002 0.433012 0.866025 0.646559 0.056759 1 0 1.000000
  0 -18.180561 36.217163 11.053665 0.627158 0.649100 0.430514 0.646634 0.056182 1 0 1.000000
barracuda
  0 -18.789446 36.066505 11.354990 -0.250002 0.433012 0.866025 0.646559 0.056759 1 0 1.000000
  0 -17.724939 34.222725 13.141443 -0.380414 0.667633 0.639962 0.643852 0.056526 1 0 1.000000
  0 -18.180561 36.217163 11.053665 0.627158 0.649100 0.430514 0.646634 0.056182 1 0 1.000000
barracuda
  0 -18.180561 36.217163 11.053665 0.627158 0.649100 0.430514 0.646634 0.056182 1 0 1.000000
  0 -17.724939 34.222725 13.141443 -0.380414 0.667633 0.639962 0.643852 0.056526 1 0 1.000000
  0 -17.069773 34.293224 12.917789 0.564168 0.762598 0.316478 0.643958 0.055766 1 0 1.000000
barracuda
  0 -17.724939 34.222725 13.141443 -0.380414 0.667633 0.639962 0.643852 0.056526 1 0 1.000000
  0 -16.344755 33.037460 15.429316 0.501377 0.847965 0.171977 0.640461 0.055301 1 0 1.000000
  0 -17.069773 34.293224 12.917789 0.564168 0.762598 0.316478 0.643958 0.055766 1 0 1.000000
barracuda
  0 -17.069773 34.293224 12.917789 0.564168 0.762598 0.316478 0.643958 0.055766 1 0 1.000000
  0 -16.344755 33.037460 15.429316 0.501377 0.847965 0.171977 0.640461 0.055301 1 0 1.000000
  0 -16.803240 33.831573 12.470499 0.941843 0.104049 -0.319540 0.644100 0.055074 1 0 1.000000
barracuda
  0 -16.803240 33.831573 12.470499 0.941843 0.104049 -0.319540 0.644100 0.055074 1 0 1.000000
  0 -16.344755 33.037460 15.429316 0.501377 0.847965 0.171977 0.640461 0.055301 1 0 1.000000
  0 -16.017805 32.471169 15.191320 0.985004 0.029291 -0.170024 0.640646 0.054365 1 0 1.000000
barracuda
  0 -16.344755 33.037460 15.429316 0.501377 0.847965 0.171977 0.640461 0.055301 1 0 1.000000
  0 -16.092960 32.601337 18.285324 0.487697 0.873002 0.004333 0.635737 0.054611 1 0 1.000000
  0 -16.017805 32.471169 15.191320 0.985004 0.029291 -0.170024 0.640646 0.054365 1 0 1.000000
barracuda
  0 -16.017805 32.471169 15.191320 0.985004 0.029291 -0.170024 0.640646 0.054365 1 0 1.000000
  0 -16.092960 32.601337 18.285324 0.487697 0.873002 0.004333 0.635737 0.054611 1 0 1.000000
  0 -15.745028 31.998699 18.285324 0.999994 0.003328 0.000000 0.635857 0.053373 1 0 1.000000
barracuda
  0 -15.745028 31.998699 18.285324 0.999994 0.003328 0.000000 0.635857 0.053373 1 0 1.000000
  0 -16.344757 33.037460 21.141333 0.522575 0.836006 -0.167358 0.629725 0.054566 1 0 1.000000
  0 -16.017805 32.471169 21.379328 0.985005 0.029292 0.170023 0.629688 0.053237 1 0 1.000000
barracuda
  0 -16.092960 32.601337 18.285324 0.487697 0.873002 0.004333 0.635737 0.054611 1 0 1.000000
  0 -16.344757 33.037460 21.141333 0.522575 0.836006 -0.167358 0.629725 0.054566 1 0 1.000000
  0 -15.745028 31.998699 18.285324 0.999994 0.003328 0.000000 0.635857 0.053373 1 0 1.000000
barracuda
  0 -16.092960 32.601337 18.285324 0.487697 0.873002 0.004333 0.635737 0.054611 1 0 1.000000
  0 -17.030134 33.019287 21.022333 -0.465666 0.818013 -0.337653 0.629736 0.055959 1 0 1.000000
  0 -16.344757 33.037460 21.141333 0.522575 0.836006 -0.167358 0.629725 0.054566 1 0 1.000000
barracuda
  0 -16.787476 32.586578 17.967014 -0.351703 0.934936 -0.046893 0.636287 0.055940 1 0 1.000000
  0 -17.030134 33.019287 21.022333 -0.465666 0.818013 -0.337653 0.629736 0.055959 1 0 1.000000
  0 -16.092960 32.601337 18.285324 0.487697 0.873002 0.004333 0.635737 0.054611 1 0 1.000000
barracuda
  0 -16.344755 33.037460 15.429316 0.501377 0.847965 0.171977 0.640461 0.055301 1 0 1.000000
  0 -16.787476 32.586578 17.967014 -0.351703 0.934936 -0.046893 0.636287 0.055940 1 0 1.000000
  0 -16.092960 32.601337 18.285324 0.487697 0.873002 0.004333 0.635737 0.054611 1 0 1.000000
barracuda
  0 -16.977131 32.915070 15.815845 -0.315398 0.868372 0.382693 0.639943 0.056266 1 0 1.000000
  0 -16.787476 32.586578 17.967014 -0.351703 0.934936 -0.046893 0.636287 0.055940 1 0 1.000000
  0 -16.344755 33.037460 15.429316 0.501377 0.847965 0.171977 0.640461 0.055301 1 0 1.000000
barracuda
  0 -16.977131 32.915070 15.815845 -0.315398 0.868372 0.382693 0.639943 0.056266 1 0 1.000000
  0 -16.344755 33.037460 15.429316 0.501377 0.847965 0.171977 0.640461 0.055301 1 0 1.000000
  0 -17.724939 34.222725 13.141443 -0.380414 0.667633 0.639962 0.643852 0.056526 1 0 1.000000
barracuda
  0 -17.724939 34.222725 13.141443 -0.380414 0.667633 0.639962 0.643852 0.056526 1 0 1.000000
  0 -17.258835 32.455704 15.722313 -0.940679 -0.313194 0.130508 0.639858 0.057005 1 0 1.000000
  0 -16.977131 32.915070 15.815845 -0.315398 0.868372 0.382693 0.639943 0.056266 1 0 1.000000
barracuda
  0 -18.113573 33.690590 12.917788 -0.940200 -0.086303 0.329509 0.643825 0.057287 1 0 1.000000
  0 -17.258835 32.455704 15.722313 -0.940679 -0.313194 0.130508 0.639858 0.057005 1 0 1.000000
  0 -17.724939 34.222725 13.141443 -0.380414 0.667633 0.639962 0.643852 0.056526 1 0 1.000000
barracuda
  0 -18.789446 36.066505 11.354990 -0.250002 0.433012 0.866025 0.646559 0.056759 1 0 1.000000
  0 -18.113573 33.690590 12.917788 -0.940200 -0.086303 0.329509 0.643825 0.057287 1 0 1.000000
  0 -17.724939 34.222725 13.141443 -0.380414 0.667633 0.639962 0.643852 0.056526 1 0 1.000000
barracuda
  0 -19.224361 35.614532 11.053663 -0.875716 -0.218585 0.430514 0.646538 0.057342 1 0 1.000000
  0 -18.113573 33.690590 12.917788 -0.940200 -0.086303 0.329509 0.643825 0.057287 1 0 1.000000
  0 -18.789446 36.066505 11.354990 -0.250002 0.433012 0.866025 0.646559 0.056759 1 0 1.000000
barracuda
  0 -20.095257 38.328232 10.404430 -0.086826 0.150383 0.984808 0.648621 0.056921 1 0 1.000000
  0 -19.224361 35.614532 11.053663 -0.875716 -0.218585 0.430514 0.646538 0.057342 1 0 1.000000
  0 -18.789446 36.066505 11.354990 -0.250002 0.433012 0.866025 0.646559 0.056759 1 0 1.000000
barracuda
  0 -20.586945 37.974594 10.061783 -0.794598 -0.359083 0.489564 0.648609 0.057365 1 0 1.000000
  0 -19.224361 35.614532 11.053663 -0.875716 -0.218585 0.430514 0.646538 0.057342 1 0 1.000000
  0 -20.095257 38.328232 10.404430 -0.086826 0.150383 0.984808 0.648621 0.056921 1 0 1.000000
barracuda
  0 -21.484867 40.735123 10.404432 0.100882 -0.158286 0.982226 0.650198 0.057025 1 0 1.000000
  0 -20.586945 37.974594 10.061783 -0.794598 -0.359083 0.489564 0.648609 0.057365 1 0 1.000000
  0 -20.095257 38.328232 10.404430 -0.086826 0.150383 0.984808 0.648621 0.056921 1 0 1.000000
barracuda
  0 -22.036978 40.486126 10.061783 -0.699891 -0.518366 0.491375 0.650193 0.057364 1 0 1.000000
  0 -20.586945 37.974594 10.061783 -0.794598 -0.359083 0.489564 0.648609 0.057365 1 0 1.000000
  0 -21.484867 40.735123 10.404432 0.100882 -0.158286 0.982226 0.650198 0.057025 1 0 1.000000
barracuda
  0 -22.036978 40.486126 10.061783 -0.699891 -0.518366 0.491375 0.650193 0.057364 1 0 1.000000
  0 -21.484867 40.735123 10.404432 0.100882 -0.158286 0.982226 0.650198 0.057025 1 0 1.000000
  0 -23.458378 43.029869 11.314638 -0.739086 -0.589639 0.325695 0.651510 0.057318 1 0 1.000000
barracuda
  0 -23.458378 43.029869 11.314638 -0.739086 -0.589639 0.325695 0.651510 0.057318 1 0 1.000000
  0 -21.484867 40.735123 10.404432 0.100882 -0.158286 0.982226 0.650198 0.057025 1 0 1.000000
  0 -22.979822 43.148285 11.551466 0.387754 -0.308094 0.868749 0.651499 0.057097 1 0 1.000000
barracuda
  0 -22.979822 43.148285 11.551466 0.387754 -0.308094 0.868749 0.651499 0.057097 1 0 1.000000
  0 -21.484867 40.735123 10.404432 0.100882 -0.158286 0.982226 0.650198 0.057025 1 0 1.000000
  0 -22.355762 43.448830 11.053663 0.876508 0.212463 0.431964 0.651419 0.056792 1 0 1.000000
barracuda
  0 -17.060934 32.112930 17.967014 -0.957009 -0.285032 -0.053757 0.636251 0.057030 1 0 1.000000
  0 -17.030134 33.019287 21.022333 -0.465666 0.818013 -0.337653 0.629736 0.055959 1 0 1.000000
  0 -16.787476 32.586578 17.967014 -0.351703 0.934936 -0.046893 0.636287 0.055940 1 0 1.000000
barracuda
  0 -24.791298 46.462021 18.285326 0.499999 -0.866026 0.000000 0.653534 0.057126 1 0 1.000000
  0 -24.549995 46.044071 15.548321 0.474372 -0.805516 0.355128 0.653004 0.057142 1 0 1.000000
  0 -24.443365 47.064659 18.285326 0.999994 0.003328 0.000001 0.653532 0.057014 1 0 1.000000
barracuda
  0 -24.791298 46.462021 18.285326 0.499999 -0.866026 0.000000 0.653534 0.057126 1 0 1.000000
  0 -25.235371 46.025898 15.429317 -0.515986 -0.836881 0.182724 0.653011 0.057291 1 0 1.000000
  0 -24.549995 46.044071 15.548321 0.474372 -0.805516 0.355128 0.653004 0.057142 1 0 1.000000
barracuda
  0 -25.235371 46.025898 15.429317 -0.515986 -0.836881 0.182724 0.653011 0.057291 1 0 1.000000
  0 -24.331411 44.542007 12.779762 -0.661478 -0.724056 0.195421 0.652231 0.057292 1 0 1.000000
  0 -24.549995 46.044071 15.548321 0.474372 -0.805516 0.355128 0.653004 0.057142 1 0 1.000000
barracuda
  0 -25.235371 46.025898 15.429317 -0.515986 -0.836881 0.182724 0.653011 0.057291 1 0 1.000000
  0 -24.776884 45.231781 12.470497 -0.943485 -0.120047 -0.308910 0.652329 0.057506 1 0 1.000000
  0 -24.331411 44.542007 12.779762 -0.661478 -0.724056 0.195421 0.652231 0.057292 1 0 1.000000
barracuda
  0 -24.776884 45.231781 12.470497 -0.943485 -0.120047 -0.308910 0.652329 0.057506 1 0 1.000000
  0 -23.458378 43.029869 11.314638 -0.739086 -0.589639 0.325695 0.651510 0.057318 1 0 1.000000
  0 -24.331411 44.542007 12.779762 -0.661478 -0.724056 0.195421 0.652231 0.057292 1 0 1.000000
barracuda
  0 -23.573530 43.147507 10.451023 -0.879768 -0.230399 -0.415841 0.651426 0.057612 1 0 1.000000
  0 -23.458378 43.029869 11.314638 -0.739086 -0.589639 0.325695 0.651510 0.057318 1 0 1.000000
  0 -24.776884 45.231781 12.470497 -0.943485 -0.120047 -0.308910 0.652329 0.057506 1 0 1.000000
barracuda
  0 -23.573530 43.147507 10.451023 -0.879768 -0.230399 -0.415841 0.651426 0.057612 1 0 1.000000
  0 -22.036978 40.486126 10.061783 -0.699891 -0.518366 0.491375 0.650193 0.057364 1 0 1.000000
  0 -23.458378 43.029869 11.314638 -0.739086 -0.589639 0.325695 0.651510 0.057318 1 0 1.000000
barracuda
  0 -22.097397 40.590771 9.376492 -0.797079 -0.361235 -0.483915 0.650207 0.057679 1 0 1.000000
  0 -22.036978 40.486126 10.061783 -0.699891 -0.518366 0.491375 0.650193 0.057364 1 0 1.000000
  0 -23.573530 43.147507 10.451023 -0.879768 -0.230399 -0.415841 0.651426 0.057612 1 0 1.000000
barracuda
  0 -22.097397 40.590771 9.376492 -0.797079 -0.361235 -0.483915 0.650207 0.057679 1 0 1.000000
  0 -20.526531 37.869946 9.376492 -0.708277 -0.508601 -0.489560 0.648630 0.057779 1 0 1.000000
  0 -22.036978 40.486126 10.061783 -0.699891 -0.518366 0.491375 0.650193 0.057364 1 0 1.000000
barracuda
  0 -22.036978 40.486126 10.061783 -0.699891 -0.518366 0.491375 0.650193 0.057364 1 0 1.000000
  0 -20.526531 37.869946 9.376492 -0.708277 -0.508601 -0.489560 0.648630 0.057779 1 0 1.000000
  0 -20.586945 37.974594 10.061783 -0.794598 -0.359083 0.489564 0.648609 0.057365 1 0 1.000000
barracuda
  0 -20.526531 37.869946 9.376492 -0.708277 -0.508601 -0.489560 0.648630 0.057779 1 0 1.000000
  0 -19.050394 35.313210 10.451031 -0.627159 -0.649100 -0.430513 0.646560 0.057885 1 0 1.000000
  0 -20.586945 37.974594 10.061783 -0.794598 -0.359083 0.489564 0.648609 0.057365 1 0 1.000000
barracuda
  0 -20.586945 37.974594 10.061783 -0.794598 -0.359083 0.489564 0.648609 0.057365 1 0 1.000000
  0 -19.050394 35.313210 10.451031 -0.627159 -0.649100 -0.430513 0.646560 0.057885 1 0 1.000000
  0 -19.224361 35.614532 11.053663 -0.875716 -0.218585 0.430514 0.646538 0.057342 1 0 1.000000
barracuda
  0 -19.050394 35.313210 10.451031 -0.627159 -0.649100 -0.430513 0.646560 0.057885 1 0 1.000000
  0 -17.847038 33.228935 12.470497 -0.576013 -0.757492 -0.307271 0.643852 0.058000 1 0 1.000000
  0 -19.224361 35.614532 11.053663 -0.875716 -0.218585 0.430514 0.646538 0.057342 1 0 1.000000
barracuda
  0 -19.224361 35.614532 11.053663 -0.875716 -0.218585 0.430514 0.646538 0.057342 1 0 1.000000
  0 -17.847038 33.228935 12.470497 -0.576013 -0.757492 -0.307271 0.643852 0.058000 1 0 1.000000
  0 -18.113573 33.690590 12.917788 -0.940200 -0.086303 0.329509 0.643825 0.057287 1 0 1.000000
barracuda
  0 -17.847038 33.228935 12.470497 -0.576013 -0.757492 -0.307271 0.643852 0.058000 1 0 1.000000
  0 -17.061605 31.868525 15.191322 -0.568843 -0.808475 -0.150948 0.640270 0.058033 1 0 1.000000
  0 -18.113573 33.690590 12.917788 -0.940200 -0.086303 0.329509 0.643825 0.057287 1 0 1.000000
barracuda
  0 -18.113573 33.690590 12.917788 -0.940200 -0.086303 0.329509 0.643825 0.057287 1 0 1.000000
  0 -17.061605 31.868525 15.191322 -0.568843 -0.808475 -0.150948 0.640270 0.058033 1 0 1.000000
  0 -17.258835 32.455704 15.722313 -0.940679 -0.313194 0.130508 0.639858 0.057005 1 0 1.000000
barracuda
  0 -17.061605 31.868525 15.191322 -0.568843 -0.808475 -0.150948 0.640270 0.058033 1 0 1.000000
  0 -17.060934 32.112930 17.967014 -0.957009 -0.285032 -0.053757 0.636251 0.057030 1 0 1.000000
  0 -17.258835 32.455704 15.722313 -0.940679 -0.313194 0.130508 0.639858 0.057005 1 0 1.000000
barracuda
  0 -24.549995 46.044071 15.548321 0.474372 -0.805516 0.355128 0.653004 0.057142 1 0 1.000000
  0 -24.331411 44.542007 12.779762 -0.661478 -0.724056 0.195421 0.652231 0.057292 1 0 1.000000
  0 -23.816479 44.597412 12.955544 0.545063 -0.581008 0.604430 0.652237 0.057150 1 0 1.000000
barracuda
  0 -24.549995 46.044067 21.022331 0.469845 -0.813799 -0.342019 0.653941 0.057086 1 0 1.000000
  0 -25.487164 46.462021 18.285326 -0.502879 -0.864357 0.000000 0.653546 0.057241 1 0 1.000000
  0 -24.791298 46.462021 18.285326 0.499999 -0.866026 0.000000 0.653534 0.057126 1 0 1.000000
barracuda
  0 -25.487164 46.462021 18.285326 -0.502879 -0.864357 0.000000 0.653546 0.057241 1 0 1.000000
  0 -25.235371 46.025898 15.429317 -0.515986 -0.836881 0.182724 0.653011 0.057291 1 0 1.000000
  0 -24.791298 46.462021 18.285326 0.499999 -0.866026 0.000000 0.653534 0.057126 1 0 1.000000
barracuda
  0 -25.487164 46.462021 18.285326 -0.502879 -0.864357 0.000000 0.653546 0.057241 1 0 1.000000
  0 -25.562317 46.592194 15.191315 -0.985069 -0.035633 -0.168429 0.653032 0.057432 1 0 1.000000
  0 -25.235371 46.025898 15.429317 -0.515986 -0.836881 0.182724 0.653011 0.057291 1 0 1.000000
barracuda
  0 -25.562317 46.592194 15.191315 -0.985069 -0.035633 -0.168429 0.653032 0.057432 1 0 1.000000
  0 -24.776884 45.231781 12.470497 -0.943485 -0.120047 -0.308910 0.652329 0.057506 1 0 1.000000
  0 -25.235371 46.025898 15.429317 -0.515986 -0.836881 0.182724 0.653011 0.057291 1 0 1.000000
barracuda
  0 -24.443365 47.064659 18.285326 0.999994 0.003328 0.000001 0.653532 0.057014 1 0 1.000000
  0 -24.549995 46.044071 15.548321 0.474372 -0.805516 0.355128 0.653004 0.057142 1 0 1.000000
  0 -24.191568 46.628536 15.429317 0.984923 0.037341 0.168914 0.653014 0.056994 1 0 1.000000
barracuda
  0 -24.549995 46.044071 15.548321 0.474372 -0.805516 0.355128 0.653004 0.057142 1 0 1.000000
  0 -23.466553 45.372768 12.917791 0.940009 0.102320 0.325444 0.652337 0.056930 1 0 1.000000
  0 -24.191568 46.628536 15.429317 0.984923 0.037341 0.168914 0.653014 0.056994 1 0 1.000000
barracuda
  0 -23.816479 44.597412 12.955544 0.545063 -0.581008 0.604430 0.652237 0.057150 1 0 1.000000
  0 -23.466553 45.372768 12.917791 0.940009 0.102320 0.325444 0.652337 0.056930 1 0 1.000000
  0 -24.549995 46.044071 15.548321 0.474372 -0.805516 0.355128 0.653004 0.057142 1 0 1.000000
barracuda
  0 -23.816479 44.597412 12.955544 0.545063 -0.581008 0.604430 0.652237 0.057150 1 0 1.000000
  0 -22.979822 43.148285 11.551466 0.387754 -0.308094 0.868749 0.651499 0.057097 1 0 1.000000
  0 -23.466553 45.372768 12.917791 0.940009 0.102320 0.325444 0.652337 0.056930 1 0 1.000000
barracuda
  0 -23.466553 45.372768 12.917791 0.940009 0.102320 0.325444 0.652337 0.056930 1 0 1.000000
  0 -22.979822 43.148285 11.551466 0.387754 -0.308094 0.868749 0.651499 0.057097 1 0 1.000000
  0 -22.355762 43.448830 11.053663 0.876508 0.212463 0.431964 0.651419 0.056792 1 0 1.000000
barracuda
  0 -23.466553 45.372768 12.917791 0.940009 0.102320 0.325444 0.652337 0.056930 1 0 1.000000
  0 -22.355762 43.448830 11.053663 0.876508 0.212463 0.431964 0.651419 0.056792 1 0 1.000000
  0 -23.733086 45.834419 12.470499 0.561031 0.763636 -0.319538 0.652370 0.056751 1 0 1.000000
barracuda
  0 -24.518520 47.194832 15.191315 0.517867 0.838395 -0.170023 0.653031 0.056861 1 0 1.000000
  0 -23.466553 45.372768 12.917791 0.940009 0.102320 0.325444 0.652337 0.056930 1 0 1.000000
  0 -23.733086 45.834419 12.470499 0.561031 0.763636 -0.319538 0.652370 0.056751 1 0 1.000000
barracuda
  0 -24.191568 46.628536 15.429317 0.984923 0.037341 0.168914 0.653014 0.056994 1 0 1.000000
  0 -23.466553 45.372768 12.917791 0.940009 0.102320 0.325444 0.652337 0.056930 1 0 1.000000
  0 -24.518520 47.194832 15.191315 0.517867 0.838395 -0.170023 0.653031 0.056861 1 0 1.000000
barracuda
  0 -24.791298 47.667297 18.285324 0.502879 0.864357 0.000000 0.653538 0.056912 1 0 1.000000
  0 -24.191568 46.628536 15.429317 0.984923 0.037341 0.168914 0.653014 0.056994 1 0 1.000000
  0 -24.518520 47.194832 15.191315 0.517867 0.838395 -0.170023 0.653031 0.056861 1 0 1.000000
barracuda
  0 -24.443365 47.064659 18.285326 0.999994 0.003328 0.000001 0.653532 0.057014 1 0 1.000000
  0 -24.191568 46.628536 15.429317 0.984923 0.037341 0.168914 0.653014 0.056994 1 0 1.000000
  0 -24.791298 47.667297 18.285324 0.502879 0.864357 0.000000 0.653538 0.056912 1 0 1.000000
barracuda
  0 -24.518520 47.194828 21.379330 0.517872 0.838392 0.170023 0.653931 0.056918 1 0 1.000000
  0 -24.443365 47.064659 18.285326 0.999994 0.003328 0.000001 0.653532 0.057014 1 0 1.000000
  0 -24.791298 47.667297 18.285324 0.502879 0.864357 0.000000 0.653538 0.056912 1 0 1.000000
barracuda
  0 -25.835100 47.064659 18.285324 -0.999994 -0.003329 -0.000001 0.653565 0.057348 1 0 1.000000
  0 -25.562317 46.592194 15.191315 -0.985069 -0.035633 -0.168429 0.653032 0.057432 1 0 1.000000
  0 -25.487164 46.462021 18.285326 -0.502879 -0.864357 0.000000 0.653546 0.057241 1 0 1.000000
barracuda
  0 -25.235371 46.025898 21.141331 -0.517870 -0.838393 -0.170021 0.653957 0.057175 1 0 1.000000
  0 -25.835100 47.064659 18.285324 -0.999994 -0.003329 -0.000001 0.653565 0.057348 1 0 1.000000
  0 -25.487164 46.462021 18.285326 -0.502879 -0.864357 0.000000 0.653546 0.057241 1 0 1.000000
barracuda
  0 -25.235371 46.025898 21.141331 -0.517870 -0.838393 -0.170021 0.653957 0.057175 1 0 1.000000
  0 -25.487164 46.462021 18.285326 -0.502879 -0.864357 0.000000 0.653546 0.057241 1 0 1.000000
  0 -24.549995 46.044067 21.022331 0.469845 -0.813799 -0.342019 0.653941 0.057086 1 0 1.000000
barracuda
  0 -23.855188 44.840626 23.429213 0.372799 -0.667698 -0.644361 0.654263 0.057029 1 0 1.000000
  0 -25.235371 46.025898 21.141331 -0.517870 -0.838393 -0.170021 0.653957 0.057175 1 0 1.000000
  0 -24.549995 46.044067 21.022331 0.469845 -0.813799 -0.342019 0.653941 0.057086 1 0 1.000000
barracuda
  0 -24.510353 44.770134 23.652864 -0.560994 -0.761985 -0.323518 0.654281 0.057100 1 0 1.000000
  0 -25.235371 46.025898 21.141331 -0.517870 -0.838393 -0.170021 0.653957 0.057175 1 0 1.000000
  0 -23.855188 44.840626 23.429213 0.372799 -0.667698 -0.644361 0.654263 0.057029 1 0 1.000000
barracuda
  0 -22.747541 42.691277 25.472387 0.344148 -0.425720 -0.836854 0.654559 0.056958 1 0 1.000000
  0 -24.510353 44.770134 23.652864 -0.560994 -0.761985 -0.323518 0.654281 0.057100 1 0 1.000000
  0 -23.855188 44.840626 23.429213 0.372799 -0.667698 -0.644361 0.654263 0.057029 1 0 1.000000
barracuda
  0 -23.226099 42.572861 25.709211 -0.708564 -0.654171 -0.264570 0.654578 0.057006 1 0 1.000000
  0 -24.510353 44.770134 23.652864 -0.560994 -0.761985 -0.323518 0.654281 0.057100 1 0 1.000000
  0 -22.747541 42.691277 25.472387 0.344148 -0.425720 -0.836854 0.654559 0.056958 1 0 1.000000
barracuda
  0 -25.562317 46.592190 21.379330 -0.985004 -0.029294 0.170023 0.653977 0.057259 1 0 1.000000
  0 -25.835100 47.064659 18.285324 -0.999994 -0.003329 -0.000001 0.653565 0.057348 1 0 1.000000
  0 -25.235371 46.025898 21.141331 -0.517870 -0.838393 -0.170021 0.653957 0.057175 1 0 1.000000
barracuda
  0 -24.510353 44.770134 23.652864 -0.560994 -0.761985 -0.323518 0.654281 0.057100 1 0 1.000000
  0 -25.562317 46.592190 21.379330 -0.985004 -0.029294 0.170023 0.653977 0.057259 1 0 1.000000
  0 -25.235371 46.025898 21.141331 -0.517870 -0.838393 -0.170021 0.653957 0.057175 1 0 1.000000
barracuda
  0 -24.776886 45.231785 24.100155 -0.942025 -0.106023 0.318351 0.654301 0.057166 1 0 1.000000
  0 -25.562317 46.592190 21.379330 -0.985004 -0.029294 0.170023 0.653977 0.057259 1 0 1.000000
  0 -24.510353 44.770134 23.652864 -0.560994 -0.761985 -0.323518 0.654281 0.057100 1 0 1.000000
barracuda
  0 -24.776886 45.231785 24.100155 -0.942025 -0.106023 0.318351 0.654301 0.057166 1 0 1.000000
  0 -24.510353 44.770134 23.652864 -0.560994 -0.761985 -0.323518 0.654281 0.057100 1 0 1.000000
  0 -23.573532 43.147507 26.119621 -0.877346 -0.223258 0.424758 0.654568 0.057072 1 0 1.000000
barracuda
  0 -23.573532 43.147507 26.119621 -0.877346 -0.223258 0.424758 0.654568 0.057072 1 0 1.000000
  0 -24.510353 44.770134 23.652864 -0.560994 -0.761985 -0.323518 0.654281 0.057100 1 0 1.000000
  0 -23.226099 42.572861 25.709211 -0.708564 -0.654171 -0.264570 0.654578 0.057006 1 0 1.000000
barracuda
  0 -23.573532 43.147507 26.119621 -0.877346 -0.223258 0.424758 0.654568 0.057072 1 0 1.000000
  0 -23.226099 42.572861 25.709211 -0.708564 -0.654171 -0.264570 0.654578 0.057006 1 0 1.000000
  0 -22.097397 40.590771 27.194164 -0.797289 -0.362016 0.482986 0.654791 0.056978 1 0 1.000000
barracuda
  0 -22.097397 40.590771 27.194164 -0.797289 -0.362016 0.482986 0.654791 0.056978 1 0 1.000000
  0 -23.226099 42.572861 25.709211 -0.708564 -0.654171 -0.264570 0.654578 0.057006 1 0 1.000000
  0 -22.155167 40.717949 26.488785 -0.812991 -0.473246 -0.339239 0.654754 0.056938 1 0 1.000000
barracuda
  0 -20.586946 37.974598 26.508869 -0.793367 -0.358949 -0.491654 0.654971 0.056847 1 0 1.000000
  0 -22.097397 40.590771 27.194164 -0.797289 -0.362016 0.482986 0.654791 0.056978 1 0 1.000000
  0 -22.155167 40.717949 26.488785 -0.812991 -0.473246 -0.339239 0.654754 0.056938 1 0 1.000000
barracuda
  0 -22.155167 40.717949 26.488785 -0.812991 -0.473246 -0.339239 0.654754 0.056938 1 0 1.000000
  0 -21.721230 40.913647 26.219486 0.125109 -0.063042 -0.990138 0.654740 0.056898 1 0 1.000000
  0 -20.586946 37.974598 26.508869 -0.793367 -0.358949 -0.491654 0.654971 0.056847 1 0 1.000000
barracuda
  0 -20.586946 37.974598 26.508869 -0.793367 -0.358949 -0.491654 0.654971 0.056847 1 0 1.000000
  0 -21.721230 40.913647 26.219486 0.125109 -0.063042 -0.990138 0.654740 0.056898 1 0 1.000000
  0 -20.095257 38.328239 26.166222 -0.102853 0.143530 -0.984287 0.654950 0.056801 1 0 1.000000
barracuda
  0 -21.721230 40.913647 26.219486 0.125109 -0.063042 -0.990138 0.654740 0.056898 1 0 1.000000
  0 -20.993179 41.088764 26.508867 0.764611 0.330720 -0.553167 0.654737 0.056835 1 0 1.000000
  0 -20.095257 38.328239 26.166222 -0.102853 0.143530 -0.984287 0.654950 0.056801 1 0 1.000000
barracuda
  0 -21.721230 40.913647 26.219486 0.125109 -0.063042 -0.990138 0.654740 0.056898 1 0 1.000000
  0 -22.747541 42.691277 25.472387 0.344148 -0.425720 -0.836854 0.654559 0.056958 1 0 1.000000
  0 -20.993179 41.088764 26.508867 0.764611 0.330720 -0.553167 0.654737 0.056835 1 0 1.000000
barracuda
  0 -20.993179 41.088764 26.508867 0.764611 0.330720 -0.553167 0.654737 0.056835 1 0 1.000000
  0 -22.747541 42.691277 25.472387 0.344148 -0.425720 -0.836854 0.654559 0.056958 1 0 1.000000
  0 -22.355764 43.448826 25.516989 0.858403 0.175155 -0.482146 0.654510 0.056900 1 0 1.000000
barracuda
  0 -22.747541 42.691277 25.472387 0.344148 -0.425720 -0.836854 0.654559 0.056958 1 0 1.000000
  0 -23.855188 44.840626 23.429213 0.372799 -0.667698 -0.644361 0.654263 0.057029 1 0 1.000000
  0 -22.355764 43.448826 25.516989 0.858403 0.175155 -0.482146 0.654510 0.056900 1 0 1.000000
barracuda
  0 -22.355764 43.448826 25.516989 0.858403 0.175155 -0.482146 0.654510 0.056900 1 0 1.000000
  0 -23.855188 44.840626 23.429213 0.372799 -0.667698 -0.644361 0.654263 0.057029 1 0 1.000000
  0 -23.466555 45.372772 23.652863 0.941334 0.093778 -0.324186 0.654250 0.056959 1 0 1.000000
barracuda
  0 -23.855188 44.840626 23.429213 0.372799 -0.667698 -0.644361 0.654263 0.057029 1 0 1.000000
  0 -24.549995 46.044067 21.022331 0.469845 -0.813799 -0.342019 0.653941 0.057086 1 0 1.000000
  0 -23.466555 45.372772 23.652863 0.941334 0.093778 -0.324186 0.654250 0.056959 1 0 1.000000
barracuda
  0 -23.466555 45.372772 23.652863 0.941334 0.093778 -0.324186 0.654250 0.056959 1 0 1.000000
  0 -24.549995 46.044067 21.022331 0.469845 -0.813799 -0.342019 0.653941 0.057086 1 0 1.000000
  0 -24.191570 46.628536 21.141331 0.985005 0.029292 -0.170023 0.653933 0.056998 1 0 1.000000
barracuda
  0 -24.549995 46.044067 21.022331 0.469845 -0.813799 -0.342019 0.653941 0.057086 1 0 1.000000
  0 -24.791298 46.462021 18.285326 0.499999 -0.866026 0.000000 0.653534 0.057126 1 0 1.000000
  0 -24.191570 46.628536 21.141331 0.985005 0.029292 -0.170023 0.653933 0.056998 1 0 1.000000
barracuda
  0 -20.526529 37.869946 27.194164 -0.709558 -0.508768 0.487526 0.654992 0.056890 1 0 1.000000
  0 -22.097397 40.590771 27.194164 -0.797289 -0.362016 0.482986 0.654791 0.056978 1 0 1.000000
  0 -20.586946 37.974598 26.508869 -0.793367 -0.358949 -0.491654 0.654971 0.056847 1 0 1.000000
barracuda
  0 -20.095257 38.328239 26.166222 -0.102853 0.143530 -0.984287 0.654950 0.056801 1 0 1.000000
  0 -20.993179 41.088764 26.508867 0.764611 0.330720 -0.553167 0.654737 0.056835 1 0 1.000000
  0 -19.543146 38.577229 26.508871 0.697857 0.509181 -0.503716 0.654931 0.056755 1 0 1.000000
barracuda
  0 -19.050398 35.313210 26.119629 -0.627158 -0.649100 0.430514 0.655177 0.056795 1 0 1.000000
  0 -20.526529 37.869946 27.194164 -0.709558 -0.508768 0.487526 0.654992 0.056890 1 0 1.000000
  0 -19.224363 35.614529 25.516987 -0.875715 -0.218585 -0.430515 0.655149 0.056758 1 0 1.000000
barracuda
  0 -19.224363 35.614529 25.516987 -0.875715 -0.218585 -0.430515 0.655149 0.056758 1 0 1.000000
  0 -20.526529 37.869946 27.194164 -0.709558 -0.508768 0.487526 0.654992 0.056890 1 0 1.000000
  0 -20.586946 37.974598 26.508869 -0.793367 -0.358949 -0.491654 0.654971 0.056847 1 0 1.000000
barracuda
  0 -19.224363 35.614529 25.516987 -0.875715 -0.218585 -0.430515 0.655149 0.056758 1 0 1.000000
  0 -20.586946 37.974598 26.508869 -0.793367 -0.358949 -0.491654 0.654971 0.056847 1 0 1.000000
  0 -18.789448 36.066509 25.215662 -0.250001 0.433013 -0.866025 0.655125 0.056720 1 0 1.000000
barracuda
  0 -18.789448 36.066509 25.215662 -0.250001 0.433013 -0.866025 0.655125 0.056720 1 0 1.000000
  0 -20.586946 37.974598 26.508869 -0.793367 -0.358949 -0.491654 0.654971 0.056847 1 0 1.000000
  0 -20.095257 38.328239 26.166222 -0.102853 0.143530 -0.984287 0.654950 0.056801 1 0 1.000000
barracuda
  0 -18.789448 36.066509 25.215662 -0.250001 0.433013 -0.866025 0.655125 0.056720 1 0 1.000000
  0 -20.095257 38.328239 26.166222 -0.102853 0.143530 -0.984287 0.654950 0.056801 1 0 1.000000
  0 -18.180563 36.217167 25.516985 0.627158 0.649100 -0.430513 0.655110 0.056678 1 0 1.000000
barracuda
  0 -18.180563 36.217167 25.516985 0.627158 0.649100 -0.430513 0.655110 0.056678 1 0 1.000000
  0 -20.095257 38.328239 26.166222 -0.102853 0.143530 -0.984287 0.654950 0.056801 1 0 1.000000
  0 -19.543146 38.577229 26.508871 0.697857 0.509181 -0.503716 0.654931 0.056755 1 0 1.000000
barracuda
  0 -18.180563 36.217167 25.516985 0.627158 0.649100 -0.430513 0.655110 0.056678 1 0 1.000000
  0 -19.543146 38.577229 26.508871 0.697857 0.509181 -0.503716 0.654931 0.056755 1 0 1.000000
  0 -18.006596 35.915848 26.119631 0.875715 0.218584 0.430517 0.655100 0.056634 1 0 1.000000
barracuda
  0 -18.006596 35.915848 26.119631 0.875715 0.218584 0.430517 0.655100 0.056634 1 0 1.000000
  0 -19.543146 38.577229 26.508871 0.697857 0.509181 -0.503716 0.654931 0.056755 1 0 1.000000
  0 -19.482731 38.472584 27.194166 0.794597 0.359083 0.489566 0.654913 0.056712 1 0 1.000000
barracuda
  0 -19.543146 38.577229 26.508871 0.697857 0.509181 -0.503716 0.654931 0.056755 1 0 1.000000
  0 -20.993179 41.088764 26.508867 0.764611 0.330720 -0.553167 0.654737 0.056835 1 0 1.000000
  0 -19.482731 38.472584 27.194166 0.794597 0.359083 0.489566 0.654913 0.056712 1 0 1.000000
barracuda
  0 -19.482731 38.472584 27.194166 0.794597 0.359083 0.489566 0.654913 0.056712 1 0 1.000000
  0 -20.993179 41.088764 26.508867 0.764611 0.330720 -0.553167 0.654737 0.056835 1 0 1.000000
  0 -21.053596 41.193409 27.194162 0.708274 0.508600 0.489565 0.654722 0.056788 1 0 1.000000
barracuda
  0 -20.993179 41.088764 26.508867 0.764611 0.330720 -0.553167 0.654737 0.056835 1 0 1.000000
  0 -22.355764 43.448826 25.516989 0.858403 0.175155 -0.482146 0.654510 0.056900 1 0 1.000000
  0 -21.053596 41.193409 27.194162 0.708274 0.508600 0.489565 0.654722 0.056788 1 0 1.000000
barracuda
  0 -21.053596 41.193409 27.194162 0.708274 0.508600 0.489565 0.654722 0.056788 1 0 1.000000
  0 -22.355764 43.448826 25.516989 0.858403 0.175155 -0.482146 0.654510 0.056900 1 0 1.000000
  0 -22.529732 43.750153 26.119627 0.627158 0.649100 0.430515 0.654498 0.056846 1 0 1.000000
barracuda
  0 -22.355764 43.448826 25.516989 0.858403 0.175155 -0.482146 0.654510 0.056900 1 0 1.000000
  0 -23.466555 45.372772 23.652863 0.941334 0.093778 -0.324186 0.654250 0.056959 1 0 1.000000
  0 -22.529732 43.750153 26.119627 0.627158 0.649100 0.430515 0.654498 0.056846 1 0 1.000000
barracuda
  0 -22.529732 43.750153 26.119627 0.627158 0.649100 0.430515 0.654498 0.056846 1 0 1.000000
  0 -23.466555 45.372772 23.652863 0.941334 0.093778 -0.324186 0.654250 0.056959 1 0 1.000000
  0 -23.733086 45.834415 24.100157 0.561033 0.763634 0.319538 0.654241 0.056894 1 0 1.000000
barracuda
  0 -23.466555 45.372772 23.652863 0.941334 0.093778 -0.324186 0.654250 0.056959 1 0 1.000000
  0 -24.191570 46.628536 21.141331 0.985005 0.029292 -0.170023 0.653933 0.056998 1 0 1.000000
  0 -23.733086 45.834415 24.100157 0.561033 0.763634 0.319538 0.654241 0.056894 1 0 1.000000
barracuda
  0 -23.733086 45.834415 24.100157 0.561033 0.763634 0.319538 0.654241 0.056894 1 0 1.000000
  0 -24.191570 46.628536 21.141331 0.985005 0.029292 -0.170023 0.653933 0.056998 1 0 1.000000
  0 -24.518520 47.194828 21.379330 0.517872 0.838392 0.170023 0.653931 0.056918 1 0 1.000000
barracuda
  0 -24.191570 46.628536 21.141331 0.985005 0.029292 -0.170023 0.653933 0.056998 1 0 1.000000
  0 -24.443365 47.064659 18.285326 0.999994 0.003328 0.000001 0.653532 0.057014 1 0 1.000000
  0 -24.518520 47.194828 21.379330 0.517872 0.838392 0.170023 0.653931 0.056918 1 0 1.000000
barracuda
  0 -24.191570 46.628536 21.141331 0.985005 0.029292 -0.170023 0.653933 0.056998 1 0 1.000000
  0 -24.791298 46.462021 18.285326 0.499999 -0.866026 0.000000 0.653534 0.057126 1 0 1.000000
  0 -24.443365 47.064659 18.285326 0.999994 0.003328 0.000001 0.653532 0.057014 1 0 1.000000
barracuda
  0 -18.441513 35.463867 26.420944 0.250000 -0.433013 0.866025 0.655202 0.056834 1 0 1.000000
  0 -19.974421 38.118942 27.536814 0.086824 -0.150384 0.984808 0.655012 0.056931 1 0 1.000000
  0 -19.050398 35.313210 26.119629 -0.627158 -0.649100 0.430514 0.655177 0.056795 1 0 1.000000
barracuda
  0 -19.050398 35.313210 26.119629 -0.627158 -0.649100 0.430514 0.655177 0.056795 1 0 1.000000
  0 -19.974421 38.118942 27.536814 0.086824 -0.150384 0.984808 0.655012 0.056931 1 0 1.000000
  0 -20.526529 37.869946 27.194164 -0.709558 -0.508768 0.487526 0.654992 0.056890 1 0 1.000000
barracuda
  0 -19.974421 38.118942 27.536814 0.086824 -0.150384 0.984808 0.655012 0.056931 1 0 1.000000
  0 -21.605707 40.944412 27.536812 -0.086825 0.150383 0.984808 0.654812 0.057024 1 0 1.000000
  0 -20.526529 37.869946 27.194164 -0.709558 -0.508768 0.487526 0.654992 0.056890 1 0 1.000000
barracuda
  0 -20.526529 37.869946 27.194164 -0.709558 -0.508768 0.487526 0.654992 0.056890 1 0 1.000000
  0 -21.605707 40.944412 27.536812 -0.086825 0.150383 0.984808 0.654812 0.057024 1 0 1.000000
  0 -22.097397 40.590771 27.194164 -0.797289 -0.362016 0.482986 0.654791 0.056978 1 0 1.000000
barracuda
  0 -21.605707 40.944412 27.536812 -0.086825 0.150383 0.984808 0.654812 0.057024 1 0 1.000000
  0 -23.138615 43.599487 26.420946 -0.250002 0.433011 0.866026 0.654590 0.057125 1 0 1.000000
  0 -22.097397 40.590771 27.194164 -0.797289 -0.362016 0.482986 0.654791 0.056978 1 0 1.000000
barracuda
  0 -22.097397 40.590771 27.194164 -0.797289 -0.362016 0.482986 0.654791 0.056978 1 0 1.000000
  0 -23.138615 43.599487 26.420946 -0.250002 0.433011 0.866026 0.654590 0.057125 1 0 1.000000
  0 -23.573532 43.147507 26.119621 -0.877346 -0.223258 0.424758 0.654568 0.057072 1 0 1.000000
barracuda
  0 -23.138615 43.599487 26.420946 -0.250002 0.433011 0.866026 0.654590 0.057125 1 0 1.000000
  0 -24.388252 45.763924 24.323809 -0.383022 0.663414 0.642788 0.654323 0.057230 1 0 1.000000
  0 -23.573532 43.147507 26.119621 -0.877346 -0.223258 0.424758 0.654568 0.057072 1 0 1.000000
barracuda
  0 -23.573532 43.147507 26.119621 -0.877346 -0.223258 0.424758 0.654568 0.057072 1 0 1.000000
  0 -24.388252 45.763924 24.323809 -0.383022 0.663414 0.642788 0.654323 0.057230 1 0 1.000000
  0 -24.776886 45.231785 24.100155 -0.942025 -0.106023 0.318351 0.654301 0.057166 1 0 1.000000
barracuda
  0 -24.388252 45.763924 24.323809 -0.383022 0.663414 0.642788 0.654323 0.057230 1 0 1.000000
  0 -25.203897 47.176666 21.498333 -0.469845 0.813798 0.342020 0.654000 0.057338 1 0 1.000000
  0 -24.776886 45.231785 24.100155 -0.942025 -0.106023 0.318351 0.654301 0.057166 1 0 1.000000
barracuda
  0 -24.776886 45.231785 24.100155 -0.942025 -0.106023 0.318351 0.654301 0.057166 1 0 1.000000
  0 -25.203897 47.176666 21.498333 -0.469845 0.813798 0.342020 0.654000 0.057338 1 0 1.000000
  0 -25.562317 46.592190 21.379330 -0.985004 -0.029294 0.170023 0.653977 0.057259 1 0 1.000000
barracuda
  0 -25.203897 47.176666 21.498333 -0.469845 0.813798 0.342020 0.654000 0.057338 1 0 1.000000
  0 -25.487167 47.667297 18.285324 -0.500001 0.866025 -0.000001 0.653588 0.057451 1 0 1.000000
  0 -25.562317 46.592190 21.379330 -0.985004 -0.029294 0.170023 0.653977 0.057259 1 0 1.000000
barracuda
  0 -25.562317 46.592190 21.379330 -0.985004 -0.029294 0.170023 0.653977 0.057259 1 0 1.000000
  0 -25.487167 47.667297 18.285324 -0.500001 0.866025 -0.000001 0.653588 0.057451 1 0 1.000000
  0 -25.835100 47.064659 18.285324 -0.999994 -0.003329 -0.000001 0.653565 0.057348 1 0 1.000000
barracuda
  0 -25.487167 47.667297 18.285324 -0.500001 0.866025 -0.000001 0.653588 0.057451 1 0 1.000000
  0 -25.203896 47.176659 15.072321 -0.469847 0.813797 -0.342021 0.653055 0.057565 1 0 1.000000
  0 -25.835100 47.064659 18.285324 -0.999994 -0.003329 -0.000001 0.653565 0.057348 1 0 1.000000
barracuda
  0 -25.835100 47.064659 18.285324 -0.999994 -0.003329 -0.000001 0.653565 0.057348 1 0 1.000000
  0 -25.203896 47.176659 15.072321 -0.469847 0.813797 -0.342021 0.653055 0.057565 1 0 1.000000
  0 -25.562317 46.592194 15.191315 -0.985069 -0.035633 -0.168429 0.653032 0.057432 1 0 1.000000
barracuda
  0 -25.203896 47.176659 15.072321 -0.469847 0.813797 -0.342021 0.653055 0.057565 1 0 1.000000
  0 -24.388250 45.763927 12.246845 -0.383022 0.663415 -0.642787 0.652356 0.057681 1 0 1.000000
  0 -25.562317 46.592194 15.191315 -0.985069 -0.035633 -0.168429 0.653032 0.057432 1 0 1.000000
barracuda
  0 -25.562317 46.592194 15.191315 -0.985069 -0.035633 -0.168429 0.653032 0.057432 1 0 1.000000
  0 -24.388250 45.763927 12.246845 -0.383022 0.663415 -0.642787 0.652356 0.057681 1 0 1.000000
  0 -24.776884 45.231781 12.470497 -0.943485 -0.120047 -0.308910 0.652329 0.057506 1 0 1.000000
barracuda
  0 -24.388250 45.763927 12.246845 -0.383022 0.663415 -0.642787 0.652356 0.057681 1 0 1.000000
  0 -23.138615 43.599487 10.149710 -0.250001 0.433013 -0.866025 0.651453 0.057840 1 0 1.000000
  0 -24.776884 45.231781 12.470497 -0.943485 -0.120047 -0.308910 0.652329 0.057506 1 0 1.000000
barracuda
  0 -24.776884 45.231781 12.470497 -0.943485 -0.120047 -0.308910 0.652329 0.057506 1 0 1.000000
  0 -23.138615 43.599487 10.149710 -0.250001 0.433013 -0.866025 0.651453 0.057840 1 0 1.000000
  0 -23.573530 43.147507 10.451023 -0.879768 -0.230399 -0.415841 0.651426 0.057612 1 0 1.000000
barracuda
  0 -23.733086 45.834415 24.100157 0.561033 0.763634 0.319538 0.654347 0.057294 1 0 1.000000
  0 -24.518520 47.194828 21.379330 0.517872 0.838392 0.170023 0.654025 0.057418 1 0 1.000000
  0 -24.388252 45.763924 24.323809 -0.383022 0.663414 0.642788 0.654323 0.057230 1 0 1.000000
barracuda
  0 -23.138615 43.599487 26.420946 -0.250002 0.433011 0.866026 0.654590 0.057125 1 0 1.000000
  0 -23.733086 45.834415 24.100157 0.561033 0.763634 0.319538 0.654347 0.057294 1 0 1.000000
  0 -24.388252 45.763924 24.323809 -0.383022 0.663414 0.642788 0.654323 0.057230 1 0 1.000000
barracuda
  0 -22.529732 43.750153 26.119627 0.627158 0.649100 0.430515 0.654613 0.057178 1 0 1.000000
  0 -23.733086 45.834415 24.100157 0.561033 0.763634 0.319538 0.654347 0.057294 1 0 1.000000
  0 -23.138615 43.599487 26.420946 -0.250002 0.433011 0.866026 0.654590 0.057125 1 0 1.000000
barracuda
  0 -21.605707 40.944412 27.536812 -0.086825 0.150383 0.984808 0.654812 0.057024 1 0 1.000000
  0 -22.529732 43.750153 26.119627 0.627158 0.649100 0.430515 0.654613 0.057178 1 0 1.000000
  0 -23.138615 43.599487 26.420946 -0.250002 0.433011 0.866026 0.654590 0.057125 1 0 1.000000
barracuda
  0 -21.053596 41.193409 27.194162 0.708274 0.508600 0.489565 0.654834 0.057070 1 0 1.000000
  0 -22.529732 43.750153 26.119627 0.627158 0.649100 0.430515 0.654613 0.057178 1 0 1.000000
  0 -21.605707 40.944412 27.536812 -0.086825 0.150383 0.984808 0.654812 0.057024 1 0 1.000000
barracuda
  0 -19.974421 38.118942 27.536814 0.086824 -0.150384 0.984808 0.655012 0.056931 1 0 1.000000
  0 -21.053596 41.193409 27.194162 0.708274 0.508600 0.489565 0.654834 0.057070 1 0 1.000000
  0 -21.605707 40.944412 27.536812 -0.086825 0.150383 0.984808 0.654812 0.057024 1 0 1.000000
barracuda
  0 -19.482731 38.472584 27.194166 0.794597 0.359083 0.489566 0.655033 0.056973 1 0 1.000000
  0 -21.053596 41.193409 27.194162 0.708274 0.508600 0.489565 0.654834 0.057070 1 0 1.000000
  0 -19.974421 38.118942 27.536814 0.086824 -0.150384 0.984808 0.655012 0.056931 1 0 1.000000
barracuda
  0 -18.441513 35.463867 26.420944 0.250000 -0.433013 0.866025 0.655202 0.056834 1 0 1.000000
  0 -19.482731 38.472584 27.194166 0.794597 0.359083 0.489566 0.655033 0.056973 1 0 1.000000
  0 -19.974421 38.118942 27.536814 0.086824 -0.150384 0.984808 0.655012 0.056931 1 0 1.000000
barracuda
  0 -18.006596 35.915848 26.119631 0.875715 0.218584 0.430517 0.655220 0.056877 1 0 1.000000
  0 -19.482731 38.472584 27.194166 0.794597 0.359083 0.489566 0.655033 0.056973 1 0 1.000000
  0 -18.441513 35.463867 26.420944 0.250000 -0.433013 0.866025 0.655202 0.056834 1 0 1.000000
barracuda
  0 -16.803240 33.831573 12.470499 0.941843 0.104049 -0.319540 0.643966 0.059352 1 0 1.000000
  0 -16.017805 32.471169 15.191320 0.985004 0.029291 -0.170024 0.640435 0.059813 1 0 1.000000
  0 -17.191874 33.299431 12.246855 0.383022 -0.663414 -0.642788 0.643897 0.058676 1 0 1.000000
barracuda
  0 -18.441511 35.463867 10.149708 0.249999 -0.433013 -0.866025 0.646605 0.058404 1 0 1.000000
  0 -16.803240 33.831573 12.470499 0.941843 0.104049 -0.319540 0.643966 0.059352 1 0 1.000000
  0 -17.191874 33.299431 12.246855 0.383022 -0.663414 -0.642788 0.643897 0.058676 1 0 1.000000
barracuda
  0 -18.006594 35.915848 10.451031 0.875715 0.218585 -0.430515 0.646669 0.058921 1 0 1.000000
  0 -16.803240 33.831573 12.470499 0.941843 0.104049 -0.319540 0.643966 0.059352 1 0 1.000000
  0 -18.441511 35.463867 10.149708 0.249999 -0.433013 -0.866025 0.646605 0.058404 1 0 1.000000
barracuda
  0 -19.974421 38.118942 9.033842 0.086822 -0.150385 -0.984808 0.648669 0.058173 1 0 1.000000
  0 -18.006594 35.915848 10.451031 0.875715 0.218585 -0.430515 0.646669 0.058921 1 0 1.000000
  0 -18.441511 35.463867 10.149708 0.249999 -0.433013 -0.866025 0.646605 0.058404 1 0 1.000000
barracuda
  0 -19.482729 38.472588 9.376490 0.794598 0.359084 -0.489564 0.648721 0.058567 1 0 1.000000
  0 -18.006594 35.915848 10.451031 0.875715 0.218585 -0.430515 0.646669 0.058921 1 0 1.000000
  0 -19.974421 38.118942 9.033842 0.086822 -0.150385 -0.984808 0.648669 0.058173 1 0 1.000000
barracuda
  0 -21.605705 40.944412 9.033840 -0.086827 0.150382 -0.984808 0.650239 0.057982 1 0 1.000000
  0 -19.482729 38.472588 9.376490 0.794598 0.359084 -0.489564 0.648721 0.058567 1 0 1.000000
  0 -19.974421 38.118942 9.033842 0.086822 -0.150385 -0.984808 0.648669 0.058173 1 0 1.000000
barracuda
  0 -21.053596 41.193413 9.376482 0.708274 0.508600 -0.489565 0.650281 0.058284 1 0 1.000000
  0 -19.482729 38.472588 9.376490 0.794598 0.359084 -0.489564 0.648721 0.058567 1 0 1.000000
  0 -21.605705 40.944412 9.033840 -0.086827 0.150382 -0.984808 0.650239 0.057982 1 0 1.000000
barracuda
  0 -23.138615 43.599487 10.149710 -0.250001 0.433013 -0.866025 0.651453 0.057840 1 0 1.000000
  0 -21.053596 41.193413 9.376482 0.708274 0.508600 -0.489565 0.650281 0.058284 1 0 1.000000
  0 -21.605705 40.944412 9.033840 -0.086827 0.150382 -0.984808 0.650239 0.057982 1 0 1.000000
barracuda
  0 -22.529728 43.750145 10.451025 0.627157 0.649100 -0.430515 0.651489 0.058068 1 0 1.000000
  0 -21.053596 41.193413 9.376482 0.708274 0.508600 -0.489565 0.650281 0.058284 1 0 1.000000
  0 -23.138615 43.599487 10.149710 -0.250001 0.433013 -0.866025 0.651453 0.057840 1 0 1.000000
barracuda
  0 -24.388250 45.763927 12.246845 -0.383022 0.663415 -0.642787 0.652356 0.057681 1 0 1.000000
  0 -22.529728 43.750145 10.451025 0.627157 0.649100 -0.430515 0.651489 0.058068 1 0 1.000000
  0 -23.138615 43.599487 10.149710 -0.250001 0.433013 -0.866025 0.651453 0.057840 1 0 1.000000
barracuda
  0 -23.733086 45.834419 12.470499 0.561031 0.763636 -0.319538 0.652389 0.057856 1 0 1.000000
  0 -22.529728 43.750145 10.451025 0.627157 0.649100 -0.430515 0.651489 0.058068 1 0 1.000000
  0 -24.388250 45.763927 12.246845 -0.383022 0.663415 -0.642787 0.652356 0.057681 1 0 1.000000
barracuda
  0 -25.203896 47.176659 15.072321 -0.469847 0.813797 -0.342021 0.653055 0.057565 1 0 1.000000
  0 -23.733086 45.834419 12.470499 0.561031 0.763636 -0.319538 0.652389 0.057856 1 0 1.000000
  0 -24.388250 45.763927 12.246845 -0.383022 0.663415 -0.642787 0.652356 0.057681 1 0 1.000000
barracuda
  0 -24.518520 47.194832 15.191315 0.517867 0.838395 -0.170023 0.653082 0.057698 1 0 1.000000
  0 -23.733086 45.834419 12.470499 0.561031 0.763636 -0.319538 0.652389 0.057856 1 0 1.000000
  0 -25.203896 47.176659 15.072321 -0.469847 0.813797 -0.342021 0.653055 0.057565 1 0 1.000000
barracuda
  0 -25.487167 47.667297 18.285324 -0.500001 0.866025 -0.000001 0.653588 0.057451 1 0 1.000000
  0 -24.518520 47.194832 15.191315 0.517867 0.838395 -0.170023 0.653082 0.057698 1 0 1.000000
  0 -25.203896 47.176659 15.072321 -0.469847 0.813797 -0.342021 0.653055 0.057565 1 0 1.000000
barracuda
  0 -24.791298 47.667297 18.285324 0.502879 0.864357 0.000000 0.653614 0.057553 1 0 1.000000
  0 -24.518520 47.194832 15.191315 0.517867 0.838395 -0.170023 0.653082 0.057698 1 0 1.000000
  0 -25.487167 47.667297 18.285324 -0.500001 0.866025 -0.000001 0.653588 0.057451 1 0 1.000000
barracuda
  0 -25.203897 47.176666 21.498333 -0.469845 0.813798 0.342020 0.654000 0.057338 1 0 1.000000
  0 -24.791298 47.667297 18.285324 0.502879 0.864357 0.000000 0.653614 0.057553 1 0 1.000000
  0 -25.487167 47.667297 18.285324 -0.500001 0.866025 -0.000001 0.653588 0.057451 1 0 1.000000
barracuda
  0 -24.518520 47.194828 21.379330 0.517872 0.838392 0.170023 0.654025 0.057418 1 0 1.000000
  0 -24.791298 47.667297 18.285324 0.502879 0.864357 0.000000 0.653614 0.057553 1 0 1.000000
  0 -25.203897 47.176666 21.498333 -0.469845 0.813798 0.342020 0.654000 0.057338 1 0 1.000000
barracuda
  0 -24.388252 45.763924 24.323809 -0.383022 0.663414 0.642788 0.654323 0.057230 1 0 1.000000
  0 -24.518520 47.194828 21.379330 0.517872 0.838392 0.170023 0.654025 0.057418 1 0 1.000000
  0 -25.203897 47.176666 21.498333 -0.469845 0.813798 0.342020 0.654000 0.057338 1 0 1.000000
barracuda
  0 -23.138615 43.599487 10.149710 -0.250001 0.433013 -0.866025 0.651453 0.057840 1 0 1.000000
  0 -21.605705 40.944412 9.033840 -0.086827 0.150382 -0.984808 0.650239 0.057982 1 0 1.000000
  0 -23.573530 43.147507 10.451023 -0.879768 -0.230399 -0.415841 0.651426 0.057612 1 0 1.000000
barracuda
  0 -23.573530 43.147507 10.451023 -0.879768 -0.230399 -0.415841 0.651426 0.057612 1 0 1.000000
  0 -21.605705 40.944412 9.033840 -0.086827 0.150382 -0.984808 0.650239 0.057982 1 0 1.000000
  0 -22.097397 40.590771 9.376492 -0.797079 -0.361235 -0.483915 0.650207 0.057679 1 0 1.000000
barracuda
  0 -21.605705 40.944412 9.033840 -0.086827 0.150382 -0.984808 0.650239 0.057982 1 0 1.000000
  0 -19.974421 38.118942 9.033842 0.086822 -0.150385 -0.984808 0.648669 0.058173 1 0 1.000000
  0 -22.097397 40.590771 9.376492 -0.797079 -0.361235 -0.483915 0.650207 0.057679 1 0 1.000000
barracuda
  0 -22.097397 40.590771 9.376492 -0.797079 -0.361235 -0.483915 0.650207 0.057679 1 0 1.000000
  0 -19.974421 38.118942 9.033842 0.086822 -0.150385 -0.984808 0.648669 0.058173 1 0 1.000000
  0 -20.526531 37.869946 9.376492 -0.708277 -0.508601 -0.489560 0.648630 0.057779 1 0 1.000000
barracuda
  0 -19.974421 38.118942 9.033842 0.086822 -0.150385 -0.984808 0.648669 0.058173 1 0 1.000000
  0 -18.441511 35.463867 10.149708 0.249999 -0.433013 -0.866025 0.646605 0.058404 1 0 1.000000
  0 -20.526531 37.869946 9.376492 -0.708277 -0.508601 -0.489560 0.648630 0.057779 1 0 1.000000
barracuda
  0 -20.526531 37.869946 9.376492 -0.708277 -0.508601 -0.489560 0.648630 0.057779 1 0 1.000000
  0 -18.441511 35.463867 10.149708 0.249999 -0.433013 -0.866025 0.646605 0.058404 1 0 1.000000
  0 -19.050394 35.313210 10.451031 -0.627159 -0.649100 -0.430513 0.646560 0.057885 1 0 1.000000
barracuda
  0 -18.441511 35.463867 10.149708 0.249999 -0.433013 -0.866025 0.646605 0.058404 1 0 1.000000
  0 -17.191874 33.299431 12.246855 0.383022 -0.663414 -0.642788 0.643897 0.058676 1 0 1.000000
  0 -19.050394 35.313210 10.451031 -0.627159 -0.649100 -0.430513 0.646560 0.057885 1 0 1.000000
barracuda
  0 -19.050394 35.313210 10.451031 -0.627159 -0.649100 -0.430513 0.646560 0.057885 1 0 1.000000
  0 -17.191874 33.299431 12.246855 0.383022 -0.663414 -0.642788 0.643897 0.058676 1 0 1.000000
  0 -17.847038 33.228935 12.470497 -0.576013 -0.757492 -0.307271 0.643852 0.058000 1 0 1.000000
barracuda
  0 -17.191874 33.299431 12.246855 0.383022 -0.663414 -0.642788 0.643897 0.058676 1 0 1.000000
  0 -16.376230 31.886696 15.072319 0.469847 -0.813797 -0.342020 0.640339 0.058927 1 0 1.000000
  0 -17.847038 33.228935 12.470497 -0.576013 -0.757492 -0.307271 0.643852 0.058000 1 0 1.000000
barracuda
  0 -17.847038 33.228935 12.470497 -0.576013 -0.757492 -0.307271 0.643852 0.058000 1 0 1.000000
  0 -16.376230 31.886696 15.072319 0.469847 -0.813797 -0.342020 0.640339 0.058927 1 0 1.000000
  0 -17.061605 31.868525 15.191322 -0.568843 -0.808475 -0.150948 0.640270 0.058033 1 0 1.000000
barracuda
  0 -16.376230 31.886696 15.072319 0.469847 -0.813797 -0.342020 0.640339 0.058927 1 0 1.000000
  0 -16.092962 31.396061 18.285324 0.500000 -0.866025 0.000000 0.635778 0.059447 1 0 1.000000
  0 -17.061605 31.868525 15.191322 -0.568843 -0.808475 -0.150948 0.640270 0.058033 1 0 1.000000
barracuda
  0 -17.061605 31.868525 15.191322 -0.568843 -0.808475 -0.150948 0.640270 0.058033 1 0 1.000000
  0 -16.092962 31.396061 18.285324 0.500000 -0.866025 0.000000 0.635778 0.059447 1 0 1.000000
  0 -16.788828 31.396061 18.285324 -0.555408 -0.831578 -0.000253 0.635722 0.058341 1 0 1.000000
barracuda
  0 -16.788828 31.396061 18.285324 -0.555408 -0.831578 -0.000253 0.635722 0.058341 1 0 1.000000
  0 -17.060934 32.112930 17.967014 -0.957009 -0.285032 -0.053757 0.636251 0.057030 1 0 1.000000
  0 -17.061605 31.868525 15.191322 -0.568843 -0.808475 -0.150948 0.640270 0.058033 1 0 1.000000
barracuda
  0 -16.788828 31.396061 18.285324 -0.555408 -0.831578 -0.000253 0.635722 0.058341 1 0 1.000000
  0 -17.388556 32.434822 21.141333 -0.984762 -0.009433 -0.173650 0.629841 0.057327 1 0 1.000000
  0 -17.060934 32.112930 17.967014 -0.957009 -0.285032 -0.053757 0.636251 0.057030 1 0 1.000000
barracuda
  0 -17.388556 32.434822 21.141333 -0.984762 -0.009433 -0.173650 0.629841 0.057327 1 0 1.000000
  0 -17.030134 33.019287 21.022333 -0.465666 0.818013 -0.337653 0.629736 0.055959 1 0 1.000000
  0 -17.060934 32.112930 17.967014 -0.957009 -0.285032 -0.053757 0.636251 0.057030 1 0 1.000000
barracuda
  0 -17.388556 32.434822 21.141333 -0.984762 -0.009433 -0.173650 0.629841 0.057327 1 0 1.000000
  0 -18.113573 33.690590 23.652861 -0.941843 -0.104049 -0.319540 0.624412 0.057608 1 0 1.000000
  0 -17.030134 33.019287 21.022333 -0.465666 0.818013 -0.337653 0.629736 0.055959 1 0 1.000000
barracuda
  0 -17.030134 33.019287 21.022333 -0.465666 0.818013 -0.337653 0.629736 0.055959 1 0 1.000000
  0 -18.113573 33.690590 23.652861 -0.941843 -0.104049 -0.319540 0.624412 0.057608 1 0 1.000000
  0 -17.724941 34.222729 23.429211 -0.383024 0.663413 -0.642788 0.624337 0.056286 1 0 1.000000
barracuda
  0 -17.030134 33.019287 21.022333 -0.465666 0.818013 -0.337653 0.629736 0.055959 1 0 1.000000
  0 -17.724941 34.222729 23.429211 -0.383024 0.663413 -0.642788 0.624337 0.056286 1 0 1.000000
  0 -16.344757 33.037460 21.141333 0.522575 0.836006 -0.167358 0.629725 0.054566 1 0 1.000000
barracuda
  0 -16.344757 33.037460 21.141333 0.522575 0.836006 -0.167358 0.629725 0.054566 1 0 1.000000
  0 -17.724941 34.222729 23.429211 -0.383024 0.663413 -0.642788 0.624337 0.056286 1 0 1.000000
  0 -17.069773 34.293228 23.652861 0.561029 0.763636 -0.319540 0.624231 0.054963 1 0 1.000000
barracuda
  0 -16.344757 33.037460 21.141333 0.522575 0.836006 -0.167358 0.629725 0.054566 1 0 1.000000
  0 -17.069773 34.293228 23.652861 0.561029 0.763636 -0.319540 0.624231 0.054963 1 0 1.000000
  0 -16.017805 32.471169 21.379328 0.985005 0.029292 0.170023 0.629688 0.053237 1 0 1.000000
barracuda
  0 -16.017805 32.471169 21.379328 0.985005 0.029292 0.170023 0.629688 0.053237 1 0 1.000000
  0 -17.069773 34.293228 23.652861 0.561029 0.763636 -0.319540 0.624231 0.054963 1 0 1.000000
  0 -16.803240 33.831577 24.100153 0.941843 0.104049 0.319539 0.624108 0.053726 1 0 1.000000
barracuda
  0 -16.803240 33.831577 24.100153 0.941843 0.104049 0.319539 0.624108 0.053726 1 0 1.000000
  0 -18.180563 36.217167 25.516985 0.627158 0.649100 -0.430513 0.619113 0.055473 1 0 1.000000
  0 -18.006596 35.915848 26.119631 0.875715 0.218584 0.430517 0.618775 0.054333 1 0 1.000000
barracuda
  0 -17.069773 34.293228 23.652861 0.561029 0.763636 -0.319540 0.624231 0.054963 1 0 1.000000
  0 -18.180563 36.217167 25.516985 0.627158 0.649100 -0.430513 0.619113 0.055473 1 0 1.000000
  0 -16.803240 33.831577 24.100153 0.941843 0.104049 0.319539 0.624108 0.053726 1 0 1.000000
barracuda
  0 -17.069773 34.293228 23.652861 0.561029 0.763636 -0.319540 0.624231 0.054963 1 0 1.000000
  0 -18.789448 36.066509 25.215662 -0.250001 0.433013 -0.866025 0.619322 0.056638 1 0 1.000000
  0 -18.180563 36.217167 25.516985 0.627158 0.649100 -0.430513 0.619113 0.055473 1 0 1.000000
barracuda
  0 -17.724941 34.222729 23.429211 -0.383024 0.663413 -0.642788 0.624337 0.056286 1 0 1.000000
  0 -18.789448 36.066509 25.215662 -0.250001 0.433013 -0.866025 0.619322 0.056638 1 0 1.000000
  0 -17.069773 34.293228 23.652861 0.561029 0.763636 -0.319540 0.624231 0.054963 1 0 1.000000
barracuda
  0 -17.724941 34.222729 23.429211 -0.383024 0.663413 -0.642788 0.624337 0.056286 1 0 1.000000
  0 -19.224363 35.614529 25.516987 -0.875715 -0.218585 -0.430515 0.619275 0.057821 1 0 1.000000
  0 -18.789448 36.066509 25.215662 -0.250001 0.433013 -0.866025 0.619322 0.056638 1 0 1.000000
barracuda
  0 -18.113573 33.690590 23.652861 -0.941843 -0.104049 -0.319540 0.624412 0.057608 1 0 1.000000
  0 -19.224363 35.614529 25.516987 -0.875715 -0.218585 -0.430515 0.619275 0.057821 1 0 1.000000
  0 -17.724941 34.222729 23.429211 -0.383024 0.663413 -0.642788 0.624337 0.056286 1 0 1.000000
barracuda
  0 -18.113573 33.690590 23.652861 -0.941843 -0.104049 -0.319540 0.624412 0.057608 1 0 1.000000
  0 -19.050398 35.313210 26.119629 -0.627158 -0.649100 0.430514 0.619099 0.058999 1 0 1.000000
  0 -19.224363 35.614529 25.516987 -0.875715 -0.218585 -0.430515 0.619275 0.057821 1 0 1.000000
barracuda
  0 -17.847040 33.228939 24.100155 -0.561033 -0.763634 0.319538 0.624462 0.058840 1 0 1.000000
  0 -19.050398 35.313210 26.119629 -0.627158 -0.649100 0.430514 0.619099 0.058999 1 0 1.000000
  0 -18.113573 33.690590 23.652861 -0.941843 -0.104049 -0.319540 0.624412 0.057608 1 0 1.000000
barracuda
  0 -17.388556 32.434822 21.141333 -0.984762 -0.009433 -0.173650 0.629841 0.057327 1 0 1.000000
  0 -17.847040 33.228939 24.100155 -0.561033 -0.763634 0.319538 0.624462 0.058840 1 0 1.000000
  0 -18.113573 33.690590 23.652861 -0.941843 -0.104049 -0.319540 0.624412 0.057608 1 0 1.000000
barracuda
  0 -17.061605 31.868526 21.379330 -0.534406 -0.829373 0.162945 0.629919 0.058589 1 0 1.000000
  0 -17.847040 33.228939 24.100155 -0.561033 -0.763634 0.319538 0.624462 0.058840 1 0 1.000000
  0 -17.388556 32.434822 21.141333 -0.984762 -0.009433 -0.173650 0.629841 0.057327 1 0 1.000000
barracuda
  0 -17.061605 31.868526 21.379330 -0.534406 -0.829373 0.162945 0.629919 0.058589 1 0 1.000000
  0 -17.388556 32.434822 21.141333 -0.984762 -0.009433 -0.173650 0.629841 0.057327 1 0 1.000000
  0 -16.788828 31.396061 18.285324 -0.555408 -0.831578 -0.000253 0.635722 0.058341 1 0 1.000000
barracuda
  0 -16.788828 31.396061 18.285324 -0.555408 -0.831578 -0.000253 0.635722 0.058341 1 0 1.000000
  0 -16.376232 31.886694 21.498333 0.469845 -0.813798 0.342020 0.630005 0.059801 1 0 1.000000
  0 -17.061605 31.868526 21.379330 -0.534406 -0.829373 0.162945 0.629919 0.058589 1 0 1.000000
barracuda
  0 -16.092962 31.396061 18.285324 0.500000 -0.866025 0.000000 0.635778 0.059447 1 0 1.000000
  0 -16.376232 31.886694 21.498333 0.469845 -0.813798 0.342020 0.630005 0.059801 1 0 1.000000
  0 -16.788828 31.396061 18.285324 -0.555408 -0.831578 -0.000253 0.635722 0.058341 1 0 1.000000
barracuda
  0 -16.092962 31.396061 18.285324 0.500000 -0.866025 0.000000 0.635778 0.059447 1 0 1.000000
  0 -16.017805 32.471169 21.379328 0.985005 0.029292 0.170023 0.630083 0.061017 1 0 1.000000
  0 -16.376232 31.886694 21.498333 0.469845 -0.813798 0.342020 0.630005 0.059801 1 0 1.000000
barracuda
  0 -15.745028 31.998699 18.285324 0.999994 0.003328 0.000000 0.635868 0.060558 1 0 1.000000
  0 -16.017805 32.471169 21.379328 0.985005 0.029292 0.170023 0.630083 0.061017 1 0 1.000000
  0 -16.092962 31.396061 18.285324 0.500000 -0.866025 0.000000 0.635778 0.059447 1 0 1.000000
barracuda
  0 -16.376230 31.886696 15.072319 0.469847 -0.813797 -0.342020 0.640339 0.058927 1 0 1.000000
  0 -15.745028 31.998699 18.285324 0.999994 0.003328 0.000000 0.635868 0.060558 1 0 1.000000
  0 -16.092962 31.396061 18.285324 0.500000 -0.866025 0.000000 0.635778 0.059447 1 0 1.000000
barracuda
  0 -16.017805 32.471169 15.191320 0.985004 0.029291 -0.170024 0.640435 0.059813 1 0 1.000000
  0 -15.745028 31.998699 18.285324 0.999994 0.003328 0.000000 0.635868 0.060558 1 0 1.000000
  0 -16.376230 31.886696 15.072319 0.469847 -0.813797 -0.342020 0.640339 0.058927 1 0 1.000000
barracuda
  0 -17.191874 33.299431 12.246855 0.383022 -0.663414 -0.642788 0.643897 0.058676 1 0 1.000000
  0 -16.017805 32.471169 15.191320 0.985004 0.029291 -0.170024 0.640435 0.059813 1 0 1.000000
  0 -16.376230 31.886696 15.072319 0.469847 -0.813797 -0.342020 0.640339 0.058927 1 0 1.000000
barracuda
  0 -16.017805 32.471169 21.379328 0.985005 0.029292 0.170023 0.630083 0.061017 1 0 1.000000
  0 -16.803240 33.831577 24.100153 0.941843 0.104049 0.319539 0.624550 0.061201 1 0 1.000000
  0 -16.376232 31.886694 21.498333 0.469845 -0.813798 0.342020 0.630005 0.059801 1 0 1.000000
barracuda
  0 -17.847040 33.228939 24.100155 -0.561033 -0.763634 0.319538 0.624462 0.058840 1 0 1.000000
  0 -18.441513 35.463867 26.420944 0.250000 -0.433013 0.866025 0.619028 0.060189 1 0 1.000000
  0 -19.050398 35.313210 26.119629 -0.627158 -0.649100 0.430514 0.619099 0.058999 1 0 1.000000
barracuda
  0 -17.191875 33.299431 24.323809 0.383021 -0.663414 0.642788 0.624506 0.060020 1 0 1.000000
  0 -18.441513 35.463867 26.420944 0.250000 -0.433013 0.866025 0.619028 0.060189 1 0 1.000000
  0 -17.847040 33.228939 24.100155 -0.561033 -0.763634 0.319538 0.624462 0.058840 1 0 1.000000
barracuda
  0 -17.061605 31.868526 21.379330 -0.534406 -0.829373 0.162945 0.629919 0.058589 1 0 1.000000
  0 -17.191875 33.299431 24.323809 0.383021 -0.663414 0.642788 0.624506 0.060020 1 0 1.000000
  0 -17.847040 33.228939 24.100155 -0.561033 -0.763634 0.319538 0.624462 0.058840 1 0 1.000000
barracuda
  0 -16.376232 31.886694 21.498333 0.469845 -0.813798 0.342020 0.630005 0.059801 1 0 1.000000
  0 -17.191875 33.299431 24.323809 0.383021 -0.663414 0.642788 0.624506 0.060020 1 0 1.000000
  0 -17.061605 31.868526 21.379330 -0.534406 -0.829373 0.162945 0.629919 0.058589 1 0 1.000000
barracuda
  0 -16.376232 31.886694 21.498333 0.469845 -0.813798 0.342020 0.630005 0.059801 1 0 1.000000
  0 -16.803240 33.831577 24.100153 0.941843 0.104049 0.319539 0.624550 0.061201 1 0 1.000000
  0 -17.191875 33.299431 24.323809 0.383021 -0.663414 0.642788 0.624506 0.060020 1 0 1.000000
barracuda
  0 -16.803240 33.831577 24.100153 0.941843 0.104049 0.319539 0.624550 0.061201 1 0 1.000000
  0 -18.006596 35.915848 26.119631 0.875715 0.218584 0.430517 0.619169 0.061373 1 0 1.000000
  0 -17.191875 33.299431 24.323809 0.383021 -0.663414 0.642788 0.624506 0.060020 1 0 1.000000
barracuda
  0 -17.191875 33.299431 24.323809 0.383021 -0.663414 0.642788 0.624506 0.060020 1 0 1.000000
  0 -18.006596 35.915848 26.119631 0.875715 0.218584 0.430517 0.619169 0.061373 1 0 1.000000
  0 -18.441513 35.463867 26.420944 0.250000 -0.433013 0.866025 0.619028 0.060189 1 0 1.000000
barracuda
  0 -23.877506 39.290649 20.211567 -0.866025 -0.500000 0.000000 0.750101 0.080272 1 0 1.000000
  0 -24.312872 40.044724 19.013111 -0.866025 -0.500000 0.000000 0.754304 0.086953 1 0 1.000000
  0 -23.173073 38.070530 20.669333 -0.866025 -0.500000 0.000000 0.743300 0.077721 1 0 1.000000
barracuda
  0 -24.312872 40.044724 19.013111 -0.866025 -0.500000 0.000000 0.754304 0.086953 1 0 1.000000
  0 -24.312872 40.044724 17.531738 -0.866025 -0.500000 0.000000 0.754304 0.095210 1 0 1.000000
  0 -23.173073 38.070530 20.669333 -0.866025 -0.500000 0.000000 0.743300 0.077721 1 0 1.000000
barracuda
  0 -24.312872 40.044724 17.531738 -0.866025 -0.500000 0.000000 0.754304 0.095210 1 0 1.000000
  0 -23.877506 39.290649 16.333282 -0.866025 -0.500000 0.000000 0.750101 0.101890 1 0 1.000000
  0 -23.173073 38.070530 20.669333 -0.866025 -0.500000 0.000000 0.743300 0.077721 1 0 1.000000
barracuda
  0 -23.877506 39.290649 16.333282 -0.866025 -0.500000 0.000000 0.750101 0.101890 1 0 1.000000
  0 -23.173073 38.070534 15.875521 -0.866025 -0.500000 0.000000 0.743300 0.104442 1 0 1.000000
  0 -23.173073 38.070530 20.669333 -0.866025 -0.500000 0.000000 0.743300 0.077721 1 0 1.000000
barracuda
  0 -23.173073 38.070534 15.875521 -0.866025 -0.500000 0.000000 0.743300 0.104442 1 0 1.000000
  0 -22.468639 36.850418 16.333282 -0.866025 -0.500000 0.000000 0.736499 0.101890 1 0 1.000000
  0 -23.173073 38.070530 20.669333 -0.866025 -0.500000 0.000000 0.743300 0.077721 1 0 1.000000
barracuda
  0 -22.468639 36.850418 16.333282 -0.866025 -0.500000 0.000000 0.736499 0.101890 1 0 1.000000
  0 -22.033274 36.096348 17.531738 -0.866025 -0.500000 0.000000 0.732296 0.095210 1 0 1.000000
  0 -23.173073 38.070530 20.669333 -0.866025 -0.500000 0.000000 0.743300 0.077721 1 0 1.000000
barracuda
  0 -22.033274 36.096348 17.531738 -0.866025 -0.500000 0.000000 0.732296 0.095210 1 0 1.000000
  0 -22.033274 36.096344 19.013111 -0.866025 -0.500000 0.000000 0.732296 0.086953 1 0 1.000000
  0 -23.173073 38.070530 20.669333 -0.866025 -0.500000 0.000000 0.743300 0.077721 1 0 1.000000
barracuda
  0 -22.033274 36.096344 19.013111 -0.866025 -0.500000 0.000000 0.732296 0.086953 1 0 1.000000
  0 -22.468639 36.850418 20.211567 -0.866025 -0.500000 0.000000 0.736499 0.080272 1 0 1.000000
  0 -23.173073 38.070530 20.669333 -0.866025 -0.500000 0.000000 0.743300 0.077721 1 0 1.000000
barracuda
  0 -22.714928 39.961868 20.211567 0.866025 0.500000 0.000000 0.736601 0.080051 1 0 1.000000
  0 -22.010492 38.741749 20.669329 0.866025 0.500000 0.000000 0.743402 0.077500 1 0 1.000000
  0 -23.150291 40.715942 19.013111 0.866025 0.500000 0.000000 0.732398 0.086732 1 0 1.000000
barracuda
  0 -22.010492 38.741749 20.669329 0.866025 0.500000 0.000000 0.743402 0.077500 1 0 1.000000
  0 -21.306059 37.521637 20.211567 0.866025 0.500000 0.000000 0.750203 0.080051 1 0 1.000000
  0 -23.150291 40.715942 19.013111 0.866025 0.500000 0.000000 0.732398 0.086732 1 0 1.000000
barracuda
  0 -21.306059 37.521637 20.211567 0.866025 0.500000 0.000000 0.750203 0.080051 1 0 1.000000
  0 -20.870695 36.767563 19.013111 0.866025 0.500000 0.000000 0.754407 0.086732 1 0 1.000000
  0 -23.150291 40.715942 19.013111 0.866025 0.500000 0.000000 0.732398 0.086732 1 0 1.000000
barracuda
  0 -20.870695 36.767563 19.013111 0.866025 0.500000 0.000000 0.754407 0.086732 1 0 1.000000
  0 -20.870695 36.767563 17.531738 0.866025 0.500000 0.000000 0.754407 0.094989 1 0 1.000000
  0 -23.150291 40.715942 19.013111 0.866025 0.500000 0.000000 0.732398 0.086732 1 0 1.000000
barracuda
  0 -20.870695 36.767563 17.531738 0.866025 0.500000 0.000000 0.754407 0.094989 1 0 1.000000
  0 -21.306059 37.521637 16.333282 0.866025 0.500000 0.000000 0.750203 0.101669 1 0 1.000000
  0 -23.150291 40.715942 19.013111 0.866025 0.500000 0.000000 0.732398 0.086732 1 0 1.000000
barracuda
  0 -21.306059 37.521637 16.333282 0.866025 0.500000 0.000000 0.750203 0.101669 1 0 1.000000
  0 -22.010492 38.741753 15.875517 0.866025 0.500000 0.000000 0.743402 0.104221 1 0 1.000000
  0 -23.150291 40.715942 19.013111 0.866025 0.500000 0.000000 0.732398 0.086732 1 0 1.000000
barracuda
  0 -22.010492 38.741753 15.875517 0.866025 0.500000 0.000000 0.743402 0.104221 1 0 1.000000
  0 -22.714928 39.961864 16.333282 0.866025 0.500000 0.000000 0.736601 0.101669 1 0 1.000000
  0 -23.150291 40.715942 19.013111 0.866025 0.500000 0.000000 0.732398 0.086732 1 0 1.000000
barracuda
  0 -22.714928 39.961864 16.333282 0.866025 0.500000 0.000000 0.736601 0.101669 1 0 1.000000
  0 -23.150291 40.715935 17.531738 0.866025 0.500000 0.000000 0.732398 0.094989 1 0 1.000000
  0 -23.150291 40.715942 19.013111 0.866025 0.500000 0.000000 0.732398 0.086732 1 0 1.000000
barracuda
  0 -23.150291 40.715942 19.013111 -0.475529 0.823639 0.309015 0.408227 0.605582 1 0 1.000000
  0 -23.150291 40.715935 17.531738 -0.475527 0.823639 -0.309017 0.408225 0.624871 1 0 1.000000
  0 -24.312872 40.044724 19.013111 -0.475529 0.823639 0.309015 0.390748 0.605580 1 0 1.000000
barracuda
  0 -24.312872 40.044724 19.013111 -0.475529 0.823639 0.309015 0.390748 0.605580 1 0 1.000000
  0 -23.150291 40.715935 17.531738 -0.475527 0.823639 -0.309017 0.408225 0.624871 1 0 1.000000
  0 -24.312872 40.044724 17.531738 -0.475527 0.823639 -0.309017 0.390745 0.624869 1 0 1.000000
barracuda
  0 -23.150291 40.715935 17.531738 -0.475527 0.823639 -0.309017 0.408225 0.624871 1 0 1.000000
  0 -22.714928 39.961864 16.333282 -0.293892 0.509037 -0.809017 0.408223 0.644160 1 0 1.000000
  0 -24.312872 40.044724 17.531738 -0.475527 0.823639 -0.309017 0.390745 0.624869 1 0 1.000000
barracuda
  0 -24.312872 40.044724 17.531738 -0.475527 0.823639 -0.309017 0.390745 0.624869 1 0 1.000000
  0 -22.714928 39.961864 16.333282 -0.293892 0.509037 -0.809017 0.408223 0.644160 1 0 1.000000
  0 -23.877506 39.290649 16.333282 -0.293892 0.509037 -0.809017 0.390743 0.644158 1 0 1.000000
barracuda
  0 -22.714928 39.961864 16.333282 -0.293892 0.509037 -0.809017 0.408223 0.644160 1 0 1.000000
  0 -22.010492 38.741753 15.875517 0.000000 -0.000001 -1.000000 0.408221 0.663449 1 0 1.000000
  0 -23.877506 39.290649 16.333282 -0.293892 0.509037 -0.809017 0.390743 0.644158 1 0 1.000000
barracuda
  0 -23.877506 39.290649 16.333282 -0.293892 0.509037 -0.809017 0.390743 0.644158 1 0 1.000000
  0 -22.010492 38.741753 15.875517 0.000000 -0.000001 -1.000000 0.408221 0.663449 1 0 1.000000
  0 -23.173073 38.070534 15.875521 0.000000 -0.000001 -1.000000 0.390741 0.663447 1 0 1.000000
barracuda
  0 -22.010492 38.741753 15.875517 0.000000 -0.000001 -1.000000 0.408221 0.663449 1 0 1.000000
  0 -21.306059 37.521637 16.333282 0.293892 -0.509035 -0.809018 0.408219 0.682737 1 0 1.000000
  0 -23.173073 38.070534 15.875521 0.000000 -0.000001 -1.000000 0.390741 0.663447 1 0 1.000000
barracuda
  0 -23.173073 38.070534 15.875521 0.000000 -0.000001 -1.000000 0.390741 0.663447 1 0 1.000000
  0 -21.306059 37.521637 16.333282 0.293892 -0.509035 -0.809018 0.408219 0.682737 1 0 1.000000
  0 -22.468639 36.850418 16.333282 0.293892 -0.509035 -0.809018 0.390740 0.682736 1 0 1.000000
barracuda
  0 -21.306059 37.521637 16.333282 0.293892 -0.509035 -0.809018 0.408219 0.682737 1 0 1.000000
  0 -20.870695 36.767563 17.531738 0.475529 -0.823638 -0.309018 0.408217 0.702026 1 0 1.000000
  0 -22.468639 36.850418 16.333282 0.293892 -0.509035 -0.809018 0.390740 0.682736 1 0 1.000000
barracuda
  0 -22.468639 36.850418 16.333282 0.293892 -0.509035 -0.809018 0.390740 0.682736 1 0 1.000000
  0 -20.870695 36.767563 17.531738 0.475529 -0.823638 -0.309018 0.408217 0.702026 1 0 1.000000
  0 -22.033274 36.096348 17.531738 0.475529 -0.823638 -0.309018 0.390738 0.702025 1 0 1.000000
barracuda
  0 -20.870695 36.767563 17.531738 0.475529 -0.823638 -0.309018 0.408217 0.702026 1 0 1.000000
  0 -20.870695 36.767563 19.013111 0.475529 -0.823638 0.309017 0.408216 0.721314 1 0 1.000000
  0 -22.033274 36.096348 17.531738 0.475529 -0.823638 -0.309018 0.390738 0.702025 1 0 1.000000
barracuda
  0 -22.033274 36.096348 17.531738 0.475529 -0.823638 -0.309018 0.390738 0.702025 1 0 1.000000
  0 -20.870695 36.767563 19.013111 0.475529 -0.823638 0.309017 0.408216 0.721314 1 0 1.000000
  0 -22.033274 36.096344 19.013111 0.475529 -0.823638 0.309017 0.390737 0.721313 1 0 1.000000
barracuda
  0 -20.870695 36.767563 19.013111 0.475529 -0.823638 0.309017 0.408216 0.721314 1 0 1.000000
  0 -21.306059 37.521637 20.211567 0.293893 -0.509035 0.809018 0.408215 0.740601 1 0 1.000000
  0 -22.033274 36.096344 19.013111 0.475529 -0.823638 0.309017 0.390737 0.721313 1 0 1.000000
barracuda
  0 -22.033274 36.096344 19.013111 0.475529 -0.823638 0.309017 0.390737 0.721313 1 0 1.000000
  0 -21.306059 37.521637 20.211567 0.293893 -0.509035 0.809018 0.408215 0.740601 1 0 1.000000
  0 -22.468639 36.850418 20.211567 0.293893 -0.509035 0.809018 0.390737 0.740601 1 0 1.000000
barracuda
  0 -21.306059 37.521637 20.211567 0.293893 -0.509035 0.809018 0.408215 0.740601 1 0 1.000000
  0 -22.010492 38.741749 20.669329 0.000000 0.000000 1.000000 0.408214 0.759889 1 0 1.000000
  0 -22.468639 36.850418 20.211567 0.293893 -0.509035 0.809018 0.390737 0.740601 1 0 1.000000
barracuda
  0 -22.468639 36.850418 20.211567 0.293893 -0.509035 0.809018 0.390737 0.740601 1 0 1.000000
  0 -22.010492 38.741749 20.669329 0.000000 0.000000 1.000000 0.408214 0.759889 1 0 1.000000
  0 -23.173073 38.070530 20.669333 0.000000 0.000000 1.000000 0.390736 0.759888 1 0 1.000000
barracuda
  0 -22.010492 38.741749 20.669329 0.000000 0.000000 1.000000 0.408214 0.759889 1 0 1.000000
  0 -22.714928 39.961868 20.211567 -0.293893 0.509035 0.809018 0.408214 0.779175 1 0 1.000000
  0 -23.173073 38.070530 20.669333 0.000000 0.000000 1.000000 0.390736 0.759888 1 0 1.000000
barracuda
  0 -23.173073 38.070530 20.669333 0.000000 0.000000 1.000000 0.390736 0.759888 1 0 1.000000
  0 -22.714928 39.961868 20.211567 -0.293893 0.509035 0.809018 0.408214 0.779175 1 0 1.000000
  0 -23.877506 39.290649 20.211567 -0.293893 0.509035 0.809018 0.390736 0.779175 1 0 1.000000
barracuda
  0 -22.714928 39.961868 20.211567 -0.293893 0.509035 0.809018 0.408214 0.779175 1 0 1.000000
  0 -23.150291 40.715942 19.013111 -0.475529 0.823639 0.309015 0.408213 0.798462 1 0 1.000000
  0 -23.877506 39.290649 20.211567 -0.293893 0.509035 0.809018 0.390736 0.779175 1 0 1.000000
barracuda
  0 -23.877506 39.290649 20.211567 -0.293893 0.509035 0.809018 0.390736 0.779175 1 0 1.000000
  0 -23.150291 40.715942 19.013111 -0.475529 0.823639 0.309015 0.408213 0.798462 1 0 1.000000
  0 -24.312872 40.044724 19.013111 -0.475529 0.823639 0.309015 0.390736 0.798461 1 0 1.000000
barracuda
  0 -3.829433 26.779953 0.140533 0.499998 0.866027 -0.000001 0.501802 0.468456 1 0 1.000000
  0 -3.829433 26.779953 -0.593285 0.499998 0.866027 -0.000001 0.499922 0.472233 1 0 1.000000
  0 -4.379794 27.097700 0.507439 0.499998 0.866027 -0.000001 0.506012 0.468196 1 0 1.000000
barracuda
  0 -3.829433 26.779953 -0.593285 0.499998 0.866027 -0.000001 0.499922 0.472233 1 0 1.000000
  0 -4.379794 27.097700 -0.960190 0.499998 0.866027 -0.000001 0.502252 0.475750 1 0 1.000000
  0 -4.379794 27.097700 0.507439 0.499998 0.866027 -0.000001 0.506012 0.468196 1 0 1.000000
barracuda
  0 -4.379794 27.097700 -0.960190 0.499998 0.866027 -0.000001 0.502252 0.475750 1 0 1.000000
  0 -4.930155 27.415451 -0.593285 0.499998 0.866027 -0.000001 0.506464 0.475489 1 0 1.000000
  0 -4.379794 27.097700 0.507439 0.499998 0.866027 -0.000001 0.506012 0.468196 1 0 1.000000
barracuda
  0 -4.930155 27.415451 -0.593285 0.499998 0.866027 -0.000001 0.506464 0.475489 1 0 1.000000
  0 -4.930155 27.415451 0.140530 0.499998 0.866027 -0.000001 0.508344 0.471712 1 0 1.000000
  0 -4.379794 27.097700 0.507439 0.499998 0.866027 -0.000001 0.506012 0.468196 1 0 1.000000
barracuda
  0 -10.773057 16.024246 0.507439 0.433012 -0.250000 0.866026 0.519419 0.548345 1 0 1.000000
  0 -10.222696 15.706497 0.140533 0.433012 -0.250000 0.866026 0.523630 0.548085 1 0 1.000000
  0 -4.379794 27.097700 0.507439 0.433012 -0.250000 0.866026 0.514886 0.474969 1 0 1.000000
barracuda
  0 -4.379794 27.097700 0.507439 0.433012 -0.250000 0.866026 0.514886 0.474969 1 0 1.000000
  0 -10.222696 15.706497 0.140533 0.433012 -0.250000 0.866026 0.523630 0.548085 1 0 1.000000
  0 -3.829433 26.779953 0.140533 0.433012 -0.250000 0.866026 0.519097 0.474708 1 0 1.000000
barracuda
  0 -11.323418 16.341999 0.140530 -0.433015 0.250001 0.866024 0.515208 0.548605 1 0 1.000000
  0 -10.773057 16.024246 0.507439 -0.433015 0.250001 0.866024 0.519419 0.548345 1 0 1.000000
  0 -4.930155 27.415451 0.140530 -0.433015 0.250001 0.866024 0.510675 0.475229 1 0 1.000000
barracuda
  0 -4.930155 27.415451 0.140530 -0.433015 0.250001 0.866024 0.510675 0.475229 1 0 1.000000
  0 -10.773057 16.024246 0.507439 -0.433015 0.250001 0.866024 0.519419 0.548345 1 0 1.000000
  0 -4.379794 27.097700 0.507439 -0.433015 0.250001 0.866024 0.514886 0.474969 1 0 1.000000
barracuda
  0 -11.323418 16.341999 -0.593285 -0.866025 0.500000 0.000000 0.510997 0.548865 1 0 1.000000
  0 -11.323418 16.341999 0.140530 -0.866025 0.500000 0.000000 0.515208 0.548605 1 0 1.000000
  0 -4.930155 27.415451 -0.593285 -0.866025 0.500000 0.000000 0.506464 0.475489 1 0 1.000000
barracuda
  0 -4.930155 27.415451 -0.593285 -0.866025 0.500000 0.000000 0.506464 0.475489 1 0 1.000000
  0 -11.323418 16.341999 0.140530 -0.866025 0.500000 0.000000 0.515208 0.548605 1 0 1.000000
  0 -4.930155 27.415451 0.140530 -0.866025 0.500000 0.000000 0.510675 0.475229 1 0 1.000000
barracuda
  0 -10.773057 16.024246 -0.960190 -0.433011 0.249999 -0.866026 0.506786 0.549125 1 0 1.000000
  0 -11.323418 16.341999 -0.593285 -0.433011 0.249999 -0.866026 0.510997 0.548865 1 0 1.000000
  0 -4.379794 27.097700 -0.960190 -0.433011 0.249999 -0.866026 0.502252 0.475750 1 0 1.000000
barracuda
  0 -4.379794 27.097700 -0.960190 -0.433011 0.249999 -0.866026 0.502252 0.475750 1 0 1.000000
  0 -11.323418 16.341999 -0.593285 -0.433011 0.249999 -0.866026 0.510997 0.548865 1 0 1.000000
  0 -4.930155 27.415451 -0.593285 -0.433011 0.249999 -0.866026 0.506464 0.475489 1 0 1.000000
barracuda
  0 -10.222696 15.706497 -0.593285 0.433012 -0.250000 -0.866026 0.502575 0.549386 1 0 1.000000
  0 -10.773057 16.024246 -0.960190 0.433012 -0.250000 -0.866026 0.506786 0.549125 1 0 1.000000
  0 -3.829433 26.779953 -0.593285 0.433012 -0.250000 -0.866026 0.498042 0.476009 1 0 1.000000
barracuda
  0 -3.829433 26.779953 -0.593285 0.433012 -0.250000 -0.866026 0.498042 0.476009 1 0 1.000000
  0 -10.773057 16.024246 -0.960190 0.433012 -0.250000 -0.866026 0.506786 0.549125 1 0 1.000000
  0 -4.379794 27.097700 -0.960190 0.433012 -0.250000 -0.866026 0.502252 0.475750 1 0 1.000000
barracuda
  0 -10.222696 15.706497 0.140533 0.866025 -0.500000 0.000000 0.498364 0.549646 1 0 1.000000
  0 -10.222696 15.706497 -0.593285 0.866025 -0.500000 0.000000 0.502575 0.549386 1 0 1.000000
  0 -3.829433 26.779953 0.140533 0.866025 -0.500000 0.000000 0.493831 0.476270 1 0 1.000000
barracuda
  0 -3.829433 26.779953 0.140533 0.866025 -0.500000 0.000000 0.493831 0.476270 1 0 1.000000
  0 -10.222696 15.706497 -0.593285 0.866025 -0.500000 0.000000 0.502575 0.549386 1 0 1.000000
  0 -3.829433 26.779953 -0.593285 0.866025 -0.500000 0.000000 0.498042 0.476009 1 0 1.000000
barracuda
  0 92.664810 28.421453 -41.364906 -0.850986 -0.111782 -0.513154 0.463019 0.831796 1 0 1.000000
  0 92.664810 29.433702 -41.622875 -0.850986 -0.111782 -0.513154 0.457025 0.831796 1 0 1.000000
  0 92.984207 28.550360 -41.960125 -0.850986 -0.111782 -0.513154 0.463019 0.829952 1 0 1.000000
barracuda
  0 92.984207 28.550360 -41.960125 -0.850986 -0.111782 -0.513154 0.463019 0.829952 1 0 1.000000
  0 92.664810 29.433702 -41.622875 -0.850986 -0.111782 -0.513154 0.457025 0.831796 1 0 1.000000
  0 92.984192 29.304804 -42.086964 -0.850986 -0.111782 -0.513154 0.457025 0.829952 1 0 1.000000
barracuda
  0 100.063461 29.304804 -41.465721 0.843737 -0.060143 -0.533376 0.457026 0.800458 1 0 1.000000
  0 100.275070 29.433702 -41.103752 0.843737 -0.060143 -0.533376 0.457026 0.799027 1 0 1.000000
  0 100.063461 28.550360 -41.338886 0.843737 -0.060143 -0.533376 0.463019 0.800458 1 0 1.000000
barracuda
  0 100.063461 28.550360 -41.338886 0.843737 -0.060143 -0.533376 0.463019 0.800458 1 0 1.000000
  0 100.275070 29.433702 -41.103752 0.843737 -0.060143 -0.533376 0.457026 0.799027 1 0 1.000000
  0 100.275085 28.421457 -41.031349 0.843737 -0.060143 -0.533376 0.463019 0.799027 1 0 1.000000
barracuda
  0 92.984192 29.304804 -42.086964 0.086218 -0.165175 -0.982488 0.457025 0.829952 1 0 1.000000
  0 100.063461 29.304804 -41.465721 0.086218 -0.165175 -0.982488 0.457026 0.800458 1 0 1.000000
  0 92.984207 28.550360 -41.960125 0.086218 -0.165175 -0.982488 0.463019 0.829952 1 0 1.000000
barracuda
  0 92.984207 28.550360 -41.960125 0.086218 -0.165175 -0.982488 0.463019 0.829952 1 0 1.000000
  0 100.063461 29.304804 -41.465721 0.086218 -0.165175 -0.982488 0.457026 0.800458 1 0 1.000000
  0 100.063461 28.550360 -41.338886 0.086218 -0.165175 -0.982488 0.463019 0.800458 1 0 1.000000
barracuda
  0 92.664810 28.421453 -41.364906 0.017719 -0.961964 -0.272599 0.464728 0.831537 1 0 1.000000
  0 92.984207 28.550360 -41.960125 0.017719 -0.961964 -0.272599 0.463019 0.829952 1 0 1.000000
  0 100.275085 28.421457 -41.031349 0.017719 -0.961964 -0.272599 0.464579 0.799714 1 0 1.000000
barracuda
  0 100.275085 28.421457 -41.031349 0.017719 -0.961964 -0.272599 0.464579 0.799714 1 0 1.000000
  0 92.984207 28.550360 -41.960125 0.017719 -0.961964 -0.272599 0.463019 0.829952 1 0 1.000000
  0 100.063461 28.550360 -41.338886 0.017719 -0.961964 -0.272599 0.463019 0.800458 1 0 1.000000
barracuda
  0 92.664810 29.433702 -41.622875 0.022910 0.955190 -0.295104 0.455317 0.831537 1 0 1.000000
  0 100.275070 29.433702 -41.103752 0.022910 0.955190 -0.295104 0.455465 0.799713 1 0 1.000000
  0 92.984192 29.304804 -42.086964 0.022910 0.955190 -0.295104 0.457025 0.829952 1 0 1.000000
barracuda
  0 92.984192 29.304804 -42.086964 0.022910 0.955190 -0.295104 0.457025 0.829952 1 0 1.000000
  0 100.275070 29.433702 -41.103752 0.022910 0.955190 -0.295104 0.455465 0.799713 1 0 1.000000
  0 100.063461 29.304804 -41.465721 0.022910 0.955190 -0.295104 0.457026 0.800458 1 0 1.000000
barracuda
  0 102.938934 21.444191 -28.942751 0.000000 0.000000 -1.000000 0.322507 0.224953 1 0 1.000000
  0 109.141998 27.484612 -28.942751 0.000000 0.000000 -1.000000 0.326695 0.256241 1 0 1.000000
  0 108.198532 23.516327 -28.942751 0.000000 0.000000 -1.000000 0.329289 0.241951 1 0 1.000000
barracuda
  0 108.198532 23.516327 -28.942751 0.000000 0.000000 -1.000000 0.329289 0.241951 1 0 1.000000
  0 109.141998 27.484612 -28.942751 0.000000 0.000000 -1.000000 0.326695 0.256241 1 0 1.000000
  0 109.840775 26.799519 -28.942751 0.000000 0.000000 -1.000000 0.329289 0.254439 1 0 1.000000
barracuda
  0 102.938934 21.444191 -27.277681 0.000001 0.000000 1.000000 0.342052 0.224953 1 0 1.000000
  0 108.198532 23.516327 -27.277681 0.000001 0.000000 1.000000 0.335269 0.241951 1 0 1.000000
  0 109.141998 27.484612 -27.277681 0.000001 0.000000 1.000000 0.337863 0.256241 1 0 1.000000
barracuda
  0 109.141998 27.484612 -27.277681 0.000001 0.000000 1.000000 0.337863 0.256241 1 0 1.000000
  0 108.198532 23.516327 -27.277681 0.000001 0.000000 1.000000 0.335269 0.241951 1 0 1.000000
  0 109.840775 26.799519 -27.277683 0.000001 0.000000 1.000000 0.335269 0.254439 1 0 1.000000
barracuda
  0 109.141998 27.484612 -28.942751 0.700080 0.714065 0.000000 0.329289 0.256552 1 0 1.000000
  0 109.141998 27.484612 -27.277681 0.700080 0.714065 0.000000 0.335269 0.256552 1 0 1.000000
  0 109.840775 26.799519 -28.942751 0.986296 0.164983 0.000000 0.329289 0.254439 1 0 1.000000
barracuda
  0 109.840775 26.799519 -28.942751 0.986296 0.164983 0.000000 0.329289 0.254439 1 0 1.000000
  0 109.141998 27.484612 -27.277681 0.700080 0.714065 0.000000 0.335269 0.256552 1 0 1.000000
  0 109.840775 26.799519 -27.277683 0.986296 0.164983 0.000000 0.335269 0.254439 1 0 1.000000
barracuda
  0 109.840775 26.799519 -28.942751 0.986296 0.164983 0.000000 0.329289 0.254439 1 0 1.000000
  0 109.840775 26.799519 -27.277683 0.986296 0.164983 0.000000 0.335269 0.254439 1 0 1.000000
  0 108.198532 23.516327 -28.942751 0.675133 -0.737696 0.000000 0.329289 0.241951 1 0 1.000000
barracuda
  0 108.198532 23.516327 -28.942751 0.675133 -0.737696 0.000000 0.329289 0.241951 1 0 1.000000
  0 109.840775 26.799519 -27.277683 0.986296 0.164983 0.000000 0.335269 0.254439 1 0 1.000000
  0 108.198532 23.516327 -27.277681 0.675133 -0.737696 0.000000 0.335269 0.241951 1 0 1.000000
barracuda
  0 108.198532 23.516327 -27.277681 0.675133 -0.737696 0.000000 0.335269 0.241951 1 0 1.000000
  0 102.938934 21.444191 -28.942751 0.366551 -0.930398 0.000000 0.322507 0.224953 1 0 1.000000
  0 108.198532 23.516327 -28.942751 0.675133 -0.737696 0.000000 0.329289 0.241951 1 0 1.000000
barracuda
  0 102.938934 21.444191 -27.277681 0.366551 -0.930398 0.000000 0.342052 0.224953 1 0 1.000000
  0 102.938934 21.444191 -28.942751 0.366551 -0.930398 0.000000 0.322507 0.224953 1 0 1.000000
  0 108.198532 23.516327 -27.277681 0.675133 -0.737696 0.000000 0.335269 0.241951 1 0 1.000000
barracuda
  0 66.633850 14.967777 -18.679420 -0.073991 0.706377 -0.703958 0.527119 0.560316 1 0 1.000000
  0 90.645950 13.539684 -22.636261 -0.073991 0.706377 -0.703958 0.521989 0.474076 1 0 1.000000
  0 66.633850 13.853230 -19.141081 -0.162512 0.001383 -0.986705 0.523116 0.560316 1 0 1.000000
barracuda
  0 66.633850 13.853230 -19.141081 -0.162512 0.001383 -0.986705 0.523116 0.560316 1 0 1.000000
  0 90.645950 13.539684 -22.636261 -0.073991 0.706377 -0.703958 0.521989 0.474076 1 0 1.000000
  0 90.645950 12.425137 -23.097921 -0.162512 0.001383 -0.986705 0.517987 0.474076 1 0 1.000000
barracuda
  0 90.645950 12.425137 -23.097921 -0.162512 0.001383 -0.986705 0.517987 0.474076 1 0 1.000000
  0 90.645950 11.310589 -22.636259 -0.156497 -0.699575 -0.697212 0.513969 0.473824 1 0 1.000000
  0 66.633850 13.853230 -19.141081 -0.162512 0.001383 -0.986705 0.523116 0.560316 1 0 1.000000
barracuda
  0 66.633850 13.853230 -19.141081 -0.162512 0.001383 -0.986705 0.523116 0.560316 1 0 1.000000
  0 90.645950 11.310589 -22.636259 -0.156497 -0.699575 -0.697212 0.513969 0.473824 1 0 1.000000
  0 66.633850 12.738682 -18.679420 -0.156497 -0.699575 -0.697212 0.519128 0.560569 1 0 1.000000
barracuda
  0 90.645950 11.310589 -22.636259 -0.156497 -0.699575 -0.697212 0.513969 0.473824 1 0 1.000000
  0 90.645950 10.848927 -21.521709 -0.059135 -0.998249 0.001423 0.510050 0.474456 1 0 1.000000
  0 66.633850 12.738682 -18.679420 -0.156497 -0.699575 -0.697212 0.519128 0.560569 1 0 1.000000
barracuda
  0 66.633850 12.738682 -18.679420 -0.156497 -0.699575 -0.697212 0.519128 0.560569 1 0 1.000000
  0 90.645950 10.848927 -21.521709 -0.059135 -0.998249 0.001423 0.510050 0.474456 1 0 1.000000
  0 66.633850 12.277020 -17.564869 -0.059135 -0.998249 0.001423 0.515239 0.561705 1 0 1.000000
barracuda
  0 90.645950 10.848927 -21.521709 -0.059135 -0.998249 0.001423 0.510050 0.474456 1 0 1.000000
  0 90.645950 11.310589 -20.407162 0.073991 -0.706376 0.703959 0.506160 0.475592 1 0 1.000000
  0 66.633850 12.277020 -17.564869 -0.059135 -0.998249 0.001423 0.515239 0.561705 1 0 1.000000
barracuda
  0 66.633850 12.277020 -17.564869 -0.059135 -0.998249 0.001423 0.515239 0.561705 1 0 1.000000
  0 90.645950 11.310589 -20.407162 0.073991 -0.706376 0.703959 0.506160 0.475592 1 0 1.000000
  0 66.633850 12.738682 -16.450321 0.073991 -0.706376 0.703959 0.511320 0.562337 1 0 1.000000
barracuda
  0 90.645950 11.310589 -20.407162 0.073991 -0.706376 0.703959 0.506160 0.475592 1 0 1.000000
  0 90.645950 12.425137 -19.945503 0.162512 -0.001382 0.986705 0.502201 0.476319 1 0 1.000000
  0 66.633850 12.738682 -16.450321 0.073991 -0.706376 0.703959 0.511320 0.562337 1 0 1.000000
barracuda
  0 66.633850 12.738682 -16.450321 0.073991 -0.706376 0.703959 0.511320 0.562337 1 0 1.000000
  0 90.645950 12.425137 -19.945503 0.162512 -0.001382 0.986705 0.502201 0.476319 1 0 1.000000
  0 66.633850 13.853230 -15.988663 0.162512 -0.001382 0.986705 0.507330 0.562559 1 0 1.000000
barracuda
  0 66.633850 13.853230 -15.988663 0.162512 -0.001382 0.986705 0.507330 0.562559 1 0 1.000000
  0 90.645950 12.425137 -19.945503 0.162512 -0.001382 0.986705 0.502201 0.476319 1 0 1.000000
  0 66.633850 14.967777 -16.450325 0.156497 0.699575 0.697211 0.503370 0.563286 1 0 1.000000
barracuda
  0 66.633850 14.967777 -16.450325 0.156497 0.699575 0.697211 0.503370 0.563286 1 0 1.000000
  0 90.645950 12.425137 -19.945503 0.162512 -0.001382 0.986705 0.502201 0.476319 1 0 1.000000
  0 90.645950 13.539684 -20.407166 0.156497 0.699575 0.697211 0.498211 0.476541 1 0 1.000000
barracuda
  0 66.633850 14.967777 -16.450325 0.156497 0.699575 0.697211 0.503370 0.563286 1 0 1.000000
  0 90.645950 13.539684 -20.407166 0.156497 0.699575 0.697211 0.498211 0.476541 1 0 1.000000
  0 66.633850 15.429436 -17.564871 0.059135 0.998249 -0.001422 0.499404 0.563123 1 0 1.000000
barracuda
  0 66.633850 15.429436 -17.564871 0.059135 0.998249 -0.001422 0.499404 0.563123 1 0 1.000000
  0 90.645950 13.539684 -20.407166 0.156497 0.699575 0.697211 0.498211 0.476541 1 0 1.000000
  0 90.645950 14.001347 -21.521711 0.059135 0.998249 -0.001422 0.494215 0.475873 1 0 1.000000
barracuda
  0 66.633850 15.429436 -17.564871 0.059135 0.998249 -0.001422 0.499404 0.563123 1 0 1.000000
  0 90.645950 14.001347 -21.521711 0.059135 0.998249 -0.001422 0.494215 0.475873 1 0 1.000000
  0 66.633850 14.967777 -18.679420 -0.073991 0.706377 -0.703958 0.495422 0.562708 1 0 1.000000
barracuda
  0 66.633850 14.967777 -18.679420 -0.073991 0.706377 -0.703958 0.495422 0.562708 1 0 1.000000
  0 90.645950 14.001347 -21.521711 0.059135 0.998249 -0.001422 0.494215 0.475873 1 0 1.000000
  0 90.645950 13.539684 -22.636261 -0.073991 0.706377 -0.703958 0.490233 0.475458 1 0 1.000000
barracuda
  0 -23.266857 11.328568 -8.976177 -0.905638 -0.162256 0.391781 0.610326 0.912256 1 0 1.000000
  0 -24.659863 19.251331 -8.977386 -0.870318 0.271832 0.410675 0.609724 0.891898 1 0 1.000000
  0 -23.267233 12.126281 -32.161484 -0.902493 -0.167572 -0.396770 0.677137 0.908724 1 0 1.000000
barracuda
  0 -23.266857 11.328568 -8.976177 -0.905638 -0.162256 0.391781 0.610326 0.912256 1 0 1.000000
  0 -22.923347 19.013554 -7.400185 -0.301500 0.328235 0.895187 0.603138 0.893402 1 0 1.000000
  0 -24.659863 19.251331 -8.977386 -0.870318 0.271832 0.410675 0.609724 0.891898 1 0 1.000000
barracuda
  0 -21.597868 11.227043 -7.407127 -0.338097 -0.061084 0.939127 0.603833 0.913391 1 0 1.000000
  0 -22.923347 19.013554 -7.400185 -0.301500 0.328235 0.895187 0.603138 0.893402 1 0 1.000000
  0 -23.266857 11.328568 -8.976177 -0.905638 -0.162256 0.391781 0.610326 0.912256 1 0 1.000000
barracuda
  0 -23.283211 20.730762 -9.071835 -0.214946 0.936536 0.276944 0.610173 0.886912 1 0 1.000000
  0 -22.923347 19.013554 -7.400185 -0.301500 0.328235 0.895187 0.603443 0.885984 1 0 1.000000
  0 5.214848 17.839931 -10.646286 -0.481194 0.794938 0.369494 0.610201 0.813181 1 0 1.000000
barracuda
  0 -22.923347 19.013554 -7.400185 -0.301500 0.328235 0.895187 0.603443 0.885984 1 0 1.000000
  0 -23.283211 20.730762 -9.071835 -0.214946 0.936536 0.276944 0.610173 0.886912 1 0 1.000000
  0 -24.659863 19.251331 -8.977386 -0.870318 0.271832 0.410675 0.609724 0.891898 1 0 1.000000
barracuda
  0 -23.283211 20.730762 -9.071835 -0.214946 0.936536 0.276944 0.610173 0.886912 1 0 1.000000
  0 -24.630754 19.256638 -32.160271 -0.868945 0.267004 -0.416705 0.676573 0.890352 1 0 1.000000
  0 -24.659863 19.251331 -8.977386 -0.870318 0.271832 0.410675 0.609724 0.891898 1 0 1.000000
barracuda
  0 -23.267233 12.126281 -32.161484 -0.902493 -0.167572 -0.396770 0.677137 0.908724 1 0 1.000000
  0 -24.659863 19.251331 -8.977386 -0.870318 0.271832 0.410675 0.609724 0.891898 1 0 1.000000
  0 -24.630754 19.256638 -32.160271 -0.868945 0.267004 -0.416705 0.676573 0.890352 1 0 1.000000
barracuda
  0 -22.880796 18.999418 -33.733391 -0.298606 0.328114 -0.896201 0.683240 0.891666 1 0 1.000000
  0 -23.267233 12.126281 -32.161484 -0.902493 -0.167572 -0.396770 0.677137 0.908724 1 0 1.000000
  0 -24.630754 19.256638 -32.160271 -0.868945 0.267004 -0.416705 0.676573 0.890352 1 0 1.000000
barracuda
  0 -21.598347 12.150084 -33.730545 -0.335096 -0.063979 -0.940009 0.683718 0.909305 1 0 1.000000
  0 -23.267233 12.126281 -32.161484 -0.902493 -0.167572 -0.396770 0.677137 0.908724 1 0 1.000000
  0 -22.880796 18.999418 -33.733391 -0.298606 0.328114 -0.896201 0.683240 0.891666 1 0 1.000000
barracuda
  0 5.214848 17.839931 -10.646286 -0.481194 0.794938 0.369494 0.610201 0.813181 1 0 1.000000
  0 -22.923347 19.013554 -7.400185 -0.301500 0.328235 0.895187 0.603443 0.885984 1 0 1.000000
  0 6.114946 16.205540 -9.112720 -0.099429 0.277468 0.955576 0.603459 0.812926 1 0 1.000000
barracuda
  0 -21.597868 11.227043 -7.407127 -0.338097 -0.061084 0.939127 0.581720 0.880817 1 0 1.000000
  0 6.114946 16.205540 -9.112720 -0.099429 0.277468 0.955576 0.603459 0.812926 1 0 1.000000
  0 -22.923347 19.013554 -7.400185 -0.301500 0.328235 0.895187 0.603443 0.885984 1 0 1.000000
barracuda
  0 6.667130 10.585433 -9.138912 0.310071 -0.072200 0.947968 0.587668 0.810197 1 0 1.000000
  0 6.114946 16.205540 -9.112720 -0.099429 0.277468 0.955576 0.603459 0.812926 1 0 1.000000
  0 -21.597868 11.227043 -7.407127 -0.338097 -0.061084 0.939127 0.581720 0.880817 1 0 1.000000
barracuda
  0 6.667202 11.475459 -31.998859 0.295186 -0.066191 -0.953144 0.693036 0.810291 1 0 1.000000
  0 -21.598347 12.150084 -33.730545 -0.335096 -0.063979 -0.940009 0.701122 0.878487 1 0 1.000000
  0 4.959700 16.291519 -32.054947 -0.120049 0.291324 -0.949062 0.678392 0.814615 1 0 1.000000
barracuda
  0 4.959700 16.291519 -32.054947 -0.120049 0.291324 -0.949062 0.678392 0.814615 1 0 1.000000
  0 -21.598347 12.150084 -33.730545 -0.335096 -0.063979 -0.940009 0.701122 0.878487 1 0 1.000000
  0 -22.880796 18.999418 -33.733391 -0.298606 0.328114 -0.896201 0.682472 0.884145 1 0 1.000000
barracuda
  0 -22.880796 18.999418 -33.733391 -0.298606 0.328114 -0.896201 0.682472 0.884145 1 0 1.000000
  0 4.166162 17.839931 -30.495350 -0.493244 0.812001 -0.312032 0.671910 0.814731 1 0 1.000000
  0 4.959700 16.291519 -32.054947 -0.120049 0.291324 -0.949062 0.678392 0.814615 1 0 1.000000
barracuda
  0 -23.284321 20.723509 -32.062309 -0.213143 0.937714 -0.274341 0.675831 0.885471 1 0 1.000000
  0 4.166162 17.839931 -30.495350 -0.493244 0.812001 -0.312032 0.671910 0.814731 1 0 1.000000
  0 -22.880796 18.999418 -33.733391 -0.298606 0.328114 -0.896201 0.682472 0.884145 1 0 1.000000
barracuda
  0 4.166162 17.839931 -30.495350 -0.493244 0.812001 -0.312032 0.671910 0.814731 1 0 1.000000
  0 -23.284321 20.723509 -32.062309 -0.213143 0.937714 -0.274341 0.675831 0.885471 1 0 1.000000
  0 6.146460 15.502884 -21.046116 -0.385738 0.922035 0.032522 0.642308 0.812466 1 0 1.000000
barracuda
  0 6.146460 15.502884 -21.046116 -0.385738 0.922035 0.032522 0.642308 0.812466 1 0 1.000000
  0 -23.284321 20.723509 -32.062309 -0.213143 0.937714 -0.274341 0.675831 0.885471 1 0 1.000000
  0 -23.283211 20.730762 -9.071835 -0.214946 0.936536 0.276944 0.610173 0.886912 1 0 1.000000
barracuda
  0 -23.284321 20.723509 -32.062309 -0.213143 0.937714 -0.274341 0.675831 0.885471 1 0 1.000000
  0 -24.630754 19.256638 -32.160271 -0.868945 0.267004 -0.416705 0.676573 0.890352 1 0 1.000000
  0 -23.283211 20.730762 -9.071835 -0.214946 0.936536 0.276944 0.610173 0.886912 1 0 1.000000
barracuda
  0 -24.630754 19.256638 -32.160271 -0.868945 0.267004 -0.416705 0.676573 0.890352 1 0 1.000000
  0 -23.284321 20.723509 -32.062309 -0.213143 0.937714 -0.274341 0.675831 0.885471 1 0 1.000000
  0 -22.880796 18.999418 -33.733391 -0.298606 0.328114 -0.896201 0.682472 0.884145 1 0 1.000000
barracuda
  0 16.802036 46.338142 -29.336079 -0.764037 0.573297 -0.295934 0.669621 0.721212 1 0 1.000000
  0 11.495529 31.241440 -21.079948 -0.919194 0.389060 0.060955 0.642938 0.771867 1 0 1.000000
  0 18.586571 45.655651 -21.111008 -0.887173 0.457291 0.061712 0.643820 0.719430 1 0 1.000000
barracuda
  0 9.419758 32.090622 -29.906181 -0.880673 0.396979 -0.258501 0.672228 0.770780 1 0 1.000000
  0 11.495529 31.241440 -21.079948 -0.919194 0.389060 0.060955 0.642938 0.771867 1 0 1.000000
  0 16.802036 46.338142 -29.336079 -0.764037 0.573297 -0.295934 0.669621 0.721212 1 0 1.000000
barracuda
  0 18.019844 45.460735 -30.683681 -0.176985 0.299246 -0.937618 0.675573 0.721132 1 0 1.000000
  0 9.419758 32.090622 -29.906181 -0.880673 0.396979 -0.258501 0.672228 0.770780 1 0 1.000000
  0 16.802036 46.338142 -29.336079 -0.764037 0.573297 -0.295934 0.669621 0.721212 1 0 1.000000
barracuda
  0 10.712769 31.561665 -31.334299 -0.306789 0.178653 -0.934860 0.678760 0.770439 1 0 1.000000
  0 9.419758 32.090622 -29.906181 -0.880673 0.396979 -0.258501 0.672228 0.770780 1 0 1.000000
  0 18.019844 45.460735 -30.683681 -0.176985 0.299246 -0.937618 0.675573 0.721132 1 0 1.000000
barracuda
  0 20.088791 43.970089 -30.475574 0.420061 -0.090830 -0.902939 0.683809 0.720413 1 0 1.000000
  0 10.712769 31.561665 -31.334299 -0.306789 0.178653 -0.934860 0.678760 0.770439 1 0 1.000000
  0 18.019844 45.460735 -30.683681 -0.176985 0.299246 -0.937618 0.675573 0.721132 1 0 1.000000
barracuda
  0 13.366409 30.476078 -31.120932 0.397628 -0.127475 -0.908648 0.688341 0.769730 1 0 1.000000
  0 10.712769 31.561665 -31.334299 -0.306789 0.178653 -0.934860 0.678760 0.770439 1 0 1.000000
  0 20.088791 43.970089 -30.475574 0.420061 -0.090830 -0.902939 0.683809 0.720413 1 0 1.000000
barracuda
  0 21.434719 43.000366 -28.966356 0.815452 -0.419622 -0.398692 0.692247 0.719142 1 0 1.000000
  0 13.366409 30.476078 -31.120932 0.397628 -0.127475 -0.908648 0.688341 0.769730 1 0 1.000000
  0 20.088791 43.970089 -30.475574 0.420061 -0.090830 -0.902939 0.683809 0.720413 1 0 1.000000
barracuda
  0 14.884432 29.855068 -29.508965 0.855182 -0.343928 -0.387785 0.696229 0.769159 1 0 1.000000
  0 13.366409 30.476078 -31.120932 0.397628 -0.127475 -0.908648 0.688341 0.769730 1 0 1.000000
  0 21.434719 43.000366 -28.966356 0.815452 -0.419622 -0.398692 0.692247 0.719142 1 0 1.000000
barracuda
  0 8.336113 11.362956 -30.225672 0.877820 -0.293085 -0.378858 0.696417 0.809234 1 0 1.000000
  0 13.366409 30.476078 -31.120932 0.397628 -0.127475 -0.908648 0.688341 0.769730 1 0 1.000000
  0 14.884432 29.855068 -29.508965 0.855182 -0.343928 -0.387785 0.696229 0.769159 1 0 1.000000
barracuda
  0 6.667202 11.475459 -31.998859 0.295186 -0.066191 -0.953144 0.688854 0.810680 1 0 1.000000
  0 13.366409 30.476078 -31.120932 0.397628 -0.127475 -0.908648 0.688341 0.769730 1 0 1.000000
  0 8.336113 11.362956 -30.225672 0.877820 -0.293085 -0.378858 0.696417 0.809234 1 0 1.000000
barracuda
  0 6.667202 11.475459 -31.998859 0.295186 -0.066191 -0.953144 0.688854 0.810680 1 0 1.000000
  0 4.959700 16.291519 -32.054947 -0.120049 0.291324 -0.949062 0.678392 0.814615 1 0 1.000000
  0 13.366409 30.476078 -31.120932 0.397628 -0.127475 -0.908648 0.688341 0.769730 1 0 1.000000
barracuda
  0 13.366409 30.476078 -31.120932 0.397628 -0.127475 -0.908648 0.688341 0.769730 1 0 1.000000
  0 4.959700 16.291519 -32.054947 -0.120049 0.291324 -0.949062 0.678392 0.814615 1 0 1.000000
  0 10.712769 31.561665 -31.334299 -0.306789 0.178653 -0.934860 0.678760 0.770439 1 0 1.000000
barracuda
  0 4.959700 16.291519 -32.054947 -0.120049 0.291324 -0.949062 0.678392 0.814615 1 0 1.000000
  0 4.166162 17.839931 -30.495350 -0.493244 0.812001 -0.312032 0.671910 0.814731 1 0 1.000000
  0 10.712769 31.561665 -31.334299 -0.306789 0.178653 -0.934860 0.678760 0.770439 1 0 1.000000
barracuda
  0 10.712769 31.561665 -31.334299 -0.306789 0.178653 -0.934860 0.678760 0.770439 1 0 1.000000
  0 4.166162 17.839931 -30.495350 -0.493244 0.812001 -0.312032 0.671910 0.814731 1 0 1.000000
  0 9.419758 32.090622 -29.906181 -0.880673 0.396979 -0.258501 0.672228 0.770780 1 0 1.000000
barracuda
  0 4.166162 17.839931 -30.495350 -0.493244 0.812001 -0.312032 0.671910 0.814731 1 0 1.000000
  0 11.495529 31.241440 -21.079948 -0.919194 0.389060 0.060955 0.642938 0.771867 1 0 1.000000
  0 9.419758 32.090622 -29.906181 -0.880673 0.396979 -0.258501 0.672228 0.770780 1 0 1.000000
barracuda
  0 6.146460 15.502884 -21.046116 -0.385738 0.922035 0.032522 0.642308 0.812466 1 0 1.000000
  0 11.495529 31.241440 -21.079948 -0.919194 0.389060 0.060955 0.642938 0.771867 1 0 1.000000
  0 4.166162 17.839931 -30.495350 -0.493244 0.812001 -0.312032 0.671910 0.814731 1 0 1.000000
barracuda
  0 5.214848 17.839931 -10.646286 -0.481194 0.794938 0.369494 0.610201 0.813181 1 0 1.000000
  0 11.495529 31.241440 -21.079948 -0.919194 0.389060 0.060955 0.642938 0.771867 1 0 1.000000
  0 6.146460 15.502884 -21.046116 -0.385738 0.922035 0.032522 0.642308 0.812466 1 0 1.000000
barracuda
  0 6.146460 15.502884 -21.046116 -0.385738 0.922035 0.032522 0.642308 0.812466 1 0 1.000000
  0 -23.283211 20.730762 -9.071835 -0.214946 0.936536 0.276944 0.610173 0.886912 1 0 1.000000
  0 5.214848 17.839931 -10.646286 -0.481194 0.794938 0.369494 0.610201 0.813181 1 0 1.000000
barracuda
  0 21.174202 48.613590 -28.370758 0.427965 0.683507 -0.591324 0.668881 0.706900 1 0 1.000000
  0 18.490608 48.298332 -28.710255 -0.682950 0.680345 -0.265912 0.668095 0.714889 1 0 1.000000
  0 20.154621 49.659431 -27.295486 -0.022321 0.961176 -0.275030 0.664019 0.707436 1 0 1.000000
barracuda
  0 18.490608 48.298332 -28.710255 -0.682950 0.680345 -0.265912 0.668095 0.714889 1 0 1.000000
  0 21.073658 49.300999 -13.857979 0.013795 0.929245 0.369205 0.620892 0.707637 1 0 1.000000
  0 20.154621 49.659431 -27.295486 -0.022321 0.961176 -0.275030 0.664019 0.707436 1 0 1.000000
barracuda
  0 19.179710 47.577843 -12.316355 -0.634046 0.659436 0.403894 0.616406 0.714262 1 0 1.000000
  0 21.073658 49.300999 -13.857979 0.013795 0.929245 0.369205 0.620892 0.707637 1 0 1.000000
  0 18.490608 48.298332 -28.710255 -0.682950 0.680345 -0.265912 0.668095 0.714889 1 0 1.000000
barracuda
  0 19.179710 47.577843 -12.316355 -0.634046 0.659436 0.403894 0.616406 0.714262 1 0 1.000000
  0 22.208424 48.039127 -12.794505 0.447949 0.625446 0.638873 0.615202 0.706719 1 0 1.000000
  0 21.073658 49.300999 -13.857979 0.013795 0.929245 0.369205 0.620892 0.707637 1 0 1.000000
barracuda
  0 22.208424 48.039127 -12.794505 0.447949 0.625446 0.638873 0.615202 0.706719 1 0 1.000000
  0 23.319771 48.854790 -16.255375 0.593116 0.779528 0.201371 0.627202 0.700152 1 0 1.000000
  0 21.073658 49.300999 -13.857979 0.013795 0.929245 0.369205 0.620892 0.707637 1 0 1.000000
barracuda
  0 22.537266 49.465660 -24.903187 0.548411 0.810186 -0.206987 0.659582 0.700480 1 0 1.000000
  0 21.073658 49.300999 -13.857979 0.013795 0.929245 0.369205 0.620892 0.707637 1 0 1.000000
  0 23.319771 48.854790 -16.255375 0.593116 0.779528 0.201371 0.627202 0.700152 1 0 1.000000
barracuda
  0 22.537266 49.465660 -24.903187 0.548411 0.810186 -0.206987 0.659582 0.700480 1 0 1.000000
  0 23.319771 48.854790 -16.255375 0.593116 0.779528 0.201371 0.627202 0.700152 1 0 1.000000
  0 23.961147 47.774529 -24.855854 0.900912 0.372488 -0.222733 0.660289 0.695434 1 0 1.000000
barracuda
  0 23.961147 47.774529 -24.855854 0.900912 0.372488 -0.222733 0.660289 0.695434 1 0 1.000000
  0 22.768703 46.831467 -28.294655 0.737376 0.342799 -0.582035 0.675221 0.704806 1 0 1.000000
  0 22.537266 49.465660 -24.903187 0.548411 0.810186 -0.206987 0.659582 0.700480 1 0 1.000000
barracuda
  0 22.768703 46.831467 -28.294655 0.737376 0.342799 -0.582035 0.675221 0.704806 1 0 1.000000
  0 23.961147 47.774529 -24.855854 0.900912 0.372488 -0.222733 0.660289 0.695434 1 0 1.000000
  0 23.693325 45.704395 -27.107811 0.942938 -0.158155 -0.293009 0.678572 0.697972 1 0 1.000000
barracuda
  0 22.571438 44.579979 -28.479342 0.819311 -0.425435 -0.384362 0.686787 0.707034 1 0 1.000000
  0 22.768703 46.831467 -28.294655 0.737376 0.342799 -0.582035 0.675221 0.704806 1 0 1.000000
  0 23.693325 45.704395 -27.107811 0.942938 -0.158155 -0.293009 0.678572 0.697972 1 0 1.000000
barracuda
  0 21.348309 45.640831 -29.883791 0.558476 0.091546 -0.824453 0.680501 0.713234 1 0 1.000000
  0 22.768703 46.831467 -28.294655 0.737376 0.342799 -0.582035 0.675221 0.704806 1 0 1.000000
  0 22.571438 44.579979 -28.479342 0.819311 -0.425435 -0.384362 0.686787 0.707034 1 0 1.000000
barracuda
  0 21.434719 43.000366 -28.966356 0.815452 -0.419622 -0.398692 0.692247 0.719142 1 0 1.000000
  0 21.348309 45.640831 -29.883791 0.558476 0.091546 -0.824453 0.680501 0.713234 1 0 1.000000
  0 22.571438 44.579979 -28.479342 0.819311 -0.425435 -0.384362 0.686787 0.707034 1 0 1.000000
barracuda
  0 20.088791 43.970089 -30.475574 0.420061 -0.090830 -0.902939 0.683809 0.720413 1 0 1.000000
  0 21.348309 45.640831 -29.883791 0.558476 0.091546 -0.824453 0.680501 0.713234 1 0 1.000000
  0 21.434719 43.000366 -28.966356 0.815452 -0.419622 -0.398692 0.692247 0.719142 1 0 1.000000
barracuda
  0 20.088791 43.970089 -30.475574 0.420061 -0.090830 -0.902939 0.683809 0.720413 1 0 1.000000
  0 19.642746 47.235870 -29.998957 0.092255 0.517405 -0.850753 0.673531 0.715011 1 0 1.000000
  0 21.348309 45.640831 -29.883791 0.558476 0.091546 -0.824453 0.680501 0.713234 1 0 1.000000
barracuda
  0 18.019844 45.460735 -30.683681 -0.176985 0.299246 -0.937618 0.675573 0.721132 1 0 1.000000
  0 19.642746 47.235870 -29.998957 0.092255 0.517405 -0.850753 0.673531 0.715011 1 0 1.000000
  0 20.088791 43.970089 -30.475574 0.420061 -0.090830 -0.902939 0.683809 0.720413 1 0 1.000000
barracuda
  0 18.019844 45.460735 -30.683681 -0.176985 0.299246 -0.937618 0.675573 0.721132 1 0 1.000000
  0 16.802036 46.338142 -29.336079 -0.764037 0.573297 -0.295934 0.669621 0.721212 1 0 1.000000
  0 19.642746 47.235870 -29.998957 0.092255 0.517405 -0.850753 0.673531 0.715011 1 0 1.000000
barracuda
  0 19.642746 47.235870 -29.998957 0.092255 0.517405 -0.850753 0.673531 0.715011 1 0 1.000000
  0 16.802036 46.338142 -29.336079 -0.764037 0.573297 -0.295934 0.669621 0.721212 1 0 1.000000
  0 18.490608 48.298332 -28.710255 -0.682950 0.680345 -0.265912 0.668095 0.714889 1 0 1.000000
barracuda
  0 16.802036 46.338142 -29.336079 -0.764037 0.573297 -0.295934 0.669621 0.721212 1 0 1.000000
  0 18.586571 45.655651 -21.111008 -0.887173 0.457291 0.061712 0.643820 0.719430 1 0 1.000000
  0 18.490608 48.298332 -28.710255 -0.682950 0.680345 -0.265912 0.668095 0.714889 1 0 1.000000
barracuda
  0 18.586571 45.655651 -21.111008 -0.887173 0.457291 0.061712 0.643820 0.719430 1 0 1.000000
  0 19.179710 47.577843 -12.316355 -0.634046 0.659436 0.403894 0.616406 0.714262 1 0 1.000000
  0 18.490608 48.298332 -28.710255 -0.682950 0.680345 -0.265912 0.668095 0.714889 1 0 1.000000
barracuda
  0 20.154621 49.659431 -27.295486 -0.022321 0.961176 -0.275030 0.664019 0.707436 1 0 1.000000
  0 21.073658 49.300999 -13.857979 0.013795 0.929245 0.369205 0.620892 0.707637 1 0 1.000000
  0 22.537266 49.465660 -24.903187 0.548411 0.810186 -0.206987 0.659582 0.700480 1 0 1.000000
barracuda
  0 20.154621 49.659431 -27.295486 -0.022321 0.961176 -0.275030 0.664019 0.707436 1 0 1.000000
  0 22.537266 49.465660 -24.903187 0.548411 0.810186 -0.206987 0.659582 0.700480 1 0 1.000000
  0 21.174202 48.613590 -28.370758 0.427965 0.683507 -0.591324 0.668881 0.706900 1 0 1.000000
barracuda
  0 22.537266 49.465660 -24.903187 0.548411 0.810186 -0.206987 0.659582 0.700480 1 0 1.000000
  0 22.768703 46.831467 -28.294655 0.737376 0.342799 -0.582035 0.675221 0.704806 1 0 1.000000
  0 21.174202 48.613590 -28.370758 0.427965 0.683507 -0.591324 0.668881 0.706900 1 0 1.000000
barracuda
  0 21.348309 45.640831 -29.883791 0.558476 0.091546 -0.824453 0.680501 0.713234 1 0 1.000000
  0 21.174202 48.613590 -28.370758 0.427965 0.683507 -0.591324 0.668881 0.706900 1 0 1.000000
  0 22.768703 46.831467 -28.294655 0.737376 0.342799 -0.582035 0.675221 0.704806 1 0 1.000000
barracuda
  0 19.642746 47.235870 -29.998957 0.092255 0.517405 -0.850753 0.673531 0.715011 1 0 1.000000
  0 21.174202 48.613590 -28.370758 0.427965 0.683507 -0.591324 0.668881 0.706900 1 0 1.000000
  0 21.348309 45.640831 -29.883791 0.558476 0.091546 -0.824453 0.680501 0.713234 1 0 1.000000
barracuda
  0 19.642746 47.235870 -29.998957 0.092255 0.517405 -0.850753 0.673531 0.715011 1 0 1.000000
  0 18.490608 48.298332 -28.710255 -0.682950 0.680345 -0.265912 0.668095 0.714889 1 0 1.000000
  0 21.174202 48.613590 -28.370758 0.427965 0.683507 -0.591324 0.668881 0.706900 1 0 1.000000
barracuda
  0 8.336113 11.362956 -30.225672 0.877820 -0.293085 -0.378858 0.681219 0.554760 1 0 1.000000
  0 15.010365 29.803555 -11.655365 0.860571 -0.343976 0.375631 0.607023 0.624117 1 0 1.000000
  0 8.336096 10.620220 -10.912109 0.884043 -0.293088 0.364097 0.603668 0.552601 1 0 1.000000
barracuda
  0 14.884432 29.855068 -29.508965 0.855182 -0.343928 -0.387785 0.678699 0.623855 1 0 1.000000
  0 15.010365 29.803555 -11.655365 0.860571 -0.343976 0.375631 0.607023 0.624117 1 0 1.000000
  0 8.336113 11.362956 -30.225672 0.877820 -0.293085 -0.378858 0.681219 0.554760 1 0 1.000000
barracuda
  0 14.884432 29.855068 -29.508965 0.855182 -0.343928 -0.387785 0.678699 0.623855 1 0 1.000000
  0 21.478519 42.968803 -12.199055 0.818850 -0.421355 0.389800 0.609417 0.675768 1 0 1.000000
  0 15.010365 29.803555 -11.655365 0.860571 -0.343976 0.375631 0.607023 0.624117 1 0 1.000000
barracuda
  0 21.434719 43.000366 -28.966356 0.815452 -0.419622 -0.398692 0.676734 0.675590 1 0 1.000000
  0 21.478519 42.968803 -12.199055 0.818850 -0.421355 0.389800 0.609417 0.675768 1 0 1.000000
  0 14.884432 29.855068 -29.508965 0.855182 -0.343928 -0.387785 0.678699 0.623855 1 0 1.000000
barracuda
  0 22.571438 44.579979 -28.479342 0.819311 -0.425435 -0.384362 0.674801 0.682450 1 0 1.000000
  0 21.478519 42.968803 -12.199055 0.818850 -0.421355 0.389800 0.609417 0.675768 1 0 1.000000
  0 21.434719 43.000366 -28.966356 0.815452 -0.419622 -0.398692 0.676734 0.675590 1 0 1.000000
barracuda
  0 22.594250 44.563133 -12.673953 0.818833 -0.434803 0.374777 0.611347 0.682616 1 0 1.000000
  0 21.478519 42.968803 -12.199055 0.818850 -0.421355 0.389800 0.609417 0.675768 1 0 1.000000
  0 22.571438 44.579979 -28.479342 0.819311 -0.425435 -0.384362 0.674801 0.682450 1 0 1.000000
barracuda
  0 23.693325 45.704395 -27.107811 0.942938 -0.158155 -0.293009 0.669310 0.688058 1 0 1.000000
  0 22.594250 44.563133 -12.673953 0.818833 -0.434803 0.374777 0.611347 0.682616 1 0 1.000000
  0 22.571438 44.579979 -28.479342 0.819311 -0.425435 -0.384362 0.674801 0.682450 1 0 1.000000
barracuda
  0 23.693207 45.704235 -14.038848 0.941445 -0.187519 0.280210 0.616844 0.688183 1 0 1.000000
  0 22.594250 44.563133 -12.673953 0.818833 -0.434803 0.374777 0.611347 0.682616 1 0 1.000000
  0 23.693325 45.704395 -27.107811 0.942938 -0.158155 -0.293009 0.669310 0.688058 1 0 1.000000
barracuda
  0 23.693325 45.704395 -27.107811 0.942938 -0.158155 -0.293009 0.669310 0.688058 1 0 1.000000
  0 23.961147 47.774529 -24.855854 0.900912 0.372488 -0.222733 0.660289 0.695434 1 0 1.000000
  0 23.693207 45.704235 -14.038848 0.941445 -0.187519 0.280210 0.616844 0.688183 1 0 1.000000
barracuda
  0 23.693207 45.704235 -14.038848 0.941445 -0.187519 0.280210 0.616844 0.688183 1 0 1.000000
  0 23.961147 47.774529 -24.855854 0.900912 0.372488 -0.222733 0.660289 0.695434 1 0 1.000000
  0 24.079979 47.868454 -16.287800 0.923610 0.328103 0.198223 0.625897 0.695902 1 0 1.000000
barracuda
  0 23.961147 47.774529 -24.855854 0.900912 0.372488 -0.222733 0.660289 0.695434 1 0 1.000000
  0 23.319771 48.854790 -16.255375 0.593116 0.779528 0.201371 0.627202 0.700152 1 0 1.000000
  0 24.079979 47.868454 -16.287800 0.923610 0.328103 0.198223 0.625897 0.695902 1 0 1.000000
barracuda
  0 24.079979 47.868454 -16.287800 0.923610 0.328103 0.198223 0.625897 0.695902 1 0 1.000000
  0 23.319771 48.854790 -16.255375 0.593116 0.779528 0.201371 0.627202 0.700152 1 0 1.000000
  0 22.879478 46.925495 -12.840156 0.742276 0.300963 0.598705 0.611601 0.704700 1 0 1.000000
barracuda
  0 22.879478 46.925495 -12.840156 0.742276 0.300963 0.598705 0.611601 0.704700 1 0 1.000000
  0 23.319771 48.854790 -16.255375 0.593116 0.779528 0.201371 0.627202 0.700152 1 0 1.000000
  0 22.208424 48.039127 -12.794505 0.447949 0.625446 0.638873 0.615202 0.706719 1 0 1.000000
barracuda
  0 20.403252 46.299240 -11.536190 0.096998 0.491795 0.865291 0.610446 0.714010 1 0 1.000000
  0 22.879478 46.925495 -12.840156 0.742276 0.300963 0.598705 0.611601 0.704700 1 0 1.000000
  0 22.208424 48.039127 -12.794505 0.447949 0.625446 0.638873 0.615202 0.706719 1 0 1.000000
barracuda
  0 20.403252 46.299240 -11.536190 0.096998 0.491795 0.865291 0.610446 0.714010 1 0 1.000000
  0 22.208424 48.039127 -12.794505 0.447949 0.625446 0.638873 0.615202 0.706719 1 0 1.000000
  0 19.179710 47.577843 -12.316355 -0.634046 0.659436 0.403894 0.616406 0.714262 1 0 1.000000
barracuda
  0 17.601929 45.761833 -11.766167 -0.705599 0.581494 0.404964 0.614588 0.720616 1 0 1.000000
  0 20.403252 46.299240 -11.536190 0.096998 0.491795 0.865291 0.610446 0.714010 1 0 1.000000
  0 19.179710 47.577843 -12.316355 -0.634046 0.659436 0.403894 0.616406 0.714262 1 0 1.000000
barracuda
  0 19.179710 47.577843 -12.316355 -0.634046 0.659436 0.403894 0.616406 0.714262 1 0 1.000000
  0 18.586571 45.655651 -21.111008 -0.887173 0.457291 0.061712 0.643820 0.719430 1 0 1.000000
  0 17.601929 45.761833 -11.766167 -0.705599 0.581494 0.404964 0.614588 0.720616 1 0 1.000000
barracuda
  0 11.495529 31.241440 -21.079948 -0.919194 0.389060 0.060955 0.642938 0.771867 1 0 1.000000
  0 17.601929 45.761833 -11.766167 -0.705599 0.581494 0.404964 0.614588 0.720616 1 0 1.000000
  0 18.586571 45.655651 -21.111008 -0.887173 0.457291 0.061712 0.643820 0.719430 1 0 1.000000
barracuda
  0 18.955940 44.786278 -10.442829 -0.109840 0.317848 0.941758 0.607967 0.720428 1 0 1.000000
  0 20.403252 46.299240 -11.536190 0.096998 0.491795 0.865291 0.610446 0.714010 1 0 1.000000
  0 17.601929 45.761833 -11.766167 -0.705599 0.581494 0.404964 0.614588 0.720616 1 0 1.000000
barracuda
  0 18.955940 44.786278 -10.442829 -0.109840 0.317848 0.941758 0.607967 0.720428 1 0 1.000000
  0 20.141754 43.931923 -10.670855 0.433454 -0.061262 0.899091 0.603082 0.719965 1 0 1.000000
  0 20.403252 46.299240 -11.536190 0.096998 0.491795 0.865291 0.610446 0.714010 1 0 1.000000
barracuda
  0 11.762190 31.132351 -9.803705 -0.260202 0.158312 0.952487 0.603965 0.769719 1 0 1.000000
  0 20.141754 43.931923 -10.670855 0.433454 -0.061262 0.899091 0.603082 0.719965 1 0 1.000000
  0 18.955940 44.786278 -10.442829 -0.109840 0.317848 0.941758 0.607967 0.720428 1 0 1.000000
barracuda
  0 13.515348 30.415150 -10.036741 0.422435 -0.136982 0.895982 0.597605 0.769186 1 0 1.000000
  0 20.141754 43.931923 -10.670855 0.433454 -0.061262 0.899091 0.603082 0.719965 1 0 1.000000
  0 11.762190 31.132351 -9.803705 -0.260202 0.158312 0.952487 0.603965 0.769719 1 0 1.000000
barracuda
  0 11.762190 31.132351 -9.803705 -0.260202 0.158312 0.952487 0.603965 0.769719 1 0 1.000000
  0 18.955940 44.786278 -10.442829 -0.109840 0.317848 0.941758 0.607967 0.720428 1 0 1.000000
  0 10.331890 31.717472 -11.207525 -0.855059 0.387184 0.344909 0.610851 0.770152 1 0 1.000000
barracuda
  0 10.331890 31.717472 -11.207525 -0.855059 0.387184 0.344909 0.610851 0.770152 1 0 1.000000
  0 18.955940 44.786278 -10.442829 -0.109840 0.317848 0.941758 0.607967 0.720428 1 0 1.000000
  0 17.601929 45.761833 -11.766167 -0.705599 0.581494 0.404964 0.614588 0.720616 1 0 1.000000
barracuda
  0 10.331890 31.717472 -11.207525 -0.855059 0.387184 0.344909 0.610851 0.770152 1 0 1.000000
  0 17.601929 45.761833 -11.766167 -0.705599 0.581494 0.404964 0.614588 0.720616 1 0 1.000000
  0 11.495529 31.241440 -21.079948 -0.919194 0.389060 0.060955 0.642938 0.771867 1 0 1.000000
barracuda
  0 10.331890 31.717472 -11.207525 -0.855059 0.387184 0.344909 0.610851 0.770152 1 0 1.000000
  0 11.495529 31.241440 -21.079948 -0.919194 0.389060 0.060955 0.642938 0.771867 1 0 1.000000
  0 5.214848 17.839931 -10.646286 -0.481194 0.794938 0.369494 0.610201 0.813181 1 0 1.000000
barracuda
  0 5.214848 17.839931 -10.646286 -0.481194 0.794938 0.369494 0.610201 0.813181 1 0 1.000000
  0 11.762190 31.132351 -9.803705 -0.260202 0.158312 0.952487 0.603965 0.769719 1 0 1.000000
  0 10.331890 31.717472 -11.207525 -0.855059 0.387184 0.344909 0.610851 0.770152 1 0 1.000000
barracuda
  0 6.114946 16.205540 -9.112720 -0.099429 0.277468 0.955576 0.603459 0.812926 1 0 1.000000
  0 11.762190 31.132351 -9.803705 -0.260202 0.158312 0.952487 0.603965 0.769719 1 0 1.000000
  0 5.214848 17.839931 -10.646286 -0.481194 0.794938 0.369494 0.610201 0.813181 1 0 1.000000
barracuda
  0 6.114946 16.205540 -9.112720 -0.099429 0.277468 0.955576 0.603459 0.812926 1 0 1.000000
  0 13.515348 30.415150 -10.036741 0.422435 -0.136982 0.895982 0.597605 0.769186 1 0 1.000000
  0 11.762190 31.132351 -9.803705 -0.260202 0.158312 0.952487 0.603965 0.769719 1 0 1.000000
barracuda
  0 6.667130 10.585433 -9.138912 0.310071 -0.072200 0.947968 0.595333 0.811921 1 0 1.000000
  0 13.515348 30.415150 -10.036741 0.422435 -0.136982 0.895982 0.597605 0.769186 1 0 1.000000
  0 6.114946 16.205540 -9.112720 -0.099429 0.277468 0.955576 0.603459 0.812926 1 0 1.000000
barracuda
  0 6.667130 10.585433 -9.138912 0.310071 -0.072200 0.947968 0.595333 0.811921 1 0 1.000000
  0 8.336096 10.620220 -10.912109 0.884043 -0.293088 0.364097 0.587542 0.810785 1 0 1.000000
  0 13.515348 30.415150 -10.036741 0.422435 -0.136982 0.895982 0.597605 0.769186 1 0 1.000000
barracuda
  0 13.515348 30.415150 -10.036741 0.422435 -0.136982 0.895982 0.597605 0.769186 1 0 1.000000
  0 8.336096 10.620220 -10.912109 0.884043 -0.293088 0.364097 0.587542 0.810785 1 0 1.000000
  0 15.010365 29.803555 -11.655365 0.860571 -0.343976 0.375631 0.589820 0.768515 1 0 1.000000
barracuda
  0 15.010365 29.803555 -11.655365 0.860571 -0.343976 0.375631 0.589820 0.768515 1 0 1.000000
  0 21.478519 42.968803 -12.199055 0.818850 -0.421355 0.389800 0.594673 0.718653 1 0 1.000000
  0 13.515348 30.415150 -10.036741 0.422435 -0.136982 0.895982 0.597605 0.769186 1 0 1.000000
barracuda
  0 13.515348 30.415150 -10.036741 0.422435 -0.136982 0.895982 0.597605 0.769186 1 0 1.000000
  0 21.478519 42.968803 -12.199055 0.818850 -0.421355 0.389800 0.594673 0.718653 1 0 1.000000
  0 20.141754 43.931923 -10.670855 0.433454 -0.061262 0.899091 0.603082 0.719965 1 0 1.000000
barracuda
  0 20.141754 43.931923 -10.670855 0.433454 -0.061262 0.899091 0.603082 0.719965 1 0 1.000000
  0 21.478519 42.968803 -12.199055 0.818850 -0.421355 0.389800 0.594673 0.718653 1 0 1.000000
  0 21.370037 45.624786 -11.216232 0.523884 0.124948 0.842575 0.606440 0.712995 1 0 1.000000
barracuda
  0 20.403252 46.299240 -11.536190 0.096998 0.491795 0.865291 0.610446 0.714010 1 0 1.000000
  0 20.141754 43.931923 -10.670855 0.433454 -0.061262 0.899091 0.603082 0.719965 1 0 1.000000
  0 21.370037 45.624786 -11.216232 0.523884 0.124948 0.842575 0.606440 0.712995 1 0 1.000000
barracuda
  0 21.370037 45.624786 -11.216232 0.523884 0.124948 0.842575 0.606440 0.712995 1 0 1.000000
  0 22.879478 46.925495 -12.840156 0.742276 0.300963 0.598705 0.611601 0.704700 1 0 1.000000
  0 20.403252 46.299240 -11.536190 0.096998 0.491795 0.865291 0.610446 0.714010 1 0 1.000000
barracuda
  0 21.370037 45.624786 -11.216232 0.523884 0.124948 0.842575 0.606440 0.712995 1 0 1.000000
  0 22.594250 44.563133 -12.673953 0.818833 -0.434803 0.374777 0.600165 0.707008 1 0 1.000000
  0 22.879478 46.925495 -12.840156 0.742276 0.300963 0.598705 0.611601 0.704700 1 0 1.000000
barracuda
  0 22.879478 46.925495 -12.840156 0.742276 0.300963 0.598705 0.611601 0.704700 1 0 1.000000
  0 22.594250 44.563133 -12.673953 0.818833 -0.434803 0.374777 0.600165 0.707008 1 0 1.000000
  0 23.693207 45.704235 -14.038848 0.941445 -0.187519 0.280210 0.607971 0.698363 1 0 1.000000
barracuda
  0 24.079979 47.868454 -16.287800 0.923610 0.328103 0.198223 0.625897 0.695902 1 0 1.000000
  0 22.879478 46.925495 -12.840156 0.742276 0.300963 0.598705 0.611601 0.704700 1 0 1.000000
  0 23.693207 45.704235 -14.038848 0.941445 -0.187519 0.280210 0.607971 0.698363 1 0 1.000000
barracuda
  0 21.370037 45.624786 -11.216232 0.523884 0.124948 0.842575 0.606440 0.712995 1 0 1.000000
  0 21.478519 42.968803 -12.199055 0.818850 -0.421355 0.389800 0.594673 0.718653 1 0 1.000000
  0 22.594250 44.563133 -12.673953 0.818833 -0.434803 0.374777 0.600165 0.707008 1 0 1.000000
barracuda
  0 -100.670654 26.009939 -39.967640 -0.821061 -0.081137 -0.565045 0.463019 0.831796 1 0 1.000000
  0 -100.670654 27.022188 -40.094482 -0.821061 -0.081137 -0.565045 0.457025 0.831796 1 0 1.000000
  0 -100.351273 26.138842 -40.431728 -0.821061 -0.081137 -0.565045 0.463019 0.829952 1 0 1.000000
barracuda
  0 -100.351273 26.138842 -40.431728 -0.821061 -0.081137 -0.565045 0.463019 0.829952 1 0 1.000000
  0 -100.670654 27.022188 -40.094482 -0.821061 -0.081137 -0.565045 0.457025 0.831796 1 0 1.000000
  0 -100.351273 26.893286 -40.558571 -0.821061 -0.081137 -0.565045 0.457025 0.829952 1 0 1.000000
barracuda
  0 -93.272003 26.893286 -41.366558 0.861026 -0.072277 -0.503398 0.457026 0.800458 1 0 1.000000
  0 -93.060379 27.022188 -41.004593 0.861026 -0.072277 -0.503398 0.457026 0.799027 1 0 1.000000
  0 -93.272003 26.138842 -41.239719 0.861026 -0.072277 -0.503398 0.463019 0.800458 1 0 1.000000
barracuda
  0 -93.272003 26.138842 -41.239719 0.861026 -0.072277 -0.503398 0.463019 0.800458 1 0 1.000000
  0 -93.060379 27.022188 -41.004593 0.861026 -0.072277 -0.503398 0.457026 0.799027 1 0 1.000000
  0 -93.060379 26.009943 -40.877754 0.861026 -0.072277 -0.503398 0.463019 0.799027 1 0 1.000000
barracuda
  0 -100.351273 26.138842 -40.431728 -0.111849 -0.164757 -0.979972 0.463019 0.829952 1 0 1.000000
  0 -100.351273 26.893286 -40.558571 -0.111849 -0.164757 -0.979972 0.457025 0.829952 1 0 1.000000
  0 -93.272003 26.138842 -41.239719 -0.111849 -0.164757 -0.979972 0.463019 0.800458 1 0 1.000000
barracuda
  0 -93.272003 26.138842 -41.239719 -0.111849 -0.164757 -0.979972 0.463019 0.800458 1 0 1.000000
  0 -100.351273 26.893286 -40.558571 -0.111849 -0.164757 -0.979972 0.457025 0.829952 1 0 1.000000
  0 -93.272003 26.893286 -41.366558 -0.111849 -0.164757 -0.979972 0.457026 0.800458 1 0 1.000000
barracuda
  0 -100.670654 26.009939 -39.967640 -0.035313 -0.952677 -0.301926 0.464728 0.831537 1 0 1.000000
  0 -100.351273 26.138842 -40.431728 -0.035313 -0.952677 -0.301926 0.463019 0.829952 1 0 1.000000
  0 -93.060379 26.009943 -40.877754 -0.035313 -0.952677 -0.301926 0.464579 0.799714 1 0 1.000000
barracuda
  0 -93.060379 26.009943 -40.877754 -0.035313 -0.952677 -0.301926 0.464579 0.799714 1 0 1.000000
  0 -100.351273 26.138842 -40.431728 -0.035313 -0.952677 -0.301926 0.463019 0.829952 1 0 1.000000
  0 -93.272003 26.138842 -41.239719 -0.035313 -0.952677 -0.301926 0.463019 0.800458 1 0 1.000000
barracuda
  0 -100.670654 27.022188 -40.094482 -0.035314 0.952676 -0.301930 0.455317 0.831537 1 0 1.000000
  0 -93.060379 27.022188 -41.004593 -0.035314 0.952676 -0.301930 0.455465 0.799713 1 0 1.000000
  0 -100.351273 26.893286 -40.558571 -0.035314 0.952676 -0.301930 0.457025 0.829952 1 0 1.000000
barracuda
  0 -100.351273 26.893286 -40.558571 -0.035314 0.952676 -0.301930 0.457025 0.829952 1 0 1.000000
  0 -93.060379 27.022188 -41.004593 -0.035314 0.952676 -0.301930 0.455465 0.799713 1 0 1.000000
  0 -93.272003 26.893286 -41.366558 -0.035314 0.952676 -0.301930 0.457026 0.800458 1 0 1.000000
barracuda
  0 99.399628 14.320972 -19.266710 0.010838 -0.999941 0.000000 2.639107 0.935399 1 0 1.000000
  0 90.824158 14.228027 -19.026054 0.010838 -0.999941 0.000000 2.639085 0.936174 1 0 1.000000
  0 99.399628 14.320972 -23.718334 0.010838 -0.999941 0.000000 2.639509 0.935399 1 0 1.000000
barracuda
  0 99.399628 14.320972 -23.718334 0.010838 -0.999941 0.000000 2.639509 0.935399 1 0 1.000000
  0 90.824158 14.228027 -19.026054 0.010838 -0.999941 0.000000 2.639085 0.936174 1 0 1.000000
  0 90.824158 14.228027 -23.958988 0.010838 -0.999941 0.000000 2.639531 0.936174 1 0 1.000000
barracuda
  0 99.399628 14.135086 -18.785398 0.000000 -0.932846 -0.360274 2.639063 0.935399 1 0 1.000000
  0 90.824158 14.228027 -19.026054 0.000000 -0.932846 -0.360274 2.639085 0.936174 1 0 1.000000
  0 99.399628 14.320972 -19.266710 0.000000 -0.932846 -0.360274 2.639107 0.935399 1 0 1.000000
barracuda
  0 6.667202 11.475459 -31.998859 0.046137 0.997141 0.059847 0.517508 0.972400 1 0 1.000000
  0 15.315895 12.095448 -38.070534 0.034490 0.996208 0.079876 0.496685 0.987018 1 0 1.000000
  0 -21.598347 12.150084 -33.730545 0.011435 0.999296 0.035726 0.585561 0.976569 1 0 1.000000
barracuda
  0 15.315895 12.095448 -38.070534 0.034490 0.996208 0.079876 0.496685 0.987018 1 0 1.000000
  0 6.667202 11.475459 -31.998859 0.046137 0.997141 0.059847 0.517508 0.972400 1 0 1.000000
  0 18.955456 10.195346 -26.639906 0.064711 0.989396 0.130028 0.487923 0.959498 1 0 1.000000
barracuda
  0 19.455528 9.385814 -6.356663 0.083785 0.994644 0.060524 0.486719 0.910663 1 0 1.000000
  0 18.955456 10.195346 -26.639906 0.064711 0.989396 0.130028 0.487923 0.959498 1 0 1.000000
  0 8.336096 10.620220 -10.912109 0.083785 0.994644 0.060524 0.513490 0.921631 1 0 1.000000
barracuda
  0 8.336096 10.620220 -10.912109 0.083785 0.994644 0.060524 0.513490 0.921631 1 0 1.000000
  0 18.955456 10.195346 -26.639906 0.064711 0.989396 0.130028 0.487923 0.959498 1 0 1.000000
  0 8.336113 11.362956 -30.225672 0.083785 0.994644 0.060524 0.513490 0.968131 1 0 1.000000
barracuda
  0 8.336113 11.362956 -30.225672 0.083785 0.994644 0.060524 0.513490 0.968131 1 0 1.000000
  0 18.955456 10.195346 -26.639906 0.064711 0.989396 0.130028 0.487923 0.959498 1 0 1.000000
  0 6.667202 11.475459 -31.998859 0.046137 0.997141 0.059847 0.517508 0.972400 1 0 1.000000
barracuda
  0 28.466633 12.095448 -38.468433 -0.012271 0.887430 0.460778 0.465023 0.987976 1 0 1.000000
  0 28.466633 12.095449 -41.502064 0.000000 1.000000 0.000001 0.465023 0.995280 1 0 1.000000
  0 15.315895 12.095448 -38.070534 0.034490 0.996208 0.079876 0.496685 0.987018 1 0 1.000000
barracuda
  0 28.466633 12.095449 -41.502064 0.000000 1.000000 0.000001 0.465023 0.995280 1 0 1.000000
  0 -34.864120 12.095461 -39.585926 0.000000 1.000000 0.000001 0.617500 0.990667 1 0 1.000000
  0 15.315895 12.095448 -38.070534 0.034490 0.996208 0.079876 0.496685 0.987018 1 0 1.000000
barracuda
  0 -34.864120 12.095459 -36.552292 0.007624 0.999687 0.023819 0.617500 0.983363 1 0 1.000000
  0 15.315895 12.095448 -38.070534 0.034490 0.996208 0.079876 0.496685 0.987018 1 0 1.000000
  0 -34.864120 12.095461 -39.585926 0.000000 1.000000 0.000001 0.617500 0.990667 1 0 1.000000
barracuda
  0 -21.598347 12.150084 -33.730545 0.011435 0.999296 0.035726 0.585561 0.976569 1 0 1.000000
  0 15.315895 12.095448 -38.070534 0.034490 0.996208 0.079876 0.496685 0.987018 1 0 1.000000
  0 -34.864120 12.095459 -36.552292 0.007624 0.999687 0.023819 0.617500 0.983363 1 0 1.000000
barracuda
  0 -21.598347 12.150084 -33.730545 0.011435 0.999296 0.035726 0.585561 0.976569 1 0 1.000000
  0 -34.864120 12.095459 -36.552292 0.007624 0.999687 0.023819 0.617500 0.983363 1 0 1.000000
  0 -23.267233 12.126281 -32.161484 0.014440 0.999819 0.012348 0.589579 0.972792 1 0 1.000000
barracuda
  0 -23.267233 12.126281 -32.161484 0.014440 0.999819 0.012348 0.589579 0.972792 1 0 1.000000
  0 -34.864120 12.095459 -36.552292 0.007624 0.999687 0.023819 0.617500 0.983363 1 0 1.000000
  0 -47.951645 12.239254 -11.680443 0.019852 0.998726 0.046382 0.649010 0.923496 1 0 1.000000
barracuda
  0 -23.266857 11.328568 -8.976177 0.019852 0.998726 0.046382 0.589578 0.916970 1 0 1.000000
  0 -23.267233 12.126281 -32.161484 0.014440 0.999819 0.012348 0.589579 0.972792 1 0 1.000000
  0 -47.951645 12.239254 -11.680443 0.019852 0.998726 0.046382 0.649010 0.923496 1 0 1.000000
barracuda
  0 -21.597868 11.227043 -7.407127 0.025241 0.996446 0.080360 0.585560 0.913192 1 0 1.000000
  0 -23.266857 11.328568 -8.976177 0.019852 0.998726 0.046382 0.589578 0.916970 1 0 1.000000
  0 -47.951645 12.239254 -11.680443 0.019852 0.998726 0.046382 0.649010 0.923496 1 0 1.000000
barracuda
  0 -20.031105 10.995228 -5.859238 0.025241 0.996446 0.080360 0.581788 0.909466 1 0 1.000000
  0 -21.597868 11.227043 -7.407127 0.025241 0.996446 0.080360 0.585560 0.913192 1 0 1.000000
  0 -47.951645 12.239254 -11.680443 0.019852 0.998726 0.046382 0.649010 0.923496 1 0 1.000000
barracuda
  0 -34.864120 12.095459 -36.552292 0.007624 0.999687 0.023819 0.617500 0.983363 1 0 1.000000
  0 -49.057579 12.095469 -35.243309 0.014440 0.999819 0.012348 0.651671 0.980196 1 0 1.000000
  0 -47.951645 12.239254 -11.680443 0.019852 0.998726 0.046382 0.649010 0.923496 1 0 1.000000
barracuda
  0 28.305168 42.207314 -35.770306 -0.968007 -0.250393 -0.016298 0.569782 0.468376 1 0 1.000000
  0 28.443459 42.625973 -41.095081 -0.968007 -0.250393 -0.016298 0.550684 0.469878 1 0 1.000000
  0 30.867527 32.832550 -34.610550 -0.993426 -0.114088 -0.009442 0.573961 0.434705 1 0 1.000000
barracuda
  0 30.867527 32.832550 -34.610550 -0.993426 -0.114088 -0.009442 0.573961 0.434705 1 0 1.000000
  0 28.443459 42.625973 -41.095081 -0.968007 -0.250393 -0.016298 0.550684 0.469878 1 0 1.000000
  0 30.902149 32.654831 -43.257229 -0.993426 -0.114088 -0.009442 0.542906 0.434067 1 0 1.000000
barracuda
  0 30.902149 32.654831 -43.257229 -0.993426 -0.114088 -0.009442 0.542906 0.434067 1 0 1.000000
  0 30.644211 22.779589 -36.289360 -0.993651 0.112501 -0.001206 0.567931 0.398599 1 0 1.000000
  0 30.867527 32.832550 -34.610550 -0.993426 -0.114088 -0.009442 0.573961 0.434705 1 0 1.000000
barracuda
  0 30.644207 22.779583 -43.851711 -0.993651 0.112501 -0.001206 0.540771 0.398599 1 0 1.000000
  0 30.644211 22.779589 -36.289360 -0.993651 0.112501 -0.001206 0.567931 0.398599 1 0 1.000000
  0 30.902149 32.654831 -43.257229 -0.993426 -0.114088 -0.009442 0.542906 0.434067 1 0 1.000000
barracuda
  0 30.644207 22.779583 -43.851711 -0.993651 0.112501 -0.001206 0.540771 0.398599 1 0 1.000000
  0 29.084751 15.128188 -37.724174 -0.979855 0.199708 0.000000 0.562778 0.371119 1 0 1.000000
  0 30.644211 22.779589 -36.289360 -0.993651 0.112501 -0.001206 0.567931 0.398599 1 0 1.000000
barracuda
  0 29.084751 15.128191 -42.800724 -0.979855 0.199708 0.000000 0.544545 0.371119 1 0 1.000000
  0 29.084751 15.128188 -37.724174 -0.979855 0.199708 0.000000 0.562778 0.371119 1 0 1.000000
  0 30.644207 22.779583 -43.851711 -0.993651 0.112501 -0.001206 0.540771 0.398599 1 0 1.000000
barracuda
  0 29.084751 15.128191 -42.800724 -0.979855 0.199708 0.000000 0.544545 0.371119 1 0 1.000000
  0 28.466633 12.095449 -41.502064 -0.979855 0.199710 0.000000 0.549209 0.360226 1 0 1.000000
  0 29.084751 15.128188 -37.724174 -0.979855 0.199708 0.000000 0.562778 0.371119 1 0 1.000000
barracuda
  0 29.084751 15.128188 -37.724174 -0.979855 0.199708 0.000000 0.562778 0.371119 1 0 1.000000
  0 28.466633 12.095449 -41.502064 -0.979855 0.199710 0.000000 0.549209 0.360226 1 0 1.000000
  0 28.466633 12.095448 -38.468433 -0.979855 0.199710 0.000000 0.560105 0.360226 1 0 1.000000
barracuda
  0 99.399628 13.577328 -18.187206 0.011210 -0.731348 -0.681912 2.639009 0.935399 1 0 1.000000
  0 90.824158 13.352940 -18.087524 0.011210 -0.731348 -0.681912 2.639000 0.936174 1 0 1.000000
  0 99.399628 14.135086 -18.785398 0.011210 -0.731348 -0.681912 2.639063 0.935399 1 0 1.000000
barracuda
  0 99.399628 14.135086 -18.785398 0.011210 -0.731348 -0.681912 2.639063 0.935399 1 0 1.000000
  0 90.824158 13.352940 -18.087524 0.011210 -0.731348 -0.681912 2.639000 0.936174 1 0 1.000000
  0 90.824158 14.228027 -19.026054 0.011210 -0.731348 -0.681912 2.639085 0.936174 1 0 1.000000
barracuda
  0 99.399628 11.346115 -18.187206 0.005720 0.580380 -0.814326 2.637213 0.935293 1 0 1.000000
  0 90.824158 11.570499 -18.087521 0.008056 0.401312 -0.915906 2.637233 0.936069 1 0 1.000000
  0 99.399628 11.794888 -17.987839 0.005941 0.207515 -0.978214 2.637253 0.935293 1 0 1.000000
barracuda
  0 99.399628 11.794888 -17.987839 0.005941 0.207515 -0.978214 2.637253 0.935293 1 0 1.000000
  0 90.824158 11.570499 -18.087521 0.008056 0.401312 -0.915906 2.637233 0.936069 1 0 1.000000
  0 99.399628 13.128551 -17.987839 0.005941 -0.207515 -0.978214 2.637374 0.935293 1 0 1.000000
barracuda
  0 99.399628 13.128551 -17.987839 0.005941 -0.207515 -0.978214 2.637374 0.935293 1 0 1.000000
  0 90.824158 11.570499 -18.087521 0.008056 0.401312 -0.915906 2.637233 0.936069 1 0 1.000000
  0 90.824158 13.352940 -18.087524 0.005941 -0.207515 -0.978214 2.637394 0.936069 1 0 1.000000
barracuda
  0 99.399628 13.128551 -17.987839 0.005941 -0.207515 -0.978214 2.637374 0.935293 1 0 1.000000
  0 90.824158 13.352940 -18.087524 0.005941 -0.207515 -0.978214 2.637394 0.936069 1 0 1.000000
  0 99.399628 13.577328 -18.187206 0.000000 -0.405987 -0.913879 2.637414 0.935293 1 0 1.000000
barracuda
  0 99.399628 10.788357 -18.785397 0.011210 0.731348 -0.681913 2.636872 0.934983 1 0 1.000000
  0 90.824158 10.695412 -19.026051 0.011210 0.731348 -0.681913 2.636850 0.935759 1 0 1.000000
  0 99.399628 11.346115 -18.187206 0.005720 0.580380 -0.814326 2.636926 0.934983 1 0 1.000000
barracuda
  0 99.399628 11.346115 -18.187206 0.005720 0.580380 -0.814326 2.636926 0.934983 1 0 1.000000
  0 90.824158 10.695412 -19.026051 0.011210 0.731348 -0.681913 2.636850 0.935759 1 0 1.000000
  0 90.824158 11.570499 -18.087521 0.008056 0.401312 -0.915906 2.636935 0.935759 1 0 1.000000
barracuda
  0 99.399628 10.602467 -19.266708 0.000000 0.932844 -0.360280 2.636828 0.934983 1 0 1.000000
  0 90.824158 10.695412 -19.026051 0.000000 0.932844 -0.360280 2.636850 0.935759 1 0 1.000000
  0 99.399628 10.788357 -18.785397 0.000000 0.932844 -0.360280 2.636872 0.934983 1 0 1.000000
barracuda
  0 30.644211 22.779589 -36.289360 -0.130900 -0.220829 0.966488 0.842561 0.106045 1 0 1.000000
  0 43.081089 22.779589 -34.024910 -0.838059 0.067173 0.541429 0.805793 0.106553 1 0 1.000000
  0 30.867527 32.832550 -34.610550 -0.169477 0.001392 0.985533 0.841903 0.135659 1 0 1.000000
barracuda
  0 30.644211 22.779589 -36.289360 -0.130900 -0.220829 0.966488 0.842561 0.106045 1 0 1.000000
  0 29.084751 15.128188 -37.724174 -0.082248 -0.279699 0.956558 0.847155 0.083506 1 0 1.000000
  0 43.081089 22.779589 -34.024910 -0.838059 0.067173 0.541429 0.805793 0.106553 1 0 1.000000
barracuda
  0 43.081089 22.779589 -34.024910 -0.838059 0.067173 0.541429 0.805793 0.106553 1 0 1.000000
  0 29.084751 15.128188 -37.724174 -0.082248 -0.279699 0.956558 0.847155 0.083506 1 0 1.000000
  0 40.903519 12.095449 -38.468433 -0.620810 0.561855 0.546730 0.812438 0.074091 1 0 1.000000
barracuda
  0 28.466633 12.095448 -38.468433 -0.012271 0.887430 0.460778 0.848976 0.074573 1 0 1.000000
  0 40.903519 12.095449 -38.468433 -0.620810 0.561855 0.546730 0.812438 0.074091 1 0 1.000000
  0 29.084751 15.128188 -37.724174 -0.082248 -0.279699 0.956558 0.847155 0.083506 1 0 1.000000
barracuda
  0 28.466633 12.095448 -38.468433 -0.012271 0.887430 0.460778 0.848976 0.074573 1 0 1.000000
  0 38.944584 10.195708 -30.502127 -0.613108 0.788774 -0.043973 0.818110 0.051106 1 0 1.000000
  0 40.903519 12.095449 -38.468433 -0.620810 0.561855 0.546730 0.812438 0.074091 1 0 1.000000
barracuda
  0 24.497105 10.195708 -30.502127 0.022659 0.976242 0.215496 0.860669 0.051106 1 0 1.000000
  0 38.944584 10.195708 -30.502127 -0.613108 0.788774 -0.043973 0.818110 0.051106 1 0 1.000000
  0 28.466633 12.095448 -38.468433 -0.012271 0.887430 0.460778 0.848976 0.074573 1 0 1.000000
barracuda
  0 28.466633 12.095448 -38.468433 -0.012271 0.887430 0.460778 0.848976 0.074573 1 0 1.000000
  0 15.315895 12.095448 -38.070534 0.034490 0.996208 0.079876 0.887715 0.073400 1 0 1.000000
  0 24.497105 10.195708 -30.502127 0.022659 0.976242 0.215496 0.860669 0.051106 1 0 1.000000
barracuda
  0 15.315895 12.095448 -38.070534 0.034490 0.996208 0.079876 0.887715 0.073400 1 0 1.000000
  0 21.487926 10.195708 -29.442421 0.045300 0.978982 0.198853 0.869533 0.047984 1 0 1.000000
  0 24.497105 10.195708 -30.502127 0.022659 0.976242 0.215496 0.860669 0.051106 1 0 1.000000
barracuda
  0 18.955456 10.195346 -26.639906 0.064711 0.989396 0.130028 0.876993 0.039729 1 0 1.000000
  0 21.487926 10.195708 -29.442421 0.045300 0.978982 0.198853 0.869533 0.047984 1 0 1.000000
  0 15.315895 12.095448 -38.070534 0.034490 0.996208 0.079876 0.887715 0.073400 1 0 1.000000
barracuda
  0 26.331909 43.664940 -35.950645 -0.056672 0.041891 0.997514 0.855264 0.167568 1 0 1.000000
  0 28.305168 42.207314 -35.770306 -0.106509 0.102967 0.988966 0.849451 0.163274 1 0 1.000000
  0 27.338459 43.870476 -35.895073 -0.056672 0.041891 0.997514 0.852299 0.168173 1 0 1.000000
barracuda
  0 28.305168 42.207314 -35.770306 -0.106509 0.102967 0.988966 0.849451 0.163274 1 0 1.000000
  0 42.133556 47.051743 -35.195129 -0.127756 0.410957 0.902659 0.809124 0.177565 1 0 1.000000
  0 27.338459 43.870476 -35.895073 -0.056672 0.041891 0.997514 0.852299 0.168173 1 0 1.000000
barracuda
  0 30.867527 32.832550 -34.610550 -0.169477 0.001392 0.985533 0.841903 0.135659 1 0 1.000000
  0 42.133556 47.051743 -35.195129 -0.127756 0.410957 0.902659 0.809124 0.177565 1 0 1.000000
  0 28.305168 42.207314 -35.770306 -0.106509 0.102967 0.988966 0.849451 0.163274 1 0 1.000000
barracuda
  0 47.134106 34.031464 -31.390158 -0.477255 0.189241 0.858146 0.794087 0.138911 1 0 1.000000
  0 42.133556 47.051743 -35.195129 -0.127756 0.410957 0.902659 0.809124 0.177565 1 0 1.000000
  0 30.867527 32.832550 -34.610550 -0.169477 0.001392 0.985533 0.841903 0.135659 1 0 1.000000
barracuda
  0 30.867527 32.832550 -34.610550 -0.169477 0.001392 0.985533 0.841903 0.135659 1 0 1.000000
  0 43.081089 22.779589 -34.024910 -0.838059 0.067173 0.541429 0.805793 0.106553 1 0 1.000000
  0 47.134106 34.031464 -31.390158 -0.477255 0.189241 0.858146 0.794087 0.138911 1 0 1.000000
barracuda
  0 47.134106 34.031464 -31.390158 -0.477255 0.189241 0.858146 0.794087 0.138911 1 0 1.000000
  0 43.081089 22.779589 -34.024910 -0.838059 0.067173 0.541429 0.805793 0.106553 1 0 1.000000
  0 39.514233 17.837517 -29.886921 -0.904876 0.304015 -0.297951 0.793135 0.092898 1 0 1.000000
barracuda
  0 43.081089 22.779589 -34.024910 -0.838059 0.067173 0.541429 0.805793 0.106553 1 0 1.000000
  0 40.903519 12.095449 -38.468433 -0.620810 0.561855 0.546730 0.812438 0.074091 1 0 1.000000
  0 39.514233 17.837517 -29.886921 -0.904876 0.304015 -0.297951 0.793135 0.092898 1 0 1.000000
barracuda
  0 39.514233 17.837517 -29.886921 -0.904876 0.304015 -0.297951 0.793135 0.092898 1 0 1.000000
  0 40.903519 12.095449 -38.468433 -0.620810 0.561855 0.546730 0.812438 0.074091 1 0 1.000000
  0 38.944584 10.195708 -30.502127 -0.613108 0.788774 -0.043973 0.788432 0.072620 1 0 1.000000
barracuda
  0 42.133556 47.051743 -35.195129 -0.127756 0.410957 0.902659 0.809124 0.177565 1 0 1.000000
  0 59.494831 46.166641 -30.680878 -0.135718 0.733677 0.665807 0.757166 0.174917 1 0 1.000000
  0 58.659351 46.485149 -33.226051 0.020019 0.992850 0.117677 0.760684 0.181741 1 0 1.000000
barracuda
  0 42.133556 47.051743 -35.195129 -0.127756 0.410957 0.902659 0.809124 0.177565 1 0 1.000000
  0 47.134106 34.031464 -31.390158 -0.477255 0.189241 0.858146 0.794087 0.138911 1 0 1.000000
  0 59.494831 46.166641 -30.680878 -0.135718 0.733677 0.665807 0.757166 0.174917 1 0 1.000000
barracuda
  0 -110.800781 16.671986 -17.982197 0.564450 -0.415204 -0.713444 0.125178 0.855129 1 0 1.000000
  0 -109.736450 18.076740 -16.999018 0.881888 0.122021 -0.455395 0.119042 0.854136 1 0 1.000000
  0 -109.736450 17.086422 -16.733664 0.881887 -0.333373 -0.333373 0.120281 0.857438 1 0 1.000000
barracuda
  0 -110.800781 17.811386 -18.287498 0.564452 0.002856 -0.825461 0.123046 0.851297 1 0 1.000000
  0 -109.736450 18.076740 -16.999018 0.881888 0.122021 -0.455395 0.119042 0.854136 1 0 1.000000
  0 -110.800781 16.671986 -17.982197 0.564450 -0.415204 -0.713444 0.125178 0.855129 1 0 1.000000
barracuda
  0 -110.800781 18.950783 -17.982199 0.564452 0.410256 -0.716299 0.119270 0.849085 1 0 1.000000
  0 -109.736450 18.076740 -16.999018 0.881888 0.122021 -0.455395 0.119042 0.854136 1 0 1.000000
  0 -110.800781 17.811386 -18.287498 0.564452 0.002856 -0.825461 0.123046 0.851297 1 0 1.000000
barracuda
  0 -110.800766 15.532585 -16.008705 0.564454 -0.825460 0.002853 0.123228 0.863557 1 0 1.000000
  0 -112.179657 15.448528 -14.644505 0.309994 -0.823363 0.475371 0.121694 0.871875 1 0 1.000000
  0 -112.179657 15.082993 -16.008701 0.309994 -0.950738 -0.000002 0.127859 0.867616 1 0 1.000000
barracuda
  0 -110.800766 15.532585 -16.008705 0.564454 -0.825460 0.002853 0.123228 0.863557 1 0 1.000000
  0 -112.179657 15.082993 -16.008701 0.309994 -0.950738 -0.000002 0.127859 0.867616 1 0 1.000000
  0 -110.800781 15.837887 -17.148102 0.564450 -0.713442 -0.415207 0.125255 0.859580 1 0 1.000000
barracuda
  0 -110.800781 15.837887 -17.148102 0.564450 -0.713442 -0.415207 0.125255 0.859580 1 0 1.000000
  0 -112.179657 15.082993 -16.008701 0.309994 -0.950738 -0.000002 0.127859 0.867616 1 0 1.000000
  0 -112.179657 15.448528 -17.372898 0.309995 -0.823361 -0.475373 0.131260 0.860945 1 0 1.000000
barracuda
  0 -110.800781 15.837887 -17.148102 0.564450 -0.713442 -0.415207 0.125255 0.859580 1 0 1.000000
  0 -112.179657 15.448528 -17.372898 0.309995 -0.823361 -0.475373 0.131260 0.860945 1 0 1.000000
  0 -110.800781 16.671986 -17.982197 0.564450 -0.415204 -0.713444 0.125178 0.855129 1 0 1.000000
barracuda
  0 -110.800781 16.671986 -17.982197 0.564450 -0.415204 -0.713444 0.125178 0.855129 1 0 1.000000
  0 -112.179657 15.448528 -17.372898 0.309995 -0.823361 -0.475373 0.131260 0.860945 1 0 1.000000
  0 -112.179672 16.447189 -18.371555 0.309995 -0.475367 -0.823365 0.131086 0.853453 1 0 1.000000
barracuda
  0 -110.800781 16.671986 -17.982197 0.564450 -0.415204 -0.713444 0.125178 0.855129 1 0 1.000000
  0 -112.179672 16.447189 -18.371555 0.309995 -0.475367 -0.823365 0.131086 0.853453 1 0 1.000000
  0 -110.800781 17.811386 -18.287498 0.564452 0.002856 -0.825461 0.123046 0.851297 1 0 1.000000
barracuda
  0 -110.800781 17.811386 -18.287498 0.564452 0.002856 -0.825461 0.123046 0.851297 1 0 1.000000
  0 -112.179672 16.447189 -18.371555 0.309995 -0.475367 -0.823365 0.131086 0.853453 1 0 1.000000
  0 -112.179657 17.811386 -18.737093 0.309996 -0.000001 -0.950738 0.127324 0.846944 1 0 1.000000
barracuda
  0 -110.800781 17.811386 -18.287498 0.564452 0.002856 -0.825461 0.123046 0.851297 1 0 1.000000
  0 -112.179657 17.811386 -18.737093 0.309996 -0.000001 -0.950738 0.127324 0.846944 1 0 1.000000
  0 -110.800781 18.950783 -17.982199 0.564452 0.410256 -0.716299 0.119270 0.849085 1 0 1.000000
barracuda
  0 -110.800781 18.950783 -17.982199 0.564452 0.410256 -0.716299 0.119270 0.849085 1 0 1.000000
  0 -112.179657 17.811386 -18.737093 0.309996 -0.000001 -0.950738 0.127324 0.846944 1 0 1.000000
  0 -112.179657 19.175579 -18.371557 0.309996 0.475368 -0.823364 0.120743 0.843107 1 0 1.000000
barracuda
  0 -109.736450 16.821068 -15.743347 0.881890 -0.455391 0.122021 0.118572 0.860790 1 0 1.000000
  0 -109.736450 17.086422 -16.733664 0.881887 -0.333373 -0.333373 0.120281 0.857438 1 0 1.000000
  0 -109.736450 17.546028 -15.018383 0.881887 -0.122024 0.455395 0.115172 0.860897 1 0 1.000000
barracuda
  0 -109.736450 18.801704 -16.274057 0.881888 0.455394 -0.122023 0.115236 0.854138 1 0 1.000000
  0 -109.736450 17.546028 -15.018383 0.881887 -0.122024 0.455395 0.115172 0.860897 1 0 1.000000
  0 -109.736450 17.086422 -16.733664 0.881887 -0.333373 -0.333373 0.120281 0.857438 1 0 1.000000
barracuda
  0 -109.736450 18.536346 -15.283737 0.881887 0.333374 0.333373 0.113648 0.858123 1 0 1.000000
  0 -109.736450 17.546028 -15.018383 0.881887 -0.122024 0.455395 0.115172 0.860897 1 0 1.000000
  0 -109.736450 18.801704 -16.274057 0.881888 0.455394 -0.122023 0.115236 0.854138 1 0 1.000000
barracuda
  0 -110.800781 16.671986 -17.982197 0.564450 -0.415204 -0.713444 0.125178 0.855129 1 0 1.000000
  0 -109.736450 17.086422 -16.733664 0.881887 -0.333373 -0.333373 0.120281 0.857438 1 0 1.000000
  0 -110.800781 15.837887 -17.148102 0.564450 -0.713442 -0.415207 0.125255 0.859580 1 0 1.000000
barracuda
  0 -110.800781 15.837887 -17.148102 0.564450 -0.713442 -0.415207 0.125255 0.859580 1 0 1.000000
  0 -109.736450 17.086422 -16.733664 0.881887 -0.333373 -0.333373 0.120281 0.857438 1 0 1.000000
  0 -110.800766 15.532585 -16.008705 0.564454 -0.825460 0.002853 0.123228 0.863557 1 0 1.000000
barracuda
  0 -110.800766 15.532585 -16.008705 0.564454 -0.825460 0.002853 0.123228 0.863557 1 0 1.000000
  0 -109.736450 17.086422 -16.733664 0.881887 -0.333373 -0.333373 0.120281 0.857438 1 0 1.000000
  0 -109.736450 16.821068 -15.743347 0.881890 -0.455391 0.122021 0.118572 0.860790 1 0 1.000000
barracuda
  0 -110.800766 15.532585 -16.008705 0.564454 -0.825460 0.002853 0.123228 0.863557 1 0 1.000000
  0 -109.736450 16.821068 -15.743347 0.881890 -0.455391 0.122021 0.118572 0.860790 1 0 1.000000
  0 -110.800766 15.837887 -14.869301 0.564454 -0.716296 0.410259 0.119580 0.866109 1 0 1.000000
barracuda
  0 -110.800766 15.837887 -14.869301 0.564454 -0.716296 0.410259 0.119580 0.866109 1 0 1.000000
  0 -109.736450 16.821068 -15.743347 0.881890 -0.455391 0.122021 0.118572 0.860790 1 0 1.000000
  0 -110.800781 16.671986 -14.035202 0.564451 -0.410258 0.716299 0.115226 0.866635 1 0 1.000000
barracuda
  0 -110.800781 16.671986 -14.035202 0.564451 -0.410258 0.716299 0.115226 0.866635 1 0 1.000000
  0 -109.736450 16.821068 -15.743347 0.881890 -0.455391 0.122021 0.118572 0.860790 1 0 1.000000
  0 -109.736450 17.546028 -15.018383 0.881887 -0.122024 0.455395 0.115172 0.860897 1 0 1.000000
barracuda
  0 -110.800781 16.671986 -14.035202 0.564451 -0.410258 0.716299 0.115226 0.866635 1 0 1.000000
  0 -109.736450 17.546028 -15.018383 0.881887 -0.122024 0.455395 0.115172 0.860897 1 0 1.000000
  0 -110.800781 17.811386 -13.729900 0.564451 -0.002856 0.825461 0.111217 0.864878 1 0 1.000000
barracuda
  0 -110.800781 17.811386 -13.729900 0.564451 -0.002856 0.825461 0.111217 0.864878 1 0 1.000000
  0 -109.736450 17.546028 -15.018383 0.881887 -0.122024 0.455395 0.115172 0.860897 1 0 1.000000
  0 -110.800781 18.950783 -14.035204 0.564450 0.415207 0.713441 0.108689 0.861347 1 0 1.000000
barracuda
  0 -110.800781 18.950783 -14.035204 0.564450 0.415207 0.713441 0.108689 0.861347 1 0 1.000000
  0 -109.736450 17.546028 -15.018383 0.881887 -0.122024 0.455395 0.115172 0.860897 1 0 1.000000
  0 -109.736450 18.536346 -15.283737 0.881887 0.333374 0.333373 0.113648 0.858123 1 0 1.000000
barracuda
  0 -110.800781 18.950783 -14.035204 0.564450 0.415207 0.713441 0.108689 0.861347 1 0 1.000000
  0 -109.736450 18.536346 -15.283737 0.881887 0.333374 0.333373 0.113648 0.858123 1 0 1.000000
  0 -110.800781 19.784882 -14.869303 0.564451 0.713443 0.415204 0.108517 0.856561 1 0 1.000000
barracuda
  0 -110.800781 19.784882 -14.869303 0.564451 0.713443 0.415204 0.108517 0.856561 1 0 1.000000
  0 -109.736450 18.536346 -15.283737 0.881887 0.333374 0.333373 0.113648 0.858123 1 0 1.000000
  0 -110.800781 20.090183 -16.008701 0.564452 0.825461 -0.002856 0.110953 0.851785 1 0 1.000000
barracuda
  0 -110.800781 20.090183 -16.008701 0.564452 0.825461 -0.002856 0.110953 0.851785 1 0 1.000000
  0 -109.736450 18.536346 -15.283737 0.881887 0.333374 0.333373 0.113648 0.858123 1 0 1.000000
  0 -109.736450 18.801704 -16.274057 0.881888 0.455394 -0.122023 0.115236 0.854138 1 0 1.000000
barracuda
  0 -110.800781 20.090183 -16.008701 0.564452 0.825461 -0.002856 0.110953 0.851785 1 0 1.000000
  0 -109.736450 18.801704 -16.274057 0.881888 0.455394 -0.122023 0.115236 0.854138 1 0 1.000000
  0 -110.800781 19.784882 -17.148102 0.564451 0.716298 -0.410259 0.114927 0.849112 1 0 1.000000
barracuda
  0 -109.736450 18.076740 -16.999018 0.881888 0.122021 -0.455395 0.119042 0.854136 1 0 1.000000
  0 -109.736450 18.801704 -16.274057 0.881888 0.455394 -0.122023 0.115236 0.854138 1 0 1.000000
  0 -109.736450 17.086422 -16.733664 0.881887 -0.333373 -0.333373 0.120281 0.857438 1 0 1.000000
barracuda
  0 -110.800781 18.950783 -17.982199 0.564452 0.410256 -0.716299 0.119270 0.849085 1 0 1.000000
  0 -109.736450 18.801704 -16.274057 0.881888 0.455394 -0.122023 0.115236 0.854138 1 0 1.000000
  0 -109.736450 18.076740 -16.999018 0.881888 0.122021 -0.455395 0.119042 0.854136 1 0 1.000000
barracuda
  0 -110.800781 19.784882 -17.148102 0.564451 0.716298 -0.410259 0.114927 0.849112 1 0 1.000000
  0 -109.736450 18.801704 -16.274057 0.881888 0.455394 -0.122023 0.115236 0.854138 1 0 1.000000
  0 -110.800781 18.950783 -17.982199 0.564452 0.410256 -0.716299 0.119270 0.849085 1 0 1.000000
barracuda
  0 -110.800781 18.950783 -17.982199 0.564452 0.410256 -0.716299 0.119270 0.849085 1 0 1.000000
  0 -112.179657 19.175579 -18.371557 0.309996 0.475368 -0.823364 0.120743 0.843107 1 0 1.000000
  0 -110.800781 19.784882 -17.148102 0.564451 0.716298 -0.410259 0.114927 0.849112 1 0 1.000000
barracuda
  0 -110.800781 19.784882 -17.148102 0.564451 0.716298 -0.410259 0.114927 0.849112 1 0 1.000000
  0 -112.179657 19.175579 -18.371557 0.309996 0.475368 -0.823364 0.120743 0.843107 1 0 1.000000
  0 -112.179657 20.174244 -17.372898 0.309996 0.823363 -0.475369 0.112935 0.843138 1 0 1.000000
barracuda
  0 -110.800781 19.784882 -17.148102 0.564451 0.716298 -0.410259 0.114927 0.849112 1 0 1.000000
  0 -112.179657 20.174244 -17.372898 0.309996 0.823363 -0.475369 0.112935 0.843138 1 0 1.000000
  0 -110.800781 20.090183 -16.008701 0.564452 0.825461 -0.002856 0.110953 0.851785 1 0 1.000000
barracuda
  0 -110.800781 20.090183 -16.008701 0.564452 0.825461 -0.002856 0.110953 0.851785 1 0 1.000000
  0 -112.179657 20.174244 -17.372898 0.309996 0.823363 -0.475369 0.112935 0.843138 1 0 1.000000
  0 -112.179657 20.539776 -16.008701 0.309997 0.950737 0.000000 0.105954 0.847463 1 0 1.000000
barracuda
  0 -110.800781 20.090183 -16.008701 0.564452 0.825461 -0.002856 0.110953 0.851785 1 0 1.000000
  0 -112.179657 20.539776 -16.008701 0.309997 0.950737 0.000000 0.105954 0.847463 1 0 1.000000
  0 -110.800781 19.784882 -14.869303 0.564451 0.713443 0.415204 0.108517 0.856561 1 0 1.000000
barracuda
  0 -110.800781 19.784882 -14.869303 0.564451 0.713443 0.415204 0.108517 0.856561 1 0 1.000000
  0 -112.179657 20.539776 -16.008701 0.309997 0.950737 0.000000 0.105954 0.847463 1 0 1.000000
  0 -112.179657 20.174244 -14.644505 0.309997 0.823363 0.475369 0.102084 0.855054 1 0 1.000000
barracuda
  0 -110.800781 19.784882 -14.869303 0.564451 0.713443 0.415204 0.108517 0.856561 1 0 1.000000
  0 -112.179657 20.174244 -14.644505 0.309997 0.823363 0.475369 0.102084 0.855054 1 0 1.000000
  0 -110.800781 18.950783 -14.035204 0.564450 0.415207 0.713441 0.108689 0.861347 1 0 1.000000
barracuda
  0 -110.800781 18.950783 -14.035204 0.564450 0.415207 0.713441 0.108689 0.861347 1 0 1.000000
  0 -112.179657 20.174244 -14.644505 0.309997 0.823363 0.475369 0.102084 0.855054 1 0 1.000000
  0 -112.179657 19.175583 -13.645845 0.309996 0.475371 0.823362 0.102684 0.863243 1 0 1.000000
barracuda
  0 -110.800781 18.950783 -14.035204 0.564450 0.415207 0.713441 0.108689 0.861347 1 0 1.000000
  0 -112.179657 19.175583 -13.645845 0.309996 0.475371 0.823362 0.102684 0.863243 1 0 1.000000
  0 -110.800781 17.811386 -13.729900 0.564451 -0.002856 0.825461 0.111217 0.864878 1 0 1.000000
barracuda
  0 -110.800781 17.811386 -13.729900 0.564451 -0.002856 0.825461 0.111217 0.864878 1 0 1.000000
  0 -112.179657 19.175583 -13.645845 0.309996 0.475371 0.823362 0.102684 0.863243 1 0 1.000000
  0 -112.179657 17.811386 -13.280308 0.309995 0.000002 0.950738 0.107245 0.869581 1 0 1.000000
barracuda
  0 -110.800781 17.811386 -13.729900 0.564451 -0.002856 0.825461 0.111217 0.864878 1 0 1.000000
  0 -112.179657 17.811386 -13.280308 0.309995 0.000002 0.950738 0.107245 0.869581 1 0 1.000000
  0 -110.800781 16.671986 -14.035202 0.564451 -0.410258 0.716299 0.115226 0.866635 1 0 1.000000
barracuda
  0 -110.800781 16.671986 -14.035202 0.564451 -0.410258 0.716299 0.115226 0.866635 1 0 1.000000
  0 -112.179657 17.811386 -13.280308 0.309995 0.000002 0.950738 0.107245 0.869581 1 0 1.000000
  0 -112.179657 16.447189 -13.645844 0.309994 -0.475368 0.823364 0.114215 0.872653 1 0 1.000000
barracuda
  0 -110.800781 16.671986 -14.035202 0.564451 -0.410258 0.716299 0.115226 0.866635 1 0 1.000000
  0 -112.179657 16.447189 -13.645844 0.309994 -0.475368 0.823364 0.114215 0.872653 1 0 1.000000
  0 -110.800766 15.837887 -14.869301 0.564454 -0.716296 0.410259 0.119580 0.866109 1 0 1.000000
barracuda
  0 -110.800766 15.837887 -14.869301 0.564454 -0.716296 0.410259 0.119580 0.866109 1 0 1.000000
  0 -112.179657 16.447189 -13.645844 0.309994 -0.475368 0.823364 0.114215 0.872653 1 0 1.000000
  0 -112.179657 15.448528 -14.644505 0.309994 -0.823363 0.475371 0.121694 0.871875 1 0 1.000000
barracuda
  0 -110.800766 15.837887 -14.869301 0.564454 -0.716296 0.410259 0.119580 0.866109 1 0 1.000000
  0 -112.179657 15.448528 -14.644505 0.309994 -0.823363 0.475371 0.121694 0.871875 1 0 1.000000
  0 -110.800766 15.532585 -16.008705 0.564454 -0.825460 0.002853 0.123228 0.863557 1 0 1.000000
barracuda
  0 99.399628 10.602467 -23.718334 0.710934 0.703259 0.000000 2.636426 0.934983 1 0 1.000000
  0 90.824158 10.695412 -23.958988 0.710928 0.703264 0.000000 2.636404 0.935759 1 0 1.000000
  0 99.399628 10.602467 -19.266708 0.710934 0.703259 0.000000 2.636828 0.934983 1 0 1.000000
barracuda
  0 99.399628 10.602467 -19.266708 0.710934 0.703259 0.000000 2.636828 0.934983 1 0 1.000000
  0 90.824158 10.695412 -23.958988 0.710928 0.703264 0.000000 2.636404 0.935759 1 0 1.000000
  0 90.824158 10.695412 -19.026051 0.710928 0.703264 0.000000 2.636850 0.935759 1 0 1.000000
barracuda
  0 99.399628 10.788357 -24.199642 0.000000 0.932843 0.360283 2.636382 0.934983 1 0 1.000000
  0 90.824158 10.695412 -23.958988 0.000000 0.932843 0.360283 2.636404 0.935759 1 0 1.000000
  0 99.399628 10.602467 -23.718334 0.000000 0.932843 0.360283 2.636426 0.934983 1 0 1.000000
barracuda
  0 -107.776230 33.933586 -31.429642 -0.369530 0.290566 -0.882621 0.175113 0.867560 1 0 1.000000
  0 -103.329422 34.735687 -33.027344 -0.275816 0.313941 -0.908497 0.167482 0.851000 1 0 1.000000
  0 -107.849136 33.335163 -31.594963 -0.369530 0.290566 -0.882621 0.173738 0.869483 1 0 1.000000
barracuda
  0 -103.497482 35.282616 -32.775772 -0.275816 0.313941 -0.908497 0.169697 0.850608 1 0 1.000000
  0 -103.329422 34.735687 -33.027344 -0.275816 0.313941 -0.908497 0.167482 0.851000 1 0 1.000000
  0 -107.776230 33.933586 -31.429642 -0.369530 0.290566 -0.882621 0.175113 0.867560 1 0 1.000000
barracuda
  0 -93.725662 37.095215 -34.036644 -0.141871 0.361512 -0.921511 0.164676 0.811720 1 0 1.000000
  0 -103.329422 34.735687 -33.027344 -0.275816 0.313941 -0.908497 0.167482 0.851000 1 0 1.000000
  0 -103.497482 35.282616 -32.775772 -0.275816 0.313941 -0.908497 0.169697 0.850608 1 0 1.000000
barracuda
  0 -93.600464 36.550949 -34.236008 -0.141871 0.361512 -0.921511 0.162460 0.811762 1 0 1.000000
  0 -103.329422 34.735687 -33.027344 -0.275816 0.313941 -0.908497 0.167482 0.851000 1 0 1.000000
  0 -93.725662 37.095215 -34.036644 -0.141871 0.361512 -0.921511 0.164676 0.811720 1 0 1.000000
barracuda
  0 -84.719910 38.291183 -34.507973 -0.088999 0.404739 -0.910091 0.162807 0.775951 1 0 1.000000
  0 -93.600464 36.550949 -34.236008 -0.141871 0.361512 -0.921511 0.162460 0.811762 1 0 1.000000
  0 -93.725662 37.095215 -34.036644 -0.141871 0.361512 -0.921511 0.164676 0.811720 1 0 1.000000
barracuda
  0 -84.594711 37.729347 -34.805809 -0.088999 0.404739 -0.910091 0.160524 0.775824 1 0 1.000000
  0 -93.600464 36.550949 -34.236008 -0.141871 0.361512 -0.921511 0.162460 0.811762 1 0 1.000000
  0 -84.719910 38.291183 -34.507973 -0.088999 0.404739 -0.910091 0.162807 0.775951 1 0 1.000000
barracuda
  0 -74.590469 39.449677 -34.821648 -0.063276 0.398212 -0.915108 0.161561 0.735696 1 0 1.000000
  0 -84.594711 37.729347 -34.805809 -0.088999 0.404739 -0.910091 0.160524 0.775824 1 0 1.000000
  0 -84.719910 38.291183 -34.507973 -0.088999 0.404739 -0.910091 0.162807 0.775951 1 0 1.000000
barracuda
  0 -74.465271 38.896675 -35.063725 -0.063276 0.398212 -0.915108 0.159319 0.735474 1 0 1.000000
  0 -84.594711 37.729347 -34.805809 -0.088999 0.404739 -0.910091 0.160524 0.775824 1 0 1.000000
  0 -74.590469 39.449677 -34.821648 -0.063276 0.398212 -0.915108 0.161561 0.735696 1 0 1.000000
barracuda
  0 -65.048424 40.297943 -35.031712 -0.044698 0.369571 -0.928127 0.160727 0.697800 1 0 1.000000
  0 -74.465271 38.896675 -35.063725 -0.063276 0.398212 -0.915108 0.159319 0.735474 1 0 1.000000
  0 -74.590469 39.449677 -34.821648 -0.063276 0.398212 -0.915108 0.161561 0.735696 1 0 1.000000
barracuda
  0 -64.923218 39.748505 -35.250454 -0.044698 0.369571 -0.928127 0.158507 0.697509 1 0 1.000000
  0 -74.465271 38.896675 -35.063725 -0.063276 0.398212 -0.915108 0.159319 0.735474 1 0 1.000000
  0 -65.048424 40.297943 -35.031712 -0.044698 0.369571 -0.928127 0.160727 0.697800 1 0 1.000000
barracuda
  0 -50.437241 41.232952 -35.241558 -0.020116 0.368357 -0.929467 0.159893 0.639741 1 0 1.000000
  0 -64.923218 39.748505 -35.250454 -0.044698 0.369571 -0.928127 0.158507 0.697509 1 0 1.000000
  0 -65.048424 40.297943 -35.031712 -0.044698 0.369571 -0.928127 0.160727 0.697800 1 0 1.000000
barracuda
  0 -50.312042 40.683960 -35.462563 -0.020116 0.368357 -0.929467 0.157694 0.639330 1 0 1.000000
  0 -64.923218 39.748505 -35.250454 -0.044698 0.369571 -0.928127 0.158507 0.697509 1 0 1.000000
  0 -50.437241 41.232952 -35.241558 -0.020116 0.368357 -0.929467 0.159893 0.639741 1 0 1.000000
barracuda
  0 -33.134178 41.394806 -35.241676 -0.003478 0.372424 -0.928056 0.160031 0.571043 1 0 1.000000
  0 -50.312042 40.683960 -35.462563 -0.020116 0.368357 -0.929467 0.157694 0.639330 1 0 1.000000
  0 -50.437241 41.232952 -35.241558 -0.020116 0.368357 -0.929467 0.159893 0.639741 1 0 1.000000
barracuda
  0 -32.779869 40.854820 -35.459473 -0.003478 0.372424 -0.928056 0.158687 0.569254 1 0 1.000000
  0 -50.312042 40.683960 -35.462563 -0.020116 0.368357 -0.929467 0.157694 0.639330 1 0 1.000000
  0 -33.134178 41.394806 -35.241676 -0.003478 0.372424 -0.928056 0.160031 0.571043 1 0 1.000000
barracuda
  0 108.486740 31.268242 -34.657558 0.310951 -0.881748 -0.354725 0.304443 0.252858 1 0 1.000000
  0 106.893356 30.928658 -35.244759 0.310951 -0.881748 -0.354725 0.308795 0.245814 1 0 1.000000
  0 108.423737 32.169403 -35.656044 0.404445 -0.224606 -0.886553 0.308115 0.256353 1 0 1.000000
barracuda
  0 108.423737 32.169403 -35.656044 0.404445 -0.224606 -0.886553 0.308115 0.256353 1 0 1.000000
  0 106.893356 30.928658 -35.244759 0.310951 -0.881748 -0.354725 0.308795 0.245814 1 0 1.000000
  0 106.822296 31.944962 -36.370823 0.404445 -0.224606 -0.886553 0.316251 0.255374 1 0 1.000000
barracuda
  0 108.423737 32.169403 -35.656044 0.404445 -0.224606 -0.886553 0.308115 0.256353 1 0 1.000000
  0 106.822296 31.944962 -36.370823 0.404445 -0.224606 -0.886553 0.316251 0.255374 1 0 1.000000
  0 107.585510 35.903961 -34.839989 0.305632 0.566601 -0.765214 0.304670 0.273859 1 0 1.000000
barracuda
  0 107.585510 35.903961 -34.839989 0.305632 0.566601 -0.765214 0.304670 0.273859 1 0 1.000000
  0 106.822296 31.944962 -36.370823 0.404445 -0.224606 -0.886553 0.316251 0.255374 1 0 1.000000
  0 105.639206 36.156693 -35.386909 0.305632 0.566601 -0.765214 0.312201 0.280235 1 0 1.000000
barracuda
  0 107.585510 35.903961 -34.839989 0.305632 0.566601 -0.765214 0.304670 0.273859 1 0 1.000000
  0 105.639206 36.156693 -35.386909 0.305632 0.566601 -0.765214 0.312201 0.280235 1 0 1.000000
  0 107.369705 36.672165 -33.842903 0.228306 0.926728 -0.298414 0.300331 0.277524 1 0 1.000000
barracuda
  0 107.369705 36.672165 -33.842903 0.228306 0.926728 -0.298414 0.300331 0.277524 1 0 1.000000
  0 105.639206 36.156693 -35.386909 0.305632 0.566601 -0.765214 0.312201 0.280235 1 0 1.000000
  0 105.395844 37.023048 -34.262428 0.228306 0.926728 -0.298414 0.304053 0.286624 1 0 1.000000
barracuda
  0 107.369705 36.672165 -33.842903 0.228306 0.926728 -0.298414 0.300331 0.277524 1 0 1.000000
  0 105.395844 37.023048 -34.262428 0.228306 0.926728 -0.298414 0.304053 0.286624 1 0 1.000000
  0 107.833908 36.744980 -25.101995 0.266297 0.922064 0.280864 0.259407 0.278024 1 0 1.000000
barracuda
  0 107.833908 36.744980 -25.101995 0.266297 0.922064 0.280864 0.259407 0.278024 1 0 1.000000
  0 105.395844 37.023048 -34.262428 0.228306 0.926728 -0.298414 0.304053 0.286624 1 0 1.000000
  0 105.919373 37.105171 -24.468248 0.266297 0.922064 0.280864 0.255603 0.286847 1 0 1.000000
barracuda
  0 106.256882 36.447899 -23.753067 0.377314 0.442158 0.813714 0.249608 0.281153 1 0 1.000000
  0 107.833908 36.744980 -25.101995 0.266297 0.922064 0.280864 0.259407 0.278024 1 0 1.000000
  0 105.919373 37.105171 -24.468248 0.266297 0.922064 0.280864 0.255603 0.286847 1 0 1.000000
barracuda
  0 108.133194 36.162170 -24.467842 0.377314 0.442158 0.813714 0.256931 0.275466 1 0 1.000000
  0 107.833908 36.744980 -25.101995 0.266297 0.922064 0.280864 0.259407 0.278024 1 0 1.000000
  0 106.256882 36.447899 -23.753067 0.377314 0.442158 0.813714 0.249608 0.281153 1 0 1.000000
barracuda
  0 107.424210 31.270260 -23.992643 0.395199 -0.389610 0.831879 0.248601 0.252443 1 0 1.000000
  0 108.133194 36.162170 -24.467842 0.377314 0.442158 0.813714 0.256931 0.275466 1 0 1.000000
  0 106.256882 36.447899 -23.753067 0.377314 0.442158 0.813714 0.249608 0.281153 1 0 1.000000
barracuda
  0 109.168274 31.571140 -24.680277 0.395199 -0.389610 0.831879 0.256381 0.254901 1 0 1.000000
  0 108.133194 36.162170 -24.467842 0.377314 0.442158 0.813714 0.256931 0.275466 1 0 1.000000
  0 107.424210 31.270260 -23.992643 0.395199 -0.389610 0.831879 0.248601 0.252443 1 0 1.000000
barracuda
  0 107.538391 30.746773 -24.744122 0.296039 -0.911530 0.285437 0.254820 0.245788 1 0 1.000000
  0 109.168274 31.571140 -24.680277 0.395199 -0.389610 0.831879 0.256381 0.254901 1 0 1.000000
  0 107.424210 31.270260 -23.992643 0.395199 -0.389610 0.831879 0.248601 0.252443 1 0 1.000000
barracuda
  0 109.269516 31.106964 -25.346611 0.296039 -0.911530 0.285437 0.258740 0.253151 1 0 1.000000
  0 109.168274 31.571140 -24.680277 0.395199 -0.389610 0.831879 0.256381 0.254901 1 0 1.000000
  0 107.538391 30.746773 -24.744122 0.296039 -0.911530 0.285437 0.254820 0.245788 1 0 1.000000
barracuda
  0 109.269516 31.106964 -25.346611 0.296039 -0.911530 0.285437 0.258740 0.253151 1 0 1.000000
  0 107.538391 30.746773 -24.744122 0.296039 -0.911530 0.285437 0.254820 0.245788 1 0 1.000000
  0 108.486740 31.268242 -34.657558 0.310951 -0.881748 -0.354725 0.304443 0.252858 1 0 1.000000
barracuda
  0 108.486740 31.268242 -34.657558 0.310951 -0.881748 -0.354725 0.304443 0.252858 1 0 1.000000
  0 107.538391 30.746773 -24.744122 0.296039 -0.911530 0.285437 0.254820 0.245788 1 0 1.000000
  0 106.893356 30.928658 -35.244759 0.310951 -0.881748 -0.354725 0.308795 0.245814 1 0 1.000000
barracuda
  0 -32.728073 41.348198 -35.627735 -0.006826 0.407752 0.913067 0.158128 0.567848 1 0 1.000000
  0 -50.312042 40.683960 -35.462563 -0.012667 0.447080 0.894404 0.157694 0.639330 1 0 1.000000
  0 -32.779869 40.854820 -35.459473 -0.006826 0.407752 0.913067 0.158687 0.569254 1 0 1.000000
barracuda
  0 -50.437241 41.155605 -35.725800 -0.012667 0.447080 0.894404 0.155806 0.639771 1 0 1.000000
  0 -50.312042 40.683960 -35.462563 -0.012667 0.447080 0.894404 0.157694 0.639330 1 0 1.000000
  0 -32.728073 41.348198 -35.627735 -0.006826 0.407752 0.913067 0.158128 0.567848 1 0 1.000000
barracuda
  0 -50.312042 40.683960 -35.462563 -0.012667 0.447080 0.894404 0.157694 0.639330 1 0 1.000000
  0 -50.437241 41.155605 -35.725800 -0.012667 0.447080 0.894404 0.155806 0.639771 1 0 1.000000
  0 -64.923218 39.748505 -35.250454 -0.020913 0.476929 0.878693 0.158507 0.697509 1 0 1.000000
barracuda
  0 -64.923218 39.748505 -35.250454 -0.020913 0.476929 0.878693 0.158507 0.697509 1 0 1.000000
  0 -50.437241 41.155605 -35.725800 -0.012667 0.447080 0.894404 0.155806 0.639771 1 0 1.000000
  0 -65.048424 40.218838 -35.515812 -0.020913 0.476929 0.878693 0.156613 0.697896 1 0 1.000000
barracuda
  0 -65.048424 40.218838 -35.515812 -0.020913 0.476929 0.878693 0.156613 0.697896 1 0 1.000000
  0 -74.465271 38.896675 -35.063725 -0.021959 0.436305 0.899531 0.159319 0.735474 1 0 1.000000
  0 -64.923218 39.748505 -35.250454 -0.020913 0.476929 0.878693 0.158507 0.697509 1 0 1.000000
barracuda
  0 -74.590469 39.371056 -35.305817 -0.021959 0.436305 0.899531 0.157402 0.735827 1 0 1.000000
  0 -74.465271 38.896675 -35.063725 -0.021959 0.436305 0.899531 0.159319 0.735474 1 0 1.000000
  0 -65.048424 40.218838 -35.515812 -0.020913 0.476929 0.878693 0.156613 0.697896 1 0 1.000000
barracuda
  0 -74.465271 38.896675 -35.063725 -0.021959 0.436305 0.899531 0.159319 0.735474 1 0 1.000000
  0 -74.590469 39.371056 -35.305817 -0.021959 0.436305 0.899531 0.157402 0.735827 1 0 1.000000
  0 -84.594711 37.729347 -34.805809 -0.013534 0.423391 0.905846 0.160524 0.775824 1 0 1.000000
barracuda
  0 -84.594711 37.729347 -34.805809 -0.013534 0.423391 0.905846 0.160524 0.775824 1 0 1.000000
  0 -74.590469 39.371056 -35.305817 -0.021959 0.436305 0.899531 0.157402 0.735827 1 0 1.000000
  0 -84.719910 38.212906 -34.992249 -0.013534 0.423391 0.905846 0.158569 0.776166 1 0 1.000000
barracuda
  0 -84.594711 37.729347 -34.805809 -0.013534 0.423391 0.905846 0.160524 0.775824 1 0 1.000000
  0 -84.719910 38.212906 -34.992249 -0.013534 0.423391 0.905846 0.158569 0.776166 1 0 1.000000
  0 -93.600464 36.550949 -34.236008 0.005418 0.469285 0.883030 0.162460 0.811762 1 0 1.000000
barracuda
  0 -93.600464 36.550949 -34.236008 0.005418 0.469285 0.883030 0.162460 0.811762 1 0 1.000000
  0 -84.719910 38.212906 -34.992249 -0.013534 0.423391 0.905846 0.158569 0.776166 1 0 1.000000
  0 -93.725662 37.020760 -34.522202 0.005418 0.469285 0.883030 0.160564 0.812134 1 0 1.000000
barracuda
  0 -93.725662 37.020760 -34.522202 0.005418 0.469285 0.883030 0.160564 0.812134 1 0 1.000000
  0 -103.411774 35.216152 -33.278919 0.072876 0.486601 0.870579 0.165567 0.851282 1 0 1.000000
  0 -93.600464 36.550949 -34.236008 0.005418 0.469285 0.883030 0.162460 0.811762 1 0 1.000000
barracuda
  0 -93.600464 36.550949 -34.236008 0.005418 0.469285 0.883030 0.162460 0.811762 1 0 1.000000
  0 -103.411774 35.216152 -33.278919 0.072876 0.486601 0.870579 0.165567 0.851282 1 0 1.000000
  0 -103.329422 34.735687 -33.027344 0.072876 0.486601 0.870579 0.167482 0.851000 1 0 1.000000
barracuda
  0 -103.329422 34.735687 -33.027344 0.072876 0.486601 0.870579 0.167482 0.851000 1 0 1.000000
  0 -103.411774 35.216152 -33.278919 0.072876 0.486601 0.870579 0.165567 0.851282 1 0 1.000000
  0 -107.849136 33.335163 -31.594963 0.128179 0.476357 0.869859 0.173738 0.869483 1 0 1.000000
barracuda
  0 -107.849136 33.335163 -31.594963 0.128179 0.476357 0.869859 0.173738 0.869483 1 0 1.000000
  0 -103.411774 35.216152 -33.278919 0.072876 0.486601 0.870579 0.165567 0.851282 1 0 1.000000
  0 -108.189987 33.756607 -31.774939 0.128179 0.476357 0.869859 0.172675 0.870997 1 0 1.000000
barracuda
  0 -28.451479 40.633408 -36.150944 0.040274 -0.464935 0.884428 2.658163 0.934039 1 0 1.000000
  0 -23.612133 46.771973 -33.979057 0.051315 -0.388250 0.920124 2.657889 0.933523 1 0 1.000000
  0 -29.683605 41.225872 -35.771801 0.040274 -0.464935 0.884428 2.658078 0.934155 1 0 1.000000
barracuda
  0 -22.621681 45.940430 -34.393753 0.051315 -0.388250 0.920124 2.657993 0.933472 1 0 1.000000
  0 -23.612133 46.771973 -33.979057 0.051315 -0.388250 0.920124 2.657889 0.933523 1 0 1.000000
  0 -28.451479 40.633408 -36.150944 0.040274 -0.464935 0.884428 2.658163 0.934039 1 0 1.000000
barracuda
  0 -23.612133 46.771973 -33.979057 0.051315 -0.388250 0.920124 2.657889 0.933523 1 0 1.000000
  0 -22.621681 45.940430 -34.393753 0.051315 -0.388250 0.920124 2.657993 0.933472 1 0 1.000000
  0 -17.167265 52.540474 -31.746193 -0.009812 -0.389020 0.921177 2.657677 0.932934 1 0 1.000000
barracuda
  0 -17.167265 52.540474 -31.746193 -0.009812 -0.389020 0.921177 2.657677 0.932934 1 0 1.000000
  0 -22.621681 45.940430 -34.393753 0.051315 -0.388250 0.920124 2.657993 0.933472 1 0 1.000000
  0 -16.280882 51.585068 -32.131958 -0.009812 -0.389020 0.921177 2.657787 0.932894 1 0 1.000000
barracuda
  0 -17.167265 52.540474 -31.746193 -0.009812 -0.389020 0.921177 2.657677 0.932934 1 0 1.000000
  0 -16.280882 51.585068 -32.131958 -0.009812 -0.389020 0.921177 2.657787 0.932894 1 0 1.000000
  0 -12.304146 56.781410 -29.750586 -0.273508 -0.739008 0.615679 2.657477 0.932464 1 0 1.000000
barracuda
  0 -12.304146 56.781410 -29.750586 -0.273508 -0.739008 0.615679 2.657477 0.932464 1 0 1.000000
  0 -16.280882 51.585068 -32.131958 -0.009812 -0.389020 0.921177 2.657787 0.932894 1 0 1.000000
  0 -10.991970 56.176033 -29.923069 -0.082075 -0.824679 0.559615 2.657577 0.932395 1 0 1.000000
barracuda
  0 -27.810314 40.936989 -37.323624 0.646734 -0.750449 0.136241 2.658257 0.933942 1 0 1.000000
  0 -22.621681 45.940430 -34.393753 0.647491 -0.753815 0.111884 2.657993 0.933472 1 0 1.000000
  0 -28.451479 40.633408 -36.150944 0.646734 -0.750449 0.136241 2.658163 0.934039 1 0 1.000000
barracuda
  0 -22.376606 45.959793 -35.649162 0.647491 -0.753815 0.111884 2.658106 0.933451 1 0 1.000000
  0 -22.621681 45.940430 -34.393753 0.647491 -0.753815 0.111884 2.657993 0.933472 1 0 1.000000
  0 -27.810314 40.936989 -37.323624 0.646734 -0.750449 0.136241 2.658257 0.933942 1 0 1.000000
barracuda
  0 -22.376606 45.959793 -35.649162 0.647491 -0.753815 0.111884 2.658106 0.933451 1 0 1.000000
  0 -16.045187 51.696671 -33.304623 0.650172 -0.757532 0.058486 2.657894 0.932878 1 0 1.000000
  0 -22.621681 45.940430 -34.393753 0.647491 -0.753815 0.111884 2.657993 0.933472 1 0 1.000000
barracuda
  0 -22.621681 45.940430 -34.393753 0.647491 -0.753815 0.111884 2.657993 0.933472 1 0 1.000000
  0 -16.045187 51.696671 -33.304623 0.650172 -0.757532 0.058486 2.657894 0.932878 1 0 1.000000
  0 -16.280882 51.585068 -32.131958 0.650172 -0.757532 0.058486 2.657787 0.932894 1 0 1.000000
barracuda
  0 -16.045187 51.696671 -33.304623 0.650172 -0.757532 0.058486 2.657894 0.932878 1 0 1.000000
  0 -10.991970 56.176033 -31.095734 0.530508 -0.847549 0.014903 2.657694 0.932421 1 0 1.000000
  0 -16.280882 51.585068 -32.131958 0.650172 -0.757532 0.058486 2.657787 0.932894 1 0 1.000000
barracuda
  0 -16.280882 51.585068 -32.131958 0.650172 -0.757532 0.058486 2.657787 0.932894 1 0 1.000000
  0 -10.991970 56.176033 -31.095734 0.530508 -0.847549 0.014903 2.657694 0.932421 1 0 1.000000
  0 -10.991970 56.176033 -29.923069 0.530508 -0.847549 0.014903 2.657577 0.932395 1 0 1.000000
barracuda
  0 41.953182 47.231430 -38.016968 -0.580235 -0.814446 -0.002315 2.658320 0.927634 1 0 1.000000
  0 42.133556 47.051743 -35.195129 -0.580235 -0.814446 -0.002315 2.658084 0.927567 1 0 1.000000
  0 27.473743 57.485283 -31.482628 -0.337775 -0.941226 0.001011 2.657729 0.928943 1 0 1.000000
barracuda
  0 27.473743 57.485283 -31.482628 -0.337775 -0.941226 0.001011 2.657729 0.928943 1 0 1.000000
  0 42.133556 47.051743 -35.195129 -0.580235 -0.814446 -0.002315 2.658084 0.927567 1 0 1.000000
  0 27.513634 57.495018 -29.721310 -0.337775 -0.941226 0.001011 2.657562 0.928959 1 0 1.000000
barracuda
  0 27.473743 57.485283 -31.482628 -0.337775 -0.941226 0.001011 2.657729 0.928943 1 0 1.000000
  0 27.513634 57.495018 -29.721310 -0.337775 -0.941226 0.001011 2.657562 0.928959 1 0 1.000000
  0 14.026363 58.437111 -30.820473 -0.021729 -0.999762 0.002133 2.657669 0.930159 1 0 1.000000
barracuda
  0 14.026363 58.437111 -30.820473 -0.021729 -0.999762 0.002133 2.657669 0.930159 1 0 1.000000
  0 27.513634 57.495018 -29.721310 -0.337775 -0.941226 0.001011 2.657562 0.928959 1 0 1.000000
  0 14.026363 58.437115 -29.647800 -0.021729 -0.999762 0.002133 2.657563 0.930159 1 0 1.000000
barracuda
  0 14.026363 58.437111 -30.820473 -0.021729 -0.999762 0.002133 2.657669 0.930159 1 0 1.000000
  0 14.026363 58.437115 -29.647800 -0.021729 -0.999762 0.002133 2.657563 0.930159 1 0 1.000000
  0 -2.636660 57.993412 -30.566948 0.067918 -0.997691 0.000000 2.657646 0.931666 1 0 1.000000
barracuda
  0 -2.636660 57.993412 -30.566948 0.067918 -0.997691 0.000000 2.657646 0.931666 1 0 1.000000
  0 14.026363 58.437115 -29.647800 -0.021729 -0.999762 0.002133 2.657563 0.930159 1 0 1.000000
  0 -2.636660 57.993408 -29.394274 0.067918 -0.997691 0.000000 2.657541 0.931666 1 0 1.000000
barracuda
  0 -8.201188 57.382671 -29.394281 0.255829 -0.966722 0.000000 2.657541 0.932169 1 0 1.000000
  0 -2.636660 57.993412 -30.566948 0.067918 -0.997691 0.000000 2.657646 0.931666 1 0 1.000000
  0 -2.636660 57.993408 -29.394274 0.067918 -0.997691 0.000000 2.657541 0.931666 1 0 1.000000
barracuda
  0 -8.201188 57.382671 -30.566946 0.255829 -0.966722 0.000000 2.657646 0.932169 1 0 1.000000
  0 -2.636660 57.993412 -30.566948 0.067918 -0.997691 0.000000 2.657646 0.931666 1 0 1.000000
  0 -8.201188 57.382671 -29.394281 0.255829 -0.966722 0.000000 2.657541 0.932169 1 0 1.000000
barracuda
  0 -10.991970 56.176033 -29.923069 0.530508 -0.847549 0.014903 2.657588 0.932421 1 0 1.000000
  0 -8.201188 57.382671 -30.566946 0.255829 -0.966722 0.000000 2.657646 0.932169 1 0 1.000000
  0 -8.201188 57.382671 -29.394281 0.255829 -0.966722 0.000000 2.657541 0.932169 1 0 1.000000
barracuda
  0 -10.991970 56.176033 -31.095734 0.530508 -0.847549 0.014903 2.657694 0.932421 1 0 1.000000
  0 -8.201188 57.382671 -30.566946 0.255829 -0.966722 0.000000 2.657646 0.932169 1 0 1.000000
  0 -10.991970 56.176033 -29.923069 0.530508 -0.847549 0.014903 2.657588 0.932421 1 0 1.000000
barracuda
  0 108.423737 32.169403 -35.656044 0.971867 0.228466 -0.057243 0.308115 0.256353 1 0 1.000000
  0 107.585510 35.903961 -34.839989 0.971867 0.228466 -0.057243 0.304670 0.273859 1 0 1.000000
  0 108.486740 31.268242 -34.657558 0.971867 0.228466 -0.057243 0.304443 0.252858 1 0 1.000000
barracuda
  0 108.486740 31.268242 -34.657558 0.971867 0.228466 -0.057243 0.304443 0.252858 1 0 1.000000
  0 107.585510 35.903961 -34.839989 0.971867 0.228466 -0.057243 0.304670 0.273859 1 0 1.000000
  0 109.269516 31.106964 -25.346611 0.971867 0.228466 -0.057243 0.258740 0.253151 1 0 1.000000
barracuda
  0 107.585510 35.903961 -34.839989 0.971867 0.228466 -0.057243 0.304670 0.273859 1 0 1.000000
  0 107.369705 36.672165 -33.842903 0.971867 0.228466 -0.057243 0.300331 0.277524 1 0 1.000000
  0 109.269516 31.106964 -25.346611 0.971867 0.228466 -0.057243 0.258740 0.253151 1 0 1.000000
barracuda
  0 109.269516 31.106964 -25.346611 0.971867 0.228466 -0.057243 0.258740 0.253151 1 0 1.000000
  0 107.369705 36.672165 -33.842903 0.971867 0.228466 -0.057243 0.300331 0.277524 1 0 1.000000
  0 109.168274 31.571140 -24.680277 0.971867 0.228466 -0.057243 0.256381 0.254901 1 0 1.000000
barracuda
  0 107.369705 36.672165 -33.842903 0.971867 0.228466 -0.057243 0.300331 0.277524 1 0 1.000000
  0 107.833908 36.744980 -25.101995 0.971867 0.228466 -0.057243 0.259407 0.278024 1 0 1.000000
  0 109.168274 31.571140 -24.680277 0.971867 0.228466 -0.057243 0.256381 0.254901 1 0 1.000000
barracuda
  0 107.833908 36.744980 -25.101995 0.971867 0.228466 -0.057243 0.259407 0.278024 1 0 1.000000
  0 108.133194 36.162170 -24.467842 0.971867 0.228466 -0.057243 0.256931 0.275466 1 0 1.000000
  0 109.168274 31.571140 -24.680277 0.971867 0.228466 -0.057243 0.256381 0.254901 1 0 1.000000
barracuda
  0 92.984192 29.304802 41.634216 -0.850988 -0.111772 0.513153 0.457025 0.829952 1 0 1.000000
  0 92.664810 29.433701 41.170132 -0.850988 -0.111772 0.513153 0.457025 0.831796 1 0 1.000000
  0 92.984192 28.550358 41.507374 -0.850988 -0.111772 0.513153 0.463019 0.829952 1 0 1.000000
barracuda
  0 92.984192 28.550358 41.507374 -0.850988 -0.111772 0.513153 0.463019 0.829952 1 0 1.000000
  0 92.664810 29.433701 41.170132 -0.850988 -0.111772 0.513153 0.457025 0.831796 1 0 1.000000
  0 92.664810 28.421455 40.912155 -0.850988 -0.111772 0.513153 0.463019 0.831796 1 0 1.000000
barracuda
  0 100.063461 29.304798 41.012978 0.843723 -0.060160 0.533397 0.457026 0.800458 1 0 1.000000
  0 100.063461 28.550358 40.886135 0.843723 -0.060160 0.533397 0.463019 0.800458 1 0 1.000000
  0 100.275085 29.433704 40.651012 0.843723 -0.060160 0.533397 0.457026 0.799027 1 0 1.000000
barracuda
  0 100.275085 29.433704 40.651012 0.843723 -0.060160 0.533397 0.457026 0.799027 1 0 1.000000
  0 100.063461 28.550358 40.886135 0.843723 -0.060160 0.533397 0.463019 0.800458 1 0 1.000000
  0 100.275085 28.421459 40.578602 0.843723 -0.060160 0.533397 0.463019 0.799027 1 0 1.000000
barracuda
  0 100.063461 28.550358 40.886135 0.086218 -0.165183 0.982487 0.463019 0.800458 1 0 1.000000
  0 100.063461 29.304798 41.012978 0.086218 -0.165183 0.982487 0.457026 0.800458 1 0 1.000000
  0 92.984192 28.550358 41.507374 0.086218 -0.165183 0.982487 0.463019 0.829952 1 0 1.000000
barracuda
  0 92.984192 28.550358 41.507374 0.086218 -0.165183 0.982487 0.463019 0.829952 1 0 1.000000
  0 100.063461 29.304798 41.012978 0.086218 -0.165183 0.982487 0.457026 0.800458 1 0 1.000000
  0 92.984192 29.304802 41.634216 0.086218 -0.165183 0.982487 0.457025 0.829952 1 0 1.000000
barracuda
  0 92.664810 28.421455 40.912155 0.017718 -0.961966 0.272594 0.464728 0.831537 1 0 1.000000
  0 100.275085 28.421459 40.578602 0.017718 -0.961966 0.272594 0.464579 0.799714 1 0 1.000000
  0 92.984192 28.550358 41.507374 0.017718 -0.961966 0.272594 0.463019 0.829952 1 0 1.000000
barracuda
  0 92.984192 28.550358 41.507374 0.017718 -0.961966 0.272594 0.463019 0.829952 1 0 1.000000
  0 100.275085 28.421459 40.578602 0.017718 -0.961966 0.272594 0.464579 0.799714 1 0 1.000000
  0 100.063461 28.550358 40.886135 0.017718 -0.961966 0.272594 0.463019 0.800458 1 0 1.000000
barracuda
  0 100.063461 29.304798 41.012978 0.022910 0.955185 0.295121 0.457026 0.800458 1 0 1.000000
  0 100.275085 29.433704 40.651012 0.022910 0.955185 0.295121 0.455465 0.799713 1 0 1.000000
  0 92.984192 29.304802 41.634216 0.022910 0.955185 0.295121 0.457025 0.829952 1 0 1.000000
barracuda
  0 92.984192 29.304802 41.634216 0.022910 0.955185 0.295121 0.457025 0.829952 1 0 1.000000
  0 100.275085 29.433704 40.651012 0.022910 0.955185 0.295121 0.455465 0.799713 1 0 1.000000
  0 92.664810 29.433701 41.170132 0.022910 0.955185 0.295121 0.455317 0.831537 1 0 1.000000
barracuda
  0 -21.597868 11.227043 -7.407127 0.043682 0.989397 0.138508 0.585560 0.913192 1 0 1.000000
  0 -20.031105 10.995228 -5.859238 0.043682 0.989397 0.138508 0.581788 0.909466 1 0 1.000000
  0 6.667130 10.585433 -9.138912 0.043682 0.989397 0.138508 0.517508 0.917362 1 0 1.000000
barracuda
  0 -20.031105 10.995228 -5.859238 0.043682 0.989397 0.138508 0.581788 0.909466 1 0 1.000000
  0 -10.715618 10.806316 -5.859238 0.043682 0.989397 0.138508 0.559359 0.909466 1 0 1.000000
  0 6.667130 10.585433 -9.138912 0.043682 0.989397 0.138508 0.517508 0.917362 1 0 1.000000
barracuda
  0 6.667130 10.585433 -9.138912 0.043682 0.989397 0.138508 0.517508 0.917362 1 0 1.000000
  0 -10.715618 10.806316 -5.859238 0.043682 0.989397 0.138508 0.559359 0.909466 1 0 1.000000
  0 19.455528 9.385814 -6.356663 0.043682 0.989397 0.138508 0.486719 0.910663 1 0 1.000000
barracuda
  0 8.336096 10.620220 -10.912109 0.043682 0.989397 0.138508 0.513490 0.921631 1 0 1.000000
  0 6.667130 10.585433 -9.138912 0.043682 0.989397 0.138508 0.517508 0.917362 1 0 1.000000
  0 19.455528 9.385814 -6.356663 0.043682 0.989397 0.138508 0.486719 0.910663 1 0 1.000000
barracuda
  0 -49.057579 12.095469 -35.243309 0.941719 0.318929 -0.107003 0.651671 0.980196 1 0 1.000000
  0 -52.148590 19.482290 -33.968044 0.941719 0.318929 -0.107003 0.669268 0.976172 1 0 1.000000
  0 -47.951645 12.239254 -11.680443 0.941719 0.318929 -0.107003 0.649010 0.923496 1 0 1.000000
barracuda
  0 -47.951645 12.239254 -11.680443 0.941719 0.318929 -0.107003 0.649010 0.923496 1 0 1.000000
  0 -52.148590 19.482290 -33.968044 0.941719 0.318929 -0.107003 0.669268 0.976172 1 0 1.000000
  0 -54.028385 34.402706 -11.276859 0.941719 0.318929 -0.107003 0.702246 0.919714 1 0 1.000000
barracuda
  0 -54.028385 34.402706 -11.276859 0.941719 0.318929 -0.107003 0.702246 0.919714 1 0 1.000000
  0 -52.148590 19.482290 -33.968044 0.941719 0.318929 -0.107003 0.669268 0.976172 1 0 1.000000
  0 -57.605209 33.967709 -32.930435 0.941719 0.318929 -0.107003 0.703962 0.971830 1 0 1.000000
barracuda
  0 72.663254 45.592392 -32.747871 0.251837 0.963830 -0.087229 0.166756 0.213611 1 0 1.000000
  0 86.870804 44.275742 -35.801956 0.098645 0.993552 -0.055893 0.152252 0.162507 1 0 1.000000
  0 72.379822 45.418098 -35.527027 0.155627 0.960683 -0.229930 0.155488 0.212046 1 0 1.000000
barracuda
  0 86.936142 44.389725 -33.320122 0.098645 0.993552 -0.055893 0.162081 0.161514 1 0 1.000000
  0 86.870804 44.275742 -35.801956 0.098645 0.993552 -0.055893 0.152252 0.162507 1 0 1.000000
  0 72.663254 45.592392 -32.747871 0.251837 0.963830 -0.087229 0.166756 0.213611 1 0 1.000000
barracuda
  0 86.936142 44.389725 -33.320122 0.098645 0.993552 -0.055893 0.162081 0.161514 1 0 1.000000
  0 102.318695 42.434906 -35.726818 0.288626 0.955354 -0.063202 0.147322 0.109051 1 0 1.000000
  0 86.870804 44.275742 -35.801956 0.098645 0.993552 -0.055893 0.152252 0.162507 1 0 1.000000
barracuda
  0 102.458664 42.539490 -33.573204 0.288626 0.955354 -0.063202 0.155311 0.105664 1 0 1.000000
  0 102.318695 42.434906 -35.726818 0.288626 0.955354 -0.063202 0.147322 0.109051 1 0 1.000000
  0 86.936142 44.389725 -33.320122 0.098645 0.993552 -0.055893 0.162081 0.161514 1 0 1.000000
barracuda
  0 102.458664 42.539490 -33.573204 0.288626 0.955354 -0.063202 0.155311 0.105664 1 0 1.000000
  0 106.586304 40.268280 -35.798393 0.450532 0.889812 -0.072492 0.140563 0.094934 1 0 1.000000
  0 102.318695 42.434906 -35.726818 0.288626 0.955354 -0.063202 0.147322 0.109051 1 0 1.000000
barracuda
  0 69.018784 46.884689 -32.417511 0.284255 0.946501 -0.152758 0.168728 0.222264 1 0 1.000000
  0 72.663254 45.592392 -32.747871 0.251837 0.963830 -0.087229 0.166091 0.208098 1 0 1.000000
  0 72.379822 45.418098 -35.527027 0.155627 0.960683 -0.229930 0.155488 0.212046 1 0 1.000000
barracuda
  0 72.379822 45.418098 -35.527027 0.155627 0.960683 -0.229930 0.155488 0.212046 1 0 1.000000
  0 67.450333 46.859428 -33.601471 0.225863 0.917088 -0.328536 0.164017 0.228261 1 0 1.000000
  0 69.018784 46.884689 -32.417511 0.284255 0.946501 -0.152758 0.168728 0.222264 1 0 1.000000
barracuda
  0 28.045734 59.881195 -28.882713 0.011930 0.838843 -0.544242 0.200359 0.366030 1 0 1.000000
  0 33.025311 58.232292 -30.949183 0.019830 0.675410 -0.737176 0.192125 0.348746 1 0 1.000000
  0 27.473743 57.485283 -31.482628 0.003777 0.691713 -0.722163 0.187970 0.367595 1 0 1.000000
barracuda
  0 33.025311 58.232292 -30.949183 0.019830 0.675410 -0.737176 0.192125 0.348746 1 0 1.000000
  0 41.953182 47.231430 -38.016968 -0.112610 0.920896 -0.373189 0.149754 0.315026 1 0 1.000000
  0 27.473743 57.485283 -31.482628 0.003777 0.691713 -0.722163 0.187970 0.367595 1 0 1.000000
barracuda
  0 50.588634 46.880478 -37.689377 0.059012 0.753444 -0.654859 0.150820 0.286083 1 0 1.000000
  0 41.953182 47.231430 -38.016968 -0.112610 0.920896 -0.373189 0.149754 0.315026 1 0 1.000000
  0 33.025311 58.232292 -30.949183 0.019830 0.675410 -0.737176 0.192125 0.348746 1 0 1.000000
barracuda
  0 38.295353 58.941414 -29.984127 0.112124 0.820243 -0.560919 0.196964 0.331008 1 0 1.000000
  0 50.588634 46.880478 -37.689377 0.059012 0.753444 -0.654859 0.150820 0.286083 1 0 1.000000
  0 33.025311 58.232292 -30.949183 0.019830 0.675410 -0.737176 0.192125 0.348746 1 0 1.000000
barracuda
  0 60.234341 46.488472 -37.082966 0.115298 0.811032 -0.573527 0.152851 0.253027 1 0 1.000000
  0 50.588634 46.880478 -37.689377 0.059012 0.753444 -0.654859 0.150820 0.286083 1 0 1.000000
  0 38.295353 58.941414 -29.984127 0.112124 0.820243 -0.560919 0.196964 0.331008 1 0 1.000000
barracuda
  0 38.295353 58.941414 -29.984127 0.112124 0.820243 -0.560919 0.196964 0.331008 1 0 1.000000
  0 44.007622 58.285652 -28.559589 0.278962 0.870740 -0.404960 0.200001 0.310994 1 0 1.000000
  0 60.234341 46.488472 -37.082966 0.115298 0.811032 -0.573527 0.152851 0.253027 1 0 1.000000
barracuda
  0 60.234341 46.488472 -37.082966 0.115298 0.811032 -0.573527 0.152851 0.253027 1 0 1.000000
  0 44.007622 58.285652 -28.559589 0.278962 0.870740 -0.404960 0.200001 0.310994 1 0 1.000000
  0 64.651566 46.689384 -35.788429 0.206217 0.854627 -0.476536 0.157123 0.237776 1 0 1.000000
barracuda
  0 44.007622 58.285652 -28.559589 0.278962 0.870740 -0.404960 0.200001 0.310994 1 0 1.000000
  0 45.507027 58.034554 -27.322271 0.347117 0.879195 -0.326382 0.203332 0.305106 1 0 1.000000
  0 64.651566 46.689384 -35.788429 0.206217 0.854627 -0.476536 0.157123 0.237776 1 0 1.000000
barracuda
  0 64.651566 46.689384 -35.788429 0.206217 0.854627 -0.476536 0.157123 0.237776 1 0 1.000000
  0 45.507027 58.034554 -27.322271 0.347117 0.879195 -0.326382 0.203332 0.305106 1 0 1.000000
  0 67.450333 46.859428 -33.601471 0.225863 0.917088 -0.328536 0.164017 0.228261 1 0 1.000000
barracuda
  0 67.450333 46.859428 -33.601471 0.225863 0.917088 -0.328536 0.164017 0.228261 1 0 1.000000
  0 66.982803 45.893738 -36.574371 0.122054 0.910227 -0.395713 0.153392 0.229659 1 0 1.000000
  0 64.651566 46.689384 -35.788429 0.206217 0.854627 -0.476536 0.157123 0.237776 1 0 1.000000
barracuda
  0 72.379822 45.418098 -35.527027 0.155627 0.960683 -0.229930 0.155488 0.212046 1 0 1.000000
  0 66.982803 45.893738 -36.574371 0.122054 0.910227 -0.395713 0.153392 0.229659 1 0 1.000000
  0 67.450333 46.859428 -33.601471 0.225863 0.917088 -0.328536 0.164017 0.228261 1 0 1.000000
barracuda
  0 72.379822 45.418098 -35.527027 0.155627 0.960683 -0.229930 0.155488 0.212046 1 0 1.000000
  0 72.331726 44.212952 -39.817059 0.088859 0.944935 -0.314963 0.140884 0.211786 1 0 1.000000
  0 66.982803 45.893738 -36.574371 0.122054 0.910227 -0.395713 0.153392 0.229659 1 0 1.000000
barracuda
  0 86.870804 44.275742 -35.801956 0.100418 0.933080 -0.345365 0.152252 0.162507 1 0 1.000000
  0 72.331726 44.212952 -39.817059 0.088859 0.944935 -0.314963 0.140884 0.211786 1 0 1.000000
  0 72.379822 45.418098 -35.527027 0.155627 0.960683 -0.229930 0.155488 0.212046 1 0 1.000000
barracuda
  0 86.870804 43.070599 -39.053898 0.100418 0.933080 -0.345365 0.140640 0.163033 1 0 1.000000
  0 72.331726 44.212952 -39.817059 0.088859 0.944935 -0.314963 0.140884 0.211786 1 0 1.000000
  0 86.870804 44.275742 -35.801956 0.100418 0.933080 -0.345365 0.152252 0.162507 1 0 1.000000
barracuda
  0 102.318695 42.434906 -35.726818 0.280723 0.858300 -0.429552 0.147322 0.109051 1 0 1.000000
  0 86.870804 43.070599 -39.053898 0.100418 0.933080 -0.345365 0.140640 0.163033 1 0 1.000000
  0 86.870804 44.275742 -35.801956 0.100418 0.933080 -0.345365 0.152252 0.162507 1 0 1.000000
barracuda
  0 102.318695 41.229759 -38.185783 0.280723 0.858300 -0.429552 0.138422 0.111413 1 0 1.000000
  0 86.870804 43.070599 -39.053898 0.100418 0.933080 -0.345365 0.140640 0.163033 1 0 1.000000
  0 102.318695 42.434906 -35.726818 0.280723 0.858300 -0.429552 0.147322 0.109051 1 0 1.000000
barracuda
  0 106.586304 40.268280 -35.798393 0.432075 0.775733 -0.459946 0.140563 0.094934 1 0 1.000000
  0 102.318695 41.229759 -38.185783 0.280723 0.858300 -0.429552 0.138422 0.111413 1 0 1.000000
  0 102.318695 42.434906 -35.726818 0.280723 0.858300 -0.429552 0.147322 0.109051 1 0 1.000000
barracuda
  0 106.426682 39.394875 -36.995003 0.432075 0.775733 -0.459946 0.136337 0.096196 1 0 1.000000
  0 102.318695 41.229759 -38.185783 0.280723 0.858300 -0.429552 0.138422 0.111413 1 0 1.000000
  0 106.586304 40.268280 -35.798393 0.432075 0.775733 -0.459946 0.140563 0.094934 1 0 1.000000
barracuda
  0 64.651566 46.689384 -35.788429 0.206217 0.854627 -0.476536 0.157123 0.237776 1 0 1.000000
  0 66.982803 45.893738 -36.574371 0.122054 0.910227 -0.395713 0.153392 0.229659 1 0 1.000000
  0 60.234341 46.488472 -37.082966 0.115298 0.811032 -0.573527 0.152851 0.253027 1 0 1.000000
barracuda
  0 60.234341 46.488472 -37.082966 0.115298 0.811032 -0.573527 0.152851 0.253027 1 0 1.000000
  0 66.982803 45.893738 -36.574371 0.122054 0.910227 -0.395713 0.153392 0.229659 1 0 1.000000
  0 63.712109 44.758450 -40.032616 0.091042 0.915174 -0.392642 0.141178 0.240985 1 0 1.000000
barracuda
  0 66.982803 45.893738 -36.574371 0.122054 0.910227 -0.395713 0.153392 0.229659 1 0 1.000000
  0 72.331726 44.212952 -39.817059 0.088859 0.944935 -0.314963 0.140884 0.211786 1 0 1.000000
  0 63.712109 44.758450 -40.032616 0.091042 0.915174 -0.392642 0.141178 0.240985 1 0 1.000000
barracuda
  0 63.712109 44.758450 -40.032616 0.091042 0.915174 -0.392642 0.141178 0.240985 1 0 1.000000
  0 50.588634 46.880478 -37.689377 0.059012 0.753444 -0.654859 0.150820 0.286083 1 0 1.000000
  0 60.234341 46.488472 -37.082966 0.115298 0.811032 -0.573527 0.152851 0.253027 1 0 1.000000
barracuda
  0 44.037418 58.957191 -26.149452 0.256788 0.940674 -0.221792 0.208983 0.310475 1 0 1.000000
  0 45.507027 58.034554 -27.322271 0.347117 0.879195 -0.326382 0.203332 0.305106 1 0 1.000000
  0 44.007622 58.285652 -28.559589 0.278962 0.870740 -0.404960 0.200001 0.310994 1 0 1.000000
barracuda
  0 44.007622 58.285652 -28.559589 0.278962 0.870740 -0.404960 0.200001 0.310994 1 0 1.000000
  0 38.675514 60.072937 -26.616356 0.139456 0.966021 -0.217613 0.208738 0.329719 1 0 1.000000
  0 44.037418 58.957191 -26.149452 0.256788 0.940674 -0.221792 0.208983 0.310475 1 0 1.000000
barracuda
  0 38.295353 58.941414 -29.984127 0.112124 0.820243 -0.560919 0.196964 0.331008 1 0 1.000000
  0 38.675514 60.072937 -26.616356 0.139456 0.966021 -0.217613 0.208738 0.329719 1 0 1.000000
  0 44.007622 58.285652 -28.559589 0.278962 0.870740 -0.404960 0.200001 0.310994 1 0 1.000000
barracuda
  0 38.675514 60.072937 -26.616356 0.139456 0.966021 -0.217613 0.208738 0.329719 1 0 1.000000
  0 38.295353 58.941414 -29.984127 0.112124 0.820243 -0.560919 0.196964 0.331008 1 0 1.000000
  0 28.461250 61.012253 -26.271091 0.046758 0.970511 -0.236477 0.210204 0.364846 1 0 1.000000
barracuda
  0 28.461250 61.012253 -26.271091 0.046758 0.970511 -0.236477 0.210204 0.364846 1 0 1.000000
  0 38.295353 58.941414 -29.984127 0.112124 0.820243 -0.560919 0.196964 0.331008 1 0 1.000000
  0 28.045734 59.881195 -28.882713 0.011930 0.838843 -0.544242 0.200359 0.366030 1 0 1.000000
barracuda
  0 28.045734 59.881195 -28.882713 0.011930 0.838843 -0.544242 0.200359 0.366030 1 0 1.000000
  0 38.295353 58.941414 -29.984127 0.112124 0.820243 -0.560919 0.196964 0.331008 1 0 1.000000
  0 33.025311 58.232292 -30.949183 0.019830 0.675410 -0.737176 0.192125 0.348746 1 0 1.000000
barracuda
  0 38.675514 60.072937 -26.616356 0.139456 0.966021 -0.217613 0.208738 0.329719 1 0 1.000000
  0 28.461250 61.012253 -26.271091 0.046758 0.970511 -0.236477 0.210204 0.364846 1 0 1.000000
  0 38.935383 61.006378 -16.718195 0.145273 0.987411 -0.062577 0.243158 0.328419 1 0 1.000000
barracuda
  0 38.675514 60.072937 -26.616356 0.139456 0.966021 -0.217613 0.208738 0.329719 1 0 1.000000
  0 38.935383 61.006378 -16.718195 0.145273 0.987411 -0.062577 0.243158 0.328419 1 0 1.000000
  0 44.037418 58.957191 -26.149452 0.256788 0.940674 -0.221792 0.208983 0.310475 1 0 1.000000
barracuda
  0 44.037418 58.957191 -26.149452 0.256788 0.940674 -0.221792 0.208983 0.310475 1 0 1.000000
  0 38.935383 61.006378 -16.718195 0.145273 0.987411 -0.062577 0.243158 0.328419 1 0 1.000000
  0 45.311298 59.656906 -17.284794 0.203174 0.976964 -0.065276 0.240711 0.305497 1 0 1.000000
barracuda
  0 45.311298 59.656906 -17.284794 0.203174 0.976964 -0.065276 0.240711 0.305497 1 0 1.000000
  0 38.935383 61.006378 -16.718195 0.145273 0.987411 -0.062577 0.243158 0.328419 1 0 1.000000
  0 46.377964 59.956863 -0.226374 0.202511 0.979280 0.000000 0.301108 0.301605 1 0 1.000000
barracuda
  0 -8.201188 57.382671 -30.566946 -0.151404 0.751503 -0.642122 0.190510 0.493601 1 0 1.000000
  0 -3.077320 59.877365 -28.124552 -0.057971 0.869491 -0.490534 0.201947 0.474838 1 0 1.000000
  0 -2.636660 57.993412 -30.566948 -0.048678 0.777576 -0.626902 0.191066 0.473489 1 0 1.000000
barracuda
  0 -3.077320 59.877365 -28.124552 -0.057971 0.869491 -0.490534 0.201947 0.474838 1 0 1.000000
  0 14.271679 60.400471 -28.297144 -0.009518 0.861577 -0.507538 0.202066 0.414068 1 0 1.000000
  0 -2.636660 57.993412 -30.566948 -0.048678 0.777576 -0.626902 0.191066 0.473489 1 0 1.000000
barracuda
  0 -2.636660 57.993412 -30.566948 -0.048678 0.777576 -0.626902 0.191066 0.473489 1 0 1.000000
  0 14.271679 60.400471 -28.297144 -0.009518 0.861577 -0.507538 0.202066 0.414068 1 0 1.000000
  0 14.026363 58.437111 -30.820473 -0.009387 0.775491 -0.631288 0.190866 0.414865 1 0 1.000000
barracuda
  0 14.271679 60.400471 -28.297144 -0.009518 0.861577 -0.507538 0.202066 0.414068 1 0 1.000000
  0 27.473743 57.485283 -31.482628 0.003777 0.691713 -0.722163 0.187970 0.367595 1 0 1.000000
  0 14.026363 58.437111 -30.820473 -0.009387 0.775491 -0.631288 0.190866 0.414865 1 0 1.000000
barracuda
  0 28.045734 59.881195 -28.882713 0.011930 0.838843 -0.544242 0.200359 0.366030 1 0 1.000000
  0 27.473743 57.485283 -31.482628 0.003777 0.691713 -0.722163 0.187970 0.367595 1 0 1.000000
  0 14.271679 60.400471 -28.297144 -0.009518 0.861577 -0.507538 0.202066 0.414068 1 0 1.000000
barracuda
  0 14.502237 61.370697 -25.913509 -0.007193 0.972429 -0.233087 0.211042 0.413334 1 0 1.000000
  0 28.045734 59.881195 -28.882713 0.011930 0.838843 -0.544242 0.200359 0.366030 1 0 1.000000
  0 14.271679 60.400471 -28.297144 -0.009518 0.861577 -0.507538 0.202066 0.414068 1 0 1.000000
barracuda
  0 28.461250 61.012253 -26.271091 0.046758 0.970511 -0.236477 0.210204 0.364846 1 0 1.000000
  0 28.045734 59.881195 -28.882713 0.011930 0.838843 -0.544242 0.200359 0.366030 1 0 1.000000
  0 14.502237 61.370697 -25.913509 -0.007193 0.972429 -0.233087 0.211042 0.413334 1 0 1.000000
barracuda
  0 28.461250 61.012253 -26.271091 0.046758 0.970511 -0.236477 0.210204 0.364846 1 0 1.000000
  0 14.502237 61.370697 -25.913509 -0.007193 0.972429 -0.233087 0.211042 0.413334 1 0 1.000000
  0 28.954330 61.966534 -15.921796 0.055018 0.996860 -0.056943 0.246164 0.363315 1 0 1.000000
barracuda
  0 38.935383 61.006378 -16.718195 0.145273 0.987411 -0.062577 0.243158 0.328419 1 0 1.000000
  0 28.461250 61.012253 -26.271091 0.046758 0.970511 -0.236477 0.210204 0.364846 1 0 1.000000
  0 28.954330 61.966534 -15.921796 0.055018 0.996860 -0.056943 0.246164 0.363315 1 0 1.000000
barracuda
  0 38.935383 61.006378 -16.718195 0.145273 0.987411 -0.062577 0.243158 0.328419 1 0 1.000000
  0 28.954330 61.966534 -15.921796 0.055018 0.996860 -0.056943 0.246164 0.363315 1 0 1.000000
  0 38.968201 61.475037 -0.226377 0.144402 0.989519 0.000000 0.301013 0.328204 1 0 1.000000
barracuda
  0 46.377964 59.956863 -0.226374 0.202511 0.979280 0.000000 0.301108 0.301605 1 0 1.000000
  0 38.935383 61.006378 -16.718195 0.145273 0.987411 -0.062577 0.243158 0.328419 1 0 1.000000
  0 38.968201 61.475037 -0.226377 0.144402 0.989519 0.000000 0.301013 0.328204 1 0 1.000000
barracuda
  0 38.935383 61.006378 16.265444 0.145273 0.987411 0.062577 0.358864 0.328954 1 0 1.000000
  0 46.377964 59.956863 -0.226374 0.202511 0.979280 0.000000 0.301108 0.301605 1 0 1.000000
  0 38.968201 61.475037 -0.226377 0.144402 0.989519 0.000000 0.301013 0.328204 1 0 1.000000
barracuda
  0 45.311298 59.656906 16.832043 0.203174 0.976964 0.065276 0.361541 0.306075 1 0 1.000000
  0 46.377964 59.956863 -0.226374 0.202511 0.979280 0.000000 0.301108 0.301605 1 0 1.000000
  0 38.935383 61.006378 16.265444 0.145273 0.987411 0.062577 0.358864 0.328954 1 0 1.000000
barracuda
  0 45.311298 59.656906 16.832043 0.203174 0.976964 0.065276 0.361541 0.306075 1 0 1.000000
  0 38.935383 61.006378 16.265444 0.145273 0.987411 0.062577 0.358864 0.328954 1 0 1.000000
  0 44.037418 58.957195 25.696697 0.256788 0.940674 0.221793 0.393159 0.311466 1 0 1.000000
barracuda
  0 44.037418 58.957195 25.696697 0.256788 0.940674 0.221793 0.393159 0.311466 1 0 1.000000
  0 38.935383 61.006378 16.265444 0.145273 0.987411 0.062577 0.358864 0.328954 1 0 1.000000
  0 38.675514 60.072933 26.163603 0.139456 0.966021 0.217614 0.393191 0.330599 1 0 1.000000
barracuda
  0 38.675514 60.072933 26.163603 0.139456 0.966021 0.217614 0.393191 0.330599 1 0 1.000000
  0 44.007622 58.285648 28.106840 0.278963 0.870739 0.404961 0.402060 0.312105 1 0 1.000000
  0 44.037418 58.957195 25.696697 0.256788 0.940674 0.221793 0.393159 0.311466 1 0 1.000000
barracuda
  0 44.037418 58.957195 25.696697 0.256788 0.940674 0.221793 0.393159 0.311466 1 0 1.000000
  0 44.007622 58.285648 28.106840 0.278963 0.870739 0.404961 0.402060 0.312105 1 0 1.000000
  0 45.507027 58.034550 26.869520 0.347117 0.879195 0.326384 0.398821 0.306244 1 0 1.000000
barracuda
  0 64.651566 46.689384 35.335682 0.206216 0.854627 0.476537 0.445115 0.240109 1 0 1.000000
  0 45.507027 58.034550 26.869520 0.347117 0.879195 0.326384 0.398821 0.306244 1 0 1.000000
  0 44.007622 58.285648 28.106840 0.278963 0.870739 0.404961 0.402060 0.312105 1 0 1.000000
barracuda
  0 67.450333 46.859432 33.148727 0.225864 0.917088 0.328535 0.438854 0.230270 1 0 1.000000
  0 45.507027 58.034550 26.869520 0.347117 0.879195 0.326384 0.398821 0.306244 1 0 1.000000
  0 64.651566 46.689384 35.335682 0.206216 0.854627 0.476537 0.445115 0.240109 1 0 1.000000
barracuda
  0 14.271679 60.400471 -28.297144 -0.009518 0.861577 -0.507538 0.202066 0.414068 1 0 1.000000
  0 -3.077320 59.877365 -28.124552 -0.057971 0.869491 -0.490534 0.201947 0.474838 1 0 1.000000
  0 14.502237 61.370697 -25.913509 -0.007193 0.972429 -0.233087 0.211042 0.413334 1 0 1.000000
barracuda
  0 72.663254 45.592392 32.295128 0.251837 0.963830 0.087229 0.437649 0.212280 1 0 1.000000
  0 86.870804 44.275742 35.349213 0.098645 0.993552 0.055892 0.450972 0.166149 1 0 1.000000
  0 86.936142 44.389725 32.867363 0.098645 0.993552 0.055892 0.442828 0.165394 1 0 1.000000
barracuda
  0 72.379822 45.418098 35.074276 0.155627 0.960683 0.229930 0.446726 0.213866 1 0 1.000000
  0 86.870804 44.275742 35.349213 0.098645 0.993552 0.055892 0.450972 0.166149 1 0 1.000000
  0 72.663254 45.592392 32.295128 0.251837 0.963830 0.087229 0.437649 0.212280 1 0 1.000000
barracuda
  0 69.018784 46.884689 31.964750 0.284256 0.946501 0.152757 0.434965 0.224329 1 0 1.000000
  0 72.379822 45.418098 35.074276 0.155627 0.960683 0.229930 0.446726 0.213866 1 0 1.000000
  0 72.663254 45.592392 32.295128 0.251837 0.963830 0.087229 0.437649 0.212280 1 0 1.000000
barracuda
  0 72.379822 45.418098 35.074276 0.155627 0.960683 0.229930 0.446726 0.213866 1 0 1.000000
  0 69.018784 46.884689 31.964750 0.284256 0.946501 0.152757 0.434965 0.224329 1 0 1.000000
  0 67.450333 46.859432 33.148727 0.225864 0.917088 0.328535 0.438854 0.230270 1 0 1.000000
barracuda
  0 67.450333 46.859432 33.148727 0.225864 0.917088 0.328535 0.438854 0.230270 1 0 1.000000
  0 66.982803 45.893742 36.121620 0.122054 0.910227 0.395715 0.448868 0.232155 1 0 1.000000
  0 72.379822 45.418098 35.074276 0.155627 0.960683 0.229930 0.446726 0.213866 1 0 1.000000
barracuda
  0 64.651566 46.689384 35.335682 0.206216 0.854627 0.476537 0.445115 0.240109 1 0 1.000000
  0 66.982803 45.893742 36.121620 0.122054 0.910227 0.395715 0.448868 0.232155 1 0 1.000000
  0 67.450333 46.859432 33.148727 0.225864 0.917088 0.328535 0.438854 0.230270 1 0 1.000000
barracuda
  0 64.651566 46.689384 35.335682 0.206216 0.854627 0.476537 0.445115 0.240109 1 0 1.000000
  0 60.234341 46.488468 36.630219 0.115298 0.811032 0.573528 0.449187 0.255187 1 0 1.000000
  0 66.982803 45.893742 36.121620 0.122054 0.910227 0.395715 0.448868 0.232155 1 0 1.000000
barracuda
  0 44.007622 58.285648 28.106840 0.278963 0.870739 0.404961 0.402060 0.312105 1 0 1.000000
  0 60.234341 46.488468 36.630219 0.115298 0.811032 0.573528 0.449187 0.255187 1 0 1.000000
  0 64.651566 46.689384 35.335682 0.206216 0.854627 0.476537 0.445115 0.240109 1 0 1.000000
barracuda
  0 38.295353 58.941414 29.531372 0.112124 0.820243 0.560918 0.404898 0.331974 1 0 1.000000
  0 60.234341 46.488468 36.630219 0.115298 0.811032 0.573528 0.449187 0.255187 1 0 1.000000
  0 44.007622 58.285648 28.106840 0.278963 0.870739 0.404961 0.402060 0.312105 1 0 1.000000
barracuda
  0 38.295353 58.941414 29.531372 0.112124 0.820243 0.560918 0.404898 0.331974 1 0 1.000000
  0 44.007622 58.285648 28.106840 0.278963 0.870739 0.404961 0.402060 0.312105 1 0 1.000000
  0 38.675514 60.072933 26.163603 0.139456 0.966021 0.217614 0.393191 0.330599 1 0 1.000000
barracuda
  0 38.675514 60.072933 26.163603 0.139456 0.966021 0.217614 0.393191 0.330599 1 0 1.000000
  0 28.461250 61.012253 25.818338 0.046758 0.970511 0.236478 0.391435 0.365575 1 0 1.000000
  0 38.295353 58.941414 29.531372 0.112124 0.820243 0.560918 0.404898 0.331974 1 0 1.000000
barracuda
  0 38.935383 61.006378 16.265444 0.145273 0.987411 0.062577 0.358864 0.328954 1 0 1.000000
  0 28.461250 61.012253 25.818338 0.046758 0.970511 0.236478 0.391435 0.365575 1 0 1.000000
  0 38.675514 60.072933 26.163603 0.139456 0.966021 0.217614 0.393191 0.330599 1 0 1.000000
barracuda
  0 28.954330 61.966537 15.469043 0.055018 0.996860 0.056943 0.355559 0.363773 1 0 1.000000
  0 28.461250 61.012253 25.818338 0.046758 0.970511 0.236478 0.391435 0.365575 1 0 1.000000
  0 38.935383 61.006378 16.265444 0.145273 0.987411 0.062577 0.358864 0.328954 1 0 1.000000
barracuda
  0 38.968201 61.475037 -0.226377 0.144402 0.989519 0.000000 0.301013 0.328204 1 0 1.000000
  0 28.954330 61.966537 15.469043 0.055018 0.996860 0.056943 0.355559 0.363773 1 0 1.000000
  0 38.935383 61.006378 16.265444 0.145273 0.987411 0.062577 0.358864 0.328954 1 0 1.000000
barracuda
  0 28.954330 62.255592 -0.226374 0.055422 0.998463 0.000000 0.300882 0.363378 1 0 1.000000
  0 28.954330 61.966537 15.469043 0.055018 0.996860 0.056943 0.355559 0.363773 1 0 1.000000
  0 38.968201 61.475037 -0.226377 0.144402 0.989519 0.000000 0.301013 0.328204 1 0 1.000000
barracuda
  0 38.968201 61.475037 -0.226377 0.144402 0.989519 0.000000 0.301013 0.328204 1 0 1.000000
  0 28.954330 61.966534 -15.921796 0.055018 0.996860 -0.056943 0.246164 0.363315 1 0 1.000000
  0 28.954330 62.255592 -0.226374 0.055422 0.998463 0.000000 0.300882 0.363378 1 0 1.000000
barracuda
  0 28.954330 61.966534 -15.921796 0.055018 0.996860 -0.056943 0.246164 0.363315 1 0 1.000000
  0 14.502237 62.352428 -14.737205 -0.002486 0.998557 -0.053650 0.250088 0.413668 1 0 1.000000
  0 28.954330 62.255592 -0.226374 0.055422 0.998463 0.000000 0.300882 0.363378 1 0 1.000000
barracuda
  0 28.954330 61.966534 -15.921796 0.055018 0.996860 -0.056943 0.246164 0.363315 1 0 1.000000
  0 14.502237 61.370697 -25.913509 -0.007193 0.972429 -0.233087 0.211042 0.413334 1 0 1.000000
  0 14.502237 62.352428 -14.737205 -0.002486 0.998557 -0.053650 0.250088 0.413668 1 0 1.000000
barracuda
  0 38.295353 58.941414 29.531372 0.112124 0.820243 0.560918 0.404898 0.331974 1 0 1.000000
  0 28.461250 61.012253 25.818338 0.046758 0.970511 0.236478 0.391435 0.365575 1 0 1.000000
  0 28.045734 59.881191 28.429956 0.011930 0.838844 0.544242 0.401242 0.366818 1 0 1.000000
barracuda
  0 28.461250 61.012253 25.818338 0.046758 0.970511 0.236478 0.391435 0.365575 1 0 1.000000
  0 14.502237 61.370693 25.460762 -0.007193 0.972429 0.233087 0.390284 0.413998 1 0 1.000000
  0 28.045734 59.881191 28.429956 0.011930 0.838844 0.544242 0.401242 0.366818 1 0 1.000000
barracuda
  0 28.461250 61.012253 25.818338 0.046758 0.970511 0.236478 0.391435 0.365575 1 0 1.000000
  0 28.954330 61.966537 15.469043 0.055018 0.996860 0.056943 0.355559 0.363773 1 0 1.000000
  0 14.502237 61.370693 25.460762 -0.007193 0.972429 0.233087 0.390284 0.413998 1 0 1.000000
barracuda
  0 14.502237 61.370693 25.460762 -0.007193 0.972429 0.233087 0.390284 0.413998 1 0 1.000000
  0 28.954330 61.966537 15.469043 0.055018 0.996860 0.056943 0.355559 0.363773 1 0 1.000000
  0 14.502237 62.352432 14.284450 -0.002486 0.998557 0.053650 0.351262 0.414056 1 0 1.000000
barracuda
  0 28.954330 61.966537 15.469043 0.055018 0.996860 0.056943 0.355559 0.363773 1 0 1.000000
  0 28.954330 62.255592 -0.226374 0.055422 0.998463 0.000000 0.300882 0.363378 1 0 1.000000
  0 14.502237 62.352432 14.284450 -0.002486 0.998557 0.053650 0.351262 0.414056 1 0 1.000000
barracuda
  0 14.502237 62.352432 14.284450 -0.002486 0.998557 0.053650 0.351262 0.414056 1 0 1.000000
  0 28.954330 62.255592 -0.226374 0.055422 0.998463 0.000000 0.300882 0.363378 1 0 1.000000
  0 14.502237 62.614029 -0.226374 -0.000168 1.000000 0.000000 0.300693 0.413958 1 0 1.000000
barracuda
  0 28.954330 62.255592 -0.226374 0.055422 0.998463 0.000000 0.300882 0.363378 1 0 1.000000
  0 14.502237 62.352428 -14.737205 -0.002486 0.998557 -0.053650 0.250088 0.413668 1 0 1.000000
  0 14.502237 62.614029 -0.226374 -0.000168 1.000000 0.000000 0.300693 0.413958 1 0 1.000000
barracuda
  0 14.502237 61.370693 25.460762 -0.007193 0.972429 0.233087 0.390284 0.413998 1 0 1.000000
  0 14.502237 62.352432 14.284450 -0.002486 0.998557 0.053650 0.351262 0.414056 1 0 1.000000
  0 -3.517978 60.859127 24.892899 -0.068182 0.973400 0.218730 0.388619 0.476988 1 0 1.000000
barracuda
  0 28.045734 59.881191 28.429956 0.011930 0.838844 0.544242 0.401242 0.366818 1 0 1.000000
  0 14.502237 61.370693 25.460762 -0.007193 0.972429 0.233087 0.390284 0.413998 1 0 1.000000
  0 14.271679 60.400467 27.844393 -0.009518 0.861577 0.507538 0.399251 0.414789 1 0 1.000000
barracuda
  0 14.502237 61.370693 25.460762 -0.007193 0.972429 0.233087 0.390284 0.413998 1 0 1.000000
  0 -3.077320 59.877365 27.671801 -0.057971 0.869491 0.490534 0.398944 0.475582 1 0 1.000000
  0 14.271679 60.400467 27.844393 -0.009518 0.861577 0.507538 0.399251 0.414789 1 0 1.000000
barracuda
  0 -3.517978 60.859127 24.892899 -0.068182 0.973400 0.218730 0.388619 0.476988 1 0 1.000000
  0 -3.077320 59.877365 27.671801 -0.057971 0.869491 0.490534 0.398944 0.475582 1 0 1.000000
  0 14.502237 61.370693 25.460762 -0.007193 0.972429 0.233087 0.390284 0.413998 1 0 1.000000
barracuda
  0 -3.517978 60.859127 24.892899 -0.068182 0.973400 0.218730 0.388619 0.476988 1 0 1.000000
  0 -8.641849 59.266624 27.963188 -0.203083 0.835568 0.510474 0.400112 0.495151 1 0 1.000000
  0 -3.077320 59.877365 27.671801 -0.057971 0.869491 0.490534 0.398944 0.475582 1 0 1.000000
barracuda
  0 -9.519596 60.180950 24.892895 -0.250090 0.937439 0.242204 0.388968 0.498010 1 0 1.000000
  0 -8.641849 59.266624 27.963188 -0.203083 0.835568 0.510474 0.400112 0.495151 1 0 1.000000
  0 -3.517978 60.859127 24.892899 -0.068182 0.973400 0.218730 0.388619 0.476988 1 0 1.000000
barracuda
  0 -3.517978 60.859127 24.892899 -0.068182 0.973400 0.218730 0.388619 0.476988 1 0 1.000000
  0 -4.877833 61.883522 12.853540 -0.067300 0.996118 0.056746 0.346333 0.481874 1 0 1.000000
  0 -9.519596 60.180950 24.892895 -0.250090 0.937439 0.242204 0.388968 0.498010 1 0 1.000000
barracuda
  0 -3.517978 60.859127 24.892899 -0.068182 0.973400 0.218730 0.388619 0.476988 1 0 1.000000
  0 14.502237 62.352432 14.284450 -0.002486 0.998557 0.053650 0.351262 0.414056 1 0 1.000000
  0 -4.877833 61.883522 12.853540 -0.067300 0.996118 0.056746 0.346333 0.481874 1 0 1.000000
barracuda
  0 14.502237 62.352432 14.284450 -0.002486 0.998557 0.053650 0.351262 0.414056 1 0 1.000000
  0 14.502237 62.614029 -0.226374 -0.000168 1.000000 0.000000 0.300693 0.413958 1 0 1.000000
  0 -4.877833 61.883522 12.853540 -0.067300 0.996118 0.056746 0.346333 0.481874 1 0 1.000000
barracuda
  0 -3.077320 59.877365 27.671801 -0.057971 0.869491 0.490534 0.398944 0.475582 1 0 1.000000
  0 -8.201188 57.382671 30.114193 -0.151403 0.751502 0.642123 0.410236 0.494457 1 0 1.000000
  0 -2.636660 57.993412 30.114191 -0.048678 0.777576 0.626902 0.409842 0.474311 1 0 1.000000
barracuda
  0 -8.641849 59.266624 27.963188 -0.203083 0.835568 0.510474 0.400112 0.495151 1 0 1.000000
  0 -8.201188 57.382671 30.114193 -0.151403 0.751502 0.642123 0.410236 0.494457 1 0 1.000000
  0 -3.077320 59.877365 27.671801 -0.057971 0.869491 0.490534 0.398944 0.475582 1 0 1.000000
barracuda
  0 -12.304146 56.781414 29.297834 -0.327733 0.760649 0.560361 0.407744 0.509805 1 0 1.000000
  0 -8.201188 57.382671 30.114193 -0.151403 0.751502 0.642123 0.410236 0.494457 1 0 1.000000
  0 -8.641849 59.266624 27.963188 -0.203083 0.835568 0.510474 0.400112 0.495151 1 0 1.000000
barracuda
  0 -12.304146 56.781414 29.297834 -0.327733 0.760649 0.560361 0.407744 0.509805 1 0 1.000000
  0 -8.641849 59.266624 27.963188 -0.203083 0.835568 0.510474 0.400112 0.495151 1 0 1.000000
  0 -13.764849 58.267879 24.892895 -0.391514 0.881212 0.264919 0.390242 0.514471 1 0 1.000000
barracuda
  0 -13.764849 58.267879 24.892895 -0.391514 0.881212 0.264919 0.390242 0.514471 1 0 1.000000
  0 -8.641849 59.266624 27.963188 -0.203083 0.835568 0.510474 0.400112 0.495151 1 0 1.000000
  0 -9.519596 60.180950 24.892895 -0.250090 0.937439 0.242204 0.388968 0.498010 1 0 1.000000
barracuda
  0 -9.519596 60.180950 24.892895 -0.250090 0.937439 0.242204 0.388968 0.498010 1 0 1.000000
  0 -10.879452 61.288208 12.452967 -0.238596 0.968460 0.071807 0.345090 0.503082 1 0 1.000000
  0 -13.764849 58.267879 24.892895 -0.391514 0.881212 0.264919 0.390242 0.514471 1 0 1.000000
barracuda
  0 -9.519596 60.180950 24.892895 -0.250090 0.937439 0.242204 0.388968 0.498010 1 0 1.000000
  0 -4.877833 61.883522 12.853540 -0.067300 0.996118 0.056746 0.346333 0.481874 1 0 1.000000
  0 -10.879452 61.288208 12.452967 -0.238596 0.968460 0.071807 0.345090 0.503082 1 0 1.000000
barracuda
  0 -4.877833 61.883522 12.853540 -0.067300 0.996118 0.056746 0.346333 0.481874 1 0 1.000000
  0 -5.841700 62.102463 -0.226369 -0.064955 0.997888 0.000000 0.300408 0.485321 1 0 1.000000
  0 -10.879452 61.288208 12.452967 -0.238596 0.968460 0.071807 0.345090 0.503082 1 0 1.000000
barracuda
  0 -4.877833 61.883522 12.853540 -0.067300 0.996118 0.056746 0.346333 0.481874 1 0 1.000000
  0 14.502237 62.614029 -0.226374 -0.000168 1.000000 0.000000 0.300693 0.413958 1 0 1.000000
  0 -5.841700 62.102463 -0.226369 -0.064955 0.997888 0.000000 0.300408 0.485321 1 0 1.000000
barracuda
  0 14.502237 62.614029 -0.226374 -0.000168 1.000000 0.000000 0.300693 0.413958 1 0 1.000000
  0 -4.877833 61.883526 -13.306288 -0.067300 0.996118 -0.056746 0.254502 0.481514 1 0 1.000000
  0 -5.841700 62.102463 -0.226369 -0.064955 0.997888 0.000000 0.300408 0.485321 1 0 1.000000
barracuda
  0 14.502237 62.352428 -14.737205 -0.002486 0.998557 -0.053650 0.250088 0.413668 1 0 1.000000
  0 -4.877833 61.883526 -13.306288 -0.067300 0.996118 -0.056746 0.254502 0.481514 1 0 1.000000
  0 14.502237 62.614029 -0.226374 -0.000168 1.000000 0.000000 0.300693 0.413958 1 0 1.000000
barracuda
  0 14.502237 62.352428 -14.737205 -0.002486 0.998557 -0.053650 0.250088 0.413668 1 0 1.000000
  0 -3.517978 60.859131 -25.345648 -0.068182 0.973400 -0.218730 0.212258 0.476319 1 0 1.000000
  0 -4.877833 61.883526 -13.306288 -0.067300 0.996118 -0.056746 0.254502 0.481514 1 0 1.000000
barracuda
  0 -3.517978 60.859131 -25.345648 -0.068182 0.973400 -0.218730 0.212258 0.476319 1 0 1.000000
  0 -9.519596 60.180946 -25.345652 -0.250090 0.937439 -0.242204 0.211749 0.497333 1 0 1.000000
  0 -4.877833 61.883526 -13.306288 -0.067300 0.996118 -0.056746 0.254502 0.481514 1 0 1.000000
barracuda
  0 -3.517978 60.859131 -25.345648 -0.068182 0.973400 -0.218730 0.212258 0.476319 1 0 1.000000
  0 -8.641849 59.266624 -28.415939 -0.203084 0.835568 -0.510473 0.200624 0.494387 1 0 1.000000
  0 -9.519596 60.180946 -25.345652 -0.250090 0.937439 -0.242204 0.211749 0.497333 1 0 1.000000
barracuda
  0 -8.641849 59.266624 -28.415939 -0.203084 0.835568 -0.510473 0.200624 0.494387 1 0 1.000000
  0 -13.764849 58.267883 -25.345652 -0.391513 0.881213 -0.264919 0.210355 0.513789 1 0 1.000000
  0 -9.519596 60.180946 -25.345652 -0.250090 0.937439 -0.242204 0.211749 0.497333 1 0 1.000000
barracuda
  0 -12.304146 56.781410 -29.750586 -0.327734 0.760649 -0.560360 0.192848 0.509004 1 0 1.000000
  0 -13.764849 58.267883 -25.345652 -0.391513 0.881213 -0.264919 0.210355 0.513789 1 0 1.000000
  0 -8.641849 59.266624 -28.415939 -0.203084 0.835568 -0.510473 0.200624 0.494387 1 0 1.000000
barracuda
  0 -15.561789 59.532875 12.218710 -0.366533 0.926783 0.082012 0.344753 0.520849 1 0 1.000000
  0 -11.406228 61.491722 -0.226371 -0.230339 0.973110 0.000000 0.300307 0.505035 1 0 1.000000
  0 -16.088566 59.727364 -0.226370 -0.352468 0.935824 0.000000 0.300203 0.522767 1 0 1.000000
barracuda
  0 -11.406228 61.491722 -0.226371 -0.230339 0.973110 0.000000 0.300307 0.505035 1 0 1.000000
  0 -15.561789 59.532875 -12.671461 -0.366533 0.926784 -0.082011 0.255769 0.520469 1 0 1.000000
  0 -16.088566 59.727364 -0.226370 -0.352468 0.935824 0.000000 0.300203 0.522767 1 0 1.000000
barracuda
  0 -10.879452 61.288208 -12.905710 -0.238596 0.968460 -0.071807 0.255573 0.502718 1 0 1.000000
  0 -15.561789 59.532875 -12.671461 -0.366533 0.926784 -0.082011 0.255769 0.520469 1 0 1.000000
  0 -11.406228 61.491722 -0.226371 -0.230339 0.973110 0.000000 0.300307 0.505035 1 0 1.000000
barracuda
  0 -10.879452 61.288208 -12.905710 -0.238596 0.968460 -0.071807 0.255573 0.502718 1 0 1.000000
  0 -13.764849 58.267883 -25.345652 -0.391513 0.881213 -0.264919 0.210355 0.513789 1 0 1.000000
  0 -15.561789 59.532875 -12.671461 -0.366533 0.926784 -0.082011 0.255769 0.520469 1 0 1.000000
barracuda
  0 -9.519596 60.180946 -25.345652 -0.250090 0.937439 -0.242204 0.211749 0.497333 1 0 1.000000
  0 -13.764849 58.267883 -25.345652 -0.391513 0.881213 -0.264919 0.210355 0.513789 1 0 1.000000
  0 -10.879452 61.288208 -12.905710 -0.238596 0.968460 -0.071807 0.255573 0.502718 1 0 1.000000
barracuda
  0 -4.877833 61.883526 -13.306288 -0.067300 0.996118 -0.056746 0.254502 0.481514 1 0 1.000000
  0 -9.519596 60.180946 -25.345652 -0.250090 0.937439 -0.242204 0.211749 0.497333 1 0 1.000000
  0 -10.879452 61.288208 -12.905710 -0.238596 0.968460 -0.071807 0.255573 0.502718 1 0 1.000000
barracuda
  0 -4.877833 61.883526 -13.306288 -0.067300 0.996118 -0.056746 0.254502 0.481514 1 0 1.000000
  0 -10.879452 61.288208 -12.905710 -0.238596 0.968460 -0.071807 0.255573 0.502718 1 0 1.000000
  0 -5.841700 62.102463 -0.226369 -0.064955 0.997888 0.000000 0.300408 0.485321 1 0 1.000000
barracuda
  0 -5.841700 62.102463 -0.226369 -0.064955 0.997888 0.000000 0.300408 0.485321 1 0 1.000000
  0 -10.879452 61.288208 -12.905710 -0.238596 0.968460 -0.071807 0.255573 0.502718 1 0 1.000000
  0 -11.406228 61.491722 -0.226371 -0.230339 0.973110 0.000000 0.300307 0.505035 1 0 1.000000
barracuda
  0 -10.879452 61.288208 12.452967 -0.238596 0.968460 0.071807 0.345090 0.503082 1 0 1.000000
  0 -5.841700 62.102463 -0.226369 -0.064955 0.997888 0.000000 0.300408 0.485321 1 0 1.000000
  0 -11.406228 61.491722 -0.226371 -0.230339 0.973110 0.000000 0.300307 0.505035 1 0 1.000000
barracuda
  0 -10.879452 61.288208 12.452967 -0.238596 0.968460 0.071807 0.345090 0.503082 1 0 1.000000
  0 -11.406228 61.491722 -0.226371 -0.230339 0.973110 0.000000 0.300307 0.505035 1 0 1.000000
  0 -15.561789 59.532875 12.218710 -0.366533 0.926783 0.082012 0.344753 0.520849 1 0 1.000000
barracuda
  0 -13.764849 58.267879 24.892895 -0.391514 0.881212 0.264919 0.390242 0.514471 1 0 1.000000
  0 -10.879452 61.288208 12.452967 -0.238596 0.968460 0.071807 0.345090 0.503082 1 0 1.000000
  0 -15.561789 59.532875 12.218710 -0.366533 0.926783 0.082012 0.344753 0.520849 1 0 1.000000
barracuda
  0 14.502237 61.370697 -25.913509 -0.007193 0.972429 -0.233087 0.211042 0.413334 1 0 1.000000
  0 -3.517978 60.859131 -25.345648 -0.068182 0.973400 -0.218730 0.212258 0.476319 1 0 1.000000
  0 14.502237 62.352428 -14.737205 -0.002486 0.998557 -0.053650 0.250088 0.413668 1 0 1.000000
barracuda
  0 14.502237 61.370697 -25.913509 -0.007193 0.972429 -0.233087 0.211042 0.413334 1 0 1.000000
  0 -3.077320 59.877365 -28.124552 -0.057971 0.869491 -0.490534 0.201947 0.474838 1 0 1.000000
  0 -3.517978 60.859131 -25.345648 -0.068182 0.973400 -0.218730 0.212258 0.476319 1 0 1.000000
barracuda
  0 -3.077320 59.877365 -28.124552 -0.057971 0.869491 -0.490534 0.201947 0.474838 1 0 1.000000
  0 -8.641849 59.266624 -28.415939 -0.203084 0.835568 -0.510473 0.200624 0.494387 1 0 1.000000
  0 -3.517978 60.859131 -25.345648 -0.068182 0.973400 -0.218730 0.212258 0.476319 1 0 1.000000
barracuda
  0 -8.641849 59.266624 -28.415939 -0.203084 0.835568 -0.510473 0.200624 0.494387 1 0 1.000000
  0 -3.077320 59.877365 -28.124552 -0.057971 0.869491 -0.490534 0.201947 0.474838 1 0 1.000000
  0 -8.201188 57.382671 -30.566946 -0.151404 0.751503 -0.642122 0.190510 0.493601 1 0 1.000000
barracuda
  0 -8.641849 59.266624 -28.415939 -0.203084 0.835568 -0.510473 0.200624 0.494387 1 0 1.000000
  0 -8.201188 57.382671 -30.566946 -0.151404 0.751503 -0.642122 0.190510 0.493601 1 0 1.000000
  0 -12.304146 56.781410 -29.750586 -0.327734 0.760649 -0.560360 0.192848 0.509004 1 0 1.000000
barracuda
  0 -12.304146 56.781410 -29.750586 -0.327734 0.760649 -0.560360 0.192848 0.509004 1 0 1.000000
  0 -8.201188 57.382671 -30.566946 -0.151404 0.751503 -0.642122 0.190510 0.493601 1 0 1.000000
  0 -10.991970 56.176033 -31.095734 -0.288740 0.714543 -0.637226 0.187418 0.504213 1 0 1.000000
barracuda
  0 -12.304146 56.781410 -29.750586 -0.327734 0.760649 -0.560360 0.192848 0.509004 1 0 1.000000
  0 -10.991970 56.176033 -31.095734 -0.288740 0.714543 -0.637226 0.187418 0.504213 1 0 1.000000
  0 -17.167265 52.540474 -31.746193 -0.363347 0.685683 -0.630728 0.177132 0.528320 1 0 1.000000
barracuda
  0 -17.167265 52.540474 -31.746193 -0.363347 0.685683 -0.630728 0.177132 0.528320 1 0 1.000000
  0 -10.991970 56.176033 -31.095734 -0.288740 0.714543 -0.637226 0.187418 0.504213 1 0 1.000000
  0 -16.045187 51.696671 -33.304623 -0.363347 0.685683 -0.630728 0.170913 0.523910 1 0 1.000000
barracuda
  0 -17.167265 52.540474 -31.746193 -0.363347 0.685683 -0.630728 0.177132 0.528320 1 0 1.000000
  0 -16.045187 51.696671 -33.304623 -0.363347 0.685683 -0.630728 0.170913 0.523910 1 0 1.000000
  0 -23.612133 46.771973 -33.979057 -0.400425 0.667844 -0.627411 0.156322 0.553196 1 0 1.000000
barracuda
  0 -23.612133 46.771973 -33.979057 -0.400425 0.667844 -0.627411 0.156322 0.553196 1 0 1.000000
  0 -16.045187 51.696671 -33.304623 -0.363347 0.685683 -0.630728 0.170913 0.523910 1 0 1.000000
  0 -22.376606 45.959793 -35.649162 -0.400425 0.667844 -0.627411 0.150044 0.548181 1 0 1.000000
barracuda
  0 -22.376606 45.959793 -35.649162 -0.400425 0.667844 -0.627411 0.150044 0.548181 1 0 1.000000
  0 -27.810314 40.936989 -37.323624 -0.217930 0.866201 -0.449670 0.132855 0.569277 1 0 1.000000
  0 -23.612133 46.771973 -33.979057 -0.400425 0.667844 -0.627411 0.156322 0.553196 1 0 1.000000
barracuda
  0 -23.612133 46.771973 -33.979057 -0.400425 0.667844 -0.627411 0.156322 0.553196 1 0 1.000000
  0 -27.810314 40.936989 -37.323624 -0.217930 0.866201 -0.449670 0.132855 0.569277 1 0 1.000000
  0 -29.683605 41.225872 -35.771801 -0.132962 0.940763 -0.311907 0.137502 0.576639 1 0 1.000000
barracuda
  0 -27.810314 40.936989 -37.323624 -0.217930 0.866201 -0.449670 0.132855 0.569277 1 0 1.000000
  0 -32.728073 41.348198 -35.627735 0.085535 0.989100 -0.119855 0.136731 0.587326 1 0 1.000000
  0 -29.683605 41.225872 -35.771801 -0.132962 0.940763 -0.311907 0.137502 0.576639 1 0 1.000000
barracuda
  0 -35.617420 40.132534 -40.724926 -0.002395 0.974331 -0.225105 0.117152 0.595300 1 0 1.000000
  0 -32.728073 41.348198 -35.627735 0.085535 0.989100 -0.119855 0.136731 0.587326 1 0 1.000000
  0 -27.810314 40.936989 -37.323624 -0.217930 0.866201 -0.449670 0.132855 0.569277 1 0 1.000000
barracuda
  0 -35.617420 40.132534 -40.724926 -0.002395 0.974331 -0.225105 0.117152 0.595300 1 0 1.000000
  0 -50.437241 41.155605 -35.725800 -0.037774 0.972535 -0.229669 0.129252 0.649251 1 0 1.000000
  0 -32.728073 41.348198 -35.627735 0.085535 0.989100 -0.119855 0.136731 0.587326 1 0 1.000000
barracuda
  0 -50.437241 39.969193 -40.724922 -0.037774 0.972535 -0.229669 0.111455 0.647037 1 0 1.000000
  0 -50.437241 41.155605 -35.725800 -0.037774 0.972535 -0.229669 0.129252 0.649251 1 0 1.000000
  0 -35.617420 40.132534 -40.724926 -0.002395 0.974331 -0.225105 0.117152 0.595300 1 0 1.000000
barracuda
  0 -50.437241 41.155605 -35.725800 -0.037774 0.972535 -0.229669 0.129252 0.649251 1 0 1.000000
  0 -50.437241 39.969193 -40.724922 -0.037774 0.972535 -0.229669 0.111455 0.647037 1 0 1.000000
  0 -65.048424 40.218838 -35.515812 -0.078359 0.969983 -0.230201 0.122135 0.699947 1 0 1.000000
barracuda
  0 -65.048424 40.218838 -35.515812 -0.078359 0.969983 -0.230201 0.122135 0.699947 1 0 1.000000
  0 -50.437241 39.969193 -40.724922 -0.037774 0.972535 -0.229669 0.111455 0.647037 1 0 1.000000
  0 -65.048424 39.032417 -40.514938 -0.078359 0.969983 -0.230201 0.104497 0.697377 1 0 1.000000
barracuda
  0 -74.590469 38.184639 -40.304947 -0.104368 0.967661 -0.229650 0.099558 0.729867 1 0 1.000000
  0 -65.048424 40.218838 -35.515812 -0.078359 0.969983 -0.230201 0.122135 0.699947 1 0 1.000000
  0 -65.048424 39.032417 -40.514938 -0.078359 0.969983 -0.230201 0.104497 0.697377 1 0 1.000000
barracuda
  0 -74.590469 39.371056 -35.305817 -0.104368 0.967661 -0.229650 0.116916 0.732737 1 0 1.000000
  0 -65.048424 40.218838 -35.515812 -0.078359 0.969983 -0.230201 0.122135 0.699947 1 0 1.000000
  0 -74.590469 38.184639 -40.304947 -0.104368 0.967661 -0.229650 0.099558 0.729867 1 0 1.000000
barracuda
  0 -84.719910 37.026497 -39.991371 -0.128531 0.964905 -0.228995 0.093921 0.763879 1 0 1.000000
  0 -74.590469 39.371056 -35.305817 -0.104368 0.967661 -0.229650 0.116916 0.732737 1 0 1.000000
  0 -74.590469 38.184639 -40.304947 -0.104368 0.967661 -0.229650 0.099558 0.729867 1 0 1.000000
barracuda
  0 -84.719910 38.212906 -34.992249 -0.128531 0.964905 -0.228995 0.110940 0.767062 1 0 1.000000
  0 -74.590469 39.371056 -35.305817 -0.104368 0.967661 -0.229650 0.116916 0.732737 1 0 1.000000
  0 -84.719910 37.026497 -39.991371 -0.128531 0.964905 -0.228995 0.093921 0.763879 1 0 1.000000
barracuda
  0 -93.725662 35.834423 -39.521008 -0.175696 0.956782 -0.231731 0.088928 0.793259 1 0 1.000000
  0 -84.719910 38.212906 -34.992249 -0.128531 0.964905 -0.228995 0.110940 0.767062 1 0 1.000000
  0 -84.719910 37.026497 -39.991371 -0.128531 0.964905 -0.228995 0.093921 0.763879 1 0 1.000000
barracuda
  0 -93.725662 37.020760 -34.522202 -0.175696 0.956782 -0.231731 0.105347 0.797206 1 0 1.000000
  0 -84.719910 38.212906 -34.992249 -0.128531 0.964905 -0.228995 0.110940 0.767062 1 0 1.000000
  0 -93.725662 35.834423 -39.521008 -0.175696 0.956782 -0.231731 0.088928 0.793259 1 0 1.000000
barracuda
  0 -102.177414 34.209709 -38.266731 -0.280986 0.927113 -0.248010 0.084151 0.820558 1 0 1.000000
  0 -93.725662 37.020760 -34.522202 -0.175696 0.956782 -0.231731 0.105347 0.797206 1 0 1.000000
  0 -93.725662 35.834423 -39.521008 -0.175696 0.956782 -0.231731 0.088928 0.793259 1 0 1.000000
barracuda
  0 -103.411774 35.216152 -33.278919 -0.280986 0.927113 -0.248010 0.098575 0.829693 1 0 1.000000
  0 -93.725662 37.020760 -34.522202 -0.175696 0.956782 -0.231731 0.105347 0.797206 1 0 1.000000
  0 -102.177414 34.209709 -38.266731 -0.280986 0.927113 -0.248010 0.084151 0.820558 1 0 1.000000
barracuda
  0 -106.690933 32.912422 -36.855644 -0.491472 0.830533 -0.262050 0.081635 0.835795 1 0 1.000000
  0 -103.411774 35.216152 -33.278919 -0.280986 0.927113 -0.248010 0.098575 0.829693 1 0 1.000000
  0 -102.177414 34.209709 -38.266731 -0.280986 0.927113 -0.248010 0.084151 0.820558 1 0 1.000000
barracuda
  0 -108.189987 33.756607 -31.774939 -0.557105 0.803312 -0.210530 0.095210 0.847493 1 0 1.000000
  0 -103.411774 35.216152 -33.278919 -0.280986 0.927113 -0.248010 0.098575 0.829693 1 0 1.000000
  0 -106.690933 32.912422 -36.855644 -0.491472 0.830533 -0.262050 0.081635 0.835795 1 0 1.000000
barracuda
  0 -109.170242 31.591417 -35.630730 -0.621773 0.739722 -0.257310 0.079499 0.845618 1 0 1.000000
  0 -108.189987 33.756607 -31.774939 -0.557105 0.803312 -0.210530 0.095210 0.847493 1 0 1.000000
  0 -106.690933 32.912422 -36.855644 -0.491472 0.830533 -0.262050 0.081635 0.835795 1 0 1.000000
barracuda
  0 -110.466614 32.010193 -30.325701 -0.650059 0.737949 -0.181256 0.094025 0.858982 1 0 1.000000
  0 -108.189987 33.756607 -31.774939 -0.557105 0.803312 -0.210530 0.095210 0.847493 1 0 1.000000
  0 -109.170242 31.591417 -35.630730 -0.621773 0.739722 -0.257310 0.079499 0.845618 1 0 1.000000
barracuda
  0 -110.466614 32.010193 -30.325701 -0.982396 -0.025841 -0.185012 0.094025 0.858982 1 0 1.000000
  0 -109.227432 30.852285 -35.021175 -0.980174 -0.085896 -0.178554 0.078215 0.848990 1 0 1.000000
  0 -110.466614 31.234531 -30.325703 -0.982396 -0.025841 -0.185012 0.092144 0.861423 1 0 1.000000
barracuda
  0 -109.170242 31.591417 -35.630730 -0.980174 -0.085896 -0.178554 0.079499 0.845618 1 0 1.000000
  0 -109.227432 30.852285 -35.021175 -0.980174 -0.085896 -0.178554 0.078215 0.848990 1 0 1.000000
  0 -110.466614 32.010193 -30.325701 -0.982396 -0.025841 -0.185012 0.094025 0.858982 1 0 1.000000
barracuda
  0 -108.566376 27.632727 -37.574757 -0.985473 -0.150605 -0.078488 0.064090 0.842894 1 0 1.000000
  0 -109.227432 30.852285 -35.021175 -0.980174 -0.085896 -0.178554 0.078215 0.848990 1 0 1.000000
  0 -109.170242 31.591417 -35.630730 -0.980174 -0.085896 -0.178554 0.079499 0.845618 1 0 1.000000
barracuda
  0 -108.572311 27.531809 -36.837055 -0.985473 -0.150605 -0.078488 0.063825 0.845745 1 0 1.000000
  0 -109.227432 30.852285 -35.021175 -0.980174 -0.085896 -0.178554 0.078215 0.848990 1 0 1.000000
  0 -108.566376 27.632727 -37.574757 -0.985473 -0.150605 -0.078488 0.064090 0.842894 1 0 1.000000
barracuda
  0 -107.819824 23.701225 -37.115532 -0.980974 -0.189708 -0.041246 0.049803 0.841976 1 0 1.000000
  0 -108.572311 27.531809 -36.837055 -0.985473 -0.150605 -0.078488 0.063825 0.845745 1 0 1.000000
  0 -108.566376 27.632727 -37.574757 -0.985473 -0.150605 -0.078488 0.064090 0.842894 1 0 1.000000
barracuda
  0 -107.819824 23.497665 -36.311638 -0.980974 -0.189708 -0.041246 0.047961 0.844938 1 0 1.000000
  0 -108.572311 27.531809 -36.837055 -0.985473 -0.150605 -0.078488 0.063825 0.845745 1 0 1.000000
  0 -107.819824 23.701225 -37.115532 -0.980974 -0.189708 -0.041246 0.049803 0.841976 1 0 1.000000
barracuda
  0 -34.864120 12.095459 -36.552292 0.076697 -0.164568 0.983379 0.462281 0.380232 1 0 1.000000
  0 -36.559319 15.750873 -35.606358 0.094111 -0.069604 0.993125 0.475410 0.386321 1 0 1.000000
  0 -49.057579 12.095469 -35.243309 0.076697 -0.164568 0.983379 0.462281 0.431209 1 0 1.000000
barracuda
  0 -49.057579 12.095469 -35.243309 0.076697 -0.164568 0.983379 0.462281 0.431209 1 0 1.000000
  0 -36.559319 15.750873 -35.606358 0.094111 -0.069604 0.993125 0.475410 0.386321 1 0 1.000000
  0 -52.148590 19.482290 -33.968044 0.109477 -0.044578 0.992989 0.488812 0.442311 1 0 1.000000
barracuda
  0 -36.559319 15.750873 -35.606358 0.094111 -0.069604 0.993125 0.475410 0.386321 1 0 1.000000
  0 -37.956017 23.213701 -35.646229 0.125232 0.015687 0.992003 0.502213 0.391337 1 0 1.000000
  0 -52.148590 19.482290 -33.968044 0.109477 -0.044578 0.992989 0.488812 0.442311 1 0 1.000000
barracuda
  0 -37.956017 23.213701 -35.646229 0.125232 0.015687 0.992003 0.502213 0.391337 1 0 1.000000
  0 -38.284653 31.809341 -35.991909 0.139785 0.005354 0.990167 0.533085 0.392517 1 0 1.000000
  0 -52.148590 19.482290 -33.968044 0.109477 -0.044578 0.992989 0.488812 0.442311 1 0 1.000000
barracuda
  0 -52.148590 19.482290 -33.968044 0.109477 -0.044578 0.992989 0.488812 0.442311 1 0 1.000000
  0 -38.284653 31.809341 -35.991909 0.139785 0.005354 0.990167 0.533085 0.392517 1 0 1.000000
  0 -57.605209 33.967709 -32.930435 0.139785 0.005354 0.990167 0.540836 0.461908 1 0 1.000000
barracuda
  0 28.443459 42.625973 -41.095081 -0.535109 -0.843342 -0.049316 0.550684 0.469878 1 0 1.000000
  0 28.305168 42.207314 -35.770306 -0.535109 -0.843342 -0.049316 0.569782 0.468376 1 0 1.000000
  0 26.331909 43.633827 -38.753658 -0.535109 -0.843342 -0.049316 0.559851 0.476543 1 0 1.000000
barracuda
  0 26.331909 43.658833 -36.500580 -0.535109 -0.843342 -0.049316 0.567899 0.475699 1 0 1.000000
  0 26.331909 43.633827 -38.753658 -0.535109 -0.843342 -0.049316 0.559851 0.476543 1 0 1.000000
  0 28.305168 42.207314 -35.770306 -0.535109 -0.843342 -0.049316 0.569782 0.468376 1 0 1.000000
barracuda
  0 26.331909 43.664940 -35.950645 -0.535109 -0.843342 -0.049316 0.569864 0.475493 1 0 1.000000
  0 26.331909 43.658833 -36.500580 -0.535109 -0.843342 -0.049316 0.567899 0.475699 1 0 1.000000
  0 28.305168 42.207314 -35.770306 -0.535109 -0.843342 -0.049316 0.569782 0.468376 1 0 1.000000
barracuda
  0 108.497360 29.465225 -7.817154 0.982352 0.185094 -0.026923 0.272114 0.012914 1 0 1.000000
  0 106.333267 38.810814 -22.529404 0.981628 0.187323 -0.036283 0.213768 0.049676 1 0 1.000000
  0 106.755600 38.862091 -7.651400 0.982352 0.185094 -0.026923 0.273014 0.049944 1 0 1.000000
barracuda
  0 108.075043 29.672592 -22.685654 0.981628 0.187323 -0.036283 0.212898 0.014456 1 0 1.000000
  0 106.333267 38.810814 -22.529404 0.981628 0.187323 -0.036283 0.213768 0.049676 1 0 1.000000
  0 108.497360 29.465225 -7.817154 0.982352 0.185094 -0.026923 0.272114 0.012914 1 0 1.000000
barracuda
  0 106.333267 38.810814 -22.529404 0.981628 0.187323 -0.036283 0.213768 0.049676 1 0 1.000000
  0 108.075043 29.672592 -22.685654 0.981628 0.187323 -0.036283 0.212898 0.014456 1 0 1.000000
  0 105.701813 38.429619 -34.454727 0.980813 0.189534 -0.045639 0.165872 0.049101 1 0 1.000000
barracuda
  0 105.701813 38.429619 -34.454727 0.980813 0.189534 -0.045639 0.165872 0.049101 1 0 1.000000
  0 108.075043 29.672592 -22.685654 0.981628 0.187323 -0.036283 0.212898 0.014456 1 0 1.000000
  0 105.954941 37.249687 -35.624344 0.980813 0.189534 -0.045639 0.161615 0.044857 1 0 1.000000
barracuda
  0 108.075043 29.672592 -22.685654 0.981628 0.187323 -0.036283 0.212898 0.014456 1 0 1.000000
  0 107.259415 30.129370 -35.827118 0.980813 0.189534 -0.045639 0.160167 0.016604 1 0 1.000000
  0 105.954941 37.249687 -35.624344 0.980813 0.189534 -0.045639 0.161615 0.044857 1 0 1.000000
barracuda
  0 107.259415 30.129370 -35.827118 0.980813 0.189534 -0.045639 0.160167 0.016604 1 0 1.000000
  0 107.185486 31.513519 -36.998356 0.980813 0.189534 -0.045639 0.155940 0.021728 1 0 1.000000
  0 105.954941 37.249687 -35.624344 0.980813 0.189534 -0.045639 0.161615 0.044857 1 0 1.000000
barracuda
  0 -35.617420 39.666763 -36.763168 0.949920 -0.312192 -0.013685 0.683883 0.983887 1 0 1.000000
  0 -38.284653 31.809341 -35.991909 0.990241 -0.139192 -0.006952 0.664963 0.982014 1 0 1.000000
  0 -35.617420 40.132534 -40.724926 0.949920 -0.312192 -0.013685 0.685000 0.993393 1 0 1.000000
barracuda
  0 -35.617420 40.132534 -40.724926 0.949920 -0.312192 -0.013685 0.685000 0.993393 1 0 1.000000
  0 -38.284653 31.809341 -35.991909 0.990241 -0.139192 -0.006952 0.664963 0.982014 1 0 1.000000
  0 -38.284653 31.809343 -42.656086 0.990241 -0.139192 -0.006952 0.664963 0.998059 1 0 1.000000
barracuda
  0 -38.284653 31.809343 -42.656086 0.990241 -0.139192 -0.006952 0.664963 0.998059 1 0 1.000000
  0 -38.284653 31.809341 -35.991909 0.990241 -0.139192 -0.006952 0.664963 0.982014 1 0 1.000000
  0 -37.956017 23.213699 -42.867519 0.993777 0.111383 0.000000 0.644269 0.998568 1 0 1.000000
barracuda
  0 -37.956017 23.213699 -42.867519 0.993777 0.111383 0.000000 0.644269 0.998568 1 0 1.000000
  0 -38.284653 31.809341 -35.991909 0.990241 -0.139192 -0.006952 0.664963 0.982014 1 0 1.000000
  0 -37.956017 23.213701 -35.646229 0.993777 0.111383 0.000000 0.644269 0.981182 1 0 1.000000
barracuda
  0 -37.956017 23.213699 -42.867519 0.993777 0.111383 0.000000 0.644269 0.998568 1 0 1.000000
  0 -37.956017 23.213701 -35.646229 0.993777 0.111383 0.000000 0.644269 0.981182 1 0 1.000000
  0 -36.559322 15.750875 -41.374397 0.952449 0.304698 0.000000 0.626301 0.994973 1 0 1.000000
barracuda
  0 -36.559322 15.750875 -41.374397 0.952449 0.304698 0.000000 0.626301 0.994973 1 0 1.000000
  0 -37.956017 23.213701 -35.646229 0.993777 0.111383 0.000000 0.644269 0.981182 1 0 1.000000
  0 -36.559319 15.750873 -35.606358 0.952449 0.304698 0.000000 0.626301 0.982927 1 0 1.000000
barracuda
  0 -36.559322 15.750875 -41.374397 0.952449 0.304698 0.000000 0.626301 0.994973 1 0 1.000000
  0 -36.559319 15.750873 -35.606358 0.952449 0.304698 0.000000 0.626301 0.982927 1 0 1.000000
  0 -34.864120 12.095461 -39.585926 0.907195 0.420710 0.000000 0.617500 0.990667 1 0 1.000000
barracuda
  0 -34.864120 12.095461 -39.585926 0.907195 0.420710 0.000000 0.617500 0.990667 1 0 1.000000
  0 -36.559319 15.750873 -35.606358 0.952449 0.304698 0.000000 0.626301 0.982927 1 0 1.000000
  0 -34.864120 12.095459 -36.552292 0.907195 0.420710 0.000000 0.617500 0.983363 1 0 1.000000
barracuda
  0 -108.856812 22.167892 -35.261856 -0.720750 -0.614228 -0.321315 0.961333 0.392843 1 0 1.000000
  0 -108.156281 23.456270 -37.800705 -0.603807 -0.546249 -0.580542 0.965731 0.377656 1 0 1.000000
  0 -106.903915 19.615808 -34.680386 -0.665698 -0.697060 -0.266372 0.948712 0.399360 1 0 1.000000
barracuda
  0 -109.199844 19.031368 -22.705500 -0.702996 -0.697860 -0.137071 0.961583 0.463621 1 0 1.000000
  0 -108.856812 22.167892 -35.261856 -0.720750 -0.614228 -0.321315 0.961333 0.392843 1 0 1.000000
  0 -106.903915 19.615808 -34.680386 -0.665698 -0.697060 -0.266372 0.948712 0.399360 1 0 1.000000
barracuda
  0 -111.842346 22.167892 -22.483950 -0.759581 -0.635290 -0.139441 0.978337 0.461629 1 0 1.000000
  0 -108.856812 22.167892 -35.261856 -0.720750 -0.614228 -0.321315 0.961333 0.392843 1 0 1.000000
  0 -109.199844 19.031368 -22.705500 -0.702996 -0.697860 -0.137071 0.961583 0.463621 1 0 1.000000
barracuda
  0 -111.842346 22.167892 -22.483950 -0.759581 -0.635290 -0.139441 0.978337 0.461629 1 0 1.000000
  0 -109.199844 19.031368 -22.705500 -0.702996 -0.697860 -0.137071 0.961583 0.463621 1 0 1.000000
  0 -113.394363 22.167892 -11.322838 -0.784352 -0.616792 -0.066023 0.986477 0.522377 1 0 1.000000
barracuda
  0 -103.985672 18.252075 -37.295101 -0.607410 -0.636061 -0.475899 0.934039 0.386789 1 0 1.000000
  0 -108.156281 23.456270 -37.800705 -0.603807 -0.546249 -0.580542 0.965731 0.377656 1 0 1.000000
  0 -106.388992 23.048065 -38.866230 -0.530057 -0.491889 -0.690714 0.957053 0.372894 1 0 1.000000
barracuda
  0 -106.903915 19.615808 -34.680386 -0.665698 -0.697060 -0.266372 0.948712 0.399360 1 0 1.000000
  0 -108.156281 23.456270 -37.800705 -0.603807 -0.546249 -0.580542 0.965731 0.377656 1 0 1.000000
  0 -103.985672 18.252075 -37.295101 -0.607410 -0.636061 -0.475899 0.934039 0.386789 1 0 1.000000
barracuda
  0 -102.396179 16.067070 -34.080021 -0.501572 -0.812442 -0.297261 0.925038 0.402579 1 0 1.000000
  0 -106.903915 19.615808 -34.680386 -0.665698 -0.697060 -0.266372 0.948712 0.399360 1 0 1.000000
  0 -103.985672 18.252075 -37.295101 -0.607410 -0.636061 -0.475899 0.934039 0.386789 1 0 1.000000
barracuda
  0 -104.172455 14.699303 -23.044880 -0.519921 -0.845185 -0.123871 0.934585 0.461894 1 0 1.000000
  0 -106.903915 19.615808 -34.680386 -0.665698 -0.697060 -0.266372 0.948712 0.399360 1 0 1.000000
  0 -102.396179 16.067070 -34.080021 -0.501572 -0.812442 -0.297261 0.925038 0.402579 1 0 1.000000
barracuda
  0 -109.199844 19.031368 -22.705500 -0.702996 -0.697860 -0.137071 0.961583 0.463621 1 0 1.000000
  0 -106.903915 19.615808 -34.680386 -0.665698 -0.697060 -0.266372 0.948712 0.399360 1 0 1.000000
  0 -104.172455 14.699303 -23.044880 -0.519921 -0.845185 -0.123871 0.934585 0.461894 1 0 1.000000
barracuda
  0 -105.583664 13.991482 -7.562939 -0.423494 -0.904713 -0.046343 0.942171 0.545110 1 0 1.000000
  0 -109.199844 19.031368 -22.705500 -0.702996 -0.697860 -0.137071 0.961583 0.463621 1 0 1.000000
  0 -104.172455 14.699303 -23.044880 -0.519921 -0.845185 -0.123871 0.934585 0.461894 1 0 1.000000
barracuda
  0 -110.911499 18.693718 -7.411606 -0.744725 -0.663144 -0.075005 0.970480 0.545813 1 0 1.000000
  0 -109.199844 19.031368 -22.705500 -0.702996 -0.697860 -0.137071 0.961583 0.463621 1 0 1.000000
  0 -105.583664 13.991482 -7.562939 -0.423494 -0.904713 -0.046343 0.942171 0.545110 1 0 1.000000
barracuda
  0 -113.394363 22.167892 -11.322838 -0.784352 -0.616792 -0.066023 0.986477 0.522377 1 0 1.000000
  0 -109.199844 19.031368 -22.705500 -0.702996 -0.697860 -0.137071 0.961583 0.463621 1 0 1.000000
  0 -110.911499 18.693718 -7.411606 -0.744725 -0.663144 -0.075005 0.970480 0.545813 1 0 1.000000
barracuda
  0 -110.911499 18.693718 -7.411606 -0.744725 -0.663144 -0.075005 0.970480 0.545813 1 0 1.000000
  0 -111.656906 19.684898 -7.367229 -0.808657 -0.587508 -0.030140 0.976386 0.545512 1 0 1.000000
  0 -113.394363 22.167892 -11.322838 -0.784352 -0.616792 -0.066023 0.986477 0.522377 1 0 1.000000
barracuda
  0 -113.394363 22.167892 -11.322838 -0.784352 -0.616792 -0.066023 0.986477 0.522377 1 0 1.000000
  0 -111.656906 19.684898 -7.367229 -0.808657 -0.587508 -0.030140 0.976386 0.545512 1 0 1.000000
  0 -113.725098 22.167892 -0.226376 -0.809024 -0.587776 0.000000 0.994875 0.584971 1 0 1.000000
barracuda
  0 -113.725098 22.167892 -0.226376 -0.809024 -0.587776 0.000000 0.994875 0.584971 1 0 1.000000
  0 -111.656906 19.684898 -7.367229 -0.808657 -0.587508 -0.030140 0.976386 0.545512 1 0 1.000000
  0 -111.993790 19.656250 -0.226376 -0.809024 -0.587776 0.000000 0.981443 0.584887 1 0 1.000000
barracuda
  0 -113.725098 22.167892 -0.226376 -0.809024 -0.587776 0.000000 0.994875 0.584971 1 0 1.000000
  0 -111.993790 19.656250 -0.226376 -0.809024 -0.587776 0.000000 0.981443 0.584887 1 0 1.000000
  0 -111.656906 19.684898 6.914478 -0.808656 -0.587509 0.030140 0.976600 0.624253 1 0 1.000000
barracuda
  0 -113.394363 22.167892 10.870083 -0.784352 -0.616792 0.066023 0.986525 0.647564 1 0 1.000000
  0 -113.725098 22.167892 -0.226376 -0.809024 -0.587776 0.000000 0.994875 0.584971 1 0 1.000000
  0 -111.656906 19.684898 6.914478 -0.808656 -0.587509 0.030140 0.976600 0.624253 1 0 1.000000
barracuda
  0 -110.911499 18.693718 6.958855 -0.744724 -0.663144 0.075005 0.970675 0.623784 1 0 1.000000
  0 -113.394363 22.167892 10.870083 -0.784352 -0.616792 0.066023 0.986525 0.647564 1 0 1.000000
  0 -111.656906 19.684898 6.914478 -0.808656 -0.587509 0.030140 0.976600 0.624253 1 0 1.000000
barracuda
  0 -110.911499 18.693718 6.958855 -0.744724 -0.663144 0.075005 0.970675 0.623784 1 0 1.000000
  0 -109.199844 19.031368 22.252747 -0.702996 -0.697859 0.137071 0.961479 0.705782 1 0 1.000000
  0 -113.394363 22.167892 10.870083 -0.784352 -0.616792 0.066023 0.986525 0.647564 1 0 1.000000
barracuda
  0 -110.911499 18.693718 6.958855 -0.744724 -0.663144 0.075005 0.970675 0.623784 1 0 1.000000
  0 -105.583664 13.991482 7.110188 -0.423494 -0.904713 0.046343 0.942171 0.623981 1 0 1.000000
  0 -109.199844 19.031368 22.252747 -0.702996 -0.697859 0.137071 0.961479 0.705782 1 0 1.000000
barracuda
  0 -109.199844 19.031368 22.252747 -0.702996 -0.697859 0.137071 0.961479 0.705782 1 0 1.000000
  0 -105.583664 13.991482 7.110188 -0.423494 -0.904713 0.046343 0.942171 0.623981 1 0 1.000000
  0 -104.172455 14.699301 22.592129 -0.519920 -0.845186 0.123871 0.934585 0.707198 1 0 1.000000
barracuda
  0 -109.199844 19.031368 22.252747 -0.702996 -0.697859 0.137071 0.961479 0.705782 1 0 1.000000
  0 -104.172455 14.699301 22.592129 -0.519920 -0.845186 0.123871 0.934585 0.707198 1 0 1.000000
  0 -106.903915 19.615807 34.227634 -0.665697 -0.697060 0.266372 0.948808 0.770040 1 0 1.000000
barracuda
  0 -113.394363 22.167892 10.870083 -0.784352 -0.616792 0.066023 0.986525 0.647564 1 0 1.000000
  0 -109.199844 19.031368 22.252747 -0.702996 -0.697859 0.137071 0.961479 0.705782 1 0 1.000000
  0 -111.842346 22.167892 22.031197 -0.759581 -0.635290 0.139441 0.978216 0.707908 1 0 1.000000
barracuda
  0 -111.842346 22.167892 22.031197 -0.759581 -0.635290 0.139441 0.978216 0.707908 1 0 1.000000
  0 -109.199844 19.031368 22.252747 -0.702996 -0.697859 0.137071 0.961479 0.705782 1 0 1.000000
  0 -108.856812 22.167896 34.809109 -0.720750 -0.614228 0.321315 0.960586 0.778003 1 0 1.000000
barracuda
  0 -108.856812 22.167896 34.809109 -0.720750 -0.614228 0.321315 0.960586 0.778003 1 0 1.000000
  0 -109.199844 19.031368 22.252747 -0.702996 -0.697859 0.137071 0.961479 0.705782 1 0 1.000000
  0 -106.903915 19.615807 34.227634 -0.665697 -0.697060 0.266372 0.948808 0.770040 1 0 1.000000
barracuda
  0 -106.903915 19.615807 34.227634 -0.665697 -0.697060 0.266372 0.948808 0.770040 1 0 1.000000
  0 -108.156281 23.456268 37.347958 -0.603806 -0.546249 0.580543 0.962913 0.794234 1 0 1.000000
  0 -108.856812 22.167896 34.809109 -0.720750 -0.614228 0.321315 0.960586 0.778003 1 0 1.000000
barracuda
  0 -106.903915 19.615807 34.227634 -0.665697 -0.697060 0.266372 0.948808 0.770040 1 0 1.000000
  0 -104.172455 14.699301 22.592129 -0.519920 -0.845186 0.123871 0.934585 0.707198 1 0 1.000000
  0 -102.396179 16.067070 33.627270 -0.501572 -0.812442 0.297261 0.924702 0.767092 1 0 1.000000
barracuda
  0 -102.396179 16.067070 33.627270 -0.501572 -0.812442 0.297261 0.924702 0.767092 1 0 1.000000
  0 -103.985672 18.252075 36.842350 -0.607409 -0.636061 0.475899 0.933771 0.781448 1 0 1.000000
  0 -106.903915 19.615807 34.227634 -0.665697 -0.697060 0.266372 0.948808 0.770040 1 0 1.000000
barracuda
  0 -103.985672 18.252075 36.842350 -0.607409 -0.636061 0.475899 0.933771 0.781448 1 0 1.000000
  0 -108.156281 23.456268 37.347958 -0.603806 -0.546249 0.580543 0.962913 0.794234 1 0 1.000000
  0 -106.903915 19.615807 34.227634 -0.665697 -0.697060 0.266372 0.948808 0.770040 1 0 1.000000
barracuda
  0 -103.985672 18.252075 36.842350 -0.607409 -0.636061 0.475899 0.933771 0.781448 1 0 1.000000
  0 -106.388992 23.048069 38.413479 -0.530054 -0.491889 0.690716 0.954160 0.798707 1 0 1.000000
  0 -108.156281 23.456268 37.347958 -0.603806 -0.546249 0.580543 0.962913 0.794234 1 0 1.000000
barracuda
  0 -111.299438 25.544907 -2.752735 -0.964028 -0.159637 -0.212522 0.033251 0.755452 1 0 1.000000
  0 -111.738129 28.350580 -2.870281 -0.964028 -0.159637 -0.212522 0.043387 0.755813 1 0 1.000000
  0 -106.405579 25.544907 -24.951916 -0.964028 -0.159637 -0.212522 0.039504 0.675007 1 0 1.000000
barracuda
  0 -106.405579 25.544907 -24.951916 -0.964028 -0.159637 -0.212522 0.039504 0.675007 1 0 1.000000
  0 -111.738129 28.350580 -2.870281 -0.964028 -0.159637 -0.212522 0.043387 0.755813 1 0 1.000000
  0 -106.844269 28.350582 -25.069460 -0.964028 -0.159637 -0.212522 0.049640 0.675369 1 0 1.000000
barracuda
  0 -104.633621 28.350586 -24.477118 0.964028 0.159638 0.212522 2.663498 0.920002 1 0 1.000000
  0 -109.527481 28.350584 -2.277939 0.964028 0.159638 0.212522 2.663498 0.922009 1 0 1.000000
  0 -104.194931 25.544907 -24.359573 0.964028 0.159638 0.212522 2.663752 0.920012 1 0 1.000000
barracuda
  0 -104.194931 25.544907 -24.359573 0.964028 0.159638 0.212522 2.663752 0.920012 1 0 1.000000
  0 -109.527481 28.350584 -2.277939 0.964028 0.159638 0.212522 2.663498 0.922009 1 0 1.000000
  0 -109.088791 25.544907 -2.160393 0.964028 0.159638 0.212522 2.663752 0.922020 1 0 1.000000
barracuda
  0 -106.844269 28.350582 -25.069460 0.258819 0.000001 -0.965926 0.049640 0.675369 1 0 1.000000
  0 -104.633621 28.350586 -24.477118 0.258819 0.000001 -0.965926 0.048722 0.667486 1 0 1.000000
  0 -106.405579 25.544907 -24.951916 0.258819 0.000001 -0.965926 0.039504 0.675007 1 0 1.000000
barracuda
  0 -106.405579 25.544907 -24.951916 0.258819 0.000001 -0.965926 0.039504 0.675007 1 0 1.000000
  0 -104.633621 28.350586 -24.477118 0.258819 0.000001 -0.965926 0.048722 0.667486 1 0 1.000000
  0 -104.194931 25.544907 -24.359573 0.258819 0.000001 -0.965926 0.038529 0.667122 1 0 1.000000
barracuda
  0 -106.405579 25.544907 -24.951916 0.000000 -1.000000 0.000000 0.039504 0.675007 1 0 1.000000
  0 -104.194931 25.544907 -24.359573 0.000000 -1.000000 0.000000 0.031354 0.674261 1 0 1.000000
  0 -111.299438 25.544907 -2.752735 0.000000 -1.000000 0.000000 0.033251 0.755452 1 0 1.000000
barracuda
  0 -111.299438 25.544907 -2.752735 0.000000 -1.000000 0.000000 0.033251 0.755452 1 0 1.000000
  0 -104.194931 25.544907 -24.359573 0.000000 -1.000000 0.000000 0.031354 0.674261 1 0 1.000000
  0 -109.088791 25.544907 -2.160393 0.000000 -1.000000 0.000000 0.025026 0.755661 1 0 1.000000
barracuda
  0 -111.738129 28.350580 -2.870281 -0.258819 0.000000 0.965926 0.043387 0.755813 1 0 1.000000
  0 -111.299438 25.544907 -2.752735 -0.258819 0.000000 0.965926 0.033251 0.755452 1 0 1.000000
  0 -109.527481 28.350584 -2.277939 -0.258819 0.000000 0.965926 0.041909 0.763611 1 0 1.000000
barracuda
  0 -109.527481 28.350584 -2.277939 -0.258819 0.000000 0.965926 0.041909 0.763611 1 0 1.000000
  0 -111.299438 25.544907 -2.752735 -0.258819 0.000000 0.965926 0.033251 0.755452 1 0 1.000000
  0 -109.088791 25.544907 -2.160393 -0.258819 0.000000 0.965926 0.031717 0.763246 1 0 1.000000
barracuda
  0 -106.844269 28.350582 -25.069460 -0.000002 1.000000 0.000000 0.049640 0.675369 1 0 1.000000
  0 -111.738129 28.350580 -2.870281 -0.000002 1.000000 0.000000 0.043387 0.755813 1 0 1.000000
  0 -104.633621 28.350586 -24.477118 -0.000002 1.000000 0.000000 0.057807 0.675894 1 0 1.000000
barracuda
  0 -104.633621 28.350586 -24.477118 -0.000002 1.000000 0.000000 0.057807 0.675894 1 0 1.000000
  0 -111.738129 28.350580 -2.870281 -0.000002 1.000000 0.000000 0.043387 0.755813 1 0 1.000000
  0 -109.527481 28.350584 -2.277939 -0.000002 1.000000 0.000000 0.051480 0.757293 1 0 1.000000
barracuda
  0 -112.853088 16.561684 -18.173248 -0.659262 -0.375957 -0.651176 0.146890 0.866587 1 0 1.000000
  0 -113.336014 17.038635 -17.347143 -0.951427 -0.153936 -0.266626 0.149587 0.871113 1 0 1.000000
  0 -112.853088 17.811386 -18.508106 -0.659260 0.000000 -0.751915 0.153210 0.864701 1 0 1.000000
barracuda
  0 -112.853088 19.975933 -17.258404 -0.659261 0.651176 -0.375958 0.164955 0.870589 1 0 1.000000
  0 -113.336014 19.149830 -16.781452 -0.951428 0.266622 -0.153937 0.160141 0.873769 1 0 1.000000
  0 -112.853088 20.310791 -16.008701 -0.659260 0.751915 -0.000001 0.167332 0.877080 1 0 1.000000
barracuda
  0 -112.853088 19.975933 -17.258404 -0.659261 0.651176 -0.375958 0.164955 0.870589 1 0 1.000000
  0 -113.336014 18.584137 -17.347143 -0.951428 0.153932 -0.266627 0.157236 0.870987 1 0 1.000000
  0 -113.336014 19.149830 -16.781452 -0.951428 0.266622 -0.153937 0.160141 0.873769 1 0 1.000000
barracuda
  0 -112.853088 19.061089 -18.173248 -0.659260 0.375955 -0.651178 0.159759 0.866104 1 0 1.000000
  0 -113.336014 18.584137 -17.347143 -0.951428 0.153932 -0.266627 0.157236 0.870987 1 0 1.000000
  0 -112.853088 19.975933 -17.258404 -0.659261 0.651176 -0.375958 0.164955 0.870589 1 0 1.000000
barracuda
  0 -112.853088 19.061089 -18.173248 -0.659260 0.375955 -0.651178 0.159759 0.866104 1 0 1.000000
  0 -113.336014 17.811386 -17.554207 -0.951427 -0.000002 -0.307874 0.153379 0.870044 1 0 1.000000
  0 -113.336014 18.584137 -17.347143 -0.951428 0.153932 -0.266627 0.157236 0.870987 1 0 1.000000
barracuda
  0 -112.853088 17.811386 -18.508106 -0.659260 0.000000 -0.751915 0.153210 0.864701 1 0 1.000000
  0 -113.336014 17.811386 -17.554207 -0.951427 -0.000002 -0.307874 0.153379 0.870044 1 0 1.000000
  0 -112.853088 19.061089 -18.173248 -0.659260 0.375955 -0.651178 0.159759 0.866104 1 0 1.000000
barracuda
  0 -112.853088 17.811386 -18.508106 -0.659260 0.000000 -0.751915 0.153210 0.864701 1 0 1.000000
  0 -113.336014 17.038635 -17.347143 -0.951427 -0.153936 -0.266626 0.149587 0.871113 1 0 1.000000
  0 -113.336014 17.811386 -17.554207 -0.951427 -0.000002 -0.307874 0.153379 0.870044 1 0 1.000000
barracuda
  0 -113.336014 17.038635 -17.347143 -0.951427 -0.153936 -0.266626 0.149587 0.871113 1 0 1.000000
  0 -113.336014 16.472942 -16.781452 -0.951428 -0.266623 -0.153937 0.146810 0.873888 1 0 1.000000
  0 -113.336014 17.811386 -17.554207 -0.951427 -0.000002 -0.307874 0.153379 0.870044 1 0 1.000000
barracuda
  0 -112.853088 16.561684 -18.173248 -0.659262 -0.375957 -0.651176 0.146890 0.866587 1 0 1.000000
  0 -113.336014 16.472942 -16.781452 -0.951428 -0.266623 -0.153937 0.146810 0.873888 1 0 1.000000
  0 -113.336014 17.038635 -17.347143 -0.951427 -0.153936 -0.266626 0.149587 0.871113 1 0 1.000000
barracuda
  0 -112.853088 15.646839 -17.258404 -0.659263 -0.651175 -0.375957 0.142290 0.871243 1 0 1.000000
  0 -113.336014 16.472942 -16.781452 -0.951428 -0.266623 -0.153937 0.146810 0.873888 1 0 1.000000
  0 -112.853088 16.561684 -18.173248 -0.659262 -0.375957 -0.651176 0.146890 0.866587 1 0 1.000000
barracuda
  0 -113.336014 18.584137 -17.347143 -0.951428 0.153932 -0.266627 0.157236 0.870987 1 0 1.000000
  0 -113.336014 17.811386 -17.554207 -0.951427 -0.000002 -0.307874 0.153379 0.870044 1 0 1.000000
  0 -113.336014 19.149830 -16.781452 -0.951428 0.266622 -0.153937 0.160141 0.873769 1 0 1.000000
barracuda
  0 -112.853088 15.646838 -14.758999 -0.659260 -0.651177 0.375957 0.141956 0.883906 1 0 1.000000
  0 -112.179657 15.082993 -16.008701 -0.321930 -0.946763 0.000000 0.136681 0.877421 1 0 1.000000
  0 -112.179657 15.448528 -14.644505 -0.321930 -0.819922 0.473381 0.138536 0.885658 1 0 1.000000
barracuda
  0 -112.853088 15.311981 -16.008701 -0.659262 -0.751913 0.000000 0.140501 0.877524 1 0 1.000000
  0 -112.179657 15.082993 -16.008701 -0.321930 -0.946763 0.000000 0.136681 0.877421 1 0 1.000000
  0 -112.853088 15.646838 -14.758999 -0.659260 -0.651177 0.375957 0.141956 0.883906 1 0 1.000000
barracuda
  0 -112.853088 15.311981 -16.008701 -0.659262 -0.751913 0.000000 0.140501 0.877524 1 0 1.000000
  0 -112.179657 15.448528 -17.372898 -0.321932 -0.819921 -0.473380 0.138989 0.869318 1 0 1.000000
  0 -112.179657 15.082993 -16.008701 -0.321930 -0.946763 0.000000 0.136681 0.877421 1 0 1.000000
barracuda
  0 -112.853088 15.646839 -17.258404 -0.659263 -0.651175 -0.375957 0.142290 0.871243 1 0 1.000000
  0 -112.179657 15.448528 -17.372898 -0.321932 -0.819921 -0.473380 0.138989 0.869318 1 0 1.000000
  0 -112.853088 15.311981 -16.008701 -0.659262 -0.751913 0.000000 0.140501 0.877524 1 0 1.000000
barracuda
  0 -112.853088 15.646839 -17.258404 -0.659263 -0.651175 -0.375957 0.142290 0.871243 1 0 1.000000
  0 -112.179672 16.447189 -18.371555 -0.321933 -0.473382 -0.819920 0.144907 0.863296 1 0 1.000000
  0 -112.179657 15.448528 -17.372898 -0.321932 -0.819921 -0.473380 0.138989 0.869318 1 0 1.000000
barracuda
  0 -112.853088 16.561684 -18.173248 -0.659262 -0.375957 -0.651176 0.146890 0.866587 1 0 1.000000
  0 -112.179672 16.447189 -18.371555 -0.321933 -0.473382 -0.819920 0.144907 0.863296 1 0 1.000000
  0 -112.853088 15.646839 -17.258404 -0.659263 -0.651175 -0.375957 0.142290 0.871243 1 0 1.000000
barracuda
  0 -112.853088 16.561684 -18.173248 -0.659262 -0.375957 -0.651176 0.146890 0.866587 1 0 1.000000
  0 -112.179657 17.811386 -18.737093 -0.321930 0.000003 -0.946763 0.153046 0.860810 1 0 1.000000
  0 -112.179672 16.447189 -18.371555 -0.321933 -0.473382 -0.819920 0.144907 0.863296 1 0 1.000000
barracuda
  0 -112.853088 17.811386 -18.508106 -0.659260 0.000000 -0.751915 0.153210 0.864701 1 0 1.000000
  0 -112.179657 17.811386 -18.737093 -0.321930 0.000003 -0.946763 0.153046 0.860810 1 0 1.000000
  0 -112.853088 16.561684 -18.173248 -0.659262 -0.375957 -0.651176 0.146890 0.866587 1 0 1.000000
barracuda
  0 -112.853088 17.811386 -18.508106 -0.659260 0.000000 -0.751915 0.153210 0.864701 1 0 1.000000
  0 -112.179657 19.175579 -18.371557 -0.321927 0.473384 -0.819921 0.161532 0.862523 1 0 1.000000
  0 -112.179657 17.811386 -18.737093 -0.321930 0.000003 -0.946763 0.153046 0.860810 1 0 1.000000
barracuda
  0 -112.853088 19.061089 -18.173248 -0.659260 0.375955 -0.651178 0.159759 0.866104 1 0 1.000000
  0 -112.179657 19.175579 -18.371557 -0.321927 0.473384 -0.819921 0.161532 0.862523 1 0 1.000000
  0 -112.853088 17.811386 -18.508106 -0.659260 0.000000 -0.751915 0.153210 0.864701 1 0 1.000000
barracuda
  0 -112.853088 19.061089 -18.173248 -0.659260 0.375955 -0.651178 0.159759 0.866104 1 0 1.000000
  0 -112.179657 20.174244 -17.372898 -0.321927 0.819923 -0.473381 0.168414 0.868257 1 0 1.000000
  0 -112.179657 19.175579 -18.371557 -0.321927 0.473384 -0.819921 0.161532 0.862523 1 0 1.000000
barracuda
  0 -112.853088 19.975933 -17.258404 -0.659261 0.651176 -0.375958 0.164955 0.870589 1 0 1.000000
  0 -112.179657 20.174244 -17.372898 -0.321927 0.819923 -0.473381 0.168414 0.868257 1 0 1.000000
  0 -112.853088 19.061089 -18.173248 -0.659260 0.375955 -0.651178 0.159759 0.866104 1 0 1.000000
barracuda
  0 -112.853088 19.975933 -17.258404 -0.659261 0.651176 -0.375958 0.164955 0.870589 1 0 1.000000
  0 -112.179657 20.539776 -16.008701 -0.321927 0.946764 -0.000001 0.171792 0.877206 1 0 1.000000
  0 -112.179657 20.174244 -17.372898 -0.321927 0.819923 -0.473381 0.168414 0.868257 1 0 1.000000
barracuda
  0 -112.853088 20.310791 -16.008701 -0.659260 0.751915 -0.000001 0.167332 0.877080 1 0 1.000000
  0 -112.179657 20.539776 -16.008701 -0.321927 0.946764 -0.000001 0.171792 0.877206 1 0 1.000000
  0 -112.853088 19.975933 -17.258404 -0.659261 0.651176 -0.375958 0.164955 0.870589 1 0 1.000000
barracuda
  0 -112.853088 20.310791 -16.008701 -0.659260 0.751915 -0.000001 0.167332 0.877080 1 0 1.000000
  0 -112.179657 20.174244 -14.644505 -0.321927 0.819923 0.473380 0.168714 0.888007 1 0 1.000000
  0 -112.179657 20.539776 -16.008701 -0.321927 0.946764 -0.000001 0.171792 0.877206 1 0 1.000000
barracuda
  0 -112.853088 15.311981 -16.008701 -0.659262 -0.751913 0.000000 0.140501 0.877524 1 0 1.000000
  0 -113.336014 16.265884 -16.008701 -0.951428 -0.307870 0.000000 0.145735 0.877659 1 0 1.000000
  0 -112.853088 15.646839 -17.258404 -0.659263 -0.651175 -0.375957 0.142290 0.871243 1 0 1.000000
barracuda
  0 -112.853088 15.646839 -17.258404 -0.659263 -0.651175 -0.375957 0.142290 0.871243 1 0 1.000000
  0 -113.336014 16.265884 -16.008701 -0.951428 -0.307870 0.000000 0.145735 0.877659 1 0 1.000000
  0 -113.336014 16.472942 -16.781452 -0.951428 -0.266623 -0.153937 0.146810 0.873888 1 0 1.000000
barracuda
  0 -113.336014 16.265884 -16.008701 -0.951428 -0.307870 0.000000 0.145735 0.877659 1 0 1.000000
  0 -113.336014 16.472942 -15.235950 -0.951427 -0.266626 0.153937 0.146633 0.881481 1 0 1.000000
  0 -113.336014 16.472942 -16.781452 -0.951428 -0.266623 -0.153937 0.146810 0.873888 1 0 1.000000
barracuda
  0 -113.336014 16.472942 -16.781452 -0.951428 -0.266623 -0.153937 0.146810 0.873888 1 0 1.000000
  0 -113.336014 16.472942 -15.235950 -0.951427 -0.266626 0.153937 0.146633 0.881481 1 0 1.000000
  0 -113.336014 17.811386 -17.554207 -0.951427 -0.000002 -0.307874 0.153379 0.870044 1 0 1.000000
barracuda
  0 -113.336014 16.472942 -15.235950 -0.951427 -0.266626 0.153937 0.146633 0.881481 1 0 1.000000
  0 -113.336014 19.149830 -15.235950 -0.951427 0.266626 0.153937 0.160027 0.881980 1 0 1.000000
  0 -113.336014 17.811386 -17.554207 -0.951427 -0.000002 -0.307874 0.153379 0.870044 1 0 1.000000
barracuda
  0 -113.336014 19.149830 -15.235950 -0.951427 0.266626 0.153937 0.160027 0.881980 1 0 1.000000
  0 -113.336014 19.149830 -16.781452 -0.951428 0.266622 -0.153937 0.160141 0.873769 1 0 1.000000
  0 -113.336014 17.811386 -17.554207 -0.951427 -0.000002 -0.307874 0.153379 0.870044 1 0 1.000000
barracuda
  0 -113.336014 19.356888 -16.008701 -0.951428 0.307871 0.000000 0.161233 0.877749 1 0 1.000000
  0 -113.336014 19.149830 -16.781452 -0.951428 0.266622 -0.153937 0.160141 0.873769 1 0 1.000000
  0 -113.336014 19.149830 -15.235950 -0.951427 0.266626 0.153937 0.160027 0.881980 1 0 1.000000
barracuda
  0 -112.853088 20.310791 -16.008701 -0.659260 0.751915 -0.000001 0.167332 0.877080 1 0 1.000000
  0 -113.336014 19.149830 -16.781452 -0.951428 0.266622 -0.153937 0.160141 0.873769 1 0 1.000000
  0 -113.336014 19.356888 -16.008701 -0.951428 0.307871 0.000000 0.161233 0.877749 1 0 1.000000
barracuda
  0 -112.853088 20.310791 -16.008701 -0.659260 0.751915 -0.000001 0.167332 0.877080 1 0 1.000000
  0 -113.336014 19.356888 -16.008701 -0.951428 0.307871 0.000000 0.161233 0.877749 1 0 1.000000
  0 -112.853088 19.975937 -14.759001 -0.659260 0.651178 0.375957 0.164858 0.885763 1 0 1.000000
barracuda
  0 -112.853088 19.975937 -14.759001 -0.659260 0.651178 0.375957 0.164858 0.885763 1 0 1.000000
  0 -112.179657 20.174244 -14.644505 -0.321927 0.819923 0.473380 0.168714 0.888007 1 0 1.000000
  0 -112.853088 20.310791 -16.008701 -0.659260 0.751915 -0.000001 0.167332 0.877080 1 0 1.000000
barracuda
  0 -112.853088 19.975937 -14.759001 -0.659260 0.651178 0.375957 0.164858 0.885763 1 0 1.000000
  0 -112.179657 19.175583 -13.645845 -0.321930 0.473383 0.819920 0.161127 0.893832 1 0 1.000000
  0 -112.179657 20.174244 -14.644505 -0.321927 0.819923 0.473380 0.168714 0.888007 1 0 1.000000
barracuda
  0 -112.853088 19.061089 -13.844154 -0.659260 0.375958 0.651177 0.159416 0.890027 1 0 1.000000
  0 -112.179657 19.175583 -13.645845 -0.321930 0.473383 0.819920 0.161127 0.893832 1 0 1.000000
  0 -112.853088 19.975937 -14.759001 -0.659260 0.651178 0.375957 0.164858 0.885763 1 0 1.000000
barracuda
  0 -112.853088 19.061089 -13.844154 -0.659260 0.375958 0.651177 0.159416 0.890027 1 0 1.000000
  0 -112.179657 17.811386 -13.280308 -0.321930 0.000000 0.946763 0.152257 0.895078 1 0 1.000000
  0 -112.179657 19.175583 -13.645845 -0.321930 0.473383 0.819920 0.161127 0.893832 1 0 1.000000
barracuda
  0 -112.853088 17.811386 -13.509296 -0.659261 0.000000 0.751914 0.152637 0.891100 1 0 1.000000
  0 -112.179657 17.811386 -13.280308 -0.321930 0.000000 0.946763 0.152257 0.895078 1 0 1.000000
  0 -112.853088 19.061089 -13.844154 -0.659260 0.375958 0.651177 0.159416 0.890027 1 0 1.000000
barracuda
  0 -112.853088 17.811386 -13.509296 -0.659261 0.000000 0.751914 0.152637 0.891100 1 0 1.000000
  0 -112.179657 16.447189 -13.645844 -0.321930 -0.473384 0.819920 0.144142 0.892060 1 0 1.000000
  0 -112.179657 17.811386 -13.280308 -0.321930 0.000000 0.946763 0.152257 0.895078 1 0 1.000000
barracuda
  0 -112.853088 16.561684 -13.844154 -0.659260 -0.375958 0.651177 0.146332 0.888840 1 0 1.000000
  0 -112.179657 16.447189 -13.645844 -0.321930 -0.473384 0.819920 0.144142 0.892060 1 0 1.000000
  0 -112.853088 17.811386 -13.509296 -0.659261 0.000000 0.751914 0.152637 0.891100 1 0 1.000000
barracuda
  0 -112.853088 16.561684 -13.844154 -0.659260 -0.375958 0.651177 0.146332 0.888840 1 0 1.000000
  0 -112.179657 15.448528 -14.644505 -0.321930 -0.819922 0.473381 0.138536 0.885658 1 0 1.000000
  0 -112.179657 16.447189 -13.645844 -0.321930 -0.473384 0.819920 0.144142 0.892060 1 0 1.000000
barracuda
  0 -112.853088 15.646838 -14.758999 -0.659260 -0.651177 0.375957 0.141956 0.883906 1 0 1.000000
  0 -112.179657 15.448528 -14.644505 -0.321930 -0.819922 0.473381 0.138536 0.885658 1 0 1.000000
  0 -112.853088 16.561684 -13.844154 -0.659260 -0.375958 0.651177 0.146332 0.888840 1 0 1.000000
barracuda
  0 -112.853088 15.311981 -16.008701 -0.659262 -0.751913 0.000000 0.140501 0.877524 1 0 1.000000
  0 -113.336014 16.472942 -15.235950 -0.951427 -0.266626 0.153937 0.146633 0.881481 1 0 1.000000
  0 -113.336014 16.265884 -16.008701 -0.951428 -0.307870 0.000000 0.145735 0.877659 1 0 1.000000
barracuda
  0 -112.853088 15.646838 -14.758999 -0.659260 -0.651177 0.375957 0.141956 0.883906 1 0 1.000000
  0 -113.336014 16.472942 -15.235950 -0.951427 -0.266626 0.153937 0.146633 0.881481 1 0 1.000000
  0 -112.853088 15.311981 -16.008701 -0.659262 -0.751913 0.000000 0.140501 0.877524 1 0 1.000000
barracuda
  0 -112.853088 15.646838 -14.758999 -0.659260 -0.651177 0.375957 0.141956 0.883906 1 0 1.000000
  0 -113.336014 17.038635 -14.670258 -0.951427 -0.153936 0.266626 0.149292 0.884389 1 0 1.000000
  0 -113.336014 16.472942 -15.235950 -0.951427 -0.266626 0.153937 0.146633 0.881481 1 0 1.000000
barracuda
  0 -112.853088 16.561684 -13.844154 -0.659260 -0.375958 0.651177 0.146332 0.888840 1 0 1.000000
  0 -113.336014 17.038635 -14.670258 -0.951427 -0.153936 0.266626 0.149292 0.884389 1 0 1.000000
  0 -112.853088 15.646838 -14.758999 -0.659260 -0.651177 0.375957 0.141956 0.883906 1 0 1.000000
barracuda
  0 -112.853088 16.561684 -13.844154 -0.659260 -0.375958 0.651177 0.146332 0.888840 1 0 1.000000
  0 -113.336014 17.811386 -14.463198 -0.951427 0.000000 0.307873 0.153066 0.885620 1 0 1.000000
  0 -113.336014 17.038635 -14.670258 -0.951427 -0.153936 0.266626 0.149292 0.884389 1 0 1.000000
barracuda
  0 -112.853088 17.811386 -13.509296 -0.659261 0.000000 0.751914 0.152637 0.891100 1 0 1.000000
  0 -113.336014 17.811386 -14.463198 -0.951427 0.000000 0.307873 0.153066 0.885620 1 0 1.000000
  0 -112.853088 16.561684 -13.844154 -0.659260 -0.375958 0.651177 0.146332 0.888840 1 0 1.000000
barracuda
  0 -112.853088 17.811386 -13.509296 -0.659261 0.000000 0.751914 0.152637 0.891100 1 0 1.000000
  0 -113.336014 18.584137 -14.670258 -0.951427 0.153937 0.266626 0.157001 0.884787 1 0 1.000000
  0 -113.336014 17.811386 -14.463198 -0.951427 0.000000 0.307873 0.153066 0.885620 1 0 1.000000
barracuda
  0 -112.853088 19.061089 -13.844154 -0.659260 0.375958 0.651177 0.159416 0.890027 1 0 1.000000
  0 -113.336014 18.584137 -14.670258 -0.951427 0.153937 0.266626 0.157001 0.884787 1 0 1.000000
  0 -112.853088 17.811386 -13.509296 -0.659261 0.000000 0.751914 0.152637 0.891100 1 0 1.000000
barracuda
  0 -112.853088 19.061089 -13.844154 -0.659260 0.375958 0.651177 0.159416 0.890027 1 0 1.000000
  0 -113.336014 19.149830 -15.235950 -0.951427 0.266626 0.153937 0.160027 0.881980 1 0 1.000000
  0 -113.336014 18.584137 -14.670258 -0.951427 0.153937 0.266626 0.157001 0.884787 1 0 1.000000
barracuda
  0 -112.853088 19.975937 -14.759001 -0.659260 0.651178 0.375957 0.164858 0.885763 1 0 1.000000
  0 -113.336014 19.149830 -15.235950 -0.951427 0.266626 0.153937 0.160027 0.881980 1 0 1.000000
  0 -112.853088 19.061089 -13.844154 -0.659260 0.375958 0.651177 0.159416 0.890027 1 0 1.000000
barracuda
  0 -112.853088 19.975937 -14.759001 -0.659260 0.651178 0.375957 0.164858 0.885763 1 0 1.000000
  0 -113.336014 19.356888 -16.008701 -0.951428 0.307871 0.000000 0.161233 0.877749 1 0 1.000000
  0 -113.336014 19.149830 -15.235950 -0.951427 0.266626 0.153937 0.160027 0.881980 1 0 1.000000
barracuda
  0 -113.336014 18.584137 -14.670258 -0.951427 0.153937 0.266626 0.157001 0.884787 1 0 1.000000
  0 -113.336014 19.149830 -15.235950 -0.951427 0.266626 0.153937 0.160027 0.881980 1 0 1.000000
  0 -113.336014 17.811386 -14.463198 -0.951427 0.000000 0.307873 0.153066 0.885620 1 0 1.000000
barracuda
  0 -113.336014 17.811386 -14.463198 -0.951427 0.000000 0.307873 0.153066 0.885620 1 0 1.000000
  0 -113.336014 19.149830 -15.235950 -0.951427 0.266626 0.153937 0.160027 0.881980 1 0 1.000000
  0 -113.336014 16.472942 -15.235950 -0.951427 -0.266626 0.153937 0.146633 0.881481 1 0 1.000000
barracuda
  0 -113.336014 17.038635 -14.670258 -0.951427 -0.153936 0.266626 0.149292 0.884389 1 0 1.000000
  0 -113.336014 17.811386 -14.463198 -0.951427 0.000000 0.307873 0.153066 0.885620 1 0 1.000000
  0 -113.336014 16.472942 -15.235950 -0.951427 -0.266626 0.153937 0.146633 0.881481 1 0 1.000000
barracuda
  0 -50.437241 41.232952 -35.241558 -0.036390 0.995561 -0.086792 0.159893 0.639741 1 0 1.000000
  0 -36.257275 42.915283 -17.831648 -0.003030 0.965524 -0.260296 0.228752 0.583378 1 0 1.000000
  0 -33.134178 41.394806 -35.241676 -0.012059 0.996184 -0.086440 0.160031 0.571043 1 0 1.000000
barracuda
  0 -50.437241 42.660629 -18.239769 -0.027057 0.959159 -0.281571 0.227437 0.639759 1 0 1.000000
  0 -36.257275 42.915283 -17.831648 -0.003030 0.965524 -0.260296 0.228752 0.583378 1 0 1.000000
  0 -50.437241 41.232952 -35.241558 -0.036390 0.995561 -0.086792 0.159893 0.639741 1 0 1.000000
barracuda
  0 -50.437241 42.660629 -18.239769 -0.027057 0.959159 -0.281571 0.227437 0.639759 1 0 1.000000
  0 -36.724728 44.335579 -14.486674 0.016329 0.969177 -0.245823 0.242509 0.585306 1 0 1.000000
  0 -36.257275 42.915283 -17.831648 -0.003030 0.965524 -0.260296 0.228752 0.583378 1 0 1.000000
barracuda
  0 -50.437241 44.542385 -14.579185 -0.007119 0.962984 -0.269463 0.241980 0.639759 1 0 1.000000
  0 -36.724728 44.335579 -14.486674 0.016329 0.969177 -0.245823 0.242509 0.585306 1 0 1.000000
  0 -50.437241 42.660629 -18.239769 -0.027057 0.959159 -0.281571 0.227437 0.639759 1 0 1.000000
barracuda
  0 -50.437241 44.542385 -14.579185 -0.007119 0.962984 -0.269463 0.241980 0.639759 1 0 1.000000
  0 -37.178947 45.011383 -0.226374 0.026006 0.999662 0.000000 0.298999 0.587088 1 0 1.000000
  0 -36.724728 44.335579 -14.486674 0.016329 0.969177 -0.245823 0.242509 0.585306 1 0 1.000000
barracuda
  0 -65.048424 40.297943 -35.031712 -0.076331 0.993167 -0.088275 0.160727 0.697800 1 0 1.000000
  0 -50.437241 42.660629 -18.239769 -0.027057 0.959159 -0.281571 0.227437 0.639759 1 0 1.000000
  0 -50.437241 41.232952 -35.241558 -0.036390 0.995561 -0.086792 0.159893 0.639741 1 0 1.000000
barracuda
  0 -65.048424 44.254501 13.914803 -0.060199 0.947257 0.314771 0.355178 0.697805 1 0 1.000000
  0 -50.437241 42.660629 17.787012 -0.027057 0.959158 0.281572 0.370561 0.639759 1 0 1.000000
  0 -50.437241 44.542381 14.126434 -0.007119 0.962984 0.269463 0.356018 0.639759 1 0 1.000000
barracuda
  0 -50.437241 44.542381 14.126434 -0.007119 0.962984 0.269463 0.356018 0.639759 1 0 1.000000
  0 -50.437241 42.660629 17.787012 -0.027057 0.959158 0.281572 0.370561 0.639759 1 0 1.000000
  0 -36.724728 44.335579 14.033918 0.016329 0.969177 0.245823 0.355489 0.585306 1 0 1.000000
barracuda
  0 -37.178947 45.011383 -0.226374 0.026006 0.999662 0.000000 0.298999 0.587088 1 0 1.000000
  0 -50.437241 44.542381 14.126434 -0.007119 0.962984 0.269463 0.356018 0.639759 1 0 1.000000
  0 -36.724728 44.335579 14.033918 0.016329 0.969177 0.245823 0.355489 0.585306 1 0 1.000000
barracuda
  0 -50.437241 45.500965 -0.226376 0.002725 0.999996 0.000000 0.298999 0.639759 1 0 1.000000
  0 -50.437241 44.542381 14.126434 -0.007119 0.962984 0.269463 0.356018 0.639759 1 0 1.000000
  0 -37.178947 45.011383 -0.226374 0.026006 0.999662 0.000000 0.298999 0.587088 1 0 1.000000
barracuda
  0 -50.437241 45.500965 -0.226376 0.002725 0.999996 0.000000 0.298999 0.639759 1 0 1.000000
  0 -37.178947 45.011383 -0.226374 0.026006 0.999662 0.000000 0.298999 0.587088 1 0 1.000000
  0 -50.437241 44.542385 -14.579185 -0.007119 0.962984 -0.269463 0.241980 0.639759 1 0 1.000000
barracuda
  0 -50.437241 44.542385 -14.579185 -0.007119 0.962984 -0.269463 0.241980 0.639759 1 0 1.000000
  0 -65.048424 44.254501 -14.367556 -0.060199 0.947257 -0.314770 0.242820 0.697805 1 0 1.000000
  0 -50.437241 45.500965 -0.226376 0.002725 0.999996 0.000000 0.298999 0.639759 1 0 1.000000
barracuda
  0 -50.437241 44.542385 -14.579185 -0.007119 0.962984 -0.269463 0.241980 0.639759 1 0 1.000000
  0 -50.437241 42.660629 -18.239769 -0.027057 0.959159 -0.281571 0.227437 0.639759 1 0 1.000000
  0 -65.048424 44.254501 -14.367556 -0.060199 0.947257 -0.314770 0.242820 0.697805 1 0 1.000000
barracuda
  0 -65.048424 44.254501 -14.367556 -0.060199 0.947257 -0.314770 0.242820 0.697805 1 0 1.000000
  0 -50.437241 42.660629 -18.239769 -0.027057 0.959159 -0.281571 0.227437 0.639759 1 0 1.000000
  0 -65.048424 41.846184 -18.056881 -0.078215 0.942666 -0.324442 0.228164 0.697805 1 0 1.000000
barracuda
  0 -65.048424 41.846184 -18.056881 -0.078215 0.942666 -0.324442 0.228164 0.697805 1 0 1.000000
  0 -50.437241 42.660629 -18.239769 -0.027057 0.959159 -0.281571 0.227437 0.639759 1 0 1.000000
  0 -65.048424 40.297943 -35.031712 -0.076331 0.993167 -0.088275 0.160727 0.697800 1 0 1.000000
barracuda
  0 -74.590469 39.449677 -34.821648 -0.104570 0.990575 -0.088469 0.161561 0.735696 1 0 1.000000
  0 -65.048424 41.846184 -18.056881 -0.078215 0.942666 -0.324442 0.228164 0.697805 1 0 1.000000
  0 -65.048424 40.297943 -35.031712 -0.076331 0.993167 -0.088275 0.160727 0.697800 1 0 1.000000
barracuda
  0 -74.590469 41.037327 -17.023434 -0.132159 0.922850 -0.361777 0.232269 0.735713 1 0 1.000000
  0 -65.048424 41.846184 -18.056881 -0.078215 0.942666 -0.324442 0.228164 0.697805 1 0 1.000000
  0 -74.590469 39.449677 -34.821648 -0.104570 0.990575 -0.088469 0.161561 0.735696 1 0 1.000000
barracuda
  0 -84.719910 38.291183 -34.507973 -0.134710 0.987404 -0.082987 0.162807 0.775951 1 0 1.000000
  0 -74.590469 41.037327 -17.023434 -0.132159 0.922850 -0.361777 0.232269 0.735713 1 0 1.000000
  0 -74.590469 39.449677 -34.821648 -0.104570 0.990575 -0.088469 0.161561 0.735696 1 0 1.000000
barracuda
  0 -84.719910 39.998959 -15.043262 -0.122334 0.980300 -0.155065 0.239073 0.775954 1 0 1.000000
  0 -74.590469 41.037327 -17.023434 -0.132159 0.922850 -0.361777 0.232269 0.735713 1 0 1.000000
  0 -84.719910 38.291183 -34.507973 -0.134710 0.987404 -0.082987 0.162807 0.775951 1 0 1.000000
barracuda
  0 -93.725662 37.095215 -34.036644 -0.167553 0.982894 -0.076460 0.164676 0.811720 1 0 1.000000
  0 -84.719910 39.998959 -15.043262 -0.122334 0.980300 -0.155065 0.239073 0.775954 1 0 1.000000
  0 -84.719910 38.291183 -34.507973 -0.134710 0.987404 -0.082987 0.162807 0.775951 1 0 1.000000
barracuda
  0 -93.725662 38.490425 -14.536951 -0.183109 0.981442 -0.056945 0.242147 0.811732 1 0 1.000000
  0 -84.719910 39.998959 -15.043262 -0.122334 0.980300 -0.155065 0.239073 0.775954 1 0 1.000000
  0 -93.725662 37.095215 -34.036644 -0.167553 0.982894 -0.076460 0.164676 0.811720 1 0 1.000000
barracuda
  0 -103.497482 35.282616 -32.775772 -0.260962 0.961929 -0.081188 0.169697 0.850608 1 0 1.000000
  0 -93.725662 38.490425 -14.536951 -0.183109 0.981442 -0.056945 0.242147 0.811732 1 0 1.000000
  0 -93.725662 37.095215 -34.036644 -0.167553 0.982894 -0.076460 0.164676 0.811720 1 0 1.000000
barracuda
  0 -105.268555 36.471680 -13.891883 -0.266894 0.961836 -0.060317 0.244710 0.857588 1 0 1.000000
  0 -93.725662 38.490425 -14.536951 -0.183109 0.981442 -0.056945 0.242147 0.811732 1 0 1.000000
  0 -103.497482 35.282616 -32.775772 -0.260962 0.961929 -0.081188 0.169697 0.850608 1 0 1.000000
barracuda
  0 -103.497482 35.282616 -32.775772 -0.260962 0.961929 -0.081188 0.169697 0.850608 1 0 1.000000
  0 -107.776230 33.933586 -31.429642 -0.337364 0.937307 -0.087410 0.175113 0.867560 1 0 1.000000
  0 -105.268555 36.471680 -13.891883 -0.266894 0.961836 -0.060317 0.244710 0.857588 1 0 1.000000
barracuda
  0 -50.437241 45.500965 -0.226376 0.002725 0.999996 0.000000 0.298999 0.639759 1 0 1.000000
  0 -65.048424 44.254501 -14.367556 -0.060199 0.947257 -0.314770 0.242820 0.697805 1 0 1.000000
  0 -65.048424 45.201691 -0.226377 -0.041140 0.999153 0.000000 0.298999 0.697805 1 0 1.000000
barracuda
  0 -65.048424 44.254501 -14.367556 -0.060199 0.947257 -0.314770 0.242820 0.697805 1 0 1.000000
  0 -74.590469 43.684921 -13.649947 -0.121407 0.927966 -0.352334 0.245671 0.735713 1 0 1.000000
  0 -65.048424 45.201691 -0.226377 -0.041140 0.999153 0.000000 0.298999 0.697805 1 0 1.000000
barracuda
  0 -65.048424 45.201691 -0.226377 -0.041140 0.999153 0.000000 0.298999 0.697805 1 0 1.000000
  0 -74.590469 43.684921 -13.649947 -0.121407 0.927966 -0.352334 0.245671 0.735713 1 0 1.000000
  0 -74.590469 44.641212 -0.226376 -0.083319 0.996523 0.000000 0.298999 0.735713 1 0 1.000000
barracuda
  0 -74.590469 44.641212 -0.226376 -0.083319 0.996523 0.000000 0.298999 0.735713 1 0 1.000000
  0 -74.590469 43.684917 13.197193 -0.121407 0.927966 0.352335 0.352327 0.735713 1 0 1.000000
  0 -65.048424 45.201691 -0.226377 -0.041140 0.999153 0.000000 0.298999 0.697805 1 0 1.000000
barracuda
  0 -65.048424 45.201691 -0.226377 -0.041140 0.999153 0.000000 0.298999 0.697805 1 0 1.000000
  0 -74.590469 43.684917 13.197193 -0.121407 0.927966 0.352335 0.352327 0.735713 1 0 1.000000
  0 -65.048424 44.254501 13.914803 -0.060199 0.947257 0.314771 0.355178 0.697805 1 0 1.000000
barracuda
  0 -65.048424 45.201691 -0.226377 -0.041140 0.999153 0.000000 0.298999 0.697805 1 0 1.000000
  0 -65.048424 44.254501 13.914803 -0.060199 0.947257 0.314771 0.355178 0.697805 1 0 1.000000
  0 -50.437241 45.500965 -0.226376 0.002725 0.999996 0.000000 0.298999 0.639759 1 0 1.000000
barracuda
  0 -50.437241 45.500965 -0.226376 0.002725 0.999996 0.000000 0.298999 0.639759 1 0 1.000000
  0 -65.048424 44.254501 13.914803 -0.060199 0.947257 0.314771 0.355178 0.697805 1 0 1.000000
  0 -50.437241 44.542381 14.126434 -0.007119 0.962984 0.269463 0.356018 0.639759 1 0 1.000000
barracuda
  0 -74.590469 41.037327 -17.023434 -0.132159 0.922850 -0.361777 0.232269 0.735713 1 0 1.000000
  0 -65.048424 44.254501 -14.367556 -0.060199 0.947257 -0.314770 0.242820 0.697805 1 0 1.000000
  0 -65.048424 41.846184 -18.056881 -0.078215 0.942666 -0.324442 0.228164 0.697805 1 0 1.000000
barracuda
  0 -74.590469 43.684921 -13.649947 -0.121407 0.927966 -0.352334 0.245671 0.735713 1 0 1.000000
  0 -65.048424 44.254501 -14.367556 -0.060199 0.947257 -0.314770 0.242820 0.697805 1 0 1.000000
  0 -74.590469 41.037327 -17.023434 -0.132159 0.922850 -0.361777 0.232269 0.735713 1 0 1.000000
barracuda
  0 -84.719910 39.998959 -15.043262 -0.122334 0.980300 -0.155065 0.239073 0.775954 1 0 1.000000
  0 -74.590469 43.684921 -13.649947 -0.121407 0.927966 -0.352334 0.245671 0.735713 1 0 1.000000
  0 -74.590469 41.037327 -17.023434 -0.132159 0.922850 -0.361777 0.232269 0.735713 1 0 1.000000
barracuda
  0 -84.719910 42.778221 -11.969210 -0.153122 0.917122 -0.368023 0.253041 0.775954 1 0 1.000000
  0 -74.590469 43.684921 -13.649947 -0.121407 0.927966 -0.352334 0.245671 0.735713 1 0 1.000000
  0 -84.719910 39.998959 -15.043262 -0.122334 0.980300 -0.155065 0.239073 0.775954 1 0 1.000000
barracuda
  0 -74.590469 43.684921 -13.649947 -0.121407 0.927966 -0.352334 0.245671 0.735713 1 0 1.000000
  0 -84.719910 42.778221 -11.969210 -0.153122 0.917122 -0.368023 0.253041 0.775954 1 0 1.000000
  0 -74.590469 44.641212 -0.226376 -0.083319 0.996523 0.000000 0.298999 0.735713 1 0 1.000000
barracuda
  0 -74.590469 44.641212 -0.226376 -0.083319 0.996523 0.000000 0.298999 0.735713 1 0 1.000000
  0 -84.719910 42.778221 -11.969210 -0.153122 0.917122 -0.368023 0.253041 0.775954 1 0 1.000000
  0 -84.719910 43.524601 -0.226376 -0.104904 0.994482 0.000000 0.298999 0.775954 1 0 1.000000
barracuda
  0 -84.719910 43.524601 -0.226376 -0.104904 0.994482 0.000000 0.298999 0.775954 1 0 1.000000
  0 -84.719910 42.778221 11.516462 -0.153122 0.917122 0.368024 0.344957 0.775954 1 0 1.000000
  0 -74.590469 44.641212 -0.226376 -0.083319 0.996523 0.000000 0.298999 0.735713 1 0 1.000000
barracuda
  0 -74.590469 44.641212 -0.226376 -0.083319 0.996523 0.000000 0.298999 0.735713 1 0 1.000000
  0 -84.719910 42.778221 11.516462 -0.153122 0.917122 0.368024 0.344957 0.775954 1 0 1.000000
  0 -74.590469 43.684917 13.197193 -0.121407 0.927966 0.352335 0.352327 0.735713 1 0 1.000000
barracuda
  0 -84.719910 42.778221 11.516462 -0.153122 0.917122 0.368024 0.344957 0.775954 1 0 1.000000
  0 -84.719910 39.998955 14.590511 -0.122335 0.980300 0.155068 0.358925 0.775954 1 0 1.000000
  0 -74.590469 43.684917 13.197193 -0.121407 0.927966 0.352335 0.352327 0.735713 1 0 1.000000
barracuda
  0 -74.590469 43.684917 13.197193 -0.121407 0.927966 0.352335 0.352327 0.735713 1 0 1.000000
  0 -84.719910 39.998955 14.590511 -0.122335 0.980300 0.155068 0.358925 0.775954 1 0 1.000000
  0 -74.590469 41.037323 16.570679 -0.132159 0.922849 0.361778 0.365729 0.735713 1 0 1.000000
barracuda
  0 -74.590469 43.684917 13.197193 -0.121407 0.927966 0.352335 0.352327 0.735713 1 0 1.000000
  0 -74.590469 41.037323 16.570679 -0.132159 0.922849 0.361778 0.365729 0.735713 1 0 1.000000
  0 -65.048424 44.254501 13.914803 -0.060199 0.947257 0.314771 0.355178 0.697805 1 0 1.000000
barracuda
  0 -65.048424 44.254501 13.914803 -0.060199 0.947257 0.314771 0.355178 0.697805 1 0 1.000000
  0 -74.590469 41.037323 16.570679 -0.132159 0.922849 0.361778 0.365729 0.735713 1 0 1.000000
  0 -65.048424 41.846180 17.604132 -0.078215 0.942666 0.324443 0.369834 0.697805 1 0 1.000000
barracuda
  0 -65.048424 41.846180 17.604132 -0.078215 0.942666 0.324443 0.369834 0.697805 1 0 1.000000
  0 -50.437241 42.660629 17.787012 -0.027057 0.959158 0.281572 0.370561 0.639759 1 0 1.000000
  0 -65.048424 44.254501 13.914803 -0.060199 0.947257 0.314771 0.355178 0.697805 1 0 1.000000
barracuda
  0 -36.724728 44.335579 14.033918 0.016329 0.969177 0.245823 0.355489 0.585306 1 0 1.000000
  0 -50.437241 42.660629 17.787012 -0.027057 0.959158 0.281572 0.370561 0.639759 1 0 1.000000
  0 -36.257275 42.915283 17.378889 -0.003030 0.965524 0.260296 0.369246 0.583378 1 0 1.000000
barracuda
  0 -105.268555 36.471680 -13.891883 -0.266894 0.961836 -0.060317 0.244710 0.857588 1 0 1.000000
  0 -107.776230 33.933586 -31.429642 -0.337364 0.937307 -0.087410 0.175113 0.867560 1 0 1.000000
  0 -109.992371 34.776573 -13.134651 -0.355828 0.932252 -0.065519 0.247656 0.876346 1 0 1.000000
barracuda
  0 -105.268555 36.471680 -13.891883 -0.266894 0.961836 -0.060317 0.244710 0.857588 1 0 1.000000
  0 -109.992371 34.776573 -13.134651 -0.355828 0.932252 -0.065519 0.247656 0.876346 1 0 1.000000
  0 -106.420090 36.825829 -0.226377 -0.272925 0.962035 0.000000 0.298999 0.862163 1 0 1.000000
barracuda
  0 -106.420090 36.825829 -0.226377 -0.272925 0.962035 0.000000 0.298999 0.862163 1 0 1.000000
  0 -109.992371 34.776573 -13.134651 -0.355828 0.932252 -0.065519 0.247656 0.876346 1 0 1.000000
  0 -110.708984 34.918106 -0.226374 -0.374348 0.927288 0.000000 0.298999 0.879200 1 0 1.000000
barracuda
  0 -110.708984 34.918106 -0.226374 -0.374348 0.927288 0.000000 0.298999 0.879200 1 0 1.000000
  0 -109.992371 34.776573 12.681900 -0.355829 0.932251 0.065519 0.350342 0.876346 1 0 1.000000
  0 -106.420090 36.825829 -0.226377 -0.272925 0.962035 0.000000 0.298999 0.862163 1 0 1.000000
barracuda
  0 -106.420090 36.825829 -0.226377 -0.272925 0.962035 0.000000 0.298999 0.862163 1 0 1.000000
  0 -109.992371 34.776573 12.681900 -0.355829 0.932251 0.065519 0.350342 0.876346 1 0 1.000000
  0 -105.268555 36.471680 13.439135 -0.266894 0.961836 0.060317 0.353288 0.857588 1 0 1.000000
barracuda
  0 -107.776230 33.933586 30.976892 -0.337365 0.937307 0.087410 0.422885 0.867560 1 0 1.000000
  0 -105.268555 36.471680 13.439135 -0.266894 0.961836 0.060317 0.353288 0.857588 1 0 1.000000
  0 -109.992371 34.776573 12.681900 -0.355829 0.932251 0.065519 0.350342 0.876346 1 0 1.000000
barracuda
  0 -103.497482 35.282619 32.323021 -0.260963 0.961929 0.081188 0.428301 0.850608 1 0 1.000000
  0 -105.268555 36.471680 13.439135 -0.266894 0.961836 0.060317 0.353288 0.857588 1 0 1.000000
  0 -107.776230 33.933586 30.976892 -0.337365 0.937307 0.087410 0.422885 0.867560 1 0 1.000000
barracuda
  0 -105.268555 36.471680 13.439135 -0.266894 0.961836 0.060317 0.353288 0.857588 1 0 1.000000
  0 -103.497482 35.282619 32.323021 -0.260963 0.961929 0.081188 0.428301 0.850608 1 0 1.000000
  0 -93.725662 38.490425 14.084200 -0.183109 0.981442 0.056944 0.355851 0.811732 1 0 1.000000
barracuda
  0 -93.725662 38.490425 14.084200 -0.183109 0.981442 0.056944 0.355851 0.811732 1 0 1.000000
  0 -103.497482 35.282619 32.323021 -0.260963 0.961929 0.081188 0.428301 0.850608 1 0 1.000000
  0 -93.725662 37.095215 33.583897 -0.167553 0.982894 0.076460 0.433323 0.811719 1 0 1.000000
barracuda
  0 -93.725662 38.490425 14.084200 -0.183109 0.981442 0.056944 0.355851 0.811732 1 0 1.000000
  0 -93.725662 37.095215 33.583897 -0.167553 0.982894 0.076460 0.433323 0.811719 1 0 1.000000
  0 -84.719910 39.998955 14.590511 -0.122335 0.980300 0.155068 0.358925 0.775954 1 0 1.000000
barracuda
  0 -84.719910 39.998955 14.590511 -0.122335 0.980300 0.155068 0.358925 0.775954 1 0 1.000000
  0 -93.725662 37.095215 33.583897 -0.167553 0.982894 0.076460 0.433323 0.811719 1 0 1.000000
  0 -84.719910 38.291187 34.055229 -0.134710 0.987404 0.082987 0.435191 0.775951 1 0 1.000000
barracuda
  0 -84.719910 39.998955 14.590511 -0.122335 0.980300 0.155068 0.358925 0.775954 1 0 1.000000
  0 -84.719910 38.291187 34.055229 -0.134710 0.987404 0.082987 0.435191 0.775951 1 0 1.000000
  0 -74.590469 41.037323 16.570679 -0.132159 0.922849 0.361778 0.365729 0.735713 1 0 1.000000
barracuda
  0 -74.590469 41.037323 16.570679 -0.132159 0.922849 0.361778 0.365729 0.735713 1 0 1.000000
  0 -84.719910 38.291187 34.055229 -0.134710 0.987404 0.082987 0.435191 0.775951 1 0 1.000000
  0 -74.590469 39.449677 34.368904 -0.104570 0.990575 0.088468 0.436437 0.735696 1 0 1.000000
barracuda
  0 -74.590469 41.037323 16.570679 -0.132159 0.922849 0.361778 0.365729 0.735713 1 0 1.000000
  0 -74.590469 39.449677 34.368904 -0.104570 0.990575 0.088468 0.436437 0.735696 1 0 1.000000
  0 -65.048424 41.846180 17.604132 -0.078215 0.942666 0.324443 0.369834 0.697805 1 0 1.000000
barracuda
  0 -65.048424 41.846180 17.604132 -0.078215 0.942666 0.324443 0.369834 0.697805 1 0 1.000000
  0 -74.590469 39.449677 34.368904 -0.104570 0.990575 0.088468 0.436437 0.735696 1 0 1.000000
  0 -65.048424 40.297947 34.578964 -0.076331 0.993167 0.088275 0.437271 0.697800 1 0 1.000000
barracuda
  0 -65.048424 41.846180 17.604132 -0.078215 0.942666 0.324443 0.369834 0.697805 1 0 1.000000
  0 -65.048424 40.297947 34.578964 -0.076331 0.993167 0.088275 0.437271 0.697800 1 0 1.000000
  0 -50.437241 42.660629 17.787012 -0.027057 0.959158 0.281572 0.370561 0.639759 1 0 1.000000
barracuda
  0 -50.437241 42.660629 17.787012 -0.027057 0.959158 0.281572 0.370561 0.639759 1 0 1.000000
  0 -65.048424 40.297947 34.578964 -0.076331 0.993167 0.088275 0.437271 0.697800 1 0 1.000000
  0 -50.437241 41.232952 34.788811 -0.036390 0.995561 0.086792 0.438105 0.639741 1 0 1.000000
barracuda
  0 -50.437241 42.660629 17.787012 -0.027057 0.959158 0.281572 0.370561 0.639759 1 0 1.000000
  0 -50.437241 41.232952 34.788811 -0.036390 0.995561 0.086792 0.438105 0.639741 1 0 1.000000
  0 -36.257275 42.915283 17.378889 -0.003030 0.965524 0.260296 0.369246 0.583378 1 0 1.000000
barracuda
  0 -36.257275 42.915283 17.378889 -0.003030 0.965524 0.260296 0.369246 0.583378 1 0 1.000000
  0 -50.437241 41.232952 34.788811 -0.036390 0.995561 0.086792 0.438105 0.639741 1 0 1.000000
  0 -33.134178 41.394806 34.788929 -0.012059 0.996184 0.086440 0.437967 0.571043 1 0 1.000000
barracuda
  0 -90.782028 39.413570 -8.433096 -0.072655 0.996587 0.039188 0.266396 0.800037 1 0 1.000000
  0 -84.802094 39.937214 -14.517673 0.021476 0.994064 0.106659 0.242224 0.776281 1 0 1.000000
  0 -84.719910 39.998959 -15.043262 -0.122334 0.980300 -0.155065 0.239073 0.775954 1 0 1.000000
barracuda
  0 -90.782028 39.413570 -8.433096 -0.072655 0.996587 0.039188 0.266396 0.800037 1 0 1.000000
  0 -84.719910 39.998959 -15.043262 -0.122334 0.980300 -0.155065 0.239073 0.775954 1 0 1.000000
  0 -93.725662 38.490425 -14.536951 -0.183109 0.981442 -0.056945 0.242147 0.811732 1 0 1.000000
barracuda
  0 -93.725662 38.925117 -0.226376 -0.135177 0.990821 0.000000 0.298999 0.811732 1 0 1.000000
  0 -90.782028 39.413570 -8.433096 -0.072655 0.996587 0.039188 0.266396 0.800037 1 0 1.000000
  0 -93.725662 38.490425 -14.536951 -0.183109 0.981442 -0.056945 0.242147 0.811732 1 0 1.000000
barracuda
  0 -93.725662 38.490425 -14.536951 -0.183109 0.981442 -0.056945 0.242147 0.811732 1 0 1.000000
  0 -105.268555 36.471680 -13.891883 -0.266894 0.961836 -0.060317 0.244710 0.857588 1 0 1.000000
  0 -93.725662 38.925117 -0.226376 -0.135177 0.990821 0.000000 0.298999 0.811732 1 0 1.000000
barracuda
  0 -93.725662 38.925117 -0.226376 -0.135177 0.990821 0.000000 0.298999 0.811732 1 0 1.000000
  0 -105.268555 36.471680 -13.891883 -0.266894 0.961836 -0.060317 0.244710 0.857588 1 0 1.000000
  0 -106.420090 36.825829 -0.226377 -0.272925 0.962035 0.000000 0.298999 0.862163 1 0 1.000000
barracuda
  0 -106.420090 36.825829 -0.226377 -0.272925 0.962035 0.000000 0.298999 0.862163 1 0 1.000000
  0 -105.268555 36.471680 13.439135 -0.266894 0.961836 0.060317 0.353288 0.857588 1 0 1.000000
  0 -93.725662 38.925117 -0.226376 -0.135177 0.990821 0.000000 0.298999 0.811732 1 0 1.000000
barracuda
  0 -93.725662 38.925117 -0.226376 -0.135177 0.990821 0.000000 0.298999 0.811732 1 0 1.000000
  0 -105.268555 36.471680 13.439135 -0.266894 0.961836 0.060317 0.353288 0.857588 1 0 1.000000
  0 -93.725662 38.490425 14.084200 -0.183109 0.981442 0.056944 0.355851 0.811732 1 0 1.000000
barracuda
  0 -93.725662 38.925117 -0.226376 -0.135177 0.990821 0.000000 0.298999 0.811732 1 0 1.000000
  0 -93.725662 38.490425 14.084200 -0.183109 0.981442 0.056944 0.355851 0.811732 1 0 1.000000
  0 -90.782028 39.413570 7.980347 -0.072657 0.996587 -0.039185 0.331602 0.800037 1 0 1.000000
barracuda
  0 -90.782028 39.413570 7.980347 -0.072657 0.996587 -0.039185 0.331602 0.800037 1 0 1.000000
  0 -93.725662 38.490425 14.084200 -0.183109 0.981442 0.056944 0.355851 0.811732 1 0 1.000000
  0 -84.719910 39.998955 14.590511 -0.122335 0.980300 0.155068 0.358925 0.775954 1 0 1.000000
barracuda
  0 -90.782028 39.413570 7.980347 -0.072657 0.996587 -0.039185 0.331602 0.800037 1 0 1.000000
  0 -84.719910 39.998955 14.590511 -0.122335 0.980300 0.155068 0.358925 0.775954 1 0 1.000000
  0 -84.802094 39.937214 14.064919 0.021472 0.994065 -0.106650 0.355774 0.776281 1 0 1.000000
barracuda
  0 99.399628 10.602467 23.265579 0.710927 0.703266 0.000000 0.129741 0.008542 1 0 1.000000
  0 99.399628 10.211212 18.527691 1.000000 0.000003 0.000000 0.101621 0.010868 1 0 1.000000
  0 99.399628 10.602465 18.813957 0.710927 0.703266 0.000000 0.102835 0.008305 1 0 1.000000
barracuda
  0 99.399628 10.211212 23.551846 1.000000 0.000003 0.000000 0.131443 0.010868 1 0 1.000000
  0 99.399628 10.211212 18.527691 1.000000 0.000003 0.000000 0.101621 0.010868 1 0 1.000000
  0 99.399628 10.602467 23.265579 0.710927 0.703266 0.000000 0.129741 0.008542 1 0 1.000000
barracuda
  0 99.399628 11.794886 17.535088 1.000000 0.000000 0.000000 0.090748 0.008131 1 0 1.000000
  0 99.399628 13.268877 17.084335 1.000000 0.000000 0.000000 0.081552 0.010868 1 0 1.000000
  0 99.399628 13.128550 17.535088 1.000000 0.000000 0.000000 0.081864 0.008131 1 0 1.000000
barracuda
  0 99.399628 11.654558 17.084335 1.000000 0.000000 0.000000 0.091060 0.010868 1 0 1.000000
  0 99.399628 13.268877 17.084335 1.000000 0.000000 0.000000 0.081552 0.010868 1 0 1.000000
  0 99.399628 11.794886 17.535088 1.000000 0.000000 0.000000 0.090748 0.008131 1 0 1.000000
barracuda
  0 99.399628 11.346109 17.734451 1.000000 -0.000004 0.000000 0.094223 0.008047 1 0 1.000000
  0 99.399628 11.654558 17.084335 1.000000 0.000000 0.000000 0.091060 0.010868 1 0 1.000000
  0 99.399628 11.794886 17.535088 1.000000 0.000000 0.000000 0.090748 0.008131 1 0 1.000000
barracuda
  0 99.399628 11.111345 17.309341 1.000000 -0.000004 0.000000 0.094101 0.010868 1 0 1.000000
  0 99.399628 11.654558 17.084335 1.000000 0.000000 0.000000 0.091060 0.010868 1 0 1.000000
  0 99.399628 11.346109 17.734451 1.000000 -0.000004 0.000000 0.094223 0.008047 1 0 1.000000
barracuda
  0 99.399628 11.111345 17.309341 1.000000 -0.000004 0.000000 0.094101 0.010868 1 0 1.000000
  0 99.399628 11.346109 17.734451 1.000000 -0.000004 0.000000 0.094223 0.008047 1 0 1.000000
  0 99.399628 10.436218 17.984478 1.000000 -0.000001 0.000000 0.098580 0.010868 1 0 1.000000
barracuda
  0 99.399628 10.436218 17.984478 1.000000 -0.000001 0.000000 0.098580 0.010868 1 0 1.000000
  0 99.399628 11.346109 17.734451 1.000000 -0.000004 0.000000 0.094223 0.008047 1 0 1.000000
  0 99.399628 10.788355 18.332649 1.000000 -0.000001 0.000000 0.099243 0.008033 1 0 1.000000
barracuda
  0 99.399628 10.436218 17.984478 1.000000 -0.000001 0.000000 0.098580 0.010868 1 0 1.000000
  0 99.399628 10.788355 18.332649 1.000000 -0.000001 0.000000 0.099243 0.008033 1 0 1.000000
  0 99.399628 10.211212 18.527691 1.000000 0.000003 0.000000 0.101621 0.010868 1 0 1.000000
barracuda
  0 99.399628 10.211212 18.527691 1.000000 0.000003 0.000000 0.101621 0.010868 1 0 1.000000
  0 99.399628 10.788355 18.332649 1.000000 -0.000001 0.000000 0.099243 0.008033 1 0 1.000000
  0 99.399628 10.602465 18.813957 1.000000 0.000007 0.000000 0.102835 0.008305 1 0 1.000000
barracuda
  0 99.399628 14.487225 24.095062 1.000000 -0.000007 0.000000 0.038173 0.010868 1 0 1.000000
  0 99.399628 13.577326 24.345085 1.000000 0.000004 0.000000 0.033817 0.008046 1 0 1.000000
  0 99.399628 14.135084 23.746891 1.000000 -0.000007 0.000000 0.038837 0.008033 1 0 1.000000
barracuda
  0 99.399628 14.487225 24.095062 1.000000 -0.000007 0.000000 0.038173 0.010868 1 0 1.000000
  0 99.399628 14.135084 23.746891 1.000000 -0.000007 0.000000 0.038837 0.008033 1 0 1.000000
  0 99.399628 14.712227 23.551846 1.000000 -0.000007 0.000000 0.041214 0.010868 1 0 1.000000
barracuda
  0 99.399628 14.712227 23.551846 1.000000 -0.000007 0.000000 0.041214 0.010868 1 0 1.000000
  0 99.399628 14.135084 23.746891 1.000000 -0.000007 0.000000 0.038837 0.008033 1 0 1.000000
  0 99.399628 14.320972 23.265579 1.000000 -0.000007 0.000000 0.042428 0.008305 1 0 1.000000
barracuda
  0 99.399628 14.320971 18.813957 1.000000 0.000000 0.000000 0.069778 0.008305 1 0 1.000000
  0 99.399628 14.712227 23.551846 1.000000 -0.000007 0.000000 0.041214 0.010868 1 0 1.000000
  0 99.399628 14.320972 23.265579 1.000000 -0.000007 0.000000 0.042428 0.008305 1 0 1.000000
barracuda
  0 99.399628 14.712227 18.527691 1.000000 0.000000 0.000000 0.070992 0.010868 1 0 1.000000
  0 99.399628 14.712227 23.551846 1.000000 -0.000007 0.000000 0.041214 0.010868 1 0 1.000000
  0 99.399628 14.320971 18.813957 1.000000 0.000000 0.000000 0.069778 0.008305 1 0 1.000000
barracuda
  0 99.399628 14.135084 18.332645 1.000000 0.000009 0.000000 0.073369 0.008033 1 0 1.000000
  0 99.399628 14.712227 18.527691 1.000000 0.000000 0.000000 0.070992 0.010868 1 0 1.000000
  0 99.399628 14.320971 18.813957 1.000000 0.000000 0.000000 0.069778 0.008305 1 0 1.000000
barracuda
  0 99.399628 14.487225 17.984474 1.000000 0.000009 0.000000 0.074033 0.010868 1 0 1.000000
  0 99.399628 14.712227 18.527691 1.000000 0.000000 0.000000 0.070992 0.010868 1 0 1.000000
  0 99.399628 14.135084 18.332645 1.000000 0.000009 0.000000 0.073369 0.008033 1 0 1.000000
barracuda
  0 99.399628 13.577326 17.734451 1.000000 0.000012 0.000000 0.078389 0.008047 1 0 1.000000
  0 99.399628 14.487225 17.984474 1.000000 0.000009 0.000000 0.074033 0.010868 1 0 1.000000
  0 99.399628 14.135084 18.332645 1.000000 0.000009 0.000000 0.073369 0.008033 1 0 1.000000
barracuda
  0 99.399628 13.812090 17.309341 0.713930 0.389025 -0.582206 0.078511 0.010868 1 0 1.000000
  0 99.399628 14.487225 17.984474 1.000000 0.000009 0.000000 0.074033 0.010868 1 0 1.000000
  0 99.399628 13.577326 17.734451 1.000000 0.000012 0.000000 0.078389 0.008047 1 0 1.000000
barracuda
  0 99.399628 13.128550 17.535088 1.000000 0.000000 0.000000 0.081864 0.008131 1 0 1.000000
  0 99.399628 13.812090 17.309341 0.713930 0.389025 -0.582206 0.078511 0.010868 1 0 1.000000
  0 99.399628 13.577326 17.734451 1.000000 0.000012 0.000000 0.078389 0.008047 1 0 1.000000
barracuda
  0 99.399628 13.268877 17.084335 0.454181 0.173814 -0.873790 0.081552 0.010868 1 0 1.000000
  0 99.399628 13.812090 17.309341 0.713930 0.389025 -0.582206 0.078511 0.010868 1 0 1.000000
  0 99.399628 13.128550 17.535088 1.000000 0.000000 0.000000 0.081864 0.008131 1 0 1.000000
barracuda
  0 99.399628 13.268877 17.084335 0.454181 0.173814 -0.873790 0.081552 0.010868 1 0 1.000000
  0 90.477020 13.812090 17.309341 0.000000 0.555569 -0.831470 0.078279 0.063909 1 0 1.000000
  0 99.399628 13.812090 17.309341 0.713930 0.389025 -0.582206 0.078511 0.010868 1 0 1.000000
barracuda
  0 99.399628 13.812090 17.309341 0.713930 0.389025 -0.582206 0.078511 0.010868 1 0 1.000000
  0 90.477020 13.812090 17.309341 0.000000 0.555569 -0.831470 0.078279 0.063909 1 0 1.000000
  0 99.399628 14.487225 17.984474 0.000000 0.831472 -0.555567 0.074033 0.010868 1 0 1.000000
barracuda
  0 99.399628 14.487225 17.984474 0.000000 0.831472 -0.555567 0.074033 0.010868 1 0 1.000000
  0 90.477020 13.812090 17.309341 0.000000 0.555569 -0.831470 0.078279 0.063909 1 0 1.000000
  0 90.477020 14.487225 17.984474 0.000000 0.831472 -0.555567 0.074265 0.063909 1 0 1.000000
barracuda
  0 90.477020 14.487225 17.984474 0.000000 0.831472 -0.555567 0.074265 0.063909 1 0 1.000000
  0 90.477020 14.712227 18.527691 0.000000 0.980786 -0.195085 0.071036 0.063909 1 0 1.000000
  0 99.399628 14.487225 17.984474 0.000000 0.831472 -0.555567 0.074033 0.010868 1 0 1.000000
barracuda
  0 99.399628 14.487225 17.984474 0.000000 0.831472 -0.555567 0.074033 0.010868 1 0 1.000000
  0 90.477020 14.712227 18.527691 0.000000 0.980786 -0.195085 0.071036 0.063909 1 0 1.000000
  0 99.399628 14.712227 18.527691 0.000000 0.980786 -0.195085 0.070992 0.010868 1 0 1.000000
barracuda
  0 90.477020 14.712227 18.527691 0.000000 0.980786 -0.195085 0.071036 0.063909 1 0 1.000000
  0 99.399628 14.712227 23.551846 0.000000 0.980786 0.195085 0.041214 0.010868 1 0 1.000000
  0 99.399628 14.712227 18.527691 0.000000 0.980786 -0.195085 0.070992 0.010868 1 0 1.000000
barracuda
  0 90.477020 14.712227 23.551846 0.000000 0.980786 0.195085 0.041170 0.063909 1 0 1.000000
  0 99.399628 14.712227 23.551846 0.000000 0.980786 0.195085 0.041214 0.010868 1 0 1.000000
  0 90.477020 14.712227 18.527691 0.000000 0.980786 -0.195085 0.071036 0.063909 1 0 1.000000
barracuda
  0 99.399628 13.812090 24.770187 0.713931 0.389019 0.582208 0.033694 0.010868 1 0 1.000000
  0 99.399628 13.577326 24.345085 1.000000 0.000004 0.000000 0.033817 0.008046 1 0 1.000000
  0 99.399628 14.487225 24.095062 1.000000 -0.000007 0.000000 0.038173 0.010868 1 0 1.000000
barracuda
  0 99.399628 13.812090 24.770187 0.713931 0.389019 0.582208 0.033694 0.010868 1 0 1.000000
  0 99.399628 13.268879 24.995193 0.454182 0.173808 0.873790 0.030653 0.010868 1 0 1.000000
  0 99.399628 13.577326 24.345085 1.000000 0.000004 0.000000 0.033817 0.008046 1 0 1.000000
barracuda
  0 99.399628 13.577326 24.345085 1.000000 0.000004 0.000000 0.033817 0.008046 1 0 1.000000
  0 99.399628 13.268879 24.995193 0.454182 0.173808 0.873790 0.030653 0.010868 1 0 1.000000
  0 99.399628 13.128551 24.544449 1.000000 0.000000 0.000000 0.030342 0.008130 1 0 1.000000
barracuda
  0 90.477020 14.712227 23.551846 0.000000 0.980786 0.195085 0.041170 0.063909 1 0 1.000000
  0 90.477020 14.487225 24.095062 0.000000 0.831470 0.555569 0.037940 0.063909 1 0 1.000000
  0 99.399628 14.712227 23.551846 0.000000 0.980786 0.195085 0.041214 0.010868 1 0 1.000000
barracuda
  0 99.399628 14.712227 23.551846 0.000000 0.980786 0.195085 0.041214 0.010868 1 0 1.000000
  0 90.477020 14.487225 24.095062 0.000000 0.831470 0.555569 0.037940 0.063909 1 0 1.000000
  0 99.399628 14.487225 24.095062 0.000000 0.831470 0.555569 0.038173 0.010868 1 0 1.000000
barracuda
  0 99.399628 14.487225 24.095062 0.000000 0.831470 0.555569 0.038173 0.010868 1 0 1.000000
  0 90.477020 14.487225 24.095062 0.000000 0.831470 0.555569 0.037940 0.063909 1 0 1.000000
  0 99.399628 13.812090 24.770187 0.713931 0.389019 0.582208 0.033694 0.010868 1 0 1.000000
barracuda
  0 99.399628 13.812090 24.770187 0.713931 0.389019 0.582208 0.033694 0.010868 1 0 1.000000
  0 90.477020 14.487225 24.095062 0.000000 0.831470 0.555569 0.037940 0.063909 1 0 1.000000
  0 90.477020 13.812090 24.770187 0.000000 0.555568 0.831471 0.033927 0.063909 1 0 1.000000
barracuda
  0 90.477020 13.812090 24.770187 0.000000 0.555568 0.831471 0.033927 0.063909 1 0 1.000000
  0 90.477020 13.268879 24.995193 0.000000 0.195091 0.980785 0.030698 0.063909 1 0 1.000000
  0 99.399628 13.812090 24.770187 0.713931 0.389019 0.582208 0.033694 0.010868 1 0 1.000000
barracuda
  0 99.399628 13.812090 24.770187 0.713931 0.389019 0.582208 0.033694 0.010868 1 0 1.000000
  0 90.477020 13.268879 24.995193 0.000000 0.195091 0.980785 0.030698 0.063909 1 0 1.000000
  0 99.399628 13.268879 24.995193 0.454182 0.173808 0.873790 0.030653 0.010868 1 0 1.000000
barracuda
  0 90.477020 13.268879 24.995193 0.000000 0.195091 0.980785 0.030698 0.063909 1 0 1.000000
  0 99.399628 11.654560 24.995193 0.000000 -0.195090 0.980785 0.021146 0.010868 1 0 1.000000
  0 99.399628 13.268879 24.995193 0.454182 0.173808 0.873790 0.030653 0.010868 1 0 1.000000
barracuda
  0 90.477020 11.654560 24.995193 0.000000 -0.195090 0.980785 0.021101 0.063909 1 0 1.000000
  0 99.399628 11.654560 24.995193 0.000000 -0.195090 0.980785 0.021146 0.010868 1 0 1.000000
  0 90.477020 13.268879 24.995193 0.000000 0.195091 0.980785 0.030698 0.063909 1 0 1.000000
barracuda
  0 90.477020 11.654560 24.995193 0.000000 -0.195090 0.980785 0.021101 0.063909 1 0 1.000000
  0 90.477020 11.111345 24.770187 0.000000 -0.555570 0.831470 0.017872 0.063909 1 0 1.000000
  0 99.399628 11.654560 24.995193 0.000000 -0.195090 0.980785 0.021146 0.010868 1 0 1.000000
barracuda
  0 99.399628 11.654560 24.995193 0.000000 -0.195090 0.980785 0.021146 0.010868 1 0 1.000000
  0 90.477020 11.111345 24.770187 0.000000 -0.555570 0.831470 0.017872 0.063909 1 0 1.000000
  0 99.399628 11.111345 24.770187 0.000000 -0.555570 0.831470 0.018105 0.010868 1 0 1.000000
barracuda
  0 99.399628 11.111345 24.770187 0.000000 -0.555570 0.831470 0.018105 0.010868 1 0 1.000000
  0 90.477020 11.111345 24.770187 0.000000 -0.555570 0.831470 0.017872 0.063909 1 0 1.000000
  0 99.399628 10.436218 24.095058 0.000000 -0.831470 0.555570 0.013626 0.010868 1 0 1.000000
barracuda
  0 99.399628 10.436218 24.095058 0.000000 -0.831470 0.555570 0.013626 0.010868 1 0 1.000000
  0 90.477020 11.111345 24.770187 0.000000 -0.555570 0.831470 0.017872 0.063909 1 0 1.000000
  0 90.477020 10.436218 24.095058 0.000000 -0.831470 0.555570 0.013859 0.063909 1 0 1.000000
barracuda
  0 90.477020 10.436218 24.095058 0.000000 -0.831470 0.555570 0.013859 0.063909 1 0 1.000000
  0 90.477020 10.211212 23.551846 0.000000 -0.980785 0.195091 0.010630 0.063909 1 0 1.000000
  0 99.399628 10.436218 24.095058 0.000000 -0.831470 0.555570 0.013626 0.010868 1 0 1.000000
barracuda
  0 99.399628 10.436218 24.095058 0.000000 -0.831470 0.555570 0.013626 0.010868 1 0 1.000000
  0 90.477020 10.211212 23.551846 0.000000 -0.980785 0.195091 0.010630 0.063909 1 0 1.000000
  0 99.399628 10.211212 23.551846 0.000000 -0.980785 0.195091 0.010563 0.010868 1 0 1.000000
barracuda
  0 99.399628 13.268879 24.995193 1.000000 0.000000 0.000000 0.030653 0.010868 1 0 1.000000
  0 99.399628 11.654560 24.995193 1.000000 0.000000 0.000000 0.021146 0.010868 1 0 1.000000
  0 99.399628 13.128551 24.544449 1.000000 0.000000 0.000000 0.030342 0.008130 1 0 1.000000
barracuda
  0 99.399628 13.128551 24.544449 1.000000 0.000000 0.000000 0.030342 0.008130 1 0 1.000000
  0 99.399628 11.654560 24.995193 1.000000 0.000000 0.000000 0.021146 0.010868 1 0 1.000000
  0 99.399628 11.794888 24.544449 1.000000 0.000000 0.000000 0.021457 0.008130 1 0 1.000000
barracuda
  0 99.399628 11.654560 24.995193 1.000000 0.000000 0.000000 0.021146 0.010868 1 0 1.000000
  0 99.399628 11.111345 24.770187 1.000000 0.000009 0.000000 0.018105 0.010868 1 0 1.000000
  0 99.399628 11.794888 24.544449 1.000000 0.000000 0.000000 0.021457 0.008130 1 0 1.000000
barracuda
  0 99.399628 11.794888 24.544449 1.000000 0.000000 0.000000 0.021457 0.008130 1 0 1.000000
  0 99.399628 11.111345 24.770187 1.000000 0.000009 0.000000 0.018105 0.010868 1 0 1.000000
  0 99.399628 11.346109 24.345085 1.000000 0.000009 0.000000 0.017982 0.008046 1 0 1.000000
barracuda
  0 99.399628 11.111345 24.770187 1.000000 0.000009 0.000000 0.018105 0.010868 1 0 1.000000
  0 99.399628 10.436218 24.095058 1.000000 0.000009 0.000000 0.013626 0.010868 1 0 1.000000
  0 99.399628 11.346109 24.345085 1.000000 0.000009 0.000000 0.017982 0.008046 1 0 1.000000
barracuda
  0 99.399628 11.346109 24.345085 1.000000 0.000009 0.000000 0.017982 0.008046 1 0 1.000000
  0 99.399628 10.436218 24.095058 1.000000 0.000009 0.000000 0.013626 0.010868 1 0 1.000000
  0 99.399628 10.788355 23.746895 1.000000 0.000009 0.000000 0.012962 0.008033 1 0 1.000000
barracuda
  0 99.399628 10.436218 24.095058 1.000000 0.000009 0.000000 0.013626 0.010868 1 0 1.000000
  0 99.399628 10.211212 23.551846 1.000000 0.000000 0.000000 0.010563 0.010868 1 0 1.000000
  0 99.399628 10.788355 23.746895 1.000000 0.000009 0.000000 0.012962 0.008033 1 0 1.000000
barracuda
  0 99.399628 10.788355 23.746895 1.000000 0.000009 0.000000 0.012962 0.008033 1 0 1.000000
  0 99.399628 10.211212 23.551846 1.000000 0.000000 0.000000 0.010563 0.010868 1 0 1.000000
  0 99.399628 10.602467 23.265579 1.000000 0.000000 0.000000 0.009814 0.008068 1 0 1.000000
barracuda
  0 -107.597595 24.077003 -31.956831 -0.951427 -0.307874 0.000000 0.120964 0.815690 1 0 1.000000
  0 -107.597595 24.457260 -30.537710 -0.951427 -0.266625 0.153938 0.122239 0.821416 1 0 1.000000
  0 -107.597595 24.457262 -33.375950 -0.951427 -0.266627 -0.153937 0.122714 0.810040 1 0 1.000000
barracuda
  0 -107.597595 24.457262 -33.375950 -0.951427 -0.266627 -0.153937 0.122714 0.810040 1 0 1.000000
  0 -107.597595 24.457260 -30.537710 -0.951427 -0.266625 0.153938 0.122239 0.821416 1 0 1.000000
  0 -107.597610 26.915247 -34.795074 -0.951426 0.000000 -0.307878 0.132791 0.804512 1 0 1.000000
barracuda
  0 -107.597610 25.496122 -34.414814 -0.951426 -0.153939 -0.266628 0.127028 0.805964 1 0 1.000000
  0 -107.597595 24.457262 -33.375950 -0.951427 -0.266627 -0.153937 0.122714 0.810040 1 0 1.000000
  0 -107.597610 26.915247 -34.795074 -0.951426 0.000000 -0.307878 0.132791 0.804512 1 0 1.000000
barracuda
  0 -106.710724 29.210264 -35.931911 -0.658315 0.376374 -0.651893 0.142456 0.799148 1 0 1.000000
  0 -107.597610 28.334368 -34.414814 -0.951426 0.153941 -0.266629 0.138533 0.806051 1 0 1.000000
  0 -106.710724 30.890329 -34.251842 -0.658317 0.651893 -0.376370 0.149609 0.806081 1 0 1.000000
barracuda
  0 -106.710724 29.210264 -35.931911 -0.658315 0.376374 -0.651893 0.142456 0.799148 1 0 1.000000
  0 -107.597610 26.915247 -34.795074 -0.951426 0.000000 -0.307878 0.132791 0.804512 1 0 1.000000
  0 -107.597610 28.334368 -34.414814 -0.951426 0.153941 -0.266629 0.138533 0.806051 1 0 1.000000
barracuda
  0 -106.710724 26.915245 -36.546867 -0.658314 0.000001 -0.752743 0.132845 0.796573 1 0 1.000000
  0 -107.597610 26.915247 -34.795074 -0.951426 0.000000 -0.307878 0.132791 0.804512 1 0 1.000000
  0 -106.710724 29.210264 -35.931911 -0.658315 0.376374 -0.651893 0.142456 0.799148 1 0 1.000000
barracuda
  0 -106.710724 26.915245 -36.546867 -0.658314 0.000001 -0.752743 0.132845 0.796573 1 0 1.000000
  0 -107.597610 25.496122 -34.414814 -0.951426 -0.153939 -0.266628 0.127028 0.805964 1 0 1.000000
  0 -107.597610 26.915247 -34.795074 -0.951426 0.000000 -0.307878 0.132791 0.804512 1 0 1.000000
barracuda
  0 -106.710724 24.620230 -35.931911 -0.658315 -0.376372 -0.651894 0.123184 0.799001 1 0 1.000000
  0 -107.597610 25.496122 -34.414814 -0.951426 -0.153939 -0.266628 0.127028 0.805964 1 0 1.000000
  0 -106.710724 26.915245 -36.546867 -0.658314 0.000001 -0.752743 0.132845 0.796573 1 0 1.000000
barracuda
  0 -106.710724 24.620230 -35.931911 -0.658315 -0.376372 -0.651894 0.123184 0.799001 1 0 1.000000
  0 -107.597595 24.457262 -33.375950 -0.951427 -0.266627 -0.153937 0.122714 0.810040 1 0 1.000000
  0 -107.597610 25.496122 -34.414814 -0.951426 -0.153939 -0.266628 0.127028 0.805964 1 0 1.000000
barracuda
  0 -106.710724 22.940161 -34.251846 -0.658318 -0.651892 -0.376371 0.115909 0.805862 1 0 1.000000
  0 -107.597595 24.457262 -33.375950 -0.951427 -0.266627 -0.153937 0.122714 0.810040 1 0 1.000000
  0 -106.710724 24.620230 -35.931911 -0.658315 -0.376372 -0.651894 0.123184 0.799001 1 0 1.000000
barracuda
  0 -106.710724 22.940161 -34.251846 -0.658318 -0.651892 -0.376371 0.115909 0.805862 1 0 1.000000
  0 -107.597595 24.077003 -31.956831 -0.951427 -0.307874 0.000000 0.120964 0.815690 1 0 1.000000
  0 -107.597595 24.457262 -33.375950 -0.951427 -0.266627 -0.153937 0.122714 0.810040 1 0 1.000000
barracuda
  0 -106.710724 22.325211 -31.956831 -0.658317 -0.752741 0.000000 0.112932 0.815487 1 0 1.000000
  0 -107.597595 24.077003 -31.956831 -0.951427 -0.307874 0.000000 0.120964 0.815690 1 0 1.000000
  0 -106.710724 22.940161 -34.251846 -0.658318 -0.651892 -0.376371 0.115909 0.805862 1 0 1.000000
barracuda
  0 -106.710724 22.325211 -31.956831 -0.658317 -0.752741 0.000000 0.112932 0.815487 1 0 1.000000
  0 -107.597595 24.457260 -30.537710 -0.951427 -0.266625 0.153938 0.122239 0.821416 1 0 1.000000
  0 -107.597595 24.077003 -31.956831 -0.951427 -0.307874 0.000000 0.120964 0.815690 1 0 1.000000
barracuda
  0 -106.710724 22.940163 -29.661812 -0.658317 -0.651892 0.376371 0.115199 0.825441 1 0 1.000000
  0 -107.597595 24.457260 -30.537710 -0.951427 -0.266625 0.153938 0.122239 0.821416 1 0 1.000000
  0 -106.710724 22.325211 -31.956831 -0.658317 -0.752741 0.000000 0.112932 0.815487 1 0 1.000000
barracuda
  0 -106.710724 22.940163 -29.661812 -0.658317 -0.651892 0.376371 0.115199 0.825441 1 0 1.000000
  0 -107.597595 25.496124 -29.498846 -0.951427 -0.153935 0.266628 0.126167 0.825625 1 0 1.000000
  0 -107.597595 24.457260 -30.537710 -0.951427 -0.266625 0.153938 0.122239 0.821416 1 0 1.000000
barracuda
  0 -106.710724 24.620228 -27.981747 -0.658316 -0.376371 0.651893 0.122444 0.833010 1 0 1.000000
  0 -107.597595 25.496124 -29.498846 -0.951427 -0.153935 0.266628 0.126167 0.825625 1 0 1.000000
  0 -106.710724 22.940163 -29.661812 -0.658317 -0.651892 0.376371 0.115199 0.825441 1 0 1.000000
barracuda
  0 -106.710724 24.620228 -27.981747 -0.658316 -0.376371 0.651893 0.122444 0.833010 1 0 1.000000
  0 -107.597595 26.915245 -29.118586 -0.951426 -0.000001 0.307876 0.133713 0.827647 1 0 1.000000
  0 -107.597595 25.496124 -29.498846 -0.951427 -0.153935 0.266628 0.126167 0.825625 1 0 1.000000
barracuda
  0 -106.710724 26.915245 -27.366795 -0.658315 -0.000001 0.752742 0.133245 0.835904 1 0 1.000000
  0 -107.597595 26.915245 -29.118586 -0.951426 -0.000001 0.307876 0.133713 0.827647 1 0 1.000000
  0 -106.710724 24.620228 -27.981747 -0.658316 -0.376371 0.651893 0.122444 0.833010 1 0 1.000000
barracuda
  0 -106.710724 26.915245 -27.366795 -0.658315 -0.000001 0.752742 0.133245 0.835904 1 0 1.000000
  0 -107.597610 28.334362 -29.498846 -0.951427 0.153936 0.266629 0.139219 0.825965 1 0 1.000000
  0 -107.597595 26.915245 -29.118586 -0.951426 -0.000001 0.307876 0.133713 0.827647 1 0 1.000000
barracuda
  0 -106.710724 29.210258 -27.981745 -0.658315 0.376371 0.651894 0.143303 0.832971 1 0 1.000000
  0 -107.597610 28.334362 -29.498846 -0.951427 0.153936 0.266629 0.139219 0.825965 1 0 1.000000
  0 -106.710724 26.915245 -27.366795 -0.658315 -0.000001 0.752742 0.133245 0.835904 1 0 1.000000
barracuda
  0 -106.710724 29.210258 -27.981745 -0.658315 0.376371 0.651894 0.143303 0.832971 1 0 1.000000
  0 -107.597595 29.373230 -30.537710 -0.951427 0.266627 0.153938 0.143187 0.821644 1 0 1.000000
  0 -107.597610 28.334362 -29.498846 -0.951427 0.153936 0.266629 0.139219 0.825965 1 0 1.000000
barracuda
  0 -107.597610 28.334362 -29.498846 -0.951427 0.153936 0.266629 0.139219 0.825965 1 0 1.000000
  0 -107.597595 29.373230 -30.537710 -0.951427 0.266627 0.153938 0.143187 0.821644 1 0 1.000000
  0 -107.597595 26.915245 -29.118586 -0.951426 -0.000001 0.307876 0.133713 0.827647 1 0 1.000000
barracuda
  0 -106.710724 30.890331 -29.661812 -0.658316 0.651894 0.376371 0.150244 0.825484 1 0 1.000000
  0 -107.597595 29.373230 -30.537710 -0.951427 0.266627 0.153938 0.143187 0.821644 1 0 1.000000
  0 -106.710724 29.210258 -27.981745 -0.658315 0.376371 0.651894 0.143303 0.832971 1 0 1.000000
barracuda
  0 -106.710724 30.890331 -29.661812 -0.658316 0.651894 0.376371 0.150244 0.825484 1 0 1.000000
  0 -107.597595 29.753487 -31.956831 -0.951427 0.307874 0.000000 0.144495 0.815876 1 0 1.000000
  0 -107.597595 29.373230 -30.537710 -0.951427 0.266627 0.153938 0.143187 0.821644 1 0 1.000000
barracuda
  0 -106.710724 31.505280 -31.956831 -0.658316 0.752741 0.000000 0.152478 0.815660 1 0 1.000000
  0 -107.597595 29.753487 -31.956831 -0.951427 0.307874 0.000000 0.144495 0.815876 1 0 1.000000
  0 -106.710724 30.890331 -29.661812 -0.658316 0.651894 0.376371 0.150244 0.825484 1 0 1.000000
barracuda
  0 -106.710724 31.505280 -31.956831 -0.658316 0.752741 0.000000 0.152478 0.815660 1 0 1.000000
  0 -107.597595 29.373228 -33.375946 -0.951427 0.266628 -0.153937 0.142797 0.810190 1 0 1.000000
  0 -107.597595 29.753487 -31.956831 -0.951427 0.307874 0.000000 0.144495 0.815876 1 0 1.000000
barracuda
  0 -106.710724 30.890329 -34.251842 -0.658317 0.651893 -0.376370 0.149609 0.806081 1 0 1.000000
  0 -107.597595 29.373228 -33.375946 -0.951427 0.266628 -0.153937 0.142797 0.810190 1 0 1.000000
  0 -106.710724 31.505280 -31.956831 -0.658316 0.752741 0.000000 0.152478 0.815660 1 0 1.000000
barracuda
  0 -106.710724 30.890329 -34.251842 -0.658317 0.651893 -0.376370 0.149609 0.806081 1 0 1.000000
  0 -107.597610 28.334368 -34.414814 -0.951426 0.153941 -0.266629 0.138533 0.806051 1 0 1.000000
  0 -107.597595 29.373228 -33.375946 -0.951427 0.266628 -0.153937 0.142797 0.810190 1 0 1.000000
barracuda
  0 -107.597610 28.334368 -34.414814 -0.951426 0.153941 -0.266629 0.138533 0.806051 1 0 1.000000
  0 -107.597610 26.915247 -34.795074 -0.951426 0.000000 -0.307878 0.132791 0.804512 1 0 1.000000
  0 -107.597595 29.373228 -33.375946 -0.951427 0.266628 -0.153937 0.142797 0.810190 1 0 1.000000
barracuda
  0 -107.597595 29.373228 -33.375946 -0.951427 0.266628 -0.153937 0.142797 0.810190 1 0 1.000000
  0 -107.597610 26.915247 -34.795074 -0.951426 0.000000 -0.307878 0.132791 0.804512 1 0 1.000000
  0 -107.597595 29.373230 -30.537710 -0.951427 0.266627 0.153938 0.143187 0.821644 1 0 1.000000
barracuda
  0 -107.597595 24.457260 -30.537710 -0.951427 -0.266625 0.153938 0.122239 0.821416 1 0 1.000000
  0 -107.597595 29.373230 -30.537710 -0.951427 0.266627 0.153938 0.143187 0.821644 1 0 1.000000
  0 -107.597610 26.915247 -34.795074 -0.951426 0.000000 -0.307878 0.132791 0.804512 1 0 1.000000
barracuda
  0 -107.597595 26.915245 -29.118586 -0.951426 -0.000001 0.307876 0.133713 0.827647 1 0 1.000000
  0 -107.597595 29.373230 -30.537710 -0.951427 0.266627 0.153938 0.143187 0.821644 1 0 1.000000
  0 -107.597595 24.457260 -30.537710 -0.951427 -0.266625 0.153938 0.122239 0.821416 1 0 1.000000
barracuda
  0 -107.597595 25.496124 -29.498846 -0.951427 -0.153935 0.266628 0.126167 0.825625 1 0 1.000000
  0 -107.597595 26.915245 -29.118586 -0.951426 -0.000001 0.307876 0.133713 0.827647 1 0 1.000000
  0 -107.597595 24.457260 -30.537710 -0.951427 -0.266625 0.153938 0.122239 0.821416 1 0 1.000000
barracuda
  0 -107.597595 29.753487 -31.956831 -0.951427 0.307874 0.000000 0.144495 0.815876 1 0 1.000000
  0 -107.597595 29.373228 -33.375946 -0.951427 0.266628 -0.153937 0.142797 0.810190 1 0 1.000000
  0 -107.597595 29.373230 -30.537710 -0.951427 0.266627 0.153938 0.143187 0.821644 1 0 1.000000
barracuda
  0 -106.710724 22.940163 -29.661812 -0.658317 -0.651892 0.376371 0.115199 0.825441 1 0 1.000000
  0 -105.463516 22.575977 -29.451550 -0.319500 -0.820634 0.473793 0.109816 0.828367 1 0 1.000000
  0 -106.710724 24.620228 -27.981747 -0.658316 -0.376371 0.651893 0.122444 0.833010 1 0 1.000000
barracuda
  0 -106.710724 22.940163 -29.661812 -0.658317 -0.651892 0.376371 0.115199 0.825441 1 0 1.000000
  0 -105.463516 21.904686 -31.956831 -0.319502 -0.947586 0.000000 0.106933 0.815270 1 0 1.000000
  0 -105.463516 22.575977 -29.451550 -0.319500 -0.820634 0.473793 0.109816 0.828367 1 0 1.000000
barracuda
  0 -106.710724 22.325211 -31.956831 -0.658317 -0.752741 0.000000 0.112932 0.815487 1 0 1.000000
  0 -105.463516 21.904686 -31.956831 -0.319502 -0.947586 0.000000 0.106933 0.815270 1 0 1.000000
  0 -106.710724 22.940163 -29.661812 -0.658317 -0.651892 0.376371 0.115199 0.825441 1 0 1.000000
barracuda
  0 -106.710724 22.325211 -31.956831 -0.658317 -0.752741 0.000000 0.112932 0.815487 1 0 1.000000
  0 -105.463531 22.575977 -34.462112 -0.319503 -0.820632 -0.473794 0.110875 0.802730 1 0 1.000000
  0 -105.463516 21.904686 -31.956831 -0.319502 -0.947586 0.000000 0.106933 0.815270 1 0 1.000000
barracuda
  0 -106.710724 22.940161 -34.251846 -0.658318 -0.651892 -0.376371 0.115909 0.805862 1 0 1.000000
  0 -105.463531 22.575977 -34.462112 -0.319503 -0.820632 -0.473794 0.110875 0.802730 1 0 1.000000
  0 -106.710724 22.325211 -31.956831 -0.658317 -0.752741 0.000000 0.112932 0.815487 1 0 1.000000
barracuda
  0 -106.710724 22.940161 -34.251846 -0.658318 -0.651892 -0.376371 0.115909 0.805862 1 0 1.000000
  0 -105.463516 24.409969 -36.296101 -0.319501 -0.473793 -0.820633 0.120353 0.793838 1 0 1.000000
  0 -105.463531 22.575977 -34.462112 -0.319503 -0.820632 -0.473794 0.110875 0.802730 1 0 1.000000
barracuda
  0 -106.710724 24.620230 -35.931911 -0.658315 -0.376372 -0.651894 0.123184 0.799001 1 0 1.000000
  0 -105.463516 24.409969 -36.296101 -0.319501 -0.473793 -0.820633 0.120353 0.793838 1 0 1.000000
  0 -106.710724 22.940161 -34.251846 -0.658318 -0.651892 -0.376371 0.115909 0.805862 1 0 1.000000
barracuda
  0 -106.710724 24.620230 -35.931911 -0.658315 -0.376372 -0.651894 0.123184 0.799001 1 0 1.000000
  0 -105.463516 26.915247 -36.967388 -0.319501 0.000001 -0.947586 0.132890 0.790703 1 0 1.000000
  0 -105.463516 24.409969 -36.296101 -0.319501 -0.473793 -0.820633 0.120353 0.793838 1 0 1.000000
barracuda
  0 -106.710724 26.915245 -36.546867 -0.658314 0.000001 -0.752743 0.132845 0.796573 1 0 1.000000
  0 -105.463516 26.915247 -36.967388 -0.319501 0.000001 -0.947586 0.132890 0.790703 1 0 1.000000
  0 -106.710724 24.620230 -35.931911 -0.658315 -0.376372 -0.651894 0.123184 0.799001 1 0 1.000000
barracuda
  0 -106.710724 26.915245 -36.546867 -0.658314 0.000001 -0.752743 0.132845 0.796573 1 0 1.000000
  0 -105.463516 29.420525 -36.296101 -0.319502 0.473795 -0.820632 0.145351 0.794042 1 0 1.000000
  0 -105.463516 26.915247 -36.967388 -0.319501 0.000001 -0.947586 0.132890 0.790703 1 0 1.000000
barracuda
  0 -106.710724 29.210264 -35.931911 -0.658315 0.376374 -0.651893 0.142456 0.799148 1 0 1.000000
  0 -105.463516 29.420525 -36.296101 -0.319502 0.473795 -0.820632 0.145351 0.794042 1 0 1.000000
  0 -106.710724 26.915245 -36.546867 -0.658314 0.000001 -0.752743 0.132845 0.796573 1 0 1.000000
barracuda
  0 -106.710724 29.210264 -35.931911 -0.658315 0.376374 -0.651893 0.142456 0.799148 1 0 1.000000
  0 -105.463516 31.254517 -34.462105 -0.319502 0.820633 -0.473793 0.154641 0.803025 1 0 1.000000
  0 -105.463516 29.420525 -36.296101 -0.319502 0.473795 -0.820632 0.145351 0.794042 1 0 1.000000
barracuda
  0 -106.710724 30.890329 -34.251842 -0.658317 0.651893 -0.376370 0.149609 0.806081 1 0 1.000000
  0 -105.463516 31.254517 -34.462105 -0.319502 0.820633 -0.473793 0.154641 0.803025 1 0 1.000000
  0 -106.710724 29.210264 -35.931911 -0.658315 0.376374 -0.651893 0.142456 0.799148 1 0 1.000000
barracuda
  0 -106.710724 30.890329 -34.251842 -0.658317 0.651893 -0.376370 0.149609 0.806081 1 0 1.000000
  0 -105.463516 31.925800 -31.956831 -0.319500 0.947586 0.000000 0.158404 0.815465 1 0 1.000000
  0 -105.463516 31.254517 -34.462105 -0.319502 0.820633 -0.473793 0.154641 0.803025 1 0 1.000000
barracuda
  0 -106.710724 31.505280 -31.956831 -0.658316 0.752741 0.000000 0.152478 0.815660 1 0 1.000000
  0 -105.463516 31.925800 -31.956831 -0.319500 0.947586 0.000000 0.158404 0.815465 1 0 1.000000
  0 -106.710724 30.890329 -34.251842 -0.658317 0.651893 -0.376370 0.149609 0.806081 1 0 1.000000
barracuda
  0 -106.710724 31.505280 -31.956831 -0.658316 0.752741 0.000000 0.152478 0.815660 1 0 1.000000
  0 -105.463516 31.254513 -29.451550 -0.319499 0.820634 0.473793 0.155548 0.828296 1 0 1.000000
  0 -105.463516 31.925800 -31.956831 -0.319500 0.947586 0.000000 0.158404 0.815465 1 0 1.000000
barracuda
  0 -106.710724 30.890331 -29.661812 -0.658316 0.651894 0.376371 0.150244 0.825484 1 0 1.000000
  0 -105.463516 31.254513 -29.451550 -0.319499 0.820634 0.473793 0.155548 0.828296 1 0 1.000000
  0 -106.710724 31.505280 -31.956831 -0.658316 0.752741 0.000000 0.152478 0.815660 1 0 1.000000
barracuda
  0 -106.710724 30.890331 -29.661812 -0.658316 0.651894 0.376371 0.150244 0.825484 1 0 1.000000
  0 -105.463516 29.420521 -27.617559 -0.319499 0.473795 0.820633 0.146502 0.838197 1 0 1.000000
  0 -105.463516 31.254513 -29.451550 -0.319499 0.820634 0.473793 0.155548 0.828296 1 0 1.000000
barracuda
  0 -106.710724 29.210258 -27.981745 -0.658315 0.376371 0.651894 0.143303 0.832971 1 0 1.000000
  0 -105.463516 29.420521 -27.617559 -0.319499 0.473795 0.820633 0.146502 0.838197 1 0 1.000000
  0 -106.710724 30.890331 -29.661812 -0.658316 0.651894 0.376371 0.150244 0.825484 1 0 1.000000
barracuda
  0 -106.710724 29.210258 -27.981745 -0.658315 0.376371 0.651894 0.143303 0.832971 1 0 1.000000
  0 -105.463516 26.915245 -26.946272 -0.319499 0.000000 0.947587 0.133241 0.842213 1 0 1.000000
  0 -105.463516 29.420521 -27.617559 -0.319499 0.473795 0.820633 0.146502 0.838197 1 0 1.000000
barracuda
  0 -106.710724 26.915245 -27.366795 -0.658315 -0.000001 0.752742 0.133245 0.835904 1 0 1.000000
  0 -105.463516 26.915245 -26.946272 -0.319499 0.000000 0.947587 0.133241 0.842213 1 0 1.000000
  0 -106.710724 29.210258 -27.981745 -0.658315 0.376371 0.651894 0.143303 0.832971 1 0 1.000000
barracuda
  0 -106.710724 26.915245 -27.366795 -0.658315 -0.000001 0.752742 0.133245 0.835904 1 0 1.000000
  0 -105.463516 24.409966 -27.617561 -0.319499 -0.473795 0.820633 0.119293 0.838476 1 0 1.000000
  0 -105.463516 26.915245 -26.946272 -0.319499 0.000000 0.947587 0.133241 0.842213 1 0 1.000000
barracuda
  0 -106.710724 24.620228 -27.981747 -0.658316 -0.376371 0.651893 0.122444 0.833010 1 0 1.000000
  0 -105.463516 24.409966 -27.617561 -0.319499 -0.473795 0.820633 0.119293 0.838476 1 0 1.000000
  0 -106.710724 26.915245 -27.366795 -0.658315 -0.000001 0.752742 0.133245 0.835904 1 0 1.000000
barracuda
  0 -106.710724 24.620228 -27.981747 -0.658316 -0.376371 0.651893 0.122444 0.833010 1 0 1.000000
  0 -105.463516 22.575977 -29.451550 -0.319500 -0.820634 0.473793 0.109816 0.828367 1 0 1.000000
  0 -105.463516 24.409966 -27.617561 -0.319499 -0.473795 0.820633 0.119293 0.838476 1 0 1.000000
barracuda
  0 90.477020 10.211212 23.551846 0.000000 -0.980785 0.195091 0.131443 0.063909 1 0 1.000000
  0 99.399628 10.211212 18.527691 0.000000 -0.980785 -0.195091 0.101621 0.010868 1 0 1.000000
  0 99.399628 10.211212 23.551846 0.000000 -0.980785 0.195091 0.131443 0.010868 1 0 1.000000
barracuda
  0 90.477020 10.211212 18.527691 0.000000 -0.980785 -0.195091 0.101576 0.063909 1 0 1.000000
  0 99.399628 10.211212 18.527691 0.000000 -0.980785 -0.195091 0.101621 0.010868 1 0 1.000000
  0 90.477020 10.211212 23.551846 0.000000 -0.980785 0.195091 0.131443 0.063909 1 0 1.000000
barracuda
  0 90.477020 10.211212 18.527691 0.000000 -0.980785 -0.195091 0.101576 0.063909 1 0 1.000000
  0 90.477020 10.436218 17.984478 0.000000 -0.831471 -0.555568 0.098347 0.063909 1 0 1.000000
  0 99.399628 10.211212 18.527691 0.000000 -0.980785 -0.195091 0.101621 0.010868 1 0 1.000000
barracuda
  0 99.399628 10.211212 18.527691 0.000000 -0.980785 -0.195091 0.101621 0.010868 1 0 1.000000
  0 90.477020 10.436218 17.984478 0.000000 -0.831471 -0.555568 0.098347 0.063909 1 0 1.000000
  0 99.399628 10.436218 17.984478 0.000000 -0.831471 -0.555568 0.098580 0.010868 1 0 1.000000
barracuda
  0 99.399628 10.436218 17.984478 0.000000 -0.831471 -0.555568 0.098580 0.010868 1 0 1.000000
  0 90.477020 10.436218 17.984478 0.000000 -0.831471 -0.555568 0.098347 0.063909 1 0 1.000000
  0 99.399628 11.111345 17.309341 0.000000 -0.555573 -0.831468 0.094101 0.010868 1 0 1.000000
barracuda
  0 99.399628 11.111345 17.309341 0.000000 -0.555573 -0.831468 0.094101 0.010868 1 0 1.000000
  0 90.477020 10.436218 17.984478 0.000000 -0.831471 -0.555568 0.098347 0.063909 1 0 1.000000
  0 90.477020 11.111345 17.309341 0.000000 -0.555573 -0.831468 0.094334 0.063909 1 0 1.000000
barracuda
  0 90.477020 11.111345 17.309341 0.000000 -0.555573 -0.831468 0.094334 0.063909 1 0 1.000000
  0 90.477020 11.654558 17.084335 0.000000 -0.195090 -0.980785 0.091104 0.063909 1 0 1.000000
  0 99.399628 11.111345 17.309341 0.000000 -0.555573 -0.831468 0.094101 0.010868 1 0 1.000000
barracuda
  0 99.399628 11.111345 17.309341 0.000000 -0.555573 -0.831468 0.094101 0.010868 1 0 1.000000
  0 90.477020 11.654558 17.084335 0.000000 -0.195090 -0.980785 0.091104 0.063909 1 0 1.000000
  0 99.399628 11.654558 17.084335 0.000000 -0.195090 -0.980785 0.091060 0.010868 1 0 1.000000
barracuda
  0 90.477020 11.654558 17.084335 0.000000 -0.195090 -0.980785 0.091104 0.063909 1 0 1.000000
  0 99.399628 13.268877 17.084335 0.454181 0.173814 -0.873790 0.081552 0.010868 1 0 1.000000
  0 99.399628 11.654558 17.084335 0.000000 -0.195090 -0.980785 0.091060 0.010868 1 0 1.000000
barracuda
  0 90.477020 13.268877 17.084335 0.000000 0.195090 -0.980785 0.081508 0.063909 1 0 1.000000
  0 99.399628 13.268877 17.084335 0.454181 0.173814 -0.873790 0.081552 0.010868 1 0 1.000000
  0 90.477020 11.654558 17.084335 0.000000 -0.195090 -0.980785 0.091104 0.063909 1 0 1.000000
barracuda
  0 90.477020 13.268877 17.084335 0.000000 0.195090 -0.980785 0.081508 0.063909 1 0 1.000000
  0 90.477020 13.812090 17.309341 0.000000 0.555569 -0.831470 0.078279 0.063909 1 0 1.000000
  0 99.399628 13.268877 17.084335 0.454181 0.173814 -0.873790 0.081552 0.010868 1 0 1.000000
barracuda
  0 -109.736450 17.546026 14.565632 0.881888 -0.122022 -0.455395 0.115172 0.860897 1 0 1.000000
  0 -109.736450 18.536345 14.830986 0.881887 0.333375 -0.333372 0.113648 0.858123 1 0 1.000000
  0 -109.736450 18.801702 15.821304 0.881887 0.455396 0.122023 0.115236 0.854138 1 0 1.000000
barracuda
  0 -109.736450 17.086422 16.280910 0.881888 -0.333372 0.333372 0.120281 0.857438 1 0 1.000000
  0 -109.736450 17.546026 14.565632 0.881888 -0.122022 -0.455395 0.115172 0.860897 1 0 1.000000
  0 -109.736450 18.801702 15.821304 0.881887 0.455396 0.122023 0.115236 0.854138 1 0 1.000000
barracuda
  0 -109.736450 16.821068 15.290592 0.881890 -0.455390 -0.122021 0.118572 0.860790 1 0 1.000000
  0 -109.736450 17.546026 14.565632 0.881888 -0.122022 -0.455395 0.115172 0.860897 1 0 1.000000
  0 -109.736450 17.086422 16.280910 0.881888 -0.333372 0.333372 0.120281 0.857438 1 0 1.000000
barracuda
  0 -110.800781 18.950783 17.529446 0.564450 0.410260 0.716298 0.119270 0.849085 1 0 1.000000
  0 -110.800781 17.811384 17.834747 0.564451 0.002858 0.825462 0.123046 0.851297 1 0 1.000000
  0 -109.736450 18.076740 16.546265 0.881887 0.122025 0.455395 0.119042 0.854136 1 0 1.000000
barracuda
  0 -110.800781 17.811384 17.834747 0.564451 0.002858 0.825462 0.123046 0.851297 1 0 1.000000
  0 -110.800781 16.671984 17.529449 0.564450 -0.415205 0.713443 0.125178 0.855129 1 0 1.000000
  0 -109.736450 18.076740 16.546265 0.881887 0.122025 0.455395 0.119042 0.854136 1 0 1.000000
barracuda
  0 -109.736450 18.076740 16.546265 0.881887 0.122025 0.455395 0.119042 0.854136 1 0 1.000000
  0 -110.800781 16.671984 17.529449 0.564450 -0.415205 0.713443 0.125178 0.855129 1 0 1.000000
  0 -109.736450 17.086422 16.280910 0.881888 -0.333372 0.333372 0.120281 0.857438 1 0 1.000000
barracuda
  0 -110.800781 16.671984 17.529449 0.564450 -0.415205 0.713443 0.125178 0.855129 1 0 1.000000
  0 -110.800781 15.837885 16.695351 0.564451 -0.713442 0.415206 0.125255 0.859580 1 0 1.000000
  0 -109.736450 17.086422 16.280910 0.881888 -0.333372 0.333372 0.120281 0.857438 1 0 1.000000
barracuda
  0 -110.800781 15.837885 16.695351 0.564451 -0.713442 0.415206 0.125255 0.859580 1 0 1.000000
  0 -110.800766 15.532583 15.555950 0.564452 -0.825461 -0.002854 0.123228 0.863557 1 0 1.000000
  0 -109.736450 17.086422 16.280910 0.881888 -0.333372 0.333372 0.120281 0.857438 1 0 1.000000
barracuda
  0 -109.736450 17.086422 16.280910 0.881888 -0.333372 0.333372 0.120281 0.857438 1 0 1.000000
  0 -110.800766 15.532583 15.555950 0.564452 -0.825461 -0.002854 0.123228 0.863557 1 0 1.000000
  0 -109.736450 16.821068 15.290592 0.881890 -0.455390 -0.122021 0.118572 0.860790 1 0 1.000000
barracuda
  0 -110.800766 15.532583 15.555950 0.564452 -0.825461 -0.002854 0.123228 0.863557 1 0 1.000000
  0 -110.800766 15.837885 14.416550 0.564453 -0.716296 -0.410259 0.119580 0.866109 1 0 1.000000
  0 -109.736450 16.821068 15.290592 0.881890 -0.455390 -0.122021 0.118572 0.860790 1 0 1.000000
barracuda
  0 -110.800766 15.837885 14.416550 0.564453 -0.716296 -0.410259 0.119580 0.866109 1 0 1.000000
  0 -110.800781 16.671984 13.582451 0.564451 -0.410258 -0.716299 0.115226 0.866635 1 0 1.000000
  0 -109.736450 16.821068 15.290592 0.881890 -0.455390 -0.122021 0.118572 0.860790 1 0 1.000000
barracuda
  0 -109.736450 16.821068 15.290592 0.881890 -0.455390 -0.122021 0.118572 0.860790 1 0 1.000000
  0 -110.800781 16.671984 13.582451 0.564451 -0.410258 -0.716299 0.115226 0.866635 1 0 1.000000
  0 -109.736450 17.546026 14.565632 0.881888 -0.122022 -0.455395 0.115172 0.860897 1 0 1.000000
barracuda
  0 -110.800781 16.671984 13.582451 0.564451 -0.410258 -0.716299 0.115226 0.866635 1 0 1.000000
  0 -110.800781 17.811384 13.277149 0.564451 -0.002857 -0.825461 0.111217 0.864878 1 0 1.000000
  0 -109.736450 17.546026 14.565632 0.881888 -0.122022 -0.455395 0.115172 0.860897 1 0 1.000000
barracuda
  0 -110.800781 17.811384 13.277149 0.564451 -0.002857 -0.825461 0.111217 0.864878 1 0 1.000000
  0 -110.800781 18.950783 13.582451 0.564451 0.415206 -0.713442 0.108689 0.861347 1 0 1.000000
  0 -109.736450 17.546026 14.565632 0.881888 -0.122022 -0.455395 0.115172 0.860897 1 0 1.000000
barracuda
  0 -109.736450 17.546026 14.565632 0.881888 -0.122022 -0.455395 0.115172 0.860897 1 0 1.000000
  0 -110.800781 18.950783 13.582451 0.564451 0.415206 -0.713442 0.108689 0.861347 1 0 1.000000
  0 -109.736450 18.536345 14.830986 0.881887 0.333375 -0.333372 0.113648 0.858123 1 0 1.000000
barracuda
  0 -110.800781 18.950783 13.582451 0.564451 0.415206 -0.713442 0.108689 0.861347 1 0 1.000000
  0 -110.800781 19.784880 14.416550 0.564451 0.713443 -0.415204 0.108517 0.856561 1 0 1.000000
  0 -109.736450 18.536345 14.830986 0.881887 0.333375 -0.333372 0.113648 0.858123 1 0 1.000000
barracuda
  0 -110.800781 19.784880 14.416550 0.564451 0.713443 -0.415204 0.108517 0.856561 1 0 1.000000
  0 -110.800781 20.090183 15.555946 0.564451 0.825461 0.002855 0.110953 0.851785 1 0 1.000000
  0 -109.736450 18.536345 14.830986 0.881887 0.333375 -0.333372 0.113648 0.858123 1 0 1.000000
barracuda
  0 -109.736450 18.536345 14.830986 0.881887 0.333375 -0.333372 0.113648 0.858123 1 0 1.000000
  0 -110.800781 20.090183 15.555946 0.564451 0.825461 0.002855 0.110953 0.851785 1 0 1.000000
  0 -109.736450 18.801702 15.821304 0.881887 0.455396 0.122023 0.115236 0.854138 1 0 1.000000
barracuda
  0 -110.800781 20.090183 15.555946 0.564451 0.825461 0.002855 0.110953 0.851785 1 0 1.000000
  0 -110.800781 19.784882 16.695347 0.564452 0.716298 0.410258 0.114927 0.849112 1 0 1.000000
  0 -109.736450 18.801702 15.821304 0.881887 0.455396 0.122023 0.115236 0.854138 1 0 1.000000
barracuda
  0 -109.736450 18.076740 16.546265 0.881887 0.122025 0.455395 0.119042 0.854136 1 0 1.000000
  0 -109.736450 17.086422 16.280910 0.881888 -0.333372 0.333372 0.120281 0.857438 1 0 1.000000
  0 -109.736450 18.801702 15.821304 0.881887 0.455396 0.122023 0.115236 0.854138 1 0 1.000000
barracuda
  0 -109.736450 18.801702 15.821304 0.881887 0.455396 0.122023 0.115236 0.854138 1 0 1.000000
  0 -110.800781 18.950783 17.529446 0.564450 0.410260 0.716298 0.119270 0.849085 1 0 1.000000
  0 -109.736450 18.076740 16.546265 0.881887 0.122025 0.455395 0.119042 0.854136 1 0 1.000000
barracuda
  0 -110.800781 19.784882 16.695347 0.564452 0.716298 0.410258 0.114927 0.849112 1 0 1.000000
  0 -110.800781 18.950783 17.529446 0.564450 0.410260 0.716298 0.119270 0.849085 1 0 1.000000
  0 -109.736450 18.801702 15.821304 0.881887 0.455396 0.122023 0.115236 0.854138 1 0 1.000000
barracuda
  0 -110.800781 18.950783 17.529446 0.564450 0.410260 0.716298 0.119270 0.849085 1 0 1.000000
  0 -110.800781 19.784882 16.695347 0.564452 0.716298 0.410258 0.114927 0.849112 1 0 1.000000
  0 -112.179672 19.175583 17.918804 0.309996 0.475368 0.823364 0.120743 0.843107 1 0 1.000000
barracuda
  0 -112.179672 19.175583 17.918804 0.309996 0.475368 0.823364 0.120743 0.843107 1 0 1.000000
  0 -110.800781 19.784882 16.695347 0.564452 0.716298 0.410258 0.114927 0.849112 1 0 1.000000
  0 -112.179657 20.174244 16.920143 0.309996 0.823362 0.475370 0.112935 0.843138 1 0 1.000000
barracuda
  0 -110.800781 19.784882 16.695347 0.564452 0.716298 0.410258 0.114927 0.849112 1 0 1.000000
  0 -110.800781 20.090183 15.555946 0.564451 0.825461 0.002855 0.110953 0.851785 1 0 1.000000
  0 -112.179657 20.174244 16.920143 0.309996 0.823362 0.475370 0.112935 0.843138 1 0 1.000000
barracuda
  0 -112.179657 20.174244 16.920143 0.309996 0.823362 0.475370 0.112935 0.843138 1 0 1.000000
  0 -110.800781 20.090183 15.555946 0.564451 0.825461 0.002855 0.110953 0.851785 1 0 1.000000
  0 -112.179657 20.539776 15.555946 0.309996 0.950738 -0.000001 0.105954 0.847463 1 0 1.000000
barracuda
  0 -110.800781 20.090183 15.555946 0.564451 0.825461 0.002855 0.110953 0.851785 1 0 1.000000
  0 -110.800781 19.784880 14.416550 0.564451 0.713443 -0.415204 0.108517 0.856561 1 0 1.000000
  0 -112.179657 20.539776 15.555946 0.309996 0.950738 -0.000001 0.105954 0.847463 1 0 1.000000
barracuda
  0 -112.179657 20.539776 15.555946 0.309996 0.950738 -0.000001 0.105954 0.847463 1 0 1.000000
  0 -110.800781 19.784880 14.416550 0.564451 0.713443 -0.415204 0.108517 0.856561 1 0 1.000000
  0 -112.179657 20.174244 14.191750 0.309997 0.823363 -0.475369 0.102084 0.855054 1 0 1.000000
barracuda
  0 -110.800781 19.784880 14.416550 0.564451 0.713443 -0.415204 0.108517 0.856561 1 0 1.000000
  0 -110.800781 18.950783 13.582451 0.564451 0.415206 -0.713442 0.108689 0.861347 1 0 1.000000
  0 -112.179657 20.174244 14.191750 0.309997 0.823363 -0.475369 0.102084 0.855054 1 0 1.000000
barracuda
  0 -112.179657 20.174244 14.191750 0.309997 0.823363 -0.475369 0.102084 0.855054 1 0 1.000000
  0 -110.800781 18.950783 13.582451 0.564451 0.415206 -0.713442 0.108689 0.861347 1 0 1.000000
  0 -112.179657 19.175577 13.193092 0.309996 0.475370 -0.823363 0.102684 0.863243 1 0 1.000000
barracuda
  0 -110.800781 18.950783 13.582451 0.564451 0.415206 -0.713442 0.108689 0.861347 1 0 1.000000
  0 -110.800781 17.811384 13.277149 0.564451 -0.002857 -0.825461 0.111217 0.864878 1 0 1.000000
  0 -112.179657 19.175577 13.193092 0.309996 0.475370 -0.823363 0.102684 0.863243 1 0 1.000000
barracuda
  0 -112.179657 19.175577 13.193092 0.309996 0.475370 -0.823363 0.102684 0.863243 1 0 1.000000
  0 -110.800781 17.811384 13.277149 0.564451 -0.002857 -0.825461 0.111217 0.864878 1 0 1.000000
  0 -112.179657 17.811384 12.827557 0.309996 0.000001 -0.950738 0.107245 0.869581 1 0 1.000000
barracuda
  0 -110.800781 17.811384 13.277149 0.564451 -0.002857 -0.825461 0.111217 0.864878 1 0 1.000000
  0 -110.800781 16.671984 13.582451 0.564451 -0.410258 -0.716299 0.115226 0.866635 1 0 1.000000
  0 -112.179657 17.811384 12.827557 0.309996 0.000001 -0.950738 0.107245 0.869581 1 0 1.000000
barracuda
  0 -112.179657 17.811384 12.827557 0.309996 0.000001 -0.950738 0.107245 0.869581 1 0 1.000000
  0 -110.800781 16.671984 13.582451 0.564451 -0.410258 -0.716299 0.115226 0.866635 1 0 1.000000
  0 -112.179657 16.447187 13.193092 0.309995 -0.475368 -0.823364 0.114215 0.872653 1 0 1.000000
barracuda
  0 -110.800781 16.671984 13.582451 0.564451 -0.410258 -0.716299 0.115226 0.866635 1 0 1.000000
  0 -110.800766 15.837885 14.416550 0.564453 -0.716296 -0.410259 0.119580 0.866109 1 0 1.000000
  0 -112.179657 16.447187 13.193092 0.309995 -0.475368 -0.823364 0.114215 0.872653 1 0 1.000000
barracuda
  0 -112.179657 16.447187 13.193092 0.309995 -0.475368 -0.823364 0.114215 0.872653 1 0 1.000000
  0 -110.800766 15.837885 14.416550 0.564453 -0.716296 -0.410259 0.119580 0.866109 1 0 1.000000
  0 -112.179657 15.448528 14.191750 0.309993 -0.823363 -0.475371 0.121694 0.871875 1 0 1.000000
barracuda
  0 -110.800766 15.837885 14.416550 0.564453 -0.716296 -0.410259 0.119580 0.866109 1 0 1.000000
  0 -110.800766 15.532583 15.555950 0.564452 -0.825461 -0.002854 0.123228 0.863557 1 0 1.000000
  0 -112.179657 15.448528 14.191750 0.309993 -0.823363 -0.475371 0.121694 0.871875 1 0 1.000000
barracuda
  0 -112.179657 15.448528 14.191750 0.309993 -0.823363 -0.475371 0.121694 0.871875 1 0 1.000000
  0 -110.800766 15.532583 15.555950 0.564452 -0.825461 -0.002854 0.123228 0.863557 1 0 1.000000
  0 -112.179657 15.082993 15.555950 0.309991 -0.950739 0.000000 0.127859 0.867616 1 0 1.000000
barracuda
  0 -110.800766 15.532583 15.555950 0.564452 -0.825461 -0.002854 0.123228 0.863557 1 0 1.000000
  0 -110.800781 15.837885 16.695351 0.564451 -0.713442 0.415206 0.125255 0.859580 1 0 1.000000
  0 -112.179657 15.082993 15.555950 0.309991 -0.950739 0.000000 0.127859 0.867616 1 0 1.000000
barracuda
  0 -112.179657 15.082993 15.555950 0.309991 -0.950739 0.000000 0.127859 0.867616 1 0 1.000000
  0 -110.800781 15.837885 16.695351 0.564451 -0.713442 0.415206 0.125255 0.859580 1 0 1.000000
  0 -112.179657 15.448526 16.920143 0.309992 -0.823363 0.475372 0.131260 0.860945 1 0 1.000000
barracuda
  0 -110.800781 15.837885 16.695351 0.564451 -0.713442 0.415206 0.125255 0.859580 1 0 1.000000
  0 -110.800781 16.671984 17.529449 0.564450 -0.415205 0.713443 0.125178 0.855129 1 0 1.000000
  0 -112.179657 15.448526 16.920143 0.309992 -0.823363 0.475372 0.131260 0.860945 1 0 1.000000
barracuda
  0 -112.179657 15.448526 16.920143 0.309992 -0.823363 0.475372 0.131260 0.860945 1 0 1.000000
  0 -110.800781 16.671984 17.529449 0.564450 -0.415205 0.713443 0.125178 0.855129 1 0 1.000000
  0 -112.179672 16.447189 17.918804 0.309993 -0.475368 0.823365 0.131086 0.853453 1 0 1.000000
barracuda
  0 -110.800781 16.671984 17.529449 0.564450 -0.415205 0.713443 0.125178 0.855129 1 0 1.000000
  0 -110.800781 17.811384 17.834747 0.564451 0.002858 0.825462 0.123046 0.851297 1 0 1.000000
  0 -112.179672 16.447189 17.918804 0.309993 -0.475368 0.823365 0.131086 0.853453 1 0 1.000000
barracuda
  0 -112.179672 16.447189 17.918804 0.309993 -0.475368 0.823365 0.131086 0.853453 1 0 1.000000
  0 -110.800781 17.811384 17.834747 0.564451 0.002858 0.825462 0.123046 0.851297 1 0 1.000000
  0 -112.179657 17.811384 18.284344 0.309995 0.000000 0.950738 0.127324 0.846944 1 0 1.000000
barracuda
  0 -110.800781 17.811384 17.834747 0.564451 0.002858 0.825462 0.123046 0.851297 1 0 1.000000
  0 -110.800781 18.950783 17.529446 0.564450 0.410260 0.716298 0.119270 0.849085 1 0 1.000000
  0 -112.179657 17.811384 18.284344 0.309995 0.000000 0.950738 0.127324 0.846944 1 0 1.000000
barracuda
  0 -112.179657 17.811384 18.284344 0.309995 0.000000 0.950738 0.127324 0.846944 1 0 1.000000
  0 -110.800781 18.950783 17.529446 0.564450 0.410260 0.716298 0.119270 0.849085 1 0 1.000000
  0 -112.179672 19.175583 17.918804 0.309996 0.475368 0.823364 0.120743 0.843107 1 0 1.000000
barracuda
  0 -38.284653 31.809343 -42.656086 -0.029004 -0.018905 -0.999400 0.086068 0.601749 1 0 1.000000
  0 -37.956017 23.213699 -42.867519 -0.041700 -0.117685 -0.992175 0.055623 0.597955 1 0 1.000000
  0 -50.783096 31.715948 -42.656086 0.004724 -0.032547 -0.999459 0.081890 0.645753 1 0 1.000000
barracuda
  0 -50.783096 31.715948 -42.656086 0.004724 -0.032547 -0.999459 0.081890 0.645753 1 0 1.000000
  0 -37.956017 23.213699 -42.867519 -0.041700 -0.117685 -0.992175 0.055623 0.597955 1 0 1.000000
  0 -53.907841 23.106373 -42.038044 0.176283 -0.019541 -0.984145 0.050787 0.654419 1 0 1.000000
barracuda
  0 -53.907841 23.106373 -42.038044 0.176283 -0.019541 -0.984145 0.050787 0.654419 1 0 1.000000
  0 -37.956017 23.213699 -42.867519 -0.041700 -0.117685 -0.992175 0.055623 0.597955 1 0 1.000000
  0 -50.974197 16.467485 -40.657261 0.252882 -0.189632 -0.948731 0.027485 0.642583 1 0 1.000000
barracuda
  0 -50.974197 16.467485 -40.657261 0.252882 -0.189632 -0.948731 0.027485 0.642583 1 0 1.000000
  0 -37.956017 23.213699 -42.867519 -0.041700 -0.117685 -0.992175 0.055623 0.597955 1 0 1.000000
  0 -36.559322 15.750875 -41.374397 -0.043481 -0.304124 -0.951640 0.028771 0.591080 1 0 1.000000
barracuda
  0 -50.974197 16.467485 -40.657261 0.252882 -0.189632 -0.948731 0.027485 0.642583 1 0 1.000000
  0 -36.559322 15.750875 -41.374397 -0.043481 -0.304124 -0.951640 0.028771 0.591080 1 0 1.000000
  0 -49.220360 9.472126 -38.261837 0.260447 -0.285766 -0.922228 0.001636 0.634941 1 0 1.000000
barracuda
  0 -49.220360 9.472126 -38.261837 0.260447 -0.285766 -0.922228 0.001636 0.634941 1 0 1.000000
  0 -36.559322 15.750875 -41.374397 -0.043481 -0.304124 -0.951640 0.028771 0.591080 1 0 1.000000
  0 -34.864120 12.095461 -39.585926 -0.030799 -0.405227 -0.913697 0.014458 0.584266 1 0 1.000000
barracuda
  0 -33.653625 9.485235 -38.308842 -0.030799 -0.405227 -0.913697 0.004098 0.579713 1 0 1.000000
  0 -49.220360 9.472126 -38.261837 0.260447 -0.285766 -0.922228 0.001636 0.634941 1 0 1.000000
  0 -34.864120 12.095461 -39.585926 -0.030799 -0.405227 -0.913697 0.014458 0.584266 1 0 1.000000
barracuda
  0 -34.864120 12.095461 -39.585926 -0.030799 -0.405227 -0.913697 0.014458 0.584266 1 0 1.000000
  0 28.466633 12.095449 -41.502064 0.011312 -0.367769 -0.929848 0.020577 0.356260 1 0 1.000000
  0 -33.653625 9.485235 -38.308842 -0.030799 -0.405227 -0.913697 0.004098 0.579713 1 0 1.000000
barracuda
  0 -33.653625 9.485235 -38.308842 -0.030799 -0.405227 -0.913697 0.004098 0.579713 1 0 1.000000
  0 28.466633 12.095449 -41.502064 0.011312 -0.367769 -0.929848 0.020577 0.356260 1 0 1.000000
  0 27.938011 9.501822 -40.391438 0.011312 -0.367769 -0.929848 0.010452 0.357952 1 0 1.000000
barracuda
  0 27.938011 9.501822 -40.391438 0.011312 -0.367769 -0.929848 0.010452 0.357952 1 0 1.000000
  0 28.466633 12.095449 -41.502064 0.011312 -0.367769 -0.929848 0.020577 0.356260 1 0 1.000000
  0 41.340038 9.508272 -40.274593 -0.267125 -0.242069 -0.932763 0.012591 0.311222 1 0 1.000000
barracuda
  0 41.340038 9.508272 -40.274593 -0.267125 -0.242069 -0.932763 0.012591 0.311222 1 0 1.000000
  0 28.466633 12.095449 -41.502064 0.011312 -0.367769 -0.929848 0.020577 0.356260 1 0 1.000000
  0 29.084751 15.128191 -42.800724 0.049910 -0.235225 -0.970659 0.031983 0.354554 1 0 1.000000
barracuda
  0 42.426071 18.644083 -42.629185 -0.251008 -0.150712 -0.956180 0.045504 0.308876 1 0 1.000000
  0 41.340038 9.508272 -40.274593 -0.267125 -0.242069 -0.932763 0.012591 0.311222 1 0 1.000000
  0 29.084751 15.128191 -42.800724 0.049910 -0.235225 -0.970659 0.031983 0.354554 1 0 1.000000
barracuda
  0 30.644207 22.779583 -43.851711 0.024133 -0.068822 -0.997337 0.058518 0.350011 1 0 1.000000
  0 42.426071 18.644083 -42.629185 -0.251008 -0.150712 -0.956180 0.045504 0.308876 1 0 1.000000
  0 29.084751 15.128191 -42.800724 0.049910 -0.235225 -0.970659 0.031983 0.354554 1 0 1.000000
barracuda
  0 44.068344 23.681168 -43.417385 -0.213145 0.024950 -0.976702 0.063409 0.304087 1 0 1.000000
  0 42.426071 18.644083 -42.629185 -0.251008 -0.150712 -0.956180 0.045504 0.308876 1 0 1.000000
  0 30.644207 22.779583 -43.851711 0.024133 -0.068822 -0.997337 0.058518 0.350011 1 0 1.000000
barracuda
  0 30.902149 32.654831 -43.257229 -0.010180 0.032059 -0.999434 0.092122 0.350413 1 0 1.000000
  0 44.068344 23.681168 -43.417385 -0.213145 0.024950 -0.976702 0.063409 0.304087 1 0 1.000000
  0 30.644207 22.779583 -43.851711 0.024133 -0.068822 -0.997337 0.058518 0.350011 1 0 1.000000
barracuda
  0 46.775639 27.612431 -43.762398 -0.148588 0.152785 -0.977025 0.077386 0.295382 1 0 1.000000
  0 44.068344 23.681168 -43.417385 -0.213145 0.024950 -0.976702 0.063409 0.304087 1 0 1.000000
  0 30.902149 32.654831 -43.257229 -0.010180 0.032059 -0.999434 0.092122 0.350413 1 0 1.000000
barracuda
  0 49.921726 33.255440 -43.566628 -0.007560 0.039771 -0.999180 0.097281 0.285617 1 0 1.000000
  0 46.775639 27.612431 -43.762398 -0.148588 0.152785 -0.977025 0.077386 0.295382 1 0 1.000000
  0 30.902149 32.654831 -43.257229 -0.010180 0.032059 -0.999434 0.092122 0.350413 1 0 1.000000
barracuda
  0 52.049534 30.751787 -43.778839 -0.051871 0.194822 -0.979466 0.089128 0.277849 1 0 1.000000
  0 46.775639 27.612431 -43.762398 -0.148588 0.152785 -0.977025 0.077386 0.295382 1 0 1.000000
  0 49.921726 33.255440 -43.566628 -0.007560 0.039771 -0.999180 0.097281 0.285617 1 0 1.000000
barracuda
  0 49.921726 33.255440 -43.566628 -0.007560 0.039771 -0.999180 0.097281 0.285617 1 0 1.000000
  0 62.092922 33.475670 -43.633667 0.010531 -0.004855 -0.999933 0.100582 0.244183 1 0 1.000000
  0 52.049534 30.751787 -43.778839 -0.051871 0.194822 -0.979466 0.089128 0.277849 1 0 1.000000
barracuda
  0 -53.907841 23.106373 -42.038044 0.176283 -0.019541 -0.984145 0.050787 0.654419 1 0 1.000000
  0 -50.974197 16.467485 -40.657261 0.252882 -0.189632 -0.948731 0.027485 0.642583 1 0 1.000000
  0 -54.478275 22.146873 -42.481411 0.444112 0.115174 -0.888538 0.047350 0.656875 1 0 1.000000
barracuda
  0 -54.478275 22.146873 -42.481411 0.444112 0.115174 -0.888538 0.047350 0.656875 1 0 1.000000
  0 -50.974197 16.467485 -40.657261 0.252882 -0.189632 -0.948731 0.027485 0.642583 1 0 1.000000
  0 -51.777515 16.127214 -41.102913 0.523875 -0.055910 -0.849958 0.026391 0.645872 1 0 1.000000
barracuda
  0 -51.777515 16.127214 -41.102913 0.523875 -0.055910 -0.849958 0.026391 0.645872 1 0 1.000000
  0 -50.974197 16.467485 -40.657261 0.252882 -0.189632 -0.948731 0.027485 0.642583 1 0 1.000000
  0 -49.220360 9.472126 -38.261837 0.260447 -0.285766 -0.922228 0.001636 0.634941 1 0 1.000000
barracuda
  0 41.340038 9.508272 -40.274593 -0.267125 -0.242069 -0.932763 0.012591 0.311222 1 0 1.000000
  0 42.426071 18.644083 -42.629185 -0.251008 -0.150712 -0.956180 0.045504 0.308876 1 0 1.000000
  0 43.020603 18.800768 -43.062038 -0.527853 -0.051240 -0.847789 0.046385 0.306429 1 0 1.000000
barracuda
  0 44.068344 23.681168 -43.417385 -0.213145 0.024950 -0.976702 0.063409 0.304087 1 0 1.000000
  0 43.020603 18.800768 -43.062038 -0.527853 -0.051240 -0.847789 0.046385 0.306429 1 0 1.000000
  0 42.426071 18.644083 -42.629185 -0.251008 -0.150712 -0.956180 0.045504 0.308876 1 0 1.000000
barracuda
  0 44.997730 23.743587 -43.838238 -0.436582 0.117140 -0.892006 0.063801 0.300610 1 0 1.000000
  0 43.020603 18.800768 -43.062038 -0.527853 -0.051240 -0.847789 0.046385 0.306429 1 0 1.000000
  0 44.068344 23.681168 -43.417385 -0.213145 0.024950 -0.976702 0.063409 0.304087 1 0 1.000000
barracuda
  0 44.068344 23.681168 -43.417385 -0.213145 0.024950 -0.976702 0.063409 0.304087 1 0 1.000000
  0 46.775639 27.612431 -43.762398 -0.148588 0.152785 -0.977025 0.077386 0.295382 1 0 1.000000
  0 44.997730 23.743587 -43.838238 -0.436582 0.117140 -0.892006 0.063801 0.300610 1 0 1.000000
barracuda
  0 44.997730 23.743587 -43.838238 -0.436582 0.117140 -0.892006 0.063801 0.300610 1 0 1.000000
  0 46.775639 27.612431 -43.762398 -0.148588 0.152785 -0.977025 0.077386 0.295382 1 0 1.000000
  0 47.854992 27.269562 -44.233868 -0.282881 0.269119 -0.920627 0.076155 0.291367 1 0 1.000000
barracuda
  0 46.775639 27.612431 -43.762398 -0.148588 0.152785 -0.977025 0.077386 0.295382 1 0 1.000000
  0 52.049534 30.751787 -43.778839 -0.051871 0.194822 -0.979466 0.089128 0.277849 1 0 1.000000
  0 47.854992 27.269562 -44.233868 -0.282881 0.269119 -0.920627 0.076155 0.291367 1 0 1.000000
barracuda
  0 47.854992 27.269562 -44.233868 -0.282881 0.269119 -0.920627 0.076155 0.291367 1 0 1.000000
  0 52.049534 30.751787 -43.778839 -0.051871 0.194822 -0.979466 0.089128 0.277849 1 0 1.000000
  0 52.779209 29.397310 -44.304890 -0.094985 0.345331 -0.933662 0.084343 0.275014 1 0 1.000000
barracuda
  0 52.049534 30.751787 -43.778839 -0.051871 0.194822 -0.979466 0.089128 0.277849 1 0 1.000000
  0 61.371052 31.515806 -43.563351 0.013591 0.172931 -0.984840 0.093764 0.246209 1 0 1.000000
  0 52.779209 29.397310 -44.304890 -0.094985 0.345331 -0.933662 0.084343 0.275014 1 0 1.000000
barracuda
  0 52.779209 29.397310 -44.304890 -0.094985 0.345331 -0.933662 0.084343 0.275014 1 0 1.000000
  0 61.371052 31.515806 -43.563351 0.013591 0.172931 -0.984840 0.093764 0.246209 1 0 1.000000
  0 61.108341 29.964788 -44.104515 0.016217 0.345117 -0.938419 0.088132 0.246766 1 0 1.000000
barracuda
  0 61.108341 29.964788 -44.104515 0.016217 0.345117 -0.938419 0.088132 0.246766 1 0 1.000000
  0 61.371052 31.515806 -43.563351 0.013591 0.172931 -0.984840 0.093764 0.246209 1 0 1.000000
  0 69.181198 29.689577 -43.934830 0.107281 0.369286 -0.923103 0.089091 0.219394 1 0 1.000000
barracuda
  0 52.049534 30.751787 -43.778839 -0.051871 0.194822 -0.979466 0.089128 0.277849 1 0 1.000000
  0 62.092922 33.475670 -43.633667 0.010531 -0.004855 -0.999933 0.100582 0.244183 1 0 1.000000
  0 61.371052 31.515806 -43.563351 0.013591 0.172931 -0.984840 0.093764 0.246209 1 0 1.000000
barracuda
  0 61.371052 31.515806 -43.563351 0.013591 0.172931 -0.984840 0.093764 0.246209 1 0 1.000000
  0 62.092922 33.475670 -43.633667 0.010531 -0.004855 -0.999933 0.100582 0.244183 1 0 1.000000
  0 69.535995 30.967688 -43.408493 0.072514 0.166849 -0.983312 0.093817 0.218432 1 0 1.000000
barracuda
  0 69.181198 29.689577 -43.934830 0.107281 0.369286 -0.923103 0.089091 0.219394 1 0 1.000000
  0 61.371052 31.515806 -43.563351 0.013591 0.172931 -0.984840 0.093764 0.246209 1 0 1.000000
  0 69.535995 30.967688 -43.408493 0.072514 0.166849 -0.983312 0.093817 0.218432 1 0 1.000000
barracuda
  0 69.181198 29.689577 -43.934830 0.107281 0.369286 -0.923103 0.089091 0.219394 1 0 1.000000
  0 69.535995 30.967688 -43.408493 0.072514 0.166849 -0.983312 0.093817 0.218432 1 0 1.000000
  0 73.859772 28.588736 -43.586712 0.248684 0.296497 -0.922088 0.086720 0.203451 1 0 1.000000
barracuda
  0 73.859772 28.588736 -43.586712 0.248684 0.296497 -0.922088 0.086720 0.203451 1 0 1.000000
  0 69.535995 30.967688 -43.408493 0.072514 0.166849 -0.983312 0.093817 0.218432 1 0 1.000000
  0 75.081451 28.997065 -43.073750 0.163750 0.104516 -0.980950 0.088697 0.199259 1 0 1.000000
barracuda
  0 73.859772 28.588736 -43.586712 0.248684 0.296497 -0.922088 0.086720 0.203451 1 0 1.000000
  0 75.081451 28.997065 -43.073750 0.163750 0.104516 -0.980950 0.088697 0.199259 1 0 1.000000
  0 77.672318 25.925999 -42.846912 0.425712 0.070736 -0.902090 0.079155 0.189941 1 0 1.000000
barracuda
  0 77.672318 25.925999 -42.846912 0.425712 0.070736 -0.902090 0.079155 0.189941 1 0 1.000000
  0 75.081451 28.997065 -43.073750 0.163750 0.104516 -0.980950 0.088697 0.199259 1 0 1.000000
  0 78.534103 26.598579 -42.418980 0.255676 -0.044081 -0.965757 0.081528 0.186870 1 0 1.000000
barracuda
  0 77.672318 25.925999 -42.846912 0.425712 0.070736 -0.902090 0.079155 0.189941 1 0 1.000000
  0 78.534103 26.598579 -42.418980 0.255676 -0.044081 -0.965757 0.081528 0.186870 1 0 1.000000
  0 80.153503 20.963642 -41.033585 0.558606 -0.212291 -0.801805 0.062916 0.179854 1 0 1.000000
barracuda
  0 80.153503 20.963642 -41.033585 0.558606 -0.212291 -0.801805 0.062916 0.179854 1 0 1.000000
  0 78.534103 26.598579 -42.418980 0.255676 -0.044081 -0.965757 0.081528 0.186870 1 0 1.000000
  0 80.801376 21.102711 -40.589161 0.332573 -0.279819 -0.900609 0.063175 0.177223 1 0 1.000000
barracuda
  0 80.801376 21.102711 -40.589161 0.332573 -0.279819 -0.900609 0.063175 0.177223 1 0 1.000000
  0 81.000732 15.037240 -37.445843 0.292154 -0.720464 -0.628950 0.039767 0.176096 1 0 1.000000
  0 80.153503 20.963642 -41.033585 0.558606 -0.212291 -0.801805 0.062916 0.179854 1 0 1.000000
barracuda
  0 81.000732 15.037240 -37.445843 0.292154 -0.720464 -0.628950 0.039767 0.176096 1 0 1.000000
  0 80.801376 21.102711 -40.589161 0.332573 -0.279819 -0.900609 0.063175 0.177223 1 0 1.000000
  0 100.344742 20.222256 -37.779736 0.382126 -0.767985 -0.513983 0.065039 0.108923 1 0 1.000000
barracuda
  0 95.222488 17.481602 -35.817410 0.298410 -0.917955 -0.261363 0.051756 0.123088 1 0 1.000000
  0 81.000732 15.037240 -37.445843 0.292154 -0.720464 -0.628950 0.039767 0.176096 1 0 1.000000
  0 100.344742 20.222256 -37.779736 0.382126 -0.767985 -0.513983 0.065039 0.108923 1 0 1.000000
barracuda
  0 104.600494 23.036980 -37.375061 0.509759 -0.718469 -0.473232 0.074198 0.097010 1 0 1.000000
  0 106.423279 27.650499 -39.649639 0.313649 -0.389191 -0.866115 0.092542 0.093746 1 0 1.000000
  0 107.600128 25.644012 -38.121925 0.503599 -0.700452 -0.505723 0.084827 0.088199 1 0 1.000000
barracuda
  0 104.600494 23.036980 -37.375061 0.509759 -0.718469 -0.473232 0.074198 0.097010 1 0 1.000000
  0 101.592758 25.565826 -40.777309 0.221064 -0.331851 -0.917064 0.084868 0.110090 1 0 1.000000
  0 106.423279 27.650499 -39.649639 0.313649 -0.389191 -0.866115 0.092542 0.093746 1 0 1.000000
barracuda
  0 100.344742 20.222256 -37.779736 0.382126 -0.767985 -0.513983 0.065039 0.108923 1 0 1.000000
  0 101.592758 25.565826 -40.777309 0.221064 -0.331851 -0.917064 0.084868 0.110090 1 0 1.000000
  0 104.600494 23.036980 -37.375061 0.509759 -0.718469 -0.473232 0.074198 0.097010 1 0 1.000000
barracuda
  0 100.344742 20.222256 -37.779736 0.382126 -0.767985 -0.513983 0.065039 0.108923 1 0 1.000000
  0 80.801376 21.102711 -40.589161 0.332573 -0.279819 -0.900609 0.063175 0.177223 1 0 1.000000
  0 101.592758 25.565826 -40.777309 0.221064 -0.331851 -0.917064 0.084868 0.110090 1 0 1.000000
barracuda
  0 101.592758 25.565826 -40.777309 0.221064 -0.331851 -0.917064 0.084868 0.110090 1 0 1.000000
  0 80.801376 21.102711 -40.589161 0.332573 -0.279819 -0.900609 0.063175 0.177223 1 0 1.000000
  0 102.380173 32.127563 -41.390869 0.173934 -0.143848 -0.974194 0.106674 0.109566 1 0 1.000000
barracuda
  0 80.801376 21.102711 -40.589161 0.332573 -0.279819 -0.900609 0.063175 0.177223 1 0 1.000000
  0 78.534103 26.598579 -42.418980 0.255676 -0.044081 -0.965757 0.081528 0.186870 1 0 1.000000
  0 102.380173 32.127563 -41.390869 0.173934 -0.143848 -0.974194 0.106674 0.109566 1 0 1.000000
barracuda
  0 78.534103 26.598579 -42.418980 0.255676 -0.044081 -0.965757 0.081528 0.186870 1 0 1.000000
  0 86.495377 32.812035 -42.579018 0.068907 -0.117725 -0.990653 0.104493 0.162335 1 0 1.000000
  0 102.380173 32.127563 -41.390869 0.173934 -0.143848 -0.974194 0.106674 0.109566 1 0 1.000000
barracuda
  0 78.534103 26.598579 -42.418980 0.255676 -0.044081 -0.965757 0.081528 0.186870 1 0 1.000000
  0 75.081451 28.997065 -43.073750 0.163750 0.104516 -0.980950 0.088697 0.199259 1 0 1.000000
  0 86.495377 32.812035 -42.579018 0.068907 -0.117725 -0.990653 0.104493 0.162335 1 0 1.000000
barracuda
  0 75.081451 28.997065 -43.073750 0.163750 0.104516 -0.980950 0.088697 0.199259 1 0 1.000000
  0 70.588043 33.293167 -43.495514 0.034532 -0.042650 -0.998493 0.101900 0.215478 1 0 1.000000
  0 86.495377 32.812035 -42.579018 0.068907 -0.117725 -0.990653 0.104493 0.162335 1 0 1.000000
barracuda
  0 69.535995 30.967688 -43.408493 0.072514 0.166849 -0.983312 0.093817 0.218432 1 0 1.000000
  0 70.588043 33.293167 -43.495514 0.034532 -0.042650 -0.998493 0.101900 0.215478 1 0 1.000000
  0 75.081451 28.997065 -43.073750 0.163750 0.104516 -0.980950 0.088697 0.199259 1 0 1.000000
barracuda
  0 69.535995 30.967688 -43.408493 0.072514 0.166849 -0.983312 0.093817 0.218432 1 0 1.000000
  0 62.092922 33.475670 -43.633667 0.010531 -0.004855 -0.999933 0.100582 0.244183 1 0 1.000000
  0 70.588043 33.293167 -43.495514 0.034532 -0.042650 -0.998493 0.101900 0.215478 1 0 1.000000
barracuda
  0 101.592758 25.565826 -40.777309 0.221064 -0.331851 -0.917064 0.084868 0.110090 1 0 1.000000
  0 102.380173 32.127563 -41.390869 0.173934 -0.143848 -0.974194 0.106674 0.109566 1 0 1.000000
  0 106.423279 27.650499 -39.649639 0.313649 -0.389191 -0.866115 0.092542 0.093746 1 0 1.000000
barracuda
  0 106.423279 27.650499 -39.649639 0.313649 -0.389191 -0.866115 0.092542 0.093746 1 0 1.000000
  0 102.380173 32.127563 -41.390869 0.173934 -0.143848 -0.974194 0.106674 0.109566 1 0 1.000000
  0 106.871140 31.868715 -39.977989 0.282201 -0.115552 -0.952371 0.106364 0.093595 1 0 1.000000
barracuda
  0 102.217575 42.582912 32.688301 0.624250 0.436061 0.648200 0.433391 0.092708 1 0 1.000000
  0 86.940765 43.954029 32.691338 0.015295 0.406192 0.913660 0.434416 0.153471 1 0 1.000000
  0 102.318237 42.120987 32.868767 0.624250 0.436061 0.648200 0.434588 0.091627 1 0 1.000000
barracuda
  0 86.946167 44.407230 32.486244 0.015295 0.406192 0.913660 0.432625 0.153533 1 0 1.000000
  0 86.940765 43.954029 32.691338 0.015295 0.406192 0.913660 0.434416 0.153471 1 0 1.000000
  0 102.217575 42.582912 32.688301 0.624250 0.436061 0.648200 0.433391 0.092708 1 0 1.000000
barracuda
  0 73.015625 45.604504 31.853067 -0.640636 0.523604 0.561626 0.430044 0.208858 1 0 1.000000
  0 86.940765 43.954029 32.691338 0.015295 0.406192 0.913660 0.434416 0.153471 1 0 1.000000
  0 86.946167 44.407230 32.486244 0.015295 0.406192 0.913660 0.432625 0.153533 1 0 1.000000
barracuda
  0 72.845825 45.154888 32.066071 -0.640636 0.523604 0.561626 0.431191 0.209945 1 0 1.000000
  0 86.940765 43.954029 32.691338 0.015295 0.406192 0.913660 0.434416 0.153471 1 0 1.000000
  0 73.015625 45.604504 31.853067 -0.640636 0.523604 0.561626 0.430044 0.208858 1 0 1.000000
barracuda
  0 72.845825 45.154888 32.066071 -0.640636 0.523604 0.561626 0.431191 0.209945 1 0 1.000000
  0 73.015625 45.604504 31.853067 -0.640636 0.523604 0.561626 0.430044 0.208858 1 0 1.000000
  0 74.446823 46.079109 17.869469 -0.925976 0.373088 -0.058087 0.374640 0.204091 1 0 1.000000
barracuda
  0 74.446823 46.079109 17.869469 -0.925976 0.373088 -0.058087 0.374640 0.204091 1 0 1.000000
  0 73.015625 45.604504 31.853067 -0.640636 0.523604 0.561626 0.430044 0.208858 1 0 1.000000
  0 74.607758 46.475655 17.894073 -0.925976 0.373088 -0.058087 0.374688 0.202508 1 0 1.000000
barracuda
  0 74.446823 46.079109 17.869469 -0.925976 0.373088 -0.058087 0.374640 0.204091 1 0 1.000000
  0 74.607758 46.475655 17.894073 -0.925976 0.373088 -0.058087 0.374688 0.202508 1 0 1.000000
  0 75.343918 46.702606 -0.226374 -0.916799 0.399349 0.000000 0.302667 0.200421 1 0 1.000000
barracuda
  0 75.343918 46.702606 -0.226374 -0.916799 0.399349 0.000000 0.302667 0.200421 1 0 1.000000
  0 74.607758 46.475655 17.894073 -0.925976 0.373088 -0.058087 0.374688 0.202508 1 0 1.000000
  0 75.526489 47.096638 -0.226376 -0.916799 0.399349 0.000000 0.302667 0.198855 1 0 1.000000
barracuda
  0 75.526489 47.096638 -0.226376 -0.916799 0.399349 0.000000 0.302667 0.198855 1 0 1.000000
  0 74.607758 46.475658 -18.346825 -0.925972 0.373098 0.058087 0.230646 0.202508 1 0 1.000000
  0 75.343918 46.702606 -0.226374 -0.916799 0.399349 0.000000 0.302667 0.200421 1 0 1.000000
barracuda
  0 75.343918 46.702606 -0.226374 -0.916799 0.399349 0.000000 0.302667 0.200421 1 0 1.000000
  0 74.607758 46.475658 -18.346825 -0.925972 0.373098 0.058087 0.230646 0.202508 1 0 1.000000
  0 74.446823 46.079113 -18.322222 -0.925972 0.373098 0.058087 0.230699 0.204090 1 0 1.000000
barracuda
  0 74.607758 46.475658 -18.346825 -0.925972 0.373098 0.058087 0.230646 0.202508 1 0 1.000000
  0 73.015625 45.604507 -32.305824 -0.640624 0.523623 -0.561623 0.175288 0.208860 1 0 1.000000
  0 74.446823 46.079113 -18.322222 -0.925972 0.373098 0.058087 0.230699 0.204090 1 0 1.000000
barracuda
  0 74.446823 46.079113 -18.322222 -0.925972 0.373098 0.058087 0.230699 0.204090 1 0 1.000000
  0 73.015625 45.604507 -32.305824 -0.640624 0.523623 -0.561623 0.175288 0.208860 1 0 1.000000
  0 72.845825 45.154884 -32.518822 -0.640624 0.523623 -0.561623 0.174164 0.209931 1 0 1.000000
barracuda
  0 72.845825 45.154884 -32.518822 -0.640624 0.523623 -0.561623 0.174164 0.209931 1 0 1.000000
  0 73.015625 45.604507 -32.305824 -0.640624 0.523623 -0.561623 0.175288 0.208860 1 0 1.000000
  0 86.940765 43.954025 -33.144089 0.015296 0.406192 -0.913660 0.170917 0.153468 1 0 1.000000
barracuda
  0 86.940765 43.954025 -33.144089 0.015296 0.406192 -0.913660 0.170917 0.153468 1 0 1.000000
  0 73.015625 45.604507 -32.305824 -0.640624 0.523623 -0.561623 0.175288 0.208860 1 0 1.000000
  0 86.946167 44.407227 -32.938988 0.015296 0.406192 -0.913660 0.172709 0.153532 1 0 1.000000
barracuda
  0 102.217575 42.582909 -33.141052 0.624252 0.436056 -0.648201 0.171944 0.092708 1 0 1.000000
  0 86.940765 43.954025 -33.144089 0.015296 0.406192 -0.913660 0.170917 0.153468 1 0 1.000000
  0 86.946167 44.407227 -32.938988 0.015296 0.406192 -0.913660 0.172709 0.153532 1 0 1.000000
barracuda
  0 102.318237 42.120987 -33.321510 0.624252 0.436056 -0.648201 0.170746 0.091627 1 0 1.000000
  0 86.940765 43.954025 -33.144089 0.015296 0.406192 -0.913660 0.170917 0.153468 1 0 1.000000
  0 102.217575 42.582909 -33.141052 0.624252 0.436056 -0.648201 0.171944 0.092708 1 0 1.000000
barracuda
  0 102.217575 42.582909 -33.141052 0.624252 0.436056 -0.648201 0.171944 0.092708 1 0 1.000000
  0 103.493042 42.616531 -21.267580 0.946178 0.316304 -0.068554 0.218803 0.086503 1 0 1.000000
  0 102.318237 42.120987 -33.321510 0.624252 0.436056 -0.648201 0.170746 0.091627 1 0 1.000000
barracuda
  0 103.314774 43.116455 -21.248056 0.946178 0.316304 -0.068554 0.219134 0.088461 1 0 1.000000
  0 103.493042 42.616531 -21.267580 0.946178 0.316304 -0.068554 0.218803 0.086503 1 0 1.000000
  0 102.217575 42.582909 -33.141052 0.624252 0.436056 -0.648201 0.171944 0.092708 1 0 1.000000
barracuda
  0 103.314774 43.116455 -21.248056 0.946178 0.316304 -0.068554 0.219134 0.088461 1 0 1.000000
  0 104.145081 42.927628 -0.226377 0.942002 0.335608 0.000000 0.302667 0.083878 1 0 1.000000
  0 103.493042 42.616531 -21.267580 0.946178 0.316304 -0.068554 0.218803 0.086503 1 0 1.000000
barracuda
  0 103.967102 43.429600 -0.226376 0.942002 0.335608 0.000000 0.302667 0.085867 1 0 1.000000
  0 104.145081 42.927628 -0.226377 0.942002 0.335608 0.000000 0.302667 0.083878 1 0 1.000000
  0 103.314774 43.116455 -21.248056 0.946178 0.316304 -0.068554 0.219134 0.088461 1 0 1.000000
barracuda
  0 103.967102 43.429600 -0.226376 0.942002 0.335608 0.000000 0.302667 0.085867 1 0 1.000000
  0 103.314774 43.116455 20.795303 0.946175 0.316311 0.068554 0.386200 0.088461 1 0 1.000000
  0 104.145081 42.927628 -0.226377 0.942002 0.335608 0.000000 0.302667 0.083878 1 0 1.000000
barracuda
  0 104.145081 42.927628 -0.226377 0.942002 0.335608 0.000000 0.302667 0.083878 1 0 1.000000
  0 103.314774 43.116455 20.795303 0.946175 0.316311 0.068554 0.386200 0.088461 1 0 1.000000
  0 103.493042 42.616531 20.814825 0.946175 0.316311 0.068554 0.386531 0.086503 1 0 1.000000
barracuda
  0 103.314774 43.116455 20.795303 0.946175 0.316311 0.068554 0.386200 0.088461 1 0 1.000000
  0 102.217575 42.582912 32.688301 0.624250 0.436061 0.648200 0.433391 0.092708 1 0 1.000000
  0 103.493042 42.616531 20.814825 0.946175 0.316311 0.068554 0.386531 0.086503 1 0 1.000000
barracuda
  0 103.493042 42.616531 20.814825 0.946175 0.316311 0.068554 0.386531 0.086503 1 0 1.000000
  0 102.217575 42.582912 32.688301 0.624250 0.436061 0.648200 0.433391 0.092708 1 0 1.000000
  0 102.318237 42.120987 32.868767 0.624250 0.436061 0.648200 0.434588 0.091627 1 0 1.000000
barracuda
  0 -32.779869 40.854820 -35.459473 0.856685 0.503955 0.110090 0.158687 0.569254 1 0 1.000000
  0 -33.134178 41.394806 -35.241676 0.856685 0.503955 0.110090 0.160031 0.571043 1 0 1.000000
  0 -35.948391 42.358715 -17.754940 0.871570 0.489982 0.016850 0.228831 0.581176 1 0 1.000000
barracuda
  0 -35.948391 42.358715 -17.754940 0.871570 0.489982 0.016850 0.228831 0.581176 1 0 1.000000
  0 -33.134178 41.394806 -35.241676 0.856685 0.503955 0.110090 0.160031 0.571043 1 0 1.000000
  0 -36.257275 42.915283 -17.831648 0.871570 0.489982 0.016850 0.228752 0.583378 1 0 1.000000
barracuda
  0 -36.257275 42.915283 -17.831648 0.871570 0.489982 0.016850 0.228752 0.583378 1 0 1.000000
  0 -36.404190 43.721733 -14.549703 0.884238 0.465728 -0.034944 0.241892 0.582939 1 0 1.000000
  0 -35.948391 42.358715 -17.754940 0.871570 0.489982 0.016850 0.228831 0.581176 1 0 1.000000
barracuda
  0 -36.724728 44.335579 -14.486674 0.884238 0.465728 -0.034944 0.242509 0.585306 1 0 1.000000
  0 -36.404190 43.721733 -14.549703 0.884238 0.465728 -0.034944 0.241892 0.582939 1 0 1.000000
  0 -36.257275 42.915283 -17.831648 0.871570 0.489982 0.016850 0.228752 0.583378 1 0 1.000000
barracuda
  0 -36.724728 44.335579 -14.486674 0.884238 0.465728 -0.034944 0.242509 0.585306 1 0 1.000000
  0 -36.864342 44.397049 -0.226376 0.888394 0.459081 0.000000 0.298999 0.584648 1 0 1.000000
  0 -36.404190 43.721733 -14.549703 0.884238 0.465728 -0.034944 0.241892 0.582939 1 0 1.000000
barracuda
  0 -37.178947 45.011383 -0.226374 0.888394 0.459081 0.000000 0.298999 0.587088 1 0 1.000000
  0 -36.864342 44.397049 -0.226376 0.888394 0.459081 0.000000 0.298999 0.584648 1 0 1.000000
  0 -36.724728 44.335579 -14.486674 0.884238 0.465728 -0.034944 0.242509 0.585306 1 0 1.000000
barracuda
  0 -37.178947 45.011383 -0.226374 0.888394 0.459081 0.000000 0.298999 0.587088 1 0 1.000000
  0 -36.724728 44.335579 14.033918 0.884238 0.465728 0.034944 0.355489 0.585306 1 0 1.000000
  0 -36.864342 44.397049 -0.226376 0.888394 0.459081 0.000000 0.298999 0.584648 1 0 1.000000
barracuda
  0 -36.864342 44.397049 -0.226376 0.888394 0.459081 0.000000 0.298999 0.584648 1 0 1.000000
  0 -36.724728 44.335579 14.033918 0.884238 0.465728 0.034944 0.355489 0.585306 1 0 1.000000
  0 -36.404190 43.721733 14.096951 0.884238 0.465728 0.034944 0.356105 0.582939 1 0 1.000000
barracuda
  0 -36.724728 44.335579 14.033918 0.884238 0.465728 0.034944 0.355489 0.585306 1 0 1.000000
  0 -36.257275 42.915283 17.378889 0.871567 0.489987 -0.016849 0.369246 0.583378 1 0 1.000000
  0 -36.404190 43.721733 14.096951 0.884238 0.465728 0.034944 0.356105 0.582939 1 0 1.000000
barracuda
  0 -36.404190 43.721733 14.096951 0.884238 0.465728 0.034944 0.356105 0.582939 1 0 1.000000
  0 -36.257275 42.915283 17.378889 0.871567 0.489987 -0.016849 0.369246 0.583378 1 0 1.000000
  0 -35.948391 42.358719 17.302189 0.871567 0.489987 -0.016849 0.369167 0.581176 1 0 1.000000
barracuda
  0 -36.257275 42.915283 17.378889 0.871567 0.489987 -0.016849 0.369246 0.583378 1 0 1.000000
  0 -33.134178 41.394806 34.788929 0.856682 0.503960 -0.110089 0.437967 0.571043 1 0 1.000000
  0 -35.948391 42.358719 17.302189 0.871567 0.489987 -0.016849 0.369167 0.581176 1 0 1.000000
barracuda
  0 -35.948391 42.358719 17.302189 0.871567 0.489987 -0.016849 0.369167 0.581176 1 0 1.000000
  0 -33.134178 41.394806 34.788929 0.856682 0.503960 -0.110089 0.437967 0.571043 1 0 1.000000
  0 -32.779869 40.854824 35.006729 0.856682 0.503960 -0.110089 0.439311 0.569254 1 0 1.000000
barracuda
  0 -23.267374 26.373390 -5.106167 0.000013 -0.023472 -0.999724 0.914602 0.263633 1 0 1.000000
  0 -24.601469 31.401518 -5.224234 0.000013 -0.023472 -0.999724 0.931379 0.261574 1 0 1.000000
  0 -23.267370 31.401480 -5.224216 0.000013 -0.023472 -0.999724 0.929851 0.258270 1 0 1.000000
barracuda
  0 -32.779869 40.854824 35.006729 -0.003478 0.372425 0.928056 0.439311 0.569254 1 0 1.000000
  0 -33.134178 41.394806 34.788929 -0.003478 0.372425 0.928056 0.437967 0.571043 1 0 1.000000
  0 -50.312042 40.683960 35.009811 -0.020115 0.368356 0.929467 0.440304 0.639330 1 0 1.000000
barracuda
  0 -50.312042 40.683960 35.009811 -0.020115 0.368356 0.929467 0.440304 0.639330 1 0 1.000000
  0 -33.134178 41.394806 34.788929 -0.003478 0.372425 0.928056 0.437967 0.571043 1 0 1.000000
  0 -50.437241 41.232952 34.788811 -0.020115 0.368356 0.929467 0.438105 0.639741 1 0 1.000000
barracuda
  0 -50.437241 41.232952 34.788811 -0.020115 0.368356 0.929467 0.438105 0.639741 1 0 1.000000
  0 -64.923218 39.748508 34.797707 -0.044698 0.369570 0.928127 0.439491 0.697509 1 0 1.000000
  0 -50.312042 40.683960 35.009811 -0.020115 0.368356 0.929467 0.440304 0.639330 1 0 1.000000
barracuda
  0 -65.048424 40.297947 34.578964 -0.044698 0.369570 0.928127 0.437271 0.697800 1 0 1.000000
  0 -64.923218 39.748508 34.797707 -0.044698 0.369570 0.928127 0.439491 0.697509 1 0 1.000000
  0 -50.437241 41.232952 34.788811 -0.020115 0.368356 0.929467 0.438105 0.639741 1 0 1.000000
barracuda
  0 -64.923218 39.748508 34.797707 -0.044698 0.369570 0.928127 0.439491 0.697509 1 0 1.000000
  0 -65.048424 40.297947 34.578964 -0.044698 0.369570 0.928127 0.437271 0.697800 1 0 1.000000
  0 -74.465271 38.896679 34.610977 -0.063276 0.398211 0.915109 0.438679 0.735474 1 0 1.000000
barracuda
  0 -74.465271 38.896679 34.610977 -0.063276 0.398211 0.915109 0.438679 0.735474 1 0 1.000000
  0 -65.048424 40.297947 34.578964 -0.044698 0.369570 0.928127 0.437271 0.697800 1 0 1.000000
  0 -74.590469 39.449677 34.368904 -0.063276 0.398211 0.915109 0.436437 0.735696 1 0 1.000000
barracuda
  0 -74.590469 39.449677 34.368904 -0.063276 0.398211 0.915109 0.436437 0.735696 1 0 1.000000
  0 -84.594711 37.729347 34.353065 -0.088999 0.404739 0.910091 0.437474 0.775824 1 0 1.000000
  0 -74.465271 38.896679 34.610977 -0.063276 0.398211 0.915109 0.438679 0.735474 1 0 1.000000
barracuda
  0 -84.719910 38.291187 34.055229 -0.088999 0.404739 0.910091 0.435191 0.775951 1 0 1.000000
  0 -84.594711 37.729347 34.353065 -0.088999 0.404739 0.910091 0.437474 0.775824 1 0 1.000000
  0 -74.590469 39.449677 34.368904 -0.063276 0.398211 0.915109 0.436437 0.735696 1 0 1.000000
barracuda
  0 -84.719910 38.291187 34.055229 -0.088999 0.404739 0.910091 0.435191 0.775951 1 0 1.000000
  0 -93.600464 36.550949 33.783264 -0.141871 0.361514 0.921510 0.435539 0.811762 1 0 1.000000
  0 -84.594711 37.729347 34.353065 -0.088999 0.404739 0.910091 0.437474 0.775824 1 0 1.000000
barracuda
  0 -93.725662 37.095215 33.583897 -0.141871 0.361514 0.921510 0.433323 0.811719 1 0 1.000000
  0 -93.600464 36.550949 33.783264 -0.141871 0.361514 0.921510 0.435539 0.811762 1 0 1.000000
  0 -84.719910 38.291187 34.055229 -0.088999 0.404739 0.910091 0.435191 0.775951 1 0 1.000000
barracuda
  0 -93.725662 37.095215 33.583897 -0.141871 0.361514 0.921510 0.433323 0.811719 1 0 1.000000
  0 -103.329422 34.735691 32.574593 -0.275816 0.313938 0.908498 0.430516 0.851000 1 0 1.000000
  0 -93.600464 36.550949 33.783264 -0.141871 0.361514 0.921510 0.435539 0.811762 1 0 1.000000
barracuda
  0 -103.497482 35.282619 32.323021 -0.275816 0.313938 0.908498 0.428301 0.850608 1 0 1.000000
  0 -103.329422 34.735691 32.574593 -0.275816 0.313938 0.908498 0.430516 0.851000 1 0 1.000000
  0 -93.725662 37.095215 33.583897 -0.141871 0.361514 0.921510 0.433323 0.811719 1 0 1.000000
barracuda
  0 -103.497482 35.282619 32.323021 -0.275816 0.313938 0.908498 0.428301 0.850608 1 0 1.000000
  0 -107.776230 33.933586 30.976892 -0.369530 0.290561 0.882622 0.422885 0.867560 1 0 1.000000
  0 -103.329422 34.735691 32.574593 -0.275816 0.313938 0.908498 0.430516 0.851000 1 0 1.000000
barracuda
  0 -103.329422 34.735691 32.574593 -0.275816 0.313938 0.908498 0.430516 0.851000 1 0 1.000000
  0 -107.776230 33.933586 30.976892 -0.369530 0.290561 0.882622 0.422885 0.867560 1 0 1.000000
  0 -107.849136 33.335163 31.142208 -0.369530 0.290561 0.882622 0.424260 0.869483 1 0 1.000000
barracuda
  0 -24.601469 31.401518 -5.224234 0.000027 1.000000 -0.000006 0.839743 0.932959 1 0 1.000000
  0 -24.461176 31.401545 -0.226376 0.000026 1.000000 0.000000 0.856226 0.932965 1 0 1.000000
  0 -23.267370 31.401480 -5.224216 0.000027 1.000000 -0.000006 0.839893 0.928578 1 0 1.000000
barracuda
  0 -23.267370 31.401480 -5.224216 0.000027 1.000000 -0.000006 0.839893 0.928578 1 0 1.000000
  0 -24.461176 31.401545 -0.226376 0.000026 1.000000 0.000000 0.856226 0.932965 1 0 1.000000
  0 -23.267370 31.401514 -0.226376 0.000026 1.000000 0.000000 0.856305 0.929044 1 0 1.000000
barracuda
  0 -23.267370 31.401514 -0.226376 0.000026 1.000000 0.000000 0.856131 0.929044 1 0 1.000000
  0 -24.461176 31.401545 -0.226376 0.000026 1.000000 0.000000 0.856226 0.932965 1 0 1.000000
  0 -23.267370 31.401482 4.771465 0.000026 1.000000 0.000006 0.872543 0.928583 1 0 1.000000
barracuda
  0 -23.267370 31.401482 4.771465 0.000026 1.000000 0.000006 0.872543 0.928583 1 0 1.000000
  0 -24.461176 31.401545 -0.226376 0.000026 1.000000 0.000000 0.856226 0.932965 1 0 1.000000
  0 -24.601469 31.401516 4.771484 0.000026 1.000000 0.000006 0.872665 0.932964 1 0 1.000000
barracuda
  0 41.953182 47.231430 -38.016968 -0.112610 0.920896 -0.373189 0.149754 0.315026 1 0 1.000000
  0 27.137005 43.794022 -36.494629 -0.216104 0.976315 0.010351 0.141759 0.373603 1 0 1.000000
  0 42.133556 47.051743 -35.195129 -0.213140 0.976965 0.010536 0.157210 0.325806 1 0 1.000000
barracuda
  0 42.133556 47.051743 -35.195129 -0.213140 0.976965 0.010536 0.157210 0.325806 1 0 1.000000
  0 27.137005 43.794022 -36.494629 -0.216104 0.976315 0.010351 0.141759 0.373603 1 0 1.000000
  0 27.338459 43.870476 -35.895073 -0.207418 0.976713 -0.054864 0.144260 0.373394 1 0 1.000000
barracuda
  0 63.712109 44.758450 -40.032616 0.057786 0.884998 -0.461994 0.141178 0.240985 1 0 1.000000
  0 42.895603 45.878399 -40.571205 -0.056648 0.869564 -0.490560 0.140470 0.310414 1 0 1.000000
  0 50.588634 46.880478 -37.689377 0.059012 0.753444 -0.654859 0.150820 0.286083 1 0 1.000000
barracuda
  0 50.588634 46.880478 -37.689377 0.059012 0.753444 -0.654859 0.150820 0.286083 1 0 1.000000
  0 42.895603 45.878399 -40.571205 -0.056648 0.869564 -0.490560 0.140470 0.310414 1 0 1.000000
  0 41.953182 47.231430 -38.016968 -0.112610 0.920896 -0.373189 0.149754 0.315026 1 0 1.000000
barracuda
  0 42.895603 45.878399 -40.571205 -0.056648 0.869564 -0.490560 0.140470 0.310414 1 0 1.000000
  0 28.443459 42.625973 -41.095081 -0.170280 0.841826 -0.512185 0.125794 0.362266 1 0 1.000000
  0 41.953182 47.231430 -38.016968 -0.112610 0.920896 -0.373189 0.149754 0.315026 1 0 1.000000
barracuda
  0 41.953182 47.231430 -38.016968 -0.112610 0.920896 -0.373189 0.149754 0.315026 1 0 1.000000
  0 28.443459 42.625973 -41.095081 -0.170280 0.841826 -0.512185 0.125794 0.362266 1 0 1.000000
  0 26.331909 43.633827 -38.753658 -0.203752 0.943636 -0.260839 0.132322 0.374447 1 0 1.000000
barracuda
  0 41.953182 47.231430 -38.016968 -0.112610 0.920896 -0.373189 0.149754 0.315026 1 0 1.000000
  0 26.331909 43.633827 -38.753658 -0.203752 0.943636 -0.260839 0.132322 0.374447 1 0 1.000000
  0 27.137005 43.794022 -36.494629 -0.216104 0.976315 0.010351 0.141759 0.373603 1 0 1.000000
barracuda
  0 26.331909 43.658833 -36.500580 -0.222013 0.974993 0.009982 0.140987 0.376671 1 0 1.000000
  0 27.137005 43.794022 -36.494629 -0.216104 0.976315 0.010351 0.141759 0.373603 1 0 1.000000
  0 26.331909 43.633827 -38.753658 -0.203752 0.943636 -0.260839 0.132322 0.374447 1 0 1.000000
barracuda
  0 -107.849136 33.335163 31.142208 0.771324 0.633018 -0.065934 0.424260 0.869483 1 0 1.000000
  0 -110.403595 34.519985 12.634335 0.770571 0.635343 -0.050588 0.350630 0.880481 1 0 1.000000
  0 -108.189987 33.756603 31.322187 0.771324 0.633018 -0.065934 0.425323 0.870997 1 0 1.000000
barracuda
  0 -110.087997 34.125099 12.656355 0.770571 0.635343 -0.050588 0.350573 0.878921 1 0 1.000000
  0 -110.403595 34.519985 12.634335 0.770571 0.635343 -0.050588 0.350630 0.880481 1 0 1.000000
  0 -107.849136 33.335163 31.142208 0.771324 0.633018 -0.065934 0.424260 0.869483 1 0 1.000000
barracuda
  0 -110.784058 34.268574 -0.226376 0.770115 0.637905 0.000000 0.298999 0.881774 1 0 1.000000
  0 -110.403595 34.519985 12.634335 0.770571 0.635343 -0.050588 0.350630 0.880481 1 0 1.000000
  0 -110.087997 34.125099 12.656355 0.770571 0.635343 -0.050588 0.350573 0.878921 1 0 1.000000
barracuda
  0 -111.109543 34.646423 -0.226374 0.770115 0.637905 0.000000 0.298999 0.883265 1 0 1.000000
  0 -110.403595 34.519985 12.634335 0.770571 0.635343 -0.050588 0.350630 0.880481 1 0 1.000000
  0 -110.784058 34.268574 -0.226376 0.770115 0.637905 0.000000 0.298999 0.881774 1 0 1.000000
barracuda
  0 -111.109543 34.646423 -0.226374 0.770115 0.637905 0.000000 0.298999 0.883265 1 0 1.000000
  0 -110.784058 34.268574 -0.226376 0.770115 0.637905 0.000000 0.298999 0.881774 1 0 1.000000
  0 -110.403595 34.519985 -13.087088 0.770579 0.635334 0.050589 0.247368 0.880481 1 0 1.000000
barracuda
  0 -110.403595 34.519985 -13.087088 0.770579 0.635334 0.050589 0.247368 0.880481 1 0 1.000000
  0 -110.784058 34.268574 -0.226376 0.770115 0.637905 0.000000 0.298999 0.881774 1 0 1.000000
  0 -110.087997 34.125099 -13.109112 0.770579 0.635334 0.050589 0.247424 0.878921 1 0 1.000000
barracuda
  0 -107.849136 33.335163 -31.594963 0.771331 0.633010 0.065935 0.173738 0.869483 1 0 1.000000
  0 -110.403595 34.519985 -13.087088 0.770579 0.635334 0.050589 0.247368 0.880481 1 0 1.000000
  0 -110.087997 34.125099 -13.109112 0.770579 0.635334 0.050589 0.247424 0.878921 1 0 1.000000
barracuda
  0 -108.189987 33.756607 -31.774939 0.771331 0.633010 0.065935 0.172675 0.870997 1 0 1.000000
  0 -110.403595 34.519985 -13.087088 0.770579 0.635334 0.050589 0.247368 0.880481 1 0 1.000000
  0 -107.849136 33.335163 -31.594963 0.771331 0.633010 0.065935 0.173738 0.869483 1 0 1.000000
barracuda
  0 -110.911499 19.432220 -7.396984 0.033182 -0.019785 0.999253 0.972884 0.547080 1 0 1.000000
  0 -111.656906 19.684898 -7.367229 0.033182 -0.019785 0.999253 0.976386 0.545512 1 0 1.000000
  0 -110.911499 18.693718 -7.411606 0.033182 -0.019785 0.999253 0.970480 0.545813 1 0 1.000000
barracuda
  0 -32.728073 41.348198 -35.627735 -0.860238 0.476333 -0.181929 0.158128 0.567848 1 0 1.000000
  0 -32.779869 40.854820 -35.459473 -0.860238 0.476333 -0.181929 0.158687 0.569254 1 0 1.000000
  0 -35.637390 42.496117 -17.650620 -0.622714 0.714429 -0.319091 0.229604 0.580399 1 0 1.000000
barracuda
  0 -35.637390 42.496117 -17.650620 -0.622714 0.714429 -0.319091 0.229604 0.580399 1 0 1.000000
  0 -32.779869 40.854820 -35.459473 -0.860238 0.476333 -0.181929 0.158687 0.569254 1 0 1.000000
  0 -35.948391 42.358715 -17.754940 -0.622714 0.714429 -0.319091 0.228831 0.581176 1 0 1.000000
barracuda
  0 -36.404190 43.721733 -14.549703 -0.315009 0.918594 -0.238649 0.241892 0.582939 1 0 1.000000
  0 -35.637390 42.496117 -17.650620 -0.622714 0.714429 -0.319091 0.229604 0.580399 1 0 1.000000
  0 -35.948391 42.358715 -17.754940 -0.622714 0.714429 -0.319091 0.228831 0.581176 1 0 1.000000
barracuda
  0 -36.129841 43.808163 -14.618478 -0.315009 0.918594 -0.238649 0.241550 0.581835 1 0 1.000000
  0 -35.637390 42.496117 -17.650620 -0.622714 0.714429 -0.319091 0.229604 0.580399 1 0 1.000000
  0 -36.404190 43.721733 -14.549703 -0.315009 0.918594 -0.238649 0.241892 0.582939 1 0 1.000000
barracuda
  0 -36.404190 43.721733 -14.549703 -0.315009 0.918594 -0.238649 0.241892 0.582939 1 0 1.000000
  0 -36.601830 44.485794 -0.226374 -0.316556 0.948574 0.000000 0.298964 0.583604 1 0 1.000000
  0 -36.129841 43.808163 -14.618478 -0.315009 0.918594 -0.238649 0.241550 0.581835 1 0 1.000000
barracuda
  0 -36.864342 44.397049 -0.226376 -0.316556 0.948574 0.000000 0.298999 0.584648 1 0 1.000000
  0 -36.601830 44.485794 -0.226374 -0.316556 0.948574 0.000000 0.298964 0.583604 1 0 1.000000
  0 -36.404190 43.721733 -14.549703 -0.315009 0.918594 -0.238649 0.241892 0.582939 1 0 1.000000
barracuda
  0 -36.864342 44.397049 -0.226376 -0.316556 0.948574 0.000000 0.298999 0.584648 1 0 1.000000
  0 -36.404190 43.721733 14.096951 -0.315001 0.918597 0.238650 0.356105 0.582939 1 0 1.000000
  0 -36.601830 44.485794 -0.226374 -0.316556 0.948574 0.000000 0.298964 0.583604 1 0 1.000000
barracuda
  0 -36.601830 44.485794 -0.226374 -0.316556 0.948574 0.000000 0.298964 0.583604 1 0 1.000000
  0 -36.404190 43.721733 14.096951 -0.315001 0.918597 0.238650 0.356105 0.582939 1 0 1.000000
  0 -36.129841 43.808159 14.165726 -0.315001 0.918597 0.238650 0.356501 0.581832 1 0 1.000000
barracuda
  0 -36.404190 43.721733 14.096951 -0.315001 0.918597 0.238650 0.356105 0.582939 1 0 1.000000
  0 -35.637390 42.496120 17.197865 -0.622712 0.714430 0.319091 0.368473 0.580383 1 0 1.000000
  0 -36.129841 43.808159 14.165726 -0.315001 0.918597 0.238650 0.356501 0.581832 1 0 1.000000
barracuda
  0 -35.948391 42.358719 17.302189 -0.622712 0.714430 0.319091 0.369167 0.581176 1 0 1.000000
  0 -35.637390 42.496120 17.197865 -0.622712 0.714430 0.319091 0.368473 0.580383 1 0 1.000000
  0 -36.404190 43.721733 14.096951 -0.315001 0.918597 0.238650 0.356105 0.582939 1 0 1.000000
barracuda
  0 -32.779869 40.854824 35.006729 -0.860239 0.476331 0.181928 0.439311 0.569254 1 0 1.000000
  0 -35.637390 42.496120 17.197865 -0.622712 0.714430 0.319091 0.368473 0.580383 1 0 1.000000
  0 -35.948391 42.358719 17.302189 -0.622712 0.714430 0.319091 0.369167 0.581176 1 0 1.000000
barracuda
  0 -32.728073 41.348198 35.174984 -0.860239 0.476331 0.181928 0.438739 0.566782 1 0 1.000000
  0 -35.637390 42.496120 17.197865 -0.622712 0.714430 0.319091 0.368473 0.580383 1 0 1.000000
  0 -32.779869 40.854824 35.006729 -0.860239 0.476331 0.181928 0.439311 0.569254 1 0 1.000000
barracuda
  0 -105.583664 13.991482 -7.562939 -0.027087 0.001480 -0.999632 0.541016 0.557193 1 0 1.000000
  0 -110.911499 14.305640 -7.418102 -0.027087 0.001480 -0.999632 0.556097 0.557381 1 0 1.000000
  0 -110.911499 18.693718 -7.411606 -0.027087 0.001480 -0.999632 0.557459 0.573082 1 0 1.000000
barracuda
  0 -84.802094 39.937214 14.064919 -0.973028 0.168995 0.157027 0.355239 0.777537 1 0 1.000000
  0 -84.719910 39.998955 14.590511 -0.973028 0.168995 0.157027 0.358925 0.775954 1 0 1.000000
  0 -84.843689 42.186684 11.468901 -0.992783 0.093820 0.074699 0.345309 0.778068 1 0 1.000000
barracuda
  0 -84.843689 42.186684 11.468901 -0.992783 0.093820 0.074699 0.345309 0.778068 1 0 1.000000
  0 -84.719910 39.998955 14.590511 -0.973028 0.168995 0.157027 0.358925 0.775954 1 0 1.000000
  0 -84.719910 42.778221 11.516462 -0.992783 0.093820 0.074699 0.344957 0.775954 1 0 1.000000
barracuda
  0 -84.719910 42.778221 11.516462 -0.992783 0.093820 0.074699 0.344957 0.775954 1 0 1.000000
  0 -84.620239 42.710815 -0.226374 -0.999848 0.017441 0.000000 0.298999 0.779181 1 0 1.000000
  0 -84.843689 42.186684 11.468901 -0.992783 0.093820 0.074699 0.345309 0.778068 1 0 1.000000
barracuda
  0 -84.719910 43.524601 -0.226376 -0.999848 0.017441 0.000000 0.298999 0.775954 1 0 1.000000
  0 -84.620239 42.710815 -0.226374 -0.999848 0.017441 0.000000 0.298999 0.779181 1 0 1.000000
  0 -84.719910 42.778221 11.516462 -0.992783 0.093820 0.074699 0.344957 0.775954 1 0 1.000000
barracuda
  0 -84.719910 43.524601 -0.226376 -0.999848 0.017441 0.000000 0.298999 0.775954 1 0 1.000000
  0 -84.719910 42.778221 -11.969210 -0.992782 0.093823 -0.074700 0.253041 0.775954 1 0 1.000000
  0 -84.620239 42.710815 -0.226374 -0.999848 0.017441 0.000000 0.298999 0.779181 1 0 1.000000
barracuda
  0 -84.620239 42.710815 -0.226374 -0.999848 0.017441 0.000000 0.298999 0.779181 1 0 1.000000
  0 -84.719910 42.778221 -11.969210 -0.992782 0.093823 -0.074700 0.253041 0.775954 1 0 1.000000
  0 -84.843689 42.186684 -11.921658 -0.992782 0.093823 -0.074700 0.252689 0.778068 1 0 1.000000
barracuda
  0 -84.719910 39.998959 -15.043262 -0.973026 0.169005 -0.157028 0.239073 0.775954 1 0 1.000000
  0 -84.843689 42.186684 -11.921658 -0.992782 0.093823 -0.074700 0.252689 0.778068 1 0 1.000000
  0 -84.719910 42.778221 -11.969210 -0.992782 0.093823 -0.074700 0.253041 0.775954 1 0 1.000000
barracuda
  0 -84.802094 39.937214 -14.517673 -0.973026 0.169005 -0.157028 0.242759 0.777537 1 0 1.000000
  0 -84.843689 42.186684 -11.921658 -0.992782 0.093823 -0.074700 0.252689 0.778068 1 0 1.000000
  0 -84.719910 39.998959 -15.043262 -0.973026 0.169005 -0.157028 0.239073 0.775954 1 0 1.000000
barracuda
  0 -35.617420 39.666763 -36.763168 0.296018 -0.752665 -0.588106 0.723463 0.962501 1 0 1.000000
  0 -29.683605 41.225872 -35.771801 0.754708 0.197268 -0.625700 0.737808 0.977475 1 0 1.000000
  0 -29.028473 40.356415 -34.329292 0.754708 0.197268 -0.625700 0.745022 0.973118 1 0 1.000000
barracuda
  0 -111.656906 19.684898 6.914478 -0.257425 -0.966259 0.008666 0.976600 0.624253 1 0 1.000000
  0 -110.911499 19.422272 -0.226376 -0.257434 -0.966296 0.000000 0.975614 0.584896 1 0 1.000000
  0 -110.911499 19.432220 6.944233 -0.257425 -0.966259 0.008666 0.973126 0.622664 1 0 1.000000
barracuda
  0 -111.993790 19.656250 -0.226376 -0.257434 -0.966296 0.000000 0.981443 0.584887 1 0 1.000000
  0 -110.911499 19.422272 -0.226376 -0.257434 -0.966296 0.000000 0.975614 0.584896 1 0 1.000000
  0 -111.656906 19.684898 6.914478 -0.257425 -0.966259 0.008666 0.976600 0.624253 1 0 1.000000
barracuda
  0 -111.993790 19.656250 -0.226376 -0.257434 -0.966296 0.000000 0.981443 0.584887 1 0 1.000000
  0 -111.656906 19.684898 -7.367229 -0.257425 -0.966259 -0.008666 0.976386 0.545512 1 0 1.000000
  0 -110.911499 19.422272 -0.226376 -0.257434 -0.966296 0.000000 0.975614 0.584896 1 0 1.000000
barracuda
  0 -110.911499 19.422272 -0.226376 -0.257434 -0.966296 0.000000 0.975614 0.584896 1 0 1.000000
  0 -111.656906 19.684898 -7.367229 -0.257425 -0.966259 -0.008666 0.976386 0.545512 1 0 1.000000
  0 -110.911499 19.432220 -7.396984 -0.257425 -0.966259 -0.008666 0.972884 0.547080 1 0 1.000000
barracuda
  0 -28.451479 40.633408 -36.150944 0.040274 -0.464935 0.884428 2.642098 0.933458 1 0 1.000000
  0 -29.683605 41.225872 -35.771801 0.040274 -0.464935 0.884428 2.642045 0.933570 1 0 1.000000
  0 -35.617420 39.666763 -36.763168 0.000584 -0.538156 0.842845 2.642185 0.934106 1 0 1.000000
barracuda
  0 -23.266857 11.328568 8.523422 -0.905638 -0.162256 -0.391782 0.610326 0.912256 1 0 1.000000
  0 -23.267231 12.126282 31.708729 -0.902493 -0.167572 0.396769 0.677137 0.908724 1 0 1.000000
  0 -24.659863 19.251329 8.524635 -0.870318 0.271832 -0.410675 0.609724 0.891898 1 0 1.000000
barracuda
  0 -24.659863 19.251329 8.524635 -0.870318 0.271832 -0.410675 0.609724 0.891898 1 0 1.000000
  0 -22.923347 19.013554 6.947433 -0.301500 0.328235 -0.895187 0.603138 0.893402 1 0 1.000000
  0 -23.266857 11.328568 8.523422 -0.905638 -0.162256 -0.391782 0.610326 0.912256 1 0 1.000000
barracuda
  0 -23.266857 11.328568 8.523422 -0.905638 -0.162256 -0.391782 0.610326 0.912256 1 0 1.000000
  0 -22.923347 19.013554 6.947433 -0.301500 0.328235 -0.895187 0.603138 0.893402 1 0 1.000000
  0 -21.597868 11.227044 6.954376 -0.338096 -0.061083 -0.939127 0.603833 0.913391 1 0 1.000000
barracuda
  0 -23.283211 20.730761 8.619083 -0.214946 0.936536 -0.276943 0.610173 0.886912 1 0 1.000000
  0 5.214848 17.839930 10.193535 -0.481194 0.794939 -0.369493 0.610201 0.813181 1 0 1.000000
  0 -22.923347 19.013554 6.947433 -0.301500 0.328235 -0.895187 0.603443 0.885984 1 0 1.000000
barracuda
  0 -22.923347 19.013554 6.947433 -0.301500 0.328235 -0.895187 0.603443 0.885984 1 0 1.000000
  0 -24.659863 19.251329 8.524635 -0.870318 0.271832 -0.410675 0.609724 0.891898 1 0 1.000000
  0 -23.283211 20.730761 8.619083 -0.214946 0.936536 -0.276943 0.610173 0.886912 1 0 1.000000
barracuda
  0 -24.630753 19.256638 31.707516 -0.868946 0.267003 0.416703 0.676573 0.890352 1 0 1.000000
  0 -23.283211 20.730761 8.619083 -0.214946 0.936536 -0.276943 0.610173 0.886912 1 0 1.000000
  0 -24.659863 19.251329 8.524635 -0.870318 0.271832 -0.410675 0.609724 0.891898 1 0 1.000000
barracuda
  0 -24.659863 19.251329 8.524635 -0.870318 0.271832 -0.410675 0.609724 0.891898 1 0 1.000000
  0 -23.267231 12.126282 31.708729 -0.902493 -0.167572 0.396769 0.677137 0.908724 1 0 1.000000
  0 -24.630753 19.256638 31.707516 -0.868946 0.267003 0.416703 0.676573 0.890352 1 0 1.000000
barracuda
  0 -23.267231 12.126282 31.708729 -0.902493 -0.167572 0.396769 0.677137 0.908724 1 0 1.000000
  0 -22.880796 18.999416 33.280647 -0.298608 0.328114 0.896200 0.683240 0.891666 1 0 1.000000
  0 -24.630753 19.256638 31.707516 -0.868946 0.267003 0.416703 0.676573 0.890352 1 0 1.000000
barracuda
  0 -21.598347 12.150085 33.277798 -0.335097 -0.063980 0.940009 0.683718 0.909305 1 0 1.000000
  0 -22.880796 18.999416 33.280647 -0.298608 0.328114 0.896200 0.683240 0.891666 1 0 1.000000
  0 -23.267231 12.126282 31.708729 -0.902493 -0.167572 0.396769 0.677137 0.908724 1 0 1.000000
barracuda
  0 10.331890 31.717470 10.754772 -0.855059 0.387184 -0.344909 0.610851 0.770152 1 0 1.000000
  0 18.955940 44.786282 9.990076 -0.109839 0.317847 -0.941758 0.607967 0.720428 1 0 1.000000
  0 11.762190 31.132349 9.350952 -0.260202 0.158312 -0.952487 0.603965 0.769719 1 0 1.000000
barracuda
  0 17.601929 45.761833 11.313410 -0.705598 0.581494 -0.404964 0.614588 0.720616 1 0 1.000000
  0 18.955940 44.786282 9.990076 -0.109839 0.317847 -0.941758 0.607967 0.720428 1 0 1.000000
  0 10.331890 31.717470 10.754772 -0.855059 0.387184 -0.344909 0.610851 0.770152 1 0 1.000000
barracuda
  0 11.495529 31.241440 20.627197 -0.919193 0.389060 -0.060955 0.642938 0.771867 1 0 1.000000
  0 17.601929 45.761833 11.313410 -0.705598 0.581494 -0.404964 0.614588 0.720616 1 0 1.000000
  0 10.331890 31.717470 10.754772 -0.855059 0.387184 -0.344909 0.610851 0.770152 1 0 1.000000
barracuda
  0 5.214848 17.839930 10.193535 -0.481194 0.794939 -0.369493 0.610201 0.813181 1 0 1.000000
  0 11.495529 31.241440 20.627197 -0.919193 0.389060 -0.060955 0.642938 0.771867 1 0 1.000000
  0 10.331890 31.717470 10.754772 -0.855059 0.387184 -0.344909 0.610851 0.770152 1 0 1.000000
barracuda
  0 10.331890 31.717470 10.754772 -0.855059 0.387184 -0.344909 0.610851 0.770152 1 0 1.000000
  0 11.762190 31.132349 9.350952 -0.260202 0.158312 -0.952487 0.603965 0.769719 1 0 1.000000
  0 5.214848 17.839930 10.193535 -0.481194 0.794939 -0.369493 0.610201 0.813181 1 0 1.000000
barracuda
  0 5.214848 17.839930 10.193535 -0.481194 0.794939 -0.369493 0.610201 0.813181 1 0 1.000000
  0 11.762190 31.132349 9.350952 -0.260202 0.158312 -0.952487 0.603965 0.769719 1 0 1.000000
  0 6.114946 16.205540 8.659966 -0.099429 0.277469 -0.955576 0.603459 0.812926 1 0 1.000000
barracuda
  0 -22.923347 19.013554 6.947433 -0.301500 0.328235 -0.895187 0.603443 0.885984 1 0 1.000000
  0 5.214848 17.839930 10.193535 -0.481194 0.794939 -0.369493 0.610201 0.813181 1 0 1.000000
  0 6.114946 16.205540 8.659966 -0.099429 0.277469 -0.955576 0.603459 0.812926 1 0 1.000000
barracuda
  0 6.114946 16.205540 8.659966 -0.099429 0.277469 -0.955576 0.603459 0.812926 1 0 1.000000
  0 -21.597868 11.227044 6.954376 -0.338096 -0.061083 -0.939127 0.581720 0.880817 1 0 1.000000
  0 -22.923347 19.013554 6.947433 -0.301500 0.328235 -0.895187 0.603443 0.885984 1 0 1.000000
barracuda
  0 6.667130 10.585434 8.686157 0.310071 -0.072200 -0.947968 0.587668 0.810197 1 0 1.000000
  0 -21.597868 11.227044 6.954376 -0.338096 -0.061083 -0.939127 0.581720 0.880817 1 0 1.000000
  0 6.114946 16.205540 8.659966 -0.099429 0.277469 -0.955576 0.603459 0.812926 1 0 1.000000
barracuda
  0 6.146460 15.502886 20.593369 -0.385738 0.922035 -0.032522 0.642308 0.812466 1 0 1.000000
  0 -23.283211 20.730761 8.619083 -0.214946 0.936536 -0.276943 0.610173 0.886912 1 0 1.000000
  0 -23.284321 20.723507 31.609558 -0.213144 0.937714 0.274340 0.675831 0.885471 1 0 1.000000
barracuda
  0 -23.284321 20.723507 31.609558 -0.213144 0.937714 0.274340 0.675831 0.885471 1 0 1.000000
  0 -23.283211 20.730761 8.619083 -0.214946 0.936536 -0.276943 0.610173 0.886912 1 0 1.000000
  0 -24.630753 19.256638 31.707516 -0.868946 0.267003 0.416703 0.676573 0.890352 1 0 1.000000
barracuda
  0 -24.630753 19.256638 31.707516 -0.868946 0.267003 0.416703 0.676573 0.890352 1 0 1.000000
  0 -22.880796 18.999416 33.280647 -0.298608 0.328114 0.896200 0.682472 0.884145 1 0 1.000000
  0 -23.284321 20.723507 31.609558 -0.213144 0.937714 0.274340 0.675831 0.885471 1 0 1.000000
barracuda
  0 -22.880796 18.999416 33.280647 -0.298608 0.328114 0.896200 0.682472 0.884145 1 0 1.000000
  0 4.166162 17.839931 30.042603 -0.493244 0.812001 0.312032 0.671910 0.814731 1 0 1.000000
  0 -23.284321 20.723507 31.609558 -0.213144 0.937714 0.274340 0.675831 0.885471 1 0 1.000000
barracuda
  0 4.959700 16.291519 31.602200 -0.120049 0.291324 0.949062 0.678392 0.814615 1 0 1.000000
  0 4.166162 17.839931 30.042603 -0.493244 0.812001 0.312032 0.671910 0.814731 1 0 1.000000
  0 -22.880796 18.999416 33.280647 -0.298608 0.328114 0.896200 0.682472 0.884145 1 0 1.000000
barracuda
  0 -22.880796 18.999416 33.280647 -0.298608 0.328114 0.896200 0.682472 0.884145 1 0 1.000000
  0 -21.598347 12.150085 33.277798 -0.335097 -0.063980 0.940009 0.701122 0.878487 1 0 1.000000
  0 4.959700 16.291519 31.602200 -0.120049 0.291324 0.949062 0.678392 0.814615 1 0 1.000000
barracuda
  0 4.959700 16.291519 31.602200 -0.120049 0.291324 0.949062 0.678392 0.814615 1 0 1.000000
  0 -21.598347 12.150085 33.277798 -0.335097 -0.063980 0.940009 0.701122 0.878487 1 0 1.000000
  0 6.667204 11.475464 31.546108 0.295185 -0.066191 0.953144 0.693036 0.810291 1 0 1.000000
barracuda
  0 4.166162 17.839931 30.042603 -0.493244 0.812001 0.312032 0.671910 0.814731 1 0 1.000000
  0 6.146460 15.502886 20.593369 -0.385738 0.922035 -0.032522 0.642308 0.812466 1 0 1.000000
  0 -23.284321 20.723507 31.609558 -0.213144 0.937714 0.274340 0.675831 0.885471 1 0 1.000000
barracuda
  0 11.495529 31.241440 20.627197 -0.919193 0.389060 -0.060955 0.642938 0.771867 1 0 1.000000
  0 16.802036 46.338142 28.883324 -0.764037 0.573298 0.295934 0.669621 0.721212 1 0 1.000000
  0 18.586571 45.655647 20.658257 -0.887173 0.457291 -0.061712 0.643820 0.719430 1 0 1.000000
barracuda
  0 9.419760 32.090622 29.453430 -0.880673 0.396979 0.258501 0.672228 0.770780 1 0 1.000000
  0 16.802036 46.338142 28.883324 -0.764037 0.573298 0.295934 0.669621 0.721212 1 0 1.000000
  0 11.495529 31.241440 20.627197 -0.919193 0.389060 -0.060955 0.642938 0.771867 1 0 1.000000
barracuda
  0 9.419760 32.090622 29.453430 -0.880673 0.396979 0.258501 0.672228 0.770780 1 0 1.000000
  0 18.019844 45.460732 30.230927 -0.176984 0.299246 0.937618 0.675573 0.721132 1 0 1.000000
  0 16.802036 46.338142 28.883324 -0.764037 0.573298 0.295934 0.669621 0.721212 1 0 1.000000
barracuda
  0 10.712769 31.561661 30.881546 -0.306789 0.178653 0.934860 0.678760 0.770439 1 0 1.000000
  0 18.019844 45.460732 30.230927 -0.176984 0.299246 0.937618 0.675573 0.721132 1 0 1.000000
  0 9.419760 32.090622 29.453430 -0.880673 0.396979 0.258501 0.672228 0.770780 1 0 1.000000
barracuda
  0 10.712769 31.561661 30.881546 -0.306789 0.178653 0.934860 0.678760 0.770439 1 0 1.000000
  0 20.088791 43.970085 30.022820 0.420060 -0.090829 0.902939 0.683809 0.720413 1 0 1.000000
  0 18.019844 45.460732 30.230927 -0.176984 0.299246 0.937618 0.675573 0.721132 1 0 1.000000
barracuda
  0 13.366409 30.476074 30.668182 0.397627 -0.127474 0.908649 0.688341 0.769730 1 0 1.000000
  0 20.088791 43.970085 30.022820 0.420060 -0.090829 0.902939 0.683809 0.720413 1 0 1.000000
  0 10.712769 31.561661 30.881546 -0.306789 0.178653 0.934860 0.678760 0.770439 1 0 1.000000
barracuda
  0 13.366409 30.476074 30.668182 0.397627 -0.127474 0.908649 0.688341 0.769730 1 0 1.000000
  0 21.434719 43.000366 28.513603 0.815452 -0.419622 0.398692 0.692247 0.719142 1 0 1.000000
  0 20.088791 43.970085 30.022820 0.420060 -0.090829 0.902939 0.683809 0.720413 1 0 1.000000
barracuda
  0 14.884436 29.855064 29.056213 0.855182 -0.343928 0.387785 0.696229 0.769159 1 0 1.000000
  0 21.434719 43.000366 28.513603 0.815452 -0.419622 0.398692 0.692247 0.719142 1 0 1.000000
  0 13.366409 30.476074 30.668182 0.397627 -0.127474 0.908649 0.688341 0.769730 1 0 1.000000
barracuda
  0 14.884436 29.855064 29.056213 0.855182 -0.343928 0.387785 0.696229 0.769159 1 0 1.000000
  0 13.366409 30.476074 30.668182 0.397627 -0.127474 0.908649 0.688341 0.769730 1 0 1.000000
  0 8.336115 11.362961 29.772923 0.877819 -0.293085 0.378859 0.696417 0.809234 1 0 1.000000
barracuda
  0 8.336115 11.362961 29.772923 0.877819 -0.293085 0.378859 0.696417 0.809234 1 0 1.000000
  0 13.366409 30.476074 30.668182 0.397627 -0.127474 0.908649 0.688341 0.769730 1 0 1.000000
  0 6.667204 11.475464 31.546108 0.295185 -0.066191 0.953144 0.688854 0.810680 1 0 1.000000
barracuda
  0 6.667204 11.475464 31.546108 0.295185 -0.066191 0.953144 0.688854 0.810680 1 0 1.000000
  0 13.366409 30.476074 30.668182 0.397627 -0.127474 0.908649 0.688341 0.769730 1 0 1.000000
  0 4.959700 16.291519 31.602200 -0.120049 0.291324 0.949062 0.678392 0.814615 1 0 1.000000
barracuda
  0 4.959700 16.291519 31.602200 -0.120049 0.291324 0.949062 0.678392 0.814615 1 0 1.000000
  0 13.366409 30.476074 30.668182 0.397627 -0.127474 0.908649 0.688341 0.769730 1 0 1.000000
  0 10.712769 31.561661 30.881546 -0.306789 0.178653 0.934860 0.678760 0.770439 1 0 1.000000
barracuda
  0 4.959700 16.291519 31.602200 -0.120049 0.291324 0.949062 0.678392 0.814615 1 0 1.000000
  0 10.712769 31.561661 30.881546 -0.306789 0.178653 0.934860 0.678760 0.770439 1 0 1.000000
  0 4.166162 17.839931 30.042603 -0.493244 0.812001 0.312032 0.671910 0.814731 1 0 1.000000
barracuda
  0 4.166162 17.839931 30.042603 -0.493244 0.812001 0.312032 0.671910 0.814731 1 0 1.000000
  0 10.712769 31.561661 30.881546 -0.306789 0.178653 0.934860 0.678760 0.770439 1 0 1.000000
  0 9.419760 32.090622 29.453430 -0.880673 0.396979 0.258501 0.672228 0.770780 1 0 1.000000
barracuda
  0 11.495529 31.241440 20.627197 -0.919193 0.389060 -0.060955 0.642938 0.771867 1 0 1.000000
  0 4.166162 17.839931 30.042603 -0.493244 0.812001 0.312032 0.671910 0.814731 1 0 1.000000
  0 9.419760 32.090622 29.453430 -0.880673 0.396979 0.258501 0.672228 0.770780 1 0 1.000000
barracuda
  0 6.146460 15.502886 20.593369 -0.385738 0.922035 -0.032522 0.642308 0.812466 1 0 1.000000
  0 4.166162 17.839931 30.042603 -0.493244 0.812001 0.312032 0.671910 0.814731 1 0 1.000000
  0 11.495529 31.241440 20.627197 -0.919193 0.389060 -0.060955 0.642938 0.771867 1 0 1.000000
barracuda
  0 6.146460 15.502886 20.593369 -0.385738 0.922035 -0.032522 0.642308 0.812466 1 0 1.000000
  0 11.495529 31.241440 20.627197 -0.919193 0.389060 -0.060955 0.642938 0.771867 1 0 1.000000
  0 5.214848 17.839930 10.193535 -0.481194 0.794939 -0.369493 0.610201 0.813181 1 0 1.000000
barracuda
  0 6.146460 15.502886 20.593369 -0.385738 0.922035 -0.032522 0.642308 0.812466 1 0 1.000000
  0 5.214848 17.839930 10.193535 -0.481194 0.794939 -0.369493 0.610201 0.813181 1 0 1.000000
  0 -23.283211 20.730761 8.619083 -0.214946 0.936536 -0.276943 0.610173 0.886912 1 0 1.000000
barracuda
  0 22.537270 49.465660 24.450439 0.548413 0.810185 0.206987 0.659582 0.700480 1 0 1.000000
  0 23.961147 47.774525 24.403105 0.900912 0.372488 0.222733 0.660289 0.695434 1 0 1.000000
  0 23.319767 48.854778 15.802617 0.593116 0.779527 -0.201372 0.627202 0.700152 1 0 1.000000
barracuda
  0 23.961147 47.774525 24.403105 0.900912 0.372488 0.222733 0.660289 0.695434 1 0 1.000000
  0 22.537270 49.465660 24.450439 0.548413 0.810185 0.206987 0.659582 0.700480 1 0 1.000000
  0 22.768703 46.831459 27.841896 0.737376 0.342798 0.582036 0.675221 0.704806 1 0 1.000000
barracuda
  0 22.768703 46.831459 27.841896 0.737376 0.342798 0.582036 0.675221 0.704806 1 0 1.000000
  0 23.693325 45.704395 26.655056 0.942938 -0.158154 0.293009 0.678572 0.697972 1 0 1.000000
  0 23.961147 47.774525 24.403105 0.900912 0.372488 0.222733 0.660289 0.695434 1 0 1.000000
barracuda
  0 23.693325 45.704395 26.655056 0.942938 -0.158154 0.293009 0.678572 0.697972 1 0 1.000000
  0 22.768703 46.831459 27.841896 0.737376 0.342798 0.582036 0.675221 0.704806 1 0 1.000000
  0 22.571438 44.579979 28.026588 0.819311 -0.425435 0.384362 0.686787 0.707034 1 0 1.000000
barracuda
  0 22.571438 44.579979 28.026588 0.819311 -0.425435 0.384362 0.686787 0.707034 1 0 1.000000
  0 22.768703 46.831459 27.841896 0.737376 0.342798 0.582036 0.675221 0.704806 1 0 1.000000
  0 21.348309 45.640820 29.431036 0.558476 0.091546 0.824454 0.680501 0.713234 1 0 1.000000
barracuda
  0 22.571438 44.579979 28.026588 0.819311 -0.425435 0.384362 0.686787 0.707034 1 0 1.000000
  0 21.348309 45.640820 29.431036 0.558476 0.091546 0.824454 0.680501 0.713234 1 0 1.000000
  0 21.434719 43.000366 28.513603 0.815452 -0.419622 0.398692 0.692247 0.719142 1 0 1.000000
barracuda
  0 21.434719 43.000366 28.513603 0.815452 -0.419622 0.398692 0.692247 0.719142 1 0 1.000000
  0 21.348309 45.640820 29.431036 0.558476 0.091546 0.824454 0.680501 0.713234 1 0 1.000000
  0 20.088791 43.970085 30.022820 0.420060 -0.090829 0.902939 0.683809 0.720413 1 0 1.000000
barracuda
  0 21.348309 45.640820 29.431036 0.558476 0.091546 0.824454 0.680501 0.713234 1 0 1.000000
  0 19.642746 47.235867 29.546198 0.092254 0.517404 0.850754 0.673531 0.715011 1 0 1.000000
  0 20.088791 43.970085 30.022820 0.420060 -0.090829 0.902939 0.683809 0.720413 1 0 1.000000
barracuda
  0 20.088791 43.970085 30.022820 0.420060 -0.090829 0.902939 0.683809 0.720413 1 0 1.000000
  0 19.642746 47.235867 29.546198 0.092254 0.517404 0.850754 0.673531 0.715011 1 0 1.000000
  0 18.019844 45.460732 30.230927 -0.176984 0.299246 0.937618 0.675573 0.721132 1 0 1.000000
barracuda
  0 18.019844 45.460732 30.230927 -0.176984 0.299246 0.937618 0.675573 0.721132 1 0 1.000000
  0 19.642746 47.235867 29.546198 0.092254 0.517404 0.850754 0.673531 0.715011 1 0 1.000000
  0 16.802036 46.338142 28.883324 -0.764037 0.573298 0.295934 0.669621 0.721212 1 0 1.000000
barracuda
  0 16.802036 46.338142 28.883324 -0.764037 0.573298 0.295934 0.669621 0.721212 1 0 1.000000
  0 19.642746 47.235867 29.546198 0.092254 0.517404 0.850754 0.673531 0.715011 1 0 1.000000
  0 18.490608 48.298332 28.257500 -0.682951 0.680345 0.265912 0.668095 0.714889 1 0 1.000000
barracuda
  0 16.802036 46.338142 28.883324 -0.764037 0.573298 0.295934 0.669621 0.721212 1 0 1.000000
  0 18.490608 48.298332 28.257500 -0.682951 0.680345 0.265912 0.668095 0.714889 1 0 1.000000
  0 18.586571 45.655647 20.658257 -0.887173 0.457291 -0.061712 0.643820 0.719430 1 0 1.000000
barracuda
  0 18.586571 45.655647 20.658257 -0.887173 0.457291 -0.061712 0.643820 0.719430 1 0 1.000000
  0 18.490608 48.298332 28.257500 -0.682951 0.680345 0.265912 0.668095 0.714889 1 0 1.000000
  0 19.179710 47.577843 11.863604 -0.634045 0.659436 -0.403894 0.616406 0.714262 1 0 1.000000
barracuda
  0 18.490608 48.298332 28.257500 -0.682951 0.680345 0.265912 0.668095 0.714889 1 0 1.000000
  0 21.073658 49.300995 13.405229 0.013797 0.929245 -0.369206 0.620892 0.707637 1 0 1.000000
  0 19.179710 47.577843 11.863604 -0.634045 0.659436 -0.403894 0.616406 0.714262 1 0 1.000000
barracuda
  0 21.073658 49.300995 13.405229 0.013797 0.929245 -0.369206 0.620892 0.707637 1 0 1.000000
  0 22.208420 48.039116 12.341753 0.447949 0.625446 -0.638874 0.615202 0.706719 1 0 1.000000
  0 19.179710 47.577843 11.863604 -0.634045 0.659436 -0.403894 0.616406 0.714262 1 0 1.000000
barracuda
  0 22.208420 48.039116 12.341753 0.447949 0.625446 -0.638874 0.615202 0.706719 1 0 1.000000
  0 21.073658 49.300995 13.405229 0.013797 0.929245 -0.369206 0.620892 0.707637 1 0 1.000000
  0 23.319767 48.854778 15.802617 0.593116 0.779527 -0.201372 0.627202 0.700152 1 0 1.000000
barracuda
  0 23.319767 48.854778 15.802617 0.593116 0.779527 -0.201372 0.627202 0.700152 1 0 1.000000
  0 21.073658 49.300995 13.405229 0.013797 0.929245 -0.369206 0.620892 0.707637 1 0 1.000000
  0 22.537270 49.465660 24.450439 0.548413 0.810185 0.206987 0.659582 0.700480 1 0 1.000000
barracuda
  0 22.537270 49.465660 24.450439 0.548413 0.810185 0.206987 0.659582 0.700480 1 0 1.000000
  0 21.073658 49.300995 13.405229 0.013797 0.929245 -0.369206 0.620892 0.707637 1 0 1.000000
  0 20.154621 49.659439 26.842735 -0.022321 0.961176 0.275031 0.664019 0.707436 1 0 1.000000
barracuda
  0 20.154621 49.659439 26.842735 -0.022321 0.961176 0.275031 0.664019 0.707436 1 0 1.000000
  0 21.073658 49.300995 13.405229 0.013797 0.929245 -0.369206 0.620892 0.707637 1 0 1.000000
  0 18.490608 48.298332 28.257500 -0.682951 0.680345 0.265912 0.668095 0.714889 1 0 1.000000
barracuda
  0 20.154621 49.659439 26.842735 -0.022321 0.961176 0.275031 0.664019 0.707436 1 0 1.000000
  0 21.174206 48.613594 27.918007 0.427966 0.683505 0.591326 0.668881 0.706900 1 0 1.000000
  0 22.537270 49.465660 24.450439 0.548413 0.810185 0.206987 0.659582 0.700480 1 0 1.000000
barracuda
  0 18.490608 48.298332 28.257500 -0.682951 0.680345 0.265912 0.668095 0.714889 1 0 1.000000
  0 21.174206 48.613594 27.918007 0.427966 0.683505 0.591326 0.668881 0.706900 1 0 1.000000
  0 20.154621 49.659439 26.842735 -0.022321 0.961176 0.275031 0.664019 0.707436 1 0 1.000000
barracuda
  0 19.642746 47.235867 29.546198 0.092254 0.517404 0.850754 0.673531 0.715011 1 0 1.000000
  0 21.174206 48.613594 27.918007 0.427966 0.683505 0.591326 0.668881 0.706900 1 0 1.000000
  0 18.490608 48.298332 28.257500 -0.682951 0.680345 0.265912 0.668095 0.714889 1 0 1.000000
barracuda
  0 21.348309 45.640820 29.431036 0.558476 0.091546 0.824454 0.680501 0.713234 1 0 1.000000
  0 21.174206 48.613594 27.918007 0.427966 0.683505 0.591326 0.668881 0.706900 1 0 1.000000
  0 19.642746 47.235867 29.546198 0.092254 0.517404 0.850754 0.673531 0.715011 1 0 1.000000
barracuda
  0 22.768703 46.831459 27.841896 0.737376 0.342798 0.582036 0.675221 0.704806 1 0 1.000000
  0 21.174206 48.613594 27.918007 0.427966 0.683505 0.591326 0.668881 0.706900 1 0 1.000000
  0 21.348309 45.640820 29.431036 0.558476 0.091546 0.824454 0.680501 0.713234 1 0 1.000000
barracuda
  0 22.768703 46.831459 27.841896 0.737376 0.342798 0.582036 0.675221 0.704806 1 0 1.000000
  0 22.537270 49.465660 24.450439 0.548413 0.810185 0.206987 0.659582 0.700480 1 0 1.000000
  0 21.174206 48.613594 27.918007 0.427966 0.683505 0.591326 0.668881 0.706900 1 0 1.000000
barracuda
  0 15.010365 29.803553 11.202614 0.860571 -0.343976 -0.375630 0.607023 0.624117 1 0 1.000000
  0 8.336115 11.362961 29.772923 0.877819 -0.293085 0.378859 0.681219 0.554760 1 0 1.000000
  0 8.336094 10.620220 10.459354 0.884044 -0.293088 -0.364096 0.603668 0.552601 1 0 1.000000
barracuda
  0 14.884436 29.855064 29.056213 0.855182 -0.343928 0.387785 0.678699 0.623855 1 0 1.000000
  0 8.336115 11.362961 29.772923 0.877819 -0.293085 0.378859 0.681219 0.554760 1 0 1.000000
  0 15.010365 29.803553 11.202614 0.860571 -0.343976 -0.375630 0.607023 0.624117 1 0 1.000000
barracuda
  0 21.478519 42.968803 11.746300 0.818850 -0.421355 -0.389800 0.609417 0.675768 1 0 1.000000
  0 14.884436 29.855064 29.056213 0.855182 -0.343928 0.387785 0.678699 0.623855 1 0 1.000000
  0 15.010365 29.803553 11.202614 0.860571 -0.343976 -0.375630 0.607023 0.624117 1 0 1.000000
barracuda
  0 21.434719 43.000366 28.513603 0.815452 -0.419622 0.398692 0.676734 0.675590 1 0 1.000000
  0 14.884436 29.855064 29.056213 0.855182 -0.343928 0.387785 0.678699 0.623855 1 0 1.000000
  0 21.478519 42.968803 11.746300 0.818850 -0.421355 -0.389800 0.609417 0.675768 1 0 1.000000
barracuda
  0 21.434719 43.000366 28.513603 0.815452 -0.419622 0.398692 0.676734 0.675590 1 0 1.000000
  0 21.478519 42.968803 11.746300 0.818850 -0.421355 -0.389800 0.609417 0.675768 1 0 1.000000
  0 22.571438 44.579979 28.026588 0.819311 -0.425435 0.384362 0.674801 0.682450 1 0 1.000000
barracuda
  0 22.571438 44.579979 28.026588 0.819311 -0.425435 0.384362 0.674801 0.682450 1 0 1.000000
  0 21.478519 42.968803 11.746300 0.818850 -0.421355 -0.389800 0.609417 0.675768 1 0 1.000000
  0 22.594250 44.563133 12.221205 0.818834 -0.434803 -0.374777 0.611347 0.682616 1 0 1.000000
barracuda
  0 22.594250 44.563133 12.221205 0.818834 -0.434803 -0.374777 0.611347 0.682616 1 0 1.000000
  0 23.693325 45.704395 26.655056 0.942938 -0.158154 0.293009 0.669310 0.688058 1 0 1.000000
  0 22.571438 44.579979 28.026588 0.819311 -0.425435 0.384362 0.674801 0.682450 1 0 1.000000
barracuda
  0 23.693207 45.704231 13.586098 0.941445 -0.187519 -0.280210 0.616844 0.688183 1 0 1.000000
  0 23.693325 45.704395 26.655056 0.942938 -0.158154 0.293009 0.669310 0.688058 1 0 1.000000
  0 22.594250 44.563133 12.221205 0.818834 -0.434803 -0.374777 0.611347 0.682616 1 0 1.000000
barracuda
  0 23.693325 45.704395 26.655056 0.942938 -0.158154 0.293009 0.669310 0.688058 1 0 1.000000
  0 23.693207 45.704231 13.586098 0.941445 -0.187519 -0.280210 0.616844 0.688183 1 0 1.000000
  0 23.961147 47.774525 24.403105 0.900912 0.372488 0.222733 0.660289 0.695434 1 0 1.000000
barracuda
  0 23.961147 47.774525 24.403105 0.900912 0.372488 0.222733 0.660289 0.695434 1 0 1.000000
  0 23.693207 45.704231 13.586098 0.941445 -0.187519 -0.280210 0.616844 0.688183 1 0 1.000000
  0 24.079979 47.868446 15.835049 0.923610 0.328104 -0.198223 0.625897 0.695902 1 0 1.000000
barracuda
  0 23.319767 48.854778 15.802617 0.593116 0.779527 -0.201372 0.627202 0.700152 1 0 1.000000
  0 23.961147 47.774525 24.403105 0.900912 0.372488 0.222733 0.660289 0.695434 1 0 1.000000
  0 24.079979 47.868446 15.835049 0.923610 0.328104 -0.198223 0.625897 0.695902 1 0 1.000000
barracuda
  0 22.879475 46.925495 12.387403 0.742275 0.300964 -0.598706 0.611601 0.704700 1 0 1.000000
  0 23.319767 48.854778 15.802617 0.593116 0.779527 -0.201372 0.627202 0.700152 1 0 1.000000
  0 24.079979 47.868446 15.835049 0.923610 0.328104 -0.198223 0.625897 0.695902 1 0 1.000000
barracuda
  0 22.208420 48.039116 12.341753 0.447949 0.625446 -0.638874 0.615202 0.706719 1 0 1.000000
  0 23.319767 48.854778 15.802617 0.593116 0.779527 -0.201372 0.627202 0.700152 1 0 1.000000
  0 22.879475 46.925495 12.387403 0.742275 0.300964 -0.598706 0.611601 0.704700 1 0 1.000000
barracuda
  0 22.208420 48.039116 12.341753 0.447949 0.625446 -0.638874 0.615202 0.706719 1 0 1.000000
  0 22.879475 46.925495 12.387403 0.742275 0.300964 -0.598706 0.611601 0.704700 1 0 1.000000
  0 20.403252 46.299240 11.083439 0.096999 0.491795 -0.865291 0.610446 0.714010 1 0 1.000000
barracuda
  0 19.179710 47.577843 11.863604 -0.634045 0.659436 -0.403894 0.616406 0.714262 1 0 1.000000
  0 22.208420 48.039116 12.341753 0.447949 0.625446 -0.638874 0.615202 0.706719 1 0 1.000000
  0 20.403252 46.299240 11.083439 0.096999 0.491795 -0.865291 0.610446 0.714010 1 0 1.000000
barracuda
  0 19.179710 47.577843 11.863604 -0.634045 0.659436 -0.403894 0.616406 0.714262 1 0 1.000000
  0 20.403252 46.299240 11.083439 0.096999 0.491795 -0.865291 0.610446 0.714010 1 0 1.000000
  0 17.601929 45.761833 11.313410 -0.705598 0.581494 -0.404964 0.614588 0.720616 1 0 1.000000
barracuda
  0 19.179710 47.577843 11.863604 -0.634045 0.659436 -0.403894 0.616406 0.714262 1 0 1.000000
  0 17.601929 45.761833 11.313410 -0.705598 0.581494 -0.404964 0.614588 0.720616 1 0 1.000000
  0 18.586571 45.655647 20.658257 -0.887173 0.457291 -0.061712 0.643820 0.719430 1 0 1.000000
barracuda
  0 18.586571 45.655647 20.658257 -0.887173 0.457291 -0.061712 0.643820 0.719430 1 0 1.000000
  0 17.601929 45.761833 11.313410 -0.705598 0.581494 -0.404964 0.614588 0.720616 1 0 1.000000
  0 11.495529 31.241440 20.627197 -0.919193 0.389060 -0.060955 0.642938 0.771867 1 0 1.000000
barracuda
  0 17.601929 45.761833 11.313410 -0.705598 0.581494 -0.404964 0.614588 0.720616 1 0 1.000000
  0 20.403252 46.299240 11.083439 0.096999 0.491795 -0.865291 0.610446 0.714010 1 0 1.000000
  0 18.955940 44.786282 9.990076 -0.109839 0.317847 -0.941758 0.607967 0.720428 1 0 1.000000
barracuda
  0 18.955940 44.786282 9.990076 -0.109839 0.317847 -0.941758 0.607967 0.720428 1 0 1.000000
  0 20.403252 46.299240 11.083439 0.096999 0.491795 -0.865291 0.610446 0.714010 1 0 1.000000
  0 20.141754 43.931923 10.218107 0.433454 -0.061262 -0.899091 0.603082 0.719965 1 0 1.000000
barracuda
  0 18.955940 44.786282 9.990076 -0.109839 0.317847 -0.941758 0.607967 0.720428 1 0 1.000000
  0 20.141754 43.931923 10.218107 0.433454 -0.061262 -0.899091 0.603082 0.719965 1 0 1.000000
  0 11.762190 31.132349 9.350952 -0.260202 0.158312 -0.952487 0.603965 0.769719 1 0 1.000000
barracuda
  0 11.762190 31.132349 9.350952 -0.260202 0.158312 -0.952487 0.603965 0.769719 1 0 1.000000
  0 20.141754 43.931923 10.218107 0.433454 -0.061262 -0.899091 0.603082 0.719965 1 0 1.000000
  0 13.515348 30.415148 9.583988 0.422436 -0.136982 -0.895982 0.597605 0.769186 1 0 1.000000
barracuda
  0 13.515348 30.415148 9.583988 0.422436 -0.136982 -0.895982 0.597605 0.769186 1 0 1.000000
  0 6.114946 16.205540 8.659966 -0.099429 0.277469 -0.955576 0.603459 0.812926 1 0 1.000000
  0 11.762190 31.132349 9.350952 -0.260202 0.158312 -0.952487 0.603965 0.769719 1 0 1.000000
barracuda
  0 6.667130 10.585434 8.686157 0.310071 -0.072200 -0.947968 0.595333 0.811921 1 0 1.000000
  0 6.114946 16.205540 8.659966 -0.099429 0.277469 -0.955576 0.603459 0.812926 1 0 1.000000
  0 13.515348 30.415148 9.583988 0.422436 -0.136982 -0.895982 0.597605 0.769186 1 0 1.000000
barracuda
  0 6.667130 10.585434 8.686157 0.310071 -0.072200 -0.947968 0.595333 0.811921 1 0 1.000000
  0 13.515348 30.415148 9.583988 0.422436 -0.136982 -0.895982 0.597605 0.769186 1 0 1.000000
  0 8.336094 10.620220 10.459354 0.884044 -0.293088 -0.364096 0.587542 0.810785 1 0 1.000000
barracuda
  0 8.336094 10.620220 10.459354 0.884044 -0.293088 -0.364096 0.587542 0.810785 1 0 1.000000
  0 13.515348 30.415148 9.583988 0.422436 -0.136982 -0.895982 0.597605 0.769186 1 0 1.000000
  0 15.010365 29.803553 11.202614 0.860571 -0.343976 -0.375630 0.589820 0.768515 1 0 1.000000
barracuda
  0 13.515348 30.415148 9.583988 0.422436 -0.136982 -0.895982 0.597605 0.769186 1 0 1.000000
  0 21.478519 42.968803 11.746300 0.818850 -0.421355 -0.389800 0.594673 0.718653 1 0 1.000000
  0 15.010365 29.803553 11.202614 0.860571 -0.343976 -0.375630 0.589820 0.768515 1 0 1.000000
barracuda
  0 20.141754 43.931923 10.218107 0.433454 -0.061262 -0.899091 0.603082 0.719965 1 0 1.000000
  0 21.478519 42.968803 11.746300 0.818850 -0.421355 -0.389800 0.594673 0.718653 1 0 1.000000
  0 13.515348 30.415148 9.583988 0.422436 -0.136982 -0.895982 0.597605 0.769186 1 0 1.000000
barracuda
  0 20.141754 43.931923 10.218107 0.433454 -0.061262 -0.899091 0.603082 0.719965 1 0 1.000000
  0 21.370037 45.624786 10.763481 0.523884 0.124948 -0.842575 0.606440 0.712995 1 0 1.000000
  0 21.478519 42.968803 11.746300 0.818850 -0.421355 -0.389800 0.594673 0.718653 1 0 1.000000
barracuda
  0 20.141754 43.931923 10.218107 0.433454 -0.061262 -0.899091 0.603082 0.719965 1 0 1.000000
  0 20.403252 46.299240 11.083439 0.096999 0.491795 -0.865291 0.610446 0.714010 1 0 1.000000
  0 21.370037 45.624786 10.763481 0.523884 0.124948 -0.842575 0.606440 0.712995 1 0 1.000000
barracuda
  0 20.403252 46.299240 11.083439 0.096999 0.491795 -0.865291 0.610446 0.714010 1 0 1.000000
  0 22.879475 46.925495 12.387403 0.742275 0.300964 -0.598706 0.611601 0.704700 1 0 1.000000
  0 21.370037 45.624786 10.763481 0.523884 0.124948 -0.842575 0.606440 0.712995 1 0 1.000000
barracuda
  0 21.370037 45.624786 10.763481 0.523884 0.124948 -0.842575 0.606440 0.712995 1 0 1.000000
  0 22.879475 46.925495 12.387403 0.742275 0.300964 -0.598706 0.611601 0.704700 1 0 1.000000
  0 22.594250 44.563133 12.221205 0.818834 -0.434803 -0.374777 0.600165 0.707008 1 0 1.000000
barracuda
  0 22.594250 44.563133 12.221205 0.818834 -0.434803 -0.374777 0.600165 0.707008 1 0 1.000000
  0 22.879475 46.925495 12.387403 0.742275 0.300964 -0.598706 0.611601 0.704700 1 0 1.000000
  0 23.693207 45.704231 13.586098 0.941445 -0.187519 -0.280210 0.607971 0.698363 1 0 1.000000
barracuda
  0 24.079979 47.868446 15.835049 0.923610 0.328104 -0.198223 0.625897 0.695902 1 0 1.000000
  0 23.693207 45.704231 13.586098 0.941445 -0.187519 -0.280210 0.607971 0.698363 1 0 1.000000
  0 22.879475 46.925495 12.387403 0.742275 0.300964 -0.598706 0.611601 0.704700 1 0 1.000000
barracuda
  0 21.478519 42.968803 11.746300 0.818850 -0.421355 -0.389800 0.594673 0.718653 1 0 1.000000
  0 21.370037 45.624786 10.763481 0.523884 0.124948 -0.842575 0.606440 0.712995 1 0 1.000000
  0 22.594250 44.563133 12.221205 0.818834 -0.434803 -0.374777 0.600165 0.707008 1 0 1.000000
barracuda
  0 -10.991970 56.176033 29.470314 -0.082075 -0.824679 -0.559615 2.652217 0.932418 1 0 1.000000
  0 -12.304146 56.781414 29.297834 -0.273507 -0.739008 -0.615680 2.652233 0.932537 1 0 1.000000
  0 -13.253801 58.091686 24.104599 -0.084167 -0.978366 -0.188987 2.652702 0.932625 1 0 1.000000
barracuda
  0 -13.253801 58.091686 24.104599 -0.084167 -0.978366 -0.188987 2.652702 0.932625 1 0 1.000000
  0 -12.304146 56.781414 29.297834 -0.273507 -0.739008 -0.615680 2.652233 0.932537 1 0 1.000000
  0 -13.764849 58.267879 24.892895 -0.404433 -0.909858 -0.092696 2.652631 0.932671 1 0 1.000000
barracuda
  0 -15.561789 59.532875 12.218710 -0.428001 -0.903678 -0.013458 2.653777 0.932835 1 0 1.000000
  0 -13.253801 58.091686 24.104599 -0.084167 -0.978366 -0.188987 2.652702 0.932625 1 0 1.000000
  0 -13.764849 58.267879 24.892895 -0.404433 -0.909858 -0.092696 2.652631 0.932671 1 0 1.000000
barracuda
  0 -14.993610 59.305233 12.182949 -0.108209 -0.993292 -0.040773 2.653781 0.932783 1 0 1.000000
  0 -13.253801 58.091686 24.104599 -0.084167 -0.978366 -0.188987 2.652702 0.932625 1 0 1.000000
  0 -15.561789 59.532875 12.218710 -0.428001 -0.903678 -0.013458 2.653777 0.932835 1 0 1.000000
barracuda
  0 -15.561789 59.532875 12.218710 -0.428001 -0.903678 -0.013458 2.653777 0.932835 1 0 1.000000
  0 -15.464041 59.305237 -0.226372 -0.141633 -0.989919 0.000000 2.654903 0.932826 1 0 1.000000
  0 -14.993610 59.305233 12.182949 -0.108209 -0.993292 -0.040773 2.653781 0.932783 1 0 1.000000
barracuda
  0 -16.088566 59.727364 -0.226370 -0.478114 -0.878298 0.000000 2.654903 0.932882 1 0 1.000000
  0 -15.464041 59.305237 -0.226372 -0.141633 -0.989919 0.000000 2.654903 0.932826 1 0 1.000000
  0 -15.561789 59.532875 12.218710 -0.428001 -0.903678 -0.013458 2.653777 0.932835 1 0 1.000000
barracuda
  0 -16.088566 59.727364 -0.226370 -0.478114 -0.878298 0.000000 2.654903 0.932882 1 0 1.000000
  0 -15.561789 59.532875 -12.671461 -0.428002 -0.903678 0.013458 2.656028 0.932835 1 0 1.000000
  0 -15.464041 59.305237 -0.226372 -0.141633 -0.989919 0.000000 2.654903 0.932826 1 0 1.000000
barracuda
  0 -15.561789 59.532875 -12.671461 -0.428002 -0.903678 0.013458 2.656028 0.932835 1 0 1.000000
  0 -13.253801 58.091682 -24.557348 -0.084168 -0.978366 0.188987 2.657103 0.932626 1 0 1.000000
  0 -14.993610 59.305237 -12.635700 -0.108209 -0.993292 0.040773 2.656025 0.932783 1 0 1.000000
barracuda
  0 -15.464041 59.305237 -0.226372 -0.141633 -0.989919 0.000000 2.654903 0.932826 1 0 1.000000
  0 -15.561789 59.532875 -12.671461 -0.428002 -0.903678 0.013458 2.656028 0.932835 1 0 1.000000
  0 -14.993610 59.305237 -12.635700 -0.108209 -0.993292 0.040773 2.656025 0.932783 1 0 1.000000
barracuda
  0 -14.993610 59.305237 -12.635700 -0.108209 -0.993292 0.040773 2.656025 0.932783 1 0 1.000000
  0 -8.201188 60.834450 -0.226372 0.161084 -0.986941 0.000000 2.654903 0.932169 1 0 1.000000
  0 -15.464041 59.305237 -0.226372 -0.141633 -0.989919 0.000000 2.654903 0.932826 1 0 1.000000
barracuda
  0 -15.464041 59.305237 -0.226372 -0.141633 -0.989919 0.000000 2.654903 0.932826 1 0 1.000000
  0 -8.201188 60.834450 -0.226372 0.161084 -0.986941 0.000000 2.654903 0.932169 1 0 1.000000
  0 -14.993610 59.305233 12.182949 -0.108209 -0.993292 -0.040773 2.653781 0.932783 1 0 1.000000
barracuda
  0 -14.993610 59.305233 12.182949 -0.108209 -0.993292 -0.040773 2.653781 0.932783 1 0 1.000000
  0 -8.201188 60.834450 -0.226372 0.161084 -0.986941 0.000000 2.654903 0.932169 1 0 1.000000
  0 -8.201188 60.834450 12.182936 0.166525 -0.984151 -0.060955 2.653781 0.932169 1 0 1.000000
barracuda
  0 -14.993610 59.305233 12.182949 -0.108209 -0.993292 -0.040773 2.653781 0.932783 1 0 1.000000
  0 -8.201188 60.834450 12.182936 0.166525 -0.984151 -0.060955 2.653781 0.932169 1 0 1.000000
  0 -13.253801 58.091686 24.104599 -0.084167 -0.978366 -0.188987 2.652702 0.932625 1 0 1.000000
barracuda
  0 -13.253801 58.091686 24.104599 -0.084167 -0.978366 -0.188987 2.652702 0.932625 1 0 1.000000
  0 -8.201188 60.834450 12.182936 0.166525 -0.984151 -0.060955 2.653781 0.932169 1 0 1.000000
  0 -8.201188 59.432945 24.101765 0.177622 -0.949156 -0.259910 2.652703 0.932169 1 0 1.000000
barracuda
  0 -13.253801 58.091686 24.104599 -0.084167 -0.978366 -0.188987 2.652702 0.932625 1 0 1.000000
  0 -8.201188 59.432945 24.101765 0.177622 -0.949156 -0.259910 2.652703 0.932169 1 0 1.000000
  0 -10.991970 56.176033 29.470314 -0.082075 -0.824679 -0.559615 2.652217 0.932418 1 0 1.000000
barracuda
  0 -10.991970 56.176033 29.470314 -0.082075 -0.824679 -0.559615 2.652217 0.932418 1 0 1.000000
  0 -8.201188 59.432945 24.101765 0.177622 -0.949156 -0.259910 2.652703 0.932169 1 0 1.000000
  0 -8.201188 57.382668 28.941528 0.180216 -0.900858 -0.394939 2.652264 0.932162 1 0 1.000000
barracuda
  0 -8.201188 57.382668 28.941528 0.180216 -0.900858 -0.394939 2.652264 0.932162 1 0 1.000000
  0 -8.201188 59.432945 24.101765 0.177622 -0.949156 -0.259910 2.652703 0.932169 1 0 1.000000
  0 -2.636660 57.993412 28.941515 0.064079 -0.920668 -0.385052 2.652265 0.931652 1 0 1.000000
barracuda
  0 -2.636660 57.993412 28.941515 0.064079 -0.920668 -0.385052 2.652265 0.931652 1 0 1.000000
  0 -8.201188 59.432945 24.101765 0.177622 -0.949156 -0.259910 2.652703 0.932169 1 0 1.000000
  0 -2.636660 60.043686 24.101767 0.066412 -0.965120 -0.253245 2.652703 0.931666 1 0 1.000000
barracuda
  0 -2.636660 57.993412 28.941515 0.064079 -0.920668 -0.385052 2.652265 0.931652 1 0 1.000000
  0 -2.636660 60.043686 24.101767 0.066412 -0.965120 -0.253245 2.652703 0.931666 1 0 1.000000
  0 14.026363 58.437111 29.195045 -0.015361 -0.923945 -0.382217 2.652262 0.930129 1 0 1.000000
barracuda
  0 14.026363 58.437111 29.195045 -0.015361 -0.923945 -0.382217 2.652262 0.930129 1 0 1.000000
  0 -2.636660 60.043686 24.101767 0.066412 -0.965120 -0.253245 2.652703 0.931666 1 0 1.000000
  0 14.026363 60.487389 24.103125 -0.008127 -0.967357 -0.253288 2.652703 0.930159 1 0 1.000000
barracuda
  0 14.026363 58.437111 29.195045 -0.015361 -0.923945 -0.382217 2.652262 0.930129 1 0 1.000000
  0 14.026363 60.487389 24.103125 -0.008127 -0.967357 -0.253288 2.652703 0.930159 1 0 1.000000
  0 27.513634 57.495018 29.268555 -0.088367 -0.852589 -0.515057 2.652218 0.928924 1 0 1.000000
barracuda
  0 -8.201188 59.432945 24.101765 0.177622 -0.949156 -0.259910 2.652703 0.932169 1 0 1.000000
  0 -8.201188 60.834450 12.182936 0.166525 -0.984151 -0.060955 2.653781 0.932169 1 0 1.000000
  0 -2.636660 60.043686 24.101767 0.066412 -0.965120 -0.253245 2.652703 0.931666 1 0 1.000000
barracuda
  0 -2.636660 60.043686 24.101767 0.066412 -0.965120 -0.253245 2.652703 0.931666 1 0 1.000000
  0 -2.636660 61.445190 12.182935 0.067804 -0.995990 -0.058356 2.653781 0.931666 1 0 1.000000
  0 14.026363 60.487389 24.103125 -0.008127 -0.967357 -0.253288 2.652703 0.930159 1 0 1.000000
barracuda
  0 -2.636660 60.043686 24.101767 0.066412 -0.965120 -0.253245 2.652703 0.931666 1 0 1.000000
  0 -8.201188 60.834450 12.182936 0.166525 -0.984151 -0.060955 2.653781 0.932169 1 0 1.000000
  0 -2.636660 61.445190 12.182935 0.067804 -0.995990 -0.058356 2.653781 0.931666 1 0 1.000000
barracuda
  0 -8.201188 60.834450 12.182936 0.166525 -0.984151 -0.060955 2.653781 0.932169 1 0 1.000000
  0 -8.201188 60.834450 -0.226372 0.161084 -0.986941 0.000000 2.654903 0.932169 1 0 1.000000
  0 -2.636660 61.445190 12.182935 0.067804 -0.995990 -0.058356 2.653781 0.931666 1 0 1.000000
barracuda
  0 -8.201188 59.432945 -24.554516 0.177622 -0.949156 0.259910 2.657103 0.932169 1 0 1.000000
  0 -8.201188 60.834454 -12.635687 0.166524 -0.984151 0.060956 2.656025 0.932169 1 0 1.000000
  0 -13.253801 58.091682 -24.557348 -0.084168 -0.978366 0.188987 2.657103 0.932626 1 0 1.000000
barracuda
  0 -13.253801 58.091682 -24.557348 -0.084168 -0.978366 0.188987 2.657103 0.932626 1 0 1.000000
  0 -8.201188 60.834454 -12.635687 0.166524 -0.984151 0.060956 2.656025 0.932169 1 0 1.000000
  0 -14.993610 59.305237 -12.635700 -0.108209 -0.993292 0.040773 2.656025 0.932783 1 0 1.000000
barracuda
  0 -8.201188 60.834454 -12.635687 0.166524 -0.984151 0.060956 2.656025 0.932169 1 0 1.000000
  0 -8.201188 60.834450 -0.226372 0.161084 -0.986941 0.000000 2.654903 0.932169 1 0 1.000000
  0 -14.993610 59.305237 -12.635700 -0.108209 -0.993292 0.040773 2.656025 0.932783 1 0 1.000000
barracuda
  0 44.462914 58.034554 25.571049 -0.112811 -0.710491 -0.694605 2.652576 0.927446 1 0 1.000000
  0 27.513634 57.495018 29.268555 -0.088367 -0.852589 -0.515057 2.652218 0.928924 1 0 1.000000
  0 43.925117 58.722633 24.746464 -0.084200 -0.901689 -0.424108 2.652645 0.927455 1 0 1.000000
barracuda
  0 27.513634 57.495018 29.268555 -0.088367 -0.852589 -0.515057 2.652218 0.928924 1 0 1.000000
  0 27.513634 60.179741 22.936657 -0.061021 -0.975640 -0.210718 2.652808 0.928939 1 0 1.000000
  0 43.925117 58.722633 24.746464 -0.084200 -0.901689 -0.424108 2.652645 0.927455 1 0 1.000000
barracuda
  0 27.513634 57.495018 29.268555 -0.088367 -0.852589 -0.515057 2.652218 0.928924 1 0 1.000000
  0 14.026363 60.487389 24.103125 -0.008127 -0.967357 -0.253288 2.652703 0.930159 1 0 1.000000
  0 27.513634 60.179741 22.936657 -0.061021 -0.975640 -0.210718 2.652808 0.928939 1 0 1.000000
barracuda
  0 14.026363 60.487389 24.103125 -0.008127 -0.967357 -0.253288 2.652703 0.930159 1 0 1.000000
  0 14.026363 61.888893 12.182941 0.000582 -0.998200 -0.059972 2.653781 0.930159 1 0 1.000000
  0 27.513634 60.179741 22.936657 -0.061021 -0.975640 -0.210718 2.652808 0.928939 1 0 1.000000
barracuda
  0 14.026363 60.487389 24.103125 -0.008127 -0.967357 -0.253288 2.652703 0.930159 1 0 1.000000
  0 -2.636660 61.445190 12.182935 0.067804 -0.995990 -0.058356 2.653781 0.931666 1 0 1.000000
  0 14.026363 61.888893 12.182941 0.000582 -0.998200 -0.059972 2.653781 0.930159 1 0 1.000000
barracuda
  0 -2.636660 61.445190 12.182935 0.067804 -0.995990 -0.058356 2.653781 0.931666 1 0 1.000000
  0 -2.636660 61.445190 -0.226375 0.067918 -0.997691 0.000000 2.654903 0.931666 1 0 1.000000
  0 14.026363 61.888893 12.182941 0.000582 -0.998200 -0.059972 2.653781 0.930159 1 0 1.000000
barracuda
  0 -2.636660 61.445190 12.182935 0.067804 -0.995990 -0.058356 2.653781 0.931666 1 0 1.000000
  0 -8.201188 60.834450 -0.226372 0.161084 -0.986941 0.000000 2.654903 0.932169 1 0 1.000000
  0 -2.636660 61.445190 -0.226375 0.067918 -0.997691 0.000000 2.654903 0.931666 1 0 1.000000
barracuda
  0 -8.201188 60.834450 -0.226372 0.161084 -0.986941 0.000000 2.654903 0.932169 1 0 1.000000
  0 -2.636660 61.445190 -12.635684 0.067804 -0.995990 0.058357 2.656025 0.931666 1 0 1.000000
  0 -2.636660 61.445190 -0.226375 0.067918 -0.997691 0.000000 2.654903 0.931666 1 0 1.000000
barracuda
  0 -8.201188 60.834454 -12.635687 0.166524 -0.984151 0.060956 2.656025 0.932169 1 0 1.000000
  0 -2.636660 61.445190 -12.635684 0.067804 -0.995990 0.058357 2.656025 0.931666 1 0 1.000000
  0 -8.201188 60.834450 -0.226372 0.161084 -0.986941 0.000000 2.654903 0.932169 1 0 1.000000
barracuda
  0 -8.201188 60.834454 -12.635687 0.166524 -0.984151 0.060956 2.656025 0.932169 1 0 1.000000
  0 -2.636660 60.043678 -24.554514 0.066411 -0.965120 0.253244 2.657103 0.931666 1 0 1.000000
  0 -2.636660 61.445190 -12.635684 0.067804 -0.995990 0.058357 2.656025 0.931666 1 0 1.000000
barracuda
  0 -8.201188 59.432945 -24.554516 0.177622 -0.949156 0.259910 2.657103 0.932169 1 0 1.000000
  0 -2.636660 60.043678 -24.554514 0.066411 -0.965120 0.253244 2.657103 0.931666 1 0 1.000000
  0 -8.201188 60.834454 -12.635687 0.166524 -0.984151 0.060956 2.656025 0.932169 1 0 1.000000
barracuda
  0 -8.201188 59.432945 -24.554516 0.177622 -0.949156 0.259910 2.657103 0.932169 1 0 1.000000
  0 -2.636660 57.993408 -29.394274 0.064078 -0.920668 0.385051 2.657541 0.931666 1 0 1.000000
  0 -2.636660 60.043678 -24.554514 0.066411 -0.965120 0.253244 2.657103 0.931666 1 0 1.000000
barracuda
  0 -8.201188 57.382671 -29.394281 0.180216 -0.900858 0.394938 2.657541 0.932169 1 0 1.000000
  0 -2.636660 57.993408 -29.394274 0.064078 -0.920668 0.385051 2.657541 0.931666 1 0 1.000000
  0 -8.201188 59.432945 -24.554516 0.177622 -0.949156 0.259910 2.657103 0.932169 1 0 1.000000
barracuda
  0 -8.201188 57.382671 -29.394281 0.180216 -0.900858 0.394938 2.657541 0.932169 1 0 1.000000
  0 -8.201188 59.432945 -24.554516 0.177622 -0.949156 0.259910 2.657103 0.932169 1 0 1.000000
  0 -10.991970 56.176033 -29.923069 -0.082075 -0.824679 0.559615 2.657588 0.932421 1 0 1.000000
barracuda
  0 -10.991970 56.176033 -29.923069 -0.082075 -0.824679 0.559615 2.657588 0.932421 1 0 1.000000
  0 -8.201188 59.432945 -24.554516 0.177622 -0.949156 0.259910 2.657103 0.932169 1 0 1.000000
  0 -13.253801 58.091682 -24.557348 -0.084168 -0.978366 0.188987 2.657103 0.932626 1 0 1.000000
barracuda
  0 -10.991970 56.176033 -29.923069 -0.082075 -0.824679 0.559615 2.657588 0.932421 1 0 1.000000
  0 -13.253801 58.091682 -24.557348 -0.084168 -0.978366 0.188987 2.657103 0.932626 1 0 1.000000
  0 -12.304146 56.781410 -29.750586 -0.273508 -0.739008 0.615679 2.657573 0.932540 1 0 1.000000
barracuda
  0 -12.304146 56.781410 -29.750586 -0.273508 -0.739008 0.615679 2.657573 0.932540 1 0 1.000000
  0 -13.253801 58.091682 -24.557348 -0.084168 -0.978366 0.188987 2.657103 0.932626 1 0 1.000000
  0 -13.764849 58.267883 -25.345652 -0.404435 -0.909857 0.092696 2.657174 0.932672 1 0 1.000000
barracuda
  0 -13.764849 58.267883 -25.345652 -0.404435 -0.909857 0.092696 2.657174 0.932672 1 0 1.000000
  0 -13.253801 58.091682 -24.557348 -0.084168 -0.978366 0.188987 2.657103 0.932626 1 0 1.000000
  0 -15.561789 59.532875 -12.671461 -0.428002 -0.903678 0.013458 2.656028 0.932835 1 0 1.000000
barracuda
  0 43.925117 58.722633 24.746464 -0.084200 -0.901689 -0.424108 2.652645 0.927455 1 0 1.000000
  0 27.513634 60.179741 22.936657 -0.061021 -0.975640 -0.210718 2.652808 0.928939 1 0 1.000000
  0 44.988533 59.440475 16.742260 -0.078312 -0.982935 -0.166453 2.653368 0.927359 1 0 1.000000
barracuda
  0 27.513634 60.179741 22.936657 -0.061021 -0.975640 -0.210718 2.652808 0.928939 1 0 1.000000
  0 27.513634 61.581245 12.182940 -0.064836 -0.996302 -0.056372 2.653781 0.928939 1 0 1.000000
  0 44.988533 59.440475 16.742260 -0.078312 -0.982935 -0.166453 2.653368 0.927359 1 0 1.000000
barracuda
  0 27.513634 60.179741 22.936657 -0.061021 -0.975640 -0.210718 2.652808 0.928939 1 0 1.000000
  0 14.026363 61.888893 12.182941 0.000582 -0.998200 -0.059972 2.653781 0.930159 1 0 1.000000
  0 27.513634 61.581245 12.182940 -0.064836 -0.996302 -0.056372 2.653781 0.928939 1 0 1.000000
barracuda
  0 14.026363 61.888893 12.182941 0.000582 -0.998200 -0.059972 2.653781 0.930159 1 0 1.000000
  0 14.026363 61.888893 -0.226374 0.001908 -0.999998 0.000000 2.654903 0.930159 1 0 1.000000
  0 27.513634 61.581245 12.182940 -0.064836 -0.996302 -0.056372 2.653781 0.928939 1 0 1.000000
barracuda
  0 14.026363 61.888893 12.182941 0.000582 -0.998200 -0.059972 2.653781 0.930159 1 0 1.000000
  0 -2.636660 61.445190 -0.226375 0.067918 -0.997691 0.000000 2.654903 0.931666 1 0 1.000000
  0 14.026363 61.888893 -0.226374 0.001908 -0.999998 0.000000 2.654903 0.930159 1 0 1.000000
barracuda
  0 -2.636660 61.445190 -0.226375 0.067918 -0.997691 0.000000 2.654903 0.931666 1 0 1.000000
  0 14.026363 61.888893 -12.635690 0.000582 -0.998200 0.059973 2.656025 0.930159 1 0 1.000000
  0 14.026363 61.888893 -0.226374 0.001908 -0.999998 0.000000 2.654903 0.930159 1 0 1.000000
barracuda
  0 -2.636660 61.445190 -12.635684 0.067804 -0.995990 0.058357 2.656025 0.931666 1 0 1.000000
  0 14.026363 61.888893 -12.635690 0.000582 -0.998200 0.059973 2.656025 0.930159 1 0 1.000000
  0 -2.636660 61.445190 -0.226375 0.067918 -0.997691 0.000000 2.654903 0.931666 1 0 1.000000
barracuda
  0 -2.636660 61.445190 -12.635684 0.067804 -0.995990 0.058357 2.656025 0.931666 1 0 1.000000
  0 14.026363 60.487389 -24.555880 -0.008127 -0.967357 0.253288 2.657103 0.930159 1 0 1.000000
  0 14.026363 61.888893 -12.635690 0.000582 -0.998200 0.059973 2.656025 0.930159 1 0 1.000000
barracuda
  0 -2.636660 60.043678 -24.554514 0.066411 -0.965120 0.253244 2.657103 0.931666 1 0 1.000000
  0 14.026363 60.487389 -24.555880 -0.008127 -0.967357 0.253288 2.657103 0.930159 1 0 1.000000
  0 -2.636660 61.445190 -12.635684 0.067804 -0.995990 0.058357 2.656025 0.931666 1 0 1.000000
barracuda
  0 -2.636660 60.043678 -24.554514 0.066411 -0.965120 0.253244 2.657103 0.931666 1 0 1.000000
  0 14.026363 58.437115 -29.647800 -0.015361 -0.923945 0.382217 2.657563 0.930159 1 0 1.000000
  0 14.026363 60.487389 -24.555880 -0.008127 -0.967357 0.253288 2.657103 0.930159 1 0 1.000000
barracuda
  0 -2.636660 57.993408 -29.394274 0.064078 -0.920668 0.385051 2.657541 0.931666 1 0 1.000000
  0 14.026363 58.437115 -29.647800 -0.015361 -0.923945 0.382217 2.657563 0.930159 1 0 1.000000
  0 -2.636660 60.043678 -24.554514 0.066411 -0.965120 0.253244 2.657103 0.931666 1 0 1.000000
barracuda
  0 27.513634 61.581245 12.182940 -0.064836 -0.996302 -0.056372 2.653781 0.928939 1 0 1.000000
  0 14.026363 61.888893 -0.226374 0.001908 -0.999998 0.000000 2.654903 0.930159 1 0 1.000000
  0 27.513634 61.581253 -0.226376 -0.067495 -0.997719 0.000000 2.654903 0.928939 1 0 1.000000
barracuda
  0 14.026363 61.888893 -0.226374 0.001908 -0.999998 0.000000 2.654903 0.930159 1 0 1.000000
  0 27.513634 61.581249 -12.635693 -0.064836 -0.996302 0.056372 2.656025 0.928939 1 0 1.000000
  0 27.513634 61.581253 -0.226376 -0.067495 -0.997719 0.000000 2.654903 0.928939 1 0 1.000000
barracuda
  0 14.026363 61.888893 -12.635690 0.000582 -0.998200 0.059973 2.656025 0.930159 1 0 1.000000
  0 27.513634 61.581249 -12.635693 -0.064836 -0.996302 0.056372 2.656025 0.928939 1 0 1.000000
  0 14.026363 61.888893 -0.226374 0.001908 -0.999998 0.000000 2.654903 0.930159 1 0 1.000000
barracuda
  0 14.026363 61.888893 -12.635690 0.000582 -0.998200 0.059973 2.656025 0.930159 1 0 1.000000
  0 27.513634 60.179741 -23.389410 -0.061021 -0.975640 0.210718 2.656997 0.928939 1 0 1.000000
  0 27.513634 61.581249 -12.635693 -0.064836 -0.996302 0.056372 2.656025 0.928939 1 0 1.000000
barracuda
  0 14.026363 60.487389 -24.555880 -0.008127 -0.967357 0.253288 2.657103 0.930159 1 0 1.000000
  0 27.513634 60.179741 -23.389410 -0.061021 -0.975640 0.210718 2.656997 0.928939 1 0 1.000000
  0 14.026363 61.888893 -12.635690 0.000582 -0.998200 0.059973 2.656025 0.930159 1 0 1.000000
barracuda
  0 14.026363 60.487389 -24.555880 -0.008127 -0.967357 0.253288 2.657103 0.930159 1 0 1.000000
  0 27.513634 57.495018 -29.721310 -0.088368 -0.852589 0.515057 2.657562 0.928959 1 0 1.000000
  0 27.513634 60.179741 -23.389410 -0.061021 -0.975640 0.210718 2.656997 0.928939 1 0 1.000000
barracuda
  0 14.026363 58.437115 -29.647800 -0.015361 -0.923945 0.382217 2.657563 0.930159 1 0 1.000000
  0 27.513634 57.495018 -29.721310 -0.088368 -0.852589 0.515057 2.657562 0.928959 1 0 1.000000
  0 14.026363 60.487389 -24.555880 -0.008127 -0.967357 0.253288 2.657103 0.930159 1 0 1.000000
barracuda
  0 66.406204 46.859428 -32.303001 -0.119007 -0.612719 0.781289 2.657551 0.925393 1 0 1.000000
  0 44.462914 58.034554 -26.023796 -0.112811 -0.710491 0.694605 2.657162 0.927489 1 0 1.000000
  0 58.659351 46.485149 -33.226051 -0.119007 -0.612719 0.781289 2.657765 0.926061 1 0 1.000000
barracuda
  0 58.659351 46.485149 -33.226051 -0.119007 -0.612719 0.781289 2.657765 0.926061 1 0 1.000000
  0 44.462914 58.034554 -26.023796 -0.112811 -0.710491 0.694605 2.657162 0.927489 1 0 1.000000
  0 42.133556 47.051743 -35.195129 -0.119007 -0.612719 0.781289 2.658084 0.927567 1 0 1.000000
barracuda
  0 44.462914 58.034554 -26.023796 -0.112811 -0.710491 0.694605 2.657162 0.927489 1 0 1.000000
  0 27.513634 57.495018 -29.721310 -0.088368 -0.852589 0.515057 2.657562 0.928959 1 0 1.000000
  0 42.133556 47.051743 -35.195129 -0.119007 -0.612719 0.781289 2.658084 0.927567 1 0 1.000000
barracuda
  0 44.462914 58.034554 -26.023796 -0.112811 -0.710491 0.694605 2.657162 0.927489 1 0 1.000000
  0 43.925117 58.722633 -25.199215 -0.084201 -0.901689 0.424108 2.657161 0.927455 1 0 1.000000
  0 27.513634 57.495018 -29.721310 -0.088368 -0.852589 0.515057 2.657562 0.928959 1 0 1.000000
barracuda
  0 27.513634 57.495018 -29.721310 -0.088368 -0.852589 0.515057 2.657562 0.928959 1 0 1.000000
  0 43.925117 58.722633 -25.199215 -0.084201 -0.901689 0.424108 2.657161 0.927455 1 0 1.000000
  0 27.513634 60.179741 -23.389410 -0.061021 -0.975640 0.210718 2.656997 0.928939 1 0 1.000000
barracuda
  0 27.513634 60.179741 -23.389410 -0.061021 -0.975640 0.210718 2.656997 0.928939 1 0 1.000000
  0 43.925117 58.722633 -25.199215 -0.084201 -0.901689 0.424108 2.657161 0.927455 1 0 1.000000
  0 44.988533 59.440475 -17.195007 -0.078312 -0.982935 0.166453 2.656437 0.927359 1 0 1.000000
barracuda
  0 27.513634 60.179741 -23.389410 -0.061021 -0.975640 0.210718 2.656997 0.928939 1 0 1.000000
  0 44.988533 59.440475 -17.195007 -0.078312 -0.982935 0.166453 2.656437 0.927359 1 0 1.000000
  0 27.513634 61.581249 -12.635693 -0.064836 -0.996302 0.056372 2.656025 0.928939 1 0 1.000000
barracuda
  0 27.513634 61.581249 -12.635693 -0.064836 -0.996302 0.056372 2.656025 0.928939 1 0 1.000000
  0 44.988533 59.440475 -17.195007 -0.078312 -0.982935 0.166453 2.656437 0.927359 1 0 1.000000
  0 45.210560 59.523087 -12.621737 -0.104123 -0.993244 0.051223 2.656024 0.927339 1 0 1.000000
barracuda
  0 27.513634 61.581249 -12.635693 -0.064836 -0.996302 0.056372 2.656025 0.928939 1 0 1.000000
  0 45.210560 59.523087 -12.621737 -0.104123 -0.993244 0.051223 2.656024 0.927339 1 0 1.000000
  0 27.513634 61.581253 -0.226376 -0.067495 -0.997719 0.000000 2.654903 0.928939 1 0 1.000000
barracuda
  0 27.513634 61.581253 -0.226376 -0.067495 -0.997719 0.000000 2.654903 0.928939 1 0 1.000000
  0 45.210560 59.523087 -12.621737 -0.104123 -0.993244 0.051223 2.656024 0.927339 1 0 1.000000
  0 46.322033 59.523087 -0.226377 -0.112051 -0.993702 0.000000 2.654903 0.927239 1 0 1.000000
barracuda
  0 45.210560 59.523083 12.168980 -0.104123 -0.993244 -0.051223 2.653782 0.927339 1 0 1.000000
  0 27.513634 61.581253 -0.226376 -0.067495 -0.997719 0.000000 2.654903 0.928939 1 0 1.000000
  0 46.322033 59.523087 -0.226377 -0.112051 -0.993702 0.000000 2.654903 0.927239 1 0 1.000000
barracuda
  0 27.513634 61.581245 12.182940 -0.064836 -0.996302 -0.056372 2.653781 0.928939 1 0 1.000000
  0 27.513634 61.581253 -0.226376 -0.067495 -0.997719 0.000000 2.654903 0.928939 1 0 1.000000
  0 45.210560 59.523083 12.168980 -0.104123 -0.993244 -0.051223 2.653782 0.927339 1 0 1.000000
barracuda
  0 44.988533 59.440475 16.742260 -0.078312 -0.982935 -0.166453 2.653368 0.927359 1 0 1.000000
  0 27.513634 61.581245 12.182940 -0.064836 -0.996302 -0.056372 2.653781 0.928939 1 0 1.000000
  0 45.210560 59.523083 12.168980 -0.104123 -0.993244 -0.051223 2.653782 0.927339 1 0 1.000000
barracuda
  0 -108.572311 27.531809 -36.837055 0.010797 0.127167 0.991822 0.144938 0.922299 1 0 1.000000
  0 -107.819824 23.497665 -36.311638 0.010797 0.127167 0.991822 0.150528 0.943952 1 0 1.000000
  0 -105.825012 27.526638 -36.849934 0.010797 0.127167 0.991822 0.155055 0.924403 1 0 1.000000
barracuda
  0 -105.825012 27.526638 -36.849934 0.010797 0.127167 0.991822 0.155055 0.924403 1 0 1.000000
  0 -107.819824 23.497665 -36.311638 0.010797 0.127167 0.991822 0.150528 0.943952 1 0 1.000000
  0 -105.825027 23.733055 -36.379902 0.010797 0.127167 0.991822 0.156955 0.939918 1 0 1.000000
barracuda
  0 -109.227432 30.852285 -35.021175 0.001432 -0.480724 0.876871 0.155706 0.901846 1 0 1.000000
  0 -108.572311 27.531809 -36.837055 0.001432 -0.480724 0.876871 0.144938 0.922299 1 0 1.000000
  0 -105.825027 30.852282 -35.021175 0.001432 -0.480724 0.876871 0.162025 0.911717 1 0 1.000000
barracuda
  0 -105.825027 30.852282 -35.021175 0.001432 -0.480724 0.876871 0.162025 0.911717 1 0 1.000000
  0 -108.572311 27.531809 -36.837055 0.001432 -0.480724 0.876871 0.144938 0.922299 1 0 1.000000
  0 -105.825012 27.526638 -36.849934 0.001432 -0.480724 0.876871 0.155055 0.924403 1 0 1.000000
barracuda
  0 -108.856812 22.167892 -35.261856 -0.061333 0.656107 0.752171 0.156850 0.954864 1 0 1.000000
  0 -105.825027 22.489685 -35.269737 -0.061333 0.656107 0.752171 0.160994 0.944458 1 0 1.000000
  0 -107.819824 23.497665 -36.311638 -0.061333 0.656107 0.752171 0.150528 0.943952 1 0 1.000000
barracuda
  0 -107.819824 23.497665 -36.311638 -0.061333 0.656107 0.752171 0.150528 0.943952 1 0 1.000000
  0 -105.825027 22.489685 -35.269737 -0.061333 0.656107 0.752171 0.160994 0.944458 1 0 1.000000
  0 -105.825027 23.733055 -36.379902 -0.061333 0.656107 0.752171 0.156955 0.939918 1 0 1.000000
barracuda
  0 109.171692 24.734970 -0.226376 0.689890 -0.723915 0.000000 0.070490 0.357808 1 0 1.000000
  0 105.255859 22.112000 -21.519600 0.611598 -0.789558 -0.050460 0.093079 0.361962 1 0 1.000000
  0 108.277435 25.045040 -22.367434 0.678079 -0.733231 -0.050799 0.093978 0.358756 1 0 1.000000
barracuda
  0 108.277435 25.045040 -22.367434 0.678079 -0.733231 -0.050799 0.093978 0.358756 1 0 1.000000
  0 104.600494 23.036980 -37.375061 0.509759 -0.718469 -0.473232 0.109899 0.362657 1 0 1.000000
  0 107.600128 25.644012 -38.121925 0.503599 -0.700452 -0.505723 0.110692 0.359475 1 0 1.000000
barracuda
  0 105.255859 22.112000 -21.519600 0.611598 -0.789558 -0.050460 0.093079 0.361962 1 0 1.000000
  0 104.600494 23.036980 -37.375061 0.509759 -0.718469 -0.473232 0.109899 0.362657 1 0 1.000000
  0 108.277435 25.045040 -22.367434 0.678079 -0.733231 -0.050799 0.093978 0.358756 1 0 1.000000
barracuda
  0 105.255859 22.112000 -21.519600 0.611598 -0.789558 -0.050460 0.093079 0.361962 1 0 1.000000
  0 100.344742 20.222256 -37.779736 0.382126 -0.767985 -0.513983 0.110329 0.367172 1 0 1.000000
  0 104.600494 23.036980 -37.375061 0.509759 -0.718469 -0.473232 0.109899 0.362657 1 0 1.000000
barracuda
  0 105.255859 22.111998 21.066849 0.611599 -0.789557 0.050460 0.047900 0.361962 1 0 1.000000
  0 109.171692 24.734970 -0.226376 0.689890 -0.723915 0.000000 0.070490 0.357808 1 0 1.000000
  0 108.277435 25.045040 21.914680 0.678081 -0.733230 0.050800 0.047001 0.358756 1 0 1.000000
barracuda
  0 106.016968 21.737858 -0.226376 0.616271 -0.787534 0.000000 0.070490 0.361154 1 0 1.000000
  0 109.171692 24.734970 -0.226376 0.689890 -0.723915 0.000000 0.070490 0.357808 1 0 1.000000
  0 105.255859 22.111998 21.066849 0.611599 -0.789557 0.050460 0.047900 0.361962 1 0 1.000000
barracuda
  0 106.016968 21.737858 -0.226376 0.616271 -0.787534 0.000000 0.070490 0.361154 1 0 1.000000
  0 105.255859 22.112000 -21.519600 0.611598 -0.789558 -0.050460 0.093079 0.361962 1 0 1.000000
  0 109.171692 24.734970 -0.226376 0.689890 -0.723915 0.000000 0.070490 0.357808 1 0 1.000000
barracuda
  0 106.016968 21.737858 -0.226376 0.616271 -0.787534 0.000000 0.070490 0.361154 1 0 1.000000
  0 100.854507 19.215862 -20.157074 0.518139 -0.853835 -0.049986 0.091633 0.366631 1 0 1.000000
  0 105.255859 22.112000 -21.519600 0.611598 -0.789558 -0.050460 0.093079 0.361962 1 0 1.000000
barracuda
  0 100.854507 19.215862 -20.157074 0.518139 -0.853835 -0.049986 0.091633 0.366631 1 0 1.000000
  0 100.344742 20.222256 -37.779736 0.382126 -0.767985 -0.513983 0.110329 0.367172 1 0 1.000000
  0 105.255859 22.112000 -21.519600 0.611598 -0.789558 -0.050460 0.093079 0.361962 1 0 1.000000
barracuda
  0 100.854507 19.215862 -20.157074 0.518139 -0.853835 -0.049986 0.091633 0.366631 1 0 1.000000
  0 95.222488 17.481602 -35.817410 0.298410 -0.917955 -0.261363 0.108247 0.372606 1 0 1.000000
  0 100.344742 20.222256 -37.779736 0.382126 -0.767985 -0.513983 0.110329 0.367172 1 0 1.000000
barracuda
  0 107.600128 25.644016 37.669170 0.503601 -0.700451 0.505722 0.030288 0.359475 1 0 1.000000
  0 104.600494 23.036983 36.922306 0.509760 -0.718469 0.473231 0.031080 0.362657 1 0 1.000000
  0 108.277435 25.045040 21.914680 0.678081 -0.733230 0.050800 0.047001 0.358756 1 0 1.000000
barracuda
  0 108.277435 25.045040 21.914680 0.678081 -0.733230 0.050800 0.047001 0.358756 1 0 1.000000
  0 104.600494 23.036983 36.922306 0.509760 -0.718469 0.473231 0.031080 0.362657 1 0 1.000000
  0 105.255859 22.111998 21.066849 0.611599 -0.789557 0.050460 0.047900 0.361962 1 0 1.000000
barracuda
  0 104.600494 23.036983 36.922306 0.509760 -0.718469 0.473231 0.031080 0.362657 1 0 1.000000
  0 100.344742 20.222256 37.326988 0.382127 -0.767985 0.513982 0.030651 0.367172 1 0 1.000000
  0 105.255859 22.111998 21.066849 0.611599 -0.789557 0.050460 0.047900 0.361962 1 0 1.000000
barracuda
  0 105.255859 22.111998 21.066849 0.611599 -0.789557 0.050460 0.047900 0.361962 1 0 1.000000
  0 100.344742 20.222256 37.326988 0.382127 -0.767985 0.513982 0.030651 0.367172 1 0 1.000000
  0 100.854507 19.215860 19.704323 0.518139 -0.853835 0.049986 0.049346 0.366631 1 0 1.000000
barracuda
  0 100.854507 19.215860 19.704323 0.518139 -0.853835 0.049986 0.049346 0.366631 1 0 1.000000
  0 106.016968 21.737858 -0.226376 0.616271 -0.787534 0.000000 0.070490 0.361154 1 0 1.000000
  0 105.255859 22.111998 21.066849 0.611599 -0.789557 0.050460 0.047900 0.361962 1 0 1.000000
barracuda
  0 101.364304 18.820831 -0.226376 0.521951 -0.852975 0.000000 0.070490 0.366090 1 0 1.000000
  0 106.016968 21.737858 -0.226376 0.616271 -0.787534 0.000000 0.070490 0.361154 1 0 1.000000
  0 100.854507 19.215860 19.704323 0.518139 -0.853835 0.049986 0.049346 0.366631 1 0 1.000000
barracuda
  0 101.364304 18.820831 -0.226376 0.521951 -0.852975 0.000000 0.070490 0.366090 1 0 1.000000
  0 100.854507 19.215862 -20.157074 0.518139 -0.853835 -0.049986 0.091633 0.366631 1 0 1.000000
  0 106.016968 21.737858 -0.226376 0.616271 -0.787534 0.000000 0.070490 0.361154 1 0 1.000000
barracuda
  0 101.364304 18.820831 -0.226376 0.521951 -0.852975 0.000000 0.070490 0.366090 1 0 1.000000
  0 95.222488 15.707458 -18.929399 0.344112 -0.937112 -0.058377 0.090331 0.372606 1 0 1.000000
  0 100.854507 19.215862 -20.157074 0.518139 -0.853835 -0.049986 0.091633 0.366631 1 0 1.000000
barracuda
  0 95.222488 15.707458 -18.929399 0.344112 -0.937112 -0.058377 0.090331 0.372606 1 0 1.000000
  0 95.222488 17.481602 -35.817410 0.298410 -0.917955 -0.261363 0.108247 0.372606 1 0 1.000000
  0 100.854507 19.215862 -20.157074 0.518139 -0.853835 -0.049986 0.091633 0.366631 1 0 1.000000
barracuda
  0 95.222488 15.707458 -18.929399 0.344112 -0.937112 -0.058377 0.090331 0.372606 1 0 1.000000
  0 82.081360 13.367569 -17.885773 0.161500 -0.985322 -0.055306 0.089224 0.386547 1 0 1.000000
  0 95.222488 17.481602 -35.817410 0.298410 -0.917955 -0.261363 0.108247 0.372606 1 0 1.000000
barracuda
  0 95.222488 17.481602 -35.817410 0.298410 -0.917955 -0.261363 0.108247 0.372606 1 0 1.000000
  0 82.081360 13.367569 -17.885773 0.161500 -0.985322 -0.055306 0.089224 0.386547 1 0 1.000000
  0 81.000732 15.037240 -37.445843 0.292154 -0.720464 -0.628950 0.109974 0.387693 1 0 1.000000
barracuda
  0 41.763741 8.693432 -22.431324 0.056101 -0.997691 -0.038275 0.094046 0.429318 1 0 1.000000
  0 27.938011 9.501822 -40.391438 -0.003176 -0.999165 -0.040727 0.113963 0.444012 1 0 1.000000
  0 41.340038 9.508272 -40.274593 -0.005900 -0.999165 -0.040431 0.114509 0.429805 1 0 1.000000
barracuda
  0 41.340038 7.887738 -0.226376 0.037267 -0.999305 0.000000 0.070490 0.429768 1 0 1.000000
  0 27.938011 9.501822 -40.391438 -0.003176 -0.999165 -0.040727 0.113963 0.444012 1 0 1.000000
  0 41.763741 8.693432 -22.431324 0.056101 -0.997691 -0.038275 0.094046 0.429318 1 0 1.000000
barracuda
  0 41.763741 8.693432 -22.431324 0.056101 -0.997691 -0.038275 0.094046 0.429318 1 0 1.000000
  0 82.081360 13.367569 -17.885773 0.161500 -0.985322 -0.055306 0.089224 0.386547 1 0 1.000000
  0 41.340038 7.887738 -0.226376 0.037267 -0.999305 0.000000 0.070490 0.429768 1 0 1.000000
barracuda
  0 41.340038 7.887738 -0.226376 0.037267 -0.999305 0.000000 0.070490 0.429768 1 0 1.000000
  0 82.081360 13.367569 -17.885773 0.161500 -0.985322 -0.055306 0.089224 0.386547 1 0 1.000000
  0 84.189453 12.928341 -0.226376 0.155500 -0.987836 0.000000 0.070490 0.384310 1 0 1.000000
barracuda
  0 82.081360 13.367569 -17.885773 0.161500 -0.985322 -0.055306 0.089224 0.386547 1 0 1.000000
  0 95.222488 15.707458 -18.929399 0.344112 -0.937112 -0.058377 0.090331 0.372606 1 0 1.000000
  0 84.189453 12.928341 -0.226376 0.155500 -0.987836 0.000000 0.070490 0.384310 1 0 1.000000
barracuda
  0 84.189453 12.928341 -0.226376 0.155500 -0.987836 0.000000 0.070490 0.384310 1 0 1.000000
  0 95.222488 15.707458 -18.929399 0.344112 -0.937112 -0.058377 0.090331 0.372606 1 0 1.000000
  0 95.222488 15.372707 -0.226376 0.354925 -0.934895 0.000000 0.070490 0.372606 1 0 1.000000
barracuda
  0 95.222488 15.372707 -0.226376 0.354925 -0.934895 0.000000 0.070490 0.372606 1 0 1.000000
  0 95.222488 15.707458 -18.929399 0.344112 -0.937112 -0.058377 0.090331 0.372606 1 0 1.000000
  0 101.364304 18.820831 -0.226376 0.521951 -0.852975 0.000000 0.070490 0.366090 1 0 1.000000
barracuda
  0 95.222488 15.372707 -0.226376 0.354925 -0.934895 0.000000 0.070490 0.372606 1 0 1.000000
  0 101.364304 18.820831 -0.226376 0.521951 -0.852975 0.000000 0.070490 0.366090 1 0 1.000000
  0 95.222488 15.707458 18.476650 0.344112 -0.937112 0.058377 0.050648 0.372606 1 0 1.000000
barracuda
  0 95.222488 15.707458 18.476650 0.344112 -0.937112 0.058377 0.050648 0.372606 1 0 1.000000
  0 101.364304 18.820831 -0.226376 0.521951 -0.852975 0.000000 0.070490 0.366090 1 0 1.000000
  0 100.854507 19.215860 19.704323 0.518139 -0.853835 0.049986 0.049346 0.366631 1 0 1.000000
barracuda
  0 100.854507 19.215860 19.704323 0.518139 -0.853835 0.049986 0.049346 0.366631 1 0 1.000000
  0 95.222488 17.481602 35.364662 0.298410 -0.917955 0.261363 0.032733 0.372606 1 0 1.000000
  0 95.222488 15.707458 18.476650 0.344112 -0.937112 0.058377 0.050648 0.372606 1 0 1.000000
barracuda
  0 100.344742 20.222256 37.326988 0.382127 -0.767985 0.513982 0.030651 0.367172 1 0 1.000000
  0 95.222488 17.481602 35.364662 0.298410 -0.917955 0.261363 0.032733 0.372606 1 0 1.000000
  0 100.854507 19.215860 19.704323 0.518139 -0.853835 0.049986 0.049346 0.366631 1 0 1.000000
barracuda
  0 95.222488 15.372707 -0.226376 0.354925 -0.934895 0.000000 0.070490 0.372606 1 0 1.000000
  0 95.222488 15.707458 18.476650 0.344112 -0.937112 0.058377 0.050648 0.372606 1 0 1.000000
  0 84.189453 12.928341 -0.226376 0.155500 -0.987836 0.000000 0.070490 0.384310 1 0 1.000000
barracuda
  0 84.189453 12.928341 -0.226376 0.155500 -0.987836 0.000000 0.070490 0.384310 1 0 1.000000
  0 95.222488 15.707458 18.476650 0.344112 -0.937112 0.058377 0.050648 0.372606 1 0 1.000000
  0 82.081360 13.367567 17.433025 0.161501 -0.985322 0.055306 0.051755 0.386547 1 0 1.000000
barracuda
  0 95.222488 15.707458 18.476650 0.344112 -0.937112 0.058377 0.050648 0.372606 1 0 1.000000
  0 95.222488 17.481602 35.364662 0.298410 -0.917955 0.261363 0.032733 0.372606 1 0 1.000000
  0 82.081360 13.367567 17.433025 0.161501 -0.985322 0.055306 0.051755 0.386547 1 0 1.000000
barracuda
  0 82.081360 13.367567 17.433025 0.161501 -0.985322 0.055306 0.051755 0.386547 1 0 1.000000
  0 95.222488 17.481602 35.364662 0.298410 -0.917955 0.261363 0.032733 0.372606 1 0 1.000000
  0 81.000732 15.037235 36.993088 0.292153 -0.720464 0.628950 0.031005 0.387693 1 0 1.000000
barracuda
  0 84.189453 12.928341 -0.226376 0.155500 -0.987836 0.000000 0.070490 0.384310 1 0 1.000000
  0 82.081360 13.367567 17.433025 0.161501 -0.985322 0.055306 0.051755 0.386547 1 0 1.000000
  0 41.340038 7.887738 -0.226376 0.037267 -0.999305 0.000000 0.070490 0.429768 1 0 1.000000
barracuda
  0 41.340038 7.887738 -0.226376 0.037267 -0.999305 0.000000 0.070490 0.429768 1 0 1.000000
  0 82.081360 13.367567 17.433025 0.161501 -0.985322 0.055306 0.051755 0.386547 1 0 1.000000
  0 41.763741 8.693432 21.978577 0.056101 -0.997691 0.038275 0.046933 0.429318 1 0 1.000000
barracuda
  0 41.340038 7.887738 -0.226376 0.037267 -0.999305 0.000000 0.070490 0.429768 1 0 1.000000
  0 41.763741 8.693432 21.978577 0.056101 -0.997691 0.038275 0.046933 0.429318 1 0 1.000000
  0 27.938011 9.501820 39.938690 -0.003176 -0.999165 0.040727 0.030173 0.443985 1 0 1.000000
barracuda
  0 27.938011 9.501820 39.938690 -0.003176 -0.999165 0.040727 0.030173 0.443985 1 0 1.000000
  0 41.763741 8.693432 21.978577 0.056101 -0.997691 0.038275 0.046933 0.429318 1 0 1.000000
  0 41.340038 9.508270 39.821850 -0.005900 -0.999165 0.040431 0.029328 0.429768 1 0 1.000000
barracuda
  0 -33.653625 9.485233 37.856094 0.032042 -0.998640 0.041123 0.031414 0.509326 1 0 1.000000
  0 41.340038 7.887738 -0.226376 0.037267 -0.999305 0.000000 0.070490 0.429768 1 0 1.000000
  0 27.938011 9.501820 39.938690 -0.003176 -0.999165 0.040727 0.030173 0.443985 1 0 1.000000
barracuda
  0 -49.428467 7.887757 -0.226376 0.001789 -0.999998 0.000000 0.070490 0.526061 1 0 1.000000
  0 41.340038 7.887738 -0.226376 0.037267 -0.999305 0.000000 0.070490 0.429768 1 0 1.000000
  0 -33.653625 9.485233 37.856094 0.032042 -0.998640 0.041123 0.031414 0.509326 1 0 1.000000
barracuda
  0 -49.428467 7.887757 -0.226376 0.001789 -0.999998 0.000000 0.070490 0.526061 1 0 1.000000
  0 -33.653625 9.485233 37.856094 0.032042 -0.998640 0.041123 0.031414 0.509326 1 0 1.000000
  0 -49.293350 7.869104 23.223045 0.002911 -0.999567 0.029273 0.045613 0.525917 1 0 1.000000
barracuda
  0 -89.493317 10.632734 22.285656 -0.157570 -0.985442 0.063847 0.046608 0.568564 1 0 1.000000
  0 -49.428467 7.887757 -0.226376 0.001789 -0.999998 0.000000 0.070490 0.526061 1 0 1.000000
  0 -49.293350 7.869104 23.223045 0.002911 -0.999567 0.029273 0.045613 0.525917 1 0 1.000000
barracuda
  0 -89.765442 9.843693 -0.226376 -0.118215 -0.992988 0.000000 0.070490 0.568853 1 0 1.000000
  0 -49.428467 7.887757 -0.226376 0.001789 -0.999998 0.000000 0.070490 0.526061 1 0 1.000000
  0 -89.493317 10.632734 22.285656 -0.157570 -0.985442 0.063847 0.046608 0.568564 1 0 1.000000
barracuda
  0 -49.293350 7.869104 23.223045 0.002911 -0.999567 0.029273 0.045613 0.525917 1 0 1.000000
  0 -33.653625 9.485233 37.856094 0.032042 -0.998640 0.041123 0.031414 0.509326 1 0 1.000000
  0 -49.220356 9.472130 37.809086 0.064502 -0.997067 0.041180 0.031464 0.525840 1 0 1.000000
barracuda
  0 -89.765442 12.606781 35.082195 -0.208837 -0.890491 0.404244 0.033049 0.569218 1 0 1.000000
  0 -98.957047 12.582806 22.642502 -0.292883 -0.950094 0.107426 0.046229 0.578604 1 0 1.000000
  0 -89.493317 10.632734 22.285656 -0.157570 -0.985442 0.063847 0.046608 0.568564 1 0 1.000000
barracuda
  0 -89.493317 10.632734 22.285656 -0.157570 -0.985442 0.063847 0.046608 0.568564 1 0 1.000000
  0 -98.957047 12.582806 22.642502 -0.292883 -0.950094 0.107426 0.046229 0.578604 1 0 1.000000
  0 -98.957047 11.874985 11.175739 -0.263387 -0.963592 0.046012 0.058394 0.578604 1 0 1.000000
barracuda
  0 -89.493317 10.632734 22.285656 -0.157570 -0.985442 0.063847 0.046608 0.568564 1 0 1.000000
  0 -98.957047 11.874985 11.175739 -0.263387 -0.963592 0.046012 0.058394 0.578604 1 0 1.000000
  0 -89.765442 9.843693 -0.226376 -0.118215 -0.992988 0.000000 0.070490 0.568853 1 0 1.000000
barracuda
  0 -89.765442 9.843693 -0.226376 -0.118215 -0.992988 0.000000 0.070490 0.568853 1 0 1.000000
  0 -98.957047 11.874985 11.175739 -0.263387 -0.963592 0.046012 0.058394 0.578604 1 0 1.000000
  0 -98.957047 11.597355 -0.226376 -0.266488 -0.963838 0.000000 0.070490 0.578604 1 0 1.000000
barracuda
  0 41.340038 7.887738 -0.226376 0.037267 -0.999305 0.000000 0.070490 0.429768 1 0 1.000000
  0 -33.653625 9.485235 -38.308842 0.032042 -0.998640 -0.041123 0.109040 0.509301 1 0 1.000000
  0 27.938011 9.501822 -40.391438 -0.003176 -0.999165 -0.040727 0.113963 0.444012 1 0 1.000000
barracuda
  0 -49.428467 7.887757 -0.226376 0.001789 -0.999998 0.000000 0.070490 0.526061 1 0 1.000000
  0 -33.653625 9.485235 -38.308842 0.032042 -0.998640 -0.041123 0.109040 0.509301 1 0 1.000000
  0 41.340038 7.887738 -0.226376 0.037267 -0.999305 0.000000 0.070490 0.429768 1 0 1.000000
barracuda
  0 -49.428467 7.887757 -0.226376 0.001789 -0.999998 0.000000 0.070490 0.526061 1 0 1.000000
  0 -49.293350 7.869105 -23.675793 0.002911 -0.999567 -0.029273 0.095366 0.525917 1 0 1.000000
  0 -33.653625 9.485235 -38.308842 0.032042 -0.998640 -0.041123 0.109040 0.509301 1 0 1.000000
barracuda
  0 -49.428467 7.887757 -0.226376 0.001789 -0.999998 0.000000 0.070490 0.526061 1 0 1.000000
  0 -89.493317 10.632736 -22.738405 -0.157570 -0.985442 -0.063847 0.094372 0.568564 1 0 1.000000
  0 -49.293350 7.869105 -23.675793 0.002911 -0.999567 -0.029273 0.095366 0.525917 1 0 1.000000
barracuda
  0 -89.765442 9.843693 -0.226376 -0.118215 -0.992988 0.000000 0.070490 0.568853 1 0 1.000000
  0 -89.493317 10.632736 -22.738405 -0.157570 -0.985442 -0.063847 0.094372 0.568564 1 0 1.000000
  0 -49.428467 7.887757 -0.226376 0.001789 -0.999998 0.000000 0.070490 0.526061 1 0 1.000000
barracuda
  0 -89.493317 10.632736 -22.738405 -0.157570 -0.985442 -0.063847 0.094372 0.568564 1 0 1.000000
  0 -89.765442 9.843693 -0.226376 -0.118215 -0.992988 0.000000 0.070490 0.568853 1 0 1.000000
  0 -98.957047 11.874985 -11.628494 -0.263387 -0.963592 -0.046012 0.082586 0.578604 1 0 1.000000
barracuda
  0 -98.957047 11.874985 -11.628494 -0.263387 -0.963592 -0.046012 0.082586 0.578604 1 0 1.000000
  0 -89.765442 9.843693 -0.226376 -0.118215 -0.992988 0.000000 0.070490 0.568853 1 0 1.000000
  0 -98.957047 11.597355 -0.226376 -0.266488 -0.963838 0.000000 0.070490 0.578604 1 0 1.000000
barracuda
  0 -98.957047 11.597355 -0.226376 -0.266488 -0.963838 0.000000 0.070490 0.578604 1 0 1.000000
  0 -105.583664 13.991482 -7.562939 -0.423494 -0.904713 -0.046343 0.078273 0.585633 1 0 1.000000
  0 -98.957047 11.874985 -11.628494 -0.263387 -0.963592 -0.046012 0.082586 0.578604 1 0 1.000000
barracuda
  0 -98.957047 11.597355 -0.226376 -0.266488 -0.963838 0.000000 0.070490 0.578604 1 0 1.000000
  0 -105.583664 13.991482 7.110188 -0.423494 -0.904713 0.046343 0.062707 0.585633 1 0 1.000000
  0 -105.583664 13.991482 -7.562939 -0.423494 -0.904713 -0.046343 0.078273 0.585633 1 0 1.000000
barracuda
  0 -98.957047 11.597355 -0.226376 -0.266488 -0.963838 0.000000 0.070490 0.578604 1 0 1.000000
  0 -98.957047 11.874985 11.175739 -0.263387 -0.963592 0.046012 0.058394 0.578604 1 0 1.000000
  0 -105.583664 13.991482 7.110188 -0.423494 -0.904713 0.046343 0.062707 0.585633 1 0 1.000000
barracuda
  0 -105.583664 13.991482 7.110188 -0.423494 -0.904713 0.046343 0.062707 0.585633 1 0 1.000000
  0 -98.957047 11.874985 11.175739 -0.263387 -0.963592 0.046012 0.058394 0.578604 1 0 1.000000
  0 -104.172455 14.699301 22.592129 -0.519920 -0.845186 0.123871 0.046282 0.584136 1 0 1.000000
barracuda
  0 -104.172455 14.699301 22.592129 -0.519920 -0.845186 0.123871 0.046282 0.584136 1 0 1.000000
  0 -98.957047 11.874985 11.175739 -0.263387 -0.963592 0.046012 0.058394 0.578604 1 0 1.000000
  0 -98.957047 12.582806 22.642502 -0.292883 -0.950094 0.107426 0.046229 0.578604 1 0 1.000000
barracuda
  0 -104.172455 14.699301 22.592129 -0.519920 -0.845186 0.123871 0.046282 0.584136 1 0 1.000000
  0 -98.957047 12.582806 22.642502 -0.292883 -0.950094 0.107426 0.046229 0.578604 1 0 1.000000
  0 -102.396179 16.067070 33.627270 -0.501572 -0.812442 0.297261 0.034461 0.582186 1 0 1.000000
barracuda
  0 -102.396179 16.067070 33.627270 -0.501572 -0.812442 0.297261 0.034461 0.582186 1 0 1.000000
  0 -98.957047 12.582806 22.642502 -0.292883 -0.950094 0.107426 0.046229 0.578604 1 0 1.000000
  0 -98.957047 14.360443 34.650005 -0.341511 -0.870418 0.354603 0.033490 0.578395 1 0 1.000000
barracuda
  0 -102.396179 16.067070 33.627270 -0.501572 -0.812442 0.297261 0.034461 0.582186 1 0 1.000000
  0 -98.957047 14.360443 34.650005 -0.341511 -0.870418 0.354603 0.033490 0.578395 1 0 1.000000
  0 -102.027939 18.012299 37.389660 -0.335892 -0.621810 0.707481 0.030477 0.581984 1 0 1.000000
barracuda
  0 -102.027939 18.012299 37.389660 -0.335892 -0.621810 0.707481 0.030477 0.581984 1 0 1.000000
  0 -98.957047 14.360443 34.650005 -0.341511 -0.870418 0.354603 0.033490 0.578395 1 0 1.000000
  0 -89.221191 13.574318 36.935978 -0.292555 -0.535496 0.792247 0.031177 0.569257 1 0 1.000000
barracuda
  0 -89.221191 13.574318 36.935978 -0.292555 -0.535496 0.792247 0.031177 0.569257 1 0 1.000000
  0 -98.957047 14.360443 34.650005 -0.341511 -0.870418 0.354603 0.033490 0.578395 1 0 1.000000
  0 -89.765442 12.606781 35.082195 -0.208837 -0.890491 0.404244 0.033049 0.569218 1 0 1.000000
barracuda
  0 -98.957047 14.360443 34.650005 -0.341511 -0.870418 0.354603 0.033490 0.578395 1 0 1.000000
  0 -98.957047 12.582806 22.642502 -0.292883 -0.950094 0.107426 0.046229 0.578604 1 0 1.000000
  0 -89.765442 12.606781 35.082195 -0.208837 -0.890491 0.404244 0.033049 0.569218 1 0 1.000000
barracuda
  0 -102.396179 16.067070 33.627270 -0.501572 -0.812442 0.297261 0.034461 0.582186 1 0 1.000000
  0 -102.027939 18.012299 37.389660 -0.335892 -0.621810 0.707481 0.030477 0.581984 1 0 1.000000
  0 -103.586716 18.199524 36.531521 -0.411130 -0.620708 0.667603 0.031311 0.583479 1 0 1.000000
barracuda
  0 -33.653625 9.485235 -38.308842 0.032042 -0.998640 -0.041123 0.109040 0.509301 1 0 1.000000
  0 -49.293350 7.869105 -23.675793 0.002911 -0.999567 -0.029273 0.095366 0.525917 1 0 1.000000
  0 -49.220360 9.472126 -38.261837 0.064503 -0.997067 -0.041180 0.108400 0.525802 1 0 1.000000
barracuda
  0 -105.583664 13.991482 -7.562939 -0.423494 -0.904713 -0.046343 0.078273 0.585633 1 0 1.000000
  0 -104.172455 14.699303 -23.044880 -0.519921 -0.845185 -0.123871 0.094697 0.584136 1 0 1.000000
  0 -98.957047 11.874985 -11.628494 -0.263387 -0.963592 -0.046012 0.082586 0.578604 1 0 1.000000
barracuda
  0 -98.957047 11.874985 -11.628494 -0.263387 -0.963592 -0.046012 0.082586 0.578604 1 0 1.000000
  0 -104.172455 14.699303 -23.044880 -0.519921 -0.845185 -0.123871 0.094697 0.584136 1 0 1.000000
  0 -98.957047 12.582806 -23.095251 -0.292883 -0.950094 -0.107426 0.094750 0.578604 1 0 1.000000
barracuda
  0 -89.493317 10.632736 -22.738405 -0.157570 -0.985442 -0.063847 0.094372 0.568564 1 0 1.000000
  0 -98.957047 11.874985 -11.628494 -0.263387 -0.963592 -0.046012 0.082586 0.578604 1 0 1.000000
  0 -98.957047 12.582806 -23.095251 -0.292883 -0.950094 -0.107426 0.094750 0.578604 1 0 1.000000
barracuda
  0 -98.957047 12.582806 -23.095251 -0.292883 -0.950094 -0.107426 0.094750 0.578604 1 0 1.000000
  0 -89.765442 12.606780 -35.534950 -0.208837 -0.890491 -0.404243 0.107947 0.568853 1 0 1.000000
  0 -89.493317 10.632736 -22.738405 -0.157570 -0.985442 -0.063847 0.094372 0.568564 1 0 1.000000
barracuda
  0 -98.957047 14.360444 -35.102753 -0.341511 -0.870418 -0.354603 0.107489 0.578604 1 0 1.000000
  0 -89.765442 12.606780 -35.534950 -0.208837 -0.890491 -0.404243 0.107947 0.568853 1 0 1.000000
  0 -98.957047 12.582806 -23.095251 -0.292883 -0.950094 -0.107426 0.094750 0.578604 1 0 1.000000
barracuda
  0 -89.765442 12.606780 -35.534950 -0.208837 -0.890491 -0.404243 0.107947 0.568853 1 0 1.000000
  0 -98.957047 14.360444 -35.102753 -0.341511 -0.870418 -0.354603 0.107489 0.578604 1 0 1.000000
  0 -89.221191 13.574314 -37.388733 -0.292557 -0.535495 -0.792247 0.109914 0.568275 1 0 1.000000
barracuda
  0 -89.221191 13.574314 -37.388733 -0.292557 -0.535495 -0.792247 0.109914 0.568275 1 0 1.000000
  0 -98.957047 14.360444 -35.102753 -0.341511 -0.870418 -0.354603 0.107489 0.578604 1 0 1.000000
  0 -102.027939 18.012299 -37.842411 -0.335892 -0.621810 -0.707481 0.110395 0.581861 1 0 1.000000
barracuda
  0 -102.396179 16.067070 -34.080021 -0.501572 -0.812442 -0.297261 0.106404 0.582252 1 0 1.000000
  0 -102.027939 18.012299 -37.842411 -0.335892 -0.621810 -0.707481 0.110395 0.581861 1 0 1.000000
  0 -98.957047 14.360444 -35.102753 -0.341511 -0.870418 -0.354603 0.107489 0.578604 1 0 1.000000
barracuda
  0 -102.396179 16.067070 -34.080021 -0.501572 -0.812442 -0.297261 0.106404 0.582252 1 0 1.000000
  0 -103.586716 18.199524 -36.984276 -0.411127 -0.620707 -0.667606 0.109594 0.583634 1 0 1.000000
  0 -102.027939 18.012299 -37.842411 -0.335892 -0.621810 -0.707481 0.110395 0.581861 1 0 1.000000
barracuda
  0 -98.957047 12.582806 -23.095251 -0.292883 -0.950094 -0.107426 0.094750 0.578604 1 0 1.000000
  0 -102.396179 16.067070 -34.080021 -0.501572 -0.812442 -0.297261 0.106404 0.582252 1 0 1.000000
  0 -98.957047 14.360444 -35.102753 -0.341511 -0.870418 -0.354603 0.107489 0.578604 1 0 1.000000
barracuda
  0 -104.172455 14.699303 -23.044880 -0.519921 -0.845185 -0.123871 0.094697 0.584136 1 0 1.000000
  0 -102.396179 16.067070 -34.080021 -0.501572 -0.812442 -0.297261 0.106404 0.582252 1 0 1.000000
  0 -98.957047 12.582806 -23.095251 -0.292883 -0.950094 -0.107426 0.094750 0.578604 1 0 1.000000
barracuda
  0 -108.856812 22.167892 -35.261856 -0.728564 0.669234 0.146015 0.961333 0.392843 1 0 1.000000
  0 -107.819824 23.497665 -36.311638 -0.728564 0.669234 0.146015 0.967372 0.385721 1 0 1.000000
  0 -108.156281 23.456270 -37.800705 -0.728564 0.669234 0.146015 0.965731 0.377656 1 0 1.000000
barracuda
  0 -108.156281 23.456270 -37.800705 -0.728564 0.669234 0.146015 0.965731 0.377656 1 0 1.000000
  0 -107.819824 23.497665 -36.311638 -0.728564 0.669234 0.146015 0.967372 0.385721 1 0 1.000000
  0 -107.819824 23.701225 -37.115532 -0.728564 0.669234 0.146015 0.967640 0.381272 1 0 1.000000
barracuda
  0 -65.608551 39.569496 -11.594087 -0.149699 -0.927371 0.342890 0.087596 0.873994 1 0 1.000000
  0 -84.843689 42.186684 -11.921658 -0.149699 -0.927371 0.342890 0.036161 0.874870 1 0 1.000000
  0 -84.802094 39.937214 -14.517673 -0.113352 -0.751776 0.649603 0.036272 0.881812 1 0 1.000000
barracuda
  0 21.242683 18.635387 29.403526 -0.435682 0.316452 0.842638 0.753945 0.256459 1 0 1.000000
  0 18.955456 10.195347 26.187157 -0.922353 -0.062577 0.381247 0.741468 0.280918 1 0 1.000000
  0 21.487930 10.195709 28.989674 -0.493189 -0.057891 0.867994 0.749250 0.282550 1 0 1.000000
barracuda
  0 18.710213 18.959122 27.340305 -0.821405 0.402027 0.404559 0.746372 0.253827 1 0 1.000000
  0 18.955456 10.195347 26.187157 -0.922353 -0.062577 0.381247 0.741468 0.280918 1 0 1.000000
  0 21.242683 18.635387 29.403526 -0.435682 0.316452 0.842638 0.753945 0.256459 1 0 1.000000
barracuda
  0 19.116486 14.460465 3.915909 -0.999422 -0.029866 -0.016236 0.671698 0.266729 1 0 1.000000
  0 18.955456 10.195347 26.187157 -0.922353 -0.062577 0.381247 0.741468 0.280918 1 0 1.000000
  0 18.710213 18.959122 27.340305 -0.821405 0.402027 0.404559 0.746372 0.253827 1 0 1.000000
barracuda
  0 19.455528 9.385814 5.903912 -0.999422 -0.029866 -0.016236 0.677757 0.282733 1 0 1.000000
  0 18.955456 10.195347 26.187157 -0.922353 -0.062577 0.381247 0.741468 0.280918 1 0 1.000000
  0 19.116486 14.460465 3.915909 -0.999422 -0.029866 -0.016236 0.671698 0.266729 1 0 1.000000
barracuda
  0 21.964634 21.260792 27.340309 -0.127975 0.929610 0.345613 0.745521 0.242470 1 0 1.000000
  0 18.710213 18.959122 27.340305 -0.821405 0.402027 0.404559 0.746372 0.253827 1 0 1.000000
  0 21.242683 18.635387 29.403526 -0.435682 0.316452 0.842638 0.752818 0.246388 1 0 1.000000
barracuda
  0 21.964634 21.260792 27.340309 -0.127975 0.929610 0.345613 0.745521 0.242470 1 0 1.000000
  0 19.179451 19.112812 -0.226376 -0.894847 0.446372 0.000000 0.658854 0.251973 1 0 1.000000
  0 18.710213 18.959122 27.340305 -0.821405 0.402027 0.404559 0.746372 0.253827 1 0 1.000000
barracuda
  0 19.179451 19.112812 -0.226376 -0.894847 0.446372 0.000000 0.658854 0.251973 1 0 1.000000
  0 19.116486 14.460465 3.915909 -0.999422 -0.029866 -0.016236 0.671698 0.266729 1 0 1.000000
  0 18.710213 18.959122 27.340305 -0.821405 0.402027 0.404559 0.746372 0.253827 1 0 1.000000
barracuda
  0 19.211285 14.507439 -0.226376 -0.999554 -0.029870 0.000000 0.658733 0.263093 1 0 1.000000
  0 19.116486 14.460465 3.915909 -0.999422 -0.029866 -0.016236 0.671698 0.266729 1 0 1.000000
  0 19.179451 19.112812 -0.226376 -0.894847 0.446372 0.000000 0.658854 0.251973 1 0 1.000000
barracuda
  0 22.433876 21.414482 -0.226376 -0.052780 0.998606 0.000000 0.658854 0.241755 1 0 1.000000
  0 21.964634 21.260792 27.340309 -0.127975 0.929610 0.345613 0.745521 0.242470 1 0 1.000000
  0 31.105164 18.480968 13.459019 0.131039 0.991340 0.008598 0.701824 0.214529 1 0 1.000000
barracuda
  0 22.433876 21.414482 -0.226376 -0.052780 0.998606 0.000000 0.658854 0.241755 1 0 1.000000
  0 19.179451 19.112812 -0.226376 -0.894847 0.446372 0.000000 0.658854 0.251973 1 0 1.000000
  0 21.964634 21.260792 27.340309 -0.127975 0.929610 0.345613 0.745521 0.242470 1 0 1.000000
barracuda
  0 22.433876 21.414482 -0.226376 -0.052780 0.998606 0.000000 0.658854 0.241755 1 0 1.000000
  0 21.964634 21.260792 -27.793058 -0.127974 0.929610 -0.345613 0.572221 0.242771 1 0 1.000000
  0 19.179451 19.112812 -0.226376 -0.894847 0.446372 0.000000 0.658854 0.251973 1 0 1.000000
barracuda
  0 19.179451 19.112812 -0.226376 -0.894847 0.446372 0.000000 0.658854 0.251973 1 0 1.000000
  0 21.964634 21.260792 -27.793058 -0.127974 0.929610 -0.345613 0.572221 0.242771 1 0 1.000000
  0 18.710213 18.959122 -27.793058 -0.821405 0.402027 -0.404559 0.572291 0.253936 1 0 1.000000
barracuda
  0 21.964634 21.260792 -27.793058 -0.127974 0.929610 -0.345613 0.572221 0.242771 1 0 1.000000
  0 21.242683 18.635387 -29.856281 -0.435683 0.316453 -0.842637 0.564317 0.246487 1 0 1.000000
  0 18.710213 18.959122 -27.793058 -0.821405 0.402027 -0.404559 0.572291 0.253936 1 0 1.000000
barracuda
  0 21.964634 21.260792 -27.793058 -0.127974 0.929610 -0.345613 0.572221 0.242771 1 0 1.000000
  0 24.497108 18.843323 -30.502127 -0.091224 0.417292 -0.904182 0.564292 0.235501 1 0 1.000000
  0 21.242683 18.635387 -29.856281 -0.435683 0.316453 -0.842637 0.564317 0.246487 1 0 1.000000
barracuda
  0 21.487926 10.195708 -29.442421 -0.493190 -0.057892 -0.867993 0.536857 0.242895 1 0 1.000000
  0 21.242683 18.635387 -29.856281 -0.435683 0.316453 -0.842637 0.564317 0.246487 1 0 1.000000
  0 24.497105 10.195708 -30.502127 -0.121144 0.004971 -0.992622 0.537258 0.232996 1 0 1.000000
barracuda
  0 24.497105 10.195708 -30.502127 -0.121144 0.004971 -0.992622 0.537258 0.232996 1 0 1.000000
  0 21.242683 18.635387 -29.856281 -0.435683 0.316453 -0.842637 0.564317 0.246487 1 0 1.000000
  0 24.497108 18.843323 -30.502127 -0.091224 0.417292 -0.904182 0.564292 0.235501 1 0 1.000000
barracuda
  0 24.497108 18.843323 -30.502127 -0.091224 0.417292 -0.904182 0.564292 0.235501 1 0 1.000000
  0 38.944584 10.195708 -30.502127 0.022122 0.036959 -0.999072 0.541676 0.187405 1 0 1.000000
  0 24.497105 10.195708 -30.502127 -0.121144 0.004971 -0.992622 0.537258 0.232996 1 0 1.000000
barracuda
  0 39.514233 17.837517 -29.886921 -0.516404 0.529453 -0.673058 0.565726 0.188136 1 0 1.000000
  0 38.944584 10.195708 -30.502127 0.022122 0.036959 -0.999072 0.541676 0.187405 1 0 1.000000
  0 24.497108 18.843323 -30.502127 -0.091224 0.417292 -0.904182 0.564292 0.235501 1 0 1.000000
barracuda
  0 39.514233 17.837517 -29.886921 -0.516404 0.529453 -0.673058 0.565726 0.188136 1 0 1.000000
  0 24.497108 18.843323 -30.502127 -0.091224 0.417292 -0.904182 0.564292 0.235501 1 0 1.000000
  0 39.828316 18.837872 -27.528646 -0.418253 0.905068 -0.076915 0.573151 0.187137 1 0 1.000000
barracuda
  0 39.828316 18.837872 -27.528646 -0.418253 0.905068 -0.076915 0.573151 0.187137 1 0 1.000000
  0 24.497108 18.843323 -30.502127 -0.091224 0.417292 -0.904182 0.564292 0.235501 1 0 1.000000
  0 21.964634 21.260792 -27.793058 -0.127974 0.929610 -0.345613 0.572221 0.242771 1 0 1.000000
barracuda
  0 31.105164 18.480968 -13.911774 0.131039 0.991340 -0.008599 0.615885 0.214529 1 0 1.000000
  0 39.828316 18.837872 -27.528646 -0.418253 0.905068 -0.076915 0.573151 0.187137 1 0 1.000000
  0 21.964634 21.260792 -27.793058 -0.127974 0.929610 -0.345613 0.572221 0.242771 1 0 1.000000
barracuda
  0 22.433876 21.414482 -0.226376 -0.052780 0.998606 0.000000 0.658854 0.241755 1 0 1.000000
  0 31.105164 18.480968 -13.911774 0.131039 0.991340 -0.008599 0.615885 0.214529 1 0 1.000000
  0 21.964634 21.260792 -27.793058 -0.127974 0.929610 -0.345613 0.572221 0.242771 1 0 1.000000
barracuda
  0 41.275906 18.991566 -0.226376 -0.334520 0.942389 0.000000 0.658854 0.182596 1 0 1.000000
  0 31.105164 18.480968 -13.911774 0.131039 0.991340 -0.008599 0.615885 0.214529 1 0 1.000000
  0 22.433876 21.414482 -0.226376 -0.052780 0.998606 0.000000 0.658854 0.241755 1 0 1.000000
barracuda
  0 41.275906 18.991566 -0.226376 -0.334520 0.942389 0.000000 0.658854 0.182596 1 0 1.000000
  0 22.433876 21.414482 -0.226376 -0.052780 0.998606 0.000000 0.658854 0.241755 1 0 1.000000
  0 31.105164 18.480968 13.459019 0.131039 0.991340 0.008598 0.701824 0.214529 1 0 1.000000
barracuda
  0 41.275906 18.991566 -0.226376 -0.334520 0.942389 0.000000 0.658854 0.182596 1 0 1.000000
  0 31.105164 18.480968 13.459019 0.131039 0.991340 0.008598 0.701824 0.214529 1 0 1.000000
  0 39.828316 18.837872 27.075897 -0.418253 0.905068 0.076915 0.744559 0.187137 1 0 1.000000
barracuda
  0 31.105164 18.480968 13.459019 0.131039 0.991340 0.008598 0.701824 0.214529 1 0 1.000000
  0 21.964634 21.260792 27.340309 -0.127975 0.929610 0.345613 0.745521 0.242470 1 0 1.000000
  0 39.828316 18.837872 27.075897 -0.418253 0.905068 0.076915 0.744559 0.187137 1 0 1.000000
barracuda
  0 21.964634 21.260792 27.340309 -0.127975 0.929610 0.345613 0.745521 0.242470 1 0 1.000000
  0 24.497108 18.843323 30.049374 -0.091223 0.417291 0.904183 0.753780 0.235559 1 0 1.000000
  0 39.828316 18.837872 27.075897 -0.418253 0.905068 0.076915 0.744559 0.187137 1 0 1.000000
barracuda
  0 21.964634 21.260792 27.340309 -0.127975 0.929610 0.345613 0.745521 0.242470 1 0 1.000000
  0 21.242683 18.635387 29.403526 -0.435682 0.316452 0.842638 0.752818 0.246388 1 0 1.000000
  0 24.497108 18.843323 30.049374 -0.091223 0.417291 0.904183 0.753780 0.235559 1 0 1.000000
barracuda
  0 21.242683 18.635387 29.403526 -0.435682 0.316452 0.842638 0.752818 0.246388 1 0 1.000000
  0 24.497108 10.195709 30.049374 -0.121144 0.004971 0.992622 0.780691 0.236281 1 0 1.000000
  0 24.497108 18.843323 30.049374 -0.091223 0.417291 0.904183 0.753780 0.235559 1 0 1.000000
barracuda
  0 21.487930 10.195709 28.989674 -0.493189 -0.057891 0.867994 0.779151 0.249384 1 0 1.000000
  0 24.497108 10.195709 30.049374 -0.121144 0.004971 0.992622 0.780691 0.236281 1 0 1.000000
  0 21.242683 18.635387 29.403526 -0.435682 0.316452 0.842638 0.752818 0.246388 1 0 1.000000
barracuda
  0 39.828316 18.837872 27.075897 -0.418253 0.905068 0.076915 0.744559 0.187137 1 0 1.000000
  0 24.497108 18.843323 30.049374 -0.091223 0.417291 0.904183 0.753780 0.235559 1 0 1.000000
  0 39.514233 17.837517 29.434170 -0.516403 0.529453 0.673058 0.751984 0.188136 1 0 1.000000
barracuda
  0 24.497108 18.843323 30.049374 -0.091223 0.417291 0.904183 0.753780 0.235559 1 0 1.000000
  0 38.944584 10.195709 30.049374 0.022122 0.036958 0.999072 0.776033 0.187405 1 0 1.000000
  0 39.514233 17.837517 29.434170 -0.516403 0.529453 0.673058 0.751984 0.188136 1 0 1.000000
barracuda
  0 24.497108 10.195709 30.049374 -0.121144 0.004971 0.992622 0.780691 0.236281 1 0 1.000000
  0 38.944584 10.195709 30.049374 0.022122 0.036958 0.999072 0.776033 0.187405 1 0 1.000000
  0 24.497108 18.843323 30.049374 -0.091223 0.417291 0.904183 0.753780 0.235559 1 0 1.000000
barracuda
  0 19.211285 14.507439 -0.226376 -0.999554 -0.029870 0.000000 0.658976 0.263093 1 0 1.000000
  0 19.179451 19.112812 -0.226376 -0.894847 0.446372 0.000000 0.658854 0.251973 1 0 1.000000
  0 19.116486 14.460464 -4.368660 -0.999422 -0.029866 0.016236 0.646011 0.266729 1 0 1.000000
barracuda
  0 19.179451 19.112812 -0.226376 -0.894847 0.446372 0.000000 0.658854 0.251973 1 0 1.000000
  0 18.710213 18.959122 -27.793058 -0.821405 0.402027 -0.404559 0.572291 0.253936 1 0 1.000000
  0 19.116486 14.460464 -4.368660 -0.999422 -0.029866 0.016236 0.646011 0.266729 1 0 1.000000
barracuda
  0 18.710213 18.959122 -27.793058 -0.821405 0.402027 -0.404559 0.572291 0.253936 1 0 1.000000
  0 18.955456 10.195346 -26.639906 -0.922353 -0.062577 -0.381247 0.576254 0.281004 1 0 1.000000
  0 19.116486 14.460464 -4.368660 -0.999422 -0.029866 0.016236 0.646011 0.266729 1 0 1.000000
barracuda
  0 18.710213 18.959122 -27.793058 -0.821405 0.402027 -0.404559 0.572291 0.253936 1 0 1.000000
  0 21.242683 18.635387 -29.856281 -0.435683 0.316453 -0.842637 0.564621 0.256225 1 0 1.000000
  0 18.955456 10.195346 -26.639906 -0.922353 -0.062577 -0.381247 0.576254 0.281004 1 0 1.000000
barracuda
  0 18.955456 10.195346 -26.639906 -0.922353 -0.062577 -0.381247 0.576254 0.281004 1 0 1.000000
  0 21.242683 18.635387 -29.856281 -0.435683 0.316453 -0.842637 0.564621 0.256225 1 0 1.000000
  0 21.487926 10.195708 -29.442421 -0.493190 -0.057892 -0.867993 0.568433 0.282459 1 0 1.000000
barracuda
  0 19.455528 9.385814 -6.356663 -0.999422 -0.029866 0.016236 0.639952 0.282733 1 0 1.000000
  0 19.116486 14.460464 -4.368660 -0.999422 -0.029866 0.016236 0.646011 0.266729 1 0 1.000000
  0 18.955456 10.195346 -26.639906 -0.922353 -0.062577 -0.381247 0.576254 0.281004 1 0 1.000000
barracuda
  0 41.275906 18.991566 -0.226376 -0.334520 0.942389 0.000000 0.658854 0.182596 1 0 1.000000
  0 39.828316 18.837872 -27.528646 -0.418253 0.905068 -0.076915 0.573151 0.187137 1 0 1.000000
  0 31.105164 18.480968 -13.911774 0.131039 0.991340 -0.008599 0.615885 0.214529 1 0 1.000000
barracuda
  0 41.275906 18.991566 -0.226376 -0.334520 0.942389 0.000000 0.658854 0.182596 1 0 1.000000
  0 51.682178 46.717850 -22.487156 -0.793824 0.606925 0.038555 0.585553 0.098912 1 0 1.000000
  0 39.828316 18.837872 -27.528646 -0.418253 0.905068 -0.076915 0.573151 0.187137 1 0 1.000000
barracuda
  0 51.682178 46.717850 -22.487156 -0.793824 0.606925 0.038555 0.585553 0.098912 1 0 1.000000
  0 50.694439 45.988380 -28.982510 -0.772371 0.530883 -0.348722 0.564871 0.102709 1 0 1.000000
  0 39.828316 18.837872 -27.528646 -0.418253 0.905068 -0.076915 0.573151 0.187137 1 0 1.000000
barracuda
  0 51.682178 46.717850 -22.487156 -0.793824 0.606925 0.038555 0.585553 0.098912 1 0 1.000000
  0 52.940235 47.721069 -29.518362 -0.314568 0.730310 -0.606378 0.562543 0.095174 1 0 1.000000
  0 50.694439 45.988380 -28.982510 -0.772371 0.530883 -0.348722 0.564871 0.102709 1 0 1.000000
barracuda
  0 50.694439 45.988380 -28.982510 -0.772371 0.530883 -0.348722 0.564871 0.102709 1 0 1.000000
  0 52.940235 47.721069 -29.518362 -0.314568 0.730310 -0.606378 0.562543 0.095174 1 0 1.000000
  0 52.207516 45.869568 -30.040480 -0.384973 0.314620 -0.867646 0.561181 0.101364 1 0 1.000000
barracuda
  0 52.940235 47.721069 -29.518362 -0.314568 0.730310 -0.606378 0.562543 0.095174 1 0 1.000000
  0 57.633511 47.274559 -30.209511 0.219689 0.776619 -0.590423 0.549445 0.088390 1 0 1.000000
  0 52.207516 45.869568 -30.040480 -0.384973 0.314620 -0.867646 0.561181 0.101364 1 0 1.000000
barracuda
  0 52.207516 45.869568 -30.040480 -0.384973 0.314620 -0.867646 0.561181 0.101364 1 0 1.000000
  0 57.633511 47.274559 -30.209511 0.219689 0.776619 -0.590423 0.549445 0.088390 1 0 1.000000
  0 59.494831 46.166641 -30.680878 0.169089 0.498834 -0.850043 0.541913 0.088860 1 0 1.000000
barracuda
  0 47.134106 34.031464 -31.390158 -0.461857 0.267486 -0.845659 0.558770 0.140591 1 0 1.000000
  0 52.207516 45.869568 -30.040480 -0.384973 0.314620 -0.867646 0.561181 0.101364 1 0 1.000000
  0 59.494831 46.166641 -30.680878 0.169089 0.498834 -0.850043 0.541913 0.088860 1 0 1.000000
barracuda
  0 47.134106 34.031464 -31.390158 -0.461857 0.267486 -0.845659 0.558770 0.140591 1 0 1.000000
  0 50.694439 45.988380 -28.982510 -0.772371 0.530883 -0.348722 0.564871 0.102709 1 0 1.000000
  0 52.207516 45.869568 -30.040480 -0.384973 0.314620 -0.867646 0.561181 0.101364 1 0 1.000000
barracuda
  0 39.514233 17.837517 -29.886921 -0.516404 0.529453 -0.673058 0.565902 0.190620 1 0 1.000000
  0 50.694439 45.988380 -28.982510 -0.772371 0.530883 -0.348722 0.564871 0.102709 1 0 1.000000
  0 47.134106 34.031464 -31.390158 -0.461857 0.267486 -0.845659 0.558770 0.140591 1 0 1.000000
barracuda
  0 39.828316 18.837872 -27.528646 -0.418253 0.905068 -0.076915 0.573151 0.187137 1 0 1.000000
  0 50.694439 45.988380 -28.982510 -0.772371 0.530883 -0.348722 0.564871 0.102709 1 0 1.000000
  0 39.514233 17.837517 -29.886921 -0.516404 0.529453 -0.673058 0.565902 0.190620 1 0 1.000000
barracuda
  0 54.088856 48.569355 22.034405 -0.358790 0.933223 0.019109 0.731472 0.091341 1 0 1.000000
  0 53.050755 46.871544 -0.226377 -0.792470 0.609911 0.000000 0.658855 0.095228 1 0 1.000000
  0 51.682178 46.717846 22.034407 -0.793824 0.606924 -0.038555 0.732156 0.098912 1 0 1.000000
barracuda
  0 55.457439 48.723045 -0.226377 -0.358300 0.933606 0.000000 0.658854 0.087756 1 0 1.000000
  0 53.050755 46.871544 -0.226377 -0.792470 0.609911 0.000000 0.658855 0.095228 1 0 1.000000
  0 54.088856 48.569355 22.034405 -0.358790 0.933223 0.019109 0.731472 0.091341 1 0 1.000000
barracuda
  0 56.853725 48.783482 22.034407 0.118898 0.990143 0.074033 0.731032 0.082670 1 0 1.000000
  0 55.457439 48.723045 -0.226377 -0.358300 0.933606 0.000000 0.658854 0.087756 1 0 1.000000
  0 54.088856 48.569355 22.034405 -0.358790 0.933223 0.019109 0.731472 0.091341 1 0 1.000000
barracuda
  0 58.222309 48.937180 -0.226377 0.126009 0.992029 0.000000 0.658854 0.079141 1 0 1.000000
  0 55.457439 48.723045 -0.226377 -0.358300 0.933606 0.000000 0.658854 0.087756 1 0 1.000000
  0 56.853725 48.783482 22.034407 0.118898 0.990143 0.074033 0.731032 0.082670 1 0 1.000000
barracuda
  0 58.782131 48.122837 22.034407 0.505671 0.857787 0.092189 0.730664 0.076630 1 0 1.000000
  0 58.222309 48.937180 -0.226377 0.126009 0.992029 0.000000 0.658854 0.079141 1 0 1.000000
  0 56.853725 48.783482 22.034407 0.118898 0.990143 0.074033 0.731032 0.082670 1 0 1.000000
barracuda
  0 60.150715 48.276535 -0.226377 0.550959 0.834532 0.000000 0.659136 0.073157 1 0 1.000000
  0 58.222309 48.937180 -0.226377 0.126009 0.992029 0.000000 0.658854 0.079141 1 0 1.000000
  0 58.782131 48.122837 22.034407 0.505671 0.857787 0.092189 0.730664 0.076630 1 0 1.000000
barracuda
  0 60.643459 46.262043 22.034405 0.678046 0.729545 0.089544 0.729713 0.070686 1 0 1.000000
  0 60.150715 48.276535 -0.226377 0.550959 0.834532 0.000000 0.659136 0.073157 1 0 1.000000
  0 58.782131 48.122837 22.034407 0.505671 0.857787 0.092189 0.730664 0.076630 1 0 1.000000
barracuda
  0 62.012035 46.008099 -0.226376 0.742727 0.669594 0.000000 0.659312 0.066176 1 0 1.000000
  0 60.150715 48.276535 -0.226377 0.550959 0.834532 0.000000 0.659136 0.073157 1 0 1.000000
  0 60.643459 46.262043 22.034405 0.678046 0.729545 0.089544 0.729713 0.070686 1 0 1.000000
barracuda
  0 62.012035 46.008099 -0.226376 0.742727 0.669594 0.000000 0.659312 0.066176 1 0 1.000000
  0 60.643459 46.262043 -22.487158 0.678047 0.729544 -0.089544 0.588407 0.070632 1 0 1.000000
  0 60.150715 48.276535 -0.226377 0.550959 0.834532 0.000000 0.659136 0.073157 1 0 1.000000
barracuda
  0 60.150715 48.276535 -0.226377 0.550959 0.834532 0.000000 0.659136 0.073157 1 0 1.000000
  0 60.643459 46.262043 -22.487158 0.678047 0.729544 -0.089544 0.588407 0.070632 1 0 1.000000
  0 58.782131 48.122841 -22.487156 0.505671 0.857787 -0.092189 0.587468 0.076544 1 0 1.000000
barracuda
  0 60.643459 46.262043 -22.487158 0.678047 0.729544 -0.089544 0.588407 0.070632 1 0 1.000000
  0 57.633511 47.274559 -30.209511 0.219689 0.776619 -0.590423 0.561852 0.080218 1 0 1.000000
  0 58.782131 48.122841 -22.487156 0.505671 0.857787 -0.092189 0.587468 0.076544 1 0 1.000000
barracuda
  0 57.633511 47.274559 -30.209511 0.219689 0.776619 -0.590423 0.561852 0.080218 1 0 1.000000
  0 55.705105 47.935204 -29.529205 0.059929 0.926723 -0.370935 0.563571 0.086355 1 0 1.000000
  0 58.782131 48.122841 -22.487156 0.505671 0.857787 -0.092189 0.587468 0.076544 1 0 1.000000
barracuda
  0 57.633511 47.274559 -30.209511 0.219689 0.776619 -0.590423 0.561852 0.080218 1 0 1.000000
  0 52.940235 47.721069 -29.518362 -0.314568 0.730310 -0.606378 0.562543 0.095174 1 0 1.000000
  0 55.705105 47.935204 -29.529205 0.059929 0.926723 -0.370935 0.563571 0.086355 1 0 1.000000
barracuda
  0 54.088856 48.569355 -22.487160 -0.358790 0.933223 -0.019108 0.586237 0.091341 1 0 1.000000
  0 55.705105 47.935204 -29.529205 0.059929 0.926723 -0.370935 0.563571 0.086355 1 0 1.000000
  0 52.940235 47.721069 -29.518362 -0.314568 0.730310 -0.606378 0.562543 0.095174 1 0 1.000000
barracuda
  0 54.088856 48.569355 -22.487160 -0.358790 0.933223 -0.019108 0.586237 0.091341 1 0 1.000000
  0 52.940235 47.721069 -29.518362 -0.314568 0.730310 -0.606378 0.562543 0.095174 1 0 1.000000
  0 51.682178 46.717850 -22.487156 -0.793824 0.606925 0.038555 0.585553 0.098912 1 0 1.000000
barracuda
  0 53.050755 46.871544 -0.226377 -0.792470 0.609911 0.000000 0.658855 0.095228 1 0 1.000000
  0 54.088856 48.569355 -22.487160 -0.358790 0.933223 -0.019108 0.586237 0.091341 1 0 1.000000
  0 51.682178 46.717850 -22.487156 -0.793824 0.606925 0.038555 0.585553 0.098912 1 0 1.000000
barracuda
  0 53.050755 46.871544 -0.226377 -0.792470 0.609911 0.000000 0.658855 0.095228 1 0 1.000000
  0 51.682178 46.717850 -22.487156 -0.793824 0.606925 0.038555 0.585553 0.098912 1 0 1.000000
  0 41.275906 18.991566 -0.226376 -0.334520 0.942389 0.000000 0.658854 0.182596 1 0 1.000000
barracuda
  0 53.050755 46.871544 -0.226377 -0.792470 0.609911 0.000000 0.658855 0.095228 1 0 1.000000
  0 41.275906 18.991566 -0.226376 -0.334520 0.942389 0.000000 0.658854 0.182596 1 0 1.000000
  0 51.682178 46.717846 22.034407 -0.793824 0.606924 -0.038555 0.732156 0.098912 1 0 1.000000
barracuda
  0 55.457439 48.723045 -0.226377 -0.358300 0.933606 0.000000 0.658854 0.087756 1 0 1.000000
  0 54.088856 48.569355 -22.487160 -0.358790 0.933223 -0.019108 0.586237 0.091341 1 0 1.000000
  0 53.050755 46.871544 -0.226377 -0.792470 0.609911 0.000000 0.658855 0.095228 1 0 1.000000
barracuda
  0 55.457439 48.723045 -0.226377 -0.358300 0.933606 0.000000 0.658854 0.087756 1 0 1.000000
  0 56.853725 48.783485 -22.487156 0.118898 0.990143 -0.074033 0.586677 0.082670 1 0 1.000000
  0 54.088856 48.569355 -22.487160 -0.358790 0.933223 -0.019108 0.586237 0.091341 1 0 1.000000
barracuda
  0 56.853725 48.783485 -22.487156 0.118898 0.990143 -0.074033 0.586677 0.082670 1 0 1.000000
  0 55.705105 47.935204 -29.529205 0.059929 0.926723 -0.370935 0.563571 0.086355 1 0 1.000000
  0 54.088856 48.569355 -22.487160 -0.358790 0.933223 -0.019108 0.586237 0.091341 1 0 1.000000
barracuda
  0 58.782131 48.122841 -22.487156 0.505671 0.857787 -0.092189 0.587468 0.076544 1 0 1.000000
  0 55.705105 47.935204 -29.529205 0.059929 0.926723 -0.370935 0.563571 0.086355 1 0 1.000000
  0 56.853725 48.783485 -22.487156 0.118898 0.990143 -0.074033 0.586677 0.082670 1 0 1.000000
barracuda
  0 58.222309 48.937180 -0.226377 0.126009 0.992029 0.000000 0.658854 0.079141 1 0 1.000000
  0 58.782131 48.122841 -22.487156 0.505671 0.857787 -0.092189 0.587468 0.076544 1 0 1.000000
  0 56.853725 48.783485 -22.487156 0.118898 0.990143 -0.074033 0.586677 0.082670 1 0 1.000000
barracuda
  0 60.150715 48.276535 -0.226377 0.550959 0.834532 0.000000 0.659136 0.073157 1 0 1.000000
  0 58.782131 48.122841 -22.487156 0.505671 0.857787 -0.092189 0.587468 0.076544 1 0 1.000000
  0 58.222309 48.937180 -0.226377 0.126009 0.992029 0.000000 0.658854 0.079141 1 0 1.000000
barracuda
  0 58.222309 48.937180 -0.226377 0.126009 0.992029 0.000000 0.658854 0.079141 1 0 1.000000
  0 56.853725 48.783485 -22.487156 0.118898 0.990143 -0.074033 0.586677 0.082670 1 0 1.000000
  0 55.457439 48.723045 -0.226377 -0.358300 0.933606 0.000000 0.658854 0.087756 1 0 1.000000
barracuda
  0 59.494831 46.166641 -30.680878 0.169089 0.498834 -0.850043 0.562054 0.074271 1 0 1.000000
  0 57.633511 47.274559 -30.209511 0.219689 0.776619 -0.590423 0.561852 0.080218 1 0 1.000000
  0 60.643459 46.262043 -22.487158 0.678047 0.729544 -0.089544 0.588407 0.070632 1 0 1.000000
barracuda
  0 51.682178 46.717846 22.034407 -0.793824 0.606924 -0.038555 0.732156 0.098912 1 0 1.000000
  0 41.275906 18.991566 -0.226376 -0.334520 0.942389 0.000000 0.658854 0.182596 1 0 1.000000
  0 39.828316 18.837872 27.075897 -0.418253 0.905068 0.076915 0.744559 0.187137 1 0 1.000000
barracuda
  0 51.682178 46.717846 22.034407 -0.793824 0.606924 -0.038555 0.732156 0.098912 1 0 1.000000
  0 39.828316 18.837872 27.075897 -0.418253 0.905068 0.076915 0.744559 0.187137 1 0 1.000000
  0 50.694439 45.988377 28.529760 -0.772370 0.530882 0.348724 0.752830 0.102638 1 0 1.000000
barracuda
  0 50.694439 45.988377 28.529760 -0.772370 0.530882 0.348724 0.752830 0.102638 1 0 1.000000
  0 39.828316 18.837872 27.075897 -0.418253 0.905068 0.076915 0.744559 0.187137 1 0 1.000000
  0 39.514233 17.837517 29.434170 -0.516403 0.529453 0.673058 0.751808 0.190620 1 0 1.000000
barracuda
  0 47.134106 34.031460 30.937405 -0.461857 0.267486 0.845659 0.758940 0.140608 1 0 1.000000
  0 50.694439 45.988377 28.529760 -0.772370 0.530882 0.348724 0.752830 0.102638 1 0 1.000000
  0 39.514233 17.837517 29.434170 -0.516403 0.529453 0.673058 0.751808 0.190620 1 0 1.000000
barracuda
  0 52.207516 45.869568 29.587721 -0.384971 0.314619 0.867647 0.756592 0.101315 1 0 1.000000
  0 50.694439 45.988377 28.529760 -0.772370 0.530882 0.348724 0.752830 0.102638 1 0 1.000000
  0 47.134106 34.031460 30.937405 -0.461857 0.267486 0.845659 0.758940 0.140608 1 0 1.000000
barracuda
  0 47.134106 34.031460 30.937405 -0.461857 0.267486 0.845659 0.758940 0.140608 1 0 1.000000
  0 59.494831 46.166637 30.228121 0.169089 0.498835 0.850043 0.776494 0.089742 1 0 1.000000
  0 52.207516 45.869568 29.587721 -0.384971 0.314619 0.867647 0.756592 0.101315 1 0 1.000000
barracuda
  0 59.494831 46.166637 30.228121 0.169089 0.498835 0.850043 0.776494 0.089742 1 0 1.000000
  0 57.633511 47.274555 29.756754 0.219688 0.776620 0.590422 0.769588 0.089420 1 0 1.000000
  0 52.207516 45.869568 29.587721 -0.384971 0.314619 0.867647 0.756592 0.101315 1 0 1.000000
barracuda
  0 52.207516 45.869568 29.587721 -0.384971 0.314619 0.867647 0.756592 0.101315 1 0 1.000000
  0 57.633511 47.274555 29.756754 0.219688 0.776620 0.590422 0.769588 0.089420 1 0 1.000000
  0 52.940235 47.721069 29.065603 -0.314566 0.730311 0.606378 0.755770 0.095010 1 0 1.000000
barracuda
  0 50.694439 45.988377 28.529760 -0.772370 0.530882 0.348724 0.752830 0.102638 1 0 1.000000
  0 52.207516 45.869568 29.587721 -0.384971 0.314619 0.867647 0.756592 0.101315 1 0 1.000000
  0 52.940235 47.721069 29.065603 -0.314566 0.730311 0.606378 0.755770 0.095010 1 0 1.000000
barracuda
  0 52.940235 47.721069 29.065603 -0.314566 0.730311 0.606378 0.755770 0.095010 1 0 1.000000
  0 51.682178 46.717846 22.034407 -0.793824 0.606924 -0.038555 0.732156 0.098912 1 0 1.000000
  0 50.694439 45.988377 28.529760 -0.772370 0.530882 0.348724 0.752830 0.102638 1 0 1.000000
barracuda
  0 54.088856 48.569355 22.034405 -0.358790 0.933223 0.019109 0.731472 0.091341 1 0 1.000000
  0 51.682178 46.717846 22.034407 -0.793824 0.606924 -0.038555 0.732156 0.098912 1 0 1.000000
  0 52.940235 47.721069 29.065603 -0.314566 0.730311 0.606378 0.755770 0.095010 1 0 1.000000
barracuda
  0 55.705105 47.935200 29.076448 0.059930 0.926723 0.370934 0.754176 0.086362 1 0 1.000000
  0 54.088856 48.569355 22.034405 -0.358790 0.933223 0.019109 0.731472 0.091341 1 0 1.000000
  0 52.940235 47.721069 29.065603 -0.314566 0.730311 0.606378 0.755770 0.095010 1 0 1.000000
barracuda
  0 56.853725 48.783482 22.034407 0.118898 0.990143 0.074033 0.731032 0.082670 1 0 1.000000
  0 54.088856 48.569355 22.034405 -0.358790 0.933223 0.019109 0.731472 0.091341 1 0 1.000000
  0 55.705105 47.935200 29.076448 0.059930 0.926723 0.370934 0.754176 0.086362 1 0 1.000000
barracuda
  0 56.853725 48.783482 22.034407 0.118898 0.990143 0.074033 0.731032 0.082670 1 0 1.000000
  0 55.705105 47.935200 29.076448 0.059930 0.926723 0.370934 0.754176 0.086362 1 0 1.000000
  0 58.782131 48.122837 22.034407 0.505671 0.857787 0.092189 0.730664 0.076630 1 0 1.000000
barracuda
  0 58.782131 48.122837 22.034407 0.505671 0.857787 0.092189 0.730664 0.076630 1 0 1.000000
  0 55.705105 47.935200 29.076448 0.059930 0.926723 0.370934 0.754176 0.086362 1 0 1.000000
  0 57.633511 47.274555 29.756754 0.219688 0.776620 0.590422 0.755554 0.080123 1 0 1.000000
barracuda
  0 58.782131 48.122837 22.034407 0.505671 0.857787 0.092189 0.730664 0.076630 1 0 1.000000
  0 57.633511 47.274555 29.756754 0.219688 0.776620 0.590422 0.755554 0.080123 1 0 1.000000
  0 60.643459 46.262043 22.034405 0.678046 0.729545 0.089544 0.729713 0.070686 1 0 1.000000
barracuda
  0 60.643459 46.262043 22.034405 0.678046 0.729545 0.089544 0.729713 0.070686 1 0 1.000000
  0 57.633511 47.274555 29.756754 0.219688 0.776620 0.590422 0.755554 0.080123 1 0 1.000000
  0 59.494831 46.166637 30.228121 0.169089 0.498835 0.850043 0.755583 0.074179 1 0 1.000000
barracuda
  0 57.633511 47.274555 29.756754 0.219688 0.776620 0.590422 0.755554 0.080123 1 0 1.000000
  0 55.705105 47.935200 29.076448 0.059930 0.926723 0.370934 0.754176 0.086362 1 0 1.000000
  0 52.940235 47.721069 29.065603 -0.314566 0.730311 0.606378 0.755770 0.095010 1 0 1.000000
barracuda
  0 102.938934 21.444191 28.490002 0.000001 0.000000 1.000000 0.322507 0.224953 1 0 1.000000
  0 108.198532 23.516327 28.490002 0.000001 0.000000 1.000000 0.329289 0.241951 1 0 1.000000
  0 109.141998 27.484612 28.490002 0.000001 0.000000 1.000000 0.326695 0.256241 1 0 1.000000
barracuda
  0 109.141998 27.484612 28.490002 0.000001 0.000000 1.000000 0.326695 0.256241 1 0 1.000000
  0 108.198532 23.516327 28.490002 0.000001 0.000000 1.000000 0.329289 0.241951 1 0 1.000000
  0 109.840775 26.799519 28.489998 0.000001 0.000000 1.000000 0.329289 0.254439 1 0 1.000000
barracuda
  0 109.840775 26.799519 26.824928 0.000000 -0.000001 -1.000000 0.335269 0.254439 1 0 1.000000
  0 108.198532 23.516327 26.824932 0.000000 -0.000001 -1.000000 0.335269 0.241951 1 0 1.000000
  0 109.141998 27.484612 26.824928 0.000000 -0.000001 -1.000000 0.337863 0.256241 1 0 1.000000
barracuda
  0 109.141998 27.484612 26.824928 0.000000 -0.000001 -1.000000 0.337863 0.256241 1 0 1.000000
  0 108.198532 23.516327 26.824932 0.000000 -0.000001 -1.000000 0.335269 0.241951 1 0 1.000000
  0 102.938934 21.444191 26.824932 0.000000 -0.000001 -1.000000 0.342052 0.224953 1 0 1.000000
barracuda
  0 109.141998 27.484612 28.490002 0.700080 0.714064 0.000000 0.329289 0.256552 1 0 1.000000
  0 109.840775 26.799519 28.489998 0.986296 0.164983 0.000000 0.329289 0.254439 1 0 1.000000
  0 109.141998 27.484612 26.824928 0.700080 0.714064 0.000000 0.335269 0.256552 1 0 1.000000
barracuda
  0 109.141998 27.484612 26.824928 0.700080 0.714064 0.000000 0.335269 0.256552 1 0 1.000000
  0 109.840775 26.799519 28.489998 0.986296 0.164983 0.000000 0.329289 0.254439 1 0 1.000000
  0 109.840775 26.799519 26.824928 0.986296 0.164983 0.000000 0.335269 0.254439 1 0 1.000000
barracuda
  0 109.840775 26.799519 28.489998 0.986296 0.164983 0.000000 0.329289 0.254439 1 0 1.000000
  0 108.198532 23.516327 28.490002 0.675133 -0.737696 0.000000 0.329289 0.241951 1 0 1.000000
  0 109.840775 26.799519 26.824928 0.986296 0.164983 0.000000 0.335269 0.254439 1 0 1.000000
barracuda
  0 109.840775 26.799519 26.824928 0.986296 0.164983 0.000000 0.335269 0.254439 1 0 1.000000
  0 108.198532 23.516327 28.490002 0.675133 -0.737696 0.000000 0.329289 0.241951 1 0 1.000000
  0 108.198532 23.516327 26.824932 0.675133 -0.737696 0.000000 0.335269 0.241951 1 0 1.000000
barracuda
  0 102.938934 21.444191 28.490002 0.366551 -0.930398 0.000000 0.322507 0.224953 1 0 1.000000
  0 108.198532 23.516327 26.824932 0.675133 -0.737696 0.000000 0.335269 0.241951 1 0 1.000000
  0 108.198532 23.516327 28.490002 0.675133 -0.737696 0.000000 0.329289 0.241951 1 0 1.000000
barracuda
  0 102.938934 21.444191 26.824932 0.366551 -0.930398 0.000000 0.342052 0.224953 1 0 1.000000
  0 108.198532 23.516327 26.824932 0.675133 -0.737696 0.000000 0.335269 0.241951 1 0 1.000000
  0 102.938934 21.444191 28.490002 0.366551 -0.930398 0.000000 0.322507 0.224953 1 0 1.000000
barracuda
  0 -106.844269 28.350580 24.616707 -0.964028 -0.159636 0.212522 0.049640 0.675369 1 0 1.000000
  0 -111.738129 28.350584 2.417530 -0.964028 -0.159636 0.212522 0.043387 0.755813 1 0 1.000000
  0 -106.405579 25.544907 24.499161 -0.964028 -0.159636 0.212522 0.039504 0.675007 1 0 1.000000
barracuda
  0 -106.405579 25.544907 24.499161 -0.964028 -0.159636 0.212522 0.039504 0.675007 1 0 1.000000
  0 -111.738129 28.350584 2.417530 -0.964028 -0.159636 0.212522 0.043387 0.755813 1 0 1.000000
  0 -111.299438 25.544907 2.299984 -0.964028 -0.159636 0.212522 0.033251 0.755452 1 0 1.000000
barracuda
  0 -104.633621 28.350580 24.024364 0.964028 0.159636 -0.212522 2.663498 0.920002 1 0 1.000000
  0 -104.194931 25.544905 23.906818 0.964028 0.159636 -0.212522 2.663752 0.920012 1 0 1.000000
  0 -109.527481 28.350580 1.825188 0.964028 0.159636 -0.212522 2.663498 0.922009 1 0 1.000000
barracuda
  0 -109.527481 28.350580 1.825188 0.964028 0.159636 -0.212522 2.663498 0.922009 1 0 1.000000
  0 -104.194931 25.544905 23.906818 0.964028 0.159636 -0.212522 2.663752 0.920012 1 0 1.000000
  0 -109.088791 25.544907 1.707642 0.964028 0.159636 -0.212522 2.663752 0.922020 1 0 1.000000
barracuda
  0 -104.194931 25.544905 23.906818 0.258821 0.000001 0.965925 0.038529 0.667122 1 0 1.000000
  0 -104.633621 28.350580 24.024364 0.258821 0.000001 0.965925 0.048722 0.667486 1 0 1.000000
  0 -106.405579 25.544907 24.499161 0.258821 0.000001 0.965925 0.039504 0.675007 1 0 1.000000
barracuda
  0 -106.405579 25.544907 24.499161 0.258821 0.000001 0.965925 0.039504 0.675007 1 0 1.000000
  0 -104.633621 28.350580 24.024364 0.258821 0.000001 0.965925 0.048722 0.667486 1 0 1.000000
  0 -106.844269 28.350580 24.616707 0.258821 0.000001 0.965925 0.049640 0.675369 1 0 1.000000
barracuda
  0 -109.088791 25.544907 1.707642 0.000000 -1.000000 0.000000 0.025026 0.755661 1 0 1.000000
  0 -104.194931 25.544905 23.906818 0.000000 -1.000000 0.000000 0.031354 0.674261 1 0 1.000000
  0 -111.299438 25.544907 2.299984 0.000000 -1.000000 0.000000 0.033251 0.755452 1 0 1.000000
barracuda
  0 -111.299438 25.544907 2.299984 0.000000 -1.000000 0.000000 0.033251 0.755452 1 0 1.000000
  0 -104.194931 25.544905 23.906818 0.000000 -1.000000 0.000000 0.031354 0.674261 1 0 1.000000
  0 -106.405579 25.544907 24.499161 0.000000 -1.000000 0.000000 0.039504 0.675007 1 0 1.000000
barracuda
  0 -111.738129 28.350584 2.417530 -0.258819 0.000000 -0.965926 0.043387 0.755813 1 0 1.000000
  0 -109.527481 28.350580 1.825188 -0.258819 0.000000 -0.965926 0.041909 0.763611 1 0 1.000000
  0 -111.299438 25.544907 2.299984 -0.258819 0.000000 -0.965926 0.033251 0.755452 1 0 1.000000
barracuda
  0 -111.299438 25.544907 2.299984 -0.258819 0.000000 -0.965926 0.033251 0.755452 1 0 1.000000
  0 -109.527481 28.350580 1.825188 -0.258819 0.000000 -0.965926 0.041909 0.763611 1 0 1.000000
  0 -109.088791 25.544907 1.707642 -0.258819 0.000000 -0.965926 0.031717 0.763246 1 0 1.000000
barracuda
  0 -106.844269 28.350580 24.616707 0.000001 1.000000 0.000000 0.049640 0.675369 1 0 1.000000
  0 -104.633621 28.350580 24.024364 0.000001 1.000000 0.000000 0.057807 0.675894 1 0 1.000000
  0 -111.738129 28.350584 2.417530 0.000001 1.000000 0.000000 0.043387 0.755813 1 0 1.000000
barracuda
  0 -111.738129 28.350584 2.417530 0.000001 1.000000 0.000000 0.043387 0.755813 1 0 1.000000
  0 -104.633621 28.350580 24.024364 0.000001 1.000000 0.000000 0.057807 0.675894 1 0 1.000000
  0 -109.527481 28.350580 1.825188 0.000001 1.000000 0.000000 0.051480 0.757293 1 0 1.000000
barracuda
  0 -100.351273 26.893284 40.105827 -0.821061 -0.081131 0.565046 0.457025 0.829952 1 0 1.000000
  0 -100.670654 27.022186 39.641735 -0.821061 -0.081131 0.565046 0.457025 0.831796 1 0 1.000000
  0 -100.351273 26.138847 39.978981 -0.821061 -0.081131 0.565046 0.463019 0.829952 1 0 1.000000
barracuda
  0 -100.351273 26.138847 39.978981 -0.821061 -0.081131 0.565046 0.463019 0.829952 1 0 1.000000
  0 -100.670654 27.022186 39.641735 -0.821061 -0.081131 0.565046 0.457025 0.831796 1 0 1.000000
  0 -100.670654 26.009945 39.514889 -0.821061 -0.081131 0.565046 0.463019 0.831796 1 0 1.000000
barracuda
  0 -93.272003 26.893288 40.913811 0.861021 -0.072299 0.503404 0.457026 0.800458 1 0 1.000000
  0 -93.272003 26.138847 40.786964 0.861021 -0.072299 0.503404 0.463019 0.800458 1 0 1.000000
  0 -93.060379 27.022190 40.551846 0.861021 -0.072299 0.503404 0.457026 0.799027 1 0 1.000000
barracuda
  0 -93.060379 27.022190 40.551846 0.861021 -0.072299 0.503404 0.457026 0.799027 1 0 1.000000
  0 -93.272003 26.138847 40.786964 0.861021 -0.072299 0.503404 0.463019 0.800458 1 0 1.000000
  0 -93.060379 26.009941 40.425007 0.861021 -0.072299 0.503404 0.463019 0.799027 1 0 1.000000
barracuda
  0 -100.351273 26.138847 39.978981 -0.111848 -0.164766 0.979970 0.463019 0.829952 1 0 1.000000
  0 -93.272003 26.138847 40.786964 -0.111848 -0.164766 0.979970 0.463019 0.800458 1 0 1.000000
  0 -100.351273 26.893284 40.105827 -0.111848 -0.164766 0.979970 0.457025 0.829952 1 0 1.000000
barracuda
  0 -100.351273 26.893284 40.105827 -0.111848 -0.164766 0.979970 0.457025 0.829952 1 0 1.000000
  0 -93.272003 26.138847 40.786964 -0.111848 -0.164766 0.979970 0.463019 0.800458 1 0 1.000000
  0 -93.272003 26.893288 40.913811 -0.111848 -0.164766 0.979970 0.457026 0.800458 1 0 1.000000
barracuda
  0 -100.670654 26.009945 39.514889 -0.035315 -0.952674 0.301936 0.464728 0.831537 1 0 1.000000
  0 -93.060379 26.009941 40.425007 -0.035315 -0.952674 0.301936 0.464579 0.799714 1 0 1.000000
  0 -100.351273 26.138847 39.978981 -0.035315 -0.952674 0.301936 0.463019 0.829952 1 0 1.000000
barracuda
  0 -100.351273 26.138847 39.978981 -0.035315 -0.952674 0.301936 0.463019 0.829952 1 0 1.000000
  0 -93.060379 26.009941 40.425007 -0.035315 -0.952674 0.301936 0.464579 0.799714 1 0 1.000000
  0 -93.272003 26.138847 40.786964 -0.035315 -0.952674 0.301936 0.463019 0.800458 1 0 1.000000
barracuda
  0 -93.272003 26.893288 40.913811 -0.035314 0.952677 0.301927 0.457026 0.800458 1 0 1.000000
  0 -93.060379 27.022190 40.551846 -0.035314 0.952677 0.301927 0.455465 0.799713 1 0 1.000000
  0 -100.351273 26.893284 40.105827 -0.035314 0.952677 0.301927 0.457025 0.829952 1 0 1.000000
barracuda
  0 -100.351273 26.893284 40.105827 -0.035314 0.952677 0.301927 0.457025 0.829952 1 0 1.000000
  0 -93.060379 27.022190 40.551846 -0.035314 0.952677 0.301927 0.455465 0.799713 1 0 1.000000
  0 -100.670654 27.022186 39.641735 -0.035314 0.952677 0.301927 0.455317 0.831537 1 0 1.000000
barracuda
  0 99.399628 14.320971 18.813957 0.010838 -0.999941 0.000000 2.639107 0.935399 1 0 1.000000
  0 99.399628 14.320972 23.265579 0.010838 -0.999941 0.000000 2.639509 0.935399 1 0 1.000000
  0 90.824158 14.228027 18.573299 0.010838 -0.999941 0.000000 2.639085 0.936174 1 0 1.000000
barracuda
  0 90.824158 14.228027 18.573299 0.010838 -0.999941 0.000000 2.639085 0.936174 1 0 1.000000
  0 99.399628 14.320972 23.265579 0.010838 -0.999941 0.000000 2.639509 0.935399 1 0 1.000000
  0 90.824158 14.228027 23.506237 0.010838 -0.999941 0.000000 2.639531 0.936174 1 0 1.000000
barracuda
  0 99.399628 14.135084 18.332645 0.000000 -0.932846 0.360274 2.639063 0.935399 1 0 1.000000
  0 99.399628 14.320971 18.813957 0.000000 -0.932846 0.360274 2.639107 0.935399 1 0 1.000000
  0 90.824158 14.228027 18.573299 0.000000 -0.932846 0.360274 2.639085 0.936174 1 0 1.000000
barracuda
  0 -10.715618 15.314583 3.795071 0.249227 0.694640 0.674804 0.864995 0.242490 1 0 1.000000
  0 -20.031105 10.995227 5.406487 0.190627 0.021647 0.981424 0.869932 0.217857 1 0 1.000000
  0 -10.715618 10.806315 5.406487 0.056239 0.245064 0.967874 0.861885 0.230483 1 0 1.000000
barracuda
  0 -10.715618 15.314583 3.795071 0.249227 0.694640 0.674804 0.864995 0.242490 1 0 1.000000
  0 -10.715618 10.806315 5.406487 0.056239 0.245064 0.967874 0.861885 0.230483 1 0 1.000000
  0 19.116486 14.460465 3.915909 0.029852 0.773518 0.633070 0.785034 0.247899 1 0 1.000000
barracuda
  0 19.116486 14.460465 3.915909 0.029852 0.773518 0.633070 0.785034 0.247899 1 0 1.000000
  0 19.211285 14.507439 -0.226376 0.048560 0.998820 0.000000 0.785542 0.259140 1 0 1.000000
  0 -10.715618 15.314583 3.795071 0.249227 0.694640 0.674804 0.864995 0.242490 1 0 1.000000
barracuda
  0 19.116486 14.460465 3.915909 0.029852 0.773518 0.633070 0.785034 0.247899 1 0 1.000000
  0 -10.715618 10.806315 5.406487 0.056239 0.245064 0.967874 0.861885 0.230483 1 0 1.000000
  0 19.455528 9.385814 5.903912 0.003688 0.351734 0.936093 0.782800 0.233780 1 0 1.000000
barracuda
  0 -10.715618 10.806316 -5.859238 0.056239 0.245064 -0.967874 0.864051 0.281741 1 0 1.000000
  0 19.116486 14.460464 -4.368660 0.029852 0.773518 -0.633070 0.785925 0.270395 1 0 1.000000
  0 19.455528 9.385814 -6.356663 0.003688 0.351734 -0.936093 0.784804 0.284681 1 0 1.000000
barracuda
  0 -10.715618 15.314584 -4.247822 0.249227 0.694640 -0.674804 0.866309 0.269199 1 0 1.000000
  0 19.116486 14.460464 -4.368660 0.029852 0.773518 -0.633070 0.785925 0.270395 1 0 1.000000
  0 -10.715618 10.806316 -5.859238 0.056239 0.245064 -0.967874 0.864051 0.281741 1 0 1.000000
barracuda
  0 -10.715618 15.314584 -4.247822 0.249227 0.694640 -0.674804 0.866309 0.269199 1 0 1.000000
  0 19.211285 14.507439 -0.226376 0.048560 0.998820 0.000000 0.785542 0.259140 1 0 1.000000
  0 19.116486 14.460464 -4.368660 0.029852 0.773518 -0.633070 0.785925 0.270395 1 0 1.000000
barracuda
  0 -10.978296 16.590897 -0.226376 0.367196 0.930144 0.000000 0.868136 0.255526 1 0 1.000000
  0 19.211285 14.507439 -0.226376 0.048560 0.998820 0.000000 0.785542 0.259140 1 0 1.000000
  0 -10.715618 15.314584 -4.247822 0.249227 0.694640 -0.674804 0.866309 0.269199 1 0 1.000000
barracuda
  0 -10.715618 15.314583 3.795071 0.249227 0.694640 0.674804 0.864995 0.242490 1 0 1.000000
  0 19.211285 14.507439 -0.226376 0.048560 0.998820 0.000000 0.785542 0.259140 1 0 1.000000
  0 -10.978296 16.590897 -0.226376 0.367196 0.930144 0.000000 0.868136 0.255526 1 0 1.000000
barracuda
  0 -10.715618 15.314583 3.795071 0.249227 0.694640 0.674804 0.864995 0.242490 1 0 1.000000
  0 -10.978296 16.590897 -0.226376 0.367196 0.930144 0.000000 0.868136 0.255526 1 0 1.000000
  0 -23.267374 26.373390 4.653412 0.712905 0.271949 0.646382 0.910065 0.237924 1 0 1.000000
barracuda
  0 -23.267374 26.373390 4.653412 0.712905 0.271949 0.646382 0.910065 0.237924 1 0 1.000000
  0 -20.031105 10.995227 5.406487 0.190627 0.021647 0.981424 0.869932 0.217857 1 0 1.000000
  0 -10.715618 15.314583 3.795071 0.249227 0.694640 0.674804 0.864995 0.242490 1 0 1.000000
barracuda
  0 -23.267374 26.373390 4.653412 0.712905 0.271949 0.646382 0.910065 0.237924 1 0 1.000000
  0 -39.138397 29.716152 10.019279 0.230712 -0.035234 0.972384 0.952428 0.210097 1 0 1.000000
  0 -20.031105 10.995227 5.406487 0.190627 0.021647 0.981424 0.869932 0.217857 1 0 1.000000
barracuda
  0 -39.138397 29.716152 10.019279 0.230712 -0.035234 0.972384 0.952428 0.210097 1 0 1.000000
  0 -47.951645 12.239254 11.227688 0.151836 -0.008229 0.988371 0.922312 0.153464 1 0 1.000000
  0 -20.031105 10.995227 5.406487 0.190627 0.021647 0.981424 0.869932 0.217857 1 0 1.000000
barracuda
  0 -54.028385 34.402702 10.824108 0.151836 -0.008229 0.988371 0.991057 0.185344 1 0 1.000000
  0 -47.951645 12.239254 11.227688 0.151836 -0.008229 0.988371 0.922312 0.153464 1 0 1.000000
  0 -39.138397 29.716152 10.019279 0.230712 -0.035234 0.972384 0.952428 0.210097 1 0 1.000000
barracuda
  0 -26.574158 33.046673 8.968395 0.638402 -0.124337 0.759594 0.931934 0.234844 1 0 1.000000
  0 -39.138397 29.716152 10.019279 0.230712 -0.035234 0.972384 0.952428 0.210097 1 0 1.000000
  0 -23.267374 26.373390 4.653412 0.712905 0.271949 0.646382 0.910065 0.237924 1 0 1.000000
barracuda
  0 -20.031105 10.995228 -5.859238 0.190627 0.021647 -0.981424 0.878979 0.295691 1 0 1.000000
  0 -10.715618 15.314584 -4.247822 0.249227 0.694640 -0.674804 0.866309 0.269199 1 0 1.000000
  0 -10.715618 10.806316 -5.859238 0.056239 0.245064 -0.967874 0.864051 0.281741 1 0 1.000000
barracuda
  0 -23.267374 26.373390 -5.106167 0.712905 0.271949 -0.646382 0.914602 0.263633 1 0 1.000000
  0 -10.715618 15.314584 -4.247822 0.249227 0.694640 -0.674804 0.866309 0.269199 1 0 1.000000
  0 -20.031105 10.995228 -5.859238 0.190627 0.021647 -0.981424 0.878979 0.295691 1 0 1.000000
barracuda
  0 -23.267374 26.373390 -5.106167 0.712905 0.271949 -0.646382 0.914602 0.263633 1 0 1.000000
  0 -10.978296 16.590897 -0.226376 0.367196 0.930144 0.000000 0.868136 0.255526 1 0 1.000000
  0 -10.715618 15.314584 -4.247822 0.249227 0.694640 -0.674804 0.866309 0.269199 1 0 1.000000
barracuda
  0 -23.267365 26.373392 -0.226376 0.644576 0.764540 0.000000 0.912803 0.250464 1 0 1.000000
  0 -10.978296 16.590897 -0.226376 0.367196 0.930144 0.000000 0.868136 0.255526 1 0 1.000000
  0 -23.267374 26.373390 -5.106167 0.712905 0.271949 -0.646382 0.914602 0.263633 1 0 1.000000
barracuda
  0 -23.267374 26.373390 4.653412 0.712905 0.271949 0.646382 0.910065 0.237924 1 0 1.000000
  0 -10.978296 16.590897 -0.226376 0.367196 0.930144 0.000000 0.868136 0.255526 1 0 1.000000
  0 -23.267365 26.373392 -0.226376 0.644576 0.764540 0.000000 0.912803 0.250464 1 0 1.000000
barracuda
  0 -54.028385 34.402706 -11.276859 0.151836 -0.008229 -0.988371 0.998692 0.302470 1 0 1.000000
  0 -39.138397 29.716152 -10.472033 0.230712 -0.035234 -0.972384 0.959790 0.284386 1 0 1.000000
  0 -47.951645 12.239254 -11.680443 0.151836 -0.008229 -0.988371 0.929933 0.348102 1 0 1.000000
barracuda
  0 -47.951645 12.239254 -11.680443 0.151836 -0.008229 -0.988371 0.929933 0.348102 1 0 1.000000
  0 -39.138397 29.716152 -10.472033 0.230712 -0.035234 -0.972384 0.959790 0.284386 1 0 1.000000
  0 -20.031105 10.995228 -5.859238 0.190627 0.021647 -0.981424 0.878979 0.295691 1 0 1.000000
barracuda
  0 -39.138397 29.716152 -10.472033 0.230712 -0.035234 -0.972384 0.959790 0.284386 1 0 1.000000
  0 -23.267374 26.373390 -5.106167 0.712905 0.271949 -0.646382 0.914602 0.263633 1 0 1.000000
  0 -20.031105 10.995228 -5.859238 0.190627 0.021647 -0.981424 0.878979 0.295691 1 0 1.000000
barracuda
  0 -26.574158 33.046673 -9.421148 0.638402 -0.124337 -0.759594 0.936243 0.261293 1 0 1.000000
  0 -23.267374 26.373390 -5.106167 0.712905 0.271949 -0.646382 0.914602 0.263633 1 0 1.000000
  0 -39.138397 29.716152 -10.472033 0.230712 -0.035234 -0.972384 0.959790 0.284386 1 0 1.000000
barracuda
  0 99.399628 13.577326 17.734451 0.011210 -0.731350 0.681911 2.639009 0.935399 1 0 1.000000
  0 99.399628 14.135084 18.332645 0.011210 -0.731350 0.681911 2.639063 0.935399 1 0 1.000000
  0 90.824158 13.352938 17.634766 0.011210 -0.731350 0.681911 2.639000 0.936174 1 0 1.000000
barracuda
  0 90.824158 13.352938 17.634766 0.011210 -0.731350 0.681911 2.639000 0.936174 1 0 1.000000
  0 99.399628 14.135084 18.332645 0.011210 -0.731350 0.681911 2.639063 0.935399 1 0 1.000000
  0 90.824158 14.228027 18.573299 0.011210 -0.731350 0.681911 2.639085 0.936174 1 0 1.000000
barracuda
  0 99.399628 11.346109 17.734451 0.005720 0.580378 0.814327 2.637213 0.935293 1 0 1.000000
  0 99.399628 11.794886 17.535088 0.005941 0.207511 0.978215 2.637253 0.935293 1 0 1.000000
  0 90.824158 11.570498 17.634766 0.008056 0.401311 0.915906 2.637233 0.936069 1 0 1.000000
barracuda
  0 99.399628 11.794886 17.535088 0.005941 0.207511 0.978215 2.637253 0.935293 1 0 1.000000
  0 99.399628 13.128550 17.535088 0.005941 -0.207511 0.978215 2.637374 0.935293 1 0 1.000000
  0 90.824158 11.570498 17.634766 0.008056 0.401311 0.915906 2.637233 0.936069 1 0 1.000000
barracuda
  0 90.824158 11.570498 17.634766 0.008056 0.401311 0.915906 2.637233 0.936069 1 0 1.000000
  0 99.399628 13.128550 17.535088 0.005941 -0.207511 0.978215 2.637374 0.935293 1 0 1.000000
  0 90.824158 13.352938 17.634766 0.005941 -0.207511 0.978215 2.637394 0.936069 1 0 1.000000
barracuda
  0 99.399628 13.128550 17.535088 0.005941 -0.207511 0.978215 2.637374 0.935293 1 0 1.000000
  0 99.399628 13.577326 17.734451 0.000000 -0.405982 0.913881 2.637414 0.935293 1 0 1.000000
  0 90.824158 13.352938 17.634766 0.005941 -0.207511 0.978215 2.637394 0.936069 1 0 1.000000
barracuda
  0 -25.096886 42.685162 11.408920 0.942771 -0.121714 0.310434 0.894468 0.969695 1 0 1.000000
  0 -24.810650 33.243919 6.833128 0.971181 0.043067 0.234418 0.879436 0.939017 1 0 1.000000
  0 -25.359562 42.973568 -0.226376 0.999163 0.040912 0.000000 0.856244 0.970600 1 0 1.000000
barracuda
  0 -26.574158 33.046673 8.968395 0.638402 -0.124337 0.759594 0.886407 0.938370 1 0 1.000000
  0 -24.810650 33.243919 6.833128 0.971181 0.043067 0.234418 0.879436 0.939017 1 0 1.000000
  0 -25.096886 42.685162 11.408920 0.942771 -0.121714 0.310434 0.894468 0.969695 1 0 1.000000
barracuda
  0 -26.574158 33.046673 8.968395 0.638402 -0.124337 0.759594 0.886407 0.938370 1 0 1.000000
  0 -23.267374 26.373390 4.653412 0.712905 0.271949 0.646382 0.872275 0.916446 1 0 1.000000
  0 -24.810650 33.243919 6.833128 0.971181 0.043067 0.234418 0.879436 0.939017 1 0 1.000000
barracuda
  0 -24.810650 33.243919 6.833128 0.971181 0.043067 0.234418 0.879436 0.939017 1 0 1.000000
  0 -23.267374 26.373390 4.653412 0.712905 0.271949 0.646382 0.872275 0.916446 1 0 1.000000
  0 -24.601469 31.401516 4.771484 0.957241 0.257095 -0.132631 0.872665 0.932964 1 0 1.000000
barracuda
  0 -24.810650 33.243919 -7.285881 0.971181 0.043067 -0.234418 0.833050 0.939064 1 0 1.000000
  0 -24.601469 31.401518 -5.224234 0.957241 0.257095 0.132630 0.839743 0.932959 1 0 1.000000
  0 -23.267374 26.373390 -5.106167 0.712905 0.271949 -0.646382 0.839479 0.916526 1 0 1.000000
barracuda
  0 -26.574158 33.046673 -9.421148 0.638402 -0.124337 -0.759594 0.826165 0.938282 1 0 1.000000
  0 -24.810650 33.243919 -7.285881 0.971181 0.043067 -0.234418 0.833050 0.939064 1 0 1.000000
  0 -23.267374 26.373390 -5.106167 0.712905 0.271949 -0.646382 0.839479 0.916526 1 0 1.000000
barracuda
  0 -26.574158 33.046673 -9.421148 0.638402 -0.124337 -0.759594 0.826165 0.938282 1 0 1.000000
  0 -25.096886 42.685162 -11.861673 0.942771 -0.121714 -0.310434 0.818020 0.969695 1 0 1.000000
  0 -24.810650 33.243919 -7.285881 0.971181 0.043067 -0.234418 0.833050 0.939064 1 0 1.000000
barracuda
  0 -25.096886 42.685162 -11.861673 0.942771 -0.121714 -0.310434 0.818020 0.969695 1 0 1.000000
  0 -25.359562 42.973568 -0.226376 0.999163 0.040912 0.000000 0.856244 0.970600 1 0 1.000000
  0 -24.810650 33.243919 -7.285881 0.971181 0.043067 -0.234418 0.833050 0.939064 1 0 1.000000
barracuda
  0 -24.810650 33.243919 -7.285881 0.971181 0.043067 -0.234418 0.833050 0.939064 1 0 1.000000
  0 -25.359562 42.973568 -0.226376 0.999163 0.040912 0.000000 0.856244 0.970600 1 0 1.000000
  0 -24.952572 33.102211 -0.226374 0.992955 0.118492 0.000000 0.856244 0.938552 1 0 1.000000
barracuda
  0 -25.359562 42.973568 -0.226376 0.999163 0.040912 0.000000 0.856244 0.970600 1 0 1.000000
  0 -24.810650 33.243919 6.833128 0.971181 0.043067 0.234418 0.879436 0.939017 1 0 1.000000
  0 -24.952572 33.102211 -0.226374 0.992955 0.118492 0.000000 0.856244 0.938552 1 0 1.000000
barracuda
  0 -24.810650 33.243919 6.833128 0.971181 0.043067 0.234418 0.879436 0.939017 1 0 1.000000
  0 -24.601469 31.401516 4.771484 0.980733 0.195335 -0.002428 0.872665 0.932964 1 0 1.000000
  0 -24.952572 33.102211 -0.226374 0.992955 0.118492 0.000000 0.856244 0.938552 1 0 1.000000
barracuda
  0 -24.952572 33.102211 -0.226374 0.992955 0.118492 0.000000 0.856244 0.938552 1 0 1.000000
  0 -24.601469 31.401516 4.771484 0.980733 0.195335 -0.002428 0.872665 0.932964 1 0 1.000000
  0 -24.461176 31.401545 -0.226376 0.980736 0.195336 0.000000 0.856226 0.932965 1 0 1.000000
barracuda
  0 -24.601469 31.401518 -5.224234 0.980733 0.195336 0.002428 0.839743 0.932959 1 0 1.000000
  0 -24.952572 33.102211 -0.226374 0.992955 0.118492 0.000000 0.856244 0.938552 1 0 1.000000
  0 -24.461176 31.401545 -0.226376 0.980736 0.195336 0.000000 0.856226 0.932965 1 0 1.000000
barracuda
  0 -24.810650 33.243919 -7.285881 0.971181 0.043067 -0.234418 0.833050 0.939064 1 0 1.000000
  0 -24.952572 33.102211 -0.226374 0.992955 0.118492 0.000000 0.856244 0.938552 1 0 1.000000
  0 -24.601469 31.401518 -5.224234 0.980733 0.195336 0.002428 0.839743 0.932959 1 0 1.000000
barracuda
  0 -23.267374 26.373390 4.653412 1.000000 0.000000 0.000001 0.910065 0.237924 1 0 1.000000
  0 -23.267370 31.401514 -0.226376 1.000000 0.000000 0.000000 0.926984 0.248985 1 0 1.000000
  0 -23.267370 31.401482 4.771465 1.000000 0.000000 0.000001 0.926457 0.239429 1 0 1.000000
barracuda
  0 -23.267365 26.373392 -0.226376 1.000000 0.000000 0.000000 0.912803 0.250464 1 0 1.000000
  0 -23.267370 31.401514 -0.226376 1.000000 0.000000 0.000000 0.926984 0.248985 1 0 1.000000
  0 -23.267374 26.373390 4.653412 1.000000 0.000000 0.000001 0.910065 0.237924 1 0 1.000000
barracuda
  0 -23.267374 26.373390 -5.106167 1.000000 0.000000 -0.000001 0.914602 0.263633 1 0 1.000000
  0 -23.267370 31.401514 -0.226376 1.000000 0.000000 0.000000 0.926984 0.248985 1 0 1.000000
  0 -23.267365 26.373392 -0.226376 1.000000 0.000000 0.000000 0.912803 0.250464 1 0 1.000000
barracuda
  0 -23.267370 31.401480 -5.224216 1.000000 0.000000 -0.000001 0.929851 0.258270 1 0 1.000000
  0 -23.267370 31.401514 -0.226376 1.000000 0.000000 0.000000 0.926984 0.248985 1 0 1.000000
  0 -23.267374 26.373390 -5.106167 1.000000 0.000000 -0.000001 0.914602 0.263633 1 0 1.000000
barracuda
  0 99.399628 10.788355 18.332649 0.011210 0.731352 0.681908 2.636872 0.934983 1 0 1.000000
  0 99.399628 11.346109 17.734451 0.005720 0.580378 0.814327 2.636926 0.934983 1 0 1.000000
  0 90.824158 10.695412 18.573299 0.011210 0.731352 0.681908 2.636850 0.935759 1 0 1.000000
barracuda
  0 90.824158 10.695412 18.573299 0.011210 0.731352 0.681908 2.636850 0.935759 1 0 1.000000
  0 99.399628 11.346109 17.734451 0.005720 0.580378 0.814327 2.636926 0.934983 1 0 1.000000
  0 90.824158 11.570498 17.634766 0.008056 0.401311 0.915906 2.636935 0.935759 1 0 1.000000
barracuda
  0 99.399628 10.602465 18.813957 0.000000 0.932843 0.360283 2.636828 0.934983 1 0 1.000000
  0 99.399628 10.788355 18.332649 0.000000 0.932843 0.360283 2.636872 0.934983 1 0 1.000000
  0 90.824158 10.695412 18.573299 0.000000 0.932843 0.360283 2.636850 0.935759 1 0 1.000000
barracuda
  0 106.423279 27.650501 39.196888 0.313649 -0.389191 0.866115 0.510099 0.099477 1 0 1.000000
  0 102.380173 32.127563 40.938110 0.173933 -0.143848 0.974194 0.496387 0.114856 1 0 1.000000
  0 101.592758 25.565830 40.324558 0.221064 -0.331850 0.917064 0.517754 0.115668 1 0 1.000000
barracuda
  0 106.871140 31.868717 39.525234 0.282199 -0.115551 0.952372 0.495895 0.099285 1 0 1.000000
  0 102.380173 32.127563 40.938110 0.173933 -0.143848 0.974194 0.496387 0.114856 1 0 1.000000
  0 106.423279 27.650501 39.196888 0.313649 -0.389191 0.866115 0.510099 0.099477 1 0 1.000000
barracuda
  0 104.600494 23.036983 36.922306 0.509760 -0.718469 0.473231 0.528745 0.103060 1 0 1.000000
  0 107.600128 25.644016 37.669170 0.503601 -0.700451 0.505722 0.516712 0.093337 1 0 1.000000
  0 106.423279 27.650501 39.196888 0.313649 -0.389191 0.866115 0.510099 0.099477 1 0 1.000000
barracuda
  0 101.592758 25.565830 40.324558 0.221064 -0.331850 0.917064 0.517754 0.115668 1 0 1.000000
  0 104.600494 23.036983 36.922306 0.509760 -0.718469 0.473231 0.528745 0.103060 1 0 1.000000
  0 106.423279 27.650501 39.196888 0.313649 -0.389191 0.866115 0.510099 0.099477 1 0 1.000000
barracuda
  0 100.344742 20.222256 37.326988 0.382127 -0.767985 0.513982 0.537081 0.114441 1 0 1.000000
  0 104.600494 23.036983 36.922306 0.509760 -0.718469 0.473231 0.528745 0.103060 1 0 1.000000
  0 101.592758 25.565830 40.324558 0.221064 -0.331850 0.917064 0.517754 0.115668 1 0 1.000000
barracuda
  0 101.592758 25.565830 40.324558 0.221064 -0.331850 0.917064 0.517754 0.115668 1 0 1.000000
  0 80.801376 21.102711 40.136414 0.332573 -0.279819 0.900609 0.538098 0.181776 1 0 1.000000
  0 100.344742 20.222256 37.326988 0.382127 -0.767985 0.513982 0.537081 0.114441 1 0 1.000000
barracuda
  0 101.592758 25.565830 40.324558 0.221064 -0.331850 0.917064 0.517754 0.115668 1 0 1.000000
  0 102.380173 32.127563 40.938110 0.173933 -0.143848 0.974194 0.496387 0.114856 1 0 1.000000
  0 80.801376 21.102711 40.136414 0.332573 -0.279819 0.900609 0.538098 0.181776 1 0 1.000000
barracuda
  0 80.801376 21.102711 40.136414 0.332573 -0.279819 0.900609 0.538098 0.181776 1 0 1.000000
  0 102.380173 32.127563 40.938110 0.173933 -0.143848 0.974194 0.496387 0.114856 1 0 1.000000
  0 78.534103 26.598583 41.966228 0.255677 -0.044081 0.965757 0.519970 0.190943 1 0 1.000000
barracuda
  0 102.380173 32.127563 40.938110 0.173933 -0.143848 0.974194 0.496387 0.114856 1 0 1.000000
  0 86.495377 32.812038 42.126259 0.068908 -0.117725 0.990652 0.497796 0.166598 1 0 1.000000
  0 78.534103 26.598583 41.966228 0.255677 -0.044081 0.965757 0.519970 0.190943 1 0 1.000000
barracuda
  0 78.534103 26.598583 41.966228 0.255677 -0.044081 0.965757 0.519970 0.190943 1 0 1.000000
  0 86.495377 32.812038 42.126259 0.068908 -0.117725 0.990652 0.497796 0.166598 1 0 1.000000
  0 75.081451 28.997066 42.620998 0.163750 0.104515 0.980950 0.512852 0.203032 1 0 1.000000
barracuda
  0 75.081451 28.997066 42.620998 0.163750 0.104515 0.980950 0.512852 0.203032 1 0 1.000000
  0 77.672318 25.925999 42.394165 0.425713 0.070736 0.902089 0.522440 0.193860 1 0 1.000000
  0 78.534103 26.598583 41.966228 0.255677 -0.044081 0.965757 0.519970 0.190943 1 0 1.000000
barracuda
  0 73.859772 28.588737 43.133957 0.248683 0.296496 0.922088 0.514753 0.207189 1 0 1.000000
  0 77.672318 25.925999 42.394165 0.425713 0.070736 0.902089 0.522440 0.193860 1 0 1.000000
  0 75.081451 28.997066 42.620998 0.163750 0.104515 0.980950 0.512852 0.203032 1 0 1.000000
barracuda
  0 69.535995 30.967690 42.955742 0.072514 0.166848 0.983312 0.507597 0.221799 1 0 1.000000
  0 73.859772 28.588737 43.133957 0.248683 0.296496 0.922088 0.514753 0.207189 1 0 1.000000
  0 75.081451 28.997066 42.620998 0.163750 0.104515 0.980950 0.512852 0.203032 1 0 1.000000
barracuda
  0 69.181198 29.689575 43.482082 0.107282 0.369286 0.923103 0.512227 0.222796 1 0 1.000000
  0 73.859772 28.588737 43.133957 0.248683 0.296496 0.922088 0.514753 0.207189 1 0 1.000000
  0 69.535995 30.967690 42.955742 0.072514 0.166848 0.983312 0.507597 0.221799 1 0 1.000000
barracuda
  0 61.371052 31.515804 43.110603 0.013591 0.172930 0.984840 0.507375 0.249084 1 0 1.000000
  0 69.181198 29.689575 43.482082 0.107282 0.369286 0.923103 0.512227 0.222796 1 0 1.000000
  0 69.535995 30.967690 42.955742 0.072514 0.166848 0.983312 0.507597 0.221799 1 0 1.000000
barracuda
  0 61.108341 29.964790 43.651764 0.016217 0.345118 0.938419 0.512907 0.249683 1 0 1.000000
  0 69.181198 29.689575 43.482082 0.107282 0.369286 0.923103 0.512227 0.222796 1 0 1.000000
  0 61.371052 31.515804 43.110603 0.013591 0.172930 0.984840 0.507375 0.249084 1 0 1.000000
barracuda
  0 61.371052 31.515804 43.110603 0.013591 0.172930 0.984840 0.507375 0.249084 1 0 1.000000
  0 52.779209 29.397312 43.852139 -0.094986 0.345333 0.933661 0.516385 0.277506 1 0 1.000000
  0 61.108341 29.964790 43.651764 0.016217 0.345118 0.938419 0.512907 0.249683 1 0 1.000000
barracuda
  0 52.049534 30.751789 43.326084 -0.051871 0.194822 0.979466 0.511648 0.280247 1 0 1.000000
  0 52.779209 29.397312 43.852139 -0.094986 0.345333 0.933661 0.516385 0.277506 1 0 1.000000
  0 61.371052 31.515804 43.110603 0.013591 0.172930 0.984840 0.507375 0.249084 1 0 1.000000
barracuda
  0 52.779209 29.397312 43.852139 -0.094986 0.345333 0.933661 0.516385 0.277506 1 0 1.000000
  0 52.049534 30.751789 43.326084 -0.051871 0.194822 0.979466 0.511648 0.280247 1 0 1.000000
  0 47.854992 27.269566 43.781116 -0.282880 0.269121 0.920626 0.524251 0.293732 1 0 1.000000
barracuda
  0 47.854992 27.269566 43.781116 -0.282880 0.269121 0.920626 0.524251 0.293732 1 0 1.000000
  0 52.049534 30.751789 43.326084 -0.051871 0.194822 0.979466 0.511648 0.280247 1 0 1.000000
  0 46.775639 27.612431 43.309647 -0.148588 0.152786 0.977025 0.522985 0.297672 1 0 1.000000
barracuda
  0 95.222488 17.481602 35.364662 0.298410 -0.917955 0.261363 0.550054 0.128484 1 0 1.000000
  0 100.344742 20.222256 37.326988 0.382127 -0.767985 0.513982 0.537081 0.114441 1 0 1.000000
  0 81.000732 15.037235 36.993088 0.292153 -0.720464 0.628950 0.561191 0.181346 1 0 1.000000
barracuda
  0 100.344742 20.222256 37.326988 0.382127 -0.767985 0.513982 0.537081 0.114441 1 0 1.000000
  0 80.801376 21.102711 40.136414 0.332573 -0.279819 0.900609 0.538098 0.181776 1 0 1.000000
  0 81.000732 15.037235 36.993088 0.292153 -0.720464 0.628950 0.561191 0.181346 1 0 1.000000
barracuda
  0 80.801376 21.102711 40.136414 0.332573 -0.279819 0.900609 0.538098 0.181776 1 0 1.000000
  0 80.153503 20.963646 40.580841 0.558606 -0.212292 0.801805 0.538317 0.184367 1 0 1.000000
  0 81.000732 15.037235 36.993088 0.292153 -0.720464 0.628950 0.561191 0.181346 1 0 1.000000
barracuda
  0 78.534103 26.598583 41.966228 0.255677 -0.044081 0.965757 0.519970 0.190943 1 0 1.000000
  0 80.153503 20.963646 40.580841 0.558606 -0.212292 0.801805 0.538317 0.184367 1 0 1.000000
  0 80.801376 21.102711 40.136414 0.332573 -0.279819 0.900609 0.538098 0.181776 1 0 1.000000
barracuda
  0 77.672318 25.925999 42.394165 0.425713 0.070736 0.902089 0.522120 0.194074 1 0 1.000000
  0 80.153503 20.963646 40.580841 0.558606 -0.212292 0.801805 0.538317 0.184367 1 0 1.000000
  0 78.534103 26.598583 41.966228 0.255677 -0.044081 0.965757 0.519970 0.190943 1 0 1.000000
barracuda
  0 29.084751 15.128193 42.347973 0.049909 -0.235225 0.970659 0.567033 0.356655 1 0 1.000000
  0 42.426071 18.644085 42.176441 -0.262570 -0.147318 0.953601 0.554204 0.311356 1 0 1.000000
  0 30.644211 22.779591 43.398968 0.024133 -0.068822 0.997337 0.540828 0.351799 1 0 1.000000
barracuda
  0 30.644211 22.779591 43.398968 0.024133 -0.068822 0.997337 0.540828 0.351799 1 0 1.000000
  0 42.426071 18.644085 42.176441 -0.262570 -0.147318 0.953601 0.554204 0.311356 1 0 1.000000
  0 44.068344 23.681171 42.964642 -0.216170 0.026798 0.975988 0.536624 0.306426 1 0 1.000000
barracuda
  0 44.068344 23.681171 42.964642 -0.216170 0.026798 0.975988 0.536624 0.306426 1 0 1.000000
  0 30.902153 32.654831 42.804478 -0.010180 0.032059 0.999434 0.507655 0.351668 1 0 1.000000
  0 30.644211 22.779591 43.398968 0.024133 -0.068822 0.997337 0.540828 0.351799 1 0 1.000000
barracuda
  0 46.775639 27.612431 43.309647 -0.148588 0.152786 0.977025 0.522985 0.297672 1 0 1.000000
  0 30.902153 32.654831 42.804478 -0.010180 0.032059 0.999434 0.507655 0.351668 1 0 1.000000
  0 44.068344 23.681171 42.964642 -0.216170 0.026798 0.975988 0.536624 0.306426 1 0 1.000000
barracuda
  0 46.775639 27.612431 43.309647 -0.148588 0.152786 0.977025 0.522985 0.297672 1 0 1.000000
  0 49.921726 33.255440 43.113880 -0.007560 0.039770 0.999180 0.503550 0.287796 1 0 1.000000
  0 30.902153 32.654831 42.804478 -0.010180 0.032059 0.999434 0.507655 0.351668 1 0 1.000000
barracuda
  0 52.049534 30.751789 43.326084 -0.051871 0.194822 0.979466 0.511648 0.280247 1 0 1.000000
  0 49.921726 33.255440 43.113880 -0.007560 0.039770 0.999180 0.503550 0.287796 1 0 1.000000
  0 46.775639 27.612431 43.309647 -0.148588 0.152786 0.977025 0.522985 0.297672 1 0 1.000000
barracuda
  0 49.921726 33.255440 43.113880 -0.007560 0.039770 0.999180 0.503550 0.287796 1 0 1.000000
  0 52.049534 30.751789 43.326084 -0.051871 0.194822 0.979466 0.511648 0.280247 1 0 1.000000
  0 62.092922 33.475670 43.180923 0.010531 -0.004857 0.999933 0.500691 0.247027 1 0 1.000000
barracuda
  0 62.092922 33.475670 43.180923 0.010531 -0.004857 0.999933 0.500691 0.247027 1 0 1.000000
  0 52.049534 30.751789 43.326084 -0.051871 0.194822 0.979466 0.511648 0.280247 1 0 1.000000
  0 61.371052 31.515804 43.110603 0.013591 0.172930 0.984840 0.507375 0.249084 1 0 1.000000
barracuda
  0 69.535995 30.967690 42.955742 0.072514 0.166848 0.983312 0.507597 0.221799 1 0 1.000000
  0 62.092922 33.475670 43.180923 0.010531 -0.004857 0.999933 0.500691 0.247027 1 0 1.000000
  0 61.371052 31.515804 43.110603 0.013591 0.172930 0.984840 0.507375 0.249084 1 0 1.000000
barracuda
  0 70.588043 33.293167 43.042767 0.034533 -0.042651 0.998493 0.499687 0.218803 1 0 1.000000
  0 62.092922 33.475670 43.180923 0.010531 -0.004857 0.999933 0.500691 0.247027 1 0 1.000000
  0 69.535995 30.967690 42.955742 0.072514 0.166848 0.983312 0.507597 0.221799 1 0 1.000000
barracuda
  0 75.081451 28.997066 42.620998 0.163750 0.104515 0.980950 0.512852 0.203032 1 0 1.000000
  0 70.588043 33.293167 43.042767 0.034533 -0.042651 0.998493 0.499687 0.218803 1 0 1.000000
  0 69.535995 30.967690 42.955742 0.072514 0.166848 0.983312 0.507597 0.221799 1 0 1.000000
barracuda
  0 86.495377 32.812038 42.126259 0.068908 -0.117725 0.990652 0.497796 0.166598 1 0 1.000000
  0 70.588043 33.293167 43.042767 0.034533 -0.042651 0.998493 0.499687 0.218803 1 0 1.000000
  0 75.081451 28.997066 42.620998 0.163750 0.104515 0.980950 0.512852 0.203032 1 0 1.000000
barracuda
  0 47.854992 27.269566 43.781116 -0.282880 0.269121 0.920626 0.524251 0.293732 1 0 1.000000
  0 46.775639 27.612431 43.309647 -0.148588 0.152786 0.977025 0.522985 0.297672 1 0 1.000000
  0 44.997730 23.743591 43.385490 -0.442071 0.120681 0.888825 0.536282 0.302999 1 0 1.000000
barracuda
  0 44.997730 23.743591 43.385490 -0.442071 0.120681 0.888825 0.536282 0.302999 1 0 1.000000
  0 46.775639 27.612431 43.309647 -0.148588 0.152786 0.977025 0.522985 0.297672 1 0 1.000000
  0 44.068344 23.681171 42.964642 -0.216170 0.026798 0.975988 0.536624 0.306426 1 0 1.000000
barracuda
  0 44.068344 23.681171 42.964642 -0.216170 0.026798 0.975988 0.536624 0.306426 1 0 1.000000
  0 42.979794 18.800770 42.609295 -0.547942 -0.043581 0.835380 0.553360 0.308932 1 0 1.000000
  0 44.997730 23.743591 43.385490 -0.442071 0.120681 0.888825 0.536282 0.302999 1 0 1.000000
barracuda
  0 42.426071 18.644085 42.176441 -0.262570 -0.147318 0.953601 0.554204 0.311356 1 0 1.000000
  0 42.979794 18.800770 42.609295 -0.547942 -0.043581 0.835380 0.553360 0.308932 1 0 1.000000
  0 44.068344 23.681171 42.964642 -0.216170 0.026798 0.975988 0.536624 0.306426 1 0 1.000000
barracuda
  0 41.340038 9.508270 39.821850 -0.284017 -0.239172 0.928510 0.586672 0.313998 1 0 1.000000
  0 42.979794 18.800770 42.609295 -0.547942 -0.043581 0.835380 0.553360 0.308932 1 0 1.000000
  0 42.426071 18.644085 42.176441 -0.262570 -0.147318 0.953601 0.554204 0.311356 1 0 1.000000
barracuda
  0 42.426071 18.644085 42.176441 -0.262570 -0.147318 0.953601 0.554204 0.311356 1 0 1.000000
  0 29.084751 15.128193 42.347973 0.049909 -0.235225 0.970659 0.567033 0.356655 1 0 1.000000
  0 41.340038 9.508270 39.821850 -0.284017 -0.239172 0.928510 0.586672 0.313998 1 0 1.000000
barracuda
  0 29.084751 15.128193 42.347973 0.049909 -0.235225 0.970659 0.567033 0.356655 1 0 1.000000
  0 28.466633 12.095448 41.049316 0.011312 -0.367769 0.929848 0.578318 0.358481 1 0 1.000000
  0 41.340038 9.508270 39.821850 -0.284017 -0.239172 0.928510 0.586672 0.313998 1 0 1.000000
barracuda
  0 41.340038 9.508270 39.821850 -0.284017 -0.239172 0.928510 0.586672 0.313998 1 0 1.000000
  0 28.466633 12.095448 41.049316 0.011312 -0.367769 0.929848 0.578318 0.358481 1 0 1.000000
  0 27.938011 9.501820 39.938690 0.011312 -0.367769 0.929848 0.588394 0.360187 1 0 1.000000
barracuda
  0 28.466633 12.095448 41.049316 0.011312 -0.367769 0.929848 0.578318 0.358481 1 0 1.000000
  0 -33.653625 9.485233 37.856094 -0.030799 -0.405227 0.913697 0.594626 0.581185 1 0 1.000000
  0 27.938011 9.501820 39.938690 0.011312 -0.367769 0.929848 0.588394 0.360187 1 0 1.000000
barracuda
  0 -34.864120 12.095459 39.133175 -0.030799 -0.405227 0.913697 0.584296 0.585717 1 0 1.000000
  0 -33.653625 9.485233 37.856094 -0.030799 -0.405227 0.913697 0.594626 0.581185 1 0 1.000000
  0 28.466633 12.095448 41.049316 0.011312 -0.367769 0.929848 0.578318 0.358481 1 0 1.000000
barracuda
  0 -33.653625 9.485233 37.856094 -0.030799 -0.405227 0.913697 0.594626 0.581185 1 0 1.000000
  0 -34.864120 12.095459 39.133175 -0.030799 -0.405227 0.913697 0.584296 0.585717 1 0 1.000000
  0 -49.220356 9.472130 37.809086 0.260454 -0.285764 0.922227 0.597039 0.636336 1 0 1.000000
barracuda
  0 -49.220356 9.472130 37.809086 0.260454 -0.285764 0.922227 0.597039 0.636336 1 0 1.000000
  0 -34.864120 12.095459 39.133175 -0.030799 -0.405227 0.913697 0.584296 0.585717 1 0 1.000000
  0 -36.559322 15.750874 40.921646 -0.043481 -0.304124 0.951640 0.570001 0.592496 1 0 1.000000
barracuda
  0 -50.974197 16.467484 40.204510 0.252886 -0.189632 0.948730 0.571209 0.643946 1 0 1.000000
  0 -49.220356 9.472130 37.809086 0.260454 -0.285764 0.922227 0.597039 0.636336 1 0 1.000000
  0 -36.559322 15.750874 40.921646 -0.043481 -0.304124 0.951640 0.570001 0.592496 1 0 1.000000
barracuda
  0 -36.559322 15.750874 40.921646 -0.043481 -0.304124 0.951640 0.570001 0.592496 1 0 1.000000
  0 -37.956017 23.213703 42.414776 -0.041701 -0.117685 0.992175 0.543176 0.599302 1 0 1.000000
  0 -50.974197 16.467484 40.204510 0.252886 -0.189632 0.948730 0.571209 0.643946 1 0 1.000000
barracuda
  0 -50.974197 16.467484 40.204510 0.252886 -0.189632 0.948730 0.571209 0.643946 1 0 1.000000
  0 -37.956017 23.213703 42.414776 -0.041701 -0.117685 0.992175 0.543176 0.599302 1 0 1.000000
  0 -53.907841 23.106373 41.585297 0.176282 -0.019541 0.984146 0.547893 0.655814 1 0 1.000000
barracuda
  0 -53.907841 23.106373 41.585297 0.176282 -0.019541 0.984146 0.547893 0.655814 1 0 1.000000
  0 -37.956017 23.213703 42.414776 -0.041701 -0.117685 0.992175 0.543176 0.599302 1 0 1.000000
  0 -50.783096 31.715950 42.203331 0.004724 -0.032546 0.999459 0.516765 0.646982 1 0 1.000000
barracuda
  0 -53.907841 23.106373 41.585297 0.176282 -0.019541 0.984146 0.547893 0.655814 1 0 1.000000
  0 -50.783096 31.715950 42.203331 0.004724 -0.032546 0.999459 0.516765 0.646982 1 0 1.000000
  0 -57.007751 26.913067 42.075500 0.155102 0.124509 0.980021 0.535054 0.667577 1 0 1.000000
barracuda
  0 -64.033936 31.475697 41.993347 -0.013974 0.042866 0.998983 0.520760 0.693142 1 0 1.000000
  0 -57.007751 26.913067 42.075500 0.155102 0.124509 0.980021 0.535054 0.667577 1 0 1.000000
  0 -50.783096 31.715950 42.203331 0.004724 -0.032546 0.999459 0.516765 0.646982 1 0 1.000000
barracuda
  0 -50.783096 31.715950 42.203331 0.004724 -0.032546 0.999459 0.516765 0.646982 1 0 1.000000
  0 -37.956017 23.213703 42.414776 -0.041701 -0.117685 0.992175 0.543176 0.599302 1 0 1.000000
  0 -38.284653 31.809341 42.203335 -0.029005 -0.018904 0.999400 0.512748 0.602995 1 0 1.000000
barracuda
  0 -57.785252 25.899651 42.583012 0.282458 0.283849 0.916323 0.538862 0.670507 1 0 1.000000
  0 -53.907841 23.106373 41.585297 0.176282 -0.019541 0.984146 0.547893 0.655814 1 0 1.000000
  0 -57.007751 26.913067 42.075500 0.155102 0.124509 0.980021 0.535054 0.667577 1 0 1.000000
barracuda
  0 -54.478275 22.146877 42.028660 0.444113 0.115174 0.888537 0.551406 0.658170 1 0 1.000000
  0 -53.907841 23.106373 41.585297 0.176282 -0.019541 0.984146 0.547893 0.655814 1 0 1.000000
  0 -57.785252 25.899651 42.583012 0.282458 0.283849 0.916323 0.538862 0.670507 1 0 1.000000
barracuda
  0 -54.478275 22.146877 42.028660 0.444113 0.115174 0.888537 0.551406 0.658170 1 0 1.000000
  0 -50.974197 16.467484 40.204510 0.252886 -0.189632 0.948730 0.571209 0.643946 1 0 1.000000
  0 -53.907841 23.106373 41.585297 0.176282 -0.019541 0.984146 0.547893 0.655814 1 0 1.000000
barracuda
  0 -51.777515 16.127213 40.650166 0.523881 -0.055908 0.849954 0.572297 0.647229 1 0 1.000000
  0 -50.974197 16.467484 40.204510 0.252886 -0.189632 0.948730 0.571209 0.643946 1 0 1.000000
  0 -54.478275 22.146877 42.028660 0.444113 0.115174 0.888537 0.551406 0.658170 1 0 1.000000
barracuda
  0 -51.777515 16.127213 40.650166 0.523881 -0.055908 0.849954 0.572297 0.647229 1 0 1.000000
  0 -49.220356 9.472130 37.809086 0.260454 -0.285764 0.922227 0.597039 0.636336 1 0 1.000000
  0 -50.974197 16.467484 40.204510 0.252886 -0.189632 0.948730 0.571209 0.643946 1 0 1.000000
barracuda
  0 -57.007751 26.913067 42.075500 0.155102 0.124509 0.980021 0.535054 0.667577 1 0 1.000000
  0 -62.583553 27.864677 42.857075 0.096917 0.390083 0.915665 0.533562 0.687402 1 0 1.000000
  0 -57.785252 25.899651 42.583012 0.282458 0.283849 0.916323 0.539068 0.670182 1 0 1.000000
barracuda
  0 -62.964687 29.542179 42.164742 0.042102 0.220003 0.974590 0.527294 0.688997 1 0 1.000000
  0 -62.583553 27.864677 42.857075 0.096917 0.390083 0.915665 0.533562 0.687402 1 0 1.000000
  0 -57.007751 26.913067 42.075500 0.155102 0.124509 0.980021 0.535054 0.667577 1 0 1.000000
barracuda
  0 -62.964687 29.542179 42.164742 0.042102 0.220003 0.974590 0.527294 0.688997 1 0 1.000000
  0 -71.631775 28.504456 42.634163 -0.031377 0.396334 0.917570 0.532960 0.718869 1 0 1.000000
  0 -62.583553 27.864677 42.857075 0.096917 0.390083 0.915665 0.533562 0.687402 1 0 1.000000
barracuda
  0 -62.964687 29.542179 42.164742 0.042102 0.220003 0.974590 0.527294 0.688997 1 0 1.000000
  0 -57.007751 26.913067 42.075500 0.155102 0.124509 0.980021 0.535054 0.667577 1 0 1.000000
  0 -64.033936 31.475697 41.993347 -0.013974 0.042866 0.998983 0.520760 0.693142 1 0 1.000000
barracuda
  0 -64.033936 31.475697 41.993347 -0.013974 0.042866 0.998983 0.520760 0.693142 1 0 1.000000
  0 -72.327332 30.075642 41.908493 -0.030733 0.230398 0.972611 0.527136 0.721626 1 0 1.000000
  0 -62.964687 29.542179 42.164742 0.042102 0.220003 0.974590 0.527294 0.688997 1 0 1.000000
barracuda
  0 -72.327332 30.075642 41.908493 -0.030733 0.230398 0.972611 0.527136 0.721626 1 0 1.000000
  0 -71.631775 28.504456 42.634163 -0.031377 0.396334 0.917570 0.532960 0.718869 1 0 1.000000
  0 -62.964687 29.542179 42.164742 0.042102 0.220003 0.974590 0.527294 0.688997 1 0 1.000000
barracuda
  0 -72.327332 30.075642 41.908493 -0.030733 0.230398 0.972611 0.527136 0.721626 1 0 1.000000
  0 -79.787704 28.033306 42.256729 -0.120811 0.350504 0.928737 0.535614 0.746840 1 0 1.000000
  0 -71.631775 28.504456 42.634163 -0.031377 0.396334 0.917570 0.532960 0.718869 1 0 1.000000
barracuda
  0 -80.665741 29.401447 41.617508 -0.084135 0.180254 0.980015 0.530637 0.750185 1 0 1.000000
  0 -79.787704 28.033306 42.256729 -0.120811 0.350504 0.928737 0.535614 0.746840 1 0 1.000000
  0 -72.327332 30.075642 41.908493 -0.030733 0.230398 0.972611 0.527136 0.721626 1 0 1.000000
barracuda
  0 -79.787704 28.033306 42.256729 -0.120811 0.350504 0.928737 0.535614 0.746840 1 0 1.000000
  0 -80.665741 29.401447 41.617508 -0.084135 0.180254 0.980015 0.530637 0.750185 1 0 1.000000
  0 -84.927750 26.340118 41.819321 -0.286923 0.251572 0.924330 0.541697 0.764408 1 0 1.000000
barracuda
  0 -84.927750 26.340118 41.819321 -0.286923 0.251572 0.924330 0.541697 0.764408 1 0 1.000000
  0 -80.665741 29.401447 41.617508 -0.084135 0.180254 0.980015 0.530637 0.750185 1 0 1.000000
  0 -85.915222 27.575966 41.249668 -0.181718 0.090708 0.979158 0.537282 0.768102 1 0 1.000000
barracuda
  0 -80.665741 29.401447 41.617508 -0.084135 0.180254 0.980015 0.530637 0.750185 1 0 1.000000
  0 -83.761780 30.927933 41.469784 -0.044760 0.004392 0.998988 0.525787 0.760950 1 0 1.000000
  0 -85.915222 27.575966 41.249668 -0.181718 0.090708 0.979158 0.537282 0.768102 1 0 1.000000
barracuda
  0 -85.915222 27.575966 41.249668 -0.181718 0.090708 0.979158 0.537282 0.768102 1 0 1.000000
  0 -83.761780 30.927933 41.469784 -0.044760 0.004392 0.998988 0.525787 0.760950 1 0 1.000000
  0 -92.691025 30.494324 40.999413 -0.083050 -0.078788 0.993426 0.527624 0.790571 1 0 1.000000
barracuda
  0 -85.915222 27.575966 41.249668 -0.181718 0.090708 0.979158 0.537282 0.768102 1 0 1.000000
  0 -92.691025 30.494324 40.999413 -0.083050 -0.078788 0.993426 0.527624 0.790571 1 0 1.000000
  0 -88.356506 24.596466 40.693581 -0.275615 -0.053392 0.959784 0.547491 0.776592 1 0 1.000000
barracuda
  0 -88.356506 24.596466 40.693581 -0.275615 -0.053392 0.959784 0.547491 0.776592 1 0 1.000000
  0 -92.691025 30.494324 40.999413 -0.083050 -0.078788 0.993426 0.527624 0.790571 1 0 1.000000
  0 -100.066086 23.343975 39.530109 -0.173451 -0.175137 0.969145 0.550308 0.815738 1 0 1.000000
barracuda
  0 -88.356506 24.596466 40.693581 -0.275615 -0.053392 0.959784 0.547491 0.776592 1 0 1.000000
  0 -100.066086 23.343975 39.530109 -0.173451 -0.175137 0.969145 0.550308 0.815738 1 0 1.000000
  0 -89.883957 19.823555 39.320633 -0.389527 -0.248164 0.886952 0.563865 0.782641 1 0 1.000000
barracuda
  0 -89.883957 19.823555 39.320633 -0.389527 -0.248164 0.886952 0.563865 0.782641 1 0 1.000000
  0 -100.066086 23.343975 39.530109 -0.173451 -0.175137 0.969145 0.550308 0.815738 1 0 1.000000
  0 -98.418488 18.288670 38.439850 -0.133109 -0.377264 0.916490 0.567494 0.811327 1 0 1.000000
barracuda
  0 -98.418488 18.288670 38.439850 -0.133109 -0.377264 0.916490 0.567494 0.811327 1 0 1.000000
  0 -89.221191 13.574318 36.935978 -0.292555 -0.535496 0.792247 0.586421 0.782450 1 0 1.000000
  0 -89.883957 19.823555 39.320633 -0.389527 -0.248164 0.886952 0.563865 0.782641 1 0 1.000000
barracuda
  0 -89.221191 13.574318 36.935978 -0.292555 -0.535496 0.792247 0.586421 0.782450 1 0 1.000000
  0 -98.418488 18.288670 38.439850 -0.133109 -0.377264 0.916490 0.567494 0.811327 1 0 1.000000
  0 -102.027939 18.012299 37.389660 -0.335892 -0.621810 0.707481 0.568641 0.823863 1 0 1.000000
barracuda
  0 -100.066086 23.343975 39.530109 -0.173451 -0.175137 0.969145 0.550308 0.815738 1 0 1.000000
  0 -102.027939 18.012299 37.389660 -0.335892 -0.621810 0.707481 0.568641 0.823863 1 0 1.000000
  0 -98.418488 18.288670 38.439850 -0.133109 -0.377264 0.916490 0.567494 0.811327 1 0 1.000000
barracuda
  0 -104.439484 23.144291 38.306427 -0.345646 -0.217648 0.912775 0.550652 0.830563 1 0 1.000000
  0 -102.027939 18.012299 37.389660 -0.335892 -0.621810 0.707481 0.568641 0.823863 1 0 1.000000
  0 -100.066086 23.343975 39.530109 -0.173451 -0.175137 0.969145 0.550308 0.815738 1 0 1.000000
barracuda
  0 -100.066086 23.343975 39.530109 -0.173451 -0.175137 0.969145 0.550308 0.815738 1 0 1.000000
  0 -101.215637 29.684639 39.745144 -0.188925 -0.085430 0.978268 0.529601 0.818473 1 0 1.000000
  0 -104.439484 23.144291 38.306427 -0.345646 -0.217648 0.912775 0.550652 0.830563 1 0 1.000000
barracuda
  0 -100.066086 23.343975 39.530109 -0.173451 -0.175137 0.969145 0.550308 0.815738 1 0 1.000000
  0 -92.691025 30.494324 40.999413 -0.083050 -0.078788 0.993426 0.527624 0.790571 1 0 1.000000
  0 -101.215637 29.684639 39.745144 -0.188925 -0.085430 0.978268 0.529601 0.818473 1 0 1.000000
barracuda
  0 -89.883957 19.823555 39.320633 -0.389527 -0.248164 0.886952 0.563865 0.782641 1 0 1.000000
  0 -89.221191 13.574318 36.935978 -0.292555 -0.535496 0.792247 0.586421 0.782450 1 0 1.000000
  0 -89.160721 19.627831 39.984180 -0.686158 -0.162454 0.709081 0.564094 0.779312 1 0 1.000000
barracuda
  0 -87.709412 23.860806 41.258080 -0.538982 0.098305 0.836561 0.549938 0.773705 1 0 1.000000
  0 -89.883957 19.823555 39.320633 -0.389527 -0.248164 0.886952 0.563865 0.782641 1 0 1.000000
  0 -89.160721 19.627831 39.984180 -0.686158 -0.162454 0.709081 0.564094 0.779312 1 0 1.000000
barracuda
  0 -88.356506 24.596466 40.693581 -0.275615 -0.053392 0.959784 0.547491 0.776592 1 0 1.000000
  0 -89.883957 19.823555 39.320633 -0.389527 -0.248164 0.886952 0.563865 0.782641 1 0 1.000000
  0 -87.709412 23.860806 41.258080 -0.538982 0.098305 0.836561 0.549938 0.773705 1 0 1.000000
barracuda
  0 -87.709412 23.860806 41.258080 -0.538982 0.098305 0.836561 0.549938 0.773705 1 0 1.000000
  0 -84.927750 26.340118 41.819321 -0.286923 0.251572 0.924330 0.541480 0.764346 1 0 1.000000
  0 -88.356506 24.596466 40.693581 -0.275615 -0.053392 0.959784 0.547491 0.776592 1 0 1.000000
barracuda
  0 -88.356506 24.596466 40.693581 -0.275615 -0.053392 0.959784 0.547491 0.776592 1 0 1.000000
  0 -84.927750 26.340118 41.819321 -0.286923 0.251572 0.924330 0.541480 0.764346 1 0 1.000000
  0 -85.915222 27.575966 41.249668 -0.181718 0.090708 0.979158 0.537282 0.768102 1 0 1.000000
barracuda
  0 -105.920013 23.364223 37.729801 -0.429164 -0.251943 0.867377 0.549896 0.837030 1 0 1.000000
  0 -103.586716 18.199524 36.531521 -0.411130 -0.620708 0.667603 0.569368 0.830365 1 0 1.000000
  0 -104.439484 23.144291 38.306427 -0.345646 -0.217648 0.912775 0.550652 0.830563 1 0 1.000000
barracuda
  0 -104.439484 23.144291 38.306427 -0.345646 -0.217648 0.912775 0.550652 0.830563 1 0 1.000000
  0 -103.586716 18.199524 36.531521 -0.411130 -0.620708 0.667603 0.569368 0.830365 1 0 1.000000
  0 -102.027939 18.012299 37.389660 -0.335892 -0.621810 0.707481 0.568641 0.823863 1 0 1.000000
barracuda
  0 -104.439484 23.144291 38.306427 -0.345646 -0.217648 0.912775 0.550652 0.830563 1 0 1.000000
  0 -101.215637 29.684639 39.745144 -0.188925 -0.085430 0.978268 0.529601 0.818473 1 0 1.000000
  0 -105.863251 28.422192 38.334049 -0.342347 -0.105089 0.933678 0.532603 0.834469 1 0 1.000000
barracuda
  0 -105.863251 28.422192 38.334049 -0.342347 -0.105089 0.933678 0.532603 0.834469 1 0 1.000000
  0 -108.566376 27.632725 37.122009 -0.414705 -0.130120 0.900605 0.534249 0.844712 1 0 1.000000
  0 -104.439484 23.144291 38.306427 -0.345646 -0.217648 0.912775 0.550652 0.830563 1 0 1.000000
barracuda
  0 -104.439484 23.144291 38.306427 -0.345646 -0.217648 0.912775 0.550652 0.830563 1 0 1.000000
  0 -108.566376 27.632725 37.122009 -0.414705 -0.130120 0.900605 0.534249 0.844712 1 0 1.000000
  0 -105.920013 23.364223 37.729801 -0.429164 -0.251943 0.867377 0.549896 0.837030 1 0 1.000000
barracuda
  0 -108.566376 27.632725 37.122009 -0.414705 -0.130120 0.900605 0.534249 0.844712 1 0 1.000000
  0 -107.819824 23.701229 36.662785 -0.414705 -0.130120 0.900605 0.548606 0.843864 1 0 1.000000
  0 -105.920013 23.364223 37.729801 -0.429164 -0.251943 0.867377 0.549896 0.837030 1 0 1.000000
barracuda
  0 -83.761780 30.927933 41.469784 -0.044760 0.004392 0.998988 0.525787 0.760950 1 0 1.000000
  0 -80.665741 29.401447 41.617508 -0.084135 0.180254 0.980015 0.530637 0.750185 1 0 1.000000
  0 -73.905106 31.258347 41.783360 -0.029150 0.057486 0.997921 0.523314 0.727276 1 0 1.000000
barracuda
  0 -73.905106 31.258347 41.783360 -0.029150 0.057486 0.997921 0.523314 0.727276 1 0 1.000000
  0 -80.665741 29.401447 41.617508 -0.084135 0.180254 0.980015 0.530637 0.750185 1 0 1.000000
  0 -72.327332 30.075642 41.908493 -0.030733 0.230398 0.972611 0.527136 0.721626 1 0 1.000000
barracuda
  0 -73.905106 31.258347 41.783360 -0.029150 0.057486 0.997921 0.523314 0.727276 1 0 1.000000
  0 -72.327332 30.075642 41.908493 -0.030733 0.230398 0.972611 0.527136 0.721626 1 0 1.000000
  0 -64.033936 31.475697 41.993347 -0.013974 0.042866 0.998983 0.520760 0.693142 1 0 1.000000
barracuda
  0 99.399628 10.602467 23.265579 0.710927 0.703266 0.000000 2.636426 0.934983 1 0 1.000000
  0 99.399628 10.602465 18.813957 0.710927 0.703266 0.000000 2.636828 0.934983 1 0 1.000000
  0 90.824158 10.695412 23.506237 0.710929 0.703264 0.000000 2.636404 0.935759 1 0 1.000000
barracuda
  0 90.824158 10.695412 23.506237 0.710929 0.703264 0.000000 2.636404 0.935759 1 0 1.000000
  0 99.399628 10.602465 18.813957 0.710927 0.703266 0.000000 2.636828 0.934983 1 0 1.000000
  0 90.824158 10.695412 18.573299 0.710929 0.703264 0.000000 2.636850 0.935759 1 0 1.000000
barracuda
  0 99.399628 10.788355 23.746895 0.000000 0.932846 -0.360275 2.636382 0.934983 1 0 1.000000
  0 99.399628 10.602467 23.265579 0.000000 0.932846 -0.360275 2.636426 0.934983 1 0 1.000000
  0 90.824158 10.695412 23.506237 0.000000 0.932846 -0.360275 2.636404 0.935759 1 0 1.000000
barracuda
  0 -110.466614 31.234528 29.872948 -0.982397 -0.025824 0.185012 0.419459 0.883224 1 0 1.000000
  0 -110.466614 32.010193 29.872950 -0.982397 -0.025824 0.185012 0.419223 0.880146 1 0 1.000000
  0 -112.706528 31.234531 12.628460 -0.995755 0.005940 0.091846 0.351164 0.893636 1 0 1.000000
barracuda
  0 -112.706528 31.234531 12.628460 -0.995755 0.005940 0.091846 0.351164 0.893636 1 0 1.000000
  0 -110.466614 32.010193 29.872950 -0.982397 -0.025824 0.185012 0.419223 0.880146 1 0 1.000000
  0 -112.706528 32.269875 12.504826 -0.995755 0.005940 0.091846 0.350213 0.889611 1 0 1.000000
barracuda
  0 -112.706528 32.269875 12.504826 -0.995755 0.005940 0.091846 0.350213 0.889611 1 0 1.000000
  0 -113.412933 31.234526 -0.226376 -0.999995 0.003105 0.000000 0.298999 0.897004 1 0 1.000000
  0 -112.706528 31.234531 12.628460 -0.995755 0.005940 0.091846 0.351164 0.893636 1 0 1.000000
barracuda
  0 -113.412933 32.397652 -0.226377 -0.999995 0.003105 0.000000 0.298999 0.892400 1 0 1.000000
  0 -113.412933 31.234526 -0.226376 -0.999995 0.003105 0.000000 0.298999 0.897004 1 0 1.000000
  0 -112.706528 32.269875 12.504826 -0.995755 0.005940 0.091846 0.350213 0.889611 1 0 1.000000
barracuda
  0 -113.412933 32.397652 -0.226377 -0.999995 0.003105 0.000000 0.298999 0.892400 1 0 1.000000
  0 -112.706528 32.269878 -12.957579 -0.995755 0.005935 -0.091846 0.247784 0.889611 1 0 1.000000
  0 -113.412933 31.234526 -0.226376 -0.999995 0.003105 0.000000 0.298999 0.897004 1 0 1.000000
barracuda
  0 -113.412933 31.234526 -0.226376 -0.999995 0.003105 0.000000 0.298999 0.897004 1 0 1.000000
  0 -112.706528 32.269878 -12.957579 -0.995755 0.005935 -0.091846 0.247784 0.889611 1 0 1.000000
  0 -112.706528 31.234531 -13.081213 -0.995755 0.005935 -0.091846 0.246833 0.893636 1 0 1.000000
barracuda
  0 -112.706528 32.269878 -12.957579 -0.995755 0.005935 -0.091846 0.247784 0.889611 1 0 1.000000
  0 -110.466614 32.010193 -30.325701 -0.982396 -0.025841 -0.185012 0.178775 0.880146 1 0 1.000000
  0 -112.706528 31.234531 -13.081213 -0.995755 0.005935 -0.091846 0.246833 0.893636 1 0 1.000000
barracuda
  0 -112.706528 31.234531 -13.081213 -0.995755 0.005935 -0.091846 0.246833 0.893636 1 0 1.000000
  0 -110.466614 32.010193 -30.325701 -0.982396 -0.025841 -0.185012 0.178775 0.880146 1 0 1.000000
  0 -110.466614 31.234531 -30.325703 -0.982396 -0.025841 -0.185012 0.178539 0.883224 1 0 1.000000
barracuda
  0 99.399628 11.346109 24.345085 0.005721 0.580376 -0.814329 2.636328 0.934983 1 0 1.000000
  0 99.399628 10.788355 23.746895 0.011210 0.731348 -0.681912 2.636382 0.934983 1 0 1.000000
  0 90.824158 11.570498 24.444763 0.008057 0.401309 -0.915907 2.636319 0.935759 1 0 1.000000
barracuda
  0 90.824158 11.570498 24.444763 0.008057 0.401309 -0.915907 2.636319 0.935759 1 0 1.000000
  0 99.399628 10.788355 23.746895 0.011210 0.731348 -0.681912 2.636382 0.934983 1 0 1.000000
  0 90.824158 10.695412 23.506237 0.011210 0.731348 -0.681912 2.636404 0.935759 1 0 1.000000
barracuda
  0 99.399628 13.577326 24.345085 0.000000 -0.405983 -0.913881 2.639893 0.935409 1 0 1.000000
  0 99.399628 13.128551 24.544449 0.005942 -0.207512 -0.978214 2.639934 0.935409 1 0 1.000000
  0 90.824158 13.352938 24.444763 0.005942 -0.207512 -0.978214 2.639914 0.936184 1 0 1.000000
barracuda
  0 99.399628 13.128551 24.544449 0.005942 -0.207512 -0.978214 2.639934 0.935409 1 0 1.000000
  0 99.399628 11.794888 24.544449 0.005942 0.207510 -0.978215 2.640054 0.935409 1 0 1.000000
  0 90.824158 13.352938 24.444763 0.005942 -0.207512 -0.978214 2.639914 0.936184 1 0 1.000000
barracuda
  0 90.824158 13.352938 24.444763 0.005942 -0.207512 -0.978214 2.639914 0.936184 1 0 1.000000
  0 99.399628 11.794888 24.544449 0.005942 0.207510 -0.978215 2.640054 0.935409 1 0 1.000000
  0 90.824158 11.570498 24.444763 0.008057 0.401309 -0.915907 2.640075 0.936184 1 0 1.000000
barracuda
  0 99.399628 11.794888 24.544449 0.005942 0.207510 -0.978215 2.640054 0.935409 1 0 1.000000
  0 99.399628 11.346109 24.345085 0.005721 0.580376 -0.814329 2.640095 0.935409 1 0 1.000000
  0 90.824158 11.570498 24.444763 0.008057 0.401309 -0.915907 2.640075 0.936184 1 0 1.000000
barracuda
  0 -110.466614 32.010193 -30.325701 -0.650059 0.737949 -0.181256 0.178775 0.880146 1 0 1.000000
  0 -110.403595 34.519985 -13.087088 -0.686722 0.723054 -0.074869 0.247368 0.880481 1 0 1.000000
  0 -108.189987 33.756607 -31.774939 -0.557105 0.803312 -0.210530 0.172675 0.870997 1 0 1.000000
barracuda
  0 -112.706528 32.269878 -12.957579 -0.686722 0.723054 -0.074869 0.247784 0.889611 1 0 1.000000
  0 -110.403595 34.519985 -13.087088 -0.686722 0.723054 -0.074869 0.247368 0.880481 1 0 1.000000
  0 -110.466614 32.010193 -30.325701 -0.650059 0.737949 -0.181256 0.178775 0.880146 1 0 1.000000
barracuda
  0 -110.403595 34.519985 -13.087088 -0.686722 0.723054 -0.074869 0.247368 0.880481 1 0 1.000000
  0 -112.706528 32.269878 -12.957579 -0.686722 0.723054 -0.074869 0.247784 0.889611 1 0 1.000000
  0 -111.109543 34.646423 -0.226374 -0.699372 0.714758 0.000000 0.298999 0.883265 1 0 1.000000
barracuda
  0 -111.109543 34.646423 -0.226374 -0.699372 0.714758 0.000000 0.298999 0.883265 1 0 1.000000
  0 -112.706528 32.269878 -12.957579 -0.686722 0.723054 -0.074869 0.247784 0.889611 1 0 1.000000
  0 -113.412933 32.397652 -0.226377 -0.699372 0.714758 0.000000 0.298999 0.892400 1 0 1.000000
barracuda
  0 -113.412933 32.397652 -0.226377 -0.699372 0.714758 0.000000 0.298999 0.892400 1 0 1.000000
  0 -112.706528 32.269875 12.504826 -0.686724 0.723053 0.074869 0.350213 0.889611 1 0 1.000000
  0 -111.109543 34.646423 -0.226374 -0.699372 0.714758 0.000000 0.298999 0.883265 1 0 1.000000
barracuda
  0 -111.109543 34.646423 -0.226374 -0.699372 0.714758 0.000000 0.298999 0.883265 1 0 1.000000
  0 -112.706528 32.269875 12.504826 -0.686724 0.723053 0.074869 0.350213 0.889611 1 0 1.000000
  0 -110.403595 34.519985 12.634335 -0.686724 0.723053 0.074869 0.350630 0.880481 1 0 1.000000
barracuda
  0 -112.706528 32.269875 12.504826 -0.686724 0.723053 0.074869 0.350213 0.889611 1 0 1.000000
  0 -110.466614 32.010193 29.872950 -0.650060 0.737948 0.181257 0.419223 0.880146 1 0 1.000000
  0 -110.403595 34.519985 12.634335 -0.686724 0.723053 0.074869 0.350630 0.880481 1 0 1.000000
barracuda
  0 -110.403595 34.519985 12.634335 -0.686724 0.723053 0.074869 0.350630 0.880481 1 0 1.000000
  0 -110.466614 32.010193 29.872950 -0.650060 0.737948 0.181257 0.419223 0.880146 1 0 1.000000
  0 -108.189987 33.756603 31.322187 -0.557106 0.803312 0.210530 0.425323 0.870997 1 0 1.000000
barracuda
  0 99.399628 14.320972 23.265579 0.000000 -0.932845 -0.360277 2.639509 0.935399 1 0 1.000000
  0 99.399628 14.135084 23.746891 0.005709 -0.847510 -0.530748 2.639553 0.935399 1 0 1.000000
  0 90.824158 14.228027 23.506237 0.005709 -0.847510 -0.530748 2.639531 0.936174 1 0 1.000000
barracuda
  0 99.399628 14.135084 23.746891 0.005709 -0.847510 -0.530748 2.639553 0.935399 1 0 1.000000
  0 99.399628 13.577326 24.345085 0.011210 -0.731348 -0.681913 2.639606 0.935399 1 0 1.000000
  0 90.824158 14.228027 23.506237 0.005709 -0.847510 -0.530748 2.639531 0.936174 1 0 1.000000
barracuda
  0 90.824158 14.228027 23.506237 0.005709 -0.847510 -0.530748 2.639531 0.936174 1 0 1.000000
  0 99.399628 13.577326 24.345085 0.011210 -0.731348 -0.681913 2.639606 0.935399 1 0 1.000000
  0 90.824158 13.352938 24.444763 0.011210 -0.731348 -0.681913 2.639616 0.936174 1 0 1.000000
barracuda
  0 90.477020 10.211212 23.551846 -1.000000 -0.000001 0.000000 0.041170 0.090666 1 0 1.000000
  0 90.477020 10.436218 24.095058 -1.000000 -0.000001 0.000000 0.037940 0.089328 1 0 1.000000
  0 90.477020 10.211212 18.527691 -1.000000 -0.000001 0.000000 0.071036 0.090666 1 0 1.000000
barracuda
  0 90.477020 10.436218 24.095058 -1.000000 -0.000001 0.000000 0.037940 0.089328 1 0 1.000000
  0 90.477020 11.111345 24.770187 -1.000000 -0.000001 0.000000 0.033927 0.085315 1 0 1.000000
  0 90.477020 10.211212 18.527691 -1.000000 -0.000001 0.000000 0.071036 0.090666 1 0 1.000000
barracuda
  0 90.477020 11.111345 24.770187 -1.000000 -0.000001 0.000000 0.033927 0.085315 1 0 1.000000
  0 90.477020 11.654560 24.995193 -1.000000 -0.000001 0.000000 0.032589 0.082086 1 0 1.000000
  0 90.477020 10.211212 18.527691 -1.000000 -0.000001 0.000000 0.071036 0.090666 1 0 1.000000
barracuda
  0 90.477020 11.654560 24.995193 -1.000000 -0.000001 0.000000 0.032589 0.082086 1 0 1.000000
  0 90.477020 13.268879 24.995193 -1.000000 -0.000001 0.000000 0.032589 0.072489 1 0 1.000000
  0 90.477020 10.211212 18.527691 -1.000000 -0.000001 0.000000 0.071036 0.090666 1 0 1.000000
barracuda
  0 90.477020 13.268879 24.995193 -1.000000 -0.000001 0.000000 0.032589 0.072489 1 0 1.000000
  0 90.477020 13.812090 24.770187 -1.000000 -0.000001 0.000000 0.033927 0.069260 1 0 1.000000
  0 90.477020 10.211212 18.527691 -1.000000 -0.000001 0.000000 0.071036 0.090666 1 0 1.000000
barracuda
  0 90.477020 13.812090 24.770187 -1.000000 -0.000001 0.000000 0.033927 0.069260 1 0 1.000000
  0 90.477020 14.487225 24.095062 -1.000000 -0.000001 0.000000 0.037940 0.065247 1 0 1.000000
  0 90.477020 10.211212 18.527691 -1.000000 -0.000001 0.000000 0.071036 0.090666 1 0 1.000000
barracuda
  0 90.477020 14.487225 24.095062 -1.000000 -0.000001 0.000000 0.037940 0.065247 1 0 1.000000
  0 90.477020 14.712227 23.551846 -1.000000 -0.000001 0.000000 0.041170 0.063909 1 0 1.000000
  0 90.477020 10.211212 18.527691 -1.000000 -0.000001 0.000000 0.071036 0.090666 1 0 1.000000
barracuda
  0 90.477020 14.712227 23.551846 -1.000000 -0.000001 0.000000 0.041170 0.063909 1 0 1.000000
  0 90.477020 14.712227 18.527691 -1.000000 -0.000001 0.000000 0.071036 0.063909 1 0 1.000000
  0 90.477020 10.211212 18.527691 -1.000000 -0.000001 0.000000 0.071036 0.090666 1 0 1.000000
barracuda
  0 90.477020 14.712227 18.527691 -1.000000 -0.000001 0.000000 0.071036 0.063909 1 0 1.000000
  0 90.477020 14.487225 17.984474 -1.000000 -0.000001 0.000000 0.074265 0.065247 1 0 1.000000
  0 90.477020 10.211212 18.527691 -1.000000 -0.000001 0.000000 0.071036 0.090666 1 0 1.000000
barracuda
  0 90.477020 14.487225 17.984474 -1.000000 -0.000001 0.000000 0.074265 0.065247 1 0 1.000000
  0 90.477020 13.812090 17.309341 -1.000000 -0.000001 0.000000 0.078278 0.069260 1 0 1.000000
  0 90.477020 10.211212 18.527691 -1.000000 -0.000001 0.000000 0.071036 0.090666 1 0 1.000000
barracuda
  0 90.477020 13.812090 17.309341 -1.000000 -0.000001 0.000000 0.078278 0.069260 1 0 1.000000
  0 90.477020 13.268877 17.084335 -1.000000 -0.000001 0.000000 0.079616 0.072489 1 0 1.000000
  0 90.477020 10.211212 18.527691 -1.000000 -0.000001 0.000000 0.071036 0.090666 1 0 1.000000
barracuda
  0 90.477020 10.211212 18.527691 -1.000000 -0.000001 0.000000 0.071036 0.090666 1 0 1.000000
  0 90.477020 13.268877 17.084335 -1.000000 -0.000001 0.000000 0.079616 0.072489 1 0 1.000000
  0 90.477020 10.436218 17.984478 -1.000000 -0.000001 0.000000 0.074265 0.089328 1 0 1.000000
barracuda
  0 90.477020 13.268877 17.084335 -1.000000 -0.000001 0.000000 0.079616 0.072489 1 0 1.000000
  0 90.477020 11.111345 17.309341 -1.000000 -0.000001 0.000000 0.078278 0.085315 1 0 1.000000
  0 90.477020 10.436218 17.984478 -1.000000 -0.000001 0.000000 0.074265 0.089328 1 0 1.000000
barracuda
  0 90.477020 11.654558 17.084335 -1.000000 -0.000001 0.000000 0.079616 0.082086 1 0 1.000000
  0 90.477020 11.111345 17.309341 -1.000000 -0.000001 0.000000 0.078278 0.085315 1 0 1.000000
  0 90.477020 13.268877 17.084335 -1.000000 -0.000001 0.000000 0.079616 0.072489 1 0 1.000000
barracuda
  0 -89.160721 19.627831 -26.158131 -0.019346 -0.166635 -0.985829 0.929005 0.125505 1 0 1.000000
  0 -87.709412 23.860806 -26.158129 0.000000 0.000000 -1.000000 0.939455 0.122728 1 0 1.000000
  0 -84.927750 26.340115 -26.158133 0.000000 0.000000 -1.000000 0.945906 0.116446 1 0 1.000000
barracuda
  0 -79.787704 28.033306 -26.158133 0.000000 0.000000 -1.000000 0.950863 0.104345 1 0 1.000000
  0 -89.160721 19.627831 -26.158131 -0.019346 -0.166635 -0.985829 0.929005 0.125505 1 0 1.000000
  0 -84.927750 26.340115 -26.158133 0.000000 0.000000 -1.000000 0.945906 0.116446 1 0 1.000000
barracuda
  0 -71.631783 28.504452 -26.158131 0.000000 0.000000 -1.000000 0.953389 0.084766 1 0 1.000000
  0 -89.160721 19.627831 -26.158131 -0.019346 -0.166635 -0.985829 0.929005 0.125505 1 0 1.000000
  0 -79.787704 28.033306 -26.158133 0.000000 0.000000 -1.000000 0.950863 0.104345 1 0 1.000000
barracuda
  0 -62.583553 27.864677 -26.158131 0.000000 0.000000 -1.000000 0.953389 0.062849 1 0 1.000000
  0 -89.160721 19.627831 -26.158131 -0.019346 -0.166635 -0.985829 0.929005 0.125505 1 0 1.000000
  0 -71.631783 28.504452 -26.158131 0.000000 0.000000 -1.000000 0.953389 0.084766 1 0 1.000000
barracuda
  0 -57.785252 25.899651 -26.158133 0.000000 0.000000 -1.000000 0.949470 0.050948 1 0 1.000000
  0 -89.160721 19.627831 -26.158131 -0.019346 -0.166635 -0.985829 0.929005 0.125505 1 0 1.000000
  0 -62.583553 27.864677 -26.158131 0.000000 0.000000 -1.000000 0.953389 0.062849 1 0 1.000000
barracuda
  0 -54.461235 22.117020 -26.158131 0.000000 0.000000 -1.000000 0.940919 0.042291 1 0 1.000000
  0 -89.160721 19.627831 -26.158131 -0.019346 -0.166635 -0.985829 0.929005 0.125505 1 0 1.000000
  0 -57.785252 25.899651 -26.158133 0.000000 0.000000 -1.000000 0.949470 0.050948 1 0 1.000000
barracuda
  0 -51.748096 16.073475 -26.158131 -0.019346 -0.166635 -0.985829 0.926814 0.034721 1 0 1.000000
  0 -89.160721 19.627831 -26.158131 -0.019346 -0.166635 -0.985829 0.929005 0.125505 1 0 1.000000
  0 -54.461235 22.117020 -26.158131 0.000000 0.000000 -1.000000 0.940919 0.042291 1 0 1.000000
barracuda
  0 -89.160721 19.627831 -26.158131 -0.019346 -0.166635 -0.985829 0.929005 0.125505 1 0 1.000000
  0 -51.748096 16.073475 -26.158131 -0.019346 -0.166635 -0.985829 0.926814 0.034721 1 0 1.000000
  0 -89.493317 10.632736 -22.738405 -0.038143 -0.328547 -0.943717 0.905748 0.124810 1 0 1.000000
barracuda
  0 -89.493317 10.632736 -22.738405 -0.038143 -0.328547 -0.943717 0.905748 0.124810 1 0 1.000000
  0 -51.748096 16.073475 -26.158131 -0.019346 -0.166635 -0.985829 0.926814 0.034721 1 0 1.000000
  0 -49.293350 7.869105 -23.675793 -0.038143 -0.328547 -0.943717 0.906544 0.027420 1 0 1.000000
barracuda
  0 69.018784 46.884689 31.964750 0.284256 0.946501 0.152757 0.430528 0.226425 1 0 1.000000
  0 72.663254 45.592392 32.295128 0.251837 0.963830 0.087229 0.432256 0.211356 1 0 1.000000
  0 72.017014 47.540394 17.488850 0.365893 0.927279 0.079219 0.372935 0.214927 1 0 1.000000
barracuda
  0 72.017014 47.540394 17.488850 0.365893 0.927279 0.079219 0.372935 0.214927 1 0 1.000000
  0 72.663254 45.592392 32.295128 0.251837 0.963830 0.087229 0.432256 0.211356 1 0 1.000000
  0 74.249481 46.580826 17.839285 0.365893 0.927279 0.079219 0.374290 0.206053 1 0 1.000000
barracuda
  0 75.161362 47.196144 -0.226377 0.386988 0.922085 0.000000 0.302667 0.202375 1 0 1.000000
  0 72.017014 47.540394 17.488850 0.365893 0.927279 0.079219 0.372935 0.214927 1 0 1.000000
  0 74.249481 46.580826 17.839285 0.365893 0.927279 0.079219 0.374290 0.206053 1 0 1.000000
barracuda
  0 73.093842 48.060524 -0.226377 0.386988 0.922085 0.000000 0.302668 0.210585 1 0 1.000000
  0 72.017014 47.540394 17.488850 0.365893 0.927279 0.079219 0.372935 0.214927 1 0 1.000000
  0 75.161362 47.196144 -0.226377 0.386988 0.922085 0.000000 0.302667 0.202375 1 0 1.000000
barracuda
  0 75.161362 47.196144 -0.226377 0.386988 0.922085 0.000000 0.302667 0.202375 1 0 1.000000
  0 72.017014 47.540390 -17.941605 0.365893 0.927279 -0.079219 0.232405 0.214926 1 0 1.000000
  0 73.093842 48.060524 -0.226377 0.386988 0.922085 0.000000 0.302668 0.210585 1 0 1.000000
barracuda
  0 74.249481 46.580826 -18.292042 0.365893 0.927279 -0.079219 0.231050 0.206052 1 0 1.000000
  0 72.017014 47.540390 -17.941605 0.365893 0.927279 -0.079219 0.232405 0.214926 1 0 1.000000
  0 75.161362 47.196144 -0.226377 0.386988 0.922085 0.000000 0.302667 0.202375 1 0 1.000000
barracuda
  0 74.249481 46.580826 -18.292042 0.365893 0.927279 -0.079219 0.231050 0.206052 1 0 1.000000
  0 72.663254 45.592392 -32.747871 0.251837 0.963830 -0.087229 0.173095 0.211342 1 0 1.000000
  0 72.017014 47.540390 -17.941605 0.365893 0.927279 -0.079219 0.232405 0.214926 1 0 1.000000
barracuda
  0 72.017014 47.540390 -17.941605 0.365893 0.927279 -0.079219 0.232405 0.214926 1 0 1.000000
  0 72.663254 45.592392 -32.747871 0.251837 0.963830 -0.087229 0.173095 0.211342 1 0 1.000000
  0 69.018784 46.884689 -32.417511 0.284255 0.946501 -0.152758 0.174813 0.226407 1 0 1.000000
barracuda
  0 90.824158 13.352938 24.444763 1.000000 -0.000001 0.000000 2.656503 0.924215 1 0 1.000000
  0 90.824158 11.570498 24.444763 1.000000 -0.000001 0.000000 2.656664 0.924215 1 0 1.000000
  0 90.824158 14.228027 23.506237 1.000000 -0.000001 0.000000 2.656424 0.924300 1 0 1.000000
barracuda
  0 90.824158 14.228027 23.506237 1.000000 -0.000001 0.000000 2.656424 0.924300 1 0 1.000000
  0 90.824158 11.570498 24.444763 1.000000 -0.000001 0.000000 2.656664 0.924215 1 0 1.000000
  0 90.824158 14.228027 18.573299 1.000000 -0.000001 0.000000 2.656424 0.924746 1 0 1.000000
barracuda
  0 90.824158 14.228027 18.573299 1.000000 -0.000001 0.000000 2.656424 0.924746 1 0 1.000000
  0 90.824158 11.570498 24.444763 1.000000 -0.000001 0.000000 2.656664 0.924215 1 0 1.000000
  0 90.824158 13.352938 17.634766 1.000000 -0.000001 0.000000 2.656503 0.924831 1 0 1.000000
barracuda
  0 90.824158 13.352938 17.634766 1.000000 -0.000001 0.000000 2.656503 0.924831 1 0 1.000000
  0 90.824158 11.570498 24.444763 1.000000 -0.000001 0.000000 2.656664 0.924215 1 0 1.000000
  0 90.824158 11.570498 17.634766 1.000000 -0.000001 0.000000 2.656664 0.924831 1 0 1.000000
barracuda
  0 90.824158 11.570498 24.444763 1.000000 -0.000001 0.000000 2.656664 0.924215 1 0 1.000000
  0 90.824158 10.695412 23.506237 0.710929 0.703264 0.000000 2.656744 0.924300 1 0 1.000000
  0 90.824158 11.570498 17.634766 1.000000 -0.000001 0.000000 2.656664 0.924831 1 0 1.000000
barracuda
  0 90.824158 10.695412 23.506237 0.710929 0.703264 0.000000 2.656744 0.924300 1 0 1.000000
  0 90.824158 10.695412 18.573299 0.710929 0.703264 0.000000 2.656744 0.924746 1 0 1.000000
  0 90.824158 11.570498 17.634766 1.000000 -0.000001 0.000000 2.656664 0.924831 1 0 1.000000
barracuda
  0 66.633850 14.967777 18.226669 -0.073991 0.706376 0.703959 0.527119 0.560316 1 0 1.000000
  0 66.633850 13.853228 18.688324 -0.162512 0.001383 0.986705 0.523116 0.560316 1 0 1.000000
  0 90.645950 13.539682 22.183510 -0.073991 0.706376 0.703959 0.521989 0.474076 1 0 1.000000
barracuda
  0 90.645950 13.539682 22.183510 -0.073991 0.706376 0.703959 0.521989 0.474076 1 0 1.000000
  0 66.633850 13.853228 18.688324 -0.162512 0.001383 0.986705 0.523116 0.560316 1 0 1.000000
  0 90.645950 12.425135 22.645164 -0.162512 0.001383 0.986705 0.517987 0.474076 1 0 1.000000
barracuda
  0 66.633850 13.853228 18.688324 -0.162512 0.001383 0.986705 0.523116 0.560316 1 0 1.000000
  0 90.645950 11.310587 22.183510 -0.156497 -0.699573 0.697213 0.513969 0.473824 1 0 1.000000
  0 90.645950 12.425135 22.645164 -0.162512 0.001383 0.986705 0.517987 0.474076 1 0 1.000000
barracuda
  0 66.633850 12.738682 18.226669 -0.156497 -0.699573 0.697213 0.519128 0.560569 1 0 1.000000
  0 90.645950 11.310587 22.183510 -0.156497 -0.699573 0.697213 0.513969 0.473824 1 0 1.000000
  0 66.633850 13.853228 18.688324 -0.162512 0.001383 0.986705 0.523116 0.560316 1 0 1.000000
barracuda
  0 66.633850 12.738682 18.226669 -0.156497 -0.699573 0.697213 0.519128 0.560569 1 0 1.000000
  0 90.645950 10.848927 21.068962 -0.059135 -0.998249 -0.001423 0.510050 0.474456 1 0 1.000000
  0 90.645950 11.310587 22.183510 -0.156497 -0.699573 0.697213 0.513969 0.473824 1 0 1.000000
barracuda
  0 66.633850 12.277020 17.112122 -0.059135 -0.998249 -0.001423 0.515239 0.561705 1 0 1.000000
  0 90.645950 10.848927 21.068962 -0.059135 -0.998249 -0.001423 0.510050 0.474456 1 0 1.000000
  0 66.633850 12.738682 18.226669 -0.156497 -0.699573 0.697213 0.519128 0.560569 1 0 1.000000
barracuda
  0 66.633850 12.277020 17.112122 -0.059135 -0.998249 -0.001423 0.515239 0.561705 1 0 1.000000
  0 90.645950 11.310589 19.954414 0.073991 -0.706377 -0.703958 0.506160 0.475592 1 0 1.000000
  0 90.645950 10.848927 21.068962 -0.059135 -0.998249 -0.001423 0.510050 0.474456 1 0 1.000000
barracuda
  0 66.633850 12.738682 15.997574 0.073991 -0.706377 -0.703958 0.511320 0.562337 1 0 1.000000
  0 90.645950 11.310589 19.954414 0.073991 -0.706377 -0.703958 0.506160 0.475592 1 0 1.000000
  0 66.633850 12.277020 17.112122 -0.059135 -0.998249 -0.001423 0.515239 0.561705 1 0 1.000000
barracuda
  0 66.633850 12.738682 15.997574 0.073991 -0.706377 -0.703958 0.511320 0.562337 1 0 1.000000
  0 90.645950 12.425137 19.492752 0.162512 -0.001384 -0.986705 0.502201 0.476319 1 0 1.000000
  0 90.645950 11.310589 19.954414 0.073991 -0.706377 -0.703958 0.506160 0.475592 1 0 1.000000
barracuda
  0 66.633850 13.853228 15.535912 0.162512 -0.001384 -0.986705 0.507330 0.562559 1 0 1.000000
  0 90.645950 12.425137 19.492752 0.162512 -0.001384 -0.986705 0.502201 0.476319 1 0 1.000000
  0 66.633850 12.738682 15.997574 0.073991 -0.706377 -0.703958 0.511320 0.562337 1 0 1.000000
barracuda
  0 66.633850 13.853228 15.535912 0.162512 -0.001384 -0.986705 0.507330 0.562559 1 0 1.000000
  0 66.633850 14.967777 15.997574 0.156497 0.699575 -0.697211 0.503370 0.563286 1 0 1.000000
  0 90.645950 12.425137 19.492752 0.162512 -0.001384 -0.986705 0.502201 0.476319 1 0 1.000000
barracuda
  0 90.645950 12.425137 19.492752 0.162512 -0.001384 -0.986705 0.502201 0.476319 1 0 1.000000
  0 66.633850 14.967777 15.997574 0.156497 0.699575 -0.697211 0.503370 0.563286 1 0 1.000000
  0 90.645950 13.539684 19.954414 0.156497 0.699575 -0.697211 0.498211 0.476541 1 0 1.000000
barracuda
  0 66.633850 14.967777 15.997574 0.156497 0.699575 -0.697211 0.503370 0.563286 1 0 1.000000
  0 66.633850 15.429436 17.112118 0.059135 0.998249 0.001422 0.499404 0.563123 1 0 1.000000
  0 90.645950 13.539684 19.954414 0.156497 0.699575 -0.697211 0.498211 0.476541 1 0 1.000000
barracuda
  0 90.645950 13.539684 19.954414 0.156497 0.699575 -0.697211 0.498211 0.476541 1 0 1.000000
  0 66.633850 15.429436 17.112118 0.059135 0.998249 0.001422 0.499404 0.563123 1 0 1.000000
  0 90.645950 14.001343 21.068958 0.059135 0.998249 0.001422 0.494215 0.475873 1 0 1.000000
barracuda
  0 66.633850 15.429436 17.112118 0.059135 0.998249 0.001422 0.499404 0.563123 1 0 1.000000
  0 66.633850 14.967777 18.226669 -0.073991 0.706376 0.703959 0.495422 0.562708 1 0 1.000000
  0 90.645950 14.001343 21.068958 0.059135 0.998249 0.001422 0.494215 0.475873 1 0 1.000000
barracuda
  0 90.645950 14.001343 21.068958 0.059135 0.998249 0.001422 0.494215 0.475873 1 0 1.000000
  0 66.633850 14.967777 18.226669 -0.073991 0.706376 0.703959 0.495422 0.562708 1 0 1.000000
  0 90.645950 13.539682 22.183510 -0.073991 0.706376 0.703959 0.490233 0.475458 1 0 1.000000
barracuda
  0 -113.336014 18.584137 16.894390 -0.951427 0.153938 0.266626 0.157236 0.870987 1 0 1.000000
  0 -113.336014 19.149828 16.328701 -0.951427 0.266627 0.153937 0.160141 0.873769 1 0 1.000000
  0 -113.336014 17.811386 17.101452 -0.951427 0.000002 0.307873 0.153379 0.870044 1 0 1.000000
barracuda
  0 -112.853088 19.975933 16.805649 -0.659261 0.651178 0.375956 0.164955 0.870589 1 0 1.000000
  0 -112.853088 20.310791 15.555946 -0.659258 0.751916 0.000000 0.167332 0.877080 1 0 1.000000
  0 -113.336014 19.149828 16.328701 -0.951427 0.266627 0.153937 0.160141 0.873769 1 0 1.000000
barracuda
  0 -113.336014 18.584137 16.894390 -0.951427 0.153938 0.266626 0.157236 0.870987 1 0 1.000000
  0 -112.853088 19.975933 16.805649 -0.659261 0.651178 0.375956 0.164955 0.870589 1 0 1.000000
  0 -113.336014 19.149828 16.328701 -0.951427 0.266627 0.153937 0.160141 0.873769 1 0 1.000000
barracuda
  0 -112.853088 19.061089 17.720493 -0.659262 0.375958 0.651175 0.159759 0.866104 1 0 1.000000
  0 -112.853088 19.975933 16.805649 -0.659261 0.651178 0.375956 0.164955 0.870589 1 0 1.000000
  0 -113.336014 18.584137 16.894390 -0.951427 0.153938 0.266626 0.157236 0.870987 1 0 1.000000
barracuda
  0 -113.336014 17.811386 17.101452 -0.951427 0.000002 0.307873 0.153379 0.870044 1 0 1.000000
  0 -112.853088 19.061089 17.720493 -0.659262 0.375958 0.651175 0.159759 0.866104 1 0 1.000000
  0 -113.336014 18.584137 16.894390 -0.951427 0.153938 0.266626 0.157236 0.870987 1 0 1.000000
barracuda
  0 -112.853088 17.811386 18.055355 -0.659263 0.000002 0.751913 0.153210 0.864701 1 0 1.000000
  0 -112.853088 19.061089 17.720493 -0.659262 0.375958 0.651175 0.159759 0.866104 1 0 1.000000
  0 -113.336014 17.811386 17.101452 -0.951427 0.000002 0.307873 0.153379 0.870044 1 0 1.000000
barracuda
  0 -113.336014 19.356888 15.555946 -0.951426 0.307876 0.000000 0.161233 0.877749 1 0 1.000000
  0 -113.336014 19.149830 14.783195 -0.951427 0.266626 -0.153937 0.160027 0.881980 1 0 1.000000
  0 -113.336014 19.149828 16.328701 -0.951427 0.266627 0.153937 0.160141 0.873769 1 0 1.000000
barracuda
  0 -112.179657 16.447187 13.193092 -0.321929 -0.473383 -0.819921 0.144142 0.892060 1 0 1.000000
  0 -112.853088 17.811384 13.056545 -0.659260 0.000000 -0.751915 0.152637 0.891100 1 0 1.000000
  0 -112.179657 17.811384 12.827557 -0.321929 0.000000 -0.946764 0.152257 0.895078 1 0 1.000000
barracuda
  0 -112.853088 17.811384 13.056545 -0.659260 0.000000 -0.751915 0.152637 0.891100 1 0 1.000000
  0 -112.853088 19.061089 13.391399 -0.659260 0.375957 -0.651178 0.159416 0.890027 1 0 1.000000
  0 -112.179657 17.811384 12.827557 -0.321929 0.000000 -0.946764 0.152257 0.895078 1 0 1.000000
barracuda
  0 -112.179657 17.811384 12.827557 -0.321929 0.000000 -0.946764 0.152257 0.895078 1 0 1.000000
  0 -112.853088 19.061089 13.391399 -0.659260 0.375957 -0.651178 0.159416 0.890027 1 0 1.000000
  0 -112.179657 19.175577 13.193092 -0.321927 0.473382 -0.819922 0.161127 0.893832 1 0 1.000000
barracuda
  0 -112.853088 19.061089 13.391399 -0.659260 0.375957 -0.651178 0.159416 0.890027 1 0 1.000000
  0 -112.853088 19.975933 14.306244 -0.659260 0.651177 -0.375958 0.164858 0.885763 1 0 1.000000
  0 -112.179657 19.175577 13.193092 -0.321927 0.473382 -0.819922 0.161127 0.893832 1 0 1.000000
barracuda
  0 -112.179657 19.175577 13.193092 -0.321927 0.473382 -0.819922 0.161127 0.893832 1 0 1.000000
  0 -112.853088 19.975933 14.306244 -0.659260 0.651177 -0.375958 0.164858 0.885763 1 0 1.000000
  0 -112.179657 20.174244 14.191750 -0.321928 0.819921 -0.473383 0.168714 0.888007 1 0 1.000000
barracuda
  0 -112.853088 19.975933 14.306244 -0.659260 0.651177 -0.375958 0.164858 0.885763 1 0 1.000000
  0 -112.853088 20.310791 15.555946 -0.659258 0.751916 0.000000 0.167332 0.877080 1 0 1.000000
  0 -112.179657 20.174244 14.191750 -0.321928 0.819921 -0.473383 0.168714 0.888007 1 0 1.000000
barracuda
  0 -112.179657 20.174244 14.191750 -0.321928 0.819921 -0.473383 0.168714 0.888007 1 0 1.000000
  0 -112.853088 20.310791 15.555946 -0.659258 0.751916 0.000000 0.167332 0.877080 1 0 1.000000
  0 -112.179657 20.539776 15.555946 -0.321929 0.946764 -0.000001 0.171792 0.877206 1 0 1.000000
barracuda
  0 -112.853088 20.310791 15.555946 -0.659258 0.751916 0.000000 0.167332 0.877080 1 0 1.000000
  0 -112.853088 19.975933 16.805649 -0.659261 0.651178 0.375956 0.164955 0.870589 1 0 1.000000
  0 -112.179657 20.539776 15.555946 -0.321929 0.946764 -0.000001 0.171792 0.877206 1 0 1.000000
barracuda
  0 -112.179657 20.539776 15.555946 -0.321929 0.946764 -0.000001 0.171792 0.877206 1 0 1.000000
  0 -112.853088 19.975933 16.805649 -0.659261 0.651178 0.375956 0.164955 0.870589 1 0 1.000000
  0 -112.179657 20.174244 16.920143 -0.321932 0.819921 0.473380 0.168414 0.868257 1 0 1.000000
barracuda
  0 -112.853088 19.975933 16.805649 -0.659261 0.651178 0.375956 0.164955 0.870589 1 0 1.000000
  0 -112.853088 19.061089 17.720493 -0.659262 0.375958 0.651175 0.159759 0.866104 1 0 1.000000
  0 -112.179657 20.174244 16.920143 -0.321932 0.819921 0.473380 0.168414 0.868257 1 0 1.000000
barracuda
  0 -112.179657 20.174244 16.920143 -0.321932 0.819921 0.473380 0.168414 0.868257 1 0 1.000000
  0 -112.853088 19.061089 17.720493 -0.659262 0.375958 0.651175 0.159759 0.866104 1 0 1.000000
  0 -112.179672 19.175583 17.918804 -0.321935 0.473383 0.819918 0.161532 0.862523 1 0 1.000000
barracuda
  0 -112.853088 19.061089 17.720493 -0.659262 0.375958 0.651175 0.159759 0.866104 1 0 1.000000
  0 -112.853088 17.811386 18.055355 -0.659263 0.000002 0.751913 0.153210 0.864701 1 0 1.000000
  0 -112.179672 19.175583 17.918804 -0.321935 0.473383 0.819918 0.161532 0.862523 1 0 1.000000
barracuda
  0 -112.179672 19.175583 17.918804 -0.321935 0.473383 0.819918 0.161532 0.862523 1 0 1.000000
  0 -112.853088 17.811386 18.055355 -0.659263 0.000002 0.751913 0.153210 0.864701 1 0 1.000000
  0 -112.179657 17.811384 18.284344 -0.321935 0.000000 0.946762 0.153046 0.860810 1 0 1.000000
barracuda
  0 -113.336014 17.038633 14.217506 -0.951427 -0.153935 -0.266626 0.149292 0.884389 1 0 1.000000
  0 -113.336014 16.472942 14.783195 -0.951428 -0.266622 -0.153937 0.146633 0.881481 1 0 1.000000
  0 -113.336014 17.811386 14.010445 -0.951427 0.000000 -0.307873 0.153066 0.885620 1 0 1.000000
barracuda
  0 -113.336014 16.472942 14.783195 -0.951428 -0.266622 -0.153937 0.146633 0.881481 1 0 1.000000
  0 -113.336014 16.472940 16.328701 -0.951427 -0.266628 0.153937 0.146810 0.873888 1 0 1.000000
  0 -113.336014 17.811386 14.010445 -0.951427 0.000000 -0.307873 0.153066 0.885620 1 0 1.000000
barracuda
  0 -113.336014 16.265884 15.555946 -0.951428 -0.307872 0.000000 0.145735 0.877659 1 0 1.000000
  0 -113.336014 16.472940 16.328701 -0.951427 -0.266628 0.153937 0.146810 0.873888 1 0 1.000000
  0 -113.336014 16.472942 14.783195 -0.951428 -0.266622 -0.153937 0.146633 0.881481 1 0 1.000000
barracuda
  0 -113.336014 16.265884 15.555946 -0.951428 -0.307872 0.000000 0.145735 0.877659 1 0 1.000000
  0 -112.853088 15.646839 16.805649 -0.659261 -0.651178 0.375956 0.142290 0.871243 1 0 1.000000
  0 -113.336014 16.472940 16.328701 -0.951427 -0.266628 0.153937 0.146810 0.873888 1 0 1.000000
barracuda
  0 -112.853088 15.311981 15.555950 -0.659261 -0.751914 0.000001 0.140501 0.877524 1 0 1.000000
  0 -112.853088 15.646839 16.805649 -0.659261 -0.651178 0.375956 0.142290 0.871243 1 0 1.000000
  0 -113.336014 16.265884 15.555946 -0.951428 -0.307872 0.000000 0.145735 0.877659 1 0 1.000000
barracuda
  0 -113.336014 16.472942 14.783195 -0.951428 -0.266622 -0.153937 0.146633 0.881481 1 0 1.000000
  0 -112.853088 15.311981 15.555950 -0.659261 -0.751914 0.000001 0.140501 0.877524 1 0 1.000000
  0 -113.336014 16.265884 15.555946 -0.951428 -0.307872 0.000000 0.145735 0.877659 1 0 1.000000
barracuda
  0 -112.853088 15.646839 14.306244 -0.659262 -0.651176 -0.375957 0.141956 0.883906 1 0 1.000000
  0 -112.853088 15.311981 15.555950 -0.659261 -0.751914 0.000001 0.140501 0.877524 1 0 1.000000
  0 -113.336014 16.472942 14.783195 -0.951428 -0.266622 -0.153937 0.146633 0.881481 1 0 1.000000
barracuda
  0 -113.336014 17.038633 14.217506 -0.951427 -0.153935 -0.266626 0.149292 0.884389 1 0 1.000000
  0 -112.853088 15.646839 14.306244 -0.659262 -0.651176 -0.375957 0.141956 0.883906 1 0 1.000000
  0 -113.336014 16.472942 14.783195 -0.951428 -0.266622 -0.153937 0.146633 0.881481 1 0 1.000000
barracuda
  0 -112.853088 16.561684 13.391399 -0.659261 -0.375957 -0.651177 0.146332 0.888840 1 0 1.000000
  0 -112.853088 15.646839 14.306244 -0.659262 -0.651176 -0.375957 0.141956 0.883906 1 0 1.000000
  0 -113.336014 17.038633 14.217506 -0.951427 -0.153935 -0.266626 0.149292 0.884389 1 0 1.000000
barracuda
  0 -113.336014 17.811386 14.010445 -0.951427 0.000000 -0.307873 0.153066 0.885620 1 0 1.000000
  0 -112.853088 16.561684 13.391399 -0.659261 -0.375957 -0.651177 0.146332 0.888840 1 0 1.000000
  0 -113.336014 17.038633 14.217506 -0.951427 -0.153935 -0.266626 0.149292 0.884389 1 0 1.000000
barracuda
  0 -112.853088 17.811384 13.056545 -0.659260 0.000000 -0.751915 0.152637 0.891100 1 0 1.000000
  0 -112.853088 16.561684 13.391399 -0.659261 -0.375957 -0.651177 0.146332 0.888840 1 0 1.000000
  0 -113.336014 17.811386 14.010445 -0.951427 0.000000 -0.307873 0.153066 0.885620 1 0 1.000000
barracuda
  0 -113.336014 18.584135 14.217506 -0.951428 0.153935 -0.266626 0.157001 0.884787 1 0 1.000000
  0 -112.853088 17.811384 13.056545 -0.659260 0.000000 -0.751915 0.152637 0.891100 1 0 1.000000
  0 -113.336014 17.811386 14.010445 -0.951427 0.000000 -0.307873 0.153066 0.885620 1 0 1.000000
barracuda
  0 -112.853088 19.061089 13.391399 -0.659260 0.375957 -0.651178 0.159416 0.890027 1 0 1.000000
  0 -112.853088 17.811384 13.056545 -0.659260 0.000000 -0.751915 0.152637 0.891100 1 0 1.000000
  0 -113.336014 18.584135 14.217506 -0.951428 0.153935 -0.266626 0.157001 0.884787 1 0 1.000000
barracuda
  0 -113.336014 19.149830 14.783195 -0.951427 0.266626 -0.153937 0.160027 0.881980 1 0 1.000000
  0 -112.853088 19.061089 13.391399 -0.659260 0.375957 -0.651178 0.159416 0.890027 1 0 1.000000
  0 -113.336014 18.584135 14.217506 -0.951428 0.153935 -0.266626 0.157001 0.884787 1 0 1.000000
barracuda
  0 -112.853088 19.975933 14.306244 -0.659260 0.651177 -0.375958 0.164858 0.885763 1 0 1.000000
  0 -112.853088 19.061089 13.391399 -0.659260 0.375957 -0.651178 0.159416 0.890027 1 0 1.000000
  0 -113.336014 19.149830 14.783195 -0.951427 0.266626 -0.153937 0.160027 0.881980 1 0 1.000000
barracuda
  0 -113.336014 19.356888 15.555946 -0.951426 0.307876 0.000000 0.161233 0.877749 1 0 1.000000
  0 -112.853088 19.975933 14.306244 -0.659260 0.651177 -0.375958 0.164858 0.885763 1 0 1.000000
  0 -113.336014 19.149830 14.783195 -0.951427 0.266626 -0.153937 0.160027 0.881980 1 0 1.000000
barracuda
  0 -112.853088 20.310791 15.555946 -0.659258 0.751916 0.000000 0.167332 0.877080 1 0 1.000000
  0 -112.853088 19.975933 14.306244 -0.659260 0.651177 -0.375958 0.164858 0.885763 1 0 1.000000
  0 -113.336014 19.356888 15.555946 -0.951426 0.307876 0.000000 0.161233 0.877749 1 0 1.000000
barracuda
  0 -113.336014 19.149828 16.328701 -0.951427 0.266627 0.153937 0.160141 0.873769 1 0 1.000000
  0 -112.853088 20.310791 15.555946 -0.659258 0.751916 0.000000 0.167332 0.877080 1 0 1.000000
  0 -113.336014 19.356888 15.555946 -0.951426 0.307876 0.000000 0.161233 0.877749 1 0 1.000000
barracuda
  0 -112.853088 15.646839 16.805649 -0.659261 -0.651178 0.375956 0.142290 0.871243 1 0 1.000000
  0 -112.853088 16.561684 17.720493 -0.659262 -0.375958 0.651175 0.146890 0.866587 1 0 1.000000
  0 -113.336014 16.472940 16.328701 -0.951427 -0.266628 0.153937 0.146810 0.873888 1 0 1.000000
barracuda
  0 -113.336014 16.472940 16.328701 -0.951427 -0.266628 0.153937 0.146810 0.873888 1 0 1.000000
  0 -112.853088 16.561684 17.720493 -0.659262 -0.375958 0.651175 0.146890 0.866587 1 0 1.000000
  0 -113.336014 17.038635 16.894390 -0.951427 -0.153937 0.266627 0.149587 0.871113 1 0 1.000000
barracuda
  0 -113.336014 18.584135 14.217506 -0.951428 0.153935 -0.266626 0.157001 0.884787 1 0 1.000000
  0 -113.336014 17.811386 14.010445 -0.951427 0.000000 -0.307873 0.153066 0.885620 1 0 1.000000
  0 -113.336014 19.149830 14.783195 -0.951427 0.266626 -0.153937 0.160027 0.881980 1 0 1.000000
barracuda
  0 -113.336014 19.149830 14.783195 -0.951427 0.266626 -0.153937 0.160027 0.881980 1 0 1.000000
  0 -113.336014 17.811386 14.010445 -0.951427 0.000000 -0.307873 0.153066 0.885620 1 0 1.000000
  0 -113.336014 19.149828 16.328701 -0.951427 0.266627 0.153937 0.160141 0.873769 1 0 1.000000
barracuda
  0 -113.336014 19.149828 16.328701 -0.951427 0.266627 0.153937 0.160141 0.873769 1 0 1.000000
  0 -113.336014 17.811386 14.010445 -0.951427 0.000000 -0.307873 0.153066 0.885620 1 0 1.000000
  0 -113.336014 16.472940 16.328701 -0.951427 -0.266628 0.153937 0.146810 0.873888 1 0 1.000000
barracuda
  0 -113.336014 17.811386 17.101452 -0.951427 0.000002 0.307873 0.153379 0.870044 1 0 1.000000
  0 -113.336014 19.149828 16.328701 -0.951427 0.266627 0.153937 0.160141 0.873769 1 0 1.000000
  0 -113.336014 16.472940 16.328701 -0.951427 -0.266628 0.153937 0.146810 0.873888 1 0 1.000000
barracuda
  0 -113.336014 17.038635 16.894390 -0.951427 -0.153937 0.266627 0.149587 0.871113 1 0 1.000000
  0 -113.336014 17.811386 17.101452 -0.951427 0.000002 0.307873 0.153379 0.870044 1 0 1.000000
  0 -113.336014 16.472940 16.328701 -0.951427 -0.266628 0.153937 0.146810 0.873888 1 0 1.000000
barracuda
  0 -113.336014 17.038635 16.894390 -0.951427 -0.153937 0.266627 0.149587 0.871113 1 0 1.000000
  0 -112.853088 17.811386 18.055355 -0.659263 0.000002 0.751913 0.153210 0.864701 1 0 1.000000
  0 -113.336014 17.811386 17.101452 -0.951427 0.000002 0.307873 0.153379 0.870044 1 0 1.000000
barracuda
  0 -112.853088 16.561684 17.720493 -0.659262 -0.375958 0.651175 0.146890 0.866587 1 0 1.000000
  0 -112.853088 17.811386 18.055355 -0.659263 0.000002 0.751913 0.153210 0.864701 1 0 1.000000
  0 -113.336014 17.038635 16.894390 -0.951427 -0.153937 0.266627 0.149587 0.871113 1 0 1.000000
barracuda
  0 -112.853088 17.811386 18.055355 -0.659263 0.000002 0.751913 0.153210 0.864701 1 0 1.000000
  0 -112.853088 16.561684 17.720493 -0.659262 -0.375958 0.651175 0.146890 0.866587 1 0 1.000000
  0 -112.179657 17.811384 18.284344 -0.321935 0.000000 0.946762 0.153046 0.860810 1 0 1.000000
barracuda
  0 -112.179657 17.811384 18.284344 -0.321935 0.000000 0.946762 0.153046 0.860810 1 0 1.000000
  0 -112.853088 16.561684 17.720493 -0.659262 -0.375958 0.651175 0.146890 0.866587 1 0 1.000000
  0 -112.179672 16.447189 17.918804 -0.321935 -0.473384 0.819918 0.144907 0.863296 1 0 1.000000
barracuda
  0 -112.853088 16.561684 17.720493 -0.659262 -0.375958 0.651175 0.146890 0.866587 1 0 1.000000
  0 -112.853088 15.646839 16.805649 -0.659261 -0.651178 0.375956 0.142290 0.871243 1 0 1.000000
  0 -112.179672 16.447189 17.918804 -0.321935 -0.473384 0.819918 0.144907 0.863296 1 0 1.000000
barracuda
  0 -112.179672 16.447189 17.918804 -0.321935 -0.473384 0.819918 0.144907 0.863296 1 0 1.000000
  0 -112.853088 15.646839 16.805649 -0.659261 -0.651178 0.375956 0.142290 0.871243 1 0 1.000000
  0 -112.179657 15.448526 16.920143 -0.321934 -0.819921 0.473380 0.138989 0.869318 1 0 1.000000
barracuda
  0 -112.853088 15.646839 16.805649 -0.659261 -0.651178 0.375956 0.142290 0.871243 1 0 1.000000
  0 -112.853088 15.311981 15.555950 -0.659261 -0.751914 0.000001 0.140501 0.877524 1 0 1.000000
  0 -112.179657 15.448526 16.920143 -0.321934 -0.819921 0.473380 0.138989 0.869318 1 0 1.000000
barracuda
  0 -112.179657 15.448526 16.920143 -0.321934 -0.819921 0.473380 0.138989 0.869318 1 0 1.000000
  0 -112.853088 15.311981 15.555950 -0.659261 -0.751914 0.000001 0.140501 0.877524 1 0 1.000000
  0 -112.179657 15.082993 15.555950 -0.321930 -0.946763 0.000002 0.136681 0.877421 1 0 1.000000
barracuda
  0 -112.853088 15.311981 15.555950 -0.659261 -0.751914 0.000001 0.140501 0.877524 1 0 1.000000
  0 -112.853088 15.646839 14.306244 -0.659262 -0.651176 -0.375957 0.141956 0.883906 1 0 1.000000
  0 -112.179657 15.082993 15.555950 -0.321930 -0.946763 0.000002 0.136681 0.877421 1 0 1.000000
barracuda
  0 -112.179657 15.082993 15.555950 -0.321930 -0.946763 0.000002 0.136681 0.877421 1 0 1.000000
  0 -112.853088 15.646839 14.306244 -0.659262 -0.651176 -0.375957 0.141956 0.883906 1 0 1.000000
  0 -112.179657 15.448528 14.191750 -0.321928 -0.819923 -0.473380 0.138536 0.885658 1 0 1.000000
barracuda
  0 -112.853088 15.646839 14.306244 -0.659262 -0.651176 -0.375957 0.141956 0.883906 1 0 1.000000
  0 -112.853088 16.561684 13.391399 -0.659261 -0.375957 -0.651177 0.146332 0.888840 1 0 1.000000
  0 -112.179657 15.448528 14.191750 -0.321928 -0.819923 -0.473380 0.138536 0.885658 1 0 1.000000
barracuda
  0 -112.179657 15.448528 14.191750 -0.321928 -0.819923 -0.473380 0.138536 0.885658 1 0 1.000000
  0 -112.853088 16.561684 13.391399 -0.659261 -0.375957 -0.651177 0.146332 0.888840 1 0 1.000000
  0 -112.179657 16.447187 13.193092 -0.321929 -0.473383 -0.819921 0.144142 0.892060 1 0 1.000000
barracuda
  0 -112.853088 16.561684 13.391399 -0.659261 -0.375957 -0.651177 0.146332 0.888840 1 0 1.000000
  0 -112.853088 17.811384 13.056545 -0.659260 0.000000 -0.751915 0.152637 0.891100 1 0 1.000000
  0 -112.179657 16.447187 13.193092 -0.321929 -0.473383 -0.819921 0.144142 0.892060 1 0 1.000000
barracuda
  0 -107.597595 28.334370 33.962063 -0.951427 0.153936 0.266627 0.138533 0.806051 1 0 1.000000
  0 -107.597595 29.373234 32.923199 -0.951427 0.266627 0.153937 0.142797 0.810190 1 0 1.000000
  0 -107.597595 26.915249 34.342319 -0.951427 0.000000 0.307874 0.132791 0.804512 1 0 1.000000
barracuda
  0 -107.597595 28.334362 29.046097 -0.951427 0.153936 -0.266627 0.139219 0.825965 1 0 1.000000
  0 -107.597595 26.915245 28.665836 -0.951427 0.000001 -0.307874 0.133713 0.827647 1 0 1.000000
  0 -107.597595 29.373226 30.084957 -0.951427 0.266626 -0.153937 0.143187 0.821644 1 0 1.000000
barracuda
  0 -107.597595 29.373226 30.084957 -0.951427 0.266626 -0.153937 0.143187 0.821644 1 0 1.000000
  0 -107.597595 26.915245 28.665836 -0.951427 0.000001 -0.307874 0.133713 0.827647 1 0 1.000000
  0 -107.597595 29.373234 32.923199 -0.951427 0.266627 0.153937 0.142797 0.810190 1 0 1.000000
barracuda
  0 -107.597595 29.373234 32.923199 -0.951427 0.266627 0.153937 0.142797 0.810190 1 0 1.000000
  0 -107.597595 26.915245 28.665836 -0.951427 0.000001 -0.307874 0.133713 0.827647 1 0 1.000000
  0 -107.597595 24.457264 32.923199 -0.951427 -0.266627 0.153937 0.122714 0.810040 1 0 1.000000
barracuda
  0 -107.597595 26.915249 34.342319 -0.951427 0.000000 0.307874 0.132791 0.804512 1 0 1.000000
  0 -107.597595 29.373234 32.923199 -0.951427 0.266627 0.153937 0.142797 0.810190 1 0 1.000000
  0 -107.597595 24.457264 32.923199 -0.951427 -0.266627 0.153937 0.122714 0.810040 1 0 1.000000
barracuda
  0 -107.597595 25.496128 33.962063 -0.951427 -0.153936 0.266627 0.127028 0.805964 1 0 1.000000
  0 -107.597595 26.915249 34.342319 -0.951427 0.000000 0.307874 0.132791 0.804512 1 0 1.000000
  0 -107.597595 24.457264 32.923199 -0.951427 -0.266627 0.153937 0.122714 0.810040 1 0 1.000000
barracuda
  0 -107.597595 29.753483 31.504082 -0.951427 0.307875 0.000000 0.144495 0.815876 1 0 1.000000
  0 -107.597595 29.373226 30.084957 -0.951427 0.266626 -0.153937 0.143187 0.821644 1 0 1.000000
  0 -107.597595 29.373234 32.923199 -0.951427 0.266627 0.153937 0.142797 0.810190 1 0 1.000000
barracuda
  0 -106.710724 22.940159 33.799103 -0.658316 -0.651893 0.376371 0.115909 0.805862 1 0 1.000000
  0 -106.710724 24.620228 35.479164 -0.658316 -0.376370 0.651894 0.123184 0.799001 1 0 1.000000
  0 -107.597595 24.457264 32.923199 -0.951427 -0.266627 0.153937 0.122714 0.810040 1 0 1.000000
barracuda
  0 -107.597595 24.457264 32.923199 -0.951427 -0.266627 0.153937 0.122714 0.810040 1 0 1.000000
  0 -106.710724 24.620228 35.479164 -0.658316 -0.376370 0.651894 0.123184 0.799001 1 0 1.000000
  0 -107.597595 25.496128 33.962063 -0.951427 -0.153936 0.266627 0.127028 0.805964 1 0 1.000000
barracuda
  0 -106.710724 24.620228 35.479164 -0.658316 -0.376370 0.651894 0.123184 0.799001 1 0 1.000000
  0 -106.710724 26.915245 36.094112 -0.658317 0.000000 0.752741 0.132845 0.796573 1 0 1.000000
  0 -107.597595 25.496128 33.962063 -0.951427 -0.153936 0.266627 0.127028 0.805964 1 0 1.000000
barracuda
  0 -107.597595 25.496128 33.962063 -0.951427 -0.153936 0.266627 0.127028 0.805964 1 0 1.000000
  0 -106.710724 26.915245 36.094112 -0.658317 0.000000 0.752741 0.132845 0.796573 1 0 1.000000
  0 -107.597595 26.915249 34.342319 -0.951427 0.000000 0.307874 0.132791 0.804512 1 0 1.000000
barracuda
  0 -106.710724 26.915245 36.094112 -0.658317 0.000000 0.752741 0.132845 0.796573 1 0 1.000000
  0 -106.710724 29.210262 35.479164 -0.658316 0.376370 0.651894 0.142456 0.799148 1 0 1.000000
  0 -107.597595 26.915249 34.342319 -0.951427 0.000000 0.307874 0.132791 0.804512 1 0 1.000000
barracuda
  0 -107.597595 26.915249 34.342319 -0.951427 0.000000 0.307874 0.132791 0.804512 1 0 1.000000
  0 -106.710724 29.210262 35.479164 -0.658316 0.376370 0.651894 0.142456 0.799148 1 0 1.000000
  0 -107.597595 28.334370 33.962063 -0.951427 0.153936 0.266627 0.138533 0.806051 1 0 1.000000
barracuda
  0 -106.710724 29.210262 35.479164 -0.658316 0.376370 0.651894 0.142456 0.799148 1 0 1.000000
  0 -106.710724 30.890335 33.799095 -0.658316 0.651893 0.376371 0.149609 0.806081 1 0 1.000000
  0 -107.597595 28.334370 33.962063 -0.951427 0.153936 0.266627 0.138533 0.806051 1 0 1.000000
barracuda
  0 -107.597595 28.334370 33.962063 -0.951427 0.153936 0.266627 0.138533 0.806051 1 0 1.000000
  0 -106.710724 30.890335 33.799095 -0.658316 0.651893 0.376371 0.149609 0.806081 1 0 1.000000
  0 -107.597595 29.373234 32.923199 -0.951427 0.266627 0.153937 0.142797 0.810190 1 0 1.000000
barracuda
  0 -106.710724 30.890335 33.799095 -0.658316 0.651893 0.376371 0.149609 0.806081 1 0 1.000000
  0 -106.710724 31.505276 31.504078 -0.658316 0.752742 0.000000 0.152478 0.815660 1 0 1.000000
  0 -107.597595 29.373234 32.923199 -0.951427 0.266627 0.153937 0.142797 0.810190 1 0 1.000000
barracuda
  0 -107.597595 29.373234 32.923199 -0.951427 0.266627 0.153937 0.142797 0.810190 1 0 1.000000
  0 -106.710724 31.505276 31.504078 -0.658316 0.752742 0.000000 0.152478 0.815660 1 0 1.000000
  0 -107.597595 29.753483 31.504082 -0.951427 0.307875 0.000000 0.144495 0.815876 1 0 1.000000
barracuda
  0 -106.710724 31.505276 31.504078 -0.658316 0.752742 0.000000 0.152478 0.815660 1 0 1.000000
  0 -106.710724 30.890331 29.209057 -0.658317 0.651893 -0.376370 0.150244 0.825484 1 0 1.000000
  0 -107.597595 29.753483 31.504082 -0.951427 0.307875 0.000000 0.144495 0.815876 1 0 1.000000
barracuda
  0 -107.597595 29.753483 31.504082 -0.951427 0.307875 0.000000 0.144495 0.815876 1 0 1.000000
  0 -106.710724 30.890331 29.209057 -0.658317 0.651893 -0.376370 0.150244 0.825484 1 0 1.000000
  0 -107.597595 29.373226 30.084957 -0.951427 0.266626 -0.153937 0.143187 0.821644 1 0 1.000000
barracuda
  0 -106.710724 30.890331 29.209057 -0.658317 0.651893 -0.376370 0.150244 0.825484 1 0 1.000000
  0 -106.710724 29.210258 27.528992 -0.658317 0.376370 -0.651892 0.143303 0.832971 1 0 1.000000
  0 -107.597595 29.373226 30.084957 -0.951427 0.266626 -0.153937 0.143187 0.821644 1 0 1.000000
barracuda
  0 -107.597595 29.373226 30.084957 -0.951427 0.266626 -0.153937 0.143187 0.821644 1 0 1.000000
  0 -106.710724 29.210258 27.528992 -0.658317 0.376370 -0.651892 0.143303 0.832971 1 0 1.000000
  0 -107.597595 28.334362 29.046097 -0.951427 0.153936 -0.266627 0.139219 0.825965 1 0 1.000000
barracuda
  0 -106.710724 29.210258 27.528992 -0.658317 0.376370 -0.651892 0.143303 0.832971 1 0 1.000000
  0 -106.710724 26.915245 26.914043 -0.658317 0.000001 -0.752741 0.133245 0.835904 1 0 1.000000
  0 -107.597595 28.334362 29.046097 -0.951427 0.153936 -0.266627 0.139219 0.825965 1 0 1.000000
barracuda
  0 -107.597595 28.334362 29.046097 -0.951427 0.153936 -0.266627 0.139219 0.825965 1 0 1.000000
  0 -106.710724 26.915245 26.914043 -0.658317 0.000001 -0.752741 0.133245 0.835904 1 0 1.000000
  0 -107.597595 26.915245 28.665836 -0.951427 0.000001 -0.307874 0.133713 0.827647 1 0 1.000000
barracuda
  0 -106.710724 26.915245 26.914043 -0.658317 0.000001 -0.752741 0.133245 0.835904 1 0 1.000000
  0 -106.710724 24.620228 27.528992 -0.658317 -0.376370 -0.651893 0.122444 0.833010 1 0 1.000000
  0 -107.597595 26.915245 28.665836 -0.951427 0.000001 -0.307874 0.133713 0.827647 1 0 1.000000
barracuda
  0 -107.597595 26.915245 28.665836 -0.951427 0.000001 -0.307874 0.133713 0.827647 1 0 1.000000
  0 -106.710724 24.620228 27.528992 -0.658317 -0.376370 -0.651893 0.122444 0.833010 1 0 1.000000
  0 -107.597595 25.496124 29.046093 -0.951427 -0.153937 -0.266627 0.126167 0.825625 1 0 1.000000
barracuda
  0 -106.710724 30.890335 33.799095 -0.658316 0.651893 0.376371 0.149609 0.806081 1 0 1.000000
  0 -106.710724 29.210262 35.479164 -0.658316 0.376370 0.651894 0.142456 0.799148 1 0 1.000000
  0 -105.463516 31.254517 34.009357 -0.319499 0.820634 0.473794 0.154641 0.803025 1 0 1.000000
barracuda
  0 -105.463516 31.254517 34.009357 -0.319499 0.820634 0.473794 0.154641 0.803025 1 0 1.000000
  0 -106.710724 29.210262 35.479164 -0.658316 0.376370 0.651894 0.142456 0.799148 1 0 1.000000
  0 -105.463516 29.420525 35.843349 -0.319500 0.473793 0.820634 0.145351 0.794042 1 0 1.000000
barracuda
  0 -106.710724 29.210262 35.479164 -0.658316 0.376370 0.651894 0.142456 0.799148 1 0 1.000000
  0 -106.710724 26.915245 36.094112 -0.658317 0.000000 0.752741 0.132845 0.796573 1 0 1.000000
  0 -105.463516 29.420525 35.843349 -0.319500 0.473793 0.820634 0.145351 0.794042 1 0 1.000000
barracuda
  0 -105.463516 29.420525 35.843349 -0.319500 0.473793 0.820634 0.145351 0.794042 1 0 1.000000
  0 -106.710724 26.915245 36.094112 -0.658317 0.000000 0.752741 0.132845 0.796573 1 0 1.000000
  0 -105.463516 26.915249 36.514637 -0.319500 0.000000 0.947586 0.132890 0.790703 1 0 1.000000
barracuda
  0 -106.710724 26.915245 36.094112 -0.658317 0.000000 0.752741 0.132845 0.796573 1 0 1.000000
  0 -106.710724 24.620228 35.479164 -0.658316 -0.376370 0.651894 0.123184 0.799001 1 0 1.000000
  0 -105.463516 26.915249 36.514637 -0.319500 0.000000 0.947586 0.132890 0.790703 1 0 1.000000
barracuda
  0 -105.463516 26.915249 36.514637 -0.319500 0.000000 0.947586 0.132890 0.790703 1 0 1.000000
  0 -106.710724 24.620228 35.479164 -0.658316 -0.376370 0.651894 0.123184 0.799001 1 0 1.000000
  0 -105.463516 24.409966 35.843349 -0.319499 -0.473793 0.820634 0.120353 0.793838 1 0 1.000000
barracuda
  0 -106.710724 24.620228 35.479164 -0.658316 -0.376370 0.651894 0.123184 0.799001 1 0 1.000000
  0 -106.710724 22.940159 33.799103 -0.658316 -0.651893 0.376371 0.115909 0.805862 1 0 1.000000
  0 -105.463516 24.409966 35.843349 -0.319499 -0.473793 0.820634 0.120353 0.793838 1 0 1.000000
barracuda
  0 -105.463516 24.409966 35.843349 -0.319499 -0.473793 0.820634 0.120353 0.793838 1 0 1.000000
  0 -106.710724 22.940159 33.799103 -0.658316 -0.651893 0.376371 0.115909 0.805862 1 0 1.000000
  0 -105.463516 22.575974 34.009357 -0.319498 -0.820634 0.473794 0.110875 0.802730 1 0 1.000000
barracuda
  0 -106.710724 22.940159 33.799103 -0.658316 -0.651893 0.376371 0.115909 0.805862 1 0 1.000000
  0 -106.710724 22.325211 31.504078 -0.658316 -0.752742 0.000000 0.112932 0.815487 1 0 1.000000
  0 -105.463516 22.575974 34.009357 -0.319498 -0.820634 0.473794 0.110875 0.802730 1 0 1.000000
barracuda
  0 -105.463516 22.575974 34.009357 -0.319498 -0.820634 0.473794 0.110875 0.802730 1 0 1.000000
  0 -106.710724 22.325211 31.504078 -0.658316 -0.752742 0.000000 0.112932 0.815487 1 0 1.000000
  0 -105.463516 21.904686 31.504078 -0.319499 -0.947587 0.000000 0.106933 0.815270 1 0 1.000000
barracuda
  0 -106.710724 22.325211 31.504078 -0.658316 -0.752742 0.000000 0.112932 0.815487 1 0 1.000000
  0 -106.710724 22.940159 29.209061 -0.658317 -0.651893 -0.376371 0.115199 0.825441 1 0 1.000000
  0 -105.463516 21.904686 31.504078 -0.319499 -0.947587 0.000000 0.106933 0.815270 1 0 1.000000
barracuda
  0 -105.463516 21.904686 31.504078 -0.319499 -0.947587 0.000000 0.106933 0.815270 1 0 1.000000
  0 -106.710724 22.940159 29.209061 -0.658317 -0.651893 -0.376371 0.115199 0.825441 1 0 1.000000
  0 -105.463516 22.575974 28.998798 -0.319500 -0.820634 -0.473793 0.109816 0.828367 1 0 1.000000
barracuda
  0 -106.710724 22.940159 29.209061 -0.658317 -0.651893 -0.376371 0.115199 0.825441 1 0 1.000000
  0 -106.710724 24.620228 27.528992 -0.658317 -0.376370 -0.651893 0.122444 0.833010 1 0 1.000000
  0 -105.463516 22.575974 28.998798 -0.319500 -0.820634 -0.473793 0.109816 0.828367 1 0 1.000000
barracuda
  0 -105.463516 22.575974 28.998798 -0.319500 -0.820634 -0.473793 0.109816 0.828367 1 0 1.000000
  0 -106.710724 24.620228 27.528992 -0.658317 -0.376370 -0.651893 0.122444 0.833010 1 0 1.000000
  0 -105.463516 24.409966 27.164806 -0.319501 -0.473793 -0.820634 0.119293 0.838476 1 0 1.000000
barracuda
  0 -106.710724 24.620228 27.528992 -0.658317 -0.376370 -0.651893 0.122444 0.833010 1 0 1.000000
  0 -106.710724 26.915245 26.914043 -0.658317 0.000001 -0.752741 0.133245 0.835904 1 0 1.000000
  0 -105.463516 24.409966 27.164806 -0.319501 -0.473793 -0.820634 0.119293 0.838476 1 0 1.000000
barracuda
  0 -105.463516 24.409966 27.164806 -0.319501 -0.473793 -0.820634 0.119293 0.838476 1 0 1.000000
  0 -106.710724 26.915245 26.914043 -0.658317 0.000001 -0.752741 0.133245 0.835904 1 0 1.000000
  0 -105.463516 26.915245 26.493519 -0.319501 0.000000 -0.947586 0.133241 0.842213 1 0 1.000000
barracuda
  0 -106.710724 26.915245 26.914043 -0.658317 0.000001 -0.752741 0.133245 0.835904 1 0 1.000000
  0 -106.710724 29.210258 27.528992 -0.658317 0.376370 -0.651892 0.143303 0.832971 1 0 1.000000
  0 -105.463516 26.915245 26.493519 -0.319501 0.000000 -0.947586 0.133241 0.842213 1 0 1.000000
barracuda
  0 -105.463516 26.915245 26.493519 -0.319501 0.000000 -0.947586 0.133241 0.842213 1 0 1.000000
  0 -106.710724 29.210258 27.528992 -0.658317 0.376370 -0.651892 0.143303 0.832971 1 0 1.000000
  0 -105.463516 29.420521 27.164806 -0.319501 0.473794 -0.820633 0.146502 0.838197 1 0 1.000000
barracuda
  0 -106.710724 29.210258 27.528992 -0.658317 0.376370 -0.651892 0.143303 0.832971 1 0 1.000000
  0 -106.710724 30.890331 29.209057 -0.658317 0.651893 -0.376370 0.150244 0.825484 1 0 1.000000
  0 -105.463516 29.420521 27.164806 -0.319501 0.473794 -0.820633 0.146502 0.838197 1 0 1.000000
barracuda
  0 -105.463516 29.420521 27.164806 -0.319501 0.473794 -0.820633 0.146502 0.838197 1 0 1.000000
  0 -106.710724 30.890331 29.209057 -0.658317 0.651893 -0.376370 0.150244 0.825484 1 0 1.000000
  0 -105.463516 31.254517 28.998795 -0.319500 0.820634 -0.473793 0.155548 0.828296 1 0 1.000000
barracuda
  0 -106.710724 30.890331 29.209057 -0.658317 0.651893 -0.376370 0.150244 0.825484 1 0 1.000000
  0 -106.710724 31.505276 31.504078 -0.658316 0.752742 0.000000 0.152478 0.815660 1 0 1.000000
  0 -105.463516 31.254517 28.998795 -0.319500 0.820634 -0.473793 0.155548 0.828296 1 0 1.000000
barracuda
  0 -105.463516 31.254517 28.998795 -0.319500 0.820634 -0.473793 0.155548 0.828296 1 0 1.000000
  0 -106.710724 31.505276 31.504078 -0.658316 0.752742 0.000000 0.152478 0.815660 1 0 1.000000
  0 -105.463516 31.925800 31.504080 -0.319500 0.947586 0.000000 0.158404 0.815465 1 0 1.000000
barracuda
  0 -106.710724 31.505276 31.504078 -0.658316 0.752742 0.000000 0.152478 0.815660 1 0 1.000000
  0 -106.710724 30.890335 33.799095 -0.658316 0.651893 0.376371 0.149609 0.806081 1 0 1.000000
  0 -105.463516 31.925800 31.504080 -0.319500 0.947586 0.000000 0.158404 0.815465 1 0 1.000000
barracuda
  0 -105.463516 31.925800 31.504080 -0.319500 0.947586 0.000000 0.158404 0.815465 1 0 1.000000
  0 -106.710724 30.890335 33.799095 -0.658316 0.651893 0.376371 0.149609 0.806081 1 0 1.000000
  0 -105.463516 31.254517 34.009357 -0.319499 0.820634 0.473794 0.154641 0.803025 1 0 1.000000
barracuda
  0 -106.710724 24.620228 27.528992 -0.658317 -0.376370 -0.651893 0.122444 0.833010 1 0 1.000000
  0 -106.710724 22.940159 29.209061 -0.658317 -0.651893 -0.376371 0.115199 0.825441 1 0 1.000000
  0 -107.597595 25.496124 29.046093 -0.951427 -0.153937 -0.266627 0.126167 0.825625 1 0 1.000000
barracuda
  0 -107.597595 25.496124 29.046093 -0.951427 -0.153937 -0.266627 0.126167 0.825625 1 0 1.000000
  0 -106.710724 22.940159 29.209061 -0.658317 -0.651893 -0.376371 0.115199 0.825441 1 0 1.000000
  0 -107.597595 24.457260 30.084957 -0.951427 -0.266627 -0.153937 0.122239 0.821416 1 0 1.000000
barracuda
  0 -106.710724 22.940159 29.209061 -0.658317 -0.651893 -0.376371 0.115199 0.825441 1 0 1.000000
  0 -106.710724 22.325211 31.504078 -0.658316 -0.752742 0.000000 0.112932 0.815487 1 0 1.000000
  0 -107.597595 24.457260 30.084957 -0.951427 -0.266627 -0.153937 0.122239 0.821416 1 0 1.000000
barracuda
  0 -107.597595 24.457260 30.084957 -0.951427 -0.266627 -0.153937 0.122239 0.821416 1 0 1.000000
  0 -106.710724 22.325211 31.504078 -0.658316 -0.752742 0.000000 0.112932 0.815487 1 0 1.000000
  0 -107.597595 24.077003 31.504078 -0.951427 -0.307874 0.000000 0.120964 0.815690 1 0 1.000000
barracuda
  0 -106.710724 22.325211 31.504078 -0.658316 -0.752742 0.000000 0.112932 0.815487 1 0 1.000000
  0 -106.710724 22.940159 33.799103 -0.658316 -0.651893 0.376371 0.115909 0.805862 1 0 1.000000
  0 -107.597595 24.077003 31.504078 -0.951427 -0.307874 0.000000 0.120964 0.815690 1 0 1.000000
barracuda
  0 -107.597595 24.077003 31.504078 -0.951427 -0.307874 0.000000 0.120964 0.815690 1 0 1.000000
  0 -106.710724 22.940159 33.799103 -0.658316 -0.651893 0.376371 0.115909 0.805862 1 0 1.000000
  0 -107.597595 24.457264 32.923199 -0.951427 -0.266627 0.153937 0.122714 0.810040 1 0 1.000000
barracuda
  0 -107.597595 24.077003 31.504078 -0.951427 -0.307874 0.000000 0.120964 0.815690 1 0 1.000000
  0 -107.597595 24.457264 32.923199 -0.951427 -0.266627 0.153937 0.122714 0.810040 1 0 1.000000
  0 -107.597595 24.457260 30.084957 -0.951427 -0.266627 -0.153937 0.122239 0.821416 1 0 1.000000
barracuda
  0 -107.597595 26.915245 28.665836 -0.951427 0.000001 -0.307874 0.133713 0.827647 1 0 1.000000
  0 -107.597595 24.457260 30.084957 -0.951427 -0.266627 -0.153937 0.122239 0.821416 1 0 1.000000
  0 -107.597595 24.457264 32.923199 -0.951427 -0.266627 0.153937 0.122714 0.810040 1 0 1.000000
barracuda
  0 -107.597595 25.496124 29.046093 -0.951427 -0.153937 -0.266627 0.126167 0.825625 1 0 1.000000
  0 -107.597595 24.457260 30.084957 -0.951427 -0.266627 -0.153937 0.122239 0.821416 1 0 1.000000
  0 -107.597595 26.915245 28.665836 -0.951427 0.000001 -0.307874 0.133713 0.827647 1 0 1.000000
barracuda
  0 106.426682 39.394875 -36.995003 0.542027 0.323473 -0.775611 0.136337 0.096196 1 0 1.000000
  0 108.462006 31.578045 -38.340569 0.710954 0.295002 -0.638372 0.107208 0.087171 1 0 1.000000
  0 106.871140 31.868715 -39.977989 0.542027 0.323473 -0.775611 0.106364 0.093595 1 0 1.000000
barracuda
  0 106.871140 31.868715 -39.977989 0.542027 0.323473 -0.775611 0.106364 0.093595 1 0 1.000000
  0 102.380173 32.127563 -41.390869 0.219480 0.334078 -0.916635 0.106674 0.109566 1 0 1.000000
  0 106.426682 39.394875 -36.995003 0.542027 0.323473 -0.775611 0.136337 0.096196 1 0 1.000000
barracuda
  0 106.426682 39.394875 -36.995003 0.542027 0.323473 -0.775611 0.136337 0.096196 1 0 1.000000
  0 102.380173 32.127563 -41.390869 0.219480 0.334078 -0.916635 0.106674 0.109566 1 0 1.000000
  0 102.318695 41.229759 -38.185783 0.219480 0.334078 -0.916635 0.138422 0.111413 1 0 1.000000
barracuda
  0 102.380173 32.127563 -41.390869 0.219480 0.334078 -0.916635 0.106674 0.109566 1 0 1.000000
  0 86.495377 32.812035 -42.579018 0.078532 0.320448 -0.944005 0.104493 0.162335 1 0 1.000000
  0 102.318695 41.229759 -38.185783 0.219480 0.334078 -0.916635 0.138422 0.111413 1 0 1.000000
barracuda
  0 102.318695 41.229759 -38.185783 0.219480 0.334078 -0.916635 0.138422 0.111413 1 0 1.000000
  0 86.495377 32.812035 -42.579018 0.078532 0.320448 -0.944005 0.104493 0.162335 1 0 1.000000
  0 86.870804 43.070599 -39.053898 0.078532 0.320448 -0.944005 0.140640 0.163033 1 0 1.000000
barracuda
  0 86.495377 32.812035 -42.579018 0.078532 0.320448 -0.944005 0.104493 0.162335 1 0 1.000000
  0 72.331726 44.212952 -39.817059 0.050875 0.311035 -0.949036 0.140884 0.211786 1 0 1.000000
  0 86.870804 43.070599 -39.053898 0.078532 0.320448 -0.944005 0.140640 0.163033 1 0 1.000000
barracuda
  0 70.588043 33.293167 -43.495514 0.050875 0.311035 -0.949036 0.101900 0.215478 1 0 1.000000
  0 72.331726 44.212952 -39.817059 0.050875 0.311035 -0.949036 0.140884 0.211786 1 0 1.000000
  0 86.495377 32.812035 -42.579018 0.078532 0.320448 -0.944005 0.104493 0.162335 1 0 1.000000
barracuda
  0 70.588043 33.293167 -43.495514 0.050875 0.311035 -0.949036 0.101900 0.215478 1 0 1.000000
  0 63.712109 44.758450 -40.032616 0.026928 0.288698 -0.957041 0.141178 0.240985 1 0 1.000000
  0 72.331726 44.212952 -39.817059 0.050875 0.311035 -0.949036 0.140884 0.211786 1 0 1.000000
barracuda
  0 62.092922 33.475670 -43.633667 0.026928 0.288698 -0.957041 0.100582 0.244183 1 0 1.000000
  0 63.712109 44.758450 -40.032616 0.026928 0.288698 -0.957041 0.141178 0.240985 1 0 1.000000
  0 70.588043 33.293167 -43.495514 0.050875 0.311035 -0.949036 0.101900 0.215478 1 0 1.000000
barracuda
  0 49.921726 33.255440 -43.566628 0.001314 0.242893 -0.970052 0.097281 0.285617 1 0 1.000000
  0 63.712109 44.758450 -40.032616 0.026928 0.288698 -0.957041 0.141178 0.240985 1 0 1.000000
  0 62.092922 33.475670 -43.633667 0.026928 0.288698 -0.957041 0.100582 0.244183 1 0 1.000000
barracuda
  0 42.895603 45.878399 -40.571205 0.001314 0.242893 -0.970052 0.140470 0.310414 1 0 1.000000
  0 63.712109 44.758450 -40.032616 0.026928 0.288698 -0.957041 0.141178 0.240985 1 0 1.000000
  0 49.921726 33.255440 -43.566628 0.001314 0.242893 -0.970052 0.097281 0.285617 1 0 1.000000
barracuda
  0 49.921726 33.255440 -43.566628 0.001314 0.242893 -0.970052 0.097281 0.285617 1 0 1.000000
  0 30.902149 32.654831 -43.257229 -0.018506 0.215118 -0.976413 0.092122 0.350413 1 0 1.000000
  0 42.895603 45.878399 -40.571205 0.001314 0.242893 -0.970052 0.140470 0.310414 1 0 1.000000
barracuda
  0 42.895603 45.878399 -40.571205 0.001314 0.242893 -0.970052 0.140470 0.310414 1 0 1.000000
  0 30.902149 32.654831 -43.257229 -0.018506 0.215118 -0.976413 0.092122 0.350413 1 0 1.000000
  0 28.443459 42.625973 -41.095081 -0.018506 0.215118 -0.976413 0.125794 0.362266 1 0 1.000000
barracuda
  0 -17.167265 52.540470 31.293436 -0.009812 -0.389019 -0.921177 2.639828 0.932636 1 0 1.000000
  0 -12.304146 56.781414 29.297834 -0.273507 -0.739008 -0.615680 2.640264 0.932248 1 0 1.000000
  0 -16.280882 51.585060 31.679207 -0.009812 -0.389019 -0.921177 2.639799 0.932503 1 0 1.000000
barracuda
  0 -16.280882 51.585060 31.679207 -0.009812 -0.389019 -0.921177 2.639799 0.932503 1 0 1.000000
  0 -12.304146 56.781414 29.297834 -0.273507 -0.739008 -0.615680 2.640264 0.932248 1 0 1.000000
  0 -10.991970 56.176033 29.470314 -0.082075 -0.824679 -0.559615 2.640203 0.932143 1 0 1.000000
barracuda
  0 -23.612133 46.771976 33.526306 0.051315 -0.388250 -0.920124 2.639377 0.933086 1 0 1.000000
  0 -17.167265 52.540470 31.293436 -0.009812 -0.389019 -0.921177 2.639933 0.932536 1 0 1.000000
  0 -22.621681 45.940430 33.940994 0.051315 -0.388250 -0.920124 2.639363 0.932935 1 0 1.000000
barracuda
  0 -22.621681 45.940430 33.940994 0.051315 -0.388250 -0.920124 2.639363 0.932935 1 0 1.000000
  0 -17.167265 52.540470 31.293436 -0.009812 -0.389019 -0.921177 2.639933 0.932536 1 0 1.000000
  0 -16.280882 51.585060 31.679207 -0.009812 -0.389019 -0.921177 2.639799 0.932503 1 0 1.000000
barracuda
  0 -29.683605 41.225876 35.319050 0.040275 -0.464938 -0.884426 2.638992 0.933515 1 0 1.000000
  0 -23.612133 46.771976 33.526306 0.051315 -0.388250 -0.920124 2.639493 0.932966 1 0 1.000000
  0 -28.451479 40.633411 35.698196 0.040275 -0.464938 -0.884426 2.638966 0.933374 1 0 1.000000
barracuda
  0 -28.451479 40.633411 35.698196 0.040275 -0.464938 -0.884426 2.638966 0.933374 1 0 1.000000
  0 -23.612133 46.771976 33.526306 0.051315 -0.388250 -0.920124 2.639493 0.932966 1 0 1.000000
  0 -22.621681 45.940430 33.940994 0.051315 -0.388250 -0.920124 2.639363 0.932935 1 0 1.000000
barracuda
  0 -28.451479 40.633411 35.698196 0.040275 -0.464938 -0.884426 2.638938 0.933404 1 0 1.000000
  0 -35.617424 39.666767 36.310425 0.000586 -0.538163 -0.842841 2.638851 0.934052 1 0 1.000000
  0 -29.683605 41.225876 35.319050 0.040275 -0.464938 -0.884426 2.638992 0.933515 1 0 1.000000
barracuda
  0 -30.557499 41.408890 30.716263 0.335160 0.884992 0.323199 0.957896 0.987295 1 0 1.000000
  0 -26.593121 37.576099 31.164179 0.588069 0.260791 0.765612 0.959086 0.961998 1 0 1.000000
  0 -25.422447 40.825439 29.268484 0.335160 0.884992 0.323199 0.953222 0.966371 1 0 1.000000
barracuda
  0 -29.028473 40.356415 33.876549 0.521943 0.104633 0.846538 0.967434 0.974745 1 0 1.000000
  0 -26.593121 37.576099 31.164179 0.588069 0.260791 0.765612 0.959086 0.961998 1 0 1.000000
  0 -30.557499 41.408890 30.716263 0.335160 0.884992 0.323199 0.957896 0.987295 1 0 1.000000
barracuda
  0 -29.028473 40.356415 33.876549 0.521943 0.104633 0.846538 0.967434 0.974745 1 0 1.000000
  0 -25.452444 32.554108 30.216330 0.482458 -0.180926 0.857030 0.956515 0.940101 1 0 1.000000
  0 -26.593121 37.576099 31.164179 0.588069 0.260791 0.765612 0.959086 0.961998 1 0 1.000000
barracuda
  0 -34.003799 30.662971 33.876545 0.384171 -0.187470 0.904028 0.984889 0.940807 1 0 1.000000
  0 -25.452444 32.554108 30.216330 0.482458 -0.180926 0.857030 0.956515 0.940101 1 0 1.000000
  0 -29.028473 40.356415 33.876549 0.521943 0.104633 0.846538 0.967434 0.974745 1 0 1.000000
barracuda
  0 -35.617424 39.666767 36.310425 0.333296 -0.189906 0.923498 0.989885 0.970944 1 0 1.000000
  0 -34.003799 30.662971 33.876545 0.384171 -0.187470 0.904028 0.984889 0.940807 1 0 1.000000
  0 -29.028473 40.356415 33.876549 0.521943 0.104633 0.846538 0.967434 0.974745 1 0 1.000000
barracuda
  0 -38.284653 31.809341 35.539158 0.308901 -0.196207 0.930636 0.998944 0.945002 1 0 1.000000
  0 -34.003799 30.662971 33.876545 0.384171 -0.187470 0.904028 0.984889 0.940807 1 0 1.000000
  0 -35.617424 39.666767 36.310425 0.333296 -0.189906 0.923498 0.989885 0.970944 1 0 1.000000
barracuda
  0 -38.284653 31.809341 -35.991909 0.308901 -0.196206 -0.930636 0.713973 0.936940 1 0 1.000000
  0 -35.617420 39.666763 -36.763168 0.333297 -0.189905 -0.923498 0.723463 0.962501 1 0 1.000000
  0 -34.003799 30.662971 -34.329296 0.384172 -0.187469 -0.904028 0.727925 0.932770 1 0 1.000000
barracuda
  0 -35.617420 39.666763 -36.763168 0.333297 -0.189905 -0.923498 0.723463 0.962501 1 0 1.000000
  0 -29.028473 40.356415 -34.329292 0.521944 0.104634 -0.846538 0.745022 0.973118 1 0 1.000000
  0 -34.003799 30.662971 -34.329296 0.384172 -0.187469 -0.904028 0.727925 0.932770 1 0 1.000000
barracuda
  0 -29.028473 40.356415 -34.329292 0.521944 0.104634 -0.846538 0.745022 0.973118 1 0 1.000000
  0 -25.452444 32.554108 -30.669088 0.482457 -0.180925 -0.857031 0.756270 0.937712 1 0 1.000000
  0 -34.003799 30.662971 -34.329296 0.384172 -0.187469 -0.904028 0.727925 0.932770 1 0 1.000000
barracuda
  0 -26.593121 37.576103 -31.616938 0.588068 0.260791 -0.765613 0.753117 0.964466 1 0 1.000000
  0 -25.452444 32.554108 -30.669088 0.482457 -0.180925 -0.857031 0.756270 0.937712 1 0 1.000000
  0 -29.028473 40.356415 -34.329292 0.521944 0.104634 -0.846538 0.745022 0.973118 1 0 1.000000
barracuda
  0 -29.028473 40.356415 -34.329292 0.521944 0.104634 -0.846538 0.745022 0.973118 1 0 1.000000
  0 -30.557499 41.408894 -31.169016 0.335160 0.884991 -0.323200 0.754591 0.987295 1 0 1.000000
  0 -26.593121 37.576103 -31.616938 0.588068 0.260791 -0.765613 0.753117 0.964466 1 0 1.000000
barracuda
  0 -26.593121 37.576103 -31.616938 0.588068 0.260791 -0.765613 0.753117 0.964466 1 0 1.000000
  0 -30.557499 41.408894 -31.169016 0.335160 0.884991 -0.323200 0.754591 0.987295 1 0 1.000000
  0 -25.422447 40.825439 -29.721241 0.335160 0.884991 -0.323200 0.759265 0.966371 1 0 1.000000
barracuda
  0 -30.557499 41.408894 -31.169016 0.335160 0.884991 -0.323200 0.754591 0.987295 1 0 1.000000
  0 -32.095154 41.644211 -24.647722 0.006512 0.997223 -0.074188 0.776015 0.992347 1 0 1.000000
  0 -25.422447 40.825439 -29.721241 0.335160 0.884991 -0.323200 0.759265 0.966371 1 0 1.000000
barracuda
  0 -25.422447 40.825439 -29.721241 0.335160 0.884991 -0.323200 0.759265 0.966371 1 0 1.000000
  0 -32.095154 41.644211 -24.647722 0.006512 0.997223 -0.074188 0.776015 0.992347 1 0 1.000000
  0 -24.953634 41.690926 -24.647724 0.006512 0.997223 -0.074188 0.776015 0.967826 1 0 1.000000
barracuda
  0 -32.095154 41.644211 -24.647722 0.006512 0.997223 -0.074188 0.776015 0.992347 1 0 1.000000
  0 -33.180325 41.856819 -16.087160 -0.065698 0.996948 -0.042176 0.804138 0.995911 1 0 1.000000
  0 -24.953634 41.690926 -24.647724 0.006512 0.997223 -0.074188 0.776015 0.967826 1 0 1.000000
barracuda
  0 -24.953634 41.690926 -24.647724 0.006512 0.997223 -0.074188 0.776015 0.967826 1 0 1.000000
  0 -33.180325 41.856819 -16.087160 -0.065698 0.996948 -0.042176 0.804138 0.995911 1 0 1.000000
  0 -25.096886 42.685162 -11.861673 -0.065698 0.996948 -0.042176 0.818020 0.969695 1 0 1.000000
barracuda
  0 -33.180325 41.856819 -16.087160 -0.065698 0.996948 -0.042176 0.804138 0.995911 1 0 1.000000
  0 -33.555504 42.216599 -0.226376 -0.090346 0.995910 0.000000 0.856244 0.997144 1 0 1.000000
  0 -25.096886 42.685162 -11.861673 -0.065698 0.996948 -0.042176 0.818020 0.969695 1 0 1.000000
barracuda
  0 -25.096886 42.685162 -11.861673 -0.065698 0.996948 -0.042176 0.818020 0.969695 1 0 1.000000
  0 -33.555504 42.216599 -0.226376 -0.090346 0.995910 0.000000 0.856244 0.997144 1 0 1.000000
  0 -25.359562 42.973568 -0.226376 -0.090346 0.995910 0.000000 0.856244 0.970600 1 0 1.000000
barracuda
  0 -33.555504 42.216599 -0.226376 -0.090346 0.995910 0.000000 0.856244 0.997144 1 0 1.000000
  0 -25.096886 42.685162 11.408920 -0.065698 0.996948 0.042176 0.894468 0.969695 1 0 1.000000
  0 -25.359562 42.973568 -0.226376 -0.090346 0.995910 0.000000 0.856244 0.970600 1 0 1.000000
barracuda
  0 -33.180325 41.856819 15.634405 -0.065698 0.996948 0.042176 0.908349 0.995911 1 0 1.000000
  0 -25.096886 42.685162 11.408920 -0.065698 0.996948 0.042176 0.894468 0.969695 1 0 1.000000
  0 -33.555504 42.216599 -0.226376 -0.090346 0.995910 0.000000 0.856244 0.997144 1 0 1.000000
barracuda
  0 -33.180325 41.856819 15.634405 -0.065698 0.996948 0.042176 0.908349 0.995911 1 0 1.000000
  0 -24.953634 41.690926 24.194967 0.006511 0.997223 0.074188 0.936473 0.967826 1 0 1.000000
  0 -25.096886 42.685162 11.408920 -0.065698 0.996948 0.042176 0.894468 0.969695 1 0 1.000000
barracuda
  0 -32.095154 41.644211 24.194969 0.006511 0.997223 0.074188 0.936473 0.992347 1 0 1.000000
  0 -24.953634 41.690926 24.194967 0.006511 0.997223 0.074188 0.936473 0.967826 1 0 1.000000
  0 -33.180325 41.856819 15.634405 -0.065698 0.996948 0.042176 0.908349 0.995911 1 0 1.000000
barracuda
  0 -32.095154 41.644211 24.194969 0.006511 0.997223 0.074188 0.936473 0.992347 1 0 1.000000
  0 -25.422447 40.825439 29.268484 0.335160 0.884992 0.323199 0.953222 0.966371 1 0 1.000000
  0 -24.953634 41.690926 24.194967 0.006511 0.997223 0.074188 0.936473 0.967826 1 0 1.000000
barracuda
  0 -30.557499 41.408890 30.716263 0.335160 0.884992 0.323199 0.957896 0.987295 1 0 1.000000
  0 -25.422447 40.825439 29.268484 0.335160 0.884992 0.323199 0.953222 0.966371 1 0 1.000000
  0 -32.095154 41.644211 24.194969 0.006511 0.997223 0.074188 0.936473 0.992347 1 0 1.000000
barracuda
  0 102.318237 42.120987 -33.321510 -0.556243 0.538727 0.632745 0.170746 0.091627 1 0 1.000000
  0 86.936142 44.389725 -33.320122 0.069679 0.435664 0.897408 0.169207 0.153727 1 0 1.000000
  0 86.940765 43.954025 -33.144089 0.069679 0.435664 0.897408 0.170917 0.153468 1 0 1.000000
barracuda
  0 102.458664 42.539490 -33.573204 -0.556243 0.538727 0.632745 0.169416 0.090693 1 0 1.000000
  0 86.936142 44.389725 -33.320122 0.069679 0.435664 0.897408 0.169207 0.153727 1 0 1.000000
  0 102.318237 42.120987 -33.321510 -0.556243 0.538727 0.632745 0.170746 0.091627 1 0 1.000000
barracuda
  0 102.318237 42.120987 -33.321510 -0.556243 0.538727 0.632745 0.170746 0.091627 1 0 1.000000
  0 103.671310 43.004173 -21.287094 -0.913585 0.403758 0.048383 0.218587 0.084978 1 0 1.000000
  0 102.458664 42.539490 -33.573204 -0.556243 0.538727 0.632745 0.169416 0.090693 1 0 1.000000
barracuda
  0 103.493042 42.616531 -21.267580 -0.913585 0.403758 0.048383 0.218803 0.086503 1 0 1.000000
  0 103.671310 43.004173 -21.287094 -0.913585 0.403758 0.048383 0.218587 0.084978 1 0 1.000000
  0 102.318237 42.120987 -33.321510 -0.556243 0.538727 0.632745 0.170746 0.091627 1 0 1.000000
barracuda
  0 103.493042 42.616531 -21.267580 -0.913585 0.403758 0.048383 0.218803 0.086503 1 0 1.000000
  0 104.323074 43.313229 -0.226376 -0.908019 0.418928 0.000000 0.302667 0.082347 1 0 1.000000
  0 103.671310 43.004173 -21.287094 -0.913585 0.403758 0.048383 0.218587 0.084978 1 0 1.000000
barracuda
  0 104.145081 42.927628 -0.226377 -0.908019 0.418928 0.000000 0.302667 0.083878 1 0 1.000000
  0 104.323074 43.313229 -0.226376 -0.908019 0.418928 0.000000 0.302667 0.082347 1 0 1.000000
  0 103.493042 42.616531 -21.267580 -0.913585 0.403758 0.048383 0.218803 0.086503 1 0 1.000000
barracuda
  0 104.145081 42.927628 -0.226377 -0.908019 0.418928 0.000000 0.302667 0.083878 1 0 1.000000
  0 103.493042 42.616531 20.814825 -0.913593 0.403741 -0.048383 0.386531 0.086503 1 0 1.000000
  0 104.323074 43.313229 -0.226376 -0.908019 0.418928 0.000000 0.302667 0.082347 1 0 1.000000
barracuda
  0 104.323074 43.313229 -0.226376 -0.908019 0.418928 0.000000 0.302667 0.082347 1 0 1.000000
  0 103.493042 42.616531 20.814825 -0.913593 0.403741 -0.048383 0.386531 0.086503 1 0 1.000000
  0 103.671310 43.004173 20.834345 -0.913593 0.403741 -0.048383 0.386747 0.084977 1 0 1.000000
barracuda
  0 103.493042 42.616531 20.814825 -0.913593 0.403741 -0.048383 0.386531 0.086503 1 0 1.000000
  0 102.318237 42.120987 32.868767 -0.556256 0.538704 -0.632754 0.434588 0.091627 1 0 1.000000
  0 103.671310 43.004173 20.834345 -0.913593 0.403741 -0.048383 0.386747 0.084977 1 0 1.000000
barracuda
  0 103.671310 43.004173 20.834345 -0.913593 0.403741 -0.048383 0.386747 0.084977 1 0 1.000000
  0 102.318237 42.120987 32.868767 -0.556256 0.538704 -0.632754 0.434588 0.091627 1 0 1.000000
  0 102.458664 42.539490 33.120453 -0.556256 0.538704 -0.632754 0.435918 0.090693 1 0 1.000000
barracuda
  0 102.318237 42.120987 32.868767 -0.556256 0.538704 -0.632754 0.434588 0.091627 1 0 1.000000
  0 86.936142 44.389725 32.867363 0.069679 0.435660 -0.897410 0.436127 0.153731 1 0 1.000000
  0 102.458664 42.539490 33.120453 -0.556256 0.538704 -0.632754 0.435918 0.090693 1 0 1.000000
barracuda
  0 86.940765 43.954029 32.691338 0.069679 0.435660 -0.897410 0.434416 0.153471 1 0 1.000000
  0 86.936142 44.389725 32.867363 0.069679 0.435660 -0.897410 0.436127 0.153731 1 0 1.000000
  0 102.318237 42.120987 32.868767 -0.556256 0.538704 -0.632754 0.434588 0.091627 1 0 1.000000
barracuda
  0 72.845825 45.154888 32.066071 0.674362 0.525399 -0.518837 0.431191 0.209945 1 0 1.000000
  0 86.936142 44.389725 32.867363 0.069679 0.435660 -0.897410 0.436127 0.153731 1 0 1.000000
  0 86.940765 43.954029 32.691338 0.069679 0.435660 -0.897410 0.434416 0.153471 1 0 1.000000
barracuda
  0 72.663254 45.592392 32.295128 0.674362 0.525399 -0.518837 0.432256 0.211356 1 0 1.000000
  0 86.936142 44.389725 32.867363 0.069679 0.435660 -0.897410 0.436127 0.153731 1 0 1.000000
  0 72.845825 45.154888 32.066071 0.674362 0.525399 -0.518837 0.431191 0.209945 1 0 1.000000
barracuda
  0 72.663254 45.592392 32.295128 0.674362 0.525399 -0.518837 0.432256 0.211356 1 0 1.000000
  0 72.845825 45.154888 32.066071 0.674362 0.525399 -0.518837 0.431191 0.209945 1 0 1.000000
  0 74.249481 46.580826 17.839285 0.930862 0.353393 0.092782 0.374290 0.206053 1 0 1.000000
barracuda
  0 74.249481 46.580826 17.839285 0.930862 0.353393 0.092782 0.374290 0.206053 1 0 1.000000
  0 72.845825 45.154888 32.066071 0.674362 0.525399 -0.518837 0.431191 0.209945 1 0 1.000000
  0 74.446823 46.079109 17.869469 0.930862 0.353393 0.092782 0.374640 0.204091 1 0 1.000000
barracuda
  0 75.343918 46.702606 -0.226374 0.933652 0.358180 0.000000 0.302667 0.200421 1 0 1.000000
  0 74.249481 46.580826 17.839285 0.930862 0.353393 0.092782 0.374290 0.206053 1 0 1.000000
  0 74.446823 46.079109 17.869469 0.930862 0.353393 0.092782 0.374640 0.204091 1 0 1.000000
barracuda
  0 75.161362 47.196144 -0.226377 0.933652 0.358180 0.000000 0.302667 0.202375 1 0 1.000000
  0 74.249481 46.580826 17.839285 0.930862 0.353393 0.092782 0.374290 0.206053 1 0 1.000000
  0 75.343918 46.702606 -0.226374 0.933652 0.358180 0.000000 0.302667 0.200421 1 0 1.000000
barracuda
  0 75.161362 47.196144 -0.226377 0.933652 0.358180 0.000000 0.302667 0.202375 1 0 1.000000
  0 75.343918 46.702606 -0.226374 0.933652 0.358180 0.000000 0.302667 0.200421 1 0 1.000000
  0 74.249481 46.580826 -18.292042 0.930861 0.353397 -0.092782 0.231050 0.206052 1 0 1.000000
barracuda
  0 74.249481 46.580826 -18.292042 0.930861 0.353397 -0.092782 0.231050 0.206052 1 0 1.000000
  0 75.343918 46.702606 -0.226374 0.933652 0.358180 0.000000 0.302667 0.200421 1 0 1.000000
  0 74.446823 46.079113 -18.322222 0.930861 0.353397 -0.092782 0.230699 0.204090 1 0 1.000000
barracuda
  0 74.446823 46.079113 -18.322222 0.930861 0.353397 -0.092782 0.230699 0.204090 1 0 1.000000
  0 72.845825 45.154884 -32.518822 0.674366 0.525391 0.518839 0.174164 0.209931 1 0 1.000000
  0 74.249481 46.580826 -18.292042 0.930861 0.353397 -0.092782 0.231050 0.206052 1 0 1.000000
barracuda
  0 74.249481 46.580826 -18.292042 0.930861 0.353397 -0.092782 0.231050 0.206052 1 0 1.000000
  0 72.845825 45.154884 -32.518822 0.674366 0.525391 0.518839 0.174164 0.209931 1 0 1.000000
  0 72.663254 45.592392 -32.747871 0.674366 0.525391 0.518839 0.173095 0.211342 1 0 1.000000
barracuda
  0 72.663254 45.592392 -32.747871 0.674366 0.525391 0.518839 0.173095 0.211342 1 0 1.000000
  0 72.845825 45.154884 -32.518822 0.674366 0.525391 0.518839 0.174164 0.209931 1 0 1.000000
  0 86.936142 44.389725 -33.320122 0.069679 0.435664 0.897408 0.169207 0.153727 1 0 1.000000
barracuda
  0 86.936142 44.389725 -33.320122 0.069679 0.435664 0.897408 0.169207 0.153727 1 0 1.000000
  0 72.845825 45.154884 -32.518822 0.674366 0.525391 0.518839 0.174164 0.209931 1 0 1.000000
  0 86.940765 43.954025 -33.144089 0.069679 0.435664 0.897408 0.170917 0.153468 1 0 1.000000
barracuda
  0 -107.849136 33.335163 -31.594963 -0.981261 0.146335 -0.125349 0.173738 0.869483 1 0 1.000000
  0 -110.087997 34.125099 -13.109112 -0.986329 0.137669 -0.090562 0.247424 0.878921 1 0 1.000000
  0 -107.776230 33.933586 -31.429642 -0.981261 0.146335 -0.125349 0.175113 0.867560 1 0 1.000000
barracuda
  0 -107.776230 33.933586 -31.429642 -0.981261 0.146335 -0.125349 0.175113 0.867560 1 0 1.000000
  0 -110.087997 34.125099 -13.109112 -0.986329 0.137669 -0.090562 0.247424 0.878921 1 0 1.000000
  0 -109.992371 34.776573 -13.134651 -0.986329 0.137669 -0.090562 0.247656 0.876346 1 0 1.000000
barracuda
  0 -110.087997 34.125099 -13.109112 -0.986329 0.137669 -0.090562 0.247424 0.878921 1 0 1.000000
  0 -110.708984 34.918106 -0.226374 -0.991642 0.129018 0.000000 0.298999 0.879200 1 0 1.000000
  0 -109.992371 34.776573 -13.134651 -0.986329 0.137669 -0.090562 0.247656 0.876346 1 0 1.000000
barracuda
  0 -110.784058 34.268574 -0.226376 -0.991642 0.129018 0.000000 0.298999 0.881774 1 0 1.000000
  0 -110.708984 34.918106 -0.226374 -0.991642 0.129018 0.000000 0.298999 0.879200 1 0 1.000000
  0 -110.087997 34.125099 -13.109112 -0.986329 0.137669 -0.090562 0.247424 0.878921 1 0 1.000000
barracuda
  0 -110.784058 34.268574 -0.226376 -0.991642 0.129018 0.000000 0.298999 0.881774 1 0 1.000000
  0 -110.087997 34.125099 12.656355 -0.986331 0.137659 0.090562 0.350573 0.878921 1 0 1.000000
  0 -110.708984 34.918106 -0.226374 -0.991642 0.129018 0.000000 0.298999 0.879200 1 0 1.000000
barracuda
  0 -110.708984 34.918106 -0.226374 -0.991642 0.129018 0.000000 0.298999 0.879200 1 0 1.000000
  0 -110.087997 34.125099 12.656355 -0.986331 0.137659 0.090562 0.350573 0.878921 1 0 1.000000
  0 -109.992371 34.776573 12.681900 -0.986331 0.137659 0.090562 0.350342 0.876346 1 0 1.000000
barracuda
  0 -109.992371 34.776573 12.681900 -0.986331 0.137659 0.090562 0.350342 0.876346 1 0 1.000000
  0 -110.087997 34.125099 12.656355 -0.986331 0.137659 0.090562 0.350573 0.878921 1 0 1.000000
  0 -107.776230 33.933586 30.976892 -0.981263 0.146324 0.125349 0.422885 0.867560 1 0 1.000000
barracuda
  0 -107.776230 33.933586 30.976892 -0.981263 0.146324 0.125349 0.422885 0.867560 1 0 1.000000
  0 -110.087997 34.125099 12.656355 -0.986331 0.137659 0.090562 0.350573 0.878921 1 0 1.000000
  0 -107.849136 33.335163 31.142208 -0.981263 0.146324 0.125349 0.424260 0.869483 1 0 1.000000
barracuda
  0 -29.683605 41.225876 35.319050 0.754709 0.197268 0.625700 0.439027 0.554629 1 0 1.000000
  0 -29.028473 40.356415 33.876549 0.754709 0.197268 0.625700 0.433207 0.552232 1 0 1.000000
  0 -31.904484 41.414196 31.207043 0.172620 0.984923 0.011328 0.422986 0.564023 1 0 1.000000
barracuda
  0 -31.904484 41.414196 31.207043 0.172620 0.984923 0.011328 0.422986 0.564023 1 0 1.000000
  0 -29.028473 40.356415 33.876549 0.754709 0.197268 0.625700 0.433207 0.552232 1 0 1.000000
  0 -30.557499 41.408890 30.716263 0.194652 0.980872 -0.000680 0.420877 0.558750 1 0 1.000000
barracuda
  0 -30.557499 41.408890 30.716263 0.194652 0.980872 -0.000680 0.420877 0.558750 1 0 1.000000
  0 -32.095154 41.644211 24.194969 0.006897 0.999572 0.028423 0.395203 0.565778 1 0 1.000000
  0 -31.904484 41.414196 31.207043 0.172620 0.984923 0.011328 0.422986 0.564023 1 0 1.000000
barracuda
  0 -31.904484 41.414196 31.207043 0.172620 0.984923 0.011328 0.422986 0.564023 1 0 1.000000
  0 -32.095154 41.644211 24.194969 0.006897 0.999572 0.028423 0.395203 0.565778 1 0 1.000000
  0 -33.442146 41.649513 24.194969 0.006897 0.999572 0.028423 0.395394 0.571126 1 0 1.000000
barracuda
  0 -32.095154 41.644211 24.194969 0.006897 0.999572 0.028423 0.395203 0.565778 1 0 1.000000
  0 -33.180325 41.856819 15.634405 0.003935 0.999717 0.023457 0.361816 0.570031 1 0 1.000000
  0 -33.442146 41.649513 24.194969 0.006897 0.999572 0.028423 0.395394 0.571126 1 0 1.000000
barracuda
  0 -33.442146 41.649513 24.194969 0.006897 0.999572 0.028423 0.395394 0.571126 1 0 1.000000
  0 -33.180325 41.856819 15.634405 0.003935 0.999717 0.023457 0.361816 0.570031 1 0 1.000000
  0 -34.527313 41.862122 15.634405 0.003935 0.999717 0.023457 0.362021 0.575414 1 0 1.000000
barracuda
  0 -33.180325 41.856819 15.634405 0.003935 0.999717 0.023457 0.361816 0.570031 1 0 1.000000
  0 -33.555504 42.216599 -0.226376 0.003936 0.999992 0.000000 0.298918 0.569260 1 0 1.000000
  0 -34.527313 41.862122 15.634405 0.003935 0.999717 0.023457 0.362021 0.575414 1 0 1.000000
barracuda
  0 -34.527313 41.862122 15.634405 0.003935 0.999717 0.023457 0.362021 0.575414 1 0 1.000000
  0 -33.555504 42.216599 -0.226376 0.003936 0.999992 0.000000 0.298918 0.569260 1 0 1.000000
  0 -34.902496 42.221901 -0.226376 0.003936 0.999992 0.000000 0.298922 0.574610 1 0 1.000000
barracuda
  0 -34.902496 42.221901 -0.226376 0.003936 0.999992 0.000000 0.298922 0.574610 1 0 1.000000
  0 -33.555504 42.216599 -0.226376 0.003936 0.999992 0.000000 0.298918 0.569260 1 0 1.000000
  0 -34.527313 41.862122 -16.087160 0.003935 0.999717 -0.023457 0.235882 0.575324 1 0 1.000000
barracuda
  0 -34.527313 41.862122 -16.087160 0.003935 0.999717 -0.023457 0.235882 0.575324 1 0 1.000000
  0 -33.555504 42.216599 -0.226376 0.003936 0.999992 0.000000 0.298918 0.569260 1 0 1.000000
  0 -33.180325 41.856819 -16.087160 0.003935 0.999717 -0.023457 0.236030 0.569878 1 0 1.000000
barracuda
  0 -34.527313 41.862122 -16.087160 0.003935 0.999717 -0.023457 0.235882 0.575324 1 0 1.000000
  0 -33.180325 41.856819 -16.087160 0.003935 0.999717 -0.023457 0.236030 0.569878 1 0 1.000000
  0 -33.442146 41.649513 -24.647722 0.006897 0.999572 -0.028423 0.202461 0.570893 1 0 1.000000
barracuda
  0 -33.442146 41.649513 -24.647722 0.006897 0.999572 -0.028423 0.202461 0.570893 1 0 1.000000
  0 -33.180325 41.856819 -16.087160 0.003935 0.999717 -0.023457 0.236030 0.569878 1 0 1.000000
  0 -32.095154 41.644211 -24.647722 0.006897 0.999572 -0.028423 0.202627 0.565544 1 0 1.000000
barracuda
  0 -33.442146 41.649513 -24.647722 0.006897 0.999572 -0.028423 0.202461 0.570893 1 0 1.000000
  0 -32.095154 41.644211 -24.647722 0.006897 0.999572 -0.028423 0.202627 0.565544 1 0 1.000000
  0 -31.904484 41.414196 -31.659796 0.172620 0.984923 -0.011329 0.174582 0.564048 1 0 1.000000
barracuda
  0 -31.904484 41.414196 -31.659796 0.172620 0.984923 -0.011329 0.174582 0.564048 1 0 1.000000
  0 -32.095154 41.644211 -24.647722 0.006897 0.999572 -0.028423 0.202627 0.565544 1 0 1.000000
  0 -30.557499 41.408894 -31.169016 0.194650 0.980872 0.000679 0.176631 0.558684 1 0 1.000000
barracuda
  0 -29.028473 40.356415 -34.329292 0.754708 0.197268 -0.625700 0.163697 0.552842 1 0 1.000000
  0 -31.904484 41.414196 -31.659796 0.172620 0.984923 -0.011329 0.174582 0.564048 1 0 1.000000
  0 -30.557499 41.408894 -31.169016 0.194650 0.980872 0.000679 0.176631 0.558684 1 0 1.000000
barracuda
  0 -29.683605 41.225872 -35.771801 0.754708 0.197268 -0.625700 0.158006 0.555529 1 0 1.000000
  0 -31.904484 41.414196 -31.659796 0.172620 0.984923 -0.011329 0.174582 0.564048 1 0 1.000000
  0 -29.028473 40.356415 -34.329292 0.754708 0.197268 -0.625700 0.163697 0.552842 1 0 1.000000
barracuda
  0 -31.904484 41.414196 31.207043 0.172620 0.984923 0.011328 0.422986 0.564023 1 0 1.000000
  0 -32.728073 41.348198 35.174984 0.085535 0.989100 0.119856 0.438739 0.566782 1 0 1.000000
  0 -29.683605 41.225876 35.319050 -0.132962 0.940763 0.311907 0.438978 0.554683 1 0 1.000000
barracuda
  0 -33.442146 41.649513 24.194969 0.303126 0.952948 -0.002254 0.395394 0.571126 1 0 1.000000
  0 -32.728073 41.348198 35.174984 0.085535 0.989100 0.119856 0.438739 0.566782 1 0 1.000000
  0 -31.904484 41.414196 31.207043 0.172620 0.984923 0.011328 0.422986 0.564023 1 0 1.000000
barracuda
  0 -35.637390 42.496120 17.197865 0.506800 0.856273 0.099751 0.368473 0.580383 1 0 1.000000
  0 -32.728073 41.348198 35.174984 0.085535 0.989100 0.119856 0.438739 0.566782 1 0 1.000000
  0 -33.442146 41.649513 24.194969 0.303126 0.952948 -0.002254 0.395394 0.571126 1 0 1.000000
barracuda
  0 -34.527313 41.862122 15.634405 0.612260 0.787846 0.066608 0.362021 0.575414 1 0 1.000000
  0 -35.637390 42.496120 17.197865 0.506800 0.856273 0.099751 0.368473 0.580383 1 0 1.000000
  0 -33.442146 41.649513 24.194969 0.303126 0.952948 -0.002254 0.395394 0.571126 1 0 1.000000
barracuda
  0 -34.527313 41.862122 15.634405 0.612260 0.787846 0.066608 0.362021 0.575414 1 0 1.000000
  0 -36.129841 43.808159 14.165726 0.738629 0.666936 0.098101 0.356501 0.581832 1 0 1.000000
  0 -35.637390 42.496120 17.197865 0.506800 0.856273 0.099751 0.368473 0.580383 1 0 1.000000
barracuda
  0 -34.902496 42.221901 -0.226376 0.787007 0.616944 0.000000 0.298922 0.574610 1 0 1.000000
  0 -36.129841 43.808159 14.165726 0.738629 0.666936 0.098101 0.356501 0.581832 1 0 1.000000
  0 -34.527313 41.862122 15.634405 0.612260 0.787846 0.066608 0.362021 0.575414 1 0 1.000000
barracuda
  0 -36.601830 44.485794 -0.226374 0.787007 0.616944 0.000000 0.298964 0.583604 1 0 1.000000
  0 -36.129841 43.808159 14.165726 0.738629 0.666936 0.098101 0.356501 0.581832 1 0 1.000000
  0 -34.902496 42.221901 -0.226376 0.787007 0.616944 0.000000 0.298922 0.574610 1 0 1.000000
barracuda
  0 -34.902496 42.221901 -0.226376 0.787007 0.616944 0.000000 0.298922 0.574610 1 0 1.000000
  0 -36.129841 43.808163 -14.618478 0.738629 0.666935 -0.098102 0.241550 0.581835 1 0 1.000000
  0 -36.601830 44.485794 -0.226374 0.787007 0.616944 0.000000 0.298964 0.583604 1 0 1.000000
barracuda
  0 -34.527313 41.862122 -16.087160 0.612260 0.787846 -0.066608 0.235882 0.575324 1 0 1.000000
  0 -36.129841 43.808163 -14.618478 0.738629 0.666935 -0.098102 0.241550 0.581835 1 0 1.000000
  0 -34.902496 42.221901 -0.226376 0.787007 0.616944 0.000000 0.298922 0.574610 1 0 1.000000
barracuda
  0 -34.527313 41.862122 -16.087160 0.612260 0.787846 -0.066608 0.235882 0.575324 1 0 1.000000
  0 -35.637390 42.496117 -17.650620 0.506799 0.856273 -0.099752 0.229604 0.580399 1 0 1.000000
  0 -36.129841 43.808163 -14.618478 0.738629 0.666935 -0.098102 0.241550 0.581835 1 0 1.000000
barracuda
  0 -34.527313 41.862122 -16.087160 0.612260 0.787846 -0.066608 0.235882 0.575324 1 0 1.000000
  0 -33.442146 41.649513 -24.647722 0.303124 0.952948 0.002254 0.202461 0.570893 1 0 1.000000
  0 -35.637390 42.496117 -17.650620 0.506799 0.856273 -0.099752 0.229604 0.580399 1 0 1.000000
barracuda
  0 -35.637390 42.496117 -17.650620 0.506799 0.856273 -0.099752 0.229604 0.580399 1 0 1.000000
  0 -33.442146 41.649513 -24.647722 0.303124 0.952948 0.002254 0.202461 0.570893 1 0 1.000000
  0 -32.728073 41.348198 -35.627735 0.085535 0.989100 -0.119855 0.158128 0.567848 1 0 1.000000
barracuda
  0 -33.442146 41.649513 -24.647722 0.303124 0.952948 0.002254 0.202461 0.570893 1 0 1.000000
  0 -31.904484 41.414196 -31.659796 0.172620 0.984923 -0.011329 0.174582 0.564048 1 0 1.000000
  0 -32.728073 41.348198 -35.627735 0.085535 0.989100 -0.119855 0.158128 0.567848 1 0 1.000000
barracuda
  0 -31.904484 41.414196 -31.659796 0.172620 0.984923 -0.011329 0.174582 0.564048 1 0 1.000000
  0 -29.683605 41.225872 -35.771801 -0.132962 0.940763 -0.311907 0.158006 0.555529 1 0 1.000000
  0 -32.728073 41.348198 -35.627735 0.085535 0.989100 -0.119855 0.158128 0.567848 1 0 1.000000
barracuda
  0 -50.312042 40.683960 35.009811 -0.012667 0.447077 -0.894406 0.440304 0.639330 1 0 1.000000
  0 -64.923218 39.748508 34.797707 -0.020914 0.476929 -0.878693 0.439491 0.697509 1 0 1.000000
  0 -50.437241 41.155609 35.273052 -0.012667 0.447077 -0.894406 0.442214 0.639781 1 0 1.000000
barracuda
  0 -50.437241 41.155609 35.273052 -0.012667 0.447077 -0.894406 0.442214 0.639781 1 0 1.000000
  0 -64.923218 39.748508 34.797707 -0.020914 0.476929 -0.878693 0.439491 0.697509 1 0 1.000000
  0 -65.048424 40.218842 35.063061 -0.020914 0.476929 -0.878693 0.441385 0.697896 1 0 1.000000
barracuda
  0 -64.923218 39.748508 34.797707 -0.020914 0.476929 -0.878693 0.439491 0.697509 1 0 1.000000
  0 -74.465271 38.896679 34.610977 -0.021960 0.436308 -0.899529 0.438679 0.735474 1 0 1.000000
  0 -65.048424 40.218842 35.063061 -0.020914 0.476929 -0.878693 0.441385 0.697896 1 0 1.000000
barracuda
  0 -65.048424 40.218842 35.063061 -0.020914 0.476929 -0.878693 0.441385 0.697896 1 0 1.000000
  0 -74.465271 38.896679 34.610977 -0.021960 0.436308 -0.899529 0.438679 0.735474 1 0 1.000000
  0 -74.590469 39.371056 34.853073 -0.021960 0.436308 -0.899529 0.440596 0.735827 1 0 1.000000
barracuda
  0 -74.465271 38.896679 34.610977 -0.021960 0.436308 -0.899529 0.438679 0.735474 1 0 1.000000
  0 -84.594711 37.729347 34.353065 -0.013534 0.423389 -0.905847 0.437474 0.775824 1 0 1.000000
  0 -74.590469 39.371056 34.853073 -0.021960 0.436308 -0.899529 0.440596 0.735827 1 0 1.000000
barracuda
  0 -74.590469 39.371056 34.853073 -0.021960 0.436308 -0.899529 0.440596 0.735827 1 0 1.000000
  0 -84.594711 37.729347 34.353065 -0.013534 0.423389 -0.905847 0.437474 0.775824 1 0 1.000000
  0 -84.719910 38.212906 34.539505 -0.013534 0.423389 -0.905847 0.439429 0.776166 1 0 1.000000
barracuda
  0 -84.594711 37.729347 34.353065 -0.013534 0.423389 -0.905847 0.437474 0.775824 1 0 1.000000
  0 -93.600464 36.550949 33.783264 0.005420 0.469276 -0.883035 0.435539 0.811762 1 0 1.000000
  0 -84.719910 38.212906 34.539505 -0.013534 0.423389 -0.905847 0.439429 0.776166 1 0 1.000000
barracuda
  0 -84.719910 38.212906 34.539505 -0.013534 0.423389 -0.905847 0.439429 0.776166 1 0 1.000000
  0 -93.600464 36.550949 33.783264 0.005420 0.469276 -0.883035 0.435539 0.811762 1 0 1.000000
  0 -93.725662 37.020763 34.069450 0.005420 0.469276 -0.883035 0.437434 0.812134 1 0 1.000000
barracuda
  0 -93.600464 36.550949 33.783264 0.005420 0.469276 -0.883035 0.435539 0.811762 1 0 1.000000
  0 -103.411774 35.216156 32.826168 0.072875 0.486600 -0.870580 0.432431 0.851282 1 0 1.000000
  0 -93.725662 37.020763 34.069450 0.005420 0.469276 -0.883035 0.437434 0.812134 1 0 1.000000
barracuda
  0 -103.329422 34.735691 32.574593 0.072875 0.486600 -0.870580 0.430516 0.851000 1 0 1.000000
  0 -103.411774 35.216156 32.826168 0.072875 0.486600 -0.870580 0.432431 0.851282 1 0 1.000000
  0 -93.600464 36.550949 33.783264 0.005420 0.469276 -0.883035 0.435539 0.811762 1 0 1.000000
barracuda
  0 -103.329422 34.735691 32.574593 0.072875 0.486600 -0.870580 0.430516 0.851000 1 0 1.000000
  0 -107.849136 33.335163 31.142208 0.128176 0.476364 -0.869855 0.424260 0.869483 1 0 1.000000
  0 -103.411774 35.216156 32.826168 0.072875 0.486600 -0.870580 0.432431 0.851282 1 0 1.000000
barracuda
  0 -103.411774 35.216156 32.826168 0.072875 0.486600 -0.870580 0.432431 0.851282 1 0 1.000000
  0 -107.849136 33.335163 31.142208 0.128176 0.476364 -0.869855 0.424260 0.869483 1 0 1.000000
  0 -108.189987 33.756603 31.322187 0.128176 0.476364 -0.869855 0.425323 0.870997 1 0 1.000000
barracuda
  0 -50.437241 41.155609 35.273052 -0.012667 0.447077 -0.894406 0.442168 0.639762 1 0 1.000000
  0 -32.728073 41.348198 35.174984 -0.006826 0.407748 -0.913069 0.442221 0.569404 1 0 1.000000
  0 -50.312042 40.683960 35.009811 -0.012667 0.447077 -0.894406 0.440304 0.639330 1 0 1.000000
barracuda
  0 -50.312042 40.683960 35.009811 -0.012667 0.447077 -0.894406 0.440304 0.639330 1 0 1.000000
  0 -32.728073 41.348198 35.174984 -0.006826 0.407748 -0.913069 0.442221 0.569404 1 0 1.000000
  0 -32.779869 40.854824 35.006729 -0.006826 0.407748 -0.913069 0.439311 0.569254 1 0 1.000000
barracuda
  0 -23.267374 26.373390 4.653412 0.000014 -0.023472 0.999724 0.910065 0.237924 1 0 1.000000
  0 -23.267370 31.401482 4.771465 0.000014 -0.023472 0.999724 0.926457 0.239429 1 0 1.000000
  0 -24.601469 31.401516 4.771484 0.000014 -0.023472 0.999724 0.926754 0.235793 1 0 1.000000
barracuda
  0 6.667204 11.475464 31.546108 0.046137 0.997141 -0.059847 0.517508 0.972400 1 0 1.000000
  0 -21.598347 12.150085 33.277798 0.011435 0.999296 -0.035726 0.585561 0.976569 1 0 1.000000
  0 15.315895 12.095448 37.617783 0.034490 0.996208 -0.079876 0.496685 0.987018 1 0 1.000000
barracuda
  0 15.315895 12.095448 37.617783 0.034490 0.996208 -0.079876 0.496685 0.987018 1 0 1.000000
  0 18.955456 10.195347 26.187157 0.064711 0.989396 -0.130028 0.487923 0.959498 1 0 1.000000
  0 6.667204 11.475464 31.546108 0.046137 0.997141 -0.059847 0.517508 0.972400 1 0 1.000000
barracuda
  0 19.455528 9.385814 5.903912 0.083785 0.994644 -0.060524 0.486719 0.910663 1 0 1.000000
  0 8.336094 10.620220 10.459354 0.083785 0.994644 -0.060524 0.513490 0.921631 1 0 1.000000
  0 18.955456 10.195347 26.187157 0.064711 0.989396 -0.130028 0.487923 0.959498 1 0 1.000000
barracuda
  0 8.336094 10.620220 10.459354 0.083785 0.994644 -0.060524 0.513490 0.921631 1 0 1.000000
  0 8.336115 11.362961 29.772923 0.083785 0.994644 -0.060524 0.513490 0.968131 1 0 1.000000
  0 18.955456 10.195347 26.187157 0.064711 0.989396 -0.130028 0.487923 0.959498 1 0 1.000000
barracuda
  0 8.336115 11.362961 29.772923 0.083785 0.994644 -0.060524 0.513490 0.968131 1 0 1.000000
  0 6.667204 11.475464 31.546108 0.046137 0.997141 -0.059847 0.517508 0.972400 1 0 1.000000
  0 18.955456 10.195347 26.187157 0.064711 0.989396 -0.130028 0.487923 0.959498 1 0 1.000000
barracuda
  0 -20.031105 10.995227 5.406487 0.025241 0.996446 -0.080361 0.581788 0.909466 1 0 1.000000
  0 -47.951645 12.239254 11.227688 0.019852 0.998726 -0.046382 0.649010 0.923496 1 0 1.000000
  0 -21.597868 11.227044 6.954376 0.025241 0.996446 -0.080361 0.585560 0.913192 1 0 1.000000
barracuda
  0 -47.951645 12.239254 11.227688 0.019852 0.998726 -0.046382 0.649010 0.923496 1 0 1.000000
  0 -23.266857 11.328568 8.523422 0.019852 0.998726 -0.046382 0.589578 0.916970 1 0 1.000000
  0 -21.597868 11.227044 6.954376 0.025241 0.996446 -0.080361 0.585560 0.913192 1 0 1.000000
barracuda
  0 -23.266857 11.328568 8.523422 0.019852 0.998726 -0.046382 0.589578 0.916970 1 0 1.000000
  0 -47.951645 12.239254 11.227688 0.019852 0.998726 -0.046382 0.649010 0.923496 1 0 1.000000
  0 -23.267231 12.126282 31.708729 0.014440 0.999819 -0.012348 0.589579 0.972792 1 0 1.000000
barracuda
  0 -23.267231 12.126282 31.708729 0.014440 0.999819 -0.012348 0.589579 0.972792 1 0 1.000000
  0 -47.951645 12.239254 11.227688 0.019852 0.998726 -0.046382 0.649010 0.923496 1 0 1.000000
  0 -34.864120 12.095459 36.099545 0.007624 0.999687 -0.023819 0.617500 0.983363 1 0 1.000000
barracuda
  0 -21.598347 12.150085 33.277798 0.011435 0.999296 -0.035726 0.585561 0.976569 1 0 1.000000
  0 -23.267231 12.126282 31.708729 0.014440 0.999819 -0.012348 0.589579 0.972792 1 0 1.000000
  0 -34.864120 12.095459 36.099545 0.007624 0.999687 -0.023819 0.617500 0.983363 1 0 1.000000
barracuda
  0 15.315895 12.095448 37.617783 0.034490 0.996208 -0.079876 0.496685 0.987018 1 0 1.000000
  0 -21.598347 12.150085 33.277798 0.011435 0.999296 -0.035726 0.585561 0.976569 1 0 1.000000
  0 -34.864120 12.095459 36.099545 0.007624 0.999687 -0.023819 0.617500 0.983363 1 0 1.000000
barracuda
  0 -34.864120 12.095459 36.099545 0.007624 0.999687 -0.023819 0.617500 0.983363 1 0 1.000000
  0 -34.864120 12.095459 39.133175 0.000000 1.000000 -0.000001 0.617500 0.990667 1 0 1.000000
  0 15.315895 12.095448 37.617783 0.034490 0.996208 -0.079876 0.496685 0.987018 1 0 1.000000
barracuda
  0 28.466633 12.095448 41.049316 0.000000 1.000000 -0.000001 0.465023 0.995280 1 0 1.000000
  0 15.315895 12.095448 37.617783 0.034490 0.996208 -0.079876 0.496685 0.987018 1 0 1.000000
  0 -34.864120 12.095459 39.133175 0.000000 1.000000 -0.000001 0.617500 0.990667 1 0 1.000000
barracuda
  0 28.466633 12.095448 38.015686 -0.012271 0.887431 -0.460778 0.465023 0.987976 1 0 1.000000
  0 15.315895 12.095448 37.617783 0.034490 0.996208 -0.079876 0.496685 0.987018 1 0 1.000000
  0 28.466633 12.095448 41.049316 0.000000 1.000000 -0.000001 0.465023 0.995280 1 0 1.000000
barracuda
  0 -34.864120 12.095459 36.099545 0.007624 0.999687 -0.023819 0.617500 0.983363 1 0 1.000000
  0 -47.951645 12.239254 11.227688 0.019852 0.998726 -0.046382 0.649010 0.923496 1 0 1.000000
  0 -49.057579 12.095470 34.790565 0.014440 0.999819 -0.012348 0.651671 0.980196 1 0 1.000000
barracuda
  0 41.953182 47.231430 37.564209 -0.112610 0.920896 0.373189 0.451861 0.316909 1 0 1.000000
  0 42.133556 47.051746 34.742378 -0.213140 0.976965 -0.010541 0.444156 0.328816 1 0 1.000000
  0 27.137005 43.794025 36.041878 -0.216104 0.976315 -0.010354 0.457884 0.372532 1 0 1.000000
barracuda
  0 42.133556 47.051746 34.742378 -0.213140 0.976965 -0.010541 0.444156 0.328816 1 0 1.000000
  0 27.338455 43.870480 35.442329 -0.207419 0.976713 0.054851 0.455424 0.372374 1 0 1.000000
  0 27.137005 43.794025 36.041878 -0.216104 0.976315 -0.010354 0.457884 0.372532 1 0 1.000000
barracuda
  0 42.895603 45.878403 40.118458 -0.056648 0.869565 0.490559 0.461381 0.313295 1 0 1.000000
  0 41.953182 47.231430 37.564209 -0.112610 0.920896 0.373189 0.451861 0.316909 1 0 1.000000
  0 28.443459 42.625977 40.642330 -0.170280 0.841827 0.512183 0.473797 0.361023 1 0 1.000000
barracuda
  0 28.443459 42.625977 40.642330 -0.170280 0.841827 0.512183 0.473797 0.361023 1 0 1.000000
  0 41.953182 47.231430 37.564209 -0.112610 0.920896 0.373189 0.451861 0.316909 1 0 1.000000
  0 26.331909 43.633827 38.300907 -0.203752 0.943636 0.260838 0.466700 0.371080 1 0 1.000000
barracuda
  0 41.953182 47.231430 37.564209 -0.112610 0.920896 0.373189 0.451861 0.316909 1 0 1.000000
  0 27.137005 43.794025 36.041878 -0.216104 0.976315 -0.010354 0.457884 0.372532 1 0 1.000000
  0 26.331909 43.633827 38.300907 -0.203752 0.943636 0.260838 0.466700 0.371080 1 0 1.000000
barracuda
  0 26.331909 43.658836 36.047832 -0.222012 0.974993 -0.009982 0.458503 0.375018 1 0 1.000000
  0 26.331909 43.633827 38.300907 -0.203752 0.943636 0.260838 0.466700 0.371080 1 0 1.000000
  0 27.137005 43.794025 36.041878 -0.216104 0.976315 -0.010354 0.457884 0.372532 1 0 1.000000
barracuda
  0 27.473743 57.485279 31.029873 0.003778 0.691712 0.722163 0.413424 0.369671 1 0 1.000000
  0 41.953182 47.231430 37.564209 -0.112610 0.920896 0.373189 0.451861 0.316909 1 0 1.000000
  0 33.025311 58.232288 30.496424 0.019830 0.675411 0.737175 0.409578 0.349672 1 0 1.000000
barracuda
  0 33.025311 58.232288 30.496424 0.019830 0.675411 0.737175 0.409578 0.349672 1 0 1.000000
  0 41.953182 47.231430 37.564209 -0.112610 0.920896 0.373189 0.451861 0.316909 1 0 1.000000
  0 50.588634 46.880478 37.236633 0.059013 0.753444 0.654859 0.450927 0.287775 1 0 1.000000
barracuda
  0 42.895603 45.878403 40.118458 -0.056648 0.869565 0.490559 0.461381 0.313295 1 0 1.000000
  0 50.588634 46.880478 37.236633 0.059013 0.753444 0.654859 0.450927 0.287775 1 0 1.000000
  0 41.953182 47.231430 37.564209 -0.112610 0.920896 0.373189 0.451861 0.316909 1 0 1.000000
barracuda
  0 63.712109 44.758450 39.579865 0.057786 0.884998 0.461994 0.460784 0.243474 1 0 1.000000
  0 50.588634 46.880478 37.236633 0.059013 0.753444 0.654859 0.450927 0.287775 1 0 1.000000
  0 42.895603 45.878403 40.118458 -0.056648 0.869565 0.490559 0.461381 0.313295 1 0 1.000000
barracuda
  0 106.586304 40.268280 35.345634 0.432075 0.775733 0.459945 0.463076 0.100027 1 0 1.000000
  0 102.318695 41.229759 37.733036 0.280723 0.858301 0.429551 0.465244 0.116215 1 0 1.000000
  0 106.426682 39.394875 36.542255 0.432075 0.775733 0.459945 0.468524 0.101266 1 0 1.000000
barracuda
  0 102.318695 42.434910 35.274071 0.280723 0.858301 0.429551 0.456640 0.115647 1 0 1.000000
  0 102.318695 41.229759 37.733036 0.280723 0.858301 0.429551 0.465244 0.116215 1 0 1.000000
  0 106.586304 40.268280 35.345634 0.432075 0.775733 0.459945 0.463076 0.100027 1 0 1.000000
barracuda
  0 102.318695 42.434910 35.274071 0.280723 0.858301 0.429551 0.456640 0.115647 1 0 1.000000
  0 86.870804 43.070602 38.601147 0.100418 0.933080 0.345365 0.462325 0.166790 1 0 1.000000
  0 102.318695 41.229759 37.733036 0.280723 0.858301 0.429551 0.465244 0.116215 1 0 1.000000
barracuda
  0 86.870804 44.275742 35.349213 0.100418 0.933080 0.345365 0.450972 0.166149 1 0 1.000000
  0 86.870804 43.070602 38.601147 0.100418 0.933080 0.345365 0.462325 0.166790 1 0 1.000000
  0 102.318695 42.434910 35.274071 0.280723 0.858301 0.429551 0.456640 0.115647 1 0 1.000000
barracuda
  0 86.870804 44.275742 35.349213 0.100418 0.933080 0.345365 0.450972 0.166149 1 0 1.000000
  0 72.331726 44.212952 39.364307 0.088859 0.944935 0.314963 0.461390 0.214696 1 0 1.000000
  0 86.870804 43.070602 38.601147 0.100418 0.933080 0.345365 0.462325 0.166790 1 0 1.000000
barracuda
  0 72.379822 45.418098 35.074276 0.155627 0.960683 0.229930 0.446726 0.213866 1 0 1.000000
  0 72.331726 44.212952 39.364307 0.088859 0.944935 0.314963 0.461390 0.214696 1 0 1.000000
  0 86.870804 44.275742 35.349213 0.100418 0.933080 0.345365 0.450972 0.166149 1 0 1.000000
barracuda
  0 72.379822 45.418098 35.074276 0.155627 0.960683 0.229930 0.446726 0.213866 1 0 1.000000
  0 66.982803 45.893742 36.121620 0.122054 0.910227 0.395715 0.448868 0.232155 1 0 1.000000
  0 72.331726 44.212952 39.364307 0.088859 0.944935 0.314963 0.461390 0.214696 1 0 1.000000
barracuda
  0 72.331726 44.212952 39.364307 0.088859 0.944935 0.314963 0.461390 0.214696 1 0 1.000000
  0 66.982803 45.893742 36.121620 0.122054 0.910227 0.395715 0.448868 0.232155 1 0 1.000000
  0 63.712109 44.758450 39.579865 0.091042 0.915174 0.392641 0.460784 0.243474 1 0 1.000000
barracuda
  0 60.234341 46.488468 36.630219 0.115298 0.811032 0.573528 0.449187 0.255187 1 0 1.000000
  0 63.712109 44.758450 39.579865 0.091042 0.915174 0.392641 0.460784 0.243474 1 0 1.000000
  0 66.982803 45.893742 36.121620 0.122054 0.910227 0.395715 0.448868 0.232155 1 0 1.000000
barracuda
  0 63.712109 44.758450 39.579865 0.091042 0.915174 0.392641 0.460784 0.243474 1 0 1.000000
  0 60.234341 46.488468 36.630219 0.115298 0.811032 0.573528 0.449187 0.255187 1 0 1.000000
  0 50.588634 46.880478 37.236633 0.059013 0.753444 0.654859 0.450927 0.287775 1 0 1.000000
barracuda
  0 38.295353 58.941414 29.531372 0.112124 0.820243 0.560918 0.404898 0.331974 1 0 1.000000
  0 50.588634 46.880478 37.236633 0.059013 0.753444 0.654859 0.450927 0.287775 1 0 1.000000
  0 60.234341 46.488468 36.630219 0.115298 0.811032 0.573528 0.449187 0.255187 1 0 1.000000
barracuda
  0 33.025311 58.232288 30.496424 0.019830 0.675411 0.737175 0.409578 0.349672 1 0 1.000000
  0 50.588634 46.880478 37.236633 0.059013 0.753444 0.654859 0.450927 0.287775 1 0 1.000000
  0 38.295353 58.941414 29.531372 0.112124 0.820243 0.560918 0.404898 0.331974 1 0 1.000000
barracuda
  0 28.045734 59.881191 28.429956 0.011930 0.838844 0.544242 0.401242 0.366818 1 0 1.000000
  0 33.025311 58.232288 30.496424 0.019830 0.675411 0.737175 0.409578 0.349672 1 0 1.000000
  0 38.295353 58.941414 29.531372 0.112124 0.820243 0.560918 0.404898 0.331974 1 0 1.000000
barracuda
  0 28.045734 59.881191 28.429956 0.011930 0.838844 0.544242 0.401242 0.366818 1 0 1.000000
  0 27.473743 57.485279 31.029873 0.003778 0.691712 0.722163 0.413424 0.369671 1 0 1.000000
  0 33.025311 58.232288 30.496424 0.019830 0.675411 0.737175 0.409578 0.349672 1 0 1.000000
barracuda
  0 14.271679 60.400467 27.844393 -0.009518 0.861577 0.507538 0.399251 0.414789 1 0 1.000000
  0 27.473743 57.485279 31.029873 0.003778 0.691712 0.722163 0.413424 0.369671 1 0 1.000000
  0 28.045734 59.881191 28.429956 0.011930 0.838844 0.544242 0.401242 0.366818 1 0 1.000000
barracuda
  0 14.026363 58.437115 30.367718 -0.009387 0.775491 0.631288 0.410443 0.415655 1 0 1.000000
  0 27.473743 57.485279 31.029873 0.003778 0.691712 0.722163 0.413424 0.369671 1 0 1.000000
  0 14.271679 60.400467 27.844393 -0.009518 0.861577 0.507538 0.399251 0.414789 1 0 1.000000
barracuda
  0 14.271679 60.400467 27.844393 -0.009518 0.861577 0.507538 0.399251 0.414789 1 0 1.000000
  0 -2.636660 57.993412 30.114191 -0.048678 0.777576 0.626902 0.409842 0.474311 1 0 1.000000
  0 14.026363 58.437115 30.367718 -0.009387 0.775491 0.631288 0.410443 0.415655 1 0 1.000000
barracuda
  0 -3.077320 59.877365 27.671801 -0.057971 0.869491 0.490534 0.398944 0.475582 1 0 1.000000
  0 -2.636660 57.993412 30.114191 -0.048678 0.777576 0.626902 0.409842 0.474311 1 0 1.000000
  0 14.271679 60.400467 27.844393 -0.009518 0.861577 0.507538 0.399251 0.414789 1 0 1.000000
barracuda
  0 -110.911499 19.432220 6.944233 0.033181 -0.019785 -0.999253 0.973126 0.622664 1 0 1.000000
  0 -110.911499 18.693718 6.958855 0.033181 -0.019785 -0.999253 0.970675 0.623784 1 0 1.000000
  0 -111.656906 19.684898 6.914478 0.033181 -0.019785 -0.999253 0.976600 0.624253 1 0 1.000000
barracuda
  0 -35.617424 40.132534 40.272179 0.949921 -0.312191 0.013685 0.685000 0.993393 1 0 1.000000
  0 -38.284653 31.809341 35.539158 0.990241 -0.139192 0.006952 0.664963 0.982014 1 0 1.000000
  0 -35.617424 39.666767 36.310425 0.949921 -0.312191 0.013685 0.683883 0.983887 1 0 1.000000
barracuda
  0 -38.284653 31.809341 42.203335 0.990241 -0.139192 0.006952 0.664963 0.998059 1 0 1.000000
  0 -38.284653 31.809341 35.539158 0.990241 -0.139192 0.006952 0.664963 0.982014 1 0 1.000000
  0 -35.617424 40.132534 40.272179 0.949921 -0.312191 0.013685 0.685000 0.993393 1 0 1.000000
barracuda
  0 -37.956017 23.213703 42.414776 0.993778 0.111382 0.000000 0.644269 0.998568 1 0 1.000000
  0 -38.284653 31.809341 35.539158 0.990241 -0.139192 0.006952 0.664963 0.982014 1 0 1.000000
  0 -38.284653 31.809341 42.203335 0.990241 -0.139192 0.006952 0.664963 0.998059 1 0 1.000000
barracuda
  0 -37.956017 23.213703 35.193478 0.993778 0.111382 0.000000 0.644269 0.981182 1 0 1.000000
  0 -38.284653 31.809341 35.539158 0.990241 -0.139192 0.006952 0.664963 0.982014 1 0 1.000000
  0 -37.956017 23.213703 42.414776 0.993778 0.111382 0.000000 0.644269 0.998568 1 0 1.000000
barracuda
  0 -36.559322 15.750874 40.921646 0.952449 0.304698 0.000000 0.626301 0.994973 1 0 1.000000
  0 -37.956017 23.213703 35.193478 0.993778 0.111382 0.000000 0.644269 0.981182 1 0 1.000000
  0 -37.956017 23.213703 42.414776 0.993778 0.111382 0.000000 0.644269 0.998568 1 0 1.000000
barracuda
  0 -36.559322 15.750874 35.153610 0.952449 0.304698 0.000000 0.626301 0.982927 1 0 1.000000
  0 -37.956017 23.213703 35.193478 0.993778 0.111382 0.000000 0.644269 0.981182 1 0 1.000000
  0 -36.559322 15.750874 40.921646 0.952449 0.304698 0.000000 0.626301 0.994973 1 0 1.000000
barracuda
  0 -34.864120 12.095459 39.133175 0.907194 0.420712 0.000000 0.617500 0.990667 1 0 1.000000
  0 -36.559322 15.750874 35.153610 0.952449 0.304698 0.000000 0.626301 0.982927 1 0 1.000000
  0 -36.559322 15.750874 40.921646 0.952449 0.304698 0.000000 0.626301 0.994973 1 0 1.000000
barracuda
  0 -34.864120 12.095459 36.099545 0.907194 0.420712 0.000000 0.617500 0.983363 1 0 1.000000
  0 -36.559322 15.750874 35.153610 0.952449 0.304698 0.000000 0.626301 0.982927 1 0 1.000000
  0 -34.864120 12.095459 39.133175 0.907194 0.420712 0.000000 0.617500 0.990667 1 0 1.000000
barracuda
  0 -105.583664 13.991482 7.110188 -0.027088 0.001480 0.999632 0.541016 0.505733 1 0 1.000000
  0 -110.911499 18.693718 6.958855 -0.027088 0.001480 0.999632 0.557458 0.490021 1 0 1.000000
  0 -110.911499 14.305641 6.965351 -0.027088 0.001480 0.999632 0.556097 0.505722 1 0 1.000000
barracuda
  0 42.133556 47.051746 34.742378 -0.127756 0.410958 -0.902658 0.809124 0.177565 1 0 1.000000
  0 59.494831 46.166637 30.228121 -0.066800 0.913276 -0.401827 0.757166 0.174917 1 0 1.000000
  0 47.134106 34.031460 30.937405 -0.477255 0.189241 -0.858146 0.794087 0.138911 1 0 1.000000
barracuda
  0 42.133556 47.051746 34.742378 -0.127756 0.410958 -0.902658 0.809124 0.177565 1 0 1.000000
  0 58.659351 46.485149 32.773300 -0.000273 0.975795 -0.218686 0.760684 0.181741 1 0 1.000000
  0 59.494831 46.166637 30.228121 -0.066800 0.913276 -0.401827 0.757166 0.174917 1 0 1.000000
barracuda
  0 26.331909 43.664932 35.497890 -0.015349 -0.173562 -0.984703 0.855264 0.167568 1 0 1.000000
  0 27.338455 43.870480 35.442329 -0.015349 -0.173562 -0.984703 0.852299 0.168173 1 0 1.000000
  0 28.305168 42.207317 35.317558 -0.106510 0.102968 -0.988966 0.849451 0.163274 1 0 1.000000
barracuda
  0 28.305168 42.207317 35.317558 -0.106510 0.102968 -0.988966 0.849451 0.163274 1 0 1.000000
  0 27.338455 43.870480 35.442329 -0.015349 -0.173562 -0.984703 0.852299 0.168173 1 0 1.000000
  0 42.133556 47.051746 34.742378 -0.127756 0.410958 -0.902658 0.809124 0.177565 1 0 1.000000
barracuda
  0 42.133556 47.051746 34.742378 -0.127756 0.410958 -0.902658 0.809124 0.177565 1 0 1.000000
  0 30.867531 32.832554 34.157799 -0.169477 0.001392 -0.985533 0.841903 0.135659 1 0 1.000000
  0 28.305168 42.207317 35.317558 -0.106510 0.102968 -0.988966 0.849451 0.163274 1 0 1.000000
barracuda
  0 47.134106 34.031460 30.937405 -0.477255 0.189241 -0.858146 0.794087 0.138911 1 0 1.000000
  0 30.867531 32.832554 34.157799 -0.169477 0.001392 -0.985533 0.841903 0.135659 1 0 1.000000
  0 42.133556 47.051746 34.742378 -0.127756 0.410958 -0.902658 0.809124 0.177565 1 0 1.000000
barracuda
  0 47.134106 34.031460 30.937405 -0.477255 0.189241 -0.858146 0.794087 0.138911 1 0 1.000000
  0 43.081089 22.779587 33.572163 -0.838059 0.067173 -0.541429 0.805793 0.106553 1 0 1.000000
  0 30.867531 32.832554 34.157799 -0.169477 0.001392 -0.985533 0.841903 0.135659 1 0 1.000000
barracuda
  0 47.134106 34.031460 30.937405 -0.477255 0.189241 -0.858146 0.794087 0.138911 1 0 1.000000
  0 39.514233 17.837517 29.434170 -0.904876 0.304015 0.297951 0.793135 0.092898 1 0 1.000000
  0 43.081089 22.779587 33.572163 -0.838059 0.067173 -0.541429 0.805793 0.106553 1 0 1.000000
barracuda
  0 39.514233 17.837517 29.434170 -0.904876 0.304015 0.297951 0.793135 0.092898 1 0 1.000000
  0 40.903519 12.095448 38.015686 -0.620810 0.561856 -0.546730 0.812438 0.074091 1 0 1.000000
  0 43.081089 22.779587 33.572163 -0.838059 0.067173 -0.541429 0.805793 0.106553 1 0 1.000000
barracuda
  0 38.944584 10.195709 30.049374 -0.613108 0.788774 0.043974 0.788432 0.072620 1 0 1.000000
  0 40.903519 12.095448 38.015686 -0.620810 0.561856 -0.546730 0.812438 0.074091 1 0 1.000000
  0 39.514233 17.837517 29.434170 -0.904876 0.304015 0.297951 0.793135 0.092898 1 0 1.000000
barracuda
  0 30.867531 32.832554 34.157799 -0.169477 0.001392 -0.985533 0.841903 0.135659 1 0 1.000000
  0 43.081089 22.779587 33.572163 -0.838059 0.067173 -0.541429 0.805793 0.106553 1 0 1.000000
  0 30.644211 22.779587 35.836613 -0.130900 -0.220830 -0.966488 0.842561 0.106045 1 0 1.000000
barracuda
  0 30.644211 22.779587 35.836613 -0.130900 -0.220830 -0.966488 0.842561 0.106045 1 0 1.000000
  0 43.081089 22.779587 33.572163 -0.838059 0.067173 -0.541429 0.805793 0.106553 1 0 1.000000
  0 29.084751 15.128189 37.271420 -0.082248 -0.279700 -0.956558 0.847155 0.083506 1 0 1.000000
barracuda
  0 43.081089 22.779587 33.572163 -0.838059 0.067173 -0.541429 0.805793 0.106553 1 0 1.000000
  0 40.903519 12.095448 38.015686 -0.620810 0.561856 -0.546730 0.812438 0.074091 1 0 1.000000
  0 29.084751 15.128189 37.271420 -0.082248 -0.279700 -0.956558 0.847155 0.083506 1 0 1.000000
barracuda
  0 28.466633 12.095448 38.015686 -0.012271 0.887431 -0.460778 0.848976 0.074573 1 0 1.000000
  0 29.084751 15.128189 37.271420 -0.082248 -0.279700 -0.956558 0.847155 0.083506 1 0 1.000000
  0 40.903519 12.095448 38.015686 -0.620810 0.561856 -0.546730 0.812438 0.074091 1 0 1.000000
barracuda
  0 38.944584 10.195709 30.049374 -0.613108 0.788774 0.043974 0.818110 0.051106 1 0 1.000000
  0 28.466633 12.095448 38.015686 -0.012271 0.887431 -0.460778 0.848976 0.074573 1 0 1.000000
  0 40.903519 12.095448 38.015686 -0.620810 0.561856 -0.546730 0.812438 0.074091 1 0 1.000000
barracuda
  0 24.497108 10.195709 30.049374 0.022659 0.976242 -0.215496 0.860669 0.051106 1 0 1.000000
  0 28.466633 12.095448 38.015686 -0.012271 0.887431 -0.460778 0.848976 0.074573 1 0 1.000000
  0 38.944584 10.195709 30.049374 -0.613108 0.788774 0.043974 0.818110 0.051106 1 0 1.000000
barracuda
  0 28.466633 12.095448 38.015686 -0.012271 0.887431 -0.460778 0.848976 0.074573 1 0 1.000000
  0 24.497108 10.195709 30.049374 0.022659 0.976242 -0.215496 0.860669 0.051106 1 0 1.000000
  0 15.315895 12.095448 37.617783 0.034490 0.996208 -0.079876 0.887715 0.073400 1 0 1.000000
barracuda
  0 15.315895 12.095448 37.617783 0.034490 0.996208 -0.079876 0.887715 0.073400 1 0 1.000000
  0 24.497108 10.195709 30.049374 0.022659 0.976242 -0.215496 0.860669 0.051106 1 0 1.000000
  0 21.487930 10.195709 28.989674 0.045300 0.978982 -0.198853 0.869533 0.047984 1 0 1.000000
barracuda
  0 18.955456 10.195347 26.187157 0.064711 0.989396 -0.130028 0.876993 0.039729 1 0 1.000000
  0 15.315895 12.095448 37.617783 0.034490 0.996208 -0.079876 0.887715 0.073400 1 0 1.000000
  0 21.487930 10.195709 28.989674 0.045300 0.978982 -0.198853 0.869533 0.047984 1 0 1.000000
barracuda
  0 -21.597868 11.227044 6.954376 0.043682 0.989397 -0.138508 0.585560 0.913192 1 0 1.000000
  0 6.667130 10.585434 8.686157 0.043682 0.989397 -0.138508 0.517508 0.917362 1 0 1.000000
  0 -20.031105 10.995227 5.406487 0.043682 0.989397 -0.138508 0.581788 0.909466 1 0 1.000000
barracuda
  0 -20.031105 10.995227 5.406487 0.043682 0.989397 -0.138508 0.581788 0.909466 1 0 1.000000
  0 6.667130 10.585434 8.686157 0.043682 0.989397 -0.138508 0.517508 0.917362 1 0 1.000000
  0 -10.715618 10.806315 5.406487 0.043682 0.989397 -0.138508 0.559359 0.909466 1 0 1.000000
barracuda
  0 6.667130 10.585434 8.686157 0.043682 0.989397 -0.138508 0.517508 0.917362 1 0 1.000000
  0 19.455528 9.385814 5.903912 0.043682 0.989397 -0.138508 0.486719 0.910663 1 0 1.000000
  0 -10.715618 10.806315 5.406487 0.043682 0.989397 -0.138508 0.559359 0.909466 1 0 1.000000
barracuda
  0 8.336094 10.620220 10.459354 0.043682 0.989397 -0.138508 0.513490 0.921631 1 0 1.000000
  0 19.455528 9.385814 5.903912 0.043682 0.989397 -0.138508 0.486719 0.910663 1 0 1.000000
  0 6.667130 10.585434 8.686157 0.043682 0.989397 -0.138508 0.517508 0.917362 1 0 1.000000
barracuda
  0 66.406204 46.859425 31.850248 -0.119007 -0.612719 -0.781289 2.651977 0.925342 1 0 1.000000
  0 58.659351 46.485149 32.773300 -0.119007 -0.612719 -0.781289 2.651807 0.926023 1 0 1.000000
  0 44.462914 58.034554 25.571049 -0.112811 -0.710491 -0.694605 2.652576 0.927446 1 0 1.000000
barracuda
  0 58.659351 46.485149 32.773300 -0.119007 -0.612719 -0.781289 2.651807 0.926023 1 0 1.000000
  0 42.133556 47.051746 34.742378 -0.119007 -0.612719 -0.781289 2.651588 0.927547 1 0 1.000000
  0 44.462914 58.034554 25.571049 -0.112811 -0.710491 -0.694605 2.652576 0.927446 1 0 1.000000
barracuda
  0 42.133556 47.051746 34.742378 -0.119007 -0.612719 -0.781289 2.651588 0.927547 1 0 1.000000
  0 27.513634 57.495018 29.268555 -0.088367 -0.852589 -0.515057 2.652218 0.928924 1 0 1.000000
  0 44.462914 58.034554 25.571049 -0.112811 -0.710491 -0.694605 2.652576 0.927446 1 0 1.000000
barracuda
  0 45.507027 58.034550 26.869520 0.661936 0.608257 -0.438023 0.398821 0.306244 1 0 1.000000
  0 66.406204 46.859425 31.850248 0.264593 0.884184 -0.384979 0.433487 0.233114 1 0 1.000000
  0 44.462914 58.034554 25.571049 0.661936 0.608257 -0.438023 0.393466 0.308085 1 0 1.000000
barracuda
  0 67.450333 46.859432 33.148727 0.264593 0.884184 -0.384979 0.438854 0.230270 1 0 1.000000
  0 66.406204 46.859425 31.850248 0.264593 0.884184 -0.384979 0.433487 0.233114 1 0 1.000000
  0 45.507027 58.034550 26.869520 0.661936 0.608257 -0.438023 0.398821 0.306244 1 0 1.000000
barracuda
  0 67.450333 46.859432 33.148727 0.264593 0.884184 -0.384979 0.438854 0.230270 1 0 1.000000
  0 67.778244 46.084618 30.985586 -0.313472 0.920767 -0.232214 0.430561 0.228691 1 0 1.000000
  0 66.406204 46.859425 31.850248 0.264593 0.884184 -0.384979 0.433487 0.233114 1 0 1.000000
barracuda
  0 69.018784 46.884689 31.964750 -0.313472 0.920767 -0.232214 0.434965 0.224329 1 0 1.000000
  0 67.778244 46.084618 30.985586 -0.313472 0.920767 -0.232214 0.430561 0.228691 1 0 1.000000
  0 67.450333 46.859432 33.148727 0.264593 0.884184 -0.384979 0.438854 0.230270 1 0 1.000000
barracuda
  0 69.018784 46.884689 -32.417511 -0.313472 0.920767 0.232214 0.168728 0.222264 1 0 1.000000
  0 67.450333 46.859428 -33.601471 0.264593 0.884184 0.384979 0.164017 0.228261 1 0 1.000000
  0 67.778244 46.084618 -31.438345 -0.313472 0.920767 0.232214 0.172557 0.227009 1 0 1.000000
barracuda
  0 67.778244 46.084618 -31.438345 -0.313472 0.920767 0.232214 0.172557 0.227009 1 0 1.000000
  0 67.450333 46.859428 -33.601471 0.264593 0.884184 0.384979 0.164017 0.228261 1 0 1.000000
  0 66.406204 46.859428 -32.303001 0.264593 0.884184 0.384979 0.169125 0.231001 1 0 1.000000
barracuda
  0 67.450333 46.859428 -33.601471 0.264593 0.884184 0.384979 0.164017 0.228261 1 0 1.000000
  0 45.507027 58.034554 -27.322271 0.661935 0.608258 0.438023 0.203332 0.305106 1 0 1.000000
  0 66.406204 46.859428 -32.303001 0.264593 0.884184 0.384979 0.169125 0.231001 1 0 1.000000
barracuda
  0 66.406204 46.859428 -32.303001 0.264593 0.884184 0.384979 0.169125 0.231001 1 0 1.000000
  0 45.507027 58.034554 -27.322271 0.661935 0.608258 0.438023 0.203332 0.305106 1 0 1.000000
  0 44.462914 58.034554 -26.023796 0.661935 0.608258 0.438023 0.208731 0.307025 1 0 1.000000
barracuda
  0 45.507027 58.034554 -27.322271 0.661935 0.608258 0.438023 0.203332 0.305106 1 0 1.000000
  0 44.037418 58.957191 -26.149452 0.943019 -0.198037 0.267388 0.208983 0.310475 1 0 1.000000
  0 44.462914 58.034554 -26.023796 0.661935 0.608258 0.438023 0.208731 0.307025 1 0 1.000000
barracuda
  0 44.462914 58.034554 -26.023796 0.661935 0.608258 0.438023 0.208731 0.307025 1 0 1.000000
  0 44.037418 58.957191 -26.149452 0.943019 -0.198037 0.267388 0.208983 0.310475 1 0 1.000000
  0 43.925117 58.722633 -25.199215 0.943019 -0.198037 0.267388 0.211963 0.308615 1 0 1.000000
barracuda
  0 45.311298 59.656906 -17.284794 0.674807 -0.737297 -0.032069 0.240711 0.305497 1 0 1.000000
  0 43.925117 58.722633 -25.199215 0.943019 -0.198037 0.267388 0.211963 0.308615 1 0 1.000000
  0 44.037418 58.957191 -26.149452 0.943019 -0.198037 0.267388 0.208983 0.310475 1 0 1.000000
barracuda
  0 44.988533 59.440475 -17.195007 0.619583 -0.784611 -0.022407 0.240685 0.304082 1 0 1.000000
  0 43.925117 58.722633 -25.199215 0.943019 -0.198037 0.267388 0.211963 0.308615 1 0 1.000000
  0 45.311298 59.656906 -17.284794 0.674807 -0.737297 -0.032069 0.240711 0.305497 1 0 1.000000
barracuda
  0 45.311298 59.656906 -17.284794 0.674807 -0.737297 -0.032069 0.240711 0.305497 1 0 1.000000
  0 45.210560 59.523087 -12.621737 0.671923 -0.739942 -0.031714 0.257019 0.302853 1 0 1.000000
  0 44.988533 59.440475 -17.195007 0.619583 -0.784611 -0.022407 0.240685 0.304082 1 0 1.000000
barracuda
  0 46.377964 59.956863 -0.226374 0.775035 -0.631918 0.000000 0.301108 0.301605 1 0 1.000000
  0 45.210560 59.523087 -12.621737 0.671923 -0.739942 -0.031714 0.257019 0.302853 1 0 1.000000
  0 45.311298 59.656906 -17.284794 0.674807 -0.737297 -0.032069 0.240711 0.305497 1 0 1.000000
barracuda
  0 46.322033 59.523087 -0.226377 0.775035 -0.631918 0.000000 0.301114 0.300066 1 0 1.000000
  0 45.210560 59.523087 -12.621737 0.671923 -0.739942 -0.031714 0.257019 0.302853 1 0 1.000000
  0 46.377964 59.956863 -0.226374 0.775035 -0.631918 0.000000 0.301108 0.301605 1 0 1.000000
barracuda
  0 46.322033 59.523087 -0.226377 0.775035 -0.631918 0.000000 0.301114 0.300066 1 0 1.000000
  0 46.377964 59.956863 -0.226374 0.775035 -0.631918 0.000000 0.301108 0.301605 1 0 1.000000
  0 45.210560 59.523083 12.168980 0.671933 -0.739933 0.031714 0.345239 0.303273 1 0 1.000000
barracuda
  0 45.210560 59.523083 12.168980 0.671933 -0.739933 0.031714 0.345239 0.303273 1 0 1.000000
  0 46.377964 59.956863 -0.226374 0.775035 -0.631918 0.000000 0.301108 0.301605 1 0 1.000000
  0 45.311298 59.656906 16.832043 0.674816 -0.737289 0.032070 0.361541 0.306075 1 0 1.000000
barracuda
  0 45.311298 59.656906 16.832043 0.674816 -0.737289 0.032070 0.361541 0.306075 1 0 1.000000
  0 44.988533 59.440475 16.742260 0.619589 -0.784606 0.022408 0.361584 0.304662 1 0 1.000000
  0 45.210560 59.523083 12.168980 0.671933 -0.739933 0.031714 0.345239 0.303273 1 0 1.000000
barracuda
  0 45.311298 59.656906 16.832043 0.674816 -0.737289 0.032070 0.361541 0.306075 1 0 1.000000
  0 43.925117 58.722633 24.746464 0.943020 -0.198034 -0.267385 0.390211 0.309569 1 0 1.000000
  0 44.988533 59.440475 16.742260 0.619589 -0.784606 0.022408 0.361584 0.304662 1 0 1.000000
barracuda
  0 44.037418 58.957195 25.696697 0.943020 -0.198034 -0.267385 0.393159 0.311466 1 0 1.000000
  0 43.925117 58.722633 24.746464 0.943020 -0.198034 -0.267385 0.390211 0.309569 1 0 1.000000
  0 45.311298 59.656906 16.832043 0.674816 -0.737289 0.032070 0.361541 0.306075 1 0 1.000000
barracuda
  0 44.037418 58.957195 25.696697 0.943020 -0.198034 -0.267385 0.393159 0.311466 1 0 1.000000
  0 44.462914 58.034554 25.571049 0.661936 0.608257 -0.438023 0.393466 0.308085 1 0 1.000000
  0 43.925117 58.722633 24.746464 0.943020 -0.198034 -0.267385 0.390211 0.309569 1 0 1.000000
barracuda
  0 45.507027 58.034550 26.869520 0.661936 0.608257 -0.438023 0.398821 0.306244 1 0 1.000000
  0 44.462914 58.034554 25.571049 0.661936 0.608257 -0.438023 0.393466 0.308085 1 0 1.000000
  0 44.037418 58.957195 25.696697 0.943020 -0.198034 -0.267385 0.393159 0.311466 1 0 1.000000
barracuda
  0 21.533108 58.090214 29.418980 0.026716 -0.380636 -0.924339 0.528582 0.710726 1 0 1.000000
  0 22.539658 58.295757 29.363438 0.026716 -0.380636 -0.924339 0.533308 0.709870 1 0 1.000000
  0 26.331909 43.664932 35.497890 -0.015349 -0.173562 -0.984703 0.529074 0.719462 1 0 1.000000
barracuda
  0 26.331909 43.664932 35.497890 -0.015349 -0.173562 -0.984703 0.529074 0.719462 1 0 1.000000
  0 22.539658 58.295757 29.363438 0.026716 -0.380636 -0.924339 0.533308 0.709870 1 0 1.000000
  0 27.338455 43.870480 35.442329 -0.015349 -0.173562 -0.984703 0.533808 0.718735 1 0 1.000000
barracuda
  0 26.331909 43.658836 36.047832 -0.948422 -0.316990 -0.003515 0.527764 0.719921 1 0 1.000000
  0 21.533108 58.084114 29.968943 -0.948422 -0.316990 -0.003515 0.527264 0.711056 1 0 1.000000
  0 26.331909 43.664932 35.497890 -0.948422 -0.316990 -0.003515 0.532939 0.719175 1 0 1.000000
barracuda
  0 26.331909 43.664932 35.497890 -0.948422 -0.316990 -0.003515 0.532939 0.719175 1 0 1.000000
  0 21.533108 58.084114 29.968943 -0.948422 -0.316990 -0.003515 0.527264 0.711056 1 0 1.000000
  0 21.533108 58.090214 29.418980 -0.948422 -0.316990 -0.003515 0.532432 0.710181 1 0 1.000000
barracuda
  0 27.137005 43.794025 36.041878 -0.055607 0.371968 0.926578 0.531438 0.719336 1 0 1.000000
  0 22.338207 58.219303 29.962986 -0.055607 0.371968 0.926578 0.530939 0.710470 1 0 1.000000
  0 26.331909 43.658836 36.047832 -0.055607 0.371968 0.926578 0.527764 0.719921 1 0 1.000000
barracuda
  0 26.331909 43.658836 36.047832 -0.055607 0.371968 0.926578 0.527764 0.719921 1 0 1.000000
  0 22.338207 58.219303 29.962986 -0.055607 0.371968 0.926578 0.530939 0.710470 1 0 1.000000
  0 21.533108 58.084114 29.968943 -0.055607 0.371968 0.926578 0.527264 0.711056 1 0 1.000000
barracuda
  0 22.539658 58.295757 29.363438 0.841817 0.421911 0.336654 0.533308 0.709870 1 0 1.000000
  0 22.338207 58.219303 29.962986 0.841817 0.421911 0.336654 0.530939 0.710470 1 0 1.000000
  0 27.338455 43.870480 35.442329 0.841817 0.421911 0.336654 0.533808 0.718735 1 0 1.000000
barracuda
  0 27.338455 43.870480 35.442329 0.841817 0.421911 0.336654 0.533808 0.718735 1 0 1.000000
  0 22.338207 58.219303 29.962986 0.841817 0.421911 0.336654 0.530939 0.710470 1 0 1.000000
  0 27.137005 43.794025 36.041878 0.841817 0.421911 0.336654 0.531438 0.719336 1 0 1.000000
barracuda
  0 22.539658 58.295757 29.363438 -0.183443 0.982280 0.038388 2.650902 0.936601 1 0 1.000000
  0 21.533108 58.090214 29.418980 -0.183443 0.982280 0.038388 2.650907 0.936692 1 0 1.000000
  0 22.338207 58.219303 29.962986 -0.183443 0.982280 0.038388 2.650956 0.936620 1 0 1.000000
barracuda
  0 22.338207 58.219303 29.962986 -0.183443 0.982280 0.038388 2.650956 0.936620 1 0 1.000000
  0 21.533108 58.090214 29.418980 -0.183443 0.982280 0.038388 2.650907 0.936692 1 0 1.000000
  0 21.533108 58.084114 29.968943 -0.183443 0.982280 0.038388 2.650957 0.936692 1 0 1.000000
barracuda
  0 -26.574158 33.046673 8.968395 0.235191 -0.971681 -0.022836 0.886407 0.938370 1 0 1.000000
  0 -25.452444 32.554108 30.216330 0.235191 -0.971681 -0.022836 0.956515 0.940101 1 0 1.000000
  0 -39.138397 29.716152 10.019279 0.235191 -0.971681 -0.022836 0.887151 0.896957 1 0 1.000000
barracuda
  0 -39.138397 29.716152 10.019279 0.235191 -0.971681 -0.022836 0.887151 0.896957 1 0 1.000000
  0 -25.452444 32.554108 30.216330 0.235191 -0.971681 -0.022836 0.956515 0.940101 1 0 1.000000
  0 -34.003799 30.662971 33.876545 0.235191 -0.971681 -0.022836 0.966450 0.908745 1 0 1.000000
barracuda
  0 -57.605209 33.967712 32.477688 -0.201097 -0.979086 0.030823 0.956872 0.831667 1 0 1.000000
  0 -54.028385 34.402702 10.824108 -0.201097 -0.979086 0.030823 0.886640 0.847972 1 0 1.000000
  0 -38.284653 31.809341 35.539158 -0.201097 -0.979086 0.030823 0.970995 0.894359 1 0 1.000000
barracuda
  0 -54.028385 34.402702 10.824108 -0.201097 -0.979086 0.030823 0.886640 0.847972 1 0 1.000000
  0 -34.003799 30.662971 33.876545 -0.201097 -0.979086 0.030823 0.966450 0.908745 1 0 1.000000
  0 -38.284653 31.809341 35.539158 -0.201097 -0.979086 0.030823 0.970995 0.894359 1 0 1.000000
barracuda
  0 -39.138397 29.716152 10.019279 -0.201097 -0.979086 0.030823 0.887151 0.896957 1 0 1.000000
  0 -34.003799 30.662971 33.876545 -0.201097 -0.979086 0.030823 0.966450 0.908745 1 0 1.000000
  0 -54.028385 34.402702 10.824108 -0.201097 -0.979086 0.030823 0.886640 0.847972 1 0 1.000000
barracuda
  0 -10.991970 56.176029 30.642979 0.530509 -0.847548 -0.014902 2.652110 0.932414 1 0 1.000000
  0 -10.991970 56.176033 29.470314 0.530509 -0.847548 -0.014902 2.652217 0.932418 1 0 1.000000
  0 -8.201188 57.382671 30.114193 0.255830 -0.966722 0.000000 2.652157 0.932158 1 0 1.000000
barracuda
  0 -8.201188 57.382671 30.114193 0.255830 -0.966722 0.000000 2.652157 0.932158 1 0 1.000000
  0 -10.991970 56.176033 29.470314 0.530509 -0.847548 -0.014902 2.652217 0.932418 1 0 1.000000
  0 -8.201188 57.382668 28.941528 0.255830 -0.966722 0.000000 2.652264 0.932162 1 0 1.000000
barracuda
  0 -8.201188 57.382671 30.114193 0.255830 -0.966722 0.000000 2.652157 0.932158 1 0 1.000000
  0 -8.201188 57.382668 28.941528 0.255830 -0.966722 0.000000 2.652264 0.932162 1 0 1.000000
  0 -2.636660 57.993412 30.114191 0.067918 -0.997691 0.000000 2.652158 0.931643 1 0 1.000000
barracuda
  0 -2.636660 57.993412 30.114191 0.067918 -0.997691 0.000000 2.652158 0.931643 1 0 1.000000
  0 -8.201188 57.382668 28.941528 0.255830 -0.966722 0.000000 2.652264 0.932162 1 0 1.000000
  0 -2.636660 57.993412 28.941515 0.067918 -0.997691 0.000000 2.652265 0.931652 1 0 1.000000
barracuda
  0 -2.636660 57.993412 28.941515 0.067918 -0.997691 0.000000 2.652265 0.931652 1 0 1.000000
  0 14.026363 58.437111 29.195045 -0.021729 -0.999762 -0.002133 2.652262 0.930129 1 0 1.000000
  0 -2.636660 57.993412 30.114191 0.067918 -0.997691 0.000000 2.652158 0.931643 1 0 1.000000
barracuda
  0 -2.636660 57.993412 30.114191 0.067918 -0.997691 0.000000 2.652158 0.931643 1 0 1.000000
  0 14.026363 58.437111 29.195045 -0.021729 -0.999762 -0.002133 2.652262 0.930129 1 0 1.000000
  0 14.026363 58.437115 30.367718 -0.021729 -0.999762 -0.002133 2.652166 0.930117 1 0 1.000000
barracuda
  0 14.026363 58.437111 29.195045 -0.021729 -0.999762 -0.002133 2.652262 0.930129 1 0 1.000000
  0 27.513634 57.495018 29.268555 -0.337775 -0.941226 -0.001012 2.652218 0.928924 1 0 1.000000
  0 14.026363 58.437115 30.367718 -0.021729 -0.999762 -0.002133 2.652166 0.930117 1 0 1.000000
barracuda
  0 14.026363 58.437115 30.367718 -0.021729 -0.999762 -0.002133 2.652166 0.930117 1 0 1.000000
  0 27.513634 57.495018 29.268555 -0.337775 -0.941226 -0.001012 2.652218 0.928924 1 0 1.000000
  0 27.473743 57.485279 31.029873 -0.337775 -0.941226 -0.001012 2.652032 0.928896 1 0 1.000000
barracuda
  0 27.513634 57.495018 29.268555 -0.337775 -0.941226 -0.001012 2.652218 0.928924 1 0 1.000000
  0 42.133556 47.051746 34.742378 -0.580235 -0.814446 0.002313 2.651588 0.927547 1 0 1.000000
  0 27.473743 57.485279 31.029873 -0.337775 -0.941226 -0.001012 2.652032 0.928896 1 0 1.000000
barracuda
  0 27.473743 57.485279 31.029873 -0.337775 -0.941226 -0.001012 2.652032 0.928896 1 0 1.000000
  0 42.133556 47.051746 34.742378 -0.580235 -0.814446 0.002313 2.651588 0.927547 1 0 1.000000
  0 41.953182 47.231430 37.564209 -0.580235 -0.814446 0.002313 2.651356 0.927628 1 0 1.000000
barracuda
  0 -49.057579 12.095470 34.790565 0.941719 0.318929 0.107003 0.651671 0.980196 1 0 1.000000
  0 -47.951645 12.239254 11.227688 0.941719 0.318929 0.107003 0.649010 0.923496 1 0 1.000000
  0 -52.148590 19.482288 33.515297 0.941719 0.318929 0.107003 0.669268 0.976172 1 0 1.000000
barracuda
  0 -47.951645 12.239254 11.227688 0.941719 0.318929 0.107003 0.649010 0.923496 1 0 1.000000
  0 -54.028385 34.402702 10.824108 0.941719 0.318929 0.107003 0.702246 0.919714 1 0 1.000000
  0 -52.148590 19.482288 33.515297 0.941719 0.318929 0.107003 0.669268 0.976172 1 0 1.000000
barracuda
  0 -54.028385 34.402702 10.824108 0.941719 0.318929 0.107003 0.702246 0.919714 1 0 1.000000
  0 -57.605209 33.967712 32.477688 0.941719 0.318929 0.107003 0.703962 0.971830 1 0 1.000000
  0 -52.148590 19.482288 33.515297 0.941719 0.318929 0.107003 0.669268 0.976172 1 0 1.000000
barracuda
  0 -57.605209 33.967712 32.477688 0.139785 0.005354 -0.990167 0.540836 0.461908 1 0 1.000000
  0 -38.284653 31.809341 35.539158 0.139785 0.005354 -0.990167 0.533085 0.392517 1 0 1.000000
  0 -52.148590 19.482288 33.515297 0.109477 -0.044578 -0.992989 0.488812 0.442311 1 0 1.000000
barracuda
  0 -52.148590 19.482288 33.515297 0.109477 -0.044578 -0.992989 0.488812 0.442311 1 0 1.000000
  0 -38.284653 31.809341 35.539158 0.139785 0.005354 -0.990167 0.533085 0.392517 1 0 1.000000
  0 -37.956017 23.213703 35.193478 0.125232 0.015686 -0.992003 0.502213 0.391337 1 0 1.000000
barracuda
  0 -36.559322 15.750874 35.153610 0.094111 -0.069605 -0.993125 0.475410 0.386321 1 0 1.000000
  0 -52.148590 19.482288 33.515297 0.109477 -0.044578 -0.992989 0.488812 0.442311 1 0 1.000000
  0 -37.956017 23.213703 35.193478 0.125232 0.015686 -0.992003 0.502213 0.391337 1 0 1.000000
barracuda
  0 -36.559322 15.750874 35.153610 0.094111 -0.069605 -0.993125 0.475410 0.386321 1 0 1.000000
  0 -49.057579 12.095470 34.790565 0.076697 -0.164568 -0.983379 0.462281 0.431209 1 0 1.000000
  0 -52.148590 19.482288 33.515297 0.109477 -0.044578 -0.992989 0.488812 0.442311 1 0 1.000000
barracuda
  0 -34.864120 12.095459 36.099545 0.076697 -0.164568 -0.983379 0.462281 0.380232 1 0 1.000000
  0 -49.057579 12.095470 34.790565 0.076697 -0.164568 -0.983379 0.462281 0.431209 1 0 1.000000
  0 -36.559322 15.750874 35.153610 0.094111 -0.069605 -0.993125 0.475410 0.386321 1 0 1.000000
barracuda
  0 -84.843689 42.186684 -11.921658 -0.149699 -0.927371 0.342890 0.455310 0.900668 1 0 1.000000
  0 -65.608551 39.569496 -11.594087 -0.149699 -0.927371 0.342890 0.495033 0.899992 1 0 1.000000
  0 -84.620239 42.710815 -0.226374 -0.167154 -0.985931 0.000000 0.455771 0.876516 1 0 1.000000
barracuda
  0 -84.620239 42.710815 -0.226374 -0.167154 -0.985931 0.000000 0.455771 0.876516 1 0 1.000000
  0 -65.608551 39.569496 -11.594087 -0.149699 -0.927371 0.342890 0.495033 0.899992 1 0 1.000000
  0 -63.834023 38.540436 -0.226374 -0.167154 -0.985931 0.000000 0.498697 0.876516 1 0 1.000000
barracuda
  0 -63.834023 38.540436 -0.226374 -0.167154 -0.985931 0.000000 0.498697 0.876516 1 0 1.000000
  0 -65.608551 39.569496 11.141335 -0.149699 -0.927371 -0.342890 0.495033 0.853040 1 0 1.000000
  0 -84.620239 42.710815 -0.226374 -0.167154 -0.985931 0.000000 0.455771 0.876516 1 0 1.000000
barracuda
  0 -84.620239 42.710815 -0.226374 -0.167154 -0.985931 0.000000 0.455771 0.876516 1 0 1.000000
  0 -65.608551 39.569496 11.141335 -0.149699 -0.927371 -0.342890 0.495033 0.853040 1 0 1.000000
  0 -84.843689 42.186684 11.468901 -0.149699 -0.927371 -0.342890 0.455310 0.852364 1 0 1.000000
barracuda
  0 -25.096886 42.685162 11.408920 0.994745 -0.098923 -0.026377 0.894468 0.969695 1 0 1.000000
  0 -24.953634 41.690926 24.194967 0.994745 -0.098923 -0.026377 0.936473 0.967826 1 0 1.000000
  0 -26.574158 33.046673 8.968395 0.994745 -0.098923 -0.026377 0.886407 0.938370 1 0 1.000000
barracuda
  0 -26.574158 33.046673 8.968395 0.994745 -0.098923 -0.026377 0.886407 0.938370 1 0 1.000000
  0 -24.953634 41.690926 24.194967 0.994745 -0.098923 -0.026377 0.936473 0.967826 1 0 1.000000
  0 -25.422447 40.825439 29.268484 0.951457 -0.017325 0.307294 0.953222 0.966371 1 0 1.000000
barracuda
  0 -25.452444 32.554108 30.216330 0.951457 -0.017325 0.307294 0.956515 0.940101 1 0 1.000000
  0 -26.574158 33.046673 8.968395 0.994745 -0.098923 -0.026377 0.886407 0.938370 1 0 1.000000
  0 -25.422447 40.825439 29.268484 0.951457 -0.017325 0.307294 0.953222 0.966371 1 0 1.000000
barracuda
  0 -25.452444 32.554108 30.216330 0.951457 -0.017325 0.307294 0.956515 0.940101 1 0 1.000000
  0 -25.422447 40.825439 29.268484 0.951457 -0.017325 0.307294 0.953222 0.966371 1 0 1.000000
  0 -26.593121 37.576099 31.164179 0.794119 0.066350 0.604130 0.959086 0.961998 1 0 1.000000
barracuda
  0 102.458664 42.539490 33.120453 0.288627 0.955353 0.063201 0.449191 0.113381 1 0 1.000000
  0 102.318695 42.434910 35.274071 0.288627 0.955353 0.063201 0.456640 0.115647 1 0 1.000000
  0 106.586304 40.268280 35.345634 0.450534 0.889811 0.072491 0.463076 0.100027 1 0 1.000000
barracuda
  0 86.936142 44.389725 32.867363 0.098645 0.993552 0.055892 0.442874 0.165079 1 0 1.000000
  0 102.318695 42.434910 35.274071 0.288627 0.955353 0.063201 0.456640 0.115647 1 0 1.000000
  0 102.458664 42.539490 33.120453 0.288627 0.955353 0.063201 0.449191 0.113381 1 0 1.000000
barracuda
  0 86.870804 44.275742 35.349213 0.098645 0.993552 0.055892 0.450972 0.166149 1 0 1.000000
  0 102.318695 42.434910 35.274071 0.288627 0.955353 0.063201 0.456640 0.115647 1 0 1.000000
  0 86.936142 44.389725 32.867363 0.098645 0.993552 0.055892 0.442874 0.165079 1 0 1.000000
barracuda
  0 -35.617424 39.666767 36.310425 0.296017 -0.752664 0.588107 0.989885 0.970944 1 0 1.000000
  0 -29.028473 40.356415 33.876549 0.754709 0.197268 0.625700 0.967434 0.974745 1 0 1.000000
  0 -29.683605 41.225876 35.319050 0.754709 0.197268 0.625700 0.971477 0.977851 1 0 1.000000
barracuda
  0 106.426682 39.394875 36.542255 0.542026 0.323473 0.775611 0.468524 0.101266 1 0 1.000000
  0 106.871140 31.868717 39.525234 0.542026 0.323473 0.775611 0.495895 0.099285 1 0 1.000000
  0 108.462006 31.578045 37.887817 0.710954 0.295004 0.638371 0.494507 0.091624 1 0 1.000000
barracuda
  0 106.871140 31.868717 39.525234 0.542026 0.323473 0.775611 0.495895 0.099285 1 0 1.000000
  0 106.426682 39.394875 36.542255 0.542026 0.323473 0.775611 0.468524 0.101266 1 0 1.000000
  0 102.380173 32.127563 40.938110 0.219480 0.334077 0.916636 0.496387 0.114856 1 0 1.000000
barracuda
  0 102.380173 32.127563 40.938110 0.219480 0.334077 0.916636 0.496387 0.114856 1 0 1.000000
  0 106.426682 39.394875 36.542255 0.542026 0.323473 0.775611 0.468524 0.101266 1 0 1.000000
  0 102.318695 41.229759 37.733036 0.219480 0.334077 0.916636 0.465244 0.116215 1 0 1.000000
barracuda
  0 102.380173 32.127563 40.938110 0.219480 0.334077 0.916636 0.496387 0.114856 1 0 1.000000
  0 102.318695 41.229759 37.733036 0.219480 0.334077 0.916636 0.465244 0.116215 1 0 1.000000
  0 86.495377 32.812038 42.126259 0.078532 0.320447 0.944005 0.497796 0.166598 1 0 1.000000
barracuda
  0 86.495377 32.812038 42.126259 0.078532 0.320447 0.944005 0.497796 0.166598 1 0 1.000000
  0 102.318695 41.229759 37.733036 0.219480 0.334077 0.916636 0.465244 0.116215 1 0 1.000000
  0 86.870804 43.070602 38.601147 0.078532 0.320447 0.944005 0.462325 0.166790 1 0 1.000000
barracuda
  0 86.870804 43.070602 38.601147 0.078532 0.320447 0.944005 0.462325 0.166790 1 0 1.000000
  0 72.331726 44.212952 39.364307 0.050875 0.311035 0.949036 0.461390 0.214696 1 0 1.000000
  0 86.495377 32.812038 42.126259 0.078532 0.320447 0.944005 0.497796 0.166598 1 0 1.000000
barracuda
  0 86.495377 32.812038 42.126259 0.078532 0.320447 0.944005 0.497796 0.166598 1 0 1.000000
  0 72.331726 44.212952 39.364307 0.050875 0.311035 0.949036 0.461390 0.214696 1 0 1.000000
  0 70.588043 33.293167 43.042767 0.050875 0.311035 0.949036 0.499687 0.218803 1 0 1.000000
barracuda
  0 72.331726 44.212952 39.364307 0.050875 0.311035 0.949036 0.461390 0.214696 1 0 1.000000
  0 63.712109 44.758450 39.579865 0.026928 0.288699 0.957041 0.460784 0.243474 1 0 1.000000
  0 70.588043 33.293167 43.042767 0.050875 0.311035 0.949036 0.499687 0.218803 1 0 1.000000
barracuda
  0 70.588043 33.293167 43.042767 0.050875 0.311035 0.949036 0.499687 0.218803 1 0 1.000000
  0 63.712109 44.758450 39.579865 0.026928 0.288699 0.957041 0.460784 0.243474 1 0 1.000000
  0 62.092922 33.475670 43.180923 0.026928 0.288699 0.957041 0.500691 0.247027 1 0 1.000000
barracuda
  0 63.712109 44.758450 39.579865 0.026928 0.288699 0.957041 0.460784 0.243474 1 0 1.000000
  0 49.921726 33.255440 43.113880 0.001314 0.242893 0.970052 0.503550 0.287796 1 0 1.000000
  0 62.092922 33.475670 43.180923 0.026928 0.288699 0.957041 0.500691 0.247027 1 0 1.000000
barracuda
  0 42.895603 45.878403 40.118458 0.001314 0.242893 0.970052 0.461381 0.313295 1 0 1.000000
  0 49.921726 33.255440 43.113880 0.001314 0.242893 0.970052 0.503550 0.287796 1 0 1.000000
  0 63.712109 44.758450 39.579865 0.026928 0.288699 0.957041 0.460784 0.243474 1 0 1.000000
barracuda
  0 49.921726 33.255440 43.113880 0.001314 0.242893 0.970052 0.503550 0.287796 1 0 1.000000
  0 42.895603 45.878403 40.118458 0.001314 0.242893 0.970052 0.461381 0.313295 1 0 1.000000
  0 30.902153 32.654831 42.804478 -0.018506 0.215117 0.976413 0.507655 0.351668 1 0 1.000000
barracuda
  0 30.902153 32.654831 42.804478 -0.018506 0.215117 0.976413 0.507655 0.351668 1 0 1.000000
  0 42.895603 45.878403 40.118458 0.001314 0.242893 0.970052 0.461381 0.313295 1 0 1.000000
  0 28.443459 42.625977 40.642330 -0.018506 0.215117 0.976413 0.473797 0.361023 1 0 1.000000
barracuda
  0 -87.709412 23.860806 -41.710827 -0.538980 0.098304 -0.836563 0.048448 0.772335 1 0 1.000000
  0 -88.356506 24.596462 -41.146332 -0.275614 -0.053393 -0.959784 0.050902 0.775197 1 0 1.000000
  0 -84.927750 26.340115 -42.272072 -0.286921 0.251572 -0.924331 0.056773 0.762945 1 0 1.000000
barracuda
  0 -87.709412 23.860806 -41.710827 -0.538980 0.098304 -0.836563 0.048448 0.772335 1 0 1.000000
  0 -89.883957 19.823551 -39.773376 -0.389526 -0.248163 -0.886952 0.034594 0.781275 1 0 1.000000
  0 -88.356506 24.596462 -41.146332 -0.275614 -0.053393 -0.959784 0.050902 0.775197 1 0 1.000000
barracuda
  0 -88.356506 24.596462 -41.146332 -0.275614 -0.053393 -0.959784 0.050902 0.775197 1 0 1.000000
  0 -89.883957 19.823551 -39.773376 -0.389526 -0.248163 -0.886952 0.034594 0.781275 1 0 1.000000
  0 -100.066086 23.343971 -39.982861 -0.173451 -0.175137 -0.969145 0.048229 0.814187 1 0 1.000000
barracuda
  0 -100.066086 23.343971 -39.982861 -0.173451 -0.175137 -0.969145 0.048229 0.814187 1 0 1.000000
  0 -89.883957 19.823551 -39.773376 -0.389526 -0.248163 -0.886952 0.034594 0.781275 1 0 1.000000
  0 -98.418488 18.288670 -38.892605 -0.133109 -0.377264 -0.916490 0.031023 0.809979 1 0 1.000000
barracuda
  0 -98.418488 18.288670 -38.892605 -0.133109 -0.377264 -0.916490 0.031023 0.809979 1 0 1.000000
  0 -102.027939 18.012299 -37.842411 -0.335892 -0.621810 -0.707481 0.029838 0.822434 1 0 1.000000
  0 -100.066086 23.343971 -39.982861 -0.173451 -0.175137 -0.969145 0.048229 0.814187 1 0 1.000000
barracuda
  0 -89.221191 13.574314 -37.388733 -0.292557 -0.535495 -0.792247 0.012073 0.781073 1 0 1.000000
  0 -102.027939 18.012299 -37.842411 -0.335892 -0.621810 -0.707481 0.029838 0.822434 1 0 1.000000
  0 -98.418488 18.288670 -38.892605 -0.133109 -0.377264 -0.916490 0.031023 0.809979 1 0 1.000000
barracuda
  0 -98.418488 18.288670 -38.892605 -0.133109 -0.377264 -0.916490 0.031023 0.809979 1 0 1.000000
  0 -89.883957 19.823551 -39.773376 -0.389526 -0.248163 -0.886952 0.034594 0.781275 1 0 1.000000
  0 -89.221191 13.574314 -37.388733 -0.292557 -0.535495 -0.792247 0.012073 0.781073 1 0 1.000000
barracuda
  0 -89.883957 19.823551 -39.773376 -0.389526 -0.248163 -0.886952 0.034594 0.781275 1 0 1.000000
  0 -89.160721 19.627831 -40.436928 -0.686158 -0.162453 -0.709082 0.034362 0.777954 1 0 1.000000
  0 -89.221191 13.574314 -37.388733 -0.292557 -0.535495 -0.792247 0.012073 0.781073 1 0 1.000000
barracuda
  0 -89.160721 19.627831 -40.436928 -0.686158 -0.162453 -0.709082 0.034362 0.777954 1 0 1.000000
  0 -89.883957 19.823551 -39.773376 -0.389526 -0.248163 -0.886952 0.034594 0.781275 1 0 1.000000
  0 -87.709412 23.860806 -41.710827 -0.538980 0.098304 -0.836563 0.048448 0.772335 1 0 1.000000
barracuda
  0 -100.066086 23.343971 -39.982861 -0.173451 -0.175137 -0.969145 0.048229 0.814187 1 0 1.000000
  0 -102.027939 18.012299 -37.842411 -0.335892 -0.621810 -0.707481 0.029838 0.822434 1 0 1.000000
  0 -104.439484 23.144291 -38.759178 -0.345645 -0.217649 -0.912775 0.047968 0.829184 1 0 1.000000
barracuda
  0 -102.027939 18.012299 -37.842411 -0.335892 -0.621810 -0.707481 0.029838 0.822434 1 0 1.000000
  0 -103.586716 18.199524 -36.984276 -0.411127 -0.620707 -0.667606 0.030085 0.828515 1 0 1.000000
  0 -104.439484 23.144291 -38.759178 -0.345645 -0.217649 -0.912775 0.047968 0.829184 1 0 1.000000
barracuda
  0 -104.439484 23.144291 -38.759178 -0.345645 -0.217649 -0.912775 0.047968 0.829184 1 0 1.000000
  0 -103.586716 18.199524 -36.984276 -0.411127 -0.620707 -0.667606 0.030085 0.828515 1 0 1.000000
  0 -105.920013 23.364222 -38.182552 -0.429163 -0.251943 -0.867377 0.048837 0.834556 1 0 1.000000
barracuda
  0 -105.920013 23.364222 -38.182552 -0.429163 -0.251943 -0.867377 0.048837 0.834556 1 0 1.000000
  0 -107.819824 23.701225 -37.115532 -0.414705 -0.130120 -0.900604 0.049803 0.841976 1 0 1.000000
  0 -108.566376 27.632727 -37.574757 -0.414705 -0.130120 -0.900604 0.064090 0.842894 1 0 1.000000
barracuda
  0 -104.439484 23.144291 -38.759178 -0.345645 -0.217649 -0.912775 0.047968 0.829184 1 0 1.000000
  0 -105.920013 23.364222 -38.182552 -0.429163 -0.251943 -0.867377 0.048837 0.834556 1 0 1.000000
  0 -108.566376 27.632727 -37.574757 -0.414705 -0.130120 -0.900604 0.064090 0.842894 1 0 1.000000
barracuda
  0 -105.863251 28.422190 -38.786800 -0.342347 -0.105088 -0.933678 0.065802 0.832730 1 0 1.000000
  0 -104.439484 23.144291 -38.759178 -0.345645 -0.217649 -0.912775 0.047968 0.829184 1 0 1.000000
  0 -108.566376 27.632727 -37.574757 -0.414705 -0.130120 -0.900604 0.064090 0.842894 1 0 1.000000
barracuda
  0 -101.215637 29.684641 -40.197891 -0.188925 -0.085429 -0.978268 0.068793 0.816860 1 0 1.000000
  0 -104.439484 23.144291 -38.759178 -0.345645 -0.217649 -0.912775 0.047968 0.829184 1 0 1.000000
  0 -105.863251 28.422190 -38.786800 -0.342347 -0.105088 -0.933678 0.065802 0.832730 1 0 1.000000
barracuda
  0 -100.066086 23.343971 -39.982861 -0.173451 -0.175137 -0.969145 0.048229 0.814187 1 0 1.000000
  0 -104.439484 23.144291 -38.759178 -0.345645 -0.217649 -0.912775 0.047968 0.829184 1 0 1.000000
  0 -101.215637 29.684641 -40.197891 -0.188925 -0.085429 -0.978268 0.068793 0.816860 1 0 1.000000
barracuda
  0 -92.691025 30.494322 -41.452168 -0.083050 -0.078788 -0.993426 0.070736 0.789093 1 0 1.000000
  0 -100.066086 23.343971 -39.982861 -0.173451 -0.175137 -0.969145 0.048229 0.814187 1 0 1.000000
  0 -101.215637 29.684641 -40.197891 -0.188925 -0.085429 -0.978268 0.068793 0.816860 1 0 1.000000
barracuda
  0 -88.356506 24.596462 -41.146332 -0.275614 -0.053393 -0.959784 0.050902 0.775197 1 0 1.000000
  0 -100.066086 23.343971 -39.982861 -0.173451 -0.175137 -0.969145 0.048229 0.814187 1 0 1.000000
  0 -92.691025 30.494322 -41.452168 -0.083050 -0.078788 -0.993426 0.070736 0.789093 1 0 1.000000
barracuda
  0 -85.915222 27.575968 -41.702419 -0.181717 0.090708 -0.979158 0.061092 0.766662 1 0 1.000000
  0 -88.356506 24.596462 -41.146332 -0.275614 -0.053393 -0.959784 0.050902 0.775197 1 0 1.000000
  0 -92.691025 30.494322 -41.452168 -0.083050 -0.078788 -0.993426 0.070736 0.789093 1 0 1.000000
barracuda
  0 -84.927750 26.340115 -42.272072 -0.286921 0.251572 -0.924331 0.056773 0.762945 1 0 1.000000
  0 -88.356506 24.596462 -41.146332 -0.275614 -0.053393 -0.959784 0.050902 0.775197 1 0 1.000000
  0 -85.915222 27.575968 -41.702419 -0.181717 0.090708 -0.979158 0.061092 0.766662 1 0 1.000000
barracuda
  0 -85.915222 27.575968 -41.702419 -0.181717 0.090708 -0.979158 0.061092 0.766662 1 0 1.000000
  0 -80.665741 29.401449 -42.070255 -0.084134 0.180254 -0.980015 0.067791 0.748821 1 0 1.000000
  0 -84.927750 26.340115 -42.272072 -0.286921 0.251572 -0.924331 0.056773 0.762945 1 0 1.000000
barracuda
  0 -84.927750 26.340115 -42.272072 -0.286921 0.251572 -0.924331 0.056773 0.762945 1 0 1.000000
  0 -80.665741 29.401449 -42.070255 -0.084134 0.180254 -0.980015 0.067791 0.748821 1 0 1.000000
  0 -79.787704 28.033308 -42.709476 -0.120810 0.350505 -0.928736 0.062839 0.745479 1 0 1.000000
barracuda
  0 -80.665741 29.401449 -42.070255 -0.084134 0.180254 -0.980015 0.067791 0.748821 1 0 1.000000
  0 -72.327332 30.075644 -42.361240 -0.030733 0.230398 -0.972611 0.071343 0.720348 1 0 1.000000
  0 -79.787704 28.033308 -42.709476 -0.120810 0.350505 -0.928736 0.062839 0.745479 1 0 1.000000
barracuda
  0 -79.787704 28.033308 -42.709476 -0.120810 0.350505 -0.928736 0.062839 0.745479 1 0 1.000000
  0 -72.327332 30.075644 -42.361240 -0.030733 0.230398 -0.972611 0.071343 0.720348 1 0 1.000000
  0 -71.631775 28.504454 -43.086914 -0.031377 0.396334 -0.917570 0.065537 0.717585 1 0 1.000000
barracuda
  0 -72.327332 30.075644 -42.361240 -0.030733 0.230398 -0.972611 0.071343 0.720348 1 0 1.000000
  0 -62.964687 29.542181 -42.617493 0.042102 0.220003 -0.974590 0.071246 0.687778 1 0 1.000000
  0 -71.631775 28.504454 -43.086914 -0.031377 0.396334 -0.917570 0.065537 0.717585 1 0 1.000000
barracuda
  0 -72.327332 30.075644 -42.361240 -0.030733 0.230398 -0.972611 0.071343 0.720348 1 0 1.000000
  0 -64.033936 31.475698 -42.446095 -0.013974 0.042867 -0.998983 0.077767 0.691932 1 0 1.000000
  0 -62.964687 29.542181 -42.617493 0.042102 0.220003 -0.974590 0.071246 0.687778 1 0 1.000000
barracuda
  0 -64.033936 31.475698 -42.446095 -0.013974 0.042867 -0.998983 0.077767 0.691932 1 0 1.000000
  0 -57.007751 26.913067 -42.528252 0.155102 0.124508 -0.980021 0.063464 0.666330 1 0 1.000000
  0 -62.964687 29.542181 -42.617493 0.042102 0.220003 -0.974590 0.071246 0.687778 1 0 1.000000
barracuda
  0 -50.783096 31.715948 -42.656086 0.004724 -0.032547 -0.999459 0.081890 0.645753 1 0 1.000000
  0 -57.007751 26.913067 -42.528252 0.155102 0.124508 -0.980021 0.063464 0.666330 1 0 1.000000
  0 -64.033936 31.475698 -42.446095 -0.013974 0.042867 -0.998983 0.077767 0.691932 1 0 1.000000
barracuda
  0 -53.907841 23.106373 -42.038044 0.176283 -0.019541 -0.984145 0.050787 0.654419 1 0 1.000000
  0 -57.007751 26.913067 -42.528252 0.155102 0.124508 -0.980021 0.063464 0.666330 1 0 1.000000
  0 -50.783096 31.715948 -42.656086 0.004724 -0.032547 -0.999459 0.081890 0.645753 1 0 1.000000
barracuda
  0 -73.905106 31.258348 -42.236107 -0.029151 0.057486 -0.997921 0.075144 0.725994 1 0 1.000000
  0 -64.033936 31.475698 -42.446095 -0.013974 0.042867 -0.998983 0.077767 0.691932 1 0 1.000000
  0 -72.327332 30.075644 -42.361240 -0.030733 0.230398 -0.972611 0.071343 0.720348 1 0 1.000000
barracuda
  0 -80.665741 29.401449 -42.070255 -0.084134 0.180254 -0.980015 0.067791 0.748821 1 0 1.000000
  0 -73.905106 31.258348 -42.236107 -0.029151 0.057486 -0.997921 0.075144 0.725994 1 0 1.000000
  0 -72.327332 30.075644 -42.361240 -0.030733 0.230398 -0.972611 0.071343 0.720348 1 0 1.000000
barracuda
  0 -83.761780 30.927935 -41.922531 -0.044761 0.004393 -0.998988 0.072591 0.759561 1 0 1.000000
  0 -73.905106 31.258348 -42.236107 -0.029151 0.057486 -0.997921 0.075144 0.725994 1 0 1.000000
  0 -80.665741 29.401449 -42.070255 -0.084134 0.180254 -0.980015 0.067791 0.748821 1 0 1.000000
barracuda
  0 -80.665741 29.401449 -42.070255 -0.084134 0.180254 -0.980015 0.067791 0.748821 1 0 1.000000
  0 -85.915222 27.575968 -41.702419 -0.181717 0.090708 -0.979158 0.061092 0.766662 1 0 1.000000
  0 -83.761780 30.927935 -41.922531 -0.044761 0.004393 -0.998988 0.072591 0.759561 1 0 1.000000
barracuda
  0 -83.761780 30.927935 -41.922531 -0.044761 0.004393 -0.998988 0.072591 0.759561 1 0 1.000000
  0 -85.915222 27.575968 -41.702419 -0.181717 0.090708 -0.979158 0.061092 0.766662 1 0 1.000000
  0 -92.691025 30.494322 -41.452168 -0.083050 -0.078788 -0.993426 0.070736 0.789093 1 0 1.000000
barracuda
  0 -71.631775 28.504454 -43.086914 -0.031377 0.396334 -0.917570 0.065537 0.717585 1 0 1.000000
  0 -62.964687 29.542181 -42.617493 0.042102 0.220003 -0.974590 0.071246 0.687778 1 0 1.000000
  0 -62.583553 27.864677 -43.309822 0.096917 0.390082 -0.915665 0.064999 0.686181 1 0 1.000000
barracuda
  0 -62.964687 29.542181 -42.617493 0.042102 0.220003 -0.974590 0.071246 0.687778 1 0 1.000000
  0 -57.007751 26.913067 -42.528252 0.155102 0.124508 -0.980021 0.063464 0.666330 1 0 1.000000
  0 -62.583553 27.864677 -43.309822 0.096917 0.390082 -0.915665 0.064999 0.686181 1 0 1.000000
barracuda
  0 -62.583553 27.864677 -43.309822 0.096917 0.390082 -0.915665 0.064999 0.686181 1 0 1.000000
  0 -57.007751 26.913067 -42.528252 0.155102 0.124508 -0.980021 0.063464 0.666330 1 0 1.000000
  0 -57.785252 25.899651 -43.035763 0.282458 0.283849 -0.916323 0.059507 0.669072 1 0 1.000000
barracuda
  0 -57.007751 26.913067 -42.528252 0.155102 0.124508 -0.980021 0.063464 0.666330 1 0 1.000000
  0 -53.907841 23.106373 -42.038044 0.176283 -0.019541 -0.984145 0.050787 0.654419 1 0 1.000000
  0 -57.785252 25.899651 -43.035763 0.282458 0.283849 -0.916323 0.059507 0.669072 1 0 1.000000
barracuda
  0 -57.785252 25.899651 -43.035763 0.282458 0.283849 -0.916323 0.059507 0.669072 1 0 1.000000
  0 -53.907841 23.106373 -42.038044 0.176283 -0.019541 -0.984145 0.050787 0.654419 1 0 1.000000
  0 -54.478275 22.146873 -42.481411 0.444112 0.115174 -0.888538 0.047163 0.656537 1 0 1.000000
barracuda
  0 103.967102 43.429600 -0.226376 0.118294 0.992979 0.000000 0.302667 0.085867 1 0 1.000000
  0 87.286407 45.000870 19.132500 0.113063 0.992738 0.041093 0.379574 0.152135 1 0 1.000000
  0 103.314774 43.116455 20.795303 0.116411 0.992546 0.036076 0.386200 0.088461 1 0 1.000000
barracuda
  0 87.734726 45.424141 -0.226374 0.121091 0.992641 0.000000 0.302667 0.150354 1 0 1.000000
  0 87.286407 45.000870 19.132500 0.113063 0.992738 0.041093 0.379574 0.152135 1 0 1.000000
  0 103.967102 43.429600 -0.226376 0.118294 0.992979 0.000000 0.302667 0.085867 1 0 1.000000
barracuda
  0 103.967102 43.429600 -0.226376 0.118294 0.992979 0.000000 0.302667 0.085867 1 0 1.000000
  0 87.286407 45.000870 -19.585251 0.113063 0.992738 -0.041093 0.225760 0.152135 1 0 1.000000
  0 87.734726 45.424141 -0.226374 0.121091 0.992641 0.000000 0.302667 0.150354 1 0 1.000000
barracuda
  0 103.314774 43.116455 -21.248056 0.116411 0.992546 -0.036076 0.219134 0.088461 1 0 1.000000
  0 87.286407 45.000870 -19.585251 0.113063 0.992738 -0.041093 0.225760 0.152135 1 0 1.000000
  0 103.967102 43.429600 -0.226376 0.118294 0.992979 0.000000 0.302667 0.085867 1 0 1.000000
barracuda
  0 86.946167 44.407227 -32.938988 0.105048 0.992921 -0.055435 0.172709 0.153532 1 0 1.000000
  0 103.314774 43.116455 -21.248056 0.116411 0.992546 -0.036076 0.219134 0.088461 1 0 1.000000
  0 102.217575 42.582909 -33.141052 0.114529 0.992119 -0.050816 0.171944 0.092708 1 0 1.000000
barracuda
  0 87.286407 45.000870 -19.585251 0.113063 0.992738 -0.041093 0.225760 0.152135 1 0 1.000000
  0 103.314774 43.116455 -21.248056 0.116411 0.992546 -0.036076 0.219134 0.088461 1 0 1.000000
  0 86.946167 44.407227 -32.938988 0.105048 0.992921 -0.055435 0.172709 0.153532 1 0 1.000000
barracuda
  0 86.946167 44.407227 -32.938988 0.105048 0.992921 -0.055435 0.172709 0.153532 1 0 1.000000
  0 73.015625 45.604507 -32.305824 0.095554 0.993611 -0.060049 0.175288 0.208860 1 0 1.000000
  0 87.286407 45.000870 -19.585251 0.113063 0.992738 -0.041093 0.225760 0.152135 1 0 1.000000
barracuda
  0 87.286407 45.000870 -19.585251 0.113063 0.992738 -0.041093 0.225760 0.152135 1 0 1.000000
  0 73.015625 45.604507 -32.305824 0.095554 0.993611 -0.060049 0.175288 0.208860 1 0 1.000000
  0 74.607758 46.475658 -18.346825 0.109711 0.992893 -0.046108 0.230646 0.202508 1 0 1.000000
barracuda
  0 87.286407 45.000870 -19.585251 0.113063 0.992738 -0.041093 0.225760 0.152135 1 0 1.000000
  0 74.607758 46.475658 -18.346825 0.109711 0.992893 -0.046108 0.230646 0.202508 1 0 1.000000
  0 87.734726 45.424141 -0.226374 0.121091 0.992641 0.000000 0.302667 0.150354 1 0 1.000000
barracuda
  0 87.734726 45.424141 -0.226374 0.121091 0.992641 0.000000 0.302667 0.150354 1 0 1.000000
  0 74.607758 46.475658 -18.346825 0.109711 0.992893 -0.046108 0.230646 0.202508 1 0 1.000000
  0 75.526489 47.096638 -0.226376 0.123889 0.992296 0.000000 0.302667 0.198855 1 0 1.000000
barracuda
  0 75.526489 47.096638 -0.226376 0.123889 0.992296 0.000000 0.302667 0.198855 1 0 1.000000
  0 74.607758 46.475655 17.894073 0.109711 0.992893 0.046108 0.374688 0.202508 1 0 1.000000
  0 87.734726 45.424141 -0.226374 0.121091 0.992641 0.000000 0.302667 0.150354 1 0 1.000000
barracuda
  0 87.734726 45.424141 -0.226374 0.121091 0.992641 0.000000 0.302667 0.150354 1 0 1.000000
  0 74.607758 46.475655 17.894073 0.109711 0.992893 0.046108 0.374688 0.202508 1 0 1.000000
  0 87.286407 45.000870 19.132500 0.113063 0.992738 0.041093 0.379574 0.152135 1 0 1.000000
barracuda
  0 73.015625 45.604504 31.853067 0.095554 0.993611 0.060048 0.430044 0.208858 1 0 1.000000
  0 87.286407 45.000870 19.132500 0.113063 0.992738 0.041093 0.379574 0.152135 1 0 1.000000
  0 74.607758 46.475655 17.894073 0.109711 0.992893 0.046108 0.374688 0.202508 1 0 1.000000
barracuda
  0 86.946167 44.407230 32.486244 0.105047 0.992921 0.055435 0.432625 0.153533 1 0 1.000000
  0 87.286407 45.000870 19.132500 0.113063 0.992738 0.041093 0.379574 0.152135 1 0 1.000000
  0 73.015625 45.604504 31.853067 0.095554 0.993611 0.060048 0.430044 0.208858 1 0 1.000000
barracuda
  0 87.286407 45.000870 19.132500 0.113063 0.992738 0.041093 0.379574 0.152135 1 0 1.000000
  0 86.946167 44.407230 32.486244 0.105047 0.992921 0.055435 0.432625 0.153533 1 0 1.000000
  0 103.314774 43.116455 20.795303 0.116411 0.992546 0.036076 0.386200 0.088461 1 0 1.000000
barracuda
  0 103.314774 43.116455 20.795303 0.116411 0.992546 0.036076 0.386200 0.088461 1 0 1.000000
  0 86.946167 44.407230 32.486244 0.105047 0.992921 0.055435 0.432625 0.153533 1 0 1.000000
  0 102.217575 42.582912 32.688301 0.114529 0.992119 0.050816 0.433391 0.092708 1 0 1.000000
barracuda
  0 -108.856812 22.167896 34.809109 -0.728563 0.669235 -0.146012 0.960586 0.778003 1 0 1.000000
  0 -108.156281 23.456268 37.347958 -0.728563 0.669235 -0.146012 0.962913 0.794234 1 0 1.000000
  0 -107.819824 23.497669 35.858883 -0.728563 0.669235 -0.146012 0.965333 0.786468 1 0 1.000000
barracuda
  0 -107.819824 23.497669 35.858883 -0.728563 0.669235 -0.146012 0.965333 0.786468 1 0 1.000000
  0 -108.156281 23.456268 37.347958 -0.728563 0.669235 -0.146012 0.962913 0.794234 1 0 1.000000
  0 -107.819824 23.701229 36.662785 -0.728563 0.669235 -0.146012 0.964821 0.790895 1 0 1.000000
barracuda
  0 -112.085403 31.234526 -0.226376 -0.975864 -0.098871 0.194714 0.300398 0.909926 1 0 1.000000
  0 -110.294907 22.489685 -0.226376 -0.975864 -0.098871 0.194714 0.300398 0.944573 1 0 1.000000
  0 -105.825027 31.234528 26.616150 -0.993948 -0.049736 0.097950 0.407519 0.909927 1 0 1.000000
barracuda
  0 -105.825027 31.234528 26.616150 -0.993948 -0.049736 0.097950 0.407519 0.909927 1 0 1.000000
  0 -110.294907 22.489685 -0.226376 -0.975864 -0.098871 0.194714 0.300398 0.944573 1 0 1.000000
  0 -105.825027 22.489685 26.708935 -0.993948 -0.049736 0.097950 0.407648 0.944668 1 0 1.000000
barracuda
  0 -105.825027 31.234528 26.616150 -0.993948 -0.049736 0.097950 0.407519 0.909927 1 0 1.000000
  0 -105.825027 22.489685 26.708935 -0.993948 -0.049736 0.097950 0.407648 0.944668 1 0 1.000000
  0 -105.825027 30.852283 34.568424 -1.000000 0.000000 0.000001 0.438772 0.911717 1 0 1.000000
barracuda
  0 -105.825027 30.852283 34.568424 -1.000000 0.000000 0.000001 0.438772 0.911717 1 0 1.000000
  0 -105.825027 22.489685 26.708935 -0.993948 -0.049736 0.097950 0.407648 0.944668 1 0 1.000000
  0 -105.825012 27.526642 36.397179 -1.000000 0.000000 0.000001 0.445741 0.924403 1 0 1.000000
barracuda
  0 -105.825027 22.489685 26.708935 -0.993948 -0.049736 0.097950 0.407648 0.944668 1 0 1.000000
  0 -105.825027 22.489689 34.816982 -1.000000 0.000000 0.000001 0.439802 0.944458 1 0 1.000000
  0 -105.825012 27.526642 36.397179 -1.000000 0.000000 0.000001 0.445741 0.924403 1 0 1.000000
barracuda
  0 -105.825027 23.733055 35.927151 -1.000000 0.000000 0.000001 0.443841 0.939918 1 0 1.000000
  0 -105.825012 27.526642 36.397179 -1.000000 0.000000 0.000001 0.445741 0.924403 1 0 1.000000
  0 -105.825027 22.489689 34.816982 -1.000000 0.000000 0.000001 0.439802 0.944458 1 0 1.000000
barracuda
  0 41.763741 8.693432 -22.431324 0.101596 -0.519775 -0.848241 0.900839 0.127947 1 0 1.000000
  0 43.020603 18.800766 -25.893467 0.055909 -0.285204 -0.956835 0.926418 0.123367 1 0 1.000000
  0 82.081360 13.367569 -17.885773 0.101596 -0.519775 -0.848241 0.899729 0.029299 1 0 1.000000
barracuda
  0 82.081360 13.367569 -17.885773 0.101596 -0.519775 -0.848241 0.899729 0.029299 1 0 1.000000
  0 43.020603 18.800766 -25.893467 0.055909 -0.285204 -0.956835 0.926418 0.123367 1 0 1.000000
  0 80.153503 20.963642 -25.352087 0.055909 -0.285204 -0.956835 0.925533 0.033513 1 0 1.000000
barracuda
  0 43.020603 18.800766 -25.893467 0.055909 -0.285204 -0.956835 0.926418 0.123367 1 0 1.000000
  0 44.997730 23.743584 -25.893467 0.006371 -0.030982 -0.999499 0.938005 0.117791 1 0 1.000000
  0 80.153503 20.963642 -25.352087 0.055909 -0.285204 -0.956835 0.925533 0.033513 1 0 1.000000
barracuda
  0 80.153503 20.963642 -25.352087 0.055909 -0.285204 -0.956835 0.925533 0.033513 1 0 1.000000
  0 44.997730 23.743584 -25.893467 0.006371 -0.030982 -0.999499 0.938005 0.117791 1 0 1.000000
  0 77.672318 25.925999 -25.893467 0.006371 -0.030982 -0.999499 0.937964 0.038688 1 0 1.000000
barracuda
  0 77.672318 25.925999 -25.893467 0.006371 -0.030982 -0.999499 0.937964 0.038688 1 0 1.000000
  0 44.997730 23.743584 -25.893467 0.006371 -0.030982 -0.999499 0.938005 0.117791 1 0 1.000000
  0 73.859772 28.588730 -25.893467 0.006371 -0.030982 -0.999499 0.945000 0.047445 1 0 1.000000
barracuda
  0 73.859772 28.588730 -25.893467 0.006371 -0.030982 -0.999499 0.945000 0.047445 1 0 1.000000
  0 44.997730 23.743584 -25.893467 0.006371 -0.030982 -0.999499 0.938005 0.117791 1 0 1.000000
  0 69.181198 29.689571 -25.893467 0.006371 -0.030982 -0.999499 0.948412 0.058542 1 0 1.000000
barracuda
  0 69.181198 29.689571 -25.893467 0.006371 -0.030982 -0.999499 0.948412 0.058542 1 0 1.000000
  0 44.997730 23.743584 -25.893467 0.006371 -0.030982 -0.999499 0.938005 0.117791 1 0 1.000000
  0 61.108341 29.964787 -25.893467 0.006371 -0.030982 -0.999499 0.950385 0.077954 1 0 1.000000
barracuda
  0 44.997730 23.743584 -25.893467 0.006371 -0.030982 -0.999499 0.938005 0.117791 1 0 1.000000
  0 47.854992 27.269562 -25.893465 0.006371 -0.030982 -0.999499 0.946039 0.110333 1 0 1.000000
  0 61.108341 29.964787 -25.893467 0.006371 -0.030982 -0.999499 0.950385 0.077954 1 0 1.000000
barracuda
  0 47.854992 27.269562 -25.893465 0.006371 -0.030982 -0.999499 0.946039 0.110333 1 0 1.000000
  0 52.779209 29.397308 -25.893467 0.006371 -0.030982 -0.999499 0.950368 0.098120 1 0 1.000000
  0 61.108341 29.964787 -25.893467 0.006371 -0.030982 -0.999499 0.950385 0.077954 1 0 1.000000
barracuda
  0 41.763741 8.693432 -22.431324 0.987857 -0.154587 -0.015552 0.941934 0.159487 1 0 1.000000
  0 41.340038 9.508272 -40.274593 0.987857 -0.154587 -0.015552 0.985056 0.157737 1 0 1.000000
  0 43.020603 18.800766 -25.893467 0.964306 -0.264674 -0.007826 0.950338 0.134898 1 0 1.000000
barracuda
  0 43.020603 18.800766 -25.893467 0.964306 -0.264674 -0.007826 0.950338 0.134898 1 0 1.000000
  0 41.340038 9.508272 -40.274593 0.987857 -0.154587 -0.015552 0.985056 0.157737 1 0 1.000000
  0 43.020603 18.800768 -43.062038 0.964306 -0.264674 -0.007826 0.991808 0.134932 1 0 1.000000
barracuda
  0 43.020603 18.800766 -25.893467 0.964306 -0.264674 -0.007826 0.950338 0.134898 1 0 1.000000
  0 43.020603 18.800768 -43.062038 0.964306 -0.264674 -0.007826 0.991808 0.134932 1 0 1.000000
  0 44.997730 23.743584 -25.893467 0.862421 -0.506191 0.000000 0.950348 0.122039 1 0 1.000000
barracuda
  0 44.997730 23.743584 -25.893467 0.862421 -0.506191 0.000000 0.950348 0.122039 1 0 1.000000
  0 43.020603 18.800768 -43.062038 0.964306 -0.264674 -0.007826 0.991808 0.134932 1 0 1.000000
  0 44.997730 23.743587 -43.838238 0.862421 -0.506191 0.000000 0.993694 0.122075 1 0 1.000000
barracuda
  0 44.997730 23.743584 -25.893467 0.862421 -0.506191 0.000000 0.950348 0.122039 1 0 1.000000
  0 44.997730 23.743587 -43.838238 0.862421 -0.506191 0.000000 0.993694 0.122075 1 0 1.000000
  0 47.854992 27.269562 -25.893465 0.604249 -0.796796 0.000000 0.950358 0.111077 1 0 1.000000
barracuda
  0 47.854992 27.269562 -25.893465 0.604249 -0.796796 0.000000 0.950358 0.111077 1 0 1.000000
  0 44.997730 23.743587 -43.838238 0.862421 -0.506191 0.000000 0.993694 0.122075 1 0 1.000000
  0 47.854992 27.269562 -44.233868 0.604249 -0.796796 0.000000 0.994659 0.111113 1 0 1.000000
barracuda
  0 47.854992 27.269562 -25.893465 0.604249 -0.796796 0.000000 0.950358 0.111077 1 0 1.000000
  0 47.854992 27.269562 -44.233868 0.604249 -0.796796 0.000000 0.994659 0.111113 1 0 1.000000
  0 52.779209 29.397308 -25.893467 0.235708 -0.971824 0.000000 0.950368 0.098120 1 0 1.000000
barracuda
  0 52.779209 29.397308 -25.893467 0.235708 -0.971824 0.000000 0.950368 0.098120 1 0 1.000000
  0 47.854992 27.269562 -44.233868 0.604249 -0.796796 0.000000 0.994659 0.111113 1 0 1.000000
  0 52.779209 29.397310 -44.304890 0.235708 -0.971824 0.000000 0.994841 0.098156 1 0 1.000000
barracuda
  0 61.108341 29.964788 -44.104515 0.016974 -0.999856 0.000000 0.994373 0.077990 1 0 1.000000
  0 52.779209 29.397308 -25.893467 0.235708 -0.971824 0.000000 0.950368 0.098120 1 0 1.000000
  0 52.779209 29.397310 -44.304890 0.235708 -0.971824 0.000000 0.994841 0.098156 1 0 1.000000
barracuda
  0 61.108341 29.964787 -25.893467 0.016974 -0.999856 0.000000 0.950385 0.077954 1 0 1.000000
  0 52.779209 29.397308 -25.893467 0.235708 -0.971824 0.000000 0.950368 0.098120 1 0 1.000000
  0 61.108341 29.964788 -44.104515 0.016974 -0.999856 0.000000 0.994373 0.077990 1 0 1.000000
barracuda
  0 69.181198 29.689577 -43.934830 -0.132196 -0.991224 0.000000 0.993978 0.058478 1 0 1.000000
  0 61.108341 29.964787 -25.893467 0.016974 -0.999856 0.000000 0.950385 0.077954 1 0 1.000000
  0 61.108341 29.964788 -44.104515 0.016974 -0.999856 0.000000 0.994373 0.077990 1 0 1.000000
barracuda
  0 69.181198 29.689571 -25.893467 -0.132196 -0.991224 0.000000 0.950401 0.058444 1 0 1.000000
  0 61.108341 29.964787 -25.893467 0.016974 -0.999856 0.000000 0.950385 0.077954 1 0 1.000000
  0 69.181198 29.689577 -43.934830 -0.132196 -0.991224 0.000000 0.993978 0.058478 1 0 1.000000
barracuda
  0 73.859772 28.588736 -43.586712 -0.408104 -0.912935 0.000000 0.993146 0.046868 1 0 1.000000
  0 69.181198 29.689571 -25.893467 -0.132196 -0.991224 0.000000 0.950401 0.058444 1 0 1.000000
  0 69.181198 29.689577 -43.934830 -0.132196 -0.991224 0.000000 0.993978 0.058478 1 0 1.000000
barracuda
  0 73.859772 28.588730 -25.893467 -0.408104 -0.912935 0.000000 0.950410 0.046835 1 0 1.000000
  0 69.181198 29.689571 -25.893467 -0.132196 -0.991224 0.000000 0.950401 0.058444 1 0 1.000000
  0 73.859772 28.588736 -43.586712 -0.408104 -0.912935 0.000000 0.993146 0.046868 1 0 1.000000
barracuda
  0 77.672318 25.925999 -42.846912 -0.756801 -0.653646 0.000000 0.991368 0.035634 1 0 1.000000
  0 73.859772 28.588730 -25.893467 -0.408104 -0.912935 0.000000 0.950410 0.046835 1 0 1.000000
  0 73.859772 28.588736 -43.586712 -0.408104 -0.912935 0.000000 0.993146 0.046868 1 0 1.000000
barracuda
  0 77.672318 25.925999 -25.893467 -0.756801 -0.653646 0.000000 0.950419 0.035602 1 0 1.000000
  0 73.859772 28.588730 -25.893467 -0.408104 -0.912935 0.000000 0.950410 0.046835 1 0 1.000000
  0 77.672318 25.925999 -42.846912 -0.756801 -0.653646 0.000000 0.991368 0.035634 1 0 1.000000
barracuda
  0 80.153503 20.963642 -41.033585 -0.947764 -0.318790 0.010808 0.986999 0.022230 1 0 1.000000
  0 77.672318 25.925999 -25.893467 -0.756801 -0.653646 0.000000 0.950419 0.035602 1 0 1.000000
  0 77.672318 25.925999 -42.846912 -0.756801 -0.653646 0.000000 0.991368 0.035634 1 0 1.000000
barracuda
  0 80.153503 20.963642 -25.352087 -0.947764 -0.318790 0.010808 0.949122 0.022201 1 0 1.000000
  0 77.672318 25.925999 -25.893467 -0.756801 -0.653646 0.000000 0.950419 0.035602 1 0 1.000000
  0 80.153503 20.963642 -41.033585 -0.947764 -0.318790 0.010808 0.986999 0.022230 1 0 1.000000
barracuda
  0 81.000732 15.037240 -37.445843 -0.982662 -0.184163 0.021407 0.978344 0.007764 1 0 1.000000
  0 80.153503 20.963642 -25.352087 -0.947764 -0.318790 0.010808 0.949122 0.022201 1 0 1.000000
  0 80.153503 20.963642 -41.033585 -0.947764 -0.318790 0.010808 0.986999 0.022230 1 0 1.000000
barracuda
  0 82.081360 13.367569 -17.885773 -0.982662 -0.184163 0.021407 0.931067 0.003292 1 0 1.000000
  0 80.153503 20.963642 -25.352087 -0.947764 -0.318790 0.010808 0.949122 0.022201 1 0 1.000000
  0 81.000732 15.037240 -37.445843 -0.982662 -0.184163 0.021407 0.978344 0.007764 1 0 1.000000
barracuda
  0 -89.493317 10.632736 -22.738405 0.999709 -0.023080 0.007057 0.945127 0.159134 1 0 1.000000
  0 -89.221191 13.574314 -37.388733 0.999709 -0.023080 0.007057 0.980522 0.152015 1 0 1.000000
  0 -89.160721 19.627831 -26.158131 0.984424 -0.175772 0.003571 0.953392 0.137390 1 0 1.000000
barracuda
  0 -89.160721 19.627831 -26.158131 0.984424 -0.175772 0.003571 0.953392 0.137390 1 0 1.000000
  0 -89.221191 13.574314 -37.388733 0.999709 -0.023080 0.007057 0.980522 0.152015 1 0 1.000000
  0 -89.160721 19.627831 -40.436928 0.984424 -0.175772 0.003571 0.987886 0.137390 1 0 1.000000
barracuda
  0 -89.160721 19.627831 -26.158131 0.984424 -0.175772 0.003571 0.953392 0.137390 1 0 1.000000
  0 -89.160721 19.627831 -40.436928 0.984424 -0.175772 0.003571 0.987886 0.137390 1 0 1.000000
  0 -87.709412 23.860806 -26.158129 0.832855 -0.553492 0.000000 0.953392 0.126580 1 0 1.000000
barracuda
  0 -87.709412 23.860806 -26.158129 0.832855 -0.553492 0.000000 0.953392 0.126580 1 0 1.000000
  0 -89.160721 19.627831 -40.436928 0.984424 -0.175772 0.003571 0.987886 0.137390 1 0 1.000000
  0 -87.709412 23.860806 -41.710827 0.832855 -0.553492 0.000000 0.990964 0.126580 1 0 1.000000
barracuda
  0 -87.709412 23.860806 -26.158129 0.832855 -0.553492 0.000000 0.953392 0.126580 1 0 1.000000
  0 -87.709412 23.860806 -41.710827 0.832855 -0.553492 0.000000 0.990964 0.126580 1 0 1.000000
  0 -84.927750 26.340115 -26.158133 0.499571 -0.866273 0.000000 0.953392 0.117578 1 0 1.000000
barracuda
  0 -84.927750 26.340115 -26.158133 0.499571 -0.866273 0.000000 0.953392 0.117578 1 0 1.000000
  0 -87.709412 23.860806 -41.710827 0.832855 -0.553492 0.000000 0.990964 0.126580 1 0 1.000000
  0 -84.927750 26.340115 -42.272072 0.499571 -0.866273 0.000000 0.992320 0.117578 1 0 1.000000
barracuda
  0 -84.927750 26.340115 -26.158133 0.499571 -0.866273 0.000000 0.953392 0.117578 1 0 1.000000
  0 -84.927750 26.340115 -42.272072 0.499571 -0.866273 0.000000 0.992320 0.117578 1 0 1.000000
  0 -79.787704 28.033306 -26.158133 0.186855 -0.982387 0.000000 0.953390 0.104504 1 0 1.000000
barracuda
  0 -79.787704 28.033306 -26.158133 0.186855 -0.982387 0.000000 0.953390 0.104504 1 0 1.000000
  0 -84.927750 26.340115 -42.272072 0.499571 -0.866273 0.000000 0.992320 0.117578 1 0 1.000000
  0 -79.787704 28.033308 -42.709476 0.186855 -0.982387 0.000000 0.993377 0.104504 1 0 1.000000
barracuda
  0 -79.787704 28.033306 -26.158133 0.186855 -0.982387 0.000000 0.953390 0.104504 1 0 1.000000
  0 -79.787704 28.033308 -42.709476 0.186855 -0.982387 0.000000 0.993377 0.104504 1 0 1.000000
  0 -71.631783 28.504452 -26.158131 -0.006443 -0.999979 0.000000 0.953389 0.084766 1 0 1.000000
barracuda
  0 -71.631783 28.504452 -26.158131 -0.006443 -0.999979 0.000000 0.953389 0.084766 1 0 1.000000
  0 -79.787704 28.033308 -42.709476 0.186855 -0.982387 0.000000 0.993377 0.104504 1 0 1.000000
  0 -71.631775 28.504454 -43.086914 -0.006443 -0.999979 0.000000 0.994290 0.084766 1 0 1.000000
barracuda
  0 -71.631783 28.504452 -26.158131 -0.006443 -0.999979 0.000000 0.953389 0.084766 1 0 1.000000
  0 -71.631775 28.504454 -43.086914 -0.006443 -0.999979 0.000000 0.994290 0.084766 1 0 1.000000
  0 -62.583553 27.864677 -26.158131 -0.227627 -0.973748 0.000000 0.953389 0.062849 1 0 1.000000
barracuda
  0 -62.583553 27.864677 -26.158131 -0.227627 -0.973748 0.000000 0.953389 0.062849 1 0 1.000000
  0 -71.631775 28.504454 -43.086914 -0.006443 -0.999979 0.000000 0.994290 0.084766 1 0 1.000000
  0 -62.583553 27.864677 -43.309822 -0.227627 -0.973748 0.000000 0.994829 0.062850 1 0 1.000000
barracuda
  0 -57.785252 25.899651 -43.035763 -0.580153 -0.814507 -0.000107 0.994168 0.050322 1 0 1.000000
  0 -62.583553 27.864677 -26.158131 -0.227627 -0.973748 0.000000 0.953389 0.062849 1 0 1.000000
  0 -62.583553 27.864677 -43.309822 -0.227627 -0.973748 0.000000 0.994829 0.062850 1 0 1.000000
barracuda
  0 -57.785252 25.899651 -26.158133 -0.580153 -0.814507 -0.000107 0.953389 0.050321 1 0 1.000000
  0 -62.583553 27.864677 -26.158131 -0.227627 -0.973748 0.000000 0.953389 0.062849 1 0 1.000000
  0 -57.785252 25.899651 -43.035763 -0.580153 -0.814507 -0.000107 0.994168 0.050322 1 0 1.000000
barracuda
  0 -54.478275 22.146873 -42.481411 -0.840961 -0.541095 0.000026 0.992829 0.038237 1 0 1.000000
  0 -57.785252 25.899651 -26.158133 -0.580153 -0.814507 -0.000107 0.953389 0.050321 1 0 1.000000
  0 -57.785252 25.899651 -43.035763 -0.580153 -0.814507 -0.000107 0.994168 0.050322 1 0 1.000000
barracuda
  0 -54.461235 22.117020 -26.158131 -0.840961 -0.541095 0.000026 0.953390 0.038154 1 0 1.000000
  0 -57.785252 25.899651 -26.158133 -0.580153 -0.814507 -0.000107 0.953389 0.050321 1 0 1.000000
  0 -54.478275 22.146873 -42.481411 -0.840961 -0.541095 0.000026 0.992829 0.038237 1 0 1.000000
barracuda
  0 -51.777515 16.127214 -41.102913 -0.929763 -0.368031 -0.009718 0.989499 0.022296 1 0 1.000000
  0 -54.461235 22.117020 -26.158131 -0.840961 -0.541095 0.000026 0.953390 0.038154 1 0 1.000000
  0 -54.478275 22.146873 -42.481411 -0.840961 -0.541095 0.000026 0.992829 0.038237 1 0 1.000000
barracuda
  0 -51.748096 16.073475 -26.158131 -0.929763 -0.368031 -0.009718 0.953390 0.022147 1 0 1.000000
  0 -54.461235 22.117020 -26.158131 -0.840961 -0.541095 0.000026 0.953390 0.038154 1 0 1.000000
  0 -51.777515 16.127214 -41.102913 -0.929763 -0.368031 -0.009718 0.989499 0.022296 1 0 1.000000
barracuda
  0 -49.220360 9.472126 -38.261837 -0.945214 -0.325857 -0.019676 0.982635 0.005070 1 0 1.000000
  0 -51.748096 16.073475 -26.158131 -0.929763 -0.368031 -0.009718 0.953390 0.022147 1 0 1.000000
  0 -51.777515 16.127214 -41.102913 -0.929763 -0.368031 -0.009718 0.989499 0.022296 1 0 1.000000
barracuda
  0 -49.293350 7.869105 -23.675793 -0.945214 -0.325857 -0.019676 0.947364 0.001464 1 0 1.000000
  0 -51.748096 16.073475 -26.158131 -0.929763 -0.368031 -0.009718 0.953390 0.022147 1 0 1.000000
  0 -49.220360 9.472126 -38.261837 -0.945214 -0.325857 -0.019676 0.982635 0.005070 1 0 1.000000
barracuda
  0 -17.258835 32.455704 15.722313 -0.123664 0.269934 -0.954905 0.628336 0.672604 1 0 1.000000
  0 -22.930744 37.651260 17.925714 -0.123664 0.269934 -0.954905 0.641740 0.699197 1 0 1.000000
  0 -16.977131 32.915070 15.815845 -0.123664 0.269934 -0.954905 0.626774 0.673910 1 0 1.000000
barracuda
  0 -16.977131 32.915070 15.815845 -0.123664 0.269934 -0.954905 0.626774 0.673910 1 0 1.000000
  0 -22.930744 37.651260 17.925714 -0.123664 0.269934 -0.954905 0.641740 0.699197 1 0 1.000000
  0 -22.859077 37.762047 17.947592 -0.123664 0.269934 -0.954905 0.641350 0.699507 1 0 1.000000
barracuda
  0 -16.977131 32.915070 15.815845 0.647474 0.759805 0.058940 0.626774 0.673910 1 0 1.000000
  0 -22.859077 37.762047 17.947592 0.647474 0.759805 0.058940 0.641350 0.699507 1 0 1.000000
  0 -16.787476 32.586578 17.967014 0.647474 0.759805 0.058940 0.620188 0.678676 1 0 1.000000
barracuda
  0 -16.787476 32.586578 17.967014 0.647474 0.759805 0.058940 0.620188 0.678676 1 0 1.000000
  0 -22.859077 37.762047 17.947592 0.647474 0.759805 0.058940 0.641350 0.699507 1 0 1.000000
  0 -22.814714 37.685211 18.450775 0.647474 0.759805 0.058940 0.639809 0.700622 1 0 1.000000
barracuda
  0 -17.060934 32.112930 17.967014 0.053601 -0.031299 0.998072 0.618454 0.679743 1 0 1.000000
  0 -16.787476 32.586578 17.967014 0.053601 -0.031299 0.998072 0.620188 0.678676 1 0 1.000000
  0 -22.884453 37.571079 18.450775 0.053601 -0.031299 0.998072 0.639392 0.700893 1 0 1.000000
barracuda
  0 -22.884453 37.571079 18.450775 0.053601 -0.031299 0.998072 0.639392 0.700893 1 0 1.000000
  0 -16.787476 32.586578 17.967014 0.053601 -0.031299 0.998072 0.620188 0.678676 1 0 1.000000
  0 -22.814714 37.685211 18.450775 0.053601 -0.031299 0.998072 0.639809 0.700622 1 0 1.000000
barracuda
  0 -17.258835 32.455704 15.722313 -0.940679 -0.313194 0.130508 0.628336 0.672604 1 0 1.000000
  0 -17.060934 32.112930 17.967014 -0.957009 -0.285032 -0.053757 0.636292 0.669658 1 0 1.000000
  0 -22.930744 37.651260 17.925714 -0.685206 -0.726594 -0.050544 0.641740 0.699197 1 0 1.000000
barracuda
  0 -22.930744 37.651260 17.925714 -0.685206 -0.726594 -0.050544 0.641740 0.699197 1 0 1.000000
  0 -17.060934 32.112930 17.967014 -0.957009 -0.285032 -0.053757 0.636292 0.669658 1 0 1.000000
  0 -22.884453 37.571079 18.450775 -0.685206 -0.726594 -0.050544 0.643601 0.698508 1 0 1.000000
barracuda
  0 -22.155167 40.717949 26.488792 0.199150 -0.334857 -0.920983 0.642869 0.663290 1 0 1.000000
  0 -23.168213 38.062569 18.900234 0.511771 -0.829916 0.222103 0.663452 0.686981 1 0 1.000000
  0 -21.721230 40.913651 26.219490 0.199150 -0.334857 -0.920983 0.641658 0.665028 1 0 1.000000
barracuda
  0 -21.721230 40.913651 26.219490 0.199150 -0.334857 -0.920983 0.641658 0.665028 1 0 1.000000
  0 -23.168213 38.062569 18.900234 0.511771 -0.829916 0.222103 0.663452 0.686981 1 0 1.000000
  0 -23.060936 38.111679 18.837233 0.511771 -0.829916 0.222103 0.663145 0.687399 1 0 1.000000
barracuda
  0 -21.721230 40.913651 26.219490 0.016912 -0.564409 -0.825322 0.660141 0.654862 1 0 1.000000
  0 -23.060936 38.111679 18.837233 0.875001 0.378127 -0.302312 0.667510 0.684991 1 0 1.000000
  0 -22.747541 42.691277 25.472395 0.016912 -0.564409 -0.825322 0.652192 0.657756 1 0 1.000000
barracuda
  0 -22.747541 42.691277 25.472395 0.016912 -0.564409 -0.825322 0.652192 0.657756 1 0 1.000000
  0 -23.060936 38.111679 18.837233 0.875001 0.378127 -0.302312 0.667510 0.684991 1 0 1.000000
  0 -23.301001 38.527477 18.662479 0.875001 0.378127 -0.302312 0.665651 0.685669 1 0 1.000000
barracuda
  0 -23.226099 42.572861 25.709219 -0.321681 -0.348020 -0.880570 0.650141 0.658286 1 0 1.000000
  0 -22.747541 42.691277 25.472395 -0.321681 -0.348020 -0.880570 0.652192 0.657756 1 0 1.000000
  0 -23.418726 38.496452 18.717871 -0.417951 0.789783 -0.448954 0.665153 0.685810 1 0 1.000000
barracuda
  0 -23.418726 38.496452 18.717871 -0.417951 0.789783 -0.448954 0.665153 0.685810 1 0 1.000000
  0 -22.747541 42.691277 25.472395 -0.321681 -0.348020 -0.880570 0.652192 0.657756 1 0 1.000000
  0 -23.301001 38.527477 18.662479 -0.417951 0.789783 -0.448954 0.665651 0.685669 1 0 1.000000
barracuda
  0 -22.155167 40.717949 26.488792 -0.219738 0.579026 0.785140 0.642869 0.663290 1 0 1.000000
  0 -23.226099 42.572861 25.709219 -0.219738 0.579026 0.785140 0.650141 0.658286 1 0 1.000000
  0 -23.168213 38.062569 18.900234 -0.879750 -0.399775 0.257333 0.663452 0.686981 1 0 1.000000
barracuda
  0 -23.168213 38.062569 18.900234 -0.879750 -0.399775 0.257333 0.663452 0.686981 1 0 1.000000
  0 -23.226099 42.572861 25.709219 -0.219738 0.579026 0.785140 0.650141 0.658286 1 0 1.000000
  0 -23.418726 38.496452 18.717871 -0.879750 -0.399775 0.257333 0.665153 0.685810 1 0 1.000000
barracuda
  0 -24.331411 44.542007 12.779762 -0.316190 0.596964 0.737331 0.654345 0.694328 1 0 1.000000
  0 -23.476286 38.596146 17.960260 -0.316190 0.596964 0.737331 0.639235 0.667476 1 0 1.000000
  0 -23.816479 44.597412 12.955544 -0.316190 0.596964 0.737331 0.655899 0.692879 1 0 1.000000
barracuda
  0 -23.816479 44.597412 12.955544 -0.316190 0.596964 0.737331 0.655899 0.692879 1 0 1.000000
  0 -23.476286 38.596146 17.960260 -0.316190 0.596964 0.737331 0.639235 0.667476 1 0 1.000000
  0 -23.350061 38.612438 18.001377 -0.316190 0.596964 0.737331 0.639623 0.667131 1 0 1.000000
barracuda
  0 -23.816479 44.597412 12.955544 0.923612 0.286598 0.254564 0.655899 0.692879 1 0 1.000000
  0 -23.350061 38.612438 18.001377 0.923612 0.286598 0.254564 0.639623 0.667131 1 0 1.000000
  0 -22.979822 43.148285 11.551466 0.923612 0.286598 0.254564 0.662499 0.687548 1 0 1.000000
barracuda
  0 -22.979822 43.148285 11.551466 0.923612 0.286598 0.254564 0.662499 0.687548 1 0 1.000000
  0 -23.350061 38.612438 18.001377 0.923612 0.286598 0.254564 0.639623 0.667131 1 0 1.000000
  0 -23.154356 38.273468 17.672937 0.923612 0.286598 0.254564 0.641167 0.665884 1 0 1.000000
barracuda
  0 -23.458378 43.029869 11.314638 0.446345 -0.706188 -0.549613 0.646168 0.697723 1 0 1.000000
  0 -22.979822 43.148285 11.551466 0.446345 -0.706188 -0.549613 0.644047 0.697840 1 0 1.000000
  0 -23.272064 38.242447 17.617544 0.446345 -0.706188 -0.549613 0.637322 0.668270 1 0 1.000000
barracuda
  0 -23.272064 38.242447 17.617544 0.446345 -0.706188 -0.549613 0.637322 0.668270 1 0 1.000000
  0 -22.979822 43.148285 11.551466 0.446345 -0.706188 -0.549613 0.644047 0.697840 1 0 1.000000
  0 -23.154356 38.273468 17.672937 0.446345 -0.706188 -0.549613 0.636804 0.668311 1 0 1.000000
barracuda
  0 -24.331411 44.542007 12.779762 -0.921604 -0.321719 -0.217124 0.654345 0.694328 1 0 1.000000
  0 -23.458378 43.029869 11.314638 -0.921604 -0.321719 -0.217124 0.646168 0.697723 1 0 1.000000
  0 -23.476286 38.596146 17.960260 -0.921604 -0.321719 -0.217124 0.639235 0.667476 1 0 1.000000
barracuda
  0 -23.476286 38.596146 17.960260 -0.921604 -0.321719 -0.217124 0.639235 0.667476 1 0 1.000000
  0 -23.458378 43.029869 11.314638 -0.921604 -0.321719 -0.217124 0.646168 0.697723 1 0 1.000000
  0 -23.272064 38.242447 17.617544 -0.921604 -0.321719 -0.217124 0.637322 0.668270 1 0 1.000000
barracuda
  0 -21.721230 40.913647 26.219486 -0.441962 0.712535 -0.544943 0.765345 0.882199 1 0 1.000000
  0 -22.155167 40.717949 26.488785 -0.441962 0.712535 -0.544943 0.758765 0.892801 1 0 1.000000
  0 -21.721230 40.913651 26.219490 0.199150 -0.334857 -0.920983 0.765345 0.882199 1 0 1.000000
barracuda
  0 -21.721230 40.913651 26.219490 0.199150 -0.334857 -0.920983 0.765345 0.882199 1 0 1.000000
  0 -22.155167 40.717949 26.488785 -0.441962 0.712535 -0.544943 0.758765 0.892801 1 0 1.000000
  0 -22.155167 40.717949 26.488792 0.199150 -0.334857 -0.920983 0.758765 0.892801 1 0 1.000000
barracuda
  0 -22.747541 42.691277 25.472387 -0.873280 -0.435567 0.218320 0.789733 0.882199 1 0 1.000000
  0 -21.721230 40.913647 26.219486 -0.873280 -0.435567 0.218320 0.771480 0.925629 1 0 1.000000
  0 -22.747541 42.691277 25.472395 0.016912 -0.564409 -0.825322 0.789733 0.882199 1 0 1.000000
barracuda
  0 -22.747541 42.691277 25.472395 0.016912 -0.564409 -0.825322 0.789733 0.882199 1 0 1.000000
  0 -21.721230 40.913647 26.219486 -0.873280 -0.435567 0.218320 0.771480 0.925629 1 0 1.000000
  0 -21.721230 40.913651 26.219490 0.016912 -0.564409 -0.825322 0.771480 0.925629 1 0 1.000000
barracuda
  0 -23.226099 42.572861 25.709211 0.253944 -0.967219 0.000000 0.814876 0.757097 1 0 1.000000
  0 -22.747541 42.691277 25.472387 0.253944 -0.967219 0.000000 0.826567 0.751311 1 0 1.000000
  0 -23.226099 42.572861 25.709219 -0.321681 -0.348020 -0.880570 0.814876 0.757097 1 0 1.000000
barracuda
  0 -23.226099 42.572861 25.709219 -0.321681 -0.348020 -0.880570 0.814876 0.757097 1 0 1.000000
  0 -22.747541 42.691277 25.472387 0.253944 -0.967219 0.000000 0.826567 0.751311 1 0 1.000000
  0 -22.747541 42.691277 25.472395 -0.321681 -0.348020 -0.880570 0.826567 0.751311 1 0 1.000000
barracuda
  0 -22.155167 40.717949 26.488785 0.807730 0.589553 0.000000 0.795868 0.882200 1 0 1.000000
  0 -23.226099 42.572861 25.709211 0.807730 0.589553 0.000000 0.814914 0.927517 1 0 1.000000
  0 -22.155167 40.717949 26.488792 -0.219738 0.579026 0.785140 0.795868 0.882200 1 0 1.000000
barracuda
  0 -22.155167 40.717949 26.488792 -0.219738 0.579026 0.785140 0.795868 0.882200 1 0 1.000000
  0 -23.226099 42.572861 25.709211 0.807730 0.589553 0.000000 0.814914 0.927517 1 0 1.000000
  0 -23.226099 42.572861 25.709219 -0.219738 0.579026 0.785140 0.814914 0.927517 1 0 1.000000
barracuda
  0 99.399628 11.346111 -24.797838 0.005720 0.580376 0.814329 2.636328 0.934983 1 0 1.000000
  0 90.824158 11.570499 -24.897520 0.008057 0.401309 0.915907 2.636319 0.935759 1 0 1.000000
  0 99.399628 10.788357 -24.199642 0.011210 0.731350 0.681910 2.636382 0.934983 1 0 1.000000
barracuda
  0 99.399628 10.788357 -24.199642 0.011210 0.731350 0.681910 2.636382 0.934983 1 0 1.000000
  0 90.824158 11.570499 -24.897520 0.008057 0.401309 0.915907 2.636319 0.935759 1 0 1.000000
  0 90.824158 10.695412 -23.958988 0.011210 0.731350 0.681910 2.636404 0.935759 1 0 1.000000
barracuda
  0 99.399628 13.577328 -24.797836 0.000000 -0.405982 0.913881 2.639893 0.935409 1 0 1.000000
  0 90.824158 13.352940 -24.897518 0.005941 -0.207511 0.978215 2.639914 0.936184 1 0 1.000000
  0 99.399628 13.128551 -24.997200 0.005941 -0.207511 0.978215 2.639934 0.935409 1 0 1.000000
barracuda
  0 99.399628 13.128551 -24.997200 0.005941 -0.207511 0.978215 2.639934 0.935409 1 0 1.000000
  0 90.824158 13.352940 -24.897518 0.005941 -0.207511 0.978215 2.639914 0.936184 1 0 1.000000
  0 99.399628 11.794888 -24.997200 0.005941 0.207509 0.978215 2.640054 0.935409 1 0 1.000000
barracuda
  0 99.399628 11.794888 -24.997200 0.005941 0.207509 0.978215 2.640054 0.935409 1 0 1.000000
  0 90.824158 13.352940 -24.897518 0.005941 -0.207511 0.978215 2.639914 0.936184 1 0 1.000000
  0 90.824158 11.570499 -24.897520 0.008057 0.401309 0.915907 2.640075 0.936184 1 0 1.000000
barracuda
  0 99.399628 11.794888 -24.997200 0.005941 0.207509 0.978215 2.640054 0.935409 1 0 1.000000
  0 90.824158 11.570499 -24.897520 0.008057 0.401309 0.915907 2.640075 0.936184 1 0 1.000000
  0 99.399628 11.346111 -24.797838 0.005720 0.580376 0.814329 2.640095 0.935409 1 0 1.000000
barracuda
  0 99.399628 14.320972 -23.718334 0.000000 -0.932845 0.360277 2.639509 0.935399 1 0 1.000000
  0 90.824158 14.228027 -23.958988 0.005709 -0.847511 0.530747 2.639531 0.936174 1 0 1.000000
  0 99.399628 14.135086 -24.199642 0.005709 -0.847511 0.530747 2.639553 0.935399 1 0 1.000000
barracuda
  0 99.399628 14.135086 -24.199642 0.005709 -0.847511 0.530747 2.639553 0.935399 1 0 1.000000
  0 90.824158 14.228027 -23.958988 0.005709 -0.847511 0.530747 2.639531 0.936174 1 0 1.000000
  0 99.399628 13.577328 -24.797836 0.011210 -0.731349 0.681911 2.639606 0.935399 1 0 1.000000
barracuda
  0 99.399628 13.577328 -24.797836 0.011210 -0.731349 0.681911 2.639606 0.935399 1 0 1.000000
  0 90.824158 14.228027 -23.958988 0.005709 -0.847511 0.530747 2.639531 0.936174 1 0 1.000000
  0 90.824158 13.352940 -24.897518 0.011210 -0.731349 0.681911 2.639616 0.936174 1 0 1.000000
barracuda
  0 -107.819824 23.497669 35.858883 -0.980974 -0.189706 0.041245 0.550408 0.846837 1 0 1.000000
  0 -107.819824 23.701229 36.662785 -0.980974 -0.189706 0.041245 0.548606 0.843864 1 0 1.000000
  0 -108.572311 27.531811 36.384304 -0.985473 -0.150610 0.078488 0.534505 0.847564 1 0 1.000000
barracuda
  0 -108.572311 27.531811 36.384304 -0.985473 -0.150610 0.078488 0.534505 0.847564 1 0 1.000000
  0 -107.819824 23.701229 36.662785 -0.980974 -0.189706 0.041245 0.548606 0.843864 1 0 1.000000
  0 -108.566376 27.632725 37.122009 -0.985473 -0.150610 0.078488 0.534249 0.844712 1 0 1.000000
barracuda
  0 -108.566376 27.632725 37.122009 -0.985473 -0.150610 0.078488 0.534249 0.844712 1 0 1.000000
  0 -109.227432 30.852283 34.568428 -0.980174 -0.085887 0.178554 0.520041 0.850779 1 0 1.000000
  0 -108.572311 27.531811 36.384304 -0.985473 -0.150610 0.078488 0.534505 0.847564 1 0 1.000000
barracuda
  0 -109.170242 31.591415 35.177982 -0.980174 -0.085887 0.178554 0.518765 0.847400 1 0 1.000000
  0 -109.227432 30.852283 34.568428 -0.980174 -0.085887 0.178554 0.520041 0.850779 1 0 1.000000
  0 -108.566376 27.632725 37.122009 -0.985473 -0.150610 0.078488 0.534249 0.844712 1 0 1.000000
barracuda
  0 -109.170242 31.591415 35.177982 -0.980174 -0.085887 0.178554 0.518765 0.847400 1 0 1.000000
  0 -110.466614 32.010193 29.872950 -0.982397 -0.025824 0.185012 0.504173 0.860780 1 0 1.000000
  0 -109.227432 30.852283 34.568428 -0.980174 -0.085887 0.178554 0.520041 0.850779 1 0 1.000000
barracuda
  0 -109.227432 30.852283 34.568428 -0.980174 -0.085887 0.178554 0.520041 0.850779 1 0 1.000000
  0 -110.466614 32.010193 29.872950 -0.982397 -0.025824 0.185012 0.504173 0.860780 1 0 1.000000
  0 -110.466614 31.234528 29.872948 -0.982397 -0.025824 0.185012 0.506067 0.863209 1 0 1.000000
barracuda
  0 99.399628 10.788357 -18.785397 1.000000 0.000007 0.000000 0.099243 0.008033 1 0 1.000000
  0 99.399628 11.346115 -18.187206 1.000000 0.000004 0.000000 0.094223 0.008047 1 0 1.000000
  0 99.399628 10.436218 -18.437229 1.000000 0.000007 0.000000 0.098580 0.010868 1 0 1.000000
barracuda
  0 99.399628 10.436218 -18.437229 1.000000 0.000007 0.000000 0.098580 0.010868 1 0 1.000000
  0 99.399628 11.346115 -18.187206 1.000000 0.000004 0.000000 0.094223 0.008047 1 0 1.000000
  0 99.399628 11.111347 -17.762096 1.000000 0.000004 0.000000 0.094101 0.010868 1 0 1.000000
barracuda
  0 99.399628 11.111347 -17.762096 1.000000 0.000004 0.000000 0.094101 0.010868 1 0 1.000000
  0 99.399628 11.346115 -18.187206 1.000000 0.000004 0.000000 0.094223 0.008047 1 0 1.000000
  0 99.399628 11.654560 -17.537094 1.000000 0.000004 0.000000 0.091060 0.010868 1 0 1.000000
barracuda
  0 99.399628 11.654560 -17.537094 1.000000 0.000004 0.000000 0.091060 0.010868 1 0 1.000000
  0 99.399628 11.346115 -18.187206 1.000000 0.000004 0.000000 0.094223 0.008047 1 0 1.000000
  0 99.399628 11.794888 -17.987839 1.000000 0.000004 0.000000 0.090748 0.008131 1 0 1.000000
barracuda
  0 99.399628 11.654560 -17.537094 1.000000 0.000004 0.000000 0.091060 0.010868 1 0 1.000000
  0 99.399628 11.794888 -17.987839 1.000000 0.000004 0.000000 0.090748 0.008131 1 0 1.000000
  0 99.399628 13.268879 -17.537094 1.000000 0.000000 0.000000 0.081552 0.010868 1 0 1.000000
barracuda
  0 99.399628 13.268879 -17.537094 1.000000 0.000000 0.000000 0.081552 0.010868 1 0 1.000000
  0 99.399628 11.794888 -17.987839 1.000000 0.000004 0.000000 0.090748 0.008131 1 0 1.000000
  0 99.399628 13.128551 -17.987839 1.000000 0.000000 0.000000 0.081864 0.008131 1 0 1.000000
barracuda
  0 99.399628 10.602467 -19.266708 1.000000 0.000015 0.000000 0.102835 0.008305 1 0 1.000000
  0 99.399628 10.788357 -18.785397 1.000000 0.000007 0.000000 0.099243 0.008033 1 0 1.000000
  0 99.399628 10.211212 -18.980442 1.000000 -0.000016 0.000000 0.101621 0.010868 1 0 1.000000
barracuda
  0 99.399628 10.211212 -18.980442 1.000000 -0.000016 0.000000 0.101621 0.010868 1 0 1.000000
  0 99.399628 10.788357 -18.785397 1.000000 0.000007 0.000000 0.099243 0.008033 1 0 1.000000
  0 99.399628 10.436218 -18.437229 1.000000 0.000007 0.000000 0.098580 0.010868 1 0 1.000000
barracuda
  0 99.399628 10.211212 -24.004602 1.000000 -0.000016 0.000000 0.131443 0.010868 1 0 1.000000
  0 99.399628 10.602467 -23.718334 0.710934 0.703259 0.000000 0.129741 0.008542 1 0 1.000000
  0 99.399628 10.211212 -18.980442 1.000000 -0.000016 0.000000 0.101621 0.010868 1 0 1.000000
barracuda
  0 99.399628 10.211212 -18.980442 1.000000 -0.000016 0.000000 0.101621 0.010868 1 0 1.000000
  0 99.399628 10.602467 -23.718334 0.710934 0.703259 0.000000 0.129741 0.008542 1 0 1.000000
  0 99.399628 10.602467 -19.266708 0.710934 0.703259 0.000000 0.102835 0.008305 1 0 1.000000
barracuda
  0 99.399628 13.268879 -25.447948 0.454182 0.173809 -0.873790 0.030653 0.010868 1 0 1.000000
  0 99.399628 13.577328 -24.797836 1.000000 0.000000 0.000000 0.033817 0.008046 1 0 1.000000
  0 99.399628 13.128551 -24.997200 1.000000 0.000000 0.000000 0.030342 0.008130 1 0 1.000000
barracuda
  0 99.399628 13.812092 -25.222942 0.713932 0.389018 -0.582207 0.033694 0.010868 1 0 1.000000
  0 99.399628 13.577328 -24.797836 1.000000 0.000000 0.000000 0.033817 0.008046 1 0 1.000000
  0 99.399628 13.268879 -25.447948 0.454182 0.173809 -0.873790 0.030653 0.010868 1 0 1.000000
barracuda
  0 99.399628 14.487225 -24.547812 1.000000 0.000015 0.000000 0.038173 0.010868 1 0 1.000000
  0 99.399628 13.577328 -24.797836 1.000000 0.000000 0.000000 0.033817 0.008046 1 0 1.000000
  0 99.399628 13.812092 -25.222942 0.713932 0.389018 -0.582207 0.033694 0.010868 1 0 1.000000
barracuda
  0 99.399628 14.135086 -24.199642 1.000000 0.000015 0.000000 0.038837 0.008033 1 0 1.000000
  0 99.399628 13.577328 -24.797836 1.000000 0.000000 0.000000 0.033817 0.008046 1 0 1.000000
  0 99.399628 14.487225 -24.547812 1.000000 0.000015 0.000000 0.038173 0.010868 1 0 1.000000
barracuda
  0 99.399628 14.712227 -24.004601 1.000000 0.000015 0.000000 0.041214 0.010868 1 0 1.000000
  0 99.399628 14.135086 -24.199642 1.000000 0.000015 0.000000 0.038837 0.008033 1 0 1.000000
  0 99.399628 14.487225 -24.547812 1.000000 0.000015 0.000000 0.038173 0.010868 1 0 1.000000
barracuda
  0 99.399628 14.320972 -23.718334 1.000000 0.000015 0.000000 0.042428 0.008305 1 0 1.000000
  0 99.399628 14.135086 -24.199642 1.000000 0.000015 0.000000 0.038837 0.008033 1 0 1.000000
  0 99.399628 14.712227 -24.004601 1.000000 0.000015 0.000000 0.041214 0.010868 1 0 1.000000
barracuda
  0 99.399628 14.712227 -24.004601 1.000000 0.000015 0.000000 0.041214 0.010868 1 0 1.000000
  0 99.399628 14.320972 -19.266710 1.000000 -0.000015 0.000000 0.069778 0.008305 1 0 1.000000
  0 99.399628 14.320972 -23.718334 1.000000 0.000015 0.000000 0.042428 0.008305 1 0 1.000000
barracuda
  0 99.399628 14.712227 -18.980442 1.000000 -0.000015 0.000000 0.070992 0.010868 1 0 1.000000
  0 99.399628 14.320972 -19.266710 1.000000 -0.000015 0.000000 0.069778 0.008305 1 0 1.000000
  0 99.399628 14.712227 -24.004601 1.000000 0.000015 0.000000 0.041214 0.010868 1 0 1.000000
barracuda
  0 99.399628 14.712227 -18.980442 1.000000 -0.000015 0.000000 0.070992 0.010868 1 0 1.000000
  0 99.399628 14.135086 -18.785398 1.000000 0.000000 0.000000 0.073369 0.008033 1 0 1.000000
  0 99.399628 14.320972 -19.266710 1.000000 -0.000015 0.000000 0.069778 0.008305 1 0 1.000000
barracuda
  0 99.399628 14.487225 -18.437227 1.000000 0.000000 0.000000 0.074033 0.010868 1 0 1.000000
  0 99.399628 14.135086 -18.785398 1.000000 0.000000 0.000000 0.073369 0.008033 1 0 1.000000
  0 99.399628 14.712227 -18.980442 1.000000 -0.000015 0.000000 0.070992 0.010868 1 0 1.000000
barracuda
  0 99.399628 14.487225 -18.437227 1.000000 0.000000 0.000000 0.074033 0.010868 1 0 1.000000
  0 99.399628 13.577328 -18.187206 1.000000 -0.000007 0.000000 0.078389 0.008047 1 0 1.000000
  0 99.399628 14.135086 -18.785398 1.000000 0.000000 0.000000 0.073369 0.008033 1 0 1.000000
barracuda
  0 99.399628 13.812092 -17.762096 0.713934 0.389012 0.582209 0.078511 0.010868 1 0 1.000000
  0 99.399628 13.577328 -18.187206 1.000000 -0.000007 0.000000 0.078389 0.008047 1 0 1.000000
  0 99.399628 14.487225 -18.437227 1.000000 0.000000 0.000000 0.074033 0.010868 1 0 1.000000
barracuda
  0 99.399628 13.812092 -17.762096 0.713934 0.389012 0.582209 0.078511 0.010868 1 0 1.000000
  0 99.399628 13.128551 -17.987839 1.000000 0.000000 0.000000 0.081864 0.008131 1 0 1.000000
  0 99.399628 13.577328 -18.187206 1.000000 -0.000007 0.000000 0.078389 0.008047 1 0 1.000000
barracuda
  0 99.399628 13.268879 -17.537094 0.454182 0.173798 0.873792 0.081552 0.010868 1 0 1.000000
  0 99.399628 13.128551 -17.987839 1.000000 0.000000 0.000000 0.081864 0.008131 1 0 1.000000
  0 99.399628 13.812092 -17.762096 0.713934 0.389012 0.582209 0.078511 0.010868 1 0 1.000000
barracuda
  0 90.477020 13.812092 -17.762096 0.000000 0.555568 0.831471 0.078279 0.063909 1 0 1.000000
  0 99.399628 14.487225 -18.437227 0.000000 0.831471 0.555568 0.074033 0.010868 1 0 1.000000
  0 90.477020 14.487221 -18.437227 0.000000 0.831471 0.555568 0.074265 0.063909 1 0 1.000000
barracuda
  0 99.399628 13.812092 -17.762096 0.713934 0.389012 0.582209 0.078511 0.010868 1 0 1.000000
  0 99.399628 14.487225 -18.437227 0.000000 0.831471 0.555568 0.074033 0.010868 1 0 1.000000
  0 90.477020 13.812092 -17.762096 0.000000 0.555568 0.831471 0.078279 0.063909 1 0 1.000000
barracuda
  0 90.477020 13.812092 -17.762096 0.000000 0.555568 0.831471 0.078279 0.063909 1 0 1.000000
  0 99.399628 13.268879 -17.537094 0.454182 0.173798 0.873792 0.081552 0.010868 1 0 1.000000
  0 99.399628 13.812092 -17.762096 0.713934 0.389012 0.582209 0.078511 0.010868 1 0 1.000000
barracuda
  0 90.477020 13.268879 -17.537094 0.000000 0.195087 0.980786 0.081508 0.063909 1 0 1.000000
  0 99.399628 13.268879 -17.537094 0.454182 0.173798 0.873792 0.081552 0.010868 1 0 1.000000
  0 90.477020 13.812092 -17.762096 0.000000 0.555568 0.831471 0.078279 0.063909 1 0 1.000000
barracuda
  0 90.477020 13.268879 -17.537094 0.000000 0.195087 0.980786 0.081508 0.063909 1 0 1.000000
  0 90.477020 11.654560 -17.537094 0.000000 -0.195087 0.980786 0.091104 0.063909 1 0 1.000000
  0 99.399628 13.268879 -17.537094 0.454182 0.173798 0.873792 0.081552 0.010868 1 0 1.000000
barracuda
  0 99.399628 13.268879 -17.537094 0.454182 0.173798 0.873792 0.081552 0.010868 1 0 1.000000
  0 90.477020 11.654560 -17.537094 0.000000 -0.195087 0.980786 0.091104 0.063909 1 0 1.000000
  0 99.399628 11.654560 -17.537094 0.000000 -0.195087 0.980786 0.091060 0.010868 1 0 1.000000
barracuda
  0 90.477020 11.654560 -17.537094 0.000000 -0.195087 0.980786 0.091104 0.063909 1 0 1.000000
  0 99.399628 11.111347 -17.762096 0.000000 -0.555569 0.831471 0.094101 0.010868 1 0 1.000000
  0 99.399628 11.654560 -17.537094 0.000000 -0.195087 0.980786 0.091060 0.010868 1 0 1.000000
barracuda
  0 90.477020 11.111347 -17.762096 0.000000 -0.555569 0.831471 0.094334 0.063909 1 0 1.000000
  0 99.399628 11.111347 -17.762096 0.000000 -0.555569 0.831471 0.094101 0.010868 1 0 1.000000
  0 90.477020 11.654560 -17.537094 0.000000 -0.195087 0.980786 0.091104 0.063909 1 0 1.000000
barracuda
  0 90.477020 10.436218 -18.437229 0.000000 -0.831470 0.555569 0.098347 0.063909 1 0 1.000000
  0 99.399628 11.111347 -17.762096 0.000000 -0.555569 0.831471 0.094101 0.010868 1 0 1.000000
  0 90.477020 11.111347 -17.762096 0.000000 -0.555569 0.831471 0.094334 0.063909 1 0 1.000000
barracuda
  0 99.399628 10.436218 -18.437229 0.000000 -0.831470 0.555569 0.098580 0.010868 1 0 1.000000
  0 99.399628 11.111347 -17.762096 0.000000 -0.555569 0.831471 0.094101 0.010868 1 0 1.000000
  0 90.477020 10.436218 -18.437229 0.000000 -0.831470 0.555569 0.098347 0.063909 1 0 1.000000
barracuda
  0 90.477020 10.436218 -18.437229 0.000000 -0.831470 0.555569 0.098347 0.063909 1 0 1.000000
  0 99.399628 10.211212 -18.980442 0.000000 -0.980785 0.195091 0.101621 0.010868 1 0 1.000000
  0 99.399628 10.436218 -18.437229 0.000000 -0.831470 0.555569 0.098580 0.010868 1 0 1.000000
barracuda
  0 90.477020 10.211212 -18.980442 0.000000 -0.980785 0.195091 0.101576 0.063909 1 0 1.000000
  0 99.399628 10.211212 -18.980442 0.000000 -0.980785 0.195091 0.101621 0.010868 1 0 1.000000
  0 90.477020 10.436218 -18.437229 0.000000 -0.831470 0.555569 0.098347 0.063909 1 0 1.000000
barracuda
  0 90.477020 10.211212 -18.980442 0.000000 -0.980785 0.195091 0.101576 0.063909 1 0 1.000000
  0 90.477020 10.211212 -24.004601 0.000000 -0.980785 -0.195091 0.131443 0.063909 1 0 1.000000
  0 99.399628 10.211212 -18.980442 0.000000 -0.980785 0.195091 0.101621 0.010868 1 0 1.000000
barracuda
  0 99.399628 10.211212 -18.980442 0.000000 -0.980785 0.195091 0.101621 0.010868 1 0 1.000000
  0 90.477020 10.211212 -24.004601 0.000000 -0.980785 -0.195091 0.131443 0.063909 1 0 1.000000
  0 99.399628 10.211212 -24.004602 0.000000 -0.980785 -0.195091 0.131443 0.010868 1 0 1.000000
barracuda
  0 90.477020 10.211212 -24.004601 0.000000 -0.980785 -0.195091 0.010630 0.063909 1 0 1.000000
  0 99.399628 10.436218 -24.547813 0.000000 -0.831469 -0.555571 0.013626 0.010868 1 0 1.000000
  0 99.399628 10.211212 -24.004602 0.000000 -0.980785 -0.195091 0.010563 0.010868 1 0 1.000000
barracuda
  0 90.477020 10.436218 -24.547813 0.000000 -0.831469 -0.555571 0.013859 0.063909 1 0 1.000000
  0 99.399628 10.436218 -24.547813 0.000000 -0.831469 -0.555571 0.013626 0.010868 1 0 1.000000
  0 90.477020 10.211212 -24.004601 0.000000 -0.980785 -0.195091 0.010630 0.063909 1 0 1.000000
barracuda
  0 90.477020 11.111347 -25.222942 0.000000 -0.555571 -0.831469 0.017872 0.063909 1 0 1.000000
  0 99.399628 10.436218 -24.547813 0.000000 -0.831469 -0.555571 0.013626 0.010868 1 0 1.000000
  0 90.477020 10.436218 -24.547813 0.000000 -0.831469 -0.555571 0.013859 0.063909 1 0 1.000000
barracuda
  0 99.399628 11.111347 -25.222942 0.000000 -0.555571 -0.831469 0.018105 0.010868 1 0 1.000000
  0 99.399628 10.436218 -24.547813 0.000000 -0.831469 -0.555571 0.013626 0.010868 1 0 1.000000
  0 90.477020 11.111347 -25.222942 0.000000 -0.555571 -0.831469 0.017872 0.063909 1 0 1.000000
barracuda
  0 90.477020 11.111347 -25.222942 0.000000 -0.555571 -0.831469 0.017872 0.063909 1 0 1.000000
  0 99.399628 11.654560 -25.447948 0.000000 -0.195091 -0.980785 0.021146 0.010868 1 0 1.000000
  0 99.399628 11.111347 -25.222942 0.000000 -0.555571 -0.831469 0.018105 0.010868 1 0 1.000000
barracuda
  0 90.477020 11.654560 -25.447950 0.000000 -0.195091 -0.980785 0.021101 0.063909 1 0 1.000000
  0 99.399628 11.654560 -25.447948 0.000000 -0.195091 -0.980785 0.021146 0.010868 1 0 1.000000
  0 90.477020 11.111347 -25.222942 0.000000 -0.555571 -0.831469 0.017872 0.063909 1 0 1.000000
barracuda
  0 90.477020 11.654560 -25.447950 0.000000 -0.195091 -0.980785 0.021101 0.063909 1 0 1.000000
  0 90.477020 13.268883 -25.447950 0.000000 0.195091 -0.980785 0.030698 0.063909 1 0 1.000000
  0 99.399628 11.654560 -25.447948 0.000000 -0.195091 -0.980785 0.021146 0.010868 1 0 1.000000
barracuda
  0 99.399628 11.654560 -25.447948 0.000000 -0.195091 -0.980785 0.021146 0.010868 1 0 1.000000
  0 90.477020 13.268883 -25.447950 0.000000 0.195091 -0.980785 0.030698 0.063909 1 0 1.000000
  0 99.399628 13.268879 -25.447948 0.454182 0.173809 -0.873790 0.030653 0.010868 1 0 1.000000
barracuda
  0 90.477020 13.268883 -25.447950 0.000000 0.195091 -0.980785 0.030698 0.063909 1 0 1.000000
  0 99.399628 13.812092 -25.222942 0.713932 0.389018 -0.582207 0.033694 0.010868 1 0 1.000000
  0 99.399628 13.268879 -25.447948 0.454182 0.173809 -0.873790 0.030653 0.010868 1 0 1.000000
barracuda
  0 90.477020 13.812092 -25.222942 0.000000 0.555570 -0.831470 0.033927 0.063909 1 0 1.000000
  0 99.399628 13.812092 -25.222942 0.713932 0.389018 -0.582207 0.033694 0.010868 1 0 1.000000
  0 90.477020 13.268883 -25.447950 0.000000 0.195091 -0.980785 0.030698 0.063909 1 0 1.000000
barracuda
  0 90.477020 14.487225 -24.547813 0.000000 0.831471 -0.555568 0.037940 0.063909 1 0 1.000000
  0 99.399628 13.812092 -25.222942 0.713932 0.389018 -0.582207 0.033694 0.010868 1 0 1.000000
  0 90.477020 13.812092 -25.222942 0.000000 0.555570 -0.831470 0.033927 0.063909 1 0 1.000000
barracuda
  0 99.399628 14.487225 -24.547812 0.000000 0.831471 -0.555568 0.038173 0.010868 1 0 1.000000
  0 99.399628 13.812092 -25.222942 0.713932 0.389018 -0.582207 0.033694 0.010868 1 0 1.000000
  0 90.477020 14.487225 -24.547813 0.000000 0.831471 -0.555568 0.037940 0.063909 1 0 1.000000
barracuda
  0 90.477020 14.487225 -24.547813 0.000000 0.831471 -0.555568 0.037940 0.063909 1 0 1.000000
  0 99.399628 14.712227 -24.004601 0.000000 0.980786 -0.195087 0.041214 0.010868 1 0 1.000000
  0 99.399628 14.487225 -24.547812 0.000000 0.831471 -0.555568 0.038173 0.010868 1 0 1.000000
barracuda
  0 90.477020 14.712227 -24.004601 0.000000 0.980786 -0.195087 0.041170 0.063909 1 0 1.000000
  0 99.399628 14.712227 -24.004601 0.000000 0.980786 -0.195087 0.041214 0.010868 1 0 1.000000
  0 90.477020 14.487225 -24.547813 0.000000 0.831471 -0.555568 0.037940 0.063909 1 0 1.000000
barracuda
  0 90.477020 14.712227 -24.004601 0.000000 0.980786 -0.195087 0.041170 0.063909 1 0 1.000000
  0 90.477020 14.712227 -18.980442 0.000000 0.980785 0.195089 0.071036 0.063909 1 0 1.000000
  0 99.399628 14.712227 -24.004601 0.000000 0.980786 -0.195087 0.041214 0.010868 1 0 1.000000
barracuda
  0 99.399628 14.712227 -24.004601 0.000000 0.980786 -0.195087 0.041214 0.010868 1 0 1.000000
  0 90.477020 14.712227 -18.980442 0.000000 0.980785 0.195089 0.071036 0.063909 1 0 1.000000
  0 99.399628 14.712227 -18.980442 0.000000 0.980785 0.195089 0.070992 0.010868 1 0 1.000000
barracuda
  0 90.477020 14.712227 -18.980442 0.000000 0.980785 0.195089 0.071036 0.063909 1 0 1.000000
  0 99.399628 14.487225 -18.437227 0.000000 0.831471 0.555568 0.074033 0.010868 1 0 1.000000
  0 99.399628 14.712227 -18.980442 0.000000 0.980785 0.195089 0.070992 0.010868 1 0 1.000000
barracuda
  0 90.477020 14.487221 -18.437227 0.000000 0.831471 0.555568 0.074265 0.063909 1 0 1.000000
  0 99.399628 14.487225 -18.437227 0.000000 0.831471 0.555568 0.074033 0.010868 1 0 1.000000
  0 90.477020 14.712227 -18.980442 0.000000 0.980785 0.195089 0.071036 0.063909 1 0 1.000000
barracuda
  0 -65.608551 39.569496 11.141335 0.006924 0.996414 -0.084330 0.093865 0.897305 1 0 1.000000
  0 -90.782028 39.413570 7.980347 -0.072657 0.996587 -0.039185 0.082512 0.987718 1 0 1.000000
  0 -84.802094 39.937214 14.064919 0.021472 0.994065 -0.106650 0.104365 0.966241 1 0 1.000000
barracuda
  0 -63.834023 38.540436 -0.226374 0.008634 0.999963 0.000000 0.053037 0.890932 1 0 1.000000
  0 -90.782028 39.413570 7.980347 -0.072657 0.996587 -0.039185 0.082512 0.987718 1 0 1.000000
  0 -65.608551 39.569496 11.141335 0.006924 0.996414 -0.084330 0.093865 0.897305 1 0 1.000000
barracuda
  0 -93.725662 38.925117 -0.226376 -0.135177 0.990821 0.000000 0.053037 0.998291 1 0 1.000000
  0 -90.782028 39.413570 7.980347 -0.072657 0.996587 -0.039185 0.082512 0.987718 1 0 1.000000
  0 -63.834023 38.540436 -0.226374 0.008634 0.999963 0.000000 0.053037 0.890932 1 0 1.000000
barracuda
  0 -63.834023 38.540436 -0.226374 0.008634 0.999963 0.000000 0.053037 0.890932 1 0 1.000000
  0 -90.782028 39.413570 -8.433096 -0.072655 0.996587 0.039188 0.023562 0.987718 1 0 1.000000
  0 -93.725662 38.925117 -0.226376 -0.135177 0.990821 0.000000 0.053037 0.998291 1 0 1.000000
barracuda
  0 -65.608551 39.569496 -11.594087 0.006924 0.996414 0.084330 0.012209 0.897305 1 0 1.000000
  0 -90.782028 39.413570 -8.433096 -0.072655 0.996587 0.039188 0.023562 0.987718 1 0 1.000000
  0 -63.834023 38.540436 -0.226374 0.008634 0.999963 0.000000 0.053037 0.890932 1 0 1.000000
barracuda
  0 -65.608551 39.569496 -11.594087 0.006924 0.996414 0.084330 0.012209 0.897305 1 0 1.000000
  0 -84.802094 39.937214 -14.517673 0.021476 0.994064 0.106659 0.001708 0.966241 1 0 1.000000
  0 -90.782028 39.413570 -8.433096 -0.072655 0.996587 0.039188 0.023562 0.987718 1 0 1.000000
barracuda
  0 -105.583664 13.991482 7.110188 -0.058863 -0.998266 0.000000 0.541016 0.505733 1 0 1.000000
  0 -110.911499 14.305641 6.965351 -0.058863 -0.998266 0.000000 0.556097 0.505722 1 0 1.000000
  0 -105.583664 13.991482 -7.562939 -0.058863 -0.998266 0.000000 0.541016 0.557193 1 0 1.000000
barracuda
  0 -105.583664 13.991482 -7.562939 -0.058863 -0.998266 0.000000 0.541016 0.557193 1 0 1.000000
  0 -110.911499 14.305641 6.965351 -0.058863 -0.998266 0.000000 0.556097 0.505722 1 0 1.000000
  0 -110.911499 14.305640 -7.418102 -0.058863 -0.998266 0.000000 0.556097 0.557381 1 0 1.000000
barracuda
  0 106.871140 31.868715 -39.977989 0.081489 0.991951 0.096914 0.459341 0.961143 1 0 1.000000
  0 108.462006 31.578045 -38.340569 0.058495 0.995836 0.069916 0.450105 0.961975 1 0 1.000000
  0 107.454651 31.868715 -40.468628 0.081489 0.991951 0.096914 0.458676 0.964216 1 0 1.000000
barracuda
  0 107.454651 31.868715 -40.468628 0.081489 0.991951 0.096914 0.458676 0.964216 1 0 1.000000
  0 108.462006 31.578045 -38.340569 0.058495 0.995836 0.069916 0.450105 0.961975 1 0 1.000000
  0 109.045502 31.578047 -38.831207 0.058495 0.995836 0.069916 0.451162 0.964729 1 0 1.000000
barracuda
  0 108.462006 31.578045 -38.340569 0.058495 0.995836 0.069916 0.450105 0.961975 1 0 1.000000
  0 109.251083 31.513519 -37.489010 0.035427 0.998454 0.042829 0.446096 0.965161 1 0 1.000000
  0 109.045502 31.578047 -38.831207 0.058495 0.995836 0.069916 0.451162 0.964729 1 0 1.000000
barracuda
  0 108.648315 31.513519 -36.998356 0.035427 0.998454 0.042829 0.444207 0.963262 1 0 1.000000
  0 109.251083 31.513519 -37.489010 0.035427 0.998454 0.042829 0.446096 0.965161 1 0 1.000000
  0 108.462006 31.578045 -38.340569 0.058495 0.995836 0.069916 0.450105 0.961975 1 0 1.000000
barracuda
  0 -29.683605 41.225876 35.319050 -0.132962 0.940763 0.311907 0.461524 0.577694 1 0 1.000000
  0 -27.810314 40.936989 36.870865 -0.217929 0.866200 0.449671 0.466218 0.570411 1 0 1.000000
  0 -23.612133 46.771976 33.526306 -0.400425 0.667844 0.627411 0.443139 0.554166 1 0 1.000000
barracuda
  0 -23.612133 46.771976 33.526306 -0.400425 0.667844 0.627411 0.443139 0.554166 1 0 1.000000
  0 -27.810314 40.936989 36.870865 -0.217929 0.866200 0.449671 0.466218 0.570411 1 0 1.000000
  0 -22.376606 45.959793 35.196415 -0.400425 0.667844 0.627411 0.449432 0.549294 1 0 1.000000
barracuda
  0 -16.045187 51.696667 32.851875 -0.363347 0.685683 0.630728 0.429212 0.524941 1 0 1.000000
  0 -23.612133 46.771976 33.526306 -0.400425 0.667844 0.627411 0.443139 0.554166 1 0 1.000000
  0 -22.376606 45.959793 35.196415 -0.400425 0.667844 0.627411 0.449432 0.549294 1 0 1.000000
barracuda
  0 -17.167265 52.540470 31.293436 -0.363347 0.685683 0.630728 0.422980 0.529198 1 0 1.000000
  0 -23.612133 46.771976 33.526306 -0.400425 0.667844 0.627411 0.443139 0.554166 1 0 1.000000
  0 -16.045187 51.696667 32.851875 -0.363347 0.685683 0.630728 0.429212 0.524941 1 0 1.000000
barracuda
  0 -10.991970 56.176029 30.642979 -0.288739 0.714542 0.637228 0.413210 0.505118 1 0 1.000000
  0 -17.167265 52.540470 31.293436 -0.363347 0.685683 0.630728 0.422980 0.529198 1 0 1.000000
  0 -16.045187 51.696667 32.851875 -0.363347 0.685683 0.630728 0.429212 0.524941 1 0 1.000000
barracuda
  0 -12.304146 56.781414 29.297834 -0.327733 0.760649 0.560361 0.407744 0.509805 1 0 1.000000
  0 -17.167265 52.540470 31.293436 -0.363347 0.685683 0.630728 0.422980 0.529198 1 0 1.000000
  0 -10.991970 56.176029 30.642979 -0.288739 0.714542 0.637228 0.413210 0.505118 1 0 1.000000
barracuda
  0 -10.991970 56.176029 30.642979 -0.288739 0.714542 0.637228 0.413210 0.505118 1 0 1.000000
  0 -8.201188 57.382671 30.114193 -0.151403 0.751502 0.642123 0.410236 0.494457 1 0 1.000000
  0 -12.304146 56.781414 29.297834 -0.327733 0.760649 0.560361 0.407744 0.509805 1 0 1.000000
barracuda
  0 -110.466614 32.010193 29.872950 -0.650060 0.737948 0.181257 0.504173 0.860780 1 0 1.000000
  0 -109.170242 31.591415 35.177982 -0.621776 0.739720 0.257311 0.518765 0.847400 1 0 1.000000
  0 -108.189987 33.756603 31.322187 -0.557106 0.803312 0.210530 0.502979 0.849251 1 0 1.000000
barracuda
  0 -108.189987 33.756603 31.322187 -0.557106 0.803312 0.210530 0.502979 0.849251 1 0 1.000000
  0 -109.170242 31.591415 35.177982 -0.621776 0.739720 0.257311 0.518765 0.847400 1 0 1.000000
  0 -106.690933 32.912426 36.402885 -0.491474 0.830532 0.262051 0.516649 0.837515 1 0 1.000000
barracuda
  0 -108.189987 33.756603 31.322187 -0.557106 0.803312 0.210530 0.502979 0.849251 1 0 1.000000
  0 -106.690933 32.912426 36.402885 -0.491474 0.830532 0.262051 0.516649 0.837515 1 0 1.000000
  0 -103.411774 35.216156 32.826168 -0.280986 0.927113 0.248010 0.499627 0.831356 1 0 1.000000
barracuda
  0 -103.411774 35.216156 32.826168 -0.280986 0.927113 0.248010 0.499627 0.831356 1 0 1.000000
  0 -106.690933 32.912426 36.402885 -0.491474 0.830532 0.262051 0.516649 0.837515 1 0 1.000000
  0 -102.177414 34.209709 37.813988 -0.280986 0.927113 0.248010 0.514143 0.822186 1 0 1.000000
barracuda
  0 -103.411774 35.216156 32.826168 -0.280986 0.927113 0.248010 0.499627 0.831356 1 0 1.000000
  0 -102.177414 34.209709 37.813988 -0.280986 0.927113 0.248010 0.514143 0.822186 1 0 1.000000
  0 -93.725662 37.020763 34.069450 -0.175696 0.956782 0.231732 0.492851 0.798686 1 0 1.000000
barracuda
  0 -93.725662 37.020763 34.069450 -0.175696 0.956782 0.231732 0.492851 0.798686 1 0 1.000000
  0 -102.177414 34.209709 37.813988 -0.280986 0.927113 0.248010 0.514143 0.822186 1 0 1.000000
  0 -93.725662 35.834423 39.068260 -0.175696 0.956782 0.231732 0.509353 0.794742 1 0 1.000000
barracuda
  0 -93.725662 37.020763 34.069450 -0.175696 0.956782 0.231732 0.492851 0.798686 1 0 1.000000
  0 -93.725662 35.834423 39.068260 -0.175696 0.956782 0.231732 0.509353 0.794742 1 0 1.000000
  0 -84.719910 38.212906 34.539505 -0.128531 0.964905 0.228995 0.487290 0.768390 1 0 1.000000
barracuda
  0 -84.719910 38.212906 34.539505 -0.128531 0.964905 0.228995 0.487290 0.768390 1 0 1.000000
  0 -93.725662 35.834423 39.068260 -0.175696 0.956782 0.231732 0.509353 0.794742 1 0 1.000000
  0 -84.719910 37.026497 39.538620 -0.128531 0.964905 0.228995 0.504384 0.765236 1 0 1.000000
barracuda
  0 -84.719910 38.212906 34.539505 -0.128531 0.964905 0.228995 0.487290 0.768390 1 0 1.000000
  0 -84.719910 37.026497 39.538620 -0.128531 0.964905 0.228995 0.504384 0.765236 1 0 1.000000
  0 -74.590469 39.371056 34.853073 -0.104368 0.967661 0.229650 0.481410 0.733912 1 0 1.000000
barracuda
  0 -74.590469 39.371056 34.853073 -0.104368 0.967661 0.229650 0.481410 0.733912 1 0 1.000000
  0 -84.719910 37.026497 39.538620 -0.128531 0.964905 0.228995 0.504384 0.765236 1 0 1.000000
  0 -74.590469 38.184639 39.852203 -0.104368 0.967661 0.229650 0.498827 0.731094 1 0 1.000000
barracuda
  0 -74.590469 39.371056 34.853073 -0.104368 0.967661 0.229650 0.481410 0.733912 1 0 1.000000
  0 -74.590469 38.184639 39.852203 -0.104368 0.967661 0.229650 0.498827 0.731094 1 0 1.000000
  0 -65.048424 40.218842 35.063061 -0.078359 0.969983 0.230201 0.476321 0.701028 1 0 1.000000
barracuda
  0 -65.048424 40.218842 35.063061 -0.078359 0.969983 0.230201 0.476321 0.701028 1 0 1.000000
  0 -74.590469 38.184639 39.852203 -0.104368 0.967661 0.229650 0.498827 0.731094 1 0 1.000000
  0 -65.048424 39.032417 40.062195 -0.078359 0.969983 0.230201 0.493987 0.698520 1 0 1.000000
barracuda
  0 -65.048424 39.032417 40.062195 -0.078359 0.969983 0.230201 0.493987 0.698520 1 0 1.000000
  0 -50.437241 39.969196 40.272179 -0.037774 0.972535 0.229669 0.487208 0.648153 1 0 1.000000
  0 -65.048424 40.218842 35.063061 -0.078359 0.969983 0.230201 0.476321 0.701028 1 0 1.000000
barracuda
  0 -65.048424 40.218842 35.063061 -0.078359 0.969983 0.230201 0.476321 0.701028 1 0 1.000000
  0 -50.437241 39.969196 40.272179 -0.037774 0.972535 0.229669 0.487208 0.648153 1 0 1.000000
  0 -50.437241 41.155609 35.273052 -0.037774 0.972535 0.229669 0.469405 0.650292 1 0 1.000000
barracuda
  0 -35.617424 40.132534 40.272179 -0.002394 0.974331 0.225107 0.481724 0.596435 1 0 1.000000
  0 -50.437241 41.155609 35.273052 -0.037774 0.972535 0.229669 0.469405 0.650292 1 0 1.000000
  0 -50.437241 39.969196 40.272179 -0.037774 0.972535 0.229669 0.487208 0.648153 1 0 1.000000
barracuda
  0 -32.728073 41.348198 35.174984 0.085535 0.989100 0.119856 0.462215 0.588371 1 0 1.000000
  0 -50.437241 41.155609 35.273052 -0.037774 0.972535 0.229669 0.469405 0.650292 1 0 1.000000
  0 -35.617424 40.132534 40.272179 -0.002394 0.974331 0.225107 0.481724 0.596435 1 0 1.000000
barracuda
  0 -35.617424 40.132534 40.272179 -0.002394 0.974331 0.225107 0.481724 0.596435 1 0 1.000000
  0 -27.810314 40.936989 36.870865 -0.217929 0.866200 0.449671 0.466218 0.570411 1 0 1.000000
  0 -32.728073 41.348198 35.174984 0.085535 0.989100 0.119856 0.462215 0.588371 1 0 1.000000
barracuda
  0 -32.728073 41.348198 35.174984 0.085535 0.989100 0.119856 0.462215 0.588371 1 0 1.000000
  0 -27.810314 40.936989 36.870865 -0.217929 0.866200 0.449671 0.466218 0.570411 1 0 1.000000
  0 -29.683605 41.225876 35.319050 -0.132962 0.940763 0.311907 0.461524 0.577694 1 0 1.000000
barracuda
  0 106.423279 27.650499 -39.649639 -0.643558 0.008756 -0.765347 0.458322 0.982496 1 0 1.000000
  0 106.871140 31.868715 -39.977989 -0.643558 0.008756 -0.765347 0.460545 0.965581 1 0 1.000000
  0 107.006775 27.650499 -40.140297 -0.643558 0.008756 -0.765347 0.456422 0.980477 1 0 1.000000
barracuda
  0 107.006775 27.650499 -40.140297 -0.643558 0.008756 -0.765347 0.456422 0.980477 1 0 1.000000
  0 106.871140 31.868715 -39.977989 -0.643558 0.008756 -0.765347 0.460545 0.965581 1 0 1.000000
  0 107.454651 31.868715 -40.468628 -0.643558 0.008756 -0.765347 0.458676 0.964216 1 0 1.000000
barracuda
  0 -107.819824 23.701225 -37.115532 -0.024364 0.929955 -0.366866 0.968544 0.374228 1 0 1.000000
  0 -105.920013 23.364222 -38.182552 -0.024364 0.929955 -0.366866 0.958308 0.368535 1 0 1.000000
  0 -108.156281 23.456270 -37.800705 -0.024364 0.929955 -0.366866 0.965731 0.377656 1 0 1.000000
barracuda
  0 -108.156281 23.456270 -37.800705 -0.024364 0.929955 -0.366866 0.965731 0.377656 1 0 1.000000
  0 -105.920013 23.364222 -38.182552 -0.024364 0.929955 -0.366866 0.958308 0.368535 1 0 1.000000
  0 -106.388992 23.048065 -38.866230 -0.024364 0.929955 -0.366866 0.957053 0.372894 1 0 1.000000
barracuda
  0 -106.388992 23.048065 -38.866230 0.723129 0.156847 -0.672669 0.957053 0.372894 1 0 1.000000
  0 -105.920013 23.364222 -38.182552 0.723129 0.156847 -0.672669 0.955967 0.369484 1 0 1.000000
  0 -103.985672 18.252075 -37.295101 0.630487 -0.269170 -0.728034 0.934039 0.386789 1 0 1.000000
barracuda
  0 -103.985672 18.252075 -37.295101 0.630487 -0.269170 -0.728034 0.934039 0.386789 1 0 1.000000
  0 -105.920013 23.364222 -38.182552 0.723129 0.156847 -0.672669 0.955967 0.369484 1 0 1.000000
  0 -103.586716 18.199524 -36.984276 0.630487 -0.269170 -0.728034 0.932041 0.386415 1 0 1.000000
barracuda
  0 -102.396179 16.067070 -34.080021 0.416074 -0.643199 -0.642789 0.925038 0.402579 1 0 1.000000
  0 -103.985672 18.252075 -37.295101 0.630487 -0.269170 -0.728034 0.934039 0.386789 1 0 1.000000
  0 -103.586716 18.199524 -36.984276 0.630487 -0.269170 -0.728034 0.932041 0.386415 1 0 1.000000
barracuda
  0 -110.911499 14.305641 6.965351 -1.000000 0.000002 0.000000 0.556097 0.505722 1 0 1.000000
  0 -110.911499 18.693718 6.958855 -1.000000 0.000002 0.000000 0.572510 0.505745 1 0 1.000000
  0 -110.911499 14.305640 -7.418102 -1.000000 0.000002 0.000000 0.556097 0.557381 1 0 1.000000
barracuda
  0 -110.911499 14.305640 -7.418102 -1.000000 0.000002 0.000000 0.556097 0.557381 1 0 1.000000
  0 -110.911499 18.693718 6.958855 -1.000000 0.000002 0.000000 0.572510 0.505745 1 0 1.000000
  0 -110.911499 18.693718 -7.411606 -1.000000 0.000002 0.000000 0.572510 0.557358 1 0 1.000000
barracuda
  0 -110.911499 18.693718 6.958855 -1.000000 0.000002 0.000000 0.572510 0.505745 1 0 1.000000
  0 -110.911499 19.432220 6.944233 -1.000000 0.000002 0.000000 0.575163 0.505798 1 0 1.000000
  0 -110.911499 18.693718 -7.411606 -1.000000 0.000002 0.000000 0.572510 0.557358 1 0 1.000000
barracuda
  0 -110.911499 19.432220 6.944233 -1.000000 0.000002 0.000000 0.575163 0.505798 1 0 1.000000
  0 -110.911499 19.422272 -0.226376 -1.000000 0.000002 0.000000 0.575127 0.531552 1 0 1.000000
  0 -110.911499 18.693718 -7.411606 -1.000000 0.000002 0.000000 0.572510 0.557358 1 0 1.000000
barracuda
  0 -110.911499 19.422272 -0.226376 -1.000000 0.000002 0.000000 0.575127 0.531552 1 0 1.000000
  0 -110.911499 19.432220 -7.396984 -1.000000 0.000002 0.000000 0.575163 0.557305 1 0 1.000000
  0 -110.911499 18.693718 -7.411606 -1.000000 0.000002 0.000000 0.572510 0.557358 1 0 1.000000
barracuda
  0 107.270859 38.863785 6.908716 0.983318 0.181893 0.000000 0.331284 0.050514 1 0 1.000000
  0 109.010468 29.459438 7.118156 0.983318 0.181893 0.000000 0.331952 0.011420 1 0 1.000000
  0 107.270859 38.863785 -7.361469 0.983318 0.181893 0.000000 0.274596 0.050756 1 0 1.000000
barracuda
  0 107.270859 38.863785 -7.361469 0.983318 0.181893 0.000000 0.274596 0.050756 1 0 1.000000
  0 109.010468 29.459438 7.118156 0.983318 0.181893 0.000000 0.331952 0.011420 1 0 1.000000
  0 109.010468 29.459438 -7.570908 0.983318 0.181893 0.000000 0.273594 0.011669 1 0 1.000000
barracuda
  0 109.010468 29.459438 -7.570908 0.460192 0.102810 -0.881847 0.273594 0.011669 1 0 1.000000
  0 108.497360 29.465225 -7.817154 0.460192 0.102810 -0.881847 0.272114 0.012914 1 0 1.000000
  0 107.270859 38.863785 -7.361469 0.460192 0.102810 -0.881847 0.274596 0.050756 1 0 1.000000
barracuda
  0 107.270859 38.863785 -7.361469 0.460192 0.102810 -0.881847 0.274596 0.050756 1 0 1.000000
  0 108.497360 29.465225 -7.817154 0.460192 0.102810 -0.881847 0.272114 0.012914 1 0 1.000000
  0 106.755600 38.862091 -7.651400 0.460192 0.102810 -0.881847 0.273014 0.049944 1 0 1.000000
barracuda
  0 107.364029 37.249687 -35.624336 -0.000002 -0.703995 0.710205 0.156578 0.046573 1 0 1.000000
  0 107.110901 38.429619 -34.454727 -0.000002 -0.703995 0.710205 0.163500 0.053322 1 0 1.000000
  0 105.954941 37.249687 -35.624344 -0.000002 -0.703995 0.710205 0.161615 0.044857 1 0 1.000000
barracuda
  0 105.954941 37.249687 -35.624344 -0.000002 -0.703995 0.710205 0.161615 0.044857 1 0 1.000000
  0 107.110901 38.429619 -34.454727 -0.000002 -0.703995 0.710205 0.163500 0.053322 1 0 1.000000
  0 105.701813 38.429619 -34.454727 -0.000002 -0.703995 0.710205 0.165872 0.049101 1 0 1.000000
barracuda
  0 108.648315 31.513519 -36.998356 0.000000 -0.232947 0.972489 0.150996 0.019749 1 0 1.000000
  0 107.364029 37.249687 -35.624336 0.000000 -0.232947 0.972489 0.156578 0.046573 1 0 1.000000
  0 107.185486 31.513519 -36.998356 0.000000 -0.232947 0.972489 0.155940 0.021728 1 0 1.000000
barracuda
  0 107.185486 31.513519 -36.998356 0.000000 -0.232947 0.972489 0.155940 0.021728 1 0 1.000000
  0 107.364029 37.249687 -35.624336 0.000000 -0.232947 0.972489 0.156578 0.046573 1 0 1.000000
  0 105.954941 37.249687 -35.624344 0.000000 -0.232947 0.972489 0.161615 0.044857 1 0 1.000000
barracuda
  0 108.668488 30.129366 -35.827118 0.000002 0.645953 0.763377 0.158070 0.012013 1 0 1.000000
  0 108.648315 31.513519 -36.998356 0.000002 0.645953 0.763377 0.150996 0.019749 1 0 1.000000
  0 107.259415 30.129370 -35.827118 0.000002 0.645953 0.763377 0.160167 0.016604 1 0 1.000000
barracuda
  0 107.259415 30.129370 -35.827118 0.000002 0.645953 0.763377 0.160167 0.016604 1 0 1.000000
  0 108.648315 31.513519 -36.998356 0.000002 0.645953 0.763377 0.150996 0.019749 1 0 1.000000
  0 107.185486 31.513519 -36.998356 0.000002 0.645953 0.763377 0.155940 0.021728 1 0 1.000000
barracuda
  0 108.462006 31.578045 37.887817 0.946082 0.260800 0.192126 0.456649 0.044698 1 0 1.000000
  0 108.648315 31.513519 36.545605 0.946082 0.260800 0.192126 0.452136 0.043862 1 0 1.000000
  0 107.364029 37.249691 35.171593 0.961486 0.244448 0.125659 0.445447 0.062799 1 0 1.000000
barracuda
  0 106.426682 39.394875 36.542255 0.946082 0.260800 0.192126 0.449387 0.071443 1 0 1.000000
  0 108.462006 31.578045 37.887817 0.946082 0.260800 0.192126 0.456649 0.044698 1 0 1.000000
  0 107.364029 37.249691 35.171593 0.961486 0.244448 0.125659 0.445447 0.062799 1 0 1.000000
barracuda
  0 106.586304 40.268280 35.345634 0.961486 0.244448 0.125659 0.444865 0.074073 1 0 1.000000
  0 106.426682 39.394875 36.542255 0.946082 0.260800 0.192126 0.449387 0.071443 1 0 1.000000
  0 107.364029 37.249691 35.171593 0.961486 0.244448 0.125659 0.445447 0.062799 1 0 1.000000
barracuda
  0 107.364029 37.249691 35.171593 0.961486 0.244448 0.125659 0.445447 0.062799 1 0 1.000000
  0 107.110901 38.429623 34.001976 0.972157 0.226892 0.058573 0.440297 0.066541 1 0 1.000000
  0 106.586304 40.268280 35.345634 0.961486 0.244448 0.125659 0.444865 0.074073 1 0 1.000000
barracuda
  0 106.586304 40.268280 35.345634 0.961486 0.244448 0.125659 0.444865 0.074073 1 0 1.000000
  0 107.110901 38.429623 34.001976 0.972157 0.226892 0.058573 0.440297 0.066541 1 0 1.000000
  0 107.271454 40.921108 22.034405 0.974479 0.219459 0.047194 0.391657 0.070725 1 0 1.000000
barracuda
  0 107.271454 40.921108 22.034405 0.974479 0.219459 0.047194 0.391657 0.070725 1 0 1.000000
  0 107.110901 38.429623 34.001976 0.972157 0.226892 0.058573 0.440297 0.066541 1 0 1.000000
  0 107.742355 38.810814 22.076653 0.974479 0.219459 0.047194 0.392513 0.062391 1 0 1.000000
barracuda
  0 108.525024 38.905846 -0.226376 0.977243 0.212122 0.000000 0.302667 0.058360 1 0 1.000000
  0 107.271454 40.921108 22.034405 0.974479 0.219459 0.047194 0.391657 0.070725 1 0 1.000000
  0 107.742355 38.810814 22.076653 0.974479 0.219459 0.047194 0.392513 0.062391 1 0 1.000000
barracuda
  0 108.032822 41.239693 -0.226374 0.977243 0.212122 0.000000 0.302667 0.067617 1 0 1.000000
  0 107.271454 40.921108 22.034405 0.974479 0.219459 0.047194 0.391657 0.070725 1 0 1.000000
  0 108.525024 38.905846 -0.226376 0.977243 0.212122 0.000000 0.302667 0.058360 1 0 1.000000
barracuda
  0 108.525024 38.905846 -0.226376 0.977243 0.212122 0.000000 0.302667 0.058360 1 0 1.000000
  0 107.271454 40.921112 -22.487158 0.974479 0.219459 -0.047194 0.213677 0.070725 1 0 1.000000
  0 108.032822 41.239693 -0.226374 0.977243 0.212122 0.000000 0.302667 0.067617 1 0 1.000000
barracuda
  0 107.742355 38.810814 -22.529404 0.974479 0.219459 -0.047194 0.212821 0.062391 1 0 1.000000
  0 107.271454 40.921112 -22.487158 0.974479 0.219459 -0.047194 0.213677 0.070725 1 0 1.000000
  0 108.525024 38.905846 -0.226376 0.977243 0.212122 0.000000 0.302667 0.058360 1 0 1.000000
barracuda
  0 107.271454 40.921112 -22.487158 0.974479 0.219459 -0.047194 0.213677 0.070725 1 0 1.000000
  0 107.742355 38.810814 -22.529404 0.974479 0.219459 -0.047194 0.212821 0.062391 1 0 1.000000
  0 107.110901 38.429619 -34.454727 0.972158 0.226889 -0.058573 0.165038 0.066541 1 0 1.000000
barracuda
  0 106.586304 40.268280 -35.798393 0.961486 0.244446 -0.125659 0.160487 0.074434 1 0 1.000000
  0 107.271454 40.921112 -22.487158 0.974479 0.219459 -0.047194 0.213677 0.070725 1 0 1.000000
  0 107.110901 38.429619 -34.454727 0.972158 0.226889 -0.058573 0.165038 0.066541 1 0 1.000000
barracuda
  0 107.364029 37.249687 -35.624336 0.961486 0.244446 -0.125659 0.159869 0.062438 1 0 1.000000
  0 106.586304 40.268280 -35.798393 0.961486 0.244446 -0.125659 0.160487 0.074434 1 0 1.000000
  0 107.110901 38.429619 -34.454727 0.972158 0.226889 -0.058573 0.165038 0.066541 1 0 1.000000
barracuda
  0 106.586304 40.268280 -35.798393 0.961486 0.244446 -0.125659 0.160487 0.074434 1 0 1.000000
  0 107.364029 37.249687 -35.624336 0.961486 0.244446 -0.125659 0.159869 0.062438 1 0 1.000000
  0 106.426682 39.394875 -36.995003 0.946082 0.260800 -0.192126 0.155384 0.071502 1 0 1.000000
barracuda
  0 106.426682 39.394875 -36.995003 0.946082 0.260800 -0.192126 0.155384 0.071502 1 0 1.000000
  0 107.364029 37.249687 -35.624336 0.961486 0.244446 -0.125659 0.159869 0.062438 1 0 1.000000
  0 108.462006 31.578045 -38.340569 0.946082 0.260800 -0.192126 0.146688 0.041215 1 0 1.000000
barracuda
  0 108.462006 31.578045 -38.340569 0.946082 0.260800 -0.192126 0.146688 0.041215 1 0 1.000000
  0 107.364029 37.249687 -35.624336 0.961486 0.244446 -0.125659 0.159869 0.062438 1 0 1.000000
  0 108.648315 31.513519 -36.998356 0.946082 0.260800 -0.192126 0.151961 0.040380 1 0 1.000000
barracuda
  0 107.006775 27.650497 39.687550 0.715924 -0.143912 0.683185 0.140058 0.980931 1 0 1.000000
  0 109.045502 31.578049 38.378456 0.887240 -0.141195 0.439169 0.145292 0.964774 1 0 1.000000
  0 107.454651 31.868713 40.015881 0.715924 -0.143912 0.683185 0.137779 0.963700 1 0 1.000000
barracuda
  0 108.400116 25.764755 37.739319 0.948248 -0.154805 0.277239 0.147740 0.987829 1 0 1.000000
  0 109.045502 31.578049 38.378456 0.887240 -0.141195 0.439169 0.145292 0.964774 1 0 1.000000
  0 107.006775 27.650497 39.687550 0.715924 -0.143912 0.683185 0.140058 0.980931 1 0 1.000000
barracuda
  0 109.251083 31.513519 37.036259 0.978722 -0.124972 0.162744 0.150365 0.965257 1 0 1.000000
  0 109.045502 31.578049 38.378456 0.887240 -0.141195 0.439169 0.145292 0.964774 1 0 1.000000
  0 108.400116 25.764755 37.739319 0.948248 -0.154805 0.277239 0.147740 0.987829 1 0 1.000000
barracuda
  0 109.251999 29.921131 35.865013 0.979902 -0.163469 0.114323 0.154600 0.970976 1 0 1.000000
  0 109.251083 31.513519 37.036259 0.978722 -0.124972 0.162744 0.150365 0.965257 1 0 1.000000
  0 108.400116 25.764755 37.739319 0.948248 -0.154805 0.277239 0.147740 0.987829 1 0 1.000000
barracuda
  0 109.077423 25.165775 22.405327 0.976647 -0.209178 0.049042 0.208304 0.990174 1 0 1.000000
  0 109.251999 29.921131 35.865013 0.979902 -0.163469 0.114323 0.154600 0.970976 1 0 1.000000
  0 108.400116 25.764755 37.739319 0.948248 -0.154805 0.277239 0.147740 0.987829 1 0 1.000000
barracuda
  0 110.067627 29.464355 22.723557 0.976647 -0.209178 0.049042 0.207053 0.973097 1 0 1.000000
  0 109.251999 29.921131 35.865013 0.979902 -0.163469 0.114323 0.154600 0.970976 1 0 1.000000
  0 109.077423 25.165775 22.405327 0.976647 -0.209178 0.049042 0.208304 0.990174 1 0 1.000000
barracuda
  0 109.077423 25.165775 22.405327 0.976647 -0.209178 0.049042 0.208304 0.990174 1 0 1.000000
  0 110.856384 29.077078 -0.226376 0.976323 -0.216318 0.000000 0.298222 0.974635 1 0 1.000000
  0 110.067627 29.464355 22.723557 0.976647 -0.209178 0.049042 0.207053 0.973097 1 0 1.000000
barracuda
  0 109.971695 24.855709 -0.226376 0.976323 -0.216318 0.000000 0.298222 0.991406 1 0 1.000000
  0 110.856384 29.077078 -0.226376 0.976323 -0.216318 0.000000 0.298222 0.974635 1 0 1.000000
  0 109.077423 25.165775 22.405327 0.976647 -0.209178 0.049042 0.208304 0.990174 1 0 1.000000
barracuda
  0 109.971695 24.855709 -0.226376 0.976323 -0.216318 0.000000 0.298222 0.991406 1 0 1.000000
  0 109.077423 25.165775 -22.858080 0.976647 -0.209177 -0.049042 0.388140 0.990174 1 0 1.000000
  0 110.856384 29.077078 -0.226376 0.976323 -0.216318 0.000000 0.298222 0.974635 1 0 1.000000
barracuda
  0 110.856384 29.077078 -0.226376 0.976323 -0.216318 0.000000 0.298222 0.974635 1 0 1.000000
  0 109.077423 25.165775 -22.858080 0.976647 -0.209177 -0.049042 0.388140 0.990174 1 0 1.000000
  0 110.067627 29.464355 -23.176310 0.976647 -0.209177 -0.049042 0.389431 0.973095 1 0 1.000000
barracuda
  0 110.067627 29.464355 -23.176310 0.976647 -0.209177 -0.049042 0.389431 0.973095 1 0 1.000000
  0 109.077423 25.165775 -22.858080 0.976647 -0.209177 -0.049042 0.388140 0.990174 1 0 1.000000
  0 109.251999 29.921133 -36.317760 0.979902 -0.163469 -0.114322 0.441787 0.970976 1 0 1.000000
barracuda
  0 109.251999 29.921133 -36.317760 0.979902 -0.163469 -0.114322 0.441787 0.970976 1 0 1.000000
  0 109.077423 25.165775 -22.858080 0.976647 -0.209177 -0.049042 0.388140 0.990174 1 0 1.000000
  0 108.400116 25.764751 -38.192074 0.948248 -0.154804 -0.277239 0.448704 0.987829 1 0 1.000000
barracuda
  0 109.251999 29.921133 -36.317760 0.979902 -0.163469 -0.114322 0.441787 0.970976 1 0 1.000000
  0 108.400116 25.764751 -38.192074 0.948248 -0.154804 -0.277239 0.448704 0.987829 1 0 1.000000
  0 109.251083 31.513519 -37.489010 0.978722 -0.124970 -0.162743 0.446096 0.965161 1 0 1.000000
barracuda
  0 109.251083 31.513519 -37.489010 0.978722 -0.124970 -0.162743 0.446096 0.965161 1 0 1.000000
  0 108.400116 25.764751 -38.192074 0.948248 -0.154804 -0.277239 0.448704 0.987829 1 0 1.000000
  0 109.045502 31.578047 -38.831207 0.887240 -0.141193 -0.439169 0.451162 0.964729 1 0 1.000000
barracuda
  0 108.400116 25.764751 -38.192074 0.948248 -0.154804 -0.277239 0.448704 0.987829 1 0 1.000000
  0 107.006775 27.650499 -40.140297 0.715923 -0.143912 -0.683186 0.456422 0.980477 1 0 1.000000
  0 109.045502 31.578047 -38.831207 0.887240 -0.141193 -0.439169 0.451162 0.964729 1 0 1.000000
barracuda
  0 109.045502 31.578047 -38.831207 0.887240 -0.141193 -0.439169 0.451162 0.964729 1 0 1.000000
  0 107.006775 27.650499 -40.140297 0.715923 -0.143912 -0.683186 0.456422 0.980477 1 0 1.000000
  0 107.454651 31.868715 -40.468628 0.715923 -0.143912 -0.683186 0.458676 0.964216 1 0 1.000000
barracuda
  0 27.338459 43.870476 -35.895073 0.026708 -0.380637 0.924339 0.070987 0.729648 1 0 1.000000
  0 22.539658 58.295761 -29.816191 0.026708 -0.380637 0.924339 0.071433 0.725036 1 0 1.000000
  0 26.331909 43.664940 -35.950645 0.026708 -0.380637 0.924339 0.069197 0.729672 1 0 1.000000
barracuda
  0 26.331909 43.664940 -35.950645 0.026708 -0.380637 0.924339 0.069197 0.729672 1 0 1.000000
  0 22.539658 58.295761 -29.816191 0.026708 -0.380637 0.924339 0.071433 0.725036 1 0 1.000000
  0 21.533108 58.090210 -29.871735 0.026708 -0.380637 0.924339 0.069643 0.725060 1 0 1.000000
barracuda
  0 26.331909 43.658833 -36.500580 -0.948422 -0.316991 0.003517 0.067612 0.729737 1 0 1.000000
  0 26.331909 43.664940 -35.950645 -0.948422 -0.316991 0.003517 0.069197 0.729672 1 0 1.000000
  0 21.533108 58.084114 -30.421692 -0.948422 -0.316991 0.003517 0.068057 0.725124 1 0 1.000000
barracuda
  0 21.533108 58.084114 -30.421692 -0.948422 -0.316991 0.003517 0.068057 0.725124 1 0 1.000000
  0 26.331909 43.664940 -35.950645 -0.948422 -0.316991 0.003517 0.069197 0.729672 1 0 1.000000
  0 21.533108 58.090210 -29.871735 -0.948422 -0.316991 0.003517 0.069643 0.725060 1 0 1.000000
barracuda
  0 27.137005 43.794022 -36.494629 -0.055611 0.371966 -0.926579 0.065083 0.729772 1 0 1.000000
  0 26.331909 43.658833 -36.500580 -0.055611 0.371966 -0.926579 0.067612 0.729737 1 0 1.000000
  0 22.338207 58.219299 -30.415741 -0.055611 0.371966 -0.926579 0.065529 0.725159 1 0 1.000000
barracuda
  0 22.338207 58.219299 -30.415741 -0.055611 0.371966 -0.926579 0.065529 0.725159 1 0 1.000000
  0 26.331909 43.658833 -36.500580 -0.055611 0.371966 -0.926579 0.067612 0.729737 1 0 1.000000
  0 21.533108 58.084114 -30.421692 -0.055611 0.371966 -0.926579 0.068057 0.725124 1 0 1.000000
barracuda
  0 27.137005 43.794022 -36.494629 0.841815 0.421912 -0.336656 0.065083 0.729772 1 0 1.000000
  0 22.338207 58.219299 -30.415741 0.841815 0.421912 -0.336656 0.065529 0.725159 1 0 1.000000
  0 27.338459 43.870476 -35.895073 0.841815 0.421912 -0.336656 0.063455 0.729680 1 0 1.000000
barracuda
  0 27.338459 43.870476 -35.895073 0.841815 0.421912 -0.336656 0.063455 0.729680 1 0 1.000000
  0 22.338207 58.219299 -30.415741 0.841815 0.421912 -0.336656 0.065529 0.725159 1 0 1.000000
  0 22.539658 58.295761 -29.816191 0.841815 0.421912 -0.336656 0.063901 0.725067 1 0 1.000000
barracuda
  0 22.539658 58.295761 -29.816191 -0.183445 0.982280 -0.038396 2.650668 0.936596 1 0 1.000000
  0 22.338207 58.219299 -30.415741 -0.183445 0.982280 -0.038396 2.650613 0.936614 1 0 1.000000
  0 21.533108 58.090210 -29.871735 -0.183445 0.982280 -0.038396 2.650662 0.936687 1 0 1.000000
barracuda
  0 21.533108 58.090210 -29.871735 -0.183445 0.982280 -0.038396 2.650662 0.936687 1 0 1.000000
  0 22.338207 58.219299 -30.415741 -0.183445 0.982280 -0.038396 2.650613 0.936614 1 0 1.000000
  0 21.533108 58.084114 -30.421692 -0.183445 0.982280 -0.038396 2.650613 0.936687 1 0 1.000000
barracuda
  0 -105.825027 31.234528 -27.068905 -0.993948 -0.049736 -0.097950 0.193277 0.909927 1 0 1.000000
  0 -110.294907 22.489685 -0.226376 -0.975864 -0.098870 -0.194714 0.300398 0.944573 1 0 1.000000
  0 -112.085403 31.234526 -0.226376 -0.975864 -0.098870 -0.194714 0.300398 0.909926 1 0 1.000000
barracuda
  0 -105.825027 22.489685 -27.161690 -0.993948 -0.049736 -0.097950 0.193148 0.944668 1 0 1.000000
  0 -110.294907 22.489685 -0.226376 -0.975864 -0.098870 -0.194714 0.300398 0.944573 1 0 1.000000
  0 -105.825027 31.234528 -27.068905 -0.993948 -0.049736 -0.097950 0.193277 0.909927 1 0 1.000000
barracuda
  0 -105.825027 31.234528 -27.068905 -0.993948 -0.049736 -0.097950 0.193277 0.909927 1 0 1.000000
  0 -105.825027 30.852282 -35.021175 -1.000000 0.000000 -0.000001 0.162025 0.911717 1 0 1.000000
  0 -105.825027 22.489685 -27.161690 -0.993948 -0.049736 -0.097950 0.193148 0.944668 1 0 1.000000
barracuda
  0 -105.825027 30.852282 -35.021175 -1.000000 0.000000 -0.000001 0.162025 0.911717 1 0 1.000000
  0 -105.825012 27.526638 -36.849934 -1.000000 0.000000 -0.000001 0.155055 0.924403 1 0 1.000000
  0 -105.825027 22.489685 -27.161690 -0.993948 -0.049736 -0.097950 0.193148 0.944668 1 0 1.000000
barracuda
  0 -105.825027 22.489685 -27.161690 -0.993948 -0.049736 -0.097950 0.193148 0.944668 1 0 1.000000
  0 -105.825012 27.526638 -36.849934 -1.000000 0.000000 -0.000001 0.155055 0.924403 1 0 1.000000
  0 -105.825027 22.489685 -35.269737 -1.000000 0.000000 -0.000001 0.160994 0.944458 1 0 1.000000
barracuda
  0 -105.825027 23.733055 -36.379902 -1.000000 0.000000 -0.000001 0.156955 0.939918 1 0 1.000000
  0 -105.825027 22.489685 -35.269737 -1.000000 0.000000 -0.000001 0.160994 0.944458 1 0 1.000000
  0 -105.825012 27.526638 -36.849934 -1.000000 0.000000 -0.000001 0.155055 0.924403 1 0 1.000000
barracuda
  0 82.081360 13.367567 17.433025 0.101535 -0.519610 0.848349 0.899729 0.029299 1 0 1.000000
  0 42.979794 18.800766 25.440716 0.055875 -0.285125 0.956860 0.926418 0.123367 1 0 1.000000
  0 41.763741 8.693432 21.978577 0.101535 -0.519610 0.848349 0.900839 0.127947 1 0 1.000000
barracuda
  0 80.153503 20.963642 24.899338 0.055875 -0.285125 0.956860 0.925533 0.033513 1 0 1.000000
  0 42.979794 18.800766 25.440716 0.055875 -0.285125 0.956860 0.926418 0.123367 1 0 1.000000
  0 82.081360 13.367567 17.433025 0.101535 -0.519610 0.848349 0.899729 0.029299 1 0 1.000000
barracuda
  0 42.979794 18.800766 25.440716 0.055875 -0.285125 0.956860 0.926418 0.123367 1 0 1.000000
  0 80.153503 20.963642 24.899338 0.055875 -0.285125 0.956860 0.925533 0.033513 1 0 1.000000
  0 44.997730 23.743587 25.440712 0.006369 -0.031012 0.999499 0.938005 0.117791 1 0 1.000000
barracuda
  0 80.153503 20.963642 24.899338 0.055875 -0.285125 0.956860 0.925533 0.033513 1 0 1.000000
  0 77.672318 25.925999 25.440712 0.006369 -0.031012 0.999499 0.937964 0.038688 1 0 1.000000
  0 44.997730 23.743587 25.440712 0.006369 -0.031012 0.999499 0.938005 0.117791 1 0 1.000000
barracuda
  0 77.672318 25.925999 25.440712 0.006369 -0.031012 0.999499 0.937964 0.038688 1 0 1.000000
  0 73.859772 28.588734 25.440712 0.006369 -0.031012 0.999499 0.945000 0.047445 1 0 1.000000
  0 44.997730 23.743587 25.440712 0.006369 -0.031012 0.999499 0.938005 0.117791 1 0 1.000000
barracuda
  0 73.859772 28.588734 25.440712 0.006369 -0.031012 0.999499 0.945000 0.047445 1 0 1.000000
  0 69.181198 29.689575 25.440712 0.006369 -0.031012 0.999499 0.948412 0.058542 1 0 1.000000
  0 44.997730 23.743587 25.440712 0.006369 -0.031012 0.999499 0.938005 0.117791 1 0 1.000000
barracuda
  0 69.181198 29.689575 25.440712 0.006369 -0.031012 0.999499 0.948412 0.058542 1 0 1.000000
  0 61.108341 29.964787 25.440712 0.006369 -0.031012 0.999499 0.950385 0.077954 1 0 1.000000
  0 44.997730 23.743587 25.440712 0.006369 -0.031012 0.999499 0.938005 0.117791 1 0 1.000000
barracuda
  0 44.997730 23.743587 25.440712 0.006369 -0.031012 0.999499 0.938005 0.117791 1 0 1.000000
  0 61.108341 29.964787 25.440712 0.006369 -0.031012 0.999499 0.950385 0.077954 1 0 1.000000
  0 47.854992 27.269562 25.440712 0.006369 -0.031012 0.999499 0.946039 0.110333 1 0 1.000000
barracuda
  0 61.108341 29.964787 25.440712 0.006369 -0.031012 0.999499 0.950385 0.077954 1 0 1.000000
  0 52.779209 29.397308 25.440712 0.006369 -0.031012 0.999499 0.950368 0.098120 1 0 1.000000
  0 47.854992 27.269562 25.440712 0.006369 -0.031012 0.999499 0.946039 0.110333 1 0 1.000000
barracuda
  0 82.081360 13.367567 17.433025 -0.982662 -0.184164 -0.021407 0.931067 0.003292 1 0 1.000000
  0 81.000732 15.037235 36.993088 -0.982662 -0.184164 -0.021407 0.978344 0.007764 1 0 1.000000
  0 80.153503 20.963642 24.899338 -0.947764 -0.318790 -0.010808 0.949122 0.022201 1 0 1.000000
barracuda
  0 80.153503 20.963642 24.899338 -0.947764 -0.318790 -0.010808 0.949122 0.022201 1 0 1.000000
  0 81.000732 15.037235 36.993088 -0.982662 -0.184164 -0.021407 0.978344 0.007764 1 0 1.000000
  0 80.153503 20.963646 40.580841 -0.947764 -0.318790 -0.010808 0.986999 0.022230 1 0 1.000000
barracuda
  0 80.153503 20.963642 24.899338 -0.947764 -0.318790 -0.010808 0.949122 0.022201 1 0 1.000000
  0 80.153503 20.963646 40.580841 -0.947764 -0.318790 -0.010808 0.986999 0.022230 1 0 1.000000
  0 77.672318 25.925999 25.440712 -0.756801 -0.653646 0.000000 0.950419 0.035602 1 0 1.000000
barracuda
  0 77.672318 25.925999 25.440712 -0.756801 -0.653646 0.000000 0.950419 0.035602 1 0 1.000000
  0 80.153503 20.963646 40.580841 -0.947764 -0.318790 -0.010808 0.986999 0.022230 1 0 1.000000
  0 77.672318 25.925999 42.394165 -0.756801 -0.653646 0.000000 0.991368 0.035634 1 0 1.000000
barracuda
  0 77.672318 25.925999 25.440712 -0.756801 -0.653646 0.000000 0.950419 0.035602 1 0 1.000000
  0 77.672318 25.925999 42.394165 -0.756801 -0.653646 0.000000 0.991368 0.035634 1 0 1.000000
  0 73.859772 28.588734 25.440712 -0.408104 -0.912935 0.000000 0.950410 0.046835 1 0 1.000000
barracuda
  0 73.859772 28.588734 25.440712 -0.408104 -0.912935 0.000000 0.950410 0.046835 1 0 1.000000
  0 77.672318 25.925999 42.394165 -0.756801 -0.653646 0.000000 0.991368 0.035634 1 0 1.000000
  0 73.859772 28.588737 43.133957 -0.408104 -0.912935 0.000000 0.993146 0.046868 1 0 1.000000
barracuda
  0 73.859772 28.588734 25.440712 -0.408104 -0.912935 0.000000 0.950410 0.046835 1 0 1.000000
  0 73.859772 28.588737 43.133957 -0.408104 -0.912935 0.000000 0.993146 0.046868 1 0 1.000000
  0 69.181198 29.689575 25.440712 -0.132196 -0.991224 0.000000 0.950401 0.058444 1 0 1.000000
barracuda
  0 69.181198 29.689575 25.440712 -0.132196 -0.991224 0.000000 0.950401 0.058444 1 0 1.000000
  0 73.859772 28.588737 43.133957 -0.408104 -0.912935 0.000000 0.993146 0.046868 1 0 1.000000
  0 69.181198 29.689575 43.482082 -0.132196 -0.991224 0.000000 0.993978 0.058478 1 0 1.000000
barracuda
  0 69.181198 29.689575 25.440712 -0.132196 -0.991224 0.000000 0.950401 0.058444 1 0 1.000000
  0 69.181198 29.689575 43.482082 -0.132196 -0.991224 0.000000 0.993978 0.058478 1 0 1.000000
  0 61.108341 29.964787 25.440712 0.016974 -0.999856 0.000000 0.950385 0.077954 1 0 1.000000
barracuda
  0 61.108341 29.964787 25.440712 0.016974 -0.999856 0.000000 0.950385 0.077954 1 0 1.000000
  0 69.181198 29.689575 43.482082 -0.132196 -0.991224 0.000000 0.993978 0.058478 1 0 1.000000
  0 61.108341 29.964790 43.651764 0.016974 -0.999856 0.000000 0.994373 0.077990 1 0 1.000000
barracuda
  0 61.108341 29.964787 25.440712 0.016974 -0.999856 0.000000 0.950385 0.077954 1 0 1.000000
  0 61.108341 29.964790 43.651764 0.016974 -0.999856 0.000000 0.994373 0.077990 1 0 1.000000
  0 52.779209 29.397308 25.440712 0.235708 -0.971824 0.000000 0.950368 0.098120 1 0 1.000000
barracuda
  0 52.779209 29.397308 25.440712 0.235708 -0.971824 0.000000 0.950368 0.098120 1 0 1.000000
  0 61.108341 29.964790 43.651764 0.016974 -0.999856 0.000000 0.994373 0.077990 1 0 1.000000
  0 52.779209 29.397312 43.852139 0.235708 -0.971824 0.000000 0.994841 0.098156 1 0 1.000000
barracuda
  0 52.779209 29.397312 43.852139 0.235708 -0.971824 0.000000 0.994841 0.098156 1 0 1.000000
  0 47.854992 27.269566 43.781116 0.604249 -0.796796 0.000000 0.994659 0.111113 1 0 1.000000
  0 52.779209 29.397308 25.440712 0.235708 -0.971824 0.000000 0.950368 0.098120 1 0 1.000000
barracuda
  0 52.779209 29.397308 25.440712 0.235708 -0.971824 0.000000 0.950368 0.098120 1 0 1.000000
  0 47.854992 27.269566 43.781116 0.604249 -0.796796 0.000000 0.994659 0.111113 1 0 1.000000
  0 47.854992 27.269562 25.440712 0.604249 -0.796796 0.000000 0.950358 0.111077 1 0 1.000000
barracuda
  0 47.854992 27.269566 43.781116 0.604249 -0.796796 0.000000 0.994659 0.111113 1 0 1.000000
  0 44.997730 23.743591 43.385490 0.860620 -0.509248 0.000000 0.993694 0.122075 1 0 1.000000
  0 47.854992 27.269562 25.440712 0.604249 -0.796796 0.000000 0.950358 0.111077 1 0 1.000000
barracuda
  0 47.854992 27.269562 25.440712 0.604249 -0.796796 0.000000 0.950358 0.111077 1 0 1.000000
  0 44.997730 23.743591 43.385490 0.860620 -0.509248 0.000000 0.993694 0.122075 1 0 1.000000
  0 44.997730 23.743587 25.440712 0.860620 -0.509248 0.000000 0.950348 0.122039 1 0 1.000000
barracuda
  0 44.997730 23.743591 43.385490 0.860620 -0.509248 0.000000 0.993694 0.122075 1 0 1.000000
  0 42.979794 18.800770 42.609295 0.963914 -0.266100 0.007787 0.991808 0.134932 1 0 1.000000
  0 44.997730 23.743587 25.440712 0.860620 -0.509248 0.000000 0.950348 0.122039 1 0 1.000000
barracuda
  0 44.997730 23.743587 25.440712 0.860620 -0.509248 0.000000 0.950348 0.122039 1 0 1.000000
  0 42.979794 18.800770 42.609295 0.963914 -0.266100 0.007787 0.991808 0.134932 1 0 1.000000
  0 42.979794 18.800766 25.440716 0.963914 -0.266100 0.007787 0.950338 0.134898 1 0 1.000000
barracuda
  0 42.979794 18.800770 42.609295 0.963914 -0.266100 0.007787 0.991808 0.134932 1 0 1.000000
  0 41.340038 9.508270 39.821850 0.988490 -0.150496 0.015465 0.985056 0.157737 1 0 1.000000
  0 42.979794 18.800766 25.440716 0.963914 -0.266100 0.007787 0.950338 0.134898 1 0 1.000000
barracuda
  0 42.979794 18.800766 25.440716 0.963914 -0.266100 0.007787 0.950338 0.134898 1 0 1.000000
  0 41.340038 9.508270 39.821850 0.988490 -0.150496 0.015465 0.985056 0.157737 1 0 1.000000
  0 41.763741 8.693432 21.978577 0.988490 -0.150496 0.015465 0.941934 0.159487 1 0 1.000000
barracuda
  0 -34.003799 30.662971 -34.329296 0.235191 -0.971681 0.022836 0.746056 0.908758 1 0 1.000000
  0 -25.452444 32.554108 -30.669088 0.235191 -0.971681 0.022836 0.756270 0.937712 1 0 1.000000
  0 -39.138397 29.716152 -10.472033 0.235191 -0.971681 0.022836 0.825340 0.896870 1 0 1.000000
barracuda
  0 -39.138397 29.716152 -10.472033 0.235191 -0.971681 0.022836 0.825340 0.896870 1 0 1.000000
  0 -25.452444 32.554108 -30.669088 0.235191 -0.971681 0.022836 0.756270 0.937712 1 0 1.000000
  0 -26.574158 33.046673 -9.421148 0.235191 -0.971681 0.022836 0.826165 0.938282 1 0 1.000000
barracuda
  0 106.586304 40.268280 35.345634 0.464836 0.882383 0.072986 0.444865 0.074073 1 0 1.000000
  0 107.271454 40.921108 22.034405 0.477855 0.876967 0.050820 0.391657 0.070725 1 0 1.000000
  0 102.458664 42.539490 33.120453 0.464836 0.882383 0.072986 0.435918 0.090693 1 0 1.000000
barracuda
  0 102.458664 42.539490 33.120453 0.464836 0.882383 0.072986 0.435918 0.090693 1 0 1.000000
  0 107.271454 40.921108 22.034405 0.477855 0.876967 0.050820 0.391657 0.070725 1 0 1.000000
  0 103.671310 43.004173 20.834345 0.477855 0.876967 0.050820 0.386747 0.084977 1 0 1.000000
barracuda
  0 108.032822 41.239693 -0.226374 0.490746 0.871303 0.000000 0.302667 0.067617 1 0 1.000000
  0 103.671310 43.004173 20.834345 0.477855 0.876967 0.050820 0.386747 0.084977 1 0 1.000000
  0 107.271454 40.921108 22.034405 0.477855 0.876967 0.050820 0.391657 0.070725 1 0 1.000000
barracuda
  0 104.323074 43.313229 -0.226376 0.490746 0.871303 0.000000 0.302667 0.082347 1 0 1.000000
  0 103.671310 43.004173 20.834345 0.477855 0.876967 0.050820 0.386747 0.084977 1 0 1.000000
  0 108.032822 41.239693 -0.226374 0.490746 0.871303 0.000000 0.302667 0.067617 1 0 1.000000
barracuda
  0 108.032822 41.239693 -0.226374 0.490746 0.871303 0.000000 0.302667 0.067617 1 0 1.000000
  0 103.671310 43.004173 -21.287094 0.477855 0.876967 -0.050820 0.218587 0.084978 1 0 1.000000
  0 104.323074 43.313229 -0.226376 0.490746 0.871303 0.000000 0.302667 0.082347 1 0 1.000000
barracuda
  0 107.271454 40.921112 -22.487158 0.477855 0.876967 -0.050820 0.213677 0.070725 1 0 1.000000
  0 103.671310 43.004173 -21.287094 0.477855 0.876967 -0.050820 0.218587 0.084978 1 0 1.000000
  0 108.032822 41.239693 -0.226374 0.490746 0.871303 0.000000 0.302667 0.067617 1 0 1.000000
barracuda
  0 103.671310 43.004173 -21.287094 0.477855 0.876967 -0.050820 0.218587 0.084978 1 0 1.000000
  0 107.271454 40.921112 -22.487158 0.477855 0.876967 -0.050820 0.213677 0.070725 1 0 1.000000
  0 102.458664 42.539490 -33.573204 0.464835 0.882384 -0.072986 0.169416 0.090693 1 0 1.000000
barracuda
  0 102.458664 42.539490 -33.573204 0.464835 0.882384 -0.072986 0.169416 0.090693 1 0 1.000000
  0 107.271454 40.921112 -22.487158 0.477855 0.876967 -0.050820 0.213677 0.070725 1 0 1.000000
  0 106.586304 40.268280 -35.798393 0.464835 0.882384 -0.072986 0.160487 0.074434 1 0 1.000000
barracuda
  0 108.668488 30.129364 35.374371 0.000004 0.999396 -0.034737 0.447474 0.010778 1 0 1.000000
  0 108.075043 29.672592 22.232906 0.019616 0.999656 -0.017375 0.392668 0.013689 1 0 1.000000
  0 107.259415 30.129372 35.374367 0.000004 0.999396 -0.034737 0.445416 0.015387 1 0 1.000000
barracuda
  0 109.484116 29.672588 22.232906 0.019616 0.999656 -0.017375 0.392407 0.008259 1 0 1.000000
  0 108.075043 29.672592 22.232906 0.019616 0.999656 -0.017375 0.392668 0.013689 1 0 1.000000
  0 108.668488 30.129364 35.374371 0.000004 0.999396 -0.034737 0.447474 0.010778 1 0 1.000000
barracuda
  0 108.075043 29.672592 22.232906 0.019616 0.999656 -0.017375 0.392668 0.013689 1 0 1.000000
  0 109.484116 29.672588 22.232906 0.019616 0.999656 -0.017375 0.392407 0.008259 1 0 1.000000
  0 108.497360 29.465225 7.364403 0.039214 0.999231 0.000000 0.333442 0.012653 1 0 1.000000
barracuda
  0 108.497360 29.465225 7.364403 0.039214 0.999231 0.000000 0.333442 0.012653 1 0 1.000000
  0 109.484116 29.672588 22.232906 0.019616 0.999656 -0.017375 0.392407 0.008259 1 0 1.000000
  0 109.010468 29.459438 7.118156 0.039214 0.999231 0.000000 0.331952 0.011420 1 0 1.000000
barracuda
  0 109.484116 29.672588 22.232906 0.019616 0.999656 -0.017375 0.392407 0.008259 1 0 1.000000
  0 110.272873 29.285311 -0.226376 0.039214 0.999231 0.000000 0.302749 0.006005 1 0 1.000000
  0 109.010468 29.459438 7.118156 0.039214 0.999231 0.000000 0.331952 0.011420 1 0 1.000000
barracuda
  0 109.010468 29.459438 7.118156 0.039214 0.999231 0.000000 0.331952 0.011420 1 0 1.000000
  0 110.272873 29.285311 -0.226376 0.039214 0.999231 0.000000 0.302749 0.006005 1 0 1.000000
  0 109.010468 29.459438 -7.570908 0.039214 0.999231 0.000000 0.273594 0.011669 1 0 1.000000
barracuda
  0 110.272873 29.285311 -0.226376 0.039214 0.999231 0.000000 0.302749 0.006005 1 0 1.000000
  0 109.484116 29.672588 -22.685659 0.019615 0.999656 0.017375 0.213113 0.009024 1 0 1.000000
  0 109.010468 29.459438 -7.570908 0.039214 0.999231 0.000000 0.273594 0.011669 1 0 1.000000
barracuda
  0 109.484116 29.672588 -22.685659 0.019615 0.999656 0.017375 0.213113 0.009024 1 0 1.000000
  0 108.497360 29.465225 -7.817154 0.039214 0.999231 0.000000 0.272114 0.012914 1 0 1.000000
  0 109.010468 29.459438 -7.570908 0.039214 0.999231 0.000000 0.273594 0.011669 1 0 1.000000
barracuda
  0 108.075043 29.672592 -22.685654 0.019615 0.999656 0.017375 0.212898 0.014456 1 0 1.000000
  0 108.497360 29.465225 -7.817154 0.039214 0.999231 0.000000 0.272114 0.012914 1 0 1.000000
  0 109.484116 29.672588 -22.685659 0.019615 0.999656 0.017375 0.213113 0.009024 1 0 1.000000
barracuda
  0 109.484116 29.672588 -22.685659 0.019615 0.999656 0.017375 0.213113 0.009024 1 0 1.000000
  0 108.668488 30.129366 -35.827118 0.000003 0.999396 0.034738 0.158070 0.012013 1 0 1.000000
  0 108.075043 29.672592 -22.685654 0.019615 0.999656 0.017375 0.212898 0.014456 1 0 1.000000
barracuda
  0 108.075043 29.672592 -22.685654 0.019615 0.999656 0.017375 0.212898 0.014456 1 0 1.000000
  0 108.668488 30.129366 -35.827118 0.000003 0.999396 0.034738 0.158070 0.012013 1 0 1.000000
  0 107.259415 30.129370 -35.827118 0.000003 0.999396 0.034738 0.160167 0.016604 1 0 1.000000
barracuda
  0 106.871140 31.868717 39.525234 0.081490 0.991951 -0.096916 0.137452 0.960317 1 0 1.000000
  0 107.454651 31.868713 40.015881 0.081490 0.991951 -0.096916 0.137779 0.963700 1 0 1.000000
  0 108.462006 31.578045 37.887817 0.058496 0.995836 -0.069918 0.146580 0.962098 1 0 1.000000
barracuda
  0 108.462006 31.578045 37.887817 0.058496 0.995836 -0.069918 0.146580 0.962098 1 0 1.000000
  0 107.454651 31.868713 40.015881 0.081490 0.991951 -0.096916 0.137779 0.963700 1 0 1.000000
  0 109.045502 31.578049 38.378456 0.058496 0.995836 -0.069918 0.145292 0.964774 1 0 1.000000
barracuda
  0 109.045502 31.578049 38.378456 0.058496 0.995836 -0.069918 0.145292 0.964774 1 0 1.000000
  0 109.251083 31.513519 37.036259 0.035427 0.998454 -0.042832 0.150365 0.965257 1 0 1.000000
  0 108.462006 31.578045 37.887817 0.058496 0.995836 -0.069918 0.146580 0.962098 1 0 1.000000
barracuda
  0 108.462006 31.578045 37.887817 0.058496 0.995836 -0.069918 0.146580 0.962098 1 0 1.000000
  0 109.251083 31.513519 37.036259 0.035427 0.998454 -0.042832 0.150365 0.965257 1 0 1.000000
  0 108.648315 31.513519 36.545605 0.035427 0.998454 -0.042832 0.152354 0.963456 1 0 1.000000
barracuda
  0 106.423279 27.650501 39.196888 -0.643558 0.008759 0.765347 0.137770 0.981213 1 0 1.000000
  0 107.006775 27.650497 39.687550 -0.643558 0.008759 0.765347 0.140058 0.980931 1 0 1.000000
  0 106.871140 31.868717 39.525234 -0.643558 0.008759 0.765347 0.135561 0.964507 1 0 1.000000
barracuda
  0 106.871140 31.868717 39.525234 -0.643558 0.008759 0.765347 0.135561 0.964507 1 0 1.000000
  0 107.006775 27.650497 39.687550 -0.643558 0.008759 0.765347 0.140058 0.980931 1 0 1.000000
  0 107.454651 31.868713 40.015881 -0.643558 0.008759 0.765347 0.137779 0.963700 1 0 1.000000
barracuda
  0 109.251083 31.513519 37.036259 0.603578 0.495718 -0.624465 0.150365 0.965257 1 0 1.000000
  0 109.251999 29.921131 35.865013 0.517153 0.782493 -0.346782 0.154600 0.970976 1 0 1.000000
  0 108.648315 31.513519 36.545605 0.603578 0.495718 -0.624465 0.152354 0.963456 1 0 1.000000
barracuda
  0 108.648315 31.513519 36.545605 0.603578 0.495718 -0.624465 0.152354 0.963456 1 0 1.000000
  0 109.251999 29.921131 35.865013 0.517153 0.782493 -0.346782 0.154600 0.970976 1 0 1.000000
  0 108.668488 30.129364 35.374371 0.517153 0.782493 -0.346782 0.156224 0.968771 1 0 1.000000
barracuda
  0 109.251999 29.921131 35.865013 0.517153 0.782493 -0.346782 0.154600 0.970976 1 0 1.000000
  0 110.067627 29.464355 22.723557 0.341089 0.939999 -0.007787 0.207053 0.973097 1 0 1.000000
  0 108.668488 30.129364 35.374371 0.517153 0.782493 -0.346782 0.156224 0.968771 1 0 1.000000
barracuda
  0 108.668488 30.129364 35.374371 0.517153 0.782493 -0.346782 0.156224 0.968771 1 0 1.000000
  0 110.067627 29.464355 22.723557 0.341089 0.939999 -0.007787 0.207053 0.973097 1 0 1.000000
  0 109.484116 29.672588 22.232906 0.341089 0.939999 -0.007787 0.208952 0.970736 1 0 1.000000
barracuda
  0 110.067627 29.464355 22.723557 0.341089 0.939999 -0.007787 0.207053 0.973097 1 0 1.000000
  0 110.856384 29.077078 -0.226376 0.337713 0.941249 0.000000 0.298222 0.974635 1 0 1.000000
  0 109.484116 29.672588 22.232906 0.341089 0.939999 -0.007787 0.208952 0.970736 1 0 1.000000
barracuda
  0 109.484116 29.672588 22.232906 0.341089 0.939999 -0.007787 0.208952 0.970736 1 0 1.000000
  0 110.856384 29.077078 -0.226376 0.337713 0.941249 0.000000 0.298222 0.974635 1 0 1.000000
  0 110.272873 29.285311 -0.226376 0.337713 0.941249 0.000000 0.298222 0.972318 1 0 1.000000
barracuda
  0 110.272873 29.285311 -0.226376 0.337713 0.941249 0.000000 0.298222 0.972318 1 0 1.000000
  0 110.856384 29.077078 -0.226376 0.337713 0.941249 0.000000 0.298222 0.974635 1 0 1.000000
  0 109.484116 29.672588 -22.685659 0.341088 0.939999 0.007786 0.387544 0.970739 1 0 1.000000
barracuda
  0 109.484116 29.672588 -22.685659 0.341088 0.939999 0.007786 0.387544 0.970739 1 0 1.000000
  0 110.856384 29.077078 -0.226376 0.337713 0.941249 0.000000 0.298222 0.974635 1 0 1.000000
  0 110.067627 29.464355 -23.176310 0.341088 0.939999 0.007786 0.389431 0.973095 1 0 1.000000
barracuda
  0 109.484116 29.672588 -22.685659 0.341088 0.939999 0.007786 0.387544 0.970739 1 0 1.000000
  0 110.067627 29.464355 -23.176310 0.341088 0.939999 0.007786 0.389431 0.973095 1 0 1.000000
  0 108.668488 30.129366 -35.827118 0.517152 0.782495 0.346780 0.440263 0.968622 1 0 1.000000
barracuda
  0 108.668488 30.129366 -35.827118 0.517152 0.782495 0.346780 0.440263 0.968622 1 0 1.000000
  0 110.067627 29.464355 -23.176310 0.341088 0.939999 0.007786 0.389431 0.973095 1 0 1.000000
  0 109.251999 29.921133 -36.317760 0.517152 0.782495 0.346780 0.441787 0.970976 1 0 1.000000
barracuda
  0 108.668488 30.129366 -35.827118 0.517152 0.782495 0.346780 0.440263 0.968622 1 0 1.000000
  0 109.251999 29.921133 -36.317760 0.517152 0.782495 0.346780 0.441787 0.970976 1 0 1.000000
  0 108.648315 31.513519 -36.998356 0.603578 0.495723 0.624462 0.444207 0.963262 1 0 1.000000
barracuda
  0 108.648315 31.513519 -36.998356 0.603578 0.495723 0.624462 0.444207 0.963262 1 0 1.000000
  0 109.251999 29.921133 -36.317760 0.517152 0.782495 0.346780 0.441787 0.970976 1 0 1.000000
  0 109.251083 31.513519 -37.489010 0.603578 0.495723 0.624462 0.446096 0.965161 1 0 1.000000
barracuda
  0 -89.493317 10.632734 22.285656 0.932765 -0.355825 0.057776 0.945127 0.159134 1 0 1.000000
  0 -89.221191 13.574318 36.935978 0.932765 -0.355825 0.057776 0.980522 0.152015 1 0 1.000000
  0 -89.765442 12.606781 35.082195 0.754444 -0.646084 0.115711 0.976113 0.154808 1 0 1.000000
barracuda
  0 -89.160721 19.627831 25.705379 0.984424 -0.175772 -0.003571 0.953392 0.137390 1 0 1.000000
  0 -89.221191 13.574318 36.935978 0.932765 -0.355825 0.057776 0.980522 0.152015 1 0 1.000000
  0 -89.493317 10.632734 22.285656 0.932765 -0.355825 0.057776 0.945127 0.159134 1 0 1.000000
barracuda
  0 -89.160721 19.627831 39.984180 0.984424 -0.175772 -0.003571 0.987886 0.137390 1 0 1.000000
  0 -89.221191 13.574318 36.935978 0.932765 -0.355825 0.057776 0.980522 0.152015 1 0 1.000000
  0 -89.160721 19.627831 25.705379 0.984424 -0.175772 -0.003571 0.953392 0.137390 1 0 1.000000
barracuda
  0 -87.709412 23.860806 25.705376 0.832854 -0.553492 0.000000 0.953392 0.126580 1 0 1.000000
  0 -89.160721 19.627831 39.984180 0.984424 -0.175772 -0.003571 0.987886 0.137390 1 0 1.000000
  0 -89.160721 19.627831 25.705379 0.984424 -0.175772 -0.003571 0.953392 0.137390 1 0 1.000000
barracuda
  0 -87.709412 23.860806 41.258080 0.832854 -0.553492 0.000000 0.990964 0.126580 1 0 1.000000
  0 -89.160721 19.627831 39.984180 0.984424 -0.175772 -0.003571 0.987886 0.137390 1 0 1.000000
  0 -87.709412 23.860806 25.705376 0.832854 -0.553492 0.000000 0.953392 0.126580 1 0 1.000000
barracuda
  0 -84.927750 26.340115 25.705376 0.499571 -0.866273 0.000000 0.953392 0.117578 1 0 1.000000
  0 -87.709412 23.860806 41.258080 0.832854 -0.553492 0.000000 0.990964 0.126580 1 0 1.000000
  0 -87.709412 23.860806 25.705376 0.832854 -0.553492 0.000000 0.953392 0.126580 1 0 1.000000
barracuda
  0 -84.927750 26.340118 41.819321 0.499571 -0.866273 0.000000 0.992320 0.117578 1 0 1.000000
  0 -87.709412 23.860806 41.258080 0.832854 -0.553492 0.000000 0.990964 0.126580 1 0 1.000000
  0 -84.927750 26.340115 25.705376 0.499571 -0.866273 0.000000 0.953392 0.117578 1 0 1.000000
barracuda
  0 -79.787704 28.033306 25.705376 0.186855 -0.982387 0.000000 0.953390 0.104504 1 0 1.000000
  0 -84.927750 26.340118 41.819321 0.499571 -0.866273 0.000000 0.992320 0.117578 1 0 1.000000
  0 -84.927750 26.340115 25.705376 0.499571 -0.866273 0.000000 0.953392 0.117578 1 0 1.000000
barracuda
  0 -79.787704 28.033306 42.256729 0.186855 -0.982387 0.000000 0.993377 0.104504 1 0 1.000000
  0 -84.927750 26.340118 41.819321 0.499571 -0.866273 0.000000 0.992320 0.117578 1 0 1.000000
  0 -79.787704 28.033306 25.705376 0.186855 -0.982387 0.000000 0.953390 0.104504 1 0 1.000000
barracuda
  0 -71.631783 28.504452 25.705376 -0.006443 -0.999979 0.000000 0.953389 0.084766 1 0 1.000000
  0 -79.787704 28.033306 42.256729 0.186855 -0.982387 0.000000 0.993377 0.104504 1 0 1.000000
  0 -79.787704 28.033306 25.705376 0.186855 -0.982387 0.000000 0.953390 0.104504 1 0 1.000000
barracuda
  0 -71.631775 28.504456 42.634163 -0.006443 -0.999979 0.000000 0.994290 0.084766 1 0 1.000000
  0 -79.787704 28.033306 42.256729 0.186855 -0.982387 0.000000 0.993377 0.104504 1 0 1.000000
  0 -71.631783 28.504452 25.705376 -0.006443 -0.999979 0.000000 0.953389 0.084766 1 0 1.000000
barracuda
  0 -62.583553 27.864677 25.705376 -0.227627 -0.973748 0.000000 0.953389 0.062849 1 0 1.000000
  0 -71.631775 28.504456 42.634163 -0.006443 -0.999979 0.000000 0.994290 0.084766 1 0 1.000000
  0 -71.631783 28.504452 25.705376 -0.006443 -0.999979 0.000000 0.953389 0.084766 1 0 1.000000
barracuda
  0 -62.583553 27.864677 42.857075 -0.227627 -0.973748 0.000000 0.994829 0.062850 1 0 1.000000
  0 -71.631775 28.504456 42.634163 -0.006443 -0.999979 0.000000 0.994290 0.084766 1 0 1.000000
  0 -62.583553 27.864677 25.705376 -0.227627 -0.973748 0.000000 0.953389 0.062849 1 0 1.000000
barracuda
  0 -62.583553 27.864677 25.705376 -0.227627 -0.973748 0.000000 0.953389 0.062849 1 0 1.000000
  0 -57.785252 25.899651 42.583012 -0.580153 -0.814507 0.000107 0.994168 0.050322 1 0 1.000000
  0 -62.583553 27.864677 42.857075 -0.227627 -0.973748 0.000000 0.994829 0.062850 1 0 1.000000
barracuda
  0 -57.785252 25.899651 25.705376 -0.580153 -0.814507 0.000107 0.953389 0.050321 1 0 1.000000
  0 -57.785252 25.899651 42.583012 -0.580153 -0.814507 0.000107 0.994168 0.050322 1 0 1.000000
  0 -62.583553 27.864677 25.705376 -0.227627 -0.973748 0.000000 0.953389 0.062849 1 0 1.000000
barracuda
  0 -57.785252 25.899651 25.705376 -0.580153 -0.814507 0.000107 0.953389 0.050321 1 0 1.000000
  0 -54.478275 22.146877 42.028660 -0.840961 -0.541095 -0.000026 0.992829 0.038237 1 0 1.000000
  0 -57.785252 25.899651 42.583012 -0.580153 -0.814507 0.000107 0.994168 0.050322 1 0 1.000000
barracuda
  0 -54.461235 22.117020 25.705379 -0.840961 -0.541095 -0.000026 0.953390 0.038154 1 0 1.000000
  0 -54.478275 22.146877 42.028660 -0.840961 -0.541095 -0.000026 0.992829 0.038237 1 0 1.000000
  0 -57.785252 25.899651 25.705376 -0.580153 -0.814507 0.000107 0.953389 0.050321 1 0 1.000000
barracuda
  0 -54.461235 22.117020 25.705379 -0.840961 -0.541095 -0.000026 0.953390 0.038154 1 0 1.000000
  0 -51.777515 16.127213 40.650166 -0.929763 -0.368031 0.009718 0.989499 0.022296 1 0 1.000000
  0 -54.478275 22.146877 42.028660 -0.840961 -0.541095 -0.000026 0.992829 0.038237 1 0 1.000000
barracuda
  0 -51.748096 16.073475 25.705376 -0.929763 -0.368031 0.009718 0.953390 0.022147 1 0 1.000000
  0 -51.777515 16.127213 40.650166 -0.929763 -0.368031 0.009718 0.989499 0.022296 1 0 1.000000
  0 -54.461235 22.117020 25.705379 -0.840961 -0.541095 -0.000026 0.953390 0.038154 1 0 1.000000
barracuda
  0 -51.748096 16.073475 25.705376 -0.929763 -0.368031 0.009718 0.953390 0.022147 1 0 1.000000
  0 -49.220356 9.472130 37.809086 -0.945214 -0.325858 0.019676 0.982635 0.005070 1 0 1.000000
  0 -51.777515 16.127213 40.650166 -0.929763 -0.368031 0.009718 0.989499 0.022296 1 0 1.000000
barracuda
  0 -49.293350 7.869104 23.223045 -0.945214 -0.325858 0.019676 0.947364 0.001464 1 0 1.000000
  0 -49.220356 9.472130 37.809086 -0.945214 -0.325858 0.019676 0.982635 0.005070 1 0 1.000000
  0 -51.748096 16.073475 25.705376 -0.929763 -0.368031 0.009718 0.953390 0.022147 1 0 1.000000
barracuda
  0 -35.617420 40.132534 -40.724926 -0.002136 0.227290 -0.973825 0.117152 0.595300 1 0 1.000000
  0 -38.284653 31.809343 -42.656086 -0.002136 0.227290 -0.973825 0.086068 0.601749 1 0 1.000000
  0 -50.437241 39.969193 -40.724922 -0.013381 0.231794 -0.972673 0.111455 0.647037 1 0 1.000000
barracuda
  0 -50.437241 39.969193 -40.724922 -0.013381 0.231794 -0.972673 0.111455 0.647037 1 0 1.000000
  0 -38.284653 31.809343 -42.656086 -0.002136 0.227290 -0.973825 0.086068 0.601749 1 0 1.000000
  0 -50.783096 31.715948 -42.656086 -0.013381 0.231794 -0.972673 0.081890 0.645753 1 0 1.000000
barracuda
  0 -64.033936 31.475698 -42.446095 -0.029729 0.244994 -0.969069 0.077767 0.691932 1 0 1.000000
  0 -50.437241 39.969193 -40.724922 -0.013381 0.231794 -0.972673 0.111455 0.647037 1 0 1.000000
  0 -50.783096 31.715948 -42.656086 -0.013381 0.231794 -0.972673 0.081890 0.645753 1 0 1.000000
barracuda
  0 -65.048424 39.032417 -40.514938 -0.029729 0.244994 -0.969069 0.104497 0.697377 1 0 1.000000
  0 -50.437241 39.969193 -40.724922 -0.013381 0.231794 -0.972673 0.111455 0.647037 1 0 1.000000
  0 -64.033936 31.475698 -42.446095 -0.029729 0.244994 -0.969069 0.077767 0.691932 1 0 1.000000
barracuda
  0 -73.905106 31.258348 -42.236107 -0.042825 0.265896 -0.963050 0.075144 0.725994 1 0 1.000000
  0 -65.048424 39.032417 -40.514938 -0.029729 0.244994 -0.969069 0.104497 0.697377 1 0 1.000000
  0 -64.033936 31.475698 -42.446095 -0.029729 0.244994 -0.969069 0.077767 0.691932 1 0 1.000000
barracuda
  0 -74.590469 38.184639 -40.304947 -0.042825 0.265896 -0.963050 0.099558 0.729867 1 0 1.000000
  0 -65.048424 39.032417 -40.514938 -0.029729 0.244994 -0.969069 0.104497 0.697377 1 0 1.000000
  0 -73.905106 31.258348 -42.236107 -0.042825 0.265896 -0.963050 0.075144 0.725994 1 0 1.000000
barracuda
  0 -83.761780 30.927935 -41.922531 -0.064200 0.292472 -0.954117 0.072591 0.759561 1 0 1.000000
  0 -74.590469 38.184639 -40.304947 -0.042825 0.265896 -0.963050 0.099558 0.729867 1 0 1.000000
  0 -73.905106 31.258348 -42.236107 -0.042825 0.265896 -0.963050 0.075144 0.725994 1 0 1.000000
barracuda
  0 -84.719910 37.026497 -39.991371 -0.064200 0.292472 -0.954117 0.093921 0.763879 1 0 1.000000
  0 -74.590469 38.184639 -40.304947 -0.042825 0.265896 -0.963050 0.099558 0.729867 1 0 1.000000
  0 -83.761780 30.927935 -41.922531 -0.064200 0.292472 -0.954117 0.072591 0.759561 1 0 1.000000
barracuda
  0 -92.691025 30.494322 -41.452168 -0.130865 0.316819 -0.939415 0.070736 0.789093 1 0 1.000000
  0 -84.719910 37.026497 -39.991371 -0.064200 0.292472 -0.954117 0.093921 0.763879 1 0 1.000000
  0 -83.761780 30.927935 -41.922531 -0.064200 0.292472 -0.954117 0.072591 0.759561 1 0 1.000000
barracuda
  0 -93.725662 35.834423 -39.521008 -0.130865 0.316819 -0.939415 0.088928 0.793259 1 0 1.000000
  0 -84.719910 37.026497 -39.991371 -0.064200 0.292472 -0.954117 0.093921 0.763879 1 0 1.000000
  0 -92.691025 30.494322 -41.452168 -0.130865 0.316819 -0.939415 0.070736 0.789093 1 0 1.000000
barracuda
  0 -101.215637 29.684641 -40.197891 -0.271735 0.317704 -0.908419 0.068793 0.816860 1 0 1.000000
  0 -93.725662 35.834423 -39.521008 -0.130865 0.316819 -0.939415 0.088928 0.793259 1 0 1.000000
  0 -92.691025 30.494322 -41.452168 -0.130865 0.316819 -0.939415 0.070736 0.789093 1 0 1.000000
barracuda
  0 -102.177414 34.209709 -38.266731 -0.271735 0.317704 -0.908419 0.084151 0.820558 1 0 1.000000
  0 -93.725662 35.834423 -39.521008 -0.130865 0.316819 -0.939415 0.088928 0.793259 1 0 1.000000
  0 -101.215637 29.684641 -40.197891 -0.271735 0.317704 -0.908419 0.068793 0.816860 1 0 1.000000
barracuda
  0 -105.863251 28.422190 -38.786800 -0.430738 0.298983 -0.851513 0.065802 0.832730 1 0 1.000000
  0 -102.177414 34.209709 -38.266731 -0.271735 0.317704 -0.908419 0.084151 0.820558 1 0 1.000000
  0 -101.215637 29.684641 -40.197891 -0.271735 0.317704 -0.908419 0.068793 0.816860 1 0 1.000000
barracuda
  0 -106.690933 32.912422 -36.855644 -0.430738 0.298983 -0.851513 0.081635 0.835795 1 0 1.000000
  0 -102.177414 34.209709 -38.266731 -0.271735 0.317704 -0.908419 0.084151 0.820558 1 0 1.000000
  0 -105.863251 28.422190 -38.786800 -0.430738 0.298983 -0.851513 0.065802 0.832730 1 0 1.000000
barracuda
  0 -106.690933 32.912422 -36.855644 -0.430738 0.298983 -0.851513 0.081635 0.835795 1 0 1.000000
  0 -105.863251 28.422190 -38.786800 -0.430738 0.298983 -0.851513 0.065802 0.832730 1 0 1.000000
  0 -109.170242 31.591417 -35.630730 -0.501252 0.289137 -0.815565 0.079499 0.845618 1 0 1.000000
barracuda
  0 -109.170242 31.591417 -35.630730 -0.501252 0.289137 -0.815565 0.079499 0.845618 1 0 1.000000
  0 -105.863251 28.422190 -38.786800 -0.430738 0.298983 -0.851513 0.065802 0.832730 1 0 1.000000
  0 -108.566376 27.632727 -37.574757 -0.501252 0.289137 -0.815565 0.064090 0.842894 1 0 1.000000
barracuda
  0 107.600128 25.644016 37.669170 -0.037831 -0.924449 0.379425 0.146267 0.990023 1 0 1.000000
  0 107.006775 27.650497 39.687550 -0.204123 -0.723607 0.659337 0.140058 0.980931 1 0 1.000000
  0 106.423279 27.650501 39.196888 -0.204123 -0.723607 0.659337 0.138885 0.984627 1 0 1.000000
barracuda
  0 108.400116 25.764755 37.739319 -0.037831 -0.924449 0.379425 0.147740 0.987829 1 0 1.000000
  0 107.006775 27.650497 39.687550 -0.204123 -0.723607 0.659337 0.140058 0.980931 1 0 1.000000
  0 107.600128 25.644016 37.669170 -0.037831 -0.924449 0.379425 0.146267 0.990023 1 0 1.000000
barracuda
  0 107.600128 25.644016 37.669170 -0.037831 -0.924449 0.379425 0.146267 0.990023 1 0 1.000000
  0 109.077423 25.165775 22.405327 0.138698 -0.989827 0.031713 0.208304 0.990174 1 0 1.000000
  0 108.400116 25.764755 37.739319 -0.037831 -0.924449 0.379425 0.147740 0.987829 1 0 1.000000
barracuda
  0 108.277435 25.045040 21.914680 0.138698 -0.989827 0.031713 0.210028 0.993477 1 0 1.000000
  0 109.077423 25.165775 22.405327 0.138698 -0.989827 0.031713 0.208304 0.990174 1 0 1.000000
  0 107.600128 25.644016 37.669170 -0.037831 -0.924449 0.379425 0.146267 0.990023 1 0 1.000000
barracuda
  0 108.277435 25.045040 21.914680 0.138698 -0.989827 0.031713 0.210028 0.993477 1 0 1.000000
  0 109.971695 24.855709 -0.226376 0.143402 -0.989664 0.000000 0.298222 0.991406 1 0 1.000000
  0 109.077423 25.165775 22.405327 0.138698 -0.989827 0.031713 0.208304 0.990174 1 0 1.000000
barracuda
  0 109.171692 24.734970 -0.226376 0.143402 -0.989664 0.000000 0.298222 0.994579 1 0 1.000000
  0 109.971695 24.855709 -0.226376 0.143402 -0.989664 0.000000 0.298222 0.991406 1 0 1.000000
  0 108.277435 25.045040 21.914680 0.138698 -0.989827 0.031713 0.210028 0.993477 1 0 1.000000
barracuda
  0 109.171692 24.734970 -0.226376 0.143402 -0.989664 0.000000 0.298222 0.994579 1 0 1.000000
  0 108.277435 25.045040 -22.367434 0.138698 -0.989827 -0.031712 0.386416 0.993477 1 0 1.000000
  0 109.971695 24.855709 -0.226376 0.143402 -0.989664 0.000000 0.298222 0.991406 1 0 1.000000
barracuda
  0 109.971695 24.855709 -0.226376 0.143402 -0.989664 0.000000 0.298222 0.991406 1 0 1.000000
  0 108.277435 25.045040 -22.367434 0.138698 -0.989827 -0.031712 0.386416 0.993477 1 0 1.000000
  0 109.077423 25.165775 -22.858080 0.138698 -0.989827 -0.031712 0.388140 0.990174 1 0 1.000000
barracuda
  0 108.277435 25.045040 -22.367434 0.138698 -0.989827 -0.031712 0.386416 0.993477 1 0 1.000000
  0 107.600128 25.644012 -38.121925 -0.037829 -0.924447 -0.379429 0.450177 0.990023 1 0 1.000000
  0 109.077423 25.165775 -22.858080 0.138698 -0.989827 -0.031712 0.388140 0.990174 1 0 1.000000
barracuda
  0 109.077423 25.165775 -22.858080 0.138698 -0.989827 -0.031712 0.388140 0.990174 1 0 1.000000
  0 107.600128 25.644012 -38.121925 -0.037829 -0.924447 -0.379429 0.450177 0.990023 1 0 1.000000
  0 108.400116 25.764751 -38.192074 -0.037829 -0.924447 -0.379429 0.448704 0.987829 1 0 1.000000
barracuda
  0 107.600128 25.644012 -38.121925 -0.037829 -0.924447 -0.379429 0.450177 0.990023 1 0 1.000000
  0 107.006775 27.650499 -40.140297 -0.204119 -0.723602 -0.659345 0.456422 0.980477 1 0 1.000000
  0 108.400116 25.764751 -38.192074 -0.037829 -0.924447 -0.379429 0.448704 0.987829 1 0 1.000000
barracuda
  0 106.423279 27.650499 -39.649639 -0.204119 -0.723602 -0.659345 0.458322 0.982496 1 0 1.000000
  0 107.006775 27.650499 -40.140297 -0.204119 -0.723602 -0.659345 0.456422 0.980477 1 0 1.000000
  0 107.600128 25.644012 -38.121925 -0.037829 -0.924447 -0.379429 0.450177 0.990023 1 0 1.000000
barracuda
  0 -49.293350 7.869104 23.223045 -0.038143 -0.328546 0.943717 0.906544 0.027420 1 0 1.000000
  0 -51.748096 16.073475 25.705376 -0.019346 -0.166634 0.985829 0.926814 0.034721 1 0 1.000000
  0 -89.493317 10.632734 22.285656 -0.038143 -0.328546 0.943717 0.905748 0.124810 1 0 1.000000
barracuda
  0 -89.493317 10.632734 22.285656 -0.038143 -0.328546 0.943717 0.905748 0.124810 1 0 1.000000
  0 -51.748096 16.073475 25.705376 -0.019346 -0.166634 0.985829 0.926814 0.034721 1 0 1.000000
  0 -89.160721 19.627831 25.705379 -0.019346 -0.166634 0.985829 0.929005 0.125505 1 0 1.000000
barracuda
  0 -51.748096 16.073475 25.705376 -0.019346 -0.166634 0.985829 0.926814 0.034721 1 0 1.000000
  0 -54.461235 22.117020 25.705379 0.000000 0.000000 1.000000 0.940919 0.042291 1 0 1.000000
  0 -89.160721 19.627831 25.705379 -0.019346 -0.166634 0.985829 0.929005 0.125505 1 0 1.000000
barracuda
  0 -54.461235 22.117020 25.705379 0.000000 0.000000 1.000000 0.940919 0.042291 1 0 1.000000
  0 -57.785252 25.899651 25.705376 0.000000 0.000000 1.000000 0.949470 0.050948 1 0 1.000000
  0 -89.160721 19.627831 25.705379 -0.019346 -0.166634 0.985829 0.929005 0.125505 1 0 1.000000
barracuda
  0 -57.785252 25.899651 25.705376 0.000000 0.000000 1.000000 0.949470 0.050948 1 0 1.000000
  0 -62.583553 27.864677 25.705376 0.000000 0.000000 1.000000 0.953389 0.062849 1 0 1.000000
  0 -89.160721 19.627831 25.705379 -0.019346 -0.166634 0.985829 0.929005 0.125505 1 0 1.000000
barracuda
  0 -62.583553 27.864677 25.705376 0.000000 0.000000 1.000000 0.953389 0.062849 1 0 1.000000
  0 -71.631783 28.504452 25.705376 0.000000 0.000000 1.000000 0.953389 0.084766 1 0 1.000000
  0 -89.160721 19.627831 25.705379 -0.019346 -0.166634 0.985829 0.929005 0.125505 1 0 1.000000
barracuda
  0 -71.631783 28.504452 25.705376 0.000000 0.000000 1.000000 0.953389 0.084766 1 0 1.000000
  0 -79.787704 28.033306 25.705376 0.000000 0.000000 1.000000 0.950863 0.104345 1 0 1.000000
  0 -89.160721 19.627831 25.705379 -0.019346 -0.166634 0.985829 0.929005 0.125505 1 0 1.000000
barracuda
  0 -79.787704 28.033306 25.705376 0.000000 0.000000 1.000000 0.950863 0.104345 1 0 1.000000
  0 -84.927750 26.340115 25.705376 0.000000 0.000000 1.000000 0.945906 0.116446 1 0 1.000000
  0 -89.160721 19.627831 25.705379 -0.019346 -0.166634 0.985829 0.929005 0.125505 1 0 1.000000
barracuda
  0 -84.927750 26.340115 25.705376 0.000000 0.000000 1.000000 0.945906 0.116446 1 0 1.000000
  0 -87.709412 23.860806 25.705376 0.000000 0.000000 1.000000 0.939455 0.122728 1 0 1.000000
  0 -89.160721 19.627831 25.705379 -0.019346 -0.166634 0.985829 0.929005 0.125505 1 0 1.000000
barracuda
  0 106.755600 38.862091 7.198652 0.982352 0.185094 0.026923 0.332859 0.049689 1 0 1.000000
  0 106.333267 38.810814 22.076653 0.981628 0.187323 0.036283 0.392099 0.048916 1 0 1.000000
  0 108.497360 29.465225 7.364403 0.982352 0.185094 0.026923 0.333442 0.012653 1 0 1.000000
barracuda
  0 108.497360 29.465225 7.364403 0.982352 0.185094 0.026923 0.333442 0.012653 1 0 1.000000
  0 106.333267 38.810814 22.076653 0.981628 0.187323 0.036283 0.392099 0.048916 1 0 1.000000
  0 108.075043 29.672592 22.232906 0.981628 0.187323 0.036283 0.392668 0.013689 1 0 1.000000
barracuda
  0 106.333267 38.810814 22.076653 0.981628 0.187323 0.036283 0.392099 0.048916 1 0 1.000000
  0 105.701813 38.429623 34.001976 0.980813 0.189535 0.045639 0.439989 0.047931 1 0 1.000000
  0 108.075043 29.672592 22.232906 0.981628 0.187323 0.036283 0.392668 0.013689 1 0 1.000000
barracuda
  0 105.701813 38.429623 34.001976 0.980813 0.189535 0.045639 0.439989 0.047931 1 0 1.000000
  0 105.954941 37.249691 35.171593 0.980813 0.189535 0.045639 0.444209 0.043651 1 0 1.000000
  0 108.075043 29.672592 22.232906 0.981628 0.187323 0.036283 0.392668 0.013689 1 0 1.000000
barracuda
  0 108.075043 29.672592 22.232906 0.981628 0.187323 0.036283 0.392668 0.013689 1 0 1.000000
  0 105.954941 37.249691 35.171593 0.980813 0.189535 0.045639 0.444209 0.043651 1 0 1.000000
  0 107.259415 30.129372 35.374367 0.980813 0.189535 0.045639 0.445416 0.015387 1 0 1.000000
barracuda
  0 105.954941 37.249691 35.171593 0.980813 0.189535 0.045639 0.444209 0.043651 1 0 1.000000
  0 107.185486 31.513519 36.545605 0.980813 0.189535 0.045639 0.449688 0.020474 1 0 1.000000
  0 107.259415 30.129372 35.374367 0.980813 0.189535 0.045639 0.445416 0.015387 1 0 1.000000
barracuda
  0 -106.388992 23.048069 38.413479 -0.024366 0.929955 0.366865 0.954160 0.798707 1 0 1.000000
  0 -105.920013 23.364223 37.729801 -0.024366 0.929955 0.366865 0.955390 0.803074 1 0 1.000000
  0 -108.156281 23.456268 37.347958 -0.024366 0.929955 0.366865 0.962913 0.794234 1 0 1.000000
barracuda
  0 -108.156281 23.456268 37.347958 -0.024366 0.929955 0.366865 0.962913 0.794234 1 0 1.000000
  0 -105.920013 23.364223 37.729801 -0.024366 0.929955 0.366865 0.955390 0.803074 1 0 1.000000
  0 -107.819824 23.701229 36.662785 -0.024366 0.929955 0.366865 0.965650 0.797427 1 0 1.000000
barracuda
  0 -106.388992 23.048069 38.413479 0.723129 0.156844 0.672669 0.954160 0.798707 1 0 1.000000
  0 -103.985672 18.252075 36.842350 0.630493 -0.269150 0.728036 0.933771 0.781448 1 0 1.000000
  0 -105.920013 23.364223 37.729801 0.723129 0.156844 0.672669 0.950188 0.803430 1 0 1.000000
barracuda
  0 -105.920013 23.364223 37.729801 0.723129 0.156844 0.672669 0.950188 0.803430 1 0 1.000000
  0 -103.985672 18.252075 36.842350 0.630493 -0.269150 0.728036 0.933771 0.781448 1 0 1.000000
  0 -103.586716 18.199524 36.531521 0.630493 -0.269150 0.728036 0.931253 0.783053 1 0 1.000000
barracuda
  0 -102.396179 16.067070 33.627270 0.416097 -0.643167 0.642806 0.924702 0.767092 1 0 1.000000
  0 -103.586716 18.199524 36.531521 0.630493 -0.269150 0.728036 0.931253 0.783053 1 0 1.000000
  0 -103.985672 18.252075 36.842350 0.630493 -0.269150 0.728036 0.933771 0.781448 1 0 1.000000
barracuda
  0 -108.566376 27.632725 37.122009 -0.501252 0.289137 0.815565 0.534249 0.844712 1 0 1.000000
  0 -105.863251 28.422192 38.334049 -0.430738 0.298982 0.851513 0.532603 0.834469 1 0 1.000000
  0 -109.170242 31.591415 35.177982 -0.501252 0.289137 0.815565 0.518765 0.847400 1 0 1.000000
barracuda
  0 -109.170242 31.591415 35.177982 -0.501252 0.289137 0.815565 0.518765 0.847400 1 0 1.000000
  0 -105.863251 28.422192 38.334049 -0.430738 0.298982 0.851513 0.532603 0.834469 1 0 1.000000
  0 -106.690933 32.912426 36.402885 -0.430738 0.298982 0.851513 0.516649 0.837515 1 0 1.000000
barracuda
  0 -106.690933 32.912426 36.402885 -0.430738 0.298982 0.851513 0.516649 0.837515 1 0 1.000000
  0 -105.863251 28.422192 38.334049 -0.430738 0.298982 0.851513 0.532603 0.834469 1 0 1.000000
  0 -102.177414 34.209709 37.813988 -0.271735 0.317704 0.908419 0.514143 0.822186 1 0 1.000000
barracuda
  0 -102.177414 34.209709 37.813988 -0.271735 0.317704 0.908419 0.514143 0.822186 1 0 1.000000
  0 -105.863251 28.422192 38.334049 -0.430738 0.298982 0.851513 0.532603 0.834469 1 0 1.000000
  0 -101.215637 29.684639 39.745144 -0.271735 0.317704 0.908419 0.529601 0.818473 1 0 1.000000
barracuda
  0 -102.177414 34.209709 37.813988 -0.271735 0.317704 0.908419 0.514143 0.822186 1 0 1.000000
  0 -101.215637 29.684639 39.745144 -0.271735 0.317704 0.908419 0.529601 0.818473 1 0 1.000000
  0 -93.725662 35.834423 39.068260 -0.130864 0.316818 0.939415 0.509353 0.794742 1 0 1.000000
barracuda
  0 -93.725662 35.834423 39.068260 -0.130864 0.316818 0.939415 0.509353 0.794742 1 0 1.000000
  0 -101.215637 29.684639 39.745144 -0.271735 0.317704 0.908419 0.529601 0.818473 1 0 1.000000
  0 -92.691025 30.494324 40.999413 -0.130864 0.316818 0.939415 0.527624 0.790571 1 0 1.000000
barracuda
  0 -93.725662 35.834423 39.068260 -0.130864 0.316818 0.939415 0.509353 0.794742 1 0 1.000000
  0 -92.691025 30.494324 40.999413 -0.130864 0.316818 0.939415 0.527624 0.790571 1 0 1.000000
  0 -84.719910 37.026497 39.538620 -0.064200 0.292472 0.954117 0.504384 0.765236 1 0 1.000000
barracuda
  0 -84.719910 37.026497 39.538620 -0.064200 0.292472 0.954117 0.504384 0.765236 1 0 1.000000
  0 -92.691025 30.494324 40.999413 -0.130864 0.316818 0.939415 0.527624 0.790571 1 0 1.000000
  0 -83.761780 30.927933 41.469784 -0.064200 0.292472 0.954117 0.525787 0.760950 1 0 1.000000
barracuda
  0 -84.719910 37.026497 39.538620 -0.064200 0.292472 0.954117 0.504384 0.765236 1 0 1.000000
  0 -83.761780 30.927933 41.469784 -0.064200 0.292472 0.954117 0.525787 0.760950 1 0 1.000000
  0 -74.590469 38.184639 39.852203 -0.042825 0.265895 0.963050 0.498827 0.731094 1 0 1.000000
barracuda
  0 -74.590469 38.184639 39.852203 -0.042825 0.265895 0.963050 0.498827 0.731094 1 0 1.000000
  0 -83.761780 30.927933 41.469784 -0.064200 0.292472 0.954117 0.525787 0.760950 1 0 1.000000
  0 -73.905106 31.258347 41.783360 -0.042825 0.265895 0.963050 0.523314 0.727276 1 0 1.000000
barracuda
  0 -74.590469 38.184639 39.852203 -0.042825 0.265895 0.963050 0.498827 0.731094 1 0 1.000000
  0 -73.905106 31.258347 41.783360 -0.042825 0.265895 0.963050 0.523314 0.727276 1 0 1.000000
  0 -65.048424 39.032417 40.062195 -0.029729 0.244993 0.969069 0.493987 0.698520 1 0 1.000000
barracuda
  0 -65.048424 39.032417 40.062195 -0.029729 0.244993 0.969069 0.493987 0.698520 1 0 1.000000
  0 -73.905106 31.258347 41.783360 -0.042825 0.265895 0.963050 0.523314 0.727276 1 0 1.000000
  0 -64.033936 31.475697 41.993347 -0.029729 0.244993 0.969069 0.520760 0.693142 1 0 1.000000
barracuda
  0 -65.048424 39.032417 40.062195 -0.029729 0.244993 0.969069 0.493987 0.698520 1 0 1.000000
  0 -64.033936 31.475697 41.993347 -0.029729 0.244993 0.969069 0.520760 0.693142 1 0 1.000000
  0 -50.437241 39.969196 40.272179 -0.013380 0.231793 0.972673 0.487208 0.648153 1 0 1.000000
barracuda
  0 -50.437241 39.969196 40.272179 -0.013380 0.231793 0.972673 0.487208 0.648153 1 0 1.000000
  0 -64.033936 31.475697 41.993347 -0.029729 0.244993 0.969069 0.520760 0.693142 1 0 1.000000
  0 -50.783096 31.715950 42.203331 -0.013380 0.231793 0.972673 0.516765 0.646982 1 0 1.000000
barracuda
  0 -50.783096 31.715950 42.203331 -0.013380 0.231793 0.972673 0.516765 0.646982 1 0 1.000000
  0 -38.284653 31.809341 42.203335 -0.002136 0.227289 0.973825 0.512748 0.602995 1 0 1.000000
  0 -50.437241 39.969196 40.272179 -0.013380 0.231793 0.972673 0.487208 0.648153 1 0 1.000000
barracuda
  0 -50.437241 39.969196 40.272179 -0.013380 0.231793 0.972673 0.487208 0.648153 1 0 1.000000
  0 -38.284653 31.809341 42.203335 -0.002136 0.227289 0.973825 0.512748 0.602995 1 0 1.000000
  0 -35.617424 40.132534 40.272179 -0.002136 0.227289 0.973825 0.481724 0.596435 1 0 1.000000
barracuda
  0 90.824158 13.352940 -18.087524 1.000000 0.000000 0.000000 2.656503 0.924831 1 0 1.000000
  0 90.824158 11.570499 -18.087521 1.000000 0.000000 0.000000 2.656664 0.924831 1 0 1.000000
  0 90.824158 14.228027 -19.026054 1.000000 0.000000 0.000000 2.656424 0.924746 1 0 1.000000
barracuda
  0 90.824158 14.228027 -19.026054 1.000000 0.000000 0.000000 2.656424 0.924746 1 0 1.000000
  0 90.824158 11.570499 -18.087521 1.000000 0.000000 0.000000 2.656664 0.924831 1 0 1.000000
  0 90.824158 14.228027 -23.958988 1.000000 0.000000 0.000000 2.656424 0.924300 1 0 1.000000
barracuda
  0 90.824158 14.228027 -23.958988 1.000000 0.000000 0.000000 2.656424 0.924300 1 0 1.000000
  0 90.824158 11.570499 -18.087521 1.000000 0.000000 0.000000 2.656664 0.924831 1 0 1.000000
  0 90.824158 13.352940 -24.897518 1.000000 0.000000 0.000000 2.656503 0.924215 1 0 1.000000
barracuda
  0 90.824158 13.352940 -24.897518 1.000000 0.000000 0.000000 2.656503 0.924215 1 0 1.000000
  0 90.824158 11.570499 -18.087521 1.000000 0.000000 0.000000 2.656664 0.924831 1 0 1.000000
  0 90.824158 11.570499 -24.897520 1.000000 0.000000 0.000000 2.656664 0.924215 1 0 1.000000
barracuda
  0 90.824158 11.570499 -18.087521 1.000000 0.000000 0.000000 2.656664 0.924831 1 0 1.000000
  0 90.824158 10.695412 -19.026051 0.710928 0.703264 0.000000 2.656744 0.924746 1 0 1.000000
  0 90.824158 11.570499 -24.897520 1.000000 0.000000 0.000000 2.656664 0.924215 1 0 1.000000
barracuda
  0 90.824158 10.695412 -19.026051 0.710928 0.703264 0.000000 2.656744 0.924746 1 0 1.000000
  0 90.824158 10.695412 -23.958988 0.710928 0.703264 0.000000 2.656744 0.924300 1 0 1.000000
  0 90.824158 11.570499 -24.897520 1.000000 0.000000 0.000000 2.656664 0.924215 1 0 1.000000
barracuda
  0 90.477020 10.211212 -24.004601 -1.000000 0.000001 0.000000 0.041170 0.090666 1 0 1.000000
  0 90.477020 10.211212 -18.980442 -1.000000 0.000001 0.000000 0.071036 0.090666 1 0 1.000000
  0 90.477020 10.436218 -24.547813 -1.000000 0.000001 0.000000 0.037940 0.089328 1 0 1.000000
barracuda
  0 90.477020 10.436218 -24.547813 -1.000000 0.000001 0.000000 0.037940 0.089328 1 0 1.000000
  0 90.477020 10.211212 -18.980442 -1.000000 0.000001 0.000000 0.071036 0.090666 1 0 1.000000
  0 90.477020 11.111347 -25.222942 -1.000000 0.000001 0.000000 0.033927 0.085315 1 0 1.000000
barracuda
  0 90.477020 11.111347 -25.222942 -1.000000 0.000001 0.000000 0.033927 0.085315 1 0 1.000000
  0 90.477020 10.211212 -18.980442 -1.000000 0.000001 0.000000 0.071036 0.090666 1 0 1.000000
  0 90.477020 11.654560 -25.447950 -1.000000 0.000001 0.000000 0.032589 0.082086 1 0 1.000000
barracuda
  0 90.477020 11.654560 -25.447950 -1.000000 0.000001 0.000000 0.032589 0.082086 1 0 1.000000
  0 90.477020 10.211212 -18.980442 -1.000000 0.000001 0.000000 0.071036 0.090666 1 0 1.000000
  0 90.477020 13.268883 -25.447950 -1.000000 0.000001 0.000000 0.032589 0.072489 1 0 1.000000
barracuda
  0 90.477020 13.268883 -25.447950 -1.000000 0.000001 0.000000 0.032589 0.072489 1 0 1.000000
  0 90.477020 10.211212 -18.980442 -1.000000 0.000001 0.000000 0.071036 0.090666 1 0 1.000000
  0 90.477020 13.812092 -25.222942 -1.000000 0.000001 0.000000 0.033927 0.069260 1 0 1.000000
barracuda
  0 90.477020 13.812092 -25.222942 -1.000000 0.000001 0.000000 0.033927 0.069260 1 0 1.000000
  0 90.477020 10.211212 -18.980442 -1.000000 0.000001 0.000000 0.071036 0.090666 1 0 1.000000
  0 90.477020 14.487225 -24.547813 -1.000000 0.000001 0.000000 0.037940 0.065247 1 0 1.000000
barracuda
  0 90.477020 14.487225 -24.547813 -1.000000 0.000001 0.000000 0.037940 0.065247 1 0 1.000000
  0 90.477020 10.211212 -18.980442 -1.000000 0.000001 0.000000 0.071036 0.090666 1 0 1.000000
  0 90.477020 14.712227 -24.004601 -1.000000 0.000001 0.000000 0.041170 0.063909 1 0 1.000000
barracuda
  0 90.477020 14.712227 -24.004601 -1.000000 0.000001 0.000000 0.041170 0.063909 1 0 1.000000
  0 90.477020 10.211212 -18.980442 -1.000000 0.000001 0.000000 0.071036 0.090666 1 0 1.000000
  0 90.477020 14.712227 -18.980442 -1.000000 0.000001 0.000000 0.071036 0.063909 1 0 1.000000
barracuda
  0 90.477020 10.211212 -18.980442 -1.000000 0.000001 0.000000 0.071036 0.090666 1 0 1.000000
  0 90.477020 10.436218 -18.437229 -1.000000 0.000001 0.000000 0.074265 0.089328 1 0 1.000000
  0 90.477020 14.712227 -18.980442 -1.000000 0.000001 0.000000 0.071036 0.063909 1 0 1.000000
barracuda
  0 90.477020 10.436218 -18.437229 -1.000000 0.000001 0.000000 0.074265 0.089328 1 0 1.000000
  0 90.477020 11.111347 -17.762096 -1.000000 0.000001 0.000000 0.078278 0.085315 1 0 1.000000
  0 90.477020 14.712227 -18.980442 -1.000000 0.000001 0.000000 0.071036 0.063909 1 0 1.000000
barracuda
  0 90.477020 11.111347 -17.762096 -1.000000 0.000001 0.000000 0.078278 0.085315 1 0 1.000000
  0 90.477020 11.654560 -17.537094 -1.000000 0.000001 0.000000 0.079616 0.082086 1 0 1.000000
  0 90.477020 14.712227 -18.980442 -1.000000 0.000001 0.000000 0.071036 0.063909 1 0 1.000000
barracuda
  0 90.477020 14.712227 -18.980442 -1.000000 0.000001 0.000000 0.071036 0.063909 1 0 1.000000
  0 90.477020 11.654560 -17.537094 -1.000000 0.000001 0.000000 0.079616 0.082086 1 0 1.000000
  0 90.477020 14.487221 -18.437227 -1.000000 0.000001 0.000000 0.074265 0.065247 1 0 1.000000
barracuda
  0 90.477020 11.654560 -17.537094 -1.000000 0.000001 0.000000 0.079616 0.082086 1 0 1.000000
  0 90.477020 13.812092 -17.762096 -1.000000 0.000001 0.000000 0.078278 0.069260 1 0 1.000000
  0 90.477020 14.487221 -18.437227 -1.000000 0.000001 0.000000 0.074265 0.065247 1 0 1.000000
barracuda
  0 90.477020 13.268879 -17.537094 -1.000000 0.000001 0.000000 0.079616 0.072489 1 0 1.000000
  0 90.477020 13.812092 -17.762096 -1.000000 0.000001 0.000000 0.078278 0.069260 1 0 1.000000
  0 90.477020 11.654560 -17.537094 -1.000000 0.000001 0.000000 0.079616 0.082086 1 0 1.000000
barracuda
  0 109.010468 29.459438 7.118156 0.460196 0.102811 0.881844 0.331952 0.011420 1 0 1.000000
  0 107.270859 38.863785 6.908716 0.460196 0.102811 0.881844 0.331284 0.050514 1 0 1.000000
  0 108.497360 29.465225 7.364403 0.460196 0.102811 0.881844 0.333442 0.012653 1 0 1.000000
barracuda
  0 108.497360 29.465225 7.364403 0.460196 0.102811 0.881844 0.333442 0.012653 1 0 1.000000
  0 107.270859 38.863785 6.908716 0.460196 0.102811 0.881844 0.331284 0.050514 1 0 1.000000
  0 106.755600 38.862091 7.198652 0.460196 0.102811 0.881844 0.332859 0.049689 1 0 1.000000
barracuda
  0 106.822281 31.944958 35.918068 0.404443 -0.224607 0.886554 0.316251 0.255374 1 0 1.000000
  0 106.893356 30.928661 34.792004 0.310949 -0.881748 0.354728 0.308795 0.245814 1 0 1.000000
  0 108.423737 32.169407 35.203285 0.404443 -0.224607 0.886554 0.308115 0.256353 1 0 1.000000
barracuda
  0 108.423737 32.169407 35.203285 0.404443 -0.224607 0.886554 0.308115 0.256353 1 0 1.000000
  0 106.893356 30.928661 34.792004 0.310949 -0.881748 0.354728 0.308795 0.245814 1 0 1.000000
  0 108.486740 31.268242 34.204807 0.310949 -0.881748 0.354728 0.304443 0.252858 1 0 1.000000
barracuda
  0 106.893356 30.928661 34.792004 0.310949 -0.881748 0.354728 0.308795 0.245814 1 0 1.000000
  0 107.538391 30.746773 24.291370 0.296039 -0.911529 -0.285439 0.254820 0.245788 1 0 1.000000
  0 108.486740 31.268242 34.204807 0.310949 -0.881748 0.354728 0.304443 0.252858 1 0 1.000000
barracuda
  0 108.486740 31.268242 34.204807 0.310949 -0.881748 0.354728 0.304443 0.252858 1 0 1.000000
  0 107.538391 30.746773 24.291370 0.296039 -0.911529 -0.285439 0.254820 0.245788 1 0 1.000000
  0 109.269516 31.106964 24.893860 0.296039 -0.911529 -0.285439 0.258740 0.253151 1 0 1.000000
barracuda
  0 109.269516 31.106964 24.893860 0.296039 -0.911529 -0.285439 0.258740 0.253151 1 0 1.000000
  0 107.538391 30.746773 24.291370 0.296039 -0.911529 -0.285439 0.254820 0.245788 1 0 1.000000
  0 109.168274 31.571138 24.227528 0.395201 -0.389608 -0.831878 0.256381 0.254901 1 0 1.000000
barracuda
  0 109.168274 31.571138 24.227528 0.395201 -0.389608 -0.831878 0.256381 0.254901 1 0 1.000000
  0 107.538391 30.746773 24.291370 0.296039 -0.911529 -0.285439 0.254820 0.245788 1 0 1.000000
  0 107.424210 31.270258 23.539894 0.395201 -0.389608 -0.831878 0.248601 0.252443 1 0 1.000000
barracuda
  0 109.168274 31.571138 24.227528 0.395201 -0.389608 -0.831878 0.256381 0.254901 1 0 1.000000
  0 107.424210 31.270258 23.539894 0.395201 -0.389608 -0.831878 0.248601 0.252443 1 0 1.000000
  0 108.133194 36.162170 24.015091 0.377315 0.442160 -0.813713 0.256931 0.275466 1 0 1.000000
barracuda
  0 108.133194 36.162170 24.015091 0.377315 0.442160 -0.813713 0.256931 0.275466 1 0 1.000000
  0 107.424210 31.270258 23.539894 0.395201 -0.389608 -0.831878 0.248601 0.252443 1 0 1.000000
  0 106.256882 36.447895 23.300310 0.377315 0.442160 -0.813713 0.249608 0.281153 1 0 1.000000
barracuda
  0 108.133194 36.162170 24.015091 0.377315 0.442160 -0.813713 0.256931 0.275466 1 0 1.000000
  0 106.256882 36.447895 23.300310 0.377315 0.442160 -0.813713 0.249608 0.281153 1 0 1.000000
  0 107.833908 36.744976 24.649242 0.266296 0.922064 -0.280863 0.259407 0.278024 1 0 1.000000
barracuda
  0 107.833908 36.744976 24.649242 0.266296 0.922064 -0.280863 0.259407 0.278024 1 0 1.000000
  0 106.256882 36.447895 23.300310 0.377315 0.442160 -0.813713 0.249608 0.281153 1 0 1.000000
  0 105.919373 37.105167 24.015501 0.266296 0.922064 -0.280863 0.255603 0.286847 1 0 1.000000
barracuda
  0 105.919373 37.105167 24.015501 0.266296 0.922064 -0.280863 0.255603 0.286847 1 0 1.000000
  0 105.395859 37.023056 33.809681 0.228309 0.926727 0.298414 0.304053 0.286624 1 0 1.000000
  0 107.833908 36.744976 24.649242 0.266296 0.922064 -0.280863 0.259407 0.278024 1 0 1.000000
barracuda
  0 107.833908 36.744976 24.649242 0.266296 0.922064 -0.280863 0.259407 0.278024 1 0 1.000000
  0 105.395859 37.023056 33.809681 0.228309 0.926727 0.298414 0.304053 0.286624 1 0 1.000000
  0 107.369720 36.672165 33.390152 0.228309 0.926727 0.298414 0.300331 0.277524 1 0 1.000000
barracuda
  0 105.395859 37.023056 33.809681 0.228309 0.926727 0.298414 0.304053 0.286624 1 0 1.000000
  0 105.639206 36.156696 34.934166 0.305635 0.566598 0.765215 0.312201 0.280235 1 0 1.000000
  0 107.369720 36.672165 33.390152 0.228309 0.926727 0.298414 0.300331 0.277524 1 0 1.000000
barracuda
  0 107.369720 36.672165 33.390152 0.228309 0.926727 0.298414 0.300331 0.277524 1 0 1.000000
  0 105.639206 36.156696 34.934166 0.305635 0.566598 0.765215 0.312201 0.280235 1 0 1.000000
  0 107.585510 35.903961 34.387241 0.305635 0.566598 0.765215 0.304670 0.273859 1 0 1.000000
barracuda
  0 105.639206 36.156696 34.934166 0.305635 0.566598 0.765215 0.312201 0.280235 1 0 1.000000
  0 106.822281 31.944958 35.918068 0.404443 -0.224607 0.886554 0.316251 0.255374 1 0 1.000000
  0 107.585510 35.903961 34.387241 0.305635 0.566598 0.765215 0.304670 0.273859 1 0 1.000000
barracuda
  0 107.585510 35.903961 34.387241 0.305635 0.566598 0.765215 0.304670 0.273859 1 0 1.000000
  0 106.822281 31.944958 35.918068 0.404443 -0.224607 0.886554 0.316251 0.255374 1 0 1.000000
  0 108.423737 32.169407 35.203285 0.404443 -0.224607 0.886554 0.308115 0.256353 1 0 1.000000
barracuda
  0 108.423737 32.169407 35.203285 0.971868 0.228463 0.057243 0.308115 0.256353 1 0 1.000000
  0 108.486740 31.268242 34.204807 0.971868 0.228463 0.057243 0.304443 0.252858 1 0 1.000000
  0 107.585510 35.903961 34.387241 0.971868 0.228463 0.057243 0.304670 0.273859 1 0 1.000000
barracuda
  0 108.486740 31.268242 34.204807 0.971868 0.228463 0.057243 0.304443 0.252858 1 0 1.000000
  0 109.269516 31.106964 24.893860 0.971868 0.228463 0.057243 0.258740 0.253151 1 0 1.000000
  0 107.585510 35.903961 34.387241 0.971868 0.228463 0.057243 0.304670 0.273859 1 0 1.000000
barracuda
  0 107.585510 35.903961 34.387241 0.971868 0.228463 0.057243 0.304670 0.273859 1 0 1.000000
  0 109.269516 31.106964 24.893860 0.971868 0.228463 0.057243 0.258740 0.253151 1 0 1.000000
  0 107.369720 36.672165 33.390152 0.971868 0.228463 0.057243 0.300331 0.277524 1 0 1.000000
barracuda
  0 109.269516 31.106964 24.893860 0.971868 0.228463 0.057243 0.258740 0.253151 1 0 1.000000
  0 109.168274 31.571138 24.227528 0.971868 0.228463 0.057243 0.256381 0.254901 1 0 1.000000
  0 107.369720 36.672165 33.390152 0.971868 0.228463 0.057243 0.300331 0.277524 1 0 1.000000
barracuda
  0 107.833908 36.744976 24.649242 0.971868 0.228463 0.057243 0.259407 0.278024 1 0 1.000000
  0 107.369720 36.672165 33.390152 0.971868 0.228463 0.057243 0.300331 0.277524 1 0 1.000000
  0 109.168274 31.571138 24.227528 0.971868 0.228463 0.057243 0.256381 0.254901 1 0 1.000000
barracuda
  0 108.133194 36.162170 24.015091 0.971868 0.228463 0.057243 0.256931 0.275466 1 0 1.000000
  0 107.833908 36.744976 24.649242 0.971868 0.228463 0.057243 0.259407 0.278024 1 0 1.000000
  0 109.168274 31.571138 24.227528 0.971868 0.228463 0.057243 0.256381 0.254901 1 0 1.000000
barracuda
  0 99.399628 13.268879 -25.447948 1.000000 0.000000 0.000000 0.030653 0.010868 1 0 1.000000
  0 99.399628 13.128551 -24.997200 1.000000 0.000000 0.000000 0.030342 0.008130 1 0 1.000000
  0 99.399628 11.654560 -25.447948 1.000000 0.000004 0.000000 0.021146 0.010868 1 0 1.000000
barracuda
  0 99.399628 11.654560 -25.447948 1.000000 0.000004 0.000000 0.021146 0.010868 1 0 1.000000
  0 99.399628 13.128551 -24.997200 1.000000 0.000000 0.000000 0.030342 0.008130 1 0 1.000000
  0 99.399628 11.794888 -24.997200 1.000000 0.000004 0.000000 0.021457 0.008130 1 0 1.000000
barracuda
  0 99.399628 11.654560 -25.447948 1.000000 0.000004 0.000000 0.021146 0.010868 1 0 1.000000
  0 99.399628 11.794888 -24.997200 1.000000 0.000004 0.000000 0.021457 0.008130 1 0 1.000000
  0 99.399628 11.111347 -25.222942 1.000000 0.000013 0.000000 0.018105 0.010868 1 0 1.000000
barracuda
  0 99.399628 11.111347 -25.222942 1.000000 0.000013 0.000000 0.018105 0.010868 1 0 1.000000
  0 99.399628 11.794888 -24.997200 1.000000 0.000004 0.000000 0.021457 0.008130 1 0 1.000000
  0 99.399628 11.346111 -24.797838 1.000000 0.000013 0.000000 0.017982 0.008046 1 0 1.000000
barracuda
  0 99.399628 11.111347 -25.222942 1.000000 0.000013 0.000000 0.018105 0.010868 1 0 1.000000
  0 99.399628 11.346111 -24.797838 1.000000 0.000013 0.000000 0.017982 0.008046 1 0 1.000000
  0 99.399628 10.436218 -24.547813 1.000000 0.000016 0.000000 0.013626 0.010868 1 0 1.000000
barracuda
  0 99.399628 10.436218 -24.547813 1.000000 0.000016 0.000000 0.013626 0.010868 1 0 1.000000
  0 99.399628 11.346111 -24.797838 1.000000 0.000013 0.000000 0.017982 0.008046 1 0 1.000000
  0 99.399628 10.788357 -24.199642 1.000000 0.000016 0.000000 0.012962 0.008033 1 0 1.000000
barracuda
  0 99.399628 10.436218 -24.547813 1.000000 0.000016 0.000000 0.013626 0.010868 1 0 1.000000
  0 99.399628 10.788357 -24.199642 1.000000 0.000016 0.000000 0.012962 0.008033 1 0 1.000000
  0 99.399628 10.211212 -24.004602 1.000000 0.000015 0.000000 0.010563 0.010868 1 0 1.000000
barracuda
  0 99.399628 10.211212 -24.004602 1.000000 0.000015 0.000000 0.010563 0.010868 1 0 1.000000
  0 99.399628 10.788357 -24.199642 1.000000 0.000016 0.000000 0.012962 0.008033 1 0 1.000000
  0 99.399628 10.602467 -23.718334 1.000000 0.000015 0.000000 0.009814 0.008068 1 0 1.000000
barracuda
  0 105.701813 38.429623 34.001976 0.000000 -0.999489 -0.031949 0.439989 0.047931 1 0 1.000000
  0 106.333267 38.810814 22.076653 0.004734 -0.999861 -0.015977 0.392099 0.048916 1 0 1.000000
  0 107.110901 38.429623 34.001976 0.000000 -0.999489 -0.031949 0.442397 0.052133 1 0 1.000000
barracuda
  0 107.110901 38.429623 34.001976 0.000000 -0.999489 -0.031949 0.442397 0.052133 1 0 1.000000
  0 106.333267 38.810814 22.076653 0.004734 -0.999861 -0.015977 0.392099 0.048916 1 0 1.000000
  0 107.742355 38.810814 22.076653 0.004734 -0.999861 -0.015977 0.391905 0.054141 1 0 1.000000
barracuda
  0 106.333267 38.810814 22.076653 0.004734 -0.999861 -0.015977 0.392099 0.048916 1 0 1.000000
  0 106.755600 38.862091 7.198652 0.009467 -0.999955 0.000000 0.332859 0.049689 1 0 1.000000
  0 107.742355 38.810814 22.076653 0.004734 -0.999861 -0.015977 0.391905 0.054141 1 0 1.000000
barracuda
  0 107.270859 38.863785 6.908716 0.009467 -0.999955 0.000000 0.331284 0.050514 1 0 1.000000
  0 107.742355 38.810814 22.076653 0.004734 -0.999861 -0.015977 0.391905 0.054141 1 0 1.000000
  0 106.755600 38.862091 7.198652 0.009467 -0.999955 0.000000 0.332859 0.049689 1 0 1.000000
barracuda
  0 108.525024 38.905846 -0.226376 0.009467 -0.999955 0.000000 0.302965 0.056511 1 0 1.000000
  0 107.742355 38.810814 22.076653 0.004734 -0.999861 -0.015977 0.391905 0.054141 1 0 1.000000
  0 107.270859 38.863785 6.908716 0.009467 -0.999955 0.000000 0.331284 0.050514 1 0 1.000000
barracuda
  0 107.270859 38.863785 -7.361469 0.009467 -0.999955 0.000000 0.274596 0.050756 1 0 1.000000
  0 108.525024 38.905846 -0.226376 0.009467 -0.999955 0.000000 0.302965 0.056511 1 0 1.000000
  0 107.270859 38.863785 6.908716 0.009467 -0.999955 0.000000 0.331284 0.050514 1 0 1.000000
barracuda
  0 107.742355 38.810814 -22.529404 0.004734 -0.999861 0.015977 0.214007 0.054900 1 0 1.000000
  0 108.525024 38.905846 -0.226376 0.009467 -0.999955 0.000000 0.302965 0.056511 1 0 1.000000
  0 107.270859 38.863785 -7.361469 0.009467 -0.999955 0.000000 0.274596 0.050756 1 0 1.000000
barracuda
  0 106.755600 38.862091 -7.651400 0.009467 -0.999955 0.000000 0.273014 0.049944 1 0 1.000000
  0 107.742355 38.810814 -22.529404 0.004734 -0.999861 0.015977 0.214007 0.054900 1 0 1.000000
  0 107.270859 38.863785 -7.361469 0.009467 -0.999955 0.000000 0.274596 0.050756 1 0 1.000000
barracuda
  0 106.333267 38.810814 -22.529404 0.004734 -0.999861 0.015977 0.213768 0.049676 1 0 1.000000
  0 107.742355 38.810814 -22.529404 0.004734 -0.999861 0.015977 0.214007 0.054900 1 0 1.000000
  0 106.755600 38.862091 -7.651400 0.009467 -0.999955 0.000000 0.273014 0.049944 1 0 1.000000
barracuda
  0 107.742355 38.810814 -22.529404 0.004734 -0.999861 0.015977 0.214007 0.054900 1 0 1.000000
  0 106.333267 38.810814 -22.529404 0.004734 -0.999861 0.015977 0.213768 0.049676 1 0 1.000000
  0 107.110901 38.429619 -34.454727 0.000000 -0.999489 0.031949 0.163500 0.053322 1 0 1.000000
barracuda
  0 107.110901 38.429619 -34.454727 0.000000 -0.999489 0.031949 0.163500 0.053322 1 0 1.000000
  0 106.333267 38.810814 -22.529404 0.004734 -0.999861 0.015977 0.213768 0.049676 1 0 1.000000
  0 105.701813 38.429619 -34.454727 0.000000 -0.999489 0.031949 0.165872 0.049101 1 0 1.000000
barracuda
  0 -25.096886 42.685162 -11.861673 0.994745 -0.098923 0.026377 0.818020 0.969695 1 0 1.000000
  0 -26.574158 33.046673 -9.421148 0.994745 -0.098923 0.026377 0.826165 0.938282 1 0 1.000000
  0 -24.953634 41.690926 -24.647724 0.994745 -0.098923 0.026377 0.776015 0.967826 1 0 1.000000
barracuda
  0 -26.574158 33.046673 -9.421148 0.994745 -0.098923 0.026377 0.826165 0.938282 1 0 1.000000
  0 -25.422447 40.825439 -29.721241 0.951457 -0.017325 -0.307293 0.759265 0.966371 1 0 1.000000
  0 -24.953634 41.690926 -24.647724 0.994745 -0.098923 0.026377 0.776015 0.967826 1 0 1.000000
barracuda
  0 -25.452444 32.554108 -30.669088 0.951457 -0.017325 -0.307293 0.756270 0.937712 1 0 1.000000
  0 -25.422447 40.825439 -29.721241 0.951457 -0.017325 -0.307293 0.759265 0.966371 1 0 1.000000
  0 -26.574158 33.046673 -9.421148 0.994745 -0.098923 0.026377 0.826165 0.938282 1 0 1.000000
barracuda
  0 -25.452444 32.554108 -30.669088 0.951457 -0.017325 -0.307293 0.756270 0.937712 1 0 1.000000
  0 -26.593121 37.576103 -31.616938 0.794120 0.066350 -0.604129 0.753117 0.964466 1 0 1.000000
  0 -25.422447 40.825439 -29.721241 0.951457 -0.017325 -0.307293 0.759265 0.966371 1 0 1.000000
barracuda
  0 -57.605209 33.967709 -32.930435 -0.201097 -0.979086 -0.030823 0.755536 0.831668 1 0 1.000000
  0 -38.284653 31.809341 -35.991909 -0.201097 -0.979086 -0.030823 0.741493 0.894378 1 0 1.000000
  0 -54.028385 34.402706 -11.276859 -0.201097 -0.979086 -0.030823 0.825789 0.847885 1 0 1.000000
barracuda
  0 -38.284653 31.809341 -35.991909 -0.201097 -0.979086 -0.030823 0.741493 0.894378 1 0 1.000000
  0 -34.003799 30.662971 -34.329296 -0.201097 -0.979086 -0.030823 0.746056 0.908758 1 0 1.000000
  0 -54.028385 34.402706 -11.276859 -0.201097 -0.979086 -0.030823 0.825789 0.847885 1 0 1.000000
barracuda
  0 -39.138397 29.716152 -10.472033 -0.201097 -0.979086 -0.030823 0.825340 0.896870 1 0 1.000000
  0 -54.028385 34.402706 -11.276859 -0.201097 -0.979086 -0.030823 0.825789 0.847885 1 0 1.000000
  0 -34.003799 30.662971 -34.329296 -0.201097 -0.979086 -0.030823 0.746056 0.908758 1 0 1.000000
barracuda
  0 -105.825027 23.733055 35.927151 -0.061333 0.656105 -0.752173 0.443841 0.939918 1 0 1.000000
  0 -105.825027 22.489689 34.816982 -0.061333 0.656105 -0.752173 0.439802 0.944458 1 0 1.000000
  0 -107.819824 23.497669 35.858883 -0.061333 0.656105 -0.752173 0.450268 0.943952 1 0 1.000000
barracuda
  0 -107.819824 23.497669 35.858883 -0.061333 0.656105 -0.752173 0.450268 0.943952 1 0 1.000000
  0 -105.825027 22.489689 34.816982 -0.061333 0.656105 -0.752173 0.439802 0.944458 1 0 1.000000
  0 -108.856812 22.167896 34.809109 -0.061333 0.656105 -0.752173 0.443946 0.954864 1 0 1.000000
barracuda
  0 -110.466614 31.234528 29.872948 -0.011752 -0.999509 -0.029026 0.418871 0.890580 1 0 1.000000
  0 -105.825027 30.852283 34.568424 -0.023492 -0.998039 -0.058024 0.438772 0.911717 1 0 1.000000
  0 -109.227432 30.852283 34.568428 -0.023492 -0.998039 -0.058024 0.445090 0.901846 1 0 1.000000
barracuda
  0 -105.825027 31.234528 26.616150 -0.011752 -0.999509 -0.029026 0.407519 0.909927 1 0 1.000000
  0 -105.825027 30.852283 34.568424 -0.023492 -0.998039 -0.058024 0.438772 0.911717 1 0 1.000000
  0 -110.466614 31.234528 29.872948 -0.011752 -0.999509 -0.029026 0.418871 0.890580 1 0 1.000000
barracuda
  0 -110.466614 31.234528 29.872948 -0.011752 -0.999509 -0.029026 0.418871 0.890580 1 0 1.000000
  0 -112.706528 31.234531 12.628460 -0.000001 -1.000000 0.000000 0.348140 0.895924 1 0 1.000000
  0 -105.825027 31.234528 26.616150 -0.011752 -0.999509 -0.029026 0.407519 0.909927 1 0 1.000000
barracuda
  0 -112.085403 31.234526 -0.226376 -0.000001 -1.000000 0.000000 0.300398 0.909926 1 0 1.000000
  0 -105.825027 31.234528 26.616150 -0.011752 -0.999509 -0.029026 0.407519 0.909927 1 0 1.000000
  0 -112.706528 31.234531 12.628460 -0.000001 -1.000000 0.000000 0.348140 0.895924 1 0 1.000000
barracuda
  0 -113.412933 31.234526 -0.226376 -0.000001 -1.000000 0.000000 0.300398 0.904790 1 0 1.000000
  0 -112.085403 31.234526 -0.226376 -0.000001 -1.000000 0.000000 0.300398 0.909926 1 0 1.000000
  0 -112.706528 31.234531 12.628460 -0.000001 -1.000000 0.000000 0.348140 0.895924 1 0 1.000000
barracuda
  0 -113.412933 31.234526 -0.226376 -0.000001 -1.000000 0.000000 0.300398 0.904790 1 0 1.000000
  0 -112.706528 31.234531 -13.081213 -0.000001 -1.000000 0.000000 0.252656 0.895924 1 0 1.000000
  0 -112.085403 31.234526 -0.226376 -0.000001 -1.000000 0.000000 0.300398 0.909926 1 0 1.000000
barracuda
  0 -112.085403 31.234526 -0.226376 -0.000001 -1.000000 0.000000 0.300398 0.909926 1 0 1.000000
  0 -112.706528 31.234531 -13.081213 -0.000001 -1.000000 0.000000 0.252656 0.895924 1 0 1.000000
  0 -105.825027 31.234528 -27.068905 -0.011753 -0.999509 0.029027 0.193277 0.909927 1 0 1.000000
barracuda
  0 -110.466614 31.234531 -30.325703 -0.011753 -0.999509 0.029027 0.181926 0.890580 1 0 1.000000
  0 -105.825027 31.234528 -27.068905 -0.011753 -0.999509 0.029027 0.193277 0.909927 1 0 1.000000
  0 -112.706528 31.234531 -13.081213 -0.000001 -1.000000 0.000000 0.252656 0.895924 1 0 1.000000
barracuda
  0 -110.466614 31.234531 -30.325703 -0.011753 -0.999509 0.029027 0.181926 0.890580 1 0 1.000000
  0 -105.825027 30.852282 -35.021175 -0.023494 -0.998039 0.058025 0.162025 0.911717 1 0 1.000000
  0 -105.825027 31.234528 -27.068905 -0.011753 -0.999509 0.029027 0.193277 0.909927 1 0 1.000000
barracuda
  0 -109.227432 30.852285 -35.021175 -0.023494 -0.998039 0.058025 0.155706 0.901846 1 0 1.000000
  0 -105.825027 30.852282 -35.021175 -0.023494 -0.998039 0.058025 0.162025 0.911717 1 0 1.000000
  0 -110.466614 31.234531 -30.325703 -0.011753 -0.999509 0.029027 0.181926 0.890580 1 0 1.000000
barracuda
  0 107.364029 37.249691 35.171593 0.000000 -0.703996 -0.710204 0.449261 0.045324 1 0 1.000000
  0 105.954941 37.249691 35.171593 0.000000 -0.703996 -0.710204 0.444209 0.043651 1 0 1.000000
  0 107.110901 38.429623 34.001976 0.000000 -0.703996 -0.710204 0.442397 0.052133 1 0 1.000000
barracuda
  0 107.110901 38.429623 34.001976 0.000000 -0.703996 -0.710204 0.442397 0.052133 1 0 1.000000
  0 105.954941 37.249691 35.171593 0.000000 -0.703996 -0.710204 0.444209 0.043651 1 0 1.000000
  0 105.701813 38.429623 34.001976 0.000000 -0.703996 -0.710204 0.439989 0.047931 1 0 1.000000
barracuda
  0 108.648315 31.513519 36.545605 0.000000 -0.232945 -0.972490 0.454614 0.018453 1 0 1.000000
  0 107.185486 31.513519 36.545605 0.000000 -0.232945 -0.972490 0.449688 0.020474 1 0 1.000000
  0 107.364029 37.249691 35.171593 0.000000 -0.232945 -0.972490 0.449261 0.045324 1 0 1.000000
barracuda
  0 107.364029 37.249691 35.171593 0.000000 -0.232945 -0.972490 0.449261 0.045324 1 0 1.000000
  0 107.185486 31.513519 36.545605 0.000000 -0.232945 -0.972490 0.449688 0.020474 1 0 1.000000
  0 105.954941 37.249691 35.171593 0.000000 -0.232945 -0.972490 0.444209 0.043651 1 0 1.000000
barracuda
  0 108.668488 30.129364 35.374371 0.000004 0.645953 -0.763377 0.447474 0.010778 1 0 1.000000
  0 107.259415 30.129372 35.374367 0.000004 0.645953 -0.763377 0.445416 0.015387 1 0 1.000000
  0 108.648315 31.513519 36.545605 0.000004 0.645953 -0.763377 0.454614 0.018453 1 0 1.000000
barracuda
  0 108.648315 31.513519 36.545605 0.000004 0.645953 -0.763377 0.454614 0.018453 1 0 1.000000
  0 107.259415 30.129372 35.374367 0.000004 0.645953 -0.763377 0.445416 0.015387 1 0 1.000000
  0 107.185486 31.513519 36.545605 0.000004 0.645953 -0.763377 0.449688 0.020474 1 0 1.000000
barracuda
  0 -28.451479 40.633411 35.698196 0.418285 -0.908306 -0.004262 2.638966 0.933374 1 0 1.000000
  0 -22.621681 45.940430 33.940994 0.647491 -0.753815 -0.111883 2.639363 0.932935 1 0 1.000000
  0 -27.810314 40.936989 36.870865 0.418285 -0.908306 -0.004262 2.638922 0.933246 1 0 1.000000
barracuda
  0 -27.810314 40.936989 36.870865 0.418285 -0.908306 -0.004262 2.638922 0.933246 1 0 1.000000
  0 -22.621681 45.940430 33.940994 0.647491 -0.753815 -0.111883 2.639363 0.932935 1 0 1.000000
  0 -22.376606 45.959793 35.196415 0.647491 -0.753815 -0.111883 2.639271 0.932868 1 0 1.000000
barracuda
  0 -22.621681 45.940430 33.940994 0.647491 -0.753815 -0.111883 2.639363 0.932935 1 0 1.000000
  0 -16.045187 51.696667 32.851875 0.650174 -0.757531 -0.058485 2.639709 0.932442 1 0 1.000000
  0 -22.376606 45.959793 35.196415 0.647491 -0.753815 -0.111883 2.639271 0.932868 1 0 1.000000
barracuda
  0 -16.280882 51.585060 31.679207 0.650174 -0.757531 -0.058485 2.639799 0.932503 1 0 1.000000
  0 -16.045187 51.696667 32.851875 0.650174 -0.757531 -0.058485 2.639709 0.932442 1 0 1.000000
  0 -22.621681 45.940430 33.940994 0.647491 -0.753815 -0.111883 2.639363 0.932935 1 0 1.000000
barracuda
  0 -16.280882 51.585060 31.679207 0.650174 -0.757531 -0.058485 2.639799 0.932503 1 0 1.000000
  0 -10.991970 56.176029 30.642979 0.530509 -0.847548 -0.014902 2.640086 0.932116 1 0 1.000000
  0 -16.045187 51.696667 32.851875 0.650174 -0.757531 -0.058485 2.639709 0.932442 1 0 1.000000
barracuda
  0 -10.991970 56.176033 29.470314 0.530509 -0.847548 -0.014902 2.640203 0.932143 1 0 1.000000
  0 -10.991970 56.176029 30.642979 0.530509 -0.847548 -0.014902 2.640086 0.932116 1 0 1.000000
  0 -16.280882 51.585060 31.679207 0.650174 -0.757531 -0.058485 2.639799 0.932503 1 0 1.000000
barracuda
  0 -109.227432 30.852283 34.568428 0.001432 -0.480723 -0.876871 0.445090 0.901846 1 0 1.000000
  0 -105.825027 30.852283 34.568424 0.001432 -0.480723 -0.876871 0.438772 0.911717 1 0 1.000000
  0 -108.572311 27.531811 36.384304 0.001432 -0.480723 -0.876871 0.455859 0.922299 1 0 1.000000
barracuda
  0 -108.572311 27.531811 36.384304 0.001432 -0.480723 -0.876871 0.455859 0.922299 1 0 1.000000
  0 -105.825027 30.852283 34.568424 0.001432 -0.480723 -0.876871 0.438772 0.911717 1 0 1.000000
  0 -105.825012 27.526642 36.397179 0.001432 -0.480723 -0.876871 0.445741 0.924403 1 0 1.000000
barracuda
  0 -108.572311 27.531811 36.384304 0.010796 0.127168 -0.991822 0.455859 0.922299 1 0 1.000000
  0 -105.825012 27.526642 36.397179 0.010796 0.127168 -0.991822 0.445741 0.924403 1 0 1.000000
  0 -107.819824 23.497669 35.858883 0.010796 0.127168 -0.991822 0.450268 0.943952 1 0 1.000000
barracuda
  0 -107.819824 23.497669 35.858883 0.010796 0.127168 -0.991822 0.450268 0.943952 1 0 1.000000
  0 -105.825012 27.526642 36.397179 0.010796 0.127168 -0.991822 0.445741 0.924403 1 0 1.000000
  0 -105.825027 23.733055 35.927151 0.010796 0.127168 -0.991822 0.443841 0.939918 1 0 1.000000
barracuda
  0 -105.825027 22.489689 34.816982 -0.076576 0.997004 0.010946 0.439802 0.944458 1 0 1.000000
  0 -105.825027 22.489685 26.708935 -0.069986 0.997493 0.010483 0.407648 0.944668 1 0 1.000000
  0 -108.856812 22.167896 34.809109 -0.076576 0.997004 0.010946 0.443946 0.954864 1 0 1.000000
barracuda
  0 -108.856812 22.167896 34.809109 -0.076576 0.997004 0.010946 0.443946 0.954864 1 0 1.000000
  0 -105.825027 22.489685 26.708935 -0.069986 0.997493 0.010483 0.407648 0.944668 1 0 1.000000
  0 -111.842346 22.167892 22.031197 -0.069986 0.997493 0.010483 0.387355 0.966891 1 0 1.000000
barracuda
  0 -105.825027 22.489685 26.708935 -0.069986 0.997493 0.010483 0.407648 0.944668 1 0 1.000000
  0 -113.394363 22.167892 10.870083 -0.063393 0.997938 0.010021 0.341288 0.964103 1 0 1.000000
  0 -111.842346 22.167892 22.031197 -0.069986 0.997493 0.010483 0.387355 0.966891 1 0 1.000000
barracuda
  0 -110.294907 22.489685 -0.226376 -0.063393 0.997938 0.010021 0.300398 0.944573 1 0 1.000000
  0 -113.394363 22.167892 10.870083 -0.063393 0.997938 0.010021 0.341288 0.964103 1 0 1.000000
  0 -105.825027 22.489685 26.708935 -0.069986 0.997493 0.010483 0.407648 0.944668 1 0 1.000000
barracuda
  0 -110.294907 22.489685 -0.226376 -0.063393 0.997938 0.010021 0.300398 0.944573 1 0 1.000000
  0 -113.725098 22.167892 -0.226376 -0.093402 0.995628 0.000000 0.300398 0.957953 1 0 1.000000
  0 -113.394363 22.167892 10.870083 -0.063393 0.997938 0.010021 0.341288 0.964103 1 0 1.000000
barracuda
  0 -110.294907 22.489685 -0.226376 -0.063393 0.997938 0.010021 0.300398 0.944573 1 0 1.000000
  0 -113.394363 22.167892 -11.322838 -0.063393 0.997938 -0.010021 0.259508 0.964103 1 0 1.000000
  0 -113.725098 22.167892 -0.226376 -0.093402 0.995628 0.000000 0.300398 0.957953 1 0 1.000000
barracuda
  0 -105.825027 22.489685 -27.161690 -0.069986 0.997493 -0.010483 0.193148 0.944668 1 0 1.000000
  0 -113.394363 22.167892 -11.322838 -0.063393 0.997938 -0.010021 0.259508 0.964103 1 0 1.000000
  0 -110.294907 22.489685 -0.226376 -0.063393 0.997938 0.010021 0.300398 0.944573 1 0 1.000000
barracuda
  0 -111.842346 22.167892 -22.483950 -0.069986 0.997493 -0.010483 0.213441 0.966891 1 0 1.000000
  0 -113.394363 22.167892 -11.322838 -0.063393 0.997938 -0.010021 0.259508 0.964103 1 0 1.000000
  0 -105.825027 22.489685 -27.161690 -0.069986 0.997493 -0.010483 0.193148 0.944668 1 0 1.000000
barracuda
  0 -105.825027 22.489685 -27.161690 -0.069986 0.997493 -0.010483 0.193148 0.944668 1 0 1.000000
  0 -108.856812 22.167892 -35.261856 -0.076576 0.997004 -0.010946 0.156850 0.954864 1 0 1.000000
  0 -111.842346 22.167892 -22.483950 -0.069986 0.997493 -0.010483 0.213441 0.966891 1 0 1.000000
barracuda
  0 -105.825027 22.489685 -35.269737 -0.076576 0.997004 -0.010946 0.160994 0.944458 1 0 1.000000
  0 -108.856812 22.167892 -35.261856 -0.076576 0.997004 -0.010946 0.156850 0.954864 1 0 1.000000
  0 -105.825027 22.489685 -27.161690 -0.069986 0.997493 -0.010483 0.193148 0.944668 1 0 1.000000
barracuda
  0 -28.451479 40.633411 35.698196 0.418285 -0.908306 -0.004262 0.700848 0.980425 1 0 1.000000
  0 -27.810314 40.936989 36.870865 0.418285 -0.908306 -0.004262 0.702710 0.983049 1 0 1.000000
  0 -35.617424 39.666767 36.310425 0.150299 -0.980304 0.128120 0.683883 0.983887 1 0 1.000000
barracuda
  0 -35.617424 39.666767 36.310425 0.150299 -0.980304 0.128120 0.683883 0.983887 1 0 1.000000
  0 -27.810314 40.936989 36.870865 0.418285 -0.908306 -0.004262 0.702710 0.983049 1 0 1.000000
  0 -35.617424 40.132534 40.272179 0.150299 -0.980304 0.128120 0.685000 0.993393 1 0 1.000000
barracuda
  0 28.443459 42.625977 40.642330 -0.535108 -0.843343 0.049317 0.550684 0.469878 1 0 1.000000
  0 26.331909 43.633827 38.300907 -0.535108 -0.843343 0.049317 0.559851 0.476543 1 0 1.000000
  0 28.305168 42.207317 35.317558 -0.535108 -0.843343 0.049317 0.569782 0.468376 1 0 1.000000
barracuda
  0 28.305168 42.207317 35.317558 -0.535108 -0.843343 0.049317 0.569782 0.468376 1 0 1.000000
  0 26.331909 43.633827 38.300907 -0.535108 -0.843343 0.049317 0.559851 0.476543 1 0 1.000000
  0 26.331909 43.658836 36.047832 -0.535108 -0.843343 0.049317 0.567899 0.475699 1 0 1.000000
barracuda
  0 26.331909 43.664932 35.497890 -0.535108 -0.843343 0.049317 0.569864 0.475493 1 0 1.000000
  0 28.305168 42.207317 35.317558 -0.535108 -0.843343 0.049317 0.569782 0.468376 1 0 1.000000
  0 26.331909 43.658836 36.047832 -0.535108 -0.843343 0.049317 0.567899 0.475699 1 0 1.000000
barracuda
  0 28.305168 42.207317 35.317558 -0.968007 -0.250393 0.016298 0.569782 0.468376 1 0 1.000000
  0 30.867531 32.832554 34.157799 -0.993426 -0.114088 0.009442 0.573961 0.434705 1 0 1.000000
  0 28.443459 42.625977 40.642330 -0.968007 -0.250393 0.016298 0.550684 0.469878 1 0 1.000000
barracuda
  0 28.443459 42.625977 40.642330 -0.968007 -0.250393 0.016298 0.550684 0.469878 1 0 1.000000
  0 30.867531 32.832554 34.157799 -0.993426 -0.114088 0.009442 0.573961 0.434705 1 0 1.000000
  0 30.902153 32.654831 42.804478 -0.993426 -0.114088 0.009442 0.542906 0.434067 1 0 1.000000
barracuda
  0 30.867531 32.832554 34.157799 -0.993426 -0.114088 0.009442 0.573961 0.434705 1 0 1.000000
  0 30.644211 22.779587 35.836613 -0.993651 0.112501 0.001206 0.567931 0.398599 1 0 1.000000
  0 30.902153 32.654831 42.804478 -0.993426 -0.114088 0.009442 0.542906 0.434067 1 0 1.000000
barracuda
  0 30.902153 32.654831 42.804478 -0.993426 -0.114088 0.009442 0.542906 0.434067 1 0 1.000000
  0 30.644211 22.779587 35.836613 -0.993651 0.112501 0.001206 0.567931 0.398599 1 0 1.000000
  0 30.644211 22.779591 43.398968 -0.993651 0.112501 0.001206 0.540771 0.398599 1 0 1.000000
barracuda
  0 30.644211 22.779587 35.836613 -0.993651 0.112501 0.001206 0.567931 0.398599 1 0 1.000000
  0 29.084751 15.128189 37.271420 -0.979855 0.199708 0.000000 0.562778 0.371119 1 0 1.000000
  0 30.644211 22.779591 43.398968 -0.993651 0.112501 0.001206 0.540771 0.398599 1 0 1.000000
barracuda
  0 30.644211 22.779591 43.398968 -0.993651 0.112501 0.001206 0.540771 0.398599 1 0 1.000000
  0 29.084751 15.128189 37.271420 -0.979855 0.199708 0.000000 0.562778 0.371119 1 0 1.000000
  0 29.084751 15.128193 42.347973 -0.979855 0.199708 0.000000 0.544545 0.371119 1 0 1.000000
barracuda
  0 29.084751 15.128193 42.347973 -0.979855 0.199708 0.000000 0.544545 0.371119 1 0 1.000000
  0 29.084751 15.128189 37.271420 -0.979855 0.199708 0.000000 0.562778 0.371119 1 0 1.000000
  0 28.466633 12.095448 41.049316 -0.979855 0.199708 0.000000 0.549209 0.360226 1 0 1.000000
barracuda
  0 28.466633 12.095448 41.049316 -0.979855 0.199708 0.000000 0.549209 0.360226 1 0 1.000000
  0 29.084751 15.128189 37.271420 -0.979855 0.199708 0.000000 0.562778 0.371119 1 0 1.000000
  0 28.466633 12.095448 38.015686 -0.979855 0.199708 0.000000 0.560105 0.360226 1 0 1.000000
barracuda
  0 58.659351 46.485149 32.773300 -0.000273 0.975795 -0.218686 0.762675 0.076840 1 0 1.000000
  0 66.406204 46.859425 31.850248 -0.020563 0.948099 -0.317310 0.759779 0.052516 1 0 1.000000
  0 59.494831 46.166637 30.228121 -0.066800 0.913276 -0.401827 0.755583 0.074179 1 0 1.000000
barracuda
  0 59.494831 46.166637 30.228121 -0.066800 0.913276 -0.401827 0.755583 0.074179 1 0 1.000000
  0 66.406204 46.859425 31.850248 -0.020563 0.948099 -0.317310 0.759779 0.052516 1 0 1.000000
  0 67.778244 46.084618 30.985586 -0.005339 0.987911 -0.154929 0.757064 0.048208 1 0 1.000000
barracuda
  0 67.778244 46.084618 30.985586 -0.005339 0.987911 -0.154929 0.757064 0.048208 1 0 1.000000
  0 60.643459 46.262043 22.034405 -0.017244 0.999790 0.011099 0.729713 0.070686 1 0 1.000000
  0 59.494831 46.166637 30.228121 -0.066800 0.913276 -0.401827 0.755583 0.074179 1 0 1.000000
barracuda
  0 70.580048 46.205959 17.488850 -0.017244 0.999790 0.011099 0.714688 0.039407 1 0 1.000000
  0 60.643459 46.262043 22.034405 -0.017244 0.999790 0.011099 0.729713 0.070686 1 0 1.000000
  0 67.778244 46.084618 30.985586 -0.005339 0.987911 -0.154929 0.757064 0.048208 1 0 1.000000
barracuda
  0 70.580048 46.205959 17.488850 -0.017244 0.999790 0.011099 0.714688 0.039407 1 0 1.000000
  0 62.012035 46.008099 -0.226376 -0.044514 0.999009 0.000000 0.659312 0.066176 1 0 1.000000
  0 60.643459 46.262043 22.034405 -0.017244 0.999790 0.011099 0.729713 0.070686 1 0 1.000000
barracuda
  0 71.656876 46.983894 -0.226376 -0.044514 0.999009 0.000000 0.659065 0.036022 1 0 1.000000
  0 62.012035 46.008099 -0.226376 -0.044514 0.999009 0.000000 0.659312 0.066176 1 0 1.000000
  0 70.580048 46.205959 17.488850 -0.017244 0.999790 0.011099 0.714688 0.039407 1 0 1.000000
barracuda
  0 71.656876 46.983894 -0.226376 -0.044514 0.999009 0.000000 0.659065 0.036022 1 0 1.000000
  0 70.580048 46.205956 -17.941605 -0.017244 0.999790 -0.011099 0.603442 0.039400 1 0 1.000000
  0 62.012035 46.008099 -0.226376 -0.044514 0.999009 0.000000 0.659312 0.066176 1 0 1.000000
barracuda
  0 62.012035 46.008099 -0.226376 -0.044514 0.999009 0.000000 0.659312 0.066176 1 0 1.000000
  0 70.580048 46.205956 -17.941605 -0.017244 0.999790 -0.011099 0.603442 0.039400 1 0 1.000000
  0 60.643459 46.262043 -22.487158 -0.017244 0.999790 -0.011099 0.588407 0.070632 1 0 1.000000
barracuda
  0 70.580048 46.205956 -17.941605 -0.017244 0.999790 -0.011099 0.603442 0.039400 1 0 1.000000
  0 67.778244 46.084618 -31.438345 -0.005338 0.987911 0.154928 0.561064 0.048194 1 0 1.000000
  0 60.643459 46.262043 -22.487158 -0.017244 0.999790 -0.011099 0.588407 0.070632 1 0 1.000000
barracuda
  0 60.643459 46.262043 -22.487158 -0.017244 0.999790 -0.011099 0.588407 0.070632 1 0 1.000000
  0 67.778244 46.084618 -31.438345 -0.005338 0.987911 0.154928 0.561064 0.048194 1 0 1.000000
  0 59.494831 46.166641 -30.680878 -0.005338 0.987911 0.154928 0.562054 0.074271 1 0 1.000000
barracuda
  0 67.778244 46.084618 -31.438345 -0.005338 0.987911 0.154928 0.561064 0.048194 1 0 1.000000
  0 66.406204 46.859428 -32.303001 -0.020563 0.948099 0.317309 0.558349 0.052501 1 0 1.000000
  0 59.494831 46.166641 -30.680878 -0.005338 0.987911 0.154928 0.562054 0.074271 1 0 1.000000
barracuda
  0 59.494831 46.166641 -30.680878 -0.005338 0.987911 0.154928 0.562054 0.074271 1 0 1.000000
  0 66.406204 46.859428 -32.303001 -0.020563 0.948099 0.317309 0.558349 0.052501 1 0 1.000000
  0 58.659351 46.485149 -33.226051 -0.020563 0.948099 0.317309 0.555449 0.076825 1 0 1.000000
barracuda
  0 72.017014 47.540394 17.488850 -0.620766 0.781962 -0.056433 0.372935 0.214927 1 0 1.000000
  0 67.778244 46.084618 30.985586 -0.313472 0.920767 -0.232214 0.426665 0.231379 1 0 1.000000
  0 69.018784 46.884689 31.964750 -0.313472 0.920767 -0.232214 0.430528 0.226425 1 0 1.000000
barracuda
  0 70.580048 46.205959 17.488850 -0.620766 0.781962 -0.056433 0.372967 0.220637 1 0 1.000000
  0 67.778244 46.084618 30.985586 -0.313472 0.920767 -0.232214 0.426665 0.231379 1 0 1.000000
  0 72.017014 47.540394 17.488850 -0.620766 0.781962 -0.056433 0.372935 0.214927 1 0 1.000000
barracuda
  0 72.017014 47.540394 17.488850 -0.620766 0.781962 -0.056433 0.372935 0.214927 1 0 1.000000
  0 71.656876 46.983894 -0.226376 -0.642716 0.766104 0.000000 0.302668 0.216292 1 0 1.000000
  0 70.580048 46.205959 17.488850 -0.620766 0.781962 -0.056433 0.372967 0.220637 1 0 1.000000
barracuda
  0 73.093842 48.060524 -0.226377 -0.642716 0.766104 0.000000 0.302668 0.210585 1 0 1.000000
  0 71.656876 46.983894 -0.226376 -0.642716 0.766104 0.000000 0.302668 0.216292 1 0 1.000000
  0 72.017014 47.540394 17.488850 -0.620766 0.781962 -0.056433 0.372935 0.214927 1 0 1.000000
barracuda
  0 73.093842 48.060524 -0.226377 -0.642716 0.766104 0.000000 0.302668 0.210585 1 0 1.000000
  0 72.017014 47.540390 -17.941605 -0.620767 0.781961 0.056432 0.232405 0.214926 1 0 1.000000
  0 71.656876 46.983894 -0.226376 -0.642716 0.766104 0.000000 0.302668 0.216292 1 0 1.000000
barracuda
  0 71.656876 46.983894 -0.226376 -0.642716 0.766104 0.000000 0.302668 0.216292 1 0 1.000000
  0 72.017014 47.540390 -17.941605 -0.620767 0.781961 0.056432 0.232405 0.214926 1 0 1.000000
  0 70.580048 46.205956 -17.941605 -0.620767 0.781961 0.056432 0.232372 0.220636 1 0 1.000000
barracuda
  0 72.017014 47.540390 -17.941605 -0.620767 0.781961 0.056432 0.232405 0.214926 1 0 1.000000
  0 67.778244 46.084618 -31.438345 -0.313472 0.920767 0.232214 0.178674 0.231363 1 0 1.000000
  0 70.580048 46.205956 -17.941605 -0.620767 0.781961 0.056432 0.232372 0.220636 1 0 1.000000
barracuda
  0 69.018784 46.884689 -32.417511 -0.313472 0.920767 0.232214 0.174813 0.226407 1 0 1.000000
  0 67.778244 46.084618 -31.438345 -0.313472 0.920767 0.232214 0.178674 0.231363 1 0 1.000000
  0 72.017014 47.540390 -17.941605 -0.620767 0.781961 0.056432 0.232405 0.214926 1 0 1.000000
end
