// Created by Crowbar 0.74
version 1
nodes
  0 "Rig_Buggy.Frame" -1
  1 "Rig_Buggy.Shock_RR_Sleeve" 0
  2 "Rig_Buggy.Shock_FR_Sleeve" 0
  3 "Rig_Buggy.Axel_RR" 0
  4 "Rig_Buggy.Wheel_RR" 3
  5 "Rig_Buggy.Shock_RR_Piston" 3
  6 "Rig_Buggy.Steer_Arm" 0
  7 "Rig_Buggy.Shock_FL_Sleeve" 0
  8 "Rig_Buggy.Axel_RL" 0
  9 "Rig_Buggy.Wheel_RL" 8
  10 "Rig_Buggy.Shock_RL_Piston" 8
  11 "Rig_Buggy.Shock_RL_Sleeve" 0
  12 "Rig_Buggy.view" 0
  13 "Rig_Buggy.Gun_Base" 0
  14 "Rig_Buggy.Gun_Parent" 13
  15 "Rig_Buggy.Gun" 14
  16 "Rig_Buggy.Speedo" 0
  17 "Rig_Buggy.Wheel_FR_Turn_parent" 0
  18 "Rig_Buggy.Wheel_FR_Turn" 17
  19 "Rig_Buggy.Wheel_FR_Rotate" 18
  20 "Rig_Buggy.Axel_FR" 0
  21 "Rig_Buggy.Shock_FR_Piston" 20
  22 "Rig_Buggy.Wheel_FL_Turn_parent" 0
  23 "Rig_Buggy.Wheel_FL_Turn" 22
  24 "Rig_Buggy.Wheel_FL_Rotate" 23
  25 "Rig_Buggy.Axel_FL" 0
  26 "Rig_Buggy.Shock_FL_Piston" 25
  27 "Rig_Buggy.Steer_Wheel" 0
  28 "Rig_Buggy.lid" 0
  29 "Rig_Buggy.latch" 28
  30 "Rig_Buggy.gun_cylinders" 15
end
skeleton
  time 0
    0 -33.687500 -0.000004 32.312500 1.570792 0.002895 1.567901
    1 -25.390625 9.476563 -60.000000 0.007332 -0.264982 -1.495667
    2 -25.500000 6.121094 74.562500 0.268790 0.005622 -3.065400
    3 -4.093750 -12.898438 -54.187500 -3.141593 0.000000 -3.141593
    4 36.093750 0.139771 -0.183838 -3.141593 0.000000 3.141593
    5 19.640625 0.445557 -0.155884 -3.110697 -0.265014 1.495667
    6 0.015686 -10.796875 66.625000 0.000000 0.000000 0.000000
    7 25.500000 6.121094 74.562500 2.876375 -0.019554 -0.071299
    8 4.093750 -12.898438 -54.187500 0.000000 0.000000 0.000000
    9 36.093750 0.139771 0.183838 -3.141593 0.000000 -3.141593
    10 19.562500 0.449951 0.159302 -0.024235 0.265132 1.494182
    11 25.343750 9.476563 -60.000000 0.007113 -0.265133 -1.647399
    12 0.003546 18.958885 -104.579093 0.000000 -1.570796 -1.570796
    13 -16.015625 9.289063 50.312500 0.000000 0.000000 0.000000
    14 0.019745 5.535156 -0.213135 0.000000 -1.570796 -1.570796
    15 0.000002 0.000002 0.000000 0.000000 0.000000 0.000000
    16 5.378906 8.585938 27.375000 -1.230457 0.000000 0.000000
    17 -32.968750 -14.375000 74.875000 0.000000 0.000000 0.000000
    18 -0.000004 0.207031 -0.009148 0.000000 0.000000 0.000000
    19 -6.250000 0.000002 0.000000 0.000000 0.000000 0.000000
    20 -13.601563 -14.679688 84.437500 -1.655486 0.445706 -2.888000
    21 10.992188 -2.070313 1.356445 -1.940749 -0.170989 2.830772
    22 32.968750 -14.375000 74.875000 -3.141593 0.000000 3.141593
    23 0.000000 0.207031 0.009140 0.000000 0.000000 0.000000
    24 -6.250000 -0.000002 0.000004 0.000000 0.000000 0.000000
    25 13.601563 -14.679688 84.437500 -0.057762 0.445706 -0.253592
    26 11.039063 -2.759766 2.041016 -0.263153 -0.211575 0.098239
    27 8.476563 9.398438 15.687500 -1.178097 0.000000 0.000000
    28 -9.953125 3.416016 -54.781250 0.000000 0.000000 0.000000
    29 19.640625 -0.436035 0.000000 0.000000 0.000000 0.000000
    30 -8.015625 0.036713 0.530762 1.570796 0.000000 1.570796
  time 1
    0 -33.687500 -0.000004 32.312500 1.570792 0.002895 1.567901
    1 -25.390625 9.476563 -60.000000 0.007332 -0.264982 -1.495667
    2 -25.500000 6.121094 74.562500 0.268790 0.005622 -3.065400
    3 -4.093750 -12.898438 -54.187500 -3.141593 0.000000 -3.141593
    4 36.093750 0.139771 -0.183838 -3.141593 0.000000 3.141593
    5 19.640625 0.445557 -0.155884 -3.110697 -0.265014 1.495667
    6 0.015686 -10.796875 66.625000 0.000000 0.000000 0.000000
    7 25.500000 6.121094 74.562500 2.876375 -0.019554 -0.071299
    8 4.093750 -12.898438 -54.187500 0.000000 0.000000 0.000000
    9 36.093750 0.139771 0.183838 -3.141593 0.000000 -3.141593
    10 19.562500 0.449951 0.159302 -0.024235 0.265132 1.494182
    11 25.343750 9.476563 -60.000000 0.007113 -0.265133 -1.647399
    12 0.011359 18.970604 -104.426745 0.000000 -1.568704 -1.570796
    13 -16.015625 9.289063 50.312500 0.000000 0.000000 0.000000
    14 0.019745 5.535156 -0.213135 0.000000 -1.570796 -1.570796
    15 0.000002 0.000002 0.000000 0.000000 0.000000 0.000000
    16 5.378906 8.585938 27.375000 -1.230457 0.000000 0.000000
    17 -32.968750 -14.375000 74.875000 0.000000 0.000000 0.000000
    18 -0.000004 0.207031 -0.009148 0.000000 0.000000 0.000000
    19 -6.250000 0.000002 0.000000 0.000000 0.000000 0.000000
    20 -13.601563 -14.679688 84.437500 -1.655486 0.445706 -2.888000
    21 10.992188 -2.070313 1.356445 -1.940749 -0.170989 2.830772
    22 32.968750 -14.375000 74.875000 -3.141593 0.000000 3.141593
    23 0.000000 0.207031 0.009140 0.000000 0.000000 0.000000
    24 -6.250000 -0.000002 0.000004 0.000000 0.000000 0.000000
    25 13.601563 -14.679688 84.437500 -0.057762 0.445706 -0.253592
    26 11.039063 -2.759766 2.041016 -0.263153 -0.211575 0.098239
    27 8.476563 9.398438 15.687500 -1.178097 0.000000 0.000000
    28 -9.953125 3.416016 -54.781250 0.000000 0.000000 0.000000
    29 19.640625 -0.436035 0.000000 0.000000 0.000000 0.000000
    30 -8.015625 0.036713 0.530762 1.570796 0.000000 1.570796
  time 2
    0 -33.687500 -0.000004 32.312500 1.570792 0.002895 1.567901
    1 -25.390625 9.476563 -60.000000 0.007332 -0.264982 -1.495667
    2 -25.500000 6.121094 74.562500 0.268790 0.005622 -3.065400
    3 -4.093750 -12.898438 -54.187500 -3.141593 0.000000 -3.141593
    4 36.093750 0.139771 -0.183838 -3.141593 0.000000 3.141593
    5 19.640625 0.445557 -0.155884 -3.110697 -0.265014 1.495667
    6 0.015686 -10.796875 66.625000 0.000000 0.000000 0.000000
    7 25.500000 6.121094 74.562500 2.876375 -0.019554 -0.071299
    8 4.093750 -12.898438 -54.187500 0.000000 0.000000 0.000000
    9 36.093750 0.139771 0.183838 -3.141593 0.000000 -3.141593
    10 19.562500 0.449951 0.159302 -0.024235 0.265132 1.494182
    11 25.343750 9.476563 -60.000000 0.007113 -0.265133 -1.647399
    12 0.003546 18.997948 -103.969699 0.000000 -1.562584 -1.570796
    13 -16.015625 9.289063 50.312500 0.000000 0.000000 0.000000
    14 0.019745 5.535156 -0.213135 0.000000 -1.570796 -1.570796
    15 0.000002 0.000002 0.000000 0.000000 0.000000 0.000000
    16 5.378906 8.585938 27.375000 -1.230457 0.000000 0.000000
    17 -32.968750 -14.375000 74.875000 0.000000 0.000000 0.000000
    18 -0.000004 0.207031 -0.009148 0.000000 0.000000 0.000000
    19 -6.250000 0.000002 0.000000 0.000000 0.000000 0.000000
    20 -13.601563 -14.679688 84.437500 -1.655486 0.445706 -2.888000
    21 10.992188 -2.070313 1.356445 -1.940749 -0.170989 2.830772
    22 32.968750 -14.375000 74.875000 -3.141593 0.000000 3.141593
    23 0.000000 0.207031 0.009140 0.000000 0.000000 0.000000
    24 -6.250000 -0.000002 0.000004 0.000000 0.000000 0.000000
    25 13.601563 -14.679688 84.437500 -0.057762 0.445706 -0.253592
    26 11.039063 -2.759766 2.041016 -0.263153 -0.211575 0.098239
    27 8.476563 9.398438 15.687500 -1.178097 0.000000 0.000000
    28 -9.953125 3.416016 -54.781250 0.000000 0.000000 0.000000
    29 19.640625 -0.436035 0.000000 0.000000 0.000000 0.000000
    30 -8.015625 0.036713 0.530762 1.570796 0.000000 1.570796
  time 3
    0 -33.687500 -0.000004 32.312500 1.570792 0.002895 1.567901
    1 -25.390625 9.476563 -60.000000 0.007332 -0.264982 -1.495667
    2 -25.500000 6.121094 74.562500 0.268790 0.005622 -3.065400
    3 -4.093750 -12.898438 -54.187500 -3.141593 0.000000 -3.141593
    4 36.093750 0.139771 -0.183838 -3.141593 0.000000 3.141593
    5 19.640625 0.445557 -0.155884 -3.110697 -0.265014 1.495667
    6 0.015686 -10.796875 66.625000 0.000000 0.000000 0.000000
    7 25.500000 6.121094 74.562500 2.876375 -0.019554 -0.071299
    8 4.093750 -12.898438 -54.187500 0.000000 0.000000 0.000000
    9 36.093750 0.139771 0.183838 -3.141593 0.000000 -3.141593
    10 19.562500 0.449951 0.159302 -0.024235 0.265132 1.494182
    11 25.343750 9.476563 -60.000000 0.007113 -0.265133 -1.647399
    12 -0.031611 19.044825 -103.231396 0.000000 -1.552669 -1.570796
    13 -16.015625 9.289063 50.312500 0.000000 0.000000 0.000000
    14 0.019745 5.535156 -0.213135 0.000000 -1.570796 -1.570796
    15 0.000002 0.000002 0.000000 0.000000 0.000000 0.000000
    16 5.378906 8.585938 27.375000 -1.230457 0.000000 0.000000
    17 -32.968750 -14.375000 74.875000 0.000000 0.000000 0.000000
    18 -0.000004 0.207031 -0.009148 0.000000 0.000000 0.000000
    19 -6.250000 0.000002 0.000000 0.000000 0.000000 0.000000
    20 -13.601563 -14.679688 84.437500 -1.655486 0.445706 -2.888000
    21 10.992188 -2.070313 1.356445 -1.940749 -0.170989 2.830772
    22 32.968750 -14.375000 74.875000 -3.141593 0.000000 3.141593
    23 0.000000 0.207031 0.009140 0.000000 0.000000 0.000000
    24 -6.250000 -0.000002 0.000004 0.000000 0.000000 0.000000
    25 13.601563 -14.679688 84.437500 -0.057762 0.445706 -0.253592
    26 11.039063 -2.759766 2.041016 -0.263153 -0.211575 0.098239
    27 8.476563 9.398438 15.687500 -1.178097 0.000000 0.000000
    28 -9.953125 3.416016 -54.781250 0.000000 0.000000 0.000000
    29 19.640625 -0.436035 0.000000 0.000000 0.000000 0.000000
    30 -8.015625 0.036713 0.530762 1.570796 0.000000 1.570796
  time 4
    0 -33.687500 -0.000004 32.312500 1.570792 0.002895 1.567901
    1 -25.390625 9.476563 -60.000000 0.007332 -0.264982 -1.495667
    2 -25.500000 6.121094 74.562500 0.268790 0.005622 -3.065400
    3 -4.093750 -12.898438 -54.187500 -3.141593 0.000000 -3.141593
    4 36.093750 0.139771 -0.183838 -3.141593 0.000000 3.141593
    5 19.640625 0.445557 -0.155884 -3.110697 -0.265014 1.495667
    6 0.015686 -10.796875 66.625000 0.000000 0.000000 0.000000
    7 25.500000 6.121094 74.562500 2.876375 -0.019554 -0.071299
    8 4.093750 -12.898438 -54.187500 0.000000 0.000000 0.000000
    9 36.093750 0.139771 0.183838 -3.141593 0.000000 -3.141593
    10 19.562500 0.449951 0.159302 -0.024235 0.265132 1.494182
    11 25.343750 9.476563 -60.000000 0.007113 -0.265133 -1.647399
    12 -0.082394 19.103420 -102.223552 0.000000 -1.539499 -1.570796
    13 -16.015625 9.289063 50.312500 0.000000 0.000000 0.000000
    14 0.019745 5.535156 -0.213135 0.000000 -1.570796 -1.570796
    15 0.000002 0.000002 0.000000 0.000000 0.000000 0.000000
    16 5.378906 8.585938 27.375000 -1.230457 0.000000 0.000000
    17 -32.968750 -14.375000 74.875000 0.000000 0.000000 0.000000
    18 -0.000004 0.207031 -0.009148 0.000000 0.000000 0.000000
    19 -6.250000 0.000002 0.000000 0.000000 0.000000 0.000000
    20 -13.601563 -14.679688 84.437500 -1.655486 0.445706 -2.888000
    21 10.992188 -2.070313 1.356445 -1.940749 -0.170989 2.830772
    22 32.968750 -14.375000 74.875000 -3.141593 0.000000 3.141593
    23 0.000000 0.207031 0.009140 0.000000 0.000000 0.000000
    24 -6.250000 -0.000002 0.000004 0.000000 0.000000 0.000000
    25 13.601563 -14.679688 84.437500 -0.057762 0.445706 -0.253592
    26 11.039063 -2.759766 2.041016 -0.263153 -0.211575 0.098239
    27 8.476563 9.398438 15.687500 -1.178097 0.000000 0.000000
    28 -9.953125 3.416016 -54.781250 0.000000 0.000000 0.000000
    29 19.640625 -0.436035 0.000000 0.000000 0.000000 0.000000
    30 -8.015625 0.036713 0.530762 1.570796 0.000000 1.570796
  time 5
    0 -33.687500 -0.000004 32.312500 1.570792 0.002895 1.567901
    1 -25.390625 9.476563 -60.000000 0.007332 -0.264982 -1.495667
    2 -25.500000 6.121094 74.562500 0.268790 0.005622 -3.065400
    3 -4.093750 -12.898438 -54.187500 -3.141593 0.000000 -3.141593
    4 36.093750 0.139771 -0.183838 -3.141593 0.000000 3.141593
    5 19.640625 0.445557 -0.155884 -3.110697 -0.265014 1.495667
    6 0.015686 -10.796875 66.625000 0.000000 0.000000 0.000000
    7 25.500000 6.121094 74.562500 2.876375 -0.019554 -0.071299
    8 4.093750 -12.898438 -54.187500 0.000000 0.000000 0.000000
    9 36.093750 0.139771 0.183838 -3.141593 0.000000 -3.141593
    10 19.562500 0.449951 0.159302 -0.024235 0.265132 1.494182
    11 25.343750 9.476563 -60.000000 0.007113 -0.265133 -1.647399
    12 -0.156615 19.177641 -100.969608 0.000000 -1.523541 -1.570796
    13 -16.015625 9.289063 50.312500 0.000000 0.000000 0.000000
    14 0.019745 5.535156 -0.213135 0.000000 -1.570796 -1.570796
    15 0.000002 0.000002 0.000000 0.000000 0.000000 0.000000
    16 5.378906 8.585938 27.375000 -1.230457 0.000000 0.000000
    17 -32.968750 -14.375000 74.875000 0.000000 0.000000 0.000000
    18 -0.000004 0.207031 -0.009148 0.000000 0.000000 0.000000
    19 -6.250000 0.000002 0.000000 0.000000 0.000000 0.000000
    20 -13.601563 -14.679688 84.437500 -1.655486 0.445706 -2.888000
    21 10.992188 -2.070313 1.356445 -1.940749 -0.170989 2.830772
    22 32.968750 -14.375000 74.875000 -3.141593 0.000000 3.141593
    23 0.000000 0.207031 0.009140 0.000000 0.000000 0.000000
    24 -6.250000 -0.000002 0.000004 0.000000 0.000000 0.000000
    25 13.601563 -14.679688 84.437500 -0.057762 0.445706 -0.253592
    26 11.039063 -2.759766 2.041016 -0.263153 -0.211575 0.098239
    27 8.476563 9.398438 15.687500 -1.178097 0.000000 0.000000
    28 -9.953125 3.416016 -54.781250 0.000000 0.000000 0.000000
    29 19.640625 -0.436035 0.000000 0.000000 0.000000 0.000000
    30 -8.015625 0.036713 0.530762 1.570796 0.000000 1.570796
  time 6
    0 -33.687500 -0.000004 32.312500 1.570792 0.002895 1.567901
    1 -25.390625 9.476563 -60.000000 0.007332 -0.264982 -1.495667
    2 -25.500000 6.121094 74.562500 0.268790 0.005622 -3.065400
    3 -4.093750 -12.898438 -54.187500 -3.141593 0.000000 -3.141593
    4 36.093750 0.139771 -0.183838 -3.141593 0.000000 3.141593
    5 19.640625 0.445557 -0.155884 -3.110697 -0.265014 1.495667
    6 0.015686 -10.796875 66.625000 0.000000 0.000000 0.000000
    7 25.500000 6.121094 74.562500 2.876375 -0.019554 -0.071299
    8 4.093750 -12.898438 -54.187500 0.000000 0.000000 0.000000
    9 36.093750 0.139771 0.183838 -3.141593 0.000000 -3.141593
    10 19.562500 0.449951 0.159302 -0.024235 0.265132 1.494182
    11 25.343750 9.476563 -60.000000 0.007113 -0.265133 -1.647399
    12 -0.258181 19.267488 -99.481281 0.000000 -1.504949 -1.570796
    13 -16.015625 9.289063 50.312500 0.000000 0.000000 0.000000
    14 0.019745 5.535156 -0.213135 0.000000 -1.570796 -1.570796
    15 0.000002 0.000002 0.000000 0.000000 0.000000 0.000000
    16 5.378906 8.585938 27.375000 -1.230457 0.000000 0.000000
    17 -32.968750 -14.375000 74.875000 0.000000 0.000000 0.000000
    18 -0.000004 0.207031 -0.009148 0.000000 0.000000 0.000000
    19 -6.250000 0.000002 0.000000 0.000000 0.000000 0.000000
    20 -13.601563 -14.679688 84.437500 -1.655486 0.445706 -2.888000
    21 10.992188 -2.070313 1.356445 -1.940749 -0.170989 2.830772
    22 32.968750 -14.375000 74.875000 -3.141593 0.000000 3.141593
    23 0.000000 0.207031 0.009140 0.000000 0.000000 0.000000
    24 -6.250000 -0.000002 0.000004 0.000000 0.000000 0.000000
    25 13.601563 -14.679688 84.437500 -0.057762 0.445706 -0.253592
    26 11.039063 -2.759766 2.041016 -0.263153 -0.211575 0.098239
    27 8.476563 9.398438 15.687500 -1.178097 0.000000 0.000000
    28 -9.953125 3.416016 -54.781250 0.000000 0.000000 0.000000
    29 19.640625 -0.436035 0.000000 0.000000 0.000000 0.000000
    30 -8.015625 0.036713 0.530762 1.570796 0.000000 1.570796
  time 7
    0 -33.687500 -0.000004 32.312500 1.570792 0.002895 1.567901
    1 -25.390625 9.476563 -60.000000 0.007332 -0.264982 -1.495667
    2 -25.500000 6.121094 74.562500 0.268790 0.005622 -3.065400
    3 -4.093750 -12.898438 -54.187500 -3.141593 0.000000 -3.141593
    4 36.093750 0.139771 -0.183838 -3.141593 0.000000 3.141593
    5 19.640625 0.445557 -0.155884 -3.110697 -0.265014 1.495667
    6 0.015686 -10.796875 66.625000 0.000000 0.000000 0.000000
    7 25.500000 6.121094 74.562500 2.876375 -0.019554 -0.071299
    8 4.093750 -12.898438 -54.187500 0.000000 0.000000 0.000000
    9 36.093750 0.139771 0.183838 -3.141593 0.000000 -3.141593
    10 19.562500 0.449951 0.159302 -0.024235 0.265132 1.494182
    11 25.343750 9.476563 -60.000000 0.007113 -0.265133 -1.647399
    12 -0.375372 19.369053 -97.785917 0.000000 -1.484265 -1.570796
    13 -16.015625 9.289063 50.312500 0.000000 0.000000 0.000000
    14 0.019745 5.535156 -0.213135 0.000000 -1.570796 -1.570796
    15 0.000002 0.000002 0.000000 0.000000 0.000000 0.000000
    16 5.378906 8.585938 27.375000 -1.230457 0.000000 0.000000
    17 -32.968750 -14.375000 74.875000 0.000000 0.000000 0.000000
    18 -0.000004 0.207031 -0.009148 0.000000 0.000000 0.000000
    19 -6.250000 0.000002 0.000000 0.000000 0.000000 0.000000
    20 -13.601563 -14.679688 84.437500 -1.655486 0.445706 -2.888000
    21 10.992188 -2.070313 1.356445 -1.940749 -0.170989 2.830772
    22 32.968750 -14.375000 74.875000 -3.141593 0.000000 3.141593
    23 0.000000 0.207031 0.009140 0.000000 0.000000 0.000000
    24 -6.250000 -0.000002 0.000004 0.000000 0.000000 0.000000
    25 13.601563 -14.679688 84.437500 -0.057762 0.445706 -0.253592
    26 11.039063 -2.759766 2.041016 -0.263153 -0.211575 0.098239
    27 8.476563 9.398438 15.687500 -1.178097 0.000000 0.000000
    28 -9.953125 3.416016 -54.781250 0.000000 0.000000 0.000000
    29 19.640625 -0.436035 0.000000 0.000000 0.000000 0.000000
    30 -8.015625 0.036713 0.530762 1.570796 0.000000 1.570796
  time 8
    0 -33.687500 -0.000004 32.312500 1.570792 0.002895 1.567901
    1 -25.390625 9.476563 -60.000000 0.007332 -0.264982 -1.495667
    2 -25.500000 6.121094 74.562500 0.268790 0.005622 -3.065400
    3 -4.093750 -12.898438 -54.187500 -3.141593 0.000000 -3.141593
    4 36.093750 0.139771 -0.183838 -3.141593 0.000000 3.141593
    5 19.640625 0.445557 -0.155884 -3.110697 -0.265014 1.495667
    6 0.015686 -10.796875 66.625000 0.000000 0.000000 0.000000
    7 25.500000 6.121094 74.562500 2.876375 -0.019554 -0.071299
    8 4.093750 -12.898438 -54.187500 0.000000 0.000000 0.000000
    9 36.093750 0.139771 0.183838 -3.141593 0.000000 -3.141593
    10 19.562500 0.449951 0.159302 -0.024235 0.265132 1.494182
    11 25.343750 9.476563 -60.000000 0.007113 -0.265133 -1.647399
    12 -0.516001 19.478432 -95.891328 0.000000 -1.461800 -1.570796
    13 -16.015625 9.289063 50.312500 0.000000 0.000000 0.000000
    14 0.019745 5.535156 -0.213135 0.000000 -1.570796 -1.570796
    15 0.000002 0.000002 0.000000 0.000000 0.000000 0.000000
    16 5.378906 8.585938 27.375000 -1.230457 0.000000 0.000000
    17 -32.968750 -14.375000 74.875000 0.000000 0.000000 0.000000
    18 -0.000004 0.207031 -0.009148 0.000000 0.000000 0.000000
    19 -6.250000 0.000002 0.000000 0.000000 0.000000 0.000000
    20 -13.601563 -14.679688 84.437500 -1.655486 0.445706 -2.888000
    21 10.992188 -2.070313 1.356445 -1.940749 -0.170989 2.830772
    22 32.968750 -14.375000 74.875000 -3.141593 0.000000 3.141593
    23 0.000000 0.207031 0.009140 0.000000 0.000000 0.000000
    24 -6.250000 -0.000002 0.000004 0.000000 0.000000 0.000000
    25 13.601563 -14.679688 84.437500 -0.057762 0.445706 -0.253592
    26 11.039063 -2.759766 2.041016 -0.263153 -0.211575 0.098239
    27 8.476563 9.398438 15.687500 -1.178097 0.000000 0.000000
    28 -9.953125 3.416016 -54.781250 0.000000 0.000000 0.000000
    29 19.640625 -0.436035 0.000000 0.000000 0.000000 0.000000
    30 -8.015625 0.036713 0.530762 1.570796 0.000000 1.570796
  time 9
    0 -33.687500 -0.000004 32.312500 1.570792 0.002895 1.567901
    1 -25.390625 9.476563 -60.000000 0.007332 -0.264982 -1.495667
    2 -25.500000 6.121094 74.562500 0.268790 0.005622 -3.065400
    3 -4.093750 -12.898438 -54.187500 -3.141593 0.000000 -3.141593
    4 36.093750 0.139771 -0.183838 -3.141593 0.000000 3.141593
    5 19.640625 0.445557 -0.155884 -3.110697 -0.265014 1.495667
    6 0.015686 -10.796875 66.625000 0.000000 0.000000 0.000000
    7 25.500000 6.121094 74.562500 2.876375 -0.019554 -0.071299
    8 4.093750 -12.898438 -54.187500 0.000000 0.000000 0.000000
    9 36.093750 0.139771 0.183838 -3.141593 0.000000 -3.141593
    10 19.562500 0.449951 0.159302 -0.024235 0.265132 1.494182
    11 25.343750 9.476563 -60.000000 0.007113 -0.265133 -1.647399
    12 -0.683975 19.595623 -93.817046 0.000000 -1.437940 -1.570796
    13 -16.015625 9.289063 50.312500 0.000000 0.000000 0.000000
    14 0.019745 5.535156 -0.213135 0.000000 -1.570796 -1.570796
    15 0.000002 0.000002 0.000000 0.000000 0.000000 0.000000
    16 5.378906 8.585938 27.375000 -1.230457 0.000000 0.000000
    17 -32.968750 -14.375000 74.875000 0.000000 0.000000 0.000000
    18 -0.000004 0.207031 -0.009148 0.000000 0.000000 0.000000
    19 -6.250000 0.000002 0.000000 0.000000 0.000000 0.000000
    20 -13.601563 -14.679688 84.437500 -1.655486 0.445706 -2.888000
    21 10.992188 -2.070313 1.356445 -1.940749 -0.170989 2.830772
    22 32.968750 -14.375000 74.875000 -3.141593 0.000000 3.141593
    23 0.000000 0.207031 0.009140 0.000000 0.000000 0.000000
    24 -6.250000 -0.000002 0.000004 0.000000 0.000000 0.000000
    25 13.601563 -14.679688 84.437500 -0.057762 0.445706 -0.253592
    26 11.039063 -2.759766 2.041016 -0.263153 -0.211575 0.098239
    27 8.476563 9.398438 15.687500 -1.178097 0.000000 0.000000
    28 -9.953125 3.416016 -54.781250 0.000000 0.000000 0.000000
    29 19.640625 -0.436035 0.000000 0.000000 0.000000 0.000000
    30 -8.015625 0.036713 0.530762 1.570796 0.000000 1.570796
  time 10
    0 -33.687500 -0.000004 32.312500 1.570792 0.002895 1.567901
    1 -25.390625 9.476563 -60.000000 0.007332 -0.264982 -1.495667
    2 -25.500000 6.121094 74.562500 0.268790 0.005622 -3.065400
    3 -4.093750 -12.898438 -54.187500 -3.141593 0.000000 -3.141593
    4 36.093750 0.139771 -0.183838 -3.141593 0.000000 3.141593
    5 19.640625 0.445557 -0.155884 -3.110697 -0.265014 1.495667
    6 0.015686 -10.796875 66.625000 0.000000 0.000000 0.000000
    7 25.500000 6.121094 74.562500 2.876375 -0.019554 -0.071299
    8 4.093750 -12.898438 -54.187500 0.000000 0.000000 0.000000
    9 36.093750 0.139771 0.183838 -3.141593 0.000000 -3.141593
    10 19.562500 0.449951 0.159302 -0.024235 0.265132 1.494182
    11 25.343750 9.476563 -60.000000 0.007113 -0.265133 -1.647399
    12 -0.875387 19.720627 -91.586509 0.000000 -1.413073 -1.570796
    13 -16.015625 9.289063 50.312500 0.000000 0.000000 0.000000
    14 0.019745 5.535156 -0.213135 0.000000 -1.570796 -1.570796
    15 0.000002 0.000002 0.000000 0.000000 0.000000 0.000000
    16 5.378906 8.585938 27.375000 -1.230457 0.000000 0.000000
    17 -32.968750 -14.375000 74.875000 0.000000 0.000000 0.000000
    18 -0.000004 0.207031 -0.009148 0.000000 0.000000 0.000000
    19 -6.250000 0.000002 0.000000 0.000000 0.000000 0.000000
    20 -13.601563 -14.679688 84.437500 -1.655486 0.445706 -2.888000
    21 10.992188 -2.070313 1.356445 -1.940749 -0.170989 2.830772
    22 32.968750 -14.375000 74.875000 -3.141593 0.000000 3.141593
    23 0.000000 0.207031 0.009140 0.000000 0.000000 0.000000
    24 -6.250000 -0.000002 0.000004 0.000000 0.000000 0.000000
    25 13.601563 -14.679688 84.437500 -0.057762 0.445706 -0.253592
    26 11.039063 -2.759766 2.041016 -0.263153 -0.211575 0.098239
    27 8.476563 9.398438 15.687500 -1.178097 0.000000 0.000000
    28 -9.953125 3.416016 -54.781250 0.000000 0.000000 0.000000
    29 19.640625 -0.436035 0.000000 0.000000 0.000000 0.000000
    30 -8.015625 0.036713 0.530762 1.570796 0.000000 1.570796
  time 11
    0 -33.687500 -0.000004 32.312500 1.570792 0.002895 1.567901
    1 -25.390625 9.476563 -60.000000 0.007332 -0.264982 -1.495667
    2 -25.500000 6.121094 74.562500 0.268790 0.005622 -3.065400
    3 -4.093750 -12.898438 -54.187500 -3.141593 0.000000 -3.141593
    4 36.093750 0.139771 -0.183838 -3.141593 0.000000 3.141593
    5 19.640625 0.445557 -0.155884 -3.110697 -0.265014 1.495667
    6 0.015686 -10.796875 66.625000 0.000000 0.000000 0.000000
    7 25.500000 6.121094 74.562500 2.876375 -0.019554 -0.071299
    8 4.093750 -12.898438 -54.187500 0.000000 0.000000 0.000000
    9 36.093750 0.139771 0.183838 -3.141593 0.000000 -3.141593
    10 19.562500 0.449951 0.159302 -0.024235 0.265132 1.494182
    11 25.343750 9.476563 -60.000000 0.007113 -0.265133 -1.647399
    12 -1.086331 19.853443 -89.207530 0.000000 -1.387586 -1.570796
    13 -16.015625 9.289063 50.312500 0.000000 0.000000 0.000000
    14 0.019745 5.535156 -0.213135 0.000000 -1.570796 -1.570796
    15 0.000002 0.000002 0.000000 0.000000 0.000000 0.000000
    16 5.378906 8.585938 27.375000 -1.230457 0.000000 0.000000
    17 -32.968750 -14.375000 74.875000 0.000000 0.000000 0.000000
    18 -0.000004 0.207031 -0.009148 0.000000 0.000000 0.000000
    19 -6.250000 0.000002 0.000000 0.000000 0.000000 0.000000
    20 -13.601563 -14.679688 84.437500 -1.655486 0.445706 -2.888000
    21 10.992188 -2.070313 1.356445 -1.940749 -0.170989 2.830772
    22 32.968750 -14.375000 74.875000 -3.141593 0.000000 3.141593
    23 0.000000 0.207031 0.009140 0.000000 0.000000 0.000000
    24 -6.250000 -0.000002 0.000004 0.000000 0.000000 0.000000
    25 13.601563 -14.679688 84.437500 -0.057762 0.445706 -0.253592
    26 11.039063 -2.759766 2.041016 -0.263153 -0.211575 0.098239
    27 8.476563 9.398438 15.687500 -1.178097 0.000000 0.000000
    28 -9.953125 3.416016 -54.781250 0.000000 0.000000 0.000000
    29 19.640625 -0.436035 0.000000 0.000000 0.000000 0.000000
    30 -8.015625 0.036713 0.530762 1.570796 0.000000 1.570796
  time 12
    0 -33.687500 -0.000004 32.312500 1.570792 0.002895 1.567901
    1 -25.390625 9.476563 -60.000000 0.007332 -0.264982 -1.495667
    2 -25.500000 6.121094 74.562500 0.268790 0.005622 -3.065400
    3 -4.093750 -12.898438 -54.187500 -3.141593 0.000000 -3.141593
    4 36.093750 0.139771 -0.183838 -3.141593 0.000000 3.141593
    5 19.640625 0.445557 -0.155884 -3.110697 -0.265014 1.495667
    6 0.015686 -10.796875 66.625000 0.000000 0.000000 0.000000
    7 25.500000 6.121094 74.562500 2.876375 -0.019554 -0.071299
    8 4.093750 -12.898438 -54.187500 0.000000 0.000000 0.000000
    9 36.093750 0.139771 0.183838 -3.141593 0.000000 -3.141593
    10 19.562500 0.449951 0.159302 -0.024235 0.265132 1.494182
    11 25.343750 9.476563 -60.000000 0.007113 -0.265133 -1.647399
    12 -1.320713 19.990166 -86.703547 0.000000 -1.361867 -1.570796
    13 -16.015625 9.289063 50.312500 0.000000 0.000000 0.000000
    14 0.019745 5.535156 -0.213135 0.000000 -1.570796 -1.570796
    15 0.000002 0.000002 0.000000 0.000000 0.000000 0.000000
    16 5.378906 8.585938 27.375000 -1.230457 0.000000 0.000000
    17 -32.968750 -14.375000 74.875000 0.000000 0.000000 0.000000
    18 -0.000004 0.207031 -0.009148 0.000000 0.000000 0.000000
    19 -6.250000 0.000002 0.000000 0.000000 0.000000 0.000000
    20 -13.601563 -14.679688 84.437500 -1.655486 0.445706 -2.888000
    21 10.992188 -2.070313 1.356445 -1.940749 -0.170989 2.830772
    22 32.968750 -14.375000 74.875000 -3.141593 0.000000 3.141593
    23 0.000000 0.207031 0.009140 0.000000 0.000000 0.000000
    24 -6.250000 -0.000002 0.000004 0.000000 0.000000 0.000000
    25 13.601563 -14.679688 84.437500 -0.057762 0.445706 -0.253592
    26 11.039063 -2.759766 2.041016 -0.263153 -0.211575 0.098239
    27 8.476563 9.398438 15.687500 -1.178097 0.000000 0.000000
    28 -9.953125 3.416016 -54.781250 0.000000 0.000000 0.000000
    29 19.640625 -0.436035 0.000000 0.000000 0.000000 0.000000
    30 -8.015625 0.036713 0.530762 1.570796 0.000000 1.570796
  time 13
    0 -33.687500 -0.000004 32.312500 1.570792 0.002895 1.567901
    1 -25.390625 9.476563 -60.000000 0.007332 -0.264982 -1.495667
    2 -25.500000 6.121094 74.562500 0.268790 0.005622 -3.065400
    3 -4.093750 -12.898438 -54.187500 -3.141593 0.000000 -3.141593
    4 36.093750 0.139771 -0.183838 -3.141593 0.000000 3.141593
    5 19.640625 0.445557 -0.155884 -3.110697 -0.265014 1.495667
    6 0.015686 -10.796875 66.625000 0.000000 0.000000 0.000000
    7 25.500000 6.121094 74.562500 2.876375 -0.019554 -0.071299
    8 4.093750 -12.898438 -54.187500 0.000000 0.000000 0.000000
    9 36.093750 0.139771 0.183838 -3.141593 0.000000 -3.141593
    10 19.562500 0.449951 0.159302 -0.024235 0.265132 1.494182
    11 25.343750 9.476563 -60.000000 0.007113 -0.265133 -1.647399
    12 -1.570721 20.130795 -84.094093 0.000000 -1.336303 -1.570796
    13 -16.015625 9.289063 50.312500 0.000000 0.000000 0.000000
    14 0.019745 5.535156 -0.213135 0.000000 -1.570796 -1.570796
    15 0.000002 0.000002 0.000000 0.000000 0.000000 0.000000
    16 5.378906 8.585938 27.375000 -1.230457 0.000000 0.000000
    17 -32.968750 -14.375000 74.875000 0.000000 0.000000 0.000000
    18 -0.000004 0.207031 -0.009148 0.000000 0.000000 0.000000
    19 -6.250000 0.000002 0.000000 0.000000 0.000000 0.000000
    20 -13.601563 -14.679688 84.437500 -1.655486 0.445706 -2.888000
    21 10.992188 -2.070313 1.356445 -1.940749 -0.170989 2.830772
    22 32.968750 -14.375000 74.875000 -3.141593 0.000000 3.141593
    23 0.000000 0.207031 0.009140 0.000000 0.000000 0.000000
    24 -6.250000 -0.000002 0.000004 0.000000 0.000000 0.000000
    25 13.601563 -14.679688 84.437500 -0.057762 0.445706 -0.253592
    26 11.039063 -2.759766 2.041016 -0.263153 -0.211575 0.098239
    27 8.476563 9.398438 15.687500 -1.178097 0.000000 0.000000
    28 -9.953125 3.416016 -54.781250 0.000000 0.000000 0.000000
    29 19.640625 -0.436035 0.000000 0.000000 0.000000 0.000000
    30 -8.015625 0.036713 0.530762 1.570796 0.000000 1.570796
  time 14
    0 -33.687500 -0.000004 32.312500 1.570792 0.002895 1.567901
    1 -25.390625 9.476563 -60.000000 0.007332 -0.264982 -1.495667
    2 -25.500000 6.121094 74.562500 0.268790 0.005622 -3.065400
    3 -4.093750 -12.898438 -54.187500 -3.141593 0.000000 -3.141593
    4 36.093750 0.139771 -0.183838 -3.141593 0.000000 3.141593
    5 19.640625 0.445557 -0.155884 -3.110697 -0.265014 1.495667
    6 0.015686 -10.796875 66.625000 0.000000 0.000000 0.000000
    7 25.500000 6.121094 74.562500 2.876375 -0.019554 -0.071299
    8 4.093750 -12.898438 -54.187500 0.000000 0.000000 0.000000
    9 36.093750 0.139771 0.183838 -3.141593 0.000000 -3.141593
    10 19.562500 0.449951 0.159302 -0.024235 0.265132 1.494182
    11 25.343750 9.476563 -60.000000 0.007113 -0.265133 -1.647399
    12 -1.851979 20.271425 -81.394792 0.000000 -1.311204 -1.570796
    13 -16.015625 9.289063 50.312500 0.000000 0.000000 0.000000
    14 0.019745 5.535156 -0.213135 0.000000 -1.570796 -1.570796
    15 0.000002 0.000002 0.000000 0.000000 0.000000 0.000000
    16 5.378906 8.585938 27.375000 -1.230457 0.000000 0.000000
    17 -32.968750 -14.375000 74.875000 0.000000 0.000000 0.000000
    18 -0.000004 0.207031 -0.009148 0.000000 0.000000 0.000000
    19 -6.250000 0.000002 0.000000 0.000000 0.000000 0.000000
    20 -13.601563 -14.679688 84.437500 -1.655486 0.445706 -2.888000
    21 10.992188 -2.070313 1.356445 -1.940749 -0.170989 2.830772
    22 32.968750 -14.375000 74.875000 -3.141593 0.000000 3.141593
    23 0.000000 0.207031 0.009140 0.000000 0.000000 0.000000
    24 -6.250000 -0.000002 0.000004 0.000000 0.000000 0.000000
    25 13.601563 -14.679688 84.437500 -0.057762 0.445706 -0.253592
    26 11.039063 -2.759766 2.041016 -0.263153 -0.211575 0.098239
    27 8.476563 9.398438 15.687500 -1.178097 0.000000 0.000000
    28 -9.953125 3.416016 -54.781250 0.000000 0.000000 0.000000
    29 19.640625 -0.436035 0.000000 0.000000 0.000000 0.000000
    30 -8.015625 0.036713 0.530762 1.570796 0.000000 1.570796
  time 15
    0 -33.687500 -0.000004 32.312500 1.570792 0.002895 1.567901
    1 -25.390625 9.476563 -60.000000 0.007332 -0.264982 -1.495667
    2 -25.500000 6.121094 74.562500 0.268790 0.005622 -3.065400
    3 -4.093750 -12.898438 -54.187500 -3.141593 0.000000 -3.141593
    4 36.093750 0.139771 -0.183838 -3.141593 0.000000 3.141593
    5 19.640625 0.445557 -0.155884 -3.110697 -0.265014 1.495667
    6 0.015686 -10.796875 66.625000 0.000000 0.000000 0.000000
    7 25.500000 6.121094 74.562500 2.876375 -0.019554 -0.071299
    8 4.093750 -12.898438 -54.187500 0.000000 0.000000 0.000000
    9 36.093750 0.139771 0.183838 -3.141593 0.000000 -3.141593
    10 19.562500 0.449951 0.159302 -0.024235 0.265132 1.494182
    11 25.343750 9.476563 -60.000000 0.007113 -0.265133 -1.647399
    12 -2.144957 20.415960 -78.617363 0.000000 -1.286956 -1.570796
    13 -16.015625 9.289063 50.312500 0.000000 0.000000 0.000000
    14 0.019745 5.535156 -0.213135 0.000000 -1.570796 -1.570796
    15 0.000002 0.000002 0.000000 0.000000 0.000000 0.000000
    16 5.378906 8.585938 27.375000 -1.230457 0.000000 0.000000
    17 -32.968750 -14.375000 74.875000 0.000000 0.000000 0.000000
    18 -0.000004 0.207031 -0.009148 0.000000 0.000000 0.000000
    19 -6.250000 0.000002 0.000000 0.000000 0.000000 0.000000
    20 -13.601563 -14.679688 84.437500 -1.655486 0.445706 -2.888000
    21 10.992188 -2.070313 1.356445 -1.940749 -0.170989 2.830772
    22 32.968750 -14.375000 74.875000 -3.141593 0.000000 3.141593
    23 0.000000 0.207031 0.009140 0.000000 0.000000 0.000000
    24 -6.250000 -0.000002 0.000004 0.000000 0.000000 0.000000
    25 13.601563 -14.679688 84.437500 -0.057762 0.445706 -0.253592
    26 11.039063 -2.759766 2.041016 -0.263153 -0.211575 0.098239
    27 8.476563 9.398438 15.687500 -1.178097 0.000000 0.000000
    28 -9.953125 3.416016 -54.781250 0.000000 0.000000 0.000000
    29 19.640625 -0.436035 0.000000 0.000000 0.000000 0.000000
    30 -8.015625 0.036713 0.530762 1.570796 0.000000 1.570796
  time 16
    0 -33.687500 -0.000004 32.312500 1.570792 0.002895 1.567901
    1 -25.390625 9.476563 -60.000000 0.007332 -0.264982 -1.495667
    2 -25.500000 6.121094 74.562500 0.268790 0.005622 -3.065400
    3 -4.093750 -12.898438 -54.187500 -3.141593 0.000000 -3.141593
    4 36.093750 0.139771 -0.183838 -3.141593 0.000000 3.141593
    5 19.640625 0.445557 -0.155884 -3.110697 -0.265014 1.495667
    6 0.015686 -10.796875 66.625000 0.000000 0.000000 0.000000
    7 25.500000 6.121094 74.562500 2.876375 -0.019554 -0.071299
    8 4.093750 -12.898438 -54.187500 0.000000 0.000000 0.000000
    9 36.093750 0.139771 0.183838 -3.141593 0.000000 -3.141593
    10 19.562500 0.449951 0.159302 -0.024235 0.265132 1.494182
    11 25.343750 9.476563 -60.000000 0.007113 -0.265133 -1.647399
    12 -2.453560 20.560496 -75.789152 0.000000 -1.264026 -1.570796
    13 -16.015625 9.289063 50.312500 0.000000 0.000000 0.000000
    14 0.019745 5.535156 -0.213135 0.000000 -1.570796 -1.570796
    15 0.000002 0.000002 0.000000 0.000000 0.000000 0.000000
    16 5.378906 8.585938 27.375000 -1.230457 0.000000 0.000000
    17 -32.968750 -14.375000 74.875000 0.000000 0.000000 0.000000
    18 -0.000004 0.207031 -0.009148 0.000000 0.000000 0.000000
    19 -6.250000 0.000002 0.000000 0.000000 0.000000 0.000000
    20 -13.601563 -14.679688 84.437500 -1.655486 0.445706 -2.888000
    21 10.992188 -2.070313 1.356445 -1.940749 -0.170989 2.830772
    22 32.968750 -14.375000 74.875000 -3.141593 0.000000 3.141593
    23 0.000000 0.207031 0.009140 0.000000 0.000000 0.000000
    24 -6.250000 -0.000002 0.000004 0.000000 0.000000 0.000000
    25 13.601563 -14.679688 84.437500 -0.057762 0.445706 -0.253592
    26 11.039063 -2.759766 2.041016 -0.263153 -0.211575 0.098239
    27 8.476563 9.398438 15.687500 -1.178097 0.000000 0.000000
    28 -9.953125 3.416016 -54.781250 0.000000 0.000000 0.000000
    29 19.640625 -0.436035 0.000000 0.000000 0.000000 0.000000
    30 -8.015625 0.036713 0.530762 1.570796 0.000000 1.570796
  time 17
    0 -33.687500 -0.000004 32.312500 1.570792 0.002895 1.567901
    1 -25.390625 9.476563 -60.000000 0.007332 -0.264982 -1.495667
    2 -25.500000 6.121094 74.562500 0.268790 0.005622 -3.065400
    3 -4.093750 -12.898438 -54.187500 -3.141593 0.000000 -3.141593
    4 36.093750 0.139771 -0.183838 -3.141593 0.000000 3.141593
    5 19.640625 0.445557 -0.155884 -3.110697 -0.265014 1.495667
    6 0.015686 -10.796875 66.625000 0.000000 0.000000 0.000000
    7 25.500000 6.121094 74.562500 2.876375 -0.019554 -0.071299
    8 4.093750 -12.898438 -54.187500 0.000000 0.000000 0.000000
    9 36.093750 0.139771 0.183838 -3.141593 0.000000 -3.141593
    10 19.562500 0.449951 0.159302 -0.024235 0.265132 1.494182
    11 25.343750 9.476563 -60.000000 0.007113 -0.265133 -1.647399
    12 -2.781695 20.701125 -72.921877 0.000000 -1.242723 -1.570796
    13 -16.015625 9.289063 50.312500 0.000000 0.000000 0.000000
    14 0.019745 5.535156 -0.213135 0.000000 -1.570796 -1.570796
    15 0.000002 0.000002 0.000000 0.000000 0.000000 0.000000
    16 5.378906 8.585938 27.375000 -1.230457 0.000000 0.000000
    17 -32.968750 -14.375000 74.875000 0.000000 0.000000 0.000000
    18 -0.000004 0.207031 -0.009148 0.000000 0.000000 0.000000
    19 -6.250000 0.000002 0.000000 0.000000 0.000000 0.000000
    20 -13.601563 -14.679688 84.437500 -1.655486 0.445706 -2.888000
    21 10.992188 -2.070313 1.356445 -1.940749 -0.170989 2.830772
    22 32.968750 -14.375000 74.875000 -3.141593 0.000000 3.141593
    23 0.000000 0.207031 0.009140 0.000000 0.000000 0.000000
    24 -6.250000 -0.000002 0.000004 0.000000 0.000000 0.000000
    25 13.601563 -14.679688 84.437500 -0.057762 0.445706 -0.253592
    26 11.039063 -2.759766 2.041016 -0.263153 -0.211575 0.098239
    27 8.476563 9.398438 15.687500 -1.178097 0.000000 0.000000
    28 -9.953125 3.416016 -54.781250 0.000000 0.000000 0.000000
    29 19.640625 -0.436035 0.000000 0.000000 0.000000 0.000000
    30 -8.015625 0.036713 0.530762 1.570796 0.000000 1.570796
  time 18
    0 -33.687500 -0.000004 32.312500 1.570792 0.002895 1.567901
    1 -25.390625 9.476563 -60.000000 0.007332 -0.264982 -1.495667
    2 -25.500000 6.121094 74.562500 0.268790 0.005622 -3.065400
    3 -4.093750 -12.898438 -54.187500 -3.141593 0.000000 -3.141593
    4 36.093750 0.139771 -0.183838 -3.141593 0.000000 3.141593
    5 19.640625 0.445557 -0.155884 -3.110697 -0.265014 1.495667
    6 0.015686 -10.796875 66.625000 0.000000 0.000000 0.000000
    7 25.500000 6.121094 74.562500 2.876375 -0.019554 -0.071299
    8 4.093750 -12.898438 -54.187500 0.000000 0.000000 0.000000
    9 36.093750 0.139771 0.183838 -3.141593 0.000000 -3.141593
    10 19.562500 0.449951 0.159302 -0.024235 0.265132 1.494182
    11 25.343750 9.476563 -60.000000 0.007113 -0.265133 -1.647399
    12 -3.117643 20.833942 -70.031164 0.000000 -1.223433 -1.570796
    13 -16.015625 9.289063 50.312500 0.000000 0.000000 0.000000
    14 0.019745 5.535156 -0.213135 0.000000 -1.570796 -1.570796
    15 0.000002 0.000002 0.000000 0.000000 0.000000 0.000000
    16 5.378906 8.585938 27.375000 -1.230457 0.000000 0.000000
    17 -32.968750 -14.375000 74.875000 0.000000 0.000000 0.000000
    18 -0.000004 0.207031 -0.009148 0.000000 0.000000 0.000000
    19 -6.250000 0.000002 0.000000 0.000000 0.000000 0.000000
    20 -13.601563 -14.679688 84.437500 -1.655486 0.445706 -2.888000
    21 10.992188 -2.070313 1.356445 -1.940749 -0.170989 2.830772
    22 32.968750 -14.375000 74.875000 -3.141593 0.000000 3.141593
    23 0.000000 0.207031 0.009140 0.000000 0.000000 0.000000
    24 -6.250000 -0.000002 0.000004 0.000000 0.000000 0.000000
    25 13.601563 -14.679688 84.437500 -0.057762 0.445706 -0.253592
    26 11.039063 -2.759766 2.041016 -0.263153 -0.211575 0.098239
    27 8.476563 9.398438 15.687500 -1.178097 0.000000 0.000000
    28 -9.953125 3.416016 -54.781250 0.000000 0.000000 0.000000
    29 19.640625 -0.436035 0.000000 0.000000 0.000000 0.000000
    30 -8.015625 0.036713 0.530762 1.570796 0.000000 1.570796
  time 19
    0 -33.687500 -0.000004 32.312500 1.570792 0.002895 1.567901
    1 -25.390625 9.476563 -60.000000 0.007332 -0.264982 -1.495667
    2 -25.500000 6.121094 74.562500 0.268790 0.005622 -3.065400
    3 -4.093750 -12.898438 -54.187500 -3.141593 0.000000 -3.141593
    4 36.093750 0.139771 -0.183838 -3.141593 0.000000 3.141593
    5 19.640625 0.445557 -0.155884 -3.110697 -0.265014 1.495667
    6 0.015686 -10.796875 66.625000 0.000000 0.000000 0.000000
    7 25.500000 6.121094 74.562500 2.876375 -0.019554 -0.071299
    8 4.093750 -12.898438 -54.187500 0.000000 0.000000 0.000000
    9 36.093750 0.139771 0.183838 -3.141593 0.000000 -3.141593
    10 19.562500 0.449951 0.159302 -0.024235 0.265132 1.494182
    11 25.343750 9.476563 -60.000000 0.007113 -0.265133 -1.647399
    12 -3.465310 20.962852 -67.140450 0.000000 -1.206546 -1.570796
    13 -16.015625 9.289063 50.312500 0.000000 0.000000 0.000000
    14 0.019745 5.535156 -0.213135 0.000000 -1.570796 -1.570796
    15 0.000002 0.000002 0.000000 0.000000 0.000000 0.000000
    16 5.378906 8.585938 27.375000 -1.230457 0.000000 0.000000
    17 -32.968750 -14.375000 74.875000 0.000000 0.000000 0.000000
    18 -0.000004 0.207031 -0.009148 0.000000 0.000000 0.000000
    19 -6.250000 0.000002 0.000000 0.000000 0.000000 0.000000
    20 -13.601563 -14.679688 84.437500 -1.655486 0.445706 -2.888000
    21 10.992188 -2.070313 1.356445 -1.940749 -0.170989 2.830772
    22 32.968750 -14.375000 74.875000 -3.141593 0.000000 3.141593
    23 0.000000 0.207031 0.009140 0.000000 0.000000 0.000000
    24 -6.250000 -0.000002 0.000004 0.000000 0.000000 0.000000
    25 13.601563 -14.679688 84.437500 -0.057762 0.445706 -0.253592
    26 11.039063 -2.759766 2.041016 -0.263153 -0.211575 0.098239
    27 8.476563 9.398438 15.687500 -1.178097 0.000000 0.000000
    28 -9.953125 3.416016 -54.781250 0.000000 0.000000 0.000000
    29 19.640625 -0.436035 0.000000 0.000000 0.000000 0.000000
    30 -8.015625 0.036713 0.530762 1.570796 0.000000 1.570796
  time 20
    0 -33.687500 -0.000004 32.312500 1.570792 0.002895 1.567901
    1 -25.390625 9.476563 -60.000000 0.007332 -0.264982 -1.495667
    2 -25.500000 6.121094 74.562500 0.268790 0.005622 -3.065400
    3 -4.093750 -12.898438 -54.187500 -3.141593 0.000000 -3.141593
    4 36.093750 0.139771 -0.183838 -3.141593 0.000000 3.141593
    5 19.640625 0.445557 -0.155884 -3.110697 -0.265014 1.495667
    6 0.015686 -10.796875 66.625000 0.000000 0.000000 0.000000
    7 25.500000 6.121094 74.562500 2.876375 -0.019554 -0.071299
    8 4.093750 -12.898438 -54.187500 0.000000 0.000000 0.000000
    9 36.093750 0.139771 0.183838 -3.141593 0.000000 -3.141593
    10 19.562500 0.449951 0.159302 -0.024235 0.265132 1.494182
    11 25.343750 9.476563 -60.000000 0.007113 -0.265133 -1.647399
    12 -3.805164 21.087856 -64.261456 0.000000 -1.192446 -1.570796
    13 -16.015625 9.289063 50.312500 0.000000 0.000000 0.000000
    14 0.019745 5.535156 -0.213135 0.000000 -1.570796 -1.570796
    15 0.000002 0.000002 0.000000 0.000000 0.000000 0.000000
    16 5.378906 8.585938 27.375000 -1.230457 0.000000 0.000000
    17 -32.968750 -14.375000 74.875000 0.000000 0.000000 0.000000
    18 -0.000004 0.207031 -0.009148 0.000000 0.000000 0.000000
    19 -6.250000 0.000002 0.000000 0.000000 0.000000 0.000000
    20 -13.601563 -14.679688 84.437500 -1.655486 0.445706 -2.888000
    21 10.992188 -2.070313 1.356445 -1.940749 -0.170989 2.830772
    22 32.968750 -14.375000 74.875000 -3.141593 0.000000 3.141593
    23 0.000000 0.207031 0.009140 0.000000 0.000000 0.000000
    24 -6.250000 -0.000002 0.000004 0.000000 0.000000 0.000000
    25 13.601563 -14.679688 84.437500 -0.057762 0.445706 -0.253592
    26 11.039063 -2.759766 2.041016 -0.263153 -0.211575 0.098239
    27 8.476563 9.398438 15.687500 -1.178097 0.000000 0.000000
    28 -9.953125 3.416016 -54.781250 0.000000 0.000000 0.000000
    29 19.640625 -0.436035 0.000000 0.000000 0.000000 0.000000
    30 -8.015625 0.036713 0.530762 1.570796 0.000000 1.570796
  time 21
    0 -33.687500 -0.000004 32.312500 1.570792 0.002895 1.567901
    1 -25.390625 9.476563 -60.000000 0.007332 -0.264982 -1.495667
    2 -25.500000 6.121094 74.562500 0.268790 0.005622 -3.065400
    3 -4.093750 -12.898438 -54.187500 -3.141593 0.000000 -3.141593
    4 36.093750 0.139771 -0.183838 -3.141593 0.000000 3.141593
    5 19.640625 0.445557 -0.155884 -3.110697 -0.265014 1.495667
    6 0.015686 -10.796875 66.625000 0.000000 0.000000 0.000000
    7 25.500000 6.121094 74.562500 2.876375 -0.019554 -0.071299
    8 4.093750 -12.898438 -54.187500 0.000000 0.000000 0.000000
    9 36.093750 0.139771 0.183838 -3.141593 0.000000 -3.141593
    10 19.562500 0.449951 0.159302 -0.024235 0.265132 1.494182
    11 25.343750 9.476563 -60.000000 0.007113 -0.265133 -1.647399
    12 -4.145018 21.205047 -61.417620 0.000000 -1.181524 -1.570796
    13 -16.015625 9.289063 50.312500 0.000000 0.000000 0.000000
    14 0.019745 5.535156 -0.213135 0.000000 -1.570796 -1.570796
    15 0.000002 0.000002 0.000000 0.000000 0.000000 0.000000
    16 5.378906 8.585938 27.375000 -1.230457 0.000000 0.000000
    17 -32.968750 -14.375000 74.875000 0.000000 0.000000 0.000000
    18 -0.000004 0.207031 -0.009148 0.000000 0.000000 0.000000
    19 -6.250000 0.000002 0.000000 0.000000 0.000000 0.000000
    20 -13.601563 -14.679688 84.437500 -1.655486 0.445706 -2.888000
    21 10.992188 -2.070313 1.356445 -1.940749 -0.170989 2.830772
    22 32.968750 -14.375000 74.875000 -3.141593 0.000000 3.141593
    23 0.000000 0.207031 0.009140 0.000000 0.000000 0.000000
    24 -6.250000 -0.000002 0.000004 0.000000 0.000000 0.000000
    25 13.601563 -14.679688 84.437500 -0.057762 0.445706 -0.253592
    26 11.039063 -2.759766 2.041016 -0.263153 -0.211575 0.098239
    27 8.476563 9.398438 15.687500 -1.178097 0.000000 0.000000
    28 -9.953125 3.416016 -54.781250 0.000000 0.000000 0.000000
    29 19.640625 -0.436035 0.000000 0.000000 0.000000 0.000000
    30 -8.015625 0.036713 0.530762 1.570796 0.000000 1.570796
  time 22
    0 -33.687500 -0.000004 32.312500 1.570792 0.002895 1.567901
    1 -25.390625 9.476563 -60.000000 0.007332 -0.264982 -1.495667
    2 -25.500000 6.121094 74.562500 0.268790 0.005622 -3.065400
    3 -4.093750 -12.898438 -54.187500 -3.141593 0.000000 -3.141593
    4 36.093750 0.139771 -0.183838 -3.141593 0.000000 3.141593
    5 19.640625 0.445557 -0.155884 -3.110697 -0.265014 1.495667
    6 0.015686 -10.796875 66.625000 0.000000 0.000000 0.000000
    7 25.500000 6.121094 74.562500 2.876375 -0.019554 -0.071299
    8 4.093750 -12.898438 -54.187500 0.000000 0.000000 0.000000
    9 36.093750 0.139771 0.183838 -3.141593 0.000000 -3.141593
    10 19.562500 0.449951 0.159302 -0.024235 0.265132 1.494182
    11 25.343750 9.476563 -60.000000 0.007113 -0.265133 -1.647399
    12 -4.465340 21.310519 -58.620659 0.000000 -1.174087 -1.570796
    13 -16.015625 9.289063 50.312500 0.000000 0.000000 0.000000
    14 0.019745 5.535156 -0.213135 0.000000 -1.570796 -1.570796
    15 0.000002 0.000002 0.000000 0.000000 0.000000 0.000000
    16 5.378906 8.585938 27.375000 -1.230457 0.000000 0.000000
    17 -32.968750 -14.375000 74.875000 0.000000 0.000000 0.000000
    18 -0.000004 0.207031 -0.009148 0.000000 0.000000 0.000000
    19 -6.250000 0.000002 0.000000 0.000000 0.000000 0.000000
    20 -13.601563 -14.679688 84.437500 -1.655486 0.445706 -2.888000
    21 10.992188 -2.070313 1.356445 -1.940749 -0.170989 2.830772
    22 32.968750 -14.375000 74.875000 -3.141593 0.000000 3.141593
    23 0.000000 0.207031 0.009140 0.000000 0.000000 0.000000
    24 -6.250000 -0.000002 0.000004 0.000000 0.000000 0.000000
    25 13.601563 -14.679688 84.437500 -0.057762 0.445706 -0.253592
    26 11.039063 -2.759766 2.041016 -0.263153 -0.211575 0.098239
    27 8.476563 9.398438 15.687500 -1.178097 0.000000 0.000000
    28 -9.953125 3.416016 -54.781250 0.000000 0.000000 0.000000
    29 19.640625 -0.436035 0.000000 0.000000 0.000000 0.000000
    30 -8.015625 0.036713 0.530762 1.570796 0.000000 1.570796
  time 23
    0 -33.687500 -0.000004 32.312500 1.570792 0.002895 1.567901
    1 -25.390625 9.476563 -60.000000 0.007332 -0.264982 -1.495667
    2 -25.500000 6.121094 74.562500 0.268790 0.005622 -3.065400
    3 -4.093750 -12.898438 -54.187500 -3.141593 0.000000 -3.141593
    4 36.093750 0.139771 -0.183838 -3.141593 0.000000 3.141593
    5 19.640625 0.445557 -0.155884 -3.110697 -0.265014 1.495667
    6 0.015686 -10.796875 66.625000 0.000000 0.000000 0.000000
    7 25.500000 6.121094 74.562500 2.876375 -0.019554 -0.071299
    8 4.093750 -12.898438 -54.187500 0.000000 0.000000 0.000000
    9 36.093750 0.139771 0.183838 -3.141593 0.000000 -3.141593
    10 19.562500 0.449951 0.159302 -0.024235 0.265132 1.494182
    11 25.343750 9.476563 -60.000000 0.007113 -0.265133 -1.647399
    12 -4.762224 21.412084 -55.886201 0.000000 -1.170678 -1.570796
    13 -16.015625 9.289063 50.312500 0.000000 0.000000 0.000000
    14 0.019745 5.535156 -0.213135 0.000000 -1.570796 -1.570796
    15 0.000002 0.000002 0.000000 0.000000 0.000000 0.000000
    16 5.378906 8.585938 27.375000 -1.230457 0.000000 0.000000
    17 -32.968750 -14.375000 74.875000 0.000000 0.000000 0.000000
    18 -0.000004 0.207031 -0.009148 0.000000 0.000000 0.000000
    19 -6.250000 0.000002 0.000000 0.000000 0.000000 0.000000
    20 -13.601563 -14.679688 84.437500 -1.655486 0.445706 -2.888000
    21 10.992188 -2.070313 1.356445 -1.940749 -0.170989 2.830772
    22 32.968750 -14.375000 74.875000 -3.141593 0.000000 3.141593
    23 0.000000 0.207031 0.009140 0.000000 0.000000 0.000000
    24 -6.250000 -0.000002 0.000004 0.000000 0.000000 0.000000
    25 13.601563 -14.679688 84.437500 -0.057762 0.445706 -0.253592
    26 11.039063 -2.759766 2.041016 -0.263153 -0.211575 0.098239
    27 8.476563 9.398438 15.687500 -1.178097 0.000000 0.000000
    28 -9.953125 3.416016 -54.781250 0.000000 0.000000 0.000000
    29 19.640625 -0.436035 0.000000 0.000000 0.000000 0.000000
    30 -8.015625 0.036713 0.530762 1.570796 0.000000 1.570796
  time 24
    0 -33.687500 -0.000004 32.312500 1.570792 0.002895 1.567901
    1 -25.390625 9.476563 -60.000000 0.007332 -0.264982 -1.495667
    2 -25.500000 6.121094 74.562500 0.268790 0.005622 -3.065400
    3 -4.093750 -12.898438 -54.187500 -3.141593 0.000000 -3.141593
    4 36.093750 0.139771 -0.183838 -3.141593 0.000000 3.141593
    5 19.640625 0.445557 -0.155884 -3.110697 -0.265014 1.495667
    6 0.015686 -10.796875 66.625000 0.000000 0.000000 0.000000
    7 25.500000 6.121094 74.562500 2.876375 -0.019554 -0.071299
    8 4.093750 -12.898438 -54.187500 0.000000 0.000000 0.000000
    9 36.093750 0.139771 0.183838 -3.141593 0.000000 -3.141593
    10 19.562500 0.449951 0.159302 -0.024235 0.265132 1.494182
    11 25.343750 9.476563 -60.000000 0.007113 -0.265133 -1.647399
    12 -5.023951 21.498025 -53.245495 0.000000 -1.169516 -1.570796
    13 -16.015625 9.289063 50.312500 0.000000 0.000000 0.000000
    14 0.019745 5.535156 -0.213135 0.000000 -1.570796 -1.570796
    15 0.000002 0.000002 0.000000 0.000000 0.000000 0.000000
    16 5.378906 8.585938 27.375000 -1.230457 0.000000 0.000000
    17 -32.968750 -14.375000 74.875000 0.000000 0.000000 0.000000
    18 -0.000004 0.207031 -0.009148 0.000000 0.000000 0.000000
    19 -6.250000 0.000002 0.000000 0.000000 0.000000 0.000000
    20 -13.601563 -14.679688 84.437500 -1.655486 0.445706 -2.888000
    21 10.992188 -2.070313 1.356445 -1.940749 -0.170989 2.830772
    22 32.968750 -14.375000 74.875000 -3.141593 0.000000 3.141593
    23 0.000000 0.207031 0.009140 0.000000 0.000000 0.000000
    24 -6.250000 -0.000002 0.000004 0.000000 0.000000 0.000000
    25 13.601563 -14.679688 84.437500 -0.057762 0.445706 -0.253592
    26 11.039063 -2.759766 2.041016 -0.263153 -0.211575 0.098239
    27 8.476563 9.398438 15.687500 -1.178097 0.000000 0.000000
    28 -9.953125 3.416016 -54.781250 0.000000 0.000000 0.000000
    29 19.640625 -0.436035 0.000000 0.000000 0.000000 0.000000
    30 -8.015625 0.036713 0.530762 1.570796 0.000000 1.570796
  time 25
    0 -33.687500 -0.000004 32.312500 1.570792 0.002895 1.567901
    1 -25.390625 9.476563 -60.000000 0.007332 -0.264982 -1.495667
    2 -25.500000 6.121094 74.562500 0.268790 0.005622 -3.065400
    3 -4.093750 -12.898438 -54.187500 -3.141593 0.000000 -3.141593
    4 36.093750 0.139771 -0.183838 -3.141593 0.000000 3.141593
    5 19.640625 0.445557 -0.155884 -3.110697 -0.265014 1.495667
    6 0.015686 -10.796875 66.625000 0.000000 0.000000 0.000000
    7 25.500000 6.121094 74.562500 2.876375 -0.019554 -0.071299
    8 4.093750 -12.898438 -54.187500 0.000000 0.000000 0.000000
    9 36.093750 0.139771 0.183838 -3.141593 0.000000 -3.141593
    10 19.562500 0.449951 0.159302 -0.024235 0.265132 1.494182
    11 25.343750 9.476563 -60.000000 0.007113 -0.265133 -1.647399
    12 -5.230989 21.568339 -50.698542 0.000000 -1.169051 -1.570796
    13 -16.015625 9.289063 50.312500 0.000000 0.000000 0.000000
    14 0.019745 5.535156 -0.213135 0.000000 -1.570796 -1.570796
    15 0.000002 0.000002 0.000000 0.000000 0.000000 0.000000
    16 5.378906 8.585938 27.375000 -1.230457 0.000000 0.000000
    17 -32.968750 -14.375000 74.875000 0.000000 0.000000 0.000000
    18 -0.000004 0.207031 -0.009148 0.000000 0.000000 0.000000
    19 -6.250000 0.000002 0.000000 0.000000 0.000000 0.000000
    20 -13.601563 -14.679688 84.437500 -1.655486 0.445706 -2.888000
    21 10.992188 -2.070313 1.356445 -1.940749 -0.170989 2.830772
    22 32.968750 -14.375000 74.875000 -3.141593 0.000000 3.141593
    23 0.000000 0.207031 0.009140 0.000000 0.000000 0.000000
    24 -6.250000 -0.000002 0.000004 0.000000 0.000000 0.000000
    25 13.601563 -14.679688 84.437500 -0.057762 0.445706 -0.253592
    26 11.039063 -2.759766 2.041016 -0.263153 -0.211575 0.098239
    27 8.476563 9.398438 15.687500 -1.178097 0.000000 0.000000
    28 -9.953125 3.416016 -54.781250 0.000000 0.000000 0.000000
    29 19.640625 -0.436035 0.000000 0.000000 0.000000 0.000000
    30 -8.015625 0.036713 0.530762 1.570796 0.000000 1.570796
  time 26
    0 -33.687500 -0.000004 32.312500 1.570792 0.002895 1.567901
    1 -25.390625 9.476563 -60.000000 0.007332 -0.264982 -1.495667
    2 -25.500000 6.121094 74.562500 0.268790 0.005622 -3.065400
    3 -4.093750 -12.898438 -54.187500 -3.141593 0.000000 -3.141593
    4 36.093750 0.139771 -0.183838 -3.141593 0.000000 3.141593
    5 19.640625 0.445557 -0.155884 -3.110697 -0.265014 1.495667
    6 0.015686 -10.796875 66.625000 0.000000 0.000000 0.000000
    7 25.500000 6.121094 74.562500 2.876375 -0.019554 -0.071299
    8 4.093750 -12.898438 -54.187500 0.000000 0.000000 0.000000
    9 36.093750 0.139771 0.183838 -3.141593 0.000000 -3.141593
    10 19.562500 0.449951 0.159302 -0.024235 0.265132 1.494182
    11 25.343750 9.476563 -60.000000 0.007113 -0.265133 -1.647399
    12 -5.375524 21.626935 -48.276594 0.000000 -1.169516 -1.570796
    13 -16.015625 9.289063 50.312500 0.000000 0.000000 0.000000
    14 0.019745 5.535156 -0.213135 0.000000 -1.570796 -1.570796
    15 0.000002 0.000002 0.000000 0.000000 0.000000 0.000000
    16 5.378906 8.585938 27.375000 -1.230457 0.000000 0.000000
    17 -32.968750 -14.375000 74.875000 0.000000 0.000000 0.000000
    18 -0.000004 0.207031 -0.009148 0.000000 0.000000 0.000000
    19 -6.250000 0.000002 0.000000 0.000000 0.000000 0.000000
    20 -13.601563 -14.679688 84.437500 -1.655486 0.445706 -2.888000
    21 10.992188 -2.070313 1.356445 -1.940749 -0.170989 2.830772
    22 32.968750 -14.375000 74.875000 -3.141593 0.000000 3.141593
    23 0.000000 0.207031 0.009140 0.000000 0.000000 0.000000
    24 -6.250000 -0.000002 0.000004 0.000000 0.000000 0.000000
    25 13.601563 -14.679688 84.437500 -0.057762 0.445706 -0.253592
    26 11.039063 -2.759766 2.041016 -0.263153 -0.211575 0.098239
    27 8.476563 9.398438 15.687500 -1.178097 0.000000 0.000000
    28 -9.953125 3.416016 -54.781250 0.000000 0.000000 0.000000
    29 19.640625 -0.436035 0.000000 0.000000 0.000000 0.000000
    30 -8.015625 0.036713 0.530762 1.570796 0.000000 1.570796
  time 27
    0 -33.687500 -0.000004 32.312500 1.570792 0.002895 1.567901
    1 -25.390625 9.476563 -60.000000 0.007332 -0.264982 -1.495667
    2 -25.500000 6.121094 74.562500 0.268790 0.005622 -3.065400
    3 -4.093750 -12.898438 -54.187500 -3.141593 0.000000 -3.141593
    4 36.093750 0.139771 -0.183838 -3.141593 0.000000 3.141593
    5 19.640625 0.445557 -0.155884 -3.110697 -0.265014 1.495667
    6 0.015686 -10.796875 66.625000 0.000000 0.000000 0.000000
    7 25.500000 6.121094 74.562500 2.876375 -0.019554 -0.071299
    8 4.093750 -12.898438 -54.187500 0.000000 0.000000 0.000000
    9 36.093750 0.139771 0.183838 -3.141593 0.000000 -3.141593
    10 19.562500 0.449951 0.159302 -0.024235 0.265132 1.494182
    11 25.343750 9.476563 -60.000000 0.007113 -0.265133 -1.647399
    12 -5.438026 21.669905 -45.991368 0.000000 -1.171143 -1.570796
    13 -16.015625 9.289063 50.312500 0.000000 0.000000 0.000000
    14 0.019745 5.535156 -0.213135 0.000000 -1.570796 -1.570796
    15 0.000002 0.000002 0.000000 0.000000 0.000000 0.000000
    16 5.378906 8.585938 27.375000 -1.230457 0.000000 0.000000
    17 -32.968750 -14.375000 74.875000 0.000000 0.000000 0.000000
    18 -0.000004 0.207031 -0.009148 0.000000 0.000000 0.000000
    19 -6.250000 0.000002 0.000000 0.000000 0.000000 0.000000
    20 -13.601563 -14.679688 84.437500 -1.655486 0.445706 -2.888000
    21 10.992188 -2.070313 1.356445 -1.940749 -0.170989 2.830772
    22 32.968750 -14.375000 74.875000 -3.141593 0.000000 3.141593
    23 0.000000 0.207031 0.009140 0.000000 0.000000 0.000000
    24 -6.250000 -0.000002 0.000004 0.000000 0.000000 0.000000
    25 13.601563 -14.679688 84.437500 -0.057762 0.445706 -0.253592
    26 11.039063 -2.759766 2.041016 -0.263153 -0.211575 0.098239
    27 8.476563 9.398438 15.687500 -1.178097 0.000000 0.000000
    28 -9.953125 3.416016 -54.781250 0.000000 0.000000 0.000000
    29 19.640625 -0.436035 0.000000 0.000000 0.000000 0.000000
    30 -8.015625 0.036713 0.530762 1.570796 0.000000 1.570796
  time 28
    0 -33.687500 -0.000004 32.312500 1.570792 0.002895 1.567901
    1 -25.390625 9.476563 -60.000000 0.007332 -0.264982 -1.495667
    2 -25.500000 6.121094 74.562500 0.268790 0.005622 -3.065400
    3 -4.093750 -12.898438 -54.187500 -3.141593 0.000000 -3.141593
    4 36.093750 0.139771 -0.183838 -3.141593 0.000000 3.141593
    5 19.640625 0.445557 -0.155884 -3.110697 -0.265014 1.495667
    6 0.015686 -10.796875 66.625000 0.000000 0.000000 0.000000
    7 25.500000 6.121094 74.562500 2.876375 -0.019554 -0.071299
    8 4.093750 -12.898438 -54.187500 0.000000 0.000000 0.000000
    9 36.093750 0.139771 0.183838 -3.141593 0.000000 -3.141593
    10 19.562500 0.449951 0.159302 -0.024235 0.265132 1.494182
    11 25.343750 9.476563 -60.000000 0.007113 -0.265133 -1.647399
    12 -5.410682 21.689437 -43.858490 0.000000 -1.174164 -1.570796
    13 -16.015625 9.289063 50.312500 0.000000 0.000000 0.000000
    14 0.019745 5.535156 -0.213135 0.000000 -1.570796 -1.570796
    15 0.000002 0.000002 0.000000 0.000000 0.000000 0.000000
    16 5.378906 8.585938 27.375000 -1.230457 0.000000 0.000000
    17 -32.968750 -14.375000 74.875000 0.000000 0.000000 0.000000
    18 -0.000004 0.207031 -0.009148 0.000000 0.000000 0.000000
    19 -6.250000 0.000002 0.000000 0.000000 0.000000 0.000000
    20 -13.601563 -14.679688 84.437500 -1.655486 0.445706 -2.888000
    21 10.992188 -2.070313 1.356445 -1.940749 -0.170989 2.830772
    22 32.968750 -14.375000 74.875000 -3.141593 0.000000 3.141593
    23 0.000000 0.207031 0.009140 0.000000 0.000000 0.000000
    24 -6.250000 -0.000002 0.000004 0.000000 0.000000 0.000000
    25 13.601563 -14.679688 84.437500 -0.057762 0.445706 -0.253592
    26 11.039063 -2.759766 2.041016 -0.263153 -0.211575 0.098239
    27 8.476563 9.398438 15.687500 -1.178097 0.000000 0.000000
    28 -9.953125 3.416016 -54.781250 0.000000 0.000000 0.000000
    29 19.640625 -0.436035 0.000000 0.000000 0.000000 0.000000
    30 -8.015625 0.036713 0.530762 1.570796 0.000000 1.570796
  time 29
    0 -33.687500 -0.000004 32.312500 1.570792 0.002895 1.567901
    1 -25.390625 9.476563 -60.000000 0.007332 -0.264982 -1.495667
    2 -25.500000 6.121094 74.562500 0.268790 0.005622 -3.065400
    3 -4.093750 -12.898438 -54.187500 -3.141593 0.000000 -3.141593
    4 36.093750 0.139771 -0.183838 -3.141593 0.000000 3.141593
    5 19.640625 0.445557 -0.155884 -3.110697 -0.265014 1.495667
    6 0.015686 -10.796875 66.625000 0.000000 0.000000 0.000000
    7 25.500000 6.121094 74.562500 2.876375 -0.019554 -0.071299
    8 4.093750 -12.898438 -54.187500 0.000000 0.000000 0.000000
    9 36.093750 0.139771 0.183838 -3.141593 0.000000 -3.141593
    10 19.562500 0.449951 0.159302 -0.024235 0.265132 1.494182
    11 25.343750 9.476563 -60.000000 0.007113 -0.265133 -1.647399
    12 -5.258333 21.693343 -41.784208 0.000000 -1.178657 -1.570796
    13 -16.015625 9.289063 50.312500 0.000000 0.000000 0.000000
    14 0.019745 5.535156 -0.213135 0.000000 -1.570796 -1.570796
    15 0.000002 0.000002 0.000000 0.000000 0.000000 0.000000
    16 5.378906 8.585938 27.375000 -1.230457 0.000000 0.000000
    17 -32.968750 -14.375000 74.875000 0.000000 0.000000 0.000000
    18 -0.000004 0.207031 -0.009148 0.000000 0.000000 0.000000
    19 -6.250000 0.000002 0.000000 0.000000 0.000000 0.000000
    20 -13.601563 -14.679688 84.437500 -1.655486 0.445706 -2.888000
    21 10.992188 -2.070313 1.356445 -1.940749 -0.170989 2.830772
    22 32.968750 -14.375000 74.875000 -3.141593 0.000000 3.141593
    23 0.000000 0.207031 0.009140 0.000000 0.000000 0.000000
    24 -6.250000 -0.000002 0.000004 0.000000 0.000000 0.000000
    25 13.601563 -14.679688 84.437500 -0.057762 0.445706 -0.253592
    26 11.039063 -2.759766 2.041016 -0.263153 -0.211575 0.098239
    27 8.476563 9.398438 15.687500 -1.178097 0.000000 0.000000
    28 -9.953125 3.416016 -54.781250 0.000000 0.000000 0.000000
    29 19.640625 -0.436035 0.000000 0.000000 0.000000 0.000000
    30 -8.015625 0.036713 0.530762 1.570796 0.000000 1.570796
  time 30
    0 -33.687500 -0.000004 32.312500 1.570792 0.002895 1.567901
    1 -25.390625 9.476563 -60.000000 0.007332 -0.264982 -1.495667
    2 -25.500000 6.121094 74.562500 0.268790 0.005622 -3.065400
    3 -4.093750 -12.898438 -54.187500 -3.141593 0.000000 -3.141593
    4 36.093750 0.139771 -0.183838 -3.141593 0.000000 3.141593
    5 19.640625 0.445557 -0.155884 -3.110697 -0.265014 1.495667
    6 0.015686 -10.796875 66.625000 0.000000 0.000000 0.000000
    7 25.500000 6.121094 74.562500 2.876375 -0.019554 -0.071299
    8 4.093750 -12.898438 -54.187500 0.000000 0.000000 0.000000
    9 36.093750 0.139771 0.183838 -3.141593 0.000000 -3.141593
    10 19.562500 0.449951 0.159302 -0.024235 0.265132 1.494182
    11 25.343750 9.476563 -60.000000 0.007113 -0.265133 -1.647399
    12 -4.969262 21.669905 -39.670862 0.000000 -1.184777 -1.570796
    13 -16.015625 9.289063 50.312500 0.000000 0.000000 0.000000
    14 0.019745 5.535156 -0.213135 0.000000 -1.570796 -1.570796
    15 0.000002 0.000002 0.000000 0.000000 0.000000 0.000000
    16 5.378906 8.585938 27.375000 -1.230457 0.000000 0.000000
    17 -32.968750 -14.375000 74.875000 0.000000 0.000000 0.000000
    18 -0.000004 0.207031 -0.009148 0.000000 0.000000 0.000000
    19 -6.250000 0.000002 0.000000 0.000000 0.000000 0.000000
    20 -13.601563 -14.679688 84.437500 -1.655486 0.445706 -2.888000
    21 10.992188 -2.070313 1.356445 -1.940749 -0.170989 2.830772
    22 32.968750 -14.375000 74.875000 -3.141593 0.000000 3.141593
    23 0.000000 0.207031 0.009140 0.000000 0.000000 0.000000
    24 -6.250000 -0.000002 0.000004 0.000000 0.000000 0.000000
    25 13.601563 -14.679688 84.437500 -0.057762 0.445706 -0.253592
    26 11.039063 -2.759766 2.041016 -0.263153 -0.211575 0.098239
    27 8.476563 9.398438 15.687500 -1.178097 0.000000 0.000000
    28 -9.953125 3.416016 -54.781250 0.000000 0.000000 0.000000
    29 19.640625 -0.436035 0.000000 0.000000 0.000000 0.000000
    30 -8.015625 0.036713 0.530762 1.570796 0.000000 1.570796
  time 31
    0 -33.687500 -0.000004 32.312500 1.570792 0.002895 1.567901
    1 -25.390625 9.476563 -60.000000 0.007332 -0.264982 -1.495667
    2 -25.500000 6.121094 74.562500 0.268790 0.005622 -3.065400
    3 -4.093750 -12.898438 -54.187500 -3.141593 0.000000 -3.141593
    4 36.093750 0.139771 -0.183838 -3.141593 0.000000 3.141593
    5 19.640625 0.445557 -0.155884 -3.110697 -0.265014 1.495667
    6 0.015686 -10.796875 66.625000 0.000000 0.000000 0.000000
    7 25.500000 6.121094 74.562500 2.876375 -0.019554 -0.071299
    8 4.093750 -12.898438 -54.187500 0.000000 0.000000 0.000000
    9 36.093750 0.139771 0.183838 -3.141593 0.000000 -3.141593
    10 19.562500 0.449951 0.159302 -0.024235 0.265132 1.494182
    11 25.343750 9.476563 -60.000000 0.007113 -0.265133 -1.647399
    12 -4.555187 21.630841 -37.537985 0.000000 -1.192834 -1.570796
    13 -16.015625 9.289063 50.312500 0.000000 0.000000 0.000000
    14 0.019745 5.535156 -0.213135 0.000000 -1.570796 -1.570796
    15 0.000002 0.000002 0.000000 0.000000 0.000000 0.000000
    16 5.378906 8.585938 27.375000 -1.230457 0.000000 0.000000
    17 -32.968750 -14.375000 74.875000 0.000000 0.000000 0.000000
    18 -0.000004 0.207031 -0.009148 0.000000 0.000000 0.000000
    19 -6.250000 0.000002 0.000000 0.000000 0.000000 0.000000
    20 -13.601563 -14.679688 84.437500 -1.655486 0.445706 -2.888000
    21 10.992188 -2.070313 1.356445 -1.940749 -0.170989 2.830772
    22 32.968750 -14.375000 74.875000 -3.141593 0.000000 3.141593
    23 0.000000 0.207031 0.009140 0.000000 0.000000 0.000000
    24 -6.250000 -0.000002 0.000004 0.000000 0.000000 0.000000
    25 13.601563 -14.679688 84.437500 -0.057762 0.445706 -0.253592
    26 11.039063 -2.759766 2.041016 -0.263153 -0.211575 0.098239
    27 8.476563 9.398438 15.687500 -1.178097 0.000000 0.000000
    28 -9.953125 3.416016 -54.781250 0.000000 0.000000 0.000000
    29 19.640625 -0.436035 0.000000 0.000000 0.000000 0.000000
    30 -8.015625 0.036713 0.530762 1.570796 0.000000 1.570796
  time 32
    0 -33.687500 -0.000004 32.312500 1.570792 0.002895 1.567901
    1 -25.390625 9.476563 -60.000000 0.007332 -0.264982 -1.495667
    2 -25.500000 6.121094 74.562500 0.268790 0.005622 -3.065400
    3 -4.093750 -12.898438 -54.187500 -3.141593 0.000000 -3.141593
    4 36.093750 0.139771 -0.183838 -3.141593 0.000000 3.141593
    5 19.640625 0.445557 -0.155884 -3.110697 -0.265014 1.495667
    6 0.015686 -10.796875 66.625000 0.000000 0.000000 0.000000
    7 25.500000 6.121094 74.562500 2.876375 -0.019554 -0.071299
    8 4.093750 -12.898438 -54.187500 0.000000 0.000000 0.000000
    9 36.093750 0.139771 0.183838 -3.141593 0.000000 -3.141593
    10 19.562500 0.449951 0.159302 -0.024235 0.265132 1.494182
    11 25.343750 9.476563 -60.000000 0.007113 -0.265133 -1.647399
    12 -4.035640 21.568339 -35.393388 0.000000 -1.202750 -1.570796
    13 -16.015625 9.289063 50.312500 0.000000 0.000000 0.000000
    14 0.019745 5.535156 -0.213135 0.000000 -1.570796 -1.570796
    15 0.000002 0.000002 0.000000 0.000000 0.000000 0.000000
    16 5.378906 8.585938 27.375000 -1.230457 0.000000 0.000000
    17 -32.968750 -14.375000 74.875000 0.000000 0.000000 0.000000
    18 -0.000004 0.207031 -0.009148 0.000000 0.000000 0.000000
    19 -6.250000 0.000002 0.000000 0.000000 0.000000 0.000000
    20 -13.601563 -14.679688 84.437500 -1.655486 0.445706 -2.888000
    21 10.992188 -2.070313 1.356445 -1.940749 -0.170989 2.830772
    22 32.968750 -14.375000 74.875000 -3.141593 0.000000 3.141593
    23 0.000000 0.207031 0.009140 0.000000 0.000000 0.000000
    24 -6.250000 -0.000002 0.000004 0.000000 0.000000 0.000000
    25 13.601563 -14.679688 84.437500 -0.057762 0.445706 -0.253592
    26 11.039063 -2.759766 2.041016 -0.263153 -0.211575 0.098239
    27 8.476563 9.398438 15.687500 -1.178097 0.000000 0.000000
    28 -9.953125 3.416016 -54.781250 0.000000 0.000000 0.000000
    29 19.640625 -0.436035 0.000000 0.000000 0.000000 0.000000
    30 -8.015625 0.036713 0.530762 1.570796 0.000000 1.570796
  time 33
    0 -33.687500 -0.000004 32.312500 1.570792 0.002895 1.567901
    1 -25.390625 9.476563 -60.000000 0.007332 -0.264982 -1.495667
    2 -25.500000 6.121094 74.562500 0.268790 0.005622 -3.065400
    3 -4.093750 -12.898438 -54.187500 -3.141593 0.000000 -3.141593
    4 36.093750 0.139771 -0.183838 -3.141593 0.000000 3.141593
    5 19.640625 0.445557 -0.155884 -3.110697 -0.265014 1.495667
    6 0.015686 -10.796875 66.625000 0.000000 0.000000 0.000000
    7 25.500000 6.121094 74.562500 2.876375 -0.019554 -0.071299
    8 4.093750 -12.898438 -54.187500 0.000000 0.000000 0.000000
    9 36.093750 0.139771 0.183838 -3.141593 0.000000 -3.141593
    10 19.562500 0.449951 0.159302 -0.024235 0.265132 1.494182
    11 25.343750 9.476563 -60.000000 0.007113 -0.265133 -1.647399
    12 -3.418433 21.494118 -33.244885 0.000000 -1.214912 -1.570796
    13 -16.015625 9.289063 50.312500 0.000000 0.000000 0.000000
    14 0.019745 5.535156 -0.213135 0.000000 -1.570796 -1.570796
    15 0.000002 0.000002 0.000000 0.000000 0.000000 0.000000
    16 5.378906 8.585938 27.375000 -1.230457 0.000000 0.000000
    17 -32.968750 -14.375000 74.875000 0.000000 0.000000 0.000000
    18 -0.000004 0.207031 -0.009148 0.000000 0.000000 0.000000
    19 -6.250000 0.000002 0.000000 0.000000 0.000000 0.000000
    20 -13.601563 -14.679688 84.437500 -1.655486 0.445706 -2.888000
    21 10.992188 -2.070313 1.356445 -1.940749 -0.170989 2.830772
    22 32.968750 -14.375000 74.875000 -3.141593 0.000000 3.141593
    23 0.000000 0.207031 0.009140 0.000000 0.000000 0.000000
    24 -6.250000 -0.000002 0.000004 0.000000 0.000000 0.000000
    25 13.601563 -14.679688 84.437500 -0.057762 0.445706 -0.253592
    26 11.039063 -2.759766 2.041016 -0.263153 -0.211575 0.098239
    27 8.476563 9.398438 15.687500 -1.178097 0.000000 0.000000
    28 -9.953125 3.416016 -54.781250 0.000000 0.000000 0.000000
    29 19.640625 -0.436035 0.000000 0.000000 0.000000 0.000000
    30 -8.015625 0.036713 0.530762 1.570796 0.000000 1.570796
  time 34
    0 -33.687500 -0.000004 32.312500 1.570792 0.002895 1.567901
    1 -25.390625 9.476563 -60.000000 0.007332 -0.264982 -1.495667
    2 -25.500000 6.121094 74.562500 0.268790 0.005622 -3.065400
    3 -4.093750 -12.898438 -54.187500 -3.141593 0.000000 -3.141593
    4 36.093750 0.139771 -0.183838 -3.141593 0.000000 3.141593
    5 19.640625 0.445557 -0.155884 -3.110697 -0.265014 1.495667
    6 0.015686 -10.796875 66.625000 0.000000 0.000000 0.000000
    7 25.500000 6.121094 74.562500 2.876375 -0.019554 -0.071299
    8 4.093750 -12.898438 -54.187500 0.000000 0.000000 0.000000
    9 36.093750 0.139771 0.183838 -3.141593 0.000000 -3.141593
    10 19.562500 0.449951 0.159302 -0.024235 0.265132 1.494182
    11 25.343750 9.476563 -60.000000 0.007113 -0.265133 -1.647399
    12 -2.719193 21.400365 -31.100288 0.000000 -1.229243 -1.570796
    13 -16.015625 9.289063 50.312500 0.000000 0.000000 0.000000
    14 0.019745 5.535156 -0.213135 0.000000 -1.570796 -1.570796
    15 0.000002 0.000002 0.000000 0.000000 0.000000 0.000000
    16 5.378906 8.585938 27.375000 -1.230457 0.000000 0.000000
    17 -32.968750 -14.375000 74.875000 0.000000 0.000000 0.000000
    18 -0.000004 0.207031 -0.009148 0.000000 0.000000 0.000000
    19 -6.250000 0.000002 0.000000 0.000000 0.000000 0.000000
    20 -13.601563 -14.679688 84.437500 -1.655486 0.445706 -2.888000
    21 10.992188 -2.070313 1.356445 -1.940749 -0.170989 2.830772
    22 32.968750 -14.375000 74.875000 -3.141593 0.000000 3.141593
    23 0.000000 0.207031 0.009140 0.000000 0.000000 0.000000
    24 -6.250000 -0.000002 0.000004 0.000000 0.000000 0.000000
    25 13.601563 -14.679688 84.437500 -0.057762 0.445706 -0.253592
    26 11.039063 -2.759766 2.041016 -0.263153 -0.211575 0.098239
    27 8.476563 9.398438 15.687500 -1.178097 0.000000 0.000000
    28 -9.953125 3.416016 -54.781250 0.000000 0.000000 0.000000
    29 19.640625 -0.436035 0.000000 0.000000 0.000000 0.000000
    30 -8.015625 0.036713 0.530762 1.570796 0.000000 1.570796
  time 35
    0 -33.687500 -0.000004 32.312500 1.570792 0.002895 1.567901
    1 -25.390625 9.476563 -60.000000 0.007332 -0.264982 -1.495667
    2 -25.500000 6.121094 74.562500 0.268790 0.005622 -3.065400
    3 -4.093750 -12.898438 -54.187500 -3.141593 0.000000 -3.141593
    4 36.093750 0.139771 -0.183838 -3.141593 0.000000 3.141593
    5 19.640625 0.445557 -0.155884 -3.110697 -0.265014 1.495667
    6 0.015686 -10.796875 66.625000 0.000000 0.000000 0.000000
    7 25.500000 6.121094 74.562500 2.876375 -0.019554 -0.071299
    8 4.093750 -12.898438 -54.187500 0.000000 0.000000 0.000000
    9 36.093750 0.139771 0.183838 -3.141593 0.000000 -3.141593
    10 19.562500 0.449951 0.159302 -0.024235 0.265132 1.494182
    11 25.343750 9.476563 -60.000000 0.007113 -0.265133 -1.647399
    12 -1.949638 21.298800 -28.971317 0.000000 -1.245976 -1.570796
    13 -16.015625 9.289063 50.312500 0.000000 0.000000 0.000000
    14 0.019745 5.535156 -0.213135 0.000000 -1.570796 -1.570796
    15 0.000002 0.000002 0.000000 0.000000 0.000000 0.000000
    16 5.378906 8.585938 27.375000 -1.230457 0.000000 0.000000
    17 -32.968750 -14.375000 74.875000 0.000000 0.000000 0.000000
    18 -0.000004 0.207031 -0.009148 0.000000 0.000000 0.000000
    19 -6.250000 0.000002 0.000000 0.000000 0.000000 0.000000
    20 -13.601563 -14.679688 84.437500 -1.655486 0.445706 -2.888000
    21 10.992188 -2.070313 1.356445 -1.940749 -0.170989 2.830772
    22 32.968750 -14.375000 74.875000 -3.141593 0.000000 3.141593
    23 0.000000 0.207031 0.009140 0.000000 0.000000 0.000000
    24 -6.250000 -0.000002 0.000004 0.000000 0.000000 0.000000
    25 13.601563 -14.679688 84.437500 -0.057762 0.445706 -0.253592
    26 11.039063 -2.759766 2.041016 -0.263153 -0.211575 0.098239
    27 8.476563 9.398438 15.687500 -1.178097 0.000000 0.000000
    28 -9.953125 3.416016 -54.781250 0.000000 0.000000 0.000000
    29 19.640625 -0.436035 0.000000 0.000000 0.000000 0.000000
    30 -8.015625 0.036713 0.530762 1.570796 0.000000 1.570796
  time 36
    0 -33.687500 -0.000004 32.312500 1.570792 0.002895 1.567901
    1 -25.390625 9.476563 -60.000000 0.007332 -0.264982 -1.495667
    2 -25.500000 6.121094 74.562500 0.268790 0.005622 -3.065400
    3 -4.093750 -12.898438 -54.187500 -3.141593 0.000000 -3.141593
    4 36.093750 0.139771 -0.183838 -3.141593 0.000000 3.141593
    5 19.640625 0.445557 -0.155884 -3.110697 -0.265014 1.495667
    6 0.015686 -10.796875 66.625000 0.000000 0.000000 0.000000
    7 25.500000 6.121094 74.562500 2.876375 -0.019554 -0.071299
    8 4.093750 -12.898438 -54.187500 0.000000 0.000000 0.000000
    9 36.093750 0.139771 0.183838 -3.141593 0.000000 -3.141593
    10 19.562500 0.449951 0.159302 -0.024235 0.265132 1.494182
    11 25.343750 9.476563 -60.000000 0.007113 -0.265133 -1.647399
    12 -1.125395 21.181609 -26.861878 0.000000 -1.265188 -1.570796
    13 -16.015625 9.289063 50.312500 0.000000 0.000000 0.000000
    14 0.019745 5.535156 -0.213135 0.000000 -1.570796 -1.570796
    15 0.000002 0.000002 0.000000 0.000000 0.000000 0.000000
    16 5.378906 8.585938 27.375000 -1.230457 0.000000 0.000000
    17 -32.968750 -14.375000 74.875000 0.000000 0.000000 0.000000
    18 -0.000004 0.207031 -0.009148 0.000000 0.000000 0.000000
    19 -6.250000 0.000002 0.000000 0.000000 0.000000 0.000000
    20 -13.601563 -14.679688 84.437500 -1.655486 0.445706 -2.888000
    21 10.992188 -2.070313 1.356445 -1.940749 -0.170989 2.830772
    22 32.968750 -14.375000 74.875000 -3.141593 0.000000 3.141593
    23 0.000000 0.207031 0.009140 0.000000 0.000000 0.000000
    24 -6.250000 -0.000002 0.000004 0.000000 0.000000 0.000000
    25 13.601563 -14.679688 84.437500 -0.057762 0.445706 -0.253592
    26 11.039063 -2.759766 2.041016 -0.263153 -0.211575 0.098239
    27 8.476563 9.398438 15.687500 -1.178097 0.000000 0.000000
    28 -9.953125 3.416016 -54.781250 0.000000 0.000000 0.000000
    29 19.640625 -0.436035 0.000000 0.000000 0.000000 0.000000
    30 -8.015625 0.036713 0.530762 1.570796 0.000000 1.570796
  time 37
    0 -33.687500 -0.000004 32.312500 1.570792 0.002895 1.567901
    1 -25.390625 9.476563 -60.000000 0.007332 -0.264982 -1.495667
    2 -25.500000 6.121094 74.562500 0.268790 0.005622 -3.065400
    3 -4.093750 -12.898438 -54.187500 -3.141593 0.000000 -3.141593
    4 36.093750 0.139771 -0.183838 -3.141593 0.000000 3.141593
    5 19.640625 0.445557 -0.155884 -3.110697 -0.265014 1.495667
    6 0.015686 -10.796875 66.625000 0.000000 0.000000 0.000000
    7 25.500000 6.121094 74.562500 2.876375 -0.019554 -0.071299
    8 4.093750 -12.898438 -54.187500 0.000000 0.000000 0.000000
    9 36.093750 0.139771 0.183838 -3.141593 0.000000 -3.141593
    10 19.562500 0.449951 0.159302 -0.024235 0.265132 1.494182
    11 25.343750 9.476563 -60.000000 0.007113 -0.265133 -1.647399
    12 -0.262087 21.060511 -24.771970 0.000000 -1.287034 -1.570796
    13 -16.015625 9.289063 50.312500 0.000000 0.000000 0.000000
    14 0.019745 5.535156 -0.213135 0.000000 -1.570796 -1.570796
    15 0.000002 0.000002 0.000000 0.000000 0.000000 0.000000
    16 5.378906 8.585938 27.375000 -1.230457 0.000000 0.000000
    17 -32.968750 -14.375000 74.875000 0.000000 0.000000 0.000000
    18 -0.000004 0.207031 -0.009148 0.000000 0.000000 0.000000
    19 -6.250000 0.000002 0.000000 0.000000 0.000000 0.000000
    20 -13.601563 -14.679688 84.437500 -1.655486 0.445706 -2.888000
    21 10.992188 -2.070313 1.356445 -1.940749 -0.170989 2.830772
    22 32.968750 -14.375000 74.875000 -3.141593 0.000000 3.141593
    23 0.000000 0.207031 0.009140 0.000000 0.000000 0.000000
    24 -6.250000 -0.000002 0.000004 0.000000 0.000000 0.000000
    25 13.601563 -14.679688 84.437500 -0.057762 0.445706 -0.253592
    26 11.039063 -2.759766 2.041016 -0.263153 -0.211575 0.098239
    27 8.476563 9.398438 15.687500 -1.178097 0.000000 0.000000
    28 -9.953125 3.416016 -54.781250 0.000000 0.000000 0.000000
    29 19.640625 -0.436035 0.000000 0.000000 0.000000 0.000000
    30 -8.015625 0.036713 0.530762 1.570796 0.000000 1.570796
  time 38
    0 -33.687500 -0.000004 32.312500 1.570792 0.002895 1.567901
    1 -25.390625 9.476563 -60.000000 0.007332 -0.264982 -1.495667
    2 -25.500000 6.121094 74.562500 0.268790 0.005622 -3.065400
    3 -4.093750 -12.898438 -54.187500 -3.141593 0.000000 -3.141593
    4 36.093750 0.139771 -0.183838 -3.141593 0.000000 3.141593
    5 19.640625 0.445557 -0.155884 -3.110697 -0.265014 1.495667
    6 0.015686 -10.796875 66.625000 0.000000 0.000000 0.000000
    7 25.500000 6.121094 74.562500 2.876375 -0.019554 -0.071299
    8 4.093750 -12.898438 -54.187500 0.000000 0.000000 0.000000
    9 36.093750 0.139771 0.183838 -3.141593 0.000000 -3.141593
    10 19.562500 0.449951 0.159302 -0.024235 0.265132 1.494182
    11 25.343750 9.476563 -60.000000 0.007113 -0.265133 -1.647399
    12 0.636378 20.927695 -22.717220 0.000000 -1.310971 -1.570796
    13 -16.015625 9.289063 50.312500 0.000000 0.000000 0.000000
    14 0.019745 5.535156 -0.213135 0.000000 -1.570796 -1.570796
    15 0.000002 0.000002 0.000000 0.000000 0.000000 0.000000
    16 5.378906 8.585938 27.375000 -1.230457 0.000000 0.000000
    17 -32.968750 -14.375000 74.875000 0.000000 0.000000 0.000000
    18 -0.000004 0.207031 -0.009148 0.000000 0.000000 0.000000
    19 -6.250000 0.000002 0.000000 0.000000 0.000000 0.000000
    20 -13.601563 -14.679688 84.437500 -1.655486 0.445706 -2.888000
    21 10.992188 -2.070313 1.356445 -1.940749 -0.170989 2.830772
    22 32.968750 -14.375000 74.875000 -3.141593 0.000000 3.141593
    23 0.000000 0.207031 0.009140 0.000000 0.000000 0.000000
    24 -6.250000 -0.000002 0.000004 0.000000 0.000000 0.000000
    25 13.601563 -14.679688 84.437500 -0.057762 0.445706 -0.253592
    26 11.039063 -2.759766 2.041016 -0.263153 -0.211575 0.098239
    27 8.476563 9.398438 15.687500 -1.178097 0.000000 0.000000
    28 -9.953125 3.416016 -54.781250 0.000000 0.000000 0.000000
    29 19.640625 -0.436035 0.000000 0.000000 0.000000 0.000000
    30 -8.015625 0.036713 0.530762 1.570796 0.000000 1.570796
  time 39
    0 -33.687500 -0.000004 32.312500 1.570792 0.002895 1.567901
    1 -25.390625 9.476563 -60.000000 0.007332 -0.264982 -1.495667
    2 -25.500000 6.121094 74.562500 0.268790 0.005622 -3.065400
    3 -4.093750 -12.898438 -54.187500 -3.141593 0.000000 -3.141593
    4 36.093750 0.139771 -0.183838 -3.141593 0.000000 3.141593
    5 19.640625 0.445557 -0.155884 -3.110697 -0.265014 1.495667
    6 0.015686 -10.796875 66.625000 0.000000 0.000000 0.000000
    7 25.500000 6.121094 74.562500 2.876375 -0.019554 -0.071299
    8 4.093750 -12.898438 -54.187500 0.000000 0.000000 0.000000
    9 36.093750 0.139771 0.183838 -3.141593 0.000000 -3.141593
    10 19.562500 0.449951 0.159302 -0.024235 0.265132 1.494182
    11 25.343750 9.476563 -60.000000 0.007113 -0.265133 -1.647399
    12 1.550468 20.794878 -20.705440 0.000000 -1.336458 -1.570796
    13 -16.015625 9.289063 50.312500 0.000000 0.000000 0.000000
    14 0.019745 5.535156 -0.213135 0.000000 -1.570796 -1.570796
    15 0.000002 0.000002 0.000000 0.000000 0.000000 0.000000
    16 5.378906 8.585938 27.375000 -1.230457 0.000000 0.000000
    17 -32.968750 -14.375000 74.875000 0.000000 0.000000 0.000000
    18 -0.000004 0.207031 -0.009148 0.000000 0.000000 0.000000
    19 -6.250000 0.000002 0.000000 0.000000 0.000000 0.000000
    20 -13.601563 -14.679688 84.437500 -1.655486 0.445706 -2.888000
    21 10.992188 -2.070313 1.356445 -1.940749 -0.170989 2.830772
    22 32.968750 -14.375000 74.875000 -3.141593 0.000000 3.141593
    23 0.000000 0.207031 0.009140 0.000000 0.000000 0.000000
    24 -6.250000 -0.000002 0.000004 0.000000 0.000000 0.000000
    25 13.601563 -14.679688 84.437500 -0.057762 0.445706 -0.253592
    26 11.039063 -2.759766 2.041016 -0.263153 -0.211575 0.098239
    27 8.476563 9.398438 15.687500 -1.178097 0.000000 0.000000
    28 -9.953125 3.416016 -54.781250 0.000000 0.000000 0.000000
    29 19.640625 -0.436035 0.000000 0.000000 0.000000 0.000000
    30 -8.015625 0.036713 0.530762 1.570796 0.000000 1.570796
  time 40
    0 -33.687500 -0.000004 32.312500 1.570792 0.002895 1.567901
    1 -25.390625 9.476563 -60.000000 0.007332 -0.264982 -1.495667
    2 -25.500000 6.121094 74.562500 0.268790 0.005622 -3.065400
    3 -4.093750 -12.898438 -54.187500 -3.141593 0.000000 -3.141593
    4 36.093750 0.139771 -0.183838 -3.141593 0.000000 3.141593
    5 19.640625 0.445557 -0.155884 -3.110697 -0.265014 1.495667
    6 0.015686 -10.796875 66.625000 0.000000 0.000000 0.000000
    7 25.500000 6.121094 74.562500 2.876375 -0.019554 -0.071299
    8 4.093750 -12.898438 -54.187500 0.000000 0.000000 0.000000
    9 36.093750 0.139771 0.183838 -3.141593 0.000000 -3.141593
    10 19.562500 0.449951 0.159302 -0.024235 0.265132 1.494182
    11 25.343750 9.476563 -60.000000 0.007113 -0.265133 -1.647399
    12 2.464559 20.665968 -18.756161 0.000000 -1.363029 -1.570796
    13 -16.015625 9.289063 50.312500 0.000000 0.000000 0.000000
    14 0.019745 5.535156 -0.213135 0.000000 -1.570796 -1.570796
    15 0.000002 0.000002 0.000000 0.000000 0.000000 0.000000
    16 5.378906 8.585938 27.375000 -1.230457 0.000000 0.000000
    17 -32.968750 -14.375000 74.875000 0.000000 0.000000 0.000000
    18 -0.000004 0.207031 -0.009148 0.000000 0.000000 0.000000
    19 -6.250000 0.000002 0.000000 0.000000 0.000000 0.000000
    20 -13.601563 -14.679688 84.437500 -1.655486 0.445706 -2.888000
    21 10.992188 -2.070313 1.356445 -1.940749 -0.170989 2.830772
    22 32.968750 -14.375000 74.875000 -3.141593 0.000000 3.141593
    23 0.000000 0.207031 0.009140 0.000000 0.000000 0.000000
    24 -6.250000 -0.000002 0.000004 0.000000 0.000000 0.000000
    25 13.601563 -14.679688 84.437500 -0.057762 0.445706 -0.253592
    26 11.039063 -2.759766 2.041016 -0.263153 -0.211575 0.098239
    27 8.476563 9.398438 15.687500 -1.178097 0.000000 0.000000
    28 -9.953125 3.416016 -54.781250 0.000000 0.000000 0.000000
    29 19.640625 -0.436035 0.000000 0.000000 0.000000 0.000000
    30 -8.015625 0.036713 0.530762 1.570796 0.000000 1.570796
  time 41
    0 -33.687500 -0.000004 32.312500 1.570792 0.002895 1.567901
    1 -25.390625 9.476563 -60.000000 0.007332 -0.264982 -1.495667
    2 -25.500000 6.121094 74.562500 0.268790 0.005622 -3.065400
    3 -4.093750 -12.898438 -54.187500 -3.141593 0.000000 -3.141593
    4 36.093750 0.139771 -0.183838 -3.141593 0.000000 3.141593
    5 19.640625 0.445557 -0.155884 -3.110697 -0.265014 1.495667
    6 0.015686 -10.796875 66.625000 0.000000 0.000000 0.000000
    7 25.500000 6.121094 74.562500 2.876375 -0.019554 -0.071299
    8 4.093750 -12.898438 -54.187500 0.000000 0.000000 0.000000
    9 36.093750 0.139771 0.183838 -3.141593 0.000000 -3.141593
    10 19.562500 0.449951 0.159302 -0.024235 0.265132 1.494182
    11 25.343750 9.476563 -60.000000 0.007113 -0.265133 -1.647399
    12 3.374743 20.533151 -16.873291 0.000000 -1.390143 -1.570796
    13 -16.015625 9.289063 50.312500 0.000000 0.000000 0.000000
    14 0.019745 5.535156 -0.213135 0.000000 -1.570796 -1.570796
    15 0.000002 0.000002 0.000000 0.000000 0.000000 0.000000
    16 5.378906 8.585938 27.375000 -1.230457 0.000000 0.000000
    17 -32.968750 -14.375000 74.875000 0.000000 0.000000 0.000000
    18 -0.000004 0.207031 -0.009148 0.000000 0.000000 0.000000
    19 -6.250000 0.000002 0.000000 0.000000 0.000000 0.000000
    20 -13.601563 -14.679688 84.437500 -1.655486 0.445706 -2.888000
    21 10.992188 -2.070313 1.356445 -1.940749 -0.170989 2.830772
    22 32.968750 -14.375000 74.875000 -3.141593 0.000000 3.141593
    23 0.000000 0.207031 0.009140 0.000000 0.000000 0.000000
    24 -6.250000 -0.000002 0.000004 0.000000 0.000000 0.000000
    25 13.601563 -14.679688 84.437500 -0.057762 0.445706 -0.253592
    26 11.039063 -2.759766 2.041016 -0.263153 -0.211575 0.098239
    27 8.476563 9.398438 15.687500 -1.178097 0.000000 0.000000
    28 -9.953125 3.416016 -54.781250 0.000000 0.000000 0.000000
    29 19.640625 -0.436035 0.000000 0.000000 0.000000 0.000000
    30 -8.015625 0.036713 0.530762 1.570796 0.000000 1.570796
  time 42
    0 -33.687500 -0.000004 32.312500 1.570792 0.002895 1.567901
    1 -25.390625 9.476563 -60.000000 0.007332 -0.264982 -1.495667
    2 -25.500000 6.121094 74.562500 0.268790 0.005622 -3.065400
    3 -4.093750 -12.898438 -54.187500 -3.141593 0.000000 -3.141593
    4 36.093750 0.139771 -0.183838 -3.141593 0.000000 3.141593
    5 19.640625 0.445557 -0.155884 -3.110697 -0.265014 1.495667
    6 0.015686 -10.796875 66.625000 0.000000 0.000000 0.000000
    7 25.500000 6.121094 74.562500 2.876375 -0.019554 -0.071299
    8 4.093750 -12.898438 -54.187500 0.000000 0.000000 0.000000
    9 36.093750 0.139771 0.183838 -3.141593 0.000000 -3.141593
    10 19.562500 0.449951 0.159302 -0.024235 0.265132 1.494182
    11 25.343750 9.476563 -60.000000 0.007113 -0.265133 -1.647399
    12 4.253676 20.404241 -15.088081 0.000000 -1.417256 -1.570796
    13 -16.015625 9.289063 50.312500 0.000000 0.000000 0.000000
    14 0.019745 5.535156 -0.213135 0.000000 -1.570796 -1.570796
    15 0.000002 0.000002 0.000000 0.000000 0.000000 0.000000
    16 5.378906 8.585938 27.375000 -1.230457 0.000000 0.000000
    17 -32.968750 -14.375000 74.875000 0.000000 0.000000 0.000000
    18 -0.000004 0.207031 -0.009148 0.000000 0.000000 0.000000
    19 -6.250000 0.000002 0.000000 0.000000 0.000000 0.000000
    20 -13.601563 -14.679688 84.437500 -1.655486 0.445706 -2.888000
    21 10.992188 -2.070313 1.356445 -1.940749 -0.170989 2.830772
    22 32.968750 -14.375000 74.875000 -3.141593 0.000000 3.141593
    23 0.000000 0.207031 0.009140 0.000000 0.000000 0.000000
    24 -6.250000 -0.000002 0.000004 0.000000 0.000000 0.000000
    25 13.601563 -14.679688 84.437500 -0.057762 0.445706 -0.253592
    26 11.039063 -2.759766 2.041016 -0.263153 -0.211575 0.098239
    27 8.476563 9.398438 15.687500 -1.178097 0.000000 0.000000
    28 -9.953125 3.416016 -54.781250 0.000000 0.000000 0.000000
    29 19.640625 -0.436035 0.000000 0.000000 0.000000 0.000000
    30 -8.015625 0.036713 0.530762 1.570796 0.000000 1.570796
  time 43
    0 -33.687500 -0.000004 32.312500 1.570792 0.002895 1.567901
    1 -25.390625 9.476563 -60.000000 0.007332 -0.264982 -1.495667
    2 -25.500000 6.121094 74.562500 0.268790 0.005622 -3.065400
    3 -4.093750 -12.898438 -54.187500 -3.141593 0.000000 -3.141593
    4 36.093750 0.139771 -0.183838 -3.141593 0.000000 3.141593
    5 19.640625 0.445557 -0.155884 -3.110697 -0.265014 1.495667
    6 0.015686 -10.796875 66.625000 0.000000 0.000000 0.000000
    7 25.500000 6.121094 74.562500 2.876375 -0.019554 -0.071299
    8 4.093750 -12.898438 -54.187500 0.000000 0.000000 0.000000
    9 36.093750 0.139771 0.183838 -3.141593 0.000000 -3.141593
    10 19.562500 0.449951 0.159302 -0.024235 0.265132 1.494182
    11 25.343750 9.476563 -60.000000 0.007113 -0.265133 -1.647399
    12 5.105264 20.275331 -13.431780 0.000000 -1.443750 -1.570796
    13 -16.015625 9.289063 50.312500 0.000000 0.000000 0.000000
    14 0.019745 5.535156 -0.213135 0.000000 -1.570796 -1.570796
    15 0.000002 0.000002 0.000000 0.000000 0.000000 0.000000
    16 5.378906 8.585938 27.375000 -1.230457 0.000000 0.000000
    17 -32.968750 -14.375000 74.875000 0.000000 0.000000 0.000000
    18 -0.000004 0.207031 -0.009148 0.000000 0.000000 0.000000
    19 -6.250000 0.000002 0.000000 0.000000 0.000000 0.000000
    20 -13.601563 -14.679688 84.437500 -1.655486 0.445706 -2.888000
    21 10.992188 -2.070313 1.356445 -1.940749 -0.170989 2.830772
    22 32.968750 -14.375000 74.875000 -3.141593 0.000000 3.141593
    23 0.000000 0.207031 0.009140 0.000000 0.000000 0.000000
    24 -6.250000 -0.000002 0.000004 0.000000 0.000000 0.000000
    25 13.601563 -14.679688 84.437500 -0.057762 0.445706 -0.253592
    26 11.039063 -2.759766 2.041016 -0.263153 -0.211575 0.098239
    27 8.476563 9.398438 15.687500 -1.178097 0.000000 0.000000
    28 -9.953125 3.416016 -54.781250 0.000000 0.000000 0.000000
    29 19.640625 -0.436035 0.000000 0.000000 0.000000 0.000000
    30 -8.015625 0.036713 0.530762 1.570796 0.000000 1.570796
  time 44
    0 -33.687500 -0.000004 32.312500 1.570792 0.002895 1.567901
    1 -25.390625 9.476563 -60.000000 0.007332 -0.264982 -1.495667
    2 -25.500000 6.121094 74.562500 0.268790 0.005622 -3.065400
    3 -4.093750 -12.898438 -54.187500 -3.141593 0.000000 -3.141593
    4 36.093750 0.139771 -0.183838 -3.141593 0.000000 3.141593
    5 19.640625 0.445557 -0.155884 -3.110697 -0.265014 1.495667
    6 0.015686 -10.796875 66.625000 0.000000 0.000000 0.000000
    7 25.500000 6.121094 74.562500 2.876375 -0.019554 -0.071299
    8 4.093750 -12.898438 -54.187500 0.000000 0.000000 0.000000
    9 36.093750 0.139771 0.183838 -3.141593 0.000000 -3.141593
    10 19.562500 0.449951 0.159302 -0.024235 0.265132 1.494182
    11 25.343750 9.476563 -60.000000 0.007113 -0.265133 -1.647399
    12 5.898257 20.158140 -11.974705 0.000000 -1.469082 -1.570796
    13 -16.015625 9.289063 50.312500 0.000000 0.000000 0.000000
    14 0.019745 5.535156 -0.213135 0.000000 -1.570796 -1.570796
    15 0.000002 0.000002 0.000000 0.000000 0.000000 0.000000
    16 5.378906 8.585938 27.375000 -1.230457 0.000000 0.000000
    17 -32.968750 -14.375000 74.875000 0.000000 0.000000 0.000000
    18 -0.000004 0.207031 -0.009148 0.000000 0.000000 0.000000
    19 -6.250000 0.000002 0.000000 0.000000 0.000000 0.000000
    20 -13.601563 -14.679688 84.437500 -1.655486 0.445706 -2.888000
    21 10.992188 -2.070313 1.356445 -1.940749 -0.170989 2.830772
    22 32.968750 -14.375000 74.875000 -3.141593 0.000000 3.141593
    23 0.000000 0.207031 0.009140 0.000000 0.000000 0.000000
    24 -6.250000 -0.000002 0.000004 0.000000 0.000000 0.000000
    25 13.601563 -14.679688 84.437500 -0.057762 0.445706 -0.253592
    26 11.039063 -2.759766 2.041016 -0.263153 -0.211575 0.098239
    27 8.476563 9.398438 15.687500 -1.178097 0.000000 0.000000
    28 -9.953125 3.416016 -54.781250 0.000000 0.000000 0.000000
    29 19.640625 -0.436035 0.000000 0.000000 0.000000 0.000000
    30 -8.015625 0.036713 0.530762 1.570796 0.000000 1.570796
  time 45
    0 -33.687500 -0.000004 32.312500 1.570792 0.002895 1.567901
    1 -25.390625 9.476563 -60.000000 0.007332 -0.264982 -1.495667
    2 -25.500000 6.121094 74.562500 0.268790 0.005622 -3.065400
    3 -4.093750 -12.898438 -54.187500 -3.141593 0.000000 -3.141593
    4 36.093750 0.139771 -0.183838 -3.141593 0.000000 3.141593
    5 19.640625 0.445557 -0.155884 -3.110697 -0.265014 1.495667
    6 0.015686 -10.796875 66.625000 0.000000 0.000000 0.000000
    7 25.500000 6.121094 74.562500 2.876375 -0.019554 -0.071299
    8 4.093750 -12.898438 -54.187500 0.000000 0.000000 0.000000
    9 36.093750 0.139771 0.183838 -3.141593 0.000000 -3.141593
    10 19.562500 0.449951 0.159302 -0.024235 0.265132 1.494182
    11 25.343750 9.476563 -60.000000 0.007113 -0.265133 -1.647399
    12 6.632655 20.044855 -10.826232 0.000000 -1.492864 -1.570796
    13 -16.015625 9.289063 50.312500 0.000000 0.000000 0.000000
    14 0.019745 5.535156 -0.213135 0.000000 -1.570796 -1.570796
    15 0.000002 0.000002 0.000000 0.000000 0.000000 0.000000
    16 5.378906 8.585938 27.375000 -1.230457 0.000000 0.000000
    17 -32.968750 -14.375000 74.875000 0.000000 0.000000 0.000000
    18 -0.000004 0.207031 -0.009148 0.000000 0.000000 0.000000
    19 -6.250000 0.000002 0.000000 0.000000 0.000000 0.000000
    20 -13.601563 -14.679688 84.437500 -1.655486 0.445706 -2.888000
    21 10.992188 -2.070313 1.356445 -1.940749 -0.170989 2.830772
    22 32.968750 -14.375000 74.875000 -3.141593 0.000000 3.141593
    23 0.000000 0.207031 0.009140 0.000000 0.000000 0.000000
    24 -6.250000 -0.000002 0.000004 0.000000 0.000000 0.000000
    25 13.601563 -14.679688 84.437500 -0.057762 0.445706 -0.253592
    26 11.039063 -2.759766 2.041016 -0.263153 -0.211575 0.098239
    27 8.476563 9.398438 15.687500 -1.178097 0.000000 0.000000
    28 -9.953125 3.416016 -54.781250 0.000000 0.000000 0.000000
    29 19.640625 -0.436035 0.000000 0.000000 0.000000 0.000000
    30 -8.015625 0.036713 0.530762 1.570796 0.000000 1.570796
  time 46
    0 -33.687500 -0.000004 32.312500 1.570792 0.002895 1.567901
    1 -25.390625 9.476563 -60.000000 0.007332 -0.264982 -1.495667
    2 -25.500000 6.121094 74.562500 0.268790 0.005622 -3.065400
    3 -4.093750 -12.898438 -54.187500 -3.141593 0.000000 -3.141593
    4 36.093750 0.139771 -0.183838 -3.141593 0.000000 3.141593
    5 19.640625 0.445557 -0.155884 -3.110697 -0.265014 1.495667
    6 0.015686 -10.796875 66.625000 0.000000 0.000000 0.000000
    7 25.500000 6.121094 74.562500 2.876375 -0.019554 -0.071299
    8 4.093750 -12.898438 -54.187500 0.000000 0.000000 0.000000
    9 36.093750 0.139771 0.183838 -3.141593 0.000000 -3.141593
    10 19.562500 0.449951 0.159302 -0.024235 0.265132 1.494182
    11 25.343750 9.476563 -60.000000 0.007113 -0.265133 -1.647399
    12 7.288925 19.947196 -10.306685 0.000000 -1.514400 -1.570796
    13 -16.015625 9.289063 50.312500 0.000000 0.000000 0.000000
    14 0.019745 5.535156 -0.213135 0.000000 -1.570796 -1.570796
    15 0.000002 0.000002 0.000000 0.000000 0.000000 0.000000
    16 5.378906 8.585938 27.375000 -1.230457 0.000000 0.000000
    17 -32.968750 -14.375000 74.875000 0.000000 0.000000 0.000000
    18 -0.000004 0.207031 -0.009148 0.000000 0.000000 0.000000
    19 -6.250000 0.000002 0.000000 0.000000 0.000000 0.000000
    20 -13.601563 -14.679688 84.437500 -1.655486 0.445706 -2.888000
    21 10.992188 -2.070313 1.356445 -1.940749 -0.170989 2.830772
    22 32.968750 -14.375000 74.875000 -3.141593 0.000000 3.141593
    23 0.000000 0.207031 0.009140 0.000000 0.000000 0.000000
    24 -6.250000 -0.000002 0.000004 0.000000 0.000000 0.000000
    25 13.601563 -14.679688 84.437500 -0.057762 0.445706 -0.253592
    26 11.039063 -2.759766 2.041016 -0.263153 -0.211575 0.098239
    27 8.476563 9.398438 15.687500 -1.178097 0.000000 0.000000
    28 -9.953125 3.416016 -54.781250 0.000000 0.000000 0.000000
    29 19.640625 -0.436035 0.000000 0.000000 0.000000 0.000000
    30 -8.015625 0.036713 0.530762 1.570796 0.000000 1.570796
  time 47
    0 -33.687500 -0.000004 32.312500 1.570792 0.002895 1.567901
    1 -25.390625 9.476563 -60.000000 0.007332 -0.264982 -1.495667
    2 -25.500000 6.121094 74.562500 0.268790 0.005622 -3.065400
    3 -4.093750 -12.898438 -54.187500 -3.141593 0.000000 -3.141593
    4 36.093750 0.139771 -0.183838 -3.141593 0.000000 3.141593
    5 19.640625 0.445557 -0.155884 -3.110697 -0.265014 1.495667
    6 0.015686 -10.796875 66.625000 0.000000 0.000000 0.000000
    7 25.500000 6.121094 74.562500 2.876375 -0.019554 -0.071299
    8 4.093750 -12.898438 -54.187500 0.000000 0.000000 0.000000
    9 36.093750 0.139771 0.183838 -3.141593 0.000000 -3.141593
    10 19.562500 0.449951 0.159302 -0.024235 0.265132 1.494182
    11 25.343750 9.476563 -60.000000 0.007113 -0.265133 -1.647399
    12 7.855348 19.861256 -10.466846 0.000000 -1.533302 -1.570796
    13 -16.015625 9.289063 50.312500 0.000000 0.000000 0.000000
    14 0.019745 5.535156 -0.213135 0.000000 -1.570796 -1.570796
    15 0.000002 0.000002 0.000000 0.000000 0.000000 0.000000
    16 5.378906 8.585938 27.375000 -1.230457 0.000000 0.000000
    17 -32.968750 -14.375000 74.875000 0.000000 0.000000 0.000000
    18 -0.000004 0.207031 -0.009148 0.000000 0.000000 0.000000
    19 -6.250000 0.000002 0.000000 0.000000 0.000000 0.000000
    20 -13.601563 -14.679688 84.437500 -1.655486 0.445706 -2.888000
    21 10.992188 -2.070313 1.356445 -1.940749 -0.170989 2.830772
    22 32.968750 -14.375000 74.875000 -3.141593 0.000000 3.141593
    23 0.000000 0.207031 0.009140 0.000000 0.000000 0.000000
    24 -6.250000 -0.000002 0.000004 0.000000 0.000000 0.000000
    25 13.601563 -14.679688 84.437500 -0.057762 0.445706 -0.253592
    26 11.039063 -2.759766 2.041016 -0.263153 -0.211575 0.098239
    27 8.476563 9.398438 15.687500 -1.178097 0.000000 0.000000
    28 -9.953125 3.416016 -54.781250 0.000000 0.000000 0.000000
    29 19.640625 -0.436035 0.000000 0.000000 0.000000 0.000000
    30 -8.015625 0.036713 0.530762 1.570796 0.000000 1.570796
  time 48
    0 -33.687500 -0.000004 32.312500 1.570792 0.002895 1.567901
    1 -25.390625 9.476563 -60.000000 0.007332 -0.264982 -1.495667
    2 -25.500000 6.121094 74.562500 0.268790 0.005622 -3.065400
    3 -4.093750 -12.898438 -54.187500 -3.141593 0.000000 -3.141593
    4 36.093750 0.139771 -0.183838 -3.141593 0.000000 3.141593
    5 19.640625 0.445557 -0.155884 -3.110697 -0.265014 1.495667
    6 0.015686 -10.796875 66.625000 0.000000 0.000000 0.000000
    7 25.500000 6.121094 74.562500 2.876375 -0.019554 -0.071299
    8 4.093750 -12.898438 -54.187500 0.000000 0.000000 0.000000
    9 36.093750 0.139771 0.183838 -3.141593 0.000000 -3.141593
    10 19.562500 0.449951 0.159302 -0.024235 0.265132 1.494182
    11 25.343750 9.476563 -60.000000 0.007113 -0.265133 -1.647399
    12 8.316300 19.790941 -10.771543 0.000000 -1.548873 -1.570796
    13 -16.015625 9.289063 50.312500 0.000000 0.000000 0.000000
    14 0.019745 5.535156 -0.213135 0.000000 -1.570796 -1.570796
    15 0.000002 0.000002 0.000000 0.000000 0.000000 0.000000
    16 5.378906 8.585938 27.375000 -1.230457 0.000000 0.000000
    17 -32.968750 -14.375000 74.875000 0.000000 0.000000 0.000000
    18 -0.000004 0.207031 -0.009148 0.000000 0.000000 0.000000
    19 -6.250000 0.000002 0.000000 0.000000 0.000000 0.000000
    20 -13.601563 -14.679688 84.437500 -1.655486 0.445706 -2.888000
    21 10.992188 -2.070313 1.356445 -1.940749 -0.170989 2.830772
    22 32.968750 -14.375000 74.875000 -3.141593 0.000000 3.141593
    23 0.000000 0.207031 0.009140 0.000000 0.000000 0.000000
    24 -6.250000 -0.000002 0.000004 0.000000 0.000000 0.000000
    25 13.601563 -14.679688 84.437500 -0.057762 0.445706 -0.253592
    26 11.039063 -2.759766 2.041016 -0.263153 -0.211575 0.098239
    27 8.476563 9.398438 15.687500 -1.178097 0.000000 0.000000
    28 -9.953125 3.416016 -54.781250 0.000000 0.000000 0.000000
    29 19.640625 -0.436035 0.000000 0.000000 0.000000 0.000000
    30 -8.015625 0.036713 0.530762 1.570796 0.000000 1.570796
  time 49
    0 -33.687500 -0.000004 32.312500 1.570792 0.002895 1.567901
    1 -25.390625 9.476563 -60.000000 0.007332 -0.264982 -1.495667
    2 -25.500000 6.121094 74.562500 0.268790 0.005622 -3.065400
    3 -4.093750 -12.898438 -54.187500 -3.141593 0.000000 -3.141593
    4 36.093750 0.139771 -0.183838 -3.141593 0.000000 3.141593
    5 19.640625 0.445557 -0.155884 -3.110697 -0.265014 1.495667
    6 0.015686 -10.796875 66.625000 0.000000 0.000000 0.000000
    7 25.500000 6.121094 74.562500 2.876375 -0.019554 -0.071299
    8 4.093750 -12.898438 -54.187500 0.000000 0.000000 0.000000
    9 36.093750 0.139771 0.183838 -3.141593 0.000000 -3.141593
    10 19.562500 0.449951 0.159302 -0.024235 0.265132 1.494182
    11 25.343750 9.476563 -60.000000 0.007113 -0.265133 -1.647399
    12 8.667873 19.740158 -11.080146 0.000000 -1.560725 -1.570796
    13 -16.015625 9.289063 50.312500 0.000000 0.000000 0.000000
    14 0.019745 5.535156 -0.213135 0.000000 -1.570796 -1.570796
    15 0.000002 0.000002 0.000000 0.000000 0.000000 0.000000
    16 5.378906 8.585938 27.375000 -1.230457 0.000000 0.000000
    17 -32.968750 -14.375000 74.875000 0.000000 0.000000 0.000000
    18 -0.000004 0.207031 -0.009148 0.000000 0.000000 0.000000
    19 -6.250000 0.000002 0.000000 0.000000 0.000000 0.000000
    20 -13.601563 -14.679688 84.437500 -1.655486 0.445706 -2.888000
    21 10.992188 -2.070313 1.356445 -1.940749 -0.170989 2.830772
    22 32.968750 -14.375000 74.875000 -3.141593 0.000000 3.141593
    23 0.000000 0.207031 0.009140 0.000000 0.000000 0.000000
    24 -6.250000 -0.000002 0.000004 0.000000 0.000000 0.000000
    25 13.601563 -14.679688 84.437500 -0.057762 0.445706 -0.253592
    26 11.039063 -2.759766 2.041016 -0.263153 -0.211575 0.098239
    27 8.476563 9.398438 15.687500 -1.178097 0.000000 0.000000
    28 -9.953125 3.416016 -54.781250 0.000000 0.000000 0.000000
    29 19.640625 -0.436035 0.000000 0.000000 0.000000 0.000000
    30 -8.015625 0.036713 0.530762 1.570796 0.000000 1.570796
  time 50
    0 -33.687500 -0.000004 32.312500 1.570792 0.002895 1.567901
    1 -25.390625 9.476563 -60.000000 0.007332 -0.264982 -1.495667
    2 -25.500000 6.121094 74.562500 0.268790 0.005622 -3.065400
    3 -4.093750 -12.898438 -54.187500 -3.141593 0.000000 -3.141593
    4 36.093750 0.139771 -0.183838 -3.141593 0.000000 3.141593
    5 19.640625 0.445557 -0.155884 -3.110697 -0.265014 1.495667
    6 0.015686 -10.796875 66.625000 0.000000 0.000000 0.000000
    7 25.500000 6.121094 74.562500 2.876375 -0.019554 -0.071299
    8 4.093750 -12.898438 -54.187500 0.000000 0.000000 0.000000
    9 36.093750 0.139771 0.183838 -3.141593 0.000000 -3.141593
    10 19.562500 0.449951 0.159302 -0.024235 0.265132 1.494182
    11 25.343750 9.476563 -60.000000 0.007113 -0.265133 -1.647399
    12 8.886630 19.705001 -11.291090 0.000000 -1.568317 -1.570796
    13 -16.015625 9.289063 50.312500 0.000000 0.000000 0.000000
    14 0.019745 5.535156 -0.213135 0.000000 -1.570796 -1.570796
    15 0.000002 0.000002 0.000000 0.000000 0.000000 0.000000
    16 5.378906 8.585938 27.375000 -1.230457 0.000000 0.000000
    17 -32.968750 -14.375000 74.875000 0.000000 0.000000 0.000000
    18 -0.000004 0.207031 -0.009148 0.000000 0.000000 0.000000
    19 -6.250000 0.000002 0.000000 0.000000 0.000000 0.000000
    20 -13.601563 -14.679688 84.437500 -1.655486 0.445706 -2.888000
    21 10.992188 -2.070313 1.356445 -1.940749 -0.170989 2.830772
    22 32.968750 -14.375000 74.875000 -3.141593 0.000000 3.141593
    23 0.000000 0.207031 0.009140 0.000000 0.000000 0.000000
    24 -6.250000 -0.000002 0.000004 0.000000 0.000000 0.000000
    25 13.601563 -14.679688 84.437500 -0.057762 0.445706 -0.253592
    26 11.039063 -2.759766 2.041016 -0.263153 -0.211575 0.098239
    27 8.476563 9.398438 15.687500 -1.178097 0.000000 0.000000
    28 -9.953125 3.416016 -54.781250 0.000000 0.000000 0.000000
    29 19.640625 -0.436035 0.000000 0.000000 0.000000 0.000000
    30 -8.015625 0.036713 0.530762 1.570796 0.000000 1.570796
  time 51
    0 -33.687500 -0.000004 32.312500 1.570792 0.002895 1.567901
    1 -25.390625 9.476563 -60.000000 0.007332 -0.264982 -1.495667
    2 -25.500000 6.121094 74.562500 0.268790 0.005622 -3.065400
    3 -4.093750 -12.898438 -54.187500 -3.141593 0.000000 -3.141593
    4 36.093750 0.139771 -0.183838 -3.141593 0.000000 3.141593
    5 19.640625 0.445557 -0.155884 -3.110697 -0.265014 1.495667
    6 0.015686 -10.796875 66.625000 0.000000 0.000000 0.000000
    7 25.500000 6.121094 74.562500 2.876375 -0.019554 -0.071299
    8 4.093750 -12.898438 -54.187500 0.000000 0.000000 0.000000
    9 36.093750 0.139771 0.183838 -3.141593 0.000000 -3.141593
    10 19.562500 0.449951 0.159302 -0.024235 0.265132 1.494182
    11 25.343750 9.476563 -60.000000 0.007113 -0.265133 -1.647399
    12 8.960851 19.693282 -11.384843 0.000000 -1.570796 -1.570796
    13 -16.015625 9.289063 50.312500 0.000000 0.000000 0.000000
    14 0.019745 5.535156 -0.213135 0.000000 -1.570796 -1.570796
    15 0.000002 0.000002 0.000000 0.000000 0.000000 0.000000
    16 5.378906 8.585938 27.375000 -1.230457 0.000000 0.000000
    17 -32.968750 -14.375000 74.875000 0.000000 0.000000 0.000000
    18 -0.000004 0.207031 -0.009148 0.000000 0.000000 0.000000
    19 -6.250000 0.000002 0.000000 0.000000 0.000000 0.000000
    20 -13.601563 -14.679688 84.437500 -1.655486 0.445706 -2.888000
    21 10.992188 -2.070313 1.356445 -1.940749 -0.170989 2.830772
    22 32.968750 -14.375000 74.875000 -3.141593 0.000000 3.141593
    23 0.000000 0.207031 0.009140 0.000000 0.000000 0.000000
    24 -6.250000 -0.000002 0.000004 0.000000 0.000000 0.000000
    25 13.601563 -14.679688 84.437500 -0.057762 0.445706 -0.253592
    26 11.039063 -2.759766 2.041016 -0.263153 -0.211575 0.098239
    27 8.476563 9.398438 15.687500 -1.178097 0.000000 0.000000
    28 -9.953125 3.416016 -54.781250 0.000000 0.000000 0.000000
    29 19.640625 -0.436035 0.000000 0.000000 0.000000 0.000000
    30 -8.015625 0.036713 0.530762 1.570796 0.000000 1.570796
end
