// Created by Crowbar 0.74
version 1
nodes
  0 "Rig_Buggy.Frame" -1
  1 "Rig_Buggy.Shock_RR_Sleeve" 0
  2 "Rig_Buggy.Shock_FR_Sleeve" 0
  3 "Rig_Buggy.Axel_RR" 0
  4 "Rig_Buggy.Wheel_RR" 3
  5 "Rig_Buggy.Shock_RR_Piston" 3
  6 "Rig_Buggy.Steer_Arm" 0
  7 "Rig_Buggy.Shock_FL_Sleeve" 0
  8 "Rig_Buggy.Axel_RL" 0
  9 "Rig_Buggy.Wheel_RL" 8
  10 "Rig_Buggy.Shock_RL_Piston" 8
  11 "Rig_Buggy.Shock_RL_Sleeve" 0
  12 "Rig_Buggy.view" 0
  13 "Rig_Buggy.Gun_Base" 0
  14 "Rig_Buggy.Gun_Parent" 13
  15 "Rig_Buggy.Gun" 14
  16 "Rig_Buggy.Speedo" 0
  17 "Rig_Buggy.Wheel_FR_Turn_parent" 0
  18 "Rig_Buggy.Wheel_FR_Turn" 17
  19 "Rig_Buggy.Wheel_FR_Rotate" 18
  20 "Rig_Buggy.Axel_FR" 0
  21 "Rig_Buggy.Shock_FR_Piston" 20
  22 "Rig_Buggy.Wheel_FL_Turn_parent" 0
  23 "Rig_Buggy.Wheel_FL_Turn" 22
  24 "Rig_Buggy.Wheel_FL_Rotate" 23
  25 "Rig_Buggy.Axel_FL" 0
  26 "Rig_Buggy.Shock_FL_Piston" 25
  27 "Rig_Buggy.Steer_Wheel" 0
  28 "Rig_Buggy.lid" 0
  29 "Rig_Buggy.latch" 28
  30 "Rig_Buggy.gun_cylinders" 15
end
skeleton
  time 0
    0 -33.687500 -0.000004 32.312500 1.570792 0.002895 1.567901
    1 -25.390625 9.476563 -60.000000 0.007332 -0.264982 -1.495667
    2 -25.500000 6.121094 74.562500 0.268790 0.005622 -3.065400
    3 -4.093750 -12.898438 -54.187500 -3.141593 0.000000 -3.141593
    4 36.093750 0.139771 -0.183838 -3.141593 0.000000 3.141593
    5 19.640625 0.445557 -0.155884 -3.110697 -0.265014 1.495667
    6 0.015686 -10.796875 66.625000 0.000000 0.000000 0.000000
    7 25.500000 6.121094 74.562500 2.876375 -0.019554 -0.071299
    8 4.093750 -12.898438 -54.187500 0.000000 0.000000 0.000000
    9 36.093750 0.139771 0.183838 -3.141593 0.000000 -3.141593
    10 19.562500 0.449951 0.159302 -0.024235 0.265132 1.494182
    11 25.343750 9.476563 -60.000000 0.007113 -0.265133 -1.647399
    12 5.335740 59.799975 77.297551 3.141592 0.967570 -1.570796
    13 -16.015625 9.289063 50.312500 0.000000 0.000000 0.000000
    14 0.019745 5.535156 -0.213135 0.000000 -1.570796 -1.570796
    15 0.000002 0.000002 0.000000 0.000000 0.000000 0.000000
    16 5.378906 8.585938 27.375000 -1.230457 0.000000 0.000000
    17 -32.968750 -14.375000 74.875000 0.000000 0.000000 0.000000
    18 -0.000004 0.207031 -0.009148 0.000000 0.000000 0.000000
    19 -6.250000 0.000002 0.000000 0.000000 0.000000 0.000000
    20 -13.601563 -14.679688 84.437500 -1.655486 0.445706 -2.888000
    21 10.992188 -2.070313 1.356445 -1.940749 -0.170989 2.830772
    22 32.968750 -14.375000 74.875000 -3.141593 0.000000 3.141593
    23 0.000000 0.207031 0.009140 0.000000 0.000000 0.000000
    24 -6.250000 -0.000002 0.000004 0.000000 0.000000 0.000000
    25 13.601563 -14.679688 84.437500 -0.057762 0.445706 -0.253592
    26 11.039063 -2.759766 2.041016 -0.263153 -0.211575 0.098239
    27 8.476563 9.398438 15.687500 -1.178097 0.000000 0.000000
    28 -9.953125 3.416016 -54.781250 0.000000 0.000000 0.000000
    29 19.640625 -0.436035 0.000000 0.000000 0.000000 0.000000
    30 -8.015625 0.036713 0.530762 1.570796 0.000000 1.570796
  time 1
    0 -33.687500 -0.000004 32.312500 1.570792 0.002895 1.567901
    1 -25.390625 9.476563 -60.000000 0.007332 -0.264982 -1.495667
    2 -25.500000 6.121094 74.562500 0.268790 0.005622 -3.065400
    3 -4.093750 -12.898438 -54.187500 -3.141593 0.000000 -3.141593
    4 36.093750 0.139771 -0.183838 -3.141593 0.000000 3.141593
    5 19.640625 0.445557 -0.155884 -3.110697 -0.265014 1.495667
    6 0.015686 -10.796875 66.625000 0.000000 0.000000 0.000000
    7 25.500000 6.121094 74.562500 2.876375 -0.019554 -0.071299
    8 4.093750 -12.898438 -54.187500 0.000000 0.000000 0.000000
    9 36.093750 0.139771 0.183838 -3.141593 0.000000 -3.141593
    10 19.562500 0.449951 0.159302 -0.024235 0.265132 1.494182
    11 25.343750 9.476563 -60.000000 0.007113 -0.265133 -1.647399
    12 5.343553 59.737473 77.094420 3.128265 0.965013 -1.581726
    13 -16.015625 9.289063 50.312500 0.000000 0.000000 0.000000
    14 0.019745 5.535156 -0.213135 0.000000 -1.570796 -1.570796
    15 0.000002 0.000002 0.000000 0.000000 0.000000 0.000000
    16 5.378906 8.585938 27.375000 -1.230457 0.000000 0.000000
    17 -32.968750 -14.375000 74.875000 0.000000 0.000000 0.000000
    18 -0.000004 0.207031 -0.009148 0.000000 0.000000 0.000000
    19 -6.250000 0.000002 0.000000 0.000000 0.000000 0.000000
    20 -13.601563 -14.679688 84.437500 -1.655486 0.445706 -2.888000
    21 10.992188 -2.070313 1.356445 -1.940749 -0.170989 2.830772
    22 32.968750 -14.375000 74.875000 -3.141593 0.000000 3.141593
    23 0.000000 0.207031 0.009140 0.000000 0.000000 0.000000
    24 -6.250000 -0.000002 0.000004 0.000000 0.000000 0.000000
    25 13.601563 -14.679688 84.437500 -0.057762 0.445706 -0.253592
    26 11.039063 -2.759766 2.041016 -0.263153 -0.211575 0.098239
    27 8.476563 9.398438 15.687500 -1.178097 0.000000 0.000000
    28 -9.953125 3.416016 -54.781250 0.000000 0.000000 0.000000
    29 19.640625 -0.436035 0.000000 0.000000 0.000000 0.000000
    30 -8.015625 0.036713 0.530762 1.570796 0.000000 1.570796
  time 2
    0 -33.687500 -0.000004 32.312500 1.570792 0.002895 1.567901
    1 -25.390625 9.476563 -60.000000 0.007332 -0.264982 -1.495667
    2 -25.500000 6.121094 74.562500 0.268790 0.005622 -3.065400
    3 -4.093750 -12.898438 -54.187500 -3.141593 0.000000 -3.141593
    4 36.093750 0.139771 -0.183838 -3.141593 0.000000 3.141593
    5 19.640625 0.445557 -0.155884 -3.110697 -0.265014 1.495667
    6 0.015686 -10.796875 66.625000 0.000000 0.000000 0.000000
    7 25.500000 6.121094 74.562500 2.876375 -0.019554 -0.071299
    8 4.093750 -12.898438 -54.187500 0.000000 0.000000 0.000000
    9 36.093750 0.139771 0.183838 -3.141593 0.000000 -3.141593
    10 19.562500 0.449951 0.159302 -0.024235 0.265132 1.494182
    11 25.343750 9.476563 -60.000000 0.007113 -0.265133 -1.647399
    12 5.366991 59.569499 76.492839 3.090011 0.957112 -1.612885
    13 -16.015625 9.289063 50.312500 0.000000 0.000000 0.000000
    14 0.019745 5.535156 -0.213135 0.000000 -1.570796 -1.570796
    15 0.000002 0.000002 0.000000 0.000000 0.000000 0.000000
    16 5.378906 8.585938 27.375000 -1.230457 0.000000 0.000000
    17 -32.968750 -14.375000 74.875000 0.000000 0.000000 0.000000
    18 -0.000004 0.207031 -0.009148 0.000000 0.000000 0.000000
    19 -6.250000 0.000002 0.000000 0.000000 0.000000 0.000000
    20 -13.601563 -14.679688 84.437500 -1.655486 0.445706 -2.888000
    21 10.992188 -2.070313 1.356445 -1.940749 -0.170989 2.830772
    22 32.968750 -14.375000 74.875000 -3.141593 0.000000 3.141593
    23 0.000000 0.207031 0.009140 0.000000 0.000000 0.000000
    24 -6.250000 -0.000002 0.000004 0.000000 0.000000 0.000000
    25 13.601563 -14.679688 84.437500 -0.057762 0.445706 -0.253592
    26 11.039063 -2.759766 2.041016 -0.263153 -0.211575 0.098239
    27 8.476563 9.398438 15.687500 -1.178097 0.000000 0.000000
    28 -9.953125 3.416016 -54.781250 0.000000 0.000000 0.000000
    29 19.640625 -0.436035 0.000000 0.000000 0.000000 0.000000
    30 -8.015625 0.036713 0.530762 1.570796 0.000000 1.570796
  time 3
    0 -33.687500 -0.000004 32.312500 1.570792 0.002895 1.567901
    1 -25.390625 9.476563 -60.000000 0.007332 -0.264982 -1.495667
    2 -25.500000 6.121094 74.562500 0.268790 0.005622 -3.065400
    3 -4.093750 -12.898438 -54.187500 -3.141593 0.000000 -3.141593
    4 36.093750 0.139771 -0.183838 -3.141593 0.000000 3.141593
    5 19.640625 0.445557 -0.155884 -3.110697 -0.265014 1.495667
    6 0.015686 -10.796875 66.625000 0.000000 0.000000 0.000000
    7 25.500000 6.121094 74.562500 2.876375 -0.019554 -0.071299
    8 4.093750 -12.898438 -54.187500 0.000000 0.000000 0.000000
    9 36.093750 0.139771 0.183838 -3.141593 0.000000 -3.141593
    10 19.562500 0.449951 0.159302 -0.024235 0.265132 1.494182
    11 25.343750 9.476563 -60.000000 0.007113 -0.265133 -1.647399
    12 5.406055 59.303866 75.524059 3.030471 0.943245 -1.660822
    13 -16.015625 9.289063 50.312500 0.000000 0.000000 0.000000
    14 0.019745 5.535156 -0.213135 0.000000 -1.570796 -1.570796
    15 0.000002 0.000002 0.000000 0.000000 0.000000 0.000000
    16 5.378906 8.585938 27.375000 -1.230457 0.000000 0.000000
    17 -32.968750 -14.375000 74.875000 0.000000 0.000000 0.000000
    18 -0.000004 0.207031 -0.009148 0.000000 0.000000 0.000000
    19 -6.250000 0.000002 0.000000 0.000000 0.000000 0.000000
    20 -13.601563 -14.679688 84.437500 -1.655486 0.445706 -2.888000
    21 10.992188 -2.070313 1.356445 -1.940749 -0.170989 2.830772
    22 32.968750 -14.375000 74.875000 -3.141593 0.000000 3.141593
    23 0.000000 0.207031 0.009140 0.000000 0.000000 0.000000
    24 -6.250000 -0.000002 0.000004 0.000000 0.000000 0.000000
    25 13.601563 -14.679688 84.437500 -0.057762 0.445706 -0.253592
    26 11.039063 -2.759766 2.041016 -0.263153 -0.211575 0.098239
    27 8.476563 9.398438 15.687500 -1.178097 0.000000 0.000000
    28 -9.953125 3.416016 -54.781250 0.000000 0.000000 0.000000
    29 19.640625 -0.436035 0.000000 0.000000 0.000000 0.000000
    30 -8.015625 0.036713 0.530762 1.570796 0.000000 1.570796
  time 4
    0 -33.687500 -0.000004 32.312500 1.570792 0.002895 1.567901
    1 -25.390625 9.476563 -60.000000 0.007332 -0.264982 -1.495667
    2 -25.500000 6.121094 74.562500 0.268790 0.005622 -3.065400
    3 -4.093750 -12.898438 -54.187500 -3.141593 0.000000 -3.141593
    4 36.093750 0.139771 -0.183838 -3.141593 0.000000 3.141593
    5 19.640625 0.445557 -0.155884 -3.110697 -0.265014 1.495667
    6 0.015686 -10.796875 66.625000 0.000000 0.000000 0.000000
    7 25.500000 6.121094 74.562500 2.876375 -0.019554 -0.071299
    8 4.093750 -12.898438 -54.187500 0.000000 0.000000 0.000000
    9 36.093750 0.139771 0.183838 -3.141593 0.000000 -3.141593
    10 19.562500 0.449951 0.159302 -0.024235 0.265132 1.494182
    11 25.343750 9.476563 -60.000000 0.007113 -0.265133 -1.647399
    12 5.460744 58.960105 74.219332 2.953866 0.922484 -1.720934
    13 -16.015625 9.289063 50.312500 0.000000 0.000000 0.000000
    14 0.019745 5.535156 -0.213135 0.000000 -1.570796 -1.570796
    15 0.000002 0.000002 0.000000 0.000000 0.000000 0.000000
    16 5.378906 8.585938 27.375000 -1.230457 0.000000 0.000000
    17 -32.968750 -14.375000 74.875000 0.000000 0.000000 0.000000
    18 -0.000004 0.207031 -0.009148 0.000000 0.000000 0.000000
    19 -6.250000 0.000002 0.000000 0.000000 0.000000 0.000000
    20 -13.601563 -14.679688 84.437500 -1.655486 0.445706 -2.888000
    21 10.992188 -2.070313 1.356445 -1.940749 -0.170989 2.830772
    22 32.968750 -14.375000 74.875000 -3.141593 0.000000 3.141593
    23 0.000000 0.207031 0.009140 0.000000 0.000000 0.000000
    24 -6.250000 -0.000002 0.000004 0.000000 0.000000 0.000000
    25 13.601563 -14.679688 84.437500 -0.057762 0.445706 -0.253592
    26 11.039063 -2.759766 2.041016 -0.263153 -0.211575 0.098239
    27 8.476563 9.398438 15.687500 -1.178097 0.000000 0.000000
    28 -9.953125 3.416016 -54.781250 0.000000 0.000000 0.000000
    29 19.640625 -0.436035 0.000000 0.000000 0.000000 0.000000
    30 -8.015625 0.036713 0.530762 1.570796 0.000000 1.570796
  time 5
    0 -33.687500 -0.000004 32.312500 1.570792 0.002895 1.567901
    1 -25.390625 9.476563 -60.000000 0.007332 -0.264982 -1.495667
    2 -25.500000 6.121094 74.562500 0.268790 0.005622 -3.065400
    3 -4.093750 -12.898438 -54.187500 -3.141593 0.000000 -3.141593
    4 36.093750 0.139771 -0.183838 -3.141593 0.000000 3.141593
    5 19.640625 0.445557 -0.155884 -3.110697 -0.265014 1.495667
    6 0.015686 -10.796875 66.625000 0.000000 0.000000 0.000000
    7 25.500000 6.121094 74.562500 2.876375 -0.019554 -0.071299
    8 4.093750 -12.898438 -54.187500 0.000000 0.000000 0.000000
    9 36.093750 0.139771 0.183838 -3.141593 0.000000 -3.141593
    10 19.562500 0.449951 0.159302 -0.024235 0.265132 1.494182
    11 25.343750 9.476563 -60.000000 0.007113 -0.265133 -1.647399
    12 5.527152 58.534311 72.609908 2.865276 0.894054 -1.788238
    13 -16.015625 9.289063 50.312500 0.000000 0.000000 0.000000
    14 0.019745 5.535156 -0.213135 0.000000 -1.570796 -1.570796
    15 0.000002 0.000002 0.000000 0.000000 0.000000 0.000000
    16 5.378906 8.585938 27.375000 -1.230457 0.000000 0.000000
    17 -32.968750 -14.375000 74.875000 0.000000 0.000000 0.000000
    18 -0.000004 0.207031 -0.009148 0.000000 0.000000 0.000000
    19 -6.250000 0.000002 0.000000 0.000000 0.000000 0.000000
    20 -13.601563 -14.679688 84.437500 -1.655486 0.445706 -2.888000
    21 10.992188 -2.070313 1.356445 -1.940749 -0.170989 2.830772
    22 32.968750 -14.375000 74.875000 -3.141593 0.000000 3.141593
    23 0.000000 0.207031 0.009140 0.000000 0.000000 0.000000
    24 -6.250000 -0.000002 0.000004 0.000000 0.000000 0.000000
    25 13.601563 -14.679688 84.437500 -0.057762 0.445706 -0.253592
    26 11.039063 -2.759766 2.041016 -0.263153 -0.211575 0.098239
    27 8.476563 9.398438 15.687500 -1.178097 0.000000 0.000000
    28 -9.953125 3.416016 -54.781250 0.000000 0.000000 0.000000
    29 19.640625 -0.436035 0.000000 0.000000 0.000000 0.000000
    30 -8.015625 0.036713 0.530762 1.570796 0.000000 1.570796
  time 6
    0 -33.687500 -0.000004 32.312500 1.570792 0.002895 1.567901
    1 -25.390625 9.476563 -60.000000 0.007332 -0.264982 -1.495667
    2 -25.500000 6.121094 74.562500 0.268790 0.005622 -3.065400
    3 -4.093750 -12.898438 -54.187500 -3.141593 0.000000 -3.141593
    4 36.093750 0.139771 -0.183838 -3.141593 0.000000 3.141593
    5 19.640625 0.445557 -0.155884 -3.110697 -0.265014 1.495667
    6 0.015686 -10.796875 66.625000 0.000000 0.000000 0.000000
    7 25.500000 6.121094 74.562500 2.876375 -0.019554 -0.071299
    8 4.093750 -12.898438 -54.187500 0.000000 0.000000 0.000000
    9 36.093750 0.139771 0.183838 -3.141593 0.000000 -3.141593
    10 19.562500 0.449951 0.159302 -0.024235 0.265132 1.494182
    11 25.343750 9.476563 -60.000000 0.007113 -0.265133 -1.647399
    12 5.601373 58.038202 70.715319 2.769495 0.857412 -1.857650
    13 -16.015625 9.289063 50.312500 0.000000 0.000000 0.000000
    14 0.019745 5.535156 -0.213135 0.000000 -1.570796 -1.570796
    15 0.000002 0.000002 0.000000 0.000000 0.000000 0.000000
    16 5.378906 8.585938 27.375000 -1.230457 0.000000 0.000000
    17 -32.968750 -14.375000 74.875000 0.000000 0.000000 0.000000
    18 -0.000004 0.207031 -0.009148 0.000000 0.000000 0.000000
    19 -6.250000 0.000002 0.000000 0.000000 0.000000 0.000000
    20 -13.601563 -14.679688 84.437500 -1.655486 0.445706 -2.888000
    21 10.992188 -2.070313 1.356445 -1.940749 -0.170989 2.830772
    22 32.968750 -14.375000 74.875000 -3.141593 0.000000 3.141593
    23 0.000000 0.207031 0.009140 0.000000 0.000000 0.000000
    24 -6.250000 -0.000002 0.000004 0.000000 0.000000 0.000000
    25 13.601563 -14.679688 84.437500 -0.057762 0.445706 -0.253592
    26 11.039063 -2.759766 2.041016 -0.263153 -0.211575 0.098239
    27 8.476563 9.398438 15.687500 -1.178097 0.000000 0.000000
    28 -9.953125 3.416016 -54.781250 0.000000 0.000000 0.000000
    29 19.640625 -0.436035 0.000000 0.000000 0.000000 0.000000
    30 -8.015625 0.036713 0.530762 1.570796 0.000000 1.570796
  time 7
    0 -33.687500 -0.000004 32.312500 1.570792 0.002895 1.567901
    1 -25.390625 9.476563 -60.000000 0.007332 -0.264982 -1.495667
    2 -25.500000 6.121094 74.562500 0.268790 0.005622 -3.065400
    3 -4.093750 -12.898438 -54.187500 -3.141593 0.000000 -3.141593
    4 36.093750 0.139771 -0.183838 -3.141593 0.000000 3.141593
    5 19.640625 0.445557 -0.155884 -3.110697 -0.265014 1.495667
    6 0.015686 -10.796875 66.625000 0.000000 0.000000 0.000000
    7 25.500000 6.121094 74.562500 2.876375 -0.019554 -0.071299
    8 4.093750 -12.898438 -54.187500 0.000000 0.000000 0.000000
    9 36.093750 0.139771 0.183838 -3.141593 0.000000 -3.141593
    10 19.562500 0.449951 0.159302 -0.024235 0.265132 1.494182
    11 25.343750 9.476563 -60.000000 0.007113 -0.265133 -1.647399
    12 5.691220 57.471779 68.570722 2.670838 0.812790 -1.924762
    13 -16.015625 9.289063 50.312500 0.000000 0.000000 0.000000
    14 0.019745 5.535156 -0.213135 0.000000 -1.570796 -1.570796
    15 0.000002 0.000002 0.000000 0.000000 0.000000 0.000000
    16 5.378906 8.585938 27.375000 -1.230457 0.000000 0.000000
    17 -32.968750 -14.375000 74.875000 0.000000 0.000000 0.000000
    18 -0.000004 0.207031 -0.009148 0.000000 0.000000 0.000000
    19 -6.250000 0.000002 0.000000 0.000000 0.000000 0.000000
    20 -13.601563 -14.679688 84.437500 -1.655486 0.445706 -2.888000
    21 10.992188 -2.070313 1.356445 -1.940749 -0.170989 2.830772
    22 32.968750 -14.375000 74.875000 -3.141593 0.000000 3.141593
    23 0.000000 0.207031 0.009140 0.000000 0.000000 0.000000
    24 -6.250000 -0.000002 0.000004 0.000000 0.000000 0.000000
    25 13.601563 -14.679688 84.437500 -0.057762 0.445706 -0.253592
    26 11.039063 -2.759766 2.041016 -0.263153 -0.211575 0.098239
    27 8.476563 9.398438 15.687500 -1.178097 0.000000 0.000000
    28 -9.953125 3.416016 -54.781250 0.000000 0.000000 0.000000
    29 19.640625 -0.436035 0.000000 0.000000 0.000000 0.000000
    30 -8.015625 0.036713 0.530762 1.570796 0.000000 1.570796
  time 8
    0 -33.687500 -0.000004 32.312500 1.570792 0.002895 1.567901
    1 -25.390625 9.476563 -60.000000 0.007332 -0.264982 -1.495667
    2 -25.500000 6.121094 74.562500 0.268790 0.005622 -3.065400
    3 -4.093750 -12.898438 -54.187500 -3.141593 0.000000 -3.141593
    4 36.093750 0.139771 -0.183838 -3.141593 0.000000 3.141593
    5 19.640625 0.445557 -0.155884 -3.110697 -0.265014 1.495667
    6 0.015686 -10.796875 66.625000 0.000000 0.000000 0.000000
    7 25.500000 6.121094 74.562500 2.876375 -0.019554 -0.071299
    8 4.093750 -12.898438 -54.187500 0.000000 0.000000 0.000000
    9 36.093750 0.139771 0.183838 -3.141593 0.000000 -3.141593
    10 19.562500 0.449951 0.159302 -0.024235 0.265132 1.494182
    11 25.343750 9.476563 -60.000000 0.007113 -0.265133 -1.647399
    12 5.788879 56.838947 66.199556 2.572276 0.760810 -1.986313
    13 -16.015625 9.289063 50.312500 0.000000 0.000000 0.000000
    14 0.019745 5.535156 -0.213135 0.000000 -1.570796 -1.570796
    15 0.000002 0.000002 0.000000 0.000000 0.000000 0.000000
    16 5.378906 8.585938 27.375000 -1.230457 0.000000 0.000000
    17 -32.968750 -14.375000 74.875000 0.000000 0.000000 0.000000
    18 -0.000004 0.207031 -0.009148 0.000000 0.000000 0.000000
    19 -6.250000 0.000002 0.000000 0.000000 0.000000 0.000000
    20 -13.601563 -14.679688 84.437500 -1.655486 0.445706 -2.888000
    21 10.992188 -2.070313 1.356445 -1.940749 -0.170989 2.830772
    22 32.968750 -14.375000 74.875000 -3.141593 0.000000 3.141593
    23 0.000000 0.207031 0.009140 0.000000 0.000000 0.000000
    24 -6.250000 -0.000002 0.000004 0.000000 0.000000 0.000000
    25 13.601563 -14.679688 84.437500 -0.057762 0.445706 -0.253592
    26 11.039063 -2.759766 2.041016 -0.263153 -0.211575 0.098239
    27 8.476563 9.398438 15.687500 -1.178097 0.000000 0.000000
    28 -9.953125 3.416016 -54.781250 0.000000 0.000000 0.000000
    29 19.640625 -0.436035 0.000000 0.000000 0.000000 0.000000
    30 -8.015625 0.036713 0.530762 1.570796 0.000000 1.570796
  time 9
    0 -33.687500 -0.000004 32.312500 1.570792 0.002895 1.567901
    1 -25.390625 9.476563 -60.000000 0.007332 -0.264982 -1.495667
    2 -25.500000 6.121094 74.562500 0.268790 0.005622 -3.065400
    3 -4.093750 -12.898438 -54.187500 -3.141593 0.000000 -3.141593
    4 36.093750 0.139771 -0.183838 -3.141593 0.000000 3.141593
    5 19.640625 0.445557 -0.155884 -3.110697 -0.265014 1.495667
    6 0.015686 -10.796875 66.625000 0.000000 0.000000 0.000000
    7 25.500000 6.121094 74.562500 2.876375 -0.019554 -0.071299
    8 4.093750 -12.898438 -54.187500 0.000000 0.000000 0.000000
    9 36.093750 0.139771 0.183838 -3.141593 0.000000 -3.141593
    10 19.562500 0.449951 0.159302 -0.024235 0.265132 1.494182
    11 25.343750 9.476563 -60.000000 0.007113 -0.265133 -1.647399
    12 5.894351 56.135800 63.625259 2.475824 0.702865 -2.040482
    13 -16.015625 9.289063 50.312500 0.000000 0.000000 0.000000
    14 0.019745 5.535156 -0.213135 0.000000 -1.570796 -1.570796
    15 0.000002 0.000002 0.000000 0.000000 0.000000 0.000000
    16 5.378906 8.585938 27.375000 -1.230457 0.000000 0.000000
    17 -32.968750 -14.375000 74.875000 0.000000 0.000000 0.000000
    18 -0.000004 0.207031 -0.009148 0.000000 0.000000 0.000000
    19 -6.250000 0.000002 0.000000 0.000000 0.000000 0.000000
    20 -13.601563 -14.679688 84.437500 -1.655486 0.445706 -2.888000
    21 10.992188 -2.070313 1.356445 -1.940749 -0.170989 2.830772
    22 32.968750 -14.375000 74.875000 -3.141593 0.000000 3.141593
    23 0.000000 0.207031 0.009140 0.000000 0.000000 0.000000
    24 -6.250000 -0.000002 0.000004 0.000000 0.000000 0.000000
    25 13.601563 -14.679688 84.437500 -0.057762 0.445706 -0.253592
    26 11.039063 -2.759766 2.041016 -0.263153 -0.211575 0.098239
    27 8.476563 9.398438 15.687500 -1.178097 0.000000 0.000000
    28 -9.953125 3.416016 -54.781250 0.000000 0.000000 0.000000
    29 19.640625 -0.436035 0.000000 0.000000 0.000000 0.000000
    30 -8.015625 0.036713 0.530762 1.570796 0.000000 1.570796
  time 10
    0 -33.687500 -0.000004 32.312500 1.570792 0.002895 1.567901
    1 -25.390625 9.476563 -60.000000 0.007332 -0.264982 -1.495667
    2 -25.500000 6.121094 74.562500 0.268790 0.005622 -3.065400
    3 -4.093750 -12.898438 -54.187500 -3.141593 0.000000 -3.141593
    4 36.093750 0.139771 -0.183838 -3.141593 0.000000 3.141593
    5 19.640625 0.445557 -0.155884 -3.110697 -0.265014 1.495667
    6 0.015686 -10.796875 66.625000 0.000000 0.000000 0.000000
    7 25.500000 6.121094 74.562500 2.876375 -0.019554 -0.071299
    8 4.093750 -12.898438 -54.187500 0.000000 0.000000 0.000000
    9 36.093750 0.139771 0.183838 -3.141593 0.000000 -3.141593
    10 19.562500 0.449951 0.159302 -0.024235 0.265132 1.494182
    11 25.343750 9.476563 -60.000000 0.007113 -0.265133 -1.647399
    12 6.007636 55.362339 60.890800 2.382440 0.640426 -2.086501
    13 -16.015625 9.289063 50.312500 0.000000 0.000000 0.000000
    14 0.019745 5.535156 -0.213135 0.000000 -1.570796 -1.570796
    15 0.000002 0.000002 0.000000 0.000000 0.000000 0.000000
    16 5.378906 8.585938 27.375000 -1.230457 0.000000 0.000000
    17 -32.968750 -14.375000 74.875000 0.000000 0.000000 0.000000
    18 -0.000004 0.207031 -0.009148 0.000000 0.000000 0.000000
    19 -6.250000 0.000002 0.000000 0.000000 0.000000 0.000000
    20 -13.601563 -14.679688 84.437500 -1.655486 0.445706 -2.888000
    21 10.992188 -2.070313 1.356445 -1.940749 -0.170989 2.830772
    22 32.968750 -14.375000 74.875000 -3.141593 0.000000 3.141593
    23 0.000000 0.207031 0.009140 0.000000 0.000000 0.000000
    24 -6.250000 -0.000002 0.000004 0.000000 0.000000 0.000000
    25 13.601563 -14.679688 84.437500 -0.057762 0.445706 -0.253592
    26 11.039063 -2.759766 2.041016 -0.263153 -0.211575 0.098239
    27 8.476563 9.398438 15.687500 -1.178097 0.000000 0.000000
    28 -9.953125 3.416016 -54.781250 0.000000 0.000000 0.000000
    29 19.640625 -0.436035 0.000000 0.000000 0.000000 0.000000
    30 -8.015625 0.036713 0.530762 1.570796 0.000000 1.570796
  time 11
    0 -33.687500 -0.000004 32.312500 1.570792 0.002895 1.567901
    1 -25.390625 9.476563 -60.000000 0.007332 -0.264982 -1.495667
    2 -25.500000 6.121094 74.562500 0.268790 0.005622 -3.065400
    3 -4.093750 -12.898438 -54.187500 -3.141593 0.000000 -3.141593
    4 36.093750 0.139771 -0.183838 -3.141593 0.000000 3.141593
    5 19.640625 0.445557 -0.155884 -3.110697 -0.265014 1.495667
    6 0.015686 -10.796875 66.625000 0.000000 0.000000 0.000000
    7 25.500000 6.121094 74.562500 2.876375 -0.019554 -0.071299
    8 4.093750 -12.898438 -54.187500 0.000000 0.000000 0.000000
    9 36.093750 0.139771 0.183838 -3.141593 0.000000 -3.141593
    10 19.562500 0.449951 0.159302 -0.024235 0.265132 1.494182
    11 25.343750 9.476563 -60.000000 0.007113 -0.265133 -1.647399
    12 6.120920 54.514657 58.015713 2.292508 0.575121 -2.124276
    13 -16.015625 9.289063 50.312500 0.000000 0.000000 0.000000
    14 0.019745 5.535156 -0.213135 0.000000 -1.570796 -1.570796
    15 0.000002 0.000002 0.000000 0.000000 0.000000 0.000000
    16 5.378906 8.585938 27.375000 -1.230457 0.000000 0.000000
    17 -32.968750 -14.375000 74.875000 0.000000 0.000000 0.000000
    18 -0.000004 0.207031 -0.009148 0.000000 0.000000 0.000000
    19 -6.250000 0.000002 0.000000 0.000000 0.000000 0.000000
    20 -13.601563 -14.679688 84.437500 -1.655486 0.445706 -2.888000
    21 10.992188 -2.070313 1.356445 -1.940749 -0.170989 2.830772
    22 32.968750 -14.375000 74.875000 -3.141593 0.000000 3.141593
    23 0.000000 0.207031 0.009140 0.000000 0.000000 0.000000
    24 -6.250000 -0.000002 0.000004 0.000000 0.000000 0.000000
    25 13.601563 -14.679688 84.437500 -0.057762 0.445706 -0.253592
    26 11.039063 -2.759766 2.041016 -0.263153 -0.211575 0.098239
    27 8.476563 9.398438 15.687500 -1.178097 0.000000 0.000000
    28 -9.953125 3.416016 -54.781250 0.000000 0.000000 0.000000
    29 19.640625 -0.436035 0.000000 0.000000 0.000000 0.000000
    30 -8.015625 0.036713 0.530762 1.570796 0.000000 1.570796
  time 12
    0 -33.687500 -0.000004 32.312500 1.570792 0.002895 1.567901
    1 -25.390625 9.476563 -60.000000 0.007332 -0.264982 -1.495667
    2 -25.500000 6.121094 74.562500 0.268790 0.005622 -3.065400
    3 -4.093750 -12.898438 -54.187500 -3.141593 0.000000 -3.141593
    4 36.093750 0.139771 -0.183838 -3.141593 0.000000 3.141593
    5 19.640625 0.445557 -0.155884 -3.110697 -0.265014 1.495667
    6 0.015686 -10.796875 66.625000 0.000000 0.000000 0.000000
    7 25.500000 6.121094 74.562500 2.876375 -0.019554 -0.071299
    8 4.093750 -12.898438 -54.187500 0.000000 0.000000 0.000000
    9 36.093750 0.139771 0.183838 -3.141593 0.000000 -3.141593
    10 19.562500 0.449951 0.159302 -0.024235 0.265132 1.494182
    11 25.343750 9.476563 -60.000000 0.007113 -0.265133 -1.647399
    12 6.242018 53.584941 55.027340 2.206027 0.508654 -2.154572
    13 -16.015625 9.289063 50.312500 0.000000 0.000000 0.000000
    14 0.019745 5.535156 -0.213135 0.000000 -1.570796 -1.570796
    15 0.000002 0.000002 0.000000 0.000000 0.000000 0.000000
    16 5.378906 8.585938 27.375000 -1.230457 0.000000 0.000000
    17 -32.968750 -14.375000 74.875000 0.000000 0.000000 0.000000
    18 -0.000004 0.207031 -0.009148 0.000000 0.000000 0.000000
    19 -6.250000 0.000002 0.000000 0.000000 0.000000 0.000000
    20 -13.601563 -14.679688 84.437500 -1.655486 0.445706 -2.888000
    21 10.992188 -2.070313 1.356445 -1.940749 -0.170989 2.830772
    22 32.968750 -14.375000 74.875000 -3.141593 0.000000 3.141593
    23 0.000000 0.207031 0.009140 0.000000 0.000000 0.000000
    24 -6.250000 -0.000002 0.000004 0.000000 0.000000 0.000000
    25 13.601563 -14.679688 84.437500 -0.057762 0.445706 -0.253592
    26 11.039063 -2.759766 2.041016 -0.263153 -0.211575 0.098239
    27 8.476563 9.398438 15.687500 -1.178097 0.000000 0.000000
    28 -9.953125 3.416016 -54.781250 0.000000 0.000000 0.000000
    29 19.640625 -0.436035 0.000000 0.000000 0.000000 0.000000
    30 -8.015625 0.036713 0.530762 1.570796 0.000000 1.570796
  time 13
    0 -33.687500 -0.000004 32.312500 1.570792 0.002895 1.567901
    1 -25.390625 9.476563 -60.000000 0.007332 -0.264982 -1.495667
    2 -25.500000 6.121094 74.562500 0.268790 0.005622 -3.065400
    3 -4.093750 -12.898438 -54.187500 -3.141593 0.000000 -3.141593
    4 36.093750 0.139771 -0.183838 -3.141593 0.000000 3.141593
    5 19.640625 0.445557 -0.155884 -3.110697 -0.265014 1.495667
    6 0.015686 -10.796875 66.625000 0.000000 0.000000 0.000000
    7 25.500000 6.121094 74.562500 2.876375 -0.019554 -0.071299
    8 4.093750 -12.898438 -54.187500 0.000000 0.000000 0.000000
    9 36.093750 0.139771 0.183838 -3.141593 0.000000 -3.141593
    10 19.562500 0.449951 0.159302 -0.024235 0.265132 1.494182
    11 25.343750 9.476563 -60.000000 0.007113 -0.265133 -1.647399
    12 6.370928 52.549753 51.953028 2.122710 0.442498 -2.178348
    13 -16.015625 9.289063 50.312500 0.000000 0.000000 0.000000
    14 0.019745 5.535156 -0.213135 0.000000 -1.570796 -1.570796
    15 0.000002 0.000002 0.000000 0.000000 0.000000 0.000000
    16 5.378906 8.585938 27.375000 -1.230457 0.000000 0.000000
    17 -32.968750 -14.375000 74.875000 0.000000 0.000000 0.000000
    18 -0.000004 0.207031 -0.009148 0.000000 0.000000 0.000000
    19 -6.250000 0.000002 0.000000 0.000000 0.000000 0.000000
    20 -13.601563 -14.679688 84.437500 -1.655486 0.445706 -2.888000
    21 10.992188 -2.070313 1.356445 -1.940749 -0.170989 2.830772
    22 32.968750 -14.375000 74.875000 -3.141593 0.000000 3.141593
    23 0.000000 0.207031 0.009140 0.000000 0.000000 0.000000
    24 -6.250000 -0.000002 0.000004 0.000000 0.000000 0.000000
    25 13.601563 -14.679688 84.437500 -0.057762 0.445706 -0.253592
    26 11.039063 -2.759766 2.041016 -0.263153 -0.211575 0.098239
    27 8.476563 9.398438 15.687500 -1.178097 0.000000 0.000000
    28 -9.953125 3.416016 -54.781250 0.000000 0.000000 0.000000
    29 19.640625 -0.436035 0.000000 0.000000 0.000000 0.000000
    30 -8.015625 0.036713 0.530762 1.570796 0.000000 1.570796
  time 14
    0 -33.687500 -0.000004 32.312500 1.570792 0.002895 1.567901
    1 -25.390625 9.476563 -60.000000 0.007332 -0.264982 -1.495667
    2 -25.500000 6.121094 74.562500 0.268790 0.005622 -3.065400
    3 -4.093750 -12.898438 -54.187500 -3.141593 0.000000 -3.141593
    4 36.093750 0.139771 -0.183838 -3.141593 0.000000 3.141593
    5 19.640625 0.445557 -0.155884 -3.110697 -0.265014 1.495667
    6 0.015686 -10.796875 66.625000 0.000000 0.000000 0.000000
    7 25.500000 6.121094 74.562500 2.876375 -0.019554 -0.071299
    8 4.093750 -12.898438 -54.187500 0.000000 0.000000 0.000000
    9 36.093750 0.139771 0.183838 -3.141593 0.000000 -3.141593
    10 19.562500 0.449951 0.159302 -0.024235 0.265132 1.494182
    11 25.343750 9.476563 -60.000000 0.007113 -0.265133 -1.647399
    12 6.499838 51.393468 48.827932 2.042653 0.377967 -2.196852
    13 -16.015625 9.289063 50.312500 0.000000 0.000000 0.000000
    14 0.019745 5.535156 -0.213135 0.000000 -1.570796 -1.570796
    15 0.000002 0.000002 0.000000 0.000000 0.000000 0.000000
    16 5.378906 8.585938 27.375000 -1.230457 0.000000 0.000000
    17 -32.968750 -14.375000 74.875000 0.000000 0.000000 0.000000
    18 -0.000004 0.207031 -0.009148 0.000000 0.000000 0.000000
    19 -6.250000 0.000002 0.000000 0.000000 0.000000 0.000000
    20 -13.601563 -14.679688 84.437500 -1.655486 0.445706 -2.888000
    21 10.992188 -2.070313 1.356445 -1.940749 -0.170989 2.830772
    22 32.968750 -14.375000 74.875000 -3.141593 0.000000 3.141593
    23 0.000000 0.207031 0.009140 0.000000 0.000000 0.000000
    24 -6.250000 -0.000002 0.000004 0.000000 0.000000 0.000000
    25 13.601563 -14.679688 84.437500 -0.057762 0.445706 -0.253592
    26 11.039063 -2.759766 2.041016 -0.263153 -0.211575 0.098239
    27 8.476563 9.398438 15.687500 -1.178097 0.000000 0.000000
    28 -9.953125 3.416016 -54.781250 0.000000 0.000000 0.000000
    29 19.640625 -0.436035 0.000000 0.000000 0.000000 0.000000
    30 -8.015625 0.036713 0.530762 1.570796 0.000000 1.570796
  time 15
    0 -33.687500 -0.000004 32.312500 1.570792 0.002895 1.567901
    1 -25.390625 9.476563 -60.000000 0.007332 -0.264982 -1.495667
    2 -25.500000 6.121094 74.562500 0.268790 0.005622 -3.065400
    3 -4.093750 -12.898438 -54.187500 -3.141593 0.000000 -3.141593
    4 36.093750 0.139771 -0.183838 -3.141593 0.000000 3.141593
    5 19.640625 0.445557 -0.155884 -3.110697 -0.265014 1.495667
    6 0.015686 -10.796875 66.625000 0.000000 0.000000 0.000000
    7 25.500000 6.121094 74.562500 2.876375 -0.019554 -0.071299
    8 4.093750 -12.898438 -54.187500 0.000000 0.000000 0.000000
    9 36.093750 0.139771 0.183838 -3.141593 0.000000 -3.141593
    10 19.562500 0.449951 0.159302 -0.024235 0.265132 1.494182
    11 25.343750 9.476563 -60.000000 0.007113 -0.265133 -1.647399
    12 6.628748 50.088741 45.671586 1.965952 0.316071 -2.211137
    13 -16.015625 9.289063 50.312500 0.000000 0.000000 0.000000
    14 0.019745 5.535156 -0.213135 0.000000 -1.570796 -1.570796
    15 0.000002 0.000002 0.000000 0.000000 0.000000 0.000000
    16 5.378906 8.585938 27.375000 -1.230457 0.000000 0.000000
    17 -32.968750 -14.375000 74.875000 0.000000 0.000000 0.000000
    18 -0.000004 0.207031 -0.009148 0.000000 0.000000 0.000000
    19 -6.250000 0.000002 0.000000 0.000000 0.000000 0.000000
    20 -13.601563 -14.679688 84.437500 -1.655486 0.445706 -2.888000
    21 10.992188 -2.070313 1.356445 -1.940749 -0.170989 2.830772
    22 32.968750 -14.375000 74.875000 -3.141593 0.000000 3.141593
    23 0.000000 0.207031 0.009140 0.000000 0.000000 0.000000
    24 -6.250000 -0.000002 0.000004 0.000000 0.000000 0.000000
    25 13.601563 -14.679688 84.437500 -0.057762 0.445706 -0.253592
    26 11.039063 -2.759766 2.041016 -0.263153 -0.211575 0.098239
    27 8.476563 9.398438 15.687500 -1.178097 0.000000 0.000000
    28 -9.953125 3.416016 -54.781250 0.000000 0.000000 0.000000
    29 19.640625 -0.436035 0.000000 0.000000 0.000000 0.000000
    30 -8.015625 0.036713 0.530762 1.570796 0.000000 1.570796
  time 16
    0 -33.687500 -0.000004 32.312500 1.570792 0.002895 1.567901
    1 -25.390625 9.476563 -60.000000 0.007332 -0.264982 -1.495667
    2 -25.500000 6.121094 74.562500 0.268790 0.005622 -3.065400
    3 -4.093750 -12.898438 -54.187500 -3.141593 0.000000 -3.141593
    4 36.093750 0.139771 -0.183838 -3.141593 0.000000 3.141593
    5 19.640625 0.445557 -0.155884 -3.110697 -0.265014 1.495667
    6 0.015686 -10.796875 66.625000 0.000000 0.000000 0.000000
    7 25.500000 6.121094 74.562500 2.876375 -0.019554 -0.071299
    8 4.093750 -12.898438 -54.187500 0.000000 0.000000 0.000000
    9 36.093750 0.139771 0.183838 -3.141593 0.000000 -3.141593
    10 19.562500 0.449951 0.159302 -0.024235 0.265132 1.494182
    11 25.343750 9.476563 -60.000000 0.007113 -0.265133 -1.647399
    12 6.757658 48.643384 42.519146 1.892894 0.257583 -2.222834
    13 -16.015625 9.289063 50.312500 0.000000 0.000000 0.000000
    14 0.019745 5.535156 -0.213135 0.000000 -1.570796 -1.570796
    15 0.000002 0.000002 0.000000 0.000000 0.000000 0.000000
    16 5.378906 8.585938 27.375000 -1.230457 0.000000 0.000000
    17 -32.968750 -14.375000 74.875000 0.000000 0.000000 0.000000
    18 -0.000004 0.207031 -0.009148 0.000000 0.000000 0.000000
    19 -6.250000 0.000002 0.000000 0.000000 0.000000 0.000000
    20 -13.601563 -14.679688 84.437500 -1.655486 0.445706 -2.888000
    21 10.992188 -2.070313 1.356445 -1.940749 -0.170989 2.830772
    22 32.968750 -14.375000 74.875000 -3.141593 0.000000 3.141593
    23 0.000000 0.207031 0.009140 0.000000 0.000000 0.000000
    24 -6.250000 -0.000002 0.000004 0.000000 0.000000 0.000000
    25 13.601563 -14.679688 84.437500 -0.057762 0.445706 -0.253592
    26 11.039063 -2.759766 2.041016 -0.263153 -0.211575 0.098239
    27 8.476563 9.398438 15.687500 -1.178097 0.000000 0.000000
    28 -9.953125 3.416016 -54.781250 0.000000 0.000000 0.000000
    29 19.640625 -0.436035 0.000000 0.000000 0.000000 0.000000
    30 -8.015625 0.036713 0.530762 1.570796 0.000000 1.570796
  time 17
    0 -33.687500 -0.000004 32.312500 1.570792 0.002895 1.567901
    1 -25.390625 9.476563 -60.000000 0.007332 -0.264982 -1.495667
    2 -25.500000 6.121094 74.562500 0.268790 0.005622 -3.065400
    3 -4.093750 -12.898438 -54.187500 -3.141593 0.000000 -3.141593
    4 36.093750 0.139771 -0.183838 -3.141593 0.000000 3.141593
    5 19.640625 0.445557 -0.155884 -3.110697 -0.265014 1.495667
    6 0.015686 -10.796875 66.625000 0.000000 0.000000 0.000000
    7 25.500000 6.121094 74.562500 2.876375 -0.019554 -0.071299
    8 4.093750 -12.898438 -54.187500 0.000000 0.000000 0.000000
    9 36.093750 0.139771 0.183838 -3.141593 0.000000 -3.141593
    10 19.562500 0.449951 0.159302 -0.024235 0.265132 1.494182
    11 25.343750 9.476563 -60.000000 0.007113 -0.265133 -1.647399
    12 6.886569 47.096462 39.394051 1.823959 0.203124 -2.232996
    13 -16.015625 9.289063 50.312500 0.000000 0.000000 0.000000
    14 0.019745 5.535156 -0.213135 0.000000 -1.570796 -1.570796
    15 0.000002 0.000002 0.000000 0.000000 0.000000 0.000000
    16 5.378906 8.585938 27.375000 -1.230457 0.000000 0.000000
    17 -32.968750 -14.375000 74.875000 0.000000 0.000000 0.000000
    18 -0.000004 0.207031 -0.009148 0.000000 0.000000 0.000000
    19 -6.250000 0.000002 0.000000 0.000000 0.000000 0.000000
    20 -13.601563 -14.679688 84.437500 -1.655486 0.445706 -2.888000
    21 10.992188 -2.070313 1.356445 -1.940749 -0.170989 2.830772
    22 32.968750 -14.375000 74.875000 -3.141593 0.000000 3.141593
    23 0.000000 0.207031 0.009140 0.000000 0.000000 0.000000
    24 -6.250000 -0.000002 0.000004 0.000000 0.000000 0.000000
    25 13.601563 -14.679688 84.437500 -0.057762 0.445706 -0.253592
    26 11.039063 -2.759766 2.041016 -0.263153 -0.211575 0.098239
    27 8.476563 9.398438 15.687500 -1.178097 0.000000 0.000000
    28 -9.953125 3.416016 -54.781250 0.000000 0.000000 0.000000
    29 19.640625 -0.436035 0.000000 0.000000 0.000000 0.000000
    30 -8.015625 0.036713 0.530762 1.570796 0.000000 1.570796
  time 18
    0 -33.687500 -0.000004 32.312500 1.570792 0.002895 1.567901
    1 -25.390625 9.476563 -60.000000 0.007332 -0.264982 -1.495667
    2 -25.500000 6.121094 74.562500 0.268790 0.005622 -3.065400
    3 -4.093750 -12.898438 -54.187500 -3.141593 0.000000 -3.141593
    4 36.093750 0.139771 -0.183838 -3.141593 0.000000 3.141593
    5 19.640625 0.445557 -0.155884 -3.110697 -0.265014 1.495667
    6 0.015686 -10.796875 66.625000 0.000000 0.000000 0.000000
    7 25.500000 6.121094 74.562500 2.876375 -0.019554 -0.071299
    8 4.093750 -12.898438 -54.187500 0.000000 0.000000 0.000000
    9 36.093750 0.139771 0.183838 -3.141593 0.000000 -3.141593
    10 19.562500 0.449951 0.159302 -0.024235 0.265132 1.494182
    11 25.343750 9.476563 -60.000000 0.007113 -0.265133 -1.647399
    12 7.011572 45.471412 36.327551 1.760009 0.153003 -2.243063
    13 -16.015625 9.289063 50.312500 0.000000 0.000000 0.000000
    14 0.019745 5.535156 -0.213135 0.000000 -1.570796 -1.570796
    15 0.000002 0.000002 0.000000 0.000000 0.000000 0.000000
    16 5.378906 8.585938 27.375000 -1.230457 0.000000 0.000000
    17 -32.968750 -14.375000 74.875000 0.000000 0.000000 0.000000
    18 -0.000004 0.207031 -0.009148 0.000000 0.000000 0.000000
    19 -6.250000 0.000002 0.000000 0.000000 0.000000 0.000000
    20 -13.601563 -14.679688 84.437500 -1.655486 0.445706 -2.888000
    21 10.992188 -2.070313 1.356445 -1.940749 -0.170989 2.830772
    22 32.968750 -14.375000 74.875000 -3.141593 0.000000 3.141593
    23 0.000000 0.207031 0.009140 0.000000 0.000000 0.000000
    24 -6.250000 -0.000002 0.000004 0.000000 0.000000 0.000000
    25 13.601563 -14.679688 84.437500 -0.057762 0.445706 -0.253592
    26 11.039063 -2.759766 2.041016 -0.263153 -0.211575 0.098239
    27 8.476563 9.398438 15.687500 -1.178097 0.000000 0.000000
    28 -9.953125 3.416016 -54.781250 0.000000 0.000000 0.000000
    29 19.640625 -0.436035 0.000000 0.000000 0.000000 0.000000
    30 -8.015625 0.036713 0.530762 1.570796 0.000000 1.570796
  time 19
    0 -33.687500 -0.000004 32.312500 1.570792 0.002895 1.567901
    1 -25.390625 9.476563 -60.000000 0.007332 -0.264982 -1.495667
    2 -25.500000 6.121094 74.562500 0.268790 0.005622 -3.065400
    3 -4.093750 -12.898438 -54.187500 -3.141593 0.000000 -3.141593
    4 36.093750 0.139771 -0.183838 -3.141593 0.000000 3.141593
    5 19.640625 0.445557 -0.155884 -3.110697 -0.265014 1.495667
    6 0.015686 -10.796875 66.625000 0.000000 0.000000 0.000000
    7 25.500000 6.121094 74.562500 2.876375 -0.019554 -0.071299
    8 4.093750 -12.898438 -54.187500 0.000000 0.000000 0.000000
    9 36.093750 0.139771 0.183838 -3.141593 0.000000 -3.141593
    10 19.562500 0.449951 0.159302 -0.024235 0.265132 1.494182
    11 25.343750 9.476563 -60.000000 0.007113 -0.265133 -1.647399
    12 7.128764 43.815112 33.343085 1.701716 0.107452 -2.254185
    13 -16.015625 9.289063 50.312500 0.000000 0.000000 0.000000
    14 0.019745 5.535156 -0.213135 0.000000 -1.570796 -1.570796
    15 0.000002 0.000002 0.000000 0.000000 0.000000 0.000000
    16 5.378906 8.585938 27.375000 -1.230457 0.000000 0.000000
    17 -32.968750 -14.375000 74.875000 0.000000 0.000000 0.000000
    18 -0.000004 0.207031 -0.009148 0.000000 0.000000 0.000000
    19 -6.250000 0.000002 0.000000 0.000000 0.000000 0.000000
    20 -13.601563 -14.679688 84.437500 -1.655486 0.445706 -2.888000
    21 10.992188 -2.070313 1.356445 -1.940749 -0.170989 2.830772
    22 32.968750 -14.375000 74.875000 -3.141593 0.000000 3.141593
    23 0.000000 0.207031 0.009140 0.000000 0.000000 0.000000
    24 -6.250000 -0.000002 0.000004 0.000000 0.000000 0.000000
    25 13.601563 -14.679688 84.437500 -0.057762 0.445706 -0.253592
    26 11.039063 -2.759766 2.041016 -0.263153 -0.211575 0.098239
    27 8.476563 9.398438 15.687500 -1.178097 0.000000 0.000000
    28 -9.953125 3.416016 -54.781250 0.000000 0.000000 0.000000
    29 19.640625 -0.436035 0.000000 0.000000 0.000000 0.000000
    30 -8.015625 0.036713 0.530762 1.570796 0.000000 1.570796
  time 20
    0 -33.687500 -0.000004 32.312500 1.570792 0.002895 1.567901
    1 -25.390625 9.476563 -60.000000 0.007332 -0.264982 -1.495667
    2 -25.500000 6.121094 74.562500 0.268790 0.005622 -3.065400
    3 -4.093750 -12.898438 -54.187500 -3.141593 0.000000 -3.141593
    4 36.093750 0.139771 -0.183838 -3.141593 0.000000 3.141593
    5 19.640625 0.445557 -0.155884 -3.110697 -0.265014 1.495667
    6 0.015686 -10.796875 66.625000 0.000000 0.000000 0.000000
    7 25.500000 6.121094 74.562500 2.876375 -0.019554 -0.071299
    8 4.093750 -12.898438 -54.187500 0.000000 0.000000 0.000000
    9 36.093750 0.139771 0.183838 -3.141593 0.000000 -3.141593
    10 19.562500 0.449951 0.159302 -0.024235 0.265132 1.494182
    11 25.343750 9.476563 -60.000000 0.007113 -0.265133 -1.647399
    12 7.249861 42.178343 30.475810 1.650038 0.066550 -2.267703
    13 -16.015625 9.289063 50.312500 0.000000 0.000000 0.000000
    14 0.019745 5.535156 -0.213135 0.000000 -1.570796 -1.570796
    15 0.000002 0.000002 0.000000 0.000000 0.000000 0.000000
    16 5.378906 8.585938 27.375000 -1.230457 0.000000 0.000000
    17 -32.968750 -14.375000 74.875000 0.000000 0.000000 0.000000
    18 -0.000004 0.207031 -0.009148 0.000000 0.000000 0.000000
    19 -6.250000 0.000002 0.000000 0.000000 0.000000 0.000000
    20 -13.601563 -14.679688 84.437500 -1.655486 0.445706 -2.888000
    21 10.992188 -2.070313 1.356445 -1.940749 -0.170989 2.830772
    22 32.968750 -14.375000 74.875000 -3.141593 0.000000 3.141593
    23 0.000000 0.207031 0.009140 0.000000 0.000000 0.000000
    24 -6.250000 -0.000002 0.000004 0.000000 0.000000 0.000000
    25 13.601563 -14.679688 84.437500 -0.057762 0.445706 -0.253592
    26 11.039063 -2.759766 2.041016 -0.263153 -0.211575 0.098239
    27 8.476563 9.398438 15.687500 -1.178097 0.000000 0.000000
    28 -9.953125 3.416016 -54.781250 0.000000 0.000000 0.000000
    29 19.640625 -0.436035 0.000000 0.000000 0.000000 0.000000
    30 -8.015625 0.036713 0.530762 1.570796 0.000000 1.570796
  time 21
    0 -33.687500 -0.000004 32.312500 1.570792 0.002895 1.567901
    1 -25.390625 9.476563 -60.000000 0.007332 -0.264982 -1.495667
    2 -25.500000 6.121094 74.562500 0.268790 0.005622 -3.065400
    3 -4.093750 -12.898438 -54.187500 -3.141593 0.000000 -3.141593
    4 36.093750 0.139771 -0.183838 -3.141593 0.000000 3.141593
    5 19.640625 0.445557 -0.155884 -3.110697 -0.265014 1.495667
    6 0.015686 -10.796875 66.625000 0.000000 0.000000 0.000000
    7 25.500000 6.121094 74.562500 2.876375 -0.019554 -0.071299
    8 4.093750 -12.898438 -54.187500 0.000000 0.000000 0.000000
    9 36.093750 0.139771 0.183838 -3.141593 0.000000 -3.141593
    10 19.562500 0.449951 0.159302 -0.024235 0.265132 1.494182
    11 25.343750 9.476563 -60.000000 0.007113 -0.265133 -1.647399
    12 7.359239 40.600170 27.753070 1.601045 0.026189 -2.283810
    13 -16.015625 9.289063 50.312500 0.000000 0.000000 0.000000
    14 0.019745 5.535156 -0.213135 0.000000 -1.570796 -1.570796
    15 0.000002 0.000002 0.000000 0.000000 0.000000 0.000000
    16 5.378906 8.585938 27.375000 -1.230457 0.000000 0.000000
    17 -32.968750 -14.375000 74.875000 0.000000 0.000000 0.000000
    18 -0.000004 0.207031 -0.009148 0.000000 0.000000 0.000000
    19 -6.250000 0.000002 0.000000 0.000000 0.000000 0.000000
    20 -13.601563 -14.679688 84.437500 -1.655486 0.445706 -2.888000
    21 10.992188 -2.070313 1.356445 -1.940749 -0.170989 2.830772
    22 32.968750 -14.375000 74.875000 -3.141593 0.000000 3.141593
    23 0.000000 0.207031 0.009140 0.000000 0.000000 0.000000
    24 -6.250000 -0.000002 0.000004 0.000000 0.000000 0.000000
    25 13.601563 -14.679688 84.437500 -0.057762 0.445706 -0.253592
    26 11.039063 -2.759766 2.041016 -0.263153 -0.211575 0.098239
    27 8.476563 9.398438 15.687500 -1.178097 0.000000 0.000000
    28 -9.953125 3.416016 -54.781250 0.000000 0.000000 0.000000
    29 19.640625 -0.436035 0.000000 0.000000 0.000000 0.000000
    30 -8.015625 0.036713 0.530762 1.570796 0.000000 1.570796
  time 22
    0 -33.687500 -0.000004 32.312500 1.570792 0.002895 1.567901
    1 -25.390625 9.476563 -60.000000 0.007332 -0.264982 -1.495667
    2 -25.500000 6.121094 74.562500 0.268790 0.005622 -3.065400
    3 -4.093750 -12.898438 -54.187500 -3.141593 0.000000 -3.141593
    4 36.093750 0.139771 -0.183838 -3.141593 0.000000 3.141593
    5 19.640625 0.445557 -0.155884 -3.110697 -0.265014 1.495667
    6 0.015686 -10.796875 66.625000 0.000000 0.000000 0.000000
    7 25.500000 6.121094 74.562500 2.876375 -0.019554 -0.071299
    8 4.093750 -12.898438 -54.187500 0.000000 0.000000 0.000000
    9 36.093750 0.139771 0.183838 -3.141593 0.000000 -3.141593
    10 19.562500 0.449951 0.159302 -0.024235 0.265132 1.494182
    11 25.343750 9.476563 -60.000000 0.007113 -0.265133 -1.647399
    12 7.464711 39.131375 25.194399 1.550806 -0.017967 -2.301930
    13 -16.015625 9.289063 50.312500 0.000000 0.000000 0.000000
    14 0.019745 5.535156 -0.213135 0.000000 -1.570796 -1.570796
    15 0.000002 0.000002 0.000000 0.000000 0.000000 0.000000
    16 5.378906 8.585938 27.375000 -1.230457 0.000000 0.000000
    17 -32.968750 -14.375000 74.875000 0.000000 0.000000 0.000000
    18 -0.000004 0.207031 -0.009148 0.000000 0.000000 0.000000
    19 -6.250000 0.000002 0.000000 0.000000 0.000000 0.000000
    20 -13.601563 -14.679688 84.437500 -1.655486 0.445706 -2.888000
    21 10.992188 -2.070313 1.356445 -1.940749 -0.170989 2.830772
    22 32.968750 -14.375000 74.875000 -3.141593 0.000000 3.141593
    23 0.000000 0.207031 0.009140 0.000000 0.000000 0.000000
    24 -6.250000 -0.000002 0.000004 0.000000 0.000000 0.000000
    25 13.601563 -14.679688 84.437500 -0.057762 0.445706 -0.253592
    26 11.039063 -2.759766 2.041016 -0.263153 -0.211575 0.098239
    27 8.476563 9.398438 15.687500 -1.178097 0.000000 0.000000
    28 -9.953125 3.416016 -54.781250 0.000000 0.000000 0.000000
    29 19.640625 -0.436035 0.000000 0.000000 0.000000 0.000000
    30 -8.015625 0.036713 0.530762 1.570796 0.000000 1.570796
  time 23
    0 -33.687500 -0.000004 32.312500 1.570792 0.002895 1.567901
    1 -25.390625 9.476563 -60.000000 0.007332 -0.264982 -1.495667
    2 -25.500000 6.121094 74.562500 0.268790 0.005622 -3.065400
    3 -4.093750 -12.898438 -54.187500 -3.141593 0.000000 -3.141593
    4 36.093750 0.139771 -0.183838 -3.141593 0.000000 3.141593
    5 19.640625 0.445557 -0.155884 -3.110697 -0.265014 1.495667
    6 0.015686 -10.796875 66.625000 0.000000 0.000000 0.000000
    7 25.500000 6.121094 74.562500 2.876375 -0.019554 -0.071299
    8 4.093750 -12.898438 -54.187500 0.000000 0.000000 0.000000
    9 36.093750 0.139771 0.183838 -3.141593 0.000000 -3.141593
    10 19.562500 0.449951 0.159302 -0.024235 0.265132 1.494182
    11 25.343750 9.476563 -60.000000 0.007113 -0.265133 -1.647399
    12 7.562371 37.795397 22.838858 1.499895 -0.066307 -2.321680
    13 -16.015625 9.289063 50.312500 0.000000 0.000000 0.000000
    14 0.019745 5.535156 -0.213135 0.000000 -1.570796 -1.570796
    15 0.000002 0.000002 0.000000 0.000000 0.000000 0.000000
    16 5.378906 8.585938 27.375000 -1.230457 0.000000 0.000000
    17 -32.968750 -14.375000 74.875000 0.000000 0.000000 0.000000
    18 -0.000004 0.207031 -0.009148 0.000000 0.000000 0.000000
    19 -6.250000 0.000002 0.000000 0.000000 0.000000 0.000000
    20 -13.601563 -14.679688 84.437500 -1.655486 0.445706 -2.888000
    21 10.992188 -2.070313 1.356445 -1.940749 -0.170989 2.830772
    22 32.968750 -14.375000 74.875000 -3.141593 0.000000 3.141593
    23 0.000000 0.207031 0.009140 0.000000 0.000000 0.000000
    24 -6.250000 -0.000002 0.000004 0.000000 0.000000 0.000000
    25 13.601563 -14.679688 84.437500 -0.057762 0.445706 -0.253592
    26 11.039063 -2.759766 2.041016 -0.263153 -0.211575 0.098239
    27 8.476563 9.398438 15.687500 -1.178097 0.000000 0.000000
    28 -9.953125 3.416016 -54.781250 0.000000 0.000000 0.000000
    29 19.640625 -0.436035 0.000000 0.000000 0.000000 0.000000
    30 -8.015625 0.036713 0.530762 1.570796 0.000000 1.570796
  time 24
    0 -33.687500 -0.000004 32.312500 1.570792 0.002895 1.567901
    1 -25.390625 9.476563 -60.000000 0.007332 -0.264982 -1.495667
    2 -25.500000 6.121094 74.562500 0.268790 0.005622 -3.065400
    3 -4.093750 -12.898438 -54.187500 -3.141593 0.000000 -3.141593
    4 36.093750 0.139771 -0.183838 -3.141593 0.000000 3.141593
    5 19.640625 0.445557 -0.155884 -3.110697 -0.265014 1.495667
    6 0.015686 -10.796875 66.625000 0.000000 0.000000 0.000000
    7 25.500000 6.121094 74.562500 2.876375 -0.019554 -0.071299
    8 4.093750 -12.898438 -54.187500 0.000000 0.000000 0.000000
    9 36.093750 0.139771 0.183838 -3.141593 0.000000 -3.141593
    10 19.562500 0.449951 0.159302 -0.024235 0.265132 1.494182
    11 25.343750 9.476563 -60.000000 0.007113 -0.265133 -1.647399
    12 7.648311 36.611767 20.705980 1.449177 -0.119217 -2.342484
    13 -16.015625 9.289063 50.312500 0.000000 0.000000 0.000000
    14 0.019745 5.535156 -0.213135 0.000000 -1.570796 -1.570796
    15 0.000002 0.000002 0.000000 0.000000 0.000000 0.000000
    16 5.378906 8.585938 27.375000 -1.230457 0.000000 0.000000
    17 -32.968750 -14.375000 74.875000 0.000000 0.000000 0.000000
    18 -0.000004 0.207031 -0.009148 0.000000 0.000000 0.000000
    19 -6.250000 0.000002 0.000000 0.000000 0.000000 0.000000
    20 -13.601563 -14.679688 84.437500 -1.655486 0.445706 -2.888000
    21 10.992188 -2.070313 1.356445 -1.940749 -0.170989 2.830772
    22 32.968750 -14.375000 74.875000 -3.141593 0.000000 3.141593
    23 0.000000 0.207031 0.009140 0.000000 0.000000 0.000000
    24 -6.250000 -0.000002 0.000004 0.000000 0.000000 0.000000
    25 13.601563 -14.679688 84.437500 -0.057762 0.445706 -0.253592
    26 11.039063 -2.759766 2.041016 -0.263153 -0.211575 0.098239
    27 8.476563 9.398438 15.687500 -1.178097 0.000000 0.000000
    28 -9.953125 3.416016 -54.781250 0.000000 0.000000 0.000000
    29 19.640625 -0.436035 0.000000 0.000000 0.000000 0.000000
    30 -8.015625 0.036713 0.530762 1.570796 0.000000 1.570796
  time 25
    0 -33.687500 -0.000004 32.312500 1.570792 0.002895 1.567901
    1 -25.390625 9.476563 -60.000000 0.007332 -0.264982 -1.495667
    2 -25.500000 6.121094 74.562500 0.268790 0.005622 -3.065400
    3 -4.093750 -12.898438 -54.187500 -3.141593 0.000000 -3.141593
    4 36.093750 0.139771 -0.183838 -3.141593 0.000000 3.141593
    5 19.640625 0.445557 -0.155884 -3.110697 -0.265014 1.495667
    6 0.015686 -10.796875 66.625000 0.000000 0.000000 0.000000
    7 25.500000 6.121094 74.562500 2.876375 -0.019554 -0.071299
    8 4.093750 -12.898438 -54.187500 0.000000 0.000000 0.000000
    9 36.093750 0.139771 0.183838 -3.141593 0.000000 -3.141593
    10 19.562500 0.449951 0.159302 -0.024235 0.265132 1.494182
    11 25.343750 9.476563 -60.000000 0.007113 -0.265133 -1.647399
    12 7.722532 35.596111 18.830923 1.399129 -0.176930 -2.363768
    13 -16.015625 9.289063 50.312500 0.000000 0.000000 0.000000
    14 0.019745 5.535156 -0.213135 0.000000 -1.570796 -1.570796
    15 0.000002 0.000002 0.000000 0.000000 0.000000 0.000000
    16 5.378906 8.585938 27.375000 -1.230457 0.000000 0.000000
    17 -32.968750 -14.375000 74.875000 0.000000 0.000000 0.000000
    18 -0.000004 0.207031 -0.009148 0.000000 0.000000 0.000000
    19 -6.250000 0.000002 0.000000 0.000000 0.000000 0.000000
    20 -13.601563 -14.679688 84.437500 -1.655486 0.445706 -2.888000
    21 10.992188 -2.070313 1.356445 -1.940749 -0.170989 2.830772
    22 32.968750 -14.375000 74.875000 -3.141593 0.000000 3.141593
    23 0.000000 0.207031 0.009140 0.000000 0.000000 0.000000
    24 -6.250000 -0.000002 0.000004 0.000000 0.000000 0.000000
    25 13.601563 -14.679688 84.437500 -0.057762 0.445706 -0.253592
    26 11.039063 -2.759766 2.041016 -0.263153 -0.211575 0.098239
    27 8.476563 9.398438 15.687500 -1.178097 0.000000 0.000000
    28 -9.953125 3.416016 -54.781250 0.000000 0.000000 0.000000
    29 19.640625 -0.436035 0.000000 0.000000 0.000000 0.000000
    30 -8.015625 0.036713 0.530762 1.570796 0.000000 1.570796
  time 26
    0 -33.687500 -0.000004 32.312500 1.570792 0.002895 1.567901
    1 -25.390625 9.476563 -60.000000 0.007332 -0.264982 -1.495667
    2 -25.500000 6.121094 74.562500 0.268790 0.005622 -3.065400
    3 -4.093750 -12.898438 -54.187500 -3.141593 0.000000 -3.141593
    4 36.093750 0.139771 -0.183838 -3.141593 0.000000 3.141593
    5 19.640625 0.445557 -0.155884 -3.110697 -0.265014 1.495667
    6 0.015686 -10.796875 66.625000 0.000000 0.000000 0.000000
    7 25.500000 6.121094 74.562500 2.876375 -0.019554 -0.071299
    8 4.093750 -12.898438 -54.187500 0.000000 0.000000 0.000000
    9 36.093750 0.139771 0.183838 -3.141593 0.000000 -3.141593
    10 19.562500 0.449951 0.159302 -0.024235 0.265132 1.494182
    11 25.343750 9.476563 -60.000000 0.007113 -0.265133 -1.647399
    12 7.796753 34.666395 17.092589 1.350519 -0.239523 -2.385052
    13 -16.015625 9.289063 50.312500 0.000000 0.000000 0.000000
    14 0.019745 5.535156 -0.213135 0.000000 -1.570796 -1.570796
    15 0.000002 0.000002 0.000000 0.000000 0.000000 0.000000
    16 5.378906 8.585938 27.375000 -1.230457 0.000000 0.000000
    17 -32.968750 -14.375000 74.875000 0.000000 0.000000 0.000000
    18 -0.000004 0.207031 -0.009148 0.000000 0.000000 0.000000
    19 -6.250000 0.000002 0.000000 0.000000 0.000000 0.000000
    20 -13.601563 -14.679688 84.437500 -1.655486 0.445706 -2.888000
    21 10.992188 -2.070313 1.356445 -1.940749 -0.170989 2.830772
    22 32.968750 -14.375000 74.875000 -3.141593 0.000000 3.141593
    23 0.000000 0.207031 0.009140 0.000000 0.000000 0.000000
    24 -6.250000 -0.000002 0.000004 0.000000 0.000000 0.000000
    25 13.601563 -14.679688 84.437500 -0.057762 0.445706 -0.253592
    26 11.039063 -2.759766 2.041016 -0.263153 -0.211575 0.098239
    27 8.476563 9.398438 15.687500 -1.178097 0.000000 0.000000
    28 -9.953125 3.416016 -54.781250 0.000000 0.000000 0.000000
    29 19.640625 -0.436035 0.000000 0.000000 0.000000 0.000000
    30 -8.015625 0.036713 0.530762 1.570796 0.000000 1.570796
  time 27
    0 -33.687500 -0.000004 32.312500 1.570792 0.002895 1.567901
    1 -25.390625 9.476563 -60.000000 0.007332 -0.264982 -1.495667
    2 -25.500000 6.121094 74.562500 0.268790 0.005622 -3.065400
    3 -4.093750 -12.898438 -54.187500 -3.141593 0.000000 -3.141593
    4 36.093750 0.139771 -0.183838 -3.141593 0.000000 3.141593
    5 19.640625 0.445557 -0.155884 -3.110697 -0.265014 1.495667
    6 0.015686 -10.796875 66.625000 0.000000 0.000000 0.000000
    7 25.500000 6.121094 74.562500 2.876375 -0.019554 -0.071299
    8 4.093750 -12.898438 -54.187500 0.000000 0.000000 0.000000
    9 36.093750 0.139771 0.183838 -3.141593 0.000000 -3.141593
    10 19.562500 0.449951 0.159302 -0.024235 0.265132 1.494182
    11 25.343750 9.476563 -60.000000 0.007113 -0.265133 -1.647399
    12 7.870974 33.740586 15.362067 1.303827 -0.306920 -2.405953
    13 -16.015625 9.289063 50.312500 0.000000 0.000000 0.000000
    14 0.019745 5.535156 -0.213135 0.000000 -1.570796 -1.570796
    15 0.000002 0.000002 0.000000 0.000000 0.000000 0.000000
    16 5.378906 8.585938 27.375000 -1.230457 0.000000 0.000000
    17 -32.968750 -14.375000 74.875000 0.000000 0.000000 0.000000
    18 -0.000004 0.207031 -0.009148 0.000000 0.000000 0.000000
    19 -6.250000 0.000002 0.000000 0.000000 0.000000 0.000000
    20 -13.601563 -14.679688 84.437500 -1.655486 0.445706 -2.888000
    21 10.992188 -2.070313 1.356445 -1.940749 -0.170989 2.830772
    22 32.968750 -14.375000 74.875000 -3.141593 0.000000 3.141593
    23 0.000000 0.207031 0.009140 0.000000 0.000000 0.000000
    24 -6.250000 -0.000002 0.000004 0.000000 0.000000 0.000000
    25 13.601563 -14.679688 84.437500 -0.057762 0.445706 -0.253592
    26 11.039063 -2.759766 2.041016 -0.263153 -0.211575 0.098239
    27 8.476563 9.398438 15.687500 -1.178097 0.000000 0.000000
    28 -9.953125 3.416016 -54.781250 0.000000 0.000000 0.000000
    29 19.640625 -0.436035 0.000000 0.000000 0.000000 0.000000
    30 -8.015625 0.036713 0.530762 1.570796 0.000000 1.570796
  time 28
    0 -33.687500 -0.000004 32.312500 1.570792 0.002895 1.567901
    1 -25.390625 9.476563 -60.000000 0.007332 -0.264982 -1.495667
    2 -25.500000 6.121094 74.562500 0.268790 0.005622 -3.065400
    3 -4.093750 -12.898438 -54.187500 -3.141593 0.000000 -3.141593
    4 36.093750 0.139771 -0.183838 -3.141593 0.000000 3.141593
    5 19.640625 0.445557 -0.155884 -3.110697 -0.265014 1.495667
    6 0.015686 -10.796875 66.625000 0.000000 0.000000 0.000000
    7 25.500000 6.121094 74.562500 2.876375 -0.019554 -0.071299
    8 4.093750 -12.898438 -54.187500 0.000000 0.000000 0.000000
    9 36.093750 0.139771 0.183838 -3.141593 0.000000 -3.141593
    10 19.562500 0.449951 0.159302 -0.024235 0.265132 1.494182
    11 25.343750 9.476563 -60.000000 0.007113 -0.265133 -1.647399
    12 7.941288 32.822589 13.635452 1.259724 -0.378809 -2.425895
    13 -16.015625 9.289063 50.312500 0.000000 0.000000 0.000000
    14 0.019745 5.535156 -0.213135 0.000000 -1.570796 -1.570796
    15 0.000002 0.000002 0.000000 0.000000 0.000000 0.000000
    16 5.378906 8.585938 27.375000 -1.230457 0.000000 0.000000
    17 -32.968750 -14.375000 74.875000 0.000000 0.000000 0.000000
    18 -0.000004 0.207031 -0.009148 0.000000 0.000000 0.000000
    19 -6.250000 0.000002 0.000000 0.000000 0.000000 0.000000
    20 -13.601563 -14.679688 84.437500 -1.655486 0.445706 -2.888000
    21 10.992188 -2.070313 1.356445 -1.940749 -0.170989 2.830772
    22 32.968750 -14.375000 74.875000 -3.141593 0.000000 3.141593
    23 0.000000 0.207031 0.009140 0.000000 0.000000 0.000000
    24 -6.250000 -0.000002 0.000004 0.000000 0.000000 0.000000
    25 13.601563 -14.679688 84.437500 -0.057762 0.445706 -0.253592
    26 11.039063 -2.759766 2.041016 -0.263153 -0.211575 0.098239
    27 8.476563 9.398438 15.687500 -1.178097 0.000000 0.000000
    28 -9.953125 3.416016 -54.781250 0.000000 0.000000 0.000000
    29 19.640625 -0.436035 0.000000 0.000000 0.000000 0.000000
    30 -8.015625 0.036713 0.530762 1.570796 0.000000 1.570796
  time 29
    0 -33.687500 -0.000004 32.312500 1.570792 0.002895 1.567901
    1 -25.390625 9.476563 -60.000000 0.007332 -0.264982 -1.495667
    2 -25.500000 6.121094 74.562500 0.268790 0.005622 -3.065400
    3 -4.093750 -12.898438 -54.187500 -3.141593 0.000000 -3.141593
    4 36.093750 0.139771 -0.183838 -3.141593 0.000000 3.141593
    5 19.640625 0.445557 -0.155884 -3.110697 -0.265014 1.495667
    6 0.015686 -10.796875 66.625000 0.000000 0.000000 0.000000
    7 25.500000 6.121094 74.562500 2.876375 -0.019554 -0.071299
    8 4.093750 -12.898438 -54.187500 0.000000 0.000000 0.000000
    9 36.093750 0.139771 0.183838 -3.141593 0.000000 -3.141593
    10 19.562500 0.449951 0.159302 -0.024235 0.265132 1.494182
    11 25.343750 9.476563 -60.000000 0.007113 -0.265133 -1.647399
    12 8.011603 31.916311 11.928369 1.218401 -0.454727 -2.444590
    13 -16.015625 9.289063 50.312500 0.000000 0.000000 0.000000
    14 0.019745 5.535156 -0.213135 0.000000 -1.570796 -1.570796
    15 0.000002 0.000002 0.000000 0.000000 0.000000 0.000000
    16 5.378906 8.585938 27.375000 -1.230457 0.000000 0.000000
    17 -32.968750 -14.375000 74.875000 0.000000 0.000000 0.000000
    18 -0.000004 0.207031 -0.009148 0.000000 0.000000 0.000000
    19 -6.250000 0.000002 0.000000 0.000000 0.000000 0.000000
    20 -13.601563 -14.679688 84.437500 -1.655486 0.445706 -2.888000
    21 10.992188 -2.070313 1.356445 -1.940749 -0.170989 2.830772
    22 32.968750 -14.375000 74.875000 -3.141593 0.000000 3.141593
    23 0.000000 0.207031 0.009140 0.000000 0.000000 0.000000
    24 -6.250000 -0.000002 0.000004 0.000000 0.000000 0.000000
    25 13.601563 -14.679688 84.437500 -0.057762 0.445706 -0.253592
    26 11.039063 -2.759766 2.041016 -0.263153 -0.211575 0.098239
    27 8.476563 9.398438 15.687500 -1.178097 0.000000 0.000000
    28 -9.953125 3.416016 -54.781250 0.000000 0.000000 0.000000
    29 19.640625 -0.436035 0.000000 0.000000 0.000000 0.000000
    30 -8.015625 0.036713 0.530762 1.570796 0.000000 1.570796
  time 30
    0 -33.687500 -0.000004 32.312500 1.570792 0.002895 1.567901
    1 -25.390625 9.476563 -60.000000 0.007332 -0.264982 -1.495667
    2 -25.500000 6.121094 74.562500 0.268790 0.005622 -3.065400
    3 -4.093750 -12.898438 -54.187500 -3.141593 0.000000 -3.141593
    4 36.093750 0.139771 -0.183838 -3.141593 0.000000 3.141593
    5 19.640625 0.445557 -0.155884 -3.110697 -0.265014 1.495667
    6 0.015686 -10.796875 66.625000 0.000000 0.000000 0.000000
    7 25.500000 6.121094 74.562500 2.876375 -0.019554 -0.071299
    8 4.093750 -12.898438 -54.187500 0.000000 0.000000 0.000000
    9 36.093750 0.139771 0.183838 -3.141593 0.000000 -3.141593
    10 19.562500 0.449951 0.159302 -0.024235 0.265132 1.494182
    11 25.343750 9.476563 -60.000000 0.007113 -0.265133 -1.647399
    12 8.078011 31.021753 10.236911 1.180338 -0.534208 -2.461655
    13 -16.015625 9.289063 50.312500 0.000000 0.000000 0.000000
    14 0.019745 5.535156 -0.213135 0.000000 -1.570796 -1.570796
    15 0.000002 0.000002 0.000000 0.000000 0.000000 0.000000
    16 5.378906 8.585938 27.375000 -1.230457 0.000000 0.000000
    17 -32.968750 -14.375000 74.875000 0.000000 0.000000 0.000000
    18 -0.000004 0.207031 -0.009148 0.000000 0.000000 0.000000
    19 -6.250000 0.000002 0.000000 0.000000 0.000000 0.000000
    20 -13.601563 -14.679688 84.437500 -1.655486 0.445706 -2.888000
    21 10.992188 -2.070313 1.356445 -1.940749 -0.170989 2.830772
    22 32.968750 -14.375000 74.875000 -3.141593 0.000000 3.141593
    23 0.000000 0.207031 0.009140 0.000000 0.000000 0.000000
    24 -6.250000 -0.000002 0.000004 0.000000 0.000000 0.000000
    25 13.601563 -14.679688 84.437500 -0.057762 0.445706 -0.253592
    26 11.039063 -2.759766 2.041016 -0.263153 -0.211575 0.098239
    27 8.476563 9.398438 15.687500 -1.178097 0.000000 0.000000
    28 -9.953125 3.416016 -54.781250 0.000000 0.000000 0.000000
    29 19.640625 -0.436035 0.000000 0.000000 0.000000 0.000000
    30 -8.015625 0.036713 0.530762 1.570796 0.000000 1.570796
  time 31
    0 -33.687500 -0.000004 32.312500 1.570792 0.002895 1.567901
    1 -25.390625 9.476563 -60.000000 0.007332 -0.264982 -1.495667
    2 -25.500000 6.121094 74.562500 0.268790 0.005622 -3.065400
    3 -4.093750 -12.898438 -54.187500 -3.141593 0.000000 -3.141593
    4 36.093750 0.139771 -0.183838 -3.141593 0.000000 3.141593
    5 19.640625 0.445557 -0.155884 -3.110697 -0.265014 1.495667
    6 0.015686 -10.796875 66.625000 0.000000 0.000000 0.000000
    7 25.500000 6.121094 74.562500 2.876375 -0.019554 -0.071299
    8 4.093750 -12.898438 -54.187500 0.000000 0.000000 0.000000
    9 36.093750 0.139771 0.183838 -3.141593 0.000000 -3.141593
    10 19.562500 0.449951 0.159302 -0.024235 0.265132 1.494182
    11 25.343750 9.476563 -60.000000 0.007113 -0.265133 -1.647399
    12 8.144420 30.146726 8.572798 1.145631 -0.616323 -2.477091
    13 -16.015625 9.289063 50.312500 0.000000 0.000000 0.000000
    14 0.019745 5.535156 -0.213135 0.000000 -1.570796 -1.570796
    15 0.000002 0.000002 0.000000 0.000000 0.000000 0.000000
    16 5.378906 8.585938 27.375000 -1.230457 0.000000 0.000000
    17 -32.968750 -14.375000 74.875000 0.000000 0.000000 0.000000
    18 -0.000004 0.207031 -0.009148 0.000000 0.000000 0.000000
    19 -6.250000 0.000002 0.000000 0.000000 0.000000 0.000000
    20 -13.601563 -14.679688 84.437500 -1.655486 0.445706 -2.888000
    21 10.992188 -2.070313 1.356445 -1.940749 -0.170989 2.830772
    22 32.968750 -14.375000 74.875000 -3.141593 0.000000 3.141593
    23 0.000000 0.207031 0.009140 0.000000 0.000000 0.000000
    24 -6.250000 -0.000002 0.000004 0.000000 0.000000 0.000000
    25 13.601563 -14.679688 84.437500 -0.057762 0.445706 -0.253592
    26 11.039063 -2.759766 2.041016 -0.263153 -0.211575 0.098239
    27 8.476563 9.398438 15.687500 -1.178097 0.000000 0.000000
    28 -9.953125 3.416016 -54.781250 0.000000 0.000000 0.000000
    29 19.640625 -0.436035 0.000000 0.000000 0.000000 0.000000
    30 -8.015625 0.036713 0.530762 1.570796 0.000000 1.570796
  time 32
    0 -33.687500 -0.000004 32.312500 1.570792 0.002895 1.567901
    1 -25.390625 9.476563 -60.000000 0.007332 -0.264982 -1.495667
    2 -25.500000 6.121094 74.562500 0.268790 0.005622 -3.065400
    3 -4.093750 -12.898438 -54.187500 -3.141593 0.000000 -3.141593
    4 36.093750 0.139771 -0.183838 -3.141593 0.000000 3.141593
    5 19.640625 0.445557 -0.155884 -3.110697 -0.265014 1.495667
    6 0.015686 -10.796875 66.625000 0.000000 0.000000 0.000000
    7 25.500000 6.121094 74.562500 2.876375 -0.019554 -0.071299
    8 4.093750 -12.898438 -54.187500 0.000000 0.000000 0.000000
    9 36.093750 0.139771 0.183838 -3.141593 0.000000 -3.141593
    10 19.562500 0.449951 0.159302 -0.024235 0.265132 1.494182
    11 25.343750 9.476563 -60.000000 0.007113 -0.265133 -1.647399
    12 8.210828 29.291231 6.939935 1.114375 -0.700298 -2.490513
    13 -16.015625 9.289063 50.312500 0.000000 0.000000 0.000000
    14 0.019745 5.535156 -0.213135 0.000000 -1.570796 -1.570796
    15 0.000002 0.000002 0.000000 0.000000 0.000000 0.000000
    16 5.378906 8.585938 27.375000 -1.230457 0.000000 0.000000
    17 -32.968750 -14.375000 74.875000 0.000000 0.000000 0.000000
    18 -0.000004 0.207031 -0.009148 0.000000 0.000000 0.000000
    19 -6.250000 0.000002 0.000000 0.000000 0.000000 0.000000
    20 -13.601563 -14.679688 84.437500 -1.655486 0.445706 -2.888000
    21 10.992188 -2.070313 1.356445 -1.940749 -0.170989 2.830772
    22 32.968750 -14.375000 74.875000 -3.141593 0.000000 3.141593
    23 0.000000 0.207031 0.009140 0.000000 0.000000 0.000000
    24 -6.250000 -0.000002 0.000004 0.000000 0.000000 0.000000
    25 13.601563 -14.679688 84.437500 -0.057762 0.445706 -0.253592
    26 11.039063 -2.759766 2.041016 -0.263153 -0.211575 0.098239
    27 8.476563 9.398438 15.687500 -1.178097 0.000000 0.000000
    28 -9.953125 3.416016 -54.781250 0.000000 0.000000 0.000000
    29 19.640625 -0.436035 0.000000 0.000000 0.000000 0.000000
    30 -8.015625 0.036713 0.530762 1.570796 0.000000 1.570796
  time 33
    0 -33.687500 -0.000004 32.312500 1.570792 0.002895 1.567901
    1 -25.390625 9.476563 -60.000000 0.007332 -0.264982 -1.495667
    2 -25.500000 6.121094 74.562500 0.268790 0.005622 -3.065400
    3 -4.093750 -12.898438 -54.187500 -3.141593 0.000000 -3.141593
    4 36.093750 0.139771 -0.183838 -3.141593 0.000000 3.141593
    5 19.640625 0.445557 -0.155884 -3.110697 -0.265014 1.495667
    6 0.015686 -10.796875 66.625000 0.000000 0.000000 0.000000
    7 25.500000 6.121094 74.562500 2.876375 -0.019554 -0.071299
    8 4.093750 -12.898438 -54.187500 0.000000 0.000000 0.000000
    9 36.093750 0.139771 0.183838 -3.141593 0.000000 -3.141593
    10 19.562500 0.449951 0.159302 -0.024235 0.265132 1.494182
    11 25.343750 9.476563 -60.000000 0.007113 -0.265133 -1.647399
    12 8.277236 28.451362 5.342230 1.086667 -0.785124 -2.502018
    13 -16.015625 9.289063 50.312500 0.000000 0.000000 0.000000
    14 0.019745 5.535156 -0.213135 0.000000 -1.570796 -1.570796
    15 0.000002 0.000002 0.000000 0.000000 0.000000 0.000000
    16 5.378906 8.585938 27.375000 -1.230457 0.000000 0.000000
    17 -32.968750 -14.375000 74.875000 0.000000 0.000000 0.000000
    18 -0.000004 0.207031 -0.009148 0.000000 0.000000 0.000000
    19 -6.250000 0.000002 0.000000 0.000000 0.000000 0.000000
    20 -13.601563 -14.679688 84.437500 -1.655486 0.445706 -2.888000
    21 10.992188 -2.070313 1.356445 -1.940749 -0.170989 2.830772
    22 32.968750 -14.375000 74.875000 -3.141593 0.000000 3.141593
    23 0.000000 0.207031 0.009140 0.000000 0.000000 0.000000
    24 -6.250000 -0.000002 0.000004 0.000000 0.000000 0.000000
    25 13.601563 -14.679688 84.437500 -0.057762 0.445706 -0.253592
    26 11.039063 -2.759766 2.041016 -0.263153 -0.211575 0.098239
    27 8.476563 9.398438 15.687500 -1.178097 0.000000 0.000000
    28 -9.953125 3.416016 -54.781250 0.000000 0.000000 0.000000
    29 19.640625 -0.436035 0.000000 0.000000 0.000000 0.000000
    30 -8.015625 0.036713 0.530762 1.570796 0.000000 1.570796
  time 34
    0 -33.687500 -0.000004 32.312500 1.570792 0.002895 1.567901
    1 -25.390625 9.476563 -60.000000 0.007332 -0.264982 -1.495667
    2 -25.500000 6.121094 74.562500 0.268790 0.005622 -3.065400
    3 -4.093750 -12.898438 -54.187500 -3.141593 0.000000 -3.141593
    4 36.093750 0.139771 -0.183838 -3.141593 0.000000 3.141593
    5 19.640625 0.445557 -0.155884 -3.110697 -0.265014 1.495667
    6 0.015686 -10.796875 66.625000 0.000000 0.000000 0.000000
    7 25.500000 6.121094 74.562500 2.876375 -0.019554 -0.071299
    8 4.093750 -12.898438 -54.187500 0.000000 0.000000 0.000000
    9 36.093750 0.139771 0.183838 -3.141593 0.000000 -3.141593
    10 19.562500 0.449951 0.159302 -0.024235 0.265132 1.494182
    11 25.343750 9.476563 -60.000000 0.007113 -0.265133 -1.647399
    12 8.339738 27.638837 3.783589 1.062314 -0.869873 -2.511510
    13 -16.015625 9.289063 50.312500 0.000000 0.000000 0.000000
    14 0.019745 5.535156 -0.213135 0.000000 -1.570796 -1.570796
    15 0.000002 0.000002 0.000000 0.000000 0.000000 0.000000
    16 5.378906 8.585938 27.375000 -1.230457 0.000000 0.000000
    17 -32.968750 -14.375000 74.875000 0.000000 0.000000 0.000000
    18 -0.000004 0.207031 -0.009148 0.000000 0.000000 0.000000
    19 -6.250000 0.000002 0.000000 0.000000 0.000000 0.000000
    20 -13.601563 -14.679688 84.437500 -1.655486 0.445706 -2.888000
    21 10.992188 -2.070313 1.356445 -1.940749 -0.170989 2.830772
    22 32.968750 -14.375000 74.875000 -3.141593 0.000000 3.141593
    23 0.000000 0.207031 0.009140 0.000000 0.000000 0.000000
    24 -6.250000 -0.000002 0.000004 0.000000 0.000000 0.000000
    25 13.601563 -14.679688 84.437500 -0.057762 0.445706 -0.253592
    26 11.039063 -2.759766 2.041016 -0.263153 -0.211575 0.098239
    27 8.476563 9.398438 15.687500 -1.178097 0.000000 0.000000
    28 -9.953125 3.416016 -54.781250 0.000000 0.000000 0.000000
    29 19.640625 -0.436035 0.000000 0.000000 0.000000 0.000000
    30 -8.015625 0.036713 0.530762 1.570796 0.000000 1.570796
  time 35
    0 -33.687500 -0.000004 32.312500 1.570792 0.002895 1.567901
    1 -25.390625 9.476563 -60.000000 0.007332 -0.264982 -1.495667
    2 -25.500000 6.121094 74.562500 0.268790 0.005622 -3.065400
    3 -4.093750 -12.898438 -54.187500 -3.141593 0.000000 -3.141593
    4 36.093750 0.139771 -0.183838 -3.141593 0.000000 3.141593
    5 19.640625 0.445557 -0.155884 -3.110697 -0.265014 1.495667
    6 0.015686 -10.796875 66.625000 0.000000 0.000000 0.000000
    7 25.500000 6.121094 74.562500 2.876375 -0.019554 -0.071299
    8 4.093750 -12.898438 -54.187500 0.000000 0.000000 0.000000
    9 36.093750 0.139771 0.183838 -3.141593 0.000000 -3.141593
    10 19.562500 0.449951 0.159302 -0.024235 0.265132 1.494182
    11 25.343750 9.476563 -60.000000 0.007113 -0.265133 -1.647399
    12 8.402240 26.853657 2.275730 1.041221 -0.953460 -2.519084
    13 -16.015625 9.289063 50.312500 0.000000 0.000000 0.000000
    14 0.019745 5.535156 -0.213135 0.000000 -1.570796 -1.570796
    15 0.000002 0.000002 0.000000 0.000000 0.000000 0.000000
    16 5.378906 8.585938 27.375000 -1.230457 0.000000 0.000000
    17 -32.968750 -14.375000 74.875000 0.000000 0.000000 0.000000
    18 -0.000004 0.207031 -0.009148 0.000000 0.000000 0.000000
    19 -6.250000 0.000002 0.000000 0.000000 0.000000 0.000000
    20 -13.601563 -14.679688 84.437500 -1.655486 0.445706 -2.888000
    21 10.992188 -2.070313 1.356445 -1.940749 -0.170989 2.830772
    22 32.968750 -14.375000 74.875000 -3.141593 0.000000 3.141593
    23 0.000000 0.207031 0.009140 0.000000 0.000000 0.000000
    24 -6.250000 -0.000002 0.000004 0.000000 0.000000 0.000000
    25 13.601563 -14.679688 84.437500 -0.057762 0.445706 -0.253592
    26 11.039063 -2.759766 2.041016 -0.263153 -0.211575 0.098239
    27 8.476563 9.398438 15.687500 -1.178097 0.000000 0.000000
    28 -9.953125 3.416016 -54.781250 0.000000 0.000000 0.000000
    29 19.640625 -0.436035 0.000000 0.000000 0.000000 0.000000
    30 -8.015625 0.036713 0.530762 1.570796 0.000000 1.570796
  time 36
    0 -33.687500 -0.000004 32.312500 1.570792 0.002895 1.567901
    1 -25.390625 9.476563 -60.000000 0.007332 -0.264982 -1.495667
    2 -25.500000 6.121094 74.562500 0.268790 0.005622 -3.065400
    3 -4.093750 -12.898438 -54.187500 -3.141593 0.000000 -3.141593
    4 36.093750 0.139771 -0.183838 -3.141593 0.000000 3.141593
    5 19.640625 0.445557 -0.155884 -3.110697 -0.265014 1.495667
    6 0.015686 -10.796875 66.625000 0.000000 0.000000 0.000000
    7 25.500000 6.121094 74.562500 2.876375 -0.019554 -0.071299
    8 4.093750 -12.898438 -54.187500 0.000000 0.000000 0.000000
    9 36.093750 0.139771 0.183838 -3.141593 0.000000 -3.141593
    10 19.562500 0.449951 0.159302 -0.024235 0.265132 1.494182
    11 25.343750 9.476563 -60.000000 0.007113 -0.265133 -1.647399
    12 8.464742 26.088008 0.814748 1.023292 -1.034878 -2.524836
    13 -16.015625 9.289063 50.312500 0.000000 0.000000 0.000000
    14 0.019745 5.535156 -0.213135 0.000000 -1.570796 -1.570796
    15 0.000002 0.000002 0.000000 0.000000 0.000000 0.000000
    16 5.378906 8.585938 27.375000 -1.230457 0.000000 0.000000
    17 -32.968750 -14.375000 74.875000 0.000000 0.000000 0.000000
    18 -0.000004 0.207031 -0.009148 0.000000 0.000000 0.000000
    19 -6.250000 0.000002 0.000000 0.000000 0.000000 0.000000
    20 -13.601563 -14.679688 84.437500 -1.655486 0.445706 -2.888000
    21 10.992188 -2.070313 1.356445 -1.940749 -0.170989 2.830772
    22 32.968750 -14.375000 74.875000 -3.141593 0.000000 3.141593
    23 0.000000 0.207031 0.009140 0.000000 0.000000 0.000000
    24 -6.250000 -0.000002 0.000004 0.000000 0.000000 0.000000
    25 13.601563 -14.679688 84.437500 -0.057762 0.445706 -0.253592
    26 11.039063 -2.759766 2.041016 -0.263153 -0.211575 0.098239
    27 8.476563 9.398438 15.687500 -1.178097 0.000000 0.000000
    28 -9.953125 3.416016 -54.781250 0.000000 0.000000 0.000000
    29 19.640625 -0.436035 0.000000 0.000000 0.000000 0.000000
    30 -8.015625 0.036713 0.530762 1.570796 0.000000 1.570796
  time 37
    0 -33.687500 -0.000004 32.312500 1.570792 0.002895 1.567901
    1 -25.390625 9.476563 -60.000000 0.007332 -0.264982 -1.495667
    2 -25.500000 6.121094 74.562500 0.268790 0.005622 -3.065400
    3 -4.093750 -12.898438 -54.187500 -3.141593 0.000000 -3.141593
    4 36.093750 0.139771 -0.183838 -3.141593 0.000000 3.141593
    5 19.640625 0.445557 -0.155884 -3.110697 -0.265014 1.495667
    6 0.015686 -10.796875 66.625000 0.000000 0.000000 0.000000
    7 25.500000 6.121094 74.562500 2.876375 -0.019554 -0.071299
    8 4.093750 -12.898438 -54.187500 0.000000 0.000000 0.000000
    9 36.093750 0.139771 0.183838 -3.141593 0.000000 -3.141593
    10 19.562500 0.449951 0.159302 -0.024235 0.265132 1.494182
    11 25.343750 9.476563 -60.000000 0.007113 -0.265133 -1.647399
    12 8.519431 25.357517 -0.587638 1.008144 -1.113120 -2.528863
    13 -16.015625 9.289063 50.312500 0.000000 0.000000 0.000000
    14 0.019745 5.535156 -0.213135 0.000000 -1.570796 -1.570796
    15 0.000002 0.000002 0.000000 0.000000 0.000000 0.000000
    16 5.378906 8.585938 27.375000 -1.230457 0.000000 0.000000
    17 -32.968750 -14.375000 74.875000 0.000000 0.000000 0.000000
    18 -0.000004 0.207031 -0.009148 0.000000 0.000000 0.000000
    19 -6.250000 0.000002 0.000000 0.000000 0.000000 0.000000
    20 -13.601563 -14.679688 84.437500 -1.655486 0.445706 -2.888000
    21 10.992188 -2.070313 1.356445 -1.940749 -0.170989 2.830772
    22 32.968750 -14.375000 74.875000 -3.141593 0.000000 3.141593
    23 0.000000 0.207031 0.009140 0.000000 0.000000 0.000000
    24 -6.250000 -0.000002 0.000004 0.000000 0.000000 0.000000
    25 13.601563 -14.679688 84.437500 -0.057762 0.445706 -0.253592
    26 11.039063 -2.759766 2.041016 -0.263153 -0.211575 0.098239
    27 8.476563 9.398438 15.687500 -1.178097 0.000000 0.000000
    28 -9.953125 3.416016 -54.781250 0.000000 0.000000 0.000000
    29 19.640625 -0.436035 0.000000 0.000000 0.000000 0.000000
    30 -8.015625 0.036713 0.530762 1.570796 0.000000 1.570796
  time 38
    0 -33.687500 -0.000004 32.312500 1.570792 0.002895 1.567901
    1 -25.390625 9.476563 -60.000000 0.007332 -0.264982 -1.495667
    2 -25.500000 6.121094 74.562500 0.268790 0.005622 -3.065400
    3 -4.093750 -12.898438 -54.187500 -3.141593 0.000000 -3.141593
    4 36.093750 0.139771 -0.183838 -3.141593 0.000000 3.141593
    5 19.640625 0.445557 -0.155884 -3.110697 -0.265014 1.495667
    6 0.015686 -10.796875 66.625000 0.000000 0.000000 0.000000
    7 25.500000 6.121094 74.562500 2.876375 -0.019554 -0.071299
    8 4.093750 -12.898438 -54.187500 0.000000 0.000000 0.000000
    9 36.093750 0.139771 0.183838 -3.141593 0.000000 -3.141593
    10 19.562500 0.449951 0.159302 -0.024235 0.265132 1.494182
    11 25.343750 9.476563 -60.000000 0.007113 -0.265133 -1.647399
    12 8.574120 24.658277 -1.931429 0.995488 -1.187334 -2.531452
    13 -16.015625 9.289063 50.312500 0.000000 0.000000 0.000000
    14 0.019745 5.535156 -0.213135 0.000000 -1.570796 -1.570796
    15 0.000002 0.000002 0.000000 0.000000 0.000000 0.000000
    16 5.378906 8.585938 27.375000 -1.230457 0.000000 0.000000
    17 -32.968750 -14.375000 74.875000 0.000000 0.000000 0.000000
    18 -0.000004 0.207031 -0.009148 0.000000 0.000000 0.000000
    19 -6.250000 0.000002 0.000000 0.000000 0.000000 0.000000
    20 -13.601563 -14.679688 84.437500 -1.655486 0.445706 -2.888000
    21 10.992188 -2.070313 1.356445 -1.940749 -0.170989 2.830772
    22 32.968750 -14.375000 74.875000 -3.141593 0.000000 3.141593
    23 0.000000 0.207031 0.009140 0.000000 0.000000 0.000000
    24 -6.250000 -0.000002 0.000004 0.000000 0.000000 0.000000
    25 13.601563 -14.679688 84.437500 -0.057762 0.445706 -0.253592
    26 11.039063 -2.759766 2.041016 -0.263153 -0.211575 0.098239
    27 8.476563 9.398438 15.687500 -1.178097 0.000000 0.000000
    28 -9.953125 3.416016 -54.781250 0.000000 0.000000 0.000000
    29 19.640625 -0.436035 0.000000 0.000000 0.000000 0.000000
    30 -8.015625 0.036713 0.530762 1.570796 0.000000 1.570796
  time 39
    0 -33.687500 -0.000004 32.312500 1.570792 0.002895 1.567901
    1 -25.390625 9.476563 -60.000000 0.007332 -0.264982 -1.495667
    2 -25.500000 6.121094 74.562500 0.268790 0.005622 -3.065400
    3 -4.093750 -12.898438 -54.187500 -3.141593 0.000000 -3.141593
    4 36.093750 0.139771 -0.183838 -3.141593 0.000000 3.141593
    5 19.640625 0.445557 -0.155884 -3.110697 -0.265014 1.495667
    6 0.015686 -10.796875 66.625000 0.000000 0.000000 0.000000
    7 25.500000 6.121094 74.562500 2.876375 -0.019554 -0.071299
    8 4.093750 -12.898438 -54.187500 0.000000 0.000000 0.000000
    9 36.093750 0.139771 0.183838 -3.141593 0.000000 -3.141593
    10 19.562500 0.449951 0.159302 -0.024235 0.265132 1.494182
    11 25.343750 9.476563 -60.000000 0.007113 -0.265133 -1.647399
    12 8.624903 23.994195 -3.200999 0.985133 -1.256512 -2.532602
    13 -16.015625 9.289063 50.312500 0.000000 0.000000 0.000000
    14 0.019745 5.535156 -0.213135 0.000000 -1.570796 -1.570796
    15 0.000002 0.000002 0.000000 0.000000 0.000000 0.000000
    16 5.378906 8.585938 27.375000 -1.230457 0.000000 0.000000
    17 -32.968750 -14.375000 74.875000 0.000000 0.000000 0.000000
    18 -0.000004 0.207031 -0.009148 0.000000 0.000000 0.000000
    19 -6.250000 0.000002 0.000000 0.000000 0.000000 0.000000
    20 -13.601563 -14.679688 84.437500 -1.655486 0.445706 -2.888000
    21 10.992188 -2.070313 1.356445 -1.940749 -0.170989 2.830772
    22 32.968750 -14.375000 74.875000 -3.141593 0.000000 3.141593
    23 0.000000 0.207031 0.009140 0.000000 0.000000 0.000000
    24 -6.250000 -0.000002 0.000004 0.000000 0.000000 0.000000
    25 13.601563 -14.679688 84.437500 -0.057762 0.445706 -0.253592
    26 11.039063 -2.759766 2.041016 -0.263153 -0.211575 0.098239
    27 8.476563 9.398438 15.687500 -1.178097 0.000000 0.000000
    28 -9.953125 3.416016 -54.781250 0.000000 0.000000 0.000000
    29 19.640625 -0.436035 0.000000 0.000000 0.000000 0.000000
    30 -8.015625 0.036713 0.530762 1.570796 0.000000 1.570796
  time 40
    0 -33.687500 -0.000004 32.312500 1.570792 0.002895 1.567901
    1 -25.390625 9.476563 -60.000000 0.007332 -0.264982 -1.495667
    2 -25.500000 6.121094 74.562500 0.268790 0.005622 -3.065400
    3 -4.093750 -12.898438 -54.187500 -3.141593 0.000000 -3.141593
    4 36.093750 0.139771 -0.183838 -3.141593 0.000000 3.141593
    5 19.640625 0.445557 -0.155884 -3.110697 -0.265014 1.495667
    6 0.015686 -10.796875 66.625000 0.000000 0.000000 0.000000
    7 25.500000 6.121094 74.562500 2.876375 -0.019554 -0.071299
    8 4.093750 -12.898438 -54.187500 0.000000 0.000000 0.000000
    9 36.093750 0.139771 0.183838 -3.141593 0.000000 -3.141593
    10 19.562500 0.449951 0.159302 -0.024235 0.265132 1.494182
    11 25.343750 9.476563 -60.000000 0.007113 -0.265133 -1.647399
    12 8.679592 23.369175 -4.404161 0.976696 -1.320112 -2.532698
    13 -16.015625 9.289063 50.312500 0.000000 0.000000 0.000000
    14 0.019745 5.535156 -0.213135 0.000000 -1.570796 -1.570796
    15 0.000002 0.000002 0.000000 0.000000 0.000000 0.000000
    16 5.378906 8.585938 27.375000 -1.230457 0.000000 0.000000
    17 -32.968750 -14.375000 74.875000 0.000000 0.000000 0.000000
    18 -0.000004 0.207031 -0.009148 0.000000 0.000000 0.000000
    19 -6.250000 0.000002 0.000000 0.000000 0.000000 0.000000
    20 -13.601563 -14.679688 84.437500 -1.655486 0.445706 -2.888000
    21 10.992188 -2.070313 1.356445 -1.940749 -0.170989 2.830772
    22 32.968750 -14.375000 74.875000 -3.141593 0.000000 3.141593
    23 0.000000 0.207031 0.009140 0.000000 0.000000 0.000000
    24 -6.250000 -0.000002 0.000004 0.000000 0.000000 0.000000
    25 13.601563 -14.679688 84.437500 -0.057762 0.445706 -0.253592
    26 11.039063 -2.759766 2.041016 -0.263153 -0.211575 0.098239
    27 8.476563 9.398438 15.687500 -1.178097 0.000000 0.000000
    28 -9.953125 3.416016 -54.781250 0.000000 0.000000 0.000000
    29 19.640625 -0.436035 0.000000 0.000000 0.000000 0.000000
    30 -8.015625 0.036713 0.530762 1.570796 0.000000 1.570796
  time 41
    0 -33.687500 -0.000004 32.312500 1.570792 0.002895 1.567901
    1 -25.390625 9.476563 -60.000000 0.007332 -0.264982 -1.495667
    2 -25.500000 6.121094 74.562500 0.268790 0.005622 -3.065400
    3 -4.093750 -12.898438 -54.187500 -3.141593 0.000000 -3.141593
    4 36.093750 0.139771 -0.183838 -3.141593 0.000000 3.141593
    5 19.640625 0.445557 -0.155884 -3.110697 -0.265014 1.495667
    6 0.015686 -10.796875 66.625000 0.000000 0.000000 0.000000
    7 25.500000 6.121094 74.562500 2.876375 -0.019554 -0.071299
    8 4.093750 -12.898438 -54.187500 0.000000 0.000000 0.000000
    9 36.093750 0.139771 0.183838 -3.141593 0.000000 -3.141593
    10 19.562500 0.449951 0.159302 -0.024235 0.265132 1.494182
    11 25.343750 9.476563 -60.000000 0.007113 -0.265133 -1.647399
    12 8.722562 22.783220 -5.529195 0.969889 -1.377438 -2.531931
    13 -16.015625 9.289063 50.312500 0.000000 0.000000 0.000000
    14 0.019745 5.535156 -0.213135 0.000000 -1.570796 -1.570796
    15 0.000002 0.000002 0.000000 0.000000 0.000000 0.000000
    16 5.378906 8.585938 27.375000 -1.230457 0.000000 0.000000
    17 -32.968750 -14.375000 74.875000 0.000000 0.000000 0.000000
    18 -0.000004 0.207031 -0.009148 0.000000 0.000000 0.000000
    19 -6.250000 0.000002 0.000000 0.000000 0.000000 0.000000
    20 -13.601563 -14.679688 84.437500 -1.655486 0.445706 -2.888000
    21 10.992188 -2.070313 1.356445 -1.940749 -0.170989 2.830772
    22 32.968750 -14.375000 74.875000 -3.141593 0.000000 3.141593
    23 0.000000 0.207031 0.009140 0.000000 0.000000 0.000000
    24 -6.250000 -0.000002 0.000004 0.000000 0.000000 0.000000
    25 13.601563 -14.679688 84.437500 -0.057762 0.445706 -0.253592
    26 11.039063 -2.759766 2.041016 -0.263153 -0.211575 0.098239
    27 8.476563 9.398438 15.687500 -1.178097 0.000000 0.000000
    28 -9.953125 3.416016 -54.781250 0.000000 0.000000 0.000000
    29 19.640625 -0.436035 0.000000 0.000000 0.000000 0.000000
    30 -8.015625 0.036713 0.530762 1.570796 0.000000 1.570796
  time 42
    0 -33.687500 -0.000004 32.312500 1.570792 0.002895 1.567901
    1 -25.390625 9.476563 -60.000000 0.007332 -0.264982 -1.495667
    2 -25.500000 6.121094 74.562500 0.268790 0.005622 -3.065400
    3 -4.093750 -12.898438 -54.187500 -3.141593 0.000000 -3.141593
    4 36.093750 0.139771 -0.183838 -3.141593 0.000000 3.141593
    5 19.640625 0.445557 -0.155884 -3.110697 -0.265014 1.495667
    6 0.015686 -10.796875 66.625000 0.000000 0.000000 0.000000
    7 25.500000 6.121094 74.562500 2.876375 -0.019554 -0.071299
    8 4.093750 -12.898438 -54.187500 0.000000 0.000000 0.000000
    9 36.093750 0.139771 0.183838 -3.141593 0.000000 -3.141593
    10 19.562500 0.449951 0.159302 -0.024235 0.265132 1.494182
    11 25.343750 9.476563 -60.000000 0.007113 -0.265133 -1.647399
    12 8.761626 22.236328 -6.572196 0.964424 -1.427869 -2.530493
    13 -16.015625 9.289063 50.312500 0.000000 0.000000 0.000000
    14 0.019745 5.535156 -0.213135 0.000000 -1.570796 -1.570796
    15 0.000002 0.000002 0.000000 0.000000 0.000000 0.000000
    16 5.378906 8.585938 27.375000 -1.230457 0.000000 0.000000
    17 -32.968750 -14.375000 74.875000 0.000000 0.000000 0.000000
    18 -0.000004 0.207031 -0.009148 0.000000 0.000000 0.000000
    19 -6.250000 0.000002 0.000000 0.000000 0.000000 0.000000
    20 -13.601563 -14.679688 84.437500 -1.655486 0.445706 -2.888000
    21 10.992188 -2.070313 1.356445 -1.940749 -0.170989 2.830772
    22 32.968750 -14.375000 74.875000 -3.141593 0.000000 3.141593
    23 0.000000 0.207031 0.009140 0.000000 0.000000 0.000000
    24 -6.250000 -0.000002 0.000004 0.000000 0.000000 0.000000
    25 13.601563 -14.679688 84.437500 -0.057762 0.445706 -0.253592
    26 11.039063 -2.759766 2.041016 -0.263153 -0.211575 0.098239
    27 8.476563 9.398438 15.687500 -1.178097 0.000000 0.000000
    28 -9.953125 3.416016 -54.781250 0.000000 0.000000 0.000000
    29 19.640625 -0.436035 0.000000 0.000000 0.000000 0.000000
    30 -8.015625 0.036713 0.530762 1.570796 0.000000 1.570796
  time 43
    0 -33.687500 -0.000004 32.312500 1.570792 0.002895 1.567901
    1 -25.390625 9.476563 -60.000000 0.007332 -0.264982 -1.495667
    2 -25.500000 6.121094 74.562500 0.268790 0.005622 -3.065400
    3 -4.093750 -12.898438 -54.187500 -3.141593 0.000000 -3.141593
    4 36.093750 0.139771 -0.183838 -3.141593 0.000000 3.141593
    5 19.640625 0.445557 -0.155884 -3.110697 -0.265014 1.495667
    6 0.015686 -10.796875 66.625000 0.000000 0.000000 0.000000
    7 25.500000 6.121094 74.562500 2.876375 -0.019554 -0.071299
    8 4.093750 -12.898438 -54.187500 0.000000 0.000000 0.000000
    9 36.093750 0.139771 0.183838 -3.141593 0.000000 -3.141593
    10 19.562500 0.449951 0.159302 -0.024235 0.265132 1.494182
    11 25.343750 9.476563 -60.000000 0.007113 -0.265133 -1.647399
    12 8.804596 21.740219 -7.529256 0.960014 -1.471173 -2.528479
    13 -16.015625 9.289063 50.312500 0.000000 0.000000 0.000000
    14 0.019745 5.535156 -0.213135 0.000000 -1.570796 -1.570796
    15 0.000002 0.000002 0.000000 0.000000 0.000000 0.000000
    16 5.378906 8.585938 27.375000 -1.230457 0.000000 0.000000
    17 -32.968750 -14.375000 74.875000 0.000000 0.000000 0.000000
    18 -0.000004 0.207031 -0.009148 0.000000 0.000000 0.000000
    19 -6.250000 0.000002 0.000000 0.000000 0.000000 0.000000
    20 -13.601563 -14.679688 84.437500 -1.655486 0.445706 -2.888000
    21 10.992188 -2.070313 1.356445 -1.940749 -0.170989 2.830772
    22 32.968750 -14.375000 74.875000 -3.141593 0.000000 3.141593
    23 0.000000 0.207031 0.009140 0.000000 0.000000 0.000000
    24 -6.250000 -0.000002 0.000004 0.000000 0.000000 0.000000
    25 13.601563 -14.679688 84.437500 -0.057762 0.445706 -0.253592
    26 11.039063 -2.759766 2.041016 -0.263153 -0.211575 0.098239
    27 8.476563 9.398438 15.687500 -1.178097 0.000000 0.000000
    28 -9.953125 3.416016 -54.781250 0.000000 0.000000 0.000000
    29 19.640625 -0.436035 0.000000 0.000000 0.000000 0.000000
    30 -8.015625 0.036713 0.530762 1.570796 0.000000 1.570796
  time 44
    0 -33.687500 -0.000004 32.312500 1.570792 0.002895 1.567901
    1 -25.390625 9.476563 -60.000000 0.007332 -0.264982 -1.495667
    2 -25.500000 6.121094 74.562500 0.268790 0.005622 -3.065400
    3 -4.093750 -12.898438 -54.187500 -3.141593 0.000000 -3.141593
    4 36.093750 0.139771 -0.183838 -3.141593 0.000000 3.141593
    5 19.640625 0.445557 -0.155884 -3.110697 -0.265014 1.495667
    6 0.015686 -10.796875 66.625000 0.000000 0.000000 0.000000
    7 25.500000 6.121094 74.562500 2.876375 -0.019554 -0.071299
    8 4.093750 -12.898438 -54.187500 0.000000 0.000000 0.000000
    9 36.093750 0.139771 0.183838 -3.141593 0.000000 -3.141593
    10 19.562500 0.449951 0.159302 -0.024235 0.265132 1.494182
    11 25.343750 9.476563 -60.000000 0.007113 -0.265133 -1.647399
    12 8.835847 21.283174 -8.388658 0.956274 -1.506886 -2.526179
    13 -16.015625 9.289063 50.312500 0.000000 0.000000 0.000000
    14 0.019745 5.535156 -0.213135 0.000000 -1.570796 -1.570796
    15 0.000002 0.000002 0.000000 0.000000 0.000000 0.000000
    16 5.378906 8.585938 27.375000 -1.230457 0.000000 0.000000
    17 -32.968750 -14.375000 74.875000 0.000000 0.000000 0.000000
    18 -0.000004 0.207031 -0.009148 0.000000 0.000000 0.000000
    19 -6.250000 0.000002 0.000000 0.000000 0.000000 0.000000
    20 -13.601563 -14.679688 84.437500 -1.655486 0.445706 -2.888000
    21 10.992188 -2.070313 1.356445 -1.940749 -0.170989 2.830772
    22 32.968750 -14.375000 74.875000 -3.141593 0.000000 3.141593
    23 0.000000 0.207031 0.009140 0.000000 0.000000 0.000000
    24 -6.250000 -0.000002 0.000004 0.000000 0.000000 0.000000
    25 13.601563 -14.679688 84.437500 -0.057762 0.445706 -0.253592
    26 11.039063 -2.759766 2.041016 -0.263153 -0.211575 0.098239
    27 8.476563 9.398438 15.687500 -1.178097 0.000000 0.000000
    28 -9.953125 3.416016 -54.781250 0.000000 0.000000 0.000000
    29 19.640625 -0.436035 0.000000 0.000000 0.000000 0.000000
    30 -8.015625 0.036713 0.530762 1.570796 0.000000 1.570796
  time 45
    0 -33.687500 -0.000004 32.312500 1.570792 0.002895 1.567901
    1 -25.390625 9.476563 -60.000000 0.007332 -0.264982 -1.495667
    2 -25.500000 6.121094 74.562500 0.268790 0.005622 -3.065400
    3 -4.093750 -12.898438 -54.187500 -3.141593 0.000000 -3.141593
    4 36.093750 0.139771 -0.183838 -3.141593 0.000000 3.141593
    5 19.640625 0.445557 -0.155884 -3.110697 -0.265014 1.495667
    6 0.015686 -10.796875 66.625000 0.000000 0.000000 0.000000
    7 25.500000 6.121094 74.562500 2.876375 -0.019554 -0.071299
    8 4.093750 -12.898438 -54.187500 0.000000 0.000000 0.000000
    9 36.093750 0.139771 0.183838 -3.141593 0.000000 -3.141593
    10 19.562500 0.449951 0.159302 -0.024235 0.265132 1.494182
    11 25.343750 9.476563 -60.000000 0.007113 -0.265133 -1.647399
    12 8.871004 20.880818 -9.154306 0.953206 -1.534774 -2.523686
    13 -16.015625 9.289063 50.312500 0.000000 0.000000 0.000000
    14 0.019745 5.535156 -0.213135 0.000000 -1.570796 -1.570796
    15 0.000002 0.000002 0.000000 0.000000 0.000000 0.000000
    16 5.378906 8.585938 27.375000 -1.230457 0.000000 0.000000
    17 -32.968750 -14.375000 74.875000 0.000000 0.000000 0.000000
    18 -0.000004 0.207031 -0.009148 0.000000 0.000000 0.000000
    19 -6.250000 0.000002 0.000000 0.000000 0.000000 0.000000
    20 -13.601563 -14.679688 84.437500 -1.655486 0.445706 -2.888000
    21 10.992188 -2.070313 1.356445 -1.940749 -0.170989 2.830772
    22 32.968750 -14.375000 74.875000 -3.141593 0.000000 3.141593
    23 0.000000 0.207031 0.009140 0.000000 0.000000 0.000000
    24 -6.250000 -0.000002 0.000004 0.000000 0.000000 0.000000
    25 13.601563 -14.679688 84.437500 -0.057762 0.445706 -0.253592
    26 11.039063 -2.759766 2.041016 -0.263153 -0.211575 0.098239
    27 8.476563 9.398438 15.687500 -1.178097 0.000000 0.000000
    28 -9.953125 3.416016 -54.781250 0.000000 0.000000 0.000000
    29 19.640625 -0.436035 0.000000 0.000000 0.000000 0.000000
    30 -8.015625 0.036713 0.530762 1.570796 0.000000 1.570796
  time 46
    0 -33.687500 -0.000004 32.312500 1.570792 0.002895 1.567901
    1 -25.390625 9.476563 -60.000000 0.007332 -0.264982 -1.495667
    2 -25.500000 6.121094 74.562500 0.268790 0.005622 -3.065400
    3 -4.093750 -12.898438 -54.187500 -3.141593 0.000000 -3.141593
    4 36.093750 0.139771 -0.183838 -3.141593 0.000000 3.141593
    5 19.640625 0.445557 -0.155884 -3.110697 -0.265014 1.495667
    6 0.015686 -10.796875 66.625000 0.000000 0.000000 0.000000
    7 25.500000 6.121094 74.562500 2.876375 -0.019554 -0.071299
    8 4.093750 -12.898438 -54.187500 0.000000 0.000000 0.000000
    9 36.093750 0.139771 0.183838 -3.141593 0.000000 -3.141593
    10 19.562500 0.449951 0.159302 -0.024235 0.265132 1.494182
    11 25.343750 9.476563 -60.000000 0.007113 -0.265133 -1.647399
    12 8.898349 20.537058 -9.814482 0.950426 -1.554838 -2.521193
    13 -16.015625 9.289063 50.312500 0.000000 0.000000 0.000000
    14 0.019745 5.535156 -0.213135 0.000000 -1.570796 -1.570796
    15 0.000002 0.000002 0.000000 0.000000 0.000000 0.000000
    16 5.378906 8.585938 27.375000 -1.230457 0.000000 0.000000
    17 -32.968750 -14.375000 74.875000 0.000000 0.000000 0.000000
    18 -0.000004 0.207031 -0.009148 0.000000 0.000000 0.000000
    19 -6.250000 0.000002 0.000000 0.000000 0.000000 0.000000
    20 -13.601563 -14.679688 84.437500 -1.655486 0.445706 -2.888000
    21 10.992188 -2.070313 1.356445 -1.940749 -0.170989 2.830772
    22 32.968750 -14.375000 74.875000 -3.141593 0.000000 3.141593
    23 0.000000 0.207031 0.009140 0.000000 0.000000 0.000000
    24 -6.250000 -0.000002 0.000004 0.000000 0.000000 0.000000
    25 13.601563 -14.679688 84.437500 -0.057762 0.445706 -0.253592
    26 11.039063 -2.759766 2.041016 -0.263153 -0.211575 0.098239
    27 8.476563 9.398438 15.687500 -1.178097 0.000000 0.000000
    28 -9.953125 3.416016 -54.781250 0.000000 0.000000 0.000000
    29 19.640625 -0.436035 0.000000 0.000000 0.000000 0.000000
    30 -8.015625 0.036713 0.530762 1.570796 0.000000 1.570796
  time 47
    0 -33.687500 -0.000004 32.312500 1.570792 0.002895 1.567901
    1 -25.390625 9.476563 -60.000000 0.007332 -0.264982 -1.495667
    2 -25.500000 6.121094 74.562500 0.268790 0.005622 -3.065400
    3 -4.093750 -12.898438 -54.187500 -3.141593 0.000000 -3.141593
    4 36.093750 0.139771 -0.183838 -3.141593 0.000000 3.141593
    5 19.640625 0.445557 -0.155884 -3.110697 -0.265014 1.495667
    6 0.015686 -10.796875 66.625000 0.000000 0.000000 0.000000
    7 25.500000 6.121094 74.562500 2.876375 -0.019554 -0.071299
    8 4.093750 -12.898438 -54.187500 0.000000 0.000000 0.000000
    9 36.093750 0.139771 0.183838 -3.141593 0.000000 -3.141593
    10 19.562500 0.449951 0.159302 -0.024235 0.265132 1.494182
    11 25.343750 9.476563 -60.000000 0.007113 -0.265133 -1.647399
    12 8.917881 20.240174 -10.369187 0.947933 -1.566845 -2.518700
    13 -16.015625 9.289063 50.312500 0.000000 0.000000 0.000000
    14 0.019745 5.535156 -0.213135 0.000000 -1.570796 -1.570796
    15 0.000002 0.000002 0.000000 0.000000 0.000000 0.000000
    16 5.378906 8.585938 27.375000 -1.230457 0.000000 0.000000
    17 -32.968750 -14.375000 74.875000 0.000000 0.000000 0.000000
    18 -0.000004 0.207031 -0.009148 0.000000 0.000000 0.000000
    19 -6.250000 0.000002 0.000000 0.000000 0.000000 0.000000
    20 -13.601563 -14.679688 84.437500 -1.655486 0.445706 -2.888000
    21 10.992188 -2.070313 1.356445 -1.940749 -0.170989 2.830772
    22 32.968750 -14.375000 74.875000 -3.141593 0.000000 3.141593
    23 0.000000 0.207031 0.009140 0.000000 0.000000 0.000000
    24 -6.250000 -0.000002 0.000004 0.000000 0.000000 0.000000
    25 13.601563 -14.679688 84.437500 -0.057762 0.445706 -0.253592
    26 11.039063 -2.759766 2.041016 -0.263153 -0.211575 0.098239
    27 8.476563 9.398438 15.687500 -1.178097 0.000000 0.000000
    28 -9.953125 3.416016 -54.781250 0.000000 0.000000 0.000000
    29 19.640625 -0.436035 0.000000 0.000000 0.000000 0.000000
    30 -8.015625 0.036713 0.530762 1.570796 0.000000 1.570796
  time 48
    0 -33.687500 -0.000004 32.312500 1.570792 0.002895 1.567901
    1 -25.390625 9.476563 -60.000000 0.007332 -0.264982 -1.495667
    2 -25.500000 6.121094 74.562500 0.268790 0.005622 -3.065400
    3 -4.093750 -12.898438 -54.187500 -3.141593 0.000000 -3.141593
    4 36.093750 0.139771 -0.183838 -3.141593 0.000000 3.141593
    5 19.640625 0.445557 -0.155884 -3.110697 -0.265014 1.495667
    6 0.015686 -10.796875 66.625000 0.000000 0.000000 0.000000
    7 25.500000 6.121094 74.562500 2.876375 -0.019554 -0.071299
    8 4.093750 -12.898438 -54.187500 0.000000 0.000000 0.000000
    9 36.093750 0.139771 0.183838 -3.141593 0.000000 -3.141593
    10 19.562500 0.449951 0.159302 -0.024235 0.265132 1.494182
    11 25.343750 9.476563 -60.000000 0.007113 -0.265133 -1.647399
    12 8.937413 20.005792 -10.806700 0.000000 -1.570796 -1.570796
    13 -16.015625 9.289063 50.312500 0.000000 0.000000 0.000000
    14 0.019745 5.535156 -0.213135 0.000000 -1.570796 -1.570796
    15 0.000002 0.000002 0.000000 0.000000 0.000000 0.000000
    16 5.378906 8.585938 27.375000 -1.230457 0.000000 0.000000
    17 -32.968750 -14.375000 74.875000 0.000000 0.000000 0.000000
    18 -0.000004 0.207031 -0.009148 0.000000 0.000000 0.000000
    19 -6.250000 0.000002 0.000000 0.000000 0.000000 0.000000
    20 -13.601563 -14.679688 84.437500 -1.655486 0.445706 -2.888000
    21 10.992188 -2.070313 1.356445 -1.940749 -0.170989 2.830772
    22 32.968750 -14.375000 74.875000 -3.141593 0.000000 3.141593
    23 0.000000 0.207031 0.009140 0.000000 0.000000 0.000000
    24 -6.250000 -0.000002 0.000004 0.000000 0.000000 0.000000
    25 13.601563 -14.679688 84.437500 -0.057762 0.445706 -0.253592
    26 11.039063 -2.759766 2.041016 -0.263153 -0.211575 0.098239
    27 8.476563 9.398438 15.687500 -1.178097 0.000000 0.000000
    28 -9.953125 3.416016 -54.781250 0.000000 0.000000 0.000000
    29 19.640625 -0.436035 0.000000 0.000000 0.000000 0.000000
    30 -8.015625 0.036713 0.530762 1.570796 0.000000 1.570796
  time 49
    0 -33.687500 -0.000004 32.312500 1.570792 0.002895 1.567901
    1 -25.390625 9.476563 -60.000000 0.007332 -0.264982 -1.495667
    2 -25.500000 6.121094 74.562500 0.268790 0.005622 -3.065400
    3 -4.093750 -12.898438 -54.187500 -3.141593 0.000000 -3.141593
    4 36.093750 0.139771 -0.183838 -3.141593 0.000000 3.141593
    5 19.640625 0.445557 -0.155884 -3.110697 -0.265014 1.495667
    6 0.015686 -10.796875 66.625000 0.000000 0.000000 0.000000
    7 25.500000 6.121094 74.562500 2.876375 -0.019554 -0.071299
    8 4.093750 -12.898438 -54.187500 0.000000 0.000000 0.000000
    9 36.093750 0.139771 0.183838 -3.141593 0.000000 -3.141593
    10 19.562500 0.449951 0.159302 -0.024235 0.265132 1.494182
    11 25.343750 9.476563 -60.000000 0.007113 -0.265133 -1.647399
    12 8.953038 19.833911 -11.127022 0.000000 -1.570796 -1.570796
    13 -16.015625 9.289063 50.312500 0.000000 0.000000 0.000000
    14 0.019745 5.535156 -0.213135 0.000000 -1.570796 -1.570796
    15 0.000002 0.000002 0.000000 0.000000 0.000000 0.000000
    16 5.378906 8.585938 27.375000 -1.230457 0.000000 0.000000
    17 -32.968750 -14.375000 74.875000 0.000000 0.000000 0.000000
    18 -0.000004 0.207031 -0.009148 0.000000 0.000000 0.000000
    19 -6.250000 0.000002 0.000000 0.000000 0.000000 0.000000
    20 -13.601563 -14.679688 84.437500 -1.655486 0.445706 -2.888000
    21 10.992188 -2.070313 1.356445 -1.940749 -0.170989 2.830772
    22 32.968750 -14.375000 74.875000 -3.141593 0.000000 3.141593
    23 0.000000 0.207031 0.009140 0.000000 0.000000 0.000000
    24 -6.250000 -0.000002 0.000004 0.000000 0.000000 0.000000
    25 13.601563 -14.679688 84.437500 -0.057762 0.445706 -0.253592
    26 11.039063 -2.759766 2.041016 -0.263153 -0.211575 0.098239
    27 8.476563 9.398438 15.687500 -1.178097 0.000000 0.000000
    28 -9.953125 3.416016 -54.781250 0.000000 0.000000 0.000000
    29 19.640625 -0.436035 0.000000 0.000000 0.000000 0.000000
    30 -8.015625 0.036713 0.530762 1.570796 0.000000 1.570796
  time 50
    0 -33.687500 -0.000004 32.312500 1.570792 0.002895 1.567901
    1 -25.390625 9.476563 -60.000000 0.007332 -0.264982 -1.495667
    2 -25.500000 6.121094 74.562500 0.268790 0.005622 -3.065400
    3 -4.093750 -12.898438 -54.187500 -3.141593 0.000000 -3.141593
    4 36.093750 0.139771 -0.183838 -3.141593 0.000000 3.141593
    5 19.640625 0.445557 -0.155884 -3.110697 -0.265014 1.495667
    6 0.015686 -10.796875 66.625000 0.000000 0.000000 0.000000
    7 25.500000 6.121094 74.562500 2.876375 -0.019554 -0.071299
    8 4.093750 -12.898438 -54.187500 0.000000 0.000000 0.000000
    9 36.093750 0.139771 0.183838 -3.141593 0.000000 -3.141593
    10 19.562500 0.449951 0.159302 -0.024235 0.265132 1.494182
    11 25.343750 9.476563 -60.000000 0.007113 -0.265133 -1.647399
    12 8.960851 19.728439 -11.322341 0.000000 -1.570796 -1.570796
    13 -16.015625 9.289063 50.312500 0.000000 0.000000 0.000000
    14 0.019745 5.535156 -0.213135 0.000000 -1.570796 -1.570796
    15 0.000002 0.000002 0.000000 0.000000 0.000000 0.000000
    16 5.378906 8.585938 27.375000 -1.230457 0.000000 0.000000
    17 -32.968750 -14.375000 74.875000 0.000000 0.000000 0.000000
    18 -0.000004 0.207031 -0.009148 0.000000 0.000000 0.000000
    19 -6.250000 0.000002 0.000000 0.000000 0.000000 0.000000
    20 -13.601563 -14.679688 84.437500 -1.655486 0.445706 -2.888000
    21 10.992188 -2.070313 1.356445 -1.940749 -0.170989 2.830772
    22 32.968750 -14.375000 74.875000 -3.141593 0.000000 3.141593
    23 0.000000 0.207031 0.009140 0.000000 0.000000 0.000000
    24 -6.250000 -0.000002 0.000004 0.000000 0.000000 0.000000
    25 13.601563 -14.679688 84.437500 -0.057762 0.445706 -0.253592
    26 11.039063 -2.759766 2.041016 -0.263153 -0.211575 0.098239
    27 8.476563 9.398438 15.687500 -1.178097 0.000000 0.000000
    28 -9.953125 3.416016 -54.781250 0.000000 0.000000 0.000000
    29 19.640625 -0.436035 0.000000 0.000000 0.000000 0.000000
    30 -8.015625 0.036713 0.530762 1.570796 0.000000 1.570796
  time 51
    0 -33.687500 -0.000004 32.312500 1.570792 0.002895 1.567901
    1 -25.390625 9.476563 -60.000000 0.007332 -0.264982 -1.495667
    2 -25.500000 6.121094 74.562500 0.268790 0.005622 -3.065400
    3 -4.093750 -12.898438 -54.187500 -3.141593 0.000000 -3.141593
    4 36.093750 0.139771 -0.183838 -3.141593 0.000000 3.141593
    5 19.640625 0.445557 -0.155884 -3.110697 -0.265014 1.495667
    6 0.015686 -10.796875 66.625000 0.000000 0.000000 0.000000
    7 25.500000 6.121094 74.562500 2.876375 -0.019554 -0.071299
    8 4.093750 -12.898438 -54.187500 0.000000 0.000000 0.000000
    9 36.093750 0.139771 0.183838 -3.141593 0.000000 -3.141593
    10 19.562500 0.449951 0.159302 -0.024235 0.265132 1.494182
    11 25.343750 9.476563 -60.000000 0.007113 -0.265133 -1.647399
    12 8.960851 19.693282 -11.384843 0.000000 -1.570796 -1.570796
    13 -16.015625 9.289063 50.312500 0.000000 0.000000 0.000000
    14 0.019745 5.535156 -0.213135 0.000000 -1.570796 -1.570796
    15 0.000002 0.000002 0.000000 0.000000 0.000000 0.000000
    16 5.378906 8.585938 27.375000 -1.230457 0.000000 0.000000
    17 -32.968750 -14.375000 74.875000 0.000000 0.000000 0.000000
    18 -0.000004 0.207031 -0.009148 0.000000 0.000000 0.000000
    19 -6.250000 0.000002 0.000000 0.000000 0.000000 0.000000
    20 -13.601563 -14.679688 84.437500 -1.655486 0.445706 -2.888000
    21 10.992188 -2.070313 1.356445 -1.940749 -0.170989 2.830772
    22 32.968750 -14.375000 74.875000 -3.141593 0.000000 3.141593
    23 0.000000 0.207031 0.009140 0.000000 0.000000 0.000000
    24 -6.250000 -0.000002 0.000004 0.000000 0.000000 0.000000
    25 13.601563 -14.679688 84.437500 -0.057762 0.445706 -0.253592
    26 11.039063 -2.759766 2.041016 -0.263153 -0.211575 0.098239
    27 8.476563 9.398438 15.687500 -1.178097 0.000000 0.000000
    28 -9.953125 3.416016 -54.781250 0.000000 0.000000 0.000000
    29 19.640625 -0.436035 0.000000 0.000000 0.000000 0.000000
    30 -8.015625 0.036713 0.530762 1.570796 0.000000 1.570796
end
