// Created by Crowbar 0.74
version 1
nodes
  0 "Rig_Buggy.Frame" -1
  1 "Rig_Buggy.Shock_RR_Sleeve" 0
  2 "Rig_Buggy.Shock_FR_Sleeve" 0
  3 "Rig_Buggy.Axel_RR" 0
  4 "Rig_Buggy.Wheel_RR" 3
  5 "Rig_Buggy.Shock_RR_Piston" 3
  6 "Rig_Buggy.Steer_Arm" 0
  7 "Rig_Buggy.Shock_FL_Sleeve" 0
  8 "Rig_Buggy.Axel_RL" 0
  9 "Rig_Buggy.Wheel_RL" 8
  10 "Rig_Buggy.Shock_RL_Piston" 8
  11 "Rig_Buggy.Shock_RL_Sleeve" 0
  12 "Rig_Buggy.view" 0
  13 "Rig_Buggy.Gun_Base" 0
  14 "Rig_Buggy.Gun_Parent" 13
  15 "Rig_Buggy.Gun" 14
  16 "Rig_Buggy.Speedo" 0
  17 "Rig_Buggy.Wheel_FR_Turn_parent" 0
  18 "Rig_Buggy.Wheel_FR_Turn" 17
  19 "Rig_Buggy.Wheel_FR_Rotate" 18
  20 "Rig_Buggy.Axel_FR" 0
  21 "Rig_Buggy.Shock_FR_Piston" 20
  22 "Rig_Buggy.Wheel_FL_Turn_parent" 0
  23 "Rig_Buggy.Wheel_FL_Turn" 22
  24 "Rig_Buggy.Wheel_FL_Rotate" 23
  25 "Rig_Buggy.Axel_FL" 0
  26 "Rig_Buggy.Shock_FL_Piston" 25
  27 "Rig_Buggy.Steer_Wheel" 0
  28 "Rig_Buggy.lid" 0
  29 "Rig_Buggy.latch" 28
  30 "Rig_Buggy.gun_cylinders" 15
end
skeleton
  time 0
    0 -33.687500 -0.000004 32.312500 1.570792 0.002895 1.567901
    1 -25.390625 9.476563 -60.000000 0.007332 -0.264982 -1.495667
    2 -25.500000 6.121094 74.562500 0.268790 0.005622 -3.065400
    3 -4.093750 -12.898438 -54.187500 -3.141593 0.000000 -3.141593
    4 36.093750 0.139771 -0.183838 -3.141593 0.000000 3.141593
    5 19.640625 0.445557 -0.155884 -3.110697 -0.265014 1.495667
    6 0.015686 -10.796875 66.625000 0.000000 0.000000 0.000000
    7 25.500000 6.121094 74.562500 2.876375 -0.019554 -0.071299
    8 4.093750 -12.898438 -54.187500 0.000000 0.000000 0.000000
    9 36.093750 0.139771 0.183838 -3.141593 0.000000 -3.141593
    10 19.562500 0.449951 0.159302 -0.024235 0.265132 1.494182
    11 25.343750 9.476563 -60.000000 0.007113 -0.265133 -1.647399
    12 8.960851 19.693282 -11.384843 0.000000 -1.570796 -1.570796
    13 -16.015625 9.289063 50.312500 0.000000 0.000000 0.000000
    14 0.019745 5.535156 -0.213135 0.000000 -1.570796 -1.570796
    15 0.000002 0.000002 0.000000 0.000000 0.000000 0.000000
    16 5.378906 8.585938 27.375000 -1.230457 0.000000 0.000000
    17 -32.968750 -14.375000 74.875000 0.000000 0.000000 0.000000
    18 -0.000004 0.207031 -0.009148 0.000000 0.000000 0.000000
    19 -6.250000 0.000002 0.000000 0.000000 0.000000 0.000000
    20 -13.601563 -14.679688 84.437500 -1.655486 0.445706 -2.888000
    21 10.992188 -2.070313 1.356445 -1.940749 -0.170989 2.830772
    22 32.968750 -14.375000 74.875000 -3.141593 0.000000 3.141593
    23 0.000000 0.207031 0.009140 0.000000 0.000000 0.000000
    24 -6.250000 -0.000002 0.000004 0.000000 0.000000 0.000000
    25 13.601563 -14.679688 84.437500 -0.057762 0.445706 -0.253592
    26 11.039063 -2.759766 2.041016 -0.263153 -0.211575 0.098239
    27 8.476563 9.398438 15.687500 -1.178097 0.000000 0.000000
    28 -9.953125 3.416016 -54.781250 0.000000 0.000000 0.000000
    29 19.640625 -0.436035 0.000000 0.000000 0.000000 0.000000
    30 -8.015625 0.036713 0.530762 1.570796 0.000000 1.570796
  time 1
    0 -33.687500 -0.000004 32.312500 1.570792 0.002895 1.567901
    1 -25.390625 9.476563 -60.000000 0.007332 -0.264982 -1.495667
    2 -25.500000 6.121094 74.562500 0.268790 0.005622 -3.065400
    3 -4.093750 -12.898438 -54.187500 -3.141593 0.000000 -3.141593
    4 36.093750 0.139771 -0.183838 -3.141593 0.000000 3.141593
    5 19.640625 0.445557 -0.155884 -3.110697 -0.265014 1.495667
    6 0.015686 -10.796875 66.625000 0.000000 0.000000 0.000000
    7 25.500000 6.121094 74.562500 2.876375 -0.019554 -0.071299
    8 4.093750 -12.898438 -54.187500 0.000000 0.000000 0.000000
    9 36.093750 0.139771 0.183838 -3.141593 0.000000 -3.141593
    10 19.562500 0.449951 0.159302 -0.024235 0.265132 1.494182
    11 25.343750 9.476563 -60.000000 0.007113 -0.265133 -1.647399
    12 9.437428 19.583904 -11.384843 0.327227 -1.565683 -1.901848
    13 -16.015625 9.289063 50.312500 0.000000 0.000000 0.000000
    14 0.019745 5.535156 -0.213135 0.000000 -1.570796 -1.570796
    15 0.000002 0.000002 0.000000 0.000000 0.000000 0.000000
    16 5.378906 8.585938 27.375000 -1.230457 0.000000 0.000000
    17 -32.968750 -14.375000 74.875000 0.000000 0.000000 0.000000
    18 -0.000004 0.207031 -0.009148 0.000000 0.000000 0.000000
    19 -6.250000 0.000002 0.000000 0.000000 0.000000 0.000000
    20 -13.601563 -14.679688 84.437500 -1.655486 0.445706 -2.888000
    21 10.992188 -2.070313 1.356445 -1.940749 -0.170989 2.830772
    22 32.968750 -14.375000 74.875000 -3.141593 0.000000 3.141593
    23 0.000000 0.207031 0.009140 0.000000 0.000000 0.000000
    24 -6.250000 -0.000002 0.000004 0.000000 0.000000 0.000000
    25 13.601563 -14.679688 84.437500 -0.057762 0.445706 -0.253592
    26 11.039063 -2.759766 2.041016 -0.263153 -0.211575 0.098239
    27 8.476563 9.398438 15.687500 -1.178097 0.000000 0.000000
    28 -9.953125 3.416016 -54.781250 0.000000 0.000000 0.000000
    29 19.640625 -0.436035 0.000000 0.000000 0.000000 0.000000
    30 -8.015625 0.036713 0.530762 1.570796 0.000000 1.570796
  time 2
    0 -33.687500 -0.000004 32.312500 1.570792 0.002895 1.567901
    1 -25.390625 9.476563 -60.000000 0.007332 -0.264982 -1.495667
    2 -25.500000 6.121094 74.562500 0.268790 0.005622 -3.065400
    3 -4.093750 -12.898438 -54.187500 -3.141593 0.000000 -3.141593
    4 36.093750 0.139771 -0.183838 -3.141593 0.000000 3.141593
    5 19.640625 0.445557 -0.155884 -3.110697 -0.265014 1.495667
    6 0.015686 -10.796875 66.625000 0.000000 0.000000 0.000000
    7 25.500000 6.121094 74.562500 2.876375 -0.019554 -0.071299
    8 4.093750 -12.898438 -54.187500 0.000000 0.000000 0.000000
    9 36.093750 0.139771 0.183838 -3.141593 0.000000 -3.141593
    10 19.562500 0.449951 0.159302 -0.024235 0.265132 1.494182
    11 25.343750 9.476563 -60.000000 0.007113 -0.265133 -1.647399
    12 10.542930 19.314364 -11.384843 0.355415 -1.551352 -1.941252
    13 -16.015625 9.289063 50.312500 0.000000 0.000000 0.000000
    14 0.019745 5.535156 -0.213135 0.000000 -1.570796 -1.570796
    15 0.000002 0.000002 0.000000 0.000000 0.000000 0.000000
    16 5.378906 8.585938 27.375000 -1.230457 0.000000 0.000000
    17 -32.968750 -14.375000 74.875000 0.000000 0.000000 0.000000
    18 -0.000004 0.207031 -0.009148 0.000000 0.000000 0.000000
    19 -6.250000 0.000002 0.000000 0.000000 0.000000 0.000000
    20 -13.601563 -14.679688 84.437500 -1.655486 0.445706 -2.888000
    21 10.992188 -2.070313 1.356445 -1.940749 -0.170989 2.830772
    22 32.968750 -14.375000 74.875000 -3.141593 0.000000 3.141593
    23 0.000000 0.207031 0.009140 0.000000 0.000000 0.000000
    24 -6.250000 -0.000002 0.000004 0.000000 0.000000 0.000000
    25 13.601563 -14.679688 84.437500 -0.057762 0.445706 -0.253592
    26 11.039063 -2.759766 2.041016 -0.263153 -0.211575 0.098239
    27 8.476563 9.398438 15.687500 -1.178097 0.000000 0.000000
    28 -9.953125 3.416016 -54.781250 0.000000 0.000000 0.000000
    29 19.640625 -0.436035 0.000000 0.000000 0.000000 0.000000
    30 -8.015625 0.036713 0.530762 1.570796 0.000000 1.570796
  time 3
    0 -33.687500 -0.000004 32.312500 1.570792 0.002895 1.567901
    1 -25.390625 9.476563 -60.000000 0.007332 -0.264982 -1.495667
    2 -25.500000 6.121094 74.562500 0.268790 0.005622 -3.065400
    3 -4.093750 -12.898438 -54.187500 -3.141593 0.000000 -3.141593
    4 36.093750 0.139771 -0.183838 -3.141593 0.000000 3.141593
    5 19.640625 0.445557 -0.155884 -3.110697 -0.265014 1.495667
    6 0.015686 -10.796875 66.625000 0.000000 0.000000 0.000000
    7 25.500000 6.121094 74.562500 2.876375 -0.019554 -0.071299
    8 4.093750 -12.898438 -54.187500 0.000000 0.000000 0.000000
    9 36.093750 0.139771 0.183838 -3.141593 0.000000 -3.141593
    10 19.562500 0.449951 0.159302 -0.024235 0.265132 1.494182
    11 25.343750 9.476563 -60.000000 0.007113 -0.265133 -1.647399
    12 12.039070 18.931540 -11.384843 0.390218 -1.529274 -1.994367
    13 -16.015625 9.289063 50.312500 0.000000 0.000000 0.000000
    14 0.019745 5.535156 -0.213135 0.000000 -1.570796 -1.570796
    15 0.000002 0.000002 0.000000 0.000000 0.000000 0.000000
    16 5.378906 8.585938 27.375000 -1.230457 0.000000 0.000000
    17 -32.968750 -14.375000 74.875000 0.000000 0.000000 0.000000
    18 -0.000004 0.207031 -0.009148 0.000000 0.000000 0.000000
    19 -6.250000 0.000002 0.000000 0.000000 0.000000 0.000000
    20 -13.601563 -14.679688 84.437500 -1.655486 0.445706 -2.888000
    21 10.992188 -2.070313 1.356445 -1.940749 -0.170989 2.830772
    22 32.968750 -14.375000 74.875000 -3.141593 0.000000 3.141593
    23 0.000000 0.207031 0.009140 0.000000 0.000000 0.000000
    24 -6.250000 -0.000002 0.000004 0.000000 0.000000 0.000000
    25 13.601563 -14.679688 84.437500 -0.057762 0.445706 -0.253592
    26 11.039063 -2.759766 2.041016 -0.263153 -0.211575 0.098239
    27 8.476563 9.398438 15.687500 -1.178097 0.000000 0.000000
    28 -9.953125 3.416016 -54.781250 0.000000 0.000000 0.000000
    29 19.640625 -0.436035 0.000000 0.000000 0.000000 0.000000
    30 -8.015625 0.036713 0.530762 1.570796 0.000000 1.570796
  time 4
    0 -33.687500 -0.000004 32.312500 1.570792 0.002895 1.567901
    1 -25.390625 9.476563 -60.000000 0.007332 -0.264982 -1.495667
    2 -25.500000 6.121094 74.562500 0.268790 0.005622 -3.065400
    3 -4.093750 -12.898438 -54.187500 -3.141593 0.000000 -3.141593
    4 36.093750 0.139771 -0.183838 -3.141593 0.000000 3.141593
    5 19.640625 0.445557 -0.155884 -3.110697 -0.265014 1.495667
    6 0.015686 -10.796875 66.625000 0.000000 0.000000 0.000000
    7 25.500000 6.121094 74.562500 2.876375 -0.019554 -0.071299
    8 4.093750 -12.898438 -54.187500 0.000000 0.000000 0.000000
    9 36.093750 0.139771 0.183838 -3.141593 0.000000 -3.141593
    10 19.562500 0.449951 0.159302 -0.024235 0.265132 1.494182
    11 25.343750 9.476563 -60.000000 0.007113 -0.265133 -1.647399
    12 13.804749 18.447150 -11.384843 0.427323 -1.500766 -2.056397
    13 -16.015625 9.289063 50.312500 0.000000 0.000000 0.000000
    14 0.019745 5.535156 -0.213135 0.000000 -1.570796 -1.570796
    15 0.000002 0.000002 0.000000 0.000000 0.000000 0.000000
    16 5.378906 8.585938 27.375000 -1.230457 0.000000 0.000000
    17 -32.968750 -14.375000 74.875000 0.000000 0.000000 0.000000
    18 -0.000004 0.207031 -0.009148 0.000000 0.000000 0.000000
    19 -6.250000 0.000002 0.000000 0.000000 0.000000 0.000000
    20 -13.601563 -14.679688 84.437500 -1.655486 0.445706 -2.888000
    21 10.992188 -2.070313 1.356445 -1.940749 -0.170989 2.830772
    22 32.968750 -14.375000 74.875000 -3.141593 0.000000 3.141593
    23 0.000000 0.207031 0.009140 0.000000 0.000000 0.000000
    24 -6.250000 -0.000002 0.000004 0.000000 0.000000 0.000000
    25 13.601563 -14.679688 84.437500 -0.057762 0.445706 -0.253592
    26 11.039063 -2.759766 2.041016 -0.263153 -0.211575 0.098239
    27 8.476563 9.398438 15.687500 -1.178097 0.000000 0.000000
    28 -9.953125 3.416016 -54.781250 0.000000 0.000000 0.000000
    29 19.640625 -0.436035 0.000000 0.000000 0.000000 0.000000
    30 -8.015625 0.036713 0.530762 1.570796 0.000000 1.570796
  time 5
    0 -33.687500 -0.000004 32.312500 1.570792 0.002895 1.567901
    1 -25.390625 9.476563 -60.000000 0.007332 -0.264982 -1.495667
    2 -25.500000 6.121094 74.562500 0.268790 0.005622 -3.065400
    3 -4.093750 -12.898438 -54.187500 -3.141593 0.000000 -3.141593
    4 36.093750 0.139771 -0.183838 -3.141593 0.000000 3.141593
    5 19.640625 0.445557 -0.155884 -3.110697 -0.265014 1.495667
    6 0.015686 -10.796875 66.625000 0.000000 0.000000 0.000000
    7 25.500000 6.121094 74.562500 2.876375 -0.019554 -0.071299
    8 4.093750 -12.898438 -54.187500 0.000000 0.000000 0.000000
    9 36.093750 0.139771 0.183838 -3.141593 0.000000 -3.141593
    10 19.562500 0.449951 0.159302 -0.024235 0.265132 1.494182
    11 25.343750 9.476563 -60.000000 0.007113 -0.265133 -1.647399
    12 15.757933 17.869008 -11.384843 0.464043 -1.467068 -2.124084
    13 -16.015625 9.289063 50.312500 0.000000 0.000000 0.000000
    14 0.019745 5.535156 -0.213135 0.000000 -1.570796 -1.570796
    15 0.000002 0.000002 0.000000 0.000000 0.000000 0.000000
    16 5.378906 8.585938 27.375000 -1.230457 0.000000 0.000000
    17 -32.968750 -14.375000 74.875000 0.000000 0.000000 0.000000
    18 -0.000004 0.207031 -0.009148 0.000000 0.000000 0.000000
    19 -6.250000 0.000002 0.000000 0.000000 0.000000 0.000000
    20 -13.601563 -14.679688 84.437500 -1.655486 0.445706 -2.888000
    21 10.992188 -2.070313 1.356445 -1.940749 -0.170989 2.830772
    22 32.968750 -14.375000 74.875000 -3.141593 0.000000 3.141593
    23 0.000000 0.207031 0.009140 0.000000 0.000000 0.000000
    24 -6.250000 -0.000002 0.000004 0.000000 0.000000 0.000000
    25 13.601563 -14.679688 84.437500 -0.057762 0.445706 -0.253592
    26 11.039063 -2.759766 2.041016 -0.263153 -0.211575 0.098239
    27 8.476563 9.398438 15.687500 -1.178097 0.000000 0.000000
    28 -9.953125 3.416016 -54.781250 0.000000 0.000000 0.000000
    29 19.640625 -0.436035 0.000000 0.000000 0.000000 0.000000
    30 -8.015625 0.036713 0.530762 1.570796 0.000000 1.570796
  time 6
    0 -33.687500 -0.000004 32.312500 1.570792 0.002895 1.567901
    1 -25.390625 9.476563 -60.000000 0.007332 -0.264982 -1.495667
    2 -25.500000 6.121094 74.562500 0.268790 0.005622 -3.065400
    3 -4.093750 -12.898438 -54.187500 -3.141593 0.000000 -3.141593
    4 36.093750 0.139771 -0.183838 -3.141593 0.000000 3.141593
    5 19.640625 0.445557 -0.155884 -3.110697 -0.265014 1.495667
    6 0.015686 -10.796875 66.625000 0.000000 0.000000 0.000000
    7 25.500000 6.121094 74.562500 2.876375 -0.019554 -0.071299
    8 4.093750 -12.898438 -54.187500 0.000000 0.000000 0.000000
    9 36.093750 0.139771 0.183838 -3.141593 0.000000 -3.141593
    10 19.562500 0.449951 0.159302 -0.024235 0.265132 1.494182
    11 25.343750 9.476563 -60.000000 0.007113 -0.265133 -1.647399
    12 17.855653 17.185393 -11.384843 0.498559 -1.429418 -2.195222
    13 -16.015625 9.289063 50.312500 0.000000 0.000000 0.000000
    14 0.019745 5.535156 -0.213135 0.000000 -1.570796 -1.570796
    15 0.000002 0.000002 0.000000 0.000000 0.000000 0.000000
    16 5.378906 8.585938 27.375000 -1.230457 0.000000 0.000000
    17 -32.968750 -14.375000 74.875000 0.000000 0.000000 0.000000
    18 -0.000004 0.207031 -0.009148 0.000000 0.000000 0.000000
    19 -6.250000 0.000002 0.000000 0.000000 0.000000 0.000000
    20 -13.601563 -14.679688 84.437500 -1.655486 0.445706 -2.888000
    21 10.992188 -2.070313 1.356445 -1.940749 -0.170989 2.830772
    22 32.968750 -14.375000 74.875000 -3.141593 0.000000 3.141593
    23 0.000000 0.207031 0.009140 0.000000 0.000000 0.000000
    24 -6.250000 -0.000002 0.000004 0.000000 0.000000 0.000000
    25 13.601563 -14.679688 84.437500 -0.057762 0.445706 -0.253592
    26 11.039063 -2.759766 2.041016 -0.263153 -0.211575 0.098239
    27 8.476563 9.398438 15.687500 -1.178097 0.000000 0.000000
    28 -9.953125 3.416016 -54.781250 0.000000 0.000000 0.000000
    29 19.640625 -0.436035 0.000000 0.000000 0.000000 0.000000
    30 -8.015625 0.036713 0.530762 1.570796 0.000000 1.570796
  time 7
    0 -33.687500 -0.000004 32.312500 1.570792 0.002895 1.567901
    1 -25.390625 9.476563 -60.000000 0.007332 -0.264982 -1.495667
    2 -25.500000 6.121094 74.562500 0.268790 0.005622 -3.065400
    3 -4.093750 -12.898438 -54.187500 -3.141593 0.000000 -3.141593
    4 36.093750 0.139771 -0.183838 -3.141593 0.000000 3.141593
    5 19.640625 0.445557 -0.155884 -3.110697 -0.265014 1.495667
    6 0.015686 -10.796875 66.625000 0.000000 0.000000 0.000000
    7 25.500000 6.121094 74.562500 2.876375 -0.019554 -0.071299
    8 4.093750 -12.898438 -54.187500 0.000000 0.000000 0.000000
    9 36.093750 0.139771 0.183838 -3.141593 0.000000 -3.141593
    10 19.562500 0.449951 0.159302 -0.024235 0.265132 1.494182
    11 25.343750 9.476563 -60.000000 0.007113 -0.265133 -1.647399
    12 20.054939 16.396306 -11.384843 0.529719 -1.389213 -2.267799
    13 -16.015625 9.289063 50.312500 0.000000 0.000000 0.000000
    14 0.019745 5.535156 -0.213135 0.000000 -1.570796 -1.570796
    15 0.000002 0.000002 0.000000 0.000000 0.000000 0.000000
    16 5.378906 8.585938 27.375000 -1.230457 0.000000 0.000000
    17 -32.968750 -14.375000 74.875000 0.000000 0.000000 0.000000
    18 -0.000004 0.207031 -0.009148 0.000000 0.000000 0.000000
    19 -6.250000 0.000002 0.000000 0.000000 0.000000 0.000000
    20 -13.601563 -14.679688 84.437500 -1.655486 0.445706 -2.888000
    21 10.992188 -2.070313 1.356445 -1.940749 -0.170989 2.830772
    22 32.968750 -14.375000 74.875000 -3.141593 0.000000 3.141593
    23 0.000000 0.207031 0.009140 0.000000 0.000000 0.000000
    24 -6.250000 -0.000002 0.000004 0.000000 0.000000 0.000000
    25 13.601563 -14.679688 84.437500 -0.057762 0.445706 -0.253592
    26 11.039063 -2.759766 2.041016 -0.263153 -0.211575 0.098239
    27 8.476563 9.398438 15.687500 -1.178097 0.000000 0.000000
    28 -9.953125 3.416016 -54.781250 0.000000 0.000000 0.000000
    29 19.640625 -0.436035 0.000000 0.000000 0.000000 0.000000
    30 -8.015625 0.036713 0.530762 1.570796 0.000000 1.570796
  time 8
    0 -33.687500 -0.000004 32.312500 1.570792 0.002895 1.567901
    1 -25.390625 9.476563 -60.000000 0.007332 -0.264982 -1.495667
    2 -25.500000 6.121094 74.562500 0.268790 0.005622 -3.065400
    3 -4.093750 -12.898438 -54.187500 -3.141593 0.000000 -3.141593
    4 36.093750 0.139771 -0.183838 -3.141593 0.000000 3.141593
    5 19.640625 0.445557 -0.155884 -3.110697 -0.265014 1.495667
    6 0.015686 -10.796875 66.625000 0.000000 0.000000 0.000000
    7 25.500000 6.121094 74.562500 2.876375 -0.019554 -0.071299
    8 4.093750 -12.898438 -54.187500 0.000000 0.000000 0.000000
    9 36.093750 0.139771 0.183838 -3.141593 0.000000 -3.141593
    10 19.562500 0.449951 0.159302 -0.024235 0.265132 1.494182
    11 25.343750 9.476563 -60.000000 0.007113 -0.265133 -1.647399
    12 22.324540 15.490029 -11.384843 0.556852 -1.347846 -2.340854
    13 -16.015625 9.289063 50.312500 0.000000 0.000000 0.000000
    14 0.019745 5.535156 -0.213135 0.000000 -1.570796 -1.570796
    15 0.000002 0.000002 0.000000 0.000000 0.000000 0.000000
    16 5.378906 8.585938 27.375000 -1.230457 0.000000 0.000000
    17 -32.968750 -14.375000 74.875000 0.000000 0.000000 0.000000
    18 -0.000004 0.207031 -0.009148 0.000000 0.000000 0.000000
    19 -6.250000 0.000002 0.000000 0.000000 0.000000 0.000000
    20 -13.601563 -14.679688 84.437500 -1.655486 0.445706 -2.888000
    21 10.992188 -2.070313 1.356445 -1.940749 -0.170989 2.830772
    22 32.968750 -14.375000 74.875000 -3.141593 0.000000 3.141593
    23 0.000000 0.207031 0.009140 0.000000 0.000000 0.000000
    24 -6.250000 -0.000002 0.000004 0.000000 0.000000 0.000000
    25 13.601563 -14.679688 84.437500 -0.057762 0.445706 -0.253592
    26 11.039063 -2.759766 2.041016 -0.263153 -0.211575 0.098239
    27 8.476563 9.398438 15.687500 -1.178097 0.000000 0.000000
    28 -9.953125 3.416016 -54.781250 0.000000 0.000000 0.000000
    29 19.640625 -0.436035 0.000000 0.000000 0.000000 0.000000
    30 -8.015625 0.036713 0.530762 1.570796 0.000000 1.570796
  time 9
    0 -33.687500 -0.000004 32.312500 1.570792 0.002895 1.567901
    1 -25.390625 9.476563 -60.000000 0.007332 -0.264982 -1.495667
    2 -25.500000 6.121094 74.562500 0.268790 0.005622 -3.065400
    3 -4.093750 -12.898438 -54.187500 -3.141593 0.000000 -3.141593
    4 36.093750 0.139771 -0.183838 -3.141593 0.000000 3.141593
    5 19.640625 0.445557 -0.155884 -3.110697 -0.265014 1.495667
    6 0.015686 -10.796875 66.625000 0.000000 0.000000 0.000000
    7 25.500000 6.121094 74.562500 2.876375 -0.019554 -0.071299
    8 4.093750 -12.898438 -54.187500 0.000000 0.000000 0.000000
    9 36.093750 0.139771 0.183838 -3.141593 0.000000 -3.141593
    10 19.562500 0.449951 0.159302 -0.024235 0.265132 1.494182
    11 25.343750 9.476563 -60.000000 0.007113 -0.265133 -1.647399
    12 24.633204 14.447028 -11.384843 0.579287 -1.307330 -2.413431
    13 -16.015625 9.289063 50.312500 0.000000 0.000000 0.000000
    14 0.019745 5.535156 -0.213135 0.000000 -1.570796 -1.570796
    15 0.000002 0.000002 0.000000 0.000000 0.000000 0.000000
    16 5.378906 8.585938 27.375000 -1.230457 0.000000 0.000000
    17 -32.968750 -14.375000 74.875000 0.000000 0.000000 0.000000
    18 -0.000004 0.207031 -0.009148 0.000000 0.000000 0.000000
    19 -6.250000 0.000002 0.000000 0.000000 0.000000 0.000000
    20 -13.601563 -14.679688 84.437500 -1.655486 0.445706 -2.888000
    21 10.992188 -2.070313 1.356445 -1.940749 -0.170989 2.830772
    22 32.968750 -14.375000 74.875000 -3.141593 0.000000 3.141593
    23 0.000000 0.207031 0.009140 0.000000 0.000000 0.000000
    24 -6.250000 -0.000002 0.000004 0.000000 0.000000 0.000000
    25 13.601563 -14.679688 84.437500 -0.057762 0.445706 -0.253592
    26 11.039063 -2.759766 2.041016 -0.263153 -0.211575 0.098239
    27 8.476563 9.398438 15.687500 -1.178097 0.000000 0.000000
    28 -9.953125 3.416016 -54.781250 0.000000 0.000000 0.000000
    29 19.640625 -0.436035 0.000000 0.000000 0.000000 0.000000
    30 -8.015625 0.036713 0.530762 1.570796 0.000000 1.570796
  time 10
    0 -33.687500 -0.000004 32.312500 1.570792 0.002895 1.567901
    1 -25.390625 9.476563 -60.000000 0.007332 -0.264982 -1.495667
    2 -25.500000 6.121094 74.562500 0.268790 0.005622 -3.065400
    3 -4.093750 -12.898438 -54.187500 -3.141593 0.000000 -3.141593
    4 36.093750 0.139771 -0.183838 -3.141593 0.000000 3.141593
    5 19.640625 0.445557 -0.155884 -3.110697 -0.265014 1.495667
    6 0.015686 -10.796875 66.625000 0.000000 0.000000 0.000000
    7 25.500000 6.121094 74.562500 2.876375 -0.019554 -0.071299
    8 4.093750 -12.898438 -54.187500 0.000000 0.000000 0.000000
    9 36.093750 0.139771 0.183838 -3.141593 0.000000 -3.141593
    10 19.562500 0.449951 0.159302 -0.024235 0.265132 1.494182
    11 25.343750 9.476563 -60.000000 0.007113 -0.265133 -1.647399
    12 26.949681 13.259492 -11.384843 0.596641 -1.269681 -2.485240
    13 -16.015625 9.289063 50.312500 0.000000 0.000000 0.000000
    14 0.019745 5.535156 -0.213135 0.000000 -1.570796 -1.570796
    15 0.000002 0.000002 0.000000 0.000000 0.000000 0.000000
    16 5.378906 8.585938 27.375000 -1.230457 0.000000 0.000000
    17 -32.968750 -14.375000 74.875000 0.000000 0.000000 0.000000
    18 -0.000004 0.207031 -0.009148 0.000000 0.000000 0.000000
    19 -6.250000 0.000002 0.000000 0.000000 0.000000 0.000000
    20 -13.601563 -14.679688 84.437500 -1.655486 0.445706 -2.888000
    21 10.992188 -2.070313 1.356445 -1.940749 -0.170989 2.830772
    22 32.968750 -14.375000 74.875000 -3.141593 0.000000 3.141593
    23 0.000000 0.207031 0.009140 0.000000 0.000000 0.000000
    24 -6.250000 -0.000002 0.000004 0.000000 0.000000 0.000000
    25 13.601563 -14.679688 84.437500 -0.057762 0.445706 -0.253592
    26 11.039063 -2.759766 2.041016 -0.263153 -0.211575 0.098239
    27 8.476563 9.398438 15.687500 -1.178097 0.000000 0.000000
    28 -9.953125 3.416016 -54.781250 0.000000 0.000000 0.000000
    29 19.640625 -0.436035 0.000000 0.000000 0.000000 0.000000
    30 -8.015625 0.036713 0.530762 1.570796 0.000000 1.570796
  time 11
    0 -33.687500 -0.000004 32.312500 1.570792 0.002895 1.567901
    1 -25.390625 9.476563 -60.000000 0.007332 -0.264982 -1.495667
    2 -25.500000 6.121094 74.562500 0.268790 0.005622 -3.065400
    3 -4.093750 -12.898438 -54.187500 -3.141593 0.000000 -3.141593
    4 36.093750 0.139771 -0.183838 -3.141593 0.000000 3.141593
    5 19.640625 0.445557 -0.155884 -3.110697 -0.265014 1.495667
    6 0.015686 -10.796875 66.625000 0.000000 0.000000 0.000000
    7 25.500000 6.121094 74.562500 2.876375 -0.019554 -0.071299
    8 4.093750 -12.898438 -54.187500 0.000000 0.000000 0.000000
    9 36.093750 0.139771 0.183838 -3.141593 0.000000 -3.141593
    10 19.562500 0.449951 0.159302 -0.024235 0.265132 1.494182
    11 25.343750 9.476563 -60.000000 0.007113 -0.265133 -1.647399
    12 29.246626 11.903982 -11.384843 0.608721 -1.237455 -2.556091
    13 -16.015625 9.289063 50.312500 0.000000 0.000000 0.000000
    14 0.019745 5.535156 -0.213135 0.000000 -1.570796 -1.570796
    15 0.000002 0.000002 0.000000 0.000000 0.000000 0.000000
    16 5.378906 8.585938 27.375000 -1.230457 0.000000 0.000000
    17 -32.968750 -14.375000 74.875000 0.000000 0.000000 0.000000
    18 -0.000004 0.207031 -0.009148 0.000000 0.000000 0.000000
    19 -6.250000 0.000002 0.000000 0.000000 0.000000 0.000000
    20 -13.601563 -14.679688 84.437500 -1.655486 0.445706 -2.888000
    21 10.992188 -2.070313 1.356445 -1.940749 -0.170989 2.830772
    22 32.968750 -14.375000 74.875000 -3.141593 0.000000 3.141593
    23 0.000000 0.207031 0.009140 0.000000 0.000000 0.000000
    24 -6.250000 -0.000002 0.000004 0.000000 0.000000 0.000000
    25 13.601563 -14.679688 84.437500 -0.057762 0.445706 -0.253592
    26 11.039063 -2.759766 2.041016 -0.263153 -0.211575 0.098239
    27 8.476563 9.398438 15.687500 -1.178097 0.000000 0.000000
    28 -9.953125 3.416016 -54.781250 0.000000 0.000000 0.000000
    29 19.640625 -0.436035 0.000000 0.000000 0.000000 0.000000
    30 -8.015625 0.036713 0.530762 1.570796 0.000000 1.570796
  time 12
    0 -33.687500 -0.000004 32.312500 1.570792 0.002895 1.567901
    1 -25.390625 9.476563 -60.000000 0.007332 -0.264982 -1.495667
    2 -25.500000 6.121094 74.562500 0.268790 0.005622 -3.065400
    3 -4.093750 -12.898438 -54.187500 -3.141593 0.000000 -3.141593
    4 36.093750 0.139771 -0.183838 -3.141593 0.000000 3.141593
    5 19.640625 0.445557 -0.155884 -3.110697 -0.265014 1.495667
    6 0.015686 -10.796875 66.625000 0.000000 0.000000 0.000000
    7 25.500000 6.121094 74.562500 2.876375 -0.019554 -0.071299
    8 4.093750 -12.898438 -54.187500 0.000000 0.000000 0.000000
    9 36.093750 0.139771 0.183838 -3.141593 0.000000 -3.141593
    10 19.562500 0.449951 0.159302 -0.024235 0.265132 1.494182
    11 25.343750 9.476563 -60.000000 0.007113 -0.265133 -1.647399
    12 31.492788 10.360966 -11.384843 0.615337 -1.213595 -2.626079
    13 -16.015625 9.289063 50.312500 0.000000 0.000000 0.000000
    14 0.019745 5.535156 -0.213135 0.000000 -1.570796 -1.570796
    15 0.000002 0.000002 0.000000 0.000000 0.000000 0.000000
    16 5.378906 8.585938 27.375000 -1.230457 0.000000 0.000000
    17 -32.968750 -14.375000 74.875000 0.000000 0.000000 0.000000
    18 -0.000004 0.207031 -0.009148 0.000000 0.000000 0.000000
    19 -6.250000 0.000002 0.000000 0.000000 0.000000 0.000000
    20 -13.601563 -14.679688 84.437500 -1.655486 0.445706 -2.888000
    21 10.992188 -2.070313 1.356445 -1.940749 -0.170989 2.830772
    22 32.968750 -14.375000 74.875000 -3.141593 0.000000 3.141593
    23 0.000000 0.207031 0.009140 0.000000 0.000000 0.000000
    24 -6.250000 -0.000002 0.000004 0.000000 0.000000 0.000000
    25 13.601563 -14.679688 84.437500 -0.057762 0.445706 -0.253592
    26 11.039063 -2.759766 2.041016 -0.263153 -0.211575 0.098239
    27 8.476563 9.398438 15.687500 -1.178097 0.000000 0.000000
    28 -9.953125 3.416016 -54.781250 0.000000 0.000000 0.000000
    29 19.640625 -0.436035 0.000000 0.000000 0.000000 0.000000
    30 -8.015625 0.036713 0.530762 1.570796 0.000000 1.570796
  time 13
    0 -33.687500 -0.000004 32.312500 1.570792 0.002895 1.567901
    1 -25.390625 9.476563 -60.000000 0.007332 -0.264982 -1.495667
    2 -25.500000 6.121094 74.562500 0.268790 0.005622 -3.065400
    3 -4.093750 -12.898438 -54.187500 -3.141593 0.000000 -3.141593
    4 36.093750 0.139771 -0.183838 -3.141593 0.000000 3.141593
    5 19.640625 0.445557 -0.155884 -3.110697 -0.265014 1.495667
    6 0.015686 -10.796875 66.625000 0.000000 0.000000 0.000000
    7 25.500000 6.121094 74.562500 2.876375 -0.019554 -0.071299
    8 4.093750 -12.898438 -54.187500 0.000000 0.000000 0.000000
    9 36.093750 0.139771 0.183838 -3.141593 0.000000 -3.141593
    10 19.562500 0.449951 0.159302 -0.024235 0.265132 1.494182
    11 25.343750 9.476563 -60.000000 0.007113 -0.265133 -1.647399
    12 33.633479 8.607006 -11.384843 0.615433 -1.195235 -2.693958
    13 -16.015625 9.289063 50.312500 0.000000 0.000000 0.000000
    14 0.019745 5.535156 -0.213135 0.000000 -1.570796 -1.570796
    15 0.000002 0.000002 0.000000 0.000000 0.000000 0.000000
    16 5.378906 8.585938 27.375000 -1.230457 0.000000 0.000000
    17 -32.968750 -14.375000 74.875000 0.000000 0.000000 0.000000
    18 -0.000004 0.207031 -0.009148 0.000000 0.000000 0.000000
    19 -6.250000 0.000002 0.000000 0.000000 0.000000 0.000000
    20 -13.601563 -14.679688 84.437500 -1.655486 0.445706 -2.888000
    21 10.992188 -2.070313 1.356445 -1.940749 -0.170989 2.830772
    22 32.968750 -14.375000 74.875000 -3.141593 0.000000 3.141593
    23 0.000000 0.207031 0.009140 0.000000 0.000000 0.000000
    24 -6.250000 -0.000002 0.000004 0.000000 0.000000 0.000000
    25 13.601563 -14.679688 84.437500 -0.057762 0.445706 -0.253592
    26 11.039063 -2.759766 2.041016 -0.263153 -0.211575 0.098239
    27 8.476563 9.398438 15.687500 -1.178097 0.000000 0.000000
    28 -9.953125 3.416016 -54.781250 0.000000 0.000000 0.000000
    29 19.640625 -0.436035 0.000000 0.000000 0.000000 0.000000
    30 -8.015625 0.036713 0.530762 1.570796 0.000000 1.570796
  time 14
    0 -33.687500 -0.000004 32.312500 1.570792 0.002895 1.567901
    1 -25.390625 9.476563 -60.000000 0.007332 -0.264982 -1.495667
    2 -25.500000 6.121094 74.562500 0.268790 0.005622 -3.065400
    3 -4.093750 -12.898438 -54.187500 -3.141593 0.000000 -3.141593
    4 36.093750 0.139771 -0.183838 -3.141593 0.000000 3.141593
    5 19.640625 0.445557 -0.155884 -3.110697 -0.265014 1.495667
    6 0.015686 -10.796875 66.625000 0.000000 0.000000 0.000000
    7 25.500000 6.121094 74.562500 2.876375 -0.019554 -0.071299
    8 4.093750 -12.898438 -54.187500 0.000000 0.000000 0.000000
    9 36.093750 0.139771 0.183838 -3.141593 0.000000 -3.141593
    10 19.562500 0.449951 0.159302 -0.024235 0.265132 1.494182
    11 25.343750 9.476563 -60.000000 0.007113 -0.265133 -1.647399
    12 35.625727 6.622571 -11.384843 0.608817 -1.177883 -2.758673
    13 -16.015625 9.289063 50.312500 0.000000 0.000000 0.000000
    14 0.019745 5.535156 -0.213135 0.000000 -1.570796 -1.570796
    15 0.000002 0.000002 0.000000 0.000000 0.000000 0.000000
    16 5.378906 8.585938 27.375000 -1.230457 0.000000 0.000000
    17 -32.968750 -14.375000 74.875000 0.000000 0.000000 0.000000
    18 -0.000004 0.207031 -0.009148 0.000000 0.000000 0.000000
    19 -6.250000 0.000002 0.000000 0.000000 0.000000 0.000000
    20 -13.601563 -14.679688 84.437500 -1.655486 0.445706 -2.888000
    21 10.992188 -2.070313 1.356445 -1.940749 -0.170989 2.830772
    22 32.968750 -14.375000 74.875000 -3.141593 0.000000 3.141593
    23 0.000000 0.207031 0.009140 0.000000 0.000000 0.000000
    24 -6.250000 -0.000002 0.000004 0.000000 0.000000 0.000000
    25 13.601563 -14.679688 84.437500 -0.057762 0.445706 -0.253592
    26 11.039063 -2.759766 2.041016 -0.263153 -0.211575 0.098239
    27 8.476563 9.398438 15.687500 -1.178097 0.000000 0.000000
    28 -9.953125 3.416016 -54.781250 0.000000 0.000000 0.000000
    29 19.640625 -0.436035 0.000000 0.000000 0.000000 0.000000
    30 -8.015625 0.036713 0.530762 1.570796 0.000000 1.570796
  time 15
    0 -33.687500 -0.000004 32.312500 1.570792 0.002895 1.567901
    1 -25.390625 9.476563 -60.000000 0.007332 -0.264982 -1.495667
    2 -25.500000 6.121094 74.562500 0.268790 0.005622 -3.065400
    3 -4.093750 -12.898438 -54.187500 -3.141593 0.000000 -3.141593
    4 36.093750 0.139771 -0.183838 -3.141593 0.000000 3.141593
    5 19.640625 0.445557 -0.155884 -3.110697 -0.265014 1.495667
    6 0.015686 -10.796875 66.625000 0.000000 0.000000 0.000000
    7 25.500000 6.121094 74.562500 2.876375 -0.019554 -0.071299
    8 4.093750 -12.898438 -54.187500 0.000000 0.000000 0.000000
    9 36.093750 0.139771 0.183838 -3.141593 0.000000 -3.141593
    10 19.562500 0.449951 0.159302 -0.024235 0.265132 1.494182
    11 25.343750 9.476563 -60.000000 0.007113 -0.265133 -1.647399
    12 37.399219 4.407659 -11.384843 0.596066 -1.162234 -2.820799
    13 -16.015625 9.289063 50.312500 0.000000 0.000000 0.000000
    14 0.019745 5.535156 -0.213135 0.000000 -1.570796 -1.570796
    15 0.000002 0.000002 0.000000 0.000000 0.000000 0.000000
    16 5.378906 8.585938 27.375000 -1.230457 0.000000 0.000000
    17 -32.968750 -14.375000 74.875000 0.000000 0.000000 0.000000
    18 -0.000004 0.207031 -0.009148 0.000000 0.000000 0.000000
    19 -6.250000 0.000002 0.000000 0.000000 0.000000 0.000000
    20 -13.601563 -14.679688 84.437500 -1.655486 0.445706 -2.888000
    21 10.992188 -2.070313 1.356445 -1.940749 -0.170989 2.830772
    22 32.968750 -14.375000 74.875000 -3.141593 0.000000 3.141593
    23 0.000000 0.207031 0.009140 0.000000 0.000000 0.000000
    24 -6.250000 -0.000002 0.000004 0.000000 0.000000 0.000000
    25 13.601563 -14.679688 84.437500 -0.057762 0.445706 -0.253592
    26 11.039063 -2.759766 2.041016 -0.263153 -0.211575 0.098239
    27 8.476563 9.398438 15.687500 -1.178097 0.000000 0.000000
    28 -9.953125 3.416016 -54.781250 0.000000 0.000000 0.000000
    29 19.640625 -0.436035 0.000000 0.000000 0.000000 0.000000
    30 -8.015625 0.036713 0.530762 1.570796 0.000000 1.570796
  time 16
    0 -33.687500 -0.000004 32.312500 1.570792 0.002895 1.567901
    1 -25.390625 9.476563 -60.000000 0.007332 -0.264982 -1.495667
    2 -25.500000 6.121094 74.562500 0.268790 0.005622 -3.065400
    3 -4.093750 -12.898438 -54.187500 -3.141593 0.000000 -3.141593
    4 36.093750 0.139771 -0.183838 -3.141593 0.000000 3.141593
    5 19.640625 0.445557 -0.155884 -3.110697 -0.265014 1.495667
    6 0.015686 -10.796875 66.625000 0.000000 0.000000 0.000000
    7 25.500000 6.121094 74.562500 2.876375 -0.019554 -0.071299
    8 4.093750 -12.898438 -54.187500 0.000000 0.000000 0.000000
    9 36.093750 0.139771 0.183838 -3.141593 0.000000 -3.141593
    10 19.562500 0.449951 0.159302 -0.024235 0.265132 1.494182
    11 25.343750 9.476563 -60.000000 0.007113 -0.265133 -1.647399
    12 38.899264 1.962272 -11.384843 0.577945 -1.148832 -2.880720
    13 -16.015625 9.289063 50.312500 0.000000 0.000000 0.000000
    14 0.019745 5.535156 -0.213135 0.000000 -1.570796 -1.570796
    15 0.000002 0.000002 0.000000 0.000000 0.000000 0.000000
    16 5.378906 8.585938 27.375000 -1.230457 0.000000 0.000000
    17 -32.968750 -14.375000 74.875000 0.000000 0.000000 0.000000
    18 -0.000004 0.207031 -0.009148 0.000000 0.000000 0.000000
    19 -6.250000 0.000002 0.000000 0.000000 0.000000 0.000000
    20 -13.601563 -14.679688 84.437500 -1.655486 0.445706 -2.888000
    21 10.992188 -2.070313 1.356445 -1.940749 -0.170989 2.830772
    22 32.968750 -14.375000 74.875000 -3.141593 0.000000 3.141593
    23 0.000000 0.207031 0.009140 0.000000 0.000000 0.000000
    24 -6.250000 -0.000002 0.000004 0.000000 0.000000 0.000000
    25 13.601563 -14.679688 84.437500 -0.057762 0.445706 -0.253592
    26 11.039063 -2.759766 2.041016 -0.263153 -0.211575 0.098239
    27 8.476563 9.398438 15.687500 -1.178097 0.000000 0.000000
    28 -9.953125 3.416016 -54.781250 0.000000 0.000000 0.000000
    29 19.640625 -0.436035 0.000000 0.000000 0.000000 0.000000
    30 -8.015625 0.036713 0.530762 1.570796 0.000000 1.570796
  time 17
    0 -33.687500 -0.000004 32.312500 1.570792 0.002895 1.567901
    1 -25.390625 9.476563 -60.000000 0.007332 -0.264982 -1.495667
    2 -25.500000 6.121094 74.562500 0.268790 0.005622 -3.065400
    3 -4.093750 -12.898438 -54.187500 -3.141593 0.000000 -3.141593
    4 36.093750 0.139771 -0.183838 -3.141593 0.000000 3.141593
    5 19.640625 0.445557 -0.155884 -3.110697 -0.265014 1.495667
    6 0.015686 -10.796875 66.625000 0.000000 0.000000 0.000000
    7 25.500000 6.121094 74.562500 2.876375 -0.019554 -0.071299
    8 4.093750 -12.898438 -54.187500 0.000000 0.000000 0.000000
    9 36.093750 0.139771 0.183838 -3.141593 0.000000 -3.141593
    10 19.562500 0.449951 0.159302 -0.024235 0.265132 1.494182
    11 25.343750 9.476563 -60.000000 0.007113 -0.265133 -1.647399
    12 40.082894 -0.674527 -11.384843 0.554934 -1.138219 -2.938724
    13 -16.015625 9.289063 50.312500 0.000000 0.000000 0.000000
    14 0.019745 5.535156 -0.213135 0.000000 -1.570796 -1.570796
    15 0.000002 0.000002 0.000000 0.000000 0.000000 0.000000
    16 5.378906 8.585938 27.375000 -1.230457 0.000000 0.000000
    17 -32.968750 -14.375000 74.875000 0.000000 0.000000 0.000000
    18 -0.000004 0.207031 -0.009148 0.000000 0.000000 0.000000
    19 -6.250000 0.000002 0.000000 0.000000 0.000000 0.000000
    20 -13.601563 -14.679688 84.437500 -1.655486 0.445706 -2.888000
    21 10.992188 -2.070313 1.356445 -1.940749 -0.170989 2.830772
    22 32.968750 -14.375000 74.875000 -3.141593 0.000000 3.141593
    23 0.000000 0.207031 0.009140 0.000000 0.000000 0.000000
    24 -6.250000 -0.000002 0.000004 0.000000 0.000000 0.000000
    25 13.601563 -14.679688 84.437500 -0.057762 0.445706 -0.253592
    26 11.039063 -2.759766 2.041016 -0.263153 -0.211575 0.098239
    27 8.476563 9.398438 15.687500 -1.178097 0.000000 0.000000
    28 -9.953125 3.416016 -54.781250 0.000000 0.000000 0.000000
    29 19.640625 -0.436035 0.000000 0.000000 0.000000 0.000000
    30 -8.015625 0.036713 0.530762 1.570796 0.000000 1.570796
  time 18
    0 -33.687500 -0.000004 32.312500 1.570792 0.002895 1.567901
    1 -25.390625 9.476563 -60.000000 0.007332 -0.264982 -1.495667
    2 -25.500000 6.121094 74.562500 0.268790 0.005622 -3.065400
    3 -4.093750 -12.898438 -54.187500 -3.141593 0.000000 -3.141593
    4 36.093750 0.139771 -0.183838 -3.141593 0.000000 3.141593
    5 19.640625 0.445557 -0.155884 -3.110697 -0.265014 1.495667
    6 0.015686 -10.796875 66.625000 0.000000 0.000000 0.000000
    7 25.500000 6.121094 74.562500 2.876375 -0.019554 -0.071299
    8 4.093750 -12.898438 -54.187500 0.000000 0.000000 0.000000
    9 36.093750 0.139771 0.183838 -3.141593 0.000000 -3.141593
    10 19.562500 0.449951 0.159302 -0.024235 0.265132 1.494182
    11 25.343750 9.476563 -60.000000 0.007113 -0.265133 -1.647399
    12 40.930576 -3.463675 -11.384843 0.527418 -1.130473 -2.994714
    13 -16.015625 9.289063 50.312500 0.000000 0.000000 0.000000
    14 0.019745 5.535156 -0.213135 0.000000 -1.570796 -1.570796
    15 0.000002 0.000002 0.000000 0.000000 0.000000 0.000000
    16 5.378906 8.585938 27.375000 -1.230457 0.000000 0.000000
    17 -32.968750 -14.375000 74.875000 0.000000 0.000000 0.000000
    18 -0.000004 0.207031 -0.009148 0.000000 0.000000 0.000000
    19 -6.250000 0.000002 0.000000 0.000000 0.000000 0.000000
    20 -13.601563 -14.679688 84.437500 -1.655486 0.445706 -2.888000
    21 10.992188 -2.070313 1.356445 -1.940749 -0.170989 2.830772
    22 32.968750 -14.375000 74.875000 -3.141593 0.000000 3.141593
    23 0.000000 0.207031 0.009140 0.000000 0.000000 0.000000
    24 -6.250000 -0.000002 0.000004 0.000000 0.000000 0.000000
    25 13.601563 -14.679688 84.437500 -0.057762 0.445706 -0.253592
    26 11.039063 -2.759766 2.041016 -0.263153 -0.211575 0.098239
    27 8.476563 9.398438 15.687500 -1.178097 0.000000 0.000000
    28 -9.953125 3.416016 -54.781250 0.000000 0.000000 0.000000
    29 19.640625 -0.436035 0.000000 0.000000 0.000000 0.000000
    30 -8.015625 0.036713 0.530762 1.570796 0.000000 1.570796
  time 19
    0 -33.687500 -0.000004 32.312500 1.570792 0.002895 1.567901
    1 -25.390625 9.476563 -60.000000 0.007332 -0.264982 -1.495667
    2 -25.500000 6.121094 74.562500 0.268790 0.005622 -3.065400
    3 -4.093750 -12.898438 -54.187500 -3.141593 0.000000 -3.141593
    4 36.093750 0.139771 -0.183838 -3.141593 0.000000 3.141593
    5 19.640625 0.445557 -0.155884 -3.110697 -0.265014 1.495667
    6 0.015686 -10.796875 66.625000 0.000000 0.000000 0.000000
    7 25.500000 6.121094 74.562500 2.876375 -0.019554 -0.071299
    8 4.093750 -12.898438 -54.187500 0.000000 0.000000 0.000000
    9 36.093750 0.139771 0.183838 -3.141593 0.000000 -3.141593
    10 19.562500 0.449951 0.159302 -0.024235 0.265132 1.494182
    11 25.343750 9.476563 -60.000000 0.007113 -0.265133 -1.647399
    12 41.454030 -6.346575 -11.384843 0.495874 -1.125515 -3.048978
    13 -16.015625 9.289063 50.312500 0.000000 0.000000 0.000000
    14 0.019745 5.535156 -0.213135 0.000000 -1.570796 -1.570796
    15 0.000002 0.000002 0.000000 0.000000 0.000000 0.000000
    16 5.378906 8.585938 27.375000 -1.230457 0.000000 0.000000
    17 -32.968750 -14.375000 74.875000 0.000000 0.000000 0.000000
    18 -0.000004 0.207031 -0.009148 0.000000 0.000000 0.000000
    19 -6.250000 0.000002 0.000000 0.000000 0.000000 0.000000
    20 -13.601563 -14.679688 84.437500 -1.655486 0.445706 -2.888000
    21 10.992188 -2.070313 1.356445 -1.940749 -0.170989 2.830772
    22 32.968750 -14.375000 74.875000 -3.141593 0.000000 3.141593
    23 0.000000 0.207031 0.009140 0.000000 0.000000 0.000000
    24 -6.250000 -0.000002 0.000004 0.000000 0.000000 0.000000
    25 13.601563 -14.679688 84.437500 -0.057762 0.445706 -0.253592
    26 11.039063 -2.759766 2.041016 -0.263153 -0.211575 0.098239
    27 8.476563 9.398438 15.687500 -1.178097 0.000000 0.000000
    28 -9.953125 3.416016 -54.781250 0.000000 0.000000 0.000000
    29 19.640625 -0.436035 0.000000 0.000000 0.000000 0.000000
    30 -8.015625 0.036713 0.530762 1.570796 0.000000 1.570796
  time 20
    0 -33.687500 -0.000004 32.312500 1.570792 0.002895 1.567901
    1 -25.390625 9.476563 -60.000000 0.007332 -0.264982 -1.495667
    2 -25.500000 6.121094 74.562500 0.268790 0.005622 -3.065400
    3 -4.093750 -12.898438 -54.187500 -3.141593 0.000000 -3.141593
    4 36.093750 0.139771 -0.183838 -3.141593 0.000000 3.141593
    5 19.640625 0.445557 -0.155884 -3.110697 -0.265014 1.495667
    6 0.015686 -10.796875 66.625000 0.000000 0.000000 0.000000
    7 25.500000 6.121094 74.562500 2.876375 -0.019554 -0.071299
    8 4.093750 -12.898438 -54.187500 0.000000 0.000000 0.000000
    9 36.093750 0.139771 0.183838 -3.141593 0.000000 -3.141593
    10 19.562500 0.449951 0.159302 -0.024235 0.265132 1.494182
    11 25.343750 9.476563 -60.000000 0.007113 -0.265133 -1.647399
    12 41.688412 -9.280258 -11.384843 0.460688 -1.122958 -3.101517
    13 -16.015625 9.289063 50.312500 0.000000 0.000000 0.000000
    14 0.019745 5.535156 -0.213135 0.000000 -1.570796 -1.570796
    15 0.000002 0.000002 0.000000 0.000000 0.000000 0.000000
    16 5.378906 8.585938 27.375000 -1.230457 0.000000 0.000000
    17 -32.968750 -14.375000 74.875000 0.000000 0.000000 0.000000
    18 -0.000004 0.207031 -0.009148 0.000000 0.000000 0.000000
    19 -6.250000 0.000002 0.000000 0.000000 0.000000 0.000000
    20 -13.601563 -14.679688 84.437500 -1.655486 0.445706 -2.888000
    21 10.992188 -2.070313 1.356445 -1.940749 -0.170989 2.830772
    22 32.968750 -14.375000 74.875000 -3.141593 0.000000 3.141593
    23 0.000000 0.207031 0.009140 0.000000 0.000000 0.000000
    24 -6.250000 -0.000002 0.000004 0.000000 0.000000 0.000000
    25 13.601563 -14.679688 84.437500 -0.057762 0.445706 -0.253592
    26 11.039063 -2.759766 2.041016 -0.263153 -0.211575 0.098239
    27 8.476563 9.398438 15.687500 -1.178097 0.000000 0.000000
    28 -9.953125 3.416016 -54.781250 0.000000 0.000000 0.000000
    29 19.640625 -0.436035 0.000000 0.000000 0.000000 0.000000
    30 -8.015625 0.036713 0.530762 1.570796 0.000000 1.570796
  time 21
    0 -33.687500 -0.000004 32.312500 1.570792 0.002895 1.567901
    1 -25.390625 9.476563 -60.000000 0.007332 -0.264982 -1.495667
    2 -25.500000 6.121094 74.562500 0.268790 0.005622 -3.065400
    3 -4.093750 -12.898438 -54.187500 -3.141593 0.000000 -3.141593
    4 36.093750 0.139771 -0.183838 -3.141593 0.000000 3.141593
    5 19.640625 0.445557 -0.155884 -3.110697 -0.265014 1.495667
    6 0.015686 -10.796875 66.625000 0.000000 0.000000 0.000000
    7 25.500000 6.121094 74.562500 2.876375 -0.019554 -0.071299
    8 4.093750 -12.898438 -54.187500 0.000000 0.000000 0.000000
    9 36.093750 0.139771 0.183838 -3.141593 0.000000 -3.141593
    10 19.562500 0.449951 0.159302 -0.024235 0.265132 1.494182
    11 25.343750 9.476563 -60.000000 0.007113 -0.265133 -1.647399
    12 41.661067 -12.233474 -11.384843 0.422433 -1.122649 -3.152714
    13 -16.015625 9.289063 50.312500 0.000000 0.000000 0.000000
    14 0.019745 5.535156 -0.213135 0.000000 -1.570796 -1.570796
    15 0.000002 0.000002 0.000000 0.000000 0.000000 0.000000
    16 5.378906 8.585938 27.375000 -1.230457 0.000000 0.000000
    17 -32.968750 -14.375000 74.875000 0.000000 0.000000 0.000000
    18 -0.000004 0.207031 -0.009148 0.000000 0.000000 0.000000
    19 -6.250000 0.000002 0.000000 0.000000 0.000000 0.000000
    20 -13.601563 -14.679688 84.437500 -1.655486 0.445706 -2.888000
    21 10.992188 -2.070313 1.356445 -1.940749 -0.170989 2.830772
    22 32.968750 -14.375000 74.875000 -3.141593 0.000000 3.141593
    23 0.000000 0.207031 0.009140 0.000000 0.000000 0.000000
    24 -6.250000 -0.000002 0.000004 0.000000 0.000000 0.000000
    25 13.601563 -14.679688 84.437500 -0.057762 0.445706 -0.253592
    26 11.039063 -2.759766 2.041016 -0.263153 -0.211575 0.098239
    27 8.476563 9.398438 15.687500 -1.178097 0.000000 0.000000
    28 -9.953125 3.416016 -54.781250 0.000000 0.000000 0.000000
    29 19.640625 -0.436035 0.000000 0.000000 0.000000 0.000000
    30 -8.015625 0.036713 0.530762 1.570796 0.000000 1.570796
  time 22
    0 -33.687500 -0.000004 32.312500 1.570792 0.002895 1.567901
    1 -25.390625 9.476563 -60.000000 0.007332 -0.264982 -1.495667
    2 -25.500000 6.121094 74.562500 0.268790 0.005622 -3.065400
    3 -4.093750 -12.898438 -54.187500 -3.141593 0.000000 -3.141593
    4 36.093750 0.139771 -0.183838 -3.141593 0.000000 3.141593
    5 19.640625 0.445557 -0.155884 -3.110697 -0.265014 1.495667
    6 0.015686 -10.796875 66.625000 0.000000 0.000000 0.000000
    7 25.500000 6.121094 74.562500 2.876375 -0.019554 -0.071299
    8 4.093750 -12.898438 -54.187500 0.000000 0.000000 0.000000
    9 36.093750 0.139771 0.183838 -3.141593 0.000000 -3.141593
    10 19.562500 0.449951 0.159302 -0.024235 0.265132 1.494182
    11 25.343750 9.476563 -60.000000 0.007113 -0.265133 -1.647399
    12 41.379809 -15.178876 -11.384843 0.381781 -1.124585 -3.202664
    13 -16.015625 9.289063 50.312500 0.000000 0.000000 0.000000
    14 0.019745 5.535156 -0.213135 0.000000 -1.570796 -1.570796
    15 0.000002 0.000002 0.000000 0.000000 0.000000 0.000000
    16 5.378906 8.585938 27.375000 -1.230457 0.000000 0.000000
    17 -32.968750 -14.375000 74.875000 0.000000 0.000000 0.000000
    18 -0.000004 0.207031 -0.009148 0.000000 0.000000 0.000000
    19 -6.250000 0.000002 0.000000 0.000000 0.000000 0.000000
    20 -13.601563 -14.679688 84.437500 -1.655486 0.445706 -2.888000
    21 10.992188 -2.070313 1.356445 -1.940749 -0.170989 2.830772
    22 32.968750 -14.375000 74.875000 -3.141593 0.000000 3.141593
    23 0.000000 0.207031 0.009140 0.000000 0.000000 0.000000
    24 -6.250000 -0.000002 0.000004 0.000000 0.000000 0.000000
    25 13.601563 -14.679688 84.437500 -0.057762 0.445706 -0.253592
    26 11.039063 -2.759766 2.041016 -0.263153 -0.211575 0.098239
    27 8.476563 9.398438 15.687500 -1.178097 0.000000 0.000000
    28 -9.953125 3.416016 -54.781250 0.000000 0.000000 0.000000
    29 19.640625 -0.436035 0.000000 0.000000 0.000000 0.000000
    30 -8.015625 0.036713 0.530762 1.570796 0.000000 1.570796
  time 23
    0 -33.687500 -0.000004 32.312500 1.570792 0.002895 1.567901
    1 -25.390625 9.476563 -60.000000 0.007332 -0.264982 -1.495667
    2 -25.500000 6.121094 74.562500 0.268790 0.005622 -3.065400
    3 -4.093750 -12.898438 -54.187500 -3.141593 0.000000 -3.141593
    4 36.093750 0.139771 -0.183838 -3.141593 0.000000 3.141593
    5 19.640625 0.445557 -0.155884 -3.110697 -0.265014 1.495667
    6 0.015686 -10.796875 66.625000 0.000000 0.000000 0.000000
    7 25.500000 6.121094 74.562500 2.876375 -0.019554 -0.071299
    8 4.093750 -12.898438 -54.187500 0.000000 0.000000 0.000000
    9 36.093750 0.139771 0.183838 -3.141593 0.000000 -3.141593
    10 19.562500 0.449951 0.159302 -0.024235 0.265132 1.494182
    11 25.343750 9.476563 -60.000000 0.007113 -0.265133 -1.647399
    12 40.848543 -18.096934 -11.384843 0.339212 -1.128614 -3.251656
    13 -16.015625 9.289063 50.312500 0.000000 0.000000 0.000000
    14 0.019745 5.535156 -0.213135 0.000000 -1.570796 -1.570796
    15 0.000002 0.000002 0.000000 0.000000 0.000000 0.000000
    16 5.378906 8.585938 27.375000 -1.230457 0.000000 0.000000
    17 -32.968750 -14.375000 74.875000 0.000000 0.000000 0.000000
    18 -0.000004 0.207031 -0.009148 0.000000 0.000000 0.000000
    19 -6.250000 0.000002 0.000000 0.000000 0.000000 0.000000
    20 -13.601563 -14.679688 84.437500 -1.655486 0.445706 -2.888000
    21 10.992188 -2.070313 1.356445 -1.940749 -0.170989 2.830772
    22 32.968750 -14.375000 74.875000 -3.141593 0.000000 3.141593
    23 0.000000 0.207031 0.009140 0.000000 0.000000 0.000000
    24 -6.250000 -0.000002 0.000004 0.000000 0.000000 0.000000
    25 13.601563 -14.679688 84.437500 -0.057762 0.445706 -0.253592
    26 11.039063 -2.759766 2.041016 -0.263153 -0.211575 0.098239
    27 8.476563 9.398438 15.687500 -1.178097 0.000000 0.000000
    28 -9.953125 3.416016 -54.781250 0.000000 0.000000 0.000000
    29 19.640625 -0.436035 0.000000 0.000000 0.000000 0.000000
    30 -8.015625 0.036713 0.530762 1.570796 0.000000 1.570796
  time 24
    0 -33.687500 -0.000004 32.312500 1.570792 0.002895 1.567901
    1 -25.390625 9.476563 -60.000000 0.007332 -0.264982 -1.495667
    2 -25.500000 6.121094 74.562500 0.268790 0.005622 -3.065400
    3 -4.093750 -12.898438 -54.187500 -3.141593 0.000000 -3.141593
    4 36.093750 0.139771 -0.183838 -3.141593 0.000000 3.141593
    5 19.640625 0.445557 -0.155884 -3.110697 -0.265014 1.495667
    6 0.015686 -10.796875 66.625000 0.000000 0.000000 0.000000
    7 25.500000 6.121094 74.562500 2.876375 -0.019554 -0.071299
    8 4.093750 -12.898438 -54.187500 0.000000 0.000000 0.000000
    9 36.093750 0.139771 0.183838 -3.141593 0.000000 -3.141593
    10 19.562500 0.449951 0.159302 -0.024235 0.265132 1.494182
    11 25.343750 9.476563 -60.000000 0.007113 -0.265133 -1.647399
    12 40.086801 -20.964209 -11.384843 0.295492 -1.134501 -3.300168
    13 -16.015625 9.289063 50.312500 0.000000 0.000000 0.000000
    14 0.019745 5.535156 -0.213135 0.000000 -1.570796 -1.570796
    15 0.000002 0.000002 0.000000 0.000000 0.000000 0.000000
    16 5.378906 8.585938 27.375000 -1.230457 0.000000 0.000000
    17 -32.968750 -14.375000 74.875000 0.000000 0.000000 0.000000
    18 -0.000004 0.207031 -0.009148 0.000000 0.000000 0.000000
    19 -6.250000 0.000002 0.000000 0.000000 0.000000 0.000000
    20 -13.601563 -14.679688 84.437500 -1.655486 0.445706 -2.888000
    21 10.992188 -2.070313 1.356445 -1.940749 -0.170989 2.830772
    22 32.968750 -14.375000 74.875000 -3.141593 0.000000 3.141593
    23 0.000000 0.207031 0.009140 0.000000 0.000000 0.000000
    24 -6.250000 -0.000002 0.000004 0.000000 0.000000 0.000000
    25 13.601563 -14.679688 84.437500 -0.057762 0.445706 -0.253592
    26 11.039063 -2.759766 2.041016 -0.263153 -0.211575 0.098239
    27 8.476563 9.398438 15.687500 -1.178097 0.000000 0.000000
    28 -9.953125 3.416016 -54.781250 0.000000 0.000000 0.000000
    29 19.640625 -0.436035 0.000000 0.000000 0.000000 0.000000
    30 -8.015625 0.036713 0.530762 1.570796 0.000000 1.570796
  time 25
    0 -33.687500 -0.000004 32.312500 1.570792 0.002895 1.567901
    1 -25.390625 9.476563 -60.000000 0.007332 -0.264982 -1.495667
    2 -25.500000 6.121094 74.562500 0.268790 0.005622 -3.065400
    3 -4.093750 -12.898438 -54.187500 -3.141593 0.000000 -3.141593
    4 36.093750 0.139771 -0.183838 -3.141593 0.000000 3.141593
    5 19.640625 0.445557 -0.155884 -3.110697 -0.265014 1.495667
    6 0.015686 -10.796875 66.625000 0.000000 0.000000 0.000000
    7 25.500000 6.121094 74.562500 2.876375 -0.019554 -0.071299
    8 4.093750 -12.898438 -54.187500 0.000000 0.000000 0.000000
    9 36.093750 0.139771 0.183838 -3.141593 0.000000 -3.141593
    10 19.562500 0.449951 0.159302 -0.024235 0.265132 1.494182
    11 25.343750 9.476563 -60.000000 0.007113 -0.265133 -1.647399
    12 39.129740 -23.768982 -11.384843 0.251197 -1.142093 -3.348392
    13 -16.015625 9.289063 50.312500 0.000000 0.000000 0.000000
    14 0.019745 5.535156 -0.213135 0.000000 -1.570796 -1.570796
    15 0.000002 0.000002 0.000000 0.000000 0.000000 0.000000
    16 5.378906 8.585938 27.375000 -1.230457 0.000000 0.000000
    17 -32.968750 -14.375000 74.875000 0.000000 0.000000 0.000000
    18 -0.000004 0.207031 -0.009148 0.000000 0.000000 0.000000
    19 -6.250000 0.000002 0.000000 0.000000 0.000000 0.000000
    20 -13.601563 -14.679688 84.437500 -1.655486 0.445706 -2.888000
    21 10.992188 -2.070313 1.356445 -1.940749 -0.170989 2.830772
    22 32.968750 -14.375000 74.875000 -3.141593 0.000000 3.141593
    23 0.000000 0.207031 0.009140 0.000000 0.000000 0.000000
    24 -6.250000 -0.000002 0.000004 0.000000 0.000000 0.000000
    25 13.601563 -14.679688 84.437500 -0.057762 0.445706 -0.253592
    26 11.039063 -2.759766 2.041016 -0.263153 -0.211575 0.098239
    27 8.476563 9.398438 15.687500 -1.178097 0.000000 0.000000
    28 -9.953125 3.416016 -54.781250 0.000000 0.000000 0.000000
    29 19.640625 -0.436035 0.000000 0.000000 0.000000 0.000000
    30 -8.015625 0.036713 0.530762 1.570796 0.000000 1.570796
  time 26
    0 -33.687500 -0.000004 32.312500 1.570792 0.002895 1.567901
    1 -25.390625 9.476563 -60.000000 0.007332 -0.264982 -1.495667
    2 -25.500000 6.121094 74.562500 0.268790 0.005622 -3.065400
    3 -4.093750 -12.898438 -54.187500 -3.141593 0.000000 -3.141593
    4 36.093750 0.139771 -0.183838 -3.141593 0.000000 3.141593
    5 19.640625 0.445557 -0.155884 -3.110697 -0.265014 1.495667
    6 0.015686 -10.796875 66.625000 0.000000 0.000000 0.000000
    7 25.500000 6.121094 74.562500 2.876375 -0.019554 -0.071299
    8 4.093750 -12.898438 -54.187500 0.000000 0.000000 0.000000
    9 36.093750 0.139771 0.183838 -3.141593 0.000000 -3.141593
    10 19.562500 0.449951 0.159302 -0.024235 0.265132 1.494182
    11 25.343750 9.476563 -60.000000 0.007113 -0.265133 -1.647399
    12 38.000799 -26.503440 -11.384843 0.206998 -1.151002 -3.396809
    13 -16.015625 9.289063 50.312500 0.000000 0.000000 0.000000
    14 0.019745 5.535156 -0.213135 0.000000 -1.570796 -1.570796
    15 0.000002 0.000002 0.000000 0.000000 0.000000 0.000000
    16 5.378906 8.585938 27.375000 -1.230457 0.000000 0.000000
    17 -32.968750 -14.375000 74.875000 0.000000 0.000000 0.000000
    18 -0.000004 0.207031 -0.009148 0.000000 0.000000 0.000000
    19 -6.250000 0.000002 0.000000 0.000000 0.000000 0.000000
    20 -13.601563 -14.679688 84.437500 -1.655486 0.445706 -2.888000
    21 10.992188 -2.070313 1.356445 -1.940749 -0.170989 2.830772
    22 32.968750 -14.375000 74.875000 -3.141593 0.000000 3.141593
    23 0.000000 0.207031 0.009140 0.000000 0.000000 0.000000
    24 -6.250000 -0.000002 0.000004 0.000000 0.000000 0.000000
    25 13.601563 -14.679688 84.437500 -0.057762 0.445706 -0.253592
    26 11.039063 -2.759766 2.041016 -0.263153 -0.211575 0.098239
    27 8.476563 9.398438 15.687500 -1.178097 0.000000 0.000000
    28 -9.953125 3.416016 -54.781250 0.000000 0.000000 0.000000
    29 19.640625 -0.436035 0.000000 0.000000 0.000000 0.000000
    30 -8.015625 0.036713 0.530762 1.570796 0.000000 1.570796
  time 27
    0 -33.687500 -0.000004 32.312500 1.570792 0.002895 1.567901
    1 -25.390625 9.476563 -60.000000 0.007332 -0.264982 -1.495667
    2 -25.500000 6.121094 74.562500 0.268790 0.005622 -3.065400
    3 -4.093750 -12.898438 -54.187500 -3.141593 0.000000 -3.141593
    4 36.093750 0.139771 -0.183838 -3.141593 0.000000 3.141593
    5 19.640625 0.445557 -0.155884 -3.110697 -0.265014 1.495667
    6 0.015686 -10.796875 66.625000 0.000000 0.000000 0.000000
    7 25.500000 6.121094 74.562500 2.876375 -0.019554 -0.071299
    8 4.093750 -12.898438 -54.187500 0.000000 0.000000 0.000000
    9 36.093750 0.139771 0.183838 -3.141593 0.000000 -3.141593
    10 19.562500 0.449951 0.159302 -0.024235 0.265132 1.494182
    11 25.343750 9.476563 -60.000000 0.007113 -0.265133 -1.647399
    12 36.731229 -29.171490 -11.384843 0.163662 -1.160840 -3.445800
    13 -16.015625 9.289063 50.312500 0.000000 0.000000 0.000000
    14 0.019745 5.535156 -0.213135 0.000000 -1.570796 -1.570796
    15 0.000002 0.000002 0.000000 0.000000 0.000000 0.000000
    16 5.378906 8.585938 27.375000 -1.230457 0.000000 0.000000
    17 -32.968750 -14.375000 74.875000 0.000000 0.000000 0.000000
    18 -0.000004 0.207031 -0.009148 0.000000 0.000000 0.000000
    19 -6.250000 0.000002 0.000000 0.000000 0.000000 0.000000
    20 -13.601563 -14.679688 84.437500 -1.655486 0.445706 -2.888000
    21 10.992188 -2.070313 1.356445 -1.940749 -0.170989 2.830772
    22 32.968750 -14.375000 74.875000 -3.141593 0.000000 3.141593
    23 0.000000 0.207031 0.009140 0.000000 0.000000 0.000000
    24 -6.250000 -0.000002 0.000004 0.000000 0.000000 0.000000
    25 13.601563 -14.679688 84.437500 -0.057762 0.445706 -0.253592
    26 11.039063 -2.759766 2.041016 -0.263153 -0.211575 0.098239
    27 8.476563 9.398438 15.687500 -1.178097 0.000000 0.000000
    28 -9.953125 3.416016 -54.781250 0.000000 0.000000 0.000000
    29 19.640625 -0.436035 0.000000 0.000000 0.000000 0.000000
    30 -8.015625 0.036713 0.530762 1.570796 0.000000 1.570796
  time 28
    0 -33.687500 -0.000004 32.312500 1.570792 0.002895 1.567901
    1 -25.390625 9.476563 -60.000000 0.007332 -0.264982 -1.495667
    2 -25.500000 6.121094 74.562500 0.268790 0.005622 -3.065400
    3 -4.093750 -12.898438 -54.187500 -3.141593 0.000000 -3.141593
    4 36.093750 0.139771 -0.183838 -3.141593 0.000000 3.141593
    5 19.640625 0.445557 -0.155884 -3.110697 -0.265014 1.495667
    6 0.015686 -10.796875 66.625000 0.000000 0.000000 0.000000
    7 25.500000 6.121094 74.562500 2.876375 -0.019554 -0.071299
    8 4.093750 -12.898438 -54.187500 0.000000 0.000000 0.000000
    9 36.093750 0.139771 0.183838 -3.141593 0.000000 -3.141593
    10 19.562500 0.449951 0.159302 -0.024235 0.265132 1.494182
    11 25.343750 9.476563 -60.000000 0.007113 -0.265133 -1.647399
    12 35.344468 -31.769226 -11.384843 0.121859 -1.171220 -3.495750
    13 -16.015625 9.289063 50.312500 0.000000 0.000000 0.000000
    14 0.019745 5.535156 -0.213135 0.000000 -1.570796 -1.570796
    15 0.000002 0.000002 0.000000 0.000000 0.000000 0.000000
    16 5.378906 8.585938 27.375000 -1.230457 0.000000 0.000000
    17 -32.968750 -14.375000 74.875000 0.000000 0.000000 0.000000
    18 -0.000004 0.207031 -0.009148 0.000000 0.000000 0.000000
    19 -6.250000 0.000002 0.000000 0.000000 0.000000 0.000000
    20 -13.601563 -14.679688 84.437500 -1.655486 0.445706 -2.888000
    21 10.992188 -2.070313 1.356445 -1.940749 -0.170989 2.830772
    22 32.968750 -14.375000 74.875000 -3.141593 0.000000 3.141593
    23 0.000000 0.207031 0.009140 0.000000 0.000000 0.000000
    24 -6.250000 -0.000002 0.000004 0.000000 0.000000 0.000000
    25 13.601563 -14.679688 84.437500 -0.057762 0.445706 -0.253592
    26 11.039063 -2.759766 2.041016 -0.263153 -0.211575 0.098239
    27 8.476563 9.398438 15.687500 -1.178097 0.000000 0.000000
    28 -9.953125 3.416016 -54.781250 0.000000 0.000000 0.000000
    29 19.640625 -0.436035 0.000000 0.000000 0.000000 0.000000
    30 -8.015625 0.036713 0.530762 1.570796 0.000000 1.570796
  time 29
    0 -33.687500 -0.000004 32.312500 1.570792 0.002895 1.567901
    1 -25.390625 9.476563 -60.000000 0.007332 -0.264982 -1.495667
    2 -25.500000 6.121094 74.562500 0.268790 0.005622 -3.065400
    3 -4.093750 -12.898438 -54.187500 -3.141593 0.000000 -3.141593
    4 36.093750 0.139771 -0.183838 -3.141593 0.000000 3.141593
    5 19.640625 0.445557 -0.155884 -3.110697 -0.265014 1.495667
    6 0.015686 -10.796875 66.625000 0.000000 0.000000 0.000000
    7 25.500000 6.121094 74.562500 2.876375 -0.019554 -0.071299
    8 4.093750 -12.898438 -54.187500 0.000000 0.000000 0.000000
    9 36.093750 0.139771 0.183838 -3.141593 0.000000 -3.141593
    10 19.562500 0.449951 0.159302 -0.024235 0.265132 1.494182
    11 25.343750 9.476563 -60.000000 0.007113 -0.265133 -1.647399
    12 33.871767 -34.304460 -11.384843 0.082166 -1.181911 -3.547139
    13 -16.015625 9.289063 50.312500 0.000000 0.000000 0.000000
    14 0.019745 5.535156 -0.213135 0.000000 -1.570796 -1.570796
    15 0.000002 0.000002 0.000000 0.000000 0.000000 0.000000
    16 5.378906 8.585938 27.375000 -1.230457 0.000000 0.000000
    17 -32.968750 -14.375000 74.875000 0.000000 0.000000 0.000000
    18 -0.000004 0.207031 -0.009148 0.000000 0.000000 0.000000
    19 -6.250000 0.000002 0.000000 0.000000 0.000000 0.000000
    20 -13.601563 -14.679688 84.437500 -1.655486 0.445706 -2.888000
    21 10.992188 -2.070313 1.356445 -1.940749 -0.170989 2.830772
    22 32.968750 -14.375000 74.875000 -3.141593 0.000000 3.141593
    23 0.000000 0.207031 0.009140 0.000000 0.000000 0.000000
    24 -6.250000 -0.000002 0.000004 0.000000 0.000000 0.000000
    25 13.601563 -14.679688 84.437500 -0.057762 0.445706 -0.253592
    26 11.039063 -2.759766 2.041016 -0.263153 -0.211575 0.098239
    27 8.476563 9.398438 15.687500 -1.178097 0.000000 0.000000
    28 -9.953125 3.416016 -54.781250 0.000000 0.000000 0.000000
    29 19.640625 -0.436035 0.000000 0.000000 0.000000 0.000000
    30 -8.015625 0.036713 0.530762 1.570796 0.000000 1.570796
  time 30
    0 -33.687500 -0.000004 32.312500 1.570792 0.002895 1.567901
    1 -25.390625 9.476563 -60.000000 0.007332 -0.264982 -1.495667
    2 -25.500000 6.121094 74.562500 0.268790 0.005622 -3.065400
    3 -4.093750 -12.898438 -54.187500 -3.141593 0.000000 -3.141593
    4 36.093750 0.139771 -0.183838 -3.141593 0.000000 3.141593
    5 19.640625 0.445557 -0.155884 -3.110697 -0.265014 1.495667
    6 0.015686 -10.796875 66.625000 0.000000 0.000000 0.000000
    7 25.500000 6.121094 74.562500 2.876375 -0.019554 -0.071299
    8 4.093750 -12.898438 -54.187500 0.000000 0.000000 0.000000
    9 36.093750 0.139771 0.183838 -3.141593 0.000000 -3.141593
    10 19.562500 0.449951 0.159302 -0.024235 0.265132 1.494182
    11 25.343750 9.476563 -60.000000 0.007113 -0.265133 -1.647399
    12 32.332658 -36.785004 -11.384843 0.045254 -1.192524 -3.600157
    13 -16.015625 9.289063 50.312500 0.000000 0.000000 0.000000
    14 0.019745 5.535156 -0.213135 0.000000 -1.570796 -1.570796
    15 0.000002 0.000002 0.000000 0.000000 0.000000 0.000000
    16 5.378906 8.585938 27.375000 -1.230457 0.000000 0.000000
    17 -32.968750 -14.375000 74.875000 0.000000 0.000000 0.000000
    18 -0.000004 0.207031 -0.009148 0.000000 0.000000 0.000000
    19 -6.250000 0.000002 0.000000 0.000000 0.000000 0.000000
    20 -13.601563 -14.679688 84.437500 -1.655486 0.445706 -2.888000
    21 10.992188 -2.070313 1.356445 -1.940749 -0.170989 2.830772
    22 32.968750 -14.375000 74.875000 -3.141593 0.000000 3.141593
    23 0.000000 0.207031 0.009140 0.000000 0.000000 0.000000
    24 -6.250000 -0.000002 0.000004 0.000000 0.000000 0.000000
    25 13.601563 -14.679688 84.437500 -0.057762 0.445706 -0.253592
    26 11.039063 -2.759766 2.041016 -0.263153 -0.211575 0.098239
    27 8.476563 9.398438 15.687500 -1.178097 0.000000 0.000000
    28 -9.953125 3.416016 -54.781250 0.000000 0.000000 0.000000
    29 19.640625 -0.436035 0.000000 0.000000 0.000000 0.000000
    30 -8.015625 0.036713 0.530762 1.570796 0.000000 1.570796
  time 31
    0 -33.687500 -0.000004 32.312500 1.570792 0.002895 1.567901
    1 -25.390625 9.476563 -60.000000 0.007332 -0.264982 -1.495667
    2 -25.500000 6.121094 74.562500 0.268790 0.005622 -3.065400
    3 -4.093750 -12.898438 -54.187500 -3.141593 0.000000 -3.141593
    4 36.093750 0.139771 -0.183838 -3.141593 0.000000 3.141593
    5 19.640625 0.445557 -0.155884 -3.110697 -0.265014 1.495667
    6 0.015686 -10.796875 66.625000 0.000000 0.000000 0.000000
    7 25.500000 6.121094 74.562500 2.876375 -0.019554 -0.071299
    8 4.093750 -12.898438 -54.187500 0.000000 0.000000 0.000000
    9 36.093750 0.139771 0.183838 -3.141593 0.000000 -3.141593
    10 19.562500 0.449951 0.159302 -0.024235 0.265132 1.494182
    11 25.343750 9.476563 -60.000000 0.007113 -0.265133 -1.647399
    12 30.734953 -39.206953 -11.384843 0.011697 -1.202672 -3.655093
    13 -16.015625 9.289063 50.312500 0.000000 0.000000 0.000000
    14 0.019745 5.535156 -0.213135 0.000000 -1.570796 -1.570796
    15 0.000002 0.000002 0.000000 0.000000 0.000000 0.000000
    16 5.378906 8.585938 27.375000 -1.230457 0.000000 0.000000
    17 -32.968750 -14.375000 74.875000 0.000000 0.000000 0.000000
    18 -0.000004 0.207031 -0.009148 0.000000 0.000000 0.000000
    19 -6.250000 0.000002 0.000000 0.000000 0.000000 0.000000
    20 -13.601563 -14.679688 84.437500 -1.655486 0.445706 -2.888000
    21 10.992188 -2.070313 1.356445 -1.940749 -0.170989 2.830772
    22 32.968750 -14.375000 74.875000 -3.141593 0.000000 3.141593
    23 0.000000 0.207031 0.009140 0.000000 0.000000 0.000000
    24 -6.250000 -0.000002 0.000004 0.000000 0.000000 0.000000
    25 13.601563 -14.679688 84.437500 -0.057762 0.445706 -0.253592
    26 11.039063 -2.759766 2.041016 -0.263153 -0.211575 0.098239
    27 8.476563 9.398438 15.687500 -1.178097 0.000000 0.000000
    28 -9.953125 3.416016 -54.781250 0.000000 0.000000 0.000000
    29 19.640625 -0.436035 0.000000 0.000000 0.000000 0.000000
    30 -8.015625 0.036713 0.530762 1.570796 0.000000 1.570796
  time 32
    0 -33.687500 -0.000004 32.312500 1.570792 0.002895 1.567901
    1 -25.390625 9.476563 -60.000000 0.007332 -0.264982 -1.495667
    2 -25.500000 6.121094 74.562500 0.268790 0.005622 -3.065400
    3 -4.093750 -12.898438 -54.187500 -3.141593 0.000000 -3.141593
    4 36.093750 0.139771 -0.183838 -3.141593 0.000000 3.141593
    5 19.640625 0.445557 -0.155884 -3.110697 -0.265014 1.495667
    6 0.015686 -10.796875 66.625000 0.000000 0.000000 0.000000
    7 25.500000 6.121094 74.562500 2.876375 -0.019554 -0.071299
    8 4.093750 -12.898438 -54.187500 0.000000 0.000000 0.000000
    9 36.093750 0.139771 0.183838 -3.141593 0.000000 -3.141593
    10 19.562500 0.449951 0.159302 -0.024235 0.265132 1.494182
    11 25.343750 9.476563 -60.000000 0.007113 -0.265133 -1.647399
    12 29.090371 -41.566400 -11.384843 -0.018217 -1.212433 -3.712138
    13 -16.015625 9.289063 50.312500 0.000000 0.000000 0.000000
    14 0.019745 5.535156 -0.213135 0.000000 -1.570796 -1.570796
    15 0.000002 0.000002 0.000000 0.000000 0.000000 0.000000
    16 5.378906 8.585938 27.375000 -1.230457 0.000000 0.000000
    17 -32.968750 -14.375000 74.875000 0.000000 0.000000 0.000000
    18 -0.000004 0.207031 -0.009148 0.000000 0.000000 0.000000
    19 -6.250000 0.000002 0.000000 0.000000 0.000000 0.000000
    20 -13.601563 -14.679688 84.437500 -1.655486 0.445706 -2.888000
    21 10.992188 -2.070313 1.356445 -1.940749 -0.170989 2.830772
    22 32.968750 -14.375000 74.875000 -3.141593 0.000000 3.141593
    23 0.000000 0.207031 0.009140 0.000000 0.000000 0.000000
    24 -6.250000 -0.000002 0.000004 0.000000 0.000000 0.000000
    25 13.601563 -14.679688 84.437500 -0.057762 0.445706 -0.253592
    26 11.039063 -2.759766 2.041016 -0.263153 -0.211575 0.098239
    27 8.476563 9.398438 15.687500 -1.178097 0.000000 0.000000
    28 -9.953125 3.416016 -54.781250 0.000000 0.000000 0.000000
    29 19.640625 -0.436035 0.000000 0.000000 0.000000 0.000000
    30 -8.015625 0.036713 0.530762 1.570796 0.000000 1.570796
  time 33
    0 -33.687500 -0.000004 32.312500 1.570792 0.002895 1.567901
    1 -25.390625 9.476563 -60.000000 0.007332 -0.264982 -1.495667
    2 -25.500000 6.121094 74.562500 0.268790 0.005622 -3.065400
    3 -4.093750 -12.898438 -54.187500 -3.141593 0.000000 -3.141593
    4 36.093750 0.139771 -0.183838 -3.141593 0.000000 3.141593
    5 19.640625 0.445557 -0.155884 -3.110697 -0.265014 1.495667
    6 0.015686 -10.796875 66.625000 0.000000 0.000000 0.000000
    7 25.500000 6.121094 74.562500 2.876375 -0.019554 -0.071299
    8 4.093750 -12.898438 -54.187500 0.000000 0.000000 0.000000
    9 36.093750 0.139771 0.183838 -3.141593 0.000000 -3.141593
    10 19.562500 0.449951 0.159302 -0.024235 0.265132 1.494182
    11 25.343750 9.476563 -60.000000 0.007113 -0.265133 -1.647399
    12 27.387194 -43.863345 -11.384843 -0.044103 -1.221574 -3.771388
    13 -16.015625 9.289063 50.312500 0.000000 0.000000 0.000000
    14 0.019745 5.535156 -0.213135 0.000000 -1.570796 -1.570796
    15 0.000002 0.000002 0.000000 0.000000 0.000000 0.000000
    16 5.378906 8.585938 27.375000 -1.230457 0.000000 0.000000
    17 -32.968750 -14.375000 74.875000 0.000000 0.000000 0.000000
    18 -0.000004 0.207031 -0.009148 0.000000 0.000000 0.000000
    19 -6.250000 0.000002 0.000000 0.000000 0.000000 0.000000
    20 -13.601563 -14.679688 84.437500 -1.655486 0.445706 -2.888000
    21 10.992188 -2.070313 1.356445 -1.940749 -0.170989 2.830772
    22 32.968750 -14.375000 74.875000 -3.141593 0.000000 3.141593
    23 0.000000 0.207031 0.009140 0.000000 0.000000 0.000000
    24 -6.250000 -0.000002 0.000004 0.000000 0.000000 0.000000
    25 13.601563 -14.679688 84.437500 -0.057762 0.445706 -0.253592
    26 11.039063 -2.759766 2.041016 -0.263153 -0.211575 0.098239
    27 8.476563 9.398438 15.687500 -1.178097 0.000000 0.000000
    28 -9.953125 3.416016 -54.781250 0.000000 0.000000 0.000000
    29 19.640625 -0.436035 0.000000 0.000000 0.000000 0.000000
    30 -8.015625 0.036713 0.530762 1.570796 0.000000 1.570796
  time 34
    0 -33.687500 -0.000004 32.312500 1.570792 0.002895 1.567901
    1 -25.390625 9.476563 -60.000000 0.007332 -0.264982 -1.495667
    2 -25.500000 6.121094 74.562500 0.268790 0.005622 -3.065400
    3 -4.093750 -12.898438 -54.187500 -3.141593 0.000000 -3.141593
    4 36.093750 0.139771 -0.183838 -3.141593 0.000000 3.141593
    5 19.640625 0.445557 -0.155884 -3.110697 -0.265014 1.495667
    6 0.015686 -10.796875 66.625000 0.000000 0.000000 0.000000
    7 25.500000 6.121094 74.562500 2.876375 -0.019554 -0.071299
    8 4.093750 -12.898438 -54.187500 0.000000 0.000000 0.000000
    9 36.093750 0.139771 0.183838 -3.141593 0.000000 -3.141593
    10 19.562500 0.449951 0.159302 -0.024235 0.265132 1.494182
    11 25.343750 9.476563 -60.000000 0.007113 -0.265133 -1.647399
    12 25.637141 -46.082163 -11.384843 -0.065771 -1.230018 -3.832843
    13 -16.015625 9.289063 50.312500 0.000000 0.000000 0.000000
    14 0.019745 5.535156 -0.213135 0.000000 -1.570796 -1.570796
    15 0.000002 0.000002 0.000000 0.000000 0.000000 0.000000
    16 5.378906 8.585938 27.375000 -1.230457 0.000000 0.000000
    17 -32.968750 -14.375000 74.875000 0.000000 0.000000 0.000000
    18 -0.000004 0.207031 -0.009148 0.000000 0.000000 0.000000
    19 -6.250000 0.000002 0.000000 0.000000 0.000000 0.000000
    20 -13.601563 -14.679688 84.437500 -1.655486 0.445706 -2.888000
    21 10.992188 -2.070313 1.356445 -1.940749 -0.170989 2.830772
    22 32.968750 -14.375000 74.875000 -3.141593 0.000000 3.141593
    23 0.000000 0.207031 0.009140 0.000000 0.000000 0.000000
    24 -6.250000 -0.000002 0.000004 0.000000 0.000000 0.000000
    25 13.601563 -14.679688 84.437500 -0.057762 0.445706 -0.253592
    26 11.039063 -2.759766 2.041016 -0.263153 -0.211575 0.098239
    27 8.476563 9.398438 15.687500 -1.178097 0.000000 0.000000
    28 -9.953125 3.416016 -54.781250 0.000000 0.000000 0.000000
    29 19.640625 -0.436035 0.000000 0.000000 0.000000 0.000000
    30 -8.015625 0.036713 0.530762 1.570796 0.000000 1.570796
  time 35
    0 -33.687500 -0.000004 32.312500 1.570792 0.002895 1.567901
    1 -25.390625 9.476563 -60.000000 0.007332 -0.264982 -1.495667
    2 -25.500000 6.121094 74.562500 0.268790 0.005622 -3.065400
    3 -4.093750 -12.898438 -54.187500 -3.141593 0.000000 -3.141593
    4 36.093750 0.139771 -0.183838 -3.141593 0.000000 3.141593
    5 19.640625 0.445557 -0.155884 -3.110697 -0.265014 1.495667
    6 0.015686 -10.796875 66.625000 0.000000 0.000000 0.000000
    7 25.500000 6.121094 74.562500 2.876375 -0.019554 -0.071299
    8 4.093750 -12.898438 -54.187500 0.000000 0.000000 0.000000
    9 36.093750 0.139771 0.183838 -3.141593 0.000000 -3.141593
    10 19.562500 0.449951 0.159302 -0.024235 0.265132 1.494182
    11 25.343750 9.476563 -60.000000 0.007113 -0.265133 -1.647399
    12 23.844117 -48.230666 -11.384843 -0.082742 -1.237455 -3.896503
    13 -16.015625 9.289063 50.312500 0.000000 0.000000 0.000000
    14 0.019745 5.535156 -0.213135 0.000000 -1.570796 -1.570796
    15 0.000002 0.000002 0.000000 0.000000 0.000000 0.000000
    16 5.378906 8.585938 27.375000 -1.230457 0.000000 0.000000
    17 -32.968750 -14.375000 74.875000 0.000000 0.000000 0.000000
    18 -0.000004 0.207031 -0.009148 0.000000 0.000000 0.000000
    19 -6.250000 0.000002 0.000000 0.000000 0.000000 0.000000
    20 -13.601563 -14.679688 84.437500 -1.655486 0.445706 -2.888000
    21 10.992188 -2.070313 1.356445 -1.940749 -0.170989 2.830772
    22 32.968750 -14.375000 74.875000 -3.141593 0.000000 3.141593
    23 0.000000 0.207031 0.009140 0.000000 0.000000 0.000000
    24 -6.250000 -0.000002 0.000004 0.000000 0.000000 0.000000
    25 13.601563 -14.679688 84.437500 -0.057762 0.445706 -0.253592
    26 11.039063 -2.759766 2.041016 -0.263153 -0.211575 0.098239
    27 8.476563 9.398438 15.687500 -1.178097 0.000000 0.000000
    28 -9.953125 3.416016 -54.781250 0.000000 0.000000 0.000000
    29 19.640625 -0.436035 0.000000 0.000000 0.000000 0.000000
    30 -8.015625 0.036713 0.530762 1.570796 0.000000 1.570796
  time 36
    0 -33.687500 -0.000004 32.312500 1.570792 0.002895 1.567901
    1 -25.390625 9.476563 -60.000000 0.007332 -0.264982 -1.495667
    2 -25.500000 6.121094 74.562500 0.268790 0.005622 -3.065400
    3 -4.093750 -12.898438 -54.187500 -3.141593 0.000000 -3.141593
    4 36.093750 0.139771 -0.183838 -3.141593 0.000000 3.141593
    5 19.640625 0.445557 -0.155884 -3.110697 -0.265014 1.495667
    6 0.015686 -10.796875 66.625000 0.000000 0.000000 0.000000
    7 25.500000 6.121094 74.562500 2.876375 -0.019554 -0.071299
    8 4.093750 -12.898438 -54.187500 0.000000 0.000000 0.000000
    9 36.093750 0.139771 0.183838 -3.141593 0.000000 -3.141593
    10 19.562500 0.449951 0.159302 -0.024235 0.265132 1.494182
    11 25.343750 9.476563 -60.000000 0.007113 -0.265133 -1.647399
    12 22.023749 -50.301041 -11.384843 -0.095014 -1.243730 -3.962176
    13 -16.015625 9.289063 50.312500 0.000000 0.000000 0.000000
    14 0.019745 5.535156 -0.213135 0.000000 -1.570796 -1.570796
    15 0.000002 0.000002 0.000000 0.000000 0.000000 0.000000
    16 5.378906 8.585938 27.375000 -1.230457 0.000000 0.000000
    17 -32.968750 -14.375000 74.875000 0.000000 0.000000 0.000000
    18 -0.000004 0.207031 -0.009148 0.000000 0.000000 0.000000
    19 -6.250000 0.000002 0.000000 0.000000 0.000000 0.000000
    20 -13.601563 -14.679688 84.437500 -1.655486 0.445706 -2.888000
    21 10.992188 -2.070313 1.356445 -1.940749 -0.170989 2.830772
    22 32.968750 -14.375000 74.875000 -3.141593 0.000000 3.141593
    23 0.000000 0.207031 0.009140 0.000000 0.000000 0.000000
    24 -6.250000 -0.000002 0.000004 0.000000 0.000000 0.000000
    25 13.601563 -14.679688 84.437500 -0.057762 0.445706 -0.253592
    26 11.039063 -2.759766 2.041016 -0.263153 -0.211575 0.098239
    27 8.476563 9.398438 15.687500 -1.178097 0.000000 0.000000
    28 -9.953125 3.416016 -54.781250 0.000000 0.000000 0.000000
    29 19.640625 -0.436035 0.000000 0.000000 0.000000 0.000000
    30 -8.015625 0.036713 0.530762 1.570796 0.000000 1.570796
  time 37
    0 -33.687500 -0.000004 32.312500 1.570792 0.002895 1.567901
    1 -25.390625 9.476563 -60.000000 0.007332 -0.264982 -1.495667
    2 -25.500000 6.121094 74.562500 0.268790 0.005622 -3.065400
    3 -4.093750 -12.898438 -54.187500 -3.141593 0.000000 -3.141593
    4 36.093750 0.139771 -0.183838 -3.141593 0.000000 3.141593
    5 19.640625 0.445557 -0.155884 -3.110697 -0.265014 1.495667
    6 0.015686 -10.796875 66.625000 0.000000 0.000000 0.000000
    7 25.500000 6.121094 74.562500 2.876375 -0.019554 -0.071299
    8 4.093750 -12.898438 -54.187500 0.000000 0.000000 0.000000
    9 36.093750 0.139771 0.183838 -3.141593 0.000000 -3.141593
    10 19.562500 0.449951 0.159302 -0.024235 0.265132 1.494182
    11 25.343750 9.476563 -60.000000 0.007113 -0.265133 -1.647399
    12 20.179943 -52.297196 -11.384843 -0.102588 -1.248533 -4.029576
    13 -16.015625 9.289063 50.312500 0.000000 0.000000 0.000000
    14 0.019745 5.535156 -0.213135 0.000000 -1.570796 -1.570796
    15 0.000002 0.000002 0.000000 0.000000 0.000000 0.000000
    16 5.378906 8.585938 27.375000 -1.230457 0.000000 0.000000
    17 -32.968750 -14.375000 74.875000 0.000000 0.000000 0.000000
    18 -0.000004 0.207031 -0.009148 0.000000 0.000000 0.000000
    19 -6.250000 0.000002 0.000000 0.000000 0.000000 0.000000
    20 -13.601563 -14.679688 84.437500 -1.655486 0.445706 -2.888000
    21 10.992188 -2.070313 1.356445 -1.940749 -0.170989 2.830772
    22 32.968750 -14.375000 74.875000 -3.141593 0.000000 3.141593
    23 0.000000 0.207031 0.009140 0.000000 0.000000 0.000000
    24 -6.250000 -0.000002 0.000004 0.000000 0.000000 0.000000
    25 13.601563 -14.679688 84.437500 -0.057762 0.445706 -0.253592
    26 11.039063 -2.759766 2.041016 -0.263153 -0.211575 0.098239
    27 8.476563 9.398438 15.687500 -1.178097 0.000000 0.000000
    28 -9.953125 3.416016 -54.781250 0.000000 0.000000 0.000000
    29 19.640625 -0.436035 0.000000 0.000000 0.000000 0.000000
    30 -8.015625 0.036713 0.530762 1.570796 0.000000 1.570796
  time 38
    0 -33.687500 -0.000004 32.312500 1.570792 0.002895 1.567901
    1 -25.390625 9.476563 -60.000000 0.007332 -0.264982 -1.495667
    2 -25.500000 6.121094 74.562500 0.268790 0.005622 -3.065400
    3 -4.093750 -12.898438 -54.187500 -3.141593 0.000000 -3.141593
    4 36.093750 0.139771 -0.183838 -3.141593 0.000000 3.141593
    5 19.640625 0.445557 -0.155884 -3.110697 -0.265014 1.495667
    6 0.015686 -10.796875 66.625000 0.000000 0.000000 0.000000
    7 25.500000 6.121094 74.562500 2.876375 -0.019554 -0.071299
    8 4.093750 -12.898438 -54.187500 0.000000 0.000000 0.000000
    9 36.093750 0.139771 0.183838 -3.141593 0.000000 -3.141593
    10 19.562500 0.449951 0.159302 -0.024235 0.265132 1.494182
    11 25.343750 9.476563 -60.000000 0.007113 -0.265133 -1.647399
    12 18.328324 -54.219130 -11.384843 -0.105848 -1.251786 -4.098125
    13 -16.015625 9.289063 50.312500 0.000000 0.000000 0.000000
    14 0.019745 5.535156 -0.213135 0.000000 -1.570796 -1.570796
    15 0.000002 0.000002 0.000000 0.000000 0.000000 0.000000
    16 5.378906 8.585938 27.375000 -1.230457 0.000000 0.000000
    17 -32.968750 -14.375000 74.875000 0.000000 0.000000 0.000000
    18 -0.000004 0.207031 -0.009148 0.000000 0.000000 0.000000
    19 -6.250000 0.000002 0.000000 0.000000 0.000000 0.000000
    20 -13.601563 -14.679688 84.437500 -1.655486 0.445706 -2.888000
    21 10.992188 -2.070313 1.356445 -1.940749 -0.170989 2.830772
    22 32.968750 -14.375000 74.875000 -3.141593 0.000000 3.141593
    23 0.000000 0.207031 0.009140 0.000000 0.000000 0.000000
    24 -6.250000 -0.000002 0.000004 0.000000 0.000000 0.000000
    25 13.601563 -14.679688 84.437500 -0.057762 0.445706 -0.253592
    26 11.039063 -2.759766 2.041016 -0.263153 -0.211575 0.098239
    27 8.476563 9.398438 15.687500 -1.178097 0.000000 0.000000
    28 -9.953125 3.416016 -54.781250 0.000000 0.000000 0.000000
    29 19.640625 -0.436035 0.000000 0.000000 0.000000 0.000000
    30 -8.015625 0.036713 0.530762 1.570796 0.000000 1.570796
  time 39
    0 -33.687500 -0.000004 32.312500 1.570792 0.002895 1.567901
    1 -25.390625 9.476563 -60.000000 0.007332 -0.264982 -1.495667
    2 -25.500000 6.121094 74.562500 0.268790 0.005622 -3.065400
    3 -4.093750 -12.898438 -54.187500 -3.141593 0.000000 -3.141593
    4 36.093750 0.139771 -0.183838 -3.141593 0.000000 3.141593
    5 19.640625 0.445557 -0.155884 -3.110697 -0.265014 1.495667
    6 0.015686 -10.796875 66.625000 0.000000 0.000000 0.000000
    7 25.500000 6.121094 74.562500 2.876375 -0.019554 -0.071299
    8 4.093750 -12.898438 -54.187500 0.000000 0.000000 0.000000
    9 36.093750 0.139771 0.183838 -3.141593 0.000000 -3.141593
    10 19.562500 0.449951 0.159302 -0.024235 0.265132 1.494182
    11 25.343750 9.476563 -60.000000 0.007113 -0.265133 -1.647399
    12 16.472799 -56.070749 -11.384843 -0.105081 -1.253258 -4.167251
    13 -16.015625 9.289063 50.312500 0.000000 0.000000 0.000000
    14 0.019745 5.535156 -0.213135 0.000000 -1.570796 -1.570796
    15 0.000002 0.000002 0.000000 0.000000 0.000000 0.000000
    16 5.378906 8.585938 27.375000 -1.230457 0.000000 0.000000
    17 -32.968750 -14.375000 74.875000 0.000000 0.000000 0.000000
    18 -0.000004 0.207031 -0.009148 0.000000 0.000000 0.000000
    19 -6.250000 0.000002 0.000000 0.000000 0.000000 0.000000
    20 -13.601563 -14.679688 84.437500 -1.655486 0.445706 -2.888000
    21 10.992188 -2.070313 1.356445 -1.940749 -0.170989 2.830772
    22 32.968750 -14.375000 74.875000 -3.141593 0.000000 3.141593
    23 0.000000 0.207031 0.009140 0.000000 0.000000 0.000000
    24 -6.250000 -0.000002 0.000004 0.000000 0.000000 0.000000
    25 13.601563 -14.679688 84.437500 -0.057762 0.445706 -0.253592
    26 11.039063 -2.759766 2.041016 -0.263153 -0.211575 0.098239
    27 8.476563 9.398438 15.687500 -1.178097 0.000000 0.000000
    28 -9.953125 3.416016 -54.781250 0.000000 0.000000 0.000000
    29 19.640625 -0.436035 0.000000 0.000000 0.000000 0.000000
    30 -8.015625 0.036713 0.530762 1.570796 0.000000 1.570796
  time 40
    0 -33.687500 -0.000004 32.312500 1.570792 0.002895 1.567901
    1 -25.390625 9.476563 -60.000000 0.007332 -0.264982 -1.495667
    2 -25.500000 6.121094 74.562500 0.268790 0.005622 -3.065400
    3 -4.093750 -12.898438 -54.187500 -3.141593 0.000000 -3.141593
    4 36.093750 0.139771 -0.183838 -3.141593 0.000000 3.141593
    5 19.640625 0.445557 -0.155884 -3.110697 -0.265014 1.495667
    6 0.015686 -10.796875 66.625000 0.000000 0.000000 0.000000
    7 25.500000 6.121094 74.562500 2.876375 -0.019554 -0.071299
    8 4.093750 -12.898438 -54.187500 0.000000 0.000000 0.000000
    9 36.093750 0.139771 0.183838 -3.141593 0.000000 -3.141593
    10 19.562500 0.449951 0.159302 -0.024235 0.265132 1.494182
    11 25.343750 9.476563 -60.000000 0.007113 -0.265133 -1.647399
    12 14.625086 -57.844240 -11.384843 -0.100862 -1.252716 -4.235896
    13 -16.015625 9.289063 50.312500 0.000000 0.000000 0.000000
    14 0.019745 5.535156 -0.213135 0.000000 -1.570796 -1.570796
    15 0.000002 0.000002 0.000000 0.000000 0.000000 0.000000
    16 5.378906 8.585938 27.375000 -1.230457 0.000000 0.000000
    17 -32.968750 -14.375000 74.875000 0.000000 0.000000 0.000000
    18 -0.000004 0.207031 -0.009148 0.000000 0.000000 0.000000
    19 -6.250000 0.000002 0.000000 0.000000 0.000000 0.000000
    20 -13.601563 -14.679688 84.437500 -1.655486 0.445706 -2.888000
    21 10.992188 -2.070313 1.356445 -1.940749 -0.170989 2.830772
    22 32.968750 -14.375000 74.875000 -3.141593 0.000000 3.141593
    23 0.000000 0.207031 0.009140 0.000000 0.000000 0.000000
    24 -6.250000 -0.000002 0.000004 0.000000 0.000000 0.000000
    25 13.601563 -14.679688 84.437500 -0.057762 0.445706 -0.253592
    26 11.039063 -2.759766 2.041016 -0.263153 -0.211575 0.098239
    27 8.476563 9.398438 15.687500 -1.178097 0.000000 0.000000
    28 -9.953125 3.416016 -54.781250 0.000000 0.000000 0.000000
    29 19.640625 -0.436035 0.000000 0.000000 0.000000 0.000000
    30 -8.015625 0.036713 0.530762 1.570796 0.000000 1.570796
  time 41
    0 -33.687500 -0.000004 32.312500 1.570792 0.002895 1.567901
    1 -25.390625 9.476563 -60.000000 0.007332 -0.264982 -1.495667
    2 -25.500000 6.121094 74.562500 0.268790 0.005622 -3.065400
    3 -4.093750 -12.898438 -54.187500 -3.141593 0.000000 -3.141593
    4 36.093750 0.139771 -0.183838 -3.141593 0.000000 3.141593
    5 19.640625 0.445557 -0.155884 -3.110697 -0.265014 1.495667
    6 0.015686 -10.796875 66.625000 0.000000 0.000000 0.000000
    7 25.500000 6.121094 74.562500 2.876375 -0.019554 -0.071299
    8 4.093750 -12.898438 -54.187500 0.000000 0.000000 0.000000
    9 36.093750 0.139771 0.183838 -3.141593 0.000000 -3.141593
    10 19.562500 0.449951 0.159302 -0.024235 0.265132 1.494182
    11 25.343750 9.476563 -60.000000 0.007113 -0.265133 -1.647399
    12 12.808624 -59.547417 -11.384843 -0.093959 -1.250160 -4.303200
    13 -16.015625 9.289063 50.312500 0.000000 0.000000 0.000000
    14 0.019745 5.535156 -0.213135 0.000000 -1.570796 -1.570796
    15 0.000002 0.000002 0.000000 0.000000 0.000000 0.000000
    16 5.378906 8.585938 27.375000 -1.230457 0.000000 0.000000
    17 -32.968750 -14.375000 74.875000 0.000000 0.000000 0.000000
    18 -0.000004 0.207031 -0.009148 0.000000 0.000000 0.000000
    19 -6.250000 0.000002 0.000000 0.000000 0.000000 0.000000
    20 -13.601563 -14.679688 84.437500 -1.655486 0.445706 -2.888000
    21 10.992188 -2.070313 1.356445 -1.940749 -0.170989 2.830772
    22 32.968750 -14.375000 74.875000 -3.141593 0.000000 3.141593
    23 0.000000 0.207031 0.009140 0.000000 0.000000 0.000000
    24 -6.250000 -0.000002 0.000004 0.000000 0.000000 0.000000
    25 13.601563 -14.679688 84.437500 -0.057762 0.445706 -0.253592
    26 11.039063 -2.759766 2.041016 -0.263153 -0.211575 0.098239
    27 8.476563 9.398438 15.687500 -1.178097 0.000000 0.000000
    28 -9.953125 3.416016 -54.781250 0.000000 0.000000 0.000000
    29 19.640625 -0.436035 0.000000 0.000000 0.000000 0.000000
    30 -8.015625 0.036713 0.530762 1.570796 0.000000 1.570796
  time 42
    0 -33.687500 -0.000004 32.312500 1.570792 0.002895 1.567901
    1 -25.390625 9.476563 -60.000000 0.007332 -0.264982 -1.495667
    2 -25.500000 6.121094 74.562500 0.268790 0.005622 -3.065400
    3 -4.093750 -12.898438 -54.187500 -3.141593 0.000000 -3.141593
    4 36.093750 0.139771 -0.183838 -3.141593 0.000000 3.141593
    5 19.640625 0.445557 -0.155884 -3.110697 -0.265014 1.495667
    6 0.015686 -10.796875 66.625000 0.000000 0.000000 0.000000
    7 25.500000 6.121094 74.562500 2.876375 -0.019554 -0.071299
    8 4.093750 -12.898438 -54.187500 0.000000 0.000000 0.000000
    9 36.093750 0.139771 0.183838 -3.141593 0.000000 -3.141593
    10 19.562500 0.449951 0.159302 -0.024235 0.265132 1.494182
    11 25.343750 9.476563 -60.000000 0.007113 -0.265133 -1.647399
    12 11.023414 -61.168561 -11.384843 -0.084947 -1.245744 -4.368202
    13 -16.015625 9.289063 50.312500 0.000000 0.000000 0.000000
    14 0.019745 5.535156 -0.213135 0.000000 -1.570796 -1.570796
    15 0.000002 0.000002 0.000000 0.000000 0.000000 0.000000
    16 5.378906 8.585938 27.375000 -1.230457 0.000000 0.000000
    17 -32.968750 -14.375000 74.875000 0.000000 0.000000 0.000000
    18 -0.000004 0.207031 -0.009148 0.000000 0.000000 0.000000
    19 -6.250000 0.000002 0.000000 0.000000 0.000000 0.000000
    20 -13.601563 -14.679688 84.437500 -1.655486 0.445706 -2.888000
    21 10.992188 -2.070313 1.356445 -1.940749 -0.170989 2.830772
    22 32.968750 -14.375000 74.875000 -3.141593 0.000000 3.141593
    23 0.000000 0.207031 0.009140 0.000000 0.000000 0.000000
    24 -6.250000 -0.000002 0.000004 0.000000 0.000000 0.000000
    25 13.601563 -14.679688 84.437500 -0.057762 0.445706 -0.253592
    26 11.039063 -2.759766 2.041016 -0.263153 -0.211575 0.098239
    27 8.476563 9.398438 15.687500 -1.178097 0.000000 0.000000
    28 -9.953125 3.416016 -54.781250 0.000000 0.000000 0.000000
    29 19.640625 -0.436035 0.000000 0.000000 0.000000 0.000000
    30 -8.015625 0.036713 0.530762 1.570796 0.000000 1.570796
  time 43
    0 -33.687500 -0.000004 32.312500 1.570792 0.002895 1.567901
    1 -25.390625 9.476563 -60.000000 0.007332 -0.264982 -1.495667
    2 -25.500000 6.121094 74.562500 0.268790 0.005622 -3.065400
    3 -4.093750 -12.898438 -54.187500 -3.141593 0.000000 -3.141593
    4 36.093750 0.139771 -0.183838 -3.141593 0.000000 3.141593
    5 19.640625 0.445557 -0.155884 -3.110697 -0.265014 1.495667
    6 0.015686 -10.796875 66.625000 0.000000 0.000000 0.000000
    7 25.500000 6.121094 74.562500 2.876375 -0.019554 -0.071299
    8 4.093750 -12.898438 -54.187500 0.000000 0.000000 0.000000
    9 36.093750 0.139771 0.183838 -3.141593 0.000000 -3.141593
    10 19.562500 0.449951 0.159302 -0.024235 0.265132 1.494182
    11 25.343750 9.476563 -60.000000 0.007113 -0.265133 -1.647399
    12 9.288986 -62.715483 -11.384843 -0.074592 -1.239779 -4.429849
    13 -16.015625 9.289063 50.312500 0.000000 0.000000 0.000000
    14 0.019745 5.535156 -0.213135 0.000000 -1.570796 -1.570796
    15 0.000002 0.000002 0.000000 0.000000 0.000000 0.000000
    16 5.378906 8.585938 27.375000 -1.230457 0.000000 0.000000
    17 -32.968750 -14.375000 74.875000 0.000000 0.000000 0.000000
    18 -0.000004 0.207031 -0.009148 0.000000 0.000000 0.000000
    19 -6.250000 0.000002 0.000000 0.000000 0.000000 0.000000
    20 -13.601563 -14.679688 84.437500 -1.655486 0.445706 -2.888000
    21 10.992188 -2.070313 1.356445 -1.940749 -0.170989 2.830772
    22 32.968750 -14.375000 74.875000 -3.141593 0.000000 3.141593
    23 0.000000 0.207031 0.009140 0.000000 0.000000 0.000000
    24 -6.250000 -0.000002 0.000004 0.000000 0.000000 0.000000
    25 13.601563 -14.679688 84.437500 -0.057762 0.445706 -0.253592
    26 11.039063 -2.759766 2.041016 -0.263153 -0.211575 0.098239
    27 8.476563 9.398438 15.687500 -1.178097 0.000000 0.000000
    28 -9.953125 3.416016 -54.781250 0.000000 0.000000 0.000000
    29 19.640625 -0.436035 0.000000 0.000000 0.000000 0.000000
    30 -8.015625 0.036713 0.530762 1.570796 0.000000 1.570796
  time 44
    0 -33.687500 -0.000004 32.312500 1.570792 0.002895 1.567901
    1 -25.390625 9.476563 -60.000000 0.007332 -0.264982 -1.495667
    2 -25.500000 6.121094 74.562500 0.268790 0.005622 -3.065400
    3 -4.093750 -12.898438 -54.187500 -3.141593 0.000000 -3.141593
    4 36.093750 0.139771 -0.183838 -3.141593 0.000000 3.141593
    5 19.640625 0.445557 -0.155884 -3.110697 -0.265014 1.495667
    6 0.015686 -10.796875 66.625000 0.000000 0.000000 0.000000
    7 25.500000 6.121094 74.562500 2.876375 -0.019554 -0.071299
    8 4.093750 -12.898438 -54.187500 0.000000 0.000000 0.000000
    9 36.093750 0.139771 0.183838 -3.141593 0.000000 -3.141593
    10 19.562500 0.449951 0.159302 -0.024235 0.265132 1.494182
    11 25.343750 9.476563 -60.000000 0.007113 -0.265133 -1.647399
    12 7.617060 -64.168652 -11.384843 -0.063470 -1.232342 -4.487373
    13 -16.015625 9.289063 50.312500 0.000000 0.000000 0.000000
    14 0.019745 5.535156 -0.213135 0.000000 -1.570796 -1.570796
    15 0.000002 0.000002 0.000000 0.000000 0.000000 0.000000
    16 5.378906 8.585938 27.375000 -1.230457 0.000000 0.000000
    17 -32.968750 -14.375000 74.875000 0.000000 0.000000 0.000000
    18 -0.000004 0.207031 -0.009148 0.000000 0.000000 0.000000
    19 -6.250000 0.000002 0.000000 0.000000 0.000000 0.000000
    20 -13.601563 -14.679688 84.437500 -1.655486 0.445706 -2.888000
    21 10.992188 -2.070313 1.356445 -1.940749 -0.170989 2.830772
    22 32.968750 -14.375000 74.875000 -3.141593 0.000000 3.141593
    23 0.000000 0.207031 0.009140 0.000000 0.000000 0.000000
    24 -6.250000 -0.000002 0.000004 0.000000 0.000000 0.000000
    25 13.601563 -14.679688 84.437500 -0.057762 0.445706 -0.253592
    26 11.039063 -2.759766 2.041016 -0.263153 -0.211575 0.098239
    27 8.476563 9.398438 15.687500 -1.178097 0.000000 0.000000
    28 -9.953125 3.416016 -54.781250 0.000000 0.000000 0.000000
    29 19.640625 -0.436035 0.000000 0.000000 0.000000 0.000000
    30 -8.015625 0.036713 0.530762 1.570796 0.000000 1.570796
  time 45
    0 -33.687500 -0.000004 32.312500 1.570792 0.002895 1.567901
    1 -25.390625 9.476563 -60.000000 0.007332 -0.264982 -1.495667
    2 -25.500000 6.121094 74.562500 0.268790 0.005622 -3.065400
    3 -4.093750 -12.898438 -54.187500 -3.141593 0.000000 -3.141593
    4 36.093750 0.139771 -0.183838 -3.141593 0.000000 3.141593
    5 19.640625 0.445557 -0.155884 -3.110697 -0.265014 1.495667
    6 0.015686 -10.796875 66.625000 0.000000 0.000000 0.000000
    7 25.500000 6.121094 74.562500 2.876375 -0.019554 -0.071299
    8 4.093750 -12.898438 -54.187500 0.000000 0.000000 0.000000
    9 36.093750 0.139771 0.183838 -3.141593 0.000000 -3.141593
    10 19.562500 0.449951 0.159302 -0.024235 0.265132 1.494182
    11 25.343750 9.476563 -60.000000 0.007113 -0.265133 -1.647399
    12 6.023261 -65.528069 -11.384843 -0.051965 -1.223588 -4.539912
    13 -16.015625 9.289063 50.312500 0.000000 0.000000 0.000000
    14 0.019745 5.535156 -0.213135 0.000000 -1.570796 -1.570796
    15 0.000002 0.000002 0.000000 0.000000 0.000000 0.000000
    16 5.378906 8.585938 27.375000 -1.230457 0.000000 0.000000
    17 -32.968750 -14.375000 74.875000 0.000000 0.000000 0.000000
    18 -0.000004 0.207031 -0.009148 0.000000 0.000000 0.000000
    19 -6.250000 0.000002 0.000000 0.000000 0.000000 0.000000
    20 -13.601563 -14.679688 84.437500 -1.655486 0.445706 -2.888000
    21 10.992188 -2.070313 1.356445 -1.940749 -0.170989 2.830772
    22 32.968750 -14.375000 74.875000 -3.141593 0.000000 3.141593
    23 0.000000 0.207031 0.009140 0.000000 0.000000 0.000000
    24 -6.250000 -0.000002 0.000004 0.000000 0.000000 0.000000
    25 13.601563 -14.679688 84.437500 -0.057762 0.445706 -0.253592
    26 11.039063 -2.759766 2.041016 -0.263153 -0.211575 0.098239
    27 8.476563 9.398438 15.687500 -1.178097 0.000000 0.000000
    28 -9.953125 3.416016 -54.781250 0.000000 0.000000 0.000000
    29 19.640625 -0.436035 0.000000 0.000000 0.000000 0.000000
    30 -8.015625 0.036713 0.530762 1.570796 0.000000 1.570796
  time 46
    0 -33.687500 -0.000004 32.312500 1.570792 0.002895 1.567901
    1 -25.390625 9.476563 -60.000000 0.007332 -0.264982 -1.495667
    2 -25.500000 6.121094 74.562500 0.268790 0.005622 -3.065400
    3 -4.093750 -12.898438 -54.187500 -3.141593 0.000000 -3.141593
    4 36.093750 0.139771 -0.183838 -3.141593 0.000000 3.141593
    5 19.640625 0.445557 -0.155884 -3.110697 -0.265014 1.495667
    6 0.015686 -10.796875 66.625000 0.000000 0.000000 0.000000
    7 25.500000 6.121094 74.562500 2.876375 -0.019554 -0.071299
    8 4.093750 -12.898438 -54.187500 0.000000 0.000000 0.000000
    9 36.093750 0.139771 0.183838 -3.141593 0.000000 -3.141593
    10 19.562500 0.449951 0.159302 -0.024235 0.265132 1.494182
    11 25.343750 9.476563 -60.000000 0.007113 -0.265133 -1.647399
    12 4.531028 -66.778107 -11.384843 -0.040843 -1.214292 -4.586603
    13 -16.015625 9.289063 50.312500 0.000000 0.000000 0.000000
    14 0.019745 5.535156 -0.213135 0.000000 -1.570796 -1.570796
    15 0.000002 0.000002 0.000000 0.000000 0.000000 0.000000
    16 5.378906 8.585938 27.375000 -1.230457 0.000000 0.000000
    17 -32.968750 -14.375000 74.875000 0.000000 0.000000 0.000000
    18 -0.000004 0.207031 -0.009148 0.000000 0.000000 0.000000
    19 -6.250000 0.000002 0.000000 0.000000 0.000000 0.000000
    20 -13.601563 -14.679688 84.437500 -1.655486 0.445706 -2.888000
    21 10.992188 -2.070313 1.356445 -1.940749 -0.170989 2.830772
    22 32.968750 -14.375000 74.875000 -3.141593 0.000000 3.141593
    23 0.000000 0.207031 0.009140 0.000000 0.000000 0.000000
    24 -6.250000 -0.000002 0.000004 0.000000 0.000000 0.000000
    25 13.601563 -14.679688 84.437500 -0.057762 0.445706 -0.253592
    26 11.039063 -2.759766 2.041016 -0.263153 -0.211575 0.098239
    27 8.476563 9.398438 15.687500 -1.178097 0.000000 0.000000
    28 -9.953125 3.416016 -54.781250 0.000000 0.000000 0.000000
    29 19.640625 -0.436035 0.000000 0.000000 0.000000 0.000000
    30 -8.015625 0.036713 0.530762 1.570796 0.000000 1.570796
  time 47
    0 -33.687500 -0.000004 32.312500 1.570792 0.002895 1.567901
    1 -25.390625 9.476563 -60.000000 0.007332 -0.264982 -1.495667
    2 -25.500000 6.121094 74.562500 0.268790 0.005622 -3.065400
    3 -4.093750 -12.898438 -54.187500 -3.141593 0.000000 -3.141593
    4 36.093750 0.139771 -0.183838 -3.141593 0.000000 3.141593
    5 19.640625 0.445557 -0.155884 -3.110697 -0.265014 1.495667
    6 0.015686 -10.796875 66.625000 0.000000 0.000000 0.000000
    7 25.500000 6.121094 74.562500 2.876375 -0.019554 -0.071299
    8 4.093750 -12.898438 -54.187500 0.000000 0.000000 0.000000
    9 36.093750 0.139771 0.183838 -3.141593 0.000000 -3.141593
    10 19.562500 0.449951 0.159302 -0.024235 0.265132 1.494182
    11 25.343750 9.476563 -60.000000 0.007113 -0.265133 -1.647399
    12 3.163799 -67.910954 -11.384843 -0.030201 -1.205461 -4.626965
    13 -16.015625 9.289063 50.312500 0.000000 0.000000 0.000000
    14 0.019745 5.535156 -0.213135 0.000000 -1.570796 -1.570796
    15 0.000002 0.000002 0.000000 0.000000 0.000000 0.000000
    16 5.378906 8.585938 27.375000 -1.230457 0.000000 0.000000
    17 -32.968750 -14.375000 74.875000 0.000000 0.000000 0.000000
    18 -0.000004 0.207031 -0.009148 0.000000 0.000000 0.000000
    19 -6.250000 0.000002 0.000000 0.000000 0.000000 0.000000
    20 -13.601563 -14.679688 84.437500 -1.655486 0.445706 -2.888000
    21 10.992188 -2.070313 1.356445 -1.940749 -0.170989 2.830772
    22 32.968750 -14.375000 74.875000 -3.141593 0.000000 3.141593
    23 0.000000 0.207031 0.009140 0.000000 0.000000 0.000000
    24 -6.250000 -0.000002 0.000004 0.000000 0.000000 0.000000
    25 13.601563 -14.679688 84.437500 -0.057762 0.445706 -0.253592
    26 11.039063 -2.759766 2.041016 -0.263153 -0.211575 0.098239
    27 8.476563 9.398438 15.687500 -1.178097 0.000000 0.000000
    28 -9.953125 3.416016 -54.781250 0.000000 0.000000 0.000000
    29 19.640625 -0.436035 0.000000 0.000000 0.000000 0.000000
    30 -8.015625 0.036713 0.530762 1.570796 0.000000 1.570796
  time 48
    0 -33.687500 -0.000004 32.312500 1.570792 0.002895 1.567901
    1 -25.390625 9.476563 -60.000000 0.007332 -0.264982 -1.495667
    2 -25.500000 6.121094 74.562500 0.268790 0.005622 -3.065400
    3 -4.093750 -12.898438 -54.187500 -3.141593 0.000000 -3.141593
    4 36.093750 0.139771 -0.183838 -3.141593 0.000000 3.141593
    5 19.640625 0.445557 -0.155884 -3.110697 -0.265014 1.495667
    6 0.015686 -10.796875 66.625000 0.000000 0.000000 0.000000
    7 25.500000 6.121094 74.562500 2.876375 -0.019554 -0.071299
    8 4.093750 -12.898438 -54.187500 0.000000 0.000000 0.000000
    9 36.093750 0.139771 0.183838 -3.141593 0.000000 -3.141593
    10 19.562500 0.449951 0.159302 -0.024235 0.265132 1.494182
    11 25.343750 9.476563 -60.000000 0.007113 -0.265133 -1.647399
    12 1.960637 -68.887546 -11.384843 -0.020134 -1.197404 -4.660713
    13 -16.015625 9.289063 50.312500 0.000000 0.000000 0.000000
    14 0.019745 5.535156 -0.213135 0.000000 -1.570796 -1.570796
    15 0.000002 0.000002 0.000000 0.000000 0.000000 0.000000
    16 5.378906 8.585938 27.375000 -1.230457 0.000000 0.000000
    17 -32.968750 -14.375000 74.875000 0.000000 0.000000 0.000000
    18 -0.000004 0.207031 -0.009148 0.000000 0.000000 0.000000
    19 -6.250000 0.000002 0.000000 0.000000 0.000000 0.000000
    20 -13.601563 -14.679688 84.437500 -1.655486 0.445706 -2.888000
    21 10.992188 -2.070313 1.356445 -1.940749 -0.170989 2.830772
    22 32.968750 -14.375000 74.875000 -3.141593 0.000000 3.141593
    23 0.000000 0.207031 0.009140 0.000000 0.000000 0.000000
    24 -6.250000 -0.000002 0.000004 0.000000 0.000000 0.000000
    25 13.601563 -14.679688 84.437500 -0.057762 0.445706 -0.253592
    26 11.039063 -2.759766 2.041016 -0.263153 -0.211575 0.098239
    27 8.476563 9.398438 15.687500 -1.178097 0.000000 0.000000
    28 -9.953125 3.416016 -54.781250 0.000000 0.000000 0.000000
    29 19.640625 -0.436035 0.000000 0.000000 0.000000 0.000000
    30 -8.015625 0.036713 0.530762 1.570796 0.000000 1.570796
  time 49
    0 -33.687500 -0.000004 32.312500 1.570792 0.002895 1.567901
    1 -25.390625 9.476563 -60.000000 0.007332 -0.264982 -1.495667
    2 -25.500000 6.121094 74.562500 0.268790 0.005622 -3.065400
    3 -4.093750 -12.898438 -54.187500 -3.141593 0.000000 -3.141593
    4 36.093750 0.139771 -0.183838 -3.141593 0.000000 3.141593
    5 19.640625 0.445557 -0.155884 -3.110697 -0.265014 1.495667
    6 0.015686 -10.796875 66.625000 0.000000 0.000000 0.000000
    7 25.500000 6.121094 74.562500 2.876375 -0.019554 -0.071299
    8 4.093750 -12.898438 -54.187500 0.000000 0.000000 0.000000
    9 36.093750 0.139771 0.183838 -3.141593 0.000000 -3.141593
    10 19.562500 0.449951 0.159302 -0.024235 0.265132 1.494182
    11 25.343750 9.476563 -60.000000 0.007113 -0.265133 -1.647399
    12 0.972326 -69.688352 -11.384843 -0.010930 -1.190665 -4.687174
    13 -16.015625 9.289063 50.312500 0.000000 0.000000 0.000000
    14 0.019745 5.535156 -0.213135 0.000000 -1.570796 -1.570796
    15 0.000002 0.000002 0.000000 0.000000 0.000000 0.000000
    16 5.378906 8.585938 27.375000 -1.230457 0.000000 0.000000
    17 -32.968750 -14.375000 74.875000 0.000000 0.000000 0.000000
    18 -0.000004 0.207031 -0.009148 0.000000 0.000000 0.000000
    19 -6.250000 0.000002 0.000000 0.000000 0.000000 0.000000
    20 -13.601563 -14.679688 84.437500 -1.655486 0.445706 -2.888000
    21 10.992188 -2.070313 1.356445 -1.940749 -0.170989 2.830772
    22 32.968750 -14.375000 74.875000 -3.141593 0.000000 3.141593
    23 0.000000 0.207031 0.009140 0.000000 0.000000 0.000000
    24 -6.250000 -0.000002 0.000004 0.000000 0.000000 0.000000
    25 13.601563 -14.679688 84.437500 -0.057762 0.445706 -0.253592
    26 11.039063 -2.759766 2.041016 -0.263153 -0.211575 0.098239
    27 8.476563 9.398438 15.687500 -1.178097 0.000000 0.000000
    28 -9.953125 3.416016 -54.781250 0.000000 0.000000 0.000000
    29 19.640625 -0.436035 0.000000 0.000000 0.000000 0.000000
    30 -8.015625 0.036713 0.530762 1.570796 0.000000 1.570796
  time 50
    0 -33.687500 -0.000004 32.312500 1.570792 0.002895 1.567901
    1 -25.390625 9.476563 -60.000000 0.007332 -0.264982 -1.495667
    2 -25.500000 6.121094 74.562500 0.268790 0.005622 -3.065400
    3 -4.093750 -12.898438 -54.187500 -3.141593 0.000000 -3.141593
    4 36.093750 0.139771 -0.183838 -3.141593 0.000000 3.141593
    5 19.640625 0.445557 -0.155884 -3.110697 -0.265014 1.495667
    6 0.015686 -10.796875 66.625000 0.000000 0.000000 0.000000
    7 25.500000 6.121094 74.562500 2.876375 -0.019554 -0.071299
    8 4.093750 -12.898438 -54.187500 0.000000 0.000000 0.000000
    9 36.093750 0.139771 0.183838 -3.141593 0.000000 -3.141593
    10 19.562500 0.449951 0.159302 -0.024235 0.265132 1.494182
    11 25.343750 9.476563 -60.000000 0.007113 -0.265133 -1.647399
    12 0.280898 -70.246963 -11.384843 -0.003356 -1.185784 -4.705198
    13 -16.015625 9.289063 50.312500 0.000000 0.000000 0.000000
    14 0.019745 5.535156 -0.213135 0.000000 -1.570796 -1.570796
    15 0.000002 0.000002 0.000000 0.000000 0.000000 0.000000
    16 5.378906 8.585938 27.375000 -1.230457 0.000000 0.000000
    17 -32.968750 -14.375000 74.875000 0.000000 0.000000 0.000000
    18 -0.000004 0.207031 -0.009148 0.000000 0.000000 0.000000
    19 -6.250000 0.000002 0.000000 0.000000 0.000000 0.000000
    20 -13.601563 -14.679688 84.437500 -1.655486 0.445706 -2.888000
    21 10.992188 -2.070313 1.356445 -1.940749 -0.170989 2.830772
    22 32.968750 -14.375000 74.875000 -3.141593 0.000000 3.141593
    23 0.000000 0.207031 0.009140 0.000000 0.000000 0.000000
    24 -6.250000 -0.000002 0.000004 0.000000 0.000000 0.000000
    25 13.601563 -14.679688 84.437500 -0.057762 0.445706 -0.253592
    26 11.039063 -2.759766 2.041016 -0.263153 -0.211575 0.098239
    27 8.476563 9.398438 15.687500 -1.178097 0.000000 0.000000
    28 -9.953125 3.416016 -54.781250 0.000000 0.000000 0.000000
    29 19.640625 -0.436035 0.000000 0.000000 0.000000 0.000000
    30 -8.015625 0.036713 0.530762 1.570796 0.000000 1.570796
  time 51
    0 -33.687500 -0.000004 32.312500 1.570792 0.002895 1.567901
    1 -25.390625 9.476563 -60.000000 0.007332 -0.264982 -1.495667
    2 -25.500000 6.121094 74.562500 0.268790 0.005622 -3.065400
    3 -4.093750 -12.898438 -54.187500 -3.141593 0.000000 -3.141593
    4 36.093750 0.139771 -0.183838 -3.141593 0.000000 3.141593
    5 19.640625 0.445557 -0.155884 -3.110697 -0.265014 1.495667
    6 0.015686 -10.796875 66.625000 0.000000 0.000000 0.000000
    7 25.500000 6.121094 74.562500 2.876375 -0.019554 -0.071299
    8 4.093750 -12.898438 -54.187500 0.000000 0.000000 0.000000
    9 36.093750 0.139771 0.183838 -3.141593 0.000000 -3.141593
    10 19.562500 0.449951 0.159302 -0.024235 0.265132 1.494182
    11 25.343750 9.476563 -60.000000 0.007113 -0.265133 -1.647399
    12 0.003546 -70.465719 -11.384843 0.000000 -1.183848 1.570701
    13 -16.015625 9.289063 50.312500 0.000000 0.000000 0.000000
    14 0.019745 5.535156 -0.213135 0.000000 -1.570796 -1.570796
    15 0.000002 0.000002 0.000000 0.000000 0.000000 0.000000
    16 5.378906 8.585938 27.375000 -1.230457 0.000000 0.000000
    17 -32.968750 -14.375000 74.875000 0.000000 0.000000 0.000000
    18 -0.000004 0.207031 -0.009148 0.000000 0.000000 0.000000
    19 -6.250000 0.000002 0.000000 0.000000 0.000000 0.000000
    20 -13.601563 -14.679688 84.437500 -1.655486 0.445706 -2.888000
    21 10.992188 -2.070313 1.356445 -1.940749 -0.170989 2.830772
    22 32.968750 -14.375000 74.875000 -3.141593 0.000000 3.141593
    23 0.000000 0.207031 0.009140 0.000000 0.000000 0.000000
    24 -6.250000 -0.000002 0.000004 0.000000 0.000000 0.000000
    25 13.601563 -14.679688 84.437500 -0.057762 0.445706 -0.253592
    26 11.039063 -2.759766 2.041016 -0.263153 -0.211575 0.098239
    27 8.476563 9.398438 15.687500 -1.178097 0.000000 0.000000
    28 -9.953125 3.416016 -54.781250 0.000000 0.000000 0.000000
    29 19.640625 -0.436035 0.000000 0.000000 0.000000 0.000000
    30 -8.015625 0.036713 0.530762 1.570796 0.000000 1.570796
end
