// Created by Crowbar 0.74
version 1
nodes
  0 "Rig_Buggy.Frame" -1
  1 "Rig_Buggy.Shock_RR_Sleeve" 0
  2 "Rig_Buggy.Shock_FR_Sleeve" 0
  3 "Rig_Buggy.Axel_RR" 0
  4 "Rig_Buggy.Wheel_RR" 3
  5 "Rig_Buggy.Shock_RR_Piston" 3
  6 "Rig_Buggy.Steer_Arm" 0
  7 "Rig_Buggy.Shock_FL_Sleeve" 0
  8 "Rig_Buggy.Axel_RL" 0
  9 "Rig_Buggy.Wheel_RL" 8
  10 "Rig_Buggy.Shock_RL_Piston" 8
  11 "Rig_Buggy.Shock_RL_Sleeve" 0
  12 "Rig_Buggy.view" 0
  13 "Rig_Buggy.Gun_Base" 0
  14 "Rig_Buggy.Gun_Parent" 13
  15 "Rig_Buggy.Gun" 14
  16 "Rig_Buggy.Speedo" 0
  17 "Rig_Buggy.Wheel_FR_Turn_parent" 0
  18 "Rig_Buggy.Wheel_FR_Turn" 17
  19 "Rig_Buggy.Wheel_FR_Rotate" 18
  20 "Rig_Buggy.Axel_FR" 0
  21 "Rig_Buggy.Shock_FR_Piston" 20
  22 "Rig_Buggy.Wheel_FL_Turn_parent" 0
  23 "Rig_Buggy.Wheel_FL_Turn" 22
  24 "Rig_Buggy.Wheel_FL_Rotate" 23
  25 "Rig_Buggy.Axel_FL" 0
  26 "Rig_Buggy.Shock_FL_Piston" 25
  27 "Rig_Buggy.Steer_Wheel" 0
  28 "Rig_Buggy.lid" 0
  29 "Rig_Buggy.latch" 28
  30 "Rig_Buggy.gun_cylinders" 15
end
skeleton
  time 0
    0 -33.687500 -0.000004 32.312500 1.570792 0.002895 1.567901
    1 -25.390625 9.476563 -60.000000 0.007332 -0.264982 -1.495667
    2 -25.500000 6.121094 74.562500 0.268790 0.005622 -3.065400
    3 -4.093750 -12.898438 -54.187500 -3.141593 0.000000 -3.141593
    4 36.093750 0.139771 -0.183838 -3.141593 0.000000 3.141593
    5 19.640625 0.445557 -0.155884 -3.110697 -0.265014 1.495667
    6 0.015686 -10.796875 66.625000 0.000000 0.000000 0.000000
    7 25.500000 6.121094 74.562500 2.876375 -0.019554 -0.071299
    8 4.093750 -12.898438 -54.187500 0.000000 0.000000 0.000000
    9 36.093750 0.139771 0.183838 -3.141593 0.000000 -3.141593
    10 19.562500 0.449951 0.159302 -0.024235 0.265132 1.494182
    11 25.343750 9.476563 -60.000000 0.007113 -0.265133 -1.647399
    12 8.960851 19.693282 -11.384843 0.000000 -1.570796 -1.570796
    13 -16.015625 9.289063 50.312500 0.000000 0.000000 0.000000
    14 0.019745 5.535156 -0.213135 0.000000 -1.570796 -1.570796
    15 0.000002 0.000002 0.000000 0.000000 0.000000 0.000000
    16 5.378906 8.585938 27.375000 -1.230457 0.000000 0.000000
    17 -32.968750 -14.375000 74.875000 0.000000 0.000000 0.000000
    18 -0.000004 0.207031 -0.009148 0.000000 0.000000 0.000000
    19 -6.250000 0.000002 0.000000 0.000000 0.000000 0.000000
    20 -13.601563 -14.679688 84.437500 -1.655486 0.445706 -2.888000
    21 10.992188 -2.070313 1.356445 -1.940749 -0.170989 2.830772
    22 32.968750 -14.375000 74.875000 -3.141593 0.000000 3.141593
    23 0.000000 0.207031 0.009140 0.000000 0.000000 0.000000
    24 -6.250000 -0.000002 0.000004 0.000000 0.000000 0.000000
    25 13.601563 -14.679688 84.437500 -0.057762 0.445706 -0.253592
    26 11.039063 -2.759766 2.041016 -0.263153 -0.211575 0.098239
    27 8.476563 9.398438 15.687500 -1.178097 0.000000 0.000000
    28 -9.953125 3.416016 -54.781250 0.000000 0.000000 0.000000
    29 19.640625 -0.436035 0.000000 0.000000 0.000000 0.000000
    30 -8.015625 0.036713 0.530762 1.570796 0.000000 1.570796
  time 1
    0 -33.687500 -0.000004 32.312500 1.570792 0.002895 1.567901
    1 -25.390625 9.476563 -60.000000 0.007332 -0.264982 -1.495667
    2 -25.500000 6.121094 74.562500 0.268790 0.005622 -3.065400
    3 -4.093750 -12.898438 -54.187500 -3.141593 0.000000 -3.141593
    4 36.093750 0.139771 -0.183838 -3.141593 0.000000 3.141593
    5 19.640625 0.445557 -0.155884 -3.110697 -0.265014 1.495667
    6 0.015686 -10.796875 66.625000 0.000000 0.000000 0.000000
    7 25.500000 6.121094 74.562500 2.876375 -0.019554 -0.071299
    8 4.093750 -12.898438 -54.187500 0.000000 0.000000 0.000000
    9 36.093750 0.139771 0.183838 -3.141593 0.000000 -3.141593
    10 19.562500 0.449951 0.159302 -0.024235 0.265132 1.494182
    11 25.343750 9.476563 -60.000000 0.007113 -0.265133 -1.647399
    12 8.406146 19.716720 -11.255933 0.298848 -1.565761 -1.866375
    13 -16.015625 9.289063 50.312500 0.000000 0.000000 0.000000
    14 0.019745 5.535156 -0.213135 0.000000 -1.570796 -1.570796
    15 0.000002 0.000002 0.000000 0.000000 0.000000 0.000000
    16 5.378906 8.585938 27.375000 -1.230457 0.000000 0.000000
    17 -32.968750 -14.375000 74.875000 0.000000 0.000000 0.000000
    18 -0.000004 0.207031 -0.009148 0.000000 0.000000 0.000000
    19 -6.250000 0.000002 0.000000 0.000000 0.000000 0.000000
    20 -13.601563 -14.679688 84.437500 -1.655486 0.445706 -2.888000
    21 10.992188 -2.070313 1.356445 -1.940749 -0.170989 2.830772
    22 32.968750 -14.375000 74.875000 -3.141593 0.000000 3.141593
    23 0.000000 0.207031 0.009140 0.000000 0.000000 0.000000
    24 -6.250000 -0.000002 0.000004 0.000000 0.000000 0.000000
    25 13.601563 -14.679688 84.437500 -0.057762 0.445706 -0.253592
    26 11.039063 -2.759766 2.041016 -0.263153 -0.211575 0.098239
    27 8.476563 9.398438 15.687500 -1.178097 0.000000 0.000000
    28 -9.953125 3.416016 -54.781250 0.000000 0.000000 0.000000
    29 19.640625 -0.436035 0.000000 0.000000 0.000000 0.000000
    30 -8.015625 0.036713 0.530762 1.570796 0.000000 1.570796
  time 2
    0 -33.687500 -0.000004 32.312500 1.570792 0.002895 1.567901
    1 -25.390625 9.476563 -60.000000 0.007332 -0.264982 -1.495667
    2 -25.500000 6.121094 74.562500 0.268790 0.005622 -3.065400
    3 -4.093750 -12.898438 -54.187500 -3.141593 0.000000 -3.141593
    4 36.093750 0.139771 -0.183838 -3.141593 0.000000 3.141593
    5 19.640625 0.445557 -0.155884 -3.110697 -0.265014 1.495667
    6 0.015686 -10.796875 66.625000 0.000000 0.000000 0.000000
    7 25.500000 6.121094 74.562500 2.876375 -0.019554 -0.071299
    8 4.093750 -12.898438 -54.187500 0.000000 0.000000 0.000000
    9 36.093750 0.139771 0.183838 -3.141593 0.000000 -3.141593
    10 19.562500 0.449951 0.159302 -0.024235 0.265132 1.494182
    11 25.343750 9.476563 -60.000000 0.007113 -0.265133 -1.647399
    12 7.128764 19.763597 -10.955142 0.266346 -1.551739 -1.823711
    13 -16.015625 9.289063 50.312500 0.000000 0.000000 0.000000
    14 0.019745 5.535156 -0.213135 0.000000 -1.570796 -1.570796
    15 0.000002 0.000002 0.000000 0.000000 0.000000 0.000000
    16 5.378906 8.585938 27.375000 -1.230457 0.000000 0.000000
    17 -32.968750 -14.375000 74.875000 0.000000 0.000000 0.000000
    18 -0.000004 0.207031 -0.009148 0.000000 0.000000 0.000000
    19 -6.250000 0.000002 0.000000 0.000000 0.000000 0.000000
    20 -13.601563 -14.679688 84.437500 -1.655486 0.445706 -2.888000
    21 10.992188 -2.070313 1.356445 -1.940749 -0.170989 2.830772
    22 32.968750 -14.375000 74.875000 -3.141593 0.000000 3.141593
    23 0.000000 0.207031 0.009140 0.000000 0.000000 0.000000
    24 -6.250000 -0.000002 0.000004 0.000000 0.000000 0.000000
    25 13.601563 -14.679688 84.437500 -0.057762 0.445706 -0.253592
    26 11.039063 -2.759766 2.041016 -0.263153 -0.211575 0.098239
    27 8.476563 9.398438 15.687500 -1.178097 0.000000 0.000000
    28 -9.953125 3.416016 -54.781250 0.000000 0.000000 0.000000
    29 19.640625 -0.436035 0.000000 0.000000 0.000000 0.000000
    30 -8.015625 0.036713 0.530762 1.570796 0.000000 1.570796
  time 3
    0 -33.687500 -0.000004 32.312500 1.570792 0.002895 1.567901
    1 -25.390625 9.476563 -60.000000 0.007332 -0.264982 -1.495667
    2 -25.500000 6.121094 74.562500 0.268790 0.005622 -3.065400
    3 -4.093750 -12.898438 -54.187500 -3.141593 0.000000 -3.141593
    4 36.093750 0.139771 -0.183838 -3.141593 0.000000 3.141593
    5 19.640625 0.445557 -0.155884 -3.110697 -0.265014 1.495667
    6 0.015686 -10.796875 66.625000 0.000000 0.000000 0.000000
    7 25.500000 6.121094 74.562500 2.876375 -0.019554 -0.071299
    8 4.093750 -12.898438 -54.187500 0.000000 0.000000 0.000000
    9 36.093750 0.139771 0.183838 -3.141593 0.000000 -3.141593
    10 19.562500 0.449951 0.159302 -0.024235 0.265132 1.494182
    11 25.343750 9.476563 -60.000000 0.007113 -0.265133 -1.647399
    12 5.398242 19.810473 -10.544973 0.223776 -1.530668 -1.764173
    13 -16.015625 9.289063 50.312500 0.000000 0.000000 0.000000
    14 0.019745 5.535156 -0.213135 0.000000 -1.570796 -1.570796
    15 0.000002 0.000002 0.000000 0.000000 0.000000 0.000000
    16 5.378906 8.585938 27.375000 -1.230457 0.000000 0.000000
    17 -32.968750 -14.375000 74.875000 0.000000 0.000000 0.000000
    18 -0.000004 0.207031 -0.009148 0.000000 0.000000 0.000000
    19 -6.250000 0.000002 0.000000 0.000000 0.000000 0.000000
    20 -13.601563 -14.679688 84.437500 -1.655486 0.445706 -2.888000
    21 10.992188 -2.070313 1.356445 -1.940749 -0.170989 2.830772
    22 32.968750 -14.375000 74.875000 -3.141593 0.000000 3.141593
    23 0.000000 0.207031 0.009140 0.000000 0.000000 0.000000
    24 -6.250000 -0.000002 0.000004 0.000000 0.000000 0.000000
    25 13.601563 -14.679688 84.437500 -0.057762 0.445706 -0.253592
    26 11.039063 -2.759766 2.041016 -0.263153 -0.211575 0.098239
    27 8.476563 9.398438 15.687500 -1.178097 0.000000 0.000000
    28 -9.953125 3.416016 -54.781250 0.000000 0.000000 0.000000
    29 19.640625 -0.436035 0.000000 0.000000 0.000000 0.000000
    30 -8.015625 0.036713 0.530762 1.570796 0.000000 1.570796
  time 4
    0 -33.687500 -0.000004 32.312500 1.570792 0.002895 1.567901
    1 -25.390625 9.476563 -60.000000 0.007332 -0.264982 -1.495667
    2 -25.500000 6.121094 74.562500 0.268790 0.005622 -3.065400
    3 -4.093750 -12.898438 -54.187500 -3.141593 0.000000 -3.141593
    4 36.093750 0.139771 -0.183838 -3.141593 0.000000 3.141593
    5 19.640625 0.445557 -0.155884 -3.110697 -0.265014 1.495667
    6 0.015686 -10.796875 66.625000 0.000000 0.000000 0.000000
    7 25.500000 6.121094 74.562500 2.876375 -0.019554 -0.071299
    8 4.093750 -12.898438 -54.187500 0.000000 0.000000 0.000000
    9 36.093750 0.139771 0.183838 -3.141593 0.000000 -3.141593
    10 19.562500 0.449951 0.159302 -0.024235 0.265132 1.494182
    11 25.343750 9.476563 -60.000000 0.007113 -0.265133 -1.647399
    12 3.343492 19.830005 -10.064490 0.175071 -1.504252 -1.691885
    13 -16.015625 9.289063 50.312500 0.000000 0.000000 0.000000
    14 0.019745 5.535156 -0.213135 0.000000 -1.570796 -1.570796
    15 0.000002 0.000002 0.000000 0.000000 0.000000 0.000000
    16 5.378906 8.585938 27.375000 -1.230457 0.000000 0.000000
    17 -32.968750 -14.375000 74.875000 0.000000 0.000000 0.000000
    18 -0.000004 0.207031 -0.009148 0.000000 0.000000 0.000000
    19 -6.250000 0.000002 0.000000 0.000000 0.000000 0.000000
    20 -13.601563 -14.679688 84.437500 -1.655486 0.445706 -2.888000
    21 10.992188 -2.070313 1.356445 -1.940749 -0.170989 2.830772
    22 32.968750 -14.375000 74.875000 -3.141593 0.000000 3.141593
    23 0.000000 0.207031 0.009140 0.000000 0.000000 0.000000
    24 -6.250000 -0.000002 0.000004 0.000000 0.000000 0.000000
    25 13.601563 -14.679688 84.437500 -0.057762 0.445706 -0.253592
    26 11.039063 -2.759766 2.041016 -0.263153 -0.211575 0.098239
    27 8.476563 9.398438 15.687500 -1.178097 0.000000 0.000000
    28 -9.953125 3.416016 -54.781250 0.000000 0.000000 0.000000
    29 19.640625 -0.436035 0.000000 0.000000 0.000000 0.000000
    30 -8.015625 0.036713 0.530762 1.570796 0.000000 1.570796
  time 5
    0 -33.687500 -0.000004 32.312500 1.570792 0.002895 1.567901
    1 -25.390625 9.476563 -60.000000 0.007332 -0.264982 -1.495667
    2 -25.500000 6.121094 74.562500 0.268790 0.005622 -3.065400
    3 -4.093750 -12.898438 -54.187500 -3.141593 0.000000 -3.141593
    4 36.093750 0.139771 -0.183838 -3.141593 0.000000 3.141593
    5 19.640625 0.445557 -0.155884 -3.110697 -0.265014 1.495667
    6 0.015686 -10.796875 66.625000 0.000000 0.000000 0.000000
    7 25.500000 6.121094 74.562500 2.876375 -0.019554 -0.071299
    8 4.093750 -12.898438 -54.187500 0.000000 0.000000 0.000000
    9 36.093750 0.139771 0.183838 -3.141593 0.000000 -3.141593
    10 19.562500 0.449951 0.159302 -0.024235 0.265132 1.494182
    11 25.343750 9.476563 -60.000000 0.007113 -0.265133 -1.647399
    12 1.054359 19.818286 -9.533224 0.122626 -1.473885 -1.609241
    13 -16.015625 9.289063 50.312500 0.000000 0.000000 0.000000
    14 0.019745 5.535156 -0.213135 0.000000 -1.570796 -1.570796
    15 0.000002 0.000002 0.000000 0.000000 0.000000 0.000000
    16 5.378906 8.585938 27.375000 -1.230457 0.000000 0.000000
    17 -32.968750 -14.375000 74.875000 0.000000 0.000000 0.000000
    18 -0.000004 0.207031 -0.009148 0.000000 0.000000 0.000000
    19 -6.250000 0.000002 0.000000 0.000000 0.000000 0.000000
    20 -13.601563 -14.679688 84.437500 -1.655486 0.445706 -2.888000
    21 10.992188 -2.070313 1.356445 -1.940749 -0.170989 2.830772
    22 32.968750 -14.375000 74.875000 -3.141593 0.000000 3.141593
    23 0.000000 0.207031 0.009140 0.000000 0.000000 0.000000
    24 -6.250000 -0.000002 0.000004 0.000000 0.000000 0.000000
    25 13.601563 -14.679688 84.437500 -0.057762 0.445706 -0.253592
    26 11.039063 -2.759766 2.041016 -0.263153 -0.211575 0.098239
    27 8.476563 9.398438 15.687500 -1.178097 0.000000 0.000000
    28 -9.953125 3.416016 -54.781250 0.000000 0.000000 0.000000
    29 19.640625 -0.436035 0.000000 0.000000 0.000000 0.000000
    30 -8.015625 0.036713 0.530762 1.570796 0.000000 1.570796
  time 6
    0 -33.687500 -0.000004 32.312500 1.570792 0.002895 1.567901
    1 -25.390625 9.476563 -60.000000 0.007332 -0.264982 -1.495667
    2 -25.500000 6.121094 74.562500 0.268790 0.005622 -3.065400
    3 -4.093750 -12.898438 -54.187500 -3.141593 0.000000 -3.141593
    4 36.093750 0.139771 -0.183838 -3.141593 0.000000 3.141593
    5 19.640625 0.445557 -0.155884 -3.110697 -0.265014 1.495667
    6 0.015686 -10.796875 66.625000 0.000000 0.000000 0.000000
    7 25.500000 6.121094 74.562500 2.876375 -0.019554 -0.071299
    8 4.093750 -12.898438 -54.187500 0.000000 0.000000 0.000000
    9 36.093750 0.139771 0.183838 -3.141593 0.000000 -3.141593
    10 19.562500 0.449951 0.159302 -0.024235 0.265132 1.494182
    11 25.343750 9.476563 -60.000000 0.007113 -0.265133 -1.647399
    12 -1.414466 19.747971 -8.962894 0.068456 -1.440729 -1.518737
    13 -16.015625 9.289063 50.312500 0.000000 0.000000 0.000000
    14 0.019745 5.535156 -0.213135 0.000000 -1.570796 -1.570796
    15 0.000002 0.000002 0.000000 0.000000 0.000000 0.000000
    16 5.378906 8.585938 27.375000 -1.230457 0.000000 0.000000
    17 -32.968750 -14.375000 74.875000 0.000000 0.000000 0.000000
    18 -0.000004 0.207031 -0.009148 0.000000 0.000000 0.000000
    19 -6.250000 0.000002 0.000000 0.000000 0.000000 0.000000
    20 -13.601563 -14.679688 84.437500 -1.655486 0.445706 -2.888000
    21 10.992188 -2.070313 1.356445 -1.940749 -0.170989 2.830772
    22 32.968750 -14.375000 74.875000 -3.141593 0.000000 3.141593
    23 0.000000 0.207031 0.009140 0.000000 0.000000 0.000000
    24 -6.250000 -0.000002 0.000004 0.000000 0.000000 0.000000
    25 13.601563 -14.679688 84.437500 -0.057762 0.445706 -0.253592
    26 11.039063 -2.759766 2.041016 -0.263153 -0.211575 0.098239
    27 8.476563 9.398438 15.687500 -1.178097 0.000000 0.000000
    28 -9.953125 3.416016 -54.781250 0.000000 0.000000 0.000000
    29 19.640625 -0.436035 0.000000 0.000000 0.000000 0.000000
    30 -8.015625 0.036713 0.530762 1.570796 0.000000 1.570796
  time 7
    0 -33.687500 -0.000004 32.312500 1.570792 0.002895 1.567901
    1 -25.390625 9.476563 -60.000000 0.007332 -0.264982 -1.495667
    2 -25.500000 6.121094 74.562500 0.268790 0.005622 -3.065400
    3 -4.093750 -12.898438 -54.187500 -3.141593 0.000000 -3.141593
    4 36.093750 0.139771 -0.183838 -3.141593 0.000000 3.141593
    5 19.640625 0.445557 -0.155884 -3.110697 -0.265014 1.495667
    6 0.015686 -10.796875 66.625000 0.000000 0.000000 0.000000
    7 25.500000 6.121094 74.562500 2.876375 -0.019554 -0.071299
    8 4.093750 -12.898438 -54.187500 0.000000 0.000000 0.000000
    9 36.093750 0.139771 0.183838 -3.141593 0.000000 -3.141593
    10 19.562500 0.449951 0.159302 -0.024235 0.265132 1.494182
    11 25.343750 9.476563 -60.000000 0.007113 -0.265133 -1.647399
    12 -4.035640 19.615155 -8.361313 0.014382 -1.405559 -1.422671
    13 -16.015625 9.289063 50.312500 0.000000 0.000000 0.000000
    14 0.019745 5.535156 -0.213135 0.000000 -1.570796 -1.570796
    15 0.000002 0.000002 0.000000 0.000000 0.000000 0.000000
    16 5.378906 8.585938 27.375000 -1.230457 0.000000 0.000000
    17 -32.968750 -14.375000 74.875000 0.000000 0.000000 0.000000
    18 -0.000004 0.207031 -0.009148 0.000000 0.000000 0.000000
    19 -6.250000 0.000002 0.000000 0.000000 0.000000 0.000000
    20 -13.601563 -14.679688 84.437500 -1.655486 0.445706 -2.888000
    21 10.992188 -2.070313 1.356445 -1.940749 -0.170989 2.830772
    22 32.968750 -14.375000 74.875000 -3.141593 0.000000 3.141593
    23 0.000000 0.207031 0.009140 0.000000 0.000000 0.000000
    24 -6.250000 -0.000002 0.000004 0.000000 0.000000 0.000000
    25 13.601563 -14.679688 84.437500 -0.057762 0.445706 -0.253592
    26 11.039063 -2.759766 2.041016 -0.263153 -0.211575 0.098239
    27 8.476563 9.398438 15.687500 -1.178097 0.000000 0.000000
    28 -9.953125 3.416016 -54.781250 0.000000 0.000000 0.000000
    29 19.640625 -0.436035 0.000000 0.000000 0.000000 0.000000
    30 -8.015625 0.036713 0.530762 1.570796 0.000000 1.570796
  time 8
    0 -33.687500 -0.000004 32.312500 1.570792 0.002895 1.567901
    1 -25.390625 9.476563 -60.000000 0.007332 -0.264982 -1.495667
    2 -25.500000 6.121094 74.562500 0.268790 0.005622 -3.065400
    3 -4.093750 -12.898438 -54.187500 -3.141593 0.000000 -3.141593
    4 36.093750 0.139771 -0.183838 -3.141593 0.000000 3.141593
    5 19.640625 0.445557 -0.155884 -3.110697 -0.265014 1.495667
    6 0.015686 -10.796875 66.625000 0.000000 0.000000 0.000000
    7 25.500000 6.121094 74.562500 2.876375 -0.019554 -0.071299
    8 4.093750 -12.898438 -54.187500 0.000000 0.000000 0.000000
    9 36.093750 0.139771 0.183838 -3.141593 0.000000 -3.141593
    10 19.562500 0.449951 0.159302 -0.024235 0.265132 1.494182
    11 25.343750 9.476563 -60.000000 0.007113 -0.265133 -1.647399
    12 -6.774004 19.388585 -7.740200 -0.037488 -1.369459 -1.323442
    13 -16.015625 9.289063 50.312500 0.000000 0.000000 0.000000
    14 0.019745 5.535156 -0.213135 0.000000 -1.570796 -1.570796
    15 0.000002 0.000002 0.000000 0.000000 0.000000 0.000000
    16 5.378906 8.585938 27.375000 -1.230457 0.000000 0.000000
    17 -32.968750 -14.375000 74.875000 0.000000 0.000000 0.000000
    18 -0.000004 0.207031 -0.009148 0.000000 0.000000 0.000000
    19 -6.250000 0.000002 0.000000 0.000000 0.000000 0.000000
    20 -13.601563 -14.679688 84.437500 -1.655486 0.445706 -2.888000
    21 10.992188 -2.070313 1.356445 -1.940749 -0.170989 2.830772
    22 32.968750 -14.375000 74.875000 -3.141593 0.000000 3.141593
    23 0.000000 0.207031 0.009140 0.000000 0.000000 0.000000
    24 -6.250000 -0.000002 0.000004 0.000000 0.000000 0.000000
    25 13.601563 -14.679688 84.437500 -0.057762 0.445706 -0.253592
    26 11.039063 -2.759766 2.041016 -0.263153 -0.211575 0.098239
    27 8.476563 9.398438 15.687500 -1.178097 0.000000 0.000000
    28 -9.953125 3.416016 -54.781250 0.000000 0.000000 0.000000
    29 19.640625 -0.436035 0.000000 0.000000 0.000000 0.000000
    30 -8.015625 0.036713 0.530762 1.570796 0.000000 1.570796
  time 9
    0 -33.687500 -0.000004 32.312500 1.570792 0.002895 1.567901
    1 -25.390625 9.476563 -60.000000 0.007332 -0.264982 -1.495667
    2 -25.500000 6.121094 74.562500 0.268790 0.005622 -3.065400
    3 -4.093750 -12.898438 -54.187500 -3.141593 0.000000 -3.141593
    4 36.093750 0.139771 -0.183838 -3.141593 0.000000 3.141593
    5 19.640625 0.445557 -0.155884 -3.110697 -0.265014 1.495667
    6 0.015686 -10.796875 66.625000 0.000000 0.000000 0.000000
    7 25.500000 6.121094 74.562500 2.876375 -0.019554 -0.071299
    8 4.093750 -12.898438 -54.187500 0.000000 0.000000 0.000000
    9 36.093750 0.139771 0.183838 -3.141593 0.000000 -3.141593
    10 19.562500 0.449951 0.159302 -0.024235 0.265132 1.494182
    11 25.343750 9.476563 -60.000000 0.007113 -0.265133 -1.647399
    12 -9.602216 19.064357 -7.111275 -0.086289 -1.333514 -1.223253
    13 -16.015625 9.289063 50.312500 0.000000 0.000000 0.000000
    14 0.019745 5.535156 -0.213135 0.000000 -1.570796 -1.570796
    15 0.000002 0.000002 0.000000 0.000000 0.000000 0.000000
    16 5.378906 8.585938 27.375000 -1.230457 0.000000 0.000000
    17 -32.968750 -14.375000 74.875000 0.000000 0.000000 0.000000
    18 -0.000004 0.207031 -0.009148 0.000000 0.000000 0.000000
    19 -6.250000 0.000002 0.000000 0.000000 0.000000 0.000000
    20 -13.601563 -14.679688 84.437500 -1.655486 0.445706 -2.888000
    21 10.992188 -2.070313 1.356445 -1.940749 -0.170989 2.830772
    22 32.968750 -14.375000 74.875000 -3.141593 0.000000 3.141593
    23 0.000000 0.207031 0.009140 0.000000 0.000000 0.000000
    24 -6.250000 -0.000002 0.000004 0.000000 0.000000 0.000000
    25 13.601563 -14.679688 84.437500 -0.057762 0.445706 -0.253592
    26 11.039063 -2.759766 2.041016 -0.263153 -0.211575 0.098239
    27 8.476563 9.398438 15.687500 -1.178097 0.000000 0.000000
    28 -9.953125 3.416016 -54.781250 0.000000 0.000000 0.000000
    29 19.640625 -0.436035 0.000000 0.000000 0.000000 0.000000
    30 -8.015625 0.036713 0.530762 1.570796 0.000000 1.570796
  time 10
    0 -33.687500 -0.000004 32.312500 1.570792 0.002895 1.567901
    1 -25.390625 9.476563 -60.000000 0.007332 -0.264982 -1.495667
    2 -25.500000 6.121094 74.562500 0.268790 0.005622 -3.065400
    3 -4.093750 -12.898438 -54.187500 -3.141593 0.000000 -3.141593
    4 36.093750 0.139771 -0.183838 -3.141593 0.000000 3.141593
    5 19.640625 0.445557 -0.155884 -3.110697 -0.265014 1.495667
    6 0.015686 -10.796875 66.625000 0.000000 0.000000 0.000000
    7 25.500000 6.121094 74.562500 2.876375 -0.019554 -0.071299
    8 4.093750 -12.898438 -54.187500 0.000000 0.000000 0.000000
    9 36.093750 0.139771 0.183838 -3.141593 0.000000 -3.141593
    10 19.562500 0.449951 0.159302 -0.024235 0.265132 1.494182
    11 25.343750 9.476563 -60.000000 0.007113 -0.265133 -1.647399
    12 -12.504648 18.607311 -6.474537 -0.130392 -1.299119 -1.123545
    13 -16.015625 9.289063 50.312500 0.000000 0.000000 0.000000
    14 0.019745 5.535156 -0.213135 0.000000 -1.570796 -1.570796
    15 0.000002 0.000002 0.000000 0.000000 0.000000 0.000000
    16 5.378906 8.585938 27.375000 -1.230457 0.000000 0.000000
    17 -32.968750 -14.375000 74.875000 0.000000 0.000000 0.000000
    18 -0.000004 0.207031 -0.009148 0.000000 0.000000 0.000000
    19 -6.250000 0.000002 0.000000 0.000000 0.000000 0.000000
    20 -13.601563 -14.679688 84.437500 -1.655486 0.445706 -2.888000
    21 10.992188 -2.070313 1.356445 -1.940749 -0.170989 2.830772
    22 32.968750 -14.375000 74.875000 -3.141593 0.000000 3.141593
    23 0.000000 0.207031 0.009140 0.000000 0.000000 0.000000
    24 -6.250000 -0.000002 0.000004 0.000000 0.000000 0.000000
    25 13.601563 -14.679688 84.437500 -0.057762 0.445706 -0.253592
    26 11.039063 -2.759766 2.041016 -0.263153 -0.211575 0.098239
    27 8.476563 9.398438 15.687500 -1.178097 0.000000 0.000000
    28 -9.953125 3.416016 -54.781250 0.000000 0.000000 0.000000
    29 19.640625 -0.436035 0.000000 0.000000 0.000000 0.000000
    30 -8.015625 0.036713 0.530762 1.570796 0.000000 1.570796
  time 11
    0 -33.687500 -0.000004 32.312500 1.570792 0.002895 1.567901
    1 -25.390625 9.476563 -60.000000 0.007332 -0.264982 -1.495667
    2 -25.500000 6.121094 74.562500 0.268790 0.005622 -3.065400
    3 -4.093750 -12.898438 -54.187500 -3.141593 0.000000 -3.141593
    4 36.093750 0.139771 -0.183838 -3.141593 0.000000 3.141593
    5 19.640625 0.445557 -0.155884 -3.110697 -0.265014 1.495667
    6 0.015686 -10.796875 66.625000 0.000000 0.000000 0.000000
    7 25.500000 6.121094 74.562500 2.876375 -0.019554 -0.071299
    8 4.093750 -12.898438 -54.187500 0.000000 0.000000 0.000000
    9 36.093750 0.139771 0.183838 -3.141593 0.000000 -3.141593
    10 19.562500 0.449951 0.159302 -0.024235 0.265132 1.494182
    11 25.343750 9.476563 -60.000000 0.007113 -0.265133 -1.647399
    12 -15.450050 17.997918 -5.841705 -0.168935 -1.268364 -1.025562
    13 -16.015625 9.289063 50.312500 0.000000 0.000000 0.000000
    14 0.019745 5.535156 -0.213135 0.000000 -1.570796 -1.570796
    15 0.000002 0.000002 0.000000 0.000000 0.000000 0.000000
    16 5.378906 8.585938 27.375000 -1.230457 0.000000 0.000000
    17 -32.968750 -14.375000 74.875000 0.000000 0.000000 0.000000
    18 -0.000004 0.207031 -0.009148 0.000000 0.000000 0.000000
    19 -6.250000 0.000002 0.000000 0.000000 0.000000 0.000000
    20 -13.601563 -14.679688 84.437500 -1.655486 0.445706 -2.888000
    21 10.992188 -2.070313 1.356445 -1.940749 -0.170989 2.830772
    22 32.968750 -14.375000 74.875000 -3.141593 0.000000 3.141593
    23 0.000000 0.207031 0.009140 0.000000 0.000000 0.000000
    24 -6.250000 -0.000002 0.000004 0.000000 0.000000 0.000000
    25 13.601563 -14.679688 84.437500 -0.057762 0.445706 -0.253592
    26 11.039063 -2.759766 2.041016 -0.263153 -0.211575 0.098239
    27 8.476563 9.398438 15.687500 -1.178097 0.000000 0.000000
    28 -9.953125 3.416016 -54.781250 0.000000 0.000000 0.000000
    29 19.640625 -0.436035 0.000000 0.000000 0.000000 0.000000
    30 -8.015625 0.036713 0.530762 1.570796 0.000000 1.570796
  time 12
    0 -33.687500 -0.000004 32.312500 1.570792 0.002895 1.567901
    1 -25.390625 9.476563 -60.000000 0.007332 -0.264982 -1.495667
    2 -25.500000 6.121094 74.562500 0.268790 0.005622 -3.065400
    3 -4.093750 -12.898438 -54.187500 -3.141593 0.000000 -3.141593
    4 36.093750 0.139771 -0.183838 -3.141593 0.000000 3.141593
    5 19.640625 0.445557 -0.155884 -3.110697 -0.265014 1.495667
    6 0.015686 -10.796875 66.625000 0.000000 0.000000 0.000000
    7 25.500000 6.121094 74.562500 2.876375 -0.019554 -0.071299
    8 4.093750 -12.898438 -54.187500 0.000000 0.000000 0.000000
    9 36.093750 0.139771 0.183838 -3.141593 0.000000 -3.141593
    10 19.562500 0.449951 0.159302 -0.024235 0.265132 1.494182
    11 25.343750 9.476563 -60.000000 0.007113 -0.265133 -1.647399
    12 -18.422797 17.212738 -5.220592 -0.200958 -1.243730 -0.929784
    13 -16.015625 9.289063 50.312500 0.000000 0.000000 0.000000
    14 0.019745 5.535156 -0.213135 0.000000 -1.570796 -1.570796
    15 0.000002 0.000002 0.000000 0.000000 0.000000 0.000000
    16 5.378906 8.585938 27.375000 -1.230457 0.000000 0.000000
    17 -32.968750 -14.375000 74.875000 0.000000 0.000000 0.000000
    18 -0.000004 0.207031 -0.009148 0.000000 0.000000 0.000000
    19 -6.250000 0.000002 0.000000 0.000000 0.000000 0.000000
    20 -13.601563 -14.679688 84.437500 -1.655486 0.445706 -2.888000
    21 10.992188 -2.070313 1.356445 -1.940749 -0.170989 2.830772
    22 32.968750 -14.375000 74.875000 -3.141593 0.000000 3.141593
    23 0.000000 0.207031 0.009140 0.000000 0.000000 0.000000
    24 -6.250000 -0.000002 0.000004 0.000000 0.000000 0.000000
    25 13.601563 -14.679688 84.437500 -0.057762 0.445706 -0.253592
    26 11.039063 -2.759766 2.041016 -0.263153 -0.211575 0.098239
    27 8.476563 9.398438 15.687500 -1.178097 0.000000 0.000000
    28 -9.953125 3.416016 -54.781250 0.000000 0.000000 0.000000
    29 19.640625 -0.436035 0.000000 0.000000 0.000000 0.000000
    30 -8.015625 0.036713 0.530762 1.570796 0.000000 1.570796
  time 13
    0 -33.687500 -0.000004 32.312500 1.570792 0.002895 1.567901
    1 -25.390625 9.476563 -60.000000 0.007332 -0.264982 -1.495667
    2 -25.500000 6.121094 74.562500 0.268790 0.005622 -3.065400
    3 -4.093750 -12.898438 -54.187500 -3.141593 0.000000 -3.141593
    4 36.093750 0.139771 -0.183838 -3.141593 0.000000 3.141593
    5 19.640625 0.445557 -0.155884 -3.110697 -0.265014 1.495667
    6 0.015686 -10.796875 66.625000 0.000000 0.000000 0.000000
    7 25.500000 6.121094 74.562500 2.876375 -0.019554 -0.071299
    8 4.093750 -12.898438 -54.187500 0.000000 0.000000 0.000000
    9 36.093750 0.139771 0.183838 -3.141593 0.000000 -3.141593
    10 19.562500 0.449951 0.159302 -0.024235 0.265132 1.494182
    11 25.343750 9.476563 -60.000000 0.007113 -0.265133 -1.647399
    12 -21.391638 16.212707 -4.615105 -0.225406 -1.222581 -0.837745
    13 -16.015625 9.289063 50.312500 0.000000 0.000000 0.000000
    14 0.019745 5.535156 -0.213135 0.000000 -1.570796 -1.570796
    15 0.000002 0.000002 0.000000 0.000000 0.000000 0.000000
    16 5.378906 8.585938 27.375000 -1.230457 0.000000 0.000000
    17 -32.968750 -14.375000 74.875000 0.000000 0.000000 0.000000
    18 -0.000004 0.207031 -0.009148 0.000000 0.000000 0.000000
    19 -6.250000 0.000002 0.000000 0.000000 0.000000 0.000000
    20 -13.601563 -14.679688 84.437500 -1.655486 0.445706 -2.888000
    21 10.992188 -2.070313 1.356445 -1.940749 -0.170989 2.830772
    22 32.968750 -14.375000 74.875000 -3.141593 0.000000 3.141593
    23 0.000000 0.207031 0.009140 0.000000 0.000000 0.000000
    24 -6.250000 -0.000002 0.000004 0.000000 0.000000 0.000000
    25 13.601563 -14.679688 84.437500 -0.057762 0.445706 -0.253592
    26 11.039063 -2.759766 2.041016 -0.263153 -0.211575 0.098239
    27 8.476563 9.398438 15.687500 -1.178097 0.000000 0.000000
    28 -9.953125 3.416016 -54.781250 0.000000 0.000000 0.000000
    29 19.640625 -0.436035 0.000000 0.000000 0.000000 0.000000
    30 -8.015625 0.036713 0.530762 1.570796 0.000000 1.570796
  time 14
    0 -33.687500 -0.000004 32.312500 1.570792 0.002895 1.567901
    1 -25.390625 9.476563 -60.000000 0.007332 -0.264982 -1.495667
    2 -25.500000 6.121094 74.562500 0.268790 0.005622 -3.065400
    3 -4.093750 -12.898438 -54.187500 -3.141593 0.000000 -3.141593
    4 36.093750 0.139771 -0.183838 -3.141593 0.000000 3.141593
    5 19.640625 0.445557 -0.155884 -3.110697 -0.265014 1.495667
    6 0.015686 -10.796875 66.625000 0.000000 0.000000 0.000000
    7 25.500000 6.121094 74.562500 2.876375 -0.019554 -0.071299
    8 4.093750 -12.898438 -54.187500 0.000000 0.000000 0.000000
    9 36.093750 0.139771 0.183838 -3.141593 0.000000 -3.141593
    10 19.562500 0.449951 0.159302 -0.024235 0.265132 1.494182
    11 25.343750 9.476563 -60.000000 0.007113 -0.265133 -1.647399
    12 -24.321415 14.958763 -4.044775 -0.241226 -1.200658 -0.750787
    13 -16.015625 9.289063 50.312500 0.000000 0.000000 0.000000
    14 0.019745 5.535156 -0.213135 0.000000 -1.570796 -1.570796
    15 0.000002 0.000002 0.000000 0.000000 0.000000 0.000000
    16 5.378906 8.585938 27.375000 -1.230457 0.000000 0.000000
    17 -32.968750 -14.375000 74.875000 0.000000 0.000000 0.000000
    18 -0.000004 0.207031 -0.009148 0.000000 0.000000 0.000000
    19 -6.250000 0.000002 0.000000 0.000000 0.000000 0.000000
    20 -13.601563 -14.679688 84.437500 -1.655486 0.445706 -2.888000
    21 10.992188 -2.070313 1.356445 -1.940749 -0.170989 2.830772
    22 32.968750 -14.375000 74.875000 -3.141593 0.000000 3.141593
    23 0.000000 0.207031 0.009140 0.000000 0.000000 0.000000
    24 -6.250000 -0.000002 0.000004 0.000000 0.000000 0.000000
    25 13.601563 -14.679688 84.437500 -0.057762 0.445706 -0.253592
    26 11.039063 -2.759766 2.041016 -0.263153 -0.211575 0.098239
    27 8.476563 9.398438 15.687500 -1.178097 0.000000 0.000000
    28 -9.953125 3.416016 -54.781250 0.000000 0.000000 0.000000
    29 19.640625 -0.436035 0.000000 0.000000 0.000000 0.000000
    30 -8.015625 0.036713 0.530762 1.570796 0.000000 1.570796
  time 15
    0 -33.687500 -0.000004 32.312500 1.570792 0.002895 1.567901
    1 -25.390625 9.476563 -60.000000 0.007332 -0.264982 -1.495667
    2 -25.500000 6.121094 74.562500 0.268790 0.005622 -3.065400
    3 -4.093750 -12.898438 -54.187500 -3.141593 0.000000 -3.141593
    4 36.093750 0.139771 -0.183838 -3.141593 0.000000 3.141593
    5 19.640625 0.445557 -0.155884 -3.110697 -0.265014 1.495667
    6 0.015686 -10.796875 66.625000 0.000000 0.000000 0.000000
    7 25.500000 6.121094 74.562500 2.876375 -0.019554 -0.071299
    8 4.093750 -12.898438 -54.187500 0.000000 0.000000 0.000000
    9 36.093750 0.139771 0.183838 -3.141593 0.000000 -3.141593
    10 19.562500 0.449951 0.159302 -0.024235 0.265132 1.494182
    11 25.343750 9.476563 -60.000000 0.007113 -0.265133 -1.647399
    12 -27.161345 13.423559 -3.521322 -0.249088 -1.178812 -0.668336
    13 -16.015625 9.289063 50.312500 0.000000 0.000000 0.000000
    14 0.019745 5.535156 -0.213135 0.000000 -1.570796 -1.570796
    15 0.000002 0.000002 0.000000 0.000000 0.000000 0.000000
    16 5.378906 8.585938 27.375000 -1.230457 0.000000 0.000000
    17 -32.968750 -14.375000 74.875000 0.000000 0.000000 0.000000
    18 -0.000004 0.207031 -0.009148 0.000000 0.000000 0.000000
    19 -6.250000 0.000002 0.000000 0.000000 0.000000 0.000000
    20 -13.601563 -14.679688 84.437500 -1.655486 0.445706 -2.888000
    21 10.992188 -2.070313 1.356445 -1.940749 -0.170989 2.830772
    22 32.968750 -14.375000 74.875000 -3.141593 0.000000 3.141593
    23 0.000000 0.207031 0.009140 0.000000 0.000000 0.000000
    24 -6.250000 -0.000002 0.000004 0.000000 0.000000 0.000000
    25 13.601563 -14.679688 84.437500 -0.057762 0.445706 -0.253592
    26 11.039063 -2.759766 2.041016 -0.263153 -0.211575 0.098239
    27 8.476563 9.398438 15.687500 -1.178097 0.000000 0.000000
    28 -9.953125 3.416016 -54.781250 0.000000 0.000000 0.000000
    29 19.640625 -0.436035 0.000000 0.000000 0.000000 0.000000
    30 -8.015625 0.036713 0.530762 1.570796 0.000000 1.570796
  time 16
    0 -33.687500 -0.000004 32.312500 1.570792 0.002895 1.567901
    1 -25.390625 9.476563 -60.000000 0.007332 -0.264982 -1.495667
    2 -25.500000 6.121094 74.562500 0.268790 0.005622 -3.065400
    3 -4.093750 -12.898438 -54.187500 -3.141593 0.000000 -3.141593
    4 36.093750 0.139771 -0.183838 -3.141593 0.000000 3.141593
    5 19.640625 0.445557 -0.155884 -3.110697 -0.265014 1.495667
    6 0.015686 -10.796875 66.625000 0.000000 0.000000 0.000000
    7 25.500000 6.121094 74.562500 2.876375 -0.019554 -0.071299
    8 4.093750 -12.898438 -54.187500 0.000000 0.000000 0.000000
    9 36.093750 0.139771 0.183838 -3.141593 0.000000 -3.141593
    10 19.562500 0.449951 0.159302 -0.024235 0.265132 1.494182
    11 25.343750 9.476563 -60.000000 0.007113 -0.265133 -1.647399
    12 -29.856740 11.564128 -3.060370 -0.250046 -1.158129 -0.589911
    13 -16.015625 9.289063 50.312500 0.000000 0.000000 0.000000
    14 0.019745 5.535156 -0.213135 0.000000 -1.570796 -1.570796
    15 0.000002 0.000002 0.000000 0.000000 0.000000 0.000000
    16 5.378906 8.585938 27.375000 -1.230457 0.000000 0.000000
    17 -32.968750 -14.375000 74.875000 0.000000 0.000000 0.000000
    18 -0.000004 0.207031 -0.009148 0.000000 0.000000 0.000000
    19 -6.250000 0.000002 0.000000 0.000000 0.000000 0.000000
    20 -13.601563 -14.679688 84.437500 -1.655486 0.445706 -2.888000
    21 10.992188 -2.070313 1.356445 -1.940749 -0.170989 2.830772
    22 32.968750 -14.375000 74.875000 -3.141593 0.000000 3.141593
    23 0.000000 0.207031 0.009140 0.000000 0.000000 0.000000
    24 -6.250000 -0.000002 0.000004 0.000000 0.000000 0.000000
    25 13.601563 -14.679688 84.437500 -0.057762 0.445706 -0.253592
    26 11.039063 -2.759766 2.041016 -0.263153 -0.211575 0.098239
    27 8.476563 9.398438 15.687500 -1.178097 0.000000 0.000000
    28 -9.953125 3.416016 -54.781250 0.000000 0.000000 0.000000
    29 19.640625 -0.436035 0.000000 0.000000 0.000000 0.000000
    30 -8.015625 0.036713 0.530762 1.570796 0.000000 1.570796
  time 17
    0 -33.687500 -0.000004 32.312500 1.570792 0.002895 1.567901
    1 -25.390625 9.476563 -60.000000 0.007332 -0.264982 -1.495667
    2 -25.500000 6.121094 74.562500 0.268790 0.005622 -3.065400
    3 -4.093750 -12.898438 -54.187500 -3.141593 0.000000 -3.141593
    4 36.093750 0.139771 -0.183838 -3.141593 0.000000 3.141593
    5 19.640625 0.445557 -0.155884 -3.110697 -0.265014 1.495667
    6 0.015686 -10.796875 66.625000 0.000000 0.000000 0.000000
    7 25.500000 6.121094 74.562500 2.876375 -0.019554 -0.071299
    8 4.093750 -12.898438 -54.187500 0.000000 0.000000 0.000000
    9 36.093750 0.139771 0.183838 -3.141593 0.000000 -3.141593
    10 19.562500 0.449951 0.159302 -0.024235 0.265132 1.494182
    11 25.343750 9.476563 -60.000000 0.007113 -0.265133 -1.647399
    12 -32.337285 9.364842 -2.685359 -0.244869 -1.139536 -0.514746
    13 -16.015625 9.289063 50.312500 0.000000 0.000000 0.000000
    14 0.019745 5.535156 -0.213135 0.000000 -1.570796 -1.570796
    15 0.000002 0.000002 0.000000 0.000000 0.000000 0.000000
    16 5.378906 8.585938 27.375000 -1.230457 0.000000 0.000000
    17 -32.968750 -14.375000 74.875000 0.000000 0.000000 0.000000
    18 -0.000004 0.207031 -0.009148 0.000000 0.000000 0.000000
    19 -6.250000 0.000002 0.000000 0.000000 0.000000 0.000000
    20 -13.601563 -14.679688 84.437500 -1.655486 0.445706 -2.888000
    21 10.992188 -2.070313 1.356445 -1.940749 -0.170989 2.830772
    22 32.968750 -14.375000 74.875000 -3.141593 0.000000 3.141593
    23 0.000000 0.207031 0.009140 0.000000 0.000000 0.000000
    24 -6.250000 -0.000002 0.000004 0.000000 0.000000 0.000000
    25 13.601563 -14.679688 84.437500 -0.057762 0.445706 -0.253592
    26 11.039063 -2.759766 2.041016 -0.263153 -0.211575 0.098239
    27 8.476563 9.398438 15.687500 -1.178097 0.000000 0.000000
    28 -9.953125 3.416016 -54.781250 0.000000 0.000000 0.000000
    29 19.640625 -0.436035 0.000000 0.000000 0.000000 0.000000
    30 -8.015625 0.036713 0.530762 1.570796 0.000000 1.570796
  time 18
    0 -33.687500 -0.000004 32.312500 1.570792 0.002895 1.567901
    1 -25.390625 9.476563 -60.000000 0.007332 -0.264982 -1.495667
    2 -25.500000 6.121094 74.562500 0.268790 0.005622 -3.065400
    3 -4.093750 -12.898438 -54.187500 -3.141593 0.000000 -3.141593
    4 36.093750 0.139771 -0.183838 -3.141593 0.000000 3.141593
    5 19.640625 0.445557 -0.155884 -3.110697 -0.265014 1.495667
    6 0.015686 -10.796875 66.625000 0.000000 0.000000 0.000000
    7 25.500000 6.121094 74.562500 2.876375 -0.019554 -0.071299
    8 4.093750 -12.898438 -54.187500 0.000000 0.000000 0.000000
    9 36.093750 0.139771 0.183838 -3.141593 0.000000 -3.141593
    10 19.562500 0.449951 0.159302 -0.024235 0.265132 1.494182
    11 25.343750 9.476563 -60.000000 0.007113 -0.265133 -1.647399
    12 -34.536570 6.845234 -2.404100 -0.234227 -1.123733 -0.442265
    13 -16.015625 9.289063 50.312500 0.000000 0.000000 0.000000
    14 0.019745 5.535156 -0.213135 0.000000 -1.570796 -1.570796
    15 0.000002 0.000002 0.000000 0.000000 0.000000 0.000000
    16 5.378906 8.585938 27.375000 -1.230457 0.000000 0.000000
    17 -32.968750 -14.375000 74.875000 0.000000 0.000000 0.000000
    18 -0.000004 0.207031 -0.009148 0.000000 0.000000 0.000000
    19 -6.250000 0.000002 0.000000 0.000000 0.000000 0.000000
    20 -13.601563 -14.679688 84.437500 -1.655486 0.445706 -2.888000
    21 10.992188 -2.070313 1.356445 -1.940749 -0.170989 2.830772
    22 32.968750 -14.375000 74.875000 -3.141593 0.000000 3.141593
    23 0.000000 0.207031 0.009140 0.000000 0.000000 0.000000
    24 -6.250000 -0.000002 0.000004 0.000000 0.000000 0.000000
    25 13.601563 -14.679688 84.437500 -0.057762 0.445706 -0.253592
    26 11.039063 -2.759766 2.041016 -0.263153 -0.211575 0.098239
    27 8.476563 9.398438 15.687500 -1.178097 0.000000 0.000000
    28 -9.953125 3.416016 -54.781250 0.000000 0.000000 0.000000
    29 19.640625 -0.436035 0.000000 0.000000 0.000000 0.000000
    30 -8.015625 0.036713 0.530762 1.570796 0.000000 1.570796
  time 19
    0 -33.687500 -0.000004 32.312500 1.570792 0.002895 1.567901
    1 -25.390625 9.476563 -60.000000 0.007332 -0.264982 -1.495667
    2 -25.500000 6.121094 74.562500 0.268790 0.005622 -3.065400
    3 -4.093750 -12.898438 -54.187500 -3.141593 0.000000 -3.141593
    4 36.093750 0.139771 -0.183838 -3.141593 0.000000 3.141593
    5 19.640625 0.445557 -0.155884 -3.110697 -0.265014 1.495667
    6 0.015686 -10.796875 66.625000 0.000000 0.000000 0.000000
    7 25.500000 6.121094 74.562500 2.876375 -0.019554 -0.071299
    8 4.093750 -12.898438 -54.187500 0.000000 0.000000 0.000000
    9 36.093750 0.139771 0.183838 -3.141593 0.000000 -3.141593
    10 19.562500 0.449951 0.159302 -0.024235 0.265132 1.494182
    11 25.343750 9.476563 -60.000000 0.007113 -0.265133 -1.647399
    12 -36.407721 4.044367 -2.228313 -0.218599 -1.111183 -0.372469
    13 -16.015625 9.289063 50.312500 0.000000 0.000000 0.000000
    14 0.019745 5.535156 -0.213135 0.000000 -1.570796 -1.570796
    15 0.000002 0.000002 0.000000 0.000000 0.000000 0.000000
    16 5.378906 8.585938 27.375000 -1.230457 0.000000 0.000000
    17 -32.968750 -14.375000 74.875000 0.000000 0.000000 0.000000
    18 -0.000004 0.207031 -0.009148 0.000000 0.000000 0.000000
    19 -6.250000 0.000002 0.000000 0.000000 0.000000 0.000000
    20 -13.601563 -14.679688 84.437500 -1.655486 0.445706 -2.888000
    21 10.992188 -2.070313 1.356445 -1.940749 -0.170989 2.830772
    22 32.968750 -14.375000 74.875000 -3.141593 0.000000 3.141593
    23 0.000000 0.207031 0.009140 0.000000 0.000000 0.000000
    24 -6.250000 -0.000002 0.000004 0.000000 0.000000 0.000000
    25 13.601563 -14.679688 84.437500 -0.057762 0.445706 -0.253592
    26 11.039063 -2.759766 2.041016 -0.263153 -0.211575 0.098239
    27 8.476563 9.398438 15.687500 -1.178097 0.000000 0.000000
    28 -9.953125 3.416016 -54.781250 0.000000 0.000000 0.000000
    29 19.640625 -0.436035 0.000000 0.000000 0.000000 0.000000
    30 -8.015625 0.036713 0.530762 1.570796 0.000000 1.570796
  time 20
    0 -33.687500 -0.000004 32.312500 1.570792 0.002895 1.567901
    1 -25.390625 9.476563 -60.000000 0.007332 -0.264982 -1.495667
    2 -25.500000 6.121094 74.562500 0.268790 0.005622 -3.065400
    3 -4.093750 -12.898438 -54.187500 -3.141593 0.000000 -3.141593
    4 36.093750 0.139771 -0.183838 -3.141593 0.000000 3.141593
    5 19.640625 0.445557 -0.155884 -3.110697 -0.265014 1.495667
    6 0.015686 -10.796875 66.625000 0.000000 0.000000 0.000000
    7 25.500000 6.121094 74.562500 2.876375 -0.019554 -0.071299
    8 4.093750 -12.898438 -54.187500 0.000000 0.000000 0.000000
    9 36.093750 0.139771 0.183838 -3.141593 0.000000 -3.141593
    10 19.562500 0.449951 0.159302 -0.024235 0.265132 1.494182
    11 25.343750 9.476563 -60.000000 0.007113 -0.265133 -1.647399
    12 -37.942924 1.020837 -2.150186 -0.198465 -1.101810 -0.305070
    13 -16.015625 9.289063 50.312500 0.000000 0.000000 0.000000
    14 0.019745 5.535156 -0.213135 0.000000 -1.570796 -1.570796
    15 0.000002 0.000002 0.000000 0.000000 0.000000 0.000000
    16 5.378906 8.585938 27.375000 -1.230457 0.000000 0.000000
    17 -32.968750 -14.375000 74.875000 0.000000 0.000000 0.000000
    18 -0.000004 0.207031 -0.009148 0.000000 0.000000 0.000000
    19 -6.250000 0.000002 0.000000 0.000000 0.000000 0.000000
    20 -13.601563 -14.679688 84.437500 -1.655486 0.445706 -2.888000
    21 10.992188 -2.070313 1.356445 -1.940749 -0.170989 2.830772
    22 32.968750 -14.375000 74.875000 -3.141593 0.000000 3.141593
    23 0.000000 0.207031 0.009140 0.000000 0.000000 0.000000
    24 -6.250000 -0.000002 0.000004 0.000000 0.000000 0.000000
    25 13.601563 -14.679688 84.437500 -0.057762 0.445706 -0.253592
    26 11.039063 -2.759766 2.041016 -0.263153 -0.211575 0.098239
    27 8.476563 9.398438 15.687500 -1.178097 0.000000 0.000000
    28 -9.953125 3.416016 -54.781250 0.000000 0.000000 0.000000
    29 19.640625 -0.436035 0.000000 0.000000 0.000000 0.000000
    30 -8.015625 0.036713 0.530762 1.570796 0.000000 1.570796
  time 21
    0 -33.687500 -0.000004 32.312500 1.570792 0.002895 1.567901
    1 -25.390625 9.476563 -60.000000 0.007332 -0.264982 -1.495667
    2 -25.500000 6.121094 74.562500 0.268790 0.005622 -3.065400
    3 -4.093750 -12.898438 -54.187500 -3.141593 0.000000 -3.141593
    4 36.093750 0.139771 -0.183838 -3.141593 0.000000 3.141593
    5 19.640625 0.445557 -0.155884 -3.110697 -0.265014 1.495667
    6 0.015686 -10.796875 66.625000 0.000000 0.000000 0.000000
    7 25.500000 6.121094 74.562500 2.876375 -0.019554 -0.071299
    8 4.093750 -12.898438 -54.187500 0.000000 0.000000 0.000000
    9 36.093750 0.139771 0.183838 -3.141593 0.000000 -3.141593
    10 19.562500 0.449951 0.159302 -0.024235 0.265132 1.494182
    11 25.343750 9.476563 -60.000000 0.007113 -0.265133 -1.647399
    12 -39.161712 -2.155041 -2.161905 -0.174112 -1.095303 -0.240163
    13 -16.015625 9.289063 50.312500 0.000000 0.000000 0.000000
    14 0.019745 5.535156 -0.213135 0.000000 -1.570796 -1.570796
    15 0.000002 0.000002 0.000000 0.000000 0.000000 0.000000
    16 5.378906 8.585938 27.375000 -1.230457 0.000000 0.000000
    17 -32.968750 -14.375000 74.875000 0.000000 0.000000 0.000000
    18 -0.000004 0.207031 -0.009148 0.000000 0.000000 0.000000
    19 -6.250000 0.000002 0.000000 0.000000 0.000000 0.000000
    20 -13.601563 -14.679688 84.437500 -1.655486 0.445706 -2.888000
    21 10.992188 -2.070313 1.356445 -1.940749 -0.170989 2.830772
    22 32.968750 -14.375000 74.875000 -3.141593 0.000000 3.141593
    23 0.000000 0.207031 0.009140 0.000000 0.000000 0.000000
    24 -6.250000 -0.000002 0.000004 0.000000 0.000000 0.000000
    25 13.601563 -14.679688 84.437500 -0.057762 0.445706 -0.253592
    26 11.039063 -2.759766 2.041016 -0.263153 -0.211575 0.098239
    27 8.476563 9.398438 15.687500 -1.178097 0.000000 0.000000
    28 -9.953125 3.416016 -54.781250 0.000000 0.000000 0.000000
    29 19.640625 -0.436035 0.000000 0.000000 0.000000 0.000000
    30 -8.015625 0.036713 0.530762 1.570796 0.000000 1.570796
  time 22
    0 -33.687500 -0.000004 32.312500 1.570792 0.002895 1.567901
    1 -25.390625 9.476563 -60.000000 0.007332 -0.264982 -1.495667
    2 -25.500000 6.121094 74.562500 0.268790 0.005622 -3.065400
    3 -4.093750 -12.898438 -54.187500 -3.141593 0.000000 -3.141593
    4 36.093750 0.139771 -0.183838 -3.141593 0.000000 3.141593
    5 19.640625 0.445557 -0.155884 -3.110697 -0.265014 1.495667
    6 0.015686 -10.796875 66.625000 0.000000 0.000000 0.000000
    7 25.500000 6.121094 74.562500 2.876375 -0.019554 -0.071299
    8 4.093750 -12.898438 -54.187500 0.000000 0.000000 0.000000
    9 36.093750 0.139771 0.183838 -3.141593 0.000000 -3.141593
    10 19.562500 0.449951 0.159302 -0.024235 0.265132 1.494182
    11 25.343750 9.476563 -60.000000 0.007113 -0.265133 -1.647399
    12 -40.064083 -5.444204 -2.263471 -0.146116 -1.091662 -0.177366
    13 -16.015625 9.289063 50.312500 0.000000 0.000000 0.000000
    14 0.019745 5.535156 -0.213135 0.000000 -1.570796 -1.570796
    15 0.000002 0.000002 0.000000 0.000000 0.000000 0.000000
    16 5.378906 8.585938 27.375000 -1.230457 0.000000 0.000000
    17 -32.968750 -14.375000 74.875000 0.000000 0.000000 0.000000
    18 -0.000004 0.207031 -0.009148 0.000000 0.000000 0.000000
    19 -6.250000 0.000002 0.000000 0.000000 0.000000 0.000000
    20 -13.601563 -14.679688 84.437500 -1.655486 0.445706 -2.888000
    21 10.992188 -2.070313 1.356445 -1.940749 -0.170989 2.830772
    22 32.968750 -14.375000 74.875000 -3.141593 0.000000 3.141593
    23 0.000000 0.207031 0.009140 0.000000 0.000000 0.000000
    24 -6.250000 -0.000002 0.000004 0.000000 0.000000 0.000000
    25 13.601563 -14.679688 84.437500 -0.057762 0.445706 -0.253592
    26 11.039063 -2.759766 2.041016 -0.263153 -0.211575 0.098239
    27 8.476563 9.398438 15.687500 -1.178097 0.000000 0.000000
    28 -9.953125 3.416016 -54.781250 0.000000 0.000000 0.000000
    29 19.640625 -0.436035 0.000000 0.000000 0.000000 0.000000
    30 -8.015625 0.036713 0.530762 1.570796 0.000000 1.570796
  time 23
    0 -33.687500 -0.000004 32.312500 1.570792 0.002895 1.567901
    1 -25.390625 9.476563 -60.000000 0.007332 -0.264982 -1.495667
    2 -25.500000 6.121094 74.562500 0.268790 0.005622 -3.065400
    3 -4.093750 -12.898438 -54.187500 -3.141593 0.000000 -3.141593
    4 36.093750 0.139771 -0.183838 -3.141593 0.000000 3.141593
    5 19.640625 0.445557 -0.155884 -3.110697 -0.265014 1.495667
    6 0.015686 -10.796875 66.625000 0.000000 0.000000 0.000000
    7 25.500000 6.121094 74.562500 2.876375 -0.019554 -0.071299
    8 4.093750 -12.898438 -54.187500 0.000000 0.000000 0.000000
    9 36.093750 0.139771 0.183838 -3.141593 0.000000 -3.141593
    10 19.562500 0.449951 0.159302 -0.024235 0.265132 1.494182
    11 25.343750 9.476563 -60.000000 0.007113 -0.265133 -1.647399
    12 -40.634413 -8.807588 -2.443164 -0.115244 -1.090887 -0.116294
    13 -16.015625 9.289063 50.312500 0.000000 0.000000 0.000000
    14 0.019745 5.535156 -0.213135 0.000000 -1.570796 -1.570796
    15 0.000002 0.000002 0.000000 0.000000 0.000000 0.000000
    16 5.378906 8.585938 27.375000 -1.230457 0.000000 0.000000
    17 -32.968750 -14.375000 74.875000 0.000000 0.000000 0.000000
    18 -0.000004 0.207031 -0.009148 0.000000 0.000000 0.000000
    19 -6.250000 0.000002 0.000000 0.000000 0.000000 0.000000
    20 -13.601563 -14.679688 84.437500 -1.655486 0.445706 -2.888000
    21 10.992188 -2.070313 1.356445 -1.940749 -0.170989 2.830772
    22 32.968750 -14.375000 74.875000 -3.141593 0.000000 3.141593
    23 0.000000 0.207031 0.009140 0.000000 0.000000 0.000000
    24 -6.250000 -0.000002 0.000004 0.000000 0.000000 0.000000
    25 13.601563 -14.679688 84.437500 -0.057762 0.445706 -0.253592
    26 11.039063 -2.759766 2.041016 -0.263153 -0.211575 0.098239
    27 8.476563 9.398438 15.687500 -1.178097 0.000000 0.000000
    28 -9.953125 3.416016 -54.781250 0.000000 0.000000 0.000000
    29 19.640625 -0.436035 0.000000 0.000000 0.000000 0.000000
    30 -8.015625 0.036713 0.530762 1.570796 0.000000 1.570796
  time 24
    0 -33.687500 -0.000004 32.312500 1.570792 0.002895 1.567901
    1 -25.390625 9.476563 -60.000000 0.007332 -0.264982 -1.495667
    2 -25.500000 6.121094 74.562500 0.268790 0.005622 -3.065400
    3 -4.093750 -12.898438 -54.187500 -3.141593 0.000000 -3.141593
    4 36.093750 0.139771 -0.183838 -3.141593 0.000000 3.141593
    5 19.640625 0.445557 -0.155884 -3.110697 -0.265014 1.495667
    6 0.015686 -10.796875 66.625000 0.000000 0.000000 0.000000
    7 25.500000 6.121094 74.562500 2.876375 -0.019554 -0.071299
    8 4.093750 -12.898438 -54.187500 0.000000 0.000000 0.000000
    9 36.093750 0.139771 0.183838 -3.141593 0.000000 -3.141593
    10 19.562500 0.449951 0.159302 -0.024235 0.265132 1.494182
    11 25.343750 9.476563 -60.000000 0.007113 -0.265133 -1.647399
    12 -40.876608 -12.206129 -2.693171 -0.082262 -1.092979 -0.056853
    13 -16.015625 9.289063 50.312500 0.000000 0.000000 0.000000
    14 0.019745 5.535156 -0.213135 0.000000 -1.570796 -1.570796
    15 0.000002 0.000002 0.000000 0.000000 0.000000 0.000000
    16 5.378906 8.585938 27.375000 -1.230457 0.000000 0.000000
    17 -32.968750 -14.375000 74.875000 0.000000 0.000000 0.000000
    18 -0.000004 0.207031 -0.009148 0.000000 0.000000 0.000000
    19 -6.250000 0.000002 0.000000 0.000000 0.000000 0.000000
    20 -13.601563 -14.679688 84.437500 -1.655486 0.445706 -2.888000
    21 10.992188 -2.070313 1.356445 -1.940749 -0.170989 2.830772
    22 32.968750 -14.375000 74.875000 -3.141593 0.000000 3.141593
    23 0.000000 0.207031 0.009140 0.000000 0.000000 0.000000
    24 -6.250000 -0.000002 0.000004 0.000000 0.000000 0.000000
    25 13.601563 -14.679688 84.437500 -0.057762 0.445706 -0.253592
    26 11.039063 -2.759766 2.041016 -0.263153 -0.211575 0.098239
    27 8.476563 9.398438 15.687500 -1.178097 0.000000 0.000000
    28 -9.953125 3.416016 -54.781250 0.000000 0.000000 0.000000
    29 19.640625 -0.436035 0.000000 0.000000 0.000000 0.000000
    30 -8.015625 0.036713 0.530762 1.570796 0.000000 1.570796
  time 25
    0 -33.687500 -0.000004 32.312500 1.570792 0.002895 1.567901
    1 -25.390625 9.476563 -60.000000 0.007332 -0.264982 -1.495667
    2 -25.500000 6.121094 74.562500 0.268790 0.005622 -3.065400
    3 -4.093750 -12.898438 -54.187500 -3.141593 0.000000 -3.141593
    4 36.093750 0.139771 -0.183838 -3.141593 0.000000 3.141593
    5 19.640625 0.445557 -0.155884 -3.110697 -0.265014 1.495667
    6 0.015686 -10.796875 66.625000 0.000000 0.000000 0.000000
    7 25.500000 6.121094 74.562500 2.876375 -0.019554 -0.071299
    8 4.093750 -12.898438 -54.187500 0.000000 0.000000 0.000000
    9 36.093750 0.139771 0.183838 -3.141593 0.000000 -3.141593
    10 19.562500 0.449951 0.159302 -0.024235 0.265132 1.494182
    11 25.343750 9.476563 -60.000000 0.007113 -0.265133 -1.647399
    12 -40.794574 -15.604670 -3.009587 -0.047747 -1.097704 0.001630
    13 -16.015625 9.289063 50.312500 0.000000 0.000000 0.000000
    14 0.019745 5.535156 -0.213135 0.000000 -1.570796 -1.570796
    15 0.000002 0.000002 0.000000 0.000000 0.000000 0.000000
    16 5.378906 8.585938 27.375000 -1.230457 0.000000 0.000000
    17 -32.968750 -14.375000 74.875000 0.000000 0.000000 0.000000
    18 -0.000004 0.207031 -0.009148 0.000000 0.000000 0.000000
    19 -6.250000 0.000002 0.000000 0.000000 0.000000 0.000000
    20 -13.601563 -14.679688 84.437500 -1.655486 0.445706 -2.888000
    21 10.992188 -2.070313 1.356445 -1.940749 -0.170989 2.830772
    22 32.968750 -14.375000 74.875000 -3.141593 0.000000 3.141593
    23 0.000000 0.207031 0.009140 0.000000 0.000000 0.000000
    24 -6.250000 -0.000002 0.000004 0.000000 0.000000 0.000000
    25 13.601563 -14.679688 84.437500 -0.057762 0.445706 -0.253592
    26 11.039063 -2.759766 2.041016 -0.263153 -0.211575 0.098239
    27 8.476563 9.398438 15.687500 -1.178097 0.000000 0.000000
    28 -9.953125 3.416016 -54.781250 0.000000 0.000000 0.000000
    29 19.640625 -0.436035 0.000000 0.000000 0.000000 0.000000
    30 -8.015625 0.036713 0.530762 1.570796 0.000000 1.570796
  time 26
    0 -33.687500 -0.000004 32.312500 1.570792 0.002895 1.567901
    1 -25.390625 9.476563 -60.000000 0.007332 -0.264982 -1.495667
    2 -25.500000 6.121094 74.562500 0.268790 0.005622 -3.065400
    3 -4.093750 -12.898438 -54.187500 -3.141593 0.000000 -3.141593
    4 36.093750 0.139771 -0.183838 -3.141593 0.000000 3.141593
    5 19.640625 0.445557 -0.155884 -3.110697 -0.265014 1.495667
    6 0.015686 -10.796875 66.625000 0.000000 0.000000 0.000000
    7 25.500000 6.121094 74.562500 2.876375 -0.019554 -0.071299
    8 4.093750 -12.898438 -54.187500 0.000000 0.000000 0.000000
    9 36.093750 0.139771 0.183838 -3.141593 0.000000 -3.141593
    10 19.562500 0.449951 0.159302 -0.024235 0.265132 1.494182
    11 25.343750 9.476563 -60.000000 0.007113 -0.265133 -1.647399
    12 -40.415656 -18.975867 -3.372880 -0.012464 -1.104754 0.059250
    13 -16.015625 9.289063 50.312500 0.000000 0.000000 0.000000
    14 0.019745 5.535156 -0.213135 0.000000 -1.570796 -1.570796
    15 0.000002 0.000002 0.000000 0.000000 0.000000 0.000000
    16 5.378906 8.585938 27.375000 -1.230457 0.000000 0.000000
    17 -32.968750 -14.375000 74.875000 0.000000 0.000000 0.000000
    18 -0.000004 0.207031 -0.009148 0.000000 0.000000 0.000000
    19 -6.250000 0.000002 0.000000 0.000000 0.000000 0.000000
    20 -13.601563 -14.679688 84.437500 -1.655486 0.445706 -2.888000
    21 10.992188 -2.070313 1.356445 -1.940749 -0.170989 2.830772
    22 32.968750 -14.375000 74.875000 -3.141593 0.000000 3.141593
    23 0.000000 0.207031 0.009140 0.000000 0.000000 0.000000
    24 -6.250000 -0.000002 0.000004 0.000000 0.000000 0.000000
    25 13.601563 -14.679688 84.437500 -0.057762 0.445706 -0.253592
    26 11.039063 -2.759766 2.041016 -0.263153 -0.211575 0.098239
    27 8.476563 9.398438 15.687500 -1.178097 0.000000 0.000000
    28 -9.953125 3.416016 -54.781250 0.000000 0.000000 0.000000
    29 19.640625 -0.436035 0.000000 0.000000 0.000000 0.000000
    30 -8.015625 0.036713 0.530762 1.570796 0.000000 1.570796
  time 27
    0 -33.687500 -0.000004 32.312500 1.570792 0.002895 1.567901
    1 -25.390625 9.476563 -60.000000 0.007332 -0.264982 -1.495667
    2 -25.500000 6.121094 74.562500 0.268790 0.005622 -3.065400
    3 -4.093750 -12.898438 -54.187500 -3.141593 0.000000 -3.141593
    4 36.093750 0.139771 -0.183838 -3.141593 0.000000 3.141593
    5 19.640625 0.445557 -0.155884 -3.110697 -0.265014 1.495667
    6 0.015686 -10.796875 66.625000 0.000000 0.000000 0.000000
    7 25.500000 6.121094 74.562500 2.876375 -0.019554 -0.071299
    8 4.093750 -12.898438 -54.187500 0.000000 0.000000 0.000000
    9 36.093750 0.139771 0.183838 -3.141593 0.000000 -3.141593
    10 19.562500 0.449951 0.159302 -0.024235 0.265132 1.494182
    11 25.343750 9.476563 -60.000000 0.007113 -0.265133 -1.647399
    12 -39.763292 -22.288468 -3.783048 0.022627 -1.113817 0.116583
    13 -16.015625 9.289063 50.312500 0.000000 0.000000 0.000000
    14 0.019745 5.535156 -0.213135 0.000000 -1.570796 -1.570796
    15 0.000002 0.000002 0.000000 0.000000 0.000000 0.000000
    16 5.378906 8.585938 27.375000 -1.230457 0.000000 0.000000
    17 -32.968750 -14.375000 74.875000 0.000000 0.000000 0.000000
    18 -0.000004 0.207031 -0.009148 0.000000 0.000000 0.000000
    19 -6.250000 0.000002 0.000000 0.000000 0.000000 0.000000
    20 -13.601563 -14.679688 84.437500 -1.655486 0.445706 -2.888000
    21 10.992188 -2.070313 1.356445 -1.940749 -0.170989 2.830772
    22 32.968750 -14.375000 74.875000 -3.141593 0.000000 3.141593
    23 0.000000 0.207031 0.009140 0.000000 0.000000 0.000000
    24 -6.250000 -0.000002 0.000004 0.000000 0.000000 0.000000
    25 13.601563 -14.679688 84.437500 -0.057762 0.445706 -0.253592
    26 11.039063 -2.759766 2.041016 -0.263153 -0.211575 0.098239
    27 8.476563 9.398438 15.687500 -1.178097 0.000000 0.000000
    28 -9.953125 3.416016 -54.781250 0.000000 0.000000 0.000000
    29 19.640625 -0.436035 0.000000 0.000000 0.000000 0.000000
    30 -8.015625 0.036713 0.530762 1.570796 0.000000 1.570796
  time 28
    0 -33.687500 -0.000004 32.312500 1.570792 0.002895 1.567901
    1 -25.390625 9.476563 -60.000000 0.007332 -0.264982 -1.495667
    2 -25.500000 6.121094 74.562500 0.268790 0.005622 -3.065400
    3 -4.093750 -12.898438 -54.187500 -3.141593 0.000000 -3.141593
    4 36.093750 0.139771 -0.183838 -3.141593 0.000000 3.141593
    5 19.640625 0.445557 -0.155884 -3.110697 -0.265014 1.495667
    6 0.015686 -10.796875 66.625000 0.000000 0.000000 0.000000
    7 25.500000 6.121094 74.562500 2.876375 -0.019554 -0.071299
    8 4.093750 -12.898438 -54.187500 0.000000 0.000000 0.000000
    9 36.093750 0.139771 0.183838 -3.141593 0.000000 -3.141593
    10 19.562500 0.449951 0.159302 -0.024235 0.265132 1.494182
    11 25.343750 9.476563 -60.000000 0.007113 -0.265133 -1.647399
    12 -38.857015 -25.530754 -4.220562 0.057334 -1.124508 0.174107
    13 -16.015625 9.289063 50.312500 0.000000 0.000000 0.000000
    14 0.019745 5.535156 -0.213135 0.000000 -1.570796 -1.570796
    15 0.000002 0.000002 0.000000 0.000000 0.000000 0.000000
    16 5.378906 8.585938 27.375000 -1.230457 0.000000 0.000000
    17 -32.968750 -14.375000 74.875000 0.000000 0.000000 0.000000
    18 -0.000004 0.207031 -0.009148 0.000000 0.000000 0.000000
    19 -6.250000 0.000002 0.000000 0.000000 0.000000 0.000000
    20 -13.601563 -14.679688 84.437500 -1.655486 0.445706 -2.888000
    21 10.992188 -2.070313 1.356445 -1.940749 -0.170989 2.830772
    22 32.968750 -14.375000 74.875000 -3.141593 0.000000 3.141593
    23 0.000000 0.207031 0.009140 0.000000 0.000000 0.000000
    24 -6.250000 -0.000002 0.000004 0.000000 0.000000 0.000000
    25 13.601563 -14.679688 84.437500 -0.057762 0.445706 -0.253592
    26 11.039063 -2.759766 2.041016 -0.263153 -0.211575 0.098239
    27 8.476563 9.398438 15.687500 -1.178097 0.000000 0.000000
    28 -9.953125 3.416016 -54.781250 0.000000 0.000000 0.000000
    29 19.640625 -0.436035 0.000000 0.000000 0.000000 0.000000
    30 -8.015625 0.036713 0.530762 1.570796 0.000000 1.570796
  time 29
    0 -33.687500 -0.000004 32.312500 1.570792 0.002895 1.567901
    1 -25.390625 9.476563 -60.000000 0.007332 -0.264982 -1.495667
    2 -25.500000 6.121094 74.562500 0.268790 0.005622 -3.065400
    3 -4.093750 -12.898438 -54.187500 -3.141593 0.000000 -3.141593
    4 36.093750 0.139771 -0.183838 -3.141593 0.000000 3.141593
    5 19.640625 0.445557 -0.155884 -3.110697 -0.265014 1.495667
    6 0.015686 -10.796875 66.625000 0.000000 0.000000 0.000000
    7 25.500000 6.121094 74.562500 2.876375 -0.019554 -0.071299
    8 4.093750 -12.898438 -54.187500 0.000000 0.000000 0.000000
    9 36.093750 0.139771 0.183838 -3.141593 0.000000 -3.141593
    10 19.562500 0.449951 0.159302 -0.024235 0.265132 1.494182
    11 25.343750 9.476563 -60.000000 0.007113 -0.265133 -1.647399
    12 -37.731980 -28.683194 -4.677607 0.090508 -1.136360 0.232111
    13 -16.015625 9.289063 50.312500 0.000000 0.000000 0.000000
    14 0.019745 5.535156 -0.213135 0.000000 -1.570796 -1.570796
    15 0.000002 0.000002 0.000000 0.000000 0.000000 0.000000
    16 5.378906 8.585938 27.375000 -1.230457 0.000000 0.000000
    17 -32.968750 -14.375000 74.875000 0.000000 0.000000 0.000000
    18 -0.000004 0.207031 -0.009148 0.000000 0.000000 0.000000
    19 -6.250000 0.000002 0.000000 0.000000 0.000000 0.000000
    20 -13.601563 -14.679688 84.437500 -1.655486 0.445706 -2.888000
    21 10.992188 -2.070313 1.356445 -1.940749 -0.170989 2.830772
    22 32.968750 -14.375000 74.875000 -3.141593 0.000000 3.141593
    23 0.000000 0.207031 0.009140 0.000000 0.000000 0.000000
    24 -6.250000 -0.000002 0.000004 0.000000 0.000000 0.000000
    25 13.601563 -14.679688 84.437500 -0.057762 0.445706 -0.253592
    26 11.039063 -2.759766 2.041016 -0.263153 -0.211575 0.098239
    27 8.476563 9.398438 15.687500 -1.178097 0.000000 0.000000
    28 -9.953125 3.416016 -54.781250 0.000000 0.000000 0.000000
    29 19.640625 -0.436035 0.000000 0.000000 0.000000 0.000000
    30 -8.015625 0.036713 0.530762 1.570796 0.000000 1.570796
  time 30
    0 -33.687500 -0.000004 32.312500 1.570792 0.002895 1.567901
    1 -25.390625 9.476563 -60.000000 0.007332 -0.264982 -1.495667
    2 -25.500000 6.121094 74.562500 0.268790 0.005622 -3.065400
    3 -4.093750 -12.898438 -54.187500 -3.141593 0.000000 -3.141593
    4 36.093750 0.139771 -0.183838 -3.141593 0.000000 3.141593
    5 19.640625 0.445557 -0.155884 -3.110697 -0.265014 1.495667
    6 0.015686 -10.796875 66.625000 0.000000 0.000000 0.000000
    7 25.500000 6.121094 74.562500 2.876375 -0.019554 -0.071299
    8 4.093750 -12.898438 -54.187500 0.000000 0.000000 0.000000
    9 36.093750 0.139771 0.183838 -3.141593 0.000000 -3.141593
    10 19.562500 0.449951 0.159302 -0.024235 0.265132 1.494182
    11 25.343750 9.476563 -60.000000 0.007113 -0.265133 -1.647399
    12 -36.411628 -31.741881 -5.146371 0.121668 -1.149142 0.291169
    13 -16.015625 9.289063 50.312500 0.000000 0.000000 0.000000
    14 0.019745 5.535156 -0.213135 0.000000 -1.570796 -1.570796
    15 0.000002 0.000002 0.000000 0.000000 0.000000 0.000000
    16 5.378906 8.585938 27.375000 -1.230457 0.000000 0.000000
    17 -32.968750 -14.375000 74.875000 0.000000 0.000000 0.000000
    18 -0.000004 0.207031 -0.009148 0.000000 0.000000 0.000000
    19 -6.250000 0.000002 0.000000 0.000000 0.000000 0.000000
    20 -13.601563 -14.679688 84.437500 -1.655486 0.445706 -2.888000
    21 10.992188 -2.070313 1.356445 -1.940749 -0.170989 2.830772
    22 32.968750 -14.375000 74.875000 -3.141593 0.000000 3.141593
    23 0.000000 0.207031 0.009140 0.000000 0.000000 0.000000
    24 -6.250000 -0.000002 0.000004 0.000000 0.000000 0.000000
    25 13.601563 -14.679688 84.437500 -0.057762 0.445706 -0.253592
    26 11.039063 -2.759766 2.041016 -0.263153 -0.211575 0.098239
    27 8.476563 9.398438 15.687500 -1.178097 0.000000 0.000000
    28 -9.953125 3.416016 -54.781250 0.000000 0.000000 0.000000
    29 19.640625 -0.436035 0.000000 0.000000 0.000000 0.000000
    30 -8.015625 0.036713 0.530762 1.570796 0.000000 1.570796
  time 31
    0 -33.687500 -0.000004 32.312500 1.570792 0.002895 1.567901
    1 -25.390625 9.476563 -60.000000 0.007332 -0.264982 -1.495667
    2 -25.500000 6.121094 74.562500 0.268790 0.005622 -3.065400
    3 -4.093750 -12.898438 -54.187500 -3.141593 0.000000 -3.141593
    4 36.093750 0.139771 -0.183838 -3.141593 0.000000 3.141593
    5 19.640625 0.445557 -0.155884 -3.110697 -0.265014 1.495667
    6 0.015686 -10.796875 66.625000 0.000000 0.000000 0.000000
    7 25.500000 6.121094 74.562500 2.876375 -0.019554 -0.071299
    8 4.093750 -12.898438 -54.187500 0.000000 0.000000 0.000000
    9 36.093750 0.139771 0.183838 -3.141593 0.000000 -3.141593
    10 19.562500 0.449951 0.159302 -0.024235 0.265132 1.494182
    11 25.343750 9.476563 -60.000000 0.007113 -0.265133 -1.647399
    12 -34.919395 -34.691190 -5.626855 0.149855 -1.162312 0.351761
    13 -16.015625 9.289063 50.312500 0.000000 0.000000 0.000000
    14 0.019745 5.535156 -0.213135 0.000000 -1.570796 -1.570796
    15 0.000002 0.000002 0.000000 0.000000 0.000000 0.000000
    16 5.378906 8.585938 27.375000 -1.230457 0.000000 0.000000
    17 -32.968750 -14.375000 74.875000 0.000000 0.000000 0.000000
    18 -0.000004 0.207031 -0.009148 0.000000 0.000000 0.000000
    19 -6.250000 0.000002 0.000000 0.000000 0.000000 0.000000
    20 -13.601563 -14.679688 84.437500 -1.655486 0.445706 -2.888000
    21 10.992188 -2.070313 1.356445 -1.940749 -0.170989 2.830772
    22 32.968750 -14.375000 74.875000 -3.141593 0.000000 3.141593
    23 0.000000 0.207031 0.009140 0.000000 0.000000 0.000000
    24 -6.250000 -0.000002 0.000004 0.000000 0.000000 0.000000
    25 13.601563 -14.679688 84.437500 -0.057762 0.445706 -0.253592
    26 11.039063 -2.759766 2.041016 -0.263153 -0.211575 0.098239
    27 8.476563 9.398438 15.687500 -1.178097 0.000000 0.000000
    28 -9.953125 3.416016 -54.781250 0.000000 0.000000 0.000000
    29 19.640625 -0.436035 0.000000 0.000000 0.000000 0.000000
    30 -8.015625 0.036713 0.530762 1.570796 0.000000 1.570796
  time 32
    0 -33.687500 -0.000004 32.312500 1.570792 0.002895 1.567901
    1 -25.390625 9.476563 -60.000000 0.007332 -0.264982 -1.495667
    2 -25.500000 6.121094 74.562500 0.268790 0.005622 -3.065400
    3 -4.093750 -12.898438 -54.187500 -3.141593 0.000000 -3.141593
    4 36.093750 0.139771 -0.183838 -3.141593 0.000000 3.141593
    5 19.640625 0.445557 -0.155884 -3.110697 -0.265014 1.495667
    6 0.015686 -10.796875 66.625000 0.000000 0.000000 0.000000
    7 25.500000 6.121094 74.562500 2.876375 -0.019554 -0.071299
    8 4.093750 -12.898438 -54.187500 0.000000 0.000000 0.000000
    9 36.093750 0.139771 0.183838 -3.141593 0.000000 -3.141593
    10 19.562500 0.449951 0.159302 -0.024235 0.265132 1.494182
    11 25.343750 9.476563 -60.000000 0.007113 -0.265133 -1.647399
    12 -33.278720 -37.538933 -6.099525 0.174496 -1.175714 0.414175
    13 -16.015625 9.289063 50.312500 0.000000 0.000000 0.000000
    14 0.019745 5.535156 -0.213135 0.000000 -1.570796 -1.570796
    15 0.000002 0.000002 0.000000 0.000000 0.000000 0.000000
    16 5.378906 8.585938 27.375000 -1.230457 0.000000 0.000000
    17 -32.968750 -14.375000 74.875000 0.000000 0.000000 0.000000
    18 -0.000004 0.207031 -0.009148 0.000000 0.000000 0.000000
    19 -6.250000 0.000002 0.000000 0.000000 0.000000 0.000000
    20 -13.601563 -14.679688 84.437500 -1.655486 0.445706 -2.888000
    21 10.992188 -2.070313 1.356445 -1.940749 -0.170989 2.830772
    22 32.968750 -14.375000 74.875000 -3.141593 0.000000 3.141593
    23 0.000000 0.207031 0.009140 0.000000 0.000000 0.000000
    24 -6.250000 -0.000002 0.000004 0.000000 0.000000 0.000000
    25 13.601563 -14.679688 84.437500 -0.057762 0.445706 -0.253592
    26 11.039063 -2.759766 2.041016 -0.263153 -0.211575 0.098239
    27 8.476563 9.398438 15.687500 -1.178097 0.000000 0.000000
    28 -9.953125 3.416016 -54.781250 0.000000 0.000000 0.000000
    29 19.640625 -0.436035 0.000000 0.000000 0.000000 0.000000
    30 -8.015625 0.036713 0.530762 1.570796 0.000000 1.570796
  time 33
    0 -33.687500 -0.000004 32.312500 1.570792 0.002895 1.567901
    1 -25.390625 9.476563 -60.000000 0.007332 -0.264982 -1.495667
    2 -25.500000 6.121094 74.562500 0.268790 0.005622 -3.065400
    3 -4.093750 -12.898438 -54.187500 -3.141593 0.000000 -3.141593
    4 36.093750 0.139771 -0.183838 -3.141593 0.000000 3.141593
    5 19.640625 0.445557 -0.155884 -3.110697 -0.265014 1.495667
    6 0.015686 -10.796875 66.625000 0.000000 0.000000 0.000000
    7 25.500000 6.121094 74.562500 2.876375 -0.019554 -0.071299
    8 4.093750 -12.898438 -54.187500 0.000000 0.000000 0.000000
    9 36.093750 0.139771 0.183838 -3.141593 0.000000 -3.141593
    10 19.562500 0.449951 0.159302 -0.024235 0.265132 1.494182
    11 25.343750 9.476563 -60.000000 0.007113 -0.265133 -1.647399
    12 -31.509134 -40.269485 -6.572196 0.195013 -1.188806 0.478986
    13 -16.015625 9.289063 50.312500 0.000000 0.000000 0.000000
    14 0.019745 5.535156 -0.213135 0.000000 -1.570796 -1.570796
    15 0.000002 0.000002 0.000000 0.000000 0.000000 0.000000
    16 5.378906 8.585938 27.375000 -1.230457 0.000000 0.000000
    17 -32.968750 -14.375000 74.875000 0.000000 0.000000 0.000000
    18 -0.000004 0.207031 -0.009148 0.000000 0.000000 0.000000
    19 -6.250000 0.000002 0.000000 0.000000 0.000000 0.000000
    20 -13.601563 -14.679688 84.437500 -1.655486 0.445706 -2.888000
    21 10.992188 -2.070313 1.356445 -1.940749 -0.170989 2.830772
    22 32.968750 -14.375000 74.875000 -3.141593 0.000000 3.141593
    23 0.000000 0.207031 0.009140 0.000000 0.000000 0.000000
    24 -6.250000 -0.000002 0.000004 0.000000 0.000000 0.000000
    25 13.601563 -14.679688 84.437500 -0.057762 0.445706 -0.253592
    26 11.039063 -2.759766 2.041016 -0.263153 -0.211575 0.098239
    27 8.476563 9.398438 15.687500 -1.178097 0.000000 0.000000
    28 -9.953125 3.416016 -54.781250 0.000000 0.000000 0.000000
    29 19.640625 -0.436035 0.000000 0.000000 0.000000 0.000000
    30 -8.015625 0.036713 0.530762 1.570796 0.000000 1.570796
  time 34
    0 -33.687500 -0.000004 32.312500 1.570792 0.002895 1.567901
    1 -25.390625 9.476563 -60.000000 0.007332 -0.264982 -1.495667
    2 -25.500000 6.121094 74.562500 0.268790 0.005622 -3.065400
    3 -4.093750 -12.898438 -54.187500 -3.141593 0.000000 -3.141593
    4 36.093750 0.139771 -0.183838 -3.141593 0.000000 3.141593
    5 19.640625 0.445557 -0.155884 -3.110697 -0.265014 1.495667
    6 0.015686 -10.796875 66.625000 0.000000 0.000000 0.000000
    7 25.500000 6.121094 74.562500 2.876375 -0.019554 -0.071299
    8 4.093750 -12.898438 -54.187500 0.000000 0.000000 0.000000
    9 36.093750 0.139771 0.183838 -3.141593 0.000000 -3.141593
    10 19.562500 0.449951 0.159302 -0.024235 0.265132 1.494182
    11 25.343750 9.476563 -60.000000 0.007113 -0.265133 -1.647399
    12 -29.626264 -42.890659 -7.029241 0.210737 -1.201433 0.546289
    13 -16.015625 9.289063 50.312500 0.000000 0.000000 0.000000
    14 0.019745 5.535156 -0.213135 0.000000 -1.570796 -1.570796
    15 0.000002 0.000002 0.000000 0.000000 0.000000 0.000000
    16 5.378906 8.585938 27.375000 -1.230457 0.000000 0.000000
    17 -32.968750 -14.375000 74.875000 0.000000 0.000000 0.000000
    18 -0.000004 0.207031 -0.009148 0.000000 0.000000 0.000000
    19 -6.250000 0.000002 0.000000 0.000000 0.000000 0.000000
    20 -13.601563 -14.679688 84.437500 -1.655486 0.445706 -2.888000
    21 10.992188 -2.070313 1.356445 -1.940749 -0.170989 2.830772
    22 32.968750 -14.375000 74.875000 -3.141593 0.000000 3.141593
    23 0.000000 0.207031 0.009140 0.000000 0.000000 0.000000
    24 -6.250000 -0.000002 0.000004 0.000000 0.000000 0.000000
    25 13.601563 -14.679688 84.437500 -0.057762 0.445706 -0.253592
    26 11.039063 -2.759766 2.041016 -0.263153 -0.211575 0.098239
    27 8.476563 9.398438 15.687500 -1.178097 0.000000 0.000000
    28 -9.953125 3.416016 -54.781250 0.000000 0.000000 0.000000
    29 19.640625 -0.436035 0.000000 0.000000 0.000000 0.000000
    30 -8.015625 0.036713 0.530762 1.570796 0.000000 1.570796
  time 35
    0 -33.687500 -0.000004 32.312500 1.570792 0.002895 1.567901
    1 -25.390625 9.476563 -60.000000 0.007332 -0.264982 -1.495667
    2 -25.500000 6.121094 74.562500 0.268790 0.005622 -3.065400
    3 -4.093750 -12.898438 -54.187500 -3.141593 0.000000 -3.141593
    4 36.093750 0.139771 -0.183838 -3.141593 0.000000 3.141593
    5 19.640625 0.445557 -0.155884 -3.110697 -0.265014 1.495667
    6 0.015686 -10.796875 66.625000 0.000000 0.000000 0.000000
    7 25.500000 6.121094 74.562500 2.876375 -0.019554 -0.071299
    8 4.093750 -12.898438 -54.187500 0.000000 0.000000 0.000000
    9 36.093750 0.139771 0.183838 -3.141593 0.000000 -3.141593
    10 19.562500 0.449951 0.159302 -0.024235 0.265132 1.494182
    11 25.343750 9.476563 -60.000000 0.007113 -0.265133 -1.647399
    12 -27.657454 -45.398548 -7.466754 0.221092 -1.213130 0.616565
    13 -16.015625 9.289063 50.312500 0.000000 0.000000 0.000000
    14 0.019745 5.535156 -0.213135 0.000000 -1.570796 -1.570796
    15 0.000002 0.000002 0.000000 0.000000 0.000000 0.000000
    16 5.378906 8.585938 27.375000 -1.230457 0.000000 0.000000
    17 -32.968750 -14.375000 74.875000 0.000000 0.000000 0.000000
    18 -0.000004 0.207031 -0.009148 0.000000 0.000000 0.000000
    19 -6.250000 0.000002 0.000000 0.000000 0.000000 0.000000
    20 -13.601563 -14.679688 84.437500 -1.655486 0.445706 -2.888000
    21 10.992188 -2.070313 1.356445 -1.940749 -0.170989 2.830772
    22 32.968750 -14.375000 74.875000 -3.141593 0.000000 3.141593
    23 0.000000 0.207031 0.009140 0.000000 0.000000 0.000000
    24 -6.250000 -0.000002 0.000004 0.000000 0.000000 0.000000
    25 13.601563 -14.679688 84.437500 -0.057762 0.445706 -0.253592
    26 11.039063 -2.759766 2.041016 -0.263153 -0.211575 0.098239
    27 8.476563 9.398438 15.687500 -1.178097 0.000000 0.000000
    28 -9.953125 3.416016 -54.781250 0.000000 0.000000 0.000000
    29 19.640625 -0.436035 0.000000 0.000000 0.000000 0.000000
    30 -8.015625 0.036713 0.530762 1.570796 0.000000 1.570796
  time 36
    0 -33.687500 -0.000004 32.312500 1.570792 0.002895 1.567901
    1 -25.390625 9.476563 -60.000000 0.007332 -0.264982 -1.495667
    2 -25.500000 6.121094 74.562500 0.268790 0.005622 -3.065400
    3 -4.093750 -12.898438 -54.187500 -3.141593 0.000000 -3.141593
    4 36.093750 0.139771 -0.183838 -3.141593 0.000000 3.141593
    5 19.640625 0.445557 -0.155884 -3.110697 -0.265014 1.495667
    6 0.015686 -10.796875 66.625000 0.000000 0.000000 0.000000
    7 25.500000 6.121094 74.562500 2.876375 -0.019554 -0.071299
    8 4.093750 -12.898438 -54.187500 0.000000 0.000000 0.000000
    9 36.093750 0.139771 0.183838 -3.141593 0.000000 -3.141593
    10 19.562500 0.449951 0.159302 -0.024235 0.265132 1.494182
    11 25.343750 9.476563 -60.000000 0.007113 -0.265133 -1.647399
    12 -25.618330 -47.797059 -7.884736 0.225981 -1.223588 0.689717
    13 -16.015625 9.289063 50.312500 0.000000 0.000000 0.000000
    14 0.019745 5.535156 -0.213135 0.000000 -1.570796 -1.570796
    15 0.000002 0.000002 0.000000 0.000000 0.000000 0.000000
    16 5.378906 8.585938 27.375000 -1.230457 0.000000 0.000000
    17 -32.968750 -14.375000 74.875000 0.000000 0.000000 0.000000
    18 -0.000004 0.207031 -0.009148 0.000000 0.000000 0.000000
    19 -6.250000 0.000002 0.000000 0.000000 0.000000 0.000000
    20 -13.601563 -14.679688 84.437500 -1.655486 0.445706 -2.888000
    21 10.992188 -2.070313 1.356445 -1.940749 -0.170989 2.830772
    22 32.968750 -14.375000 74.875000 -3.141593 0.000000 3.141593
    23 0.000000 0.207031 0.009140 0.000000 0.000000 0.000000
    24 -6.250000 -0.000002 0.000004 0.000000 0.000000 0.000000
    25 13.601563 -14.679688 84.437500 -0.057762 0.445706 -0.253592
    26 11.039063 -2.759766 2.041016 -0.263153 -0.211575 0.098239
    27 8.476563 9.398438 15.687500 -1.178097 0.000000 0.000000
    28 -9.953125 3.416016 -54.781250 0.000000 0.000000 0.000000
    29 19.640625 -0.436035 0.000000 0.000000 0.000000 0.000000
    30 -8.015625 0.036713 0.530762 1.570796 0.000000 1.570796
  time 37
    0 -33.687500 -0.000004 32.312500 1.570792 0.002895 1.567901
    1 -25.390625 9.476563 -60.000000 0.007332 -0.264982 -1.495667
    2 -25.500000 6.121094 74.562500 0.268790 0.005622 -3.065400
    3 -4.093750 -12.898438 -54.187500 -3.141593 0.000000 -3.141593
    4 36.093750 0.139771 -0.183838 -3.141593 0.000000 3.141593
    5 19.640625 0.445557 -0.155884 -3.110697 -0.265014 1.495667
    6 0.015686 -10.796875 66.625000 0.000000 0.000000 0.000000
    7 25.500000 6.121094 74.562500 2.876375 -0.019554 -0.071299
    8 4.093750 -12.898438 -54.187500 0.000000 0.000000 0.000000
    9 36.093750 0.139771 0.183838 -3.141593 0.000000 -3.141593
    10 19.562500 0.449951 0.159302 -0.024235 0.265132 1.494182
    11 25.343750 9.476563 -60.000000 0.007113 -0.265133 -1.647399
    12 -23.524516 -50.097910 -8.287092 0.225023 -1.232342 0.765553
    13 -16.015625 9.289063 50.312500 0.000000 0.000000 0.000000
    14 0.019745 5.535156 -0.213135 0.000000 -1.570796 -1.570796
    15 0.000002 0.000002 0.000000 0.000000 0.000000 0.000000
    16 5.378906 8.585938 27.375000 -1.230457 0.000000 0.000000
    17 -32.968750 -14.375000 74.875000 0.000000 0.000000 0.000000
    18 -0.000004 0.207031 -0.009148 0.000000 0.000000 0.000000
    19 -6.250000 0.000002 0.000000 0.000000 0.000000 0.000000
    20 -13.601563 -14.679688 84.437500 -1.655486 0.445706 -2.888000
    21 10.992188 -2.070313 1.356445 -1.940749 -0.170989 2.830772
    22 32.968750 -14.375000 74.875000 -3.141593 0.000000 3.141593
    23 0.000000 0.207031 0.009140 0.000000 0.000000 0.000000
    24 -6.250000 -0.000002 0.000004 0.000000 0.000000 0.000000
    25 13.601563 -14.679688 84.437500 -0.057762 0.445706 -0.253592
    26 11.039063 -2.759766 2.041016 -0.263153 -0.211575 0.098239
    27 8.476563 9.398438 15.687500 -1.178097 0.000000 0.000000
    28 -9.953125 3.416016 -54.781250 0.000000 0.000000 0.000000
    29 19.640625 -0.436035 0.000000 0.000000 0.000000 0.000000
    30 -8.015625 0.036713 0.530762 1.570796 0.000000 1.570796
  time 38
    0 -33.687500 -0.000004 32.312500 1.570792 0.002895 1.567901
    1 -25.390625 9.476563 -60.000000 0.007332 -0.264982 -1.495667
    2 -25.500000 6.121094 74.562500 0.268790 0.005622 -3.065400
    3 -4.093750 -12.898438 -54.187500 -3.141593 0.000000 -3.141593
    4 36.093750 0.139771 -0.183838 -3.141593 0.000000 3.141593
    5 19.640625 0.445557 -0.155884 -3.110697 -0.265014 1.495667
    6 0.015686 -10.796875 66.625000 0.000000 0.000000 0.000000
    7 25.500000 6.121094 74.562500 2.876375 -0.019554 -0.071299
    8 4.093750 -12.898438 -54.187500 0.000000 0.000000 0.000000
    9 36.093750 0.139771 0.183838 -3.141593 0.000000 -3.141593
    10 19.562500 0.449951 0.159302 -0.024235 0.265132 1.494182
    11 25.343750 9.476563 -60.000000 0.007113 -0.265133 -1.647399
    12 -21.407264 -52.297196 -8.662103 0.218695 -1.239314 0.843786
    13 -16.015625 9.289063 50.312500 0.000000 0.000000 0.000000
    14 0.019745 5.535156 -0.213135 0.000000 -1.570796 -1.570796
    15 0.000002 0.000002 0.000000 0.000000 0.000000 0.000000
    16 5.378906 8.585938 27.375000 -1.230457 0.000000 0.000000
    17 -32.968750 -14.375000 74.875000 0.000000 0.000000 0.000000
    18 -0.000004 0.207031 -0.009148 0.000000 0.000000 0.000000
    19 -6.250000 0.000002 0.000000 0.000000 0.000000 0.000000
    20 -13.601563 -14.679688 84.437500 -1.655486 0.445706 -2.888000
    21 10.992188 -2.070313 1.356445 -1.940749 -0.170989 2.830772
    22 32.968750 -14.375000 74.875000 -3.141593 0.000000 3.141593
    23 0.000000 0.207031 0.009140 0.000000 0.000000 0.000000
    24 -6.250000 -0.000002 0.000004 0.000000 0.000000 0.000000
    25 13.601563 -14.679688 84.437500 -0.057762 0.445706 -0.253592
    26 11.039063 -2.759766 2.041016 -0.263153 -0.211575 0.098239
    27 8.476563 9.398438 15.687500 -1.178097 0.000000 0.000000
    28 -9.953125 3.416016 -54.781250 0.000000 0.000000 0.000000
    29 19.640625 -0.436035 0.000000 0.000000 0.000000 0.000000
    30 -8.015625 0.036713 0.530762 1.570796 0.000000 1.570796
  time 39
    0 -33.687500 -0.000004 32.312500 1.570792 0.002895 1.567901
    1 -25.390625 9.476563 -60.000000 0.007332 -0.264982 -1.495667
    2 -25.500000 6.121094 74.562500 0.268790 0.005622 -3.065400
    3 -4.093750 -12.898438 -54.187500 -3.141593 0.000000 -3.141593
    4 36.093750 0.139771 -0.183838 -3.141593 0.000000 3.141593
    5 19.640625 0.445557 -0.155884 -3.110697 -0.265014 1.495667
    6 0.015686 -10.796875 66.625000 0.000000 0.000000 0.000000
    7 25.500000 6.121094 74.562500 2.876375 -0.019554 -0.071299
    8 4.093750 -12.898438 -54.187500 0.000000 0.000000 0.000000
    9 36.093750 0.139771 0.183838 -3.141593 0.000000 -3.141593
    10 19.562500 0.449951 0.159302 -0.024235 0.265132 1.494182
    11 25.343750 9.476563 -60.000000 0.007113 -0.265133 -1.647399
    12 -19.270480 -54.398823 -9.013677 0.207190 -1.244040 0.923457
    13 -16.015625 9.289063 50.312500 0.000000 0.000000 0.000000
    14 0.019745 5.535156 -0.213135 0.000000 -1.570796 -1.570796
    15 0.000002 0.000002 0.000000 0.000000 0.000000 0.000000
    16 5.378906 8.585938 27.375000 -1.230457 0.000000 0.000000
    17 -32.968750 -14.375000 74.875000 0.000000 0.000000 0.000000
    18 -0.000004 0.207031 -0.009148 0.000000 0.000000 0.000000
    19 -6.250000 0.000002 0.000000 0.000000 0.000000 0.000000
    20 -13.601563 -14.679688 84.437500 -1.655486 0.445706 -2.888000
    21 10.992188 -2.070313 1.356445 -1.940749 -0.170989 2.830772
    22 32.968750 -14.375000 74.875000 -3.141593 0.000000 3.141593
    23 0.000000 0.207031 0.009140 0.000000 0.000000 0.000000
    24 -6.250000 -0.000002 0.000004 0.000000 0.000000 0.000000
    25 13.601563 -14.679688 84.437500 -0.057762 0.445706 -0.253592
    26 11.039063 -2.759766 2.041016 -0.263153 -0.211575 0.098239
    27 8.476563 9.398438 15.687500 -1.178097 0.000000 0.000000
    28 -9.953125 3.416016 -54.781250 0.000000 0.000000 0.000000
    29 19.640625 -0.436035 0.000000 0.000000 0.000000 0.000000
    30 -8.015625 0.036713 0.530762 1.570796 0.000000 1.570796
  time 40
    0 -33.687500 -0.000004 32.312500 1.570792 0.002895 1.567901
    1 -25.390625 9.476563 -60.000000 0.007332 -0.264982 -1.495667
    2 -25.500000 6.121094 74.562500 0.268790 0.005622 -3.065400
    3 -4.093750 -12.898438 -54.187500 -3.141593 0.000000 -3.141593
    4 36.093750 0.139771 -0.183838 -3.141593 0.000000 3.141593
    5 19.640625 0.445557 -0.155884 -3.110697 -0.265014 1.495667
    6 0.015686 -10.796875 66.625000 0.000000 0.000000 0.000000
    7 25.500000 6.121094 74.562500 2.876375 -0.019554 -0.071299
    8 4.093750 -12.898438 -54.187500 0.000000 0.000000 0.000000
    9 36.093750 0.139771 0.183838 -3.141593 0.000000 -3.141593
    10 19.562500 0.449951 0.159302 -0.024235 0.265132 1.494182
    11 25.343750 9.476563 -60.000000 0.007113 -0.265133 -1.647399
    12 -17.137602 -56.406697 -9.345718 0.191466 -1.246364 1.003703
    13 -16.015625 9.289063 50.312500 0.000000 0.000000 0.000000
    14 0.019745 5.535156 -0.213135 0.000000 -1.570796 -1.570796
    15 0.000002 0.000002 0.000000 0.000000 0.000000 0.000000
    16 5.378906 8.585938 27.375000 -1.230457 0.000000 0.000000
    17 -32.968750 -14.375000 74.875000 0.000000 0.000000 0.000000
    18 -0.000004 0.207031 -0.009148 0.000000 0.000000 0.000000
    19 -6.250000 0.000002 0.000000 0.000000 0.000000 0.000000
    20 -13.601563 -14.679688 84.437500 -1.655486 0.445706 -2.888000
    21 10.992188 -2.070313 1.356445 -1.940749 -0.170989 2.830772
    22 32.968750 -14.375000 74.875000 -3.141593 0.000000 3.141593
    23 0.000000 0.207031 0.009140 0.000000 0.000000 0.000000
    24 -6.250000 -0.000002 0.000004 0.000000 0.000000 0.000000
    25 13.601563 -14.679688 84.437500 -0.057762 0.445706 -0.253592
    26 11.039063 -2.759766 2.041016 -0.263153 -0.211575 0.098239
    27 8.476563 9.398438 15.687500 -1.178097 0.000000 0.000000
    28 -9.953125 3.416016 -54.781250 0.000000 0.000000 0.000000
    29 19.640625 -0.436035 0.000000 0.000000 0.000000 0.000000
    30 -8.015625 0.036713 0.530762 1.570796 0.000000 1.570796
  time 41
    0 -33.687500 -0.000004 32.312500 1.570792 0.002895 1.567901
    1 -25.390625 9.476563 -60.000000 0.007332 -0.264982 -1.495667
    2 -25.500000 6.121094 74.562500 0.268790 0.005622 -3.065400
    3 -4.093750 -12.898438 -54.187500 -3.141593 0.000000 -3.141593
    4 36.093750 0.139771 -0.183838 -3.141593 0.000000 3.141593
    5 19.640625 0.445557 -0.155884 -3.110697 -0.265014 1.495667
    6 0.015686 -10.796875 66.625000 0.000000 0.000000 0.000000
    7 25.500000 6.121094 74.562500 2.876375 -0.019554 -0.071299
    8 4.093750 -12.898438 -54.187500 0.000000 0.000000 0.000000
    9 36.093750 0.139771 0.183838 -3.141593 0.000000 -3.141593
    10 19.562500 0.449951 0.159302 -0.024235 0.265132 1.494182
    11 25.343750 9.476563 -60.000000 0.007113 -0.265133 -1.647399
    12 -15.016443 -58.320817 -9.650415 0.172482 -1.246131 1.083087
    13 -16.015625 9.289063 50.312500 0.000000 0.000000 0.000000
    14 0.019745 5.535156 -0.213135 0.000000 -1.570796 -1.570796
    15 0.000002 0.000002 0.000000 0.000000 0.000000 0.000000
    16 5.378906 8.585938 27.375000 -1.230457 0.000000 0.000000
    17 -32.968750 -14.375000 74.875000 0.000000 0.000000 0.000000
    18 -0.000004 0.207031 -0.009148 0.000000 0.000000 0.000000
    19 -6.250000 0.000002 0.000000 0.000000 0.000000 0.000000
    20 -13.601563 -14.679688 84.437500 -1.655486 0.445706 -2.888000
    21 10.992188 -2.070313 1.356445 -1.940749 -0.170989 2.830772
    22 32.968750 -14.375000 74.875000 -3.141593 0.000000 3.141593
    23 0.000000 0.207031 0.009140 0.000000 0.000000 0.000000
    24 -6.250000 -0.000002 0.000004 0.000000 0.000000 0.000000
    25 13.601563 -14.679688 84.437500 -0.057762 0.445706 -0.253592
    26 11.039063 -2.759766 2.041016 -0.263153 -0.211575 0.098239
    27 8.476563 9.398438 15.687500 -1.178097 0.000000 0.000000
    28 -9.953125 3.416016 -54.781250 0.000000 0.000000 0.000000
    29 19.640625 -0.436035 0.000000 0.000000 0.000000 0.000000
    30 -8.015625 0.036713 0.530762 1.570796 0.000000 1.570796
  time 42
    0 -33.687500 -0.000004 32.312500 1.570792 0.002895 1.567901
    1 -25.390625 9.476563 -60.000000 0.007332 -0.264982 -1.495667
    2 -25.500000 6.121094 74.562500 0.268790 0.005622 -3.065400
    3 -4.093750 -12.898438 -54.187500 -3.141593 0.000000 -3.141593
    4 36.093750 0.139771 -0.183838 -3.141593 0.000000 3.141593
    5 19.640625 0.445557 -0.155884 -3.110697 -0.265014 1.495667
    6 0.015686 -10.796875 66.625000 0.000000 0.000000 0.000000
    7 25.500000 6.121094 74.562500 2.876375 -0.019554 -0.071299
    8 4.093750 -12.898438 -54.187500 0.000000 0.000000 0.000000
    9 36.093750 0.139771 0.183838 -3.141593 0.000000 -3.141593
    10 19.562500 0.449951 0.159302 -0.024235 0.265132 1.494182
    11 25.343750 9.476563 -60.000000 0.007113 -0.265133 -1.647399
    12 -12.934349 -60.141186 -9.939486 0.151198 -1.243497 1.160361
    13 -16.015625 9.289063 50.312500 0.000000 0.000000 0.000000
    14 0.019745 5.535156 -0.213135 0.000000 -1.570796 -1.570796
    15 0.000002 0.000002 0.000000 0.000000 0.000000 0.000000
    16 5.378906 8.585938 27.375000 -1.230457 0.000000 0.000000
    17 -32.968750 -14.375000 74.875000 0.000000 0.000000 0.000000
    18 -0.000004 0.207031 -0.009148 0.000000 0.000000 0.000000
    19 -6.250000 0.000002 0.000000 0.000000 0.000000 0.000000
    20 -13.601563 -14.679688 84.437500 -1.655486 0.445706 -2.888000
    21 10.992188 -2.070313 1.356445 -1.940749 -0.170989 2.830772
    22 32.968750 -14.375000 74.875000 -3.141593 0.000000 3.141593
    23 0.000000 0.207031 0.009140 0.000000 0.000000 0.000000
    24 -6.250000 -0.000002 0.000004 0.000000 0.000000 0.000000
    25 13.601563 -14.679688 84.437500 -0.057762 0.445706 -0.253592
    26 11.039063 -2.759766 2.041016 -0.263153 -0.211575 0.098239
    27 8.476563 9.398438 15.687500 -1.178097 0.000000 0.000000
    28 -9.953125 3.416016 -54.781250 0.000000 0.000000 0.000000
    29 19.640625 -0.436035 0.000000 0.000000 0.000000 0.000000
    30 -8.015625 0.036713 0.530762 1.570796 0.000000 1.570796
  time 43
    0 -33.687500 -0.000004 32.312500 1.570792 0.002895 1.567901
    1 -25.390625 9.476563 -60.000000 0.007332 -0.264982 -1.495667
    2 -25.500000 6.121094 74.562500 0.268790 0.005622 -3.065400
    3 -4.093750 -12.898438 -54.187500 -3.141593 0.000000 -3.141593
    4 36.093750 0.139771 -0.183838 -3.141593 0.000000 3.141593
    5 19.640625 0.445557 -0.155884 -3.110697 -0.265014 1.495667
    6 0.015686 -10.796875 66.625000 0.000000 0.000000 0.000000
    7 25.500000 6.121094 74.562500 2.876375 -0.019554 -0.071299
    8 4.093750 -12.898438 -54.187500 0.000000 0.000000 0.000000
    9 36.093750 0.139771 0.183838 -3.141593 0.000000 -3.141593
    10 19.562500 0.449951 0.159302 -0.024235 0.265132 1.494182
    11 25.343750 9.476563 -60.000000 0.007113 -0.265133 -1.647399
    12 -10.906943 -61.863894 -10.197307 0.128858 -1.238849 1.233992
    13 -16.015625 9.289063 50.312500 0.000000 0.000000 0.000000
    14 0.019745 5.535156 -0.213135 0.000000 -1.570796 -1.570796
    15 0.000002 0.000002 0.000000 0.000000 0.000000 0.000000
    16 5.378906 8.585938 27.375000 -1.230457 0.000000 0.000000
    17 -32.968750 -14.375000 74.875000 0.000000 0.000000 0.000000
    18 -0.000004 0.207031 -0.009148 0.000000 0.000000 0.000000
    19 -6.250000 0.000002 0.000000 0.000000 0.000000 0.000000
    20 -13.601563 -14.679688 84.437500 -1.655486 0.445706 -2.888000
    21 10.992188 -2.070313 1.356445 -1.940749 -0.170989 2.830772
    22 32.968750 -14.375000 74.875000 -3.141593 0.000000 3.141593
    23 0.000000 0.207031 0.009140 0.000000 0.000000 0.000000
    24 -6.250000 -0.000002 0.000004 0.000000 0.000000 0.000000
    25 13.601563 -14.679688 84.437500 -0.057762 0.445706 -0.253592
    26 11.039063 -2.759766 2.041016 -0.263153 -0.211575 0.098239
    27 8.476563 9.398438 15.687500 -1.178097 0.000000 0.000000
    28 -9.953125 3.416016 -54.781250 0.000000 0.000000 0.000000
    29 19.640625 -0.436035 0.000000 0.000000 0.000000 0.000000
    30 -8.015625 0.036713 0.530762 1.570796 0.000000 1.570796
  time 44
    0 -33.687500 -0.000004 32.312500 1.570792 0.002895 1.567901
    1 -25.390625 9.476563 -60.000000 0.007332 -0.264982 -1.495667
    2 -25.500000 6.121094 74.562500 0.268790 0.005622 -3.065400
    3 -4.093750 -12.898438 -54.187500 -3.141593 0.000000 -3.141593
    4 36.093750 0.139771 -0.183838 -3.141593 0.000000 3.141593
    5 19.640625 0.445557 -0.155884 -3.110697 -0.265014 1.495667
    6 0.015686 -10.796875 66.625000 0.000000 0.000000 0.000000
    7 25.500000 6.121094 74.562500 2.876375 -0.019554 -0.071299
    8 4.093750 -12.898438 -54.187500 0.000000 0.000000 0.000000
    9 36.093750 0.139771 0.183838 -3.141593 0.000000 -3.141593
    10 19.562500 0.449951 0.159302 -0.024235 0.265132 1.494182
    11 25.343750 9.476563 -60.000000 0.007113 -0.265133 -1.647399
    12 -8.942039 -63.485038 -10.439501 0.106327 -1.232342 1.302926
    13 -16.015625 9.289063 50.312500 0.000000 0.000000 0.000000
    14 0.019745 5.535156 -0.213135 0.000000 -1.570796 -1.570796
    15 0.000002 0.000002 0.000000 0.000000 0.000000 0.000000
    16 5.378906 8.585938 27.375000 -1.230457 0.000000 0.000000
    17 -32.968750 -14.375000 74.875000 0.000000 0.000000 0.000000
    18 -0.000004 0.207031 -0.009148 0.000000 0.000000 0.000000
    19 -6.250000 0.000002 0.000000 0.000000 0.000000 0.000000
    20 -13.601563 -14.679688 84.437500 -1.655486 0.445706 -2.888000
    21 10.992188 -2.070313 1.356445 -1.940749 -0.170989 2.830772
    22 32.968750 -14.375000 74.875000 -3.141593 0.000000 3.141593
    23 0.000000 0.207031 0.009140 0.000000 0.000000 0.000000
    24 -6.250000 -0.000002 0.000004 0.000000 0.000000 0.000000
    25 13.601563 -14.679688 84.437500 -0.057762 0.445706 -0.253592
    26 11.039063 -2.759766 2.041016 -0.263153 -0.211575 0.098239
    27 8.476563 9.398438 15.687500 -1.178097 0.000000 0.000000
    28 -9.953125 3.416016 -54.781250 0.000000 0.000000 0.000000
    29 19.640625 -0.436035 0.000000 0.000000 0.000000 0.000000
    30 -8.015625 0.036713 0.530762 1.570796 0.000000 1.570796
  time 45
    0 -33.687500 -0.000004 32.312500 1.570792 0.002895 1.567901
    1 -25.390625 9.476563 -60.000000 0.007332 -0.264982 -1.495667
    2 -25.500000 6.121094 74.562500 0.268790 0.005622 -3.065400
    3 -4.093750 -12.898438 -54.187500 -3.141593 0.000000 -3.141593
    4 36.093750 0.139771 -0.183838 -3.141593 0.000000 3.141593
    5 19.640625 0.445557 -0.155884 -3.110697 -0.265014 1.495667
    6 0.015686 -10.796875 66.625000 0.000000 0.000000 0.000000
    7 25.500000 6.121094 74.562500 2.876375 -0.019554 -0.071299
    8 4.093750 -12.898438 -54.187500 0.000000 0.000000 0.000000
    9 36.093750 0.139771 0.183838 -3.141593 0.000000 -3.141593
    10 19.562500 0.449951 0.159302 -0.024235 0.265132 1.494182
    11 25.343750 9.476563 -60.000000 0.007113 -0.265133 -1.647399
    12 -7.070889 -64.996802 -10.654352 0.084467 -1.224131 1.365819
    13 -16.015625 9.289063 50.312500 0.000000 0.000000 0.000000
    14 0.019745 5.535156 -0.213135 0.000000 -1.570796 -1.570796
    15 0.000002 0.000002 0.000000 0.000000 0.000000 0.000000
    16 5.378906 8.585938 27.375000 -1.230457 0.000000 0.000000
    17 -32.968750 -14.375000 74.875000 0.000000 0.000000 0.000000
    18 -0.000004 0.207031 -0.009148 0.000000 0.000000 0.000000
    19 -6.250000 0.000002 0.000000 0.000000 0.000000 0.000000
    20 -13.601563 -14.679688 84.437500 -1.655486 0.445706 -2.888000
    21 10.992188 -2.070313 1.356445 -1.940749 -0.170989 2.830772
    22 32.968750 -14.375000 74.875000 -3.141593 0.000000 3.141593
    23 0.000000 0.207031 0.009140 0.000000 0.000000 0.000000
    24 -6.250000 -0.000002 0.000004 0.000000 0.000000 0.000000
    25 13.601563 -14.679688 84.437500 -0.057762 0.445706 -0.253592
    26 11.039063 -2.759766 2.041016 -0.263153 -0.211575 0.098239
    27 8.476563 9.398438 15.687500 -1.178097 0.000000 0.000000
    28 -9.953125 3.416016 -54.781250 0.000000 0.000000 0.000000
    29 19.640625 -0.436035 0.000000 0.000000 0.000000 0.000000
    30 -8.015625 0.036713 0.530762 1.570796 0.000000 1.570796
  time 46
    0 -33.687500 -0.000004 32.312500 1.570792 0.002895 1.567901
    1 -25.390625 9.476563 -60.000000 0.007332 -0.264982 -1.495667
    2 -25.500000 6.121094 74.562500 0.268790 0.005622 -3.065400
    3 -4.093750 -12.898438 -54.187500 -3.141593 0.000000 -3.141593
    4 36.093750 0.139771 -0.183838 -3.141593 0.000000 3.141593
    5 19.640625 0.445557 -0.155884 -3.110697 -0.265014 1.495667
    6 0.015686 -10.796875 66.625000 0.000000 0.000000 0.000000
    7 25.500000 6.121094 74.562500 2.876375 -0.019554 -0.071299
    8 4.093750 -12.898438 -54.187500 0.000000 0.000000 0.000000
    9 36.093750 0.139771 0.183838 -3.141593 0.000000 -3.141593
    10 19.562500 0.449951 0.159302 -0.024235 0.265132 1.494182
    11 25.343750 9.476563 -60.000000 0.007113 -0.265133 -1.647399
    12 -5.316929 -66.387470 -10.849670 0.064237 -1.215067 1.421617
    13 -16.015625 9.289063 50.312500 0.000000 0.000000 0.000000
    14 0.019745 5.535156 -0.213135 0.000000 -1.570796 -1.570796
    15 0.000002 0.000002 0.000000 0.000000 0.000000 0.000000
    16 5.378906 8.585938 27.375000 -1.230457 0.000000 0.000000
    17 -32.968750 -14.375000 74.875000 0.000000 0.000000 0.000000
    18 -0.000004 0.207031 -0.009148 0.000000 0.000000 0.000000
    19 -6.250000 0.000002 0.000000 0.000000 0.000000 0.000000
    20 -13.601563 -14.679688 84.437500 -1.655486 0.445706 -2.888000
    21 10.992188 -2.070313 1.356445 -1.940749 -0.170989 2.830772
    22 32.968750 -14.375000 74.875000 -3.141593 0.000000 3.141593
    23 0.000000 0.207031 0.009140 0.000000 0.000000 0.000000
    24 -6.250000 -0.000002 0.000004 0.000000 0.000000 0.000000
    25 13.601563 -14.679688 84.437500 -0.057762 0.445706 -0.253592
    26 11.039063 -2.759766 2.041016 -0.263153 -0.211575 0.098239
    27 8.476563 9.398438 15.687500 -1.178097 0.000000 0.000000
    28 -9.953125 3.416016 -54.781250 0.000000 0.000000 0.000000
    29 19.640625 -0.436035 0.000000 0.000000 0.000000 0.000000
    30 -8.015625 0.036713 0.530762 1.570796 0.000000 1.570796
  time 47
    0 -33.687500 -0.000004 32.312500 1.570792 0.002895 1.567901
    1 -25.390625 9.476563 -60.000000 0.007332 -0.264982 -1.495667
    2 -25.500000 6.121094 74.562500 0.268790 0.005622 -3.065400
    3 -4.093750 -12.898438 -54.187500 -3.141593 0.000000 -3.141593
    4 36.093750 0.139771 -0.183838 -3.141593 0.000000 3.141593
    5 19.640625 0.445557 -0.155884 -3.110697 -0.265014 1.495667
    6 0.015686 -10.796875 66.625000 0.000000 0.000000 0.000000
    7 25.500000 6.121094 74.562500 2.876375 -0.019554 -0.071299
    8 4.093750 -12.898438 -54.187500 0.000000 0.000000 0.000000
    9 36.093750 0.139771 0.183838 -3.141593 0.000000 -3.141593
    10 19.562500 0.449951 0.159302 -0.024235 0.265132 1.494182
    11 25.343750 9.476563 -60.000000 0.007113 -0.265133 -1.647399
    12 -3.711411 -67.637508 -11.017644 0.045829 -1.206158 1.469746
    13 -16.015625 9.289063 50.312500 0.000000 0.000000 0.000000
    14 0.019745 5.535156 -0.213135 0.000000 -1.570796 -1.570796
    15 0.000002 0.000002 0.000000 0.000000 0.000000 0.000000
    16 5.378906 8.585938 27.375000 -1.230457 0.000000 0.000000
    17 -32.968750 -14.375000 74.875000 0.000000 0.000000 0.000000
    18 -0.000004 0.207031 -0.009148 0.000000 0.000000 0.000000
    19 -6.250000 0.000002 0.000000 0.000000 0.000000 0.000000
    20 -13.601563 -14.679688 84.437500 -1.655486 0.445706 -2.888000
    21 10.992188 -2.070313 1.356445 -1.940749 -0.170989 2.830772
    22 32.968750 -14.375000 74.875000 -3.141593 0.000000 3.141593
    23 0.000000 0.207031 0.009140 0.000000 0.000000 0.000000
    24 -6.250000 -0.000002 0.000004 0.000000 0.000000 0.000000
    25 13.601563 -14.679688 84.437500 -0.057762 0.445706 -0.253592
    26 11.039063 -2.759766 2.041016 -0.263153 -0.211575 0.098239
    27 8.476563 9.398438 15.687500 -1.178097 0.000000 0.000000
    28 -9.953125 3.416016 -54.781250 0.000000 0.000000 0.000000
    29 19.640625 -0.436035 0.000000 0.000000 0.000000 0.000000
    30 -8.015625 0.036713 0.530762 1.570796 0.000000 1.570796
  time 48
    0 -33.687500 -0.000004 32.312500 1.570792 0.002895 1.567901
    1 -25.390625 9.476563 -60.000000 0.007332 -0.264982 -1.495667
    2 -25.500000 6.121094 74.562500 0.268790 0.005622 -3.065400
    3 -4.093750 -12.898438 -54.187500 -3.141593 0.000000 -3.141593
    4 36.093750 0.139771 -0.183838 -3.141593 0.000000 3.141593
    5 19.640625 0.445557 -0.155884 -3.110697 -0.265014 1.495667
    6 0.015686 -10.796875 66.625000 0.000000 0.000000 0.000000
    7 25.500000 6.121094 74.562500 2.876375 -0.019554 -0.071299
    8 4.093750 -12.898438 -54.187500 0.000000 0.000000 0.000000
    9 36.093750 0.139771 0.183838 -3.141593 0.000000 -3.141593
    10 19.562500 0.449951 0.159302 -0.024235 0.265132 1.494182
    11 25.343750 9.476563 -60.000000 0.007113 -0.265133 -1.647399
    12 -2.297305 -68.723479 -11.162180 0.029434 -1.197947 1.509725
    13 -16.015625 9.289063 50.312500 0.000000 0.000000 0.000000
    14 0.019745 5.535156 -0.213135 0.000000 -1.570796 -1.570796
    15 0.000002 0.000002 0.000000 0.000000 0.000000 0.000000
    16 5.378906 8.585938 27.375000 -1.230457 0.000000 0.000000
    17 -32.968750 -14.375000 74.875000 0.000000 0.000000 0.000000
    18 -0.000004 0.207031 -0.009148 0.000000 0.000000 0.000000
    19 -6.250000 0.000002 0.000000 0.000000 0.000000 0.000000
    20 -13.601563 -14.679688 84.437500 -1.655486 0.445706 -2.888000
    21 10.992188 -2.070313 1.356445 -1.940749 -0.170989 2.830772
    22 32.968750 -14.375000 74.875000 -3.141593 0.000000 3.141593
    23 0.000000 0.207031 0.009140 0.000000 0.000000 0.000000
    24 -6.250000 -0.000002 0.000004 0.000000 0.000000 0.000000
    25 13.601563 -14.679688 84.437500 -0.057762 0.445706 -0.253592
    26 11.039063 -2.759766 2.041016 -0.263153 -0.211575 0.098239
    27 8.476563 9.398438 15.687500 -1.178097 0.000000 0.000000
    28 -9.953125 3.416016 -54.781250 0.000000 0.000000 0.000000
    29 19.640625 -0.436035 0.000000 0.000000 0.000000 0.000000
    30 -8.015625 0.036713 0.530762 1.570796 0.000000 1.570796
  time 49
    0 -33.687500 -0.000004 32.312500 1.570792 0.002895 1.567901
    1 -25.390625 9.476563 -60.000000 0.007332 -0.264982 -1.495667
    2 -25.500000 6.121094 74.562500 0.268790 0.005622 -3.065400
    3 -4.093750 -12.898438 -54.187500 -3.141593 0.000000 -3.141593
    4 36.093750 0.139771 -0.183838 -3.141593 0.000000 3.141593
    5 19.640625 0.445557 -0.155884 -3.110697 -0.265014 1.495667
    6 0.015686 -10.796875 66.625000 0.000000 0.000000 0.000000
    7 25.500000 6.121094 74.562500 2.876375 -0.019554 -0.071299
    8 4.093750 -12.898438 -54.187500 0.000000 0.000000 0.000000
    9 36.093750 0.139771 0.183838 -3.141593 0.000000 -3.141593
    10 19.562500 0.449951 0.159302 -0.024235 0.265132 1.494182
    11 25.343750 9.476563 -60.000000 0.007113 -0.265133 -1.647399
    12 -1.137114 -69.606318 -11.279371 0.015340 -1.190975 1.541076
    13 -16.015625 9.289063 50.312500 0.000000 0.000000 0.000000
    14 0.019745 5.535156 -0.213135 0.000000 -1.570796 -1.570796
    15 0.000002 0.000002 0.000000 0.000000 0.000000 0.000000
    16 5.378906 8.585938 27.375000 -1.230457 0.000000 0.000000
    17 -32.968750 -14.375000 74.875000 0.000000 0.000000 0.000000
    18 -0.000004 0.207031 -0.009148 0.000000 0.000000 0.000000
    19 -6.250000 0.000002 0.000000 0.000000 0.000000 0.000000
    20 -13.601563 -14.679688 84.437500 -1.655486 0.445706 -2.888000
    21 10.992188 -2.070313 1.356445 -1.940749 -0.170989 2.830772
    22 32.968750 -14.375000 74.875000 -3.141593 0.000000 3.141593
    23 0.000000 0.207031 0.009140 0.000000 0.000000 0.000000
    24 -6.250000 -0.000002 0.000004 0.000000 0.000000 0.000000
    25 13.601563 -14.679688 84.437500 -0.057762 0.445706 -0.253592
    26 11.039063 -2.759766 2.041016 -0.263153 -0.211575 0.098239
    27 8.476563 9.398438 15.687500 -1.178097 0.000000 0.000000
    28 -9.953125 3.416016 -54.781250 0.000000 0.000000 0.000000
    29 19.640625 -0.436035 0.000000 0.000000 0.000000 0.000000
    30 -8.015625 0.036713 0.530762 1.570796 0.000000 1.570796
  time 50
    0 -33.687500 -0.000004 32.312500 1.570792 0.002895 1.567901
    1 -25.390625 9.476563 -60.000000 0.007332 -0.264982 -1.495667
    2 -25.500000 6.121094 74.562500 0.268790 0.005622 -3.065400
    3 -4.093750 -12.898438 -54.187500 -3.141593 0.000000 -3.141593
    4 36.093750 0.139771 -0.183838 -3.141593 0.000000 3.141593
    5 19.640625 0.445557 -0.155884 -3.110697 -0.265014 1.495667
    6 0.015686 -10.796875 66.625000 0.000000 0.000000 0.000000
    7 25.500000 6.121094 74.562500 2.876375 -0.019554 -0.071299
    8 4.093750 -12.898438 -54.187500 0.000000 0.000000 0.000000
    9 36.093750 0.139771 0.183838 -3.141593 0.000000 -3.141593
    10 19.562500 0.449951 0.159302 -0.024235 0.265132 1.494182
    11 25.343750 9.476563 -60.000000 0.007113 -0.265133 -1.647399
    12 -0.320683 -70.219618 -11.357498 0.004506 -1.185939 1.562360
    13 -16.015625 9.289063 50.312500 0.000000 0.000000 0.000000
    14 0.019745 5.535156 -0.213135 0.000000 -1.570796 -1.570796
    15 0.000002 0.000002 0.000000 0.000000 0.000000 0.000000
    16 5.378906 8.585938 27.375000 -1.230457 0.000000 0.000000
    17 -32.968750 -14.375000 74.875000 0.000000 0.000000 0.000000
    18 -0.000004 0.207031 -0.009148 0.000000 0.000000 0.000000
    19 -6.250000 0.000002 0.000000 0.000000 0.000000 0.000000
    20 -13.601563 -14.679688 84.437500 -1.655486 0.445706 -2.888000
    21 10.992188 -2.070313 1.356445 -1.940749 -0.170989 2.830772
    22 32.968750 -14.375000 74.875000 -3.141593 0.000000 3.141593
    23 0.000000 0.207031 0.009140 0.000000 0.000000 0.000000
    24 -6.250000 -0.000002 0.000004 0.000000 0.000000 0.000000
    25 13.601563 -14.679688 84.437500 -0.057762 0.445706 -0.253592
    26 11.039063 -2.759766 2.041016 -0.263153 -0.211575 0.098239
    27 8.476563 9.398438 15.687500 -1.178097 0.000000 0.000000
    28 -9.953125 3.416016 -54.781250 0.000000 0.000000 0.000000
    29 19.640625 -0.436035 0.000000 0.000000 0.000000 0.000000
    30 -8.015625 0.036713 0.530762 1.570796 0.000000 1.570796
  time 51
    0 -33.687500 -0.000004 32.312500 1.570792 0.002895 1.567901
    1 -25.390625 9.476563 -60.000000 0.007332 -0.264982 -1.495667
    2 -25.500000 6.121094 74.562500 0.268790 0.005622 -3.065400
    3 -4.093750 -12.898438 -54.187500 -3.141593 0.000000 -3.141593
    4 36.093750 0.139771 -0.183838 -3.141593 0.000000 3.141593
    5 19.640625 0.445557 -0.155884 -3.110697 -0.265014 1.495667
    6 0.015686 -10.796875 66.625000 0.000000 0.000000 0.000000
    7 25.500000 6.121094 74.562500 2.876375 -0.019554 -0.071299
    8 4.093750 -12.898438 -54.187500 0.000000 0.000000 0.000000
    9 36.093750 0.139771 0.183838 -3.141593 0.000000 -3.141593
    10 19.562500 0.449951 0.159302 -0.024235 0.265132 1.494182
    11 25.343750 9.476563 -60.000000 0.007113 -0.265133 -1.647399
    12 0.003546 -70.465719 -11.384843 0.000000 -1.183848 1.570701
    13 -16.015625 9.289063 50.312500 0.000000 0.000000 0.000000
    14 0.019745 5.535156 -0.213135 0.000000 -1.570796 -1.570796
    15 0.000002 0.000002 0.000000 0.000000 0.000000 0.000000
    16 5.378906 8.585938 27.375000 -1.230457 0.000000 0.000000
    17 -32.968750 -14.375000 74.875000 0.000000 0.000000 0.000000
    18 -0.000004 0.207031 -0.009148 0.000000 0.000000 0.000000
    19 -6.250000 0.000002 0.000000 0.000000 0.000000 0.000000
    20 -13.601563 -14.679688 84.437500 -1.655486 0.445706 -2.888000
    21 10.992188 -2.070313 1.356445 -1.940749 -0.170989 2.830772
    22 32.968750 -14.375000 74.875000 -3.141593 0.000000 3.141593
    23 0.000000 0.207031 0.009140 0.000000 0.000000 0.000000
    24 -6.250000 -0.000002 0.000004 0.000000 0.000000 0.000000
    25 13.601563 -14.679688 84.437500 -0.057762 0.445706 -0.253592
    26 11.039063 -2.759766 2.041016 -0.263153 -0.211575 0.098239
    27 8.476563 9.398438 15.687500 -1.178097 0.000000 0.000000
    28 -9.953125 3.416016 -54.781250 0.000000 0.000000 0.000000
    29 19.640625 -0.436035 0.000000 0.000000 0.000000 0.000000
    30 -8.015625 0.036713 0.530762 1.570796 0.000000 1.570796
end
